ISO-10303-21;
HEADER;
FILE_DESCRIPTION(('Open CASCADE Model'),'2;1');
FILE_NAME('Open CASCADE Shape Model','2026-09-08T23:20:57',('Author'),(
    'Open CASCADE'),'Open CASCADE STEP processor 7.9','Open CASCADE 7.9'
  ,'Unknown');
FILE_SCHEMA(('AUTOMOTIVE_DESIGN { 1 0 10303 214 1 1 1 1 }'));
ENDSEC;
DATA;
#1 = APPLICATION_PROTOCOL_DEFINITION('international standard',
  'automotive_design',2000,#2);
#2 = APPLICATION_CONTEXT(
  'core data for automotive mechanical design processes');
#3 = SHAPE_DEFINITION_REPRESENTATION(#4,#10);
#4 = PRODUCT_DEFINITION_SHAPE('','',#5);
#5 = PRODUCT_DEFINITION('design','',#6,#9);
#6 = PRODUCT_DEFINITION_FORMATION('','',#7);
#7 = PRODUCT('Open CASCADE STEP translator 7.9 3',
  'Open CASCADE STEP translator 7.9 3','',(#8));
#8 = PRODUCT_CONTEXT('',#2,'mechanical');
#9 = PRODUCT_DEFINITION_CONTEXT('part definition',#2,'design');
#10 = ADVANCED_BREP_SHAPE_REPRESENTATION('',(#11,#15),#7025);
#11 = AXIS2_PLACEMENT_3D('',#12,#13,#14);
#12 = CARTESIAN_POINT('',(0.,0.,0.));
#13 = DIRECTION('',(0.,0.,1.));
#14 = DIRECTION('',(1.,0.,-0.));
#15 = MANIFOLD_SOLID_BREP('',#16);
#16 = CLOSED_SHELL('',(#17,#426,#1833,#2018,#3223,#3249,#3308,#3315,
    #3599,#3737,#3877,#4159,#5053,#5837,#5896,#5900,#5959,#5963,#6022,
    #6026,#6085,#6089,#6195,#6680,#6736,#6740,#6795,#6799,#6855,#6859,
    #6886,#6912,#6965,#7013));
#17 = ADVANCED_FACE('',(#18),#65,.F.);
#18 = FACE_BOUND('',#19,.F.);
#19 = EDGE_LOOP('',(#20,#224,#260,#389));
#20 = ORIENTED_EDGE('',*,*,#21,.F.);
#21 = EDGE_CURVE('',#22,#24,#26,.T.);
#22 = VERTEX_POINT('',#23);
#23 = CARTESIAN_POINT('',(-11.04090871408,18.449783261952,
    -3.637432107821));
#24 = VERTEX_POINT('',#25);
#25 = CARTESIAN_POINT('',(-11.10153204946,20.015082510338,
    -2.595581175676));
#26 = SURFACE_CURVE('',#27,(#64,#144),.PCURVE_S1.);
#27 = ( BOUNDED_CURVE() B_SPLINE_CURVE(3,(#28,#29,#30,#31,#32,#33,#34,
    #35,#36,#37,#38,#39,#40,#41,#42,#43,#44,#45,#46,#47,#48,#49,#50,#51,
    #52,#53,#54,#55,#56,#57,#58,#59,#60,#61,#62,#63),.UNSPECIFIED.,.F.,
.F.) B_SPLINE_CURVE_WITH_KNOTS((4,1,1,1,1,1,1,1,1,1,1,1,1,1,1,1,1,1,1,1,
    1,1,1,1,1,1,1,1,1,1,1,1,1,4),(0.,2.868815488744E-02,
    5.737350739572E-02,8.60561159651E-02,0.114736038554,0.143413376946,
    0.172103703869,0.20084829656,0.229673919698,0.258593491558,
    0.28760818271,0.316709513502,0.34588140874,0.375102192653,
    0.404346525565,0.433727564529,0.463511629906,0.49372056664,
    0.524340619507,0.555333123051,0.5866399567,0.618188396286,
    0.649895434928,0.681671694686,0.71343500642,0.746455089112,
    0.78138823884,0.817483760254,0.85380329857,0.889376590485,
    0.923343848625,0.955144200918,0.984817405995,1.),.UNSPECIFIED.) 
CURVE() GEOMETRIC_REPRESENTATION_ITEM() RATIONAL_B_SPLINE_CURVE((1.,
    0.999999999977,1.000000000011,0.999999999997,1.000000000001,1.,1.,1.
    ,1.,1.,1.,1.,1.,1.,1.,1.,1.,1.,1.,1.,1.,1.,1.,1.,1.,1.,1.,1.,1.,1.,
    1.,1.,0.999999999999,1.000000000003,0.999999999996,1.)) 
REPRESENTATION_ITEM('') );
#28 = CARTESIAN_POINT('',(-10.05188727175,1.3,-8.55));
#29 = CARTESIAN_POINT('',(-10.06738735984,1.504979917872,-8.55440728071)
  );
#30 = CARTESIAN_POINT('',(-10.09810496504,1.914788125886,-8.547970918126
    ));
#31 = CARTESIAN_POINT('',(-10.14337937132,2.529652258467,-8.550491440959
    ));
#32 = CARTESIAN_POINT('',(-10.18784141924,3.144487008454,-8.550063015866
    ));
#33 = CARTESIAN_POINT('',(-10.23149558482,3.759318219377,-8.549256668368
    ));
#34 = CARTESIAN_POINT('',(-10.27435564751,4.374305720633,-8.55291058806)
  );
#35 = CARTESIAN_POINT('',(-10.31643561652,4.989629489788,-8.532578984385
    ));
#36 = CARTESIAN_POINT('',(-10.35770030034,5.604740345267,-8.488081977933
    ));
#37 = CARTESIAN_POINT('',(-10.39815830083,6.219715188875,-8.42324431228)
  );
#38 = CARTESIAN_POINT('',(-10.43781307661,6.834559941696,-8.340801173778
    ));
#39 = CARTESIAN_POINT('',(-10.47666972406,7.449306342595,-8.24379353775)
  );
#40 = CARTESIAN_POINT('',(-10.51473182619,8.06396369191,-8.135093367408)
  );
#41 = CARTESIAN_POINT('',(-10.55200628299,8.678599958947,-8.017912695409
    ));
#42 = CARTESIAN_POINT('',(-10.58848701551,9.293062795789,-7.894246674376
    ));
#43 = CARTESIAN_POINT('',(-10.6242726377,9.90900000425,-7.770411671511)
  );
#44 = CARTESIAN_POINT('',(-10.65939363935,10.527043778532,-7.63532547326
    ));
#45 = CARTESIAN_POINT('',(-10.69354473265,11.141720253267,
    -7.457966846218));
#46 = CARTESIAN_POINT('',(-10.72692545223,11.756436858217,
    -7.251614422091));
#47 = CARTESIAN_POINT('',(-10.75951688787,12.370811549275,
    -7.018409172957));
#48 = CARTESIAN_POINT('',(-10.79133300832,12.985030531175,
    -6.763576730581));
#49 = CARTESIAN_POINT('',(-10.82237962007,13.599156967164,
    -6.491602049619));
#50 = CARTESIAN_POINT('',(-10.85265407255,14.213057874366,
    -6.206722844671));
#51 = CARTESIAN_POINT('',(-10.88219161644,14.827456641937,
    -5.914897453427));
#52 = CARTESIAN_POINT('',(-10.91088313895,15.439848595784,
    -5.615361052797));
#53 = CARTESIAN_POINT('',(-10.93957334124,16.06889190121,-5.32837034265)
  );
#54 = CARTESIAN_POINT('',(-10.96708344452,16.689154032001,
    -4.972168168098));
#55 = CARTESIAN_POINT('',(-10.99324285771,17.295544675181,
    -4.538334272681));
#56 = CARTESIAN_POINT('',(-11.01870389069,17.90259219062,-4.066935651574
    ));
#57 = CARTESIAN_POINT('',(-11.0434161362,18.509124338472,-3.587331078865
    ));
#58 = CARTESIAN_POINT('',(-11.06742530319,19.116159386471,
    -3.133033848232));
#59 = CARTESIAN_POINT('',(-11.09077328824,19.724814555194,
    -2.736333470868));
#60 = CARTESIAN_POINT('',(-11.11356133868,20.337870674668,
    -2.429521022967));
#61 = CARTESIAN_POINT('',(-11.13268673154,20.869667393993,
    -2.275640780608));
#62 = CARTESIAN_POINT('',(-11.14395605875,21.191439071321,
    -2.249789576315));
#63 = CARTESIAN_POINT('',(-11.14772265089,21.3,-2.25));
#64 = PCURVE('',#65,#138);
#65 = ( BOUNDED_SURFACE() B_SPLINE_SURFACE(1,3,(
    (#66,#67,#68,#69,#70,#71,#72,#73,#74,#75,#76,#77,#78,#79,#80,#81,#82
      ,#83,#84,#85,#86,#87,#88,#89,#90,#91,#92,#93,#94,#95,#96,#97,#98
      ,#99,#100,#101)
    ,(#102,#103,#104,#105,#106,#107,#108,#109,#110,#111,#112,#113,#114
      ,#115,#116,#117,#118,#119,#120,#121,#122,#123,#124,#125,#126,#127
      ,#128,#129,#130,#131,#132,#133,#134,#135,#136,#137
)),.UNSPECIFIED.,.F.,.F.,.F.) B_SPLINE_SURFACE_WITH_KNOTS((2,2),(4,1,1,1
    ,1,1,1,1,1,1,1,1,1,1,1,1,1,1,1,1,1,1,1,1,1,1,1,1,1,1,1,1,1,4),(0.,1.
    ),(0.,2.868815488744E-02,5.737350739572E-02,8.60561159651E-02,
    0.114736038554,0.143413376946,0.172103703869,0.20084829656,
    0.229673919698,0.258593491558,0.28760818271,0.316709513502,
    0.34588140874,0.375102192653,0.404346525565,0.433727564529,
    0.463511629906,0.49372056664,0.524340619507,0.555333123051,
    0.5866399567,0.618188396286,0.649895434928,0.681671694686,
    0.71343500642,0.746455089112,0.78138823884,0.817483760254,
    0.85380329857,0.889376590485,0.923343848625,0.955144200918,
0.984817405995,1.),.UNSPECIFIED.) GEOMETRIC_REPRESENTATION_ITEM() 
RATIONAL_B_SPLINE_SURFACE((
    (1.,0.999999999977,1.000000000011,0.999999999997,1.000000000001,1.
      ,1.,1.,1.,1.,1.,1.,1.,1.,1.,1.,1.,1.,1.,1.,1.,1.,1.,1.,1.,1.,1.,1.
      ,1.,1.,1.,1.,0.999999999999,1.000000000003,0.999999999996,1.)
    ,(1.,0.999999999977,1.000000000011,0.999999999997,1.000000000001,1.
      ,1.,1.,1.,1.,1.,1.,1.,1.,1.,1.,1.,1.,1.,1.,1.,1.,1.,1.,1.,1.,1.,1.
      ,1.,1.,1.,1.,0.999999999999,1.000000000003,0.999999999996,1.
))) REPRESENTATION_ITEM('') SURFACE() );
#66 = CARTESIAN_POINT('',(-10.05188727175,1.3,-8.55));
#67 = CARTESIAN_POINT('',(-10.06738735984,1.504979917872,-8.55440728071)
  );
#68 = CARTESIAN_POINT('',(-10.09810496504,1.914788125886,-8.547970918126
    ));
#69 = CARTESIAN_POINT('',(-10.14337937132,2.529652258467,-8.550491440959
    ));
#70 = CARTESIAN_POINT('',(-10.18784141924,3.144487008454,-8.550063015866
    ));
#71 = CARTESIAN_POINT('',(-10.23149558482,3.759318219377,-8.549256668368
    ));
#72 = CARTESIAN_POINT('',(-10.27435564751,4.374305720633,-8.55291058806)
  );
#73 = CARTESIAN_POINT('',(-10.31643561652,4.989629489788,-8.532578984385
    ));
#74 = CARTESIAN_POINT('',(-10.35770030034,5.604740345267,-8.488081977933
    ));
#75 = CARTESIAN_POINT('',(-10.39815830083,6.219715188875,-8.42324431228)
  );
#76 = CARTESIAN_POINT('',(-10.43781307661,6.834559941696,-8.340801173778
    ));
#77 = CARTESIAN_POINT('',(-10.47666972406,7.449306342595,-8.24379353775)
  );
#78 = CARTESIAN_POINT('',(-10.51473182619,8.06396369191,-8.135093367408)
  );
#79 = CARTESIAN_POINT('',(-10.55200628299,8.678599958947,-8.017912695409
    ));
#80 = CARTESIAN_POINT('',(-10.58848701551,9.293062795789,-7.894246674376
    ));
#81 = CARTESIAN_POINT('',(-10.6242726377,9.90900000425,-7.770411671511)
  );
#82 = CARTESIAN_POINT('',(-10.65939363935,10.527043778532,-7.63532547326
    ));
#83 = CARTESIAN_POINT('',(-10.69354473265,11.141720253267,
    -7.457966846218));
#84 = CARTESIAN_POINT('',(-10.72692545223,11.756436858217,
    -7.251614422091));
#85 = CARTESIAN_POINT('',(-10.75951688787,12.370811549275,
    -7.018409172957));
#86 = CARTESIAN_POINT('',(-10.79133300832,12.985030531175,
    -6.763576730581));
#87 = CARTESIAN_POINT('',(-10.82237962007,13.599156967164,
    -6.491602049619));
#88 = CARTESIAN_POINT('',(-10.85265407255,14.213057874366,
    -6.206722844671));
#89 = CARTESIAN_POINT('',(-10.88219161644,14.827456641937,
    -5.914897453427));
#90 = CARTESIAN_POINT('',(-10.91088313895,15.439848595784,
    -5.615361052797));
#91 = CARTESIAN_POINT('',(-10.93957334124,16.06889190121,-5.32837034265)
  );
#92 = CARTESIAN_POINT('',(-10.96708344452,16.689154032001,
    -4.972168168098));
#93 = CARTESIAN_POINT('',(-10.99324285771,17.295544675181,
    -4.538334272681));
#94 = CARTESIAN_POINT('',(-11.01870389069,17.90259219062,-4.066935651574
    ));
#95 = CARTESIAN_POINT('',(-11.0434161362,18.509124338472,-3.587331078865
    ));
#96 = CARTESIAN_POINT('',(-11.06742530319,19.116159386471,
    -3.133033848232));
#97 = CARTESIAN_POINT('',(-11.09077328824,19.724814555194,
    -2.736333470868));
#98 = CARTESIAN_POINT('',(-11.11356133868,20.337870674668,
    -2.429521022967));
#99 = CARTESIAN_POINT('',(-11.13268673154,20.869667393993,
    -2.275640780608));
#100 = CARTESIAN_POINT('',(-11.14395605875,21.191439071321,
    -2.249789576315));
#101 = CARTESIAN_POINT('',(-11.14772265089,21.3,-2.25));
#102 = CARTESIAN_POINT('',(10.051887290352,1.3,-8.55));
#103 = CARTESIAN_POINT('',(10.067387381833,1.504979917872,-8.55440728071
    ));
#104 = CARTESIAN_POINT('',(10.098104996483,1.914788125886,
    -8.547970918126));
#105 = CARTESIAN_POINT('',(10.143379417836,2.529652258467,
    -8.550491440959));
#106 = CARTESIAN_POINT('',(10.187841482852,3.144487008454,
    -8.550063015866));
#107 = CARTESIAN_POINT('',(10.231495666502,3.759318219377,
    -8.549256668368));
#108 = CARTESIAN_POINT('',(10.274355747848,4.374305720633,-8.55291058806
    ));
#109 = CARTESIAN_POINT('',(10.316435735607,4.989629489788,
    -8.532578984385));
#110 = CARTESIAN_POINT('',(10.357700437799,5.604740345267,
    -8.488081977933));
#111 = CARTESIAN_POINT('',(10.398158455899,6.219715188875,-8.42324431228
    ));
#112 = CARTESIAN_POINT('',(10.437813248179,6.834559941696,
    -8.340801173778));
#113 = CARTESIAN_POINT('',(10.476669910699,7.449306342595,-8.24379353775
    ));
#114 = CARTESIAN_POINT('',(10.514732026202,8.06396369191,-8.135093367408
    ));
#115 = CARTESIAN_POINT('',(10.552006494457,8.678599958947,
    -8.017912695409));
#116 = CARTESIAN_POINT('',(10.588487236321,9.293062795789,
    -7.894246674376));
#117 = CARTESIAN_POINT('',(10.624272865613,9.90900000425,-7.770411671511
    ));
#118 = CARTESIAN_POINT('',(10.659393871993,10.527043778532,
    -7.63532547326));
#119 = CARTESIAN_POINT('',(10.693544967548,11.141720253267,
    -7.457966846218));
#120 = CARTESIAN_POINT('',(10.726925686929,11.756436858217,
    -7.251614422091));
#121 = CARTESIAN_POINT('',(10.759517119905,12.370811549275,
    -7.018409172957));
#122 = CARTESIAN_POINT('',(10.7913332353,12.985030531175,-6.763576730581
    ));
#123 = CARTESIAN_POINT('',(10.822379839664,13.599156967164,
    -6.491602049619));
#124 = CARTESIAN_POINT('',(10.85265428258,14.213057874366,
    -6.206722844671));
#125 = CARTESIAN_POINT('',(10.882191814848,14.827456641937,
    -5.914897453427));
#126 = CARTESIAN_POINT('',(10.910883323964,15.439848595784,
    -5.615361052797));
#127 = CARTESIAN_POINT('',(10.939573510845,16.06889190121,-5.32837034265
    ));
#128 = CARTESIAN_POINT('',(10.967083597551,16.689154032001,
    -4.972168168098));
#129 = CARTESIAN_POINT('',(10.993242993553,17.295544675181,
    -4.538334272681));
#130 = CARTESIAN_POINT('',(11.01870400867,17.90259219062,-4.066935651574
    ));
#131 = CARTESIAN_POINT('',(11.043416236054,18.509124338472,
    -3.587331078865));
#132 = CARTESIAN_POINT('',(11.067425385019,19.116159386471,
    -3.133033848232));
#133 = CARTESIAN_POINT('',(11.090773352526,19.724814555194,
    -2.736333470868));
#134 = CARTESIAN_POINT('',(11.113561386371,20.337870674668,
    -2.429521022967));
#135 = CARTESIAN_POINT('',(11.132686766087,20.869667393993,
    -2.275640780608));
#136 = CARTESIAN_POINT('',(11.143956086394,21.191439071321,
    -2.249789576315));
#137 = CARTESIAN_POINT('',(11.147722676215,21.3,-2.25));
#138 = DEFINITIONAL_REPRESENTATION('',(#139),#143);
#139 = LINE('',#140,#141);
#140 = CARTESIAN_POINT('',(0.,0.));
#141 = VECTOR('',#142,1.);
#142 = DIRECTION('',(0.,1.));
#143 = ( GEOMETRIC_REPRESENTATION_CONTEXT(2) 
PARAMETRIC_REPRESENTATION_CONTEXT() REPRESENTATION_CONTEXT('2D SPACE',''
  ) );
#144 = PCURVE('',#145,#218);
#145 = ( BOUNDED_SURFACE() B_SPLINE_SURFACE(1,3,(
    (#146,#147,#148,#149,#150,#151,#152,#153,#154,#155,#156,#157,#158
      ,#159,#160,#161,#162,#163,#164,#165,#166,#167,#168,#169,#170,#171
      ,#172,#173,#174,#175,#176,#177,#178,#179,#180,#181)
    ,(#182,#183,#184,#185,#186,#187,#188,#189,#190,#191,#192,#193,#194
      ,#195,#196,#197,#198,#199,#200,#201,#202,#203,#204,#205,#206,#207
      ,#208,#209,#210,#211,#212,#213,#214,#215,#216,#217
)),.UNSPECIFIED.,.F.,.F.,.F.) B_SPLINE_SURFACE_WITH_KNOTS((2,2),(4,1,1,1
    ,1,1,1,1,1,1,1,1,1,1,1,1,1,1,1,1,1,1,1,1,1,1,1,1,1,1,1,1,1,4),(3.,4.
    ),(0.,2.868815488744E-02,5.737350739572E-02,8.60561159651E-02,
    0.114736038554,0.143413376946,0.172103703869,0.20084829656,
    0.229673919698,0.258593491558,0.28760818271,0.316709513502,
    0.34588140874,0.375102192653,0.404346525565,0.433727564529,
    0.463511629906,0.49372056664,0.524340619507,0.555333123051,
    0.5866399567,0.618188396286,0.649895434928,0.681671694686,
    0.71343500642,0.746455089112,0.78138823884,0.817483760254,
    0.85380329857,0.889376590485,0.923343848625,0.955144200918,
0.984817405995,1.),.UNSPECIFIED.) GEOMETRIC_REPRESENTATION_ITEM() 
RATIONAL_B_SPLINE_SURFACE((
    (1.,0.999999999977,1.000000000011,0.999999999997,1.000000000001,1.
      ,1.,1.,1.,1.,1.,1.,1.,1.,1.,1.,1.,1.,1.,1.,1.,1.,1.,1.,1.,1.,1.,1.
      ,1.,1.,1.,1.,0.999999999999,1.000000000003,0.999999999996,1.)
    ,(1.,0.999999999977,1.000000000011,0.999999999997,1.000000000001,1.
      ,1.,1.,1.,1.,1.,1.,1.,1.,1.,1.,1.,1.,1.,1.,1.,1.,1.,1.,1.,1.,1.,1.
      ,1.,1.,1.,1.,0.999999999999,1.000000000003,0.999999999996,1.
))) REPRESENTATION_ITEM('') SURFACE() );
#146 = CARTESIAN_POINT('',(-10.05188727175,1.3,-6.1));
#147 = CARTESIAN_POINT('',(-10.06738735984,1.504979917872,
    -6.104407280653));
#148 = CARTESIAN_POINT('',(-10.09810496504,1.914788125886,
    -6.097970918153));
#149 = CARTESIAN_POINT('',(-10.14337937132,2.529652258467,
    -6.100491440952));
#150 = CARTESIAN_POINT('',(-10.18784141924,3.144487008454,
    -6.100063015868));
#151 = CARTESIAN_POINT('',(-10.23149558482,3.759318219377,
    -6.099256668368));
#152 = CARTESIAN_POINT('',(-10.27435564751,4.374305720633,-6.10291058806
    ));
#153 = CARTESIAN_POINT('',(-10.31643561652,4.989629489788,
    -6.082578984385));
#154 = CARTESIAN_POINT('',(-10.35770030034,5.604740345267,
    -6.038081977933));
#155 = CARTESIAN_POINT('',(-10.39815830083,6.219715188875,-5.97324431228
    ));
#156 = CARTESIAN_POINT('',(-10.43781307661,6.834559941696,
    -5.890801173778));
#157 = CARTESIAN_POINT('',(-10.47666972406,7.449306342595,-5.79379353775
    ));
#158 = CARTESIAN_POINT('',(-10.51473182619,8.06396369191,-5.685093367408
    ));
#159 = CARTESIAN_POINT('',(-10.55200628299,8.678599958947,
    -5.567912695409));
#160 = CARTESIAN_POINT('',(-10.58848701551,9.293062795789,
    -5.444246674376));
#161 = CARTESIAN_POINT('',(-10.6242726377,9.90900000425,-5.320411671511)
  );
#162 = CARTESIAN_POINT('',(-10.65939363935,10.527043778532,
    -5.18532547326));
#163 = CARTESIAN_POINT('',(-10.69354473265,11.141720253267,
    -5.007966846218));
#164 = CARTESIAN_POINT('',(-10.72692545223,11.756436858217,
    -4.801614422091));
#165 = CARTESIAN_POINT('',(-10.75951688787,12.370811549275,
    -4.568409172957));
#166 = CARTESIAN_POINT('',(-10.79133300832,12.985030531175,
    -4.313576730581));
#167 = CARTESIAN_POINT('',(-10.82237962007,13.599156967164,
    -4.041602049619));
#168 = CARTESIAN_POINT('',(-10.85265407255,14.213057874366,
    -3.756722844671));
#169 = CARTESIAN_POINT('',(-10.88219161644,14.827456641937,
    -3.464897453427));
#170 = CARTESIAN_POINT('',(-10.91088313895,15.439848595784,
    -3.165361052797));
#171 = CARTESIAN_POINT('',(-10.93957334124,16.06889190121,-2.87837034265
    ));
#172 = CARTESIAN_POINT('',(-10.96708344452,16.689154032001,
    -2.522168168098));
#173 = CARTESIAN_POINT('',(-10.99324285771,17.295544675181,
    -2.088334272681));
#174 = CARTESIAN_POINT('',(-11.01870389069,17.90259219062,
    -1.616935651574));
#175 = CARTESIAN_POINT('',(-11.0434161362,18.509124338472,
    -1.137331078865));
#176 = CARTESIAN_POINT('',(-11.06742530319,19.116159386471,
    -0.683033848231));
#177 = CARTESIAN_POINT('',(-11.09077328824,19.724814555194,
    -0.286333470871));
#178 = CARTESIAN_POINT('',(-11.11356133868,20.337870674668,
    2.047897704354E-02));
#179 = CARTESIAN_POINT('',(-11.13268673154,20.869667393993,
    0.174359219363));
#180 = CARTESIAN_POINT('',(-11.14395605875,21.191439071321,
    0.200210423716));
#181 = CARTESIAN_POINT('',(-11.14772265089,21.3,0.2));
#182 = CARTESIAN_POINT('',(-10.05188727175,1.3,-8.55));
#183 = CARTESIAN_POINT('',(-10.06738735984,1.504979917872,-8.55440728071
    ));
#184 = CARTESIAN_POINT('',(-10.09810496504,1.914788125886,
    -8.547970918126));
#185 = CARTESIAN_POINT('',(-10.14337937132,2.529652258467,
    -8.550491440959));
#186 = CARTESIAN_POINT('',(-10.18784141924,3.144487008454,
    -8.550063015866));
#187 = CARTESIAN_POINT('',(-10.23149558482,3.759318219377,
    -8.549256668368));
#188 = CARTESIAN_POINT('',(-10.27435564751,4.374305720633,-8.55291058806
    ));
#189 = CARTESIAN_POINT('',(-10.31643561652,4.989629489788,
    -8.532578984385));
#190 = CARTESIAN_POINT('',(-10.35770030034,5.604740345267,
    -8.488081977933));
#191 = CARTESIAN_POINT('',(-10.39815830083,6.219715188875,-8.42324431228
    ));
#192 = CARTESIAN_POINT('',(-10.43781307661,6.834559941696,
    -8.340801173778));
#193 = CARTESIAN_POINT('',(-10.47666972406,7.449306342595,-8.24379353775
    ));
#194 = CARTESIAN_POINT('',(-10.51473182619,8.06396369191,-8.135093367408
    ));
#195 = CARTESIAN_POINT('',(-10.55200628299,8.678599958947,
    -8.017912695409));
#196 = CARTESIAN_POINT('',(-10.58848701551,9.293062795789,
    -7.894246674376));
#197 = CARTESIAN_POINT('',(-10.6242726377,9.90900000425,-7.770411671511)
  );
#198 = CARTESIAN_POINT('',(-10.65939363935,10.527043778532,
    -7.63532547326));
#199 = CARTESIAN_POINT('',(-10.69354473265,11.141720253267,
    -7.457966846218));
#200 = CARTESIAN_POINT('',(-10.72692545223,11.756436858217,
    -7.251614422091));
#201 = CARTESIAN_POINT('',(-10.75951688787,12.370811549275,
    -7.018409172957));
#202 = CARTESIAN_POINT('',(-10.79133300832,12.985030531175,
    -6.763576730581));
#203 = CARTESIAN_POINT('',(-10.82237962007,13.599156967164,
    -6.491602049619));
#204 = CARTESIAN_POINT('',(-10.85265407255,14.213057874366,
    -6.206722844671));
#205 = CARTESIAN_POINT('',(-10.88219161644,14.827456641937,
    -5.914897453427));
#206 = CARTESIAN_POINT('',(-10.91088313895,15.439848595784,
    -5.615361052797));
#207 = CARTESIAN_POINT('',(-10.93957334124,16.06889190121,-5.32837034265
    ));
#208 = CARTESIAN_POINT('',(-10.96708344452,16.689154032001,
    -4.972168168098));
#209 = CARTESIAN_POINT('',(-10.99324285771,17.295544675181,
    -4.538334272681));
#210 = CARTESIAN_POINT('',(-11.01870389069,17.90259219062,
    -4.066935651574));
#211 = CARTESIAN_POINT('',(-11.0434161362,18.509124338472,
    -3.587331078865));
#212 = CARTESIAN_POINT('',(-11.06742530319,19.116159386471,
    -3.133033848232));
#213 = CARTESIAN_POINT('',(-11.09077328824,19.724814555194,
    -2.736333470868));
#214 = CARTESIAN_POINT('',(-11.11356133868,20.337870674668,
    -2.429521022967));
#215 = CARTESIAN_POINT('',(-11.13268673154,20.869667393993,
    -2.275640780608));
#216 = CARTESIAN_POINT('',(-11.14395605875,21.191439071321,
    -2.249789576315));
#217 = CARTESIAN_POINT('',(-11.14772265089,21.3,-2.25));
#218 = DEFINITIONAL_REPRESENTATION('',(#219),#223);
#219 = LINE('',#220,#221);
#220 = CARTESIAN_POINT('',(4.,0.));
#221 = VECTOR('',#222,1.);
#222 = DIRECTION('',(0.,1.));
#223 = ( GEOMETRIC_REPRESENTATION_CONTEXT(2) 
PARAMETRIC_REPRESENTATION_CONTEXT() REPRESENTATION_CONTEXT('2D SPACE',''
  ) );
#224 = ORIENTED_EDGE('',*,*,#225,.T.);
#225 = EDGE_CURVE('',#22,#226,#228,.T.);
#226 = VERTEX_POINT('',#227);
#227 = CARTESIAN_POINT('',(11.040908815722,18.449783261952,
    -3.637432107821));
#228 = SURFACE_CURVE('',#229,(#235,#244),.PCURVE_S1.);
#229 = B_SPLINE_CURVE_WITH_KNOTS('',4,(#230,#231,#232,#233,#234),
  .UNSPECIFIED.,.F.,.F.,(5,5),(0.,1.),.PIECEWISE_BEZIER_KNOTS.);
#230 = CARTESIAN_POINT('',(-11.04090871408,18.449783261952,
    -3.637432107821));
#231 = CARTESIAN_POINT('',(-5.520454331633,18.449783261952,
    -3.637432107821));
#232 = CARTESIAN_POINT('',(5.082067033868E-08,18.449783261952,
    -3.637432107821));
#233 = CARTESIAN_POINT('',(5.520454433266,18.449783261952,
    -3.637432107821));
#234 = CARTESIAN_POINT('',(11.040908815722,18.449783261952,
    -3.637432107821));
#235 = PCURVE('',#65,#236);
#236 = DEFINITIONAL_REPRESENTATION('',(#237),#243);
#237 = B_SPLINE_CURVE_WITH_KNOTS('',4,(#238,#239,#240,#241,#242),
  .UNSPECIFIED.,.F.,.F.,(5,5),(0.,1.),.PIECEWISE_BEZIER_KNOTS.);
#238 = CARTESIAN_POINT('',(0.,0.849941407621));
#239 = CARTESIAN_POINT('',(0.25,0.849941407621));
#240 = CARTESIAN_POINT('',(0.5,0.849941407621));
#241 = CARTESIAN_POINT('',(0.75,0.849941407621));
#242 = CARTESIAN_POINT('',(1.,0.849941407621));
#243 = ( GEOMETRIC_REPRESENTATION_CONTEXT(2) 
PARAMETRIC_REPRESENTATION_CONTEXT() REPRESENTATION_CONTEXT('2D SPACE',''
  ) );
#244 = PCURVE('',#245,#252);
#245 = B_SPLINE_SURFACE_WITH_KNOTS('',2,1,(
    (#246,#247)
    ,(#248,#249)
    ,(#250,#251
    )),.UNSPECIFIED.,.F.,.F.,.F.,(3,3),(2,2),(0.500154885705,
    0.501393915946),(0.,1.),.PIECEWISE_BEZIER_KNOTS.);
#246 = CARTESIAN_POINT('',(11.509061817714,4.199999999976,
    -8.299999999906));
#247 = CARTESIAN_POINT('',(-11.50906181771,4.199999999976,
    -8.299999999906));
#248 = CARTESIAN_POINT('',(11.509061817714,12.096606681938,
    -8.299999999905));
#249 = CARTESIAN_POINT('',(-11.50906181771,12.096606681938,
    -8.299999999905));
#250 = CARTESIAN_POINT('',(11.509061817714,20.590161405456,
    -2.188299892635));
#251 = CARTESIAN_POINT('',(-11.50906181771,20.590161405456,
    -2.188299892635));
#252 = DEFINITIONAL_REPRESENTATION('',(#253),#259);
#253 = B_SPLINE_CURVE_WITH_KNOTS('',4,(#254,#255,#256,#257,#258),
  .UNSPECIFIED.,.F.,.F.,(5,5),(0.,1.),.PIECEWISE_BEZIER_KNOTS.);
#254 = CARTESIAN_POINT('',(0.501237100515,0.979661543604));
#255 = CARTESIAN_POINT('',(0.501237100515,0.739830770699));
#256 = CARTESIAN_POINT('',(0.501237100515,0.499999997839));
#257 = CARTESIAN_POINT('',(0.501237100515,0.260169224815));
#258 = CARTESIAN_POINT('',(0.501237100515,2.033845200806E-02));
#259 = ( GEOMETRIC_REPRESENTATION_CONTEXT(2) 
PARAMETRIC_REPRESENTATION_CONTEXT() REPRESENTATION_CONTEXT('2D SPACE',''
  ) );
#260 = ORIENTED_EDGE('',*,*,#261,.T.);
#261 = EDGE_CURVE('',#226,#262,#264,.T.);
#262 = VERTEX_POINT('',#263);
#263 = CARTESIAN_POINT('',(11.10153210594,20.015082510338,
    -2.595581175676));
#264 = SURFACE_CURVE('',#265,(#302,#309),.PCURVE_S1.);
#265 = ( BOUNDED_CURVE() B_SPLINE_CURVE(3,(#266,#267,#268,#269,#270,#271
    ,#272,#273,#274,#275,#276,#277,#278,#279,#280,#281,#282,#283,#284,
    #285,#286,#287,#288,#289,#290,#291,#292,#293,#294,#295,#296,#297,
    #298,#299,#300,#301),.UNSPECIFIED.,.F.,.F.) 
B_SPLINE_CURVE_WITH_KNOTS((4,1,1,1,1,1,1,1,1,1,1,1,1,1,1,1,1,1,1,1,1,1,1
    ,1,1,1,1,1,1,1,1,1,1,4),(0.,2.868815488744E-02,5.737350739572E-02,
    8.60561159651E-02,0.114736038554,0.143413376946,0.172103703869,
    0.20084829656,0.229673919698,0.258593491558,0.28760818271,
    0.316709513502,0.34588140874,0.375102192653,0.404346525565,
    0.433727564529,0.463511629906,0.49372056664,0.524340619507,
    0.555333123051,0.5866399567,0.618188396286,0.649895434928,
    0.681671694686,0.71343500642,0.746455089112,0.78138823884,
    0.817483760254,0.85380329857,0.889376590485,0.923343848625,
0.955144200918,0.984817405995,1.),.UNSPECIFIED.) CURVE() 
GEOMETRIC_REPRESENTATION_ITEM() RATIONAL_B_SPLINE_CURVE((1.,
    0.999999999977,1.000000000011,0.999999999997,1.000000000001,1.,1.,1.
    ,1.,1.,1.,1.,1.,1.,1.,1.,1.,1.,1.,1.,1.,1.,1.,1.,1.,1.,1.,1.,1.,1.,
    1.,1.,0.999999999999,1.000000000003,0.999999999996,1.)) 
REPRESENTATION_ITEM('') );
#266 = CARTESIAN_POINT('',(10.051887290352,1.3,-8.55));
#267 = CARTESIAN_POINT('',(10.067387381833,1.504979917872,-8.55440728071
    ));
#268 = CARTESIAN_POINT('',(10.098104996483,1.914788125886,
    -8.547970918126));
#269 = CARTESIAN_POINT('',(10.143379417836,2.529652258467,
    -8.550491440959));
#270 = CARTESIAN_POINT('',(10.187841482852,3.144487008454,
    -8.550063015866));
#271 = CARTESIAN_POINT('',(10.231495666502,3.759318219377,
    -8.549256668368));
#272 = CARTESIAN_POINT('',(10.274355747848,4.374305720633,-8.55291058806
    ));
#273 = CARTESIAN_POINT('',(10.316435735607,4.989629489788,
    -8.532578984385));
#274 = CARTESIAN_POINT('',(10.357700437799,5.604740345267,
    -8.488081977933));
#275 = CARTESIAN_POINT('',(10.398158455899,6.219715188875,-8.42324431228
    ));
#276 = CARTESIAN_POINT('',(10.437813248179,6.834559941696,
    -8.340801173778));
#277 = CARTESIAN_POINT('',(10.476669910699,7.449306342595,-8.24379353775
    ));
#278 = CARTESIAN_POINT('',(10.514732026202,8.06396369191,-8.135093367408
    ));
#279 = CARTESIAN_POINT('',(10.552006494457,8.678599958947,
    -8.017912695409));
#280 = CARTESIAN_POINT('',(10.588487236321,9.293062795789,
    -7.894246674376));
#281 = CARTESIAN_POINT('',(10.624272865613,9.90900000425,-7.770411671511
    ));
#282 = CARTESIAN_POINT('',(10.659393871993,10.527043778532,
    -7.63532547326));
#283 = CARTESIAN_POINT('',(10.693544967548,11.141720253267,
    -7.457966846218));
#284 = CARTESIAN_POINT('',(10.726925686929,11.756436858217,
    -7.251614422091));
#285 = CARTESIAN_POINT('',(10.759517119905,12.370811549275,
    -7.018409172957));
#286 = CARTESIAN_POINT('',(10.7913332353,12.985030531175,-6.763576730581
    ));
#287 = CARTESIAN_POINT('',(10.822379839664,13.599156967164,
    -6.491602049619));
#288 = CARTESIAN_POINT('',(10.85265428258,14.213057874366,
    -6.206722844671));
#289 = CARTESIAN_POINT('',(10.882191814848,14.827456641937,
    -5.914897453427));
#290 = CARTESIAN_POINT('',(10.910883323964,15.439848595784,
    -5.615361052797));
#291 = CARTESIAN_POINT('',(10.939573510845,16.06889190121,-5.32837034265
    ));
#292 = CARTESIAN_POINT('',(10.967083597551,16.689154032001,
    -4.972168168098));
#293 = CARTESIAN_POINT('',(10.993242993553,17.295544675181,
    -4.538334272681));
#294 = CARTESIAN_POINT('',(11.01870400867,17.90259219062,-4.066935651574
    ));
#295 = CARTESIAN_POINT('',(11.043416236054,18.509124338472,
    -3.587331078865));
#296 = CARTESIAN_POINT('',(11.067425385019,19.116159386471,
    -3.133033848232));
#297 = CARTESIAN_POINT('',(11.090773352526,19.724814555194,
    -2.736333470868));
#298 = CARTESIAN_POINT('',(11.113561386371,20.337870674668,
    -2.429521022967));
#299 = CARTESIAN_POINT('',(11.132686766087,20.869667393993,
    -2.275640780608));
#300 = CARTESIAN_POINT('',(11.143956086394,21.191439071321,
    -2.249789576315));
#301 = CARTESIAN_POINT('',(11.147722676215,21.3,-2.25));
#302 = PCURVE('',#65,#303);
#303 = DEFINITIONAL_REPRESENTATION('',(#304),#308);
#304 = LINE('',#305,#306);
#305 = CARTESIAN_POINT('',(1.,0.));
#306 = VECTOR('',#307,1.);
#307 = DIRECTION('',(0.,1.));
#308 = ( GEOMETRIC_REPRESENTATION_CONTEXT(2) 
PARAMETRIC_REPRESENTATION_CONTEXT() REPRESENTATION_CONTEXT('2D SPACE',''
  ) );
#309 = PCURVE('',#310,#383);
#310 = ( BOUNDED_SURFACE() B_SPLINE_SURFACE(1,3,(
    (#311,#312,#313,#314,#315,#316,#317,#318,#319,#320,#321,#322,#323
      ,#324,#325,#326,#327,#328,#329,#330,#331,#332,#333,#334,#335,#336
      ,#337,#338,#339,#340,#341,#342,#343,#344,#345,#346)
    ,(#347,#348,#349,#350,#351,#352,#353,#354,#355,#356,#357,#358,#359
      ,#360,#361,#362,#363,#364,#365,#366,#367,#368,#369,#370,#371,#372
      ,#373,#374,#375,#376,#377,#378,#379,#380,#381,#382
)),.UNSPECIFIED.,.F.,.F.,.F.) B_SPLINE_SURFACE_WITH_KNOTS((2,2),(4,1,1,1
    ,1,1,1,1,1,1,1,1,1,1,1,1,1,1,1,1,1,1,1,1,1,1,1,1,1,1,1,1,1,4),(1.,2.
    ),(0.,2.868815488744E-02,5.737350739572E-02,8.60561159651E-02,
    0.114736038554,0.143413376946,0.172103703869,0.20084829656,
    0.229673919698,0.258593491558,0.28760818271,0.316709513502,
    0.34588140874,0.375102192653,0.404346525565,0.433727564529,
    0.463511629906,0.49372056664,0.524340619507,0.555333123051,
    0.5866399567,0.618188396286,0.649895434928,0.681671694686,
    0.71343500642,0.746455089112,0.78138823884,0.817483760254,
    0.85380329857,0.889376590485,0.923343848625,0.955144200918,
0.984817405995,1.),.UNSPECIFIED.) GEOMETRIC_REPRESENTATION_ITEM() 
RATIONAL_B_SPLINE_SURFACE((
    (1.,0.999999999977,1.000000000011,0.999999999997,1.000000000001,1.
      ,1.,1.,1.,1.,1.,1.,1.,1.,1.,1.,1.,1.,1.,1.,1.,1.,1.,1.,1.,1.,1.,1.
      ,1.,1.,1.,1.,0.999999999999,1.000000000003,0.999999999996,1.)
    ,(1.,0.999999999977,1.000000000011,0.999999999997,1.000000000001,1.
      ,1.,1.,1.,1.,1.,1.,1.,1.,1.,1.,1.,1.,1.,1.,1.,1.,1.,1.,1.,1.,1.,1.
      ,1.,1.,1.,1.,0.999999999999,1.000000000003,0.999999999996,1.
))) REPRESENTATION_ITEM('') SURFACE() );
#311 = CARTESIAN_POINT('',(10.051887290352,1.3,-8.55));
#312 = CARTESIAN_POINT('',(10.067387381833,1.504979917872,-8.55440728071
    ));
#313 = CARTESIAN_POINT('',(10.098104996483,1.914788125886,
    -8.547970918126));
#314 = CARTESIAN_POINT('',(10.143379417836,2.529652258467,
    -8.550491440959));
#315 = CARTESIAN_POINT('',(10.187841482852,3.144487008454,
    -8.550063015866));
#316 = CARTESIAN_POINT('',(10.231495666502,3.759318219377,
    -8.549256668368));
#317 = CARTESIAN_POINT('',(10.274355747848,4.374305720633,-8.55291058806
    ));
#318 = CARTESIAN_POINT('',(10.316435735607,4.989629489788,
    -8.532578984385));
#319 = CARTESIAN_POINT('',(10.357700437799,5.604740345267,
    -8.488081977933));
#320 = CARTESIAN_POINT('',(10.398158455899,6.219715188875,-8.42324431228
    ));
#321 = CARTESIAN_POINT('',(10.437813248179,6.834559941696,
    -8.340801173778));
#322 = CARTESIAN_POINT('',(10.476669910699,7.449306342595,-8.24379353775
    ));
#323 = CARTESIAN_POINT('',(10.514732026202,8.06396369191,-8.135093367408
    ));
#324 = CARTESIAN_POINT('',(10.552006494457,8.678599958947,
    -8.017912695409));
#325 = CARTESIAN_POINT('',(10.588487236321,9.293062795789,
    -7.894246674376));
#326 = CARTESIAN_POINT('',(10.624272865613,9.90900000425,-7.770411671511
    ));
#327 = CARTESIAN_POINT('',(10.659393871993,10.527043778532,
    -7.63532547326));
#328 = CARTESIAN_POINT('',(10.693544967548,11.141720253267,
    -7.457966846218));
#329 = CARTESIAN_POINT('',(10.726925686929,11.756436858217,
    -7.251614422091));
#330 = CARTESIAN_POINT('',(10.759517119905,12.370811549275,
    -7.018409172957));
#331 = CARTESIAN_POINT('',(10.7913332353,12.985030531175,-6.763576730581
    ));
#332 = CARTESIAN_POINT('',(10.822379839664,13.599156967164,
    -6.491602049619));
#333 = CARTESIAN_POINT('',(10.85265428258,14.213057874366,
    -6.206722844671));
#334 = CARTESIAN_POINT('',(10.882191814848,14.827456641937,
    -5.914897453427));
#335 = CARTESIAN_POINT('',(10.910883323964,15.439848595784,
    -5.615361052797));
#336 = CARTESIAN_POINT('',(10.939573510845,16.06889190121,-5.32837034265
    ));
#337 = CARTESIAN_POINT('',(10.967083597551,16.689154032001,
    -4.972168168098));
#338 = CARTESIAN_POINT('',(10.993242993553,17.295544675181,
    -4.538334272681));
#339 = CARTESIAN_POINT('',(11.01870400867,17.90259219062,-4.066935651574
    ));
#340 = CARTESIAN_POINT('',(11.043416236054,18.509124338472,
    -3.587331078865));
#341 = CARTESIAN_POINT('',(11.067425385019,19.116159386471,
    -3.133033848232));
#342 = CARTESIAN_POINT('',(11.090773352526,19.724814555194,
    -2.736333470868));
#343 = CARTESIAN_POINT('',(11.113561386371,20.337870674668,
    -2.429521022967));
#344 = CARTESIAN_POINT('',(11.132686766087,20.869667393993,
    -2.275640780608));
#345 = CARTESIAN_POINT('',(11.143956086394,21.191439071321,
    -2.249789576315));
#346 = CARTESIAN_POINT('',(11.147722676215,21.3,-2.25));
#347 = CARTESIAN_POINT('',(10.051887290352,1.3,-6.1));
#348 = CARTESIAN_POINT('',(10.067387381833,1.504979917872,
    -6.104407280653));
#349 = CARTESIAN_POINT('',(10.098104996483,1.914788125886,
    -6.097970918153));
#350 = CARTESIAN_POINT('',(10.143379417836,2.529652258467,
    -6.100491440952));
#351 = CARTESIAN_POINT('',(10.187841482852,3.144487008454,
    -6.100063015868));
#352 = CARTESIAN_POINT('',(10.231495666502,3.759318219377,
    -6.099256668368));
#353 = CARTESIAN_POINT('',(10.274355747848,4.374305720633,-6.10291058806
    ));
#354 = CARTESIAN_POINT('',(10.316435735607,4.989629489788,
    -6.082578984385));
#355 = CARTESIAN_POINT('',(10.357700437799,5.604740345267,
    -6.038081977933));
#356 = CARTESIAN_POINT('',(10.398158455899,6.219715188875,-5.97324431228
    ));
#357 = CARTESIAN_POINT('',(10.437813248179,6.834559941696,
    -5.890801173778));
#358 = CARTESIAN_POINT('',(10.476669910699,7.449306342595,-5.79379353775
    ));
#359 = CARTESIAN_POINT('',(10.514732026202,8.06396369191,-5.685093367408
    ));
#360 = CARTESIAN_POINT('',(10.552006494457,8.678599958947,
    -5.567912695409));
#361 = CARTESIAN_POINT('',(10.588487236321,9.293062795789,
    -5.444246674376));
#362 = CARTESIAN_POINT('',(10.624272865613,9.90900000425,-5.320411671511
    ));
#363 = CARTESIAN_POINT('',(10.659393871993,10.527043778532,
    -5.18532547326));
#364 = CARTESIAN_POINT('',(10.693544967548,11.141720253267,
    -5.007966846218));
#365 = CARTESIAN_POINT('',(10.726925686929,11.756436858217,
    -4.801614422091));
#366 = CARTESIAN_POINT('',(10.759517119905,12.370811549275,
    -4.568409172957));
#367 = CARTESIAN_POINT('',(10.7913332353,12.985030531175,-4.313576730581
    ));
#368 = CARTESIAN_POINT('',(10.822379839664,13.599156967164,
    -4.041602049619));
#369 = CARTESIAN_POINT('',(10.85265428258,14.213057874366,
    -3.756722844671));
#370 = CARTESIAN_POINT('',(10.882191814848,14.827456641937,
    -3.464897453427));
#371 = CARTESIAN_POINT('',(10.910883323964,15.439848595784,
    -3.165361052797));
#372 = CARTESIAN_POINT('',(10.939573510845,16.06889190121,-2.87837034265
    ));
#373 = CARTESIAN_POINT('',(10.967083597551,16.689154032001,
    -2.522168168098));
#374 = CARTESIAN_POINT('',(10.993242993553,17.295544675181,
    -2.088334272681));
#375 = CARTESIAN_POINT('',(11.01870400867,17.90259219062,-1.616935651574
    ));
#376 = CARTESIAN_POINT('',(11.043416236054,18.509124338472,
    -1.137331078865));
#377 = CARTESIAN_POINT('',(11.067425385019,19.116159386471,
    -0.683033848231));
#378 = CARTESIAN_POINT('',(11.090773352526,19.724814555194,
    -0.286333470871));
#379 = CARTESIAN_POINT('',(11.113561386371,20.337870674668,
    2.047897704354E-02));
#380 = CARTESIAN_POINT('',(11.132686766087,20.869667393993,
    0.174359219363));
#381 = CARTESIAN_POINT('',(11.143956086394,21.191439071321,
    0.200210423716));
#382 = CARTESIAN_POINT('',(11.147722676215,21.3,0.2));
#383 = DEFINITIONAL_REPRESENTATION('',(#384),#388);
#384 = LINE('',#385,#386);
#385 = CARTESIAN_POINT('',(1.,0.));
#386 = VECTOR('',#387,1.);
#387 = DIRECTION('',(0.,1.));
#388 = ( GEOMETRIC_REPRESENTATION_CONTEXT(2) 
PARAMETRIC_REPRESENTATION_CONTEXT() REPRESENTATION_CONTEXT('2D SPACE',''
  ) );
#389 = ORIENTED_EDGE('',*,*,#390,.T.);
#390 = EDGE_CURVE('',#262,#24,#391,.T.);
#391 = SURFACE_CURVE('',#392,(#399,#409),.PCURVE_S1.);
#392 = B_SPLINE_CURVE_WITH_KNOTS('',5,(#393,#394,#395,#396,#397,#398),
  .UNSPECIFIED.,.F.,.F.,(6,6),(0.,1.),.PIECEWISE_BEZIER_KNOTS.);
#393 = CARTESIAN_POINT('',(11.10153210594,20.015082510338,
    -2.595581175676));
#394 = CARTESIAN_POINT('',(7.015668773937,20.015082510338,
    -2.595581175676));
#395 = CARTESIAN_POINT('',(2.329370902723,20.015082510338,
    -2.595581175676));
#396 = CARTESIAN_POINT('',(-2.282593718201,20.015082510338,
    -2.595581175676));
#397 = CARTESIAN_POINT('',(-6.64972741243,20.015082510338,
    -2.595581175676));
#398 = CARTESIAN_POINT('',(-11.10153204946,20.015082510338,
    -2.595581175676));
#399 = PCURVE('',#65,#400);
#400 = DEFINITIONAL_REPRESENTATION('',(#401),#408);
#401 = B_SPLINE_CURVE_WITH_KNOTS('',5,(#402,#403,#404,#405,#406,#407),
  .UNSPECIFIED.,.F.,.F.,(6,6),(0.,1.),.PIECEWISE_BEZIER_KNOTS.);
#402 = CARTESIAN_POINT('',(1.,0.93758908109));
#403 = CARTESIAN_POINT('',(0.815977501871,0.93758908109));
#404 = CARTESIAN_POINT('',(0.604912135468,0.93758908109));
#405 = CARTESIAN_POINT('',(0.397194651582,0.93758908109));
#406 = CARTESIAN_POINT('',(0.20050406583,0.93758908109));
#407 = CARTESIAN_POINT('',(0.,0.93758908109));
#408 = ( GEOMETRIC_REPRESENTATION_CONTEXT(2) 
PARAMETRIC_REPRESENTATION_CONTEXT() REPRESENTATION_CONTEXT('2D SPACE',''
  ) );
#409 = PCURVE('',#410,#417);
#410 = B_SPLINE_SURFACE_WITH_KNOTS('',2,1,(
    (#411,#412)
    ,(#413,#414)
    ,(#415,#416
    )),.UNSPECIFIED.,.F.,.F.,.F.,(3,3),(2,2),(0.500154885705,
    0.501393915946),(0.,1.),.PIECEWISE_BEZIER_KNOTS.);
#411 = CARTESIAN_POINT('',(11.509061817714,4.199999999976,
    -8.299999999906));
#412 = CARTESIAN_POINT('',(-11.50906181771,4.199999999976,
    -8.299999999906));
#413 = CARTESIAN_POINT('',(11.509061817714,12.096606681938,
    -8.299999999905));
#414 = CARTESIAN_POINT('',(-11.50906181771,12.096606681938,
    -8.299999999905));
#415 = CARTESIAN_POINT('',(11.509061817714,20.590161405456,
    -2.188299892635));
#416 = CARTESIAN_POINT('',(-11.50906181771,20.590161405456,
    -2.188299892635));
#417 = DEFINITIONAL_REPRESENTATION('',(#418),#425);
#418 = B_SPLINE_CURVE_WITH_KNOTS('',5,(#419,#420,#421,#422,#423,#424),
  .UNSPECIFIED.,.F.,.F.,(6,6),(0.,1.),.PIECEWISE_BEZIER_KNOTS.);
#419 = CARTESIAN_POINT('',(0.501351919993,1.770473207237E-02));
#420 = CARTESIAN_POINT('',(0.501351919993,0.195211091696));
#421 = CARTESIAN_POINT('',(0.501351919993,0.398802746077));
#422 = CARTESIAN_POINT('',(0.501351919993,0.599165064617));
#423 = CARTESIAN_POINT('',(0.501351919993,0.788890941685));
#424 = CARTESIAN_POINT('',(0.501351919993,0.982295265466));
#425 = ( GEOMETRIC_REPRESENTATION_CONTEXT(2) 
PARAMETRIC_REPRESENTATION_CONTEXT() REPRESENTATION_CONTEXT('2D SPACE',''
  ) );
#426 = ADVANCED_FACE('',(#427,#1587),#245,.F.);
#427 = FACE_BOUND('',#428,.F.);
#428 = EDGE_LOOP('',(#429,#458,#1022,#1023));
#429 = ORIENTED_EDGE('',*,*,#430,.F.);
#430 = EDGE_CURVE('',#431,#433,#435,.T.);
#431 = VERTEX_POINT('',#432);
#432 = CARTESIAN_POINT('',(10.262155636327,4.2,-8.3));
#433 = VERTEX_POINT('',#434);
#434 = CARTESIAN_POINT('',(-10.26215554127,4.2,-8.3));
#435 = SURFACE_CURVE('',#436,(#440,#446),.PCURVE_S1.);
#436 = LINE('',#437,#438);
#437 = CARTESIAN_POINT('',(20.,4.2,-8.3));
#438 = VECTOR('',#439,1.);
#439 = DIRECTION('',(-1.,0.,0.));
#440 = PCURVE('',#245,#441);
#441 = DEFINITIONAL_REPRESENTATION('',(#442),#445);
#442 = B_SPLINE_CURVE_WITH_KNOTS('',1,(#443,#444),.UNSPECIFIED.,.F.,.F.,
  (2,2),(9.487869068079,30.512130931921),.PIECEWISE_BEZIER_KNOTS.);
#443 = CARTESIAN_POINT('',(0.500154885705,4.331069298188E-02));
#444 = CARTESIAN_POINT('',(0.500154885705,0.956689307018));
#445 = ( GEOMETRIC_REPRESENTATION_CONTEXT(2) 
PARAMETRIC_REPRESENTATION_CONTEXT() REPRESENTATION_CONTEXT('2D SPACE',''
  ) );
#446 = PCURVE('',#447,#452);
#447 = PLANE('',#448);
#448 = AXIS2_PLACEMENT_3D('',#449,#450,#451);
#449 = CARTESIAN_POINT('',(20.,0.,-8.3));
#450 = DIRECTION('',(0.,-0.,1.));
#451 = DIRECTION('',(1.,0.,0.));
#452 = DEFINITIONAL_REPRESENTATION('',(#453),#457);
#453 = LINE('',#454,#455);
#454 = CARTESIAN_POINT('',(0.,4.2));
#455 = VECTOR('',#456,1.);
#456 = DIRECTION('',(-1.,0.));
#457 = ( GEOMETRIC_REPRESENTATION_CONTEXT(2) 
PARAMETRIC_REPRESENTATION_CONTEXT() REPRESENTATION_CONTEXT('2D SPACE',''
  ) );
#458 = ORIENTED_EDGE('',*,*,#459,.F.);
#459 = EDGE_CURVE('',#226,#431,#460,.T.);
#460 = SURFACE_CURVE('',#461,(#646,#834),.PCURVE_S1.);
#461 = B_SPLINE_CURVE_WITH_KNOTS('',8,(#462,#463,#464,#465,#466,#467,
    #468,#469,#470,#471,#472,#473,#474,#475,#476,#477,#478,#479,#480,
    #481,#482,#483,#484,#485,#486,#487,#488,#489,#490,#491,#492,#493,
    #494,#495,#496,#497,#498,#499,#500,#501,#502,#503,#504,#505,#506,
    #507,#508,#509,#510,#511,#512,#513,#514,#515,#516,#517,#518,#519,
    #520,#521,#522,#523,#524,#525,#526,#527,#528,#529,#530,#531,#532,
    #533,#534,#535,#536,#537,#538,#539,#540,#541,#542,#543,#544,#545,
    #546,#547,#548,#549,#550,#551,#552,#553,#554,#555,#556,#557,#558,
    #559,#560,#561,#562,#563,#564,#565,#566,#567,#568,#569,#570,#571,
    #572,#573,#574,#575,#576,#577,#578,#579,#580,#581,#582,#583,#584,
    #585,#586,#587,#588,#589,#590,#591,#592,#593,#594,#595,#596,#597,
    #598,#599,#600,#601,#602,#603,#604,#605,#606,#607,#608,#609,#610,
    #611,#612,#613,#614,#615,#616,#617,#618,#619,#620,#621,#622,#623,
    #624,#625,#626,#627,#628,#629,#630,#631,#632,#633,#634,#635,#636,
    #637,#638,#639,#640,#641,#642,#643,#644,#645),.UNSPECIFIED.,.F.,.F.,
  (9,7,7,7,7,7,7,7,7,7,7,7,7,7,7,7,7,7,7,7,7,7,7,7,7,7,9),(0.,
    5.224340695764E-02,7.772582375951E-02,9.271275822752E-02,
    0.136544282413,0.164254164592,0.186841557968,0.209798082195,
    0.228661400784,0.273386358104,0.318543774609,0.328180950266,
    0.392101978937,0.455007034281,0.48562576694,0.531605071536,
    0.577587708766,0.609633732272,0.632054367941,0.661513620665,
    0.703087850945,0.739117859009,0.847113519946,0.917768426532,
    0.953080747975,0.988319407808,1.),.UNSPECIFIED.);
#462 = CARTESIAN_POINT('',(11.040908815722,18.449783261952,
    -3.637432107821));
#463 = CARTESIAN_POINT('',(11.037535086264,18.365991497322,
    -3.690567739836));
#464 = CARTESIAN_POINT('',(11.034140298778,18.282068325213,
    -3.743462110981));
#465 = CARTESIAN_POINT('',(11.030724296742,18.19801193572,
    -3.796114122949));
#466 = CARTESIAN_POINT('',(11.027286708332,18.11382036374,
    -3.848522738998));
#467 = CARTESIAN_POINT('',(11.023827298801,18.029491077856,
    -3.900687214459));
#468 = CARTESIAN_POINT('',(11.020346044757,17.945020927202,
    -3.952607112327));
#469 = CARTESIAN_POINT('',(11.016842930349,17.860406446296,
    -4.004282103953));
#470 = CARTESIAN_POINT('',(11.011597869906,17.73430075967,
    -4.080796953692));
#471 = CARTESIAN_POINT('',(11.0098729629,17.692921985762,-4.105823897012
    ));
#472 = CARTESIAN_POINT('',(11.008142708613,17.651507840803,
    -4.13079230798));
#473 = CARTESIAN_POINT('',(11.006407075232,17.610057978508,
    -4.155702099988));
#474 = CARTESIAN_POINT('',(11.004666034847,17.568572061632,
    -4.180553176615));
#475 = CARTESIAN_POINT('',(11.002919563449,17.52704976196,
    -4.205345431622));
#476 = CARTESIAN_POINT('',(11.001167640934,17.485490760312,
    -4.230078748955));
#477 = CARTESIAN_POINT('',(10.998376679385,17.419430947185,
    -4.269264633535));
#478 = CARTESIAN_POINT('',(10.997341219671,17.394954363771,
    -4.283755823907));
#479 = CARTESIAN_POINT('',(10.996303863374,17.370464906858,
    -4.298226563725));
#480 = CARTESIAN_POINT('',(10.995264608405,17.345962520371,
    -4.312676822814));
#481 = CARTESIAN_POINT('',(10.994223455564,17.321447163113,
    -4.327106561807));
#482 = CARTESIAN_POINT('',(10.993180404942,17.296918790267,
    -4.341515742985));
#483 = CARTESIAN_POINT('',(10.992135452319,17.272377334897,
    -4.355904341125));
#484 = CARTESIAN_POINT('',(10.988026864032,17.176008968289,
    -4.412293751103));
#485 = CARTESIAN_POINT('',(10.98494874569,17.1040824164,-4.454139076562)
  );
#486 = CARTESIAN_POINT('',(10.981853883906,17.03203997912,
    -4.495808492757));
#487 = CARTESIAN_POINT('',(10.978742028261,16.95987940288,
    -4.537301624933));
#488 = CARTESIAN_POINT('',(10.975613023732,16.887599269555,
    -4.578617567481));
#489 = CARTESIAN_POINT('',(10.972466809872,16.815199030809,
    -4.619754889869));
#490 = CARTESIAN_POINT('',(10.96930342,16.742679042441,-4.66071164258));
#491 = CARTESIAN_POINT('',(10.964112335851,16.62411925001,
    -4.727262130535));
#492 = CARTESIAN_POINT('',(10.962094878024,16.578150599975,
    -4.752965722628));
#493 = CARTESIAN_POINT('',(10.960070615349,16.532135370372,
    -4.778595297912));
#494 = CARTESIAN_POINT('',(10.958039552545,16.486074239183,
    -4.804150045483));
#495 = CARTESIAN_POINT('',(10.956001690603,16.439967840626,
    -4.829629184948));
#496 = CARTESIAN_POINT('',(10.953957026782,16.393816765156,
    -4.855031966425));
#497 = CARTESIAN_POINT('',(10.95190555461,16.347621559461,
    -4.880357670542));
#498 = CARTESIAN_POINT('',(10.948169472348,16.26369167065,
    -4.926186175774));
#499 = CARTESIAN_POINT('',(10.946487146064,16.225971620342,
    -4.946715073853));
#500 = CARTESIAN_POINT('',(10.944800295765,16.188222867292,
    -4.967191917865));
#501 = CARTESIAN_POINT('',(10.94310888562,16.150445687373,
    -4.987616334431));
#502 = CARTESIAN_POINT('',(10.941412936982,16.112640320104,
    -5.007987971501));
#503 = CARTESIAN_POINT('',(10.939712444168,16.074807016102,
    -5.028306473245));
#504 = CARTESIAN_POINT('',(10.938007334844,16.036946033166,
    -5.048571482241));
#505 = CARTESIAN_POINT('',(10.934560138522,15.960549702654,
    -5.08932427971));
#506 = CARTESIAN_POINT('',(10.932817883821,15.922013443675,
    -5.109810296722));
#507 = CARTESIAN_POINT('',(10.931070963011,15.88344867794,-5.13024055756
    ));
#508 = CARTESIAN_POINT('',(10.929319386758,15.844855351128,
    -5.150614860639));
#509 = CARTESIAN_POINT('',(10.927563156873,15.806233361442,
    -5.17093302754));
#510 = CARTESIAN_POINT('',(10.925802266317,15.76758255961,
    -5.191194903016));
#511 = CARTESIAN_POINT('',(10.924036699195,15.728902748882,
    -5.211400354986));
#512 = CARTESIAN_POINT('',(10.920811805682,15.658386543792,
    -5.248105590981));
#513 = CARTESIAN_POINT('',(10.919354008111,15.62655969012,
    -5.264623716809));
#514 = CARTESIAN_POINT('',(10.917893025,15.594712998956,-5.281103584926)
  );
#515 = CARTESIAN_POINT('',(10.916428841013,15.562846363237,
    -5.297545118014));
#516 = CARTESIAN_POINT('',(10.914961438529,15.5309596939,-5.313948228534
    ));
#517 = CARTESIAN_POINT('',(10.913490797637,15.499052919878,
    -5.33031281872));
#518 = CARTESIAN_POINT('',(10.91201689614,15.467125988106,
    -5.346638780586));
#519 = CARTESIAN_POINT('',(10.907037297787,15.359432183782,
    -5.401543011797));
#520 = CARTESIAN_POINT('',(10.903516440825,15.283572232914,
    -5.439942075111));
#521 = CARTESIAN_POINT('',(10.899977055115,15.207599982899,
    -5.478120900647));
#522 = CARTESIAN_POINT('',(10.896419080863,15.131516198383,
    -5.516077307129));
#523 = CARTESIAN_POINT('',(10.892842482031,15.055321436675,
    -5.553809217218));
#524 = CARTESIAN_POINT('',(10.889247246343,14.979016047743,
    -5.591314657516));
#525 = CARTESIAN_POINT('',(10.885633385281,14.902600174214,
    -5.62859175856));
#526 = CARTESIAN_POINT('',(10.878333359764,14.748807369603,
    -5.703043966183));
#527 = CARTESIAN_POINT('',(10.874646838926,14.671428393046,
    -5.74021454275));
#528 = CARTESIAN_POINT('',(10.870941288826,14.593936962623,
    -5.777148551468));
#529 = CARTESIAN_POINT('',(10.8672166254,14.516333245863,-5.813844042255
    ));
#530 = CARTESIAN_POINT('',(10.86347276326,14.438617436915,
    -5.850299048003));
#531 = CARTESIAN_POINT('',(10.859709615697,14.360789756542,
    -5.886511584586));
#532 = CARTESIAN_POINT('',(10.855927094679,14.282850452122,
    -5.922479650854));
#533 = CARTESIAN_POINT('',(10.851313718427,14.188142780405,
    -5.96582467458));
#534 = CARTESIAN_POINT('',(10.850501439602,14.171480691611,
    -5.973436894299));
#535 = CARTESIAN_POINT('',(10.849688273614,14.154813533317,
    -5.981037868471));
#536 = CARTESIAN_POINT('',(10.848874219714,14.13814130756,
    -5.988627577776));
#537 = CARTESIAN_POINT('',(10.848059277171,14.121464016372,
    -5.996206002886));
#538 = CARTESIAN_POINT('',(10.847243445267,14.104781661774,
    -6.003773124469));
#539 = CARTESIAN_POINT('',(10.8464267233,14.088094245779,-6.011328923187
    ));
#540 = CARTESIAN_POINT('',(10.840186093189,13.960684664136,
    -6.068913914223));
#541 = CARTESIAN_POINT('',(10.834723832272,13.849745055813,
    -6.118455431561));
#542 = CARTESIAN_POINT('',(10.829222398535,13.738583308191,
    -6.167492384599));
#543 = CARTESIAN_POINT('',(10.823680933184,13.62720041191,
    -6.216018935648));
#544 = CARTESIAN_POINT('',(10.818100402414,13.515596289755,
    -6.264029688937));
#545 = CARTESIAN_POINT('',(10.812479693511,13.403772273554,
    -6.311518618482));
#546 = CARTESIAN_POINT('',(10.806818986732,13.291728869927,
    -6.358480051298));
#547 = CARTESIAN_POINT('',(10.795507641673,13.068989424273,
    -6.450598259755));
#548 = CARTESIAN_POINT('',(10.789858267863,12.958300309225,
    -6.495771840325));
#549 = CARTESIAN_POINT('',(10.784169792294,12.847400479961,
    -6.540423296426));
#550 = CARTESIAN_POINT('',(10.778441995087,12.736290823289,
    -6.584547026782));
#551 = CARTESIAN_POINT('',(10.772674669726,12.62497233168,
    -6.628137381403));
#552 = CARTESIAN_POINT('',(10.766867681621,12.51344612657,
    -6.671188657443));
#553 = CARTESIAN_POINT('',(10.76102094418,12.401713452076,-6.71369510752
    ));
#554 = CARTESIAN_POINT('',(10.752269021453,12.235290447859,
    -6.776072769651));
#555 = CARTESIAN_POINT('',(10.749394275443,12.180756660203,
    -6.796364129259));
#556 = CARTESIAN_POINT('',(10.746510054738,12.126174431505,
    -6.816524372497));
#557 = CARTESIAN_POINT('',(10.743616341379,12.071543927404,
    -6.836552829649));
#558 = CARTESIAN_POINT('',(10.740713119069,12.016865323796,
    -6.856448828101));
#559 = CARTESIAN_POINT('',(10.737800373166,11.962138806834,
    -6.876211692344));
#560 = CARTESIAN_POINT('',(10.734878090687,11.907364572928,
    -6.895840743974));
#561 = CARTESIAN_POINT('',(10.727543611388,11.770218530752,
    -6.944609740413));
#562 = CARTESIAN_POINT('',(10.723119431887,11.687787090895,
    -6.973580895477));
#563 = CARTESIAN_POINT('',(10.718673687687,11.605249223245,
    -7.002246456396));
#564 = CARTESIAN_POINT('',(10.714206339377,11.52260570798,
    -7.030604096365));
#565 = CARTESIAN_POINT('',(10.709717351177,11.439857372379,
    -7.058651480779));
#566 = CARTESIAN_POINT('',(10.705206694702,11.357005083177,
    -7.086386271777));
#567 = CARTESIAN_POINT('',(10.700674347591,11.274049750274,
    -7.113806128794));
#568 = CARTESIAN_POINT('',(10.691565895742,11.107928913261,
    -7.168013245877));
#569 = CARTESIAN_POINT('',(10.686989796308,11.024763443982,
    -7.194800443895));
#570 = CARTESIAN_POINT('',(10.682391960105,10.94149676976,
    -7.221267995721));
#571 = CARTESIAN_POINT('',(10.677772300598,10.858130170717,
    -7.247413465211));
#572 = CARTESIAN_POINT('',(10.673130846984,10.774664812789,
    -7.273234473954));
#573 = CARTESIAN_POINT('',(10.668467561005,10.691102344814,
    -7.29872851279));
#574 = CARTESIAN_POINT('',(10.663782486899,10.607444414583,
    -7.323893108637));
#575 = CARTESIAN_POINT('',(10.655795397356,10.465325271937,
    -7.366031980694));
#576 = CARTESIAN_POINT('',(10.652504574653,10.406912224961,
    -7.383176969525));
#577 = CARTESIAN_POINT('',(10.649203203595,10.34845405371,
    -7.400159977235));
#578 = CARTESIAN_POINT('',(10.645891285414,10.289950927569,
    -7.416980296383));
#579 = CARTESIAN_POINT('',(10.642568810191,10.231402961503,
    -7.433637234435));
#580 = CARTESIAN_POINT('',(10.639235756856,10.172810216057,
    -7.450130113761));
#581 = CARTESIAN_POINT('',(10.635892093188,10.114172697353,
    -7.466458271636));
#582 = CARTESIAN_POINT('',(10.630190967198,10.014433925327,
    -7.493929170923));
#583 = CARTESIAN_POINT('',(10.627838934188,9.973355529582,
    -7.505156339617));
#584 = CARTESIAN_POINT('',(10.625481698563,9.93225532326,-7.516302297599
    ));
#585 = CARTESIAN_POINT('',(10.623119196052,9.891133104419,
    -7.527366871942));
#586 = CARTESIAN_POINT('',(10.620751421759,9.849988942322,
    -7.538349814797));
#587 = CARTESIAN_POINT('',(10.618378400854,9.808823041843,
    -7.549250842394));
#588 = CARTESIAN_POINT('',(10.616000124385,9.767635461299,
    -7.560069712993));
#589 = CARTESIAN_POINT('',(10.610484781904,9.672280148436,
    -7.584913180837));
#590 = CARTESIAN_POINT('',(10.607343899852,9.618096753142,
    -7.598877910348));
#591 = CARTESIAN_POINT('',(10.604193943345,9.563876345856,
    -7.612699784192));
#592 = CARTESIAN_POINT('',(10.601034911979,9.509619181743,
    -7.626378222392));
#593 = CARTESIAN_POINT('',(10.597866805485,9.455325538672,
    -7.639912642358));
#594 = CARTESIAN_POINT('',(10.594689623732,9.400995717218,
    -7.653302458889));
#595 = CARTESIAN_POINT('',(10.591503366723,9.34663004066,-7.666547084168
    ));
#596 = CARTESIAN_POINT('',(10.583798637329,9.215455440614,
    -7.698131609102));
#597 = CARTESIAN_POINT('',(10.579271166917,9.138611321354,
    -7.716326947316));
#598 = CARTESIAN_POINT('',(10.574725636988,9.061697781875,-7.73423021213
    ));
#599 = CARTESIAN_POINT('',(10.57016206513,8.984716092647,-7.751839699117
    ));
#600 = CARTESIAN_POINT('',(10.565580472892,8.907667509935,
    -7.769153729703));
#601 = CARTESIAN_POINT('',(10.560980885789,8.830553275802,
    -7.786170651163));
#602 = CARTESIAN_POINT('',(10.556363333296,8.753374618109,
    -7.802888836627));
#603 = CARTESIAN_POINT('',(10.547710539554,8.609191640673,
    -7.833535095148));
#604 = CARTESIAN_POINT('',(10.543679762246,8.54220305963,-7.847537930633
    ));
#605 = CARTESIAN_POINT('',(10.539635529962,8.475167782907,-7.86131415126
    ));
#606 = CARTESIAN_POINT('',(10.535577857521,8.408086595681,
    -7.874862727779));
#607 = CARTESIAN_POINT('',(10.531506761529,8.340960292779,
    -7.888182641962));
#608 = CARTESIAN_POINT('',(10.527422260378,8.273789678681,
    -7.901272886601));
#609 = CARTESIAN_POINT('',(10.523324374249,8.206575567519,
    -7.914132465512));
#610 = CARTESIAN_POINT('',(10.506890133268,7.93772457737,-7.964611105584
    ));
#611 = CARTESIAN_POINT('',(10.494447169685,7.735747073382,
    -8.000380585061));
#612 = CARTESIAN_POINT('',(10.481884535244,7.533408454836,
    -8.034042335078));
#613 = CARTESIAN_POINT('',(10.469203188844,7.330731251876,
    -8.065570876601));
#614 = CARTESIAN_POINT('',(10.456403825108,7.127738993186,
    -8.094941731966));
#615 = CARTESIAN_POINT('',(10.443487167229,6.924455989852,-8.12213155909
    ));
#616 = CARTESIAN_POINT('',(10.430454373768,6.720907036326,
    -8.147118299024));
#617 = CARTESIAN_POINT('',(10.408704587624,6.383791082333,
    -8.184773562711));
#618 = CARTESIAN_POINT('',(10.400053453208,6.25036156511,-8.198714055338
    ));
#619 = CARTESIAN_POINT('',(10.391353356828,6.116836418109,-8.21169687145
    ));
#620 = CARTESIAN_POINT('',(10.382604624741,5.983223053213,
    -8.223716439754));
#621 = CARTESIAN_POINT('',(10.373807642994,5.849529010575,
    -8.234767447557));
#622 = CARTESIAN_POINT('',(10.364962797738,5.715762008763,
    -8.244844853448));
#623 = CARTESIAN_POINT('',(10.356070447982,5.581929979775,
    -8.253943899419));
#624 = CARTESIAN_POINT('',(10.342663277316,5.381125028582,
    -8.266116511825));
#625 = CARTESIAN_POINT('',(10.338183746662,5.314194915055,
    -8.269927397607));
#626 = CARTESIAN_POINT('',(10.33369251664,5.247251547091,-8.273492234672
    ));
#627 = CARTESIAN_POINT('',(10.329189645543,5.180295944223,
    -8.276810485105));
#628 = CARTESIAN_POINT('',(10.324675190482,5.113329134076,
    -8.279881630109));
#629 = CARTESIAN_POINT('',(10.320149205314,5.04635214782,-8.282705170679
    ));
#630 = CARTESIAN_POINT('',(10.315611745612,4.979366030867,
    -8.285280627757));
#631 = CARTESIAN_POINT('',(10.306523505142,4.845517456724,
    -8.289929601882));
#632 = CARTESIAN_POINT('',(10.301972773414,4.778655034868,-8.29200415521
    ));
#633 = CARTESIAN_POINT('',(10.297410753261,4.71178567789,-8.293830744958
    ));
#634 = CARTESIAN_POINT('',(10.292837511813,4.644910466274,
    -8.295408935792));
#635 = CARTESIAN_POINT('',(10.28825311556,4.578030486332,-8.296738313946
    ));
#636 = CARTESIAN_POINT('',(10.28365763035,4.511146830201,-8.297818487226
    ));
#637 = CARTESIAN_POINT('',(10.27905112139,4.444260595846,-8.298649085005
    ));
#638 = CARTESIAN_POINT('',(10.27290309668,4.355201554418,-8.299422234593
    ));
#639 = CARTESIAN_POINT('',(10.271371335971,4.333030059852,
    -8.299587251048));
#640 = CARTESIAN_POINT('',(10.269838373825,4.310858444672,
    -8.299724794894));
#641 = CARTESIAN_POINT('',(10.268304212947,4.28868675011,-8.299834853711
    ));
#642 = CARTESIAN_POINT('',(10.266768856047,4.266515017323,
    -8.299917415352));
#643 = CARTESIAN_POINT('',(10.265232305834,4.244343287386,
    -8.299972467948));
#644 = CARTESIAN_POINT('',(10.263694565022,4.222171601297,
    -8.299999999906));
#645 = CARTESIAN_POINT('',(10.262155636325,4.199999999976,
    -8.299999999906));
#646 = PCURVE('',#245,#647);
#647 = DEFINITIONAL_REPRESENTATION('',(#648),#833);
#648 = B_SPLINE_CURVE_WITH_KNOTS('',8,(#649,#650,#651,#652,#653,#654,
    #655,#656,#657,#658,#659,#660,#661,#662,#663,#664,#665,#666,#667,
    #668,#669,#670,#671,#672,#673,#674,#675,#676,#677,#678,#679,#680,
    #681,#682,#683,#684,#685,#686,#687,#688,#689,#690,#691,#692,#693,
    #694,#695,#696,#697,#698,#699,#700,#701,#702,#703,#704,#705,#706,
    #707,#708,#709,#710,#711,#712,#713,#714,#715,#716,#717,#718,#719,
    #720,#721,#722,#723,#724,#725,#726,#727,#728,#729,#730,#731,#732,
    #733,#734,#735,#736,#737,#738,#739,#740,#741,#742,#743,#744,#745,
    #746,#747,#748,#749,#750,#751,#752,#753,#754,#755,#756,#757,#758,
    #759,#760,#761,#762,#763,#764,#765,#766,#767,#768,#769,#770,#771,
    #772,#773,#774,#775,#776,#777,#778,#779,#780,#781,#782,#783,#784,
    #785,#786,#787,#788,#789,#790,#791,#792,#793,#794,#795,#796,#797,
    #798,#799,#800,#801,#802,#803,#804,#805,#806,#807,#808,#809,#810,
    #811,#812,#813,#814,#815,#816,#817,#818,#819,#820,#821,#822,#823,
    #824,#825,#826,#827,#828,#829,#830,#831,#832),.UNSPECIFIED.,.F.,.F.,
  (9,7,7,7,7,7,7,7,7,7,7,7,7,7,7,7,7,7,7,7,7,7,7,7,7,7,9),(0.,
    5.224340695764E-02,7.772582375951E-02,9.271275822752E-02,
    0.136544282413,0.164254164592,0.186841557968,0.209798082195,
    0.228661400784,0.273386358104,0.318543774609,0.328180950266,
    0.392101978937,0.455007034281,0.48562576694,0.531605071536,
    0.577587708766,0.609633732272,0.632054367941,0.661513620665,
    0.703087850945,0.739117859009,0.847113519946,0.917768426532,
    0.953080747975,0.988319407808,1.),.UNSPECIFIED.);
#649 = CARTESIAN_POINT('',(0.501237100515,2.033845196972E-02));
#650 = CARTESIAN_POINT('',(0.501230933938,2.048502036556E-02));
#651 = CARTESIAN_POINT('',(0.501224755203,2.063250360709E-02));
#652 = CARTESIAN_POINT('',(0.501218564159,2.078090849403E-02));
#653 = CARTESIAN_POINT('',(0.501212360645,2.093025117997E-02));
#654 = CARTESIAN_POINT('',(0.501206144456,2.108054186336E-02));
#655 = CARTESIAN_POINT('',(0.501199915341,2.123178156036E-02));
#656 = CARTESIAN_POINT('',(0.501193673027,2.138397095957E-02));
#657 = CARTESIAN_POINT('',(0.501184365931,2.161183751059E-02));
#658 = CARTESIAN_POINT('',(0.501181311404,2.168677441827E-02));
#659 = CARTESIAN_POINT('',(0.501178253653,2.176194363338E-02));
#660 = CARTESIAN_POINT('',(0.501175192652,2.1837346538E-02));
#661 = CARTESIAN_POINT('',(0.501172128371,2.191298434467E-02));
#662 = CARTESIAN_POINT('',(0.501169060786,2.198885809639E-02));
#663 = CARTESIAN_POINT('',(0.501165989869,2.206496866661E-02));
#664 = CARTESIAN_POINT('',(0.501161107529,2.218621927734E-02));
#665 = CARTESIAN_POINT('',(0.501159298302,2.223120381781E-02));
#666 = CARTESIAN_POINT('',(0.501157487909,2.227627075346E-02));
#667 = CARTESIAN_POINT('',(0.501155676344,2.232142017509E-02));
#668 = CARTESIAN_POINT('',(0.501153863604,2.236665204791E-02));
#669 = CARTESIAN_POINT('',(0.501152049686,2.241196636799E-02));
#670 = CARTESIAN_POINT('',(0.501150234583,2.245736331866E-02));
#671 = CARTESIAN_POINT('',(0.501143106263,2.263585694184E-02));
#672 = CARTESIAN_POINT('',(0.501137784036,2.276958280026E-02));
#673 = CARTESIAN_POINT('',(0.50113245137,2.290403606121E-02));
#674 = CARTESIAN_POINT('',(0.501127108085,2.303922760394E-02));
#675 = CARTESIAN_POINT('',(0.501121754062,2.317516416329E-02));
#676 = CARTESIAN_POINT('',(0.501116389248,2.331184836525E-02));
#677 = CARTESIAN_POINT('',(0.501111013655,2.344927876238E-02));
#678 = CARTESIAN_POINT('',(0.501102222205,2.367480036576E-02));
#679 = CARTESIAN_POINT('',(0.501098812772,2.376244685938E-02));
#680 = CARTESIAN_POINT('',(0.501095399118,2.385038898305E-02));
#681 = CARTESIAN_POINT('',(0.501091981289,2.393862653169E-02));
#682 = CARTESIAN_POINT('',(0.501088559329,2.402715946227E-02));
#683 = CARTESIAN_POINT('',(0.501085133279,2.411598789388E-02));
#684 = CARTESIAN_POINT('',(0.501081703176,2.420511210766E-02));
#685 = CARTESIAN_POINT('',(0.50107546977,2.43674225688E-02));
#686 = CARTESIAN_POINT('',(0.501072667814,2.444050959846E-02));
#687 = CARTESIAN_POINT('',(0.501069863208,2.45137931695E-02));
#688 = CARTESIAN_POINT('',(0.50106705597,2.458727483862E-02));
#689 = CARTESIAN_POINT('',(0.501064246116,2.466095367816E-02));
#690 = CARTESIAN_POINT('',(0.501061433664,2.473482993501E-02));
#691 = CARTESIAN_POINT('',(0.501058618629,2.480890675167E-02));
#692 = CARTESIAN_POINT('',(0.501052937362,2.495866684405E-02));
#693 = CARTESIAN_POINT('',(0.501050071044,2.503435740547E-02));
#694 = CARTESIAN_POINT('',(0.501047202062,2.511025068147E-02));
#695 = CARTESIAN_POINT('',(0.50104433041,2.518634620868E-02));
#696 = CARTESIAN_POINT('',(0.50104145608,2.526264390836E-02));
#697 = CARTESIAN_POINT('',(0.501038579058,2.533914408641E-02));
#698 = CARTESIAN_POINT('',(0.501035699327,2.54158474333E-02));
#699 = CARTESIAN_POINT('',(0.50103044836,2.555594979628E-02));
#700 = CARTESIAN_POINT('',(0.501028078012,2.561928239426E-02));
#701 = CARTESIAN_POINT('',(0.501025705814,2.568275338497E-02));
#702 = CARTESIAN_POINT('',(0.501023331758,2.574636343459E-02));
#703 = CARTESIAN_POINT('',(0.501020955836,2.581011330872E-02));
#704 = CARTESIAN_POINT('',(0.501018578041,2.587400387231E-02));
#705 = CARTESIAN_POINT('',(0.501016198369,2.593803608971E-02));
#706 = CARTESIAN_POINT('',(0.501008170149,2.615436989835E-02));
#707 = CARTESIAN_POINT('',(0.501002512927,2.63073301056E-02));
#708 = CARTESIAN_POINT('',(0.500996845206,2.646109527628E-02));
#709 = CARTESIAN_POINT('',(0.500991167031,2.661566800815E-02));
#710 = CARTESIAN_POINT('',(0.500985478429,2.677104986674E-02));
#711 = CARTESIAN_POINT('',(0.500979779412,2.692724138543E-02));
#712 = CARTESIAN_POINT('',(0.500974069978,2.708424206539E-02));
#713 = CARTESIAN_POINT('',(0.50096257493,2.740138457587E-02));
#714 = CARTESIAN_POINT('',(0.500956789121,2.756154188917E-02));
#715 = CARTESIAN_POINT('',(0.500950992677,2.772252591021E-02));
#716 = CARTESIAN_POINT('',(0.500945185596,2.788434029113E-02));
#717 = CARTESIAN_POINT('',(0.500939367878,2.804698874149E-02));
#718 = CARTESIAN_POINT('',(0.500933539525,2.821047502833E-02));
#719 = CARTESIAN_POINT('',(0.500927700542,2.837480297608E-02));
#720 = CARTESIAN_POINT('',(0.500920602552,2.857522662161E-02));
#721 = CARTESIAN_POINT('',(0.500919353687,2.861051528535E-02));
#722 = CARTESIAN_POINT('',(0.500918104337,2.864584249104E-02));
#723 = CARTESIAN_POINT('',(0.500916854504,2.868120827118E-02));
#724 = CARTESIAN_POINT('',(0.500915604186,2.871661265757E-02));
#725 = CARTESIAN_POINT('',(0.500914353385,2.875205568138E-02));
#726 = CARTESIAN_POINT('',(0.5009131021,2.878753737309E-02));
#727 = CARTESIAN_POINT('',(0.500903547654,2.905865548028E-02));
#728 = CARTESIAN_POINT('',(0.500895223697,2.929595809473E-02));
#729 = CARTESIAN_POINT('',(0.500886878447,2.953496253404E-02));
#730 = CARTESIAN_POINT('',(0.500878511935,2.977570610829E-02));
#731 = CARTESIAN_POINT('',(0.500870124115,3.001814684119E-02));
#732 = CARTESIAN_POINT('',(0.500861715045,3.026233307442E-02));
#733 = CARTESIAN_POINT('',(0.500853284721,3.050825697629E-02));
#734 = CARTESIAN_POINT('',(0.50083651595,3.099966736394E-02));
#735 = CARTESIAN_POINT('',(0.500828178175,3.124509891605E-02));
#736 = CARTESIAN_POINT('',(0.500819819867,3.149222920603E-02));
#737 = CARTESIAN_POINT('',(0.500811441054,3.174106778635E-02));
#738 = CARTESIAN_POINT('',(0.50080304177,3.199162362889E-02));
#739 = CARTESIAN_POINT('',(0.50079462206,3.224390258075E-02));
#740 = CARTESIAN_POINT('',(0.500786181976,3.249790840391E-02));
#741 = CARTESIAN_POINT('',(0.500773603523,3.287812717695E-02));
#742 = CARTESIAN_POINT('',(0.500769480653,3.300301772213E-02));
#743 = CARTESIAN_POINT('',(0.500765352979,3.312831988625E-02));
#744 = CARTESIAN_POINT('',(0.500761220507,3.325403444945E-02));
#745 = CARTESIAN_POINT('',(0.500757083247,3.338016211982E-02));
#746 = CARTESIAN_POINT('',(0.500752941207,3.350670353343E-02));
#747 = CARTESIAN_POINT('',(0.500748794399,3.363365925427E-02));
#748 = CARTESIAN_POINT('',(0.500738408541,3.395229857582E-02));
#749 = CARTESIAN_POINT('',(0.500732163519,3.414450275246E-02));
#750 = CARTESIAN_POINT('',(0.500725907805,3.43376437865E-02));
#751 = CARTESIAN_POINT('',(0.500719641444,3.453172339005E-02));
#752 = CARTESIAN_POINT('',(0.500713364482,3.472674311762E-02));
#753 = CARTESIAN_POINT('',(0.500707076969,3.49227042023E-02));
#754 = CARTESIAN_POINT('',(0.500700778959,3.511960761556E-02));
#755 = CARTESIAN_POINT('',(0.500688161602,3.551531544966E-02));
#756 = CARTESIAN_POINT('',(0.500681842258,3.571411964006E-02));
#757 = CARTESIAN_POINT('',(0.500675512525,3.591386816332E-02));
#758 = CARTESIAN_POINT('',(0.500669172484,3.611456477864E-02));
#759 = CARTESIAN_POINT('',(0.500662822209,3.631620821792E-02));
#760 = CARTESIAN_POINT('',(0.50065646181,3.651880014294E-02));
#761 = CARTESIAN_POINT('',(0.500650091397,3.672233863206E-02));
#762 = CARTESIAN_POINT('',(0.500639264577,3.706932997113E-02));
#763 = CARTESIAN_POINT('',(0.500634813256,3.721229656366E-02));
#764 = CARTESIAN_POINT('',(0.500630357155,3.735572141922E-02));
#765 = CARTESIAN_POINT('',(0.50062589628,3.749960448429E-02));
#766 = CARTESIAN_POINT('',(0.500621430635,3.76439461898E-02));
#767 = CARTESIAN_POINT('',(0.50061696022,3.77887474511E-02));
#768 = CARTESIAN_POINT('',(0.50061248503,3.793400966799E-02));
#769 = CARTESIAN_POINT('',(0.500604870694,3.818168954321E-02));
#770 = CARTESIAN_POINT('',(0.500601733988,3.82838713304E-02));
#771 = CARTESIAN_POINT('',(0.500598594949,3.83862791401E-02));
#772 = CARTESIAN_POINT('',(0.500595453559,3.848891576453E-02));
#773 = CARTESIAN_POINT('',(0.500592309822,3.859178141643E-02));
#774 = CARTESIAN_POINT('',(0.500589163752,3.869487500226E-02));
#775 = CARTESIAN_POINT('',(0.500586015352,3.8798196911E-02));
#776 = CARTESIAN_POINT('',(0.500578724779,3.903780560232E-02));
#777 = CARTESIAN_POINT('',(0.50057458092,3.917425816907E-02));
#778 = CARTESIAN_POINT('',(0.500570433062,3.93111049667E-02));
#779 = CARTESIAN_POINT('',(0.500566281221,3.944834601277E-02));
#780 = CARTESIAN_POINT('',(0.500562125415,3.958598131892E-02));
#781 = CARTESIAN_POINT('',(0.500557965663,3.972401089089E-02));
#782 = CARTESIAN_POINT('',(0.500553801985,3.986243472852E-02));
#783 = CARTESIAN_POINT('',(0.500543752925,4.019715920548E-02));
#784 = CARTESIAN_POINT('',(0.500537863674,4.03938507553E-02));
#785 = CARTESIAN_POINT('',(0.500531966739,4.059132688328E-02));
#786 = CARTESIAN_POINT('',(0.500526062207,4.078958682535E-02));
#787 = CARTESIAN_POINT('',(0.500520150162,4.098862964527E-02));
#788 = CARTESIAN_POINT('',(0.50051423069,4.118845423464E-02));
#789 = CARTESIAN_POINT('',(0.500508303875,4.138905931288E-02));
#790 = CARTESIAN_POINT('',(0.500497227075,4.176497152359E-02));
#791 = CARTESIAN_POINT('',(0.500492078898,4.194008472444E-02));
#792 = CARTESIAN_POINT('',(0.500486925321,4.211578246367E-02));
#793 = CARTESIAN_POINT('',(0.500481766398,4.229206409746E-02));
#794 = CARTESIAN_POINT('',(0.500476602183,4.246892890437E-02));
#795 = CARTESIAN_POINT('',(0.500471432732,4.264637608535E-02));
#796 = CARTESIAN_POINT('',(0.500466258101,4.282440476369E-02));
#797 = CARTESIAN_POINT('',(0.500445552651,4.353837438354E-02));
#798 = CARTESIAN_POINT('',(0.500429980935,4.407894683767E-02));
#799 = CARTESIAN_POINT('',(0.500414364738,4.462471827584E-02));
#800 = CARTESIAN_POINT('',(0.500398705632,4.517564703968E-02));
#801 = CARTESIAN_POINT('',(0.500383005275,4.573170295192E-02));
#802 = CARTESIAN_POINT('',(0.500367265395,4.629285459413E-02));
#803 = CARTESIAN_POINT('',(0.500351487769,4.685905163381E-02));
#804 = CARTESIAN_POINT('',(0.500325328442,4.780394994475E-02));
#805 = CARTESIAN_POINT('',(0.500314967274,4.817979006761E-02));
#806 = CARTESIAN_POINT('',(0.500304591266,4.855775729547E-02));
#807 = CARTESIAN_POINT('',(0.500294200955,4.893783745424E-02));
#808 = CARTESIAN_POINT('',(0.500283796893,4.932001377264E-02));
#809 = CARTESIAN_POINT('',(0.500273379647,4.970426947464E-02));
#810 = CARTESIAN_POINT('',(0.500262949802,5.009058896343E-02));
#811 = CARTESIAN_POINT('',(0.50024728926,5.067305045674E-02));
#812 = CARTESIAN_POINT('',(0.500242067571,5.086765931039E-02));
#813 = CARTESIAN_POINT('',(0.500236842957,5.106277643174E-02));
#814 = CARTESIAN_POINT('',(0.500231615494,5.125839928823E-02));
#815 = CARTESIAN_POINT('',(0.500226385258,5.145452539879E-02));
#816 = CARTESIAN_POINT('',(0.500221152326,5.165115242364E-02));
#817 = CARTESIAN_POINT('',(0.500215916777,5.184827794846E-02));
#818 = CARTESIAN_POINT('',(0.500205451534,5.224310771884E-02));
#819 = CARTESIAN_POINT('',(0.500200221851,5.244080983392E-02));
#820 = CARTESIAN_POINT('',(0.500194989724,5.263900236367E-02));
#821 = CARTESIAN_POINT('',(0.500189755234,5.283768239167E-02));
#822 = CARTESIAN_POINT('',(0.500184518463,5.303684702932E-02));
#823 = CARTESIAN_POINT('',(0.500179279495,5.32364934159E-02));
#824 = CARTESIAN_POINT('',(0.500174038411,5.343661871857E-02));
#825 = CARTESIAN_POINT('',(0.500167057357,5.370371367416E-02));
#826 = CARTESIAN_POINT('',(0.500165319194,5.377025952877E-02));
#827 = CARTESIAN_POINT('',(0.500163580811,5.383685757867E-02));
#828 = CARTESIAN_POINT('',(0.500161842211,5.390350770628E-02));
#829 = CARTESIAN_POINT('',(0.500160103397,5.397020979393E-02));
#830 = CARTESIAN_POINT('',(0.500158364373,5.403696372387E-02));
#831 = CARTESIAN_POINT('',(0.500156625141,5.410376937825E-02));
#832 = CARTESIAN_POINT('',(0.500154885705,5.417062663913E-02));
#833 = ( GEOMETRIC_REPRESENTATION_CONTEXT(2) 
PARAMETRIC_REPRESENTATION_CONTEXT() REPRESENTATION_CONTEXT('2D SPACE',''
  ) );
#834 = PCURVE('',#310,#835);
#835 = DEFINITIONAL_REPRESENTATION('',(#836),#1021);
#836 = B_SPLINE_CURVE_WITH_KNOTS('',8,(#837,#838,#839,#840,#841,#842,
    #843,#844,#845,#846,#847,#848,#849,#850,#851,#852,#853,#854,#855,
    #856,#857,#858,#859,#860,#861,#862,#863,#864,#865,#866,#867,#868,
    #869,#870,#871,#872,#873,#874,#875,#876,#877,#878,#879,#880,#881,
    #882,#883,#884,#885,#886,#887,#888,#889,#890,#891,#892,#893,#894,
    #895,#896,#897,#898,#899,#900,#901,#902,#903,#904,#905,#906,#907,
    #908,#909,#910,#911,#912,#913,#914,#915,#916,#917,#918,#919,#920,
    #921,#922,#923,#924,#925,#926,#927,#928,#929,#930,#931,#932,#933,
    #934,#935,#936,#937,#938,#939,#940,#941,#942,#943,#944,#945,#946,
    #947,#948,#949,#950,#951,#952,#953,#954,#955,#956,#957,#958,#959,
    #960,#961,#962,#963,#964,#965,#966,#967,#968,#969,#970,#971,#972,
    #973,#974,#975,#976,#977,#978,#979,#980,#981,#982,#983,#984,#985,
    #986,#987,#988,#989,#990,#991,#992,#993,#994,#995,#996,#997,#998,
    #999,#1000,#1001,#1002,#1003,#1004,#1005,#1006,#1007,#1008,#1009,
    #1010,#1011,#1012,#1013,#1014,#1015,#1016,#1017,#1018,#1019,#1020),
  .UNSPECIFIED.,.F.,.F.,(9,7,7,7,7,7,7,7,7,7,7,7,7,7,7,7,7,7,7,7,7,7,7,7
    ,7,7,9),(0.,5.224340695764E-02,7.772582375951E-02,9.271275822752E-02
    ,0.136544282413,0.164254164592,0.186841557968,0.209798082195,
    0.228661400784,0.273386358104,0.318543774609,0.328180950266,
    0.392101978937,0.455007034281,0.48562576694,0.531605071536,
    0.577587708766,0.609633732272,0.632054367941,0.661513620665,
    0.703087850945,0.739117859009,0.847113519946,0.917768426532,
    0.953080747975,0.988319407808,1.),.UNSPECIFIED.);
#837 = CARTESIAN_POINT('',(1.,0.849941407621));
#838 = CARTESIAN_POINT('',(1.004761051216,0.845010472063));
#839 = CARTESIAN_POINT('',(1.009859010165,0.840057919192));
#840 = CARTESIAN_POINT('',(1.015239821888,0.83508750329));
#841 = CARTESIAN_POINT('',(1.020852828003,0.830102740996));
#842 = CARTESIAN_POINT('',(1.026643299414,0.825107403094));
#843 = CARTESIAN_POINT('',(1.032551628999,0.82010556663));
#844 = CARTESIAN_POINT('',(1.038519184276,0.81510122735));
#845 = CARTESIAN_POINT('',(1.047418492999,0.807656821006));
#846 = CARTESIAN_POINT('',(1.050339451913,0.805216316392));
#847 = CARTESIAN_POINT('',(1.053257914476,0.802776354734));
#848 = CARTESIAN_POINT('',(1.056168170018,0.80033732772));
#849 = CARTESIAN_POINT('',(1.059064579532,0.797899622626));
#850 = CARTESIAN_POINT('',(1.061941575665,0.795463622311));
#851 = CARTESIAN_POINT('',(1.064793662728,0.793029705222));
#852 = CARTESIAN_POINT('',(1.069274878266,0.789168238967));
#853 = CARTESIAN_POINT('',(1.070924167048,0.787739068008));
#854 = CARTESIAN_POINT('',(1.072561637421,0.786310832957));
#855 = CARTESIAN_POINT('',(1.074186272289,0.784883605713));
#856 = CARTESIAN_POINT('',(1.075797312698,0.783457446328));
#857 = CARTESIAN_POINT('',(1.077393887465,0.782032419713));
#858 = CARTESIAN_POINT('',(1.078974642797,0.780608612333));
#859 = CARTESIAN_POINT('',(1.085107324787,0.775025965943));
#860 = CARTESIAN_POINT('',(1.089519828328,0.770877432917));
#861 = CARTESIAN_POINT('',(1.093715482365,0.76674385082));
#862 = CARTESIAN_POINT('',(1.097637827207,0.762628381581));
#863 = CARTESIAN_POINT('',(1.101233918723,0.758534017363));
#864 = CARTESIAN_POINT('',(1.10445490342,0.754463549855));
#865 = CARTESIAN_POINT('',(1.107256593517,0.750419539556));
#866 = CARTESIAN_POINT('',(1.111081521943,0.743865880587));
#867 = CARTESIAN_POINT('',(1.11238005952,0.741338953752));
#868 = CARTESIAN_POINT('',(1.113499915195,0.738823018442));
#869 = CARTESIAN_POINT('',(1.11444510607,0.736317609355));
#870 = CARTESIAN_POINT('',(1.115219405901,0.733822282009));
#871 = CARTESIAN_POINT('',(1.115826345096,0.731336612743));
#872 = CARTESIAN_POINT('',(1.116269210718,0.728860198716));
#873 = CARTESIAN_POINT('',(1.116780979731,0.72438126141));
#874 = CARTESIAN_POINT('',(1.11690272147,0.722375807177));
#875 = CARTESIAN_POINT('',(1.11692272585,0.720375892964));
#876 = CARTESIAN_POINT('',(1.11683341282,0.71838168872));
#877 = CARTESIAN_POINT('',(1.116645393285,0.71639262975));
#878 = CARTESIAN_POINT('',(1.116361134761,0.714408485853));
#879 = CARTESIAN_POINT('',(1.115962743696,0.712429855589));
#880 = CARTESIAN_POINT('',(1.115001794415,0.70844817391));
#881 = CARTESIAN_POINT('',(1.114431375328,0.706445464572));
#882 = CARTESIAN_POINT('',(1.113790165272,0.704446262851));
#883 = CARTESIAN_POINT('',(1.113092782752,0.702449835621));
#884 = CARTESIAN_POINT('',(1.112353582898,0.70045546053));
#885 = CARTESIAN_POINT('',(1.111586657463,0.698462426));
#886 = CARTESIAN_POINT('',(1.110805834825,0.696470031225));
#887 = CARTESIAN_POINT('',(1.109382838957,0.692840397449));
#888 = CARTESIAN_POINT('',(1.108740935358,0.691203168698));
#889 = CARTESIAN_POINT('',(1.108106545975,0.689565515103));
#890 = CARTESIAN_POINT('',(1.107487297495,0.687927050299));
#891 = CARTESIAN_POINT('',(1.1068908665,0.686287386368));
#892 = CARTESIAN_POINT('',(1.106324979474,0.684646133843));
#893 = CARTESIAN_POINT('',(1.105797412799,0.683002901705));
#894 = CARTESIAN_POINT('',(1.104174154392,0.677455586625));
#895 = CARTESIAN_POINT('',(1.103284338549,0.67354092503));
#896 = CARTESIAN_POINT('',(1.102614915944,0.669614985119));
#897 = CARTESIAN_POINT('',(1.102133582281,0.665679462546));
#898 = CARTESIAN_POINT('',(1.101807358246,0.661736076096));
#899 = CARTESIAN_POINT('',(1.101602589512,0.657786567689));
#900 = CARTESIAN_POINT('',(1.101484946736,0.653832702375));
#901 = CARTESIAN_POINT('',(1.101353456082,0.645881569061));
#902 = CARTESIAN_POINT('',(1.101341243875,0.641884225361));
#903 = CARTESIAN_POINT('',(1.101385740616,0.637884121383));
#904 = CARTESIAN_POINT('',(1.101489905044,0.633881142282));
#905 = CARTESIAN_POINT('',(1.10165670296,0.629875174225));
#906 = CARTESIAN_POINT('',(1.101889107225,0.625866104388));
#907 = CARTESIAN_POINT('',(1.102190097762,0.621853820959));
#908 = CARTESIAN_POINT('',(1.102642166154,0.616981230845));
#909 = CARTESIAN_POINT('',(1.102724898776,0.616124098673));
#910 = CARTESIAN_POINT('',(1.102810784294,0.615266820555));
#911 = CARTESIAN_POINT('',(1.10289974754,0.614409400424));
#912 = CARTESIAN_POINT('',(1.102991713305,0.613551842216));
#913 = CARTESIAN_POINT('',(1.10308660634,0.612694149867));
#914 = CARTESIAN_POINT('',(1.103184351355,0.611836327317));
#915 = CARTESIAN_POINT('',(1.103951194131,0.605287841671));
#916 = CARTESIAN_POINT('',(1.104742899878,0.599591537567));
#917 = CARTESIAN_POINT('',(1.105622840175,0.593891621282));
#918 = CARTESIAN_POINT('',(1.106607425982,0.58818668982));
#919 = CARTESIAN_POINT('',(1.107612433521,0.582482028823));
#920 = CARTESIAN_POINT('',(1.10867453704,0.576774904336));
#921 = CARTESIAN_POINT('',(1.109755711313,0.571067540203));
#922 = CARTESIAN_POINT('',(1.111921376045,0.559743639651));
#923 = CARTESIAN_POINT('',(1.113003517593,0.554127164442));
#924 = CARTESIAN_POINT('',(1.114083204284,0.548511468361));
#925 = CARTESIAN_POINT('',(1.115142350801,0.542897237034));
#926 = CARTESIAN_POINT('',(1.116162539442,0.537285161228));
#927 = CARTESIAN_POINT('',(1.117128039855,0.531675924615));
#928 = CARTESIAN_POINT('',(1.11802447696,0.526070197039));
#929 = CARTESIAN_POINT('',(1.119226666924,0.51774209703));
#930 = CARTESIAN_POINT('',(1.119599130578,0.515016541955));
#931 = CARTESIAN_POINT('',(1.119948143382,0.512292037853));
#932 = CARTESIAN_POINT('',(1.120271332932,0.509568654244));
#933 = CARTESIAN_POINT('',(1.120566349086,0.506846460414));
#934 = CARTESIAN_POINT('',(1.120830863961,0.504125525413));
#935 = CARTESIAN_POINT('',(1.121062571932,0.501405918053));
#936 = CARTESIAN_POINT('',(1.121554659904,0.494605834978));
#937 = CARTESIAN_POINT('',(1.121770446437,0.490527135611));
#938 = CARTESIAN_POINT('',(1.121898160148,0.486451870827));
#939 = CARTESIAN_POINT('',(1.121935519422,0.482380039522));
#940 = CARTESIAN_POINT('',(1.121880685793,0.47831162468));
#941 = CARTESIAN_POINT('',(1.121729912089,0.474246696042));
#942 = CARTESIAN_POINT('',(1.121478503032,0.470185368219));
#943 = CARTESIAN_POINT('',(1.120771069344,0.462069579811));
#944 = CARTESIAN_POINT('',(1.120316627154,0.458015115276));
#945 = CARTESIAN_POINT('',(1.119758843463,0.453964262262));
#946 = CARTESIAN_POINT('',(1.119045724737,0.449917875493));
#947 = CARTESIAN_POINT('',(1.118186007777,0.445875820046));
#948 = CARTESIAN_POINT('',(1.117132881267,0.441838880745));
#949 = CARTESIAN_POINT('',(1.115878776287,0.437807205805));
#950 = CARTESIAN_POINT('',(1.113364206116,0.430975526712));
#951 = CARTESIAN_POINT('',(1.112221230769,0.428172571985));
#952 = CARTESIAN_POINT('',(1.110985800796,0.425371886804));
#953 = CARTESIAN_POINT('',(1.109675564516,0.422572957591));
#954 = CARTESIAN_POINT('',(1.108307976239,0.419775273498));
#955 = CARTESIAN_POINT('',(1.106900296266,0.416978326403));
#956 = CARTESIAN_POINT('',(1.105469590894,0.414181610911));
#957 = CARTESIAN_POINT('',(1.103027091182,0.409427757575));
#958 = CARTESIAN_POINT('',(1.10202071655,0.40747067555));
#959 = CARTESIAN_POINT('',(1.101011896121,0.405513483151));
#960 = CARTESIAN_POINT('',(1.100016915846,0.403555622749));
#961 = CARTESIAN_POINT('',(1.099038611664,0.401597031658));
#962 = CARTESIAN_POINT('',(1.098073519273,0.399637879652));
#963 = CARTESIAN_POINT('',(1.097126125369,0.39767804472));
#964 = CARTESIAN_POINT('',(1.094980051153,0.39314144244));
#965 = CARTESIAN_POINT('',(1.093795342804,0.390564169289));
#966 = CARTESIAN_POINT('',(1.092649377509,0.387985587044));
#967 = CARTESIAN_POINT('',(1.091546953111,0.385405617687));
#968 = CARTESIAN_POINT('',(1.090492886474,0.38282418389));
#969 = CARTESIAN_POINT('',(1.089492013485,0.380241209015));
#970 = CARTESIAN_POINT('',(1.088549189049,0.377656617116));
#971 = CARTESIAN_POINT('',(1.086427525122,0.371420451784));
#972 = CARTESIAN_POINT('',(1.085310966105,0.367767203284));
#973 = CARTESIAN_POINT('',(1.08431211164,0.364110816581));
#974 = CARTESIAN_POINT('',(1.083423412069,0.36045152101));
#975 = CARTESIAN_POINT('',(1.082637266476,0.356789546096));
#976 = CARTESIAN_POINT('',(1.081946022687,0.353125121553));
#977 = CARTESIAN_POINT('',(1.081341977274,0.349458477283));
#978 = CARTESIAN_POINT('',(1.080362739298,0.342610448026));
#979 = CARTESIAN_POINT('',(1.079967864025,0.339429556447));
#980 = CARTESIAN_POINT('',(1.079631429026,0.336247234778));
#981 = CARTESIAN_POINT('',(1.079352107609,0.33306354961));
#982 = CARTESIAN_POINT('',(1.079128567089,0.329878567988));
#983 = CARTESIAN_POINT('',(1.078959468791,0.326692357412));
#984 = CARTESIAN_POINT('',(1.078843468052,0.323504985838));
#985 = CARTESIAN_POINT('',(1.078586378669,0.31075943264));
#986 = CARTESIAN_POINT('',(1.078861937178,0.301192810227));
#987 = CARTESIAN_POINT('',(1.079555177355,0.291617486987));
#988 = CARTESIAN_POINT('',(1.080580942003,0.282037647112));
#989 = CARTESIAN_POINT('',(1.081878805884,0.272454426552));
#990 = CARTESIAN_POINT('',(1.083401091575,0.262868491599));
#991 = CARTESIAN_POINT('',(1.085084437179,0.253282950401));
#992 = CARTESIAN_POINT('',(1.088020863238,0.237427109212));
#993 = CARTESIAN_POINT('',(1.089223467004,0.23115655661));
#994 = CARTESIAN_POINT('',(1.090444267121,0.224886747354));
#995 = CARTESIAN_POINT('',(1.091670955407,0.218618141446));
#996 = CARTESIAN_POINT('',(1.092883934281,0.212350611377));
#997 = CARTESIAN_POINT('',(1.094065822358,0.206084187804));
#998 = CARTESIAN_POINT('',(1.095207642312,0.19981949455));
#999 = CARTESIAN_POINT('',(1.096816875815,0.190425934272));
#1000 = CARTESIAN_POINT('',(1.097336448501,0.187296009879));
#1001 = CARTESIAN_POINT('',(1.097835237019,0.184166472975));
#1002 = CARTESIAN_POINT('',(1.098311315736,0.181037306969));
#1003 = CARTESIAN_POINT('',(1.098762081423,0.177908508031));
#1004 = CARTESIAN_POINT('',(1.09918357882,0.174780097236));
#1005 = CARTESIAN_POINT('',(1.09957209833,0.171652091782));
#1006 = CARTESIAN_POINT('',(1.100283436677,0.165403299697));
#1007 = CARTESIAN_POINT('',(1.100606966043,0.162282501079));
#1008 = CARTESIAN_POINT('',(1.100898951045,0.159161984767));
#1009 = CARTESIAN_POINT('',(1.101159687089,0.156041696456));
#1010 = CARTESIAN_POINT('',(1.101389447864,0.152921582199));
#1011 = CARTESIAN_POINT('',(1.101588485342,0.149801588411));
#1012 = CARTESIAN_POINT('',(1.101757029782,0.146681661866));
#1013 = CARTESIAN_POINT('',(1.101941124103,0.142527589442));
#1014 = CARTESIAN_POINT('',(1.101983542438,0.14149343044));
#1015 = CARTESIAN_POINT('',(1.102023378608,0.140459273858));
#1016 = CARTESIAN_POINT('',(1.102061466498,0.139425120861));
#1017 = CARTESIAN_POINT('',(1.102098640006,0.138390972614));
#1018 = CARTESIAN_POINT('',(1.10213573304,0.137356830275));
#1019 = CARTESIAN_POINT('',(1.10217357952,0.136322695001));
#1020 = CARTESIAN_POINT('',(1.102213013374,0.135288567945));
#1021 = ( GEOMETRIC_REPRESENTATION_CONTEXT(2) 
PARAMETRIC_REPRESENTATION_CONTEXT() REPRESENTATION_CONTEXT('2D SPACE',''
  ) );
#1022 = ORIENTED_EDGE('',*,*,#225,.F.);
#1023 = ORIENTED_EDGE('',*,*,#1024,.F.);
#1024 = EDGE_CURVE('',#433,#22,#1025,.T.);
#1025 = SURFACE_CURVE('',#1026,(#1211,#1399),.PCURVE_S1.);
#1026 = B_SPLINE_CURVE_WITH_KNOTS('',8,(#1027,#1028,#1029,#1030,#1031,
    #1032,#1033,#1034,#1035,#1036,#1037,#1038,#1039,#1040,#1041,#1042,
    #1043,#1044,#1045,#1046,#1047,#1048,#1049,#1050,#1051,#1052,#1053,
    #1054,#1055,#1056,#1057,#1058,#1059,#1060,#1061,#1062,#1063,#1064,
    #1065,#1066,#1067,#1068,#1069,#1070,#1071,#1072,#1073,#1074,#1075,
    #1076,#1077,#1078,#1079,#1080,#1081,#1082,#1083,#1084,#1085,#1086,
    #1087,#1088,#1089,#1090,#1091,#1092,#1093,#1094,#1095,#1096,#1097,
    #1098,#1099,#1100,#1101,#1102,#1103,#1104,#1105,#1106,#1107,#1108,
    #1109,#1110,#1111,#1112,#1113,#1114,#1115,#1116,#1117,#1118,#1119,
    #1120,#1121,#1122,#1123,#1124,#1125,#1126,#1127,#1128,#1129,#1130,
    #1131,#1132,#1133,#1134,#1135,#1136,#1137,#1138,#1139,#1140,#1141,
    #1142,#1143,#1144,#1145,#1146,#1147,#1148,#1149,#1150,#1151,#1152,
    #1153,#1154,#1155,#1156,#1157,#1158,#1159,#1160,#1161,#1162,#1163,
    #1164,#1165,#1166,#1167,#1168,#1169,#1170,#1171,#1172,#1173,#1174,
    #1175,#1176,#1177,#1178,#1179,#1180,#1181,#1182,#1183,#1184,#1185,
    #1186,#1187,#1188,#1189,#1190,#1191,#1192,#1193,#1194,#1195,#1196,
    #1197,#1198,#1199,#1200,#1201,#1202,#1203,#1204,#1205,#1206,#1207,
    #1208,#1209,#1210),.UNSPECIFIED.,.F.,.F.,(9,7,7,7,7,7,7,7,7,7,7,7,7,
    7,7,7,7,7,7,7,7,7,7,7,7,7,9),(0.,1.164936737597E-02,
    4.621987646784E-02,0.108119859865,0.201916748428,0.24890885183,
    0.297068468243,0.337871996911,0.372661862451,0.390263270768,
    0.42243535942,0.452191286652,0.478935780879,0.526282233014,
    0.598409436497,0.634514505447,0.671849586522,0.698367518728,
    0.725973790964,0.771231909209,0.790556694537,0.812669333054,
    0.829565837611,0.863406347022,0.904487346927,0.947448406971,1.),
  .UNSPECIFIED.);
#1027 = CARTESIAN_POINT('',(-10.26215554127,4.199999999976,
    -8.299999999906));
#1028 = CARTESIAN_POINT('',(-10.26369035556,4.222112334084,
    -8.299999999906));
#1029 = CARTESIAN_POINT('',(-10.26522398832,4.2442247526,-8.299972614944
    ));
#1030 = CARTESIAN_POINT('',(-10.26675643684,4.266337214867,
    -8.299917856247));
#1031 = CARTESIAN_POINT('',(-10.26828769844,4.288449680177,
    -8.299835735317));
#1032 = CARTESIAN_POINT('',(-10.26981777042,4.310562107764,
    -8.299726263926));
#1033 = CARTESIAN_POINT('',(-10.27134665009,4.332674456811,
    -8.299589454121));
#1034 = CARTESIAN_POINT('',(-10.27287433478,4.354786686446,
    -8.299425318221));
#1035 = CARTESIAN_POINT('',(-10.27893080459,4.442518241156,
    -8.298665726251));
#1036 = CARTESIAN_POINT('',(-10.28345024016,4.508136313156,
    -8.297857044969));
#1037 = CARTESIAN_POINT('',(-10.28795906756,4.573751929543,
    -8.296808154431));
#1038 = CARTESIAN_POINT('',(-10.29245722525,4.63936405351,
    -8.295519404088));
#1039 = CARTESIAN_POINT('',(-10.29694465106,4.704971653635,
    -8.29399116338));
#1040 = CARTESIAN_POINT('',(-10.30142128227,4.770573703891,
    -8.292223821742));
#1041 = CARTESIAN_POINT('',(-10.30588705554,4.836169183635,
    -8.290217788597));
#1042 = CARTESIAN_POINT('',(-10.31831851126,5.019195022612,
    -8.283954986004));
#1043 = CARTESIAN_POINT('',(-10.32626009337,5.136608650542,
    -8.279172597836));
#1044 = CARTESIAN_POINT('',(-10.33416628019,5.253992029399,
    -8.273628797061));
#1045 = CARTESIAN_POINT('',(-10.34203682234,5.371339894314,-8.267326222)
  );
#1046 = CARTESIAN_POINT('',(-10.34987138649,5.488646320021,
    -8.260267732456));
#1047 = CARTESIAN_POINT('',(-10.35766968441,5.605906322792,
    -8.252456325499));
#1048 = CARTESIAN_POINT('',(-10.36543142934,5.723114390707,
    -8.243895198271));
#1049 = CARTESIAN_POINT('',(-10.38486198551,6.0177840132,-8.220484071536
    ));
#1050 = CARTESIAN_POINT('',(-10.39648311239,6.195171542719,
    -8.204666683688));
#1051 = CARTESIAN_POINT('',(-10.40801882902,6.372409822361,
    -8.187147207036));
#1052 = CARTESIAN_POINT('',(-10.41946831033,6.549481306871,
    -8.167938167842));
#1053 = CARTESIAN_POINT('',(-10.43083081733,6.726368963357,
    -8.147052896928));
#1054 = CARTESIAN_POINT('',(-10.44210567802,6.903056212382,
    -8.124505479089));
#1055 = CARTESIAN_POINT('',(-10.45329227462,7.079526912474,
    -8.100310703114));
#1056 = CARTESIAN_POINT('',(-10.46994999883,7.344060605615,
    -8.061544879042));
#1057 = CARTESIAN_POINT('',(-10.47548767086,7.432297522056,
    -8.048196135537));
#1058 = CARTESIAN_POINT('',(-10.48100298125,7.52047416713,
    -8.034439726809));
#1059 = CARTESIAN_POINT('',(-10.48649586218,7.608588594323,
    -8.020277636795));
#1060 = CARTESIAN_POINT('',(-10.49196624987,7.696638880839,
    -8.005711888457));
#1061 = CARTESIAN_POINT('',(-10.49741408459,7.784623127607,
    -7.990744543786));
#1062 = CARTESIAN_POINT('',(-10.50283931065,7.872539459277,
    -7.975377703796));
#1063 = CARTESIAN_POINT('',(-10.51377866878,8.050415126051,
    -7.943457652976));
#1064 = CARTESIAN_POINT('',(-10.51929166723,8.14037094976,
    -7.926884450468));
#1065 = CARTESIAN_POINT('',(-10.52478081497,8.230251488879,
    -7.909896203774));
#1066 = CARTESIAN_POINT('',(-10.53024605882,8.320054768655,
    -7.892495254956));
#1067 = CARTESIAN_POINT('',(-10.53568735012,8.409778845557,
    -7.874683983751));
#1068 = CARTESIAN_POINT('',(-10.54110464567,8.499421806766,
    -7.856464805938));
#1069 = CARTESIAN_POINT('',(-10.54649790859,8.588981769674,
    -7.837840171718));
#1070 = CARTESIAN_POINT('',(-10.55641619701,8.754265215352,
    -7.802691307362));
#1071 = CARTESIAN_POINT('',(-10.56094801083,8.830012634968,
    -7.786280780399));
#1072 = CARTESIAN_POINT('',(-10.56546251913,8.905697992438,
    -7.769582497326));
#1073 = CARTESIAN_POINT('',(-10.56995969407,8.981320126862,
    -7.752597996232));
#1074 = CARTESIAN_POINT('',(-10.57443951143,9.056877864233,
    -7.735328839172));
#1075 = CARTESIAN_POINT('',(-10.57890195073,9.132370017437,
    -7.717776612164));
#1076 = CARTESIAN_POINT('',(-10.58334699513,9.207795386253,
    -7.699942925193));
#1077 = CARTESIAN_POINT('',(-10.59154971856,9.347403887137,
    -7.666385486945));
#1078 = CARTESIAN_POINT('',(-10.595312149,9.411605552582,-7.65073814578)
  );
#1079 = CARTESIAN_POINT('',(-10.59906192274,9.475757182734,
    -7.63488836148));
#1080 = CARTESIAN_POINT('',(-10.60279903988,9.539858249365,
    -7.618837101794));
#1081 = CARTESIAN_POINT('',(-10.60652350069,9.603908266974,
    -7.602585329447));
#1082 = CARTESIAN_POINT('',(-10.6102353056,9.667906792786,
    -7.586134002145));
#1083 = CARTESIAN_POINT('',(-10.61393445525,9.731853426752,
    -7.569484072573));
#1084 = CARTESIAN_POINT('',(-10.61948607673,9.828074212811,
    -7.544112706632));
#1085 = CARTESIAN_POINT('',(-10.62134796482,9.860387242098,
    -7.535538330188));
#1086 = CARTESIAN_POINT('',(-10.62320661504,9.892686853764,
    -7.526913480949));
#1087 = CARTESIAN_POINT('',(-10.62506202105,9.92497297318,
    -7.518238289407));
#1088 = CARTESIAN_POINT('',(-10.62691418484,9.957245564366,
    -7.509512875848));
#1089 = CARTESIAN_POINT('',(-10.62876311968,9.989504644405,
    -7.500737346107));
#1090 = CARTESIAN_POINT('',(-10.63060884086,10.021750244656,
    -7.49191180188));
#1091 = CARTESIAN_POINT('',(-10.63581909787,10.112896533039,
    -7.46681372437));
#1092 = CARTESIAN_POINT('',(-10.63917611319,10.171765575712,
    -7.450424396158));
#1093 = CARTESIAN_POINT('',(-10.64252243413,10.230589493495,
    -7.433869037219));
#1094 = CARTESIAN_POINT('',(-10.64585809332,10.289368278944,
    -7.417148318577));
#1095 = CARTESIAN_POINT('',(-10.64918311213,10.348101870443,
    -7.400262926029));
#1096 = CARTESIAN_POINT('',(-10.65249750066,10.40679015221,
    -7.383213560144));
#1097 = CARTESIAN_POINT('',(-10.65580125775,10.465432954294,
    -7.366000936265));
#1098 = CARTESIAN_POINT('',(-10.6621401676,10.578226440751,
    -7.33255552827));
#1099 = CARTESIAN_POINT('',(-10.66517685635,10.632383678138,
    -7.31634625612));
#1100 = CARTESIAN_POINT('',(-10.66820442496,10.68650123483,
    -7.299998655488));
#1101 = CARTESIAN_POINT('',(-10.6712228651,10.740578619218,
    -7.283513407185));
#1102 = CARTESIAN_POINT('',(-10.67423217232,10.794615377985,
    -7.266891185402));
#1103 = CARTESIAN_POINT('',(-10.67723234607,10.848611096109,
    -7.250132657711));
#1104 = CARTESIAN_POINT('',(-10.68022338972,10.902565396863,
    -7.233238485067));
#1105 = CARTESIAN_POINT('',(-10.68588544727,11.0049342958,
    -7.200903585594));
#1106 = CARTESIAN_POINT('',(-10.68855821482,11.053356895655,
    -7.185488805461));
#1107 = CARTESIAN_POINT('',(-10.69122361353,11.101745523494,
    -7.169965446081));
#1108 = CARTESIAN_POINT('',(-10.69388165797,11.150099935133,
    -7.154333983094));
#1109 = CARTESIAN_POINT('',(-10.69653235859,11.198419908952,
    -7.138594886884));
#1110 = CARTESIAN_POINT('',(-10.699175716,11.246705262111,
    -7.122748616952));
#1111 = CARTESIAN_POINT('',(-10.70181172773,11.294955834097,
    -7.106795626877));
#1112 = CARTESIAN_POINT('',(-10.70909402446,11.428528735745,
    -7.062306290204));
#1113 = CARTESIAN_POINT('',(-10.71372465088,11.513776443211,
    -7.033543185316));
#1114 = CARTESIAN_POINT('',(-10.71833232019,11.598913549403,
    -7.00444962806));
#1115 = CARTESIAN_POINT('',(-10.72291705115,11.683939133862,
    -6.975028163264));
#1116 = CARTESIAN_POINT('',(-10.72747889531,11.768852276309,
    -6.945281348698));
#1117 = CARTESIAN_POINT('',(-10.73201789937,11.853652139888,
    -6.915211722725));
#1118 = CARTESIAN_POINT('',(-10.73653407958,11.938338023725,
    -6.884821782545));
#1119 = CARTESIAN_POINT('',(-10.7478727459,12.151744200193,
    -6.80733412999));
#1120 = CARTESIAN_POINT('',(-10.75466522694,12.280312982673,
    -6.759816693447));
#1121 = CARTESIAN_POINT('',(-10.76140486048,12.408613093301,
    -6.711570571343));
#1122 = CARTESIAN_POINT('',(-10.76809258755,12.53664268216,
    -6.662604405526));
#1123 = CARTESIAN_POINT('',(-10.77472776594,12.664399506091,
    -6.612926997738));
#1124 = CARTESIAN_POINT('',(-10.78131110479,12.791882089714,
    -6.562546869834));
#1125 = CARTESIAN_POINT('',(-10.78784268747,12.919088865914,
    -6.51147256213));
#1126 = CARTESIAN_POINT('',(-10.79756666251,13.109556440652,
    -6.433802668911));
#1127 = CARTESIAN_POINT('',(-10.80079757894,13.17302484426,
    -6.407721032564));
#1128 = CARTESIAN_POINT('',(-10.80401563238,13.236423641618,
    -6.381468622107));
#1129 = CARTESIAN_POINT('',(-10.8072208535,13.299752671958,
    -6.355046492416));
#1130 = CARTESIAN_POINT('',(-10.81041327544,13.36301178251,
    -6.328455693901));
#1131 = CARTESIAN_POINT('',(-10.81359293377,13.426200828508,
    -6.301697272503));
#1132 = CARTESIAN_POINT('',(-10.81675986654,13.489319673182,
    -6.274772269698));
#1133 = CARTESIAN_POINT('',(-10.82317581696,13.617564612384,
    -6.219668265932));
#1134 = CARTESIAN_POINT('',(-10.82642396617,13.682685822494,
    -6.191477797648));
#1135 = CARTESIAN_POINT('',(-10.82965858373,13.747731691998,
    -6.163111457036));
#1136 = CARTESIAN_POINT('',(-10.83287969507,13.81270209747,
    -6.134570380229));
#1137 = CARTESIAN_POINT('',(-10.8360873292,13.877596918158,-6.1058557001
    ));
#1138 = CARTESIAN_POINT('',(-10.83928151871,13.942416035987,
    -6.07696854626));
#1139 = CARTESIAN_POINT('',(-10.84246229974,14.007159335554,
    -6.04791004506));
#1140 = CARTESIAN_POINT('',(-10.84787942491,14.117757899303,
    -5.997921076408));
#1141 = CARTESIAN_POINT('',(-10.85012239498,14.163650783107,
    -5.977074960808));
#1142 = CARTESIAN_POINT('',(-10.85235863385,14.209505323827,
    -5.956143371125));
#1143 = CARTESIAN_POINT('',(-10.8545881572,14.255321476648,
    -5.935126711183));
#1144 = CARTESIAN_POINT('',(-10.85681098314,14.301099188923,
    -5.914025387917));
#1145 = CARTESIAN_POINT('',(-10.85902713066,14.346838405434,
    -5.892839808996));
#1146 = CARTESIAN_POINT('',(-10.86123661807,14.392539073665,
    -5.87157038045));
#1147 = CARTESIAN_POINT('',(-10.86573271325,14.485737271956,
    -5.827988270628));
#1148 = CARTESIAN_POINT('',(-10.86801876527,14.53323157061,
    -5.805668598295));
#1149 = CARTESIAN_POINT('',(-10.87029763733,14.580683994101,
    -5.78325894117));
#1150 = CARTESIAN_POINT('',(-10.87256934908,14.628094495094,
    -5.760759750723));
#1151 = CARTESIAN_POINT('',(-10.87483392003,14.675463029839,
    -5.73817147602));
#1152 = CARTESIAN_POINT('',(-10.87709136945,14.722789558179,
    -5.715494563727));
#1153 = CARTESIAN_POINT('',(-10.87934171644,14.77007404354,
    -5.692729458105));
#1154 = CARTESIAN_POINT('',(-10.88526261781,14.894766334197,
    -5.632411296316));
#1155 = CARTESIAN_POINT('',(-10.88892122336,14.972103017536,
    -5.594710207788));
#1156 = CARTESIAN_POINT('',(-10.89256075798,15.049326579156,
    -5.556775160836));
#1157 = CARTESIAN_POINT('',(-10.8961812081,15.126436880109,
    -5.518608088505));
#1158 = CARTESIAN_POINT('',(-10.89978258519,15.203433566297,
    -5.480211031487));
#1159 = CARTESIAN_POINT('',(-10.90336492573,15.280316068476,
    -5.441586138115));
#1160 = CARTESIAN_POINT('',(-10.90692829125,15.357083602248,
    -5.402735664367));
#1161 = CARTESIAN_POINT('',(-10.91198622623,15.4664646572,-5.34697788176
    ));
#1162 = CARTESIAN_POINT('',(-10.91349623553,15.499172951859,
    -5.330253120126));
#1163 = CARTESIAN_POINT('',(-10.91500282257,15.531860089666,
    -5.313487816146));
#1164 = CARTESIAN_POINT('',(-10.91650601124,15.564526127814,
    -5.296682085867));
#1165 = CARTESIAN_POINT('',(-10.91800582289,15.597171143073,
    -5.279836034196));
#1166 = CARTESIAN_POINT('',(-10.91950227635,15.629795231788,
    -5.262949754904));
#1167 = CARTESIAN_POINT('',(-10.92099538792,15.662398509883,
    -5.246023330623));
#1168 = CARTESIAN_POINT('',(-10.92418987564,15.732264182495,
    -5.209642695297));
#1169 = CARTESIAN_POINT('',(-10.92589021996,15.769520130321,
    -5.190176115041));
#1170 = CARTESIAN_POINT('',(-10.92758622583,15.806749171156,
    -5.170657191125));
#1171 = CARTESIAN_POINT('',(-10.92927790713,15.843951479243,
    -5.151086042368));
#1172 = CARTESIAN_POINT('',(-10.93096527015,15.881127188251,
    -5.131462807365));
#1173 = CARTESIAN_POINT('',(-10.93264831355,15.918276391271,
    -5.11178764449));
#1174 = CARTESIAN_POINT('',(-10.93432702842,15.95539914082,
    -5.092060731891));
#1175 = CARTESIAN_POINT('',(-10.93728080076,16.020841136343,
    -5.057169330645));
#1176 = CARTESIAN_POINT('',(-10.93855767329,16.049171392834,
    -5.042026291139));
#1177 = CARTESIAN_POINT('',(-10.93983198906,16.07748615679,
    -5.02685327366));
#1178 = CARTESIAN_POINT('',(-10.94110373646,16.105785402413,
    -5.011650383608));
#1179 = CARTESIAN_POINT('',(-10.94237293503,16.13406900492,
    -4.996417780042));
#1180 = CARTESIAN_POINT('',(-10.94363959704,16.162336831278,
    -4.981155627135));
#1181 = CARTESIAN_POINT('',(-10.9449037052,16.190588820927,
    -4.965864050818));
#1182 = CARTESIAN_POINT('',(-10.94869196445,16.275376199323,
    -4.919858508525));
#1183 = CARTESIAN_POINT('',(-10.95120845981,16.331863497013,
    -4.889056444254));
#1184 = CARTESIAN_POINT('',(-10.95371478803,16.3882858684,-4.85813823977
    ));
#1185 = CARTESIAN_POINT('',(-10.95621096636,16.444642376377,
    -4.827105164183));
#1186 = CARTESIAN_POINT('',(-10.95869700405,16.500931992474,
    -4.795958550424));
#1187 = CARTESIAN_POINT('',(-10.96117290234,16.557153596852,
    -4.764699795247));
#1188 = CARTESIAN_POINT('',(-10.96363865445,16.613305978309,
    -4.733330359226));
#1189 = CARTESIAN_POINT('',(-10.96907523297,16.737468923468,
    -4.663638038821));
#1190 = CARTESIAN_POINT('',(-10.97204124467,16.805445983817,
    -4.625263504434));
#1191 = CARTESIAN_POINT('',(-10.97499217588,16.873317928874,
    -4.586730202173));
#1192 = CARTESIAN_POINT('',(-10.97792799349,16.941084402952,
    -4.54803977174));
#1193 = CARTESIAN_POINT('',(-10.98084873689,17.008745757112,
    -4.509193448812));
#1194 = CARTESIAN_POINT('',(-10.98375451874,17.076303025152,
    -4.470192059902));
#1195 = CARTESIAN_POINT('',(-10.98664552576,17.14375789959,
    -4.43103601722));
#1196 = CARTESIAN_POINT('',(-10.99253015982,17.281549988913,
    -4.350615566778));
#1197 = CARTESIAN_POINT('',(-10.99552234235,17.351877227829,
    -4.309337036779));
#1198 = CARTESIAN_POINT('',(-10.99849933787,17.422099580603,
    -4.267888253381));
#1199 = CARTESIAN_POINT('',(-11.00146025547,17.492213424853,
    -4.226272828548));
#1200 = CARTESIAN_POINT('',(-11.00440604598,17.562224853697,
    -4.184488689771));
#1201 = CARTESIAN_POINT('',(-11.00733618662,17.632132061242,
    -4.142538321151));
#1202 = CARTESIAN_POINT('',(-11.01025115109,17.70193849524,
    -4.100421115356));
#1203 = CARTESIAN_POINT('',(-11.01669817772,17.856913175826,
    -4.00641523914));
#1204 = CARTESIAN_POINT('',(-11.02022272837,17.942031823277,
    -3.954444203661));
#1205 = CARTESIAN_POINT('',(-11.02372516451,18.027004328122,
    -3.902225355577));
#1206 = CARTESIAN_POINT('',(-11.02720549915,18.111834223877,
    -3.849759027635));
#1207 = CARTESIAN_POINT('',(-11.03066374798,18.196524731434,
    -3.797045657571));
#1208 = CARTESIAN_POINT('',(-11.03410014865,18.281078433513,
    -3.744086000137));
#1209 = CARTESIAN_POINT('',(-11.03751508472,18.365497328254,
    -3.690881111758));
#1210 = CARTESIAN_POINT('',(-11.04090871408,18.449783261952,
    -3.637432107821));
#1211 = PCURVE('',#245,#1212);
#1212 = DEFINITIONAL_REPRESENTATION('',(#1213),#1398);
#1213 = B_SPLINE_CURVE_WITH_KNOTS('',8,(#1214,#1215,#1216,#1217,#1218,
    #1219,#1220,#1221,#1222,#1223,#1224,#1225,#1226,#1227,#1228,#1229,
    #1230,#1231,#1232,#1233,#1234,#1235,#1236,#1237,#1238,#1239,#1240,
    #1241,#1242,#1243,#1244,#1245,#1246,#1247,#1248,#1249,#1250,#1251,
    #1252,#1253,#1254,#1255,#1256,#1257,#1258,#1259,#1260,#1261,#1262,
    #1263,#1264,#1265,#1266,#1267,#1268,#1269,#1270,#1271,#1272,#1273,
    #1274,#1275,#1276,#1277,#1278,#1279,#1280,#1281,#1282,#1283,#1284,
    #1285,#1286,#1287,#1288,#1289,#1290,#1291,#1292,#1293,#1294,#1295,
    #1296,#1297,#1298,#1299,#1300,#1301,#1302,#1303,#1304,#1305,#1306,
    #1307,#1308,#1309,#1310,#1311,#1312,#1313,#1314,#1315,#1316,#1317,
    #1318,#1319,#1320,#1321,#1322,#1323,#1324,#1325,#1326,#1327,#1328,
    #1329,#1330,#1331,#1332,#1333,#1334,#1335,#1336,#1337,#1338,#1339,
    #1340,#1341,#1342,#1343,#1344,#1345,#1346,#1347,#1348,#1349,#1350,
    #1351,#1352,#1353,#1354,#1355,#1356,#1357,#1358,#1359,#1360,#1361,
    #1362,#1363,#1364,#1365,#1366,#1367,#1368,#1369,#1370,#1371,#1372,
    #1373,#1374,#1375,#1376,#1377,#1378,#1379,#1380,#1381,#1382,#1383,
    #1384,#1385,#1386,#1387,#1388,#1389,#1390,#1391,#1392,#1393,#1394,
    #1395,#1396,#1397),.UNSPECIFIED.,.F.,.F.,(9,7,7,7,7,7,7,7,7,7,7,7,7,
    7,7,7,7,7,7,7,7,7,7,7,7,7,9),(0.,1.164936737597E-02,
    4.621987646784E-02,0.108119859865,0.201916748428,0.24890885183,
    0.297068468243,0.337871996911,0.372661862451,0.390263270768,
    0.42243535942,0.452191286652,0.478935780879,0.526282233014,
    0.598409436497,0.634514505447,0.671849586522,0.698367518728,
    0.725973790964,0.771231909209,0.790556694537,0.812669333054,
    0.829565837611,0.863406347022,0.904487346927,0.947448406971,1.),
  .UNSPECIFIED.);
#1214 = CARTESIAN_POINT('',(0.500154885705,0.945829369231));
#1215 = CARTESIAN_POINT('',(0.500156620491,0.945896047746));
#1216 = CARTESIAN_POINT('',(0.500158355074,0.94596267493));
#1217 = CARTESIAN_POINT('',(0.500160089451,0.946029250666));
#1218 = CARTESIAN_POINT('',(0.500161823618,0.946095774837));
#1219 = CARTESIAN_POINT('',(0.500163557573,0.946162247327));
#1220 = CARTESIAN_POINT('',(0.500165291312,0.946228668017));
#1221 = CARTESIAN_POINT('',(0.500167024833,0.946295036793));
#1222 = CARTESIAN_POINT('',(0.500173901845,0.946558154235));
#1223 = CARTESIAN_POINT('',(0.500179043605,0.946754496719));
#1224 = CARTESIAN_POINT('',(0.500184183331,0.946950378341));
#1225 = CARTESIAN_POINT('',(0.500189320946,0.947145796428));
#1226 = CARTESIAN_POINT('',(0.50019445637,0.94734074828));
#1227 = CARTESIAN_POINT('',(0.500199589527,0.94753523117));
#1228 = CARTESIAN_POINT('',(0.500204720339,0.947729242347));
#1229 = CARTESIAN_POINT('',(0.500219031336,0.948269314854));
#1230 = CARTESIAN_POINT('',(0.50022820618,0.948614329166));
#1231 = CARTESIAN_POINT('',(0.500237372817,0.948957805765));
#1232 = CARTESIAN_POINT('',(0.500246530853,0.949299733816));
#1233 = CARTESIAN_POINT('',(0.500255679846,0.949640098838));
#1234 = CARTESIAN_POINT('',(0.500264819427,0.949978888309));
#1235 = CARTESIAN_POINT('',(0.500273949188,0.95031608977));
#1236 = CARTESIAN_POINT('',(0.500296887609,0.95116023139));
#1237 = CARTESIAN_POINT('',(0.500310683047,0.951665099947));
#1238 = CARTESIAN_POINT('',(0.500324453733,0.95216625794));
#1239 = CARTESIAN_POINT('',(0.500338198387,0.952663669522));
#1240 = CARTESIAN_POINT('',(0.500351915774,0.953157302591));
#1241 = CARTESIAN_POINT('',(0.500365604702,0.953647127951));
#1242 = CARTESIAN_POINT('',(0.500379264018,0.954133118763));
#1243 = CARTESIAN_POINT('',(0.500399720514,0.954856797394));
#1244 = CARTESIAN_POINT('',(0.500406540706,0.955097376171));
#1245 = CARTESIAN_POINT('',(0.500413353046,0.955336983468));
#1246 = CARTESIAN_POINT('',(0.500420157395,0.955575616339));
#1247 = CARTESIAN_POINT('',(0.50042695362,0.955813272014));
#1248 = CARTESIAN_POINT('',(0.500433741586,0.956049947896));
#1249 = CARTESIAN_POINT('',(0.500440521163,0.956285641567));
#1250 = CARTESIAN_POINT('',(0.500454231506,0.956760891344));
#1251 = CARTESIAN_POINT('',(0.500461161843,0.957000398201));
#1252 = CARTESIAN_POINT('',(0.500468083094,0.957238868888));
#1253 = CARTESIAN_POINT('',(0.500474995121,0.957476301092));
#1254 = CARTESIAN_POINT('',(0.500481897791,0.957712692702));
#1255 = CARTESIAN_POINT('',(0.50048879097,0.95794804184));
#1256 = CARTESIAN_POINT('',(0.500495674532,0.958182346904));
#1257 = CARTESIAN_POINT('',(0.500508372231,0.9586132373));
#1258 = CARTESIAN_POINT('',(0.500514189119,0.958810117545));
#1259 = CARTESIAN_POINT('',(0.500519998932,0.959006245969));
#1260 = CARTESIAN_POINT('',(0.500525801593,0.959201621361));
#1261 = CARTESIAN_POINT('',(0.500531597019,0.95939624267));
#1262 = CARTESIAN_POINT('',(0.500537385132,0.959590109007));
#1263 = CARTESIAN_POINT('',(0.500543165848,0.959783219639));
#1264 = CARTESIAN_POINT('',(0.500553861457,0.960139578982));
#1265 = CARTESIAN_POINT('',(0.50055877839,0.960303034114));
#1266 = CARTESIAN_POINT('',(0.500563689846,0.960465939389));
#1267 = CARTESIAN_POINT('',(0.500568595791,0.960628294809));
#1268 = CARTESIAN_POINT('',(0.500573496195,0.960790100387));
#1269 = CARTESIAN_POINT('',(0.50057839103,0.960951356143));
#1270 = CARTESIAN_POINT('',(0.500583280272,0.961112062102));
#1271 = CARTESIAN_POINT('',(0.500590634698,0.9613532469));
#1272 = CARTESIAN_POINT('',(0.50059310406,0.961434134817));
#1273 = CARTESIAN_POINT('',(0.500595571982,0.961514882068));
#1274 = CARTESIAN_POINT('',(0.500598038459,0.961595488378));
#1275 = CARTESIAN_POINT('',(0.500600503491,0.961675953834));
#1276 = CARTESIAN_POINT('',(0.500602967078,0.96175627901));
#1277 = CARTESIAN_POINT('',(0.500605429225,0.961836464572));
#1278 = CARTESIAN_POINT('',(0.500612387635,0.962062819122));
#1279 = CARTESIAN_POINT('',(0.50061688052,0.962208661388));
#1280 = CARTESIAN_POINT('',(0.500621368592,0.962354039047));
#1281 = CARTESIAN_POINT('',(0.500625851857,0.962498953517));
#1282 = CARTESIAN_POINT('',(0.500630330314,0.962643405727));
#1283 = CARTESIAN_POINT('',(0.50063480396,0.962787396114));
#1284 = CARTESIAN_POINT('',(0.500639272787,0.962930924628));
#1285 = CARTESIAN_POINT('',(0.500647865527,0.963206312403));
#1286 = CARTESIAN_POINT('',(0.500651990135,0.963338238393));
#1287 = CARTESIAN_POINT('',(0.50065611057,0.963469768168));
#1288 = CARTESIAN_POINT('',(0.500660226798,0.963600901365));
#1289 = CARTESIAN_POINT('',(0.50066433879,0.963731637791));
#1290 = CARTESIAN_POINT('',(0.500668446517,0.963861977422));
#1291 = CARTESIAN_POINT('',(0.500672549956,0.963991920405));
#1292 = CARTESIAN_POINT('',(0.500680333362,0.96423790299));
#1293 = CARTESIAN_POINT('',(0.500684014157,0.964354018777));
#1294 = CARTESIAN_POINT('',(0.500687691454,0.964469814433));
#1295 = CARTESIAN_POINT('',(0.500691365238,0.964585290589));
#1296 = CARTESIAN_POINT('',(0.500695035496,0.9647004477));
#1297 = CARTESIAN_POINT('',(0.500698702217,0.964815285792));
#1298 = CARTESIAN_POINT('',(0.500702365391,0.964929804759));
#1299 = CARTESIAN_POINT('',(0.500712503719,0.96524617706));
#1300 = CARTESIAN_POINT('',(0.500718971281,0.965447350122));
#1301 = CARTESIAN_POINT('',(0.500725427633,0.965647525835));
#1302 = CARTESIAN_POINT('',(0.500731872724,0.965846705013));
#1303 = CARTESIAN_POINT('',(0.5007383065,0.966044889897));
#1304 = CARTESIAN_POINT('',(0.500744728915,0.966242082515));
#1305 = CARTESIAN_POINT('',(0.500751139934,0.966438283573));
#1306 = CARTESIAN_POINT('',(0.50076728859,0.966930880907));
#1307 = CARTESIAN_POINT('',(0.500777011124,0.967225973641));
#1308 = CARTESIAN_POINT('',(0.500786706996,0.967518770467));
#1309 = CARTESIAN_POINT('',(0.500796376128,0.967809312267));
#1310 = CARTESIAN_POINT('',(0.50080601841,0.96809757114));
#1311 = CARTESIAN_POINT('',(0.500815633792,0.968383577895));
#1312 = CARTESIAN_POINT('',(0.500825222217,0.968667336154));
#1313 = CARTESIAN_POINT('',(0.500839569867,0.969089784795));
#1314 = CARTESIAN_POINT('',(0.500844349317,0.969230148817));
#1315 = CARTESIAN_POINT('',(0.500849121998,0.96936995402));
#1316 = CARTESIAN_POINT('',(0.500853887905,0.969509201735));
#1317 = CARTESIAN_POINT('',(0.500858647033,0.969647893402));
#1318 = CARTESIAN_POINT('',(0.500863399381,0.969786030567));
#1319 = CARTESIAN_POINT('',(0.500868144945,0.969923614881));
#1320 = CARTESIAN_POINT('',(0.500877783938,0.970202349609));
#1321 = CARTESIAN_POINT('',(0.500882676897,0.970343462293));
#1322 = CARTESIAN_POINT('',(0.500887562598,0.970483987108));
#1323 = CARTESIAN_POINT('',(0.500892441039,0.970623925158));
#1324 = CARTESIAN_POINT('',(0.50089731222,0.970763277704));
#1325 = CARTESIAN_POINT('',(0.50090217614,0.970902046161));
#1326 = CARTESIAN_POINT('',(0.500907032799,0.9710402321));
#1327 = CARTESIAN_POINT('',(0.500915326571,0.971275573836));
#1328 = CARTESIAN_POINT('',(0.500918767282,0.97137301749));
#1329 = CARTESIAN_POINT('',(0.50092220433,0.971470168713));
#1330 = CARTESIAN_POINT('',(0.500925637714,0.971567028187));
#1331 = CARTESIAN_POINT('',(0.500929067433,0.971663596699));
#1332 = CARTESIAN_POINT('',(0.500932493487,0.971759875073));
#1333 = CARTESIAN_POINT('',(0.500935915874,0.971855864105));
#1334 = CARTESIAN_POINT('',(0.500942893623,0.972051192589));
#1335 = CARTESIAN_POINT('',(0.500946448679,0.972150507896));
#1336 = CARTESIAN_POINT('',(0.50094999976,0.972249511276));
#1337 = CARTESIAN_POINT('',(0.500953546865,0.972348203585));
#1338 = CARTESIAN_POINT('',(0.500957089996,0.972446585668));
#1339 = CARTESIAN_POINT('',(0.500960629152,0.972544658363));
#1340 = CARTESIAN_POINT('',(0.500964164334,0.9726424225));
#1341 = CARTESIAN_POINT('',(0.500973484655,0.972899650303));
#1342 = CARTESIAN_POINT('',(0.500979263081,0.973058594863));
#1343 = CARTESIAN_POINT('',(0.500985030839,0.973216710906));
#1344 = CARTESIAN_POINT('',(0.500990787934,0.973373997841));
#1345 = CARTESIAN_POINT('',(0.500996534353,0.973530456167));
#1346 = CARTESIAN_POINT('',(0.501002270068,0.973686087469));
#1347 = CARTESIAN_POINT('',(0.501007995034,0.973840894419));
#1348 = CARTESIAN_POINT('',(0.501016149084,0.974060631486));
#1349 = CARTESIAN_POINT('',(0.501018587,0.974126232372));
#1350 = CARTESIAN_POINT('',(0.501021022947,0.974191684581));
#1351 = CARTESIAN_POINT('',(0.501023456928,0.974256989151));
#1352 = CARTESIAN_POINT('',(0.501025888951,0.97432214701));
#1353 = CARTESIAN_POINT('',(0.501028319023,0.974387158976));
#1354 = CARTESIAN_POINT('',(0.501030747156,0.974452025756));
#1355 = CARTESIAN_POINT('',(0.501035949574,0.974590807168));
#1356 = CARTESIAN_POINT('',(0.50103872326,0.974664676974));
#1357 = CARTESIAN_POINT('',(0.501041494433,0.9747383583));
#1358 = CARTESIAN_POINT('',(0.501044263109,0.97481185175));
#1359 = CARTESIAN_POINT('',(0.501047029299,0.974885157595));
#1360 = CARTESIAN_POINT('',(0.501049793011,0.974958275779));
#1361 = CARTESIAN_POINT('',(0.501052554252,0.975031205915));
#1362 = CARTESIAN_POINT('',(0.50105742103,0.975159529682));
#1363 = CARTESIAN_POINT('',(0.501059527595,0.975215002167));
#1364 = CARTESIAN_POINT('',(0.501061632715,0.975270363577));
#1365 = CARTESIAN_POINT('',(0.501063736389,0.975325613406));
#1366 = CARTESIAN_POINT('',(0.501065838608,0.975380752504));
#1367 = CARTESIAN_POINT('',(0.501067939363,0.975435781403));
#1368 = CARTESIAN_POINT('',(0.50107003865,0.975490699353));
#1369 = CARTESIAN_POINT('',(0.501076337973,0.975655276593));
#1370 = CARTESIAN_POINT('',(0.50108053356,0.975764603287));
#1371 = CARTESIAN_POINT('',(0.501084723164,0.975873488279));
#1372 = CARTESIAN_POINT('',(0.501088906721,0.97598193232));
#1373 = CARTESIAN_POINT('',(0.501093084159,0.97608993581));
#1374 = CARTESIAN_POINT('',(0.501097255403,0.976197498804));
#1375 = CARTESIAN_POINT('',(0.501101420368,0.976304621006));
#1376 = CARTESIAN_POINT('',(0.501110627328,0.976540807874));
#1377 = CARTESIAN_POINT('',(0.5011156663,0.976669663369));
#1378 = CARTESIAN_POINT('',(0.501120695809,0.976797863705));
#1379 = CARTESIAN_POINT('',(0.501125715838,0.976925407447));
#1380 = CARTESIAN_POINT('',(0.501130726427,0.977052296304));
#1381 = CARTESIAN_POINT('',(0.501135727661,0.977178535171));
#1382 = CARTESIAN_POINT('',(0.501140719677,0.97730413216));
#1383 = CARTESIAN_POINT('',(0.501150913682,0.977559784365));
#1384 = CARTESIAN_POINT('',(0.50115611478,0.977689776826));
#1385 = CARTESIAN_POINT('',(0.501161306346,0.977819109501));
#1386 = CARTESIAN_POINT('',(0.501166488121,0.977947743688));
#1387 = CARTESIAN_POINT('',(0.501171660569,0.978075720692));
#1388 = CARTESIAN_POINT('',(0.501176823566,0.978203017803));
#1389 = CARTESIAN_POINT('',(0.501181977379,0.9783296556));
#1390 = CARTESIAN_POINT('',(0.501193415314,0.978609740403));
#1391 = CARTESIAN_POINT('',(0.501199694913,0.978762861079));
#1392 = CARTESIAN_POINT('',(0.501205961148,0.978915021012));
#1393 = CARTESIAN_POINT('',(0.501212214299,0.979066220766));
#1394 = CARTESIAN_POINT('',(0.501218454621,0.979216461024));
#1395 = CARTESIAN_POINT('',(0.501224682323,0.97936575211));
#1396 = CARTESIAN_POINT('',(0.50123089757,0.979514110687));
#1397 = CARTESIAN_POINT('',(0.501237100515,0.979661543615));
#1398 = ( GEOMETRIC_REPRESENTATION_CONTEXT(2) 
PARAMETRIC_REPRESENTATION_CONTEXT() REPRESENTATION_CONTEXT('2D SPACE',''
  ) );
#1399 = PCURVE('',#145,#1400);
#1400 = DEFINITIONAL_REPRESENTATION('',(#1401),#1586);
#1401 = B_SPLINE_CURVE_WITH_KNOTS('',8,(#1402,#1403,#1404,#1405,#1406,
    #1407,#1408,#1409,#1410,#1411,#1412,#1413,#1414,#1415,#1416,#1417,
    #1418,#1419,#1420,#1421,#1422,#1423,#1424,#1425,#1426,#1427,#1428,
    #1429,#1430,#1431,#1432,#1433,#1434,#1435,#1436,#1437,#1438,#1439,
    #1440,#1441,#1442,#1443,#1444,#1445,#1446,#1447,#1448,#1449,#1450,
    #1451,#1452,#1453,#1454,#1455,#1456,#1457,#1458,#1459,#1460,#1461,
    #1462,#1463,#1464,#1465,#1466,#1467,#1468,#1469,#1470,#1471,#1472,
    #1473,#1474,#1475,#1476,#1477,#1478,#1479,#1480,#1481,#1482,#1483,
    #1484,#1485,#1486,#1487,#1488,#1489,#1490,#1491,#1492,#1493,#1494,
    #1495,#1496,#1497,#1498,#1499,#1500,#1501,#1502,#1503,#1504,#1505,
    #1506,#1507,#1508,#1509,#1510,#1511,#1512,#1513,#1514,#1515,#1516,
    #1517,#1518,#1519,#1520,#1521,#1522,#1523,#1524,#1525,#1526,#1527,
    #1528,#1529,#1530,#1531,#1532,#1533,#1534,#1535,#1536,#1537,#1538,
    #1539,#1540,#1541,#1542,#1543,#1544,#1545,#1546,#1547,#1548,#1549,
    #1550,#1551,#1552,#1553,#1554,#1555,#1556,#1557,#1558,#1559,#1560,
    #1561,#1562,#1563,#1564,#1565,#1566,#1567,#1568,#1569,#1570,#1571,
    #1572,#1573,#1574,#1575,#1576,#1577,#1578,#1579,#1580,#1581,#1582,
    #1583,#1584,#1585),.UNSPECIFIED.,.F.,.F.,(9,7,7,7,7,7,7,7,7,7,7,7,7,
    7,7,7,7,7,7,7,7,7,7,7,7,7,9),(0.,1.164936737597E-02,
    4.621987646784E-02,0.108119859865,0.201916748428,0.24890885183,
    0.297068468243,0.337871996911,0.372661862451,0.390263270768,
    0.42243535942,0.452191286652,0.478935780879,0.526282233014,
    0.598409436497,0.634514505447,0.671849586522,0.698367518728,
    0.725973790964,0.771231909209,0.790556694537,0.812669333054,
    0.829565837611,0.863406347022,0.904487346927,0.947448406971,1.),
  .UNSPECIFIED.);
#1402 = CARTESIAN_POINT('',(3.897786986626,0.135288567945));
#1403 = CARTESIAN_POINT('',(3.897826315033,0.136319930662));
#1404 = CARTESIAN_POINT('',(3.897864064611,0.137351301557));
#1405 = CARTESIAN_POINT('',(3.897901062551,0.138382679484));
#1406 = CARTESIAN_POINT('',(3.897938136065,0.139414063293));
#1407 = CARTESIAN_POINT('',(3.897976112388,0.140445451834));
#1408 = CARTESIAN_POINT('',(3.898015818777,0.141476843953));
#1409 = CARTESIAN_POINT('',(3.89805808251,0.142508238495));
#1410 = CARTESIAN_POINT('',(3.898239185069,0.146600390924));
#1411 = CARTESIAN_POINT('',(3.898403785136,0.149661161106));
#1412 = CARTESIAN_POINT('',(3.898597727907,0.152721994768));
#1413 = CARTESIAN_POINT('',(3.898821230311,0.155782942159));
#1414 = CARTESIAN_POINT('',(3.89907452939,0.158844053862));
#1415 = CARTESIAN_POINT('',(3.899357882302,0.161905380788));
#1416 = CARTESIAN_POINT('',(3.899671566315,0.164966974182));
#1417 = CARTESIAN_POINT('',(3.900632287293,0.173511360708));
#1418 = CARTESIAN_POINT('',(3.901346378442,0.178994900591));
#1419 = CARTESIAN_POINT('',(3.902172512298,0.184479781873));
#1420 = CARTESIAN_POINT('',(3.903045826176,0.189965716265));
#1421 = CARTESIAN_POINT('',(3.904010595616,0.19545276429));
#1422 = CARTESIAN_POINT('',(3.904996288993,0.200941047769));
#1423 = CARTESIAN_POINT('',(3.906019100683,0.206430467919));
#1424 = CARTESIAN_POINT('',(3.908639593751,0.220240402709));
#1425 = CARTESIAN_POINT('',(3.910261737694,0.228561962264));
#1426 = CARTESIAN_POINT('',(3.911894509156,0.236885842243));
#1427 = CARTESIAN_POINT('',(3.913495950075,0.245211139387));
#1428 = CARTESIAN_POINT('',(3.915020819673,0.253536842688));
#1429 = CARTESIAN_POINT('',(3.916425008467,0.261862253015));
#1430 = CARTESIAN_POINT('',(3.917668306751,0.270186688937));
#1431 = CARTESIAN_POINT('',(3.919239856874,0.282677693119));
#1432 = CARTESIAN_POINT('',(3.919714827865,0.286846322739));
#1433 = CARTESIAN_POINT('',(3.920135327721,0.291014216178));
#1434 = CARTESIAN_POINT('',(3.920496143331,0.295181213422));
#1435 = CARTESIAN_POINT('',(3.92079196129,0.29934714587));
#1436 = CARTESIAN_POINT('',(3.921017367898,0.303511836339));
#1437 = CARTESIAN_POINT('',(3.921166849164,0.307675099058));
#1438 = CARTESIAN_POINT('',(3.9213048481,0.316101787188));
#1439 = CARTESIAN_POINT('',(3.921288323101,0.320365137719));
#1440 = CARTESIAN_POINT('',(3.921180878894,0.324626615582));
#1441 = CARTESIAN_POINT('',(3.920979016651,0.328886054475));
#1442 = CARTESIAN_POINT('',(3.920679719635,0.33314329403));
#1443 = CARTESIAN_POINT('',(3.920280097217,0.337398176351));
#1444 = CARTESIAN_POINT('',(3.919777028881,0.341650542556));
#1445 = CARTESIAN_POINT('',(3.918649876441,0.34950080308));
#1446 = CARTESIAN_POINT('',(3.918056250193,0.353099455282));
#1447 = CARTESIAN_POINT('',(3.91737859946,0.356695968403));
#1448 = CARTESIAN_POINT('',(3.916609641552,0.360290125091));
#1449 = CARTESIAN_POINT('',(3.915742141121,0.363881708171));
#1450 = CARTESIAN_POINT('',(3.914768910162,0.367470500638));
#1451 = CARTESIAN_POINT('',(3.913682808015,0.371056285666));
#1452 = CARTESIAN_POINT('',(3.911448514134,0.377693408051));
#1453 = CARTESIAN_POINT('',(3.910331691226,0.380745596321));
#1454 = CARTESIAN_POINT('',(3.909134296142,0.383795535227));
#1455 = CARTESIAN_POINT('',(3.907864318331,0.386843349918));
#1456 = CARTESIAN_POINT('',(3.906529713192,0.389889166883));
#1457 = CARTESIAN_POINT('',(3.905138402072,0.392933113941));
#1458 = CARTESIAN_POINT('',(3.903698272264,0.39597532025));
#1459 = CARTESIAN_POINT('',(3.901467752154,0.400554256919));
#1460 = CARTESIAN_POINT('',(3.900708013007,0.402092191614));
#1461 = CARTESIAN_POINT('',(3.8999391917,0.403629744963));
#1462 = CARTESIAN_POINT('',(3.899160901983,0.40516688222));
#1463 = CARTESIAN_POINT('',(3.898374523061,0.406703633812));
#1464 = CARTESIAN_POINT('',(3.897583940841,0.40824012255));
#1465 = CARTESIAN_POINT('',(3.896793646578,0.409776493566));
#1466 = CARTESIAN_POINT('',(3.894561553321,0.414120743585));
#1467 = CARTESIAN_POINT('',(3.893124778291,0.416928457161));
#1468 = CARTESIAN_POINT('',(3.891710943819,0.41973639634));
#1469 = CARTESIAN_POINT('',(3.890337320376,0.422545072506));
#1470 = CARTESIAN_POINT('',(3.889021372922,0.425354999792));
#1471 = CARTESIAN_POINT('',(3.887780760907,0.42816669508));
#1472 = CARTESIAN_POINT('',(3.886633338269,0.430980677996));
#1473 = CARTESIAN_POINT('',(3.884638821951,0.436402720514));
#1474 = CARTESIAN_POINT('',(3.883775346967,0.439010364162));
#1475 = CARTESIAN_POINT('',(3.883000966406,0.441620298158));
#1476 = CARTESIAN_POINT('',(3.882309845963,0.444232419151));
#1477 = CARTESIAN_POINT('',(3.881696079108,0.446846624134));
#1478 = CARTESIAN_POINT('',(3.881153687086,0.44946281045));
#1479 = CARTESIAN_POINT('',(3.880676618919,0.452080875789));
#1480 = CARTESIAN_POINT('',(3.879883300591,0.457055422867));
#1481 = CARTESIAN_POINT('',(3.879554804477,0.459411547905));
#1482 = CARTESIAN_POINT('',(3.879272026327,0.461769072635));
#1483 = CARTESIAN_POINT('',(3.879026209149,0.464127853102));
#1484 = CARTESIAN_POINT('',(3.878812105072,0.466487802906));
#1485 = CARTESIAN_POINT('',(3.878631275865,0.468848947503));
#1486 = CARTESIAN_POINT('',(3.878487664601,0.47121135197));
#1487 = CARTESIAN_POINT('',(3.878177615592,0.477759228674));
#1488 = CARTESIAN_POINT('',(3.878082855243,0.481947232045));
#1489 = CARTESIAN_POINT('',(3.878092501762,0.486139089882));
#1490 = CARTESIAN_POINT('',(3.878193406467,0.490334330956));
#1491 = CARTESIAN_POINT('',(3.878390920941,0.494533295598));
#1492 = CARTESIAN_POINT('',(3.878685273001,0.498736105003));
#1493 = CARTESIAN_POINT('',(3.879052811561,0.502941842573));
#1494 = CARTESIAN_POINT('',(3.880165081322,0.51356223593));
#1495 = CARTESIAN_POINT('',(3.880997599161,0.519980746375));
#1496 = CARTESIAN_POINT('',(3.881979112438,0.526405018022));
#1497 = CARTESIAN_POINT('',(3.883033430643,0.532834746456));
#1498 = CARTESIAN_POINT('',(3.884188680913,0.539268197863));
#1499 = CARTESIAN_POINT('',(3.885388261101,0.545704820728));
#1500 = CARTESIAN_POINT('',(3.886619278839,0.552143363937));
#1501 = CARTESIAN_POINT('',(3.88847179732,0.561806320074));
#1502 = CARTESIAN_POINT('',(3.889091099334,0.565030011797));
#1503 = CARTESIAN_POINT('',(3.889708978381,0.568253814581));
#1504 = CARTESIAN_POINT('',(3.890322732458,0.571477600803));
#1505 = CARTESIAN_POINT('',(3.890929643759,0.574701242536));
#1506 = CARTESIAN_POINT('',(3.891526978674,0.577924611543));
#1507 = CARTESIAN_POINT('',(3.892111987794,0.581147579282));
#1508 = CARTESIAN_POINT('',(3.893271103204,0.587702226045));
#1509 = CARTESIAN_POINT('',(3.893844777575,0.591033908623));
#1510 = CARTESIAN_POINT('',(3.894398612857,0.594364838699));
#1511 = CARTESIAN_POINT('',(3.894928272143,0.597694789265));
#1512 = CARTESIAN_POINT('',(3.895429397781,0.601023532251));
#1513 = CARTESIAN_POINT('',(3.895897611378,0.604350838518));
#1514 = CARTESIAN_POINT('',(3.896328513793,0.60767647786));
#1515 = CARTESIAN_POINT('',(3.896993753428,0.613360950987));
#1516 = CARTESIAN_POINT('',(3.897250117451,0.615720790565));
#1517 = CARTESIAN_POINT('',(3.897482625208,0.61807953118));
#1518 = CARTESIAN_POINT('',(3.897689896055,0.620437099733));
#1519 = CARTESIAN_POINT('',(3.897872343046,0.622793509534));
#1520 = CARTESIAN_POINT('',(3.898031195263,0.62514881325));
#1521 = CARTESIAN_POINT('',(3.898167520156,0.62750305586));
#1522 = CARTESIAN_POINT('',(3.898399672969,0.632305979052));
#1523 = CARTESIAN_POINT('',(3.898493854085,0.63475458193));
#1524 = CARTESIAN_POINT('',(3.898564468435,0.637202061976));
#1525 = CARTESIAN_POINT('',(3.898612194333,0.639648445077));
#1526 = CARTESIAN_POINT('',(3.898637709194,0.642093757262));
#1527 = CARTESIAN_POINT('',(3.898641689535,0.644538024703));
#1528 = CARTESIAN_POINT('',(3.898624810974,0.64698127371));
#1529 = CARTESIAN_POINT('',(3.898526626287,0.653427383764));
#1530 = CARTESIAN_POINT('',(3.89841515702,0.657428761463));
#1531 = CARTESIAN_POINT('',(3.898217055588,0.661425810711));
#1532 = CARTESIAN_POINT('',(3.897896731866,0.665416702105));
#1533 = CARTESIAN_POINT('',(3.897419290438,0.669399629965));
#1534 = CARTESIAN_POINT('',(3.896750530605,0.67337281233));
#1535 = CARTESIAN_POINT('',(3.895856946379,0.677334490964));
#1536 = CARTESIAN_POINT('',(3.894214394787,0.682968889236));
#1537 = CARTESIAN_POINT('',(3.893674362615,0.684652343977));
#1538 = CARTESIAN_POINT('',(3.893094038961,0.686333717365));
#1539 = CARTESIAN_POINT('',(3.892481780726,0.688013429615));
#1540 = CARTESIAN_POINT('',(3.891845892718,0.689691899367));
#1541 = CARTESIAN_POINT('',(3.89119462766,0.691369543684));
#1542 = CARTESIAN_POINT('',(3.890536186182,0.693046778051));
#1543 = CARTESIAN_POINT('',(3.8891263703,0.696643216845));
#1544 = CARTESIAN_POINT('',(3.888375503598,0.698562430214));
#1545 = CARTESIAN_POINT('',(3.887638258919,0.70048227395));
#1546 = CARTESIAN_POINT('',(3.886927004001,0.702403374747));
#1547 = CARTESIAN_POINT('',(3.886254332116,0.70432636853));
#1548 = CARTESIAN_POINT('',(3.885633062072,0.706251900454));
#1549 = CARTESIAN_POINT('',(3.885076238212,0.708180624906));
#1550 = CARTESIAN_POINT('',(3.884231485415,0.71158992959));
#1551 = CARTESIAN_POINT('',(3.88390927183,0.713068827519));
#1552 = CARTESIAN_POINT('',(3.883641519389,0.714550399601));
#1553 = CARTESIAN_POINT('',(3.883434011883,0.716034937739));
#1554 = CARTESIAN_POINT('',(3.883282487597,0.717522321625));
#1555 = CARTESIAN_POINT('',(3.883184836343,0.719012518708));
#1556 = CARTESIAN_POINT('',(3.883148141419,0.720505874916));
#1557 = CARTESIAN_POINT('',(3.883209491297,0.724999322992));
#1558 = CARTESIAN_POINT('',(3.883484821994,0.728008847249));
#1559 = CARTESIAN_POINT('',(3.883999519493,0.731031515385));
#1560 = CARTESIAN_POINT('',(3.884759217305,0.734068031274));
#1561 = CARTESIAN_POINT('',(3.88577006989,0.737119143174));
#1562 = CARTESIAN_POINT('',(3.88703875266,0.740185643728));
#1563 = CARTESIAN_POINT('',(3.888572461975,0.743268369965));
#1564 = CARTESIAN_POINT('',(3.892571921088,0.750131278999));
#1565 = CARTESIAN_POINT('',(3.895167714464,0.753919630675));
#1566 = CARTESIAN_POINT('',(3.898134219844,0.757731364179));
#1567 = CARTESIAN_POINT('',(3.901435349469,0.761564385492));
#1568 = CARTESIAN_POINT('',(3.905031401266,0.765416421923));
#1569 = CARTESIAN_POINT('',(3.908879456861,0.76928504332));
#1570 = CARTESIAN_POINT('',(3.912933779601,0.773167683272));
#1571 = CARTESIAN_POINT('',(3.921550822798,0.781133815313));
#1572 = CARTESIAN_POINT('',(3.926136077488,0.785218707384));
#1573 = CARTESIAN_POINT('',(3.930799062157,0.789311114471));
#1574 = CARTESIAN_POINT('',(3.935611450962,0.793413661219));
#1575 = CARTESIAN_POINT('',(3.940456240297,0.797520456408));
#1576 = CARTESIAN_POINT('',(3.945372113545,0.801632606084));
#1577 = CARTESIAN_POINT('',(3.950297213461,0.805746684528));
#1578 = CARTESIAN_POINT('',(3.961234473139,0.814894634089));
#1579 = CARTESIAN_POINT('',(3.967239200193,0.819928567342));
#1580 = CARTESIAN_POINT('',(3.973185858498,0.824960094767));
#1581 = CARTESIAN_POINT('',(3.979014733806,0.829985147139));
#1582 = CARTESIAN_POINT('',(3.984664973559,0.834999562821));
#1583 = CARTESIAN_POINT('',(3.990080833021,0.839999501337));
#1584 = CARTESIAN_POINT('',(3.995210857406,0.844981390577));
#1585 = CARTESIAN_POINT('',(4.,0.849941407621));
#1586 = ( GEOMETRIC_REPRESENTATION_CONTEXT(2) 
PARAMETRIC_REPRESENTATION_CONTEXT() REPRESENTATION_CONTEXT('2D SPACE',''
  ) );
#1587 = FACE_BOUND('',#1588,.F.);
#1588 = EDGE_LOOP('',(#1589,#1626,#1715,#1750));
#1589 = ORIENTED_EDGE('',*,*,#1590,.F.);
#1590 = EDGE_CURVE('',#1591,#1593,#1595,.T.);
#1591 = VERTEX_POINT('',#1592);
#1592 = CARTESIAN_POINT('',(-8.215808525593,16.852802675773,
    -4.598206035082));
#1593 = VERTEX_POINT('',#1594);
#1594 = CARTESIAN_POINT('',(-10.31862528245,16.852802675772,
    -4.598206035102));
#1595 = SURFACE_CURVE('',#1596,(#1604,#1610),.PCURVE_S1.);
#1596 = B_SPLINE_CURVE_WITH_KNOTS('',3,(#1597,#1598,#1599,#1600,#1601,
    #1602,#1603),.UNSPECIFIED.,.F.,.F.,(4,3,4),(-1.002285638959E-03,0.,
    1.100531117907E-03),.UNSPECIFIED.);
#1597 = CARTESIAN_POINT('',(-8.215808525593,16.852802675773,
    -4.598206035082));
#1598 = CARTESIAN_POINT('',(-8.549903738579,16.852802675777,
    -4.598206035108));
#1599 = CARTESIAN_POINT('',(-8.883998951566,16.852802675784,
    -4.598206035082));
#1600 = CARTESIAN_POINT('',(-9.218094164552,16.85280267578,
    -4.598206035084));
#1601 = CARTESIAN_POINT('',(-9.584937871496,16.852802675776,
    -4.598206035087));
#1602 = CARTESIAN_POINT('',(-9.95178157844,16.852802675771,
    -4.598206035112));
#1603 = CARTESIAN_POINT('',(-10.31862528245,16.852802675772,
    -4.598206035102));
#1604 = PCURVE('',#245,#1605);
#1605 = DEFINITIONAL_REPRESENTATION('',(#1606),#1609);
#1606 = B_SPLINE_CURVE_WITH_KNOTS('',1,(#1607,#1608),.UNSPECIFIED.,.F.,
  .F.,(2,2),(-1.002285638959E-03,1.100531117907E-03),
  .PIECEWISE_BEZIER_KNOTS.);
#1607 = CARTESIAN_POINT('',(0.501119174255,0.856927812871));
#1608 = CARTESIAN_POINT('',(0.501119174255,0.94828264223));
#1609 = ( GEOMETRIC_REPRESENTATION_CONTEXT(2) 
PARAMETRIC_REPRESENTATION_CONTEXT() REPRESENTATION_CONTEXT('2D SPACE',''
  ) );
#1610 = PCURVE('',#1611,#1616);
#1611 = PLANE('',#1612);
#1612 = AXIS2_PLACEMENT_3D('',#1613,#1614,#1615);
#1613 = CARTESIAN_POINT('',(-10.31862527178,5.601033471782,
    12.727999144248));
#1614 = DIRECTION('',(-1.240363457415E-11,0.838670567963,0.544639034989)
  );
#1615 = DIRECTION('',(0.,-0.544639034989,0.838670567963));
#1616 = DEFINITIONAL_REPRESENTATION('',(#1617),#1625);
#1617 = B_SPLINE_CURVE_WITH_KNOTS('',3,(#1618,#1619,#1620,#1621,#1622,
    #1623,#1624),.UNSPECIFIED.,.F.,.F.,(4,3,4),(-1.002285638959E-03,0.,
    1.100531117907E-03),.UNSPECIFIED.);
#1618 = CARTESIAN_POINT('',(-20.65913105956,2.102816746187));
#1619 = CARTESIAN_POINT('',(-20.65913105958,1.768721533201));
#1620 = CARTESIAN_POINT('',(-20.65913105956,1.434626320215));
#1621 = CARTESIAN_POINT('',(-20.65913105956,1.100531107228));
#1622 = CARTESIAN_POINT('',(-20.65913105956,0.733687400284));
#1623 = CARTESIAN_POINT('',(-20.65913105958,0.36684369334));
#1624 = CARTESIAN_POINT('',(-20.65913105957,-1.067884625172E-08));
#1625 = ( GEOMETRIC_REPRESENTATION_CONTEXT(2) 
PARAMETRIC_REPRESENTATION_CONTEXT() REPRESENTATION_CONTEXT('2D SPACE',''
  ) );
#1626 = ORIENTED_EDGE('',*,*,#1627,.T.);
#1627 = EDGE_CURVE('',#1591,#1628,#1630,.T.);
#1628 = VERTEX_POINT('',#1629);
#1629 = CARTESIAN_POINT('',(-7.869805849729,8.26727345306,-7.90235673404
    ));
#1630 = SURFACE_CURVE('',#1631,(#1638,#1667),.PCURVE_S1.);
#1631 = B_SPLINE_CURVE_WITH_KNOTS('',3,(#1632,#1633,#1634,#1635,#1636,
    #1637),.UNSPECIFIED.,.F.,.F.,(4,2,4),(0.,4.620943455897E-03,
    9.241886911793E-03),.UNSPECIFIED.);
#1632 = CARTESIAN_POINT('',(-8.215808525593,16.852802675773,
    -4.598206035082));
#1633 = CARTESIAN_POINT('',(-8.166923538982,15.511541933221,
    -5.361219795387));
#1634 = CARTESIAN_POINT('',(-8.113276779864,14.128390904243,
    -6.037740438143));
#1635 = CARTESIAN_POINT('',(-7.996827656702,11.2551305423,-7.16515413596
    ));
#1636 = CARTESIAN_POINT('',(-7.934748965608,9.78324770804,-7.60873742407
    ));
#1637 = CARTESIAN_POINT('',(-7.869805849729,8.26727345306,-7.90235673404
    ));
#1638 = PCURVE('',#245,#1639);
#1639 = DEFINITIONAL_REPRESENTATION('',(#1640),#1666);
#1640 = B_SPLINE_CURVE_WITH_KNOTS('',3,(#1641,#1642,#1643,#1644,#1645,
    #1646,#1647,#1648,#1649,#1650,#1651,#1652,#1653,#1654,#1655,#1656,
    #1657,#1658,#1659,#1660,#1661,#1662,#1663,#1664,#1665),
  .UNSPECIFIED.,.F.,.F.,(4,1,1,1,1,1,1,1,1,1,1,1,1,1,1,1,1,1,1,1,1,1,4),
  (0.,4.200857687179E-04,8.401715374357E-04,1.260257306154E-03,
    1.680343074871E-03,2.100428843589E-03,2.520514612307E-03,
    2.940600381025E-03,3.360686149743E-03,3.780771918461E-03,
    4.200857687179E-03,4.620943455897E-03,5.041029224614E-03,
    5.461114993332E-03,5.88120076205E-03,6.301286530768E-03,
    6.721372299486E-03,7.141458068204E-03,7.561543836922E-03,
    7.98162960564E-03,8.401715374357E-03,8.821801143075E-03,
    9.241886911793E-03),.QUASI_UNIFORM_KNOTS.);
#1641 = CARTESIAN_POINT('',(0.501119174255,0.856927812871));
#1642 = CARTESIAN_POINT('',(0.50111013973,0.856734743716));
#1643 = CARTESIAN_POINT('',(0.50109200477,0.856345186056));
#1644 = CARTESIAN_POINT('',(0.501064600422,0.855750627552));
#1645 = CARTESIAN_POINT('',(0.501036990071,0.855145883055));
#1646 = CARTESIAN_POINT('',(0.501009169312,0.85453098862));
#1647 = CARTESIAN_POINT('',(0.500981133539,0.853905980178));
#1648 = CARTESIAN_POINT('',(0.500952877937,0.853270894123));
#1649 = CARTESIAN_POINT('',(0.50092439741,0.85262576512));
#1650 = CARTESIAN_POINT('',(0.50089568694,0.851970634292));
#1651 = CARTESIAN_POINT('',(0.500866740263,0.851305518654));
#1652 = CARTESIAN_POINT('',(0.500837554891,0.850630525195));
#1653 = CARTESIAN_POINT('',(0.500808113452,0.849945425116));
#1654 = CARTESIAN_POINT('',(0.500778453434,0.849251242796));
#1655 = CARTESIAN_POINT('',(0.500748614907,0.848549160407));
#1656 = CARTESIAN_POINT('',(0.500718582753,0.847839106947));
#1657 = CARTESIAN_POINT('',(0.500688356385,0.847121347201));
#1658 = CARTESIAN_POINT('',(0.500657931081,0.846396055979));
#1659 = CARTESIAN_POINT('',(0.500627302998,0.845663432202));
#1660 = CARTESIAN_POINT('',(0.500596467852,0.844923668327));
#1661 = CARTESIAN_POINT('',(0.500565421298,0.844176958546));
#1662 = CARTESIAN_POINT('',(0.500534158861,0.843423496586));
#1663 = CARTESIAN_POINT('',(0.500502675991,0.842663476297));
#1664 = CARTESIAN_POINT('',(0.500481537389,0.842152553097));
#1665 = CARTESIAN_POINT('',(0.500470929818,0.841896063049));
#1666 = ( GEOMETRIC_REPRESENTATION_CONTEXT(2) 
PARAMETRIC_REPRESENTATION_CONTEXT() REPRESENTATION_CONTEXT('2D SPACE',''
  ) );
#1667 = PCURVE('',#1668,#1687);
#1668 = ( BOUNDED_SURFACE() B_SPLINE_SURFACE(3,2,(
    (#1669,#1670,#1671)
    ,(#1672,#1673,#1674)
    ,(#1675,#1676,#1677)
    ,(#1678,#1679,#1680)
    ,(#1681,#1682,#1683)
    ,(#1684,#1685,#1686
)),.UNSPECIFIED.,.F.,.F.,.F.) B_SPLINE_SURFACE_WITH_KNOTS((4,2,4),(3,3),
  (7.809445076584E-03,1.266802964831E-02,1.752661422004E-02),(0.,1.),
.UNSPECIFIED.) GEOMETRIC_REPRESENTATION_ITEM() RATIONAL_B_SPLINE_SURFACE
((
    (1.,0.70651152648,1.)
    ,(1.,0.706010352861,1.)
    ,(1.,0.705353044699,1.)
    ,(1.,0.703606138291,1.)
    ,(1.,0.702537688991,1.)
,(1.,0.701277065704,1.))) REPRESENTATION_ITEM('') SURFACE() );
#1669 = CARTESIAN_POINT('',(-9.219864707188,17.44935834941,
    -5.411070829914));
#1670 = CARTESIAN_POINT('',(-9.22154967612,16.950648572224,
    -4.54236072588));
#1671 = CARTESIAN_POINT('',(-8.220335701273,16.977268477974,
    -4.527080574636));
#1672 = CARTESIAN_POINT('',(-9.170157508264,16.043197812969,
    -6.218358927904));
#1673 = CARTESIAN_POINT('',(-9.1732277985,15.579589939139,
    -5.327863580978));
#1674 = CARTESIAN_POINT('',(-8.170693273527,15.609648290746,
    -5.312111276898));
#1675 = CARTESIAN_POINT('',(-9.115335582835,14.583670298752,
    -6.939118772593));
#1676 = CARTESIAN_POINT('',(-9.120235833142,14.161445199735,
    -6.025317119084));
#1677 = CARTESIAN_POINT('',(-8.115944896739,14.194956961162,
    -6.009936664321));
#1678 = CARTESIAN_POINT('',(-8.995491067427,11.521793664606,
    -8.144933832985));
#1679 = CARTESIAN_POINT('',(-9.005382972362,11.20205161468,
    -7.185481255469));
#1680 = CARTESIAN_POINT('',(-7.996261579431,11.240442867059,
    -7.172572479438));
#1681 = CARTESIAN_POINT('',(-8.932097949139,9.960930650282,
    -8.612684830312));
#1682 = CARTESIAN_POINT('',(-8.945018561583,9.699267380802,
    -7.631515234788));
#1683 = CARTESIAN_POINT('',(-7.932950934338,9.740775245925,
    -7.620738909871));
#1684 = CARTESIAN_POINT('',(-8.866530864265,8.364215992019,
    -8.918719727919));
#1685 = CARTESIAN_POINT('',(-8.883210163508,8.172704441957,
    -7.920503651756));
#1686 = CARTESIAN_POINT('',(-7.867477520629,8.212932118443,
    -7.91281341288));
#1687 = DEFINITIONAL_REPRESENTATION('',(#1688),#1714);
#1688 = B_SPLINE_CURVE_WITH_KNOTS('',3,(#1689,#1690,#1691,#1692,#1693,
    #1694,#1695,#1696,#1697,#1698,#1699,#1700,#1701,#1702,#1703,#1704,
    #1705,#1706,#1707,#1708,#1709,#1710,#1711,#1712,#1713),
  .UNSPECIFIED.,.F.,.F.,(4,1,1,1,1,1,1,1,1,1,1,1,1,1,1,1,1,1,1,1,1,1,4),
  (0.,4.200857687179E-04,8.401715374357E-04,1.260257306154E-03,
    1.680343074871E-03,2.100428843589E-03,2.520514612307E-03,
    2.940600381025E-03,3.360686149743E-03,3.780771918461E-03,
    4.200857687179E-03,4.620943455897E-03,5.041029224614E-03,
    5.461114993332E-03,5.88120076205E-03,6.301286530768E-03,
    6.721372299486E-03,7.141458068204E-03,7.561543836922E-03,
    7.98162960564E-03,8.401715374357E-03,8.821801143075E-03,
    9.241886911793E-03),.QUASI_UNIFORM_KNOTS.);
#1689 = CARTESIAN_POINT('',(7.956680837464E-03,0.999999985381));
#1690 = CARTESIAN_POINT('',(8.100767355734E-03,0.999999958719));
#1691 = CARTESIAN_POINT('',(8.388869034197E-03,0.999999959488));
#1692 = CARTESIAN_POINT('',(8.820797949157E-03,1.000000060812));
#1693 = CARTESIAN_POINT('',(9.25249377493E-03,1.000000193161));
#1694 = CARTESIAN_POINT('',(9.683946877889E-03,1.000000312023));
#1695 = CARTESIAN_POINT('',(1.011514745076E-02,1.000000387661));
#1696 = CARTESIAN_POINT('',(1.054608611253E-02,1.000000406104));
#1697 = CARTESIAN_POINT('',(1.097675188278E-02,1.000000366739));
#1698 = CARTESIAN_POINT('',(1.140714007331E-02,1.000000281235));
#1699 = CARTESIAN_POINT('',(1.183722317544E-02,1.000000169095));
#1700 = CARTESIAN_POINT('',(1.226705988338E-02,1.000000063695));
#1701 = CARTESIAN_POINT('',(1.269638860975E-02,0.999999977662));
#1702 = CARTESIAN_POINT('',(1.312617226244E-02,1.000000012039));
#1703 = CARTESIAN_POINT('',(1.355681724605E-02,1.000000237891));
#1704 = CARTESIAN_POINT('',(1.398822443798E-02,1.000000505063));
#1705 = CARTESIAN_POINT('',(1.442043094122E-02,1.000000743783));
#1706 = CARTESIAN_POINT('',(1.48534379973E-02,1.000000887658));
#1707 = CARTESIAN_POINT('',(1.528725695232E-02,1.000000899013));
#1708 = CARTESIAN_POINT('',(1.572189675828E-02,1.000000767797));
#1709 = CARTESIAN_POINT('',(1.61573671542E-02,1.000000517572));
#1710 = CARTESIAN_POINT('',(1.659367757E-02,1.000000212494));
#1711 = CARTESIAN_POINT('',(1.703083727414E-02,0.999999956095));
#1712 = CARTESIAN_POINT('',(1.73228489671E-02,0.999999935325));
#1713 = CARTESIAN_POINT('',(1.746899924497E-02,0.99999998843));
#1714 = ( GEOMETRIC_REPRESENTATION_CONTEXT(2) 
PARAMETRIC_REPRESENTATION_CONTEXT() REPRESENTATION_CONTEXT('2D SPACE',''
  ) );
#1715 = ORIENTED_EDGE('',*,*,#1716,.F.);
#1716 = EDGE_CURVE('',#1717,#1628,#1719,.T.);
#1717 = VERTEX_POINT('',#1718);
#1718 = CARTESIAN_POINT('',(-9.987912263741,8.267273453189,
    -7.902356734013));
#1719 = SURFACE_CURVE('',#1720,(#1728,#1734),.PCURVE_S1.);
#1720 = B_SPLINE_CURVE_WITH_KNOTS('',3,(#1721,#1722,#1723,#1724,#1725,
    #1726,#1727),.UNSPECIFIED.,.F.,.F.,(4,3,4),(0.,1.100971650775E-03,
    2.118106414012E-03),.UNSPECIFIED.);
#1721 = CARTESIAN_POINT('',(-9.987912263741,8.267273453189,
    -7.902356734013));
#1722 = CARTESIAN_POINT('',(-9.620921713483,8.267273453167,
    -7.902356734017));
#1723 = CARTESIAN_POINT('',(-9.253931163225,8.267273453146,
    -7.902356734049));
#1724 = CARTESIAN_POINT('',(-8.886940612966,8.267273453125,
    -7.902356734053));
#1725 = CARTESIAN_POINT('',(-8.547895691887,8.267273453104,
    -7.902356734057));
#1726 = CARTESIAN_POINT('',(-8.208850770808,8.267273453082,
    -7.902356734035));
#1727 = CARTESIAN_POINT('',(-7.869805849729,8.26727345306,-7.90235673404
    ));
#1728 = PCURVE('',#245,#1729);
#1729 = DEFINITIONAL_REPRESENTATION('',(#1730),#1733);
#1730 = B_SPLINE_CURVE_WITH_KNOTS('',1,(#1731,#1732),.UNSPECIFIED.,.F.,
  .F.,(2,2),(0.,2.118106414012E-03),.PIECEWISE_BEZIER_KNOTS.);
#1731 = CARTESIAN_POINT('',(0.500470929818,0.933915136696));
#1732 = CARTESIAN_POINT('',(0.500470929818,0.841896063049));
#1733 = ( GEOMETRIC_REPRESENTATION_CONTEXT(2) 
PARAMETRIC_REPRESENTATION_CONTEXT() REPRESENTATION_CONTEXT('2D SPACE',''
  ) );
#1734 = PCURVE('',#1735,#1740);
#1735 = PLANE('',#1736);
#1736 = AXIS2_PLACEMENT_3D('',#1737,#1738,#1739);
#1737 = CARTESIAN_POINT('',(-9.987912250137,-1.947001738313,
    7.826247765225));
#1738 = DIRECTION('',(-5.616882036044E-11,-0.838670567963,
    -0.544639034989));
#1739 = DIRECTION('',(0.,0.544639034989,-0.838670567963));
#1740 = DEFINITIONAL_REPRESENTATION('',(#1741),#1749);
#1741 = B_SPLINE_CURVE_WITH_KNOTS('',3,(#1742,#1743,#1744,#1745,#1746,
    #1747,#1748),.UNSPECIFIED.,.F.,.F.,(4,3,4),(0.,1.100971650775E-03,
    2.118106414012E-03),.UNSPECIFIED.);
#1742 = CARTESIAN_POINT('',(18.754210652043,-1.360421109098E-08));
#1743 = CARTESIAN_POINT('',(18.754210652034,0.366990536654));
#1744 = CARTESIAN_POINT('',(18.75421065205,0.733981086913));
#1745 = CARTESIAN_POINT('',(18.754210652041,1.100971637171));
#1746 = CARTESIAN_POINT('',(18.754210652034,1.44001655825));
#1747 = CARTESIAN_POINT('',(18.754210652003,1.779061479329));
#1748 = CARTESIAN_POINT('',(18.754210651995,2.118106400408));
#1749 = ( GEOMETRIC_REPRESENTATION_CONTEXT(2) 
PARAMETRIC_REPRESENTATION_CONTEXT() REPRESENTATION_CONTEXT('2D SPACE',''
  ) );
#1750 = ORIENTED_EDGE('',*,*,#1751,.F.);
#1751 = EDGE_CURVE('',#1593,#1717,#1752,.T.);
#1752 = SURFACE_CURVE('',#1753,(#1760,#1789),.PCURVE_S1.);
#1753 = B_SPLINE_CURVE_WITH_KNOTS('',3,(#1754,#1755,#1756,#1757,#1758,
    #1759),.UNSPECIFIED.,.F.,.F.,(4,2,4),(4.594341030532E-15,
    4.602664852389E-03,9.205329704774E-03),.UNSPECIFIED.);
#1754 = CARTESIAN_POINT('',(-10.31862528245,16.852802675772,
    -4.598206035102));
#1755 = CARTESIAN_POINT('',(-10.27104951439,15.504782747064,
    -5.36506494787));
#1756 = CARTESIAN_POINT('',(-10.21936794927,14.121632339262,
    -6.040229618136));
#1757 = CARTESIAN_POINT('',(-10.10872464947,11.267117102233,
    -7.160613290584));
#1758 = CARTESIAN_POINT('',(-10.04975617693,9.795925575522,
    -7.606281929389));
#1759 = CARTESIAN_POINT('',(-9.987912263741,8.267273453189,
    -7.902356734013));
#1760 = PCURVE('',#245,#1761);
#1761 = DEFINITIONAL_REPRESENTATION('',(#1762),#1788);
#1762 = B_SPLINE_CURVE_WITH_KNOTS('',3,(#1763,#1764,#1765,#1766,#1767,
    #1768,#1769,#1770,#1771,#1772,#1773,#1774,#1775,#1776,#1777,#1778,
    #1779,#1780,#1781,#1782,#1783,#1784,#1785,#1786,#1787),
  .UNSPECIFIED.,.F.,.F.,(4,1,1,1,1,1,1,1,1,1,1,1,1,1,1,1,1,1,1,1,1,1,4),
  (4.594341030532E-15,4.184240774941E-04,8.368481549837E-04,
    1.255272232473E-03,1.673696309963E-03,2.092120387452E-03,
    2.510544464942E-03,2.928968542431E-03,3.347392619921E-03,
    3.76581669741E-03,4.1842407749E-03,4.602664852389E-03,
    5.021088929879E-03,5.439513007369E-03,5.857937084858E-03,
    6.276361162348E-03,6.694785239837E-03,7.113209317327E-03,
    7.531633394816E-03,7.950057472306E-03,8.368481549795E-03,
    8.786905627285E-03,9.205329704774E-03),.QUASI_UNIFORM_KNOTS.);
#1763 = CARTESIAN_POINT('',(0.501119174255,0.94828264223));
#1764 = CARTESIAN_POINT('',(0.501110094205,0.948094743777));
#1765 = CARTESIAN_POINT('',(0.501091876438,0.947715998567));
#1766 = CARTESIAN_POINT('',(0.501064373459,0.947139127047));
#1767 = CARTESIAN_POINT('',(0.501036690892,0.946553593029));
#1768 = CARTESIAN_POINT('',(0.50100882523,0.945959487715));
#1769 = CARTESIAN_POINT('',(0.500980772812,0.945356902315));
#1770 = CARTESIAN_POINT('',(0.500952529799,0.944745928028));
#1771 = CARTESIAN_POINT('',(0.500924092185,0.944126656074));
#1772 = CARTESIAN_POINT('',(0.50089545581,0.94349917761));
#1773 = CARTESIAN_POINT('',(0.500866616364,0.94286358402));
#1774 = CARTESIAN_POINT('',(0.500837569401,0.942219965847));
#1775 = CARTESIAN_POINT('',(0.50080831036,0.941568416763));
#1776 = CARTESIAN_POINT('',(0.500778834588,0.940909018772));
#1777 = CARTESIAN_POINT('',(0.500749137336,0.940241913739));
#1778 = CARTESIAN_POINT('',(0.500719213557,0.939567255198));
#1779 = CARTESIAN_POINT('',(0.500689057913,0.938885193557));
#1780 = CARTESIAN_POINT('',(0.500658664798,0.938195880061));
#1781 = CARTESIAN_POINT('',(0.500628028349,0.937499465729));
#1782 = CARTESIAN_POINT('',(0.500597142476,0.936796101644));
#1783 = CARTESIAN_POINT('',(0.50056600089,0.93608593887));
#1784 = CARTESIAN_POINT('',(0.500534597141,0.935369128476));
#1785 = CARTESIAN_POINT('',(0.500502924663,0.934645821529));
#1786 = CARTESIAN_POINT('',(0.500481626098,0.934159386575));
#1787 = CARTESIAN_POINT('',(0.500470929818,0.933915136696));
#1788 = ( GEOMETRIC_REPRESENTATION_CONTEXT(2) 
PARAMETRIC_REPRESENTATION_CONTEXT() REPRESENTATION_CONTEXT('2D SPACE',''
  ) );
#1789 = PCURVE('',#1790,#1805);
#1790 = B_SPLINE_SURFACE_WITH_KNOTS('',3,1,(
    (#1791,#1792)
    ,(#1793,#1794)
    ,(#1795,#1796)
    ,(#1797,#1798)
    ,(#1799,#1800)
    ,(#1801,#1802)
    ,(#1803,#1804
    )),.UNSPECIFIED.,.F.,.F.,.F.,(4,3,4),(2,2),(0.495062659068,
    0.713369355666,0.83805433223),(0.,1.),.UNSPECIFIED.);
#1791 = CARTESIAN_POINT('',(-9.987912259807,8.242554604799,
    -7.864293045483));
#1792 = CARTESIAN_POINT('',(-9.98791226374,12.387081514028,
    -14.24630482503));
#1793 = CARTESIAN_POINT('',(-10.06971081163,9.843562464188,
    -6.824586384848));
#1794 = CARTESIAN_POINT('',(-10.06971081556,13.988089373417,
    -13.20659816439));
#1795 = CARTESIAN_POINT('',(-10.14402427611,11.444847710408,
    -5.784699587104));
#1796 = CARTESIAN_POINT('',(-10.14402428004,15.589374619637,
    -12.16671136665));
#1797 = CARTESIAN_POINT('',(-10.21099132105,13.046332654993,
    -4.74468310373));
#1798 = CARTESIAN_POINT('',(-10.21099132498,17.190859564223,
    -11.12669488328));
#1799 = CARTESIAN_POINT('',(-10.24923929977,13.96101482648,
    -4.150681556221));
#1800 = CARTESIAN_POINT('',(-10.24923930371,18.10554173571,
    -10.53269333577));
#1801 = CARTESIAN_POINT('',(-10.28510555857,14.875771727715,
    -3.556631478648));
#1802 = CARTESIAN_POINT('',(-10.2851055625,19.020298636945,
    -9.938643258199));
#1803 = CARTESIAN_POINT('',(-10.31862528145,15.790589814917,
    -2.962541666446));
#1804 = CARTESIAN_POINT('',(-10.31862528538,19.935116724147,
    -9.344553445996));
#1805 = DEFINITIONAL_REPRESENTATION('',(#1806),#1832);
#1806 = B_SPLINE_CURVE_WITH_KNOTS('',3,(#1807,#1808,#1809,#1810,#1811,
    #1812,#1813,#1814,#1815,#1816,#1817,#1818,#1819,#1820,#1821,#1822,
    #1823,#1824,#1825,#1826,#1827,#1828,#1829,#1830,#1831),
  .UNSPECIFIED.,.F.,.F.,(4,1,1,1,1,1,1,1,1,1,1,1,1,1,1,1,1,1,1,1,1,1,4),
  (4.594341030532E-15,4.184240774941E-04,8.368481549837E-04,
    1.255272232473E-03,1.673696309963E-03,2.092120387452E-03,
    2.510544464942E-03,2.928968542431E-03,3.347392619921E-03,
    3.76581669741E-03,4.1842407749E-03,4.602664852389E-03,
    5.021088929879E-03,5.439513007369E-03,5.857937084858E-03,
    6.276361162348E-03,6.694785239837E-03,7.113209317327E-03,
    7.531633394816E-03,7.950057472306E-03,8.368481549795E-03,
    8.786905627285E-03,9.205329704774E-03),.QUASI_UNIFORM_KNOTS.);
#1807 = CARTESIAN_POINT('',(0.83805433223,0.25629290969));
#1808 = CARTESIAN_POINT('',(0.832691606628,0.2552052721));
#1809 = CARTESIAN_POINT('',(0.821978959155,0.252821400632));
#1810 = CARTESIAN_POINT('',(0.805949278106,0.248605343079));
#1811 = CARTESIAN_POINT('',(0.789959766167,0.243734573672));
#1812 = CARTESIAN_POINT('',(0.774011302382,0.238194630976));
#1813 = CARTESIAN_POINT('',(0.75810476613,0.231971053308));
#1814 = CARTESIAN_POINT('',(0.742241036038,0.225049379901));
#1815 = CARTESIAN_POINT('',(0.726420994069,0.217415146577));
#1816 = CARTESIAN_POINT('',(0.71064551025,0.209053901887));
#1817 = CARTESIAN_POINT('',(0.694915492877,0.199951146873));
#1818 = CARTESIAN_POINT('',(0.679231842697,0.19009255989));
#1819 = CARTESIAN_POINT('',(0.663595462381,0.179463157544));
#1820 = CARTESIAN_POINT('',(0.648007113672,0.168050426123));
#1821 = CARTESIAN_POINT('',(0.632468004761,0.15583452541));
#1822 = CARTESIAN_POINT('',(0.616979496139,0.142793145506));
#1823 = CARTESIAN_POINT('',(0.601542907691,0.128904638262));
#1824 = CARTESIAN_POINT('',(0.586159570382,0.114147178217));
#1825 = CARTESIAN_POINT('',(0.570830812403,9.849898741579E-02));
#1826 = CARTESIAN_POINT('',(0.555557962877,8.193827517721E-02));
#1827 = CARTESIAN_POINT('',(0.540342350866,6.444325422906E-02));
#1828 = CARTESIAN_POINT('',(0.525185305634,4.599213638558E-02));
#1829 = CARTESIAN_POINT('',(0.510088156558,2.656313370597E-02));
#1830 = CARTESIAN_POINT('',(0.500064207651,1.2944016691E-02));
#1831 = CARTESIAN_POINT('',(0.495062659068,5.96421471173E-03));
#1832 = ( GEOMETRIC_REPRESENTATION_CONTEXT(2) 
PARAMETRIC_REPRESENTATION_CONTEXT() REPRESENTATION_CONTEXT('2D SPACE',''
  ) );
#1833 = ADVANCED_FACE('',(#1834),#1735,.T.);
#1834 = FACE_BOUND('',#1835,.T.);
#1835 = EDGE_LOOP('',(#1836,#1837,#1859,#1961));
#1836 = ORIENTED_EDGE('',*,*,#1716,.F.);
#1837 = ORIENTED_EDGE('',*,*,#1838,.T.);
#1838 = EDGE_CURVE('',#1717,#1839,#1841,.T.);
#1839 = VERTEX_POINT('',#1840);
#1840 = CARTESIAN_POINT('',(-9.987912259938,8.379185393409,
    -8.074686009808));
#1841 = SURFACE_CURVE('',#1842,(#1846,#1853),.PCURVE_S1.);
#1842 = LINE('',#1843,#1844);
#1843 = CARTESIAN_POINT('',(-9.987912250137,-1.947001738313,
    7.826247765225));
#1844 = VECTOR('',#1845,1.);
#1845 = DIRECTION('',(-5.169068702225E-10,0.544639034989,-0.838670567963
    ));
#1846 = PCURVE('',#1735,#1847);
#1847 = DEFINITIONAL_REPRESENTATION('',(#1848),#1852);
#1848 = LINE('',#1849,#1850);
#1849 = CARTESIAN_POINT('',(4.188897992316E-15,4.084810078195E-27));
#1850 = VECTOR('',#1851,1.);
#1851 = DIRECTION('',(1.,-5.169068702225E-10));
#1852 = ( GEOMETRIC_REPRESENTATION_CONTEXT(2) 
PARAMETRIC_REPRESENTATION_CONTEXT() REPRESENTATION_CONTEXT('2D SPACE',''
  ) );
#1853 = PCURVE('',#1790,#1854);
#1854 = DEFINITIONAL_REPRESENTATION('',(#1855),#1858);
#1855 = B_SPLINE_CURVE_WITH_KNOTS('',1,(#1856,#1857),.UNSPECIFIED.,.F.,
  .F.,(2,2),(18.754210652043,26.318501487258),.PIECEWISE_BEZIER_KNOTS.);
#1856 = CARTESIAN_POINT('',(0.495062659069,5.96421471173E-03));
#1857 = CARTESIAN_POINT('',(0.495062659069,1.));
#1858 = ( GEOMETRIC_REPRESENTATION_CONTEXT(2) 
PARAMETRIC_REPRESENTATION_CONTEXT() REPRESENTATION_CONTEXT('2D SPACE',''
  ) );
#1859 = ORIENTED_EDGE('',*,*,#1860,.F.);
#1860 = EDGE_CURVE('',#1861,#1839,#1863,.T.);
#1861 = VERTEX_POINT('',#1862);
#1862 = CARTESIAN_POINT('',(-8.460583111524,8.379185393318,
    -8.074686009825));
#1863 = SURFACE_CURVE('',#1864,(#1870,#1879),.PCURVE_S1.);
#1864 = B_SPLINE_CURVE_WITH_KNOTS('',4,(#1865,#1866,#1867,#1868,#1869),
  .UNSPECIFIED.,.F.,.F.,(5,5),(0.,1.),.PIECEWISE_BEZIER_KNOTS.);
#1865 = CARTESIAN_POINT('',(-7.869805849729,8.379185393283,
    -8.074686009832));
#1866 = CARTESIAN_POINT('',(-8.399332453232,8.379185393314,
    -8.074686009826));
#1867 = CARTESIAN_POINT('',(-8.928859056735,8.379185393346,
    -8.07468600982));
#1868 = CARTESIAN_POINT('',(-9.458385660238,8.379185393378,
    -8.074686009814));
#1869 = CARTESIAN_POINT('',(-9.987912263741,8.379185393409,
    -8.074686009808));
#1870 = PCURVE('',#1735,#1871);
#1871 = DEFINITIONAL_REPRESENTATION('',(#1872),#1878);
#1872 = B_SPLINE_CURVE_WITH_KNOTS('',4,(#1873,#1874,#1875,#1876,#1877),
  .UNSPECIFIED.,.F.,.F.,(5,5),(0.,1.),.PIECEWISE_BEZIER_KNOTS.);
#1873 = CARTESIAN_POINT('',(18.959689754727,2.118106400408));
#1874 = CARTESIAN_POINT('',(18.959689754739,1.588579796905));
#1875 = CARTESIAN_POINT('',(18.959689754751,1.059053193402));
#1876 = CARTESIAN_POINT('',(18.959689754763,0.529526589899));
#1877 = CARTESIAN_POINT('',(18.959689754776,-1.360421464369E-08));
#1878 = ( GEOMETRIC_REPRESENTATION_CONTEXT(2) 
PARAMETRIC_REPRESENTATION_CONTEXT() REPRESENTATION_CONTEXT('2D SPACE',''
  ) );
#1879 = PCURVE('',#1880,#1953);
#1880 = ( BOUNDED_SURFACE() B_SPLINE_SURFACE(1,3,(
    (#1881,#1882,#1883,#1884,#1885,#1886,#1887,#1888,#1889,#1890,#1891
      ,#1892,#1893,#1894,#1895,#1896,#1897,#1898,#1899,#1900,#1901,#1902
      ,#1903,#1904,#1905,#1906,#1907,#1908,#1909,#1910,#1911,#1912,#1913
      ,#1914,#1915,#1916)
    ,(#1917,#1918,#1919,#1920,#1921,#1922,#1923,#1924,#1925,#1926,#1927
      ,#1928,#1929,#1930,#1931,#1932,#1933,#1934,#1935,#1936,#1937,#1938
      ,#1939,#1940,#1941,#1942,#1943,#1944,#1945,#1946,#1947,#1948,#1949
      ,#1950,#1951,#1952
)),.UNSPECIFIED.,.F.,.F.,.F.) B_SPLINE_SURFACE_WITH_KNOTS((2,2),(4,1,1,1
    ,1,1,1,1,1,1,1,1,1,1,1,1,1,1,1,1,1,1,1,1,1,1,1,1,1,1,1,1,1,4),(0.,1.
    ),(0.,2.868815488744E-02,5.737350739572E-02,8.60561159651E-02,
    0.114736038554,0.143413376946,0.172103703869,0.20084829656,
    0.229673919698,0.258593491558,0.28760818271,0.316709513502,
    0.34588140874,0.375102192653,0.404346525565,0.433727564529,
    0.463511629906,0.49372056664,0.524340619507,0.555333123051,
    0.5866399567,0.618188396286,0.649895434928,0.681671694686,
    0.71343500642,0.746455089112,0.78138823884,0.817483760254,
    0.85380329857,0.889376590485,0.923343848625,0.955144200918,
0.984817405995,1.),.UNSPECIFIED.) GEOMETRIC_REPRESENTATION_ITEM() 
RATIONAL_B_SPLINE_SURFACE((
    (1.,0.999999999977,1.000000000011,0.999999999997,1.000000000001,1.
      ,1.,1.,1.,1.,1.,1.,1.,1.,1.,1.,1.,1.,1.,1.,1.,1.,1.,1.,1.,1.,1.,1.
      ,1.,1.,1.,1.,0.999999999999,1.000000000003,0.999999999996,1.)
    ,(1.,0.999999999977,1.000000000011,0.999999999997,1.000000000001,1.
      ,1.,1.,1.,1.,1.,1.,1.,1.,1.,1.,1.,1.,1.,1.,1.,1.,1.,1.,1.,1.,1.,1.
      ,1.,1.,1.,1.,0.999999999999,1.000000000003,0.999999999996,1.
))) REPRESENTATION_ITEM('') SURFACE() );
#1881 = CARTESIAN_POINT('',(-10.05188727175,1.3,-8.55));
#1882 = CARTESIAN_POINT('',(-10.06738735984,1.504979917872,
    -8.55440728071));
#1883 = CARTESIAN_POINT('',(-10.09810496504,1.914788125886,
    -8.547970918126));
#1884 = CARTESIAN_POINT('',(-10.14337937132,2.529652258467,
    -8.550491440959));
#1885 = CARTESIAN_POINT('',(-10.18784141924,3.144487008454,
    -8.550063015866));
#1886 = CARTESIAN_POINT('',(-10.23149558482,3.759318219377,
    -8.549256668368));
#1887 = CARTESIAN_POINT('',(-10.27435564751,4.374305720633,
    -8.55291058806));
#1888 = CARTESIAN_POINT('',(-10.31643561652,4.989629489788,
    -8.532578984385));
#1889 = CARTESIAN_POINT('',(-10.35770030034,5.604740345267,
    -8.488081977933));
#1890 = CARTESIAN_POINT('',(-10.39815830083,6.219715188875,
    -8.42324431228));
#1891 = CARTESIAN_POINT('',(-10.43781307661,6.834559941696,
    -8.340801173778));
#1892 = CARTESIAN_POINT('',(-10.47666972406,7.449306342595,
    -8.24379353775));
#1893 = CARTESIAN_POINT('',(-10.51473182619,8.06396369191,
    -8.135093367408));
#1894 = CARTESIAN_POINT('',(-10.55200628299,8.678599958947,
    -8.017912695409));
#1895 = CARTESIAN_POINT('',(-10.58848701551,9.293062795789,
    -7.894246674376));
#1896 = CARTESIAN_POINT('',(-10.6242726377,9.90900000425,-7.770411671511
    ));
#1897 = CARTESIAN_POINT('',(-10.65939363935,10.527043778532,
    -7.63532547326));
#1898 = CARTESIAN_POINT('',(-10.69354473265,11.141720253267,
    -7.457966846218));
#1899 = CARTESIAN_POINT('',(-10.72692545223,11.756436858217,
    -7.251614422091));
#1900 = CARTESIAN_POINT('',(-10.75951688787,12.370811549275,
    -7.018409172957));
#1901 = CARTESIAN_POINT('',(-10.79133300832,12.985030531175,
    -6.763576730581));
#1902 = CARTESIAN_POINT('',(-10.82237962007,13.599156967164,
    -6.491602049619));
#1903 = CARTESIAN_POINT('',(-10.85265407255,14.213057874366,
    -6.206722844671));
#1904 = CARTESIAN_POINT('',(-10.88219161644,14.827456641937,
    -5.914897453427));
#1905 = CARTESIAN_POINT('',(-10.91088313895,15.439848595784,
    -5.615361052797));
#1906 = CARTESIAN_POINT('',(-10.93957334124,16.06889190121,
    -5.32837034265));
#1907 = CARTESIAN_POINT('',(-10.96708344452,16.689154032001,
    -4.972168168098));
#1908 = CARTESIAN_POINT('',(-10.99324285771,17.295544675181,
    -4.538334272681));
#1909 = CARTESIAN_POINT('',(-11.01870389069,17.90259219062,
    -4.066935651574));
#1910 = CARTESIAN_POINT('',(-11.0434161362,18.509124338472,
    -3.587331078865));
#1911 = CARTESIAN_POINT('',(-11.06742530319,19.116159386471,
    -3.133033848232));
#1912 = CARTESIAN_POINT('',(-11.09077328824,19.724814555194,
    -2.736333470868));
#1913 = CARTESIAN_POINT('',(-11.11356133868,20.337870674668,
    -2.429521022967));
#1914 = CARTESIAN_POINT('',(-11.13268673154,20.869667393993,
    -2.275640780608));
#1915 = CARTESIAN_POINT('',(-11.14395605875,21.191439071321,
    -2.249789576315));
#1916 = CARTESIAN_POINT('',(-11.14772265089,21.3,-2.25));
#1917 = CARTESIAN_POINT('',(10.051887290352,1.3,-8.55));
#1918 = CARTESIAN_POINT('',(10.067387381833,1.504979917872,
    -8.55440728071));
#1919 = CARTESIAN_POINT('',(10.098104996483,1.914788125886,
    -8.547970918126));
#1920 = CARTESIAN_POINT('',(10.143379417836,2.529652258467,
    -8.550491440959));
#1921 = CARTESIAN_POINT('',(10.187841482852,3.144487008454,
    -8.550063015866));
#1922 = CARTESIAN_POINT('',(10.231495666502,3.759318219377,
    -8.549256668368));
#1923 = CARTESIAN_POINT('',(10.274355747848,4.374305720633,
    -8.55291058806));
#1924 = CARTESIAN_POINT('',(10.316435735607,4.989629489788,
    -8.532578984385));
#1925 = CARTESIAN_POINT('',(10.357700437799,5.604740345267,
    -8.488081977933));
#1926 = CARTESIAN_POINT('',(10.398158455899,6.219715188875,
    -8.42324431228));
#1927 = CARTESIAN_POINT('',(10.437813248179,6.834559941696,
    -8.340801173778));
#1928 = CARTESIAN_POINT('',(10.476669910699,7.449306342595,
    -8.24379353775));
#1929 = CARTESIAN_POINT('',(10.514732026202,8.06396369191,
    -8.135093367408));
#1930 = CARTESIAN_POINT('',(10.552006494457,8.678599958947,
    -8.017912695409));
#1931 = CARTESIAN_POINT('',(10.588487236321,9.293062795789,
    -7.894246674376));
#1932 = CARTESIAN_POINT('',(10.624272865613,9.90900000425,
    -7.770411671511));
#1933 = CARTESIAN_POINT('',(10.659393871993,10.527043778532,
    -7.63532547326));
#1934 = CARTESIAN_POINT('',(10.693544967548,11.141720253267,
    -7.457966846218));
#1935 = CARTESIAN_POINT('',(10.726925686929,11.756436858217,
    -7.251614422091));
#1936 = CARTESIAN_POINT('',(10.759517119905,12.370811549275,
    -7.018409172957));
#1937 = CARTESIAN_POINT('',(10.7913332353,12.985030531175,
    -6.763576730581));
#1938 = CARTESIAN_POINT('',(10.822379839664,13.599156967164,
    -6.491602049619));
#1939 = CARTESIAN_POINT('',(10.85265428258,14.213057874366,
    -6.206722844671));
#1940 = CARTESIAN_POINT('',(10.882191814848,14.827456641937,
    -5.914897453427));
#1941 = CARTESIAN_POINT('',(10.910883323964,15.439848595784,
    -5.615361052797));
#1942 = CARTESIAN_POINT('',(10.939573510845,16.06889190121,
    -5.32837034265));
#1943 = CARTESIAN_POINT('',(10.967083597551,16.689154032001,
    -4.972168168098));
#1944 = CARTESIAN_POINT('',(10.993242993553,17.295544675181,
    -4.538334272681));
#1945 = CARTESIAN_POINT('',(11.01870400867,17.90259219062,
    -4.066935651574));
#1946 = CARTESIAN_POINT('',(11.043416236054,18.509124338472,
    -3.587331078865));
#1947 = CARTESIAN_POINT('',(11.067425385019,19.116159386471,
    -3.133033848232));
#1948 = CARTESIAN_POINT('',(11.090773352526,19.724814555194,
    -2.736333470868));
#1949 = CARTESIAN_POINT('',(11.113561386371,20.337870674668,
    -2.429521022967));
#1950 = CARTESIAN_POINT('',(11.132686766087,20.869667393993,
    -2.275640780608));
#1951 = CARTESIAN_POINT('',(11.143956086394,21.191439071321,
    -2.249789576315));
#1952 = CARTESIAN_POINT('',(11.147722676215,21.3,-2.25));
#1953 = DEFINITIONAL_REPRESENTATION('',(#1954),#1960);
#1954 = B_SPLINE_CURVE_WITH_KNOTS('',4,(#1955,#1956,#1957,#1958,#1959),
  .UNSPECIFIED.,.F.,.F.,(5,5),(0.,1.),.PIECEWISE_BEZIER_KNOTS.);
#1955 = CARTESIAN_POINT('',(0.126450367549,0.33169299775));
#1956 = CARTESIAN_POINT('',(0.101315762033,0.331692997752));
#1957 = CARTESIAN_POINT('',(7.618115651633E-02,0.331692997753));
#1958 = CARTESIAN_POINT('',(5.104655099983E-02,0.331692997755));
#1959 = CARTESIAN_POINT('',(2.591194548335E-02,0.331692997756));
#1960 = ( GEOMETRIC_REPRESENTATION_CONTEXT(2) 
PARAMETRIC_REPRESENTATION_CONTEXT() REPRESENTATION_CONTEXT('2D SPACE',''
  ) );
#1961 = ORIENTED_EDGE('',*,*,#1962,.F.);
#1962 = EDGE_CURVE('',#1628,#1861,#1963,.T.);
#1963 = SURFACE_CURVE('',#1964,(#1975,#1989),.PCURVE_S1.);
#1964 = B_SPLINE_CURVE_WITH_KNOTS('',3,(#1965,#1966,#1967,#1968,#1969,
    #1970,#1971,#1972,#1973,#1974),.UNSPECIFIED.,.F.,.F.,(4,2,2,2,4),(0.
    ,4.115119923173E-04,8.230239846345E-04,1.234535976952E-03,
    1.646047969269E-03),.UNSPECIFIED.);
#1965 = CARTESIAN_POINT('',(-7.869805849729,8.26727345306,-7.90235673404
    ));
#1966 = CARTESIAN_POINT('',(-8.00904557934,8.267273453068,
    -7.902356734038));
#1967 = CARTESIAN_POINT('',(-8.145679106923,8.284412196706,
    -7.928748084875));
#1968 = CARTESIAN_POINT('',(-8.395324714914,8.347675838945,
    -8.026165551025));
#1969 = CARTESIAN_POINT('',(-8.508081750353,8.393960852174,
    -8.097438221239));
#1970 = CARTESIAN_POINT('',(-8.691883300316,8.505168867944,
    -8.26868354841));
#1971 = CARTESIAN_POINT('',(-8.764466565793,8.570873387963,
    -8.369859636752));
#1972 = CARTESIAN_POINT('',(-8.861602664018,8.711072867008,
    -8.585747902483));
#1973 = CARTESIAN_POINT('',(-8.886940623151,8.786124339809,
    -8.701317035938));
#1974 = CARTESIAN_POINT('',(-8.886940623225,8.86181813258,
    -8.817875255412));
#1975 = PCURVE('',#1735,#1976);
#1976 = DEFINITIONAL_REPRESENTATION('',(#1977),#1988);
#1977 = B_SPLINE_CURVE_WITH_KNOTS('',3,(#1978,#1979,#1980,#1981,#1982,
    #1983,#1984,#1985,#1986,#1987),.UNSPECIFIED.,.F.,.F.,(4,2,2,2,4),(0.
    ,4.115119923173E-04,8.230239846345E-04,1.234535976952E-03,
    1.646047969269E-03),.UNSPECIFIED.);
#1978 = CARTESIAN_POINT('',(18.754210651995,2.118106400408));
#1979 = CARTESIAN_POINT('',(18.754210651998,1.978866670798));
#1980 = CARTESIAN_POINT('',(18.78567872999,1.842233143214));
#1981 = CARTESIAN_POINT('',(18.901835740714,1.592587535223));
#1982 = CARTESIAN_POINT('',(18.986818656462,1.479830499784));
#1983 = CARTESIAN_POINT('',(19.191005298654,1.296028949821));
#1984 = CARTESIAN_POINT('',(19.311643952505,1.223445684345));
#1985 = CARTESIAN_POINT('',(19.569061195915,1.126309586119));
#1986 = CARTESIAN_POINT('',(19.70686158843,1.100971626986));
#1987 = CARTESIAN_POINT('',(19.845841330806,1.100971626913));
#1988 = ( GEOMETRIC_REPRESENTATION_CONTEXT(2) 
PARAMETRIC_REPRESENTATION_CONTEXT() REPRESENTATION_CONTEXT('2D SPACE',''
  ) );
#1989 = PCURVE('',#1668,#1990);
#1990 = DEFINITIONAL_REPRESENTATION('',(#1991),#2017);
#1991 = B_SPLINE_CURVE_WITH_KNOTS('',3,(#1992,#1993,#1994,#1995,#1996,
    #1997,#1998,#1999,#2000,#2001,#2002,#2003,#2004,#2005,#2006,#2007,
    #2008,#2009,#2010,#2011,#2012,#2013,#2014,#2015,#2016),
  .UNSPECIFIED.,.F.,.F.,(4,1,1,1,1,1,1,1,1,1,1,1,1,1,1,1,1,1,1,1,1,1,4),
  (0.,7.48203622395E-05,1.49640724479E-04,2.244610867185E-04,
    2.99281448958E-04,3.741018111975E-04,4.48922173437E-04,
    5.237425356765E-04,5.98562897916E-04,6.733832601555E-04,
    7.48203622395E-04,8.230239846345E-04,8.97844346874E-04,
    9.726647091135E-04,1.047485071353E-03,1.122305433593E-03,
    1.197125795832E-03,1.271946158072E-03,1.346766520311E-03,
    1.421586882551E-03,1.49640724479E-03,1.57122760703E-03,
    1.646047969269E-03),.QUASI_UNIFORM_KNOTS.);
#1992 = CARTESIAN_POINT('',(1.746899924497E-02,0.99999998843));
#1993 = CARTESIAN_POINT('',(1.74679392755E-02,0.982262493314));
#1994 = CARTESIAN_POINT('',(1.746501425027E-02,0.947479357313));
#1995 = CARTESIAN_POINT('',(1.745830149243E-02,0.897109617164));
#1996 = CARTESIAN_POINT('',(1.744935254943E-02,0.848257982822));
#1997 = CARTESIAN_POINT('',(1.743825997008E-02,0.800694503474));
#1998 = CARTESIAN_POINT('',(1.742511991948E-02,0.754214841656));
#1999 = CARTESIAN_POINT('',(1.741002492028E-02,0.708630860614));
#2000 = CARTESIAN_POINT('',(1.739308370645E-02,0.663802109592));
#2001 = CARTESIAN_POINT('',(1.737447255329E-02,0.619609206288));
#2002 = CARTESIAN_POINT('',(1.73543576676E-02,0.575960040841));
#2003 = CARTESIAN_POINT('',(1.733290072136E-02,0.532764181189));
#2004 = CARTESIAN_POINT('',(1.731028723292E-02,0.489991180754));
#2005 = CARTESIAN_POINT('',(1.728660462917E-02,0.447418895521));
#2006 = CARTESIAN_POINT('',(1.726194320387E-02,0.404785247292));
#2007 = CARTESIAN_POINT('',(1.723648728863E-02,0.36203406013));
#2008 = CARTESIAN_POINT('',(1.721039388023E-02,0.31906766492));
#2009 = CARTESIAN_POINT('',(1.718381963301E-02,0.275796901255));
#2010 = CARTESIAN_POINT('',(1.715693281868E-02,0.232155503068));
#2011 = CARTESIAN_POINT('',(1.712977225246E-02,0.187842059093));
#2012 = CARTESIAN_POINT('',(1.710245724606E-02,0.142694106317));
#2013 = CARTESIAN_POINT('',(1.707509739242E-02,9.65244095073E-02));
#2014 = CARTESIAN_POINT('',(1.70478019803E-02,4.913492683369E-02));
#2015 = CARTESIAN_POINT('',(1.702971825582E-02,1.657340185097E-02));
#2016 = CARTESIAN_POINT('',(1.702072244775E-02,1.33343132836E-05));
#2017 = ( GEOMETRIC_REPRESENTATION_CONTEXT(2) 
PARAMETRIC_REPRESENTATION_CONTEXT() REPRESENTATION_CONTEXT('2D SPACE',''
  ) );
#2018 = ADVANCED_FACE('',(#2019),#1880,.F.);
#2019 = FACE_BOUND('',#2020,.F.);
#2020 = EDGE_LOOP('',(#2021,#2587,#2616,#3222));
#2021 = ORIENTED_EDGE('',*,*,#2022,.T.);
#2022 = EDGE_CURVE('',#1861,#2023,#2025,.T.);
#2023 = VERTEX_POINT('',#2024);
#2024 = CARTESIAN_POINT('',(-8.824474451071,16.965401181254,
    -4.77159252865));
#2025 = SURFACE_CURVE('',#2026,(#2211,#2399),.PCURVE_S1.);
#2026 = B_SPLINE_CURVE_WITH_KNOTS('',8,(#2027,#2028,#2029,#2030,#2031,
    #2032,#2033,#2034,#2035,#2036,#2037,#2038,#2039,#2040,#2041,#2042,
    #2043,#2044,#2045,#2046,#2047,#2048,#2049,#2050,#2051,#2052,#2053,
    #2054,#2055,#2056,#2057,#2058,#2059,#2060,#2061,#2062,#2063,#2064,
    #2065,#2066,#2067,#2068,#2069,#2070,#2071,#2072,#2073,#2074,#2075,
    #2076,#2077,#2078,#2079,#2080,#2081,#2082,#2083,#2084,#2085,#2086,
    #2087,#2088,#2089,#2090,#2091,#2092,#2093,#2094,#2095,#2096,#2097,
    #2098,#2099,#2100,#2101,#2102,#2103,#2104,#2105,#2106,#2107,#2108,
    #2109,#2110,#2111,#2112,#2113,#2114,#2115,#2116,#2117,#2118,#2119,
    #2120,#2121,#2122,#2123,#2124,#2125,#2126,#2127,#2128,#2129,#2130,
    #2131,#2132,#2133,#2134,#2135,#2136,#2137,#2138,#2139,#2140,#2141,
    #2142,#2143,#2144,#2145,#2146,#2147,#2148,#2149,#2150,#2151,#2152,
    #2153,#2154,#2155,#2156,#2157,#2158,#2159,#2160,#2161,#2162,#2163,
    #2164,#2165,#2166,#2167,#2168,#2169,#2170,#2171,#2172,#2173,#2174,
    #2175,#2176,#2177,#2178,#2179,#2180,#2181,#2182,#2183,#2184,#2185,
    #2186,#2187,#2188,#2189,#2190,#2191,#2192,#2193,#2194,#2195,#2196,
    #2197,#2198,#2199,#2200,#2201,#2202,#2203,#2204,#2205,#2206,#2207,
    #2208,#2209,#2210),.UNSPECIFIED.,.F.,.F.,(9,7,7,7,7,7,7,7,7,7,7,7,7,
    7,7,7,7,7,7,7,7,7,7,7,7,7,9),(0.,2.719613363909E-02,
    6.829087552979E-02,0.109506401029,0.169084843463,0.191048779803,
    0.21179459936,0.243954047251,0.298895046666,0.32661896162,
    0.354484990743,0.409239941724,0.46461055002,0.501221017827,
    0.560815393293,0.616157087328,0.664001584289,0.735449648426,
    0.785231395105,0.808067408121,0.8256401464,0.832167666253,
    0.846064442963,0.87747894424,0.88523461902,0.955835958052,1.),
  .UNSPECIFIED.);
#2027 = CARTESIAN_POINT('',(-8.455802012092,8.279659067718,
    -8.093537118217));
#2028 = CARTESIAN_POINT('',(-8.457317521854,8.311147033556,
    -8.087604934503));
#2029 = CARTESIAN_POINT('',(-8.458870615869,8.342628872759,
    -8.08165052151));
#2030 = CARTESIAN_POINT('',(-8.460461658631,8.374104543863,
    -8.075674303887));
#2031 = CARTESIAN_POINT('',(-8.462090987853,8.405574005532,
    -8.06967670641));
#2032 = CARTESIAN_POINT('',(-8.463758914472,8.437037216561,
    -8.063658153979));
#2033 = CARTESIAN_POINT('',(-8.465465722644,8.468494135869,
    -8.057619071619));
#2034 = CARTESIAN_POINT('',(-8.467211669749,8.499944722507,
    -8.051559884485));
#2035 = CARTESIAN_POINT('',(-8.471694690679,8.578902741851,
    -8.036295541029));
#2036 = CARTESIAN_POINT('',(-8.474481612178,8.626401914659,
    -8.027064640478));
#2037 = CARTESIAN_POINT('',(-8.477362707692,8.673886686701,
    -8.017792845535));
#2038 = CARTESIAN_POINT('',(-8.480328734368,8.721356212609,
    -8.008474337517));
#2039 = CARTESIAN_POINT('',(-8.483387163474,8.768810801281,
    -7.999115701554));
#2040 = CARTESIAN_POINT('',(-8.486549050185,8.816251059253,
    -7.989726344104));
#2041 = CARTESIAN_POINT('',(-8.489812600697,8.863676747733,
    -7.980306462728));
#2042 = CARTESIAN_POINT('',(-8.496565664955,8.958638913106,
    -7.961390689255));
#2043 = CARTESIAN_POINT('',(-8.500055395555,9.006175232583,
    -7.951894381176));
#2044 = CARTESIAN_POINT('',(-8.503657426656,9.053697194899,
    -7.942378232748));
#2045 = CARTESIAN_POINT('',(-8.507375430443,9.101204863463,
    -7.932846941214));
#2046 = CARTESIAN_POINT('',(-8.511212694468,9.148698284429,
    -7.923305198747));
#2047 = CARTESIAN_POINT('',(-8.515172121653,9.196177486695,
    -7.913757692449));
#2048 = CARTESIAN_POINT('',(-8.519256230292,9.2436424819,-7.904209104351
    ));
#2049 = CARTESIAN_POINT('',(-8.529554187398,9.359684982745,
    -7.880866499824));
#2050 = CARTESIAN_POINT('',(-8.53590707003,9.428246635841,
    -7.867077186221));
#2051 = CARTESIAN_POINT('',(-8.542485480233,9.496776881218,
    -7.853273537248));
#2052 = CARTESIAN_POINT('',(-8.549250425407,9.565274672295,
    -7.839432934954));
#2053 = CARTESIAN_POINT('',(-8.556164534193,9.633739224166,
    -7.825532766401));
#2054 = CARTESIAN_POINT('',(-8.563192348597,9.702169979363,
    -7.811550413267));
#2055 = CARTESIAN_POINT('',(-8.570300616123,9.770566573619,
    -7.797463241441));
#2056 = CARTESIAN_POINT('',(-8.580097407261,9.864130931165,
    -7.778008277654));
#2057 = CARTESIAN_POINT('',(-8.582743124854,9.889328336344,
    -7.772750788506));
#2058 = CARTESIAN_POINT('',(-8.585392859586,9.914520952564,
    -7.767473805136));
#2059 = CARTESIAN_POINT('',(-8.588049406171,9.93970889769,
    -7.762180006647));
#2060 = CARTESIAN_POINT('',(-8.590706722927,9.964891950679,
    -7.756864277857));
#2061 = CARTESIAN_POINT('',(-8.593357770937,9.990069826758,
    -7.751520519617));
#2062 = CARTESIAN_POINT('',(-8.59600286545,10.015242475665,
    -7.746148958098));
#2063 = CARTESIAN_POINT('',(-8.601124474924,10.064181016454,
    -7.735640453551));
#2064 = CARTESIAN_POINT('',(-8.603602475069,10.08794748659,
    -7.730507267553));
#2065 = CARTESIAN_POINT('',(-8.606067745934,10.111708855677,
    -7.725342598869));
#2066 = CARTESIAN_POINT('',(-8.608517389403,10.135464900504,
    -7.720143756364));
#2067 = CARTESIAN_POINT('',(-8.610948570158,10.159215358817,
    -7.714908051209));
#2068 = CARTESIAN_POINT('',(-8.613358515677,10.182959929325,
    -7.709632796878));
#2069 = CARTESIAN_POINT('',(-8.615744516232,10.206698271696,
    -7.704315309146));
#2070 = CARTESIAN_POINT('',(-8.621761398139,10.267218116494,
    -7.690640295402));
#2071 = CARTESIAN_POINT('',(-8.625354888994,10.303990281506,
    -7.682219777295));
#2072 = CARTESIAN_POINT('',(-8.628874622309,10.340745124873,
    -7.6736813329));
#2073 = CARTESIAN_POINT('',(-8.632310984484,10.377480936347,
    -7.665014989243));
#2074 = CARTESIAN_POINT('',(-8.635654523477,10.414195672151,
    -7.656210819258));
#2075 = CARTESIAN_POINT('',(-8.638895948793,10.450886954978,
    -7.647258941782));
#2076 = CARTESIAN_POINT('',(-8.642026131497,10.487552073992,
    -7.638149521557));
#2077 = CARTESIAN_POINT('',(-8.650178322726,10.586776545506,
    -7.613024423633));
#2078 = CARTESIAN_POINT('',(-8.65497096469,10.649279571305,
    -7.596689229118));
#2079 = CARTESIAN_POINT('',(-8.659446769921,10.711692153444,
    -7.57989195361));
#2080 = CARTESIAN_POINT('',(-8.66363602979,10.774011040613,
    -7.562657356178));
#2081 = CARTESIAN_POINT('',(-8.667567042134,10.836234574827,
    -7.545010082066));
#2082 = CARTESIAN_POINT('',(-8.671266566186,10.898362627273,
    -7.52697455773));
#2083 = CARTESIAN_POINT('',(-8.674760277493,10.960396534159,
    -7.508574885869));
#2084 = CARTESIAN_POINT('',(-8.679744976468,11.053595991418,
    -7.480378228871));
#2085 = CARTESIAN_POINT('',(-8.681371163464,11.084829684027,
    -7.470835502197));
#2086 = CARTESIAN_POINT('',(-8.68295254094,11.116039791327,
    -7.461207328588));
#2087 = CARTESIAN_POINT('',(-8.684496680221,11.147227897093,
    -7.451500851869));
#2088 = CARTESIAN_POINT('',(-8.686005435346,11.178394012254,
    -7.441717966259));
#2089 = CARTESIAN_POINT('',(-8.6874771591,11.209537365367,
    -7.431857272107));
#2090 = CARTESIAN_POINT('',(-8.688912473332,11.240658024727,
    -7.421919398684));
#2091 = CARTESIAN_POINT('',(-8.691719503363,11.303013219862,
    -7.401840229664));
#2092 = CARTESIAN_POINT('',(-8.693090705672,11.334247462811,
    -7.391698017312));
#2093 = CARTESIAN_POINT('',(-8.694426539834,11.365458510884,
    -7.381479494085));
#2094 = CARTESIAN_POINT('',(-8.695727522072,11.39664623885,
    -7.371185309908));
#2095 = CARTESIAN_POINT('',(-8.696994152231,11.427810531827,
    -7.360816113586));
#2096 = CARTESIAN_POINT('',(-8.69822691377,11.458951285284,
    -7.35037255281));
#2097 = CARTESIAN_POINT('',(-8.699426273768,11.490068405045,
    -7.339855274152));
#2098 = CARTESIAN_POINT('',(-8.702884601721,11.582258338389,
    -7.308455565836));
#2099 = CARTESIAN_POINT('',(-8.705049576532,11.643263436453,
    -7.287364304916));
#2100 = CARTESIAN_POINT('',(-8.707088501426,11.704175793002,
    -7.265993675342));
#2101 = CARTESIAN_POINT('',(-8.709015365679,11.764997584797,
    -7.24435861961));
#2102 = CARTESIAN_POINT('',(-8.710807329476,11.825721274837,
    -7.222440016108));
#2103 = CARTESIAN_POINT('',(-8.712500927606,11.886356540206,
    -7.200273714807));
#2104 = CARTESIAN_POINT('',(-8.714087530089,11.946900021495,
    -7.177853845374));
#2105 = CARTESIAN_POINT('',(-8.717086693707,12.068488629747,
    -7.132277706562));
#2106 = CARTESIAN_POINT('',(-8.718496451392,12.129531642851,
    -7.109115361559));
#2107 = CARTESIAN_POINT('',(-8.719815313162,12.190485112002,
    -7.085714934723));
#2108 = CARTESIAN_POINT('',(-8.721050098591,12.251350726563,
    -7.06208473648));
#2109 = CARTESIAN_POINT('',(-8.72220825223,12.312130526317,
    -7.038233507659));
#2110 = CARTESIAN_POINT('',(-8.723297742452,12.372826822979,
    -7.014170292333));
#2111 = CARTESIAN_POINT('',(-8.724325742097,12.433441764346,
    -6.989903266541));
#2112 = CARTESIAN_POINT('',(-8.725937675462,12.534001503118,
    -6.949261028748));
#2113 = CARTESIAN_POINT('',(-8.726554313233,12.573991474135,
    -6.932997830457));
#2114 = CARTESIAN_POINT('',(-8.727147466642,12.613946958459,
    -6.91664986726));
#2115 = CARTESIAN_POINT('',(-8.727718840381,12.653868483565,
    -6.900219070059));
#2116 = CARTESIAN_POINT('',(-8.728270248749,12.693756598455,
    -6.88370736164));
#2117 = CARTESIAN_POINT('',(-8.728803482965,12.733611872037,
    -6.867116656893));
#2118 = CARTESIAN_POINT('',(-8.729320178471,12.7734348915,-6.85044886304
    ));
#2119 = CARTESIAN_POINT('',(-8.730638028107,12.877998494909,
    -6.806451717705));
#2120 = CARTESIAN_POINT('',(-8.731413630921,12.942686735872,
    -6.778998091036));
#2121 = CARTESIAN_POINT('',(-8.732157516618,13.007293998192,
    -6.751353998908));
#2122 = CARTESIAN_POINT('',(-8.732877512912,13.071822865906,
    -6.723527219676));
#2123 = CARTESIAN_POINT('',(-8.733580762735,13.13627568174,
    -6.69552473655));
#2124 = CARTESIAN_POINT('',(-8.734274237661,13.200654736389,
    -6.667353163155));
#2125 = CARTESIAN_POINT('',(-8.734965251341,13.264962457785,
    -6.639019169095));
#2126 = CARTESIAN_POINT('',(-8.736308976155,13.388856608849,
    -6.58407364858));
#2127 = CARTESIAN_POINT('',(-8.73696078967,13.44845238881,
    -6.557483413559));
#2128 = CARTESIAN_POINT('',(-8.737623474622,13.507990975949,
    -6.530764557643));
#2129 = CARTESIAN_POINT('',(-8.738304868846,13.567474929052,
    -6.503923621423));
#2130 = CARTESIAN_POINT('',(-8.739008541549,13.626905330483,
    -6.476963757223));
#2131 = CARTESIAN_POINT('',(-8.739741481414,13.686284462997,
    -6.449890627859));
#2132 = CARTESIAN_POINT('',(-8.74051854989,13.745617312317,
    -6.42271578106));
#2133 = CARTESIAN_POINT('',(-8.742062718361,13.856162870921,
    -6.371867696766));
#2134 = CARTESIAN_POINT('',(-8.742817254053,13.907386831261,
    -6.348219119674));
#2135 = CARTESIAN_POINT('',(-8.743616667139,13.958579954996,
    -6.324503558864));
#2136 = CARTESIAN_POINT('',(-8.744467333867,14.00974425159,
    -6.300725807753));
#2137 = CARTESIAN_POINT('',(-8.745375678103,14.06088171086,
    -6.276890667819));
#2138 = CARTESIAN_POINT('',(-8.746348171328,14.111994302983,
    -6.253002948597));
#2139 = CARTESIAN_POINT('',(-8.747391332642,14.163083978491,
    -6.22906746768));
#2140 = CARTESIAN_POINT('',(-8.750184860242,14.290415546027,
    -6.169281140059));
#2141 = CARTESIAN_POINT('',(-8.752029587237,14.366631363986,
    -6.133377003451));
#2142 = CARTESIAN_POINT('',(-8.754040484089,14.442797322029,
    -6.097372560527));
#2143 = CARTESIAN_POINT('',(-8.756211622501,14.51891068133,
    -6.061263706242));
#2144 = CARTESIAN_POINT('',(-8.758536571536,14.59496876436,
    -6.025046310871));
#2145 = CARTESIAN_POINT('',(-8.761008397621,14.670968954884,
    -5.988716220013));
#2146 = CARTESIAN_POINT('',(-8.763619664542,14.746908697963,
    -5.952269254589));
#2147 = CARTESIAN_POINT('',(-8.768273469509,14.875652988823,
    -5.890222268726));
#2148 = CARTESIAN_POINT('',(-8.770246781381,14.928489122304,
    -5.864683469225));
#2149 = CARTESIAN_POINT('',(-8.772312848152,14.981304233626,
    -5.839107919577));
#2150 = CARTESIAN_POINT('',(-8.77450237729,15.034108199869,
    -5.813519045529));
#2151 = CARTESIAN_POINT('',(-8.776845878103,15.086910433305,
    -5.787940536402));
#2152 = CARTESIAN_POINT('',(-8.779373235184,15.139719872733,
    -5.762396290153));
#2153 = CARTESIAN_POINT('',(-8.782113281867,15.192544974813,
    -5.736910358439));
#2154 = CARTESIAN_POINT('',(-8.786460409183,15.269636613294,
    -5.699853746984));
#2155 = CARTESIAN_POINT('',(-8.787877939372,15.293884434013,
    -5.688217985786));
#2156 = CARTESIAN_POINT('',(-8.789348623384,15.318137903963,
    -5.67660196114));
#2157 = CARTESIAN_POINT('',(-8.790875025489,15.342397721002,
    -5.665008037854));
#2158 = CARTESIAN_POINT('',(-8.792459615088,15.366664544448,
    -5.653438592491));
#2159 = CARTESIAN_POINT('',(-8.794104766708,15.390938995068,
    -5.641896013372));
#2160 = CARTESIAN_POINT('',(-8.795812760007,15.415221655087,
    -5.630382700573));
#2161 = CARTESIAN_POINT('',(-8.798950151574,15.458205763993,
    -5.610065733751));
#2162 = CARTESIAN_POINT('',(-8.800353395287,15.476903723674,
    -5.601249458549));
#2163 = CARTESIAN_POINT('',(-8.80179104749,15.495605706863,
    -5.592449035682));
#2164 = CARTESIAN_POINT('',(-8.803258696246,15.514310509012,
    -5.583661245058));
#2165 = CARTESIAN_POINT('',(-8.804751981099,15.533016961388,
    -5.57488285113));
#2166 = CARTESIAN_POINT('',(-8.806266593078,15.551723931071,
    -5.5661106029));
#2167 = CARTESIAN_POINT('',(-8.807798274695,15.570430320953,
    -5.557341233916));
#2168 = CARTESIAN_POINT('',(-8.809916552371,15.596083083032,
    -5.545313867607));
#2169 = CARTESIAN_POINT('',(-8.81049206111,15.603030867479,
    -5.542056219006));
#2170 = CARTESIAN_POINT('',(-8.811069131442,15.609978367591,
    -5.538798349016));
#2171 = CARTESIAN_POINT('',(-8.811647549843,15.616925527935,
    -5.535540090169));
#2172 = CARTESIAN_POINT('',(-8.812227103976,15.623872293133,
    -5.532281274979));
#2173 = CARTESIAN_POINT('',(-8.812807582698,15.630818607864,
    -5.529021735945));
#2174 = CARTESIAN_POINT('',(-8.813388776059,15.637764416861,
    -5.525761305549));
#2175 = CARTESIAN_POINT('',(-8.815208885072,15.659495764939,
    -5.515556261983));
#2176 = CARTESIAN_POINT('',(-8.816449586222,15.674279317158,
    -5.508607910318));
#2177 = CARTESIAN_POINT('',(-8.817690566702,15.689059794222,
    -5.501653142896));
#2178 = CARTESIAN_POINT('',(-8.818929836406,15.703836659908,
    -5.494690344196));
#2179 = CARTESIAN_POINT('',(-8.820165427166,15.718609369124,
    -5.487717901549));
#2180 = CARTESIAN_POINT('',(-8.821395392754,15.733377367909,
    -5.480734205138));
#2181 = CARTESIAN_POINT('',(-8.82261780888,15.748140093431,
    -5.473737647996));
#2182 = CARTESIAN_POINT('',(-8.826572752127,15.796255791854,
    -5.450877788264));
#2183 = CARTESIAN_POINT('',(-8.829266410555,15.829584452341,
    -5.434955162934));
#2184 = CARTESIAN_POINT('',(-8.831889738997,15.862876657166,
    -5.418940083616));
#2185 = CARTESIAN_POINT('',(-8.834421235888,15.896125352546,
    -5.402814152017));
#2186 = CARTESIAN_POINT('',(-8.836839739569,15.929322749017,
    -5.386559248613));
#2187 = CARTESIAN_POINT('',(-8.839124260274,15.962460341257,
    -5.370157543309));
#2188 = CARTESIAN_POINT('',(-8.841253812119,15.995528927899,
    -5.353591506101));
#2189 = CARTESIAN_POINT('',(-8.843689512522,16.036663195194,
    -5.332709239693));
#2190 = CARTESIAN_POINT('',(-8.844161064575,16.04480294221,
    -5.328563522044));
#2191 = CARTESIAN_POINT('',(-8.844621485825,16.052937683834,
    -5.32440642917));
#2192 = CARTESIAN_POINT('',(-8.845070479091,16.061067270862,
    -5.32023772495));
#2193 = CARTESIAN_POINT('',(-8.845507865442,16.06919159345,
    -5.31605727276));
#2194 = CARTESIAN_POINT('',(-8.845933584189,16.077310581114,
    -5.311865035473));
#2195 = CARTESIAN_POINT('',(-8.846347692893,16.085424202736,
    -5.307661075458));
#2196 = CARTESIAN_POINT('',(-8.850415987343,16.167343488699,
    -5.265070889984));
#2197 = CARTESIAN_POINT('',(-8.853126084989,16.240705983461,
    -5.225732717421));
#2198 = CARTESIAN_POINT('',(-8.854883615375,16.313588713973,
    -5.185443059297));
#2199 = CARTESIAN_POINT('',(-8.855678239358,16.385958634456,
    -5.144215862495));
#2200 = CARTESIAN_POINT('',(-8.855487071655,16.457781030622,
    -5.102067224098));
#2201 = CARTESIAN_POINT('',(-8.85427385818,16.529019641134,
    -5.059015661429));
#2202 = CARTESIAN_POINT('',(-8.851986582622,16.599636760124,
    -5.015082426402));
#2203 = CARTESIAN_POINT('',(-8.846405969286,16.71335402733,
    -4.942273524933));
#2204 = CARTESIAN_POINT('',(-8.843809444711,16.756854834671,
    -4.913919927667));
#2205 = CARTESIAN_POINT('',(-8.840776441072,16.800101530268,
    -4.885257404501));
#2206 = CARTESIAN_POINT('',(-8.837318312702,16.843101059094,
    -4.856311818092));
#2207 = CARTESIAN_POINT('',(-8.833445530564,16.885861470039,
    -4.827108438174));
#2208 = CARTESIAN_POINT('',(-8.829167957084,16.928391862312,
    -4.797671818101));
#2209 = CARTESIAN_POINT('',(-8.824495120967,16.970702331839,
    -4.768025671379));
#2210 = CARTESIAN_POINT('',(-8.819436492026,17.012803917667,
    -4.738192748205));
#2211 = PCURVE('',#1880,#2212);
#2212 = DEFINITIONAL_REPRESENTATION('',(#2213),#2398);
#2213 = B_SPLINE_CURVE_WITH_KNOTS('',8,(#2214,#2215,#2216,#2217,#2218,
    #2219,#2220,#2221,#2222,#2223,#2224,#2225,#2226,#2227,#2228,#2229,
    #2230,#2231,#2232,#2233,#2234,#2235,#2236,#2237,#2238,#2239,#2240,
    #2241,#2242,#2243,#2244,#2245,#2246,#2247,#2248,#2249,#2250,#2251,
    #2252,#2253,#2254,#2255,#2256,#2257,#2258,#2259,#2260,#2261,#2262,
    #2263,#2264,#2265,#2266,#2267,#2268,#2269,#2270,#2271,#2272,#2273,
    #2274,#2275,#2276,#2277,#2278,#2279,#2280,#2281,#2282,#2283,#2284,
    #2285,#2286,#2287,#2288,#2289,#2290,#2291,#2292,#2293,#2294,#2295,
    #2296,#2297,#2298,#2299,#2300,#2301,#2302,#2303,#2304,#2305,#2306,
    #2307,#2308,#2309,#2310,#2311,#2312,#2313,#2314,#2315,#2316,#2317,
    #2318,#2319,#2320,#2321,#2322,#2323,#2324,#2325,#2326,#2327,#2328,
    #2329,#2330,#2331,#2332,#2333,#2334,#2335,#2336,#2337,#2338,#2339,
    #2340,#2341,#2342,#2343,#2344,#2345,#2346,#2347,#2348,#2349,#2350,
    #2351,#2352,#2353,#2354,#2355,#2356,#2357,#2358,#2359,#2360,#2361,
    #2362,#2363,#2364,#2365,#2366,#2367,#2368,#2369,#2370,#2371,#2372,
    #2373,#2374,#2375,#2376,#2377,#2378,#2379,#2380,#2381,#2382,#2383,
    #2384,#2385,#2386,#2387,#2388,#2389,#2390,#2391,#2392,#2393,#2394,
    #2395,#2396,#2397),.UNSPECIFIED.,.F.,.F.,(9,7,7,7,7,7,7,7,7,7,7,7,7,
    7,7,7,7,7,7,7,7,7,7,7,7,7,9),(0.,2.719613363909E-02,
    6.829087552979E-02,0.109506401029,0.169084843463,0.191048779803,
    0.21179459936,0.243954047251,0.298895046666,0.32661896162,
    0.354484990743,0.409239941724,0.46461055002,0.501221017827,
    0.560815393293,0.616157087328,0.664001584289,0.735449648426,
    0.785231395105,0.808067408121,0.8256401464,0.832167666253,
    0.846064442963,0.87747894424,0.88523461902,0.955835958052,1.),
  .UNSPECIFIED.);
#2214 = CARTESIAN_POINT('',(9.840492623299E-02,0.326971424238));
#2215 = CARTESIAN_POINT('',(9.840602224871E-02,0.328464961487));
#2216 = CARTESIAN_POINT('',(9.84052287261E-02,0.329958402698));
#2217 = CARTESIAN_POINT('',(9.840252972065E-02,0.331451742958));
#2218 = CARTESIAN_POINT('',(9.839791056976E-02,0.332944977362));
#2219 = CARTESIAN_POINT('',(9.839135789275E-02,0.334438101005));
#2220 = CARTESIAN_POINT('',(9.838285959087E-02,0.335931108989));
#2221 = CARTESIAN_POINT('',(9.83724048473E-02,0.33742399642));
#2222 = CARTESIAN_POINT('',(9.834121578689E-02,0.341172397737));
#2223 = CARTESIAN_POINT('',(9.831799033742E-02,0.343427751397));
#2224 = CARTESIAN_POINT('',(9.829007852654E-02,0.345682791768));
#2225 = CARTESIAN_POINT('',(9.825792169769E-02,0.347937535976));
#2226 = CARTESIAN_POINT('',(9.822117135187E-02,0.350191941201));
#2227 = CARTESIAN_POINT('',(9.817931019251E-02,0.352445952593));
#2228 = CARTESIAN_POINT('',(9.813242882278E-02,0.354699560333));
#2229 = CARTESIAN_POINT('',(9.802788229249E-02,0.359212506836));
#2230 = CARTESIAN_POINT('',(9.797020551256E-02,0.361471842112));
#2231 = CARTESIAN_POINT('',(9.790701608274E-02,0.363730692095));
#2232 = CARTESIAN_POINT('',(9.783814652377E-02,0.365989019914));
#2233 = CARTESIAN_POINT('',(9.776344771905E-02,0.368246787946));
#2234 = CARTESIAN_POINT('',(9.768278891459E-02,0.370503957821));
#2235 = CARTESIAN_POINT('',(9.759605771904E-02,0.372760490421));
#2236 = CARTESIAN_POINT('',(9.736887344442E-02,0.378277261584));
#2237 = CARTESIAN_POINT('',(9.722166006029E-02,0.381536739079));
#2238 = CARTESIAN_POINT('',(9.706344107847E-02,0.384794898462));
#2239 = CARTESIAN_POINT('',(9.689607047756E-02,0.388051873306));
#2240 = CARTESIAN_POINT('',(9.672132163869E-02,0.391307809161));
#2241 = CARTESIAN_POINT('',(9.654087389669E-02,0.394562862073));
#2242 = CARTESIAN_POINT('',(9.635629909119E-02,0.397817197085));
#2243 = CARTESIAN_POINT('',(9.610001696675E-02,0.402270515078));
#2244 = CARTESIAN_POINT('',(9.603061550123E-02,0.403469964707));
#2245 = CARTESIAN_POINT('',(9.596097911504E-02,0.404669359162));
#2246 = CARTESIAN_POINT('',(9.589097652798E-02,0.405868656996));
#2247 = CARTESIAN_POINT('',(9.582089189982E-02,0.407067915693));
#2248 = CARTESIAN_POINT('',(9.57510560377E-02,0.408267204271));
#2249 = CARTESIAN_POINT('',(9.568145360622E-02,0.409466509619));
#2250 = CARTESIAN_POINT('',(9.554704629801E-02,0.411798736608));
#2251 = CARTESIAN_POINT('',(9.548217660894E-02,0.412931646806));
#2252 = CARTESIAN_POINT('',(9.541786285608E-02,0.414064637024));
#2253 = CARTESIAN_POINT('',(9.535424056615E-02,0.41519773028));
#2254 = CARTESIAN_POINT('',(9.529144211881E-02,0.416330947805));
#2255 = CARTESIAN_POINT('',(9.522959674669E-02,0.417464309031));
#2256 = CARTESIAN_POINT('',(9.516883053536E-02,0.418597831602));
#2257 = CARTESIAN_POINT('',(9.501693220867E-02,0.421488953307));
#2258 = CARTESIAN_POINT('',(9.49274903927E-02,0.423246797752));
#2259 = CARTESIAN_POINT('',(9.484139499667E-02,0.425005125699));
#2260 = CARTESIAN_POINT('',(9.475909120815E-02,0.426763982576));
#2261 = CARTESIAN_POINT('',(9.468101538109E-02,0.428523398233));
#2262 = CARTESIAN_POINT('',(9.460759503578E-02,0.430283386952));
#2263 = CARTESIAN_POINT('',(9.45392488589E-02,0.432043947437));
#2264 = CARTESIAN_POINT('',(9.436899339076E-02,0.436813741317));
#2265 = CARTESIAN_POINT('',(9.427754571621E-02,0.439824010641));
#2266 = CARTESIAN_POINT('',(9.420047756581E-02,0.4428355038));
#2267 = CARTESIAN_POINT('',(9.413634484602E-02,0.445847929245));
#2268 = CARTESIAN_POINT('',(9.40838036614E-02,0.448861069062));
#2269 = CARTESIAN_POINT('',(9.404158849233E-02,0.451874777155));
#2270 = CARTESIAN_POINT('',(9.400849037267E-02,0.454888977435));
#2271 = CARTESIAN_POINT('',(9.397064138599E-02,0.459424909525));
#2272 = CARTESIAN_POINT('',(9.395994862576E-02,0.460946277635));
#2273 = CARTESIAN_POINT('',(9.395121954991E-02,0.462467748965));
#2274 = CARTESIAN_POINT('',(9.394410254573E-02,0.463989353013));
#2275 = CARTESIAN_POINT('',(9.393851022164E-02,0.465511080422));
#2276 = CARTESIAN_POINT('',(9.393451723062E-02,0.467032906972));
#2277 = CARTESIAN_POINT('',(9.393209377331E-02,0.468554834252));
#2278 = CARTESIAN_POINT('',(9.393028406711E-02,0.471606675601));
#2279 = CARTESIAN_POINT('',(9.393092031735E-02,0.473136588759));
#2280 = CARTESIAN_POINT('',(9.393307406464E-02,0.474666585384));
#2281 = CARTESIAN_POINT('',(9.393672020774E-02,0.476196657911));
#2282 = CARTESIAN_POINT('',(9.394183446362E-02,0.477726799254));
#2283 = CARTESIAN_POINT('',(9.394839336753E-02,0.479257002799));
#2284 = CARTESIAN_POINT('',(9.395637427295E-02,0.480787262414));
#2285 = CARTESIAN_POINT('',(9.398418856647E-02,0.485324533001));
#2286 = CARTESIAN_POINT('',(9.400801513079E-02,0.488331690155));
#2287 = CARTESIAN_POINT('',(9.403718567783E-02,0.491339014224));
#2288 = CARTESIAN_POINT('',(9.407104815662E-02,0.494346403872));
#2289 = CARTESIAN_POINT('',(9.411064792244E-02,0.497353948681));
#2290 = CARTESIAN_POINT('',(9.415429705786E-02,0.500361496555));
#2291 = CARTESIAN_POINT('',(9.420238869327E-02,0.503369080126));
#2292 = CARTESIAN_POINT('',(9.430696713707E-02,0.509418059268));
#2293 = CARTESIAN_POINT('',(9.436357218525E-02,0.512459461577));
#2294 = CARTESIAN_POINT('',(9.442386093777E-02,0.515500858019));
#2295 = CARTESIAN_POINT('',(9.448751712296E-02,0.518542239221));
#2296 = CARTESIAN_POINT('',(9.455419697603E-02,0.521583616328));
#2297 = CARTESIAN_POINT('',(9.462353374901E-02,0.524625016455));
#2298 = CARTESIAN_POINT('',(9.469519775125E-02,0.527666453891));
#2299 = CARTESIAN_POINT('',(9.481781707742E-02,0.532718834273));
#2300 = CARTESIAN_POINT('',(9.486755046388E-02,0.534729788963));
#2301 = CARTESIAN_POINT('',(9.491814494505E-02,0.536740736934));
#2302 = CARTESIAN_POINT('',(9.496952229376E-02,0.538751675146));
#2303 = CARTESIAN_POINT('',(9.502159933996E-02,0.540762601629));
#2304 = CARTESIAN_POINT('',(9.507429412065E-02,0.54277351541));
#2305 = CARTESIAN_POINT('',(9.512753202985E-02,0.544784416439));
#2306 = CARTESIAN_POINT('',(9.526869707314E-02,0.550068622843));
#2307 = CARTESIAN_POINT('',(9.53574417374E-02,0.553341902679));
#2308 = CARTESIAN_POINT('',(9.544707437338E-02,0.556615166807));
#2309 = CARTESIAN_POINT('',(9.55372383807E-02,0.559888418745));
#2310 = CARTESIAN_POINT('',(9.562760884512E-02,0.563161652062));
#2311 = CARTESIAN_POINT('',(9.57178692372E-02,0.566434858689));
#2312 = CARTESIAN_POINT('',(9.580768811095E-02,0.569708037227));
#2313 = CARTESIAN_POINT('',(9.597935186519E-02,0.576020790838));
#2314 = CARTESIAN_POINT('',(9.60613134174E-02,0.579060364339));
#2315 = CARTESIAN_POINT('',(9.614230625715E-02,0.582099928737));
#2316 = CARTESIAN_POINT('',(9.622197543061E-02,0.585139478942));
#2317 = CARTESIAN_POINT('',(9.630016172668E-02,0.588179045254));
#2318 = CARTESIAN_POINT('',(9.637654984087E-02,0.591218635805));
#2319 = CARTESIAN_POINT('',(9.645046475881E-02,0.59425820255));
#2320 = CARTESIAN_POINT('',(9.658308525565E-02,0.599925544346));
#2321 = CARTESIAN_POINT('',(9.66424788416E-02,0.602553317749));
#2322 = CARTESIAN_POINT('',(9.669948788426E-02,0.605181075605));
#2323 = CARTESIAN_POINT('',(9.675382477628E-02,0.6078088129));
#2324 = CARTESIAN_POINT('',(9.680520008623E-02,0.610436523635));
#2325 = CARTESIAN_POINT('',(9.685332255856E-02,0.61306420082));
#2326 = CARTESIAN_POINT('',(9.689789911364E-02,0.61569183648));
#2327 = CARTESIAN_POINT('',(9.699946711742E-02,0.622243297661));
#2328 = CARTESIAN_POINT('',(9.705176321122E-02,0.626167059499));
#2329 = CARTESIAN_POINT('',(9.709578240763E-02,0.630090686083));
#2330 = CARTESIAN_POINT('',(9.713180642602E-02,0.634014159402));
#2331 = CARTESIAN_POINT('',(9.71601394266E-02,0.637937464509));
#2332 = CARTESIAN_POINT('',(9.718110801043E-02,0.641860589523));
#2333 = CARTESIAN_POINT('',(9.719506121943E-02,0.645783525633));
#2334 = CARTESIAN_POINT('',(9.720746333444E-02,0.652439454112));
#2335 = CARTESIAN_POINT('',(9.72094012601E-02,0.655172535446));
#2336 = CARTESIAN_POINT('',(9.720680408212E-02,0.657905470598));
#2337 = CARTESIAN_POINT('',(9.719828238471E-02,0.660638193461));
#2338 = CARTESIAN_POINT('',(9.718245707099E-02,0.663370613085));
#2339 = CARTESIAN_POINT('',(9.715797886637E-02,0.666102614443));
#2340 = CARTESIAN_POINT('',(9.712354782203E-02,0.668834059202));
#2341 = CARTESIAN_POINT('',(9.705700818455E-02,0.672817432855));
#2342 = CARTESIAN_POINT('',(9.703373082762E-02,0.674069925137));
#2343 = CARTESIAN_POINT('',(9.70079810057E-02,0.675322246));
#2344 = CARTESIAN_POINT('',(9.697964333478E-02,0.676574376255));
#2345 = CARTESIAN_POINT('',(9.694860678869E-02,0.677826294858));
#2346 = CARTESIAN_POINT('',(9.691476469914E-02,0.679077978914));
#2347 = CARTESIAN_POINT('',(9.687801475567E-02,0.680329403676));
#2348 = CARTESIAN_POINT('',(9.680766621397E-02,0.682543317255));
#2349 = CARTESIAN_POINT('',(9.677527686945E-02,0.683505919923));
#2350 = CARTESIAN_POINT('',(9.674129405604E-02,0.684468364463));
#2351 = CARTESIAN_POINT('',(9.670591845542E-02,0.685430666605));
#2352 = CARTESIAN_POINT('',(9.666934834704E-02,0.686392843894));
#2353 = CARTESIAN_POINT('',(9.663177960806E-02,0.687354915688));
#2354 = CARTESIAN_POINT('',(9.659340571342E-02,0.68831690316));
#2355 = CARTESIAN_POINT('',(9.653993537147E-02,0.689636143669));
#2356 = CARTESIAN_POINT('',(9.652536820857E-02,0.689993449445));
#2357 = CARTESIAN_POINT('',(9.651072599938E-02,0.690350747741));
#2358 = CARTESIAN_POINT('',(9.649601843982E-02,0.690708039676));
#2359 = CARTESIAN_POINT('',(9.648125516945E-02,0.691065326373));
#2360 = CARTESIAN_POINT('',(9.646644577149E-02,0.691422608956));
#2361 = CARTESIAN_POINT('',(9.64515997728E-02,0.691779888554));
#2362 = CARTESIAN_POINT('',(9.64050624657E-02,0.692897793474));
#2363 = CARTESIAN_POINT('',(9.637327538113E-02,0.693658411977));
#2364 = CARTESIAN_POINT('',(9.634145667393E-02,0.694419032971));
#2365 = CARTESIAN_POINT('',(9.630969657189E-02,0.695179667196));
#2366 = CARTESIAN_POINT('',(9.62780842468E-02,0.69594032496));
#2367 = CARTESIAN_POINT('',(9.624670781446E-02,0.696701016143));
#2368 = CARTESIAN_POINT('',(9.621565433468E-02,0.697461750195));
#2369 = CARTESIAN_POINT('',(9.611573601928E-02,0.699942338608));
#2370 = CARTESIAN_POINT('',(9.604855250734E-02,0.701662391508));
#2371 = CARTESIAN_POINT('',(9.598445485428E-02,0.703382814622));
#2372 = CARTESIAN_POINT('',(9.592441321379E-02,0.705103690648));
#2373 = CARTESIAN_POINT('',(9.586938007771E-02,0.70682506581));
#2374 = CARTESIAN_POINT('',(9.582029803927E-02,0.708546950463));
#2375 = CARTESIAN_POINT('',(9.577810755636E-02,0.71026931971));
#2376 = CARTESIAN_POINT('',(9.573527361661E-02,0.712417440901));
#2377 = CARTESIAN_POINT('',(9.572726933891E-02,0.712842792882));
#2378 = CARTESIAN_POINT('',(9.571976048483E-02,0.713268168571));
#2379 = CARTESIAN_POINT('',(9.571276032365E-02,0.713693566662));
#2380 = CARTESIAN_POINT('',(9.570627679068E-02,0.714118985931));
#2381 = CARTESIAN_POINT('',(9.570031248729E-02,0.714544425227));
#2382 = CARTESIAN_POINT('',(9.569486468089E-02,0.714969883479));
#2383 = CARTESIAN_POINT('',(9.564496125383E-02,0.719268548193));
#2384 = CARTESIAN_POINT('',(9.564248715857E-02,0.723143116938));
#2385 = CARTESIAN_POINT('',(9.568227725151E-02,0.727018496597));
#2386 = CARTESIAN_POINT('',(9.576471240802E-02,0.730894005296));
#2387 = CARTESIAN_POINT('',(9.58907448765E-02,0.734768846873));
#2388 = CARTESIAN_POINT('',(9.606193451223E-02,0.738642105741));
#2389 = CARTESIAN_POINT('',(9.628055651511E-02,0.742512738368));
#2390 = CARTESIAN_POINT('',(9.671819145615E-02,0.748798418217));
#2391 = CARTESIAN_POINT('',(9.690642968395E-02,0.751215727592));
#2392 = CARTESIAN_POINT('',(9.711392350408E-02,0.753631097505));
#2393 = CARTESIAN_POINT('',(9.734015674969E-02,0.756044192518));
#2394 = CARTESIAN_POINT('',(9.758465619365E-02,0.75845473477));
#2395 = CARTESIAN_POINT('',(9.784697880446E-02,0.760862505011));
#2396 = CARTESIAN_POINT('',(9.812669900232E-02,0.763267343636));
#2397 = CARTESIAN_POINT('',(9.842339591505E-02,0.765669151716));
#2398 = ( GEOMETRIC_REPRESENTATION_CONTEXT(2) 
PARAMETRIC_REPRESENTATION_CONTEXT() REPRESENTATION_CONTEXT('2D SPACE',''
  ) );
#2399 = PCURVE('',#1668,#2400);
#2400 = DEFINITIONAL_REPRESENTATION('',(#2401),#2586);
#2401 = B_SPLINE_CURVE_WITH_KNOTS('',8,(#2402,#2403,#2404,#2405,#2406,
    #2407,#2408,#2409,#2410,#2411,#2412,#2413,#2414,#2415,#2416,#2417,
    #2418,#2419,#2420,#2421,#2422,#2423,#2424,#2425,#2426,#2427,#2428,
    #2429,#2430,#2431,#2432,#2433,#2434,#2435,#2436,#2437,#2438,#2439,
    #2440,#2441,#2442,#2443,#2444,#2445,#2446,#2447,#2448,#2449,#2450,
    #2451,#2452,#2453,#2454,#2455,#2456,#2457,#2458,#2459,#2460,#2461,
    #2462,#2463,#2464,#2465,#2466,#2467,#2468,#2469,#2470,#2471,#2472,
    #2473,#2474,#2475,#2476,#2477,#2478,#2479,#2480,#2481,#2482,#2483,
    #2484,#2485,#2486,#2487,#2488,#2489,#2490,#2491,#2492,#2493,#2494,
    #2495,#2496,#2497,#2498,#2499,#2500,#2501,#2502,#2503,#2504,#2505,
    #2506,#2507,#2508,#2509,#2510,#2511,#2512,#2513,#2514,#2515,#2516,
    #2517,#2518,#2519,#2520,#2521,#2522,#2523,#2524,#2525,#2526,#2527,
    #2528,#2529,#2530,#2531,#2532,#2533,#2534,#2535,#2536,#2537,#2538,
    #2539,#2540,#2541,#2542,#2543,#2544,#2545,#2546,#2547,#2548,#2549,
    #2550,#2551,#2552,#2553,#2554,#2555,#2556,#2557,#2558,#2559,#2560,
    #2561,#2562,#2563,#2564,#2565,#2566,#2567,#2568,#2569,#2570,#2571,
    #2572,#2573,#2574,#2575,#2576,#2577,#2578,#2579,#2580,#2581,#2582,
    #2583,#2584,#2585),.UNSPECIFIED.,.F.,.F.,(9,7,7,7,7,7,7,7,7,7,7,7,7,
    7,7,7,7,7,7,7,7,7,7,7,7,7,9),(0.,2.719613363909E-02,
    6.829087552979E-02,0.109506401029,0.169084843463,0.191048779803,
    0.21179459936,0.243954047251,0.298895046666,0.32661896162,
    0.354484990743,0.409239941724,0.46461055002,0.501221017827,
    0.560815393293,0.616157087328,0.664001584289,0.735449648426,
    0.785231395105,0.808067408121,0.8256401464,0.832167666253,
    0.846064442963,0.87747894424,0.88523461902,0.955835958052,1.),
  .UNSPECIFIED.);
#2402 = CARTESIAN_POINT('',(1.746959924497E-02,0.59976798855));
#2403 = CARTESIAN_POINT('',(1.743651825808E-02,0.599618716238));
#2404 = CARTESIAN_POINT('',(1.740343838372E-02,0.599440996586));
#2405 = CARTESIAN_POINT('',(1.737035989604E-02,0.599234527279));
#2406 = CARTESIAN_POINT('',(1.733728307249E-02,0.598999020122));
#2407 = CARTESIAN_POINT('',(1.73042081939E-02,0.598734201042));
#2408 = CARTESIAN_POINT('',(1.727113554437E-02,0.598439810081));
#2409 = CARTESIAN_POINT('',(1.723806541138E-02,0.598115601403));
#2410 = CARTESIAN_POINT('',(1.715503167389E-02,0.597226041253));
#2411 = CARTESIAN_POINT('',(1.710507167423E-02,0.596622631118));
#2412 = CARTESIAN_POINT('',(1.705511920579E-02,0.595947201812));
#2413 = CARTESIAN_POINT('',(1.700517484123E-02,0.595206420578));
#2414 = CARTESIAN_POINT('',(1.695523994763E-02,0.594394441748));
#2415 = CARTESIAN_POINT('',(1.690531611064E-02,0.593502682968));
#2416 = CARTESIAN_POINT('',(1.685540442888E-02,0.592532075805));
#2417 = CARTESIAN_POINT('',(1.675546184543E-02,0.590419619682));
#2418 = CARTESIAN_POINT('',(1.670543105827E-02,0.589277576936));
#2419 = CARTESIAN_POINT('',(1.665541563536E-02,0.588047777222));
#2420 = CARTESIAN_POINT('',(1.660541718897E-02,0.586726919401));
#2421 = CARTESIAN_POINT('',(1.655543741278E-02,0.585311893401));
#2422 = CARTESIAN_POINT('',(1.650547808188E-02,0.583799780224));
#2423 = CARTESIAN_POINT('',(1.645554105274E-02,0.582187851941));
#2424 = CARTESIAN_POINT('',(1.633347763024E-02,0.577995521352));
#2425 = CARTESIAN_POINT('',(1.626137816431E-02,0.575302921481));
#2426 = CARTESIAN_POINT('',(1.618933014238E-02,0.572423682875));
#2427 = CARTESIAN_POINT('',(1.611733300029E-02,0.569384950333));
#2428 = CARTESIAN_POINT('',(1.604538536633E-02,0.566212978062));
#2429 = CARTESIAN_POINT('',(1.59734850948E-02,0.562933005084));
#2430 = CARTESIAN_POINT('',(1.590162929956E-02,0.559569130642));
#2431 = CARTESIAN_POINT('',(1.580333940621E-02,0.554881565335));
#2432 = CARTESIAN_POINT('',(1.577687006941E-02,0.553610527309));
#2433 = CARTESIAN_POINT('',(1.575040598611E-02,0.552333282079));
#2434 = CARTESIAN_POINT('',(1.572394768546E-02,0.55104753687));
#2435 = CARTESIAN_POINT('',(1.569749430951E-02,0.54975801548));
#2436 = CARTESIAN_POINT('',(1.567104481629E-02,0.548470272253));
#2437 = CARTESIAN_POINT('',(1.564459928285E-02,0.547184082533));
#2438 = CARTESIAN_POINT('',(1.559318100404E-02,0.544694304048));
#2439 = CARTESIAN_POINT('',(1.556820798734E-02,0.543489874289));
#2440 = CARTESIAN_POINT('',(1.554323740525E-02,0.542292786732));
#2441 = CARTESIAN_POINT('',(1.551826883472E-02,0.541105403229));
#2442 = CARTESIAN_POINT('',(1.549330187226E-02,0.539930059523));
#2443 = CARTESIAN_POINT('',(1.546833613397E-02,0.538769065243));
#2444 = CARTESIAN_POINT('',(1.544337125552E-02,0.537624703906));
#2445 = CARTESIAN_POINT('',(1.537970800437E-02,0.534754566942));
#2446 = CARTESIAN_POINT('',(1.534101043007E-02,0.533055332217));
#2447 = CARTESIAN_POINT('',(1.530231283858E-02,0.531409905161));
#2448 = CARTESIAN_POINT('',(1.526361413507E-02,0.529826611752));
#2449 = CARTESIAN_POINT('',(1.522491346054E-02,0.528313727528));
#2450 = CARTESIAN_POINT('',(1.518621019184E-02,0.526879477588));
#2451 = CARTESIAN_POINT('',(1.514750394168E-02,0.525532036591));
#2452 = CARTESIAN_POINT('',(1.504266369088E-02,0.522139752216));
#2453 = CARTESIAN_POINT('',(1.497652435168E-02,0.520275919942));
#2454 = CARTESIAN_POINT('',(1.491038388213E-02,0.518664485027));
#2455 = CARTESIAN_POINT('',(1.484424848282E-02,0.517282922606));
#2456 = CARTESIAN_POINT('',(1.477812323014E-02,0.516109545357));
#2457 = CARTESIAN_POINT('',(1.471201209277E-02,0.515123319));
#2458 = CARTESIAN_POINT('',(1.464591794815E-02,0.514303677798));
#2459 = CARTESIAN_POINT('',(1.454650015182E-02,0.513290565414));
#2460 = CARTESIAN_POINT('',(1.451316261288E-02,0.512987651953));
#2461 = CARTESIAN_POINT('',(1.447983025409E-02,0.512721042915));
#2462 = CARTESIAN_POINT('',(1.444650323384E-02,0.512484476256));
#2463 = CARTESIAN_POINT('',(1.441318187797E-02,0.512276435327));
#2464 = CARTESIAN_POINT('',(1.437986639006E-02,0.512098321635));
#2465 = CARTESIAN_POINT('',(1.434655667208E-02,0.511949652371));
#2466 = CARTESIAN_POINT('',(1.427977848293E-02,0.511708902864));
#2467 = CARTESIAN_POINT('',(1.424631009259E-02,0.511617241977));
#2468 = CARTESIAN_POINT('',(1.421284789526E-02,0.511554173424));
#2469 = CARTESIAN_POINT('',(1.417939201631E-02,0.511519274756));
#2470 = CARTESIAN_POINT('',(1.414594257602E-02,0.511512130338));
#2471 = CARTESIAN_POINT('',(1.411249968959E-02,0.511532331351));
#2472 = CARTESIAN_POINT('',(1.407906346708E-02,0.51157947579));
#2473 = CARTESIAN_POINT('',(1.397994729205E-02,0.51179796983));
#2474 = CARTESIAN_POINT('',(1.391428664012E-02,0.512045045767));
#2475 = CARTESIAN_POINT('',(1.384865278077E-02,0.512393510281));
#2476 = CARTESIAN_POINT('',(1.378304691013E-02,0.512831462783));
#2477 = CARTESIAN_POINT('',(1.371746944337E-02,0.513377662704));
#2478 = CARTESIAN_POINT('',(1.365192060291E-02,0.514001254011));
#2479 = CARTESIAN_POINT('',(1.358640105446E-02,0.514709078353));
#2480 = CARTESIAN_POINT('',(1.34546849113E-02,0.516281894619));
#2481 = CARTESIAN_POINT('',(1.338848889781E-02,0.51714910579));
#2482 = CARTESIAN_POINT('',(1.33223233905E-02,0.518086252235));
#2483 = CARTESIAN_POINT('',(1.325618855141E-02,0.519087262479));
#2484 = CARTESIAN_POINT('',(1.319008447837E-02,0.520145580127));
#2485 = CARTESIAN_POINT('',(1.312401123953E-02,0.521254266431));
#2486 = CARTESIAN_POINT('',(1.305796890035E-02,0.522407090233));
#2487 = CARTESIAN_POINT('',(1.294831152329E-02,0.524389744928));
#2488 = CARTESIAN_POINT('',(1.290468248265E-02,0.525196462472));
#2489 = CARTESIAN_POINT('',(1.286106164153E-02,0.526019470398));
#2490 = CARTESIAN_POINT('',(1.281745131689E-02,0.526857292196));
#2491 = CARTESIAN_POINT('',(1.277385806371E-02,0.52770837171));
#2492 = CARTESIAN_POINT('',(1.27302858164E-02,0.528571182519));
#2493 = CARTESIAN_POINT('',(1.268672903014E-02,0.529444337305));
#2494 = CARTESIAN_POINT('',(1.257225380402E-02,0.531762999261));
#2495 = CARTESIAN_POINT('',(1.250131308938E-02,0.533224087239));
#2496 = CARTESIAN_POINT('',(1.243034378262E-02,0.53470243177));
#2497 = CARTESIAN_POINT('',(1.235934610384E-02,0.536191559432));
#2498 = CARTESIAN_POINT('',(1.228832034388E-02,0.53768563493));
#2499 = CARTESIAN_POINT('',(1.221726681923E-02,0.539179043248));
#2500 = CARTESIAN_POINT('',(1.214618582683E-02,0.540665971792));
#2501 = CARTESIAN_POINT('',(1.200904368626E-02,0.543508826511));
#2502 = CARTESIAN_POINT('',(1.194298634803E-02,0.544866620532));
#2503 = CARTESIAN_POINT('',(1.187690579858E-02,0.546208606076));
#2504 = CARTESIAN_POINT('',(1.181080229049E-02,0.547528689504));
#2505 = CARTESIAN_POINT('',(1.174467627655E-02,0.548824174287));
#2506 = CARTESIAN_POINT('',(1.167852804656E-02,0.550089709373));
#2507 = CARTESIAN_POINT('',(1.161235758046E-02,0.55131380261));
#2508 = CARTESIAN_POINT('',(1.148894026704E-02,0.55350916528));
#2509 = CARTESIAN_POINT('',(1.143169892238E-02,0.554491936704));
#2510 = CARTESIAN_POINT('',(1.137444153284E-02,0.55543476205));
#2511 = CARTESIAN_POINT('',(1.131716838189E-02,0.556332825603));
#2512 = CARTESIAN_POINT('',(1.125987982873E-02,0.55718128632));
#2513 = CARTESIAN_POINT('',(1.12025763083E-02,0.557975277822));
#2514 = CARTESIAN_POINT('',(1.114525833125E-02,0.558709908399));
#2515 = CARTESIAN_POINT('',(1.100231058743E-02,0.560381324856));
#2516 = CARTESIAN_POINT('',(1.091666382158E-02,0.561239552001));
#2517 = CARTESIAN_POINT('',(1.083098914728E-02,0.561959760296));
#2518 = CARTESIAN_POINT('',(1.074528934358E-02,0.562547025707));
#2519 = CARTESIAN_POINT('',(1.06595670077E-02,0.563006682309));
#2520 = CARTESIAN_POINT('',(1.0573824555E-02,0.563344322285));
#2521 = CARTESIAN_POINT('',(1.048806421903E-02,0.563565795932));
#2522 = CARTESIAN_POINT('',(1.034252313701E-02,0.563754841041));
#2523 = CARTESIAN_POINT('',(1.028275084972E-02,0.563780269654));
#2524 = CARTESIAN_POINT('',(1.022297129247E-02,0.563729780053));
#2525 = CARTESIAN_POINT('',(1.016318542384E-02,0.563579496135));
#2526 = CARTESIAN_POINT('',(1.010339505077E-02,0.563305614024));
#2527 = CARTESIAN_POINT('',(1.004360282105E-02,0.562884632963));
#2528 = CARTESIAN_POINT('',(9.983812215991E-03,0.562293586215));
#2529 = CARTESIAN_POINT('',(9.896602961367E-03,0.561150947977));
#2530 = CARTESIAN_POINT('',(9.869179696182E-03,0.560751172402));
#2531 = CARTESIAN_POINT('',(9.841758202316E-03,0.560308790786));
#2532 = CARTESIAN_POINT('',(9.814338990402E-03,0.559821696526));
#2533 = CARTESIAN_POINT('',(9.786922626761E-03,0.559287830844));
#2534 = CARTESIAN_POINT('',(9.759509733409E-03,0.558705182793));
#2535 = CARTESIAN_POINT('',(9.732100988049E-03,0.558071789254));
#2536 = CARTESIAN_POINT('',(9.683609339225E-03,0.556857803336));
#2537 = CARTESIAN_POINT('',(9.662524496652E-03,0.556298400575));
#2538 = CARTESIAN_POINT('',(9.641442486498E-03,0.555710935904));
#2539 = CARTESIAN_POINT('',(9.620363142882E-03,0.55509879307));
#2540 = CARTESIAN_POINT('',(9.5992862439E-03,0.554465330318));
#2541 = CARTESIAN_POINT('',(9.57821151163E-03,0.553813880394));
#2542 = CARTESIAN_POINT('',(9.557138612129E-03,0.55314775054));
#2543 = CARTESIAN_POINT('',(9.528240011488E-03,0.552218549841));
#2544 = CARTESIAN_POINT('',(9.52041306953E-03,0.55196530362));
#2545 = CARTESIAN_POINT('',(9.512586310896E-03,0.551710651541));
#2546 = CARTESIAN_POINT('',(9.504759716553E-03,0.551454760728));
#2547 = CARTESIAN_POINT('',(9.496933267101E-03,0.551197797728));
#2548 = CARTESIAN_POINT('',(9.489106942767E-03,0.550939928504));
#2549 = CARTESIAN_POINT('',(9.481280723405E-03,0.550681318442));
#2550 = CARTESIAN_POINT('',(9.456793122634E-03,0.549870337576));
#2551 = CARTESIAN_POINT('',(9.440132045432E-03,0.549315932918));
#2552 = CARTESIAN_POINT('',(9.423471153134E-03,0.548760507149));
#2553 = CARTESIAN_POINT('',(9.406810245084E-03,0.548205639014));
#2554 = CARTESIAN_POINT('',(9.390149123737E-03,0.547652897226));
#2555 = CARTESIAN_POINT('',(9.373487594656E-03,0.547103840462));
#2556 = CARTESIAN_POINT('',(9.356825466511E-03,0.546560017368));
#2557 = CARTESIAN_POINT('',(9.302495026532E-03,0.544808930829));
#2558 = CARTESIAN_POINT('',(9.264823801456E-03,0.543629514882));
#2559 = CARTESIAN_POINT('',(9.22714636307E-03,0.542502506264));
#2560 = CARTESIAN_POINT('',(9.18946084731E-03,0.541445484804));
#2561 = CARTESIAN_POINT('',(9.151766032071E-03,0.540475897706));
#2562 = CARTESIAN_POINT('',(9.114061330437E-03,0.539611134649));
#2563 = CARTESIAN_POINT('',(9.076346783911E-03,0.538868602876));
#2564 = CARTESIAN_POINT('',(9.02930974631E-03,0.538116981687));
#2565 = CARTESIAN_POINT('',(9.019995897392E-03,0.537976661278));
#2566 = CARTESIAN_POINT('',(9.010681520895E-03,0.537845182723));
#2567 = CARTESIAN_POINT('',(9.001366636943E-03,0.537722791705));
#2568 = CARTESIAN_POINT('',(8.992051273775E-03,0.537609637939));
#2569 = CARTESIAN_POINT('',(8.982735467751E-03,0.537505775167));
#2570 = CARTESIAN_POINT('',(8.973419263345E-03,0.537411161167));
#2571 = CARTESIAN_POINT('',(8.879292437117E-03,0.53654730429));
#2572 = CARTESIAN_POINT('',(8.794455241964E-03,0.536530302647));
#2573 = CARTESIAN_POINT('',(8.709616335296E-03,0.537275048548));
#2574 = CARTESIAN_POINT('',(8.624803941189E-03,0.538787985992));
#2575 = CARTESIAN_POINT('',(8.540049274436E-03,0.541080992991));
#2576 = CARTESIAN_POINT('',(8.455386614693E-03,0.544171808191));
#2577 = CARTESIAN_POINT('',(8.370853480554E-03,0.548085498374));
#2578 = CARTESIAN_POINT('',(8.233718641118E-03,0.555841716639));
#2579 = CARTESIAN_POINT('',(8.181014510962E-03,0.559162591472));
#2580 = CARTESIAN_POINT('',(8.128384037823E-03,0.562804478788));
#2581 = CARTESIAN_POINT('',(8.075831789663E-03,0.566752970654));
#2582 = CARTESIAN_POINT('',(8.023361346711E-03,0.570994319179));
#2583 = CARTESIAN_POINT('',(7.970975270533E-03,0.575515391941));
#2584 = CARTESIAN_POINT('',(7.918675073108E-03,0.580303627413));
#2585 = CARTESIAN_POINT('',(7.866461185891E-03,0.585346990393));
#2586 = ( GEOMETRIC_REPRESENTATION_CONTEXT(2) 
PARAMETRIC_REPRESENTATION_CONTEXT() REPRESENTATION_CONTEXT('2D SPACE',''
  ) );
#2587 = ORIENTED_EDGE('',*,*,#2588,.T.);
#2588 = EDGE_CURVE('',#2023,#2589,#2591,.T.);
#2589 = VERTEX_POINT('',#2590);
#2590 = CARTESIAN_POINT('',(-10.31862528256,16.965401181239,
    -4.771592528661));
#2591 = SURFACE_CURVE('',#2592,(#2598,#2607),.PCURVE_S1.);
#2592 = B_SPLINE_CURVE_WITH_KNOTS('',4,(#2593,#2594,#2595,#2596,#2597),
  .UNSPECIFIED.,.F.,.F.,(5,5),(0.,1.),.PIECEWISE_BEZIER_KNOTS.);
#2593 = CARTESIAN_POINT('',(-8.215808525593,16.96540118126,
    -4.771592528646));
#2594 = CARTESIAN_POINT('',(-8.741512715541,16.965401181255,
    -4.771592528649));
#2595 = CARTESIAN_POINT('',(-9.267216905489,16.965401181249,
    -4.771592528653));
#2596 = CARTESIAN_POINT('',(-9.792921095436,16.965401181244,
    -4.771592528657));
#2597 = CARTESIAN_POINT('',(-10.31862528538,16.965401181239,
    -4.771592528661));
#2598 = PCURVE('',#1880,#2599);
#2599 = DEFINITIONAL_REPRESENTATION('',(#2600),#2606);
#2600 = B_SPLINE_CURVE_WITH_KNOTS('',4,(#2601,#2602,#2603,#2604,#2605),
  .UNSPECIFIED.,.F.,.F.,(5,5),(0.,1.),.PIECEWISE_BEZIER_KNOTS.);
#2601 = CARTESIAN_POINT('',(0.125838776935,0.762969940905));
#2602 = CARTESIAN_POINT('',(0.10189735713,0.762969940905));
#2603 = CARTESIAN_POINT('',(7.795593732567E-02,0.762969940905));
#2604 = CARTESIAN_POINT('',(5.401451752125E-02,0.762969940904));
#2605 = CARTESIAN_POINT('',(3.007309771683E-02,0.762969940904));
#2606 = ( GEOMETRIC_REPRESENTATION_CONTEXT(2) 
PARAMETRIC_REPRESENTATION_CONTEXT() REPRESENTATION_CONTEXT('2D SPACE',''
  ) );
#2607 = PCURVE('',#1611,#2608);
#2608 = DEFINITIONAL_REPRESENTATION('',(#2609),#2615);
#2609 = B_SPLINE_CURVE_WITH_KNOTS('',4,(#2610,#2611,#2612,#2613,#2614),
  .UNSPECIFIED.,.F.,.F.,(5,5),(0.,1.),.PIECEWISE_BEZIER_KNOTS.);
#2610 = CARTESIAN_POINT('',(-20.86587074996,2.102816746187));
#2611 = CARTESIAN_POINT('',(-20.86587074996,1.577112556239));
#2612 = CARTESIAN_POINT('',(-20.86587074996,1.051408366291));
#2613 = CARTESIAN_POINT('',(-20.86587074996,0.525704176344));
#2614 = CARTESIAN_POINT('',(-20.86587074996,-1.360421819645E-08));
#2615 = ( GEOMETRIC_REPRESENTATION_CONTEXT(2) 
PARAMETRIC_REPRESENTATION_CONTEXT() REPRESENTATION_CONTEXT('2D SPACE',''
  ) );
#2616 = ORIENTED_EDGE('',*,*,#2617,.F.);
#2617 = EDGE_CURVE('',#1839,#2589,#2618,.T.);
#2618 = SURFACE_CURVE('',#2619,(#2818,#3020),.PCURVE_S1.);
#2619 = B_SPLINE_CURVE_WITH_KNOTS('',8,(#2620,#2621,#2622,#2623,#2624,
    #2625,#2626,#2627,#2628,#2629,#2630,#2631,#2632,#2633,#2634,#2635,
    #2636,#2637,#2638,#2639,#2640,#2641,#2642,#2643,#2644,#2645,#2646,
    #2647,#2648,#2649,#2650,#2651,#2652,#2653,#2654,#2655,#2656,#2657,
    #2658,#2659,#2660,#2661,#2662,#2663,#2664,#2665,#2666,#2667,#2668,
    #2669,#2670,#2671,#2672,#2673,#2674,#2675,#2676,#2677,#2678,#2679,
    #2680,#2681,#2682,#2683,#2684,#2685,#2686,#2687,#2688,#2689,#2690,
    #2691,#2692,#2693,#2694,#2695,#2696,#2697,#2698,#2699,#2700,#2701,
    #2702,#2703,#2704,#2705,#2706,#2707,#2708,#2709,#2710,#2711,#2712,
    #2713,#2714,#2715,#2716,#2717,#2718,#2719,#2720,#2721,#2722,#2723,
    #2724,#2725,#2726,#2727,#2728,#2729,#2730,#2731,#2732,#2733,#2734,
    #2735,#2736,#2737,#2738,#2739,#2740,#2741,#2742,#2743,#2744,#2745,
    #2746,#2747,#2748,#2749,#2750,#2751,#2752,#2753,#2754,#2755,#2756,
    #2757,#2758,#2759,#2760,#2761,#2762,#2763,#2764,#2765,#2766,#2767,
    #2768,#2769,#2770,#2771,#2772,#2773,#2774,#2775,#2776,#2777,#2778,
    #2779,#2780,#2781,#2782,#2783,#2784,#2785,#2786,#2787,#2788,#2789,
    #2790,#2791,#2792,#2793,#2794,#2795,#2796,#2797,#2798,#2799,#2800,
    #2801,#2802,#2803,#2804,#2805,#2806,#2807,#2808,#2809,#2810,#2811,
    #2812,#2813,#2814,#2815,#2816,#2817),.UNSPECIFIED.,.F.,.F.,(9,7,7,7,
    7,7,7,7,7,7,7,7,7,7,7,7,7,7,7,7,7,7,7,7,7,7,7,7,9),(0.,
    3.719743416407E-02,7.435081432197E-02,9.272505330112E-02,
    0.10168103395,0.11021824884,0.129003374831,0.174150256123,
    0.2329136289,0.270855091183,0.298994942702,0.340893490873,
    0.382965004522,0.454728740848,0.526101638995,0.595149525033,
    0.66446130205,0.737633175786,0.752835529498,0.760005092814,
    0.775598483568,0.80758399444,0.82280630079,0.833990436146,
    0.845995685609,0.881945994925,0.901854379716,0.961390560866,1.),
  .UNSPECIFIED.);
#2620 = CARTESIAN_POINT('',(-9.987912259936,8.37918539338,
    -8.074686009813));
#2621 = CARTESIAN_POINT('',(-9.989618502402,8.421439991388,
    -8.066640424878));
#2622 = CARTESIAN_POINT('',(-9.991322911185,8.463687486348,
    -8.058555949706));
#2623 = CARTESIAN_POINT('',(-9.99302547471,8.505927897776,
    -8.050432982717));
#2624 = CARTESIAN_POINT('',(-9.994726161939,8.548161493638,
    -8.04227315455));
#2625 = CARTESIAN_POINT('',(-9.996424950132,8.590388450555,
    -8.034077602027));
#2626 = CARTESIAN_POINT('',(-9.998121830467,8.632608783653,
    -8.025846616351));
#2627 = CARTESIAN_POINT('',(-9.999816791534,8.674822546061,
    -8.017580665562));
#2628 = CARTESIAN_POINT('',(-10.00320076476,8.759188062175,
    -8.000994744291));
#2629 = CARTESIAN_POINT('',(-10.00488977773,8.801339863847,
    -7.992675069254));
#2630 = CARTESIAN_POINT('',(-10.00657676513,8.843486281575,
    -7.984326919062));
#2631 = CARTESIAN_POINT('',(-10.0082616732,8.885627900817,
    -7.975953445235));
#2632 = CARTESIAN_POINT('',(-10.0099444489,8.927765313983,-7.96755779786
    ));
#2633 = CARTESIAN_POINT('',(-10.0116250399,8.969899120436,
    -7.959143125595));
#2634 = CARTESIAN_POINT('',(-10.01330339454,9.012029926487,
    -7.950712575661));
#2635 = CARTESIAN_POINT('',(-10.01580836258,9.074992994465,
    -7.938093660916));
#2636 = CARTESIAN_POINT('',(-10.01663670381,9.095827059067,
    -7.933914914136));
#2637 = CARTESIAN_POINT('',(-10.01746447942,9.116660613094,
    -7.929733434071));
#2638 = CARTESIAN_POINT('',(-10.01829168326,9.13749373058,
    -7.925549601257));
#2639 = CARTESIAN_POINT('',(-10.01911830923,9.158326485711,
    -7.921363796201));
#2640 = CARTESIAN_POINT('',(-10.01994435123,9.179158952821,
    -7.91717639938));
#2641 = CARTESIAN_POINT('',(-10.02076980324,9.199991206397,
    -7.912987791241));
#2642 = CARTESIAN_POINT('',(-10.02199671092,9.23097732071,
    -7.906756333758));
#2643 = CARTESIAN_POINT('',(-10.02239862116,9.241131285654,
    -7.904714109378));
#2644 = CARTESIAN_POINT('',(-10.02280038904,9.251285226949,
    -7.902671735397));
#2645 = CARTESIAN_POINT('',(-10.02320201378,9.261439154357,
    -7.900629261605));
#2646 = CARTESIAN_POINT('',(-10.02360349468,9.271593076358,
    -7.898586731253));
#2647 = CARTESIAN_POINT('',(-10.02400483119,9.281747000149,
    -7.896544181053));
#2648 = CARTESIAN_POINT('',(-10.02440602281,9.291900931645,
    -7.894501641175));
#2649 = CARTESIAN_POINT('',(-10.02518936336,9.311734038922,
    -7.890512133277));
#2650 = CARTESIAN_POINT('',(-10.02557152619,9.321413205521,
    -7.888565121099));
#2651 = CARTESIAN_POINT('',(-10.02595355869,9.331092363127,
    -7.886618036764));
#2652 = CARTESIAN_POINT('',(-10.02633546182,9.340771499591,
    -7.884670818319));
#2653 = CARTESIAN_POINT('',(-10.02671723658,9.350450602754,
    -7.882723403814));
#2654 = CARTESIAN_POINT('',(-10.02709888395,9.360129660454,
    -7.880775731299));
#2655 = CARTESIAN_POINT('',(-10.0274804049,9.369808660525,
    -7.878827738825));
#2656 = CARTESIAN_POINT('',(-10.02870101586,9.400784925684,
    -7.872592198349));
#2657 = CARTESIAN_POINT('',(-10.02953962395,9.422081922405,
    -7.868303183238));
#2658 = CARTESIAN_POINT('',(-10.0303776351,9.443378451494,
    -7.864011659085));
#2659 = CARTESIAN_POINT('',(-10.03121505964,9.464674382999,
    -7.859716965988));
#2660 = CARTESIAN_POINT('',(-10.03205190784,9.485969586473,
    -7.855418444172));
#2661 = CARTESIAN_POINT('',(-10.03288818993,9.507263930978,
    -7.851115433986));
#2662 = CARTESIAN_POINT('',(-10.03372391605,9.528557285081,
    -7.846807275907));
#2663 = CARTESIAN_POINT('',(-10.03656631109,9.601021803961,
    -7.832125422522));
#2664 = CARTESIAN_POINT('',(-10.0385703764,9.652187487126,
    -7.821723643586));
#2665 = CARTESIAN_POINT('',(-10.04057139212,9.703345335177,
    -7.811281558152));
#2666 = CARTESIAN_POINT('',(-10.04256964755,9.754491493081,
    -7.800780085999));
#2667 = CARTESIAN_POINT('',(-10.04456493592,9.805628602272,
    -7.79023248368));
#2668 = CARTESIAN_POINT('',(-10.04655792185,9.856747605269,
    -7.779594599132));
#2669 = CARTESIAN_POINT('',(-10.04854812281,9.907854648182,
    -7.76889737358));
#2670 = CARTESIAN_POINT('',(-10.05312385224,10.025434283083,
    -7.744039944846));
#2671 = CARTESIAN_POINT('',(-10.05570782803,10.091892471783,
    -7.729811793701));
#2672 = CARTESIAN_POINT('',(-10.05828896046,10.15830352425,
    -7.715355744172));
#2673 = CARTESIAN_POINT('',(-10.06086804095,10.22465455555,
    -7.700614905566));
#2674 = CARTESIAN_POINT('',(-10.06344580299,10.290931433688,
    -7.685532627812));
#2675 = CARTESIAN_POINT('',(-10.06602292213,10.357118779606,
    -7.670052501459));
#2676 = CARTESIAN_POINT('',(-10.06860001596,10.423199967183,
    -7.654118357678));
#2677 = CARTESIAN_POINT('',(-10.07284192886,10.531743360721,
    -7.627056892694));
#2678 = CARTESIAN_POINT('',(-10.07450640613,10.574277718197,
    -7.616228066905));
#2679 = CARTESIAN_POINT('',(-10.07617144035,10.616751546822,
    -7.605157039378));
#2680 = CARTESIAN_POINT('',(-10.07783614701,10.659178121914,
    -7.593904007738));
#2681 = CARTESIAN_POINT('',(-10.07950109536,10.701545510888,
    -7.582423915077));
#2682 = CARTESIAN_POINT('',(-10.08116561426,10.743863313182,
    -7.57076165211));
#2683 = CARTESIAN_POINT('',(-10.08282981681,10.786128334876,
    -7.558906588057));
#2684 = CARTESIAN_POINT('',(-10.08572737,10.859651689543,-7.537945547366
    ));
#2685 = CARTESIAN_POINT('',(-10.0869609694,10.890932772293,
    -7.528920130789));
#2686 = CARTESIAN_POINT('',(-10.08819422836,10.922186443029,
    -7.519798300581));
#2687 = CARTESIAN_POINT('',(-10.08942709342,10.953413187657,
    -7.510583065191));
#2688 = CARTESIAN_POINT('',(-10.09065951286,10.98461352678,
    -7.501277419897));
#2689 = CARTESIAN_POINT('',(-10.0918914367,11.015788015699,
    -7.491884346804));
#2690 = CARTESIAN_POINT('',(-10.09312281673,11.046937244412,
    -7.482406814846));
#2691 = CARTESIAN_POINT('',(-10.09618617842,11.124404486826,
    -7.458614950917));
#2692 = CARTESIAN_POINT('',(-10.09801745543,11.170692249454,
    -7.44420037333));
#2693 = CARTESIAN_POINT('',(-10.09984720057,11.216929458841,
    -7.429621206934));
#2694 = CARTESIAN_POINT('',(-10.1016754498,11.263113169426,
    -7.414870712307));
#2695 = CARTESIAN_POINT('',(-10.10350213929,11.309243357094,
    -7.399951315003));
#2696 = CARTESIAN_POINT('',(-10.10532716413,11.355321235897,
    -7.384869283914));
#2697 = CARTESIAN_POINT('',(-10.10715051131,11.401345560514,
    -7.369622845484));
#2698 = CARTESIAN_POINT('',(-10.11080122833,11.493477785446,
    -7.338744661429));
#2699 = CARTESIAN_POINT('',(-10.1126285839,11.539585170371,
    -7.323111461877));
#2700 = CARTESIAN_POINT('',(-10.11445412474,11.585638666357,
    -7.307317496208));
#2701 = CARTESIAN_POINT('',(-10.11627779036,11.63163846083,
    -7.291365452166));
#2702 = CARTESIAN_POINT('',(-10.11809952685,11.677584578883,
    -7.275257473077));
#2703 = CARTESIAN_POINT('',(-10.11991928938,11.723476778341,
    -7.25899487783));
#2704 = CARTESIAN_POINT('',(-10.12173703174,11.76931496191,
    -7.242579293751));
#2705 = CARTESIAN_POINT('',(-10.12664974157,11.893198390814,
    -7.197760904319));
#2706 = CARTESIAN_POINT('',(-10.12974071362,11.971142237195,
    -7.169074459712));
#2707 = CARTESIAN_POINT('',(-10.13282529541,12.048934534048,
    -7.139972839835));
#2708 = CARTESIAN_POINT('',(-10.13590318117,12.126579786284,
    -7.110475852962));
#2709 = CARTESIAN_POINT('',(-10.13897411207,12.204081218608,
    -7.080599262721));
#2710 = CARTESIAN_POINT('',(-10.14203783703,12.281442891619,
    -7.050359956864));
#2711 = CARTESIAN_POINT('',(-10.14509408969,12.358671003452,
    -7.019779067588));
#2712 = CARTESIAN_POINT('',(-10.15117467849,12.512446208971,
    -6.958127163585));
#2713 = CARTESIAN_POINT('',(-10.15419909729,12.588994651701,
    -6.927059641797));
#2714 = CARTESIAN_POINT('',(-10.15721574846,12.665417628732,
    -6.895680364035));
#2715 = CARTESIAN_POINT('',(-10.16022445456,12.741718673525,
    -6.864002330589));
#2716 = CARTESIAN_POINT('',(-10.16322504664,12.817901683753,
    -6.832038829127));
#2717 = CARTESIAN_POINT('',(-10.16621736261,12.893971043178,
    -6.79980369295));
#2718 = CARTESIAN_POINT('',(-10.16920125169,12.969931283846,
    -6.767310545551));
#2719 = CARTESIAN_POINT('',(-10.17505499496,13.119170274114,
    -6.702898025452));
#2720 = CARTESIAN_POINT('',(-10.17792539824,13.192455716886,
    -6.670994326791));
#2721 = CARTESIAN_POINT('',(-10.18078768177,13.265645840477,
    -6.638869831553));
#2722 = CARTESIAN_POINT('',(-10.18364173532,13.338744349115,
    -6.606535137845));
#2723 = CARTESIAN_POINT('',(-10.18648745644,13.411754934451,
    -6.574000517932));
#2724 = CARTESIAN_POINT('',(-10.18932475147,13.484681162198,
    -6.541275686618));
#2725 = CARTESIAN_POINT('',(-10.19215353235,13.557526738645,
    -6.508370365914));
#2726 = CARTESIAN_POINT('',(-10.19780466485,13.703343689597,
    -6.442094519316));
#2727 = CARTESIAN_POINT('',(-10.20062695273,13.776314713629,
    -6.408723343258));
#2728 = CARTESIAN_POINT('',(-10.20344045247,13.849214949936,
    -6.375195925587));
#2729 = CARTESIAN_POINT('',(-10.20624505992,13.922050220597,
    -6.341526027407));
#2730 = CARTESIAN_POINT('',(-10.20904068743,13.994826448985,
    -6.30772736317));
#2731 = CARTESIAN_POINT('',(-10.2118272638,14.067549659766,
    -6.273813600672));
#2732 = CARTESIAN_POINT('',(-10.21460473434,14.140225978899,
    -6.239798361052));
#2733 = CARTESIAN_POINT('',(-10.22029556031,14.289542497784,
    -6.169692811605));
#2734 = CARTESIAN_POINT('',(-10.22320784626,14.366177896672,
    -6.133592201433));
#2735 = CARTESIAN_POINT('',(-10.22610993583,14.442765578511,
    -6.097388948681));
#2736 = CARTESIAN_POINT('',(-10.22900184483,14.519303263256,
    -6.061078625906));
#2737 = CARTESIAN_POINT('',(-10.23188358772,14.59578864261,
    -6.024656817819));
#2738 = CARTESIAN_POINT('',(-10.2347551776,14.672219380019,
    -5.988119121285));
#2739 = CARTESIAN_POINT('',(-10.23761662619,14.748593110679,
    -5.951461145327));
#2740 = CARTESIAN_POINT('',(-10.24106034007,14.840762679227,
    -5.907036467979));
#2741 = CARTESIAN_POINT('',(-10.24165229917,14.85661533079,
    -5.899388998707));
#2742 = CARTESIAN_POINT('',(-10.24224381812,14.87246568998,
    -5.891736720389));
#2743 = CARTESIAN_POINT('',(-10.24283489387,14.88831405139,
    -5.884080250348));
#2744 = CARTESIAN_POINT('',(-10.24342552342,14.904160710453,
    -5.876420206143));
#2745 = CARTESIAN_POINT('',(-10.24401570381,14.920005963435,
    -5.868757205572));
#2746 = CARTESIAN_POINT('',(-10.2446054321,14.93585010744,
    -5.861091866667));
#2747 = CARTESIAN_POINT('',(-10.24547261184,14.959165295161,
    -5.849808955458));
#2748 = CARTESIAN_POINT('',(-10.24575041709,14.966636969397,
    -5.846192720518));
#2749 = CARTESIAN_POINT('',(-10.24602812083,14.974108494291,
    -5.842576167639));
#2750 = CARTESIAN_POINT('',(-10.24630572277,14.981579901024,
    -5.838959361576));
#2751 = CARTESIAN_POINT('',(-10.24658322259,14.989051220785,
    -5.835342367083));
#2752 = CARTESIAN_POINT('',(-10.24686061999,14.996522484768,
    -5.831725248909));
#2753 = CARTESIAN_POINT('',(-10.24713791468,15.003993724177,
    -5.8281080718));
#2754 = CARTESIAN_POINT('',(-10.24801798241,15.027714503671,
    -5.816623759498));
#2755 = CARTESIAN_POINT('',(-10.24862037114,15.043964068214,
    -5.808756646104));
#2756 = CARTESIAN_POINT('',(-10.24922226946,15.060213985234,
    -5.800890226269));
#2757 = CARTESIAN_POINT('',(-10.2498236743,15.076464575754,
    -5.793025166105));
#2758 = CARTESIAN_POINT('',(-10.25042458258,15.092716160437,
    -5.785162131877));
#2759 = CARTESIAN_POINT('',(-10.25102499122,15.108969059584,
    -5.777301790012));
#2760 = CARTESIAN_POINT('',(-10.25162489714,15.125223593135,
    -5.769444807091));
#2761 = CARTESIAN_POINT('',(-10.25345380017,15.174825750448,
    -5.745483688835));
#2762 = CARTESIAN_POINT('',(-10.25468117457,15.208179630839,
    -5.729392470477));
#2763 = CARTESIAN_POINT('',(-10.25590639428,15.241544490811,
    -5.713323944979));
#2764 = CARTESIAN_POINT('',(-10.25712943249,15.274923073688,
    -5.697283873373));
#2765 = CARTESIAN_POINT('',(-10.25835026172,15.308318097152,
    -5.681278027525));
#2766 = CARTESIAN_POINT('',(-10.25956885389,15.341732253244,
    -5.665312190128));
#2767 = CARTESIAN_POINT('',(-10.26078518025,15.375168208366,
    -5.649392154713));
#2768 = CARTESIAN_POINT('',(-10.2625769841,15.424552825463,
    -5.625971740938));
#2769 = CARTESIAN_POINT('',(-10.26315423969,15.440482316161,
    -5.618430881144));
#2770 = CARTESIAN_POINT('',(-10.26373096265,15.456418486614,
    -5.610904194295));
#2771 = CARTESIAN_POINT('',(-10.26430716116,15.472360563521,
    -5.603390048331));
#2772 = CARTESIAN_POINT('',(-10.26488284924,15.488307223808,
    -5.595885638551));
#2773 = CARTESIAN_POINT('',(-10.26545803754,15.504257445704,
    -5.588388808178));
#2774 = CARTESIAN_POINT('',(-10.26603273281,15.520210576129,
    -5.580898181999));
#2775 = CARTESIAN_POINT('',(-10.26702883204,15.547888102644,
    -5.567911080035));
#2776 = CARTESIAN_POINT('',(-10.26745045779,15.559611628698,
    -5.562412751963));
#2777 = CARTESIAN_POINT('',(-10.26787182717,15.571335836616,
    -5.556915866011));
#2778 = CARTESIAN_POINT('',(-10.26829294404,15.583060370449,
    -5.551419659295));
#2779 = CARTESIAN_POINT('',(-10.26871381227,15.594784874222,
    -5.54592336894));
#2780 = CARTESIAN_POINT('',(-10.26913443572,15.606508991938,
    -5.540426232081));
#2781 = CARTESIAN_POINT('',(-10.26955481821,15.61823236758,
    -5.53492748586));
#2782 = CARTESIAN_POINT('',(-10.27042595507,15.64253754593,
    -5.523521369233));
#2783 = CARTESIAN_POINT('',(-10.2708766733,15.655119180236,
    -5.517613638249));
#2784 = CARTESIAN_POINT('',(-10.27132712299,15.667699107792,
    -5.511702230895));
#2785 = CARTESIAN_POINT('',(-10.2717773088,15.68027688655,
    -5.505786204325));
#2786 = CARTESIAN_POINT('',(-10.2722272353,15.692852072649,
    -5.499864616427));
#2787 = CARTESIAN_POINT('',(-10.27267690699,15.705424220417,
    -5.493936525823));
#2788 = CARTESIAN_POINT('',(-10.27312632828,15.717992882367,
    -5.488000991868));
#2789 = CARTESIAN_POINT('',(-10.27492058082,15.768183300984,
    -5.464257722533));
#2790 = CARTESIAN_POINT('',(-10.27626344587,15.80577354849,
    -5.446383293749));
#2791 = CARTESIAN_POINT('',(-10.27760422221,15.843316476369,
    -5.428408415218));
#2792 = CARTESIAN_POINT('',(-10.27894301714,15.880799786582,
    -5.410307933899));
#2793 = CARTESIAN_POINT('',(-10.28027992161,15.9182107584,
    -5.392056916801));
#2794 = CARTESIAN_POINT('',(-10.28161501031,15.955536248401,
    -5.373630650971));
#2795 = CARTESIAN_POINT('',(-10.2829483416,15.992762690473,
    -5.355004643505));
#2796 = CARTESIAN_POINT('',(-10.28501737326,16.050428574177,
    -5.325715949448));
#2797 = CARTESIAN_POINT('',(-10.28575425795,16.070946600493,
    -5.315209195871));
#2798 = CARTESIAN_POINT('',(-10.28649063252,16.091425705896,
    -5.304626235164));
#2799 = CARTESIAN_POINT('',(-10.28722646825,16.111868059353,
    -5.29397199346));
#2800 = CARTESIAN_POINT('',(-10.28796175418,16.132273222225,
    -5.283246374278));
#2801 = CARTESIAN_POINT('',(-10.28869648684,16.152639668598,
    -5.272447183873));
#2802 = CARTESIAN_POINT('',(-10.28943064651,16.172968130329,
    -5.261576634866));
#2803 = CARTESIAN_POINT('',(-10.29235799368,16.253934319382,
    -5.21790999135));
#2804 = CARTESIAN_POINT('',(-10.29454656172,16.314265022606,
    -5.184542525846));
#2805 = CARTESIAN_POINT('',(-10.29672962224,16.374241279945,
    -5.150534783728));
#2806 = CARTESIAN_POINT('',(-10.29890687195,16.433854277994,
    -5.115889851907));
#2807 = CARTESIAN_POINT('',(-10.30107801021,16.493095045428,
    -5.080610730707));
#2808 = CARTESIAN_POINT('',(-10.30324273904,16.551954453007,
    -5.044700333865));
#2809 = CARTESIAN_POINT('',(-10.30540076314,16.610423213572,
    -5.008161488531));
#2810 = CARTESIAN_POINT('',(-10.30894673884,16.706149633652,
    -4.946895581613));
#2811 = CARTESIAN_POINT('',(-10.31033874282,16.743638637098,
    -4.922530450776));
#2812 = CARTESIAN_POINT('',(-10.31172772088,16.780965107559,
    -4.897915922869));
#2813 = CARTESIAN_POINT('',(-10.31311360484,16.818135605712,
    -4.873066190823));
#2814 = CARTESIAN_POINT('',(-10.3144963393,16.855157037731,
    -4.847995260392));
#2815 = CARTESIAN_POINT('',(-10.31587588157,16.892036655291,
    -4.822716950153));
#2816 = CARTESIAN_POINT('',(-10.31725220172,16.928782055568,
    -4.797244891503));
#2817 = CARTESIAN_POINT('',(-10.31862528256,16.965401181239,
    -4.77159252866));
#2818 = PCURVE('',#1880,#2819);
#2819 = DEFINITIONAL_REPRESENTATION('',(#2820),#3019);
#2820 = B_SPLINE_CURVE_WITH_KNOTS('',8,(#2821,#2822,#2823,#2824,#2825,
    #2826,#2827,#2828,#2829,#2830,#2831,#2832,#2833,#2834,#2835,#2836,
    #2837,#2838,#2839,#2840,#2841,#2842,#2843,#2844,#2845,#2846,#2847,
    #2848,#2849,#2850,#2851,#2852,#2853,#2854,#2855,#2856,#2857,#2858,
    #2859,#2860,#2861,#2862,#2863,#2864,#2865,#2866,#2867,#2868,#2869,
    #2870,#2871,#2872,#2873,#2874,#2875,#2876,#2877,#2878,#2879,#2880,
    #2881,#2882,#2883,#2884,#2885,#2886,#2887,#2888,#2889,#2890,#2891,
    #2892,#2893,#2894,#2895,#2896,#2897,#2898,#2899,#2900,#2901,#2902,
    #2903,#2904,#2905,#2906,#2907,#2908,#2909,#2910,#2911,#2912,#2913,
    #2914,#2915,#2916,#2917,#2918,#2919,#2920,#2921,#2922,#2923,#2924,
    #2925,#2926,#2927,#2928,#2929,#2930,#2931,#2932,#2933,#2934,#2935,
    #2936,#2937,#2938,#2939,#2940,#2941,#2942,#2943,#2944,#2945,#2946,
    #2947,#2948,#2949,#2950,#2951,#2952,#2953,#2954,#2955,#2956,#2957,
    #2958,#2959,#2960,#2961,#2962,#2963,#2964,#2965,#2966,#2967,#2968,
    #2969,#2970,#2971,#2972,#2973,#2974,#2975,#2976,#2977,#2978,#2979,
    #2980,#2981,#2982,#2983,#2984,#2985,#2986,#2987,#2988,#2989,#2990,
    #2991,#2992,#2993,#2994,#2995,#2996,#2997,#2998,#2999,#3000,#3001,
    #3002,#3003,#3004,#3005,#3006,#3007,#3008,#3009,#3010,#3011,#3012,
    #3013,#3014,#3015,#3016,#3017,#3018),.UNSPECIFIED.,.F.,.F.,(9,7,7,7,
    7,7,7,7,7,7,7,7,7,7,7,7,7,7,7,7,7,7,7,7,7,7,7,7,9),(0.,
    3.719743416407E-02,7.435081432197E-02,9.272505330112E-02,
    0.10168103395,0.11021824884,0.129003374831,0.174150256123,
    0.2329136289,0.270855091183,0.298994942702,0.340893490873,
    0.382965004522,0.454728740848,0.526101638995,0.595149525033,
    0.66446130205,0.737633175786,0.752835529498,0.760005092814,
    0.775598483568,0.80758399444,0.82280630079,0.833990436146,
    0.845995685609,0.881945994925,0.901854379716,0.961390560866,1.),
  .UNSPECIFIED.);
#2821 = CARTESIAN_POINT('',(2.591194566388E-02,0.331692997755));
#2822 = CARTESIAN_POINT('',(2.594625630231E-02,0.333697927612));
#2823 = CARTESIAN_POINT('',(2.59804247121E-02,0.335702857393));
#2824 = CARTESIAN_POINT('',(2.601445189936E-02,0.337707786398));
#2825 = CARTESIAN_POINT('',(2.604834040872E-02,0.339712714088));
#2826 = CARTESIAN_POINT('',(2.60820921622E-02,0.341717640237));
#2827 = CARTESIAN_POINT('',(2.611570801789E-02,0.343722564919));
#2828 = CARTESIAN_POINT('',(2.61491890483E-02,0.345727488337));
#2829 = CARTESIAN_POINT('',(2.621585053072E-02,0.349734958168));
#2830 = CARTESIAN_POINT('',(2.624903155655E-02,0.351737504128));
#2831 = CARTESIAN_POINT('',(2.628208702851E-02,0.353740048193));
#2832 = CARTESIAN_POINT('',(2.631502133609E-02,0.355742590514));
#2833 = CARTESIAN_POINT('',(2.634783884577E-02,0.357745131568));
#2834 = CARTESIAN_POINT('',(2.638054390096E-02,0.359747672167));
#2835 = CARTESIAN_POINT('',(2.641314082209E-02,0.361750213451));
#2836 = CARTESIAN_POINT('',(2.646170339189E-02,0.364743116628));
#2837 = CARTESIAN_POINT('',(2.647774748034E-02,0.365733476863));
#2838 = CARTESIAN_POINT('',(2.649376669145E-02,0.36672383776));
#2839 = CARTESIAN_POINT('',(2.650976154321E-02,0.36771419949));
#2840 = CARTESIAN_POINT('',(2.652573255204E-02,0.368704562233));
#2841 = CARTESIAN_POINT('',(2.65416802328E-02,0.369694926173));
#2842 = CARTESIAN_POINT('',(2.655760509877E-02,0.370685291503));
#2843 = CARTESIAN_POINT('',(2.658125889673E-02,0.372158383556));
#2844 = CARTESIAN_POINT('',(2.658900482224E-02,0.37264110906));
#2845 = CARTESIAN_POINT('',(2.659674551298E-02,0.373123834966));
#2846 = CARTESIAN_POINT('',(2.66044810354E-02,0.373606561302));
#2847 = CARTESIAN_POINT('',(2.661221144754E-02,0.374089288091));
#2848 = CARTESIAN_POINT('',(2.661993679905E-02,0.374572015348));
#2849 = CARTESIAN_POINT('',(2.662765713123E-02,0.375054743087));
#2850 = CARTESIAN_POINT('',(2.664272706684E-02,0.375997628024));
#2851 = CARTESIAN_POINT('',(2.665007707367E-02,0.376457785144));
#2852 = CARTESIAN_POINT('',(2.665742242161E-02,0.376917942615));
#2853 = CARTESIAN_POINT('',(2.666476303492E-02,0.377378100374));
#2854 = CARTESIAN_POINT('',(2.667209883798E-02,0.377838258361));
#2855 = CARTESIAN_POINT('',(2.667942975531E-02,0.378298416516));
#2856 = CARTESIAN_POINT('',(2.668675571152E-02,0.378758574776));
#2857 = CARTESIAN_POINT('',(2.671018544479E-02,0.380231256702));
#2858 = CARTESIAN_POINT('',(2.672626987362E-02,0.381243780527));
#2859 = CARTESIAN_POINT('',(2.674232911628E-02,0.382256303913));
#2860 = CARTESIAN_POINT('',(2.675836237378E-02,0.383268826191));
#2861 = CARTESIAN_POINT('',(2.677436884968E-02,0.384281346668));
#2862 = CARTESIAN_POINT('',(2.679034775011E-02,0.385293864629));
#2863 = CARTESIAN_POINT('',(2.680629828374E-02,0.386306379335));
#2864 = CARTESIAN_POINT('',(2.686048400812E-02,0.389752288652));
#2865 = CARTESIAN_POINT('',(2.689857949775E-02,0.392185663752));
#2866 = CARTESIAN_POINT('',(2.693649842042E-02,0.394618991424));
#2867 = CARTESIAN_POINT('',(2.697421832331E-02,0.397052316143));
#2868 = CARTESIAN_POINT('',(2.701175455497E-02,0.399485498776));
#2869 = CARTESIAN_POINT('',(2.704905545063E-02,0.401918718855));
#2870 = CARTESIAN_POINT('',(2.708615715852E-02,0.404351734707));
#2871 = CARTESIAN_POINT('',(2.717097498977E-02,0.409951487158));
#2872 = CARTESIAN_POINT('',(2.721852112931E-02,0.413118158216));
#2873 = CARTESIAN_POINT('',(2.726558084256E-02,0.416284904396));
#2874 = CARTESIAN_POINT('',(2.731208749648E-02,0.419451845138));
#2875 = CARTESIAN_POINT('',(2.735797417349E-02,0.422619040782));
#2876 = CARTESIAN_POINT('',(2.740317367142E-02,0.425786492565));
#2877 = CARTESIAN_POINT('',(2.744761850355E-02,0.428954142623));
#2878 = CARTESIAN_POINT('',(2.751940635913E-02,0.434167167759));
#2879 = CARTESIAN_POINT('',(2.75472299892E-02,0.436212475933));
#2880 = CARTESIAN_POINT('',(2.757467375502E-02,0.438257752441));
#2881 = CARTESIAN_POINT('',(2.760181435684E-02,0.440303021307));
#2882 = CARTESIAN_POINT('',(2.762859569898E-02,0.442348232912));
#2883 = CARTESIAN_POINT('',(2.765507504068E-02,0.444393400074));
#2884 = CARTESIAN_POINT('',(2.768124000306E-02,0.446438519705));
#2885 = CARTESIAN_POINT('',(2.772629245266E-02,0.450000353271));
#2886 = CARTESIAN_POINT('',(2.774531333042E-02,0.451517091073));
#2887 = CARTESIAN_POINT('',(2.776417429112E-02,0.453033810577));
#2888 = CARTESIAN_POINT('',(2.778287952323E-02,0.454550517016));
#2889 = CARTESIAN_POINT('',(2.780143320995E-02,0.456067217348));
#2890 = CARTESIAN_POINT('',(2.781983952927E-02,0.457583920251));
#2891 = CARTESIAN_POINT('',(2.783810265395E-02,0.459100636128));
#2892 = CARTESIAN_POINT('',(2.788321244392E-02,0.462875713288));
#2893 = CARTESIAN_POINT('',(2.790988858524E-02,0.46513409945));
#2894 = CARTESIAN_POINT('',(2.793627860141E-02,0.467392633016));
#2895 = CARTESIAN_POINT('',(2.796237458637E-02,0.469651229003));
#2896 = CARTESIAN_POINT('',(2.798818074703E-02,0.471909878354));
#2897 = CARTESIAN_POINT('',(2.801370635948E-02,0.474168604466));
#2898 = CARTESIAN_POINT('',(2.80389501168E-02,0.476427368919));
#2899 = CARTESIAN_POINT('',(2.80889884519E-02,0.480954310712));
#2900 = CARTESIAN_POINT('',(2.811378053365E-02,0.483222484079));
#2901 = CARTESIAN_POINT('',(2.81382970592E-02,0.485490689227));
#2902 = CARTESIAN_POINT('',(2.816254253463E-02,0.487758917153));
#2903 = CARTESIAN_POINT('',(2.818652079302E-02,0.490027161609));
#2904 = CARTESIAN_POINT('',(2.821023464284E-02,0.492295419589));
#2905 = CARTESIAN_POINT('',(2.82336872784E-02,0.494563688816));
#2906 = CARTESIAN_POINT('',(2.829645587717E-02,0.500701083201));
#2907 = CARTESIAN_POINT('',(2.833528582743E-02,0.504570216786));
#2908 = CARTESIAN_POINT('',(2.837340190232E-02,0.508439313064));
#2909 = CARTESIAN_POINT('',(2.841083537508E-02,0.512308420328));
#2910 = CARTESIAN_POINT('',(2.844761108853E-02,0.516177499161));
#2911 = CARTESIAN_POINT('',(2.848375574102E-02,0.520046559699));
#2912 = CARTESIAN_POINT('',(2.851930291043E-02,0.523915745829));
#2913 = CARTESIAN_POINT('',(2.858905096756E-02,0.531633161674));
#2914 = CARTESIAN_POINT('',(2.862325796434E-02,0.535481387633));
#2915 = CARTESIAN_POINT('',(2.865691545494E-02,0.539329648722));
#2916 = CARTESIAN_POINT('',(2.869004409021E-02,0.543177917078));
#2917 = CARTESIAN_POINT('',(2.872266504402E-02,0.547026182008));
#2918 = CARTESIAN_POINT('',(2.875480045907E-02,0.550874455519));
#2919 = CARTESIAN_POINT('',(2.87864721652E-02,0.55472275756));
#2920 = CARTESIAN_POINT('',(2.884790795398E-02,0.56229404307));
#2921 = CARTESIAN_POINT('',(2.887770029676E-02,0.566017020117));
#2922 = CARTESIAN_POINT('',(2.89070916687E-02,0.569740003342));
#2923 = CARTESIAN_POINT('',(2.893609862944E-02,0.573462983478));
#2924 = CARTESIAN_POINT('',(2.896473742132E-02,0.577185959709));
#2925 = CARTESIAN_POINT('',(2.899302376266E-02,0.580908941579));
#2926 = CARTESIAN_POINT('',(2.902097334054E-02,0.584631943857));
#2927 = CARTESIAN_POINT('',(2.907633826278E-02,0.592092233718));
#2928 = CARTESIAN_POINT('',(2.910375131407E-02,0.595829512812));
#2929 = CARTESIAN_POINT('',(2.913086213481E-02,0.599566794316));
#2930 = CARTESIAN_POINT('',(2.915769011414E-02,0.603304066112));
#2931 = CARTESIAN_POINT('',(2.91842540528E-02,0.607041321276));
#2932 = CARTESIAN_POINT('',(2.921057216311E-02,0.610778558078));
#2933 = CARTESIAN_POINT('',(2.923666206898E-02,0.614515779984));
#2934 = CARTESIAN_POINT('',(2.928986077597E-02,0.62219834354));
#2935 = CARTESIAN_POINT('',(2.931694614131E-02,0.626143683021));
#2936 = CARTESIAN_POINT('',(2.934379438762E-02,0.630089023504));
#2937 = CARTESIAN_POINT('',(2.937040300197E-02,0.634034372964));
#2938 = CARTESIAN_POINT('',(2.939676947287E-02,0.637979737948));
#2939 = CARTESIAN_POINT('',(2.94228912902E-02,0.641925123569));
#2940 = CARTESIAN_POINT('',(2.944876594527E-02,0.64587053351));
#2941 = CARTESIAN_POINT('',(2.947971483563E-02,0.650635682822));
#2942 = CARTESIAN_POINT('',(2.94850279119E-02,0.651455396776));
#2943 = CARTESIAN_POINT('',(2.949033088109E-02,0.652275111547));
#2944 = CARTESIAN_POINT('',(2.949562446454E-02,0.65309482683));
#2945 = CARTESIAN_POINT('',(2.950090938349E-02,0.653914542348));
#2946 = CARTESIAN_POINT('',(2.9506186359E-02,0.654734257855));
#2947 = CARTESIAN_POINT('',(2.951145611201E-02,0.655553973133));
#2948 = CARTESIAN_POINT('',(2.95192015588E-02,0.656760272714));
#2949 = CARTESIAN_POINT('',(2.9521682308E-02,0.657146857336));
#2950 = CARTESIAN_POINT('',(2.95241616864E-02,0.657533441843));
#2951 = CARTESIAN_POINT('',(2.952663976945E-02,0.657920026214));
#2952 = CARTESIAN_POINT('',(2.952911663254E-02,0.658306610428));
#2953 = CARTESIAN_POINT('',(2.953159235101E-02,0.658693194466));
#2954 = CARTESIAN_POINT('',(2.953406700016E-02,0.659079778308));
#2955 = CARTESIAN_POINT('',(2.954192071385E-02,0.660307159246));
#2956 = CARTESIAN_POINT('',(2.954729607011E-02,0.661147955526));
#2957 = CARTESIAN_POINT('',(2.955266749845E-02,0.661988750595));
#2958 = CARTESIAN_POINT('',(2.955803577214E-02,0.662829544252));
#2959 = CARTESIAN_POINT('',(2.956340166332E-02,0.66367033628));
#2960 = CARTESIAN_POINT('',(2.956876594295E-02,0.664511126442));
#2961 = CARTESIAN_POINT('',(2.957412938088E-02,0.665351914486));
#2962 = CARTESIAN_POINT('',(2.959049419949E-02,0.667917338416));
#2963 = CARTESIAN_POINT('',(2.960149534209E-02,0.669641966085));
#2964 = CARTESIAN_POINT('',(2.961250281191E-02,0.671366581329));
#2965 = CARTESIAN_POINT('',(2.962352322014E-02,0.673091181036));
#2966 = CARTESIAN_POINT('',(2.963456315082E-02,0.674815760803));
#2967 = CARTESIAN_POINT('',(2.964562916085E-02,0.676540314929));
#2968 = CARTESIAN_POINT('',(2.965672777998E-02,0.678264836422));
#2969 = CARTESIAN_POINT('',(2.96731660968E-02,0.680810018958));
#2970 = CARTESIAN_POINT('',(2.96784748993E-02,0.68163071205));
#2971 = CARTESIAN_POINT('',(2.968379536471E-02,0.682451392805));
#2972 = CARTESIAN_POINT('',(2.968912562716E-02,0.683272062394));
#2973 = CARTESIAN_POINT('',(2.96944624908E-02,0.684092723052));
#2974 = CARTESIAN_POINT('',(2.969980349825E-02,0.684913376322));
#2975 = CARTESIAN_POINT('',(2.970514708535E-02,0.685734023135));
#2976 = CARTESIAN_POINT('',(2.971441697323E-02,0.687157608361));
#2977 = CARTESIAN_POINT('',(2.971834322279E-02,0.68776054875));
#2978 = CARTESIAN_POINT('',(2.97222687076E-02,0.688363487657));
#2979 = CARTESIAN_POINT('',(2.972619256526E-02,0.688966425858));
#2980 = CARTESIAN_POINT('',(2.973011393417E-02,0.689569364129));
#2981 = CARTESIAN_POINT('',(2.97340319535E-02,0.690172303244));
#2982 = CARTESIAN_POINT('',(2.973794576322E-02,0.690775243974));
#2983 = CARTESIAN_POINT('',(2.97460502159E-02,0.69202539694));
#2984 = CARTESIAN_POINT('',(2.975024008679E-02,0.692672609477));
#2985 = CARTESIAN_POINT('',(2.975442305404E-02,0.693319825663));
#2986 = CARTESIAN_POINT('',(2.975859805527E-02,0.693967046368));
#2987 = CARTESIAN_POINT('',(2.976276402849E-02,0.694614272372));
#2988 = CARTESIAN_POINT('',(2.976691991204E-02,0.695261504363));
#2989 = CARTESIAN_POINT('',(2.977106464463E-02,0.695908742939));
#2990 = CARTESIAN_POINT('',(2.978757220158E-02,0.698494197556));
#2991 = CARTESIAN_POINT('',(2.979983769938E-02,0.700432461517));
#2992 = CARTESIAN_POINT('',(2.981196519397E-02,0.702370804766));
#2993 = CARTESIAN_POINT('',(2.982392618488E-02,0.704309229399));
#2994 = CARTESIAN_POINT('',(2.983569213593E-02,0.706247715323));
#2995 = CARTESIAN_POINT('',(2.984723447519E-02,0.70818622026));
#2996 = CARTESIAN_POINT('',(2.985852459503E-02,0.710124679746));
#2997 = CARTESIAN_POINT('',(2.987563050413E-02,0.713136404502));
#2998 = CARTESIAN_POINT('',(2.988164171037E-02,0.714209760432));
#2999 = CARTESIAN_POINT('',(2.988755762799E-02,0.715283034709));
#3000 = CARTESIAN_POINT('',(2.98933845206E-02,0.716356261852));
#3001 = CARTESIAN_POINT('',(2.989912240668E-02,0.717429445298));
#3002 = CARTESIAN_POINT('',(2.99047686965E-02,0.718502575571));
#3003 = CARTESIAN_POINT('',(2.991032624916E-02,0.719575669155));
#3004 = CARTESIAN_POINT('',(2.993214647341E-02,0.723857706113));
#3005 = CARTESIAN_POINT('',(2.994769974234E-02,0.727066368757));
#3006 = CARTESIAN_POINT('',(2.996246144786E-02,0.730274843539));
#3007 = CARTESIAN_POINT('',(2.997643843049E-02,0.733483257062));
#3008 = CARTESIAN_POINT('',(2.998963701121E-02,0.736691731719));
#3009 = CARTESIAN_POINT('',(3.000206299151E-02,0.739900385695));
#3010 = CARTESIAN_POINT('',(3.001372165335E-02,0.743109332964));
#3011 = CARTESIAN_POINT('',(3.003168392513E-02,0.748399959139));
#3012 = CARTESIAN_POINT('',(3.003842861972E-02,0.750481407287));
#3013 = CARTESIAN_POINT('',(3.004486876891E-02,0.752562937628));
#3014 = CARTESIAN_POINT('',(3.005102135725E-02,0.754644478236));
#3015 = CARTESIAN_POINT('',(3.005690342792E-02,0.756725975358));
#3016 = CARTESIAN_POINT('',(3.006253208275E-02,0.758807393416));
#3017 = CARTESIAN_POINT('',(3.006792448215E-02,0.760888715007));
#3018 = CARTESIAN_POINT('',(3.007309784519E-02,0.762969940904));
#3019 = ( GEOMETRIC_REPRESENTATION_CONTEXT(2) 
PARAMETRIC_REPRESENTATION_CONTEXT() REPRESENTATION_CONTEXT('2D SPACE',''
  ) );
#3020 = PCURVE('',#1790,#3021);
#3021 = DEFINITIONAL_REPRESENTATION('',(#3022),#3221);
#3022 = B_SPLINE_CURVE_WITH_KNOTS('',8,(#3023,#3024,#3025,#3026,#3027,
    #3028,#3029,#3030,#3031,#3032,#3033,#3034,#3035,#3036,#3037,#3038,
    #3039,#3040,#3041,#3042,#3043,#3044,#3045,#3046,#3047,#3048,#3049,
    #3050,#3051,#3052,#3053,#3054,#3055,#3056,#3057,#3058,#3059,#3060,
    #3061,#3062,#3063,#3064,#3065,#3066,#3067,#3068,#3069,#3070,#3071,
    #3072,#3073,#3074,#3075,#3076,#3077,#3078,#3079,#3080,#3081,#3082,
    #3083,#3084,#3085,#3086,#3087,#3088,#3089,#3090,#3091,#3092,#3093,
    #3094,#3095,#3096,#3097,#3098,#3099,#3100,#3101,#3102,#3103,#3104,
    #3105,#3106,#3107,#3108,#3109,#3110,#3111,#3112,#3113,#3114,#3115,
    #3116,#3117,#3118,#3119,#3120,#3121,#3122,#3123,#3124,#3125,#3126,
    #3127,#3128,#3129,#3130,#3131,#3132,#3133,#3134,#3135,#3136,#3137,
    #3138,#3139,#3140,#3141,#3142,#3143,#3144,#3145,#3146,#3147,#3148,
    #3149,#3150,#3151,#3152,#3153,#3154,#3155,#3156,#3157,#3158,#3159,
    #3160,#3161,#3162,#3163,#3164,#3165,#3166,#3167,#3168,#3169,#3170,
    #3171,#3172,#3173,#3174,#3175,#3176,#3177,#3178,#3179,#3180,#3181,
    #3182,#3183,#3184,#3185,#3186,#3187,#3188,#3189,#3190,#3191,#3192,
    #3193,#3194,#3195,#3196,#3197,#3198,#3199,#3200,#3201,#3202,#3203,
    #3204,#3205,#3206,#3207,#3208,#3209,#3210,#3211,#3212,#3213,#3214,
    #3215,#3216,#3217,#3218,#3219,#3220),.UNSPECIFIED.,.F.,.F.,(9,7,7,7,
    7,7,7,7,7,7,7,7,7,7,7,7,7,7,7,7,7,7,7,7,7,7,7,7,9),(0.,
    3.719743416407E-02,7.435081432197E-02,9.272505330112E-02,
    0.10168103395,0.11021824884,0.129003374831,0.174150256123,
    0.2329136289,0.270855091183,0.298994942702,0.340893490873,
    0.382965004522,0.454728740848,0.526101638995,0.595149525033,
    0.66446130205,0.737633175786,0.752835529498,0.760005092814,
    0.775598483568,0.80758399444,0.82280630079,0.833990436146,
    0.845995685609,0.881945994925,0.901854379716,0.961390560866,1.),
  .UNSPECIFIED.);
#3023 = CARTESIAN_POINT('',(0.495062659068,3.296655844545E-02));
#3024 = CARTESIAN_POINT('',(0.49658055128,3.510408794822E-02));
#3025 = CARTESIAN_POINT('',(0.49809901964,3.723682293774E-02));
#3026 = CARTESIAN_POINT('',(0.499618056506,3.936480872129E-02));
#3027 = CARTESIAN_POINT('',(0.501137636595,4.14882441922E-02));
#3028 = CARTESIAN_POINT('',(0.50265774196,4.360726728168E-02));
#3029 = CARTESIAN_POINT('',(0.504178367042,4.572191116639E-02));
#3030 = CARTESIAN_POINT('',(0.50569950383,4.783223123186E-02));
#3031 = CARTESIAN_POINT('',(0.508740908283,5.204247971404E-02));
#3032 = CARTESIAN_POINT('',(0.510261171358,5.414244412509E-02));
#3033 = CARTESIAN_POINT('',(0.511781849363,5.623888491981E-02));
#3034 = CARTESIAN_POINT('',(0.513302895595,5.833219133294E-02));
#3035 = CARTESIAN_POINT('',(0.514824263601,6.042275293894E-02));
#3036 = CARTESIAN_POINT('',(0.516345907183,6.251095965199E-02));
#3037 = CARTESIAN_POINT('',(0.517867780393,6.459720172594E-02));
#3038 = CARTESIAN_POINT('',(0.520142572327,6.771284428172E-02));
#3039 = CARTESIAN_POINT('',(0.52089535208,6.874343379774E-02));
#3040 = CARTESIAN_POINT('',(0.52164817126,6.977368553283E-02));
#3041 = CARTESIAN_POINT('',(0.522401024336,7.080364672493E-02));
#3042 = CARTESIAN_POINT('',(0.52315390578,7.183336461958E-02));
#3043 = CARTESIAN_POINT('',(0.523906810071,7.286288646989E-02));
#3044 = CARTESIAN_POINT('',(0.524659731693,7.389225953656E-02));
#3045 = CARTESIAN_POINT('',(0.525779660328,7.542321913638E-02));
#3046 = CARTESIAN_POINT('',(0.52614665845,7.592488200573E-02));
#3047 = CARTESIAN_POINT('',(0.526513658688,7.642652669473E-02));
#3048 = CARTESIAN_POINT('',(0.52688066032,7.692815938957E-02));
#3049 = CARTESIAN_POINT('',(0.527247662718,7.742978546391E-02));
#3050 = CARTESIAN_POINT('',(0.527614665351,7.793140947883E-02));
#3051 = CARTESIAN_POINT('',(0.527981667783,7.843303518287E-02));
#3052 = CARTESIAN_POINT('',(0.5286985112,7.94128404973E-02));
#3053 = CARTESIAN_POINT('',(0.529048352831,7.989101458372E-02));
#3054 = CARTESIAN_POINT('',(0.529398195459,8.036918007402E-02));
#3055 = CARTESIAN_POINT('',(0.529748039984,8.084732927071E-02));
#3056 = CARTESIAN_POINT('',(0.530097887302,8.132545447605E-02));
#3057 = CARTESIAN_POINT('',(0.530447738311,8.180354799199E-02));
#3058 = CARTESIAN_POINT('',(0.530797593909,8.228160212025E-02));
#3059 = CARTESIAN_POINT('',(0.531917282692,8.381140680635E-02));
#3060 = CARTESIAN_POINT('',(0.532687136944,8.486297646492E-02));
#3061 = CARTESIAN_POINT('',(0.53345702731,8.591423613E-02));
#3062 = CARTESIAN_POINT('',(0.534226963337,8.696510377218E-02));
#3063 = CARTESIAN_POINT('',(0.534996954554,8.801549734061E-02));
#3064 = CARTESIAN_POINT('',(0.53576701047,8.906533476297E-02));
#3065 = CARTESIAN_POINT('',(0.536537140576,9.011453394553E-02));
#3066 = CARTESIAN_POINT('',(0.539158433204,9.36828547581E-02));
#3067 = CARTESIAN_POINT('',(0.541009998645,9.619848893191E-02));
#3068 = CARTESIAN_POINT('',(0.542862144511,9.870912010944E-02));
#3069 = CARTESIAN_POINT('',(0.544715143678,0.101212369528));
#3070 = CARTESIAN_POINT('',(0.5465688054,0.103709887257));
#3071 = CARTESIAN_POINT('',(0.548423756718,0.106196158991));
#3072 = CARTESIAN_POINT('',(0.550279551792,0.108675034684));
#3073 = CARTESIAN_POINT('',(0.554554204908,0.114350869203));
#3074 = CARTESIAN_POINT('',(0.556974009061,0.117539308542));
#3075 = CARTESIAN_POINT('',(0.559397027642,0.120699257326));
#3076 = CARTESIAN_POINT('',(0.561824029769,0.123823523374));
#3077 = CARTESIAN_POINT('',(0.564255739689,0.126904851766));
#3078 = CARTESIAN_POINT('',(0.566692836772,0.129935924849));
#3079 = CARTESIAN_POINT('',(0.569135955515,0.132909362232));
#3080 = CARTESIAN_POINT('',(0.573167390861,0.137695546575));
#3081 = CARTESIAN_POINT('',(0.574751823159,0.139546355054));
#3082 = CARTESIAN_POINT('',(0.576339344319,0.141366138056));
#3083 = CARTESIAN_POINT('',(0.577929129054,0.143162480165));
#3084 = CARTESIAN_POINT('',(0.579521731248,0.144929561575));
#3085 = CARTESIAN_POINT('',(0.581116525868,0.146673016787));
#3086 = CARTESIAN_POINT('',(0.582713631494,0.148391445578));
#3087 = CARTESIAN_POINT('',(0.585498937012,0.151343513356));
#3088 = CARTESIAN_POINT('',(0.586686193653,0.152587659198));
#3089 = CARTESIAN_POINT('',(0.587874573198,0.153819217261));
#3090 = CARTESIAN_POINT('',(0.589064028725,0.155038553887));
#3091 = CARTESIAN_POINT('',(0.590254514698,0.156246036448));
#3092 = CARTESIAN_POINT('',(0.591445986961,0.15744203335));
#3093 = CARTESIAN_POINT('',(0.592638402743,0.15862691403));
#3094 = CARTESIAN_POINT('',(0.59560849933,0.161549265313));
#3095 = CARTESIAN_POINT('',(0.597387291334,0.163273522614));
#3096 = CARTESIAN_POINT('',(0.599167878975,0.164976022215));
#3097 = CARTESIAN_POINT('',(0.600950307994,0.166655810537));
#3098 = CARTESIAN_POINT('',(0.602734527272,0.168313153179));
#3099 = CARTESIAN_POINT('',(0.604520445486,0.169948827933));
#3100 = CARTESIAN_POINT('',(0.606308059647,0.171562550203));
#3101 = CARTESIAN_POINT('',(0.609893947575,0.174753511299));
#3102 = CARTESIAN_POINT('',(0.611692235006,0.176330552999));
#3103 = CARTESIAN_POINT('',(0.613492132063,0.177886019559));
#3104 = CARTESIAN_POINT('',(0.615293588949,0.179420220614));
#3105 = CARTESIAN_POINT('',(0.617096561977,0.180933394177));
#3106 = CARTESIAN_POINT('',(0.618901016034,0.182425668272));
#3107 = CARTESIAN_POINT('',(0.620706914236,0.183897215285));
#3108 = CARTESIAN_POINT('',(0.625596974404,0.187824305581));
#3109 = CARTESIAN_POINT('',(0.628683773439,0.190241331363));
#3110 = CARTESIAN_POINT('',(0.631774331963,0.192601753548));
#3111 = CARTESIAN_POINT('',(0.634868382835,0.194908077651));
#3112 = CARTESIAN_POINT('',(0.637965701955,0.197162271798));
#3113 = CARTESIAN_POINT('',(0.641066068617,0.19936648783));
#3114 = CARTESIAN_POINT('',(0.644169242341,0.201523498362));
#3115 = CARTESIAN_POINT('',(0.650363967977,0.205734760412));
#3116 = CARTESIAN_POINT('',(0.65345549066,0.207789493445));
#3117 = CARTESIAN_POINT('',(0.656549460291,0.2098008877));
#3118 = CARTESIAN_POINT('',(0.659645720021,0.211770628851));
#3119 = CARTESIAN_POINT('',(0.662744118679,0.213700460309));
#3120 = CARTESIAN_POINT('',(0.665844509313,0.215592220411));
#3121 = CARTESIAN_POINT('',(0.668946754067,0.217447734984));
#3122 = CARTESIAN_POINT('',(0.675053602828,0.221030081033));
#3123 = CARTESIAN_POINT('',(0.678058096294,0.222759119004));
#3124 = CARTESIAN_POINT('',(0.681064113498,0.224457000574));
#3125 = CARTESIAN_POINT('',(0.684071552921,0.22612515889));
#3126 = CARTESIAN_POINT('',(0.687080319408,0.227764990288));
#3127 = CARTESIAN_POINT('',(0.69009032535,0.229377820651));
#3128 = CARTESIAN_POINT('',(0.693101487487,0.230964986719));
#3129 = CARTESIAN_POINT('',(0.699137463451,0.234097051701));
#3130 = CARTESIAN_POINT('',(0.702162279619,0.235641853877));
#3131 = CARTESIAN_POINT('',(0.705188064175,0.237164370085));
#3132 = CARTESIAN_POINT('',(0.708214717478,0.23866653365));
#3133 = CARTESIAN_POINT('',(0.711242143887,0.240150280002));
#3134 = CARTESIAN_POINT('',(0.714270251765,0.241617546681));
#3135 = CARTESIAN_POINT('',(0.717298953479,0.243070273334));
#3136 = CARTESIAN_POINT('',(0.723526079535,0.246030733421));
#3137 = CARTESIAN_POINT('',(0.726724563646,0.247536988035));
#3138 = CARTESIAN_POINT('',(0.729923637991,0.249028515101));
#3139 = CARTESIAN_POINT('',(0.733123321675,0.250504663478));
#3140 = CARTESIAN_POINT('',(0.73632363265,0.251964781344));
#3141 = CARTESIAN_POINT('',(0.739524587711,0.253408216193));
#3142 = CARTESIAN_POINT('',(0.742726202498,0.254834314836));
#3143 = CARTESIAN_POINT('',(0.746593806289,0.256534975219));
#3144 = CARTESIAN_POINT('',(0.747259150416,0.256826743921));
#3145 = CARTESIAN_POINT('',(0.747924520459,0.257117818542));
#3146 = CARTESIAN_POINT('',(0.748589913021,0.257408288205));
#3147 = CARTESIAN_POINT('',(0.749255324728,0.257698242114));
#3148 = CARTESIAN_POINT('',(0.749920752227,0.257987769564));
#3149 = CARTESIAN_POINT('',(0.750586192187,0.258276959931));
#3150 = CARTESIAN_POINT('',(0.751565472936,0.258702170616));
#3151 = CARTESIAN_POINT('',(0.751879306607,0.258838383453));
#3152 = CARTESIAN_POINT('',(0.752193141964,0.258974550561));
#3153 = CARTESIAN_POINT('',(0.752506978661,0.259110681308));
#3154 = CARTESIAN_POINT('',(0.752820816349,0.259246785063));
#3155 = CARTESIAN_POINT('',(0.753134654683,0.259382871195));
#3156 = CARTESIAN_POINT('',(0.753448493315,0.259518949073));
#3157 = CARTESIAN_POINT('',(0.7544449129,0.259950992104));
#3158 = CARTESIAN_POINT('',(0.755127493663,0.26024696141));
#3159 = CARTESIAN_POINT('',(0.75581007064,0.260543032381));
#3160 = CARTESIAN_POINT('',(0.756492640268,0.260839301406));
#3161 = CARTESIAN_POINT('',(0.757175198968,0.261135864866));
#3162 = CARTESIAN_POINT('',(0.757857743145,0.261432819133));
#3163 = CARTESIAN_POINT('',(0.758540269192,0.261730260571));
#3164 = CARTESIAN_POINT('',(0.760622741512,0.262639600983));
#3165 = CARTESIAN_POINT('',(0.762022617569,0.26325337135));
#3166 = CARTESIAN_POINT('',(0.763422370819,0.263870428551));
#3167 = CARTESIAN_POINT('',(0.764821969377,0.264491603861));
#3168 = CARTESIAN_POINT('',(0.766221380317,0.265117727911));
#3169 = CARTESIAN_POINT('',(0.767620569669,0.265749630695));
#3170 = CARTESIAN_POINT('',(0.769019502416,0.266388141561));
#3171 = CARTESIAN_POINT('',(0.771083772884,0.267341503823));
#3172 = CARTESIAN_POINT('',(0.771749340146,0.267650521592));
#3173 = CARTESIAN_POINT('',(0.772414826132,0.267961579459));
#3174 = CARTESIAN_POINT('',(0.773080239999,0.268274442206));
#3175 = CARTESIAN_POINT('',(0.773745597676,0.268588706029));
#3176 = CARTESIAN_POINT('',(0.774410911269,0.268904060098));
#3177 = CARTESIAN_POINT('',(0.77507618845,0.269220306107));
#3178 = CARTESIAN_POINT('',(0.776230216838,0.269769917002));
#3179 = CARTESIAN_POINT('',(0.77671897896,0.270003015475));
#3180 = CARTESIAN_POINT('',(0.777207732619,0.270236321688));
#3181 = CARTESIAN_POINT('',(0.777696482273,0.270469726086));
#3182 = CARTESIAN_POINT('',(0.778185232377,0.270703119115));
#3183 = CARTESIAN_POINT('',(0.778673987387,0.270936391219));
#3184 = CARTESIAN_POINT('',(0.779162751759,0.271169432842));
#3185 = CARTESIAN_POINT('',(0.78017619313,0.27165192044));
#3186 = CARTESIAN_POINT('',(0.780700872182,0.271901314622));
#3187 = CARTESIAN_POINT('',(0.781225572615,0.272150181472));
#3188 = CARTESIAN_POINT('',(0.78175029987,0.27239838544));
#3189 = CARTESIAN_POINT('',(0.782275059316,0.272645790927));
#3190 = CARTESIAN_POINT('',(0.782799856246,0.272892262284));
#3191 = CARTESIAN_POINT('',(0.783324695882,0.273137663815));
#3192 = CARTESIAN_POINT('',(0.785421384749,0.274113116569));
#3193 = CARTESIAN_POINT('',(0.786993608189,0.274833562272));
#3194 = CARTESIAN_POINT('',(0.788566400769,0.275539550544));
#3195 = CARTESIAN_POINT('',(0.790139891493,0.27622742905));
#3196 = CARTESIAN_POINT('',(0.791714191287,0.27689353945));
#3197 = CARTESIAN_POINT('',(0.793289393003,0.277534217405));
#3198 = CARTESIAN_POINT('',(0.794865571415,0.278145792572));
#3199 = CARTESIAN_POINT('',(0.797316203793,0.27904511142));
#3200 = CARTESIAN_POINT('',(0.798189935273,0.2793556651));
#3201 = CARTESIAN_POINT('',(0.799064003484,0.279655034266));
#3202 = CARTESIAN_POINT('',(0.79993837551,0.279943917072));
#3203 = CARTESIAN_POINT('',(0.800813039336,0.280222271488));
#3204 = CARTESIAN_POINT('',(0.801687991726,0.280489746529));
#3205 = CARTESIAN_POINT('',(0.802563210151,0.280746638428));
#3206 = CARTESIAN_POINT('',(0.80605679776,0.281728995336));
#3207 = CARTESIAN_POINT('',(0.808677205141,0.282369514639));
#3208 = CARTESIAN_POINT('',(0.811299564298,0.282914100007));
#3209 = CARTESIAN_POINT('',(0.813923529554,0.28336246086));
#3210 = CARTESIAN_POINT('',(0.816548751993,0.283714285773));
#3211 = CARTESIAN_POINT('',(0.819174879454,0.283969242473));
#3212 = CARTESIAN_POINT('',(0.821801556535,0.284126977844));
#3213 = CARTESIAN_POINT('',(0.826131958481,0.284226118997));
#3214 = CARTESIAN_POINT('',(0.827835570237,0.284223971276));
#3215 = CARTESIAN_POINT('',(0.829539160064,0.284182704444));
#3216 = CARTESIAN_POINT('',(0.831242643093,0.284104352278));
#3217 = CARTESIAN_POINT('',(0.832945949379,0.283990952655));
#3218 = CARTESIAN_POINT('',(0.834649023905,0.283844547552));
#3219 = CARTESIAN_POINT('',(0.836351826577,0.283667183043));
#3220 = CARTESIAN_POINT('',(0.83805433223,0.283460909303));
#3221 = ( GEOMETRIC_REPRESENTATION_CONTEXT(2) 
PARAMETRIC_REPRESENTATION_CONTEXT() REPRESENTATION_CONTEXT('2D SPACE',''
  ) );
#3222 = ORIENTED_EDGE('',*,*,#1860,.F.);
#3223 = ADVANCED_FACE('',(#3224),#1790,.T.);
#3224 = FACE_BOUND('',#3225,.T.);
#3225 = EDGE_LOOP('',(#3226,#3227,#3247,#3248));
#3226 = ORIENTED_EDGE('',*,*,#1751,.F.);
#3227 = ORIENTED_EDGE('',*,*,#3228,.T.);
#3228 = EDGE_CURVE('',#1593,#2589,#3229,.T.);
#3229 = SURFACE_CURVE('',#3230,(#3234,#3240),.PCURVE_S1.);
#3230 = LINE('',#3231,#3232);
#3231 = CARTESIAN_POINT('',(-10.31862527178,5.601033471782,
    12.727999144248));
#3232 = VECTOR('',#3233,1.);
#3233 = DIRECTION('',(-5.169068702225E-10,0.544639034989,-0.838670567963
    ));
#3234 = PCURVE('',#1790,#3235);
#3235 = DEFINITIONAL_REPRESENTATION('',(#3236),#3239);
#3236 = B_SPLINE_CURVE_WITH_KNOTS('',1,(#3237,#3238),.UNSPECIFIED.,.F.,
  .F.,(2,2),(20.659131059578,26.318501487164),.PIECEWISE_BEZIER_KNOTS.);
#3237 = CARTESIAN_POINT('',(0.83805433223,0.25629290969));
#3238 = CARTESIAN_POINT('',(0.83805433223,0.999999999988));
#3239 = ( GEOMETRIC_REPRESENTATION_CONTEXT(2) 
PARAMETRIC_REPRESENTATION_CONTEXT() REPRESENTATION_CONTEXT('2D SPACE',''
  ) );
#3240 = PCURVE('',#1611,#3241);
#3241 = DEFINITIONAL_REPRESENTATION('',(#3242),#3246);
#3242 = LINE('',#3243,#3244);
#3243 = CARTESIAN_POINT('',(0.,0.));
#3244 = VECTOR('',#3245,1.);
#3245 = DIRECTION('',(-1.,-5.169068702225E-10));
#3246 = ( GEOMETRIC_REPRESENTATION_CONTEXT(2) 
PARAMETRIC_REPRESENTATION_CONTEXT() REPRESENTATION_CONTEXT('2D SPACE',''
  ) );
#3247 = ORIENTED_EDGE('',*,*,#2617,.F.);
#3248 = ORIENTED_EDGE('',*,*,#1838,.F.);
#3249 = ADVANCED_FACE('',(#3250),#1668,.F.);
#3250 = FACE_BOUND('',#3251,.F.);
#3251 = EDGE_LOOP('',(#3252,#3253,#3254,#3307));
#3252 = ORIENTED_EDGE('',*,*,#1962,.F.);
#3253 = ORIENTED_EDGE('',*,*,#1627,.F.);
#3254 = ORIENTED_EDGE('',*,*,#3255,.F.);
#3255 = EDGE_CURVE('',#2023,#1591,#3256,.T.);
#3256 = SURFACE_CURVE('',#3257,(#3266,#3295),.PCURVE_S1.);
#3257 = B_SPLINE_CURVE_WITH_KNOTS('',3,(#3258,#3259,#3260,#3261,#3262,
    #3263,#3264,#3265),.UNSPECIFIED.,.F.,.F.,(4,2,2,4),(
    5.69560203146E-17,3.916215469554E-04,7.832430939108E-04,
    1.566486187821E-03),.UNSPECIFIED.);
#3258 = CARTESIAN_POINT('',(-9.218094175749,17.399310152617,
    -5.439753751193));
#3259 = CARTESIAN_POINT('',(-9.218094175678,17.327188030912,
    -5.328695422856));
#3260 = CARTESIAN_POINT('',(-9.192047561997,17.256426089309,
    -5.219731588201));
#3261 = CARTESIAN_POINT('',(-9.091562554953,17.124182391759,
    -5.016094151642));
#3262 = CARTESIAN_POINT('',(-9.017224086743,17.063602645974,
    -4.922809523582));
#3263 = CARTESIAN_POINT('',(-8.740158264566,16.91233692655,
    -4.689880741993));
#3264 = CARTESIAN_POINT('',(-8.480659105311,16.852802675788,
    -4.598206035085));
#3265 = CARTESIAN_POINT('',(-8.215808525593,16.852802675773,
    -4.598206035082));
#3266 = PCURVE('',#1668,#3267);
#3267 = DEFINITIONAL_REPRESENTATION('',(#3268),#3294);
#3268 = B_SPLINE_CURVE_WITH_KNOTS('',3,(#3269,#3270,#3271,#3272,#3273,
    #3274,#3275,#3276,#3277,#3278,#3279,#3280,#3281,#3282,#3283,#3284,
    #3285,#3286,#3287,#3288,#3289,#3290,#3291,#3292,#3293),
  .UNSPECIFIED.,.F.,.F.,(4,1,1,1,1,1,1,1,1,1,1,1,1,1,1,1,1,1,1,1,1,1,4),
  (5.69560203146E-17,7.12039176283E-05,1.424078352566E-04,
    2.136117528848E-04,2.84815670513E-04,3.560195881413E-04,
    4.272235057695E-04,4.984274233978E-04,5.69631341026E-04,
    6.408352586543E-04,7.120391762825E-04,7.832430939108E-04,
    8.54447011539E-04,9.256509291673E-04,9.968548467955E-04,
    1.068058764424E-03,1.139262682052E-03,1.21046659968E-03,
    1.281670517309E-03,1.352874434937E-03,1.424078352565E-03,
    1.495282270193E-03,1.566486187821E-03),.UNSPECIFIED.);
#3269 = CARTESIAN_POINT('',(7.867061185891E-03,3.995105276894E-07));
#3270 = CARTESIAN_POINT('',(7.868414902706E-03,1.69807350102E-02));
#3271 = CARTESIAN_POINT('',(7.871171031031E-03,5.032560970309E-02));
#3272 = CARTESIAN_POINT('',(7.875437490634E-03,9.877680892013E-02));
#3273 = CARTESIAN_POINT('',(7.879822399255E-03,0.145953968657));
#3274 = CARTESIAN_POINT('',(7.884311942753E-03,0.192111371898));
#3275 = CARTESIAN_POINT('',(7.888890994107E-03,0.237474817792));
#3276 = CARTESIAN_POINT('',(7.893548340666E-03,0.282289621169));
#3277 = CARTESIAN_POINT('',(7.898241198977E-03,0.326496399049));
#3278 = CARTESIAN_POINT('',(7.902945734496E-03,0.370231620391));
#3279 = CARTESIAN_POINT('',(7.907636179139E-03,0.413598520007));
#3280 = CARTESIAN_POINT('',(7.912286904045E-03,0.456701773633));
#3281 = CARTESIAN_POINT('',(7.916871734338E-03,0.499637186074));
#3282 = CARTESIAN_POINT('',(7.921364728748E-03,0.542533582849));
#3283 = CARTESIAN_POINT('',(7.925745857827E-03,0.585559381052));
#3284 = CARTESIAN_POINT('',(7.929994491266E-03,0.628841697618));
#3285 = CARTESIAN_POINT('',(7.934090032324E-03,0.672505645178));
#3286 = CARTESIAN_POINT('',(7.938011783197E-03,0.716670158534));
#3287 = CARTESIAN_POINT('',(7.941739019106E-03,0.761455607497));
#3288 = CARTESIAN_POINT('',(7.945251009664E-03,0.806988749157));
#3289 = CARTESIAN_POINT('',(7.948527055015E-03,0.85340850067));
#3290 = CARTESIAN_POINT('',(7.95154652755E-03,0.900874037176));
#3291 = CARTESIAN_POINT('',(7.954288887844E-03,0.949566851497));
#3292 = CARTESIAN_POINT('',(7.955918835069E-03,0.983002392218));
#3293 = CARTESIAN_POINT('',(7.956680837464E-03,0.999999985381));
#3294 = ( GEOMETRIC_REPRESENTATION_CONTEXT(2) 
PARAMETRIC_REPRESENTATION_CONTEXT() REPRESENTATION_CONTEXT('2D SPACE',''
  ) );
#3295 = PCURVE('',#1611,#3296);
#3296 = DEFINITIONAL_REPRESENTATION('',(#3297),#3306);
#3297 = B_SPLINE_CURVE_WITH_KNOTS('',3,(#3298,#3299,#3300,#3301,#3302,
    #3303,#3304,#3305),.UNSPECIFIED.,.F.,.F.,(4,2,2,4),(
    5.69560203146E-17,3.916215469554E-04,7.832430939108E-04,
    1.566486187821E-03),.UNSPECIFIED.);
#3298 = CARTESIAN_POINT('',(-21.6625616654,1.100531096031));
#3299 = CARTESIAN_POINT('',(-21.53013979133,1.100531096102));
#3300 = CARTESIAN_POINT('',(-21.40021531464,1.126577709783));
#3301 = CARTESIAN_POINT('',(-21.15740551025,1.227062716827));
#3302 = CARTESIAN_POINT('',(-21.04617634397,1.301401185037));
#3303 = CARTESIAN_POINT('',(-20.76844061496,1.578467007214));
#3304 = CARTESIAN_POINT('',(-20.65913105957,1.837966166469));
#3305 = CARTESIAN_POINT('',(-20.65913105956,2.102816746187));
#3306 = ( GEOMETRIC_REPRESENTATION_CONTEXT(2) 
PARAMETRIC_REPRESENTATION_CONTEXT() REPRESENTATION_CONTEXT('2D SPACE',''
  ) );
#3307 = ORIENTED_EDGE('',*,*,#2022,.F.);
#3308 = ADVANCED_FACE('',(#3309),#1611,.T.);
#3309 = FACE_BOUND('',#3310,.T.);
#3310 = EDGE_LOOP('',(#3311,#3312,#3313,#3314));
#3311 = ORIENTED_EDGE('',*,*,#1590,.F.);
#3312 = ORIENTED_EDGE('',*,*,#3255,.F.);
#3313 = ORIENTED_EDGE('',*,*,#2588,.T.);
#3314 = ORIENTED_EDGE('',*,*,#3228,.F.);
#3315 = ADVANCED_FACE('',(#3316),#447,.F.);
#3316 = FACE_BOUND('',#3317,.F.);
#3317 = EDGE_LOOP('',(#3318,#3446,#3447,#3575));
#3318 = ORIENTED_EDGE('',*,*,#3319,.T.);
#3319 = EDGE_CURVE('',#3320,#431,#3322,.T.);
#3320 = VERTEX_POINT('',#3321);
#3321 = CARTESIAN_POINT('',(10.051887290352,1.3,-8.3));
#3322 = SURFACE_CURVE('',#3323,(#3362,#3404),.PCURVE_S1.);
#3323 = B_SPLINE_CURVE_WITH_KNOTS('',7,(#3324,#3325,#3326,#3327,#3328,
    #3329,#3330,#3331,#3332,#3333,#3334,#3335,#3336,#3337,#3338,#3339,
    #3340,#3341,#3342,#3343,#3344,#3345,#3346,#3347,#3348,#3349,#3350,
    #3351,#3352,#3353,#3354,#3355,#3356,#3357,#3358,#3359,#3360,#3361),
  .UNSPECIFIED.,.F.,.F.,(8,6,6,6,6,6,8),(0.,0.223549403969,
    0.446972614317,0.687994029286,0.886010111781,0.937394572927,1.),
  .UNSPECIFIED.);
#3324 = CARTESIAN_POINT('',(10.051887290352,1.3,-8.3));
#3325 = CARTESIAN_POINT('',(10.058557200335,1.388205776213,-8.3));
#3326 = CARTESIAN_POINT('',(10.06520792797,1.476416074195,-8.3));
#3327 = CARTESIAN_POINT('',(10.071839291138,1.56462861746,-8.3));
#3328 = CARTESIAN_POINT('',(10.078451182498,1.652842070902,-8.3));
#3329 = CARTESIAN_POINT('',(10.085043569488,1.741056040804,-8.3));
#3330 = CARTESIAN_POINT('',(10.091616494326,1.829271074833,-8.3));
#3331 = CARTESIAN_POINT('',(10.104719954192,2.005656450425,-8.3));
#3332 = CARTESIAN_POINT('',(10.111250444507,2.093825905028,-8.3));
#3333 = CARTESIAN_POINT('',(10.117761548594,2.18199685639,-8.3));
#3334 = CARTESIAN_POINT('',(10.124253274081,2.270169201709,-8.3));
#3335 = CARTESIAN_POINT('',(10.130725632576,2.358342904837,-8.3));
#3336 = CARTESIAN_POINT('',(10.137178639674,2.446517996286,-8.3));
#3337 = CARTESIAN_POINT('',(10.150552746592,2.629816486957,-8.3));
#3338 = CARTESIAN_POINT('',(10.157470676025,2.724940062397,-8.3));
#3339 = CARTESIAN_POINT('',(10.164366115128,2.820065275437,-8.3));
#3340 = CARTESIAN_POINT('',(10.17123907661,2.915192112567,-8.3));
#3341 = CARTESIAN_POINT('',(10.178089573732,3.010320562574,-8.3));
#3342 = CARTESIAN_POINT('',(10.184917620281,3.105450617231,-8.3));
#3343 = CARTESIAN_POINT('',(10.197314519585,3.278739648733,-8.3));
#3344 = CARTESIAN_POINT('',(10.202890664111,3.356898096941,-8.3));
#3345 = CARTESIAN_POINT('',(10.208451672508,3.435057630089,-8.3));
#3346 = CARTESIAN_POINT('',(10.213997552643,3.513218246204,-8.3));
#3347 = CARTESIAN_POINT('',(10.219528312116,3.591379936832,-8.3));
#3348 = CARTESIAN_POINT('',(10.225043958263,3.669542687038,-8.3));
#3349 = CARTESIAN_POINT('',(10.231971868474,3.767989697331,-8.3));
#3350 = CARTESIAN_POINT('',(10.234740839542,3.807347784925,-8.3));
#3351 = CARTESIAN_POINT('',(10.23785812393,3.851739313016,-8.3));
#3352 = CARTESIAN_POINT('',(10.240722459095,3.892611895977,-8.3));
#3353 = CARTESIAN_POINT('',(10.243097334583,3.926550580981,-8.3));
#3354 = CARTESIAN_POINT('',(10.245082139966,3.954926411253,-8.3));
#3355 = CARTESIAN_POINT('',(10.249517983818,4.018413462029,-8.3));
#3356 = CARTESIAN_POINT('',(10.252015910762,4.054207093841,-8.3));
#3357 = CARTESIAN_POINT('',(10.254196876691,4.085515342212,-8.3));
#3358 = CARTESIAN_POINT('',(10.255966767795,4.110939291963,-8.3));
#3359 = CARTESIAN_POINT('',(10.257513768342,4.133182843426,-8.3));
#3360 = CARTESIAN_POINT('',(10.259319742012,4.15914279961,-8.3));
#3361 = CARTESIAN_POINT('',(10.262155636327,4.2,-8.3));
#3362 = PCURVE('',#447,#3363);
#3363 = DEFINITIONAL_REPRESENTATION('',(#3364),#3403);
#3364 = B_SPLINE_CURVE_WITH_KNOTS('',7,(#3365,#3366,#3367,#3368,#3369,
    #3370,#3371,#3372,#3373,#3374,#3375,#3376,#3377,#3378,#3379,#3380,
    #3381,#3382,#3383,#3384,#3385,#3386,#3387,#3388,#3389,#3390,#3391,
    #3392,#3393,#3394,#3395,#3396,#3397,#3398,#3399,#3400,#3401,#3402),
  .UNSPECIFIED.,.F.,.F.,(8,6,6,6,6,6,8),(0.,0.223549403969,
    0.446972614317,0.687994029286,0.886010111781,0.937394572927,1.),
  .UNSPECIFIED.);
#3365 = CARTESIAN_POINT('',(-9.948112709648,1.3));
#3366 = CARTESIAN_POINT('',(-9.941442799665,1.388205776213));
#3367 = CARTESIAN_POINT('',(-9.93479207203,1.476416074195));
#3368 = CARTESIAN_POINT('',(-9.928160708862,1.56462861746));
#3369 = CARTESIAN_POINT('',(-9.921548817502,1.652842070902));
#3370 = CARTESIAN_POINT('',(-9.914956430512,1.741056040804));
#3371 = CARTESIAN_POINT('',(-9.908383505674,1.829271074833));
#3372 = CARTESIAN_POINT('',(-9.895280045808,2.005656450425));
#3373 = CARTESIAN_POINT('',(-9.888749555493,2.093825905028));
#3374 = CARTESIAN_POINT('',(-9.882238451406,2.18199685639));
#3375 = CARTESIAN_POINT('',(-9.875746725919,2.270169201709));
#3376 = CARTESIAN_POINT('',(-9.869274367424,2.358342904837));
#3377 = CARTESIAN_POINT('',(-9.862821360326,2.446517996286));
#3378 = CARTESIAN_POINT('',(-9.849447253408,2.629816486957));
#3379 = CARTESIAN_POINT('',(-9.842529323975,2.724940062397));
#3380 = CARTESIAN_POINT('',(-9.835633884872,2.820065275437));
#3381 = CARTESIAN_POINT('',(-9.82876092339,2.915192112567));
#3382 = CARTESIAN_POINT('',(-9.821910426268,3.010320562574));
#3383 = CARTESIAN_POINT('',(-9.815082379719,3.105450617231));
#3384 = CARTESIAN_POINT('',(-9.802685480415,3.278739648733));
#3385 = CARTESIAN_POINT('',(-9.797109335889,3.356898096941));
#3386 = CARTESIAN_POINT('',(-9.791548327492,3.435057630089));
#3387 = CARTESIAN_POINT('',(-9.786002447357,3.513218246204));
#3388 = CARTESIAN_POINT('',(-9.780471687884,3.591379936832));
#3389 = CARTESIAN_POINT('',(-9.774956041737,3.669542687038));
#3390 = CARTESIAN_POINT('',(-9.768028131526,3.767989697331));
#3391 = CARTESIAN_POINT('',(-9.765259160458,3.807347784925));
#3392 = CARTESIAN_POINT('',(-9.76214187607,3.851739313016));
#3393 = CARTESIAN_POINT('',(-9.759277540905,3.892611895977));
#3394 = CARTESIAN_POINT('',(-9.756902665417,3.926550580981));
#3395 = CARTESIAN_POINT('',(-9.754917860034,3.954926411253));
#3396 = CARTESIAN_POINT('',(-9.750482016182,4.018413462029));
#3397 = CARTESIAN_POINT('',(-9.747984089238,4.054207093841));
#3398 = CARTESIAN_POINT('',(-9.745803123309,4.085515342212));
#3399 = CARTESIAN_POINT('',(-9.744033232205,4.110939291963));
#3400 = CARTESIAN_POINT('',(-9.742486231658,4.133182843426));
#3401 = CARTESIAN_POINT('',(-9.740680257988,4.15914279961));
#3402 = CARTESIAN_POINT('',(-9.737844363673,4.2));
#3403 = ( GEOMETRIC_REPRESENTATION_CONTEXT(2) 
PARAMETRIC_REPRESENTATION_CONTEXT() REPRESENTATION_CONTEXT('2D SPACE',''
  ) );
#3404 = PCURVE('',#310,#3405);
#3405 = DEFINITIONAL_REPRESENTATION('',(#3406),#3445);
#3406 = B_SPLINE_CURVE_WITH_KNOTS('',7,(#3407,#3408,#3409,#3410,#3411,
    #3412,#3413,#3414,#3415,#3416,#3417,#3418,#3419,#3420,#3421,#3422,
    #3423,#3424,#3425,#3426,#3427,#3428,#3429,#3430,#3431,#3432,#3433,
    #3434,#3435,#3436,#3437,#3438,#3439,#3440,#3441,#3442,#3443,#3444),
  .UNSPECIFIED.,.F.,.F.,(8,6,6,6,6,6,8),(0.,0.223549403969,
    0.446972614317,0.687994029286,0.886010111781,0.937394572927,1.),
  .UNSPECIFIED.);
#3407 = CARTESIAN_POINT('',(1.102040816327,0.));
#3408 = CARTESIAN_POINT('',(1.102814904334,4.114973792367E-03));
#3409 = CARTESIAN_POINT('',(1.103140765946,8.230600763895E-03));
#3410 = CARTESIAN_POINT('',(1.103132272559,1.234664515661E-02));
#3411 = CARTESIAN_POINT('',(1.102903364423,1.646291507353E-02));
#3412 = CARTESIAN_POINT('',(1.102568050647,2.057926247864E-02));
#3413 = CARTESIAN_POINT('',(1.102240409198,2.469558319693E-02));
#3414 = CARTESIAN_POINT('',(1.101828880785,3.292572701818E-02));
#3415 = CARTESIAN_POINT('',(1.101741788618,3.70395124625E-02));
#3416 = CARTESIAN_POINT('',(1.101743539081,4.115319954828E-02));
#3417 = CARTESIAN_POINT('',(1.101804381411,4.526681765976E-02));
#3418 = CARTESIAN_POINT('',(1.1018945854,4.938039926449E-02));
#3419 = CARTESIAN_POINT('',(1.101984441393,5.349397991333E-02));
#3420 = CARTESIAN_POINT('',(1.102108790898,6.204523078672E-02));
#3421 = CARTESIAN_POINT('',(1.10214015905,6.648290200716E-02));
#3422 = CARTESIAN_POINT('',(1.102143752469,7.092060503524E-02));
#3423 = CARTESIAN_POINT('',(1.102127509295,7.535833052855E-02));
#3424 = CARTESIAN_POINT('',(1.102097214357,7.97960717612E-02));
#3425 = CARTESIAN_POINT('',(1.10205734184,8.423382367407E-02));
#3426 = CARTESIAN_POINT('',(1.101984665723,9.231750214839E-02));
#3427 = CARTESIAN_POINT('',(1.101952373779,9.596342776334E-02));
#3428 = CARTESIAN_POINT('',(1.10192719531,9.960934551622E-02));
#3429 = CARTESIAN_POINT('',(1.101915756577,0.103255247895));
#3430 = CARTESIAN_POINT('',(1.101924683301,0.106901127085));
#3431 = CARTESIAN_POINT('',(1.101960600657,0.110546974973));
#3432 = CARTESIAN_POINT('',(1.102048176742,0.115138857249));
#3433 = CARTESIAN_POINT('',(1.102084546312,0.116974639854));
#3434 = CARTESIAN_POINT('',(1.102141767116,0.119045160825));
#3435 = CARTESIAN_POINT('',(1.102194191477,0.120951528319));
#3436 = CARTESIAN_POINT('',(1.102229937389,0.122534480574));
#3437 = CARTESIAN_POINT('',(1.102257917928,0.123857971435));
#3438 = CARTESIAN_POINT('',(1.102306819075,0.126819095687));
#3439 = CARTESIAN_POINT('',(1.102325586992,0.128488557039));
#3440 = CARTESIAN_POINT('',(1.102325939592,0.129948814417));
#3441 = CARTESIAN_POINT('',(1.102316800258,0.131134623656));
#3442 = CARTESIAN_POINT('',(1.102299551056,0.13217209861));
#3443 = CARTESIAN_POINT('',(1.102285582923,0.13338290787));
#3444 = CARTESIAN_POINT('',(1.102212915501,0.135288567988));
#3445 = ( GEOMETRIC_REPRESENTATION_CONTEXT(2) 
PARAMETRIC_REPRESENTATION_CONTEXT() REPRESENTATION_CONTEXT('2D SPACE',''
  ) );
#3446 = ORIENTED_EDGE('',*,*,#430,.T.);
#3447 = ORIENTED_EDGE('',*,*,#3448,.F.);
#3448 = EDGE_CURVE('',#3449,#433,#3451,.T.);
#3449 = VERTEX_POINT('',#3450);
#3450 = CARTESIAN_POINT('',(-10.05188727175,1.3,-8.3));
#3451 = SURFACE_CURVE('',#3452,(#3491,#3533),.PCURVE_S1.);
#3452 = B_SPLINE_CURVE_WITH_KNOTS('',7,(#3453,#3454,#3455,#3456,#3457,
    #3458,#3459,#3460,#3461,#3462,#3463,#3464,#3465,#3466,#3467,#3468,
    #3469,#3470,#3471,#3472,#3473,#3474,#3475,#3476,#3477,#3478,#3479,
    #3480,#3481,#3482,#3483,#3484,#3485,#3486,#3487,#3488,#3489,#3490),
  .UNSPECIFIED.,.F.,.F.,(8,6,6,6,6,6,8),(0.,0.223549403557,
    0.446972613438,0.687994027896,0.88601011013,0.937394571156,1.),
  .UNSPECIFIED.);
#3453 = CARTESIAN_POINT('',(-10.05188727175,1.3,-8.3));
#3454 = CARTESIAN_POINT('',(-10.05855718027,1.388205776183,-8.3));
#3455 = CARTESIAN_POINT('',(-10.06520790625,1.476416074151,-8.3));
#3456 = CARTESIAN_POINT('',(-10.07183926761,1.564628617411,-8.3));
#3457 = CARTESIAN_POINT('',(-10.07845115704,1.652842070859,-8.3));
#3458 = CARTESIAN_POINT('',(-10.085043542,1.741056040772,-8.3));
#3459 = CARTESIAN_POINT('',(-10.09161646477,1.829271074815,-8.3));
#3460 = CARTESIAN_POINT('',(-10.10471992044,2.005656450417,-8.3));
#3461 = CARTESIAN_POINT('',(-10.11125040863,2.093825905015,-8.3));
#3462 = CARTESIAN_POINT('',(-10.11776151057,2.181996856374,-8.3));
#3463 = CARTESIAN_POINT('',(-10.12425323388,2.270169201691,-8.3));
#3464 = CARTESIAN_POINT('',(-10.13072559016,2.35834290482,-8.3));
#3465 = CARTESIAN_POINT('',(-10.137178595,2.446517996273,-8.3));
#3466 = CARTESIAN_POINT('',(-10.15055269712,2.629816486954,-8.3));
#3467 = CARTESIAN_POINT('',(-10.157470624,2.724940062401,-8.3));
#3468 = CARTESIAN_POINT('',(-10.16436606051,2.820065275452,-8.3));
#3469 = CARTESIAN_POINT('',(-10.17123901935,2.915192112594,-8.3));
#3470 = CARTESIAN_POINT('',(-10.1780895138,3.010320562616,-8.3));
#3471 = CARTESIAN_POINT('',(-10.18491755764,3.105450617289,-8.3));
#3472 = CARTESIAN_POINT('',(-10.19731445197,3.278739648886,-8.3));
#3473 = CARTESIAN_POINT('',(-10.20289059424,3.356898097173,-8.3));
#3474 = CARTESIAN_POINT('',(-10.20845160036,3.4350576304,-8.3));
#3475 = CARTESIAN_POINT('',(-10.2139974782,3.513218246595,-8.3));
#3476 = CARTESIAN_POINT('',(-10.21952823537,3.591379937304,-8.3));
#3477 = CARTESIAN_POINT('',(-10.2250438792,3.669542687591,-8.3));
#3478 = CARTESIAN_POINT('',(-10.23197178648,3.767989697965,-8.3));
#3479 = CARTESIAN_POINT('',(-10.23474075637,3.807347785559,-8.3));
#3480 = CARTESIAN_POINT('',(-10.23785803943,3.85173931365,-8.3));
#3481 = CARTESIAN_POINT('',(-10.24072237337,3.892611896611,-8.3));
#3482 = CARTESIAN_POINT('',(-10.24309724784,3.926550581615,-8.3));
#3483 = CARTESIAN_POINT('',(-10.24508205236,3.954926411887,-8.3));
#3484 = CARTESIAN_POINT('',(-10.24951789438,4.018413463731,-8.3));
#3485 = CARTESIAN_POINT('',(-10.25201582011,4.054207093729,-8.3));
#3486 = CARTESIAN_POINT('',(-10.25419678504,4.085515341282,-8.3));
#3487 = CARTESIAN_POINT('',(-10.25596667549,4.110939292687,-8.3));
#3488 = CARTESIAN_POINT('',(-10.25751367559,4.133182847405,-8.3));
#3489 = CARTESIAN_POINT('',(-10.25931964858,4.159142805203,-8.3));
#3490 = CARTESIAN_POINT('',(-10.26215554127,4.2,-8.3));
#3491 = PCURVE('',#447,#3492);
#3492 = DEFINITIONAL_REPRESENTATION('',(#3493),#3532);
#3493 = B_SPLINE_CURVE_WITH_KNOTS('',7,(#3494,#3495,#3496,#3497,#3498,
    #3499,#3500,#3501,#3502,#3503,#3504,#3505,#3506,#3507,#3508,#3509,
    #3510,#3511,#3512,#3513,#3514,#3515,#3516,#3517,#3518,#3519,#3520,
    #3521,#3522,#3523,#3524,#3525,#3526,#3527,#3528,#3529,#3530,#3531),
  .UNSPECIFIED.,.F.,.F.,(8,6,6,6,6,6,8),(0.,0.223549403557,
    0.446972613438,0.687994027896,0.88601011013,0.937394571156,1.),
  .UNSPECIFIED.);
#3494 = CARTESIAN_POINT('',(-30.05188727175,1.3));
#3495 = CARTESIAN_POINT('',(-30.05855718027,1.388205776183));
#3496 = CARTESIAN_POINT('',(-30.06520790625,1.476416074151));
#3497 = CARTESIAN_POINT('',(-30.07183926761,1.564628617411));
#3498 = CARTESIAN_POINT('',(-30.07845115704,1.652842070859));
#3499 = CARTESIAN_POINT('',(-30.085043542,1.741056040772));
#3500 = CARTESIAN_POINT('',(-30.09161646477,1.829271074815));
#3501 = CARTESIAN_POINT('',(-30.10471992044,2.005656450417));
#3502 = CARTESIAN_POINT('',(-30.11125040863,2.093825905015));
#3503 = CARTESIAN_POINT('',(-30.11776151057,2.181996856374));
#3504 = CARTESIAN_POINT('',(-30.12425323388,2.270169201691));
#3505 = CARTESIAN_POINT('',(-30.13072559016,2.35834290482));
#3506 = CARTESIAN_POINT('',(-30.137178595,2.446517996273));
#3507 = CARTESIAN_POINT('',(-30.15055269712,2.629816486954));
#3508 = CARTESIAN_POINT('',(-30.157470624,2.724940062401));
#3509 = CARTESIAN_POINT('',(-30.16436606051,2.820065275452));
#3510 = CARTESIAN_POINT('',(-30.17123901935,2.915192112594));
#3511 = CARTESIAN_POINT('',(-30.1780895138,3.010320562616));
#3512 = CARTESIAN_POINT('',(-30.18491755764,3.105450617289));
#3513 = CARTESIAN_POINT('',(-30.19731445197,3.278739648886));
#3514 = CARTESIAN_POINT('',(-30.20289059424,3.356898097173));
#3515 = CARTESIAN_POINT('',(-30.20845160036,3.4350576304));
#3516 = CARTESIAN_POINT('',(-30.2139974782,3.513218246595));
#3517 = CARTESIAN_POINT('',(-30.21952823537,3.591379937304));
#3518 = CARTESIAN_POINT('',(-30.2250438792,3.669542687591));
#3519 = CARTESIAN_POINT('',(-30.23197178648,3.767989697965));
#3520 = CARTESIAN_POINT('',(-30.23474075637,3.807347785559));
#3521 = CARTESIAN_POINT('',(-30.23785803943,3.85173931365));
#3522 = CARTESIAN_POINT('',(-30.24072237337,3.892611896611));
#3523 = CARTESIAN_POINT('',(-30.24309724784,3.926550581615));
#3524 = CARTESIAN_POINT('',(-30.24508205236,3.954926411887));
#3525 = CARTESIAN_POINT('',(-30.24951789438,4.018413463731));
#3526 = CARTESIAN_POINT('',(-30.25201582011,4.054207093729));
#3527 = CARTESIAN_POINT('',(-30.25419678504,4.085515341282));
#3528 = CARTESIAN_POINT('',(-30.25596667549,4.110939292687));
#3529 = CARTESIAN_POINT('',(-30.25751367559,4.133182847405));
#3530 = CARTESIAN_POINT('',(-30.25931964858,4.159142805203));
#3531 = CARTESIAN_POINT('',(-30.26215554127,4.2));
#3532 = ( GEOMETRIC_REPRESENTATION_CONTEXT(2) 
PARAMETRIC_REPRESENTATION_CONTEXT() REPRESENTATION_CONTEXT('2D SPACE',''
  ) );
#3533 = PCURVE('',#145,#3534);
#3534 = DEFINITIONAL_REPRESENTATION('',(#3535),#3574);
#3535 = B_SPLINE_CURVE_WITH_KNOTS('',7,(#3536,#3537,#3538,#3539,#3540,
    #3541,#3542,#3543,#3544,#3545,#3546,#3547,#3548,#3549,#3550,#3551,
    #3552,#3553,#3554,#3555,#3556,#3557,#3558,#3559,#3560,#3561,#3562,
    #3563,#3564,#3565,#3566,#3567,#3568,#3569,#3570,#3571,#3572,#3573),
  .UNSPECIFIED.,.F.,.F.,(8,6,6,6,6,6,8),(0.,0.223549403557,
    0.446972613438,0.687994027896,0.88601011013,0.937394571156,1.),
  .UNSPECIFIED.);
#3536 = CARTESIAN_POINT('',(3.897959183673,0.));
#3537 = CARTESIAN_POINT('',(3.897185095667,4.114973790998E-03));
#3538 = CARTESIAN_POINT('',(3.896859234054,8.230600761813E-03));
#3539 = CARTESIAN_POINT('',(3.896867727441,1.234664515435E-02));
#3540 = CARTESIAN_POINT('',(3.897096635577,1.646291507149E-02));
#3541 = CARTESIAN_POINT('',(3.897431949353,2.057926247712E-02));
#3542 = CARTESIAN_POINT('',(3.897759590802,2.469558319609E-02));
#3543 = CARTESIAN_POINT('',(3.898171119215,3.292572701781E-02));
#3544 = CARTESIAN_POINT('',(3.898258211382,3.70395124619E-02));
#3545 = CARTESIAN_POINT('',(3.898256460919,4.115319954752E-02));
#3546 = CARTESIAN_POINT('',(3.898195618589,4.526681765894E-02));
#3547 = CARTESIAN_POINT('',(3.8981054146,4.938039926372E-02));
#3548 = CARTESIAN_POINT('',(3.898015558607,5.349397991272E-02));
#3549 = CARTESIAN_POINT('',(3.897891209102,6.204523078659E-02));
#3550 = CARTESIAN_POINT('',(3.89785984095,6.648290200737E-02));
#3551 = CARTESIAN_POINT('',(3.897856247531,7.092060503591E-02));
#3552 = CARTESIAN_POINT('',(3.897872490705,7.535833052981E-02));
#3553 = CARTESIAN_POINT('',(3.897902785643,7.979607176316E-02));
#3554 = CARTESIAN_POINT('',(3.89794265816,8.423382367678E-02));
#3555 = CARTESIAN_POINT('',(3.898015334277,9.231750215554E-02));
#3556 = CARTESIAN_POINT('',(3.898047626221,9.596342777416E-02));
#3557 = CARTESIAN_POINT('',(3.89807280469,9.960934553073E-02));
#3558 = CARTESIAN_POINT('',(3.898084243423,0.103255247913));
#3559 = CARTESIAN_POINT('',(3.898075316698,0.106901127107));
#3560 = CARTESIAN_POINT('',(3.898039399342,0.110546974999));
#3561 = CARTESIAN_POINT('',(3.897951823258,0.115138857278));
#3562 = CARTESIAN_POINT('',(3.897915453687,0.116974639884));
#3563 = CARTESIAN_POINT('',(3.897858232884,0.119045160855));
#3564 = CARTESIAN_POINT('',(3.897805808522,0.120951528349));
#3565 = CARTESIAN_POINT('',(3.89777006261,0.122534480604));
#3566 = CARTESIAN_POINT('',(3.897742082071,0.123857971464));
#3567 = CARTESIAN_POINT('',(3.897693180924,0.126819095767));
#3568 = CARTESIAN_POINT('',(3.897674413011,0.128488557034));
#3569 = CARTESIAN_POINT('',(3.897674060404,0.129948814374));
#3570 = CARTESIAN_POINT('',(3.897683199747,0.131134623689));
#3571 = CARTESIAN_POINT('',(3.89770044894,0.132172098795));
#3572 = CARTESIAN_POINT('',(3.897714417088,0.133382908131));
#3573 = CARTESIAN_POINT('',(3.897787084499,0.135288567988));
#3574 = ( GEOMETRIC_REPRESENTATION_CONTEXT(2) 
PARAMETRIC_REPRESENTATION_CONTEXT() REPRESENTATION_CONTEXT('2D SPACE',''
  ) );
#3575 = ORIENTED_EDGE('',*,*,#3576,.T.);
#3576 = EDGE_CURVE('',#3449,#3320,#3577,.T.);
#3577 = SURFACE_CURVE('',#3578,(#3582,#3588),.PCURVE_S1.);
#3578 = LINE('',#3579,#3580);
#3579 = CARTESIAN_POINT('',(4.974056364123,1.3,-8.3));
#3580 = VECTOR('',#3581,1.);
#3581 = DIRECTION('',(1.,0.,-0.));
#3582 = PCURVE('',#447,#3583);
#3583 = DEFINITIONAL_REPRESENTATION('',(#3584),#3587);
#3584 = B_SPLINE_CURVE_WITH_KNOTS('',1,(#3585,#3586),.UNSPECIFIED.,.F.,
  .F.,(2,2),(-15.05641055133,5.345939782273),.PIECEWISE_BEZIER_KNOTS.);
#3585 = CARTESIAN_POINT('',(-30.08235418721,1.3));
#3586 = CARTESIAN_POINT('',(-9.680003853604,1.3));
#3587 = ( GEOMETRIC_REPRESENTATION_CONTEXT(2) 
PARAMETRIC_REPRESENTATION_CONTEXT() REPRESENTATION_CONTEXT('2D SPACE',''
  ) );
#3588 = PCURVE('',#3589,#3594);
#3589 = PLANE('',#3590);
#3590 = AXIS2_PLACEMENT_3D('',#3591,#3592,#3593);
#3591 = CARTESIAN_POINT('',(-10.05188727175,1.3,-8.55));
#3592 = DIRECTION('',(0.,1.,0.));
#3593 = DIRECTION('',(0.992655841081,-0.,0.120972646362));
#3594 = DEFINITIONAL_REPRESENTATION('',(#3595),#3598);
#3595 = B_SPLINE_CURVE_WITH_KNOTS('',1,(#3596,#3597),.UNSPECIFIED.,.F.,
  .F.,(2,2),(-15.05641055133,5.345939782273),.PIECEWISE_BEZIER_KNOTS.);
#3596 = CARTESIAN_POINT('',(-3.552713678801E-15,-0.25184962366));
#3597 = CARTESIAN_POINT('',(20.252512230437,2.216276688207));
#3598 = ( GEOMETRIC_REPRESENTATION_CONTEXT(2) 
PARAMETRIC_REPRESENTATION_CONTEXT() REPRESENTATION_CONTEXT('2D SPACE',''
  ) );
#3599 = ADVANCED_FACE('',(#3600),#3589,.F.);
#3600 = FACE_BOUND('',#3601,.F.);
#3601 = EDGE_LOOP('',(#3602,#3603,#3624,#3718));
#3602 = ORIENTED_EDGE('',*,*,#3576,.F.);
#3603 = ORIENTED_EDGE('',*,*,#3604,.F.);
#3604 = EDGE_CURVE('',#3605,#3449,#3607,.T.);
#3605 = VERTEX_POINT('',#3606);
#3606 = CARTESIAN_POINT('',(-10.05188727175,1.3,-6.1));
#3607 = SURFACE_CURVE('',#3608,(#3611,#3617),.PCURVE_S1.);
#3608 = B_SPLINE_CURVE_WITH_KNOTS('',1,(#3609,#3610),.UNSPECIFIED.,.F.,
  .F.,(2,2),(3.,4.),.PIECEWISE_BEZIER_KNOTS.);
#3609 = CARTESIAN_POINT('',(-10.05188727175,1.3,-6.1));
#3610 = CARTESIAN_POINT('',(-10.05188727175,1.3,-8.55));
#3611 = PCURVE('',#3589,#3612);
#3612 = DEFINITIONAL_REPRESENTATION('',(#3613),#3616);
#3613 = B_SPLINE_CURVE_WITH_KNOTS('',1,(#3614,#3615),.UNSPECIFIED.,.F.,
  .F.,(2,2),(3.,4.),.PIECEWISE_BEZIER_KNOTS.);
#3614 = CARTESIAN_POINT('',(0.296382983588,-2.432006810648));
#3615 = CARTESIAN_POINT('',(0.,0.));
#3616 = ( GEOMETRIC_REPRESENTATION_CONTEXT(2) 
PARAMETRIC_REPRESENTATION_CONTEXT() REPRESENTATION_CONTEXT('2D SPACE',''
  ) );
#3617 = PCURVE('',#145,#3618);
#3618 = DEFINITIONAL_REPRESENTATION('',(#3619),#3623);
#3619 = LINE('',#3620,#3621);
#3620 = CARTESIAN_POINT('',(0.,0.));
#3621 = VECTOR('',#3622,1.);
#3622 = DIRECTION('',(1.,0.));
#3623 = ( GEOMETRIC_REPRESENTATION_CONTEXT(2) 
PARAMETRIC_REPRESENTATION_CONTEXT() REPRESENTATION_CONTEXT('2D SPACE',''
  ) );
#3624 = ORIENTED_EDGE('',*,*,#3625,.F.);
#3625 = EDGE_CURVE('',#3626,#3605,#3628,.T.);
#3626 = VERTEX_POINT('',#3627);
#3627 = CARTESIAN_POINT('',(10.051887290352,1.3,-6.1));
#3628 = SURFACE_CURVE('',#3629,(#3632,#3638),.PCURVE_S1.);
#3629 = B_SPLINE_CURVE_WITH_KNOTS('',1,(#3630,#3631),.UNSPECIFIED.,.F.,
  .F.,(2,2),(2.,3.),.PIECEWISE_BEZIER_KNOTS.);
#3630 = CARTESIAN_POINT('',(10.051887290352,1.3,-6.1));
#3631 = CARTESIAN_POINT('',(-10.05188727175,1.3,-6.1));
#3632 = PCURVE('',#3589,#3633);
#3633 = DEFINITIONAL_REPRESENTATION('',(#3634),#3637);
#3634 = B_SPLINE_CURVE_WITH_KNOTS('',1,(#3635,#3636),.UNSPECIFIED.,.F.,
  .F.,(2,2),(2.,3.),.PIECEWISE_BEZIER_KNOTS.);
#3635 = CARTESIAN_POINT('',(20.252512230437,8.881784197001E-16));
#3636 = CARTESIAN_POINT('',(0.296382983588,-2.432006810648));
#3637 = ( GEOMETRIC_REPRESENTATION_CONTEXT(2) 
PARAMETRIC_REPRESENTATION_CONTEXT() REPRESENTATION_CONTEXT('2D SPACE',''
  ) );
#3638 = PCURVE('',#3639,#3712);
#3639 = ( BOUNDED_SURFACE() B_SPLINE_SURFACE(1,3,(
    (#3640,#3641,#3642,#3643,#3644,#3645,#3646,#3647,#3648,#3649,#3650
      ,#3651,#3652,#3653,#3654,#3655,#3656,#3657,#3658,#3659,#3660,#3661
      ,#3662,#3663,#3664,#3665,#3666,#3667,#3668,#3669,#3670,#3671,#3672
      ,#3673,#3674,#3675)
    ,(#3676,#3677,#3678,#3679,#3680,#3681,#3682,#3683,#3684,#3685,#3686
      ,#3687,#3688,#3689,#3690,#3691,#3692,#3693,#3694,#3695,#3696,#3697
      ,#3698,#3699,#3700,#3701,#3702,#3703,#3704,#3705,#3706,#3707,#3708
      ,#3709,#3710,#3711
)),.UNSPECIFIED.,.F.,.F.,.F.) B_SPLINE_SURFACE_WITH_KNOTS((2,2),(4,1,1,1
    ,1,1,1,1,1,1,1,1,1,1,1,1,1,1,1,1,1,1,1,1,1,1,1,1,1,1,1,1,1,4),(2.,3.
    ),(0.,2.868815488744E-02,5.737350739572E-02,8.60561159651E-02,
    0.114736038554,0.143413376946,0.172103703869,0.20084829656,
    0.229673919698,0.258593491558,0.28760818271,0.316709513502,
    0.34588140874,0.375102192653,0.404346525565,0.433727564529,
    0.463511629906,0.49372056664,0.524340619507,0.555333123051,
    0.5866399567,0.618188396286,0.649895434928,0.681671694686,
    0.71343500642,0.746455089112,0.78138823884,0.817483760254,
    0.85380329857,0.889376590485,0.923343848625,0.955144200918,
0.984817405995,1.),.UNSPECIFIED.) GEOMETRIC_REPRESENTATION_ITEM() 
RATIONAL_B_SPLINE_SURFACE((
    (1.,0.999999999977,1.000000000011,0.999999999997,1.000000000001,1.
      ,1.,1.,1.,1.,1.,1.,1.,1.,1.,1.,1.,1.,1.,1.,1.,1.,1.,1.,1.,1.,1.,1.
      ,1.,1.,1.,1.,0.999999999999,1.000000000003,0.999999999996,1.)
    ,(1.,0.999999999977,1.000000000011,0.999999999997,1.000000000001,1.
      ,1.,1.,1.,1.,1.,1.,1.,1.,1.,1.,1.,1.,1.,1.,1.,1.,1.,1.,1.,1.,1.,1.
      ,1.,1.,1.,1.,0.999999999999,1.000000000003,0.999999999996,1.
))) REPRESENTATION_ITEM('') SURFACE() );
#3640 = CARTESIAN_POINT('',(10.051887290352,1.3,-6.1));
#3641 = CARTESIAN_POINT('',(10.067387381833,1.504979917872,
    -6.104407280653));
#3642 = CARTESIAN_POINT('',(10.098104996483,1.914788125886,
    -6.097970918153));
#3643 = CARTESIAN_POINT('',(10.143379417836,2.529652258467,
    -6.100491440952));
#3644 = CARTESIAN_POINT('',(10.187841482852,3.144487008454,
    -6.100063015868));
#3645 = CARTESIAN_POINT('',(10.231495666502,3.759318219377,
    -6.099256668368));
#3646 = CARTESIAN_POINT('',(10.274355747848,4.374305720633,
    -6.10291058806));
#3647 = CARTESIAN_POINT('',(10.316435735607,4.989629489788,
    -6.082578984385));
#3648 = CARTESIAN_POINT('',(10.357700437799,5.604740345267,
    -6.038081977933));
#3649 = CARTESIAN_POINT('',(10.398158455899,6.219715188875,
    -5.97324431228));
#3650 = CARTESIAN_POINT('',(10.437813248179,6.834559941696,
    -5.890801173778));
#3651 = CARTESIAN_POINT('',(10.476669910699,7.449306342595,
    -5.79379353775));
#3652 = CARTESIAN_POINT('',(10.514732026202,8.06396369191,
    -5.685093367408));
#3653 = CARTESIAN_POINT('',(10.552006494457,8.678599958947,
    -5.567912695409));
#3654 = CARTESIAN_POINT('',(10.588487236321,9.293062795789,
    -5.444246674376));
#3655 = CARTESIAN_POINT('',(10.624272865613,9.90900000425,
    -5.320411671511));
#3656 = CARTESIAN_POINT('',(10.659393871993,10.527043778532,
    -5.18532547326));
#3657 = CARTESIAN_POINT('',(10.693544967548,11.141720253267,
    -5.007966846218));
#3658 = CARTESIAN_POINT('',(10.726925686929,11.756436858217,
    -4.801614422091));
#3659 = CARTESIAN_POINT('',(10.759517119905,12.370811549275,
    -4.568409172957));
#3660 = CARTESIAN_POINT('',(10.7913332353,12.985030531175,
    -4.313576730581));
#3661 = CARTESIAN_POINT('',(10.822379839664,13.599156967164,
    -4.041602049619));
#3662 = CARTESIAN_POINT('',(10.85265428258,14.213057874366,
    -3.756722844671));
#3663 = CARTESIAN_POINT('',(10.882191814848,14.827456641937,
    -3.464897453427));
#3664 = CARTESIAN_POINT('',(10.910883323964,15.439848595784,
    -3.165361052797));
#3665 = CARTESIAN_POINT('',(10.939573510845,16.06889190121,
    -2.87837034265));
#3666 = CARTESIAN_POINT('',(10.967083597551,16.689154032001,
    -2.522168168098));
#3667 = CARTESIAN_POINT('',(10.993242993553,17.295544675181,
    -2.088334272681));
#3668 = CARTESIAN_POINT('',(11.01870400867,17.90259219062,
    -1.616935651574));
#3669 = CARTESIAN_POINT('',(11.043416236054,18.509124338472,
    -1.137331078865));
#3670 = CARTESIAN_POINT('',(11.067425385019,19.116159386471,
    -0.683033848231));
#3671 = CARTESIAN_POINT('',(11.090773352526,19.724814555194,
    -0.286333470871));
#3672 = CARTESIAN_POINT('',(11.113561386371,20.337870674668,
    2.047897704354E-02));
#3673 = CARTESIAN_POINT('',(11.132686766087,20.869667393993,
    0.174359219363));
#3674 = CARTESIAN_POINT('',(11.143956086394,21.191439071321,
    0.200210423716));
#3675 = CARTESIAN_POINT('',(11.147722676215,21.3,0.2));
#3676 = CARTESIAN_POINT('',(-10.05188727175,1.3,-6.1));
#3677 = CARTESIAN_POINT('',(-10.06738735984,1.504979917872,
    -6.104407280653));
#3678 = CARTESIAN_POINT('',(-10.09810496504,1.914788125886,
    -6.097970918153));
#3679 = CARTESIAN_POINT('',(-10.14337937132,2.529652258467,
    -6.100491440952));
#3680 = CARTESIAN_POINT('',(-10.18784141924,3.144487008454,
    -6.100063015868));
#3681 = CARTESIAN_POINT('',(-10.23149558482,3.759318219377,
    -6.099256668368));
#3682 = CARTESIAN_POINT('',(-10.27435564751,4.374305720633,
    -6.10291058806));
#3683 = CARTESIAN_POINT('',(-10.31643561652,4.989629489788,
    -6.082578984385));
#3684 = CARTESIAN_POINT('',(-10.35770030034,5.604740345267,
    -6.038081977933));
#3685 = CARTESIAN_POINT('',(-10.39815830083,6.219715188875,
    -5.97324431228));
#3686 = CARTESIAN_POINT('',(-10.43781307661,6.834559941696,
    -5.890801173778));
#3687 = CARTESIAN_POINT('',(-10.47666972406,7.449306342595,
    -5.79379353775));
#3688 = CARTESIAN_POINT('',(-10.51473182619,8.06396369191,
    -5.685093367408));
#3689 = CARTESIAN_POINT('',(-10.55200628299,8.678599958947,
    -5.567912695409));
#3690 = CARTESIAN_POINT('',(-10.58848701551,9.293062795789,
    -5.444246674376));
#3691 = CARTESIAN_POINT('',(-10.6242726377,9.90900000425,-5.320411671511
    ));
#3692 = CARTESIAN_POINT('',(-10.65939363935,10.527043778532,
    -5.18532547326));
#3693 = CARTESIAN_POINT('',(-10.69354473265,11.141720253267,
    -5.007966846218));
#3694 = CARTESIAN_POINT('',(-10.72692545223,11.756436858217,
    -4.801614422091));
#3695 = CARTESIAN_POINT('',(-10.75951688787,12.370811549275,
    -4.568409172957));
#3696 = CARTESIAN_POINT('',(-10.79133300832,12.985030531175,
    -4.313576730581));
#3697 = CARTESIAN_POINT('',(-10.82237962007,13.599156967164,
    -4.041602049619));
#3698 = CARTESIAN_POINT('',(-10.85265407255,14.213057874366,
    -3.756722844671));
#3699 = CARTESIAN_POINT('',(-10.88219161644,14.827456641937,
    -3.464897453427));
#3700 = CARTESIAN_POINT('',(-10.91088313895,15.439848595784,
    -3.165361052797));
#3701 = CARTESIAN_POINT('',(-10.93957334124,16.06889190121,
    -2.87837034265));
#3702 = CARTESIAN_POINT('',(-10.96708344452,16.689154032001,
    -2.522168168098));
#3703 = CARTESIAN_POINT('',(-10.99324285771,17.295544675181,
    -2.088334272681));
#3704 = CARTESIAN_POINT('',(-11.01870389069,17.90259219062,
    -1.616935651574));
#3705 = CARTESIAN_POINT('',(-11.0434161362,18.509124338472,
    -1.137331078865));
#3706 = CARTESIAN_POINT('',(-11.06742530319,19.116159386471,
    -0.683033848231));
#3707 = CARTESIAN_POINT('',(-11.09077328824,19.724814555194,
    -0.286333470871));
#3708 = CARTESIAN_POINT('',(-11.11356133868,20.337870674668,
    2.047897704354E-02));
#3709 = CARTESIAN_POINT('',(-11.13268673154,20.869667393993,
    0.174359219363));
#3710 = CARTESIAN_POINT('',(-11.14395605875,21.191439071321,
    0.200210423716));
#3711 = CARTESIAN_POINT('',(-11.14772265089,21.3,0.2));
#3712 = DEFINITIONAL_REPRESENTATION('',(#3713),#3717);
#3713 = LINE('',#3714,#3715);
#3714 = CARTESIAN_POINT('',(0.,0.));
#3715 = VECTOR('',#3716,1.);
#3716 = DIRECTION('',(1.,0.));
#3717 = ( GEOMETRIC_REPRESENTATION_CONTEXT(2) 
PARAMETRIC_REPRESENTATION_CONTEXT() REPRESENTATION_CONTEXT('2D SPACE',''
  ) );
#3718 = ORIENTED_EDGE('',*,*,#3719,.F.);
#3719 = EDGE_CURVE('',#3320,#3626,#3720,.T.);
#3720 = SURFACE_CURVE('',#3721,(#3724,#3730),.PCURVE_S1.);
#3721 = B_SPLINE_CURVE_WITH_KNOTS('',1,(#3722,#3723),.UNSPECIFIED.,.F.,
  .F.,(2,2),(1.,2.),.PIECEWISE_BEZIER_KNOTS.);
#3722 = CARTESIAN_POINT('',(10.051887290352,1.3,-8.55));
#3723 = CARTESIAN_POINT('',(10.051887290352,1.3,-6.1));
#3724 = PCURVE('',#3589,#3725);
#3725 = DEFINITIONAL_REPRESENTATION('',(#3726),#3729);
#3726 = B_SPLINE_CURVE_WITH_KNOTS('',1,(#3727,#3728),.UNSPECIFIED.,.F.,
  .F.,(2,2),(1.,2.),.PIECEWISE_BEZIER_KNOTS.);
#3727 = CARTESIAN_POINT('',(19.95612924685,2.432006810648));
#3728 = CARTESIAN_POINT('',(20.252512230437,8.881784197001E-16));
#3729 = ( GEOMETRIC_REPRESENTATION_CONTEXT(2) 
PARAMETRIC_REPRESENTATION_CONTEXT() REPRESENTATION_CONTEXT('2D SPACE',''
  ) );
#3730 = PCURVE('',#310,#3731);
#3731 = DEFINITIONAL_REPRESENTATION('',(#3732),#3736);
#3732 = LINE('',#3733,#3734);
#3733 = CARTESIAN_POINT('',(0.,0.));
#3734 = VECTOR('',#3735,1.);
#3735 = DIRECTION('',(1.,0.));
#3736 = ( GEOMETRIC_REPRESENTATION_CONTEXT(2) 
PARAMETRIC_REPRESENTATION_CONTEXT() REPRESENTATION_CONTEXT('2D SPACE',''
  ) );
#3737 = ADVANCED_FACE('',(#3738),#3639,.F.);
#3738 = FACE_BOUND('',#3739,.F.);
#3739 = EDGE_LOOP('',(#3740,#3741,#3797,#3823));
#3740 = ORIENTED_EDGE('',*,*,#3625,.T.);
#3741 = ORIENTED_EDGE('',*,*,#3742,.T.);
#3742 = EDGE_CURVE('',#3605,#3743,#3745,.T.);
#3743 = VERTEX_POINT('',#3744);
#3744 = CARTESIAN_POINT('',(-11.14772265089,21.3,0.2));
#3745 = SURFACE_CURVE('',#3746,(#3783,#3790),.PCURVE_S1.);
#3746 = ( BOUNDED_CURVE() B_SPLINE_CURVE(3,(#3747,#3748,#3749,#3750,
    #3751,#3752,#3753,#3754,#3755,#3756,#3757,#3758,#3759,#3760,#3761,
    #3762,#3763,#3764,#3765,#3766,#3767,#3768,#3769,#3770,#3771,#3772,
    #3773,#3774,#3775,#3776,#3777,#3778,#3779,#3780,#3781,#3782),
.UNSPECIFIED.,.F.,.F.) B_SPLINE_CURVE_WITH_KNOTS((4,1,1,1,1,1,1,1,1,1,1,
    1,1,1,1,1,1,1,1,1,1,1,1,1,1,1,1,1,1,1,1,1,1,4),(0.,
    2.868815488744E-02,5.737350739572E-02,8.60561159651E-02,
    0.114736038554,0.143413376946,0.172103703869,0.20084829656,
    0.229673919698,0.258593491558,0.28760818271,0.316709513502,
    0.34588140874,0.375102192653,0.404346525565,0.433727564529,
    0.463511629906,0.49372056664,0.524340619507,0.555333123051,
    0.5866399567,0.618188396286,0.649895434928,0.681671694686,
    0.71343500642,0.746455089112,0.78138823884,0.817483760254,
    0.85380329857,0.889376590485,0.923343848625,0.955144200918,
0.984817405995,1.),.UNSPECIFIED.) CURVE() GEOMETRIC_REPRESENTATION_ITEM(
) RATIONAL_B_SPLINE_CURVE((1.,0.999999999977,1.000000000011,
    0.999999999997,1.000000000001,1.,1.,1.,1.,1.,1.,1.,1.,1.,1.,1.,1.,1.
    ,1.,1.,1.,1.,1.,1.,1.,1.,1.,1.,1.,1.,1.,1.,0.999999999999,
1.000000000003,0.999999999996,1.)) REPRESENTATION_ITEM('') );
#3747 = CARTESIAN_POINT('',(-10.05188727175,1.3,-6.1));
#3748 = CARTESIAN_POINT('',(-10.06738735984,1.504979917872,
    -6.104407280653));
#3749 = CARTESIAN_POINT('',(-10.09810496504,1.914788125886,
    -6.097970918153));
#3750 = CARTESIAN_POINT('',(-10.14337937132,2.529652258467,
    -6.100491440952));
#3751 = CARTESIAN_POINT('',(-10.18784141924,3.144487008454,
    -6.100063015868));
#3752 = CARTESIAN_POINT('',(-10.23149558482,3.759318219377,
    -6.099256668368));
#3753 = CARTESIAN_POINT('',(-10.27435564751,4.374305720633,
    -6.10291058806));
#3754 = CARTESIAN_POINT('',(-10.31643561652,4.989629489788,
    -6.082578984385));
#3755 = CARTESIAN_POINT('',(-10.35770030034,5.604740345267,
    -6.038081977933));
#3756 = CARTESIAN_POINT('',(-10.39815830083,6.219715188875,
    -5.97324431228));
#3757 = CARTESIAN_POINT('',(-10.43781307661,6.834559941696,
    -5.890801173778));
#3758 = CARTESIAN_POINT('',(-10.47666972406,7.449306342595,
    -5.79379353775));
#3759 = CARTESIAN_POINT('',(-10.51473182619,8.06396369191,
    -5.685093367408));
#3760 = CARTESIAN_POINT('',(-10.55200628299,8.678599958947,
    -5.567912695409));
#3761 = CARTESIAN_POINT('',(-10.58848701551,9.293062795789,
    -5.444246674376));
#3762 = CARTESIAN_POINT('',(-10.6242726377,9.90900000425,-5.320411671511
    ));
#3763 = CARTESIAN_POINT('',(-10.65939363935,10.527043778532,
    -5.18532547326));
#3764 = CARTESIAN_POINT('',(-10.69354473265,11.141720253267,
    -5.007966846218));
#3765 = CARTESIAN_POINT('',(-10.72692545223,11.756436858217,
    -4.801614422091));
#3766 = CARTESIAN_POINT('',(-10.75951688787,12.370811549275,
    -4.568409172957));
#3767 = CARTESIAN_POINT('',(-10.79133300832,12.985030531175,
    -4.313576730581));
#3768 = CARTESIAN_POINT('',(-10.82237962007,13.599156967164,
    -4.041602049619));
#3769 = CARTESIAN_POINT('',(-10.85265407255,14.213057874366,
    -3.756722844671));
#3770 = CARTESIAN_POINT('',(-10.88219161644,14.827456641937,
    -3.464897453427));
#3771 = CARTESIAN_POINT('',(-10.91088313895,15.439848595784,
    -3.165361052797));
#3772 = CARTESIAN_POINT('',(-10.93957334124,16.06889190121,
    -2.87837034265));
#3773 = CARTESIAN_POINT('',(-10.96708344452,16.689154032001,
    -2.522168168098));
#3774 = CARTESIAN_POINT('',(-10.99324285771,17.295544675181,
    -2.088334272681));
#3775 = CARTESIAN_POINT('',(-11.01870389069,17.90259219062,
    -1.616935651574));
#3776 = CARTESIAN_POINT('',(-11.0434161362,18.509124338472,
    -1.137331078865));
#3777 = CARTESIAN_POINT('',(-11.06742530319,19.116159386471,
    -0.683033848231));
#3778 = CARTESIAN_POINT('',(-11.09077328824,19.724814555194,
    -0.286333470871));
#3779 = CARTESIAN_POINT('',(-11.11356133868,20.337870674668,
    2.047897704354E-02));
#3780 = CARTESIAN_POINT('',(-11.13268673154,20.869667393993,
    0.174359219363));
#3781 = CARTESIAN_POINT('',(-11.14395605875,21.191439071321,
    0.200210423716));
#3782 = CARTESIAN_POINT('',(-11.14772265089,21.3,0.2));
#3783 = PCURVE('',#3639,#3784);
#3784 = DEFINITIONAL_REPRESENTATION('',(#3785),#3789);
#3785 = LINE('',#3786,#3787);
#3786 = CARTESIAN_POINT('',(3.,0.));
#3787 = VECTOR('',#3788,1.);
#3788 = DIRECTION('',(0.,1.));
#3789 = ( GEOMETRIC_REPRESENTATION_CONTEXT(2) 
PARAMETRIC_REPRESENTATION_CONTEXT() REPRESENTATION_CONTEXT('2D SPACE',''
  ) );
#3790 = PCURVE('',#145,#3791);
#3791 = DEFINITIONAL_REPRESENTATION('',(#3792),#3796);
#3792 = LINE('',#3793,#3794);
#3793 = CARTESIAN_POINT('',(3.,0.));
#3794 = VECTOR('',#3795,1.);
#3795 = DIRECTION('',(0.,1.));
#3796 = ( GEOMETRIC_REPRESENTATION_CONTEXT(2) 
PARAMETRIC_REPRESENTATION_CONTEXT() REPRESENTATION_CONTEXT('2D SPACE',''
  ) );
#3797 = ORIENTED_EDGE('',*,*,#3798,.F.);
#3798 = EDGE_CURVE('',#3799,#3743,#3801,.T.);
#3799 = VERTEX_POINT('',#3800);
#3800 = CARTESIAN_POINT('',(11.147722676215,21.3,0.2));
#3801 = SURFACE_CURVE('',#3802,(#3805,#3812),.PCURVE_S1.);
#3802 = B_SPLINE_CURVE_WITH_KNOTS('',1,(#3803,#3804),.UNSPECIFIED.,.F.,
  .F.,(2,2),(2.,3.),.PIECEWISE_BEZIER_KNOTS.);
#3803 = CARTESIAN_POINT('',(11.147722676215,21.3,0.2));
#3804 = CARTESIAN_POINT('',(-11.14772265089,21.3,0.2));
#3805 = PCURVE('',#3639,#3806);
#3806 = DEFINITIONAL_REPRESENTATION('',(#3807),#3811);
#3807 = LINE('',#3808,#3809);
#3808 = CARTESIAN_POINT('',(0.,1.));
#3809 = VECTOR('',#3810,1.);
#3810 = DIRECTION('',(1.,0.));
#3811 = ( GEOMETRIC_REPRESENTATION_CONTEXT(2) 
PARAMETRIC_REPRESENTATION_CONTEXT() REPRESENTATION_CONTEXT('2D SPACE',''
  ) );
#3812 = PCURVE('',#3813,#3818);
#3813 = PLANE('',#3814);
#3814 = AXIS2_PLACEMENT_3D('',#3815,#3816,#3817);
#3815 = CARTESIAN_POINT('',(3.29149707437E-05,29.706179914625,0.2));
#3816 = DIRECTION('',(-0.,-0.,-1.));
#3817 = DIRECTION('',(-1.,0.,0.));
#3818 = DEFINITIONAL_REPRESENTATION('',(#3819),#3822);
#3819 = B_SPLINE_CURVE_WITH_KNOTS('',1,(#3820,#3821),.UNSPECIFIED.,.F.,
  .F.,(2,2),(2.,3.),.PIECEWISE_BEZIER_KNOTS.);
#3820 = CARTESIAN_POINT('',(-11.14768976124,-8.406179914625));
#3821 = CARTESIAN_POINT('',(11.147755565864,-8.406179914625));
#3822 = ( GEOMETRIC_REPRESENTATION_CONTEXT(2) 
PARAMETRIC_REPRESENTATION_CONTEXT() REPRESENTATION_CONTEXT('2D SPACE',''
  ) );
#3823 = ORIENTED_EDGE('',*,*,#3824,.F.);
#3824 = EDGE_CURVE('',#3626,#3799,#3825,.T.);
#3825 = SURFACE_CURVE('',#3826,(#3863,#3870),.PCURVE_S1.);
#3826 = ( BOUNDED_CURVE() B_SPLINE_CURVE(3,(#3827,#3828,#3829,#3830,
    #3831,#3832,#3833,#3834,#3835,#3836,#3837,#3838,#3839,#3840,#3841,
    #3842,#3843,#3844,#3845,#3846,#3847,#3848,#3849,#3850,#3851,#3852,
    #3853,#3854,#3855,#3856,#3857,#3858,#3859,#3860,#3861,#3862),
.UNSPECIFIED.,.F.,.F.) B_SPLINE_CURVE_WITH_KNOTS((4,1,1,1,1,1,1,1,1,1,1,
    1,1,1,1,1,1,1,1,1,1,1,1,1,1,1,1,1,1,1,1,1,1,4),(0.,
    2.868815488744E-02,5.737350739572E-02,8.60561159651E-02,
    0.114736038554,0.143413376946,0.172103703869,0.20084829656,
    0.229673919698,0.258593491558,0.28760818271,0.316709513502,
    0.34588140874,0.375102192653,0.404346525565,0.433727564529,
    0.463511629906,0.49372056664,0.524340619507,0.555333123051,
    0.5866399567,0.618188396286,0.649895434928,0.681671694686,
    0.71343500642,0.746455089112,0.78138823884,0.817483760254,
    0.85380329857,0.889376590485,0.923343848625,0.955144200918,
0.984817405995,1.),.UNSPECIFIED.) CURVE() GEOMETRIC_REPRESENTATION_ITEM(
) RATIONAL_B_SPLINE_CURVE((1.,0.999999999977,1.000000000011,
    0.999999999997,1.000000000001,1.,1.,1.,1.,1.,1.,1.,1.,1.,1.,1.,1.,1.
    ,1.,1.,1.,1.,1.,1.,1.,1.,1.,1.,1.,1.,1.,1.,0.999999999999,
1.000000000003,0.999999999996,1.)) REPRESENTATION_ITEM('') );
#3827 = CARTESIAN_POINT('',(10.051887290352,1.3,-6.1));
#3828 = CARTESIAN_POINT('',(10.067387381833,1.504979917872,
    -6.104407280653));
#3829 = CARTESIAN_POINT('',(10.098104996483,1.914788125886,
    -6.097970918153));
#3830 = CARTESIAN_POINT('',(10.143379417836,2.529652258467,
    -6.100491440952));
#3831 = CARTESIAN_POINT('',(10.187841482852,3.144487008454,
    -6.100063015868));
#3832 = CARTESIAN_POINT('',(10.231495666502,3.759318219377,
    -6.099256668368));
#3833 = CARTESIAN_POINT('',(10.274355747848,4.374305720633,
    -6.10291058806));
#3834 = CARTESIAN_POINT('',(10.316435735607,4.989629489788,
    -6.082578984385));
#3835 = CARTESIAN_POINT('',(10.357700437799,5.604740345267,
    -6.038081977933));
#3836 = CARTESIAN_POINT('',(10.398158455899,6.219715188875,
    -5.97324431228));
#3837 = CARTESIAN_POINT('',(10.437813248179,6.834559941696,
    -5.890801173778));
#3838 = CARTESIAN_POINT('',(10.476669910699,7.449306342595,
    -5.79379353775));
#3839 = CARTESIAN_POINT('',(10.514732026202,8.06396369191,
    -5.685093367408));
#3840 = CARTESIAN_POINT('',(10.552006494457,8.678599958947,
    -5.567912695409));
#3841 = CARTESIAN_POINT('',(10.588487236321,9.293062795789,
    -5.444246674376));
#3842 = CARTESIAN_POINT('',(10.624272865613,9.90900000425,
    -5.320411671511));
#3843 = CARTESIAN_POINT('',(10.659393871993,10.527043778532,
    -5.18532547326));
#3844 = CARTESIAN_POINT('',(10.693544967548,11.141720253267,
    -5.007966846218));
#3845 = CARTESIAN_POINT('',(10.726925686929,11.756436858217,
    -4.801614422091));
#3846 = CARTESIAN_POINT('',(10.759517119905,12.370811549275,
    -4.568409172957));
#3847 = CARTESIAN_POINT('',(10.7913332353,12.985030531175,
    -4.313576730581));
#3848 = CARTESIAN_POINT('',(10.822379839664,13.599156967164,
    -4.041602049619));
#3849 = CARTESIAN_POINT('',(10.85265428258,14.213057874366,
    -3.756722844671));
#3850 = CARTESIAN_POINT('',(10.882191814848,14.827456641937,
    -3.464897453427));
#3851 = CARTESIAN_POINT('',(10.910883323964,15.439848595784,
    -3.165361052797));
#3852 = CARTESIAN_POINT('',(10.939573510845,16.06889190121,
    -2.87837034265));
#3853 = CARTESIAN_POINT('',(10.967083597551,16.689154032001,
    -2.522168168098));
#3854 = CARTESIAN_POINT('',(10.993242993553,17.295544675181,
    -2.088334272681));
#3855 = CARTESIAN_POINT('',(11.01870400867,17.90259219062,
    -1.616935651574));
#3856 = CARTESIAN_POINT('',(11.043416236054,18.509124338472,
    -1.137331078865));
#3857 = CARTESIAN_POINT('',(11.067425385019,19.116159386471,
    -0.683033848231));
#3858 = CARTESIAN_POINT('',(11.090773352526,19.724814555194,
    -0.286333470871));
#3859 = CARTESIAN_POINT('',(11.113561386371,20.337870674668,
    2.047897704354E-02));
#3860 = CARTESIAN_POINT('',(11.132686766087,20.869667393993,
    0.174359219363));
#3861 = CARTESIAN_POINT('',(11.143956086394,21.191439071321,
    0.200210423716));
#3862 = CARTESIAN_POINT('',(11.147722676215,21.3,0.2));
#3863 = PCURVE('',#3639,#3864);
#3864 = DEFINITIONAL_REPRESENTATION('',(#3865),#3869);
#3865 = LINE('',#3866,#3867);
#3866 = CARTESIAN_POINT('',(2.,0.));
#3867 = VECTOR('',#3868,1.);
#3868 = DIRECTION('',(0.,1.));
#3869 = ( GEOMETRIC_REPRESENTATION_CONTEXT(2) 
PARAMETRIC_REPRESENTATION_CONTEXT() REPRESENTATION_CONTEXT('2D SPACE',''
  ) );
#3870 = PCURVE('',#310,#3871);
#3871 = DEFINITIONAL_REPRESENTATION('',(#3872),#3876);
#3872 = LINE('',#3873,#3874);
#3873 = CARTESIAN_POINT('',(2.,0.));
#3874 = VECTOR('',#3875,1.);
#3875 = DIRECTION('',(0.,1.));
#3876 = ( GEOMETRIC_REPRESENTATION_CONTEXT(2) 
PARAMETRIC_REPRESENTATION_CONTEXT() REPRESENTATION_CONTEXT('2D SPACE',''
  ) );
#3877 = ADVANCED_FACE('',(#3878),#3813,.F.);
#3878 = FACE_BOUND('',#3879,.F.);
#3879 = EDGE_LOOP('',(#3880,#3881,#4007,#4035));
#3880 = ORIENTED_EDGE('',*,*,#3798,.T.);
#3881 = ORIENTED_EDGE('',*,*,#3882,.T.);
#3882 = EDGE_CURVE('',#3743,#3883,#3885,.T.);
#3883 = VERTEX_POINT('',#3884);
#3884 = CARTESIAN_POINT('',(-1.357439088381,40.64965665537,0.2));
#3885 = SURFACE_CURVE('',#3886,(#3922,#3961),.PCURVE_S1.);
#3886 = B_SPLINE_CURVE_WITH_KNOTS('',3,(#3887,#3888,#3889,#3890,#3891,
    #3892,#3893,#3894,#3895,#3896,#3897,#3898,#3899,#3900,#3901,#3902,
    #3903,#3904,#3905,#3906,#3907,#3908,#3909,#3910,#3911,#3912,#3913,
    #3914,#3915,#3916,#3917,#3918,#3919,#3920,#3921),.UNSPECIFIED.,.F.,
  .F.,(4,1,1,1,1,1,1,1,1,1,1,1,1,1,1,1,1,1,1,1,1,1,1,1,1,1,1,1,1,1,1,1,4
    ),(0.,0.289838265604,0.905022537151,1.520182820627,2.135320055145,
    2.750435155562,3.365546941834,3.980670911045,4.595711120553,
    5.210668108924,5.825554615892,6.440397649035,7.055249043946,
    7.670194614878,8.285361894918,8.900955961098,9.517287877108,
    10.134786959259,10.754064857889,11.376108557861,12.002280359091,
    12.634408358186,13.275395611881,13.929400425513,14.602554211045,
    15.304012342731,16.047997571597,16.856803142969,17.767210061969,
    18.844961290252,20.21636219927,22.213836352801,24.992809540788),
  .UNSPECIFIED.);
#3887 = CARTESIAN_POINT('',(-11.14772265089,21.3,0.2));
#3888 = CARTESIAN_POINT('',(-11.15107326149,21.396554635848,0.2));
#3889 = CARTESIAN_POINT('',(-11.16145098509,21.698050278399,0.2));
#3890 = CARTESIAN_POINT('',(-11.17844185858,22.204493081013,0.2));
#3891 = CARTESIAN_POINT('',(-11.19833451831,22.819332081264,0.2));
#3892 = CARTESIAN_POINT('',(-11.2175251559,23.434170374309,0.2));
#3893 = CARTESIAN_POINT('',(-11.23590413043,24.049017227752,0.2));
#3894 = CARTESIAN_POINT('',(-11.25389005645,24.663871192872,0.2));
#3895 = CARTESIAN_POINT('',(-11.27359359136,25.278649239146,0.2));
#3896 = CARTESIAN_POINT('',(-11.28923858473,25.893494965541,0.2));
#3897 = CARTESIAN_POINT('',(-11.30148555734,26.508337822748,0.2));
#3898 = CARTESIAN_POINT('',(-11.30931774028,27.123189852289,0.2));
#3899 = CARTESIAN_POINT('',(-11.31190006398,27.738053708117,0.2));
#3900 = CARTESIAN_POINT('',(-11.3080836487,28.352935118795,0.2));
#3901 = CARTESIAN_POINT('',(-11.29676478465,28.967835928623,0.2));
#3902 = CARTESIAN_POINT('',(-11.27695599897,29.582775923046,0.2));
#3903 = CARTESIAN_POINT('',(-11.24679395532,30.197769266998,0.2));
#3904 = CARTESIAN_POINT('',(-11.20421315578,30.812820579844,0.2));
#3905 = CARTESIAN_POINT('',(-11.14725586176,31.42795379589,0.2));
#3906 = CARTESIAN_POINT('',(-11.07380575293,32.043280103134,0.2));
#3907 = CARTESIAN_POINT('',(-10.9798822322,32.658785797111,0.2));
#3908 = CARTESIAN_POINT('',(-10.86160025508,33.274477415341,0.2));
#3909 = CARTESIAN_POINT('',(-10.71537038111,33.890696525274,0.2));
#3910 = CARTESIAN_POINT('',(-10.53446162326,34.507425280412,0.2));
#3911 = CARTESIAN_POINT('',(-10.31158850782,35.124960310114,0.2));
#3912 = CARTESIAN_POINT('',(-10.03690374577,35.743587276623,0.2));
#3913 = CARTESIAN_POINT('',(-9.697435332902,36.363905864146,0.2));
#3914 = CARTESIAN_POINT('',(-9.274234043302,36.98642103386,0.2));
#3915 = CARTESIAN_POINT('',(-8.739745964739,37.61208661828,0.2));
#3916 = CARTESIAN_POINT('',(-8.049712872084,38.243035835032,0.2));
#3917 = CARTESIAN_POINT('',(-7.124656141103,38.880157994427,0.2));
#3918 = CARTESIAN_POINT('',(-5.791299203719,39.542226069009,0.2));
#3919 = CARTESIAN_POINT('',(-3.826735895831,40.137918752862,0.2));
#3920 = CARTESIAN_POINT('',(-2.249386957992,40.444184285028,0.2));
#3921 = CARTESIAN_POINT('',(-1.357439088381,40.64965665537,0.2));
#3922 = PCURVE('',#3813,#3923);
#3923 = DEFINITIONAL_REPRESENTATION('',(#3924),#3960);
#3924 = B_SPLINE_CURVE_WITH_KNOTS('',3,(#3925,#3926,#3927,#3928,#3929,
    #3930,#3931,#3932,#3933,#3934,#3935,#3936,#3937,#3938,#3939,#3940,
    #3941,#3942,#3943,#3944,#3945,#3946,#3947,#3948,#3949,#3950,#3951,
    #3952,#3953,#3954,#3955,#3956,#3957,#3958,#3959),.UNSPECIFIED.,.F.,
  .F.,(4,1,1,1,1,1,1,1,1,1,1,1,1,1,1,1,1,1,1,1,1,1,1,1,1,1,1,1,1,1,1,1,4
    ),(0.,0.289838265604,0.905022537151,1.520182820627,2.135320055145,
    2.750435155562,3.365546941834,3.980670911045,4.595711120553,
    5.210668108924,5.825554615892,6.440397649035,7.055249043946,
    7.670194614878,8.285361894918,8.900955961098,9.517287877108,
    10.134786959259,10.754064857889,11.376108557861,12.002280359091,
    12.634408358186,13.275395611881,13.929400425513,14.602554211045,
    15.304012342731,16.047997571597,16.856803142969,17.767210061969,
    18.844961290252,20.21636219927,22.213836352801,24.992809540788),
  .UNSPECIFIED.);
#3925 = CARTESIAN_POINT('',(11.147755565864,-8.406179914625));
#3926 = CARTESIAN_POINT('',(11.151106176466,-8.309625278777));
#3927 = CARTESIAN_POINT('',(11.161483900063,-8.008129636226));
#3928 = CARTESIAN_POINT('',(11.178474773556,-7.501686833612));
#3929 = CARTESIAN_POINT('',(11.198367433287,-6.886847833361));
#3930 = CARTESIAN_POINT('',(11.217558070877,-6.272009540316));
#3931 = CARTESIAN_POINT('',(11.235937045403,-5.657162686873));
#3932 = CARTESIAN_POINT('',(11.253922971428,-5.042308721753));
#3933 = CARTESIAN_POINT('',(11.273626506333,-4.427530675479));
#3934 = CARTESIAN_POINT('',(11.289271499704,-3.812684949084));
#3935 = CARTESIAN_POINT('',(11.301518472315,-3.197842091877));
#3936 = CARTESIAN_POINT('',(11.30935065526,-2.582990062337));
#3937 = CARTESIAN_POINT('',(11.311932978954,-1.968126206508));
#3938 = CARTESIAN_POINT('',(11.308116563671,-1.35324479583));
#3939 = CARTESIAN_POINT('',(11.296797699627,-0.738343986002));
#3940 = CARTESIAN_POINT('',(11.276988913942,-0.123403991579));
#3941 = CARTESIAN_POINT('',(11.246826870297,0.491589352373));
#3942 = CARTESIAN_POINT('',(11.204246070756,1.106640665219));
#3943 = CARTESIAN_POINT('',(11.14728877674,1.721773881265));
#3944 = CARTESIAN_POINT('',(11.073838667904,2.337100188509));
#3945 = CARTESIAN_POINT('',(10.979915147178,2.952605882486));
#3946 = CARTESIAN_POINT('',(10.861633170058,3.568297500716));
#3947 = CARTESIAN_POINT('',(10.715403296086,4.184516610649));
#3948 = CARTESIAN_POINT('',(10.534494538237,4.801245365787));
#3949 = CARTESIAN_POINT('',(10.311621422792,5.418780395489));
#3950 = CARTESIAN_POINT('',(10.036936660747,6.037407361998));
#3951 = CARTESIAN_POINT('',(9.697468247873,6.657725949521));
#3952 = CARTESIAN_POINT('',(9.274266958273,7.280241119235));
#3953 = CARTESIAN_POINT('',(8.73977887971,7.905906703655));
#3954 = CARTESIAN_POINT('',(8.049745787055,8.536855920407));
#3955 = CARTESIAN_POINT('',(7.124689056073,9.173978079802));
#3956 = CARTESIAN_POINT('',(5.79133211869,9.836046154384));
#3957 = CARTESIAN_POINT('',(3.826768810802,10.431738838237));
#3958 = CARTESIAN_POINT('',(2.249419872962,10.738004370403));
#3959 = CARTESIAN_POINT('',(1.357472003352,10.943476740745));
#3960 = ( GEOMETRIC_REPRESENTATION_CONTEXT(2) 
PARAMETRIC_REPRESENTATION_CONTEXT() REPRESENTATION_CONTEXT('2D SPACE',''
  ) );
#3961 = PCURVE('',#3962,#4001);
#3962 = SURFACE_OF_LINEAR_EXTRUSION('',#3963,#3999);
#3963 = B_SPLINE_CURVE_WITH_KNOTS('',3,(#3964,#3965,#3966,#3967,#3968,
    #3969,#3970,#3971,#3972,#3973,#3974,#3975,#3976,#3977,#3978,#3979,
    #3980,#3981,#3982,#3983,#3984,#3985,#3986,#3987,#3988,#3989,#3990,
    #3991,#3992,#3993,#3994,#3995,#3996,#3997,#3998),.UNSPECIFIED.,.F.,
  .F.,(4,1,1,1,1,1,1,1,1,1,1,1,1,1,1,1,1,1,1,1,1,1,1,1,1,1,1,1,1,1,1,1,4
    ),(0.,0.289838265604,0.905022537151,1.520182820627,2.135320055145,
    2.750435155562,3.365546941834,3.980670911045,4.595711120553,
    5.210668108924,5.825554615892,6.440397649035,7.055249043946,
    7.670194614878,8.285361894918,8.900955961098,9.517287877108,
    10.134786959259,10.754064857889,11.376108557861,12.002280359091,
    12.634408358186,13.275395611881,13.929400425513,14.602554211045,
    15.304012342731,16.047997571597,16.856803142969,17.767210061969,
    18.844961290252,20.21636219927,22.213836352801,24.992809540788),
  .UNSPECIFIED.);
#3964 = CARTESIAN_POINT('',(-11.14772265089,21.3,-2.25));
#3965 = CARTESIAN_POINT('',(-11.15107326149,21.396554635848,-2.25));
#3966 = CARTESIAN_POINT('',(-11.16145098509,21.698050278399,-2.25));
#3967 = CARTESIAN_POINT('',(-11.17844185858,22.204493081013,-2.25));
#3968 = CARTESIAN_POINT('',(-11.19833451831,22.819332081264,-2.25));
#3969 = CARTESIAN_POINT('',(-11.2175251559,23.434170374309,-2.25));
#3970 = CARTESIAN_POINT('',(-11.23590413043,24.049017227752,-2.25));
#3971 = CARTESIAN_POINT('',(-11.25389005645,24.663871192872,-2.25));
#3972 = CARTESIAN_POINT('',(-11.27359359136,25.278649239146,-2.25));
#3973 = CARTESIAN_POINT('',(-11.28923858473,25.893494965541,-2.25));
#3974 = CARTESIAN_POINT('',(-11.30148555734,26.508337822748,-2.25));
#3975 = CARTESIAN_POINT('',(-11.30931774028,27.123189852289,-2.25));
#3976 = CARTESIAN_POINT('',(-11.31190006398,27.738053708117,-2.25));
#3977 = CARTESIAN_POINT('',(-11.3080836487,28.352935118795,-2.25));
#3978 = CARTESIAN_POINT('',(-11.29676478465,28.967835928623,-2.25));
#3979 = CARTESIAN_POINT('',(-11.27695599897,29.582775923046,-2.25));
#3980 = CARTESIAN_POINT('',(-11.24679395532,30.197769266998,-2.25));
#3981 = CARTESIAN_POINT('',(-11.20421315578,30.812820579844,-2.25));
#3982 = CARTESIAN_POINT('',(-11.14725586176,31.42795379589,-2.25));
#3983 = CARTESIAN_POINT('',(-11.07380575293,32.043280103134,-2.25));
#3984 = CARTESIAN_POINT('',(-10.9798822322,32.658785797111,-2.25));
#3985 = CARTESIAN_POINT('',(-10.86160025508,33.274477415341,-2.25));
#3986 = CARTESIAN_POINT('',(-10.71537038111,33.890696525274,-2.25));
#3987 = CARTESIAN_POINT('',(-10.53446162326,34.507425280412,-2.25));
#3988 = CARTESIAN_POINT('',(-10.31158850782,35.124960310114,-2.25));
#3989 = CARTESIAN_POINT('',(-10.03690374577,35.743587276623,-2.25));
#3990 = CARTESIAN_POINT('',(-9.697435332902,36.363905864146,-2.25));
#3991 = CARTESIAN_POINT('',(-9.274234043302,36.98642103386,-2.25));
#3992 = CARTESIAN_POINT('',(-8.739745964739,37.61208661828,-2.25));
#3993 = CARTESIAN_POINT('',(-8.049712872084,38.243035835032,-2.25));
#3994 = CARTESIAN_POINT('',(-7.124656141103,38.880157994427,-2.25));
#3995 = CARTESIAN_POINT('',(-5.791299203719,39.542226069009,-2.25));
#3996 = CARTESIAN_POINT('',(-3.826735895831,40.137918752862,-2.25));
#3997 = CARTESIAN_POINT('',(-2.249386957992,40.444184285028,-2.25));
#3998 = CARTESIAN_POINT('',(-1.357439088381,40.64965665537,-2.25));
#3999 = VECTOR('',#4000,1.);
#4000 = DIRECTION('',(-0.,-0.,-1.));
#4001 = DEFINITIONAL_REPRESENTATION('',(#4002),#4006);
#4002 = LINE('',#4003,#4004);
#4003 = CARTESIAN_POINT('',(0.,-2.45));
#4004 = VECTOR('',#4005,1.);
#4005 = DIRECTION('',(1.,0.));
#4006 = ( GEOMETRIC_REPRESENTATION_CONTEXT(2) 
PARAMETRIC_REPRESENTATION_CONTEXT() REPRESENTATION_CONTEXT('2D SPACE',''
  ) );
#4007 = ORIENTED_EDGE('',*,*,#4008,.T.);
#4008 = EDGE_CURVE('',#3883,#4009,#4011,.T.);
#4009 = VERTEX_POINT('',#4010);
#4010 = CARTESIAN_POINT('',(1.357439088381,40.64965665537,0.2));
#4011 = SURFACE_CURVE('',#4012,(#4016,#4023),.PCURVE_S1.);
#4012 = LINE('',#4013,#4014);
#4013 = CARTESIAN_POINT('',(-1.357439088381,40.64965665537,0.2));
#4014 = VECTOR('',#4015,1.);
#4015 = DIRECTION('',(1.,0.,0.));
#4016 = PCURVE('',#3813,#4017);
#4017 = DEFINITIONAL_REPRESENTATION('',(#4018),#4022);
#4018 = LINE('',#4019,#4020);
#4019 = CARTESIAN_POINT('',(1.357472003352,10.943476740745));
#4020 = VECTOR('',#4021,1.);
#4021 = DIRECTION('',(-1.,0.));
#4022 = ( GEOMETRIC_REPRESENTATION_CONTEXT(2) 
PARAMETRIC_REPRESENTATION_CONTEXT() REPRESENTATION_CONTEXT('2D SPACE',''
  ) );
#4023 = PCURVE('',#4024,#4029);
#4024 = PLANE('',#4025);
#4025 = AXIS2_PLACEMENT_3D('',#4026,#4027,#4028);
#4026 = CARTESIAN_POINT('',(-1.357439088381,40.64965665537,-2.25));
#4027 = DIRECTION('',(0.,1.,0.));
#4028 = DIRECTION('',(1.,0.,0.));
#4029 = DEFINITIONAL_REPRESENTATION('',(#4030),#4034);
#4030 = LINE('',#4031,#4032);
#4031 = CARTESIAN_POINT('',(0.,-2.45));
#4032 = VECTOR('',#4033,1.);
#4033 = DIRECTION('',(1.,0.));
#4034 = ( GEOMETRIC_REPRESENTATION_CONTEXT(2) 
PARAMETRIC_REPRESENTATION_CONTEXT() REPRESENTATION_CONTEXT('2D SPACE',''
  ) );
#4035 = ORIENTED_EDGE('',*,*,#4036,.T.);
#4036 = EDGE_CURVE('',#4009,#3799,#4037,.T.);
#4037 = SURFACE_CURVE('',#4038,(#4074,#4113),.PCURVE_S1.);
#4038 = B_SPLINE_CURVE_WITH_KNOTS('',3,(#4039,#4040,#4041,#4042,#4043,
    #4044,#4045,#4046,#4047,#4048,#4049,#4050,#4051,#4052,#4053,#4054,
    #4055,#4056,#4057,#4058,#4059,#4060,#4061,#4062,#4063,#4064,#4065,
    #4066,#4067,#4068,#4069,#4070,#4071,#4072,#4073),.UNSPECIFIED.,.F.,
  .F.,(4,1,1,1,1,1,1,1,1,1,1,1,1,1,1,1,1,1,1,1,1,1,1,1,1,1,1,1,1,1,1,1,4
    ),(0.,2.779004391495,4.776717118371,6.147865298666,7.225616526949,
    8.136023445948,8.94482901732,9.688808341708,10.390271521342,
    11.063425306874,11.717433968879,12.35841263596,12.99055518074,
    13.616714075953,14.238749434843,14.858034132406,15.475538316035,
    16.091869641079,16.70746234243,17.322629983589,17.937579603672,
    18.552433357376,19.167275375177,19.782161726256,20.397124080311,
    21.012173499058,21.627304327006,22.242416405154,22.85753150557,
    23.472668740003,24.087829023261,24.70301329447,24.992851559876),
  .UNSPECIFIED.);
#4039 = CARTESIAN_POINT('',(1.357439088381,40.64965665537,0.2));
#4040 = CARTESIAN_POINT('',(2.249352117595,40.444072996266,0.2));
#4041 = CARTESIAN_POINT('',(3.826821169788,40.137866667108,0.2));
#4042 = CARTESIAN_POINT('',(5.791466136484,39.542363854406,0.2));
#4043 = CARTESIAN_POINT('',(7.124711479702,38.880080835462,0.2));
#4044 = CARTESIAN_POINT('',(8.049716120658,38.243041926987,0.2));
#4045 = CARTESIAN_POINT('',(8.739744057483,37.612084531081,0.2));
#4046 = CARTESIAN_POINT('',(9.274237015811,36.986425425358,0.2));
#4047 = CARTESIAN_POINT('',(9.69742040501,36.363899064167,0.2));
#4048 = CARTESIAN_POINT('',(10.036908918045,35.74359152869,0.2));
#4049 = CARTESIAN_POINT('',(10.311579373496,35.1249559169,0.2));
#4050 = CARTESIAN_POINT('',(10.534493278354,34.507435450106,0.2));
#4051 = CARTESIAN_POINT('',(10.715315362532,33.890679469795,0.2));
#4052 = CARTESIAN_POINT('',(10.861683989429,33.27449606949,0.2));
#4053 = CARTESIAN_POINT('',(10.979851428376,32.658781680361,0.2));
#4054 = CARTESIAN_POINT('',(11.073700168229,32.043271770597,0.2));
#4055 = CARTESIAN_POINT('',(11.147236255846,31.427955292183,0.2));
#4056 = CARTESIAN_POINT('',(11.20425997208,30.812823669261,0.2));
#4057 = CARTESIAN_POINT('',(11.246818409165,30.197769461142,0.2));
#4058 = CARTESIAN_POINT('',(11.276953683172,29.582775184197,0.2));
#4059 = CARTESIAN_POINT('',(11.296726891095,28.967833697051,0.2));
#4060 = CARTESIAN_POINT('',(11.30828097064,28.352936167265,0.2));
#4061 = CARTESIAN_POINT('',(11.31248100225,27.738055583096,0.2));
#4062 = CARTESIAN_POINT('',(11.310214165775,27.123189453684,0.2));
#4063 = CARTESIAN_POINT('',(11.302399631105,26.508334820889,0.2));
#4064 = CARTESIAN_POINT('',(11.289841114481,25.893492923108,0.2));
#4065 = CARTESIAN_POINT('',(11.27380341302,25.278650391163,0.2));
#4066 = CARTESIAN_POINT('',(11.253849697174,24.663875019791,0.2));
#4067 = CARTESIAN_POINT('',(11.235914967147,24.049016964029,0.2));
#4068 = CARTESIAN_POINT('',(11.217522251996,23.434170471093,0.2));
#4069 = CARTESIAN_POINT('',(11.19833529992,22.819332055358,0.2));
#4070 = CARTESIAN_POINT('',(11.17844165281,22.204493088228,0.2));
#4071 = CARTESIAN_POINT('',(11.161451029923,21.698050277514,0.2));
#4072 = CARTESIAN_POINT('',(11.151073284813,21.396554635852,0.2));
#4073 = CARTESIAN_POINT('',(11.147722676215,21.3,0.2));
#4074 = PCURVE('',#3813,#4075);
#4075 = DEFINITIONAL_REPRESENTATION('',(#4076),#4112);
#4076 = B_SPLINE_CURVE_WITH_KNOTS('',3,(#4077,#4078,#4079,#4080,#4081,
    #4082,#4083,#4084,#4085,#4086,#4087,#4088,#4089,#4090,#4091,#4092,
    #4093,#4094,#4095,#4096,#4097,#4098,#4099,#4100,#4101,#4102,#4103,
    #4104,#4105,#4106,#4107,#4108,#4109,#4110,#4111),.UNSPECIFIED.,.F.,
  .F.,(4,1,1,1,1,1,1,1,1,1,1,1,1,1,1,1,1,1,1,1,1,1,1,1,1,1,1,1,1,1,1,1,4
    ),(0.,2.779004391495,4.776717118371,6.147865298666,7.225616526949,
    8.136023445948,8.94482901732,9.688808341708,10.390271521342,
    11.063425306874,11.717433968879,12.35841263596,12.99055518074,
    13.616714075953,14.238749434843,14.858034132406,15.475538316035,
    16.091869641079,16.70746234243,17.322629983589,17.937579603672,
    18.552433357376,19.167275375177,19.782161726256,20.397124080311,
    21.012173499058,21.627304327006,22.242416405154,22.85753150557,
    23.472668740003,24.087829023261,24.70301329447,24.992851559876),
  .UNSPECIFIED.);
#4077 = CARTESIAN_POINT('',(-1.357406173411,10.943476740745));
#4078 = CARTESIAN_POINT('',(-2.249319202624,10.737893081641));
#4079 = CARTESIAN_POINT('',(-3.826788254817,10.431686752483));
#4080 = CARTESIAN_POINT('',(-5.791433221513,9.836183939781));
#4081 = CARTESIAN_POINT('',(-7.124678564731,9.173900920837));
#4082 = CARTESIAN_POINT('',(-8.049683205688,8.536862012362));
#4083 = CARTESIAN_POINT('',(-8.739711142512,7.905904616455));
#4084 = CARTESIAN_POINT('',(-9.27420410084,7.280245510732));
#4085 = CARTESIAN_POINT('',(-9.697387490039,6.657719149542));
#4086 = CARTESIAN_POINT('',(-10.03687600307,6.037411614065));
#4087 = CARTESIAN_POINT('',(-10.31154645852,5.418776002274));
#4088 = CARTESIAN_POINT('',(-10.53446036338,4.801255535481));
#4089 = CARTESIAN_POINT('',(-10.71528244756,4.18449955517));
#4090 = CARTESIAN_POINT('',(-10.86165107445,3.568316154865));
#4091 = CARTESIAN_POINT('',(-10.9798185134,2.952601765736));
#4092 = CARTESIAN_POINT('',(-11.07366725325,2.337091855972));
#4093 = CARTESIAN_POINT('',(-11.14720334087,1.721775377558));
#4094 = CARTESIAN_POINT('',(-11.2042270571,1.106643754636));
#4095 = CARTESIAN_POINT('',(-11.24678549419,0.491589546517));
#4096 = CARTESIAN_POINT('',(-11.2769207682,-0.123404730428));
#4097 = CARTESIAN_POINT('',(-11.29669397612,-0.738346217574));
#4098 = CARTESIAN_POINT('',(-11.30824805566,-1.35324374736));
#4099 = CARTESIAN_POINT('',(-11.31244808727,-1.968124331529));
#4100 = CARTESIAN_POINT('',(-11.3101812508,-2.582990460941));
#4101 = CARTESIAN_POINT('',(-11.30236671613,-3.197845093736));
#4102 = CARTESIAN_POINT('',(-11.28980819951,-3.812686991518));
#4103 = CARTESIAN_POINT('',(-11.27377049804,-4.427529523462));
#4104 = CARTESIAN_POINT('',(-11.2538167822,-5.042304894834));
#4105 = CARTESIAN_POINT('',(-11.23588205217,-5.657162950596));
#4106 = CARTESIAN_POINT('',(-11.21748933702,-6.272009443533));
#4107 = CARTESIAN_POINT('',(-11.19830238495,-6.886847859267));
#4108 = CARTESIAN_POINT('',(-11.17840873783,-7.501686826397));
#4109 = CARTESIAN_POINT('',(-11.16141811495,-8.008129637111));
#4110 = CARTESIAN_POINT('',(-11.15104036984,-8.309625278774));
#4111 = CARTESIAN_POINT('',(-11.14768976124,-8.406179914625));
#4112 = ( GEOMETRIC_REPRESENTATION_CONTEXT(2) 
PARAMETRIC_REPRESENTATION_CONTEXT() REPRESENTATION_CONTEXT('2D SPACE',''
  ) );
#4113 = PCURVE('',#4114,#4153);
#4114 = SURFACE_OF_LINEAR_EXTRUSION('',#4115,#4151);
#4115 = B_SPLINE_CURVE_WITH_KNOTS('',3,(#4116,#4117,#4118,#4119,#4120,
    #4121,#4122,#4123,#4124,#4125,#4126,#4127,#4128,#4129,#4130,#4131,
    #4132,#4133,#4134,#4135,#4136,#4137,#4138,#4139,#4140,#4141,#4142,
    #4143,#4144,#4145,#4146,#4147,#4148,#4149,#4150),.UNSPECIFIED.,.F.,
  .F.,(4,1,1,1,1,1,1,1,1,1,1,1,1,1,1,1,1,1,1,1,1,1,1,1,1,1,1,1,1,1,1,1,4
    ),(0.,2.779004391495,4.776717118371,6.147865298666,7.225616526949,
    8.136023445948,8.94482901732,9.688808341708,10.390271521342,
    11.063425306874,11.717433968879,12.35841263596,12.99055518074,
    13.616714075953,14.238749434843,14.858034132406,15.475538316035,
    16.091869641079,16.70746234243,17.322629983589,17.937579603672,
    18.552433357376,19.167275375177,19.782161726256,20.397124080311,
    21.012173499058,21.627304327006,22.242416405154,22.85753150557,
    23.472668740003,24.087829023261,24.70301329447,24.992851559876),
  .UNSPECIFIED.);
#4116 = CARTESIAN_POINT('',(1.357439088381,40.64965665537,-2.25));
#4117 = CARTESIAN_POINT('',(2.249352117595,40.444072996266,-2.25));
#4118 = CARTESIAN_POINT('',(3.826821169788,40.137866667108,-2.25));
#4119 = CARTESIAN_POINT('',(5.791466136484,39.542363854406,-2.25));
#4120 = CARTESIAN_POINT('',(7.124711479702,38.880080835462,-2.25));
#4121 = CARTESIAN_POINT('',(8.049716120658,38.243041926987,-2.25));
#4122 = CARTESIAN_POINT('',(8.739744057483,37.612084531081,-2.25));
#4123 = CARTESIAN_POINT('',(9.274237015811,36.986425425358,-2.25));
#4124 = CARTESIAN_POINT('',(9.69742040501,36.363899064167,-2.25));
#4125 = CARTESIAN_POINT('',(10.036908918045,35.74359152869,-2.25));
#4126 = CARTESIAN_POINT('',(10.311579373496,35.1249559169,-2.25));
#4127 = CARTESIAN_POINT('',(10.534493278354,34.507435450106,-2.25));
#4128 = CARTESIAN_POINT('',(10.715315362532,33.890679469795,-2.25));
#4129 = CARTESIAN_POINT('',(10.861683989429,33.27449606949,-2.25));
#4130 = CARTESIAN_POINT('',(10.979851428376,32.658781680361,-2.25));
#4131 = CARTESIAN_POINT('',(11.073700168229,32.043271770597,-2.25));
#4132 = CARTESIAN_POINT('',(11.147236255846,31.427955292183,-2.25));
#4133 = CARTESIAN_POINT('',(11.20425997208,30.812823669261,-2.25));
#4134 = CARTESIAN_POINT('',(11.246818409165,30.197769461142,-2.25));
#4135 = CARTESIAN_POINT('',(11.276953683172,29.582775184197,-2.25));
#4136 = CARTESIAN_POINT('',(11.296726891095,28.967833697051,-2.25));
#4137 = CARTESIAN_POINT('',(11.30828097064,28.352936167265,-2.25));
#4138 = CARTESIAN_POINT('',(11.31248100225,27.738055583096,-2.25));
#4139 = CARTESIAN_POINT('',(11.310214165775,27.123189453684,-2.25));
#4140 = CARTESIAN_POINT('',(11.302399631105,26.508334820889,-2.25));
#4141 = CARTESIAN_POINT('',(11.289841114481,25.893492923108,-2.25));
#4142 = CARTESIAN_POINT('',(11.27380341302,25.278650391163,-2.25));
#4143 = CARTESIAN_POINT('',(11.253849697174,24.663875019791,-2.25));
#4144 = CARTESIAN_POINT('',(11.235914967147,24.049016964029,-2.25));
#4145 = CARTESIAN_POINT('',(11.217522251996,23.434170471093,-2.25));
#4146 = CARTESIAN_POINT('',(11.19833529992,22.819332055358,-2.25));
#4147 = CARTESIAN_POINT('',(11.17844165281,22.204493088228,-2.25));
#4148 = CARTESIAN_POINT('',(11.161451029923,21.698050277514,-2.25));
#4149 = CARTESIAN_POINT('',(11.151073284813,21.396554635852,-2.25));
#4150 = CARTESIAN_POINT('',(11.147722676215,21.3,-2.25));
#4151 = VECTOR('',#4152,1.);
#4152 = DIRECTION('',(-0.,-0.,-1.));
#4153 = DEFINITIONAL_REPRESENTATION('',(#4154),#4158);
#4154 = LINE('',#4155,#4156);
#4155 = CARTESIAN_POINT('',(0.,-2.45));
#4156 = VECTOR('',#4157,1.);
#4157 = DIRECTION('',(1.,0.));
#4158 = ( GEOMETRIC_REPRESENTATION_CONTEXT(2) 
PARAMETRIC_REPRESENTATION_CONTEXT() REPRESENTATION_CONTEXT('2D SPACE',''
  ) );
#4159 = ADVANCED_FACE('',(#4160),#4114,.T.);
#4160 = FACE_BOUND('',#4161,.T.);
#4161 = EDGE_LOOP('',(#4162,#4504,#4525,#4526,#4547));
#4162 = ORIENTED_EDGE('',*,*,#4163,.T.);
#4163 = EDGE_CURVE('',#4164,#4166,#4168,.T.);
#4164 = VERTEX_POINT('',#4165);
#4165 = CARTESIAN_POINT('',(9.245841607128,37.,-2.));
#4166 = VERTEX_POINT('',#4167);
#4167 = CARTESIAN_POINT('',(1.357439088381,40.64965665537,
    -0.151911891981));
#4168 = SURFACE_CURVE('',#4169,(#4277,#4388),.PCURVE_S1.);
#4169 = B_SPLINE_CURVE_WITH_KNOTS('',8,(#4170,#4171,#4172,#4173,#4174,
    #4175,#4176,#4177,#4178,#4179,#4180,#4181,#4182,#4183,#4184,#4185,
    #4186,#4187,#4188,#4189,#4190,#4191,#4192,#4193,#4194,#4195,#4196,
    #4197,#4198,#4199,#4200,#4201,#4202,#4203,#4204,#4205,#4206,#4207,
    #4208,#4209,#4210,#4211,#4212,#4213,#4214,#4215,#4216,#4217,#4218,
    #4219,#4220,#4221,#4222,#4223,#4224,#4225,#4226,#4227,#4228,#4229,
    #4230,#4231,#4232,#4233,#4234,#4235,#4236,#4237,#4238,#4239,#4240,
    #4241,#4242,#4243,#4244,#4245,#4246,#4247,#4248,#4249,#4250,#4251,
    #4252,#4253,#4254,#4255,#4256,#4257,#4258,#4259,#4260,#4261,#4262,
    #4263,#4264,#4265,#4266,#4267,#4268,#4269,#4270,#4271,#4272,#4273,
    #4274,#4275,#4276),.UNSPECIFIED.,.F.,.F.,(9,7,7,7,7,7,7,7,7,7,7,7,7,
    7,7,9),(0.,2.177316825084E-02,6.211876787558E-02,0.125792550251,
    0.194471788464,0.286155460759,0.323670334996,0.396677598251,
    0.458534596029,0.510526755702,0.600630693845,0.709008843786,
    0.831091239624,0.886110446474,0.943793657049,1.),.UNSPECIFIED.);
#4170 = CARTESIAN_POINT('',(9.245841607128,37.,-2.));
#4171 = CARTESIAN_POINT('',(9.231765675467,37.018259042078,
    -1.990754111492));
#4172 = CARTESIAN_POINT('',(9.217615629387,37.036473204668,
    -1.981530948751));
#4173 = CARTESIAN_POINT('',(9.203392798044,37.054640529111,
    -1.97233150359));
#4174 = CARTESIAN_POINT('',(9.189094712237,37.07276400116,
    -1.963154264104));
#4175 = CARTESIAN_POINT('',(9.17472469184,37.090839069328,
    -1.954001535043));
#4176 = CARTESIAN_POINT('',(9.160280179345,37.10886882976,
    -1.944871748602));
#4177 = CARTESIAN_POINT('',(9.145762689776,37.126851077081,
    -1.935766021525));
#4178 = CARTESIAN_POINT('',(9.104135134632,37.178019447671,
    -1.909855732935));
#4179 = CARTESIAN_POINT('',(9.076846836985,37.211090198351,
    -1.893109593003));
#4180 = CARTESIAN_POINT('',(9.049307594321,37.2439959852,-1.876446986324
    ));
#4181 = CARTESIAN_POINT('',(9.021518031627,37.276734478982,
    -1.859869092362));
#4182 = CARTESIAN_POINT('',(8.993478781365,37.309303323939,
    -1.843377104008));
#4183 = CARTESIAN_POINT('',(8.965190483477,37.341700137787,
    -1.826972227586));
#4184 = CARTESIAN_POINT('',(8.936653785378,37.373922511722,
    -1.810655682852));
#4185 = CARTESIAN_POINT('',(8.862441478632,37.456542500042,
    -1.76881913977));
#4186 = CARTESIAN_POINT('',(8.816396309191,37.506676261023,
    -1.743432749699));
#4187 = CARTESIAN_POINT('',(8.769737226946,37.556360646046,
    -1.718273911543));
#4188 = CARTESIAN_POINT('',(8.72246779701,37.605585366671,
    -1.693347835093));
#4189 = CARTESIAN_POINT('',(8.674580011807,37.65433434318,
    -1.668662662686));
#4190 = CARTESIAN_POINT('',(8.626100221525,37.702613507535,
    -1.644215390536));
#4191 = CARTESIAN_POINT('',(8.577022871924,37.750407400031,
    -1.620013847021));
#4192 = CARTESIAN_POINT('',(8.473791031746,37.848733976762,
    -1.570223909414));
#4193 = CARTESIAN_POINT('',(8.419539850136,37.899186281687,
    -1.544676217245));
#4194 = CARTESIAN_POINT('',(8.364613949608,37.94905921773,
    -1.519421901917));
#4195 = CARTESIAN_POINT('',(8.309021913532,37.998343613599,
    -1.494465607526));
#4196 = CARTESIAN_POINT('',(8.252772427333,38.047030206884,
    -1.469812024309));
#4197 = CARTESIAN_POINT('',(8.195874278491,38.095109644055,
    -1.44546588864));
#4198 = CARTESIAN_POINT('',(8.138336356545,38.142572480463,
    -1.421431983037));
#4199 = CARTESIAN_POINT('',(8.002515068635,38.251934053281,
    -1.366054219788));
#4200 = CARTESIAN_POINT('',(7.923738208745,38.31334283983,
    -1.334958459593));
#4201 = CARTESIAN_POINT('',(7.843874006173,38.373634921945,
    -1.304428168532));
#4202 = CARTESIAN_POINT('',(7.762959684375,38.432810953381,
    -1.274463015558));
#4203 = CARTESIAN_POINT('',(7.681032646552,38.490872755446,
    -1.245062078413));
#4204 = CARTESIAN_POINT('',(7.598130364698,38.547823212749,
    -1.216223896407));
#4205 = CARTESIAN_POINT('',(7.514290268644,38.603666168958,
    -1.18794652321));
#4206 = CARTESIAN_POINT('',(7.394875694474,38.680804748859,
    -1.148885618131));
#4207 = CARTESIAN_POINT('',(7.36005104031,38.703018587931,
    -1.137637126643));
#4208 = CARTESIAN_POINT('',(7.325078061111,38.725048036707,
    -1.126482005448));
#4209 = CARTESIAN_POINT('',(7.289959353215,38.746893480384,
    -1.115420059494));
#4210 = CARTESIAN_POINT('',(7.254697585223,38.768555387076,
    -1.104451051739));
#4211 = CARTESIAN_POINT('',(7.219295362419,38.790034202479,
    -1.093574756496));
#4212 = CARTESIAN_POINT('',(7.183755091193,38.811330244531,
    -1.082791012769));
#4213 = CARTESIAN_POINT('',(7.078649709993,38.873532051434,
    -1.051293688366));
#4214 = CARTESIAN_POINT('',(7.00870519297,38.913928343864,-1.03083809084
    ));
#4215 = CARTESIAN_POINT('',(6.938259821407,38.953632629114,
    -1.010732907165));
#4216 = CARTESIAN_POINT('',(6.867328099019,38.992645273999,
    -0.990977951594));
#4217 = CARTESIAN_POINT('',(6.795924504223,39.030966858396,
    -0.971572930494));
#4218 = CARTESIAN_POINT('',(6.724063490132,39.068598175249,
    -0.95251744234));
#4219 = CARTESIAN_POINT('',(6.65175948456,39.105540230564,
    -0.933810977716));
#4220 = CARTESIAN_POINT('',(6.517402611306,39.172511247341,
    -0.899898653523));
#4221 = CARTESIAN_POINT('',(6.45547064749,39.202734305897,-0.8845945084)
  );
#4222 = CARTESIAN_POINT('',(6.393239746398,39.232464155055,
    -0.869540111268));
#4223 = CARTESIAN_POINT('',(6.330718621754,39.261701606022,
    -0.854735051357));
#4224 = CARTESIAN_POINT('',(6.267915953178,39.290447545236,
    -0.840178879796));
#4225 = CARTESIAN_POINT('',(6.204840386184,39.318702934367,
    -0.825871109621));
#4226 = CARTESIAN_POINT('',(6.141500532179,39.34646881032,
    -0.811811215773));
#4227 = CARTESIAN_POINT('',(6.024451506101,39.39667359955,
    -0.786388858904));
#4228 = CARTESIAN_POINT('',(5.970817326987,39.419255727908,
    -0.774953875613));
#4229 = CARTESIAN_POINT('',(5.917007979943,39.441495788907,
    -0.763692106045));
#4230 = CARTESIAN_POINT('',(5.863027149458,39.4633803231,-0.752610365703
    ));
#4231 = CARTESIAN_POINT('',(5.808882423971,39.484944059345,
    -0.741691068826));
#4232 = CARTESIAN_POINT('',(5.754577283347,39.506169855502,
    -0.730942895734));
#4233 = CARTESIAN_POINT('',(5.700117953882,39.527075963308,
    -0.720356604236));
#4234 = CARTESIAN_POINT('',(5.550870845015,39.583347116279,
    -0.691862403699));
#4235 = CARTESIAN_POINT('',(5.45578386872,39.618079022322,
    -0.674275099306));
#4236 = CARTESIAN_POINT('',(5.360274894524,39.651894893974,
    -0.657151650126));
#4237 = CARTESIAN_POINT('',(5.264369794357,39.684829899488,-0.6404742479
    ));
#4238 = CARTESIAN_POINT('',(5.168093700213,39.71692031058,
    -0.624224525605));
#4239 = CARTESIAN_POINT('',(5.071470936049,39.748203353103,
    -0.60838363307));
#4240 = CARTESIAN_POINT('',(4.974524949677,39.778717057726,
    -0.592932312584));
#4241 = CARTESIAN_POINT('',(4.760308684898,39.844323541166,
    -0.559710951425));
#4242 = CARTESIAN_POINT('',(4.642904505626,39.879090137012,
    -0.542106081047));
#4243 = CARTESIAN_POINT('',(4.52510469515,39.912865199646,
    -0.525003296459));
#4244 = CARTESIAN_POINT('',(4.406946754599,39.945722353275,
    -0.508365316336));
#4245 = CARTESIAN_POINT('',(4.288466902458,39.97772617153,
    -0.492159442328));
#4246 = CARTESIAN_POINT('',(4.169699832876,40.008946046661,
    -0.476350536064));
#4247 = CARTESIAN_POINT('',(4.050678558794,40.039463371016,
    -0.460897382643));
#4248 = CARTESIAN_POINT('',(3.797113007088,40.102981936792,
    -0.428733286911));
#4249 = CARTESIAN_POINT('',(3.662509622067,40.135810191564,
    -0.412109940394));
#4250 = CARTESIAN_POINT('',(3.527669851864,40.167908825644,
    -0.395856054199));
#4251 = CARTESIAN_POINT('',(3.392637704804,40.199368179068,
    -0.379925882559));
#4252 = CARTESIAN_POINT('',(3.257456061555,40.230278971194,
    -0.364273487627));
#4253 = CARTESIAN_POINT('',(3.122166675124,40.260732300702,
    -0.348852739477));
#4254 = CARTESIAN_POINT('',(2.986810170866,40.290819645594,
    -0.333617316108));
#4255 = CARTESIAN_POINT('',(2.790412113275,40.334068867414,
    -0.311717071764));
#4256 = CARTESIAN_POINT('',(2.729392682845,40.347449184104,
    -0.304941638759));
#4257 = CARTESIAN_POINT('',(2.668371424581,40.360782216497,
    -0.298190149253));
#4258 = CARTESIAN_POINT('',(2.607352004074,40.374076385472,
    -0.291458339138));
#4259 = CARTESIAN_POINT('',(2.546338083107,40.387340129554,
    -0.284741935372));
#4260 = CARTESIAN_POINT('',(2.485333319654,40.400581904912,
    -0.278036655978));
#4261 = CARTESIAN_POINT('',(2.424341367878,40.413810185363,
    -0.271338210042));
#4262 = CARTESIAN_POINT('',(2.299437984292,40.440897004126,
    -0.257622172516));
#4263 = CARTESIAN_POINT('',(2.2355282106,40.454755046848,-0.25060483188)
  );
#4264 = CARTESIAN_POINT('',(2.171640761077,40.468617375927,
    -0.243585320748));
#4265 = CARTESIAN_POINT('',(2.10777987055,40.482493803431,
    -0.236558670552));
#4266 = CARTESIAN_POINT('',(2.043949804644,40.496394168103,
    -0.229519899218));
#4267 = CARTESIAN_POINT('',(1.980154859791,40.510328335354,
    -0.222464011165));
#4268 = CARTESIAN_POINT('',(1.916399363224,40.524306197271,
    -0.215385997307));
#4269 = CARTESIAN_POINT('',(1.790607197988,40.552009899022,
    -0.201357586804));
#4270 = CARTESIAN_POINT('',(1.728568338285,40.565733028824,
    -0.194408562448));
#4271 = CARTESIAN_POINT('',(1.666575125745,40.579516239804,
    -0.187429114596));
#4272 = CARTESIAN_POINT('',(1.604631652273,40.593368737183,
    -0.180414581973));
#4273 = CARTESIAN_POINT('',(1.542742069807,40.607299753618,
    -0.173360289409));
#4274 = CARTESIAN_POINT('',(1.480910590324,40.621318549202,
    -0.166261547841));
#4275 = CARTESIAN_POINT('',(1.419141485834,40.635434411464,
    -0.159113654314));
#4276 = CARTESIAN_POINT('',(1.357439088381,40.64965665537,
    -0.151911891981));
#4277 = PCURVE('',#4114,#4278);
#4278 = DEFINITIONAL_REPRESENTATION('',(#4279),#4387);
#4279 = B_SPLINE_CURVE_WITH_KNOTS('',8,(#4280,#4281,#4282,#4283,#4284,
    #4285,#4286,#4287,#4288,#4289,#4290,#4291,#4292,#4293,#4294,#4295,
    #4296,#4297,#4298,#4299,#4300,#4301,#4302,#4303,#4304,#4305,#4306,
    #4307,#4308,#4309,#4310,#4311,#4312,#4313,#4314,#4315,#4316,#4317,
    #4318,#4319,#4320,#4321,#4322,#4323,#4324,#4325,#4326,#4327,#4328,
    #4329,#4330,#4331,#4332,#4333,#4334,#4335,#4336,#4337,#4338,#4339,
    #4340,#4341,#4342,#4343,#4344,#4345,#4346,#4347,#4348,#4349,#4350,
    #4351,#4352,#4353,#4354,#4355,#4356,#4357,#4358,#4359,#4360,#4361,
    #4362,#4363,#4364,#4365,#4366,#4367,#4368,#4369,#4370,#4371,#4372,
    #4373,#4374,#4375,#4376,#4377,#4378,#4379,#4380,#4381,#4382,#4383,
    #4384,#4385,#4386),.UNSPECIFIED.,.F.,.F.,(9,7,7,7,7,7,7,7,7,7,7,7,7,
    7,7,9),(0.,2.177316825084E-02,6.211876787558E-02,0.125792550251,
    0.194471788464,0.286155460759,0.323670334996,0.396677598251,
    0.458534596029,0.510526755702,0.600630693845,0.709008843786,
    0.831091239624,0.886110446474,0.943793657049,1.),.UNSPECIFIED.);
#4280 = CARTESIAN_POINT('',(8.895271106137,-0.25));
#4281 = CARTESIAN_POINT('',(8.872227381171,-0.259245888508));
#4282 = CARTESIAN_POINT('',(8.849175136072,-0.268469051249));
#4283 = CARTESIAN_POINT('',(8.826111630505,-0.277668496409));
#4284 = CARTESIAN_POINT('',(8.803042421654,-0.286845735896));
#4285 = CARTESIAN_POINT('',(8.779960430668,-0.295998464957));
#4286 = CARTESIAN_POINT('',(8.756871415357,-0.305128251398));
#4287 = CARTESIAN_POINT('',(8.733772230683,-0.314233978475));
#4288 = CARTESIAN_POINT('',(8.667844044674,-0.340144267065));
#4289 = CARTESIAN_POINT('',(8.624992115606,-0.356890406997));
#4290 = CARTESIAN_POINT('',(8.582107786063,-0.373553013676));
#4291 = CARTESIAN_POINT('',(8.53919081035,-0.390130907638));
#4292 = CARTESIAN_POINT('',(8.496240952068,-0.406622895992));
#4293 = CARTESIAN_POINT('',(8.453257984111,-0.423027772414));
#4294 = CARTESIAN_POINT('',(8.410241688665,-0.439344317148));
#4295 = CARTESIAN_POINT('',(8.299250232232,-0.48118086023));
#4296 = CARTESIAN_POINT('',(8.231225052691,-0.506567250302));
#4297 = CARTESIAN_POINT('',(8.163115349053,-0.531726088457));
#4298 = CARTESIAN_POINT('',(8.094921393625,-0.556652164907));
#4299 = CARTESIAN_POINT('',(8.026639980001,-0.581337337314));
#4300 = CARTESIAN_POINT('',(7.95827421187,-0.605784609464));
#4301 = CARTESIAN_POINT('',(7.889821843047,-0.629986152979));
#4302 = CARTESIAN_POINT('',(7.747357258775,-0.679776090586));
#4303 = CARTESIAN_POINT('',(7.673330665372,-0.705323782755));
#4304 = CARTESIAN_POINT('',(7.599203325459,-0.730578098083));
#4305 = CARTESIAN_POINT('',(7.524974847555,-0.755534392474));
#4306 = CARTESIAN_POINT('',(7.45064482635,-0.780187975691));
#4307 = CARTESIAN_POINT('',(7.376212842711,-0.80453411136));
#4308 = CARTESIAN_POINT('',(7.301678463678,-0.828568016963));
#4309 = CARTESIAN_POINT('',(7.127403932718,-0.883945780212));
#4310 = CARTESIAN_POINT('',(7.027583263044,-0.915041540407));
#4311 = CARTESIAN_POINT('',(6.927587188242,-0.945571831468));
#4312 = CARTESIAN_POINT('',(6.827422782421,-0.975536984441));
#4313 = CARTESIAN_POINT('',(6.727096235754,-1.004937921587));
#4314 = CARTESIAN_POINT('',(6.626612851224,-1.033776103593));
#4315 = CARTESIAN_POINT('',(6.525977041378,-1.06205347679));
#4316 = CARTESIAN_POINT('',(6.383953510542,-1.101114381869));
#4317 = CARTESIAN_POINT('',(6.342689741403,-1.112362873357));
#4318 = CARTESIAN_POINT('',(6.301401308512,-1.123517994552));
#4319 = CARTESIAN_POINT('',(6.260088409367,-1.134579940506));
#4320 = CARTESIAN_POINT('',(6.21875119129,-1.145548948261));
#4321 = CARTESIAN_POINT('',(6.177389794622,-1.156425243504));
#4322 = CARTESIAN_POINT('',(6.136004395904,-1.167208987231));
#4323 = CARTESIAN_POINT('',(6.014009392824,-1.198706311634));
#4324 = CARTESIAN_POINT('',(5.933333675877,-1.21916190916));
#4325 = CARTESIAN_POINT('',(5.852570150428,-1.239267092835));
#4326 = CARTESIAN_POINT('',(5.77172064711,-1.259022048406));
#4327 = CARTESIAN_POINT('',(5.690786776997,-1.278427069506));
#4328 = CARTESIAN_POINT('',(5.609769931599,-1.29748255766));
#4329 = CARTESIAN_POINT('',(5.528671282868,-1.316189022284));
#4330 = CARTESIAN_POINT('',(5.378710679683,-1.350101346477));
#4331 = CARTESIAN_POINT('',(5.309871535628,-1.3654054916));
#4332 = CARTESIAN_POINT('',(5.240974926118,-1.380459888732));
#4333 = CARTESIAN_POINT('',(5.17202131438,-1.395264948643));
#4334 = CARTESIAN_POINT('',(5.103011051777,-1.409821120204));
#4335 = CARTESIAN_POINT('',(5.033944377809,-1.424128890379));
#4336 = CARTESIAN_POINT('',(4.964821420114,-1.438188784227));
#4337 = CARTESIAN_POINT('',(4.837495542104,-1.463611141096));
#4338 = CARTESIAN_POINT('',(4.779309004672,-1.475046124387));
#4339 = CARTESIAN_POINT('',(4.721084229907,-1.486307893955));
#4340 = CARTESIAN_POINT('',(4.662813268947,-1.497389634296));
#4341 = CARTESIAN_POINT('',(4.60451417545,-1.508308931174));
#4342 = CARTESIAN_POINT('',(4.546176781344,-1.519057104266));
#4343 = CARTESIAN_POINT('',(4.487809949646,-1.529643395764));
#4344 = CARTESIAN_POINT('',(4.328211816401,-1.558137596301));
#4345 = CARTESIAN_POINT('',(4.226922665373,-1.575724900694));
#4346 = CARTESIAN_POINT('',(4.125557627595,-1.592848349874));
#4347 = CARTESIAN_POINT('',(4.024126808987,-1.6095257521));
#4348 = CARTESIAN_POINT('',(3.922639225966,-1.625775474395));
#4349 = CARTESIAN_POINT('',(3.821102796633,-1.64161636693));
#4350 = CARTESIAN_POINT('',(3.719524331966,-1.657067687416));
#4351 = CARTESIAN_POINT('',(3.495685961712,-1.690289048575));
#4352 = CARTESIAN_POINT('',(3.373410429909,-1.707893918953));
#4353 = CARTESIAN_POINT('',(3.251091818386,-1.724996703541));
#4354 = CARTESIAN_POINT('',(3.128739919719,-1.741634683664));
#4355 = CARTESIAN_POINT('',(3.00635910018,-1.757840557672));
#4356 = CARTESIAN_POINT('',(2.883953597707,-1.773649463936));
#4357 = CARTESIAN_POINT('',(2.761530256081,-1.789102617357));
#4358 = CARTESIAN_POINT('',(2.501155674404,-1.821266713089));
#4359 = CARTESIAN_POINT('',(2.363199493478,-1.837890059606));
#4360 = CARTESIAN_POINT('',(2.225213083368,-1.854143945801));
#4361 = CARTESIAN_POINT('',(2.087192316934,-1.870074117441));
#4362 = CARTESIAN_POINT('',(1.949131815144,-1.885726512373));
#4363 = CARTESIAN_POINT('',(1.811024947074,-1.901147260523));
#4364 = CARTESIAN_POINT('',(1.672863829905,-1.916382683892));
#4365 = CARTESIAN_POINT('',(1.472345315458,-1.938282928236));
#4366 = CARTESIAN_POINT('',(1.410038533511,-1.945058361241));
#4367 = CARTESIAN_POINT('',(1.347718196486,-1.951809850747));
#4368 = CARTESIAN_POINT('',(1.285383503037,-1.958541660862));
#4369 = CARTESIAN_POINT('',(1.223033637069,-1.965258064628));
#4370 = CARTESIAN_POINT('',(1.160667767741,-1.971963344022));
#4371 = CARTESIAN_POINT('',(1.098285049469,-1.978661789958));
#4372 = CARTESIAN_POINT('',(0.970462795459,-1.992377827484));
#4373 = CARTESIAN_POINT('',(0.905021526145,-1.99939516812));
#4374 = CARTESIAN_POINT('',(0.839559819938,-2.006414679252));
#4375 = CARTESIAN_POINT('',(0.774076694734,-2.013441329448));
#4376 = CARTESIAN_POINT('',(0.708571180368,-2.020480100782));
#4377 = CARTESIAN_POINT('',(0.64304231861,-2.027535988835));
#4378 = CARTESIAN_POINT('',(0.577489163165,-2.034614002693));
#4379 = CARTESIAN_POINT('',(0.448011404524,-2.048642413196));
#4380 = CARTESIAN_POINT('',(0.384088098339,-2.055591437552));
#4381 = CARTESIAN_POINT('',(0.320139995775,-2.062570885404));
#4382 = CARTESIAN_POINT('',(0.25616627077,-2.069585418027));
#4383 = CARTESIAN_POINT('',(0.192166136543,-2.076639710591));
#4384 = CARTESIAN_POINT('',(0.1281388456,-2.083738452159));
#4385 = CARTESIAN_POINT('',(6.408368972863E-02,-2.090886345686));
#4386 = CARTESIAN_POINT('',(0.,-2.098088108019));
#4387 = ( GEOMETRIC_REPRESENTATION_CONTEXT(2) 
PARAMETRIC_REPRESENTATION_CONTEXT() REPRESENTATION_CONTEXT('2D SPACE',''
  ) );
#4388 = PCURVE('',#4389,#4394);
#4389 = PLANE('',#4390);
#4390 = AXIS2_PLACEMENT_3D('',#4391,#4392,#4393);
#4391 = CARTESIAN_POINT('',(20.,37.,-2.));
#4392 = DIRECTION('',(0.,-0.451756407247,0.892141327656));
#4393 = DIRECTION('',(0.,-0.892141327656,-0.451756407247));
#4394 = DEFINITIONAL_REPRESENTATION('',(#4395),#4503);
#4395 = B_SPLINE_CURVE_WITH_KNOTS('',8,(#4396,#4397,#4398,#4399,#4400,
    #4401,#4402,#4403,#4404,#4405,#4406,#4407,#4408,#4409,#4410,#4411,
    #4412,#4413,#4414,#4415,#4416,#4417,#4418,#4419,#4420,#4421,#4422,
    #4423,#4424,#4425,#4426,#4427,#4428,#4429,#4430,#4431,#4432,#4433,
    #4434,#4435,#4436,#4437,#4438,#4439,#4440,#4441,#4442,#4443,#4444,
    #4445,#4446,#4447,#4448,#4449,#4450,#4451,#4452,#4453,#4454,#4455,
    #4456,#4457,#4458,#4459,#4460,#4461,#4462,#4463,#4464,#4465,#4466,
    #4467,#4468,#4469,#4470,#4471,#4472,#4473,#4474,#4475,#4476,#4477,
    #4478,#4479,#4480,#4481,#4482,#4483,#4484,#4485,#4486,#4487,#4488,
    #4489,#4490,#4491,#4492,#4493,#4494,#4495,#4496,#4497,#4498,#4499,
    #4500,#4501,#4502),.UNSPECIFIED.,.F.,.F.,(9,7,7,7,7,7,7,7,7,7,7,7,7,
    7,7,9),(0.,2.177316825084E-02,6.211876787558E-02,0.125792550251,
    0.194471788464,0.286155460759,0.323670334996,0.396677598251,
    0.458534596029,0.510526755702,0.600630693845,0.709008843786,
    0.831091239624,0.886110446474,0.943793657049,1.),.UNSPECIFIED.);
#4396 = CARTESIAN_POINT('',(0.,-10.75415839287));
#4397 = CARTESIAN_POINT('',(-2.046653541589E-02,-10.76823432453));
#4398 = CARTESIAN_POINT('',(-4.088276547362E-02,-10.78238437061));
#4399 = CARTESIAN_POINT('',(-6.124649471642E-02,-10.79660720195));
#4400 = CARTESIAN_POINT('',(-8.156106987146E-02,-10.81090528776));
#4401 = CARTESIAN_POINT('',(-0.101821389181,-10.82527530816));
#4402 = CARTESIAN_POINT('',(-0.122030923111,-10.83971982065));
#4403 = CARTESIAN_POINT('',(-0.142187199661,-10.85423731022));
#4404 = CARTESIAN_POINT('',(-0.199541756617,-10.89586486536));
#4405 = CARTESIAN_POINT('',(-0.236610716046,-10.92315316301));
#4406 = CARTESIAN_POINT('',(-0.273494767741,-10.95069240567));
#4407 = CARTESIAN_POINT('',(-0.310191300866,-10.97848196837));
#4408 = CARTESIAN_POINT('',(-0.346697674853,-11.00652121863));
#4409 = CARTESIAN_POINT('',(-0.383011219405,-11.03480951652));
#4410 = CARTESIAN_POINT('',(-0.419129234495,-11.06334621462));
#4411 = CARTESIAN_POINT('',(-0.511737866961,-11.13755852136));
#4412 = CARTESIAN_POINT('',(-0.567932731414,-11.1836036908));
#4413 = CARTESIAN_POINT('',(-0.623623890968,-11.23026277305));
#4414 = CARTESIAN_POINT('',(-0.678799813324,-11.27753220299));
#4415 = CARTESIAN_POINT('',(-0.733442474747,-11.32541998819));
#4416 = CARTESIAN_POINT('',(-0.787558524366,-11.37389977847));
#4417 = CARTESIAN_POINT('',(-0.84113063342,-11.42297712807));
#4418 = CARTESIAN_POINT('',(-0.951344759458,-11.52620896825));
#4419 = CARTESIAN_POINT('',(-1.007896679386,-11.58046014986));
#4420 = CARTESIAN_POINT('',(-1.063799185521,-11.63538605039));
#4421 = CARTESIAN_POINT('',(-1.119041997777,-11.69097808646));
#4422 = CARTESIAN_POINT('',(-1.173614733929,-11.74722757266));
#4423 = CARTESIAN_POINT('',(-1.22750690962,-11.8041257215));
#4424 = CARTESIAN_POINT('',(-1.280707938355,-11.86166364345));
#4425 = CARTESIAN_POINT('',(-1.40329117649,-11.99748493136));
#4426 = CARTESIAN_POINT('',(-1.472124201757,-12.07626179125));
#4427 = CARTESIAN_POINT('',(-1.539705514545,-12.15612599382));
#4428 = CARTESIAN_POINT('',(-1.606035847645,-12.23704031562));
#4429 = CARTESIAN_POINT('',(-1.67111724256,-12.31896735344));
#4430 = CARTESIAN_POINT('',(-1.734952932643,-12.4018696353));
#4431 = CARTESIAN_POINT('',(-1.797547226258,-12.48570973135));
#4432 = CARTESIAN_POINT('',(-1.884011755487,-12.60512430552));
#4433 = CARTESIAN_POINT('',(-1.90891121747,-12.63994895969));
#4434 = CARTESIAN_POINT('',(-1.933603996622,-12.67492193888));
#4435 = CARTESIAN_POINT('',(-1.958090524709,-12.71004064678));
#4436 = CARTESIAN_POINT('',(-1.982371326439,-12.74530241477));
#4437 = CARTESIAN_POINT('',(-2.006446901392,-12.78070463758));
#4438 = CARTESIAN_POINT('',(-2.030317605945,-12.8162449088));
#4439 = CARTESIAN_POINT('',(-2.100039526648,-12.92135029));
#4440 = CARTESIAN_POINT('',(-2.145319675855,-12.99129480703));
#4441 = CARTESIAN_POINT('',(-2.189824155156,-13.06174017859));
#4442 = CARTESIAN_POINT('',(-2.233553375713,-13.13267190098));
#4443 = CARTESIAN_POINT('',(-2.27650798751,-13.20407549577));
#4444 = CARTESIAN_POINT('',(-2.318688879356,-13.27593650986));
#4445 = CARTESIAN_POINT('',(-2.360097178881,-13.34824051544));
#4446 = CARTESIAN_POINT('',(-2.435164900442,-13.48259738869));
#4447 = CARTESIAN_POINT('',(-2.469041885645,-13.54452935251));
#4448 = CARTESIAN_POINT('',(-2.502366033105,-13.6067602536));
#4449 = CARTESIAN_POINT('',(-2.535138252103,-13.66928137824));
#4450 = CARTESIAN_POINT('',(-2.567359536245,-13.73208404682));
#4451 = CARTESIAN_POINT('',(-2.599030963468,-13.79515961381));
#4452 = CARTESIAN_POINT('',(-2.630153696035,-13.85849946782));
#4453 = CARTESIAN_POINT('',(-2.686428175957,-13.97554849389));
#4454 = CARTESIAN_POINT('',(-2.7117404529,-14.02918267301));
#4455 = CARTESIAN_POINT('',(-2.736669307006,-14.08299202005));
#4456 = CARTESIAN_POINT('',(-2.761199651598,-14.13697285054));
#4457 = CARTESIAN_POINT('',(-2.785370414208,-14.19111757602));
#4458 = CARTESIAN_POINT('',(-2.809162380233,-14.24542271665));
#4459 = CARTESIAN_POINT('',(-2.83259600802,-14.29988204611));
#4460 = CARTESIAN_POINT('',(-2.895670266802,-14.44912915498));
#4461 = CARTESIAN_POINT('',(-2.934601213017,-14.54421613128));
#4462 = CARTESIAN_POINT('',(-2.97250537753,-14.63972510547));
#4463 = CARTESIAN_POINT('',(-3.009422180387,-14.73563020564));
#4464 = CARTESIAN_POINT('',(-3.045392278507,-14.83190629978));
#4465 = CARTESIAN_POINT('',(-3.080457398296,-14.92852906395));
#4466 = CARTESIAN_POINT('',(-3.11466016828,-15.02547505032));
#4467 = CARTESIAN_POINT('',(-3.18819838628,-15.2396913151));
#4468 = CARTESIAN_POINT('',(-3.227168216248,-15.35709549437));
#4469 = CARTESIAN_POINT('',(-3.265026637987,-15.47489530485));
#4470 = CARTESIAN_POINT('',(-3.301856176772,-15.5930532454));
#4471 = CARTESIAN_POINT('',(-3.337729213099,-15.71153309754));
#4472 = CARTESIAN_POINT('',(-3.372723528644,-15.83030016712));
#4473 = CARTESIAN_POINT('',(-3.406930355981,-15.9493214412));
#4474 = CARTESIAN_POINT('',(-3.478128229913,-16.20288699291));
#4475 = CARTESIAN_POINT('',(-3.514925376009,-16.33749037793));
#4476 = CARTESIAN_POINT('',(-3.550904691264,-16.47233014813));
#4477 = CARTESIAN_POINT('',(-3.586167437702,-16.60736229519));
#4478 = CARTESIAN_POINT('',(-3.620815302528,-16.74254393844));
#4479 = CARTESIAN_POINT('',(-3.654950398127,-16.87783332487));
#4480 = CARTESIAN_POINT('',(-3.688675262069,-17.01318982913));
#4481 = CARTESIAN_POINT('',(-3.737153255946,-17.20958788672));
#4482 = CARTESIAN_POINT('',(-3.752151234715,-17.27060731715));
#4483 = CARTESIAN_POINT('',(-3.767096212578,-17.33162857541));
#4484 = CARTESIAN_POINT('',(-3.781997628489,-17.39264799592));
#4485 = CARTESIAN_POINT('',(-3.796864941179,-17.45366191689));
#4486 = CARTESIAN_POINT('',(-3.811707629157,-17.51466668034));
#4487 = CARTESIAN_POINT('',(-3.826535190711,-17.57565863212));
#4488 = CARTESIAN_POINT('',(-3.856896768999,-17.7005620157));
#4489 = CARTESIAN_POINT('',(-3.872430230225,-17.7644717894));
#4490 = CARTESIAN_POINT('',(-3.887968496023,-17.82835923892));
#4491 = CARTESIAN_POINT('',(-3.903522564728,-17.89222012945));
#4492 = CARTESIAN_POINT('',(-3.91910346457,-17.95605019535));
#4493 = CARTESIAN_POINT('',(-3.934722253679,-18.0198451402));
#4494 = CARTESIAN_POINT('',(-3.950390020078,-18.08360063677));
#4495 = CARTESIAN_POINT('',(-3.981443061667,-18.20939280201));
#4496 = CARTESIAN_POINT('',(-3.996825299186,-18.27143166171));
#4497 = CARTESIAN_POINT('',(-4.012274881615,-18.33342487425));
#4498 = CARTESIAN_POINT('',(-4.027802127074,-18.39536834772));
#4499 = CARTESIAN_POINT('',(-4.043417384436,-18.45725793019));
#4500 = CARTESIAN_POINT('',(-4.059131033327,-18.51908940967));
#4501 = CARTESIAN_POINT('',(-4.074953484126,-18.58085851416));
#4502 = CARTESIAN_POINT('',(-4.090895177964,-18.64256091161));
#4503 = ( GEOMETRIC_REPRESENTATION_CONTEXT(2) 
PARAMETRIC_REPRESENTATION_CONTEXT() REPRESENTATION_CONTEXT('2D SPACE',''
  ) );
#4504 = ORIENTED_EDGE('',*,*,#4505,.T.);
#4505 = EDGE_CURVE('',#4166,#4009,#4506,.T.);
#4506 = SURFACE_CURVE('',#4507,(#4511,#4518),.PCURVE_S1.);
#4507 = LINE('',#4508,#4509);
#4508 = CARTESIAN_POINT('',(1.357439088381,40.64965665537,-2.25));
#4509 = VECTOR('',#4510,1.);
#4510 = DIRECTION('',(0.,0.,1.));
#4511 = PCURVE('',#4114,#4512);
#4512 = DEFINITIONAL_REPRESENTATION('',(#4513),#4517);
#4513 = LINE('',#4514,#4515);
#4514 = CARTESIAN_POINT('',(0.,0.));
#4515 = VECTOR('',#4516,1.);
#4516 = DIRECTION('',(0.,-1.));
#4517 = ( GEOMETRIC_REPRESENTATION_CONTEXT(2) 
PARAMETRIC_REPRESENTATION_CONTEXT() REPRESENTATION_CONTEXT('2D SPACE',''
  ) );
#4518 = PCURVE('',#4024,#4519);
#4519 = DEFINITIONAL_REPRESENTATION('',(#4520),#4524);
#4520 = LINE('',#4521,#4522);
#4521 = CARTESIAN_POINT('',(2.714878176762,0.));
#4522 = VECTOR('',#4523,1.);
#4523 = DIRECTION('',(0.,-1.));
#4524 = ( GEOMETRIC_REPRESENTATION_CONTEXT(2) 
PARAMETRIC_REPRESENTATION_CONTEXT() REPRESENTATION_CONTEXT('2D SPACE',''
  ) );
#4525 = ORIENTED_EDGE('',*,*,#4036,.T.);
#4526 = ORIENTED_EDGE('',*,*,#4527,.F.);
#4527 = EDGE_CURVE('',#4528,#3799,#4530,.T.);
#4528 = VERTEX_POINT('',#4529);
#4529 = CARTESIAN_POINT('',(11.147722676215,21.3,-2.));
#4530 = SURFACE_CURVE('',#4531,(#4534,#4540),.PCURVE_S1.);
#4531 = B_SPLINE_CURVE_WITH_KNOTS('',1,(#4532,#4533),.UNSPECIFIED.,.F.,
  .F.,(2,2),(1.,2.),.PIECEWISE_BEZIER_KNOTS.);
#4532 = CARTESIAN_POINT('',(11.147722676215,21.3,-2.25));
#4533 = CARTESIAN_POINT('',(11.147722676215,21.3,0.2));
#4534 = PCURVE('',#4114,#4535);
#4535 = DEFINITIONAL_REPRESENTATION('',(#4536),#4539);
#4536 = B_SPLINE_CURVE_WITH_KNOTS('',1,(#4537,#4538),.UNSPECIFIED.,.F.,
  .F.,(2,2),(1.,2.),.PIECEWISE_BEZIER_KNOTS.);
#4537 = CARTESIAN_POINT('',(24.992851559876,0.));
#4538 = CARTESIAN_POINT('',(24.992851559876,-2.45));
#4539 = ( GEOMETRIC_REPRESENTATION_CONTEXT(2) 
PARAMETRIC_REPRESENTATION_CONTEXT() REPRESENTATION_CONTEXT('2D SPACE',''
  ) );
#4540 = PCURVE('',#310,#4541);
#4541 = DEFINITIONAL_REPRESENTATION('',(#4542),#4546);
#4542 = LINE('',#4543,#4544);
#4543 = CARTESIAN_POINT('',(0.,1.));
#4544 = VECTOR('',#4545,1.);
#4545 = DIRECTION('',(1.,0.));
#4546 = ( GEOMETRIC_REPRESENTATION_CONTEXT(2) 
PARAMETRIC_REPRESENTATION_CONTEXT() REPRESENTATION_CONTEXT('2D SPACE',''
  ) );
#4547 = ORIENTED_EDGE('',*,*,#4548,.T.);
#4548 = EDGE_CURVE('',#4528,#4164,#4549,.T.);
#4549 = SURFACE_CURVE('',#4550,(#4714,#4881),.PCURVE_S1.);
#4550 = B_SPLINE_CURVE_WITH_KNOTS('',8,(#4551,#4552,#4553,#4554,#4555,
    #4556,#4557,#4558,#4559,#4560,#4561,#4562,#4563,#4564,#4565,#4566,
    #4567,#4568,#4569,#4570,#4571,#4572,#4573,#4574,#4575,#4576,#4577,
    #4578,#4579,#4580,#4581,#4582,#4583,#4584,#4585,#4586,#4587,#4588,
    #4589,#4590,#4591,#4592,#4593,#4594,#4595,#4596,#4597,#4598,#4599,
    #4600,#4601,#4602,#4603,#4604,#4605,#4606,#4607,#4608,#4609,#4610,
    #4611,#4612,#4613,#4614,#4615,#4616,#4617,#4618,#4619,#4620,#4621,
    #4622,#4623,#4624,#4625,#4626,#4627,#4628,#4629,#4630,#4631,#4632,
    #4633,#4634,#4635,#4636,#4637,#4638,#4639,#4640,#4641,#4642,#4643,
    #4644,#4645,#4646,#4647,#4648,#4649,#4650,#4651,#4652,#4653,#4654,
    #4655,#4656,#4657,#4658,#4659,#4660,#4661,#4662,#4663,#4664,#4665,
    #4666,#4667,#4668,#4669,#4670,#4671,#4672,#4673,#4674,#4675,#4676,
    #4677,#4678,#4679,#4680,#4681,#4682,#4683,#4684,#4685,#4686,#4687,
    #4688,#4689,#4690,#4691,#4692,#4693,#4694,#4695,#4696,#4697,#4698,
    #4699,#4700,#4701,#4702,#4703,#4704,#4705,#4706,#4707,#4708,#4709,
    #4710,#4711,#4712,#4713),.UNSPECIFIED.,.F.,.F.,(9,7,7,7,7,7,7,7,7,7,
    7,7,7,7,7,7,7,7,7,7,7,7,7,9),(0.,5.589101649027E-02,
    9.315169434211E-02,0.131964900586,0.150595238939,0.189408445713,
    0.209591311985,0.235984296922,0.260824747023,0.285665225683,
    0.34310882766,0.430050583552,0.473521500401,0.518545024388,
    0.586856828566,0.638090959264,0.714166681993,0.752981358559,
    0.791796538282,0.84303384563,0.88185109519,0.911352960016,
    0.956383955426,1.),.UNSPECIFIED.);
#4551 = CARTESIAN_POINT('',(11.147722676215,21.3,-2.));
#4552 = CARTESIAN_POINT('',(11.151623151823,21.412400177739,-2.));
#4553 = CARTESIAN_POINT('',(11.15549568808,21.524801326263,-2.));
#4554 = CARTESIAN_POINT('',(11.15934035989,21.63720343489,-2.));
#4555 = CARTESIAN_POINT('',(11.163157206422,21.749606494034,-2.));
#4556 = CARTESIAN_POINT('',(11.166946231118,21.86201049521,-2.));
#4557 = CARTESIAN_POINT('',(11.170707401685,21.974415431034,-2.));
#4558 = CARTESIAN_POINT('',(11.1744406501,22.086821295218,-2.));
#4559 = CARTESIAN_POINT('',(11.180616020962,22.274165941201,-2.));
#4560 = CARTESIAN_POINT('',(11.183073725238,22.349104209696,-2.));
#4561 = CARTESIAN_POINT('',(11.185519059102,22.424042883416,-2.));
#4562 = CARTESIAN_POINT('',(11.187952096255,22.498981957739,-2.));
#4563 = CARTESIAN_POINT('',(11.190372910437,22.57392142807,-2.));
#4564 = CARTESIAN_POINT('',(11.192781575422,22.648861289834,-2.));
#4565 = CARTESIAN_POINT('',(11.195178165023,22.723801538483,-2.));
#4566 = CARTESIAN_POINT('',(11.200046698998,22.876805327093,-2.));
#4567 = CARTESIAN_POINT('',(11.202517683512,22.954868897745,-2.));
#4568 = CARTESIAN_POINT('',(11.204975438813,23.032932886931,-2.));
#4569 = CARTESIAN_POINT('',(11.20741969509,23.110997300097,-2.));
#4570 = CARTESIAN_POINT('',(11.209850180537,23.18906214265,-2.));
#4571 = CARTESIAN_POINT('',(11.212266621352,23.26712741996,-2.));
#4572 = CARTESIAN_POINT('',(11.214668741737,23.345193137358,-2.));
#4573 = CARTESIAN_POINT('',(11.218202274498,23.460731056977,-2.));
#4574 = CARTESIAN_POINT('',(11.219344895095,23.498202916925,-2.));
#4575 = CARTESIAN_POINT('',(11.22048423849,23.535674876474,-2.));
#4576 = CARTESIAN_POINT('',(11.221620418474,23.573146932083,-2.));
#4577 = CARTESIAN_POINT('',(11.222753549822,23.610619080184,-2.));
#4578 = CARTESIAN_POINT('',(11.223883748301,23.648091317175,-2.));
#4579 = CARTESIAN_POINT('',(11.225011130664,23.685563639428,-2.));
#4580 = CARTESIAN_POINT('',(11.228478906411,23.801103555083,-2.));
#4581 = CARTESIAN_POINT('',(11.230811167077,23.879171394441,-2.));
#4582 = CARTESIAN_POINT('',(11.233126857188,23.957239728079,-2.));
#4583 = CARTESIAN_POINT('',(11.235450447523,24.035307830418,-2.));
#4584 = CARTESIAN_POINT('',(11.237737432442,24.113377016803,-2.));
#4585 = CARTESIAN_POINT('',(11.240035855697,24.191445865544,-2.));
#4586 = CARTESIAN_POINT('',(11.242336858535,24.269514634944,-2.));
#4587 = CARTESIAN_POINT('',(11.245855852384,24.388178522287,-2.));
#4588 = CARTESIAN_POINT('',(11.247063413337,24.428773950479,-2.));
#4589 = CARTESIAN_POINT('',(11.248275780844,24.469369234835,-2.));
#4590 = CARTESIAN_POINT('',(11.24949405372,24.509964342105,-2.));
#4591 = CARTESIAN_POINT('',(11.250719317722,24.55055923907,-2.));
#4592 = CARTESIAN_POINT('',(11.251952645548,24.59115389254,-2.));
#4593 = CARTESIAN_POINT('',(11.253195096841,24.631748269353,-2.));
#4594 = CARTESIAN_POINT('',(11.256085761857,24.725426897562,-2.));
#4595 = CARTESIAN_POINT('',(11.257740314652,24.778510952405,-2.));
#4596 = CARTESIAN_POINT('',(11.259405556078,24.831594679357,-2.));
#4597 = CARTESIAN_POINT('',(11.261075665632,24.884678256622,-2.));
#4598 = CARTESIAN_POINT('',(11.2627448228,24.937761862153,-2.));
#4599 = CARTESIAN_POINT('',(11.264407207058,24.990845673656,-2.));
#4600 = CARTESIAN_POINT('',(11.266056997875,25.043929868589,-2.));
#4601 = CARTESIAN_POINT('',(11.269223787805,25.146976734357,-2.));
#4602 = CARTESIAN_POINT('',(11.270742968122,25.196939336288,-2.));
#4603 = CARTESIAN_POINT('',(11.272239590054,25.246902634718,-2.));
#4604 = CARTESIAN_POINT('',(11.273717616847,25.296866445077,-2.));
#4605 = CARTESIAN_POINT('',(11.275145928509,25.346831792685,-2.));
#4606 = CARTESIAN_POINT('',(11.276559262314,25.396797516488,-2.));
#4607 = CARTESIAN_POINT('',(11.277938673484,25.446764219039,-2.));
#4608 = CARTESIAN_POINT('',(11.280642422984,25.546699161809,-2.));
#4609 = CARTESIAN_POINT('',(11.28196591969,25.596667439087,-2.));
#4610 = CARTESIAN_POINT('',(11.283261395344,25.646636464501,-2.));
#4611 = CARTESIAN_POINT('',(11.284529207308,25.696606209437,-2.));
#4612 = CARTESIAN_POINT('',(11.285769712548,25.746576645696,-2.));
#4613 = CARTESIAN_POINT('',(11.286983267624,25.796547745496,-2.));
#4614 = CARTESIAN_POINT('',(11.288170228696,25.846519481475,-2.));
#4615 = CARTESIAN_POINT('',(11.29201512283,26.012052865079,-2.));
#4616 = CARTESIAN_POINT('',(11.29455927195,26.127617157722,-2.));
#4617 = CARTESIAN_POINT('',(11.296947172669,26.243184897325,-2.));
#4618 = CARTESIAN_POINT('',(11.299173498727,26.358755765128,-2.));
#4619 = CARTESIAN_POINT('',(11.301219145424,26.474330016749,-2.));
#4620 = CARTESIAN_POINT('',(11.303067056129,26.589907789336,-2.));
#4621 = CARTESIAN_POINT('',(11.304717146381,26.705488434122,-2.));
#4622 = CARTESIAN_POINT('',(11.308341061818,26.996008658156,-2.));
#4623 = CARTESIAN_POINT('',(11.310045754227,27.170951594313,-2.));
#4624 = CARTESIAN_POINT('',(11.311248694752,27.34589941122,-2.));
#4625 = CARTESIAN_POINT('',(11.311916697509,27.520850547532,-2.));
#4626 = CARTESIAN_POINT('',(11.312015265297,27.695803130231,-2.));
#4627 = CARTESIAN_POINT('',(11.311512328075,27.87075497724,-2.));
#4628 = CARTESIAN_POINT('',(11.310378146143,28.045703428841,-2.));
#4629 = CARTESIAN_POINT('',(11.307682993166,28.308115875684,-2.));
#4630 = CARTESIAN_POINT('',(11.306618910741,28.395585066096,-2.));
#4631 = CARTESIAN_POINT('',(11.305385321585,28.483052159913,-2.));
#4632 = CARTESIAN_POINT('',(11.303978434086,28.570516714091,-2.));
#4633 = CARTESIAN_POINT('',(11.302394474185,28.657978261747,-2.));
#4634 = CARTESIAN_POINT('',(11.300629685381,28.745436312159,-2.));
#4635 = CARTESIAN_POINT('',(11.298680328723,28.83289035077,-2.));
#4636 = CARTESIAN_POINT('',(11.294328688758,29.010912673262,-2.));
#4637 = CARTESIAN_POINT('',(11.291913342644,29.101480686569,-2.));
#4638 = CARTESIAN_POINT('',(11.289290516103,29.192043129697,-2.));
#4639 = CARTESIAN_POINT('',(11.286445995576,29.282599026915,-2.));
#4640 = CARTESIAN_POINT('',(11.28337047411,29.373147322603,-2.));
#4641 = CARTESIAN_POINT('',(11.280055561791,29.463687021549,-2.));
#4642 = CARTESIAN_POINT('',(11.276488351976,29.554217148177,-2.));
#4643 = CARTESIAN_POINT('',(11.266851647326,29.782076331621,-2.));
#4644 = CARTESIAN_POINT('',(11.260441730969,29.919391208094,-2.));
#4645 = CARTESIAN_POINT('',(11.25339696147,30.056675499928,-2.));
#4646 = CARTESIAN_POINT('',(11.245682134759,30.193924907505,-2.));
#4647 = CARTESIAN_POINT('',(11.237262874321,30.331134107492,-2.));
#4648 = CARTESIAN_POINT('',(11.228106525716,30.46829600886,-2.));
#4649 = CARTESIAN_POINT('',(11.218181283925,30.605402468217,-2.));
#4650 = CARTESIAN_POINT('',(11.199407712191,30.845230018445,-2.));
#4651 = CARTESIAN_POINT('',(11.190910848036,30.947978359559,-2.));
#4652 = CARTESIAN_POINT('',(11.181947119012,31.050687980561,-2.));
#4653 = CARTESIAN_POINT('',(11.172508799115,31.153355668406,-2.));
#4654 = CARTESIAN_POINT('',(11.162576604116,31.255976608428,-2.));
#4655 = CARTESIAN_POINT('',(11.152136832523,31.358546923419,-2.));
#4656 = CARTESIAN_POINT('',(11.141188926572,31.461064334952,-2.));
#4657 = CARTESIAN_POINT('',(11.112633194697,31.715654317866,-2.));
#4658 = CARTESIAN_POINT('',(11.09437390864,31.867654319548,-2.));
#4659 = CARTESIAN_POINT('',(11.074837606313,32.019497102527,-2.));
#4660 = CARTESIAN_POINT('',(11.053951457927,32.17116616264,-2.));
#4661 = CARTESIAN_POINT('',(11.03161592378,32.322637989752,-2.));
#4662 = CARTESIAN_POINT('',(11.007787561594,32.473869628335,-2.));
#4663 = CARTESIAN_POINT('',(10.982355130125,32.624841638311,-2.));
#4664 = CARTESIAN_POINT('',(10.941443591103,32.852391364717,-2.));
#4665 = CARTESIAN_POINT('',(10.927190007237,32.929189299893,-2.));
#4666 = CARTESIAN_POINT('',(10.912497331674,33.005905564784,-2.));
#4667 = CARTESIAN_POINT('',(10.897355272327,33.082534773203,-2.));
#4668 = CARTESIAN_POINT('',(10.881755176191,33.159072039705,-2.));
#4669 = CARTESIAN_POINT('',(10.865690722929,33.235513250672,-2.));
#4670 = CARTESIAN_POINT('',(10.849154480098,33.311853719306,-2.));
#4671 = CARTESIAN_POINT('',(10.81510593922,33.464317717971,-2.));
#4672 = CARTESIAN_POINT('',(10.797594097285,33.540441599413,-2.));
#4673 = CARTESIAN_POINT('',(10.779581899734,33.616449517434,-2.));
#4674 = CARTESIAN_POINT('',(10.761056458087,33.692334432911,-2.));
#4675 = CARTESIAN_POINT('',(10.742004920358,33.768089289736,-2.));
#4676 = CARTESIAN_POINT('',(10.722414501554,33.843706685529,-2.));
#4677 = CARTESIAN_POINT('',(10.70227251418,33.919178542335,-2.));
#4678 = CARTESIAN_POINT('',(10.654233648827,34.093916992071,-2.));
#4679 = CARTESIAN_POINT('',(10.625918171853,34.193068172837,-2.));
#4680 = CARTESIAN_POINT('',(10.596589609931,34.291930081109,-2.));
#4681 = CARTESIAN_POINT('',(10.566222462393,34.390476925472,-2.));
#4682 = CARTESIAN_POINT('',(10.534785093746,34.488689928688,-2.));
#4683 = CARTESIAN_POINT('',(10.502247549464,34.586548034671,-2.));
#4684 = CARTESIAN_POINT('',(10.468588298,34.684019667073,-2.));
#4685 = CARTESIAN_POINT('',(10.407409355322,34.854611688834,-2.));
#4686 = CARTESIAN_POINT('',(10.380379048449,34.927907574989,-2.));
#4687 = CARTESIAN_POINT('',(10.352679083913,35.000954522318,-2.));
#4688 = CARTESIAN_POINT('',(10.324297106789,35.073741232133,-2.));
#4689 = CARTESIAN_POINT('',(10.295221523536,35.146255756837,-2.));
#4690 = CARTESIAN_POINT('',(10.265442741768,35.218484704656,-2.));
#4691 = CARTESIAN_POINT('',(10.234952546338,35.290413586636,-2.));
#4692 = CARTESIAN_POINT('',(10.180020694244,35.416456885736,-2.));
#4693 = CARTESIAN_POINT('',(10.155883344747,35.470704039755,-2.));
#4694 = CARTESIAN_POINT('',(10.131325849172,35.524763472138,-2.));
#4695 = CARTESIAN_POINT('',(10.106344179529,35.578628884465,-2.));
#4696 = CARTESIAN_POINT('',(10.08093422238,35.63229391945,-2.));
#4697 = CARTESIAN_POINT('',(10.055092007312,35.685752104699,-2.));
#4698 = CARTESIAN_POINT('',(10.028813935405,35.738996796459,-2.));
#4699 = CARTESIAN_POINT('',(9.961316878866,35.872956285786,-2.));
#4700 = CARTESIAN_POINT('',(9.919514346262,35.953377727823,-2.));
#4701 = CARTESIAN_POINT('',(9.876682345024,36.033261454794,-2.));
#4702 = CARTESIAN_POINT('',(9.832805897004,36.112580302785,-2.));
#4703 = CARTESIAN_POINT('',(9.787881319074,36.191310038789,-2.));
#4704 = CARTESIAN_POINT('',(9.741901289711,36.269424813825,-2.));
#4705 = CARTESIAN_POINT('',(9.694846352942,36.346894526721,-2.));
#4706 = CARTESIAN_POINT('',(9.600112628637,36.498085531625,-2.));
#4707 = CARTESIAN_POINT('',(9.552499823854,36.571848072531,-2.));
#4708 = CARTESIAN_POINT('',(9.503884053976,36.644960579587,-2.));
#4709 = CARTESIAN_POINT('',(9.45427314165,36.717405265563,-2.));
#4710 = CARTESIAN_POINT('',(9.403654916685,36.78915007348,-2.));
#4711 = CARTESIAN_POINT('',(9.3520490525,36.860184169478,-2.));
#4712 = CARTESIAN_POINT('',(9.299440240844,36.930472826374,-2.));
#4713 = CARTESIAN_POINT('',(9.245841607128,37.,-2.));
#4714 = PCURVE('',#4114,#4715);
#4715 = DEFINITIONAL_REPRESENTATION('',(#4716),#4880);
#4716 = B_SPLINE_CURVE_WITH_KNOTS('',8,(#4717,#4718,#4719,#4720,#4721,
    #4722,#4723,#4724,#4725,#4726,#4727,#4728,#4729,#4730,#4731,#4732,
    #4733,#4734,#4735,#4736,#4737,#4738,#4739,#4740,#4741,#4742,#4743,
    #4744,#4745,#4746,#4747,#4748,#4749,#4750,#4751,#4752,#4753,#4754,
    #4755,#4756,#4757,#4758,#4759,#4760,#4761,#4762,#4763,#4764,#4765,
    #4766,#4767,#4768,#4769,#4770,#4771,#4772,#4773,#4774,#4775,#4776,
    #4777,#4778,#4779,#4780,#4781,#4782,#4783,#4784,#4785,#4786,#4787,
    #4788,#4789,#4790,#4791,#4792,#4793,#4794,#4795,#4796,#4797,#4798,
    #4799,#4800,#4801,#4802,#4803,#4804,#4805,#4806,#4807,#4808,#4809,
    #4810,#4811,#4812,#4813,#4814,#4815,#4816,#4817,#4818,#4819,#4820,
    #4821,#4822,#4823,#4824,#4825,#4826,#4827,#4828,#4829,#4830,#4831,
    #4832,#4833,#4834,#4835,#4836,#4837,#4838,#4839,#4840,#4841,#4842,
    #4843,#4844,#4845,#4846,#4847,#4848,#4849,#4850,#4851,#4852,#4853,
    #4854,#4855,#4856,#4857,#4858,#4859,#4860,#4861,#4862,#4863,#4864,
    #4865,#4866,#4867,#4868,#4869,#4870,#4871,#4872,#4873,#4874,#4875,
    #4876,#4877,#4878,#4879),.UNSPECIFIED.,.F.,.F.,(9,7,7,7,7,7,7,7,7,7,
    7,7,7,7,7,7,7,7,7,7,7,7,7,9),(0.,5.589101649027E-02,
    9.315169434211E-02,0.131964900586,0.150595238939,0.189408445713,
    0.209591311985,0.235984296922,0.260824747023,0.285665225683,
    0.34310882766,0.430050583552,0.473521500401,0.518545024388,
    0.586856828566,0.638090959264,0.714166681993,0.752981358559,
    0.791796538282,0.84303384563,0.88185109519,0.911352960016,
    0.956383955426,1.),.UNSPECIFIED.);
#4717 = CARTESIAN_POINT('',(24.992851559876,-0.25));
#4718 = CARTESIAN_POINT('',(24.880383724922,-0.25));
#4719 = CARTESIAN_POINT('',(24.767915891034,-0.25));
#4720 = CARTESIAN_POINT('',(24.655448058328,-0.25));
#4721 = CARTESIAN_POINT('',(24.542980226737,-0.25));
#4722 = CARTESIAN_POINT('',(24.430512396008,-0.25));
#4723 = CARTESIAN_POINT('',(24.318044565705,-0.25));
#4724 = CARTESIAN_POINT('',(24.20557673521,-0.25));
#4725 = CARTESIAN_POINT('',(24.018130349008,-0.25));
#4726 = CARTESIAN_POINT('',(23.943151793978,-0.25));
#4727 = CARTESIAN_POINT('',(23.868173238826,-0.25));
#4728 = CARTESIAN_POINT('',(23.79319468372,-0.25));
#4729 = CARTESIAN_POINT('',(23.718216128806,-0.25));
#4730 = CARTESIAN_POINT('',(23.643237574203,-0.25));
#4731 = CARTESIAN_POINT('',(23.568259020006,-0.25));
#4732 = CARTESIAN_POINT('',(23.415177805857,-0.25));
#4733 = CARTESIAN_POINT('',(23.337075146043,-0.25));
#4734 = CARTESIAN_POINT('',(23.258972486318,-0.25));
#4735 = CARTESIAN_POINT('',(23.180869826252,-0.25));
#4736 = CARTESIAN_POINT('',(23.102767165509,-0.25));
#4737 = CARTESIAN_POINT('',(23.024664503849,-0.25));
#4738 = CARTESIAN_POINT('',(22.946561841125,-0.25));
#4739 = CARTESIAN_POINT('',(22.830969899942,-0.25));
#4740 = CARTESIAN_POINT('',(22.793480622604,-0.25));
#4741 = CARTESIAN_POINT('',(22.755991345267,-0.25));
#4742 = CARTESIAN_POINT('',(22.71850206793,-0.25));
#4743 = CARTESIAN_POINT('',(22.68101279059,-0.25));
#4744 = CARTESIAN_POINT('',(22.643523513248,-0.25));
#4745 = CARTESIAN_POINT('',(22.606034235906,-0.25));
#4746 = CARTESIAN_POINT('',(22.490442293677,-0.25));
#4747 = CARTESIAN_POINT('',(22.412339629075,-0.25));
#4748 = CARTESIAN_POINT('',(22.33423696846,-0.25));
#4749 = CARTESIAN_POINT('',(22.256134304287,-0.25));
#4750 = CARTESIAN_POINT('',(22.178031651078,-0.25));
#4751 = CARTESIAN_POINT('',(22.099928992361,-0.25));
#4752 = CARTESIAN_POINT('',(22.021826333549,-0.25));
#4753 = CARTESIAN_POINT('',(21.90311028682,-0.25));
#4754 = CARTESIAN_POINT('',(21.862496903174,-0.25));
#4755 = CARTESIAN_POINT('',(21.82188351848,-0.25));
#4756 = CARTESIAN_POINT('',(21.781270132946,-0.25));
#4757 = CARTESIAN_POINT('',(21.740656747146,-0.25));
#4758 = CARTESIAN_POINT('',(21.700043362011,-0.25));
#4759 = CARTESIAN_POINT('',(21.65942997884,-0.25));
#4760 = CARTESIAN_POINT('',(21.565706783263,-0.25));
#4761 = CARTESIAN_POINT('',(21.512596976478,-0.25));
#4762 = CARTESIAN_POINT('',(21.459487174928,-0.25));
#4763 = CARTESIAN_POINT('',(21.406377374852,-0.25));
#4764 = CARTESIAN_POINT('',(21.353267572738,-0.25));
#4765 = CARTESIAN_POINT('',(21.300157765322,-0.25));
#4766 = CARTESIAN_POINT('',(21.247047949589,-0.25));
#4767 = CARTESIAN_POINT('',(21.143952416118,-0.25));
#4768 = CARTESIAN_POINT('',(21.093966701891,-0.25));
#4769 = CARTESIAN_POINT('',(21.043980970253,-0.25));
#4770 = CARTESIAN_POINT('',(20.993995254996,-0.25));
#4771 = CARTESIAN_POINT('',(20.944009558761,-0.25));
#4772 = CARTESIAN_POINT('',(20.894023857904,-0.25));
#4773 = CARTESIAN_POINT('',(20.844038168759,-0.25));
#4774 = CARTESIAN_POINT('',(20.744066769406,-0.25));
#4775 = CARTESIAN_POINT('',(20.694081050414,-0.25));
#4776 = CARTESIAN_POINT('',(20.644095340254,-0.25));
#4777 = CARTESIAN_POINT('',(20.594109637933,-0.25));
#4778 = CARTESIAN_POINT('',(20.544123942048,-0.25));
#4779 = CARTESIAN_POINT('',(20.494138250788,-0.25));
#4780 = CARTESIAN_POINT('',(20.444152561934,-0.25));
#4781 = CARTESIAN_POINT('',(20.278574976783,-0.25));
#4782 = CARTESIAN_POINT('',(20.162983043582,-0.25));
#4783 = CARTESIAN_POINT('',(20.047391151488,-0.25));
#4784 = CARTESIAN_POINT('',(19.931799057721,-0.25));
#4785 = CARTESIAN_POINT('',(19.816206997299,-0.25));
#4786 = CARTESIAN_POINT('',(19.700615167327,-0.25));
#4787 = CARTESIAN_POINT('',(19.5850232547,-0.25));
#4788 = CARTESIAN_POINT('',(19.294481301098,-0.25));
#4789 = CARTESIAN_POINT('',(19.119531261731,-0.25));
#4790 = CARTESIAN_POINT('',(18.944581270078,-0.25));
#4791 = CARTESIAN_POINT('',(18.769631263453,-0.25));
#4792 = CARTESIAN_POINT('',(18.594681255151,-0.25));
#4793 = CARTESIAN_POINT('',(18.419731345761,-0.25));
#4794 = CARTESIAN_POINT('',(18.244781584106,-0.25));
#4795 = CARTESIAN_POINT('',(17.98235664635,-0.25));
#4796 = CARTESIAN_POINT('',(17.894881642202,-0.25));
#4797 = CARTESIAN_POINT('',(17.807406648354,-0.25));
#4798 = CARTESIAN_POINT('',(17.719931656317,-0.25));
#4799 = CARTESIAN_POINT('',(17.632456666106,-0.25));
#4800 = CARTESIAN_POINT('',(17.544981686238,-0.25));
#4801 = CARTESIAN_POINT('',(17.457506733733,-0.25));
#4802 = CARTESIAN_POINT('',(17.279432681237,-0.25));
#4803 = CARTESIAN_POINT('',(17.188833616036,-0.25));
#4804 = CARTESIAN_POINT('',(17.098234580431,-0.25));
#4805 = CARTESIAN_POINT('',(17.007635528018,-0.25));
#4806 = CARTESIAN_POINT('',(16.917036359694,-0.25));
#4807 = CARTESIAN_POINT('',(16.82643712632,-0.25));
#4808 = CARTESIAN_POINT('',(16.735838077908,-0.25));
#4809 = CARTESIAN_POINT('',(16.507778175499,-0.25));
#4810 = CARTESIAN_POINT('',(16.370317594609,-0.25));
#4811 = CARTESIAN_POINT('',(16.232856319548,-0.25));
#4812 = CARTESIAN_POINT('',(16.095395266827,-0.25));
#4813 = CARTESIAN_POINT('',(15.957934999387,-0.25));
#4814 = CARTESIAN_POINT('',(15.820474941182,-0.25));
#4815 = CARTESIAN_POINT('',(15.683014153104,-0.25));
#4816 = CARTESIAN_POINT('',(15.44245774957,-0.25));
#4817 = CARTESIAN_POINT('',(15.339362065928,-0.25));
#4818 = CARTESIAN_POINT('',(15.236266578637,-0.25));
#4819 = CARTESIAN_POINT('',(15.133171124682,-0.25));
#4820 = CARTESIAN_POINT('',(15.030075323841,-0.25));
#4821 = CARTESIAN_POINT('',(14.926979463814,-0.25));
#4822 = CARTESIAN_POINT('',(14.823884533019,-0.25));
#4823 = CARTESIAN_POINT('',(14.567707554719,-0.25));
#4824 = CARTESIAN_POINT('',(14.414626163262,-0.25));
#4825 = CARTESIAN_POINT('',(14.261541879428,-0.25));
#4826 = CARTESIAN_POINT('',(14.108459598395,-0.25));
#4827 = CARTESIAN_POINT('',(13.955385149153,-0.25));
#4828 = CARTESIAN_POINT('',(13.802299087105,-0.25));
#4829 = CARTESIAN_POINT('',(13.649219690651,-0.25));
#4830 = CARTESIAN_POINT('',(13.418036807776,-0.25));
#4831 = CARTESIAN_POINT('',(13.339933895835,-0.25));
#4832 = CARTESIAN_POINT('',(13.261831135371,-0.25));
#4833 = CARTESIAN_POINT('',(13.183728171552,-0.25));
#4834 = CARTESIAN_POINT('',(13.10562504232,-0.25));
#4835 = CARTESIAN_POINT('',(13.027522287516,-0.25));
#4836 = CARTESIAN_POINT('',(12.949420390652,-0.25));
#4837 = CARTESIAN_POINT('',(12.793215703583,-0.25));
#4838 = CARTESIAN_POINT('',(12.715113120063,-0.25));
#4839 = CARTESIAN_POINT('',(12.637010132645,-0.25));
#4840 = CARTESIAN_POINT('',(12.558906780641,-0.25));
#4841 = CARTESIAN_POINT('',(12.480803489961,-0.25));
#4842 = CARTESIAN_POINT('',(12.402700750277,-0.25));
#4843 = CARTESIAN_POINT('',(12.324598792179,-0.25));
#4844 = CARTESIAN_POINT('',(12.143400691944,-0.25));
#4845 = CARTESIAN_POINT('',(12.040304281637,-0.25));
#4846 = CARTESIAN_POINT('',(11.937209229588,-0.25));
#4847 = CARTESIAN_POINT('',(11.83411049377,-0.25));
#4848 = CARTESIAN_POINT('',(11.731013159037,-0.25));
#4849 = CARTESIAN_POINT('',(11.627921104691,-0.25));
#4850 = CARTESIAN_POINT('',(11.524827063712,-0.25));
#4851 = CARTESIAN_POINT('',(11.343629494179,-0.25));
#4852 = CARTESIAN_POINT('',(11.265526033549,-0.25));
#4853 = CARTESIAN_POINT('',(11.187421566646,-0.25));
#4854 = CARTESIAN_POINT('',(11.109317601167,-0.25));
#4855 = CARTESIAN_POINT('',(11.03121529783,-0.25));
#4856 = CARTESIAN_POINT('',(10.953114242794,-0.25));
#4857 = CARTESIAN_POINT('',(10.875013061489,-0.25));
#4858 = CARTESIAN_POINT('',(10.737553451871,-0.25));
#4859 = CARTESIAN_POINT('',(10.678195102699,-0.25));
#4860 = CARTESIAN_POINT('',(10.618836555047,-0.25));
#4861 = CARTESIAN_POINT('',(10.559477901816,-0.25));
#4862 = CARTESIAN_POINT('',(10.500119436827,-0.25));
#4863 = CARTESIAN_POINT('',(10.440761491529,-0.25));
#4864 = CARTESIAN_POINT('',(10.381404271714,-0.25));
#4865 = CARTESIAN_POINT('',(10.231447124266,-0.25));
#4866 = CARTESIAN_POINT('',(10.140847851178,-0.25));
#4867 = CARTESIAN_POINT('',(10.050248019059,-0.25));
#4868 = CARTESIAN_POINT('',(9.959648840425,-0.25));
#4869 = CARTESIAN_POINT('',(9.869048842796,-0.25));
#4870 = CARTESIAN_POINT('',(9.778448170712,-0.25));
#4871 = CARTESIAN_POINT('',(9.687851109729,-0.25));
#4872 = CARTESIAN_POINT('',(9.509505572887,-0.25));
#4873 = CARTESIAN_POINT('',(9.421757246943,-0.25));
#4874 = CARTESIAN_POINT('',(9.33400961292,-0.25));
#4875 = CARTESIAN_POINT('',(9.246261172193,-0.25));
#4876 = CARTESIAN_POINT('',(9.158513630001,-0.25));
#4877 = CARTESIAN_POINT('',(9.070764914629,-0.25));
#4878 = CARTESIAN_POINT('',(8.983017622977,-0.25));
#4879 = CARTESIAN_POINT('',(8.895271232024,-0.25));
#4880 = ( GEOMETRIC_REPRESENTATION_CONTEXT(2) 
PARAMETRIC_REPRESENTATION_CONTEXT() REPRESENTATION_CONTEXT('2D SPACE',''
  ) );
#4881 = PCURVE('',#4882,#4887);
#4882 = PLANE('',#4883);
#4883 = AXIS2_PLACEMENT_3D('',#4884,#4885,#4886);
#4884 = CARTESIAN_POINT('',(20.,21.174235832114,-2.));
#4885 = DIRECTION('',(0.,-5.480694194524E-17,1.));
#4886 = DIRECTION('',(0.,-1.,-5.480694194524E-17));
#4887 = DEFINITIONAL_REPRESENTATION('',(#4888),#5052);
#4888 = B_SPLINE_CURVE_WITH_KNOTS('',8,(#4889,#4890,#4891,#4892,#4893,
    #4894,#4895,#4896,#4897,#4898,#4899,#4900,#4901,#4902,#4903,#4904,
    #4905,#4906,#4907,#4908,#4909,#4910,#4911,#4912,#4913,#4914,#4915,
    #4916,#4917,#4918,#4919,#4920,#4921,#4922,#4923,#4924,#4925,#4926,
    #4927,#4928,#4929,#4930,#4931,#4932,#4933,#4934,#4935,#4936,#4937,
    #4938,#4939,#4940,#4941,#4942,#4943,#4944,#4945,#4946,#4947,#4948,
    #4949,#4950,#4951,#4952,#4953,#4954,#4955,#4956,#4957,#4958,#4959,
    #4960,#4961,#4962,#4963,#4964,#4965,#4966,#4967,#4968,#4969,#4970,
    #4971,#4972,#4973,#4974,#4975,#4976,#4977,#4978,#4979,#4980,#4981,
    #4982,#4983,#4984,#4985,#4986,#4987,#4988,#4989,#4990,#4991,#4992,
    #4993,#4994,#4995,#4996,#4997,#4998,#4999,#5000,#5001,#5002,#5003,
    #5004,#5005,#5006,#5007,#5008,#5009,#5010,#5011,#5012,#5013,#5014,
    #5015,#5016,#5017,#5018,#5019,#5020,#5021,#5022,#5023,#5024,#5025,
    #5026,#5027,#5028,#5029,#5030,#5031,#5032,#5033,#5034,#5035,#5036,
    #5037,#5038,#5039,#5040,#5041,#5042,#5043,#5044,#5045,#5046,#5047,
    #5048,#5049,#5050,#5051),.UNSPECIFIED.,.F.,.F.,(9,7,7,7,7,7,7,7,7,7,
    7,7,7,7,7,7,7,7,7,7,7,7,7,9),(0.,5.589101649027E-02,
    9.315169434211E-02,0.131964900586,0.150595238939,0.189408445713,
    0.209591311985,0.235984296922,0.260824747023,0.285665225683,
    0.34310882766,0.430050583552,0.473521500401,0.518545024388,
    0.586856828566,0.638090959264,0.714166681993,0.752981358559,
    0.791796538282,0.84303384563,0.88185109519,0.911352960016,
    0.956383955426,1.),.UNSPECIFIED.);
#4889 = CARTESIAN_POINT('',(-0.125764167886,-8.852277323785));
#4890 = CARTESIAN_POINT('',(-0.238164345624,-8.848376848177));
#4891 = CARTESIAN_POINT('',(-0.350565494149,-8.84450431192));
#4892 = CARTESIAN_POINT('',(-0.462967602775,-8.84065964011));
#4893 = CARTESIAN_POINT('',(-0.575370661919,-8.836842793578));
#4894 = CARTESIAN_POINT('',(-0.687774663096,-8.833053768882));
#4895 = CARTESIAN_POINT('',(-0.80017959892,-8.829292598315));
#4896 = CARTESIAN_POINT('',(-0.912585463104,-8.8255593499));
#4897 = CARTESIAN_POINT('',(-1.099930109087,-8.819383979038));
#4898 = CARTESIAN_POINT('',(-1.174868377582,-8.816926274762));
#4899 = CARTESIAN_POINT('',(-1.249807051302,-8.814480940898));
#4900 = CARTESIAN_POINT('',(-1.324746125625,-8.812047903745));
#4901 = CARTESIAN_POINT('',(-1.399685595955,-8.809627089563));
#4902 = CARTESIAN_POINT('',(-1.47462545772,-8.807218424578));
#4903 = CARTESIAN_POINT('',(-1.549565706369,-8.804821834977));
#4904 = CARTESIAN_POINT('',(-1.702569494979,-8.799953301002));
#4905 = CARTESIAN_POINT('',(-1.780633065631,-8.797482316488));
#4906 = CARTESIAN_POINT('',(-1.858697054817,-8.795024561187));
#4907 = CARTESIAN_POINT('',(-1.936761467983,-8.79258030491));
#4908 = CARTESIAN_POINT('',(-2.014826310536,-8.790149819463));
#4909 = CARTESIAN_POINT('',(-2.092891587846,-8.787733378648));
#4910 = CARTESIAN_POINT('',(-2.170957305244,-8.785331258263));
#4911 = CARTESIAN_POINT('',(-2.286495224863,-8.781797725502));
#4912 = CARTESIAN_POINT('',(-2.323967084811,-8.780655104905));
#4913 = CARTESIAN_POINT('',(-2.36143904436,-8.77951576151));
#4914 = CARTESIAN_POINT('',(-2.398911099969,-8.778379581526));
#4915 = CARTESIAN_POINT('',(-2.436383248069,-8.777246450178));
#4916 = CARTESIAN_POINT('',(-2.473855485061,-8.776116251699));
#4917 = CARTESIAN_POINT('',(-2.511327807314,-8.774988869336));
#4918 = CARTESIAN_POINT('',(-2.626867722969,-8.771521093589));
#4919 = CARTESIAN_POINT('',(-2.704935562327,-8.769188832923));
#4920 = CARTESIAN_POINT('',(-2.783003895965,-8.766873142812));
#4921 = CARTESIAN_POINT('',(-2.861071998304,-8.764549552477));
#4922 = CARTESIAN_POINT('',(-2.939141184689,-8.762262567558));
#4923 = CARTESIAN_POINT('',(-3.01721003343,-8.759964144303));
#4924 = CARTESIAN_POINT('',(-3.09527880283,-8.757663141465));
#4925 = CARTESIAN_POINT('',(-3.213942690173,-8.754144147616));
#4926 = CARTESIAN_POINT('',(-3.254538118365,-8.752936586663));
#4927 = CARTESIAN_POINT('',(-3.29513340272,-8.751724219156));
#4928 = CARTESIAN_POINT('',(-3.33572850999,-8.75050594628));
#4929 = CARTESIAN_POINT('',(-3.376323406956,-8.749280682278));
#4930 = CARTESIAN_POINT('',(-3.416918060426,-8.748047354452));
#4931 = CARTESIAN_POINT('',(-3.457512437239,-8.746804903159));
#4932 = CARTESIAN_POINT('',(-3.551191065448,-8.743914238143));
#4933 = CARTESIAN_POINT('',(-3.604275120291,-8.742259685348));
#4934 = CARTESIAN_POINT('',(-3.657358847243,-8.740594443922));
#4935 = CARTESIAN_POINT('',(-3.710442424508,-8.738924334368));
#4936 = CARTESIAN_POINT('',(-3.763526030039,-8.7372551772));
#4937 = CARTESIAN_POINT('',(-3.816609841542,-8.735592792942));
#4938 = CARTESIAN_POINT('',(-3.869694036475,-8.733943002125));
#4939 = CARTESIAN_POINT('',(-3.972740902243,-8.730776212195));
#4940 = CARTESIAN_POINT('',(-4.022703504174,-8.729257031878));
#4941 = CARTESIAN_POINT('',(-4.072666802604,-8.727760409946));
#4942 = CARTESIAN_POINT('',(-4.122630612963,-8.726282383153));
#4943 = CARTESIAN_POINT('',(-4.172595960571,-8.724854071491));
#4944 = CARTESIAN_POINT('',(-4.222561684373,-8.723440737686));
#4945 = CARTESIAN_POINT('',(-4.272528386925,-8.722061326516));
#4946 = CARTESIAN_POINT('',(-4.372463329695,-8.719357577016));
#4947 = CARTESIAN_POINT('',(-4.422431606973,-8.71803408031));
#4948 = CARTESIAN_POINT('',(-4.472400632387,-8.716738604656));
#4949 = CARTESIAN_POINT('',(-4.522370377323,-8.715470792692));
#4950 = CARTESIAN_POINT('',(-4.572340813581,-8.714230287452));
#4951 = CARTESIAN_POINT('',(-4.622311913382,-8.713016732376));
#4952 = CARTESIAN_POINT('',(-4.672283649361,-8.711829771304));
#4953 = CARTESIAN_POINT('',(-4.837817032965,-8.70798487717));
#4954 = CARTESIAN_POINT('',(-4.953381325608,-8.70544072805));
#4955 = CARTESIAN_POINT('',(-5.068949065211,-8.703052827331));
#4956 = CARTESIAN_POINT('',(-5.184519933013,-8.700826501273));
#4957 = CARTESIAN_POINT('',(-5.300094184635,-8.698780854576));
#4958 = CARTESIAN_POINT('',(-5.415671957221,-8.696932943871));
#4959 = CARTESIAN_POINT('',(-5.531252602008,-8.695282853619));
#4960 = CARTESIAN_POINT('',(-5.821772826042,-8.691658938182));
#4961 = CARTESIAN_POINT('',(-5.996715762199,-8.689954245773));
#4962 = CARTESIAN_POINT('',(-6.171663579106,-8.688751305248));
#4963 = CARTESIAN_POINT('',(-6.346614715418,-8.688083302491));
#4964 = CARTESIAN_POINT('',(-6.521567298117,-8.687984734703));
#4965 = CARTESIAN_POINT('',(-6.696519145126,-8.688487671925));
#4966 = CARTESIAN_POINT('',(-6.871467596727,-8.689621853857));
#4967 = CARTESIAN_POINT('',(-7.13388004357,-8.692317006834));
#4968 = CARTESIAN_POINT('',(-7.221349233982,-8.693381089259));
#4969 = CARTESIAN_POINT('',(-7.308816327799,-8.694614678415));
#4970 = CARTESIAN_POINT('',(-7.396280881977,-8.696021565914));
#4971 = CARTESIAN_POINT('',(-7.483742429632,-8.697605525815));
#4972 = CARTESIAN_POINT('',(-7.571200480045,-8.699370314619));
#4973 = CARTESIAN_POINT('',(-7.658654518656,-8.701319671277));
#4974 = CARTESIAN_POINT('',(-7.836676841148,-8.705671311242));
#4975 = CARTESIAN_POINT('',(-7.927244854455,-8.708086657356));
#4976 = CARTESIAN_POINT('',(-8.017807297583,-8.710709483897));
#4977 = CARTESIAN_POINT('',(-8.108363194801,-8.713554004424));
#4978 = CARTESIAN_POINT('',(-8.198911490488,-8.71662952589));
#4979 = CARTESIAN_POINT('',(-8.289451189435,-8.719944438209));
#4980 = CARTESIAN_POINT('',(-8.379981316063,-8.723511648024));
#4981 = CARTESIAN_POINT('',(-8.607840499507,-8.733148352674));
#4982 = CARTESIAN_POINT('',(-8.74515537598,-8.739558269031));
#4983 = CARTESIAN_POINT('',(-8.882439667814,-8.74660303853));
#4984 = CARTESIAN_POINT('',(-9.01968907539,-8.754317865241));
#4985 = CARTESIAN_POINT('',(-9.156898275377,-8.762737125679));
#4986 = CARTESIAN_POINT('',(-9.294060176746,-8.771893474284));
#4987 = CARTESIAN_POINT('',(-9.431166636103,-8.781818716075));
#4988 = CARTESIAN_POINT('',(-9.670994186331,-8.800592287809));
#4989 = CARTESIAN_POINT('',(-9.773742527445,-8.809089151964));
#4990 = CARTESIAN_POINT('',(-9.876452148447,-8.818052880988));
#4991 = CARTESIAN_POINT('',(-9.979119836292,-8.827491200885));
#4992 = CARTESIAN_POINT('',(-10.08174077631,-8.837423395884));
#4993 = CARTESIAN_POINT('',(-10.1843110913,-8.847863167477));
#4994 = CARTESIAN_POINT('',(-10.28682850283,-8.858811073428));
#4995 = CARTESIAN_POINT('',(-10.54141848575,-8.887366805303));
#4996 = CARTESIAN_POINT('',(-10.69341848743,-8.90562609136));
#4997 = CARTESIAN_POINT('',(-10.84526127041,-8.925162393687));
#4998 = CARTESIAN_POINT('',(-10.99693033052,-8.946048542073));
#4999 = CARTESIAN_POINT('',(-11.14840215763,-8.96838407622));
#5000 = CARTESIAN_POINT('',(-11.29963379622,-8.992212438406));
#5001 = CARTESIAN_POINT('',(-11.45060580619,-9.017644869875));
#5002 = CARTESIAN_POINT('',(-11.6781555326,-9.058556408897));
#5003 = CARTESIAN_POINT('',(-11.75495346777,-9.072809992763));
#5004 = CARTESIAN_POINT('',(-11.83166973267,-9.087502668326));
#5005 = CARTESIAN_POINT('',(-11.90829894108,-9.102644727673));
#5006 = CARTESIAN_POINT('',(-11.98483620759,-9.118244823809));
#5007 = CARTESIAN_POINT('',(-12.06127741855,-9.134309277071));
#5008 = CARTESIAN_POINT('',(-12.13761788719,-9.150845519902));
#5009 = CARTESIAN_POINT('',(-12.29008188585,-9.18489406078));
#5010 = CARTESIAN_POINT('',(-12.36620576729,-9.202405902715));
#5011 = CARTESIAN_POINT('',(-12.44221368532,-9.220418100266));
#5012 = CARTESIAN_POINT('',(-12.51809860079,-9.238943541913));
#5013 = CARTESIAN_POINT('',(-12.59385345762,-9.257995079642));
#5014 = CARTESIAN_POINT('',(-12.66947085341,-9.277585498446));
#5015 = CARTESIAN_POINT('',(-12.74494271022,-9.29772748582));
#5016 = CARTESIAN_POINT('',(-12.91968115995,-9.345766351173));
#5017 = CARTESIAN_POINT('',(-13.01883234072,-9.374081828147));
#5018 = CARTESIAN_POINT('',(-13.11769424899,-9.403410390069));
#5019 = CARTESIAN_POINT('',(-13.21624109335,-9.433777537607));
#5020 = CARTESIAN_POINT('',(-13.31445409657,-9.465214906254));
#5021 = CARTESIAN_POINT('',(-13.41231220255,-9.497752450536));
#5022 = CARTESIAN_POINT('',(-13.50978383495,-9.531411702));
#5023 = CARTESIAN_POINT('',(-13.68037585672,-9.592590644678));
#5024 = CARTESIAN_POINT('',(-13.75367174287,-9.619620951551));
#5025 = CARTESIAN_POINT('',(-13.8267186902,-9.647320916087));
#5026 = CARTESIAN_POINT('',(-13.89950540001,-9.675702893211));
#5027 = CARTESIAN_POINT('',(-13.97201992472,-9.704778476464));
#5028 = CARTESIAN_POINT('',(-14.04424887254,-9.734557258232));
#5029 = CARTESIAN_POINT('',(-14.11617775452,-9.765047453662));
#5030 = CARTESIAN_POINT('',(-14.24222105362,-9.819979305756));
#5031 = CARTESIAN_POINT('',(-14.29646820764,-9.844116655253));
#5032 = CARTESIAN_POINT('',(-14.35052764002,-9.868674150828));
#5033 = CARTESIAN_POINT('',(-14.40439305235,-9.893655820471));
#5034 = CARTESIAN_POINT('',(-14.45805808733,-9.91906577762));
#5035 = CARTESIAN_POINT('',(-14.51151627258,-9.944907992688));
#5036 = CARTESIAN_POINT('',(-14.56476096434,-9.971186064595));
#5037 = CARTESIAN_POINT('',(-14.69872045367,-10.03868312113));
#5038 = CARTESIAN_POINT('',(-14.7791418957,-10.08048565373));
#5039 = CARTESIAN_POINT('',(-14.85902562268,-10.12331765497));
#5040 = CARTESIAN_POINT('',(-14.93834447067,-10.16719410299));
#5041 = CARTESIAN_POINT('',(-15.01707420667,-10.21211868092));
#5042 = CARTESIAN_POINT('',(-15.09518898171,-10.25809871028));
#5043 = CARTESIAN_POINT('',(-15.1726586946,-10.30515364705));
#5044 = CARTESIAN_POINT('',(-15.32384969951,-10.39988737136));
#5045 = CARTESIAN_POINT('',(-15.39761224041,-10.44750017614));
#5046 = CARTESIAN_POINT('',(-15.47072474747,-10.49611594602));
#5047 = CARTESIAN_POINT('',(-15.54316943344,-10.54572685835));
#5048 = CARTESIAN_POINT('',(-15.61491424136,-10.59634508331));
#5049 = CARTESIAN_POINT('',(-15.68594833736,-10.6479509475));
#5050 = CARTESIAN_POINT('',(-15.75623699425,-10.70055975915));
#5051 = CARTESIAN_POINT('',(-15.82576416788,-10.75415839287));
#5052 = ( GEOMETRIC_REPRESENTATION_CONTEXT(2) 
PARAMETRIC_REPRESENTATION_CONTEXT() REPRESENTATION_CONTEXT('2D SPACE',''
  ) );
#5053 = ADVANCED_FACE('',(#5054,#5713,#5744,#5775,#5806),#4882,.F.);
#5054 = FACE_BOUND('',#5055,.F.);
#5055 = EDGE_LOOP('',(#5056,#5057,#5080,#5103,#5126,#5629,#5658,#5686));
#5056 = ORIENTED_EDGE('',*,*,#4548,.T.);
#5057 = ORIENTED_EDGE('',*,*,#5058,.T.);
#5058 = EDGE_CURVE('',#4164,#5059,#5061,.T.);
#5059 = VERTEX_POINT('',#5060);
#5060 = CARTESIAN_POINT('',(7.,37.,-2.));
#5061 = SURFACE_CURVE('',#5062,(#5066,#5073),.PCURVE_S1.);
#5062 = LINE('',#5063,#5064);
#5063 = CARTESIAN_POINT('',(20.,37.,-2.));
#5064 = VECTOR('',#5065,1.);
#5065 = DIRECTION('',(-1.,0.,0.));
#5066 = PCURVE('',#4882,#5067);
#5067 = DEFINITIONAL_REPRESENTATION('',(#5068),#5072);
#5068 = LINE('',#5069,#5070);
#5069 = CARTESIAN_POINT('',(-15.82576416788,0.));
#5070 = VECTOR('',#5071,1.);
#5071 = DIRECTION('',(-0.,-1.));
#5072 = ( GEOMETRIC_REPRESENTATION_CONTEXT(2) 
PARAMETRIC_REPRESENTATION_CONTEXT() REPRESENTATION_CONTEXT('2D SPACE',''
  ) );
#5073 = PCURVE('',#4389,#5074);
#5074 = DEFINITIONAL_REPRESENTATION('',(#5075),#5079);
#5075 = LINE('',#5076,#5077);
#5076 = CARTESIAN_POINT('',(0.,0.));
#5077 = VECTOR('',#5078,1.);
#5078 = DIRECTION('',(-0.,-1.));
#5079 = ( GEOMETRIC_REPRESENTATION_CONTEXT(2) 
PARAMETRIC_REPRESENTATION_CONTEXT() REPRESENTATION_CONTEXT('2D SPACE',''
  ) );
#5080 = ORIENTED_EDGE('',*,*,#5081,.T.);
#5081 = EDGE_CURVE('',#5059,#5082,#5084,.T.);
#5082 = VERTEX_POINT('',#5083);
#5083 = CARTESIAN_POINT('',(-7.,37.,-2.));
#5084 = SURFACE_CURVE('',#5085,(#5089,#5096),.PCURVE_S1.);
#5085 = LINE('',#5086,#5087);
#5086 = CARTESIAN_POINT('',(20.,37.,-2.));
#5087 = VECTOR('',#5088,1.);
#5088 = DIRECTION('',(-1.,0.,0.));
#5089 = PCURVE('',#4882,#5090);
#5090 = DEFINITIONAL_REPRESENTATION('',(#5091),#5095);
#5091 = LINE('',#5092,#5093);
#5092 = CARTESIAN_POINT('',(-15.82576416788,0.));
#5093 = VECTOR('',#5094,1.);
#5094 = DIRECTION('',(-0.,-1.));
#5095 = ( GEOMETRIC_REPRESENTATION_CONTEXT(2) 
PARAMETRIC_REPRESENTATION_CONTEXT() REPRESENTATION_CONTEXT('2D SPACE',''
  ) );
#5096 = PCURVE('',#4389,#5097);
#5097 = DEFINITIONAL_REPRESENTATION('',(#5098),#5102);
#5098 = LINE('',#5099,#5100);
#5099 = CARTESIAN_POINT('',(0.,0.));
#5100 = VECTOR('',#5101,1.);
#5101 = DIRECTION('',(-0.,-1.));
#5102 = ( GEOMETRIC_REPRESENTATION_CONTEXT(2) 
PARAMETRIC_REPRESENTATION_CONTEXT() REPRESENTATION_CONTEXT('2D SPACE',''
  ) );
#5103 = ORIENTED_EDGE('',*,*,#5104,.T.);
#5104 = EDGE_CURVE('',#5082,#5105,#5107,.T.);
#5105 = VERTEX_POINT('',#5106);
#5106 = CARTESIAN_POINT('',(-9.245841044315,37.,-2.));
#5107 = SURFACE_CURVE('',#5108,(#5112,#5119),.PCURVE_S1.);
#5108 = LINE('',#5109,#5110);
#5109 = CARTESIAN_POINT('',(20.,37.,-2.));
#5110 = VECTOR('',#5111,1.);
#5111 = DIRECTION('',(-1.,0.,0.));
#5112 = PCURVE('',#4882,#5113);
#5113 = DEFINITIONAL_REPRESENTATION('',(#5114),#5118);
#5114 = LINE('',#5115,#5116);
#5115 = CARTESIAN_POINT('',(-15.82576416788,0.));
#5116 = VECTOR('',#5117,1.);
#5117 = DIRECTION('',(-0.,-1.));
#5118 = ( GEOMETRIC_REPRESENTATION_CONTEXT(2) 
PARAMETRIC_REPRESENTATION_CONTEXT() REPRESENTATION_CONTEXT('2D SPACE',''
  ) );
#5119 = PCURVE('',#4389,#5120);
#5120 = DEFINITIONAL_REPRESENTATION('',(#5121),#5125);
#5121 = LINE('',#5122,#5123);
#5122 = CARTESIAN_POINT('',(0.,0.));
#5123 = VECTOR('',#5124,1.);
#5124 = DIRECTION('',(-0.,-1.));
#5125 = ( GEOMETRIC_REPRESENTATION_CONTEXT(2) 
PARAMETRIC_REPRESENTATION_CONTEXT() REPRESENTATION_CONTEXT('2D SPACE',''
  ) );
#5126 = ORIENTED_EDGE('',*,*,#5127,.T.);
#5127 = EDGE_CURVE('',#5105,#5128,#5130,.T.);
#5128 = VERTEX_POINT('',#5129);
#5129 = CARTESIAN_POINT('',(-11.14772265089,21.3,-2.));
#5130 = SURFACE_CURVE('',#5131,(#5295,#5462),.PCURVE_S1.);
#5131 = B_SPLINE_CURVE_WITH_KNOTS('',8,(#5132,#5133,#5134,#5135,#5136,
    #5137,#5138,#5139,#5140,#5141,#5142,#5143,#5144,#5145,#5146,#5147,
    #5148,#5149,#5150,#5151,#5152,#5153,#5154,#5155,#5156,#5157,#5158,
    #5159,#5160,#5161,#5162,#5163,#5164,#5165,#5166,#5167,#5168,#5169,
    #5170,#5171,#5172,#5173,#5174,#5175,#5176,#5177,#5178,#5179,#5180,
    #5181,#5182,#5183,#5184,#5185,#5186,#5187,#5188,#5189,#5190,#5191,
    #5192,#5193,#5194,#5195,#5196,#5197,#5198,#5199,#5200,#5201,#5202,
    #5203,#5204,#5205,#5206,#5207,#5208,#5209,#5210,#5211,#5212,#5213,
    #5214,#5215,#5216,#5217,#5218,#5219,#5220,#5221,#5222,#5223,#5224,
    #5225,#5226,#5227,#5228,#5229,#5230,#5231,#5232,#5233,#5234,#5235,
    #5236,#5237,#5238,#5239,#5240,#5241,#5242,#5243,#5244,#5245,#5246,
    #5247,#5248,#5249,#5250,#5251,#5252,#5253,#5254,#5255,#5256,#5257,
    #5258,#5259,#5260,#5261,#5262,#5263,#5264,#5265,#5266,#5267,#5268,
    #5269,#5270,#5271,#5272,#5273,#5274,#5275,#5276,#5277,#5278,#5279,
    #5280,#5281,#5282,#5283,#5284,#5285,#5286,#5287,#5288,#5289,#5290,
    #5291,#5292,#5293,#5294),.UNSPECIFIED.,.F.,.F.,(9,7,7,7,7,7,7,7,7,7,
    7,7,7,7,7,7,7,7,7,7,7,7,7,9),(0.,4.206332805601E-02,
    8.088324051618E-02,0.11504354496,0.174045550172,0.219071882627,
    0.251676541196,0.302911720857,0.354146305789,0.386749921494,
    0.444194076778,0.486112633136,0.518715879293,0.566844413714,
    0.616525421007,0.664653859936,0.714334793898,0.751595490874,
    0.791961222427,0.809039031668,0.847852235889,0.906848306883,
    0.944108984238,1.),.UNSPECIFIED.);
#5132 = CARTESIAN_POINT('',(-9.245841044315,37.,-2.));
#5133 = CARTESIAN_POINT('',(-9.297532086874,36.932948412835,-2.));
#5134 = CARTESIAN_POINT('',(-9.348302920077,36.865188852553,-2.));
#5135 = CARTESIAN_POINT('',(-9.398141351475,36.796735458142,-2.));
#5136 = CARTESIAN_POINT('',(-9.447061284784,36.727619444836,-2.));
#5137 = CARTESIAN_POINT('',(-9.495044665194,36.657850346286,-2.));
#5138 = CARTESIAN_POINT('',(-9.542102401453,36.587456902944,-2.));
#5139 = CARTESIAN_POINT('',(-9.588227251511,36.516455009982,-2.));
#5140 = CARTESIAN_POINT('',(-9.675127911074,36.378796860983,-2.));
#5141 = CARTESIAN_POINT('',(-9.716042821258,36.312227872483,-2.));
#5142 = CARTESIAN_POINT('',(-9.756157156896,36.245172622862,-2.));
#5143 = CARTESIAN_POINT('',(-9.795481893972,36.177649895411,-2.));
#5144 = CARTESIAN_POINT('',(-9.834023378101,36.109677050003,-2.));
#5145 = CARTESIAN_POINT('',(-9.871784962994,36.041270266079,-2.));
#5146 = CARTESIAN_POINT('',(-9.908774273184,35.972446477121,-2.));
#5147 = CARTESIAN_POINT('',(-9.976871784669,35.842306511168,-2.));
#5148 = CARTESIAN_POINT('',(-10.00815330381,35.781080584639,-2.));
#5149 = CARTESIAN_POINT('',(-10.0388449877,35.719555599716,-2.));
#5150 = CARTESIAN_POINT('',(-10.0689511459,35.657742403137,-2.));
#5151 = CARTESIAN_POINT('',(-10.09847721655,35.595651253143,-2.));
#5152 = CARTESIAN_POINT('',(-10.12742953595,35.53329196626,-2.));
#5153 = CARTESIAN_POINT('',(-10.1558145869,35.470674201972,-2.));
#5154 = CARTESIAN_POINT('',(-10.23169411825,35.299224580635,-2.));
#5155 = CARTESIAN_POINT('',(-10.2780732321,35.18990013499,-2.));
#5156 = CARTESIAN_POINT('',(-10.3228167381,35.079880687918,-2.));
#5157 = CARTESIAN_POINT('',(-10.36592349161,34.969226343973,-2.));
#5158 = CARTESIAN_POINT('',(-10.40747183751,34.857966839483,-2.));
#5159 = CARTESIAN_POINT('',(-10.44748174447,34.746153804445,-2.));
#5160 = CARTESIAN_POINT('',(-10.48600137389,34.633825500319,-2.));
#5161 = CARTESIAN_POINT('',(-10.55135980125,34.434939514695,-2.));
#5162 = CARTESIAN_POINT('',(-10.57880459283,34.348580062241,-2.));
#5163 = CARTESIAN_POINT('',(-10.60542219913,34.261960265901,-2.));
#5164 = CARTESIAN_POINT('',(-10.63123117555,34.175094858882,-2.));
#5165 = CARTESIAN_POINT('',(-10.65624964639,34.08799831967,-2.));
#5166 = CARTESIAN_POINT('',(-10.68049485735,34.00068508916,-2.));
#5167 = CARTESIAN_POINT('',(-10.70398431458,33.913169221866,-2.));
#5168 = CARTESIAN_POINT('',(-10.74321537476,33.761953611544,-2.));
#5169 = CARTESIAN_POINT('',(-10.75930699798,33.698344161387,-2.));
#5170 = CARTESIAN_POINT('',(-10.77502174885,33.634639884343,-2.));
#5171 = CARTESIAN_POINT('',(-10.79036802204,33.570845437677,-2.));
#5172 = CARTESIAN_POINT('',(-10.80535423797,33.506965372299,-2.));
#5173 = CARTESIAN_POINT('',(-10.81998884277,33.443004132763,-2.));
#5174 = CARTESIAN_POINT('',(-10.83428030827,33.378966057271,-2.));
#5175 = CARTESIAN_POINT('',(-10.87016897881,33.214111424762,-2.));
#5176 = CARTESIAN_POINT('',(-10.89127546585,33.113188539832,-2.));
#5177 = CARTESIAN_POINT('',(-10.91158721833,33.012101827825,-2.));
#5178 = CARTESIAN_POINT('',(-10.93109828192,32.910856065054,-2.));
#5179 = CARTESIAN_POINT('',(-10.94985404834,32.809468312669,-2.));
#5180 = CARTESIAN_POINT('',(-10.96785058739,32.707943933058,-2.));
#5181 = CARTESIAN_POINT('',(-10.9851121749,32.606295396817,-2.));
#5182 = CARTESIAN_POINT('',(-11.01821463063,32.402767957336,-2.));
#5183 = CARTESIAN_POINT('',(-11.03405511631,32.300889273918,-2.));
#5184 = CARTESIAN_POINT('',(-11.04920743991,32.198904448756,-2.));
#5185 = CARTESIAN_POINT('',(-11.06369619051,32.096821992343,-2.));
#5186 = CARTESIAN_POINT('',(-11.07754106535,31.994651746895,-2.));
#5187 = CARTESIAN_POINT('',(-11.09076505868,31.89240199511,-2.));
#5188 = CARTESIAN_POINT('',(-11.10339942555,31.790077800579,-2.));
#5189 = CARTESIAN_POINT('',(-11.12314633183,31.622529535706,-2.));
#5190 = CARTESIAN_POINT('',(-11.13059676252,31.557345169637,-2.));
#5191 = CARTESIAN_POINT('',(-11.13782294317,31.492135195668,-2.));
#5192 = CARTESIAN_POINT('',(-11.144834347,31.426901793888,-2.));
#5193 = CARTESIAN_POINT('',(-11.15163828794,31.361646742462,-2.));
#5194 = CARTESIAN_POINT('',(-11.15823759399,31.29637100387,-2.));
#5195 = CARTESIAN_POINT('',(-11.16463294513,31.231075121991,-2.));
#5196 = CARTESIAN_POINT('',(-11.1817482185,31.050682785286,-2.));
#5197 = CARTESIAN_POINT('',(-11.19204907482,30.935546453385,-2.));
#5198 = CARTESIAN_POINT('',(-11.20175236055,30.820357538557,-2.));
#5199 = CARTESIAN_POINT('',(-11.21087733864,30.705121327155,-2.));
#5200 = CARTESIAN_POINT('',(-11.21944283331,30.589842484891,-2.));
#5201 = CARTESIAN_POINT('',(-11.22746744403,30.474525254049,-2.));
#5202 = CARTESIAN_POINT('',(-11.23496975964,30.359173650705,-2.));
#5203 = CARTESIAN_POINT('',(-11.24707579556,30.159594298868,-2.));
#5204 = CARTESIAN_POINT('',(-11.2519147123,30.075380836822,-2.));
#5205 = CARTESIAN_POINT('',(-11.25649317476,29.991152628778,-2.));
#5206 = CARTESIAN_POINT('',(-11.26081905056,29.906910974759,-2.));
#5207 = CARTESIAN_POINT('',(-11.26490022271,29.822657121829,-2.));
#5208 = CARTESIAN_POINT('',(-11.26874458962,29.738392264094,-2.));
#5209 = CARTESIAN_POINT('',(-11.27236006509,29.654117542703,-2.));
#5210 = CARTESIAN_POINT('',(-11.27839474922,29.504280366677,-2.));
#5211 = CARTESIAN_POINT('',(-11.28090119675,29.438721370442,-2.));
#5212 = CARTESIAN_POINT('',(-11.28327732012,29.37315746827,-2.));
#5213 = CARTESIAN_POINT('',(-11.28552651902,29.307589057802,-2.));
#5214 = CARTESIAN_POINT('',(-11.28765219369,29.242016523198,-2.));
#5215 = CARTESIAN_POINT('',(-11.28965774493,29.176440235133,-2.));
#5216 = CARTESIAN_POINT('',(-11.29154657406,29.110860550801,-2.));
#5217 = CARTESIAN_POINT('',(-11.29594306862,28.94846533718,-2.));
#5218 = CARTESIAN_POINT('',(-11.298317225,28.85164621073,-2.));
#5219 = CARTESIAN_POINT('',(-11.30045692697,28.754821605133,-2.));
#5220 = CARTESIAN_POINT('',(-11.30236240586,28.657992017843,-2.));
#5221 = CARTESIAN_POINT('',(-11.30404080394,28.561158194172,-2.));
#5222 = CARTESIAN_POINT('',(-11.30550066426,28.464320980506,-2.));
#5223 = CARTESIAN_POINT('',(-11.30674416836,28.367480963775,-2.));
#5224 = CARTESIAN_POINT('',(-11.30884809477,28.170672718013,-2.));
#5225 = CARTESIAN_POINT('',(-11.30969459421,28.070704342623,-2.));
#5226 = CARTESIAN_POINT('',(-11.31032622728,27.97073420122,-2.));
#5227 = CARTESIAN_POINT('',(-11.31075014614,27.87076289343,-2.));
#5228 = CARTESIAN_POINT('',(-11.31097347899,27.770790996888,-2.));
#5229 = CARTESIAN_POINT('',(-11.31100344847,27.670819021799,-2.));
#5230 = CARTESIAN_POINT('',(-11.31084749005,27.570847365508,-2.));
#5231 = CARTESIAN_POINT('',(-11.31018969241,27.374029339675,-2.));
#5232 = CARTESIAN_POINT('',(-11.30969882413,27.277182978775,-2.));
#5233 = CARTESIAN_POINT('',(-11.3090470063,27.180337449331,-2.));
#5234 = CARTESIAN_POINT('',(-11.30824246419,27.083493073741,-2.));
#5235 = CARTESIAN_POINT('',(-11.30729192752,26.986650111779,-2.));
#5236 = CARTESIAN_POINT('',(-11.30619965451,26.889808724454,-2.));
#5237 = CARTESIAN_POINT('',(-11.3049689601,26.792969021782,-2.));
#5238 = CARTESIAN_POINT('',(-11.30219957914,26.596169637263,-2.));
#5239 = CARTESIAN_POINT('',(-11.30065188786,26.496210078099,-2.));
#5240 = CARTESIAN_POINT('',(-11.29896824221,26.396252714912,-2.));
#5241 = CARTESIAN_POINT('',(-11.2971548051,26.296297642986,-2.));
#5242 = CARTESIAN_POINT('',(-11.29521840001,26.196344889071,-2.));
#5243 = CARTESIAN_POINT('',(-11.29316607629,26.096394445466,-2.));
#5244 = CARTESIAN_POINT('',(-11.29100467454,25.996446304107,-2.));
#5245 = CARTESIAN_POINT('',(-11.28704218014,25.821541137593,-2.));
#5246 = CARTESIAN_POINT('',(-11.28528632832,25.746583083671,-2.));
#5247 = CARTESIAN_POINT('',(-11.28347101609,25.671626434376,-2.));
#5248 = CARTESIAN_POINT('',(-11.28159442251,25.596671298434,-2.));
#5249 = CARTESIAN_POINT('',(-11.27965472608,25.521717787805,-2.));
#5250 = CARTESIAN_POINT('',(-11.27765010476,25.446766017681,-2.));
#5251 = CARTESIAN_POINT('',(-11.27557873594,25.371816106492,-2.));
#5252 = CARTESIAN_POINT('',(-11.27112053009,25.215674631698,-2.));
#5253 = CARTESIAN_POINT('',(-11.2687195341,25.134483506,-2.));
#5254 = CARTESIAN_POINT('',(-11.26625174218,25.05329436007,-2.));
#5255 = CARTESIAN_POINT('',(-11.26374268277,24.97210644857,-2.));
#5256 = CARTESIAN_POINT('',(-11.26121013912,24.890919251333,-2.));
#5257 = CARTESIAN_POINT('',(-11.25867193096,24.80973223533,-2.));
#5258 = CARTESIAN_POINT('',(-11.25615364233,24.728544617678,-2.));
#5259 = CARTESIAN_POINT('',(-11.2526208233,24.61300682836,-2.));
#5260 = CARTESIAN_POINT('',(-11.25157645329,24.578657580409,-2.));
#5261 = CARTESIAN_POINT('',(-11.25053744981,24.544308173243,-2.));
#5262 = CARTESIAN_POINT('',(-11.24950325184,24.509958623469,-2.));
#5263 = CARTESIAN_POINT('',(-11.24847329838,24.475608947693,-2.));
#5264 = CARTESIAN_POINT('',(-11.24744702841,24.441259162523,-2.));
#5265 = CARTESIAN_POINT('',(-11.24642388093,24.406909284566,-2.));
#5266 = CARTESIAN_POINT('',(-11.24308378121,24.294491250026,-2.));
#5267 = CARTESIAN_POINT('',(-11.24077825603,24.216422755464,-2.));
#5268 = CARTESIAN_POINT('',(-11.23847432133,24.138354210857,-2.));
#5269 = CARTESIAN_POINT('',(-11.2361855006,24.060285223158,-2.));
#5270 = CARTESIAN_POINT('',(-11.23386587149,23.982217138573,-2.));
#5271 = CARTESIAN_POINT('',(-11.23155029665,23.904148937707,-2.));
#5272 = CARTESIAN_POINT('',(-11.22922138961,23.826081133003,-2.));
#5273 = CARTESIAN_POINT('',(-11.22332600449,23.629351062038,-2.));
#5274 = CARTESIAN_POINT('',(-11.2197435457,23.510689274585,-2.));
#5275 = CARTESIAN_POINT('',(-11.21613782421,23.392028192423,-2.));
#5276 = CARTESIAN_POINT('',(-11.2124799508,23.273368700067,-2.));
#5277 = CARTESIAN_POINT('',(-11.20880070302,23.154709864162,-2.));
#5278 = CARTESIAN_POINT('',(-11.20508439691,23.03605218535,-2.));
#5279 = CARTESIAN_POINT('',(-11.20133845018,22.917395439369,-2.));
#5280 = CARTESIAN_POINT('',(-11.19517789731,22.723799150038,-2.));
#5281 = CARTESIAN_POINT('',(-11.1927812416,22.648859029683,-2.));
#5282 = CARTESIAN_POINT('',(-11.19037257003,22.573919294273,-2.));
#5283 = CARTESIAN_POINT('',(-11.18795179232,22.498979948882,-2.));
#5284 = CARTESIAN_POINT('',(-11.18551881824,22.424040998618,-2.));
#5285 = CARTESIAN_POINT('',(-11.1830735576,22.349102448615,-2.));
#5286 = CARTESIAN_POINT('',(-11.18061592026,22.274164304037,-2.));
#5287 = CARTESIAN_POINT('',(-11.17444065996,22.086819969685,-2.));
#5288 = CARTESIAN_POINT('',(-11.17070742023,21.974414294413,-2.));
#5289 = CARTESIAN_POINT('',(-11.16694623154,21.8620095484,-2.));
#5290 = CARTESIAN_POINT('',(-11.163157184,21.749605737183,-2.));
#5291 = CARTESIAN_POINT('',(-11.15934032326,21.637202867699,-2.));
#5292 = CARTESIAN_POINT('',(-11.15549565045,21.524800948284,-2.));
#5293 = CARTESIAN_POINT('',(-11.15162312227,21.412399988673,-2.));
#5294 = CARTESIAN_POINT('',(-11.14772265089,21.3,-2.));
#5295 = PCURVE('',#4882,#5296);
#5296 = DEFINITIONAL_REPRESENTATION('',(#5297),#5461);
#5297 = B_SPLINE_CURVE_WITH_KNOTS('',8,(#5298,#5299,#5300,#5301,#5302,
    #5303,#5304,#5305,#5306,#5307,#5308,#5309,#5310,#5311,#5312,#5313,
    #5314,#5315,#5316,#5317,#5318,#5319,#5320,#5321,#5322,#5323,#5324,
    #5325,#5326,#5327,#5328,#5329,#5330,#5331,#5332,#5333,#5334,#5335,
    #5336,#5337,#5338,#5339,#5340,#5341,#5342,#5343,#5344,#5345,#5346,
    #5347,#5348,#5349,#5350,#5351,#5352,#5353,#5354,#5355,#5356,#5357,
    #5358,#5359,#5360,#5361,#5362,#5363,#5364,#5365,#5366,#5367,#5368,
    #5369,#5370,#5371,#5372,#5373,#5374,#5375,#5376,#5377,#5378,#5379,
    #5380,#5381,#5382,#5383,#5384,#5385,#5386,#5387,#5388,#5389,#5390,
    #5391,#5392,#5393,#5394,#5395,#5396,#5397,#5398,#5399,#5400,#5401,
    #5402,#5403,#5404,#5405,#5406,#5407,#5408,#5409,#5410,#5411,#5412,
    #5413,#5414,#5415,#5416,#5417,#5418,#5419,#5420,#5421,#5422,#5423,
    #5424,#5425,#5426,#5427,#5428,#5429,#5430,#5431,#5432,#5433,#5434,
    #5435,#5436,#5437,#5438,#5439,#5440,#5441,#5442,#5443,#5444,#5445,
    #5446,#5447,#5448,#5449,#5450,#5451,#5452,#5453,#5454,#5455,#5456,
    #5457,#5458,#5459,#5460),.UNSPECIFIED.,.F.,.F.,(9,7,7,7,7,7,7,7,7,7,
    7,7,7,7,7,7,7,7,7,7,7,7,7,9),(0.,4.206332805601E-02,
    8.088324051618E-02,0.11504354496,0.174045550172,0.219071882627,
    0.251676541196,0.302911720857,0.354146305789,0.386749921494,
    0.444194076778,0.486112633136,0.518715879293,0.566844413714,
    0.616525421007,0.664653859936,0.714334793898,0.751595490874,
    0.791961222427,0.809039031668,0.847852235889,0.906848306883,
    0.944108984238,1.),.UNSPECIFIED.);
#5298 = CARTESIAN_POINT('',(-15.82576416788,-29.24584104431));
#5299 = CARTESIAN_POINT('',(-15.75871258072,-29.29753208687));
#5300 = CARTESIAN_POINT('',(-15.69095302043,-29.34830292007));
#5301 = CARTESIAN_POINT('',(-15.62249962602,-29.39814135147));
#5302 = CARTESIAN_POINT('',(-15.55338361272,-29.44706128478));
#5303 = CARTESIAN_POINT('',(-15.48361451417,-29.49504466519));
#5304 = CARTESIAN_POINT('',(-15.41322107082,-29.54210240145));
#5305 = CARTESIAN_POINT('',(-15.34221917786,-29.58822725151));
#5306 = CARTESIAN_POINT('',(-15.20456102886,-29.67512791107));
#5307 = CARTESIAN_POINT('',(-15.13799204036,-29.71604282125));
#5308 = CARTESIAN_POINT('',(-15.07093679074,-29.75615715689));
#5309 = CARTESIAN_POINT('',(-15.00341406329,-29.79548189397));
#5310 = CARTESIAN_POINT('',(-14.93544121788,-29.8340233781));
#5311 = CARTESIAN_POINT('',(-14.86703443396,-29.87178496299));
#5312 = CARTESIAN_POINT('',(-14.798210645,-29.90877427318));
#5313 = CARTESIAN_POINT('',(-14.66807067905,-29.97687178466));
#5314 = CARTESIAN_POINT('',(-14.60684475252,-30.00815330381));
#5315 = CARTESIAN_POINT('',(-14.5453197676,-30.0388449877));
#5316 = CARTESIAN_POINT('',(-14.48350657102,-30.0689511459));
#5317 = CARTESIAN_POINT('',(-14.42141542102,-30.09847721655));
#5318 = CARTESIAN_POINT('',(-14.35905613414,-30.12742953595));
#5319 = CARTESIAN_POINT('',(-14.29643836985,-30.1558145869));
#5320 = CARTESIAN_POINT('',(-14.12498874852,-30.23169411825));
#5321 = CARTESIAN_POINT('',(-14.01566430287,-30.2780732321));
#5322 = CARTESIAN_POINT('',(-13.9056448558,-30.3228167381));
#5323 = CARTESIAN_POINT('',(-13.79499051185,-30.36592349161));
#5324 = CARTESIAN_POINT('',(-13.68373100736,-30.40747183751));
#5325 = CARTESIAN_POINT('',(-13.57191797233,-30.44748174447));
#5326 = CARTESIAN_POINT('',(-13.4595896682,-30.48600137389));
#5327 = CARTESIAN_POINT('',(-13.26070368258,-30.55135980125));
#5328 = CARTESIAN_POINT('',(-13.17434423012,-30.57880459283));
#5329 = CARTESIAN_POINT('',(-13.08772443378,-30.60542219913));
#5330 = CARTESIAN_POINT('',(-13.00085902676,-30.63123117555));
#5331 = CARTESIAN_POINT('',(-12.91376248755,-30.65624964639));
#5332 = CARTESIAN_POINT('',(-12.82644925704,-30.68049485735));
#5333 = CARTESIAN_POINT('',(-12.73893338975,-30.70398431458));
#5334 = CARTESIAN_POINT('',(-12.58771777943,-30.74321537476));
#5335 = CARTESIAN_POINT('',(-12.52410832927,-30.75930699798));
#5336 = CARTESIAN_POINT('',(-12.46040405222,-30.77502174885));
#5337 = CARTESIAN_POINT('',(-12.39660960556,-30.79036802204));
#5338 = CARTESIAN_POINT('',(-12.33272954018,-30.80535423797));
#5339 = CARTESIAN_POINT('',(-12.26876830064,-30.81998884277));
#5340 = CARTESIAN_POINT('',(-12.20473022515,-30.83428030827));
#5341 = CARTESIAN_POINT('',(-12.03987559264,-30.87016897881));
#5342 = CARTESIAN_POINT('',(-11.93895270771,-30.89127546585));
#5343 = CARTESIAN_POINT('',(-11.83786599571,-30.91158721833));
#5344 = CARTESIAN_POINT('',(-11.73662023294,-30.93109828192));
#5345 = CARTESIAN_POINT('',(-11.63523248055,-30.94985404834));
#5346 = CARTESIAN_POINT('',(-11.53370810094,-30.96785058739));
#5347 = CARTESIAN_POINT('',(-11.4320595647,-30.9851121749));
#5348 = CARTESIAN_POINT('',(-11.22853212522,-31.01821463063));
#5349 = CARTESIAN_POINT('',(-11.1266534418,-31.03405511631));
#5350 = CARTESIAN_POINT('',(-11.02466861664,-31.04920743991));
#5351 = CARTESIAN_POINT('',(-10.92258616022,-31.06369619051));
#5352 = CARTESIAN_POINT('',(-10.82041591478,-31.07754106535));
#5353 = CARTESIAN_POINT('',(-10.71816616299,-31.09076505868));
#5354 = CARTESIAN_POINT('',(-10.61584196846,-31.10339942555));
#5355 = CARTESIAN_POINT('',(-10.44829370359,-31.12314633183));
#5356 = CARTESIAN_POINT('',(-10.38310933752,-31.13059676252));
#5357 = CARTESIAN_POINT('',(-10.31789936355,-31.13782294317));
#5358 = CARTESIAN_POINT('',(-10.25266596177,-31.144834347));
#5359 = CARTESIAN_POINT('',(-10.18741091034,-31.15163828794));
#5360 = CARTESIAN_POINT('',(-10.12213517175,-31.15823759399));
#5361 = CARTESIAN_POINT('',(-10.05683928987,-31.16463294513));
#5362 = CARTESIAN_POINT('',(-9.876446953171,-31.1817482185));
#5363 = CARTESIAN_POINT('',(-9.761310621271,-31.19204907482));
#5364 = CARTESIAN_POINT('',(-9.646121706443,-31.20175236055));
#5365 = CARTESIAN_POINT('',(-9.530885495041,-31.21087733864));
#5366 = CARTESIAN_POINT('',(-9.415606652777,-31.21944283331));
#5367 = CARTESIAN_POINT('',(-9.300289421935,-31.22746744403));
#5368 = CARTESIAN_POINT('',(-9.184937818591,-31.23496975964));
#5369 = CARTESIAN_POINT('',(-8.985358466754,-31.24707579556));
#5370 = CARTESIAN_POINT('',(-8.901145004707,-31.2519147123));
#5371 = CARTESIAN_POINT('',(-8.816916796664,-31.25649317476));
#5372 = CARTESIAN_POINT('',(-8.732675142645,-31.26081905056));
#5373 = CARTESIAN_POINT('',(-8.648421289715,-31.26490022271));
#5374 = CARTESIAN_POINT('',(-8.564156431979,-31.26874458962));
#5375 = CARTESIAN_POINT('',(-8.479881710589,-31.27236006509));
#5376 = CARTESIAN_POINT('',(-8.330044534563,-31.27839474922));
#5377 = CARTESIAN_POINT('',(-8.264485538328,-31.28090119675));
#5378 = CARTESIAN_POINT('',(-8.198921636156,-31.28327732012));
#5379 = CARTESIAN_POINT('',(-8.133353225688,-31.28552651902));
#5380 = CARTESIAN_POINT('',(-8.067780691084,-31.28765219369));
#5381 = CARTESIAN_POINT('',(-8.002204403019,-31.28965774493));
#5382 = CARTESIAN_POINT('',(-7.936624718687,-31.29154657406));
#5383 = CARTESIAN_POINT('',(-7.774229505066,-31.29594306862));
#5384 = CARTESIAN_POINT('',(-7.677410378616,-31.298317225));
#5385 = CARTESIAN_POINT('',(-7.580585773018,-31.30045692697));
#5386 = CARTESIAN_POINT('',(-7.483756185728,-31.30236240586));
#5387 = CARTESIAN_POINT('',(-7.386922362058,-31.30404080394));
#5388 = CARTESIAN_POINT('',(-7.290085148392,-31.30550066426));
#5389 = CARTESIAN_POINT('',(-7.193245131661,-31.30674416836));
#5390 = CARTESIAN_POINT('',(-6.996436885899,-31.30884809477));
#5391 = CARTESIAN_POINT('',(-6.896468510509,-31.30969459421));
#5392 = CARTESIAN_POINT('',(-6.796498369105,-31.31032622728));
#5393 = CARTESIAN_POINT('',(-6.696527061316,-31.31075014614));
#5394 = CARTESIAN_POINT('',(-6.596555164774,-31.31097347899));
#5395 = CARTESIAN_POINT('',(-6.496583189685,-31.31100344847));
#5396 = CARTESIAN_POINT('',(-6.396611533394,-31.31084749005));
#5397 = CARTESIAN_POINT('',(-6.199793507561,-31.31018969241));
#5398 = CARTESIAN_POINT('',(-6.102947146661,-31.30969882413));
#5399 = CARTESIAN_POINT('',(-6.006101617217,-31.3090470063));
#5400 = CARTESIAN_POINT('',(-5.909257241626,-31.30824246419));
#5401 = CARTESIAN_POINT('',(-5.812414279665,-31.30729192752));
#5402 = CARTESIAN_POINT('',(-5.71557289234,-31.30619965451));
#5403 = CARTESIAN_POINT('',(-5.618733189667,-31.3049689601));
#5404 = CARTESIAN_POINT('',(-5.421933805149,-31.30219957914));
#5405 = CARTESIAN_POINT('',(-5.321974245985,-31.30065188786));
#5406 = CARTESIAN_POINT('',(-5.222016882797,-31.29896824221));
#5407 = CARTESIAN_POINT('',(-5.122061810871,-31.2971548051));
#5408 = CARTESIAN_POINT('',(-5.022109056957,-31.29521840001));
#5409 = CARTESIAN_POINT('',(-4.922158613352,-31.29316607629));
#5410 = CARTESIAN_POINT('',(-4.822210471992,-31.29100467454));
#5411 = CARTESIAN_POINT('',(-4.647305305479,-31.28704218014));
#5412 = CARTESIAN_POINT('',(-4.572347251557,-31.28528632832));
#5413 = CARTESIAN_POINT('',(-4.497390602262,-31.28347101609));
#5414 = CARTESIAN_POINT('',(-4.42243546632,-31.28159442251));
#5415 = CARTESIAN_POINT('',(-4.347481955691,-31.27965472608));
#5416 = CARTESIAN_POINT('',(-4.272530185567,-31.27765010476));
#5417 = CARTESIAN_POINT('',(-4.197580274378,-31.27557873594));
#5418 = CARTESIAN_POINT('',(-4.041438799584,-31.27112053009));
#5419 = CARTESIAN_POINT('',(-3.960247673886,-31.2687195341));
#5420 = CARTESIAN_POINT('',(-3.879058527956,-31.26625174218));
#5421 = CARTESIAN_POINT('',(-3.797870616456,-31.26374268277));
#5422 = CARTESIAN_POINT('',(-3.716683419218,-31.26121013912));
#5423 = CARTESIAN_POINT('',(-3.635496403216,-31.25867193096));
#5424 = CARTESIAN_POINT('',(-3.554308785563,-31.25615364233));
#5425 = CARTESIAN_POINT('',(-3.438770996246,-31.2526208233));
#5426 = CARTESIAN_POINT('',(-3.404421748295,-31.25157645329));
#5427 = CARTESIAN_POINT('',(-3.370072341129,-31.25053744981));
#5428 = CARTESIAN_POINT('',(-3.335722791354,-31.24950325184));
#5429 = CARTESIAN_POINT('',(-3.301373115579,-31.24847329838));
#5430 = CARTESIAN_POINT('',(-3.267023330409,-31.24744702841));
#5431 = CARTESIAN_POINT('',(-3.232673452452,-31.24642388093));
#5432 = CARTESIAN_POINT('',(-3.120255417912,-31.24308378121));
#5433 = CARTESIAN_POINT('',(-3.04218692335,-31.24077825603));
#5434 = CARTESIAN_POINT('',(-2.964118378743,-31.23847432133));
#5435 = CARTESIAN_POINT('',(-2.886049391044,-31.2361855006));
#5436 = CARTESIAN_POINT('',(-2.807981306459,-31.23386587149));
#5437 = CARTESIAN_POINT('',(-2.729913105593,-31.23155029665));
#5438 = CARTESIAN_POINT('',(-2.651845300889,-31.22922138961));
#5439 = CARTESIAN_POINT('',(-2.455115229924,-31.22332600449));
#5440 = CARTESIAN_POINT('',(-2.336453442471,-31.2197435457));
#5441 = CARTESIAN_POINT('',(-2.217792360309,-31.21613782421));
#5442 = CARTESIAN_POINT('',(-2.099132867953,-31.2124799508));
#5443 = CARTESIAN_POINT('',(-1.980474032047,-31.20880070302));
#5444 = CARTESIAN_POINT('',(-1.861816353236,-31.20508439691));
#5445 = CARTESIAN_POINT('',(-1.743159607255,-31.20133845018));
#5446 = CARTESIAN_POINT('',(-1.549563317924,-31.19517789731));
#5447 = CARTESIAN_POINT('',(-1.474623197569,-31.1927812416));
#5448 = CARTESIAN_POINT('',(-1.399683462159,-31.19037257003));
#5449 = CARTESIAN_POINT('',(-1.324744116768,-31.18795179232));
#5450 = CARTESIAN_POINT('',(-1.249805166504,-31.18551881824));
#5451 = CARTESIAN_POINT('',(-1.1748666165,-31.1830735576));
#5452 = CARTESIAN_POINT('',(-1.099928471923,-31.18061592026));
#5453 = CARTESIAN_POINT('',(-0.912584137571,-31.17444065996));
#5454 = CARTESIAN_POINT('',(-0.800178462298,-31.17070742023));
#5455 = CARTESIAN_POINT('',(-0.687773716285,-31.16694623154));
#5456 = CARTESIAN_POINT('',(-0.575369905069,-31.163157184));
#5457 = CARTESIAN_POINT('',(-0.462967035585,-31.15934032326));
#5458 = CARTESIAN_POINT('',(-0.35056511617,-31.15549565045));
#5459 = CARTESIAN_POINT('',(-0.238164156558,-31.15162312227));
#5460 = CARTESIAN_POINT('',(-0.125764167886,-31.14772265089));
#5461 = ( GEOMETRIC_REPRESENTATION_CONTEXT(2) 
PARAMETRIC_REPRESENTATION_CONTEXT() REPRESENTATION_CONTEXT('2D SPACE',''
  ) );
#5462 = PCURVE('',#3962,#5463);
#5463 = DEFINITIONAL_REPRESENTATION('',(#5464),#5628);
#5464 = B_SPLINE_CURVE_WITH_KNOTS('',8,(#5465,#5466,#5467,#5468,#5469,
    #5470,#5471,#5472,#5473,#5474,#5475,#5476,#5477,#5478,#5479,#5480,
    #5481,#5482,#5483,#5484,#5485,#5486,#5487,#5488,#5489,#5490,#5491,
    #5492,#5493,#5494,#5495,#5496,#5497,#5498,#5499,#5500,#5501,#5502,
    #5503,#5504,#5505,#5506,#5507,#5508,#5509,#5510,#5511,#5512,#5513,
    #5514,#5515,#5516,#5517,#5518,#5519,#5520,#5521,#5522,#5523,#5524,
    #5525,#5526,#5527,#5528,#5529,#5530,#5531,#5532,#5533,#5534,#5535,
    #5536,#5537,#5538,#5539,#5540,#5541,#5542,#5543,#5544,#5545,#5546,
    #5547,#5548,#5549,#5550,#5551,#5552,#5553,#5554,#5555,#5556,#5557,
    #5558,#5559,#5560,#5561,#5562,#5563,#5564,#5565,#5566,#5567,#5568,
    #5569,#5570,#5571,#5572,#5573,#5574,#5575,#5576,#5577,#5578,#5579,
    #5580,#5581,#5582,#5583,#5584,#5585,#5586,#5587,#5588,#5589,#5590,
    #5591,#5592,#5593,#5594,#5595,#5596,#5597,#5598,#5599,#5600,#5601,
    #5602,#5603,#5604,#5605,#5606,#5607,#5608,#5609,#5610,#5611,#5612,
    #5613,#5614,#5615,#5616,#5617,#5618,#5619,#5620,#5621,#5622,#5623,
    #5624,#5625,#5626,#5627),.UNSPECIFIED.,.F.,.F.,(9,7,7,7,7,7,7,7,7,7,
    7,7,7,7,7,7,7,7,7,7,7,7,7,9),(0.,4.206332805601E-02,
    8.088324051618E-02,0.11504354496,0.174045550172,0.219071882627,
    0.251676541196,0.302911720857,0.354146305789,0.386749921494,
    0.444194076778,0.486112633136,0.518715879293,0.566844413714,
    0.616525421007,0.664653859936,0.714334793898,0.751595490874,
    0.791961222427,0.809039031668,0.847852235889,0.906848306883,
    0.944108984238,1.),.UNSPECIFIED.);
#5465 = CARTESIAN_POINT('',(16.097555637327,-0.25));
#5466 = CARTESIAN_POINT('',(16.012933133856,-0.25));
#5467 = CARTESIAN_POINT('',(15.928309796905,-0.25));
#5468 = CARTESIAN_POINT('',(15.843685111532,-0.25));
#5469 = CARTESIAN_POINT('',(15.759061443552,-0.25));
#5470 = CARTESIAN_POINT('',(15.674436925556,-0.25));
#5471 = CARTESIAN_POINT('',(15.589813127568,-0.25));
#5472 = CARTESIAN_POINT('',(15.505188751131,-0.25));
#5473 = CARTESIAN_POINT('',(15.342463500045,-0.25));
#5474 = CARTESIAN_POINT('',(15.264363027602,-0.25));
#5475 = CARTESIAN_POINT('',(15.186259937637,-0.25));
#5476 = CARTESIAN_POINT('',(15.108156320017,-0.25));
#5477 = CARTESIAN_POINT('',(15.030052980241,-0.25));
#5478 = CARTESIAN_POINT('',(14.951949625828,-0.25));
#5479 = CARTESIAN_POINT('',(14.873846503817,-0.25));
#5480 = CARTESIAN_POINT('',(14.727014834747,-0.25));
#5481 = CARTESIAN_POINT('',(14.658286422397,-0.25));
#5482 = CARTESIAN_POINT('',(14.589557208451,-0.25));
#5483 = CARTESIAN_POINT('',(14.520826776606,-0.25));
#5484 = CARTESIAN_POINT('',(14.452095388667,-0.25));
#5485 = CARTESIAN_POINT('',(14.383363813212,-0.25));
#5486 = CARTESIAN_POINT('',(14.314632691162,-0.25));
#5487 = CARTESIAN_POINT('',(14.127188159528,-0.25));
#5488 = CARTESIAN_POINT('',(14.008474028981,-0.25));
#5489 = CARTESIAN_POINT('',(13.889766090806,-0.25));
#5490 = CARTESIAN_POINT('',(13.771040812488,-0.25));
#5491 = CARTESIAN_POINT('',(13.652325820002,-0.25));
#5492 = CARTESIAN_POINT('',(13.53360859032,-0.25));
#5493 = CARTESIAN_POINT('',(13.414892496329,-0.25));
#5494 = CARTESIAN_POINT('',(13.205577279209,-0.25));
#5495 = CARTESIAN_POINT('',(13.114978643724,-0.25));
#5496 = CARTESIAN_POINT('',(13.024379293194,-0.25));
#5497 = CARTESIAN_POINT('',(12.933780215752,-0.25));
#5498 = CARTESIAN_POINT('',(12.843181734194,-0.25));
#5499 = CARTESIAN_POINT('',(12.752583226684,-0.25));
#5500 = CARTESIAN_POINT('',(12.661983697667,-0.25));
#5501 = CARTESIAN_POINT('',(12.505777182192,-0.25));
#5502 = CARTESIAN_POINT('',(12.440170835374,-0.25));
#5503 = CARTESIAN_POINT('',(12.374564444872,-0.25));
#5504 = CARTESIAN_POINT('',(12.308958187576,-0.25));
#5505 = CARTESIAN_POINT('',(12.243352130958,-0.25));
#5506 = CARTESIAN_POINT('',(12.177746233077,-0.25));
#5507 = CARTESIAN_POINT('',(12.11214034257,-0.25));
#5508 = CARTESIAN_POINT('',(11.943440263079,-0.25));
#5509 = CARTESIAN_POINT('',(11.840345447586,-0.25));
#5510 = CARTESIAN_POINT('',(11.737249567492,-0.25));
#5511 = CARTESIAN_POINT('',(11.634154337742,-0.25));
#5512 = CARTESIAN_POINT('',(11.531058975238,-0.25));
#5513 = CARTESIAN_POINT('',(11.42796403185,-0.25));
#5514 = CARTESIAN_POINT('',(11.32486770371,-0.25));
#5515 = CARTESIAN_POINT('',(11.118676460642,-0.25));
#5516 = CARTESIAN_POINT('',(11.015581423796,-0.25));
#5517 = CARTESIAN_POINT('',(10.912486429536,-0.25));
#5518 = CARTESIAN_POINT('',(10.809392374163,-0.25));
#5519 = CARTESIAN_POINT('',(10.706297223134,-0.25));
#5520 = CARTESIAN_POINT('',(10.60320023556,-0.25));
#5521 = CARTESIAN_POINT('',(10.500104583934,-0.25));
#5522 = CARTESIAN_POINT('',(10.331402765983,-0.25));
#5523 = CARTESIAN_POINT('',(10.265796811104,-0.25));
#5524 = CARTESIAN_POINT('',(10.200190986829,-0.25));
#5525 = CARTESIAN_POINT('',(10.134585031511,-0.25));
#5526 = CARTESIAN_POINT('',(10.06897880333,-0.25));
#5527 = CARTESIAN_POINT('',(10.00337242871,-0.25));
#5528 = CARTESIAN_POINT('',(9.937766135168,-0.25));
#5529 = CARTESIAN_POINT('',(9.756568223731,-0.25));
#5530 = CARTESIAN_POINT('',(9.640976830202,-0.25));
#5531 = CARTESIAN_POINT('',(9.525385190181,-0.25));
#5532 = CARTESIAN_POINT('',(9.409793291456,-0.25));
#5533 = CARTESIAN_POINT('',(9.29420131911,-0.25));
#5534 = CARTESIAN_POINT('',(9.178609467189,-0.25));
#5535 = CARTESIAN_POINT('',(9.063017750365,-0.25));
#5536 = CARTESIAN_POINT('',(8.863075249249,-0.25));
#5537 = CARTESIAN_POINT('',(8.778724517045,-0.25));
#5538 = CARTESIAN_POINT('',(8.694373731061,-0.25));
#5539 = CARTESIAN_POINT('',(8.610022961097,-0.25));
#5540 = CARTESIAN_POINT('',(8.525672234685,-0.25));
#5541 = CARTESIAN_POINT('',(8.441321537083,-0.25));
#5542 = CARTESIAN_POINT('',(8.356970811282,-0.25));
#5543 = CARTESIAN_POINT('',(8.207013890616,-0.25));
#5544 = CARTESIAN_POINT('',(8.141407756399,-0.25));
#5545 = CARTESIAN_POINT('',(8.075801597396,-0.25));
#5546 = CARTESIAN_POINT('',(8.010195442159,-0.25));
#5547 = CARTESIAN_POINT('',(7.944589305747,-0.25));
#5548 = CARTESIAN_POINT('',(7.878983189725,-0.25));
#5549 = CARTESIAN_POINT('',(7.813377082165,-0.25));
#5550 = CARTESIAN_POINT('',(7.650923956365,-0.25));
#5551 = CARTESIAN_POINT('',(7.554076897253,-0.25));
#5552 = CARTESIAN_POINT('',(7.457229700437,-0.25));
#5553 = CARTESIAN_POINT('',(7.360382517708,-0.25));
#5554 = CARTESIAN_POINT('',(7.263535400695,-0.25));
#5555 = CARTESIAN_POINT('',(7.166688279945,-0.25));
#5556 = CARTESIAN_POINT('',(7.06984108829,-0.25));
#5557 = CARTESIAN_POINT('',(6.87302265313,-0.25));
#5558 = CARTESIAN_POINT('',(6.773051412864,-0.25));
#5559 = CARTESIAN_POINT('',(6.673080214795,-0.25));
#5560 = CARTESIAN_POINT('',(6.57310904607,-0.25));
#5561 = CARTESIAN_POINT('',(6.473137853321,-0.25));
#5562 = CARTESIAN_POINT('',(6.373166588714,-0.25));
#5563 = CARTESIAN_POINT('',(6.273195256002,-0.25));
#5564 = CARTESIAN_POINT('',(6.076376834476,-0.25));
#5565 = CARTESIAN_POINT('',(5.979529728422,-0.25));
#5566 = CARTESIAN_POINT('',(5.882682651821,-0.25));
#5567 = CARTESIAN_POINT('',(5.785835540281,-0.25));
#5568 = CARTESIAN_POINT('',(5.688988368644,-0.25));
#5569 = CARTESIAN_POINT('',(5.592141181345,-0.25));
#5570 = CARTESIAN_POINT('',(5.495294036083,-0.25));
#5571 = CARTESIAN_POINT('',(5.298475654055,-0.25));
#5572 = CARTESIAN_POINT('',(5.198504442957,-0.25));
#5573 = CARTESIAN_POINT('',(5.098533183041,-0.25));
#5574 = CARTESIAN_POINT('',(4.998561887019,-0.25));
#5575 = CARTESIAN_POINT('',(4.898590595465,-0.25));
#5576 = CARTESIAN_POINT('',(4.798619347493,-0.25));
#5577 = CARTESIAN_POINT('',(4.698648151431,-0.25));
#5578 = CARTESIAN_POINT('',(4.523698565594,-0.25));
#5579 = CARTESIAN_POINT('',(4.448720182768,-0.25));
#5580 = CARTESIAN_POINT('',(4.37374179393,-0.25));
#5581 = CARTESIAN_POINT('',(4.298763389202,-0.25));
#5582 = CARTESIAN_POINT('',(4.223784961927,-0.25));
#5583 = CARTESIAN_POINT('',(4.148806508665,-0.25));
#5584 = CARTESIAN_POINT('',(4.073828029198,-0.25));
#5585 = CARTESIAN_POINT('',(3.917622862594,-0.25));
#5586 = CARTESIAN_POINT('',(3.836396190181,-0.25));
#5587 = CARTESIAN_POINT('',(3.755169527547,-0.25));
#5588 = CARTESIAN_POINT('',(3.67394289414,-0.25));
#5589 = CARTESIAN_POINT('',(3.592716290781,-0.25));
#5590 = CARTESIAN_POINT('',(3.511489703322,-0.25));
#5591 = CARTESIAN_POINT('',(3.430263110721,-0.25));
#5592 = CARTESIAN_POINT('',(3.314671365347,-0.25));
#5593 = CARTESIAN_POINT('',(3.280306252229,-0.25));
#5594 = CARTESIAN_POINT('',(3.24594113911,-0.25));
#5595 = CARTESIAN_POINT('',(3.211576025991,-0.25));
#5596 = CARTESIAN_POINT('',(3.177210912873,-0.25));
#5597 = CARTESIAN_POINT('',(3.142845799754,-0.25));
#5598 = CARTESIAN_POINT('',(3.108480686636,-0.25));
#5599 = CARTESIAN_POINT('',(2.996013040884,-0.25));
#5600 = CARTESIAN_POINT('',(2.917910509654,-0.25));
#5601 = CARTESIAN_POINT('',(2.839807979702,-0.25));
#5602 = CARTESIAN_POINT('',(2.761705448731,-0.25));
#5603 = CARTESIAN_POINT('',(2.683602922277,-0.25));
#5604 = CARTESIAN_POINT('',(2.605500393222,-0.25));
#5605 = CARTESIAN_POINT('',(2.527397864474,-0.25));
#5606 = CARTESIAN_POINT('',(2.33057948903,-0.25));
#5607 = CARTESIAN_POINT('',(2.211863641323,-0.25));
#5608 = CARTESIAN_POINT('',(2.093147788058,-0.25));
#5609 = CARTESIAN_POINT('',(1.974431952772,-0.25));
#5610 = CARTESIAN_POINT('',(1.855716099948,-0.25));
#5611 = CARTESIAN_POINT('',(1.737000258506,-0.25));
#5612 = CARTESIAN_POINT('',(1.618284413426,-0.25));
#5613 = CARTESIAN_POINT('',(1.42459014468,-0.25));
#5614 = CARTESIAN_POINT('',(1.349611716506,-0.25));
#5615 = CARTESIAN_POINT('',(1.274633287968,-0.25));
#5616 = CARTESIAN_POINT('',(1.199654859141,-0.25));
#5617 = CARTESIAN_POINT('',(1.124676430127,-0.25));
#5618 = CARTESIAN_POINT('',(1.049698001061,-0.25));
#5619 = CARTESIAN_POINT('',(0.97471957211,-0.25));
#5620 = CARTESIAN_POINT('',(0.787273501049,-0.25));
#5621 = CARTESIAN_POINT('',(0.674805859651,-0.25));
#5622 = CARTESIAN_POINT('',(0.56233821845,-0.25));
#5623 = CARTESIAN_POINT('',(0.449870576814,-0.25));
#5624 = CARTESIAN_POINT('',(0.337402934302,-0.25));
#5625 = CARTESIAN_POINT('',(0.224935290668,-0.25));
#5626 = CARTESIAN_POINT('',(0.112467645856,-0.25));
#5627 = CARTESIAN_POINT('',(0.,-0.25));
#5628 = ( GEOMETRIC_REPRESENTATION_CONTEXT(2) 
PARAMETRIC_REPRESENTATION_CONTEXT() REPRESENTATION_CONTEXT('2D SPACE',''
  ) );
#5629 = ORIENTED_EDGE('',*,*,#5630,.T.);
#5630 = EDGE_CURVE('',#5128,#5631,#5633,.T.);
#5631 = VERTEX_POINT('',#5632);
#5632 = CARTESIAN_POINT('',(-11.14334340388,21.174235832114,-2.));
#5633 = SURFACE_CURVE('',#5634,(#5640,#5649),.PCURVE_S1.);
#5634 = B_SPLINE_CURVE_WITH_KNOTS('',4,(#5635,#5636,#5637,#5638,#5639),
  .UNSPECIFIED.,.F.,.F.,(5,5),(0.,1.),.PIECEWISE_BEZIER_KNOTS.);
#5635 = CARTESIAN_POINT('',(-11.14772265089,21.3,-2.));
#5636 = CARTESIAN_POINT('',(-11.14663167406,21.268555805101,-2.));
#5637 = CARTESIAN_POINT('',(-11.14553803707,21.237111507222,-2.));
#5638 = CARTESIAN_POINT('',(-11.1444419031,21.205670500208,-2.));
#5639 = CARTESIAN_POINT('',(-11.14334340388,21.174235832114,-2.));
#5640 = PCURVE('',#4882,#5641);
#5641 = DEFINITIONAL_REPRESENTATION('',(#5642),#5648);
#5642 = B_SPLINE_CURVE_WITH_KNOTS('',4,(#5643,#5644,#5645,#5646,#5647),
  .UNSPECIFIED.,.F.,.F.,(5,5),(0.,1.),.PIECEWISE_BEZIER_KNOTS.);
#5643 = CARTESIAN_POINT('',(-0.125764167886,-31.14772265089));
#5644 = CARTESIAN_POINT('',(-9.431997298688E-02,-31.14663167406));
#5645 = CARTESIAN_POINT('',(-6.287567510804E-02,-31.14553803707));
#5646 = CARTESIAN_POINT('',(-3.143466809427E-02,-31.1444419031));
#5647 = CARTESIAN_POINT('',(0.,-31.14334340388));
#5648 = ( GEOMETRIC_REPRESENTATION_CONTEXT(2) 
PARAMETRIC_REPRESENTATION_CONTEXT() REPRESENTATION_CONTEXT('2D SPACE',''
  ) );
#5649 = PCURVE('',#145,#5650);
#5650 = DEFINITIONAL_REPRESENTATION('',(#5651),#5657);
#5651 = B_SPLINE_CURVE_WITH_KNOTS('',4,(#5652,#5653,#5654,#5655,#5656),
  .UNSPECIFIED.,.F.,.F.,(5,5),(0.,1.),.PIECEWISE_BEZIER_KNOTS.);
#5652 = CARTESIAN_POINT('',(3.897959183673,1.));
#5653 = CARTESIAN_POINT('',(3.897984060528,0.998534142836));
#5654 = CARTESIAN_POINT('',(3.897736184971,0.997069500264));
#5655 = CARTESIAN_POINT('',(3.897225997646,0.995605179863));
#5656 = CARTESIAN_POINT('',(3.896461964033,0.994140278637));
#5657 = ( GEOMETRIC_REPRESENTATION_CONTEXT(2) 
PARAMETRIC_REPRESENTATION_CONTEXT() REPRESENTATION_CONTEXT('2D SPACE',''
  ) );
#5658 = ORIENTED_EDGE('',*,*,#5659,.F.);
#5659 = EDGE_CURVE('',#5660,#5631,#5662,.T.);
#5660 = VERTEX_POINT('',#5661);
#5661 = CARTESIAN_POINT('',(11.143343431905,21.174235832114,-2.));
#5662 = SURFACE_CURVE('',#5663,(#5667,#5674),.PCURVE_S1.);
#5663 = LINE('',#5664,#5665);
#5664 = CARTESIAN_POINT('',(20.,21.174235832114,-2.));
#5665 = VECTOR('',#5666,1.);
#5666 = DIRECTION('',(-1.,0.,0.));
#5667 = PCURVE('',#4882,#5668);
#5668 = DEFINITIONAL_REPRESENTATION('',(#5669),#5673);
#5669 = LINE('',#5670,#5671);
#5670 = CARTESIAN_POINT('',(0.,0.));
#5671 = VECTOR('',#5672,1.);
#5672 = DIRECTION('',(-0.,-1.));
#5673 = ( GEOMETRIC_REPRESENTATION_CONTEXT(2) 
PARAMETRIC_REPRESENTATION_CONTEXT() REPRESENTATION_CONTEXT('2D SPACE',''
  ) );
#5674 = PCURVE('',#5675,#5680);
#5675 = CYLINDRICAL_SURFACE('',#5676,1.);
#5676 = AXIS2_PLACEMENT_3D('',#5677,#5678,#5679);
#5677 = CARTESIAN_POINT('',(20.,21.174235832114,-3.));
#5678 = DIRECTION('',(-1.,0.,0.));
#5679 = DIRECTION('',(0.,0.,1.));
#5680 = DEFINITIONAL_REPRESENTATION('',(#5681),#5685);
#5681 = LINE('',#5682,#5683);
#5682 = CARTESIAN_POINT('',(6.28318530718,0.));
#5683 = VECTOR('',#5684,1.);
#5684 = DIRECTION('',(0.,1.));
#5685 = ( GEOMETRIC_REPRESENTATION_CONTEXT(2) 
PARAMETRIC_REPRESENTATION_CONTEXT() REPRESENTATION_CONTEXT('2D SPACE',''
  ) );
#5686 = ORIENTED_EDGE('',*,*,#5687,.T.);
#5687 = EDGE_CURVE('',#5660,#4528,#5688,.T.);
#5688 = SURFACE_CURVE('',#5689,(#5695,#5704),.PCURVE_S1.);
#5689 = B_SPLINE_CURVE_WITH_KNOTS('',4,(#5690,#5691,#5692,#5693,#5694),
  .UNSPECIFIED.,.F.,.F.,(5,5),(0.,1.),.PIECEWISE_BEZIER_KNOTS.);
#5690 = CARTESIAN_POINT('',(11.143343431905,21.174235832114,-2.));
#5691 = CARTESIAN_POINT('',(11.144441930938,21.205670514534,-2.));
#5692 = CARTESIAN_POINT('',(11.14553806241,21.237111468913,-2.));
#5693 = CARTESIAN_POINT('',(11.146631701183,21.268555837434,-2.));
#5694 = CARTESIAN_POINT('',(11.147722676215,21.3,-2.));
#5695 = PCURVE('',#4882,#5696);
#5696 = DEFINITIONAL_REPRESENTATION('',(#5697),#5703);
#5697 = B_SPLINE_CURVE_WITH_KNOTS('',4,(#5698,#5699,#5700,#5701,#5702),
  .UNSPECIFIED.,.F.,.F.,(5,5),(0.,1.),.PIECEWISE_BEZIER_KNOTS.);
#5698 = CARTESIAN_POINT('',(0.,-8.856656568095));
#5699 = CARTESIAN_POINT('',(-3.143468241948E-02,-8.855558069062));
#5700 = CARTESIAN_POINT('',(-6.287563679842E-02,-8.85446193759));
#5701 = CARTESIAN_POINT('',(-9.432000532013E-02,-8.853368298817));
#5702 = CARTESIAN_POINT('',(-0.125764167886,-8.852277323785));
#5703 = ( GEOMETRIC_REPRESENTATION_CONTEXT(2) 
PARAMETRIC_REPRESENTATION_CONTEXT() REPRESENTATION_CONTEXT('2D SPACE',''
  ) );
#5704 = PCURVE('',#310,#5705);
#5705 = DEFINITIONAL_REPRESENTATION('',(#5706),#5712);
#5706 = B_SPLINE_CURVE_WITH_KNOTS('',4,(#5707,#5708,#5709,#5710,#5711),
  .UNSPECIFIED.,.F.,.F.,(5,5),(0.,1.),.PIECEWISE_BEZIER_KNOTS.);
#5707 = CARTESIAN_POINT('',(1.103538035967,0.994140278637));
#5708 = CARTESIAN_POINT('',(1.102774002005,0.99560518053));
#5709 = CARTESIAN_POINT('',(1.102263815085,0.997069498448));
#5710 = CARTESIAN_POINT('',(1.102015939497,0.998534144344));
#5711 = CARTESIAN_POINT('',(1.102040816327,1.));
#5712 = ( GEOMETRIC_REPRESENTATION_CONTEXT(2) 
PARAMETRIC_REPRESENTATION_CONTEXT() REPRESENTATION_CONTEXT('2D SPACE',''
  ) );
#5713 = FACE_BOUND('',#5714,.F.);
#5714 = EDGE_LOOP('',(#5715));
#5715 = ORIENTED_EDGE('',*,*,#5716,.F.);
#5716 = EDGE_CURVE('',#5717,#5717,#5719,.T.);
#5717 = VERTEX_POINT('',#5718);
#5718 = CARTESIAN_POINT('',(-9.1,31.974235832114,-2.));
#5719 = SURFACE_CURVE('',#5720,(#5725,#5732),.PCURVE_S1.);
#5720 = CIRCLE('',#5721,0.6);
#5721 = AXIS2_PLACEMENT_3D('',#5722,#5723,#5724);
#5722 = CARTESIAN_POINT('',(-9.7,31.974235832114,-2.));
#5723 = DIRECTION('',(0.,0.,1.));
#5724 = DIRECTION('',(1.,0.,-0.));
#5725 = PCURVE('',#4882,#5726);
#5726 = DEFINITIONAL_REPRESENTATION('',(#5727),#5731);
#5727 = CIRCLE('',#5728,0.6);
#5728 = AXIS2_PLACEMENT_2D('',#5729,#5730);
#5729 = CARTESIAN_POINT('',(-10.8,-29.7));
#5730 = DIRECTION('',(0.,1.));
#5731 = ( GEOMETRIC_REPRESENTATION_CONTEXT(2) 
PARAMETRIC_REPRESENTATION_CONTEXT() REPRESENTATION_CONTEXT('2D SPACE',''
  ) );
#5732 = PCURVE('',#5733,#5738);
#5733 = CYLINDRICAL_SURFACE('',#5734,0.6);
#5734 = AXIS2_PLACEMENT_3D('',#5735,#5736,#5737);
#5735 = CARTESIAN_POINT('',(-9.7,31.974235832114,-5.));
#5736 = DIRECTION('',(-0.,-0.,1.));
#5737 = DIRECTION('',(1.,0.,0.));
#5738 = DEFINITIONAL_REPRESENTATION('',(#5739),#5743);
#5739 = LINE('',#5740,#5741);
#5740 = CARTESIAN_POINT('',(0.,3.));
#5741 = VECTOR('',#5742,1.);
#5742 = DIRECTION('',(1.,0.));
#5743 = ( GEOMETRIC_REPRESENTATION_CONTEXT(2) 
PARAMETRIC_REPRESENTATION_CONTEXT() REPRESENTATION_CONTEXT('2D SPACE',''
  ) );
#5744 = FACE_BOUND('',#5745,.F.);
#5745 = EDGE_LOOP('',(#5746));
#5746 = ORIENTED_EDGE('',*,*,#5747,.F.);
#5747 = EDGE_CURVE('',#5748,#5748,#5750,.T.);
#5748 = VERTEX_POINT('',#5749);
#5749 = CARTESIAN_POINT('',(-9.4,26.174235832114,-2.));
#5750 = SURFACE_CURVE('',#5751,(#5756,#5763),.PCURVE_S1.);
#5751 = CIRCLE('',#5752,0.6);
#5752 = AXIS2_PLACEMENT_3D('',#5753,#5754,#5755);
#5753 = CARTESIAN_POINT('',(-10.,26.174235832114,-2.));
#5754 = DIRECTION('',(0.,0.,1.));
#5755 = DIRECTION('',(1.,0.,-0.));
#5756 = PCURVE('',#4882,#5757);
#5757 = DEFINITIONAL_REPRESENTATION('',(#5758),#5762);
#5758 = CIRCLE('',#5759,0.6);
#5759 = AXIS2_PLACEMENT_2D('',#5760,#5761);
#5760 = CARTESIAN_POINT('',(-5.,-30.));
#5761 = DIRECTION('',(0.,1.));
#5762 = ( GEOMETRIC_REPRESENTATION_CONTEXT(2) 
PARAMETRIC_REPRESENTATION_CONTEXT() REPRESENTATION_CONTEXT('2D SPACE',''
  ) );
#5763 = PCURVE('',#5764,#5769);
#5764 = CYLINDRICAL_SURFACE('',#5765,0.6);
#5765 = AXIS2_PLACEMENT_3D('',#5766,#5767,#5768);
#5766 = CARTESIAN_POINT('',(-10.,26.174235832114,-5.));
#5767 = DIRECTION('',(-0.,-0.,1.));
#5768 = DIRECTION('',(1.,0.,0.));
#5769 = DEFINITIONAL_REPRESENTATION('',(#5770),#5774);
#5770 = LINE('',#5771,#5772);
#5771 = CARTESIAN_POINT('',(0.,3.));
#5772 = VECTOR('',#5773,1.);
#5773 = DIRECTION('',(1.,0.));
#5774 = ( GEOMETRIC_REPRESENTATION_CONTEXT(2) 
PARAMETRIC_REPRESENTATION_CONTEXT() REPRESENTATION_CONTEXT('2D SPACE',''
  ) );
#5775 = FACE_BOUND('',#5776,.F.);
#5776 = EDGE_LOOP('',(#5777));
#5777 = ORIENTED_EDGE('',*,*,#5778,.F.);
#5778 = EDGE_CURVE('',#5779,#5779,#5781,.T.);
#5779 = VERTEX_POINT('',#5780);
#5780 = CARTESIAN_POINT('',(10.3,31.974235832114,-2.));
#5781 = SURFACE_CURVE('',#5782,(#5787,#5794),.PCURVE_S1.);
#5782 = CIRCLE('',#5783,0.6);
#5783 = AXIS2_PLACEMENT_3D('',#5784,#5785,#5786);
#5784 = CARTESIAN_POINT('',(9.7,31.974235832114,-2.));
#5785 = DIRECTION('',(0.,0.,1.));
#5786 = DIRECTION('',(1.,-5.921189464667E-15,0.));
#5787 = PCURVE('',#4882,#5788);
#5788 = DEFINITIONAL_REPRESENTATION('',(#5789),#5793);
#5789 = CIRCLE('',#5790,0.6);
#5790 = AXIS2_PLACEMENT_2D('',#5791,#5792);
#5791 = CARTESIAN_POINT('',(-10.8,-10.3));
#5792 = DIRECTION('',(5.921189464667E-15,1.));
#5793 = ( GEOMETRIC_REPRESENTATION_CONTEXT(2) 
PARAMETRIC_REPRESENTATION_CONTEXT() REPRESENTATION_CONTEXT('2D SPACE',''
  ) );
#5794 = PCURVE('',#5795,#5800);
#5795 = CYLINDRICAL_SURFACE('',#5796,0.6);
#5796 = AXIS2_PLACEMENT_3D('',#5797,#5798,#5799);
#5797 = CARTESIAN_POINT('',(9.7,31.974235832114,-5.));
#5798 = DIRECTION('',(-0.,-0.,1.));
#5799 = DIRECTION('',(1.,0.,0.));
#5800 = DEFINITIONAL_REPRESENTATION('',(#5801),#5805);
#5801 = LINE('',#5802,#5803);
#5802 = CARTESIAN_POINT('',(0.,3.));
#5803 = VECTOR('',#5804,1.);
#5804 = DIRECTION('',(1.,0.));
#5805 = ( GEOMETRIC_REPRESENTATION_CONTEXT(2) 
PARAMETRIC_REPRESENTATION_CONTEXT() REPRESENTATION_CONTEXT('2D SPACE',''
  ) );
#5806 = FACE_BOUND('',#5807,.F.);
#5807 = EDGE_LOOP('',(#5808));
#5808 = ORIENTED_EDGE('',*,*,#5809,.F.);
#5809 = EDGE_CURVE('',#5810,#5810,#5812,.T.);
#5810 = VERTEX_POINT('',#5811);
#5811 = CARTESIAN_POINT('',(10.6,26.174235832114,-2.));
#5812 = SURFACE_CURVE('',#5813,(#5818,#5825),.PCURVE_S1.);
#5813 = CIRCLE('',#5814,0.6);
#5814 = AXIS2_PLACEMENT_3D('',#5815,#5816,#5817);
#5815 = CARTESIAN_POINT('',(10.,26.174235832114,-2.));
#5816 = DIRECTION('',(0.,0.,1.));
#5817 = DIRECTION('',(1.,0.,-0.));
#5818 = PCURVE('',#4882,#5819);
#5819 = DEFINITIONAL_REPRESENTATION('',(#5820),#5824);
#5820 = CIRCLE('',#5821,0.6);
#5821 = AXIS2_PLACEMENT_2D('',#5822,#5823);
#5822 = CARTESIAN_POINT('',(-5.,-10.));
#5823 = DIRECTION('',(0.,1.));
#5824 = ( GEOMETRIC_REPRESENTATION_CONTEXT(2) 
PARAMETRIC_REPRESENTATION_CONTEXT() REPRESENTATION_CONTEXT('2D SPACE',''
  ) );
#5825 = PCURVE('',#5826,#5831);
#5826 = CYLINDRICAL_SURFACE('',#5827,0.6);
#5827 = AXIS2_PLACEMENT_3D('',#5828,#5829,#5830);
#5828 = CARTESIAN_POINT('',(10.,26.174235832114,-5.));
#5829 = DIRECTION('',(-0.,-0.,1.));
#5830 = DIRECTION('',(1.,0.,0.));
#5831 = DEFINITIONAL_REPRESENTATION('',(#5832),#5836);
#5832 = LINE('',#5833,#5834);
#5833 = CARTESIAN_POINT('',(0.,3.));
#5834 = VECTOR('',#5835,1.);
#5835 = DIRECTION('',(1.,0.));
#5836 = ( GEOMETRIC_REPRESENTATION_CONTEXT(2) 
PARAMETRIC_REPRESENTATION_CONTEXT() REPRESENTATION_CONTEXT('2D SPACE',''
  ) );
#5837 = ADVANCED_FACE('',(#5838),#5826,.T.);
#5838 = FACE_BOUND('',#5839,.T.);
#5839 = EDGE_LOOP('',(#5840,#5841,#5864,#5895));
#5840 = ORIENTED_EDGE('',*,*,#5809,.F.);
#5841 = ORIENTED_EDGE('',*,*,#5842,.F.);
#5842 = EDGE_CURVE('',#5843,#5810,#5845,.T.);
#5843 = VERTEX_POINT('',#5844);
#5844 = CARTESIAN_POINT('',(10.6,26.174235832114,-2.25));
#5845 = SEAM_CURVE('',#5846,(#5850,#5857),.PCURVE_S1.);
#5846 = LINE('',#5847,#5848);
#5847 = CARTESIAN_POINT('',(10.6,26.174235832114,-5.));
#5848 = VECTOR('',#5849,1.);
#5849 = DIRECTION('',(-0.,-0.,1.));
#5850 = PCURVE('',#5826,#5851);
#5851 = DEFINITIONAL_REPRESENTATION('',(#5852),#5856);
#5852 = LINE('',#5853,#5854);
#5853 = CARTESIAN_POINT('',(0.,0.));
#5854 = VECTOR('',#5855,1.);
#5855 = DIRECTION('',(0.,1.));
#5856 = ( GEOMETRIC_REPRESENTATION_CONTEXT(2) 
PARAMETRIC_REPRESENTATION_CONTEXT() REPRESENTATION_CONTEXT('2D SPACE',''
  ) );
#5857 = PCURVE('',#5826,#5858);
#5858 = DEFINITIONAL_REPRESENTATION('',(#5859),#5863);
#5859 = LINE('',#5860,#5861);
#5860 = CARTESIAN_POINT('',(6.28318530718,0.));
#5861 = VECTOR('',#5862,1.);
#5862 = DIRECTION('',(0.,1.));
#5863 = ( GEOMETRIC_REPRESENTATION_CONTEXT(2) 
PARAMETRIC_REPRESENTATION_CONTEXT() REPRESENTATION_CONTEXT('2D SPACE',''
  ) );
#5864 = ORIENTED_EDGE('',*,*,#5865,.T.);
#5865 = EDGE_CURVE('',#5843,#5843,#5866,.T.);
#5866 = SURFACE_CURVE('',#5867,(#5872,#5879),.PCURVE_S1.);
#5867 = CIRCLE('',#5868,0.6);
#5868 = AXIS2_PLACEMENT_3D('',#5869,#5870,#5871);
#5869 = CARTESIAN_POINT('',(10.,26.174235832114,-2.25));
#5870 = DIRECTION('',(0.,-0.,1.));
#5871 = DIRECTION('',(1.,0.,0.));
#5872 = PCURVE('',#5826,#5873);
#5873 = DEFINITIONAL_REPRESENTATION('',(#5874),#5878);
#5874 = LINE('',#5875,#5876);
#5875 = CARTESIAN_POINT('',(0.,2.75));
#5876 = VECTOR('',#5877,1.);
#5877 = DIRECTION('',(1.,0.));
#5878 = ( GEOMETRIC_REPRESENTATION_CONTEXT(2) 
PARAMETRIC_REPRESENTATION_CONTEXT() REPRESENTATION_CONTEXT('2D SPACE',''
  ) );
#5879 = PCURVE('',#5880,#5885);
#5880 = PLANE('',#5881);
#5881 = AXIS2_PLACEMENT_3D('',#5882,#5883,#5884);
#5882 = CARTESIAN_POINT('',(3.29149707437E-05,29.706179914625,-2.25));
#5883 = DIRECTION('',(-0.,-0.,-1.));
#5884 = DIRECTION('',(-1.,0.,0.));
#5885 = DEFINITIONAL_REPRESENTATION('',(#5886),#5894);
#5886 = ( BOUNDED_CURVE() B_SPLINE_CURVE(2,(#5887,#5888,#5889,#5890,
#5891,#5892,#5893),.UNSPECIFIED.,.T.,.F.) B_SPLINE_CURVE_WITH_KNOTS((1,2
    ,2,2,2,1),(-2.094395102393,0.,2.094395102393,4.188790204786,
6.28318530718,8.377580409573),.UNSPECIFIED.) CURVE() 
GEOMETRIC_REPRESENTATION_ITEM() RATIONAL_B_SPLINE_CURVE((1.,0.5,1.,0.5,
1.,0.5,1.)) REPRESENTATION_ITEM('') );
#5887 = CARTESIAN_POINT('',(-10.59996708502,-3.531944082511));
#5888 = CARTESIAN_POINT('',(-10.59996708502,-2.49271359797));
#5889 = CARTESIAN_POINT('',(-9.699967085029,-3.01232884024));
#5890 = CARTESIAN_POINT('',(-8.799967085029,-3.531944082511));
#5891 = CARTESIAN_POINT('',(-9.699967085029,-4.051559324782));
#5892 = CARTESIAN_POINT('',(-10.59996708502,-4.571174567052));
#5893 = CARTESIAN_POINT('',(-10.59996708502,-3.531944082511));
#5894 = ( GEOMETRIC_REPRESENTATION_CONTEXT(2) 
PARAMETRIC_REPRESENTATION_CONTEXT() REPRESENTATION_CONTEXT('2D SPACE',''
  ) );
#5895 = ORIENTED_EDGE('',*,*,#5842,.T.);
#5896 = ADVANCED_FACE('',(#5897),#5880,.T.);
#5897 = FACE_BOUND('',#5898,.T.);
#5898 = EDGE_LOOP('',(#5899));
#5899 = ORIENTED_EDGE('',*,*,#5865,.F.);
#5900 = ADVANCED_FACE('',(#5901),#5795,.T.);
#5901 = FACE_BOUND('',#5902,.T.);
#5902 = EDGE_LOOP('',(#5903,#5904,#5927,#5958));
#5903 = ORIENTED_EDGE('',*,*,#5778,.F.);
#5904 = ORIENTED_EDGE('',*,*,#5905,.F.);
#5905 = EDGE_CURVE('',#5906,#5779,#5908,.T.);
#5906 = VERTEX_POINT('',#5907);
#5907 = CARTESIAN_POINT('',(10.3,31.974235832114,-2.25));
#5908 = SEAM_CURVE('',#5909,(#5913,#5920),.PCURVE_S1.);
#5909 = LINE('',#5910,#5911);
#5910 = CARTESIAN_POINT('',(10.3,31.974235832114,-5.));
#5911 = VECTOR('',#5912,1.);
#5912 = DIRECTION('',(-0.,-0.,1.));
#5913 = PCURVE('',#5795,#5914);
#5914 = DEFINITIONAL_REPRESENTATION('',(#5915),#5919);
#5915 = LINE('',#5916,#5917);
#5916 = CARTESIAN_POINT('',(0.,0.));
#5917 = VECTOR('',#5918,1.);
#5918 = DIRECTION('',(0.,1.));
#5919 = ( GEOMETRIC_REPRESENTATION_CONTEXT(2) 
PARAMETRIC_REPRESENTATION_CONTEXT() REPRESENTATION_CONTEXT('2D SPACE',''
  ) );
#5920 = PCURVE('',#5795,#5921);
#5921 = DEFINITIONAL_REPRESENTATION('',(#5922),#5926);
#5922 = LINE('',#5923,#5924);
#5923 = CARTESIAN_POINT('',(6.28318530718,0.));
#5924 = VECTOR('',#5925,1.);
#5925 = DIRECTION('',(0.,1.));
#5926 = ( GEOMETRIC_REPRESENTATION_CONTEXT(2) 
PARAMETRIC_REPRESENTATION_CONTEXT() REPRESENTATION_CONTEXT('2D SPACE',''
  ) );
#5927 = ORIENTED_EDGE('',*,*,#5928,.T.);
#5928 = EDGE_CURVE('',#5906,#5906,#5929,.T.);
#5929 = SURFACE_CURVE('',#5930,(#5935,#5942),.PCURVE_S1.);
#5930 = CIRCLE('',#5931,0.6);
#5931 = AXIS2_PLACEMENT_3D('',#5932,#5933,#5934);
#5932 = CARTESIAN_POINT('',(9.7,31.974235832114,-2.25));
#5933 = DIRECTION('',(0.,-0.,1.));
#5934 = DIRECTION('',(1.,0.,0.));
#5935 = PCURVE('',#5795,#5936);
#5936 = DEFINITIONAL_REPRESENTATION('',(#5937),#5941);
#5937 = LINE('',#5938,#5939);
#5938 = CARTESIAN_POINT('',(0.,2.75));
#5939 = VECTOR('',#5940,1.);
#5940 = DIRECTION('',(1.,0.));
#5941 = ( GEOMETRIC_REPRESENTATION_CONTEXT(2) 
PARAMETRIC_REPRESENTATION_CONTEXT() REPRESENTATION_CONTEXT('2D SPACE',''
  ) );
#5942 = PCURVE('',#5943,#5948);
#5943 = PLANE('',#5944);
#5944 = AXIS2_PLACEMENT_3D('',#5945,#5946,#5947);
#5945 = CARTESIAN_POINT('',(3.29149707437E-05,29.706179914625,-2.25));
#5946 = DIRECTION('',(-0.,-0.,-1.));
#5947 = DIRECTION('',(-1.,0.,0.));
#5948 = DEFINITIONAL_REPRESENTATION('',(#5949),#5957);
#5949 = ( BOUNDED_CURVE() B_SPLINE_CURVE(2,(#5950,#5951,#5952,#5953,
#5954,#5955,#5956),.UNSPECIFIED.,.T.,.F.) B_SPLINE_CURVE_WITH_KNOTS((1,2
    ,2,2,2,1),(-2.094395102393,0.,2.094395102393,4.188790204786,
6.28318530718,8.377580409573),.UNSPECIFIED.) CURVE() 
GEOMETRIC_REPRESENTATION_ITEM() RATIONAL_B_SPLINE_CURVE((1.,0.5,1.,0.5,
1.,0.5,1.)) REPRESENTATION_ITEM('') );
#5950 = CARTESIAN_POINT('',(-10.29996708502,2.268055917489));
#5951 = CARTESIAN_POINT('',(-10.29996708502,3.30728640203));
#5952 = CARTESIAN_POINT('',(-9.399967085029,2.78767115976));
#5953 = CARTESIAN_POINT('',(-8.499967085029,2.268055917489));
#5954 = CARTESIAN_POINT('',(-9.399967085029,1.748440675218));
#5955 = CARTESIAN_POINT('',(-10.29996708502,1.228825432948));
#5956 = CARTESIAN_POINT('',(-10.29996708502,2.268055917489));
#5957 = ( GEOMETRIC_REPRESENTATION_CONTEXT(2) 
PARAMETRIC_REPRESENTATION_CONTEXT() REPRESENTATION_CONTEXT('2D SPACE',''
  ) );
#5958 = ORIENTED_EDGE('',*,*,#5905,.T.);
#5959 = ADVANCED_FACE('',(#5960),#5943,.T.);
#5960 = FACE_BOUND('',#5961,.T.);
#5961 = EDGE_LOOP('',(#5962));
#5962 = ORIENTED_EDGE('',*,*,#5928,.F.);
#5963 = ADVANCED_FACE('',(#5964),#5764,.T.);
#5964 = FACE_BOUND('',#5965,.T.);
#5965 = EDGE_LOOP('',(#5966,#5967,#5990,#6021));
#5966 = ORIENTED_EDGE('',*,*,#5747,.F.);
#5967 = ORIENTED_EDGE('',*,*,#5968,.F.);
#5968 = EDGE_CURVE('',#5969,#5748,#5971,.T.);
#5969 = VERTEX_POINT('',#5970);
#5970 = CARTESIAN_POINT('',(-9.4,26.174235832114,-2.25));
#5971 = SEAM_CURVE('',#5972,(#5976,#5983),.PCURVE_S1.);
#5972 = LINE('',#5973,#5974);
#5973 = CARTESIAN_POINT('',(-9.4,26.174235832114,-5.));
#5974 = VECTOR('',#5975,1.);
#5975 = DIRECTION('',(-0.,-0.,1.));
#5976 = PCURVE('',#5764,#5977);
#5977 = DEFINITIONAL_REPRESENTATION('',(#5978),#5982);
#5978 = LINE('',#5979,#5980);
#5979 = CARTESIAN_POINT('',(0.,0.));
#5980 = VECTOR('',#5981,1.);
#5981 = DIRECTION('',(0.,1.));
#5982 = ( GEOMETRIC_REPRESENTATION_CONTEXT(2) 
PARAMETRIC_REPRESENTATION_CONTEXT() REPRESENTATION_CONTEXT('2D SPACE',''
  ) );
#5983 = PCURVE('',#5764,#5984);
#5984 = DEFINITIONAL_REPRESENTATION('',(#5985),#5989);
#5985 = LINE('',#5986,#5987);
#5986 = CARTESIAN_POINT('',(6.28318530718,0.));
#5987 = VECTOR('',#5988,1.);
#5988 = DIRECTION('',(0.,1.));
#5989 = ( GEOMETRIC_REPRESENTATION_CONTEXT(2) 
PARAMETRIC_REPRESENTATION_CONTEXT() REPRESENTATION_CONTEXT('2D SPACE',''
  ) );
#5990 = ORIENTED_EDGE('',*,*,#5991,.T.);
#5991 = EDGE_CURVE('',#5969,#5969,#5992,.T.);
#5992 = SURFACE_CURVE('',#5993,(#5998,#6005),.PCURVE_S1.);
#5993 = CIRCLE('',#5994,0.6);
#5994 = AXIS2_PLACEMENT_3D('',#5995,#5996,#5997);
#5995 = CARTESIAN_POINT('',(-10.,26.174235832114,-2.25));
#5996 = DIRECTION('',(0.,-0.,1.));
#5997 = DIRECTION('',(1.,0.,0.));
#5998 = PCURVE('',#5764,#5999);
#5999 = DEFINITIONAL_REPRESENTATION('',(#6000),#6004);
#6000 = LINE('',#6001,#6002);
#6001 = CARTESIAN_POINT('',(0.,2.75));
#6002 = VECTOR('',#6003,1.);
#6003 = DIRECTION('',(1.,0.));
#6004 = ( GEOMETRIC_REPRESENTATION_CONTEXT(2) 
PARAMETRIC_REPRESENTATION_CONTEXT() REPRESENTATION_CONTEXT('2D SPACE',''
  ) );
#6005 = PCURVE('',#6006,#6011);
#6006 = PLANE('',#6007);
#6007 = AXIS2_PLACEMENT_3D('',#6008,#6009,#6010);
#6008 = CARTESIAN_POINT('',(3.29149707437E-05,29.706179914625,-2.25));
#6009 = DIRECTION('',(-0.,-0.,-1.));
#6010 = DIRECTION('',(-1.,0.,0.));
#6011 = DEFINITIONAL_REPRESENTATION('',(#6012),#6020);
#6012 = ( BOUNDED_CURVE() B_SPLINE_CURVE(2,(#6013,#6014,#6015,#6016,
#6017,#6018,#6019),.UNSPECIFIED.,.T.,.F.) B_SPLINE_CURVE_WITH_KNOTS((1,2
    ,2,2,2,1),(-2.094395102393,0.,2.094395102393,4.188790204786,
6.28318530718,8.377580409573),.UNSPECIFIED.) CURVE() 
GEOMETRIC_REPRESENTATION_ITEM() RATIONAL_B_SPLINE_CURVE((1.,0.5,1.,0.5,
1.,0.5,1.)) REPRESENTATION_ITEM('') );
#6013 = CARTESIAN_POINT('',(9.400032914971,-3.531944082511));
#6014 = CARTESIAN_POINT('',(9.400032914971,-2.49271359797));
#6015 = CARTESIAN_POINT('',(10.300032914971,-3.01232884024));
#6016 = CARTESIAN_POINT('',(11.200032914971,-3.531944082511));
#6017 = CARTESIAN_POINT('',(10.300032914971,-4.051559324782));
#6018 = CARTESIAN_POINT('',(9.400032914971,-4.571174567052));
#6019 = CARTESIAN_POINT('',(9.400032914971,-3.531944082511));
#6020 = ( GEOMETRIC_REPRESENTATION_CONTEXT(2) 
PARAMETRIC_REPRESENTATION_CONTEXT() REPRESENTATION_CONTEXT('2D SPACE',''
  ) );
#6021 = ORIENTED_EDGE('',*,*,#5968,.T.);
#6022 = ADVANCED_FACE('',(#6023),#6006,.T.);
#6023 = FACE_BOUND('',#6024,.T.);
#6024 = EDGE_LOOP('',(#6025));
#6025 = ORIENTED_EDGE('',*,*,#5991,.F.);
#6026 = ADVANCED_FACE('',(#6027),#5733,.T.);
#6027 = FACE_BOUND('',#6028,.T.);
#6028 = EDGE_LOOP('',(#6029,#6030,#6053,#6084));
#6029 = ORIENTED_EDGE('',*,*,#5716,.F.);
#6030 = ORIENTED_EDGE('',*,*,#6031,.F.);
#6031 = EDGE_CURVE('',#6032,#5717,#6034,.T.);
#6032 = VERTEX_POINT('',#6033);
#6033 = CARTESIAN_POINT('',(-9.1,31.974235832114,-2.25));
#6034 = SEAM_CURVE('',#6035,(#6039,#6046),.PCURVE_S1.);
#6035 = LINE('',#6036,#6037);
#6036 = CARTESIAN_POINT('',(-9.1,31.974235832114,-5.));
#6037 = VECTOR('',#6038,1.);
#6038 = DIRECTION('',(-0.,-0.,1.));
#6039 = PCURVE('',#5733,#6040);
#6040 = DEFINITIONAL_REPRESENTATION('',(#6041),#6045);
#6041 = LINE('',#6042,#6043);
#6042 = CARTESIAN_POINT('',(0.,0.));
#6043 = VECTOR('',#6044,1.);
#6044 = DIRECTION('',(0.,1.));
#6045 = ( GEOMETRIC_REPRESENTATION_CONTEXT(2) 
PARAMETRIC_REPRESENTATION_CONTEXT() REPRESENTATION_CONTEXT('2D SPACE',''
  ) );
#6046 = PCURVE('',#5733,#6047);
#6047 = DEFINITIONAL_REPRESENTATION('',(#6048),#6052);
#6048 = LINE('',#6049,#6050);
#6049 = CARTESIAN_POINT('',(6.28318530718,0.));
#6050 = VECTOR('',#6051,1.);
#6051 = DIRECTION('',(0.,1.));
#6052 = ( GEOMETRIC_REPRESENTATION_CONTEXT(2) 
PARAMETRIC_REPRESENTATION_CONTEXT() REPRESENTATION_CONTEXT('2D SPACE',''
  ) );
#6053 = ORIENTED_EDGE('',*,*,#6054,.T.);
#6054 = EDGE_CURVE('',#6032,#6032,#6055,.T.);
#6055 = SURFACE_CURVE('',#6056,(#6061,#6068),.PCURVE_S1.);
#6056 = CIRCLE('',#6057,0.6);
#6057 = AXIS2_PLACEMENT_3D('',#6058,#6059,#6060);
#6058 = CARTESIAN_POINT('',(-9.7,31.974235832114,-2.25));
#6059 = DIRECTION('',(0.,-0.,1.));
#6060 = DIRECTION('',(1.,0.,0.));
#6061 = PCURVE('',#5733,#6062);
#6062 = DEFINITIONAL_REPRESENTATION('',(#6063),#6067);
#6063 = LINE('',#6064,#6065);
#6064 = CARTESIAN_POINT('',(0.,2.75));
#6065 = VECTOR('',#6066,1.);
#6066 = DIRECTION('',(1.,0.));
#6067 = ( GEOMETRIC_REPRESENTATION_CONTEXT(2) 
PARAMETRIC_REPRESENTATION_CONTEXT() REPRESENTATION_CONTEXT('2D SPACE',''
  ) );
#6068 = PCURVE('',#6069,#6074);
#6069 = PLANE('',#6070);
#6070 = AXIS2_PLACEMENT_3D('',#6071,#6072,#6073);
#6071 = CARTESIAN_POINT('',(3.29149707437E-05,29.706179914625,-2.25));
#6072 = DIRECTION('',(-0.,-0.,-1.));
#6073 = DIRECTION('',(-1.,0.,0.));
#6074 = DEFINITIONAL_REPRESENTATION('',(#6075),#6083);
#6075 = ( BOUNDED_CURVE() B_SPLINE_CURVE(2,(#6076,#6077,#6078,#6079,
#6080,#6081,#6082),.UNSPECIFIED.,.T.,.F.) B_SPLINE_CURVE_WITH_KNOTS((1,2
    ,2,2,2,1),(-2.094395102393,0.,2.094395102393,4.188790204786,
6.28318530718,8.377580409573),.UNSPECIFIED.) CURVE() 
GEOMETRIC_REPRESENTATION_ITEM() RATIONAL_B_SPLINE_CURVE((1.,0.5,1.,0.5,
1.,0.5,1.)) REPRESENTATION_ITEM('') );
#6076 = CARTESIAN_POINT('',(9.100032914971,2.268055917489));
#6077 = CARTESIAN_POINT('',(9.100032914971,3.30728640203));
#6078 = CARTESIAN_POINT('',(10.000032914971,2.78767115976));
#6079 = CARTESIAN_POINT('',(10.900032914971,2.268055917489));
#6080 = CARTESIAN_POINT('',(10.000032914971,1.748440675218));
#6081 = CARTESIAN_POINT('',(9.100032914971,1.228825432948));
#6082 = CARTESIAN_POINT('',(9.100032914971,2.268055917489));
#6083 = ( GEOMETRIC_REPRESENTATION_CONTEXT(2) 
PARAMETRIC_REPRESENTATION_CONTEXT() REPRESENTATION_CONTEXT('2D SPACE',''
  ) );
#6084 = ORIENTED_EDGE('',*,*,#6031,.T.);
#6085 = ADVANCED_FACE('',(#6086),#6069,.T.);
#6086 = FACE_BOUND('',#6087,.T.);
#6087 = EDGE_LOOP('',(#6088));
#6088 = ORIENTED_EDGE('',*,*,#6054,.F.);
#6089 = ADVANCED_FACE('',(#6090),#5675,.F.);
#6090 = FACE_BOUND('',#6091,.F.);
#6091 = EDGE_LOOP('',(#6092,#6133,#6134,#6175));
#6092 = ORIENTED_EDGE('',*,*,#6093,.F.);
#6093 = EDGE_CURVE('',#5660,#6094,#6096,.T.);
#6094 = VERTEX_POINT('',#6095);
#6095 = CARTESIAN_POINT('',(11.122601045464,20.590161405445,
    -2.188299892661));
#6096 = SURFACE_CURVE('',#6097,(#6107,#6120),.PCURVE_S1.);
#6097 = B_SPLINE_CURVE_WITH_KNOTS('',8,(#6098,#6099,#6100,#6101,#6102,
    #6103,#6104,#6105,#6106),.UNSPECIFIED.,.F.,.F.,(9,9),(0.,1.),
  .PIECEWISE_BEZIER_KNOTS.);
#6098 = CARTESIAN_POINT('',(11.143343431905,21.174235832114,-2.));
#6099 = CARTESIAN_POINT('',(11.140616458119,21.096200665658,-2.));
#6100 = CARTESIAN_POINT('',(11.137874579227,21.018131083035,
    -2.006959423479));
#6101 = CARTESIAN_POINT('',(11.135144829661,20.940787524795,
    -2.020888940575));
#6102 = CARTESIAN_POINT('',(11.132453184998,20.864916660383,
    -2.041691017072));
#6103 = CARTESIAN_POINT('',(11.129827408922,20.791244667035,
    -2.069170693307));
#6104 = CARTESIAN_POINT('',(11.127293405741,20.720466732709,
    -2.103038988267));
#6105 = CARTESIAN_POINT('',(11.124876763553,20.653239500344,
    -2.14291083615));
#6106 = CARTESIAN_POINT('',(11.122601045466,20.590161405487,
    -2.188299892719));
#6107 = PCURVE('',#5675,#6108);
#6108 = DEFINITIONAL_REPRESENTATION('',(#6109),#6119);
#6109 = B_SPLINE_CURVE_WITH_KNOTS('',8,(#6110,#6111,#6112,#6113,#6114,
    #6115,#6116,#6117,#6118),.UNSPECIFIED.,.F.,.F.,(9,9),(0.,1.),
  .PIECEWISE_BEZIER_KNOTS.);
#6110 = CARTESIAN_POINT('',(6.28318530718,8.856656568095));
#6111 = CARTESIAN_POINT('',(6.205150140723,8.859383541881));
#6112 = CARTESIAN_POINT('',(6.127080558674,8.862125420773));
#6113 = CARTESIAN_POINT('',(6.049012888806,8.864855170339));
#6114 = CARTESIAN_POINT('',(5.970967057769,8.867546815002));
#6115 = CARTESIAN_POINT('',(5.892960768149,8.870172591078));
#6116 = CARTESIAN_POINT('',(5.815013566492,8.872706594259));
#6117 = CARTESIAN_POINT('',(5.737157091241,8.875123236447));
#6118 = CARTESIAN_POINT('',(5.659446007688,8.877398954534));
#6119 = ( GEOMETRIC_REPRESENTATION_CONTEXT(2) 
PARAMETRIC_REPRESENTATION_CONTEXT() REPRESENTATION_CONTEXT('2D SPACE',''
  ) );
#6120 = PCURVE('',#310,#6121);
#6121 = DEFINITIONAL_REPRESENTATION('',(#6122),#6132);
#6122 = B_SPLINE_CURVE_WITH_KNOTS('',8,(#6123,#6124,#6125,#6126,#6127,
    #6128,#6129,#6130,#6131),.UNSPECIFIED.,.F.,.F.,(9,9),(0.,1.),
  .PIECEWISE_BEZIER_KNOTS.);
#6123 = CARTESIAN_POINT('',(1.103538035967,0.994140278637));
#6124 = CARTESIAN_POINT('',(1.105434715454,0.99050372645));
#6125 = CARTESIAN_POINT('',(1.105833908029,0.986859741713));
#6126 = CARTESIAN_POINT('',(1.10463989418,0.983243639507));
#6127 = CARTESIAN_POINT('',(1.101754817336,0.979651674445));
#6128 = CARTESIAN_POINT('',(1.097081621074,0.976155646866));
#6129 = CARTESIAN_POINT('',(1.090486991366,0.972765435208));
#6130 = CARTESIAN_POINT('',(1.081881709303,0.969523957224));
#6131 = CARTESIAN_POINT('',(1.071203738956,0.96646125747));
#6132 = ( GEOMETRIC_REPRESENTATION_CONTEXT(2) 
PARAMETRIC_REPRESENTATION_CONTEXT() REPRESENTATION_CONTEXT('2D SPACE',''
  ) );
#6133 = ORIENTED_EDGE('',*,*,#5659,.T.);
#6134 = ORIENTED_EDGE('',*,*,#6135,.F.);
#6135 = EDGE_CURVE('',#6136,#5631,#6138,.T.);
#6136 = VERTEX_POINT('',#6137);
#6137 = CARTESIAN_POINT('',(-11.12260100393,20.590161405445,
    -2.188299892661));
#6138 = SURFACE_CURVE('',#6139,(#6149,#6162),.PCURVE_S1.);
#6139 = B_SPLINE_CURVE_WITH_KNOTS('',8,(#6140,#6141,#6142,#6143,#6144,
    #6145,#6146,#6147,#6148),.UNSPECIFIED.,.F.,.F.,(9,9),(0.,1.),
  .PIECEWISE_BEZIER_KNOTS.);
#6140 = CARTESIAN_POINT('',(-11.12260100393,20.590161405487,
    -2.188299892719));
#6141 = CARTESIAN_POINT('',(-11.12487671888,20.65323936991,
    -2.142910930006));
#6142 = CARTESIAN_POINT('',(-11.12729336965,20.720466777368,
    -2.103038921241));
#6143 = CARTESIAN_POINT('',(-11.12982737847,20.79124490991,
    -2.069170563303));
#6144 = CARTESIAN_POINT('',(-11.13245316549,20.864916949826,
    -2.041690942724));
#6145 = CARTESIAN_POINT('',(-11.13514479379,20.940787606336,
    -2.020888982689));
#6146 = CARTESIAN_POINT('',(-11.13787454232,21.018130851719,
    -2.006959489374));
#6147 = CARTESIAN_POINT('',(-11.14061641527,21.09620028952,-2.));
#6148 = CARTESIAN_POINT('',(-11.14334340388,21.174235832114,-2.));
#6149 = PCURVE('',#5675,#6150);
#6150 = DEFINITIONAL_REPRESENTATION('',(#6151),#6161);
#6151 = B_SPLINE_CURVE_WITH_KNOTS('',8,(#6152,#6153,#6154,#6155,#6156,
    #6157,#6158,#6159,#6160),.UNSPECIFIED.,.F.,.F.,(9,9),(0.,1.),
  .PIECEWISE_BEZIER_KNOTS.);
#6152 = CARTESIAN_POINT('',(5.659446007688,31.122601003937));
#6153 = CARTESIAN_POINT('',(5.737156930549,31.124876718882));
#6154 = CARTESIAN_POINT('',(5.815013641794,31.127293369656));
#6155 = CARTESIAN_POINT('',(5.892961037287,31.129827378472));
#6156 = CARTESIAN_POINT('',(5.970967347497,31.132453165498));
#6157 = CARTESIAN_POINT('',(6.04901295907,31.135144793795));
#6158 = CARTESIAN_POINT('',(6.127080327571,31.137874542326));
#6159 = CARTESIAN_POINT('',(6.205149764586,31.140616415276));
#6160 = CARTESIAN_POINT('',(6.28318530718,31.143343403889));
#6161 = ( GEOMETRIC_REPRESENTATION_CONTEXT(2) 
PARAMETRIC_REPRESENTATION_CONTEXT() REPRESENTATION_CONTEXT('2D SPACE',''
  ) );
#6162 = PCURVE('',#145,#6163);
#6163 = DEFINITIONAL_REPRESENTATION('',(#6164),#6174);
#6164 = B_SPLINE_CURVE_WITH_KNOTS('',8,(#6165,#6166,#6167,#6168,#6169,
    #6170,#6171,#6172,#6173),.UNSPECIFIED.,.F.,.F.,(9,9),(0.,1.),
  .PIECEWISE_BEZIER_KNOTS.);
#6165 = CARTESIAN_POINT('',(3.928796261044,0.96646125747));
#6166 = CARTESIAN_POINT('',(3.918118312777,0.969523950891));
#6167 = CARTESIAN_POINT('',(3.909513007783,0.97276545218));
#6168 = CARTESIAN_POINT('',(3.902918274039,0.976155594788));
#6169 = CARTESIAN_POINT('',(3.898245336414,0.979651814197));
#6170 = CARTESIAN_POINT('',(3.895359936469,0.983243509824));
#6171 = CARTESIAN_POINT('',(3.89416619337,0.986859795264));
#6172 = CARTESIAN_POINT('',(3.894565275404,0.990503708921));
#6173 = CARTESIAN_POINT('',(3.896461964033,0.994140278637));
#6174 = ( GEOMETRIC_REPRESENTATION_CONTEXT(2) 
PARAMETRIC_REPRESENTATION_CONTEXT() REPRESENTATION_CONTEXT('2D SPACE',''
  ) );
#6175 = ORIENTED_EDGE('',*,*,#6176,.F.);
#6176 = EDGE_CURVE('',#6094,#6136,#6177,.T.);
#6177 = SURFACE_CURVE('',#6178,(#6182,#6189),.PCURVE_S1.);
#6178 = LINE('',#6179,#6180);
#6179 = CARTESIAN_POINT('',(20.,20.590161405445,-2.188299892661));
#6180 = VECTOR('',#6181,1.);
#6181 = DIRECTION('',(-1.,0.,0.));
#6182 = PCURVE('',#5675,#6183);
#6183 = DEFINITIONAL_REPRESENTATION('',(#6184),#6188);
#6184 = LINE('',#6185,#6186);
#6185 = CARTESIAN_POINT('',(5.659446007688,0.));
#6186 = VECTOR('',#6187,1.);
#6187 = DIRECTION('',(0.,1.));
#6188 = ( GEOMETRIC_REPRESENTATION_CONTEXT(2) 
PARAMETRIC_REPRESENTATION_CONTEXT() REPRESENTATION_CONTEXT('2D SPACE',''
  ) );
#6189 = PCURVE('',#410,#6190);
#6190 = DEFINITIONAL_REPRESENTATION('',(#6191),#6194);
#6191 = B_SPLINE_CURVE_WITH_KNOTS('',1,(#6192,#6193),.UNSPECIFIED.,.F.,
  .F.,(2,2),(8.627409271034,31.372590728966),.PIECEWISE_BEZIER_KNOTS.);
#6192 = CARTESIAN_POINT('',(0.501393915946,5.928853754941E-03));
#6193 = CARTESIAN_POINT('',(0.501393915946,0.994071146245));
#6194 = ( GEOMETRIC_REPRESENTATION_CONTEXT(2) 
PARAMETRIC_REPRESENTATION_CONTEXT() REPRESENTATION_CONTEXT('2D SPACE',''
  ) );
#6195 = ADVANCED_FACE('',(#6196,#6376,#6493,#6563),#4389,.F.);
#6196 = FACE_BOUND('',#6197,.F.);
#6197 = EDGE_LOOP('',(#6198,#6199,#6200,#6201,#6202,#6223));
#6198 = ORIENTED_EDGE('',*,*,#5104,.F.);
#6199 = ORIENTED_EDGE('',*,*,#5081,.F.);
#6200 = ORIENTED_EDGE('',*,*,#5058,.F.);
#6201 = ORIENTED_EDGE('',*,*,#4163,.T.);
#6202 = ORIENTED_EDGE('',*,*,#6203,.F.);
#6203 = EDGE_CURVE('',#6204,#4166,#6206,.T.);
#6204 = VERTEX_POINT('',#6205);
#6205 = CARTESIAN_POINT('',(-1.357439088381,40.64965665537,
    -0.151911891981));
#6206 = SURFACE_CURVE('',#6207,(#6211,#6217),.PCURVE_S1.);
#6207 = LINE('',#6208,#6209);
#6208 = CARTESIAN_POINT('',(9.321280455809,40.64965665537,
    -0.151911891981));
#6209 = VECTOR('',#6210,1.);
#6210 = DIRECTION('',(1.,0.,-0.));
#6211 = PCURVE('',#4389,#6212);
#6212 = DEFINITIONAL_REPRESENTATION('',(#6213),#6216);
#6213 = B_SPLINE_CURVE_WITH_KNOTS('',1,(#6214,#6215),.UNSPECIFIED.,.F.,
  .F.,(2,2),(-10.67871954419,-7.963841367428),.PIECEWISE_BEZIER_KNOTS.);
#6214 = CARTESIAN_POINT('',(-4.090895177964,-21.35743908838));
#6215 = CARTESIAN_POINT('',(-4.090895177964,-18.64256091161));
#6216 = ( GEOMETRIC_REPRESENTATION_CONTEXT(2) 
PARAMETRIC_REPRESENTATION_CONTEXT() REPRESENTATION_CONTEXT('2D SPACE',''
  ) );
#6217 = PCURVE('',#4024,#6218);
#6218 = DEFINITIONAL_REPRESENTATION('',(#6219),#6222);
#6219 = B_SPLINE_CURVE_WITH_KNOTS('',1,(#6220,#6221),.UNSPECIFIED.,.F.,
  .F.,(2,2),(-10.67871954419,-7.963841367428),.PIECEWISE_BEZIER_KNOTS.);
#6220 = CARTESIAN_POINT('',(0.,-2.098088108019));
#6221 = CARTESIAN_POINT('',(2.714878176762,-2.098088108019));
#6222 = ( GEOMETRIC_REPRESENTATION_CONTEXT(2) 
PARAMETRIC_REPRESENTATION_CONTEXT() REPRESENTATION_CONTEXT('2D SPACE',''
  ) );
#6223 = ORIENTED_EDGE('',*,*,#6224,.T.);
#6224 = EDGE_CURVE('',#6204,#5105,#6225,.T.);
#6225 = SURFACE_CURVE('',#6226,(#6274,#6325),.PCURVE_S1.);
#6226 = B_SPLINE_CURVE_WITH_KNOTS('',6,(#6227,#6228,#6229,#6230,#6231,
    #6232,#6233,#6234,#6235,#6236,#6237,#6238,#6239,#6240,#6241,#6242,
    #6243,#6244,#6245,#6246,#6247,#6248,#6249,#6250,#6251,#6252,#6253,
    #6254,#6255,#6256,#6257,#6258,#6259,#6260,#6261,#6262,#6263,#6264,
    #6265,#6266,#6267,#6268,#6269,#6270,#6271,#6272,#6273),
  .UNSPECIFIED.,.F.,.F.,(7,5,5,5,5,5,5,5,5,7),(0.,8.365538911081E-02,
    0.173846451712,0.304277524612,0.47933831264,0.531128358549,
    0.683617460072,0.805535034914,0.90785508712,1.),.UNSPECIFIED.);
#6227 = CARTESIAN_POINT('',(-1.357439088381,40.64965665537,
    -0.151911891981));
#6228 = CARTESIAN_POINT('',(-1.47989203275,40.621447947673,
    -0.166196023931));
#6229 = CARTESIAN_POINT('',(-1.602619775822,40.593676806235,
    -0.180258584079));
#6230 = CARTESIAN_POINT('',(-1.725582595693,40.56625738223,
    -0.194143043966));
#6231 = CARTESIAN_POINT('',(-1.848741958435,40.539104442308,
    -0.20789256347));
#6232 = CARTESIAN_POINT('',(-1.972060518093,40.512133368591,
    -0.221549990813));
#6233 = CARTESIAN_POINT('',(-2.228587732154,40.456287448324,
    -0.24982886493));
#6234 = CARTESIAN_POINT('',(-2.361815957706,40.427428478739,
    -0.264442272035));
#6235 = CARTESIAN_POINT('',(-2.495141538742,40.398578016789,
    -0.279051371103));
#6236 = CARTESIAN_POINT('',(-2.62851930515,40.369631453435,
    -0.29370913334));
#6237 = CARTESIAN_POINT('',(-2.761904171312,40.34048480372,
    -0.308468213937));
#6238 = CARTESIAN_POINT('',(-3.088092723551,40.268445035135,
    -0.344947217909));
#6239 = CARTESIAN_POINT('',(-3.280853294616,40.225220896886,
    -0.366834760606));
#6240 = CARTESIAN_POINT('',(-3.473398141584,40.181049285175,
    -0.389202078418));
#6241 = CARTESIAN_POINT('',(-3.665585096596,40.135619582651,
    -0.412206459628));
#6242 = CARTESIAN_POINT('',(-3.857264531653,40.088623561471,
    -0.436003982537));
#6243 = CARTESIAN_POINT('',(-4.304653897204,39.974165937547,
    -0.493962249197));
#6244 = CARTESIAN_POINT('',(-4.559823532442,39.905209860039,
    -0.528879754829));
#6245 = CARTESIAN_POINT('',(-4.813416607612,39.832049685378,
    -0.565926102345));
#6246 = CARTESIAN_POINT('',(-5.064998003983,39.753861477836,
    -0.60551851067));
#6247 = CARTESIAN_POINT('',(-5.314080679145,39.669862534789,
    -0.648053319391));
#6248 = CARTESIAN_POINT('',(-5.632930655742,39.55255860204,
    -0.707452880393));
#6249 = CARTESIAN_POINT('',(-5.705458860258,39.525207509059,
    -0.721302739284));
#6250 = CARTESIAN_POINT('',(-5.777707757774,39.497266116204,
    -0.735451510178));
#6251 = CARTESIAN_POINT('',(-5.849663367542,39.468720197628,
    -0.749906396661));
#6252 = CARTESIAN_POINT('',(-5.921310645492,39.439547853484,
    -0.764678488226));
#6253 = CARTESIAN_POINT('',(-6.202640431589,39.321963603144,
    -0.824219994527));
#6254 = CARTESIAN_POINT('',(-6.409846806375,39.228670339169,
    -0.871461197739));
#6255 = CARTESIAN_POINT('',(-6.613894467401,39.129804753786,
    -0.921524074851));
#6256 = CARTESIAN_POINT('',(-6.814415028053,39.025324204618,
    -0.974430218817));
#6257 = CARTESIAN_POINT('',(-7.011035698528,38.915202420093,
    -1.030192932857));
#6258 = CARTESIAN_POINT('',(-7.357168933895,38.706878555108,
    -1.135682542935));
#6259 = CARTESIAN_POINT('',(-7.508220982236,38.610711552961,
    -1.184378929975));
#6260 = CARTESIAN_POINT('',(-7.656297504031,38.510896971675,
    -1.234922353124));
#6261 = CARTESIAN_POINT('',(-7.801152333277,38.407407440963,
    -1.287326671961));
#6262 = CARTESIAN_POINT('',(-7.942539344537,38.300229981013,
    -1.341598459114));
#6263 = CARTESIAN_POINT('',(-8.195762739664,38.096329894667,
    -1.444847986503));
#6264 = CARTESIAN_POINT('',(-8.308696254958,38.000696739277,
    -1.493274047883));
#6265 = CARTESIAN_POINT('',(-8.418933568887,37.902558164516,
    -1.542968786342));
#6266 = CARTESIAN_POINT('',(-8.526393491194,37.80200001828,
    -1.593888730812));
#6267 = CARTESIAN_POINT('',(-8.630997045171,37.699106254364,
    -1.645991369344));
#6268 = CARTESIAN_POINT('',(-8.824227352752,37.499267905562,
    -1.747184141931));
#6269 = CARTESIAN_POINT('',(-8.913405195617,37.402747331697,
    -1.796059568192));
#6270 = CARTESIAN_POINT('',(-9.000174870941,37.304479166115,
    -1.845819927963));
#6271 = CARTESIAN_POINT('',(-9.084518821203,37.204548141743,
    -1.896422314763));
#6272 = CARTESIAN_POINT('',(-9.166413792295,37.103029907086,
    -1.947828422223));
#6273 = CARTESIAN_POINT('',(-9.245841044315,37.,-2.));
#6274 = PCURVE('',#4389,#6275);
#6275 = DEFINITIONAL_REPRESENTATION('',(#6276),#6324);
#6276 = B_SPLINE_CURVE_WITH_KNOTS('',6,(#6277,#6278,#6279,#6280,#6281,
    #6282,#6283,#6284,#6285,#6286,#6287,#6288,#6289,#6290,#6291,#6292,
    #6293,#6294,#6295,#6296,#6297,#6298,#6299,#6300,#6301,#6302,#6303,
    #6304,#6305,#6306,#6307,#6308,#6309,#6310,#6311,#6312,#6313,#6314,
    #6315,#6316,#6317,#6318,#6319,#6320,#6321,#6322,#6323),
  .UNSPECIFIED.,.F.,.F.,(7,5,5,5,5,5,5,5,5,7),(0.,8.365538911081E-02,
    0.173846451712,0.304277524612,0.47933831264,0.531128358549,
    0.683617460072,0.805535034914,0.90785508712,1.),.UNSPECIFIED.);
#6277 = CARTESIAN_POINT('',(-4.090895177964,-21.35743908838));
#6278 = CARTESIAN_POINT('',(-4.059276075897,-21.47989203275));
#6279 = CARTESIAN_POINT('',(-4.028147441255,-21.60261977582));
#6280 = CARTESIAN_POINT('',(-3.997413046205,-21.72558259569));
#6281 = CARTESIAN_POINT('',(-3.9669773528,-21.84874195843));
#6282 = CARTESIAN_POINT('',(-3.936745512977,-21.97206051809));
#6283 = CARTESIAN_POINT('',(-3.874147896955,-22.22858773215));
#6284 = CARTESIAN_POINT('',(-3.841799917222,-22.3618159577));
#6285 = CARTESIAN_POINT('',(-3.809461473687,-22.49514153874));
#6286 = CARTESIAN_POINT('',(-3.777015310218,-22.62851930515));
#6287 = CARTESIAN_POINT('',(-3.744344870221,-22.76190417131));
#6288 = CARTESIAN_POINT('',(-3.663595591657,-23.08809272355));
#6289 = CARTESIAN_POINT('',(-3.61514571392,-23.28085329461));
#6290 = CARTESIAN_POINT('',(-3.565633814469,-23.47339814158));
#6291 = CARTESIAN_POINT('',(-3.514711722738,-23.66558509659));
#6292 = CARTESIAN_POINT('',(-3.462033946557,-23.85726453165));
#6293 = CARTESIAN_POINT('',(-3.333738551673,-24.3046538972));
#6294 = CARTESIAN_POINT('',(-3.256445778241,-24.55982353244));
#6295 = CARTESIAN_POINT('',(-3.174440638031,-24.81341660761));
#6296 = CARTESIAN_POINT('',(-3.086799582608,-25.06499800398));
#6297 = CARTESIAN_POINT('',(-2.992645281667,-25.31408067914));
#6298 = CARTESIAN_POINT('',(-2.861159463094,-25.63293065574));
#6299 = CARTESIAN_POINT('',(-2.830501660196,-25.70545886025));
#6300 = CARTESIAN_POINT('',(-2.799182190971,-25.77770775777));
#6301 = CARTESIAN_POINT('',(-2.767185109689,-25.84966336754));
#6302 = CARTESIAN_POINT('',(-2.73448586884,-25.92131064549));
#6303 = CARTESIAN_POINT('',(-2.602685842663,-26.20264043158));
#6304 = CARTESIAN_POINT('',(-2.498113550041,-26.40984680637));
#6305 = CARTESIAN_POINT('',(-2.387295249938,-26.6138944674));
#6306 = CARTESIAN_POINT('',(-2.27018314457,-26.81441502805));
#6307 = CARTESIAN_POINT('',(-2.146747786166,-27.01103569852));
#6308 = CARTESIAN_POINT('',(-1.913237849426,-27.35716893389));
#6309 = CARTESIAN_POINT('',(-1.805444387598,-27.50822098223));
#6310 = CARTESIAN_POINT('',(-1.693562359279,-27.65629750403));
#6311 = CARTESIAN_POINT('',(-1.577561085149,-27.80115233327));
#6312 = CARTESIAN_POINT('',(-1.457426016155,-27.94253934453));
#6313 = CARTESIAN_POINT('',(-1.22887468687,-28.19576273966));
#6314 = CARTESIAN_POINT('',(-1.121679613147,-28.30869625495));
#6315 = CARTESIAN_POINT('',(-1.01167621826,-28.41893356888));
#6316 = CARTESIAN_POINT('',(-0.898960728999,-28.52639349119));
#6317 = CARTESIAN_POINT('',(-0.783627249061,-28.63099704517));
#6318 = CARTESIAN_POINT('',(-0.55962871586,-28.82422735275));
#6319 = CARTESIAN_POINT('',(-0.451438935975,-28.91340519561));
#6320 = CARTESIAN_POINT('',(-0.341290282914,-29.00017487094));
#6321 = CARTESIAN_POINT('',(-0.229277733698,-29.0845188212));
#6322 = CARTESIAN_POINT('',(-0.115486082633,-29.16641379229));
#6323 = CARTESIAN_POINT('',(0.,-29.24584104431));
#6324 = ( GEOMETRIC_REPRESENTATION_CONTEXT(2) 
PARAMETRIC_REPRESENTATION_CONTEXT() REPRESENTATION_CONTEXT('2D SPACE',''
  ) );
#6325 = PCURVE('',#3962,#6326);
#6326 = DEFINITIONAL_REPRESENTATION('',(#6327),#6375);
#6327 = B_SPLINE_CURVE_WITH_KNOTS('',6,(#6328,#6329,#6330,#6331,#6332,
    #6333,#6334,#6335,#6336,#6337,#6338,#6339,#6340,#6341,#6342,#6343,
    #6344,#6345,#6346,#6347,#6348,#6349,#6350,#6351,#6352,#6353,#6354,
    #6355,#6356,#6357,#6358,#6359,#6360,#6361,#6362,#6363,#6364,#6365,
    #6366,#6367,#6368,#6369,#6370,#6371,#6372,#6373,#6374),
  .UNSPECIFIED.,.F.,.F.,(7,5,5,5,5,5,5,5,5,7),(0.,8.365538911081E-02,
    0.173846451712,0.304277524612,0.47933831264,0.531128358549,
    0.683617460072,0.805535034914,0.90785508712,1.),.UNSPECIFIED.);
#6328 = CARTESIAN_POINT('',(24.992809540788,-2.098088108019));
#6329 = CARTESIAN_POINT('',(24.865637142496,-2.083803976069));
#6330 = CARTESIAN_POINT('',(24.738582814132,-2.069741415921));
#6331 = CARTESIAN_POINT('',(24.611640183097,-2.055856956034));
#6332 = CARTESIAN_POINT('',(24.484802147167,-2.04210743653));
#6333 = CARTESIAN_POINT('',(24.358060874486,-2.028450009187));
#6334 = CARTESIAN_POINT('',(24.094859815823,-2.00017113507));
#6335 = CARTESIAN_POINT('',(23.958414717528,-1.985557727965));
#6336 = CARTESIAN_POINT('',(23.82206175436,-1.970948628897));
#6337 = CARTESIAN_POINT('',(23.685790490197,-1.95629086666));
#6338 = CARTESIAN_POINT('',(23.549590807123,-1.941531786063));
#6339 = CARTESIAN_POINT('',(23.216575165351,-1.905052782091));
#6340 = CARTESIAN_POINT('',(23.019828269237,-1.883165239394));
#6341 = CARTESIAN_POINT('',(22.82318120376,-1.860797921582));
#6342 = CARTESIAN_POINT('',(22.626611130059,-1.837793540372));
#6343 = CARTESIAN_POINT('',(22.430103383735,-1.813996017463));
#6344 = CARTESIAN_POINT('',(21.96997944323,-1.756037750803));
#6345 = CARTESIAN_POINT('',(21.706413721951,-1.721120245171));
#6346 = CARTESIAN_POINT('',(21.442970940667,-1.684073897655));
#6347 = CARTESIAN_POINT('',(21.179732548782,-1.64448148933));
#6348 = CARTESIAN_POINT('',(20.91684339089,-1.601946680609));
#6349 = CARTESIAN_POINT('',(20.576901561865,-1.542547119607));
#6350 = CARTESIAN_POINT('',(20.499341831253,-1.528697260716));
#6351 = CARTESIAN_POINT('',(20.421837570402,-1.514548489822));
#6352 = CARTESIAN_POINT('',(20.344393032023,-1.500093603339));
#6353 = CARTESIAN_POINT('',(20.267017824645,-1.485321511774));
#6354 = CARTESIAN_POINT('',(19.962114564183,-1.425780005473));
#6355 = CARTESIAN_POINT('',(19.735149841633,-1.378538802261));
#6356 = CARTESIAN_POINT('',(19.508819272099,-1.328475925149));
#6357 = CARTESIAN_POINT('',(19.283139477922,-1.275569781183));
#6358 = CARTESIAN_POINT('',(19.058146841923,-1.219807067143));
#6359 = CARTESIAN_POINT('',(18.654605736616,-1.114317457065));
#6360 = CARTESIAN_POINT('',(18.475788651801,-1.065621070025));
#6361 = CARTESIAN_POINT('',(18.297459115323,-1.015077646876));
#6362 = CARTESIAN_POINT('',(18.119643398012,-0.962673328039));
#6363 = CARTESIAN_POINT('',(17.942380649681,-0.908401540886));
#6364 = CARTESIAN_POINT('',(17.617461564502,-0.805152013497));
#6365 = CARTESIAN_POINT('',(17.469626324174,-0.756725952117));
#6366 = CARTESIAN_POINT('',(17.322212775151,-0.707031213658));
#6367 = CARTESIAN_POINT('',(17.175217153194,-0.656111269188));
#6368 = CARTESIAN_POINT('',(17.028636189658,-0.604008630656));
#6369 = CARTESIAN_POINT('',(16.750833705497,-0.502815858069));
#6370 = CARTESIAN_POINT('',(16.619535067665,-0.453940431808));
#6371 = CARTESIAN_POINT('',(16.488565574145,-0.404180072037));
#6372 = CARTESIAN_POINT('',(16.35791811415,-0.353577685237));
#6373 = CARTESIAN_POINT('',(16.227584605151,-0.302171577777));
#6374 = CARTESIAN_POINT('',(16.097555637327,-0.25));
#6375 = ( GEOMETRIC_REPRESENTATION_CONTEXT(2) 
PARAMETRIC_REPRESENTATION_CONTEXT() REPRESENTATION_CONTEXT('2D SPACE',''
  ) );
#6376 = FACE_BOUND('',#6377,.F.);
#6377 = EDGE_LOOP('',(#6378,#6448));
#6378 = ORIENTED_EDGE('',*,*,#6379,.F.);
#6379 = EDGE_CURVE('',#6380,#6382,#6384,.T.);
#6380 = VERTEX_POINT('',#6381);
#6381 = CARTESIAN_POINT('',(-7.,37.,-2.));
#6382 = VERTEX_POINT('',#6383);
#6383 = CARTESIAN_POINT('',(-7.5,37.5,-1.74681342897));
#6384 = SURFACE_CURVE('',#6385,(#6398,#6414),.PCURVE_S1.);
#6385 = ( BOUNDED_CURVE() B_SPLINE_CURVE(6,(#6386,#6387,#6388,#6389,
    #6390,#6391,#6392,#6393,#6394,#6395,#6396,#6397),.UNSPECIFIED.,.F.,
.F.) B_SPLINE_CURVE_WITH_KNOTS((7,5,7),(4.712388980385,6.28318530718,
8.504626776258),.UNSPECIFIED.) CURVE() GEOMETRIC_REPRESENTATION_ITEM() 
RATIONAL_B_SPLINE_CURVE((1.,1.,0.977123616633,0.965685424949,
    0.977123616633,1.,1.,0.733333333333,0.6,0.733333333333,1.,1.)) 
REPRESENTATION_ITEM('') );
#6386 = CARTESIAN_POINT('',(-7.,37.,-2.));
#6387 = CARTESIAN_POINT('',(-6.882148869802,37.,-2.));
#6388 = CARTESIAN_POINT('',(-6.744649116147,37.034113732148,
    -1.982725722265));
#6389 = CARTESIAN_POINT('',(-6.618718433538,37.118718433538,
    -1.939884173789));
#6390 = CARTESIAN_POINT('',(-6.534113732148,37.244649116147,
    -1.876116258355));
#6391 = CARTESIAN_POINT('',(-6.5,37.382148869802,-1.806490076064));
#6392 = CARTESIAN_POINT('',(-6.5,37.666666666667,-1.662417905293));
#6393 = CARTESIAN_POINT('',(-6.590909090909,38.045454545454,
    -1.470609896937));
#6394 = CARTESIAN_POINT('',(-7.,38.333333333334,-1.324835810587));
#6395 = CARTESIAN_POINT('',(-7.409090909091,38.045454545454,
    -1.470609896937));
#6396 = CARTESIAN_POINT('',(-7.5,37.666666666667,-1.662417905293));
#6397 = CARTESIAN_POINT('',(-7.5,37.5,-1.74681342897));
#6398 = PCURVE('',#4389,#6399);
#6399 = DEFINITIONAL_REPRESENTATION('',(#6400),#6413);
#6400 = ( BOUNDED_CURVE() B_SPLINE_CURVE(6,(#6401,#6402,#6403,#6404,
    #6405,#6406,#6407,#6408,#6409,#6410,#6411,#6412),.UNSPECIFIED.,.F.,
.F.) B_SPLINE_CURVE_WITH_KNOTS((7,5,7),(4.712388980385,6.28318530718,
8.504626776258),.UNSPECIFIED.) CURVE() GEOMETRIC_REPRESENTATION_ITEM() 
RATIONAL_B_SPLINE_CURVE((1.,1.,0.977123616633,0.965685424949,
    0.977123616633,1.,1.,0.733333333333,0.6,0.733333333333,1.,1.)) 
REPRESENTATION_ITEM('') );
#6401 = CARTESIAN_POINT('',(0.,-27.));
#6402 = CARTESIAN_POINT('',(9.947598300641E-14,-26.8821488698));
#6403 = CARTESIAN_POINT('',(-3.823803593749E-02,-26.74464911614));
#6404 = CARTESIAN_POINT('',(-0.133071330582,-26.61871843353));
#6405 = CARTESIAN_POINT('',(-0.274226861331,-26.53411373214));
#6406 = CARTESIAN_POINT('',(-0.428350148072,-26.5));
#6407 = CARTESIAN_POINT('',(-0.747265759359,-26.5));
#6408 = CARTESIAN_POINT('',(-1.171848577177,-26.5909090909));
#6409 = CARTESIAN_POINT('',(-1.494531518719,-27.));
#6410 = CARTESIAN_POINT('',(-1.171848577177,-27.40909090909));
#6411 = CARTESIAN_POINT('',(-0.747265759359,-27.5));
#6412 = CARTESIAN_POINT('',(-0.56044931952,-27.5));
#6413 = ( GEOMETRIC_REPRESENTATION_CONTEXT(2) 
PARAMETRIC_REPRESENTATION_CONTEXT() REPRESENTATION_CONTEXT('2D SPACE',''
  ) );
#6414 = PCURVE('',#6415,#6420);
#6415 = CYLINDRICAL_SURFACE('',#6416,0.5);
#6416 = AXIS2_PLACEMENT_3D('',#6417,#6418,#6419);
#6417 = CARTESIAN_POINT('',(-7.,37.5,-0.5));
#6418 = DIRECTION('',(-0.,-0.,-1.));
#6419 = DIRECTION('',(-1.,0.,0.));
#6420 = DEFINITIONAL_REPRESENTATION('',(#6421),#6447);
#6421 = B_SPLINE_CURVE_WITH_KNOTS('',3,(#6422,#6423,#6424,#6425,#6426,
    #6427,#6428,#6429,#6430,#6431,#6432,#6433,#6434,#6435,#6436,#6437,
    #6438,#6439,#6440,#6441,#6442,#6443,#6444,#6445,#6446),
  .UNSPECIFIED.,.F.,.F.,(4,1,1,1,1,1,1,1,1,1,1,1,1,1,1,1,1,1,1,1,1,1,4),
  (4.712388980385,4.884763425652,5.057137870919,5.229512316186,
    5.401886761453,5.57426120672,5.746635651987,5.919010097254,
    6.091384542521,6.263758987787,6.436133433054,6.608507878321,
    6.780882323588,6.953256768855,7.125631214122,7.298005659389,
    7.470380104656,7.642754549923,7.81512899519,7.987503440457,
    8.159877885724,8.332252330991,8.504626776258),
  .QUASI_UNIFORM_KNOTS.);
#6422 = CARTESIAN_POINT('',(4.712388980385,1.5));
#6423 = CARTESIAN_POINT('',(4.660710466747,1.500042075317));
#6424 = CARTESIAN_POINT('',(4.553830845994,1.497940424959));
#6425 = CARTESIAN_POINT('',(4.384842296933,1.487741394696));
#6426 = CARTESIAN_POINT('',(4.208851576182,1.46975787121));
#6427 = CARTESIAN_POINT('',(4.028336636881,1.444122669603));
#6428 = CARTESIAN_POINT('',(3.846156439284,1.411710828414));
#6429 = CARTESIAN_POINT('',(3.665261971357,1.374098581858));
#6430 = CARTESIAN_POINT('',(3.488798550632,1.333399265361));
#6431 = CARTESIAN_POINT('',(3.318286426406,1.291515003381));
#6432 = CARTESIAN_POINT('',(3.159270193098,1.251310508183));
#6433 = CARTESIAN_POINT('',(2.999506510944,1.210787218111));
#6434 = CARTESIAN_POINT('',(2.806569847516,1.162989922507));
#6435 = CARTESIAN_POINT('',(2.584748563809,1.111760523621));
#6436 = CARTESIAN_POINT('',(2.330963466727,1.061120430256));
#6437 = CARTESIAN_POINT('',(2.048321364949,1.018679266127));
#6438 = CARTESIAN_POINT('',(1.744447821776,0.993397768611));
#6439 = CARTESIAN_POINT('',(1.432190330775,0.991972411349));
#6440 = CARTESIAN_POINT('',(1.126660488613,1.014808367371));
#6441 = CARTESIAN_POINT('',(0.841112415221,1.055770540597));
#6442 = CARTESIAN_POINT('',(0.583938963537,1.105884507182));
#6443 = CARTESIAN_POINT('',(0.358223486596,1.157426060508));
#6444 = CARTESIAN_POINT('',(0.163263895239,1.205386135521));
#6445 = CARTESIAN_POINT('',(5.164148671975E-02,1.233874752355));
#6446 = CARTESIAN_POINT('',(0.,1.24681342897));
#6447 = ( GEOMETRIC_REPRESENTATION_CONTEXT(2) 
PARAMETRIC_REPRESENTATION_CONTEXT() REPRESENTATION_CONTEXT('2D SPACE',''
  ) );
#6448 = ORIENTED_EDGE('',*,*,#6449,.T.);
#6449 = EDGE_CURVE('',#6380,#6382,#6450,.T.);
#6450 = SURFACE_CURVE('',#6451,(#6456,#6464),.PCURVE_S1.);
#6451 = ( BOUNDED_CURVE() B_SPLINE_CURVE(3,(#6452,#6453,#6454,#6455),
.UNSPECIFIED.,.F.,.F.) B_SPLINE_CURVE_WITH_KNOTS((4,4),(0.,
1.570796326795),.PIECEWISE_BEZIER_KNOTS.) CURVE() 
GEOMETRIC_REPRESENTATION_ITEM() RATIONAL_B_SPLINE_CURVE((1.,
0.804737854124,0.804737854124,1.)) REPRESENTATION_ITEM('') );
#6452 = CARTESIAN_POINT('',(-7.,37.,-2.));
#6453 = CARTESIAN_POINT('',(-7.292893218813,37.,-2.));
#6454 = CARTESIAN_POINT('',(-7.5,37.207106781187,-1.895126688469));
#6455 = CARTESIAN_POINT('',(-7.5,37.5,-1.74681342897));
#6456 = PCURVE('',#4389,#6457);
#6457 = DEFINITIONAL_REPRESENTATION('',(#6458),#6463);
#6458 = ( BOUNDED_CURVE() B_SPLINE_CURVE(3,(#6459,#6460,#6461,#6462),
.UNSPECIFIED.,.F.,.F.) B_SPLINE_CURVE_WITH_KNOTS((4,4),(0.,
1.570796326795),.PIECEWISE_BEZIER_KNOTS.) CURVE() 
GEOMETRIC_REPRESENTATION_ITEM() RATIONAL_B_SPLINE_CURVE((1.,
0.804737854124,0.804737854124,1.)) REPRESENTATION_ITEM('') );
#6459 = CARTESIAN_POINT('',(0.,-27.));
#6460 = CARTESIAN_POINT('',(0.,-27.29289321881));
#6461 = CARTESIAN_POINT('',(-0.232145709168,-27.5));
#6462 = CARTESIAN_POINT('',(-0.56044931952,-27.5));
#6463 = ( GEOMETRIC_REPRESENTATION_CONTEXT(2) 
PARAMETRIC_REPRESENTATION_CONTEXT() REPRESENTATION_CONTEXT('2D SPACE',''
  ) );
#6464 = PCURVE('',#6415,#6465);
#6465 = DEFINITIONAL_REPRESENTATION('',(#6466),#6492);
#6466 = B_SPLINE_CURVE_WITH_KNOTS('',3,(#6467,#6468,#6469,#6470,#6471,
    #6472,#6473,#6474,#6475,#6476,#6477,#6478,#6479,#6480,#6481,#6482,
    #6483,#6484,#6485,#6486,#6487,#6488,#6489,#6490,#6491),
  .UNSPECIFIED.,.F.,.F.,(4,1,1,1,1,1,1,1,1,1,1,1,1,1,1,1,1,1,1,1,1,1,4),
  (0.,7.139983303613E-02,0.142799666072,0.214199499108,0.285599332145,
    0.356999165181,0.428398998217,0.499798831253,0.571198664289,
    0.642598497325,0.713998330361,0.785398163397,0.856797996434,
    0.92819782947,0.999597662506,1.070997495542,1.142397328578,
    1.213797161614,1.28519699465,1.356596827687,1.427996660723,
    1.499396493759,1.570796326795),.QUASI_UNIFORM_KNOTS.);
#6467 = CARTESIAN_POINT('',(4.712388980385,1.5));
#6468 = CARTESIAN_POINT('',(4.733814923954,1.500000822234));
#6469 = CARTESIAN_POINT('',(4.777243163992,1.499650683511));
#6470 = CARTESIAN_POINT('',(4.844021017882,1.498000843715));
#6471 = CARTESIAN_POINT('',(4.912348120387,1.495152514063));
#6472 = CARTESIAN_POINT('',(4.982112607539,1.491047852424));
#6473 = CARTESIAN_POINT('',(5.053185782851,1.485643344658));
#6474 = CARTESIAN_POINT('',(5.125420362128,1.478913839029));
#6475 = CARTESIAN_POINT('',(5.198652238148,1.470854553908));
#6476 = CARTESIAN_POINT('',(5.272702021442,1.461482888173));
#6477 = CARTESIAN_POINT('',(5.347377344715,1.450839320987));
#6478 = CARTESIAN_POINT('',(5.422475607275,1.438987419191));
#6479 = CARTESIAN_POINT('',(5.497787143782,1.426012848477));
#6480 = CARTESIAN_POINT('',(5.57309868029,1.412021408406));
#6481 = CARTESIAN_POINT('',(5.648196942849,1.397136176466));
#6482 = CARTESIAN_POINT('',(5.722872266123,1.381493921925));
#6483 = CARTESIAN_POINT('',(5.796922049417,1.365241007818));
#6484 = CARTESIAN_POINT('',(5.870153925436,1.348529029208));
#6485 = CARTESIAN_POINT('',(5.942388504713,1.331510464186));
#6486 = CARTESIAN_POINT('',(6.013461680026,1.3143345242));
#6487 = CARTESIAN_POINT('',(6.083226167177,1.297143624419));
#6488 = CARTESIAN_POINT('',(6.151553269682,1.280069824046));
#6489 = CARTESIAN_POINT('',(6.218331123573,1.263234322768));
#6490 = CARTESIAN_POINT('',(6.26175936361,1.252237354142));
#6491 = CARTESIAN_POINT('',(6.28318530718,1.24681342897));
#6492 = ( GEOMETRIC_REPRESENTATION_CONTEXT(2) 
PARAMETRIC_REPRESENTATION_CONTEXT() REPRESENTATION_CONTEXT('2D SPACE',''
  ) );
#6493 = FACE_BOUND('',#6494,.F.);
#6494 = EDGE_LOOP('',(#6495));
#6495 = ORIENTED_EDGE('',*,*,#6496,.F.);
#6496 = EDGE_CURVE('',#6497,#6497,#6499,.T.);
#6497 = VERTEX_POINT('',#6498);
#6498 = CARTESIAN_POINT('',(-0.5,39.5,-0.73406714485));
#6499 = SURFACE_CURVE('',#6500,(#6513,#6529),.PCURVE_S1.);
#6500 = ( BOUNDED_CURVE() B_SPLINE_CURVE(6,(#6501,#6502,#6503,#6504,
    #6505,#6506,#6507,#6508,#6509,#6510,#6511,#6512),.UNSPECIFIED.,.T.,
.F.) B_SPLINE_CURVE_WITH_KNOTS((7,5,7),(4.712388980385,7.853981633974,
10.995574287563),.UNSPECIFIED.) CURVE() GEOMETRIC_REPRESENTATION_ITEM() 
RATIONAL_B_SPLINE_CURVE((1.,1.,0.733333333333,0.6,0.733333333333,1.,1.,
0.733333333333,0.6,0.733333333333,1.,1.)) REPRESENTATION_ITEM('') );
#6501 = CARTESIAN_POINT('',(-0.5,39.5,-0.73406714485));
#6502 = CARTESIAN_POINT('',(-0.5,39.333333333333,-0.818462668527));
#6503 = CARTESIAN_POINT('',(-0.409090909091,38.954545454545,
    -1.010270676883));
#6504 = CARTESIAN_POINT('',(-4.070817756959E-15,38.666666666667,
    -1.156044763234));
#6505 = CARTESIAN_POINT('',(0.409090909091,38.954545454545,
    -1.010270676883));
#6506 = CARTESIAN_POINT('',(0.5,39.333333333333,-0.818462668527));
#6507 = CARTESIAN_POINT('',(0.5,39.666666666667,-0.649671621174));
#6508 = CARTESIAN_POINT('',(0.409090909091,40.045454545455,
    -0.457863612818));
#6509 = CARTESIAN_POINT('',(-2.312964634636E-15,40.333333333333,
    -0.312089526467));
#6510 = CARTESIAN_POINT('',(-0.409090909091,40.045454545455,
    -0.457863612818));
#6511 = CARTESIAN_POINT('',(-0.5,39.666666666667,-0.649671621174));
#6512 = CARTESIAN_POINT('',(-0.5,39.5,-0.73406714485));
#6513 = PCURVE('',#4389,#6514);
#6514 = DEFINITIONAL_REPRESENTATION('',(#6515),#6528);
#6515 = ( BOUNDED_CURVE() B_SPLINE_CURVE(6,(#6516,#6517,#6518,#6519,
    #6520,#6521,#6522,#6523,#6524,#6525,#6526,#6527),.UNSPECIFIED.,.T.,
.F.) B_SPLINE_CURVE_WITH_KNOTS((7,5,7),(4.712388980385,7.853981633974,
10.995574287563),.UNSPECIFIED.) CURVE() GEOMETRIC_REPRESENTATION_ITEM() 
RATIONAL_B_SPLINE_CURVE((1.,1.,0.733333333333,0.6,0.733333333333,1.,1.,
0.733333333333,0.6,0.733333333333,1.,1.)) REPRESENTATION_ITEM('') );
#6516 = CARTESIAN_POINT('',(-2.802246597598,-20.5));
#6517 = CARTESIAN_POINT('',(-2.615430157758,-20.5));
#6518 = CARTESIAN_POINT('',(-2.19084733994,-20.40909090909));
#6519 = CARTESIAN_POINT('',(-1.868164398398,-20.));
#6520 = CARTESIAN_POINT('',(-2.19084733994,-19.5909090909));
#6521 = CARTESIAN_POINT('',(-2.615430157758,-19.5));
#6522 = CARTESIAN_POINT('',(-2.989063037437,-19.5));
#6523 = CARTESIAN_POINT('',(-3.413645855255,-19.5909090909));
#6524 = CARTESIAN_POINT('',(-3.736328796797,-20.));
#6525 = CARTESIAN_POINT('',(-3.413645855255,-20.40909090909));
#6526 = CARTESIAN_POINT('',(-2.989063037437,-20.5));
#6527 = CARTESIAN_POINT('',(-2.802246597598,-20.5));
#6528 = ( GEOMETRIC_REPRESENTATION_CONTEXT(2) 
PARAMETRIC_REPRESENTATION_CONTEXT() REPRESENTATION_CONTEXT('2D SPACE',''
  ) );
#6529 = PCURVE('',#6530,#6535);
#6530 = CYLINDRICAL_SURFACE('',#6531,0.5);
#6531 = AXIS2_PLACEMENT_3D('',#6532,#6533,#6534);
#6532 = CARTESIAN_POINT('',(0.,39.5,4.336808689942E-16));
#6533 = DIRECTION('',(-0.,-0.,-1.));
#6534 = DIRECTION('',(-1.,0.,0.));
#6535 = DEFINITIONAL_REPRESENTATION('',(#6536),#6562);
#6536 = B_SPLINE_CURVE_WITH_KNOTS('',3,(#6537,#6538,#6539,#6540,#6541,
    #6542,#6543,#6544,#6545,#6546,#6547,#6548,#6549,#6550,#6551,#6552,
    #6553,#6554,#6555,#6556,#6557,#6558,#6559,#6560,#6561),
  .UNSPECIFIED.,.F.,.F.,(4,1,1,1,1,1,1,1,1,1,1,1,1,1,1,1,1,1,1,1,1,1,4),
  (4.712388980385,4.997988312529,5.283587644674,5.569186976818,
    5.854786308962,6.140385641107,6.425984973251,6.711584305396,
    6.99718363754,7.282782969685,7.568382301829,7.853981633974,
    8.139580966118,8.425180298263,8.710779630407,8.996378962551,
    9.281978294696,9.56757762684,9.853176958985,10.138776291129,
    10.424375623274,10.709974955418,10.995574287563),
  .QUASI_UNIFORM_KNOTS.);
#6537 = CARTESIAN_POINT('',(6.28318530718,0.73406714485));
#6538 = CARTESIAN_POINT('',(6.222790132456,0.749084768787));
#6539 = CARTESIAN_POINT('',(6.090243828747,0.783097799601));
#6540 = CARTESIAN_POINT('',(5.853049413886,0.840749145274));
#6541 = CARTESIAN_POINT('',(5.572643008301,0.901700245374));
#6542 = CARTESIAN_POINT('',(5.250242352742,0.955725789682));
#6543 = CARTESIAN_POINT('',(4.895746052854,0.988579278324));
#6544 = CARTESIAN_POINT('',(4.529025964562,0.988575795152));
#6545 = CARTESIAN_POINT('',(4.174565324799,0.955736239199));
#6546 = CARTESIAN_POINT('',(3.852022028743,0.901661930477));
#6547 = CARTESIAN_POINT('',(3.57215052502,0.840891955345));
#6548 = CARTESIAN_POINT('',(3.332959143206,0.782564874216));
#6549 = CARTESIAN_POINT('',(3.14159265359,0.73406714485));
#6550 = CARTESIAN_POINT('',(2.950226163974,0.685569415485));
#6551 = CARTESIAN_POINT('',(2.711034782161,0.627242334356));
#6552 = CARTESIAN_POINT('',(2.431163278438,0.566472359223));
#6553 = CARTESIAN_POINT('',(2.108619982382,0.512398050501));
#6554 = CARTESIAN_POINT('',(1.754159342618,0.479558494549));
#6555 = CARTESIAN_POINT('',(1.387439254327,0.479555011376));
#6556 = CARTESIAN_POINT('',(1.032942954439,0.512408500019));
#6557 = CARTESIAN_POINT('',(0.710542298879,0.566434044326));
#6558 = CARTESIAN_POINT('',(0.430135893294,0.627385144426));
#6559 = CARTESIAN_POINT('',(0.192941478433,0.6850364901));
#6560 = CARTESIAN_POINT('',(6.039517472407E-02,0.719049520913));
#6561 = CARTESIAN_POINT('',(-1.42108547152E-14,0.73406714485));
#6562 = ( GEOMETRIC_REPRESENTATION_CONTEXT(2) 
PARAMETRIC_REPRESENTATION_CONTEXT() REPRESENTATION_CONTEXT('2D SPACE',''
  ) );
#6563 = FACE_BOUND('',#6564,.F.);
#6564 = EDGE_LOOP('',(#6565,#6635));
#6565 = ORIENTED_EDGE('',*,*,#6566,.F.);
#6566 = EDGE_CURVE('',#6567,#6569,#6571,.T.);
#6567 = VERTEX_POINT('',#6568);
#6568 = CARTESIAN_POINT('',(7.,37.,-2.));
#6569 = VERTEX_POINT('',#6570);
#6570 = CARTESIAN_POINT('',(6.5,37.5,-1.74681342897));
#6571 = SURFACE_CURVE('',#6572,(#6585,#6601),.PCURVE_S1.);
#6572 = ( BOUNDED_CURVE() B_SPLINE_CURVE(6,(#6573,#6574,#6575,#6576,
    #6577,#6578,#6579,#6580,#6581,#6582,#6583,#6584),.UNSPECIFIED.,.F.,
.F.) B_SPLINE_CURVE_WITH_KNOTS((7,5,7),(4.712388980385,6.28318530718,
8.504626776258),.UNSPECIFIED.) CURVE() GEOMETRIC_REPRESENTATION_ITEM() 
RATIONAL_B_SPLINE_CURVE((1.,1.,0.977123616633,0.965685424949,
    0.977123616633,1.,1.,0.733333333333,0.6,0.733333333333,1.,1.)) 
REPRESENTATION_ITEM('') );
#6573 = CARTESIAN_POINT('',(7.,37.,-2.));
#6574 = CARTESIAN_POINT('',(7.117851130198,37.,-2.));
#6575 = CARTESIAN_POINT('',(7.255350883853,37.034113732148,
    -1.982725722265));
#6576 = CARTESIAN_POINT('',(7.381281566462,37.118718433538,
    -1.939884173789));
#6577 = CARTESIAN_POINT('',(7.465886267852,37.244649116147,
    -1.876116258355));
#6578 = CARTESIAN_POINT('',(7.5,37.382148869802,-1.806490076064));
#6579 = CARTESIAN_POINT('',(7.5,37.666666666667,-1.662417905293));
#6580 = CARTESIAN_POINT('',(7.409090909091,38.045454545454,
    -1.470609896937));
#6581 = CARTESIAN_POINT('',(7.,38.333333333334,-1.324835810587));
#6582 = CARTESIAN_POINT('',(6.590909090909,38.045454545454,
    -1.470609896937));
#6583 = CARTESIAN_POINT('',(6.5,37.666666666667,-1.662417905293));
#6584 = CARTESIAN_POINT('',(6.5,37.5,-1.74681342897));
#6585 = PCURVE('',#4389,#6586);
#6586 = DEFINITIONAL_REPRESENTATION('',(#6587),#6600);
#6587 = ( BOUNDED_CURVE() B_SPLINE_CURVE(6,(#6588,#6589,#6590,#6591,
    #6592,#6593,#6594,#6595,#6596,#6597,#6598,#6599),.UNSPECIFIED.,.F.,
.F.) B_SPLINE_CURVE_WITH_KNOTS((7,5,7),(4.712388980385,6.28318530718,
8.504626776258),.UNSPECIFIED.) CURVE() GEOMETRIC_REPRESENTATION_ITEM() 
RATIONAL_B_SPLINE_CURVE((1.,1.,0.977123616633,0.965685424949,
    0.977123616633,1.,1.,0.733333333333,0.6,0.733333333333,1.,1.)) 
REPRESENTATION_ITEM('') );
#6588 = CARTESIAN_POINT('',(0.,-13.));
#6589 = CARTESIAN_POINT('',(9.947598300641E-14,-12.8821488698));
#6590 = CARTESIAN_POINT('',(-3.823803593749E-02,-12.74464911614));
#6591 = CARTESIAN_POINT('',(-0.133071330582,-12.61871843353));
#6592 = CARTESIAN_POINT('',(-0.274226861331,-12.53411373214));
#6593 = CARTESIAN_POINT('',(-0.428350148072,-12.5));
#6594 = CARTESIAN_POINT('',(-0.747265759359,-12.5));
#6595 = CARTESIAN_POINT('',(-1.171848577177,-12.5909090909));
#6596 = CARTESIAN_POINT('',(-1.494531518719,-13.));
#6597 = CARTESIAN_POINT('',(-1.171848577177,-13.40909090909));
#6598 = CARTESIAN_POINT('',(-0.747265759359,-13.5));
#6599 = CARTESIAN_POINT('',(-0.56044931952,-13.5));
#6600 = ( GEOMETRIC_REPRESENTATION_CONTEXT(2) 
PARAMETRIC_REPRESENTATION_CONTEXT() REPRESENTATION_CONTEXT('2D SPACE',''
  ) );
#6601 = PCURVE('',#6602,#6607);
#6602 = CYLINDRICAL_SURFACE('',#6603,0.5);
#6603 = AXIS2_PLACEMENT_3D('',#6604,#6605,#6606);
#6604 = CARTESIAN_POINT('',(7.,37.5,-0.5));
#6605 = DIRECTION('',(-0.,-0.,-1.));
#6606 = DIRECTION('',(-1.,0.,0.));
#6607 = DEFINITIONAL_REPRESENTATION('',(#6608),#6634);
#6608 = B_SPLINE_CURVE_WITH_KNOTS('',3,(#6609,#6610,#6611,#6612,#6613,
    #6614,#6615,#6616,#6617,#6618,#6619,#6620,#6621,#6622,#6623,#6624,
    #6625,#6626,#6627,#6628,#6629,#6630,#6631,#6632,#6633),
  .UNSPECIFIED.,.F.,.F.,(4,1,1,1,1,1,1,1,1,1,1,1,1,1,1,1,1,1,1,1,1,1,4),
  (4.712388980385,4.884763425652,5.057137870919,5.229512316186,
    5.401886761453,5.57426120672,5.746635651987,5.919010097254,
    6.091384542521,6.263758987787,6.436133433054,6.608507878321,
    6.780882323588,6.953256768855,7.125631214122,7.298005659389,
    7.470380104656,7.642754549923,7.81512899519,7.987503440457,
    8.159877885724,8.332252330991,8.504626776258),
  .QUASI_UNIFORM_KNOTS.);
#6609 = CARTESIAN_POINT('',(4.712388980385,1.5));
#6610 = CARTESIAN_POINT('',(4.660710466747,1.500042075317));
#6611 = CARTESIAN_POINT('',(4.553830845994,1.497940424959));
#6612 = CARTESIAN_POINT('',(4.384842296933,1.487741394696));
#6613 = CARTESIAN_POINT('',(4.208851576182,1.46975787121));
#6614 = CARTESIAN_POINT('',(4.028336636881,1.444122669603));
#6615 = CARTESIAN_POINT('',(3.846156439284,1.411710828414));
#6616 = CARTESIAN_POINT('',(3.665261971357,1.374098581858));
#6617 = CARTESIAN_POINT('',(3.488798550632,1.333399265361));
#6618 = CARTESIAN_POINT('',(3.318286426406,1.291515003381));
#6619 = CARTESIAN_POINT('',(3.159270193098,1.251310508183));
#6620 = CARTESIAN_POINT('',(2.999506510944,1.210787218111));
#6621 = CARTESIAN_POINT('',(2.806569847516,1.162989922507));
#6622 = CARTESIAN_POINT('',(2.584748563809,1.111760523621));
#6623 = CARTESIAN_POINT('',(2.330963466727,1.061120430256));
#6624 = CARTESIAN_POINT('',(2.048321364949,1.018679266127));
#6625 = CARTESIAN_POINT('',(1.744447821776,0.993397768611));
#6626 = CARTESIAN_POINT('',(1.432190330775,0.991972411349));
#6627 = CARTESIAN_POINT('',(1.126660488613,1.014808367371));
#6628 = CARTESIAN_POINT('',(0.841112415221,1.055770540597));
#6629 = CARTESIAN_POINT('',(0.583938963537,1.105884507182));
#6630 = CARTESIAN_POINT('',(0.358223486596,1.157426060508));
#6631 = CARTESIAN_POINT('',(0.163263895239,1.205386135521));
#6632 = CARTESIAN_POINT('',(5.164148671975E-02,1.233874752355));
#6633 = CARTESIAN_POINT('',(0.,1.24681342897));
#6634 = ( GEOMETRIC_REPRESENTATION_CONTEXT(2) 
PARAMETRIC_REPRESENTATION_CONTEXT() REPRESENTATION_CONTEXT('2D SPACE',''
  ) );
#6635 = ORIENTED_EDGE('',*,*,#6636,.T.);
#6636 = EDGE_CURVE('',#6567,#6569,#6637,.T.);
#6637 = SURFACE_CURVE('',#6638,(#6643,#6651),.PCURVE_S1.);
#6638 = ( BOUNDED_CURVE() B_SPLINE_CURVE(3,(#6639,#6640,#6641,#6642),
.UNSPECIFIED.,.F.,.F.) B_SPLINE_CURVE_WITH_KNOTS((4,4),(0.,
1.570796326795),.PIECEWISE_BEZIER_KNOTS.) CURVE() 
GEOMETRIC_REPRESENTATION_ITEM() RATIONAL_B_SPLINE_CURVE((1.,
0.804737854124,0.804737854124,1.)) REPRESENTATION_ITEM('') );
#6639 = CARTESIAN_POINT('',(7.,37.,-2.));
#6640 = CARTESIAN_POINT('',(6.707106781187,37.,-2.));
#6641 = CARTESIAN_POINT('',(6.5,37.207106781187,-1.895126688469));
#6642 = CARTESIAN_POINT('',(6.5,37.5,-1.74681342897));
#6643 = PCURVE('',#4389,#6644);
#6644 = DEFINITIONAL_REPRESENTATION('',(#6645),#6650);
#6645 = ( BOUNDED_CURVE() B_SPLINE_CURVE(3,(#6646,#6647,#6648,#6649),
.UNSPECIFIED.,.F.,.F.) B_SPLINE_CURVE_WITH_KNOTS((4,4),(0.,
1.570796326795),.PIECEWISE_BEZIER_KNOTS.) CURVE() 
GEOMETRIC_REPRESENTATION_ITEM() RATIONAL_B_SPLINE_CURVE((1.,
0.804737854124,0.804737854124,1.)) REPRESENTATION_ITEM('') );
#6646 = CARTESIAN_POINT('',(0.,-13.));
#6647 = CARTESIAN_POINT('',(0.,-13.29289321881));
#6648 = CARTESIAN_POINT('',(-0.232145709168,-13.5));
#6649 = CARTESIAN_POINT('',(-0.56044931952,-13.5));
#6650 = ( GEOMETRIC_REPRESENTATION_CONTEXT(2) 
PARAMETRIC_REPRESENTATION_CONTEXT() REPRESENTATION_CONTEXT('2D SPACE',''
  ) );
#6651 = PCURVE('',#6602,#6652);
#6652 = DEFINITIONAL_REPRESENTATION('',(#6653),#6679);
#6653 = B_SPLINE_CURVE_WITH_KNOTS('',3,(#6654,#6655,#6656,#6657,#6658,
    #6659,#6660,#6661,#6662,#6663,#6664,#6665,#6666,#6667,#6668,#6669,
    #6670,#6671,#6672,#6673,#6674,#6675,#6676,#6677,#6678),
  .UNSPECIFIED.,.F.,.F.,(4,1,1,1,1,1,1,1,1,1,1,1,1,1,1,1,1,1,1,1,1,1,4),
  (0.,7.139983303613E-02,0.142799666072,0.214199499108,0.285599332145,
    0.356999165181,0.428398998217,0.499798831253,0.571198664289,
    0.642598497325,0.713998330361,0.785398163397,0.856797996434,
    0.92819782947,0.999597662506,1.070997495542,1.142397328578,
    1.213797161614,1.28519699465,1.356596827687,1.427996660723,
    1.499396493759,1.570796326795),.QUASI_UNIFORM_KNOTS.);
#6654 = CARTESIAN_POINT('',(4.712388980385,1.5));
#6655 = CARTESIAN_POINT('',(4.733814923954,1.500000822234));
#6656 = CARTESIAN_POINT('',(4.777243163992,1.499650683511));
#6657 = CARTESIAN_POINT('',(4.844021017882,1.498000843715));
#6658 = CARTESIAN_POINT('',(4.912348120387,1.495152514063));
#6659 = CARTESIAN_POINT('',(4.982112607539,1.491047852424));
#6660 = CARTESIAN_POINT('',(5.053185782851,1.485643344658));
#6661 = CARTESIAN_POINT('',(5.125420362128,1.478913839029));
#6662 = CARTESIAN_POINT('',(5.198652238148,1.470854553908));
#6663 = CARTESIAN_POINT('',(5.272702021442,1.461482888173));
#6664 = CARTESIAN_POINT('',(5.347377344715,1.450839320987));
#6665 = CARTESIAN_POINT('',(5.422475607275,1.438987419191));
#6666 = CARTESIAN_POINT('',(5.497787143782,1.426012848477));
#6667 = CARTESIAN_POINT('',(5.57309868029,1.412021408406));
#6668 = CARTESIAN_POINT('',(5.648196942849,1.397136176466));
#6669 = CARTESIAN_POINT('',(5.722872266123,1.381493921925));
#6670 = CARTESIAN_POINT('',(5.796922049417,1.365241007818));
#6671 = CARTESIAN_POINT('',(5.870153925436,1.348529029208));
#6672 = CARTESIAN_POINT('',(5.942388504713,1.331510464186));
#6673 = CARTESIAN_POINT('',(6.013461680026,1.3143345242));
#6674 = CARTESIAN_POINT('',(6.083226167177,1.297143624419));
#6675 = CARTESIAN_POINT('',(6.151553269682,1.280069824046));
#6676 = CARTESIAN_POINT('',(6.218331123573,1.263234322768));
#6677 = CARTESIAN_POINT('',(6.26175936361,1.252237354142));
#6678 = CARTESIAN_POINT('',(6.28318530718,1.24681342897));
#6679 = ( GEOMETRIC_REPRESENTATION_CONTEXT(2) 
PARAMETRIC_REPRESENTATION_CONTEXT() REPRESENTATION_CONTEXT('2D SPACE',''
  ) );
#6680 = ADVANCED_FACE('',(#6681),#6602,.F.);
#6681 = FACE_BOUND('',#6682,.F.);
#6682 = EDGE_LOOP('',(#6683,#6712,#6733,#6734,#6735));
#6683 = ORIENTED_EDGE('',*,*,#6684,.F.);
#6684 = EDGE_CURVE('',#6685,#6685,#6687,.T.);
#6685 = VERTEX_POINT('',#6686);
#6686 = CARTESIAN_POINT('',(6.5,37.5,-0.5));
#6687 = SURFACE_CURVE('',#6688,(#6693,#6700),.PCURVE_S1.);
#6688 = CIRCLE('',#6689,0.5);
#6689 = AXIS2_PLACEMENT_3D('',#6690,#6691,#6692);
#6690 = CARTESIAN_POINT('',(7.,37.5,-0.5));
#6691 = DIRECTION('',(0.,0.,1.));
#6692 = DIRECTION('',(-1.,0.,-0.));
#6693 = PCURVE('',#6602,#6694);
#6694 = DEFINITIONAL_REPRESENTATION('',(#6695),#6699);
#6695 = LINE('',#6696,#6697);
#6696 = CARTESIAN_POINT('',(6.28318530718,0.));
#6697 = VECTOR('',#6698,1.);
#6698 = DIRECTION('',(-1.,0.));
#6699 = ( GEOMETRIC_REPRESENTATION_CONTEXT(2) 
PARAMETRIC_REPRESENTATION_CONTEXT() REPRESENTATION_CONTEXT('2D SPACE',''
  ) );
#6700 = PCURVE('',#6701,#6706);
#6701 = PLANE('',#6702);
#6702 = AXIS2_PLACEMENT_3D('',#6703,#6704,#6705);
#6703 = CARTESIAN_POINT('',(7.,37.5,-0.5));
#6704 = DIRECTION('',(0.,0.,1.));
#6705 = DIRECTION('',(1.,0.,-0.));
#6706 = DEFINITIONAL_REPRESENTATION('',(#6707),#6711);
#6707 = CIRCLE('',#6708,0.5);
#6708 = AXIS2_PLACEMENT_2D('',#6709,#6710);
#6709 = CARTESIAN_POINT('',(0.,0.));
#6710 = DIRECTION('',(-1.,0.));
#6711 = ( GEOMETRIC_REPRESENTATION_CONTEXT(2) 
PARAMETRIC_REPRESENTATION_CONTEXT() REPRESENTATION_CONTEXT('2D SPACE',''
  ) );
#6712 = ORIENTED_EDGE('',*,*,#6713,.T.);
#6713 = EDGE_CURVE('',#6685,#6569,#6714,.T.);
#6714 = SEAM_CURVE('',#6715,(#6719,#6726),.PCURVE_S1.);
#6715 = LINE('',#6716,#6717);
#6716 = CARTESIAN_POINT('',(6.5,37.5,-0.5));
#6717 = VECTOR('',#6718,1.);
#6718 = DIRECTION('',(-0.,-0.,-1.));
#6719 = PCURVE('',#6602,#6720);
#6720 = DEFINITIONAL_REPRESENTATION('',(#6721),#6725);
#6721 = LINE('',#6722,#6723);
#6722 = CARTESIAN_POINT('',(6.28318530718,0.));
#6723 = VECTOR('',#6724,1.);
#6724 = DIRECTION('',(0.,1.));
#6725 = ( GEOMETRIC_REPRESENTATION_CONTEXT(2) 
PARAMETRIC_REPRESENTATION_CONTEXT() REPRESENTATION_CONTEXT('2D SPACE',''
  ) );
#6726 = PCURVE('',#6602,#6727);
#6727 = DEFINITIONAL_REPRESENTATION('',(#6728),#6732);
#6728 = LINE('',#6729,#6730);
#6729 = CARTESIAN_POINT('',(0.,0.));
#6730 = VECTOR('',#6731,1.);
#6731 = DIRECTION('',(0.,1.));
#6732 = ( GEOMETRIC_REPRESENTATION_CONTEXT(2) 
PARAMETRIC_REPRESENTATION_CONTEXT() REPRESENTATION_CONTEXT('2D SPACE',''
  ) );
#6733 = ORIENTED_EDGE('',*,*,#6636,.F.);
#6734 = ORIENTED_EDGE('',*,*,#6566,.T.);
#6735 = ORIENTED_EDGE('',*,*,#6713,.F.);
#6736 = ADVANCED_FACE('',(#6737),#6701,.F.);
#6737 = FACE_BOUND('',#6738,.F.);
#6738 = EDGE_LOOP('',(#6739));
#6739 = ORIENTED_EDGE('',*,*,#6684,.T.);
#6740 = ADVANCED_FACE('',(#6741),#6530,.F.);
#6741 = FACE_BOUND('',#6742,.F.);
#6742 = EDGE_LOOP('',(#6743,#6772,#6793,#6794));
#6743 = ORIENTED_EDGE('',*,*,#6744,.F.);
#6744 = EDGE_CURVE('',#6745,#6745,#6747,.T.);
#6745 = VERTEX_POINT('',#6746);
#6746 = CARTESIAN_POINT('',(-0.5,39.5,4.336808689942E-16));
#6747 = SURFACE_CURVE('',#6748,(#6753,#6760),.PCURVE_S1.);
#6748 = CIRCLE('',#6749,0.5);
#6749 = AXIS2_PLACEMENT_3D('',#6750,#6751,#6752);
#6750 = CARTESIAN_POINT('',(2.775557561563E-17,39.5,4.336808689942E-16)
  );
#6751 = DIRECTION('',(0.,0.,1.));
#6752 = DIRECTION('',(-1.,0.,-0.));
#6753 = PCURVE('',#6530,#6754);
#6754 = DEFINITIONAL_REPRESENTATION('',(#6755),#6759);
#6755 = LINE('',#6756,#6757);
#6756 = CARTESIAN_POINT('',(6.28318530718,0.));
#6757 = VECTOR('',#6758,1.);
#6758 = DIRECTION('',(-1.,0.));
#6759 = ( GEOMETRIC_REPRESENTATION_CONTEXT(2) 
PARAMETRIC_REPRESENTATION_CONTEXT() REPRESENTATION_CONTEXT('2D SPACE',''
  ) );
#6760 = PCURVE('',#6761,#6766);
#6761 = PLANE('',#6762);
#6762 = AXIS2_PLACEMENT_3D('',#6763,#6764,#6765);
#6763 = CARTESIAN_POINT('',(0.,39.5,4.336808689942E-16));
#6764 = DIRECTION('',(0.,0.,1.));
#6765 = DIRECTION('',(1.,0.,-0.));
#6766 = DEFINITIONAL_REPRESENTATION('',(#6767),#6771);
#6767 = CIRCLE('',#6768,0.5);
#6768 = AXIS2_PLACEMENT_2D('',#6769,#6770);
#6769 = CARTESIAN_POINT('',(2.775557561563E-17,0.));
#6770 = DIRECTION('',(-1.,0.));
#6771 = ( GEOMETRIC_REPRESENTATION_CONTEXT(2) 
PARAMETRIC_REPRESENTATION_CONTEXT() REPRESENTATION_CONTEXT('2D SPACE',''
  ) );
#6772 = ORIENTED_EDGE('',*,*,#6773,.T.);
#6773 = EDGE_CURVE('',#6745,#6497,#6774,.T.);
#6774 = SEAM_CURVE('',#6775,(#6779,#6786),.PCURVE_S1.);
#6775 = LINE('',#6776,#6777);
#6776 = CARTESIAN_POINT('',(-0.5,39.5,4.336808689942E-16));
#6777 = VECTOR('',#6778,1.);
#6778 = DIRECTION('',(-0.,-0.,-1.));
#6779 = PCURVE('',#6530,#6780);
#6780 = DEFINITIONAL_REPRESENTATION('',(#6781),#6785);
#6781 = LINE('',#6782,#6783);
#6782 = CARTESIAN_POINT('',(6.28318530718,0.));
#6783 = VECTOR('',#6784,1.);
#6784 = DIRECTION('',(0.,1.));
#6785 = ( GEOMETRIC_REPRESENTATION_CONTEXT(2) 
PARAMETRIC_REPRESENTATION_CONTEXT() REPRESENTATION_CONTEXT('2D SPACE',''
  ) );
#6786 = PCURVE('',#6530,#6787);
#6787 = DEFINITIONAL_REPRESENTATION('',(#6788),#6792);
#6788 = LINE('',#6789,#6790);
#6789 = CARTESIAN_POINT('',(0.,0.));
#6790 = VECTOR('',#6791,1.);
#6791 = DIRECTION('',(0.,1.));
#6792 = ( GEOMETRIC_REPRESENTATION_CONTEXT(2) 
PARAMETRIC_REPRESENTATION_CONTEXT() REPRESENTATION_CONTEXT('2D SPACE',''
  ) );
#6793 = ORIENTED_EDGE('',*,*,#6496,.T.);
#6794 = ORIENTED_EDGE('',*,*,#6773,.F.);
#6795 = ADVANCED_FACE('',(#6796),#6761,.F.);
#6796 = FACE_BOUND('',#6797,.F.);
#6797 = EDGE_LOOP('',(#6798));
#6798 = ORIENTED_EDGE('',*,*,#6744,.T.);
#6799 = ADVANCED_FACE('',(#6800),#6415,.F.);
#6800 = FACE_BOUND('',#6801,.F.);
#6801 = EDGE_LOOP('',(#6802,#6831,#6852,#6853,#6854));
#6802 = ORIENTED_EDGE('',*,*,#6803,.F.);
#6803 = EDGE_CURVE('',#6804,#6804,#6806,.T.);
#6804 = VERTEX_POINT('',#6805);
#6805 = CARTESIAN_POINT('',(-7.5,37.5,-0.5));
#6806 = SURFACE_CURVE('',#6807,(#6812,#6819),.PCURVE_S1.);
#6807 = CIRCLE('',#6808,0.5);
#6808 = AXIS2_PLACEMENT_3D('',#6809,#6810,#6811);
#6809 = CARTESIAN_POINT('',(-7.,37.5,-0.5));
#6810 = DIRECTION('',(0.,0.,1.));
#6811 = DIRECTION('',(-1.,0.,-0.));
#6812 = PCURVE('',#6415,#6813);
#6813 = DEFINITIONAL_REPRESENTATION('',(#6814),#6818);
#6814 = LINE('',#6815,#6816);
#6815 = CARTESIAN_POINT('',(6.28318530718,0.));
#6816 = VECTOR('',#6817,1.);
#6817 = DIRECTION('',(-1.,0.));
#6818 = ( GEOMETRIC_REPRESENTATION_CONTEXT(2) 
PARAMETRIC_REPRESENTATION_CONTEXT() REPRESENTATION_CONTEXT('2D SPACE',''
  ) );
#6819 = PCURVE('',#6820,#6825);
#6820 = PLANE('',#6821);
#6821 = AXIS2_PLACEMENT_3D('',#6822,#6823,#6824);
#6822 = CARTESIAN_POINT('',(-7.,37.5,-0.5));
#6823 = DIRECTION('',(0.,0.,1.));
#6824 = DIRECTION('',(1.,0.,-0.));
#6825 = DEFINITIONAL_REPRESENTATION('',(#6826),#6830);
#6826 = CIRCLE('',#6827,0.5);
#6827 = AXIS2_PLACEMENT_2D('',#6828,#6829);
#6828 = CARTESIAN_POINT('',(0.,0.));
#6829 = DIRECTION('',(-1.,0.));
#6830 = ( GEOMETRIC_REPRESENTATION_CONTEXT(2) 
PARAMETRIC_REPRESENTATION_CONTEXT() REPRESENTATION_CONTEXT('2D SPACE',''
  ) );
#6831 = ORIENTED_EDGE('',*,*,#6832,.T.);
#6832 = EDGE_CURVE('',#6804,#6382,#6833,.T.);
#6833 = SEAM_CURVE('',#6834,(#6838,#6845),.PCURVE_S1.);
#6834 = LINE('',#6835,#6836);
#6835 = CARTESIAN_POINT('',(-7.5,37.5,-0.5));
#6836 = VECTOR('',#6837,1.);
#6837 = DIRECTION('',(-0.,-0.,-1.));
#6838 = PCURVE('',#6415,#6839);
#6839 = DEFINITIONAL_REPRESENTATION('',(#6840),#6844);
#6840 = LINE('',#6841,#6842);
#6841 = CARTESIAN_POINT('',(6.28318530718,0.));
#6842 = VECTOR('',#6843,1.);
#6843 = DIRECTION('',(0.,1.));
#6844 = ( GEOMETRIC_REPRESENTATION_CONTEXT(2) 
PARAMETRIC_REPRESENTATION_CONTEXT() REPRESENTATION_CONTEXT('2D SPACE',''
  ) );
#6845 = PCURVE('',#6415,#6846);
#6846 = DEFINITIONAL_REPRESENTATION('',(#6847),#6851);
#6847 = LINE('',#6848,#6849);
#6848 = CARTESIAN_POINT('',(0.,0.));
#6849 = VECTOR('',#6850,1.);
#6850 = DIRECTION('',(0.,1.));
#6851 = ( GEOMETRIC_REPRESENTATION_CONTEXT(2) 
PARAMETRIC_REPRESENTATION_CONTEXT() REPRESENTATION_CONTEXT('2D SPACE',''
  ) );
#6852 = ORIENTED_EDGE('',*,*,#6449,.F.);
#6853 = ORIENTED_EDGE('',*,*,#6379,.T.);
#6854 = ORIENTED_EDGE('',*,*,#6832,.F.);
#6855 = ADVANCED_FACE('',(#6856),#6820,.F.);
#6856 = FACE_BOUND('',#6857,.F.);
#6857 = EDGE_LOOP('',(#6858));
#6858 = ORIENTED_EDGE('',*,*,#6803,.T.);
#6859 = ADVANCED_FACE('',(#6860),#4024,.T.);
#6860 = FACE_BOUND('',#6861,.T.);
#6861 = EDGE_LOOP('',(#6862,#6863,#6884,#6885));
#6862 = ORIENTED_EDGE('',*,*,#6203,.F.);
#6863 = ORIENTED_EDGE('',*,*,#6864,.T.);
#6864 = EDGE_CURVE('',#6204,#3883,#6865,.T.);
#6865 = SURFACE_CURVE('',#6866,(#6870,#6877),.PCURVE_S1.);
#6866 = LINE('',#6867,#6868);
#6867 = CARTESIAN_POINT('',(-1.357439088381,40.64965665537,-2.25));
#6868 = VECTOR('',#6869,1.);
#6869 = DIRECTION('',(0.,0.,1.));
#6870 = PCURVE('',#4024,#6871);
#6871 = DEFINITIONAL_REPRESENTATION('',(#6872),#6876);
#6872 = LINE('',#6873,#6874);
#6873 = CARTESIAN_POINT('',(0.,0.));
#6874 = VECTOR('',#6875,1.);
#6875 = DIRECTION('',(0.,-1.));
#6876 = ( GEOMETRIC_REPRESENTATION_CONTEXT(2) 
PARAMETRIC_REPRESENTATION_CONTEXT() REPRESENTATION_CONTEXT('2D SPACE',''
  ) );
#6877 = PCURVE('',#3962,#6878);
#6878 = DEFINITIONAL_REPRESENTATION('',(#6879),#6883);
#6879 = LINE('',#6880,#6881);
#6880 = CARTESIAN_POINT('',(24.992809540788,0.));
#6881 = VECTOR('',#6882,1.);
#6882 = DIRECTION('',(0.,-1.));
#6883 = ( GEOMETRIC_REPRESENTATION_CONTEXT(2) 
PARAMETRIC_REPRESENTATION_CONTEXT() REPRESENTATION_CONTEXT('2D SPACE',''
  ) );
#6884 = ORIENTED_EDGE('',*,*,#4008,.T.);
#6885 = ORIENTED_EDGE('',*,*,#4505,.F.);
#6886 = ADVANCED_FACE('',(#6887),#3962,.T.);
#6887 = FACE_BOUND('',#6888,.T.);
#6888 = EDGE_LOOP('',(#6889,#6908,#6909,#6910,#6911));
#6889 = ORIENTED_EDGE('',*,*,#6890,.F.);
#6890 = EDGE_CURVE('',#3743,#5128,#6891,.T.);
#6891 = SURFACE_CURVE('',#6892,(#6895,#6901),.PCURVE_S1.);
#6892 = B_SPLINE_CURVE_WITH_KNOTS('',1,(#6893,#6894),.UNSPECIFIED.,.F.,
  .F.,(2,2),(3.,4.),.PIECEWISE_BEZIER_KNOTS.);
#6893 = CARTESIAN_POINT('',(-11.14772265089,21.3,0.2));
#6894 = CARTESIAN_POINT('',(-11.14772265089,21.3,-2.25));
#6895 = PCURVE('',#3962,#6896);
#6896 = DEFINITIONAL_REPRESENTATION('',(#6897),#6900);
#6897 = B_SPLINE_CURVE_WITH_KNOTS('',1,(#6898,#6899),.UNSPECIFIED.,.F.,
  .F.,(2,2),(3.,4.),.PIECEWISE_BEZIER_KNOTS.);
#6898 = CARTESIAN_POINT('',(0.,-2.45));
#6899 = CARTESIAN_POINT('',(0.,0.));
#6900 = ( GEOMETRIC_REPRESENTATION_CONTEXT(2) 
PARAMETRIC_REPRESENTATION_CONTEXT() REPRESENTATION_CONTEXT('2D SPACE',''
  ) );
#6901 = PCURVE('',#145,#6902);
#6902 = DEFINITIONAL_REPRESENTATION('',(#6903),#6907);
#6903 = LINE('',#6904,#6905);
#6904 = CARTESIAN_POINT('',(0.,1.));
#6905 = VECTOR('',#6906,1.);
#6906 = DIRECTION('',(1.,0.));
#6907 = ( GEOMETRIC_REPRESENTATION_CONTEXT(2) 
PARAMETRIC_REPRESENTATION_CONTEXT() REPRESENTATION_CONTEXT('2D SPACE',''
  ) );
#6908 = ORIENTED_EDGE('',*,*,#3882,.T.);
#6909 = ORIENTED_EDGE('',*,*,#6864,.F.);
#6910 = ORIENTED_EDGE('',*,*,#6224,.T.);
#6911 = ORIENTED_EDGE('',*,*,#5127,.T.);
#6912 = ADVANCED_FACE('',(#6913),#310,.F.);
#6913 = FACE_BOUND('',#6914,.F.);
#6914 = EDGE_LOOP('',(#6915,#6916,#6917,#6918,#6919,#6920,#6921,#6963,
    #6964));
#6915 = ORIENTED_EDGE('',*,*,#3319,.F.);
#6916 = ORIENTED_EDGE('',*,*,#3719,.T.);
#6917 = ORIENTED_EDGE('',*,*,#3824,.T.);
#6918 = ORIENTED_EDGE('',*,*,#4527,.F.);
#6919 = ORIENTED_EDGE('',*,*,#5687,.F.);
#6920 = ORIENTED_EDGE('',*,*,#6093,.T.);
#6921 = ORIENTED_EDGE('',*,*,#6922,.T.);
#6922 = EDGE_CURVE('',#6094,#262,#6923,.T.);
#6923 = SURFACE_CURVE('',#6924,(#6935,#6949),.PCURVE_S1.);
#6924 = B_SPLINE_CURVE_WITH_KNOTS('',5,(#6925,#6926,#6927,#6928,#6929,
    #6930,#6931,#6932,#6933,#6934),.UNSPECIFIED.,.F.,.F.,(6,4,6),(0.,
    0.513073847414,1.),.UNSPECIFIED.);
#6925 = CARTESIAN_POINT('',(11.122601045465,20.590161405456,
    -2.188299892635));
#6926 = CARTESIAN_POINT('',(11.120491824927,20.53169825159,
    -2.230368175406));
#6927 = CARTESIAN_POINT('',(11.118368735671,20.473079048563,
    -2.27238048862));
#6928 = CARTESIAN_POINT('',(11.116231986472,20.414312009667,
    -2.314328916513));
#6929 = CARTESIAN_POINT('',(11.114081742109,20.35540585264,
    -2.356205374288));
#6930 = CARTESIAN_POINT('',(11.109864752381,20.240337363964,
    -2.437671293762));
#6931 = CARTESIAN_POINT('',(11.10779934076,20.184188126659,
    -2.477268589002));
#6932 = CARTESIAN_POINT('',(11.105721999063,20.127925477482,
    -2.516789567098));
#6933 = CARTESIAN_POINT('',(11.103632867293,20.071555123589,
    -2.556228803691));
#6934 = CARTESIAN_POINT('',(11.10153210594,20.015082510338,
    -2.595581175676));
#6935 = PCURVE('',#310,#6936);
#6936 = DEFINITIONAL_REPRESENTATION('',(#6937),#6948);
#6937 = B_SPLINE_CURVE_WITH_KNOTS('',5,(#6938,#6939,#6940,#6941,#6942,
    #6943,#6944,#6945,#6946,#6947),.UNSPECIFIED.,.F.,.F.,(6,4,6),(0.,
    0.513073847414,1.),.UNSPECIFIED.);
#6938 = CARTESIAN_POINT('',(1.071203738995,0.966461257469));
#6939 = CARTESIAN_POINT('',(1.061307174465,0.963622692952));
#6940 = CARTESIAN_POINT('',(1.052105645723,0.960755136381));
#6941 = CARTESIAN_POINT('',(1.043586944415,0.957857946707));
#6942 = CARTESIAN_POINT('',(1.035726860775,0.954926600164));
#6943 = CARTESIAN_POINT('',(1.021669743558,0.94914714426));
#6944 = CARTESIAN_POINT('',(1.015408855536,0.946302678297));
#6945 = CARTESIAN_POINT('',(1.009721213464,0.94342800713));
#6946 = CARTESIAN_POINT('',(1.004591575816,0.940523363282));
#6947 = CARTESIAN_POINT('',(1.,0.93758908109));
#6948 = ( GEOMETRIC_REPRESENTATION_CONTEXT(2) 
PARAMETRIC_REPRESENTATION_CONTEXT() REPRESENTATION_CONTEXT('2D SPACE',''
  ) );
#6949 = PCURVE('',#410,#6950);
#6950 = DEFINITIONAL_REPRESENTATION('',(#6951),#6962);
#6951 = B_SPLINE_CURVE_WITH_KNOTS('',5,(#6952,#6953,#6954,#6955,#6956,
    #6957,#6958,#6959,#6960,#6961),.UNSPECIFIED.,.F.,.F.,(6,4,6),(0.,
    0.513073847414,1.),.UNSPECIFIED.);
#6952 = CARTESIAN_POINT('',(0.501393915946,1.678941248078E-02));
#6953 = CARTESIAN_POINT('',(0.501389651677,1.688104551618E-02));
#6954 = CARTESIAN_POINT('',(0.501385374736,1.697328106455E-02));
#6955 = CARTESIAN_POINT('',(0.501381085707,1.706611005584E-02));
#6956 = CARTESIAN_POINT('',(0.501376785212,1.715952533146E-02));
#6957 = CARTESIAN_POINT('',(0.50136838196,1.734272835017E-02));
#6958 = CARTESIAN_POINT('',(0.50136428029,1.743245814902E-02));
#6959 = CARTESIAN_POINT('',(0.501360169138,1.752270623943E-02));
#6960 = CARTESIAN_POINT('',(0.50135604891,1.761346653876E-02));
#6961 = CARTESIAN_POINT('',(0.501351919993,1.770473207186E-02));
#6962 = ( GEOMETRIC_REPRESENTATION_CONTEXT(2) 
PARAMETRIC_REPRESENTATION_CONTEXT() REPRESENTATION_CONTEXT('2D SPACE',''
  ) );
#6963 = ORIENTED_EDGE('',*,*,#261,.F.);
#6964 = ORIENTED_EDGE('',*,*,#459,.T.);
#6965 = ADVANCED_FACE('',(#6966),#410,.F.);
#6966 = FACE_BOUND('',#6967,.F.);
#6967 = EDGE_LOOP('',(#6968,#6969,#6970,#7012));
#6968 = ORIENTED_EDGE('',*,*,#6922,.F.);
#6969 = ORIENTED_EDGE('',*,*,#6176,.T.);
#6970 = ORIENTED_EDGE('',*,*,#6971,.F.);
#6971 = EDGE_CURVE('',#24,#6136,#6972,.T.);
#6972 = SURFACE_CURVE('',#6973,(#6984,#6998),.PCURVE_S1.);
#6973 = B_SPLINE_CURVE_WITH_KNOTS('',5,(#6974,#6975,#6976,#6977,#6978,
    #6979,#6980,#6981,#6982,#6983),.UNSPECIFIED.,.F.,.F.,(6,4,6),(0.,
    0.486473435695,1.),.UNSPECIFIED.);
#6974 = CARTESIAN_POINT('',(-11.10153204946,20.015082510338,
    -2.595581175676));
#6975 = CARTESIAN_POINT('',(-11.10363085917,20.071502618541,
    -2.556265391299));
#6976 = CARTESIAN_POINT('',(-11.1057180609,20.127820657745,
    -2.516862903569));
#6977 = CARTESIAN_POINT('',(-11.1077934946,20.184031197081,
    -2.477378821773));
#6978 = CARTESIAN_POINT('',(-11.10985702062,20.240128545601,
    -2.437818554831));
#6979 = CARTESIAN_POINT('',(-11.11407410539,20.355197946252,
    -2.356353174394));
#6980 = CARTESIAN_POINT('',(-11.11622628434,20.414156447371,
    -2.314439957843));
#6981 = CARTESIAN_POINT('',(-11.11836494453,20.472975602307,
    -2.272454628304));
#6982 = CARTESIAN_POINT('',(-11.12048992085,20.531646665737,
    -2.230405294993));
#6983 = CARTESIAN_POINT('',(-11.12260100393,20.590161405456,
    -2.188299892635));
#6984 = PCURVE('',#410,#6985);
#6985 = DEFINITIONAL_REPRESENTATION('',(#6986),#6997);
#6986 = B_SPLINE_CURVE_WITH_KNOTS('',5,(#6987,#6988,#6989,#6990,#6991,
    #6992,#6993,#6994,#6995,#6996),.UNSPECIFIED.,.F.,.F.,(6,4,6),(0.,
    0.486473435695,1.),.UNSPECIFIED.);
#6987 = CARTESIAN_POINT('',(0.501351919993,0.982295265474));
#6988 = CARTESIAN_POINT('',(0.501356045071,0.982386446221));
#6989 = CARTESIAN_POINT('',(0.501360161477,0.982477122671));
#6990 = CARTESIAN_POINT('',(0.501364268823,0.98256728787));
#6991 = CARTESIAN_POINT('',(0.501368366706,0.982656935752));
#6992 = CARTESIAN_POINT('',(0.501376770034,0.982840142899));
#6993 = CARTESIAN_POINT('',(0.501381074353,0.982933642221));
#6994 = CARTESIAN_POINT('',(0.501385367188,0.983026554233));
#6995 = CARTESIAN_POINT('',(0.501389647914,0.983118871763));
#6996 = CARTESIAN_POINT('',(0.501393915946,0.983210585715));
#6997 = ( GEOMETRIC_REPRESENTATION_CONTEXT(2) 
PARAMETRIC_REPRESENTATION_CONTEXT() REPRESENTATION_CONTEXT('2D SPACE',''
  ) );
#6998 = PCURVE('',#145,#6999);
#6999 = DEFINITIONAL_REPRESENTATION('',(#7000),#7011);
#7000 = B_SPLINE_CURVE_WITH_KNOTS('',5,(#7001,#7002,#7003,#7004,#7005,
    #7006,#7007,#7008,#7009,#7010),.UNSPECIFIED.,.F.,.F.,(6,4,6),(0.,
    0.486473435695,1.),.UNSPECIFIED.);
#7001 = CARTESIAN_POINT('',(4.,0.93758908109));
#7002 = CARTESIAN_POINT('',(3.995412693573,0.940520635167));
#7003 = CARTESIAN_POINT('',(3.990288324368,0.943422605965));
#7004 = CARTESIAN_POINT('',(3.984607006834,0.946294660097));
#7005 = CARTESIAN_POINT('',(3.978353537704,0.949136565603));
#7006 = CARTESIAN_POINT('',(3.964300882148,0.954916252378));
#7007 = CARTESIAN_POINT('',(3.956435597447,0.957850279866));
#7008 = CARTESIAN_POINT('',(3.947910596319,0.960750074266));
#7009 = CARTESIAN_POINT('',(3.938701556527,0.963620188816));
#7010 = CARTESIAN_POINT('',(3.928796261005,0.966461257469));
#7011 = ( GEOMETRIC_REPRESENTATION_CONTEXT(2) 
PARAMETRIC_REPRESENTATION_CONTEXT() REPRESENTATION_CONTEXT('2D SPACE',''
  ) );
#7012 = ORIENTED_EDGE('',*,*,#390,.F.);
#7013 = ADVANCED_FACE('',(#7014),#145,.F.);
#7014 = FACE_BOUND('',#7015,.F.);
#7015 = EDGE_LOOP('',(#7016,#7017,#7018,#7019,#7020,#7021,#7022,#7023,
    #7024));
#7016 = ORIENTED_EDGE('',*,*,#3742,.F.);
#7017 = ORIENTED_EDGE('',*,*,#3604,.T.);
#7018 = ORIENTED_EDGE('',*,*,#3448,.T.);
#7019 = ORIENTED_EDGE('',*,*,#1024,.T.);
#7020 = ORIENTED_EDGE('',*,*,#21,.T.);
#7021 = ORIENTED_EDGE('',*,*,#6971,.T.);
#7022 = ORIENTED_EDGE('',*,*,#6135,.T.);
#7023 = ORIENTED_EDGE('',*,*,#5630,.F.);
#7024 = ORIENTED_EDGE('',*,*,#6890,.F.);
#7025 = ( GEOMETRIC_REPRESENTATION_CONTEXT(3) 
GLOBAL_UNCERTAINTY_ASSIGNED_CONTEXT((#7029)) 
GLOBAL_UNIT_ASSIGNED_CONTEXT((#7026,#7027,#7028)) REPRESENTATION_CONTEXT
('Context #1','3D Context with UNIT and UNCERTAINTY') );
#7026 = ( LENGTH_UNIT() NAMED_UNIT(*) SI_UNIT(.MILLI.,.METRE.) );
#7027 = ( NAMED_UNIT(*) PLANE_ANGLE_UNIT() SI_UNIT($,.RADIAN.) );
#7028 = ( NAMED_UNIT(*) SI_UNIT($,.STERADIAN.) SOLID_ANGLE_UNIT() );
#7029 = UNCERTAINTY_MEASURE_WITH_UNIT(LENGTH_MEASURE(5.E-05),#7026,
  'distance_accuracy_value','confusion accuracy');
#7030 = PRODUCT_RELATED_PRODUCT_CATEGORY('part',$,(#7));
ENDSEC;
END-ISO-10303-21;
