ISO-10303-21;
HEADER;
FILE_DESCRIPTION(('Open CASCADE Model'),'2;1');
FILE_NAME('Open CASCADE Shape Model','2026-09-08T23:21:14',('Author'),(
    'Open CASCADE'),'Open CASCADE STEP processor 7.9','Open CASCADE 7.9'
  ,'Unknown');
FILE_SCHEMA(('AUTOMOTIVE_DESIGN { 1 0 10303 214 1 1 1 1 }'));
ENDSEC;
DATA;
#1 = APPLICATION_PROTOCOL_DEFINITION('international standard',
  'automotive_design',2000,#2);
#2 = APPLICATION_CONTEXT(
  'core data for automotive mechanical design processes');
#3 = SHAPE_DEFINITION_REPRESENTATION(#4,#10);
#4 = PRODUCT_DEFINITION_SHAPE('','',#5);
#5 = PRODUCT_DEFINITION('design','',#6,#9);
#6 = PRODUCT_DEFINITION_FORMATION('','',#7);
#7 = PRODUCT('Open CASCADE STEP translator 7.9 5',
  'Open CASCADE STEP translator 7.9 5','',(#8));
#8 = PRODUCT_CONTEXT('',#2,'mechanical');
#9 = PRODUCT_DEFINITION_CONTEXT('part definition',#2,'design');
#10 = ADVANCED_BREP_SHAPE_REPRESENTATION('',(#11,#15),#12130);
#11 = AXIS2_PLACEMENT_3D('',#12,#13,#14);
#12 = CARTESIAN_POINT('',(0.,0.,0.));
#13 = DIRECTION('',(0.,0.,1.));
#14 = DIRECTION('',(1.,0.,-0.));
#15 = MANIFOLD_SOLID_BREP('',#16);
#16 = CLOSED_SHELL('',(#17,#1849,#1897,#2015,#2092,#4838,#5146,#5630,
    #5637,#5945,#6429,#6436,#7035,#7603,#7610,#8000,#8352,#8356,#8715,
    #8719,#8857,#8997,#9279,#9987,#11112,#11171,#11175,#11234,#11238,
    #11297,#11301,#11360,#11364,#11423,#11427,#11486,#11490,#11549,
    #11553,#11612,#11616,#11675,#11679,#11738,#11742,#11801,#11805,
    #11899,#11988,#12015,#12041,#12082,#12118));
#17 = ADVANCED_FACE('',(#18),#65,.F.);
#18 = FACE_BOUND('',#19,.F.);
#19 = EDGE_LOOP('',(#20,#224,#260,#936,#970,#1657,#1686,#1815));
#20 = ORIENTED_EDGE('',*,*,#21,.F.);
#21 = EDGE_CURVE('',#22,#24,#26,.T.);
#22 = VERTEX_POINT('',#23);
#23 = CARTESIAN_POINT('',(-30.49999297251,18.449574781332,-3.63756431265
    ));
#24 = VERTEX_POINT('',#25);
#25 = CARTESIAN_POINT('',(-30.49303601707,20.014501960025,
    -2.595985719631));
#26 = SURFACE_CURVE('',#27,(#64,#144),.PCURVE_S1.);
#27 = ( BOUNDED_CURVE() B_SPLINE_CURVE(3,(#28,#29,#30,#31,#32,#33,#34,
    #35,#36,#37,#38,#39,#40,#41,#42,#43,#44,#45,#46,#47,#48,#49,#50,#51,
    #52,#53,#54,#55,#56,#57,#58,#59,#60,#61,#62,#63),.UNSPECIFIED.,.F.,
.F.) B_SPLINE_CURVE_WITH_KNOTS((4,1,1,1,1,1,1,1,1,1,1,1,1,1,1,1,1,1,1,1,
    1,1,1,1,1,1,1,1,1,1,1,1,1,4),(0.,4.226054182415E-02,
    8.084072807768E-02,0.116760893815,0.150672743191,0.183026021368,
    0.214167554491,0.244371019147,0.273857551356,0.302807808399,
    0.331362985528,0.35962878334,0.387693476243,0.415630464063,
    0.44350366522,0.471560213615,0.500018534498,0.528889141757,
    0.558153094801,0.587767953074,0.617673121193,0.647794588349,
    0.678049152399,0.708348261133,0.738765178533,0.770855167217,
    0.80460388084,0.83920044304,0.873702141244,0.907179956746,
0.938871006772,0.9684251051,0.996257998802,1.),.UNSPECIFIED.) CURVE() 
GEOMETRIC_REPRESENTATION_ITEM() RATIONAL_B_SPLINE_CURVE((1.,
    0.999999999894,1.000000000045,0.999999999989,1.000000000003,
    0.999999999999,1.,1.,1.,1.,1.,1.,1.,1.,1.,1.,1.,1.,1.,1.,1.,1.,1.,1.
    ,1.,1.,1.,1.,1.,1.,1.,0.999999999999,1.000000000003,0.999999999994,
1.000000000002,1.)) REPRESENTATION_ITEM('') );
#28 = CARTESIAN_POINT('',(-26.23127031101,1.3,-8.55));
#29 = CARTESIAN_POINT('',(-26.48517870371,1.496809190582,-8.565066766367
    ));
#30 = CARTESIAN_POINT('',(-26.9549605655,1.893835106052,-8.543644221511)
  );
#31 = CARTESIAN_POINT('',(-27.58248877665,2.522459104255,-8.551448718985
    ));
#32 = CARTESIAN_POINT('',(-28.11842112312,3.149130970453,-8.54986911169)
  );
#33 = CARTESIAN_POINT('',(-28.57947210985,3.774738193821,-8.549265947675
    ));
#34 = CARTESIAN_POINT('',(-28.97693671543,4.399868170264,-8.552862630469
    ));
#35 = CARTESIAN_POINT('',(-29.31923434369,5.024585964944,-8.530717910841
    ));
#36 = CARTESIAN_POINT('',(-29.61112218507,5.648984866434,-8.484175140551
    ));
#37 = CARTESIAN_POINT('',(-29.85678345039,6.273111219501,-8.416817089838
    ));
#38 = CARTESIAN_POINT('',(-30.05982987364,6.896905366274,-8.331641295583
    ));
#39 = CARTESIAN_POINT('',(-30.22322500684,7.52035509086,-8.23183406403)
  );
#40 = CARTESIAN_POINT('',(-30.34842516195,8.143642064795,-8.120309447509
    ));
#41 = CARTESIAN_POINT('',(-30.43641877256,8.766860152114,-8.000681065055
    ));
#42 = CARTESIAN_POINT('',(-30.48985470068,9.389669989179,-7.874081506692
    ));
#43 = CARTESIAN_POINT('',(-30.50273443083,10.015006049248,-7.75049744242
    ));
#44 = CARTESIAN_POINT('',(-30.49925407044,10.639903406768,-7.60536395061
    ));
#45 = CARTESIAN_POINT('',(-30.50020434463,11.262074951454,
    -7.420001363144));
#46 = CARTESIAN_POINT('',(-30.49994422861,11.884217289856,
    -7.205235134337));
#47 = CARTESIAN_POINT('',(-30.50001535201,12.506048110319,
    -6.964102855032));
#48 = CARTESIAN_POINT('',(-30.499995949,13.127721141906,-6.701805547255)
  );
#49 = CARTESIAN_POINT('',(-30.50000122516,13.749303560528,
    -6.423024401228));
#50 = CARTESIAN_POINT('',(-30.49999979798,14.370684127348,-6.13224372859
    ));
#51 = CARTESIAN_POINT('',(-30.50000017423,14.992496802281,
    -5.835239438233));
#52 = CARTESIAN_POINT('',(-30.50000010609,15.613632832785,
    -5.532232258406));
#53 = CARTESIAN_POINT('',(-30.49999999864,16.255069687578,
    -5.237063779284));
#54 = CARTESIAN_POINT('',(-30.50000053373,16.874436326679,
    -4.844574430879));
#55 = CARTESIAN_POINT('',(-30.49999836611,17.488814544244,
    -4.391665959935));
#56 = CARTESIAN_POINT('',(-30.50000673408,18.102651487775,
    -3.907822129893));
#57 = CARTESIAN_POINT('',(-30.49997574917,18.716554274226,
    -3.427461397618));
#58 = CARTESIAN_POINT('',(-30.50008600696,19.331121227202,
    -2.984162467601));
#59 = CARTESIAN_POINT('',(-30.49970674331,19.948598973692,
    -2.611411122974));
#60 = CARTESIAN_POINT('',(-30.46975737052,20.572889463245,
    -2.343148847576));
#61 = CARTESIAN_POINT('',(-30.42864159107,21.033261702399,
    -2.254858937566));
#62 = CARTESIAN_POINT('',(-30.4015011415,21.271787466535,-2.249989969724
    ));
#63 = CARTESIAN_POINT('',(-30.39817085033,21.3,-2.25));
#64 = PCURVE('',#65,#138);
#65 = ( BOUNDED_SURFACE() B_SPLINE_SURFACE(1,3,(
    (#66,#67,#68,#69,#70,#71,#72,#73,#74,#75,#76,#77,#78,#79,#80,#81,#82
      ,#83,#84,#85,#86,#87,#88,#89,#90,#91,#92,#93,#94,#95,#96,#97,#98
      ,#99,#100,#101)
    ,(#102,#103,#104,#105,#106,#107,#108,#109,#110,#111,#112,#113,#114
      ,#115,#116,#117,#118,#119,#120,#121,#122,#123,#124,#125,#126,#127
      ,#128,#129,#130,#131,#132,#133,#134,#135,#136,#137
)),.UNSPECIFIED.,.F.,.F.,.F.) B_SPLINE_SURFACE_WITH_KNOTS((2,2),(4,1,1,1
    ,1,1,1,1,1,1,1,1,1,1,1,1,1,1,1,1,1,1,1,1,1,1,1,1,1,1,1,1,1,4),(0.,1.
    ),(0.,4.226054182415E-02,8.084072807768E-02,0.116760893815,
    0.150672743191,0.183026021368,0.214167554491,0.244371019147,
    0.273857551356,0.302807808399,0.331362985528,0.35962878334,
    0.387693476243,0.415630464063,0.44350366522,0.471560213615,
    0.500018534498,0.528889141757,0.558153094801,0.587767953074,
    0.617673121193,0.647794588349,0.678049152399,0.708348261133,
    0.738765178533,0.770855167217,0.80460388084,0.83920044304,
    0.873702141244,0.907179956746,0.938871006772,0.9684251051,
0.996257998802,1.),.UNSPECIFIED.) GEOMETRIC_REPRESENTATION_ITEM() 
RATIONAL_B_SPLINE_SURFACE((
    (1.,0.999999999894,1.000000000045,0.999999999989,1.000000000003
      ,0.999999999999,1.,1.,1.,1.,1.,1.,1.,1.,1.,1.,1.,1.,1.,1.,1.,1.,1.
      ,1.,1.,1.,1.,1.,1.,1.,1.,0.999999999999,1.000000000003
      ,0.999999999994,1.000000000002,1.)
    ,(1.,0.999999999894,1.000000000045,0.999999999989,1.000000000003
      ,0.999999999999,1.,1.,1.,1.,1.,1.,1.,1.,1.,1.,1.,1.,1.,1.,1.,1.,1.
      ,1.,1.,1.,1.,1.,1.,1.,1.,0.999999999999,1.000000000003
,0.999999999994,1.000000000002,1.
  ))) REPRESENTATION_ITEM('') SURFACE() );
#66 = CARTESIAN_POINT('',(-26.23127031101,1.3,-8.55));
#67 = CARTESIAN_POINT('',(-26.48517870371,1.496809190582,-8.565066766367
    ));
#68 = CARTESIAN_POINT('',(-26.9549605655,1.893835106052,-8.543644221511)
  );
#69 = CARTESIAN_POINT('',(-27.58248877665,2.522459104255,-8.551448718985
    ));
#70 = CARTESIAN_POINT('',(-28.11842112312,3.149130970453,-8.54986911169)
  );
#71 = CARTESIAN_POINT('',(-28.57947210985,3.774738193821,-8.549265947675
    ));
#72 = CARTESIAN_POINT('',(-28.97693671543,4.399868170264,-8.552862630469
    ));
#73 = CARTESIAN_POINT('',(-29.31923434369,5.024585964944,-8.530717910841
    ));
#74 = CARTESIAN_POINT('',(-29.61112218507,5.648984866434,-8.484175140551
    ));
#75 = CARTESIAN_POINT('',(-29.85678345039,6.273111219501,-8.416817089838
    ));
#76 = CARTESIAN_POINT('',(-30.05982987364,6.896905366274,-8.331641295583
    ));
#77 = CARTESIAN_POINT('',(-30.22322500684,7.52035509086,-8.23183406403)
  );
#78 = CARTESIAN_POINT('',(-30.34842516195,8.143642064795,-8.120309447509
    ));
#79 = CARTESIAN_POINT('',(-30.43641877256,8.766860152114,-8.000681065055
    ));
#80 = CARTESIAN_POINT('',(-30.48985470068,9.389669989179,-7.874081506692
    ));
#81 = CARTESIAN_POINT('',(-30.50273443083,10.015006049248,-7.75049744242
    ));
#82 = CARTESIAN_POINT('',(-30.49925407044,10.639903406768,-7.60536395061
    ));
#83 = CARTESIAN_POINT('',(-30.50020434463,11.262074951454,
    -7.420001363144));
#84 = CARTESIAN_POINT('',(-30.49994422861,11.884217289856,
    -7.205235134337));
#85 = CARTESIAN_POINT('',(-30.50001535201,12.506048110319,
    -6.964102855032));
#86 = CARTESIAN_POINT('',(-30.499995949,13.127721141906,-6.701805547255)
  );
#87 = CARTESIAN_POINT('',(-30.50000122516,13.749303560528,
    -6.423024401228));
#88 = CARTESIAN_POINT('',(-30.49999979798,14.370684127348,-6.13224372859
    ));
#89 = CARTESIAN_POINT('',(-30.50000017423,14.992496802281,
    -5.835239438233));
#90 = CARTESIAN_POINT('',(-30.50000010609,15.613632832785,
    -5.532232258406));
#91 = CARTESIAN_POINT('',(-30.49999999864,16.255069687578,
    -5.237063779284));
#92 = CARTESIAN_POINT('',(-30.50000053373,16.874436326679,
    -4.844574430879));
#93 = CARTESIAN_POINT('',(-30.49999836611,17.488814544244,
    -4.391665959935));
#94 = CARTESIAN_POINT('',(-30.50000673408,18.102651487775,
    -3.907822129893));
#95 = CARTESIAN_POINT('',(-30.49997574917,18.716554274226,
    -3.427461397618));
#96 = CARTESIAN_POINT('',(-30.50008600696,19.331121227202,
    -2.984162467601));
#97 = CARTESIAN_POINT('',(-30.49970674331,19.948598973692,
    -2.611411122974));
#98 = CARTESIAN_POINT('',(-30.46975737052,20.572889463245,
    -2.343148847576));
#99 = CARTESIAN_POINT('',(-30.42864159107,21.033261702399,
    -2.254858937566));
#100 = CARTESIAN_POINT('',(-30.4015011415,21.271787466535,
    -2.249989969724));
#101 = CARTESIAN_POINT('',(-30.39817085033,21.3,-2.25));
#102 = CARTESIAN_POINT('',(26.231270311019,1.3,-8.55));
#103 = CARTESIAN_POINT('',(26.485178705279,1.496809190582,
    -8.565066766367));
#104 = CARTESIAN_POINT('',(26.954960564845,1.893835106052,
    -8.543644221511));
#105 = CARTESIAN_POINT('',(27.582488776812,2.522459104255,
    -8.551448718985));
#106 = CARTESIAN_POINT('',(28.118421123087,3.149130970453,-8.54986911169
    ));
#107 = CARTESIAN_POINT('',(28.579472109868,3.774738193821,
    -8.549265947675));
#108 = CARTESIAN_POINT('',(28.976936715429,4.399868170264,
    -8.552862630469));
#109 = CARTESIAN_POINT('',(29.319234343695,5.024585964944,
    -8.530717910841));
#110 = CARTESIAN_POINT('',(29.611122185074,5.648984866434,
    -8.484175140551));
#111 = CARTESIAN_POINT('',(29.856783450391,6.273111219501,
    -8.416817089838));
#112 = CARTESIAN_POINT('',(30.059829873644,6.896905366274,
    -8.331641295583));
#113 = CARTESIAN_POINT('',(30.223225006849,7.52035509086,-8.23183406403)
  );
#114 = CARTESIAN_POINT('',(30.348425161958,8.143642064795,
    -8.120309447509));
#115 = CARTESIAN_POINT('',(30.436418772569,8.766860152114,
    -8.000681065055));
#116 = CARTESIAN_POINT('',(30.489854700685,9.389669989179,
    -7.874081506692));
#117 = CARTESIAN_POINT('',(30.502734430831,10.015006049248,
    -7.75049744242));
#118 = CARTESIAN_POINT('',(30.499254070441,10.639903406768,
    -7.60536395061));
#119 = CARTESIAN_POINT('',(30.50020434463,11.262074951454,
    -7.420001363144));
#120 = CARTESIAN_POINT('',(30.499944228614,11.884217289856,
    -7.205235134337));
#121 = CARTESIAN_POINT('',(30.50001535201,12.506048110319,
    -6.964102855032));
#122 = CARTESIAN_POINT('',(30.499995949006,13.127721141906,
    -6.701805547255));
#123 = CARTESIAN_POINT('',(30.500001225169,13.749303560528,
    -6.423024401228));
#124 = CARTESIAN_POINT('',(30.499999797982,14.370684127348,
    -6.13224372859));
#125 = CARTESIAN_POINT('',(30.50000017423,14.992496802281,
    -5.835239438233));
#126 = CARTESIAN_POINT('',(30.500000106092,15.613632832785,
    -5.532232258406));
#127 = CARTESIAN_POINT('',(30.499999998646,16.255069687578,
    -5.237063779284));
#128 = CARTESIAN_POINT('',(30.500000533731,16.874436326679,
    -4.844574430879));
#129 = CARTESIAN_POINT('',(30.499998366111,17.488814544244,
    -4.391665959935));
#130 = CARTESIAN_POINT('',(30.500006734083,18.102651487775,
    -3.907822129893));
#131 = CARTESIAN_POINT('',(30.499975749176,18.716554274226,
    -3.427461397618));
#132 = CARTESIAN_POINT('',(30.500086006972,19.331121227202,
    -2.984162467601));
#133 = CARTESIAN_POINT('',(30.499706743305,19.948598973692,
    -2.611411122974));
#134 = CARTESIAN_POINT('',(30.469757370542,20.572889463245,
    -2.343148847576));
#135 = CARTESIAN_POINT('',(30.428641591023,21.033261702399,
    -2.254858937566));
#136 = CARTESIAN_POINT('',(30.401501141522,21.271787466535,
    -2.249989969724));
#137 = CARTESIAN_POINT('',(30.398170850339,21.3,-2.25));
#138 = DEFINITIONAL_REPRESENTATION('',(#139),#143);
#139 = LINE('',#140,#141);
#140 = CARTESIAN_POINT('',(0.,0.));
#141 = VECTOR('',#142,1.);
#142 = DIRECTION('',(0.,1.));
#143 = ( GEOMETRIC_REPRESENTATION_CONTEXT(2) 
PARAMETRIC_REPRESENTATION_CONTEXT() REPRESENTATION_CONTEXT('2D SPACE',''
  ) );
#144 = PCURVE('',#145,#218);
#145 = ( BOUNDED_SURFACE() B_SPLINE_SURFACE(1,3,(
    (#146,#147,#148,#149,#150,#151,#152,#153,#154,#155,#156,#157,#158
      ,#159,#160,#161,#162,#163,#164,#165,#166,#167,#168,#169,#170,#171
      ,#172,#173,#174,#175,#176,#177,#178,#179,#180,#181)
    ,(#182,#183,#184,#185,#186,#187,#188,#189,#190,#191,#192,#193,#194
      ,#195,#196,#197,#198,#199,#200,#201,#202,#203,#204,#205,#206,#207
      ,#208,#209,#210,#211,#212,#213,#214,#215,#216,#217
)),.UNSPECIFIED.,.F.,.F.,.F.) B_SPLINE_SURFACE_WITH_KNOTS((2,2),(4,1,1,1
    ,1,1,1,1,1,1,1,1,1,1,1,1,1,1,1,1,1,1,1,1,1,1,1,1,1,1,1,1,1,4),(3.,4.
    ),(0.,4.226054182415E-02,8.084072807768E-02,0.116760893815,
    0.150672743191,0.183026021368,0.214167554491,0.244371019147,
    0.273857551356,0.302807808399,0.331362985528,0.35962878334,
    0.387693476243,0.415630464063,0.44350366522,0.471560213615,
    0.500018534498,0.528889141757,0.558153094801,0.587767953074,
    0.617673121193,0.647794588349,0.678049152399,0.708348261133,
    0.738765178533,0.770855167217,0.80460388084,0.83920044304,
    0.873702141244,0.907179956746,0.938871006772,0.9684251051,
0.996257998802,1.),.UNSPECIFIED.) GEOMETRIC_REPRESENTATION_ITEM() 
RATIONAL_B_SPLINE_SURFACE((
    (1.,0.999999999894,1.000000000045,0.999999999989,1.000000000003
      ,0.999999999999,1.,1.,1.,1.,1.,1.,1.,1.,1.,1.,1.,1.,1.,1.,1.,1.,1.
      ,1.,1.,1.,1.,1.,1.,1.,1.,0.999999999999,1.000000000003
      ,0.999999999994,1.000000000002,1.)
    ,(1.,0.999999999894,1.000000000045,0.999999999989,1.000000000003
      ,0.999999999999,1.,1.,1.,1.,1.,1.,1.,1.,1.,1.,1.,1.,1.,1.,1.,1.,1.
      ,1.,1.,1.,1.,1.,1.,1.,1.,0.999999999999,1.000000000003
,0.999999999994,1.000000000002,1.
  ))) REPRESENTATION_ITEM('') SURFACE() );
#146 = CARTESIAN_POINT('',(-26.23127031101,1.3,-6.1));
#147 = CARTESIAN_POINT('',(-26.48517870371,1.496809190582,
    -6.115066766157));
#148 = CARTESIAN_POINT('',(-26.9549605655,1.893835106052,-6.0936442216)
  );
#149 = CARTESIAN_POINT('',(-27.58248877665,2.522459104255,
    -6.101448718964));
#150 = CARTESIAN_POINT('',(-28.11842112312,3.149130970453,
    -6.099869111695));
#151 = CARTESIAN_POINT('',(-28.57947210985,3.774738193821,
    -6.099265947674));
#152 = CARTESIAN_POINT('',(-28.97693671543,4.399868170264,-6.10286263047
    ));
#153 = CARTESIAN_POINT('',(-29.31923434369,5.024585964944,-6.08071791084
    ));
#154 = CARTESIAN_POINT('',(-29.61112218507,5.648984866434,
    -6.034175140551));
#155 = CARTESIAN_POINT('',(-29.85678345039,6.273111219501,
    -5.966817089838));
#156 = CARTESIAN_POINT('',(-30.05982987364,6.896905366274,
    -5.881641295583));
#157 = CARTESIAN_POINT('',(-30.22322500684,7.52035509086,-5.78183406403)
  );
#158 = CARTESIAN_POINT('',(-30.34842516195,8.143642064795,
    -5.670309447509));
#159 = CARTESIAN_POINT('',(-30.43641877256,8.766860152114,
    -5.550681065055));
#160 = CARTESIAN_POINT('',(-30.48985470068,9.389669989179,
    -5.424081506692));
#161 = CARTESIAN_POINT('',(-30.50273443083,10.015006049248,
    -5.30049744242));
#162 = CARTESIAN_POINT('',(-30.49925407044,10.639903406768,
    -5.15536395061));
#163 = CARTESIAN_POINT('',(-30.50020434463,11.262074951454,
    -4.970001363144));
#164 = CARTESIAN_POINT('',(-30.49994422861,11.884217289856,
    -4.755235134337));
#165 = CARTESIAN_POINT('',(-30.50001535201,12.506048110319,
    -4.514102855032));
#166 = CARTESIAN_POINT('',(-30.499995949,13.127721141906,-4.251805547255
    ));
#167 = CARTESIAN_POINT('',(-30.50000122516,13.749303560528,
    -3.973024401228));
#168 = CARTESIAN_POINT('',(-30.49999979798,14.370684127348,
    -3.68224372859));
#169 = CARTESIAN_POINT('',(-30.50000017423,14.992496802281,
    -3.385239438233));
#170 = CARTESIAN_POINT('',(-30.50000010609,15.613632832785,
    -3.082232258406));
#171 = CARTESIAN_POINT('',(-30.49999999864,16.255069687578,
    -2.787063779284));
#172 = CARTESIAN_POINT('',(-30.50000053373,16.874436326679,
    -2.394574430879));
#173 = CARTESIAN_POINT('',(-30.49999836611,17.488814544244,
    -1.941665959935));
#174 = CARTESIAN_POINT('',(-30.50000673408,18.102651487775,
    -1.457822129893));
#175 = CARTESIAN_POINT('',(-30.49997574917,18.716554274226,
    -0.977461397618));
#176 = CARTESIAN_POINT('',(-30.50008600696,19.331121227202,
    -0.534162467601));
#177 = CARTESIAN_POINT('',(-30.49970674331,19.948598973692,
    -0.161411122973));
#178 = CARTESIAN_POINT('',(-30.46975737052,20.572889463245,
    0.106851152423));
#179 = CARTESIAN_POINT('',(-30.42864159107,21.033261702399,
    0.195141062436));
#180 = CARTESIAN_POINT('',(-30.4015011415,21.271787466535,0.200010030276
    ));
#181 = CARTESIAN_POINT('',(-30.39817085033,21.3,0.2));
#182 = CARTESIAN_POINT('',(-26.23127031101,1.3,-8.55));
#183 = CARTESIAN_POINT('',(-26.48517870371,1.496809190582,
    -8.565066766367));
#184 = CARTESIAN_POINT('',(-26.9549605655,1.893835106052,-8.543644221511
    ));
#185 = CARTESIAN_POINT('',(-27.58248877665,2.522459104255,
    -8.551448718985));
#186 = CARTESIAN_POINT('',(-28.11842112312,3.149130970453,-8.54986911169
    ));
#187 = CARTESIAN_POINT('',(-28.57947210985,3.774738193821,
    -8.549265947675));
#188 = CARTESIAN_POINT('',(-28.97693671543,4.399868170264,
    -8.552862630469));
#189 = CARTESIAN_POINT('',(-29.31923434369,5.024585964944,
    -8.530717910841));
#190 = CARTESIAN_POINT('',(-29.61112218507,5.648984866434,
    -8.484175140551));
#191 = CARTESIAN_POINT('',(-29.85678345039,6.273111219501,
    -8.416817089838));
#192 = CARTESIAN_POINT('',(-30.05982987364,6.896905366274,
    -8.331641295583));
#193 = CARTESIAN_POINT('',(-30.22322500684,7.52035509086,-8.23183406403)
  );
#194 = CARTESIAN_POINT('',(-30.34842516195,8.143642064795,
    -8.120309447509));
#195 = CARTESIAN_POINT('',(-30.43641877256,8.766860152114,
    -8.000681065055));
#196 = CARTESIAN_POINT('',(-30.48985470068,9.389669989179,
    -7.874081506692));
#197 = CARTESIAN_POINT('',(-30.50273443083,10.015006049248,
    -7.75049744242));
#198 = CARTESIAN_POINT('',(-30.49925407044,10.639903406768,
    -7.60536395061));
#199 = CARTESIAN_POINT('',(-30.50020434463,11.262074951454,
    -7.420001363144));
#200 = CARTESIAN_POINT('',(-30.49994422861,11.884217289856,
    -7.205235134337));
#201 = CARTESIAN_POINT('',(-30.50001535201,12.506048110319,
    -6.964102855032));
#202 = CARTESIAN_POINT('',(-30.499995949,13.127721141906,-6.701805547255
    ));
#203 = CARTESIAN_POINT('',(-30.50000122516,13.749303560528,
    -6.423024401228));
#204 = CARTESIAN_POINT('',(-30.49999979798,14.370684127348,
    -6.13224372859));
#205 = CARTESIAN_POINT('',(-30.50000017423,14.992496802281,
    -5.835239438233));
#206 = CARTESIAN_POINT('',(-30.50000010609,15.613632832785,
    -5.532232258406));
#207 = CARTESIAN_POINT('',(-30.49999999864,16.255069687578,
    -5.237063779284));
#208 = CARTESIAN_POINT('',(-30.50000053373,16.874436326679,
    -4.844574430879));
#209 = CARTESIAN_POINT('',(-30.49999836611,17.488814544244,
    -4.391665959935));
#210 = CARTESIAN_POINT('',(-30.50000673408,18.102651487775,
    -3.907822129893));
#211 = CARTESIAN_POINT('',(-30.49997574917,18.716554274226,
    -3.427461397618));
#212 = CARTESIAN_POINT('',(-30.50008600696,19.331121227202,
    -2.984162467601));
#213 = CARTESIAN_POINT('',(-30.49970674331,19.948598973692,
    -2.611411122974));
#214 = CARTESIAN_POINT('',(-30.46975737052,20.572889463245,
    -2.343148847576));
#215 = CARTESIAN_POINT('',(-30.42864159107,21.033261702399,
    -2.254858937566));
#216 = CARTESIAN_POINT('',(-30.4015011415,21.271787466535,
    -2.249989969724));
#217 = CARTESIAN_POINT('',(-30.39817085033,21.3,-2.25));
#218 = DEFINITIONAL_REPRESENTATION('',(#219),#223);
#219 = LINE('',#220,#221);
#220 = CARTESIAN_POINT('',(4.,0.));
#221 = VECTOR('',#222,1.);
#222 = DIRECTION('',(0.,1.));
#223 = ( GEOMETRIC_REPRESENTATION_CONTEXT(2) 
PARAMETRIC_REPRESENTATION_CONTEXT() REPRESENTATION_CONTEXT('2D SPACE',''
  ) );
#224 = ORIENTED_EDGE('',*,*,#225,.F.);
#225 = EDGE_CURVE('',#226,#22,#228,.T.);
#226 = VERTEX_POINT('',#227);
#227 = CARTESIAN_POINT('',(-28.75,18.44957478121,-3.637564312744));
#228 = SURFACE_CURVE('',#229,(#235,#244),.PCURVE_S1.);
#229 = B_SPLINE_CURVE_WITH_KNOTS('',4,(#230,#231,#232,#233,#234),
  .UNSPECIFIED.,.F.,.F.,(5,5),(0.,1.),.PIECEWISE_BEZIER_KNOTS.);
#230 = CARTESIAN_POINT('',(30.499992972512,18.449574781332,
    -3.63756431265));
#231 = CARTESIAN_POINT('',(15.249996486256,18.449574781332,
    -3.63756431265));
#232 = CARTESIAN_POINT('',(-6.252776074689E-13,18.449574781332,
    -3.63756431265));
#233 = CARTESIAN_POINT('',(-15.24999648625,18.449574781332,
    -3.63756431265));
#234 = CARTESIAN_POINT('',(-30.49999297251,18.449574781332,
    -3.63756431265));
#235 = PCURVE('',#65,#236);
#236 = DEFINITIONAL_REPRESENTATION('',(#237),#243);
#237 = B_SPLINE_CURVE_WITH_KNOTS('',4,(#238,#239,#240,#241,#242),
  .UNSPECIFIED.,.F.,.F.,(5,5),(0.,1.),.PIECEWISE_BEZIER_KNOTS.);
#238 = CARTESIAN_POINT('',(1.,0.858459034861));
#239 = CARTESIAN_POINT('',(0.75,0.858459034861));
#240 = CARTESIAN_POINT('',(0.5,0.858459034861));
#241 = CARTESIAN_POINT('',(0.25,0.858459034861));
#242 = CARTESIAN_POINT('',(0.,0.858459034861));
#243 = ( GEOMETRIC_REPRESENTATION_CONTEXT(2) 
PARAMETRIC_REPRESENTATION_CONTEXT() REPRESENTATION_CONTEXT('2D SPACE',''
  ) );
#244 = PCURVE('',#245,#252);
#245 = B_SPLINE_SURFACE_WITH_KNOTS('',2,1,(
    (#246,#247)
    ,(#248,#249)
    ,(#250,#251
    )),.UNSPECIFIED.,.F.,.F.,.F.,(3,3),(2,2),(0.500154885705,
    0.501393915946),(0.,1.),.PIECEWISE_BEZIER_KNOTS.);
#246 = CARTESIAN_POINT('',(-30.75,4.199999999976,-8.299999999906));
#247 = CARTESIAN_POINT('',(30.75,4.199999999976,-8.299999999906));
#248 = CARTESIAN_POINT('',(-30.75,12.096606681938,-8.299999999905));
#249 = CARTESIAN_POINT('',(30.75,12.096606681938,-8.299999999905));
#250 = CARTESIAN_POINT('',(-30.75,20.590161405456,-2.188299892635));
#251 = CARTESIAN_POINT('',(30.75,20.590161405456,-2.188299892635));
#252 = DEFINITIONAL_REPRESENTATION('',(#253),#259);
#253 = B_SPLINE_CURVE_WITH_KNOTS('',4,(#254,#255,#256,#257,#258),
  .UNSPECIFIED.,.F.,.F.,(5,5),(0.,1.),.PIECEWISE_BEZIER_KNOTS.);
#254 = CARTESIAN_POINT('',(0.501237085172,0.99593484507));
#255 = CARTESIAN_POINT('',(0.501237085172,0.747967422544));
#256 = CARTESIAN_POINT('',(0.501237085172,0.500000000029));
#257 = CARTESIAN_POINT('',(0.501237085172,0.252032577413));
#258 = CARTESIAN_POINT('',(0.501237085172,4.065154947116E-03));
#259 = ( GEOMETRIC_REPRESENTATION_CONTEXT(2) 
PARAMETRIC_REPRESENTATION_CONTEXT() REPRESENTATION_CONTEXT('2D SPACE',''
  ) );
#260 = ORIENTED_EDGE('',*,*,#261,.T.);
#261 = EDGE_CURVE('',#226,#262,#264,.T.);
#262 = VERTEX_POINT('',#263);
#263 = CARTESIAN_POINT('',(-28.75,6.66058576619,-8.363163924753));
#264 = SURFACE_CURVE('',#265,(#485,#708),.PCURVE_S1.);
#265 = B_SPLINE_CURVE_WITH_KNOTS('',8,(#266,#267,#268,#269,#270,#271,
    #272,#273,#274,#275,#276,#277,#278,#279,#280,#281,#282,#283,#284,
    #285,#286,#287,#288,#289,#290,#291,#292,#293,#294,#295,#296,#297,
    #298,#299,#300,#301,#302,#303,#304,#305,#306,#307,#308,#309,#310,
    #311,#312,#313,#314,#315,#316,#317,#318,#319,#320,#321,#322,#323,
    #324,#325,#326,#327,#328,#329,#330,#331,#332,#333,#334,#335,#336,
    #337,#338,#339,#340,#341,#342,#343,#344,#345,#346,#347,#348,#349,
    #350,#351,#352,#353,#354,#355,#356,#357,#358,#359,#360,#361,#362,
    #363,#364,#365,#366,#367,#368,#369,#370,#371,#372,#373,#374,#375,
    #376,#377,#378,#379,#380,#381,#382,#383,#384,#385,#386,#387,#388,
    #389,#390,#391,#392,#393,#394,#395,#396,#397,#398,#399,#400,#401,
    #402,#403,#404,#405,#406,#407,#408,#409,#410,#411,#412,#413,#414,
    #415,#416,#417,#418,#419,#420,#421,#422,#423,#424,#425,#426,#427,
    #428,#429,#430,#431,#432,#433,#434,#435,#436,#437,#438,#439,#440,
    #441,#442,#443,#444,#445,#446,#447,#448,#449,#450,#451,#452,#453,
    #454,#455,#456,#457,#458,#459,#460,#461,#462,#463,#464,#465,#466,
    #467,#468,#469,#470,#471,#472,#473,#474,#475,#476,#477,#478,#479,
    #480,#481,#482,#483,#484),.UNSPECIFIED.,.F.,.F.,(9,7,7,7,7,7,7,7,7,7
    ,7,7,7,7,7,7,7,7,7,7,7,7,7,7,7,7,7,7,7,7,7,9),(0.,2.486592530883E-02
    ,5.253956595062E-02,0.103561332563,0.128335424879,0.153108866877,
    0.197910724374,0.244090176008,0.2653201362,0.292487871716,
    0.303924630332,0.321894035981,0.339859575556,0.360019255534,
    0.386151986304,0.41064096337,0.464305170271,0.519309603338,
    0.564392441203,0.59847124899,0.648573220607,0.674711361306,
    0.700440598751,0.731082230293,0.762260320451,0.783485969115,
    0.794909956634,0.806333944809,0.835665295585,0.876205465739,
    0.938759797124,1.),.UNSPECIFIED.);
#266 = CARTESIAN_POINT('',(-28.75,18.834438934522,-3.345860888076));
#267 = CARTESIAN_POINT('',(-28.75,18.802239827871,-3.369663904775));
#268 = CARTESIAN_POINT('',(-28.75,18.770107233618,-3.393556817374));
#269 = CARTESIAN_POINT('',(-28.75,18.738036956777,-3.417533472052));
#270 = CARTESIAN_POINT('',(-28.75,18.706024016822,-3.441586654743));
#271 = CARTESIAN_POINT('',(-28.75,18.674064337709,-3.465710462197));
#272 = CARTESIAN_POINT('',(-28.75,18.64215513811,-3.489900869399));
#273 = CARTESIAN_POINT('',(-28.75,18.61029402186,-3.514154493361));
#274 = CARTESIAN_POINT('',(-28.75,18.543066896599,-3.565521676359));
#275 = CARTESIAN_POINT('',(-28.75,18.507711658198,-3.592649278343));
#276 = CARTESIAN_POINT('',(-28.75,18.472406427105,-3.619841987634));
#277 = CARTESIAN_POINT('',(-28.75,18.437146537779,-3.647093462182));
#278 = CARTESIAN_POINT('',(-28.75,18.401927285439,-3.674397389478));
#279 = CARTESIAN_POINT('',(-28.75,18.36674392607,-3.701747486557));
#280 = CARTESIAN_POINT('',(-28.75,18.331591676414,-3.729137499994));
#281 = CARTESIAN_POINT('',(-28.75,18.231704135241,-3.807122168987));
#282 = CARTESIAN_POINT('',(-28.75,18.167032163787,-3.857797452568));
#283 = CARTESIAN_POINT('',(-28.75,18.102419355903,-3.908548234355));
#284 = CARTESIAN_POINT('',(-28.75,18.037835292235,-3.959335710599));
#285 = CARTESIAN_POINT('',(-28.75,17.973249577794,-4.010121096098));
#286 = CARTESIAN_POINT('',(-28.75,17.908631841956,-4.060865624194));
#287 = CARTESIAN_POINT('',(-28.75,17.843951738461,-4.111530546777));
#288 = CARTESIAN_POINT('',(-28.75,17.747727914582,-4.186620498976));
#289 = CARTESIAN_POINT('',(-28.75,17.716255082652,-4.211135913402));
#290 = CARTESIAN_POINT('',(-28.75,17.684757001119,-4.235618916337));
#291 = CARTESIAN_POINT('',(-28.75,17.653230245939,-4.260065027474));
#292 = CARTESIAN_POINT('',(-28.75,17.621671417527,-4.284469747421));
#293 = CARTESIAN_POINT('',(-28.75,17.590077140756,-4.308828557701));
#294 = CARTESIAN_POINT('',(-28.75,17.558444064956,-4.333136920756));
#295 = CARTESIAN_POINT('',(-28.75,17.495094494356,-4.38164300248));
#296 = CARTESIAN_POINT('',(-28.75,17.463378083108,-4.405840817406));
#297 = CARTESIAN_POINT('',(-28.75,17.431616290331,-4.429979142681));
#298 = CARTESIAN_POINT('',(-28.75,17.399805408058,-4.454052830027));
#299 = CARTESIAN_POINT('',(-28.75,17.367941531068,-4.478056381936));
#300 = CARTESIAN_POINT('',(-28.75,17.336020727738,-4.501984168675));
#301 = CARTESIAN_POINT('',(-28.75,17.304039210907,-4.525830645291));
#302 = CARTESIAN_POINT('',(-28.75,17.214040036545,-4.592559514936));
#303 = CARTESIAN_POINT('',(-28.75,17.155876407677,-4.635244155753));
#304 = CARTESIAN_POINT('',(-28.75,17.09748370233,-4.677616965043));
#305 = CARTESIAN_POINT('',(-28.75,17.038829217446,-4.719627760079));
#306 = CARTESIAN_POINT('',(-28.75,16.979919091891,-4.761281650269));
#307 = CARTESIAN_POINT('',(-28.75,16.920693506945,-4.802484978539));
#308 = CARTESIAN_POINT('',(-28.75,16.861179770039,-4.843269818745));
#309 = CARTESIAN_POINT('',(-28.75,16.739627237675,-4.925060062237));
#310 = CARTESIAN_POINT('',(-28.75,16.677569664388,-4.96603629396));
#311 = CARTESIAN_POINT('',(-28.75,16.615111508978,-5.006406128438));
#312 = CARTESIAN_POINT('',(-28.75,16.552216130513,-5.046098259905));
#313 = CARTESIAN_POINT('',(-28.75,16.488849926245,-5.085038641626));
#314 = CARTESIAN_POINT('',(-28.75,16.42498249144,-5.123150757233));
#315 = CARTESIAN_POINT('',(-28.75,16.36058677922,-5.160355892073));
#316 = CARTESIAN_POINT('',(-28.75,16.26578110507,-5.213223588146));
#317 = CARTESIAN_POINT('',(-28.75,16.235809924106,-5.229662984269));
#318 = CARTESIAN_POINT('',(-28.75,16.205727869945,-5.245891048104));
#319 = CARTESIAN_POINT('',(-28.75,16.17549883404,-5.261848061785));
#320 = CARTESIAN_POINT('',(-28.75,16.14520122738,-5.27767204828));
#321 = CARTESIAN_POINT('',(-28.75,16.114787045872,-5.293278998217));
#322 = CARTESIAN_POINT('',(-28.75,16.084295446618,-5.308738234929));
#323 = CARTESIAN_POINT('',(-28.75,16.014607078196,-5.343646327925));
#324 = CARTESIAN_POINT('',(-28.75,15.984686693686,-5.358335895724));
#325 = CARTESIAN_POINT('',(-28.75,15.966264271046,-5.367255972075));
#326 = CARTESIAN_POINT('',(-28.75,15.957380589855,-5.371623586149));
#327 = CARTESIAN_POINT('',(-28.75,15.952627062982,-5.373899910988));
#328 = CARTESIAN_POINT('',(-28.75,15.944403911746,-5.377917499728));
#329 = CARTESIAN_POINT('',(-28.75,15.923689689918,-5.38801700564));
#330 = CARTESIAN_POINT('',(-28.75,15.862943860706,-5.41711893339));
#331 = CARTESIAN_POINT('',(-28.75,15.844934736792,-5.425715911845));
#332 = CARTESIAN_POINT('',(-28.75,15.826914533996,-5.434291677648));
#333 = CARTESIAN_POINT('',(-28.75,15.80888506657,-5.44284961939));
#334 = CARTESIAN_POINT('',(-28.75,15.790848148766,-5.451393125662));
#335 = CARTESIAN_POINT('',(-28.75,15.772805594834,-5.459925585056));
#336 = CARTESIAN_POINT('',(-28.75,15.754759219027,-5.468450386162));
#337 = CARTESIAN_POINT('',(-28.75,15.708353262083,-5.490358354553));
#338 = CARTESIAN_POINT('',(-28.75,15.679991143976,-5.503736176939));
#339 = CARTESIAN_POINT('',(-28.75,15.6516293488,-5.517114882248));
#340 = CARTESIAN_POINT('',(-28.75,15.623273999716,-5.530507032177));
#341 = CARTESIAN_POINT('',(-28.75,15.594938219909,-5.543940497783));
#342 = CARTESIAN_POINT('',(-28.75,15.566624607983,-5.557420912454));
#343 = CARTESIAN_POINT('',(-28.75,15.538318502509,-5.570916872878));
#344 = CARTESIAN_POINT('',(-28.75,15.481739772365,-5.597963073798));
#345 = CARTESIAN_POINT('',(-28.75,15.453467282045,-5.611509488157));
#346 = CARTESIAN_POINT('',(-28.75,15.425207156564,-5.625078011954));
#347 = CARTESIAN_POINT('',(-28.75,15.39695792953,-5.638665985842));
#348 = CARTESIAN_POINT('',(-28.75,15.368718134554,-5.65227075047));
#349 = CARTESIAN_POINT('',(-28.75,15.340486305243,-5.665889646491));
#350 = CARTESIAN_POINT('',(-28.75,15.312260975206,-5.679520014557));
#351 = CARTESIAN_POINT('',(-28.75,15.252373821785,-5.7084641361));
#352 = CARTESIAN_POINT('',(-28.75,15.220712519321,-5.723780552918));
#353 = CARTESIAN_POINT('',(-28.75,15.189054904184,-5.739104588859));
#354 = CARTESIAN_POINT('',(-28.75,15.157399109855,-5.754432386817));
#355 = CARTESIAN_POINT('',(-28.75,15.125743269768,-5.76976008949));
#356 = CARTESIAN_POINT('',(-28.75,15.094085517315,-5.785083839383));
#357 = CARTESIAN_POINT('',(-28.75,15.062423985843,-5.800399778804));
#358 = CARTESIAN_POINT('',(-28.75,14.989707059031,-5.835542777259));
#359 = CARTESIAN_POINT('',(-28.75,14.948647954464,-5.85536211542));
#360 = CARTESIAN_POINT('',(-28.75,14.907573263026,-5.875149183272));
#361 = CARTESIAN_POINT('',(-28.75,14.86648779246,-5.894913855825));
#362 = CARTESIAN_POINT('',(-28.75,14.82539087366,-5.914654716677));
#363 = CARTESIAN_POINT('',(-28.75,14.784280209321,-5.934366974909));
#364 = CARTESIAN_POINT('',(-28.75,14.743158381971,-5.954055882689));
#365 = CARTESIAN_POINT('',(-28.75,14.663477589852,-5.992145671358));
#366 = CARTESIAN_POINT('',(-28.75,14.624920293993,-6.010550043005));
#367 = CARTESIAN_POINT('',(-28.75,14.586352477871,-6.028932370585));
#368 = CARTESIAN_POINT('',(-28.75,14.547774190982,-6.047292719608));
#369 = CARTESIAN_POINT('',(-28.75,14.509185482497,-6.065631155352));
#370 = CARTESIAN_POINT('',(-28.75,14.470586401274,-6.083947742857));
#371 = CARTESIAN_POINT('',(-28.75,14.43197699585,-6.102242546926));
#372 = CARTESIAN_POINT('',(-28.75,14.308727622974,-6.160558571539));
#373 = CARTESIAN_POINT('',(-28.75,14.224049561086,-6.200499247771));
#374 = CARTESIAN_POINT('',(-28.75,14.139317323725,-6.240324978585));
#375 = CARTESIAN_POINT('',(-28.75,14.054516480815,-6.280005015515));
#376 = CARTESIAN_POINT('',(-28.75,13.9696433624,-6.319530102474));
#377 = CARTESIAN_POINT('',(-28.75,13.88468592314,-6.358873916026));
#378 = CARTESIAN_POINT('',(-28.75,13.799636374305,-6.398017778791));
#379 = CARTESIAN_POINT('',(-28.75,13.627210122003,-6.476839197176));
#380 = CARTESIAN_POINT('',(-28.75,13.539828683228,-6.516506035045));
#381 = CARTESIAN_POINT('',(-28.75,13.452335456529,-6.555926551584));
#382 = CARTESIAN_POINT('',(-28.75,13.364723144592,-6.595082374938));
#383 = CARTESIAN_POINT('',(-28.75,13.276985033412,-6.633955845384));
#384 = CARTESIAN_POINT('',(-28.75,13.18911519108,-6.672530499292));
#385 = CARTESIAN_POINT('',(-28.75,13.101107739083,-6.710789345046));
#386 = CARTESIAN_POINT('',(-28.75,12.940703441479,-6.779792293157));
#387 = CARTESIAN_POINT('',(-28.75,12.868354208036,-6.810646942298));
#388 = CARTESIAN_POINT('',(-28.75,12.795903853211,-6.841264315932));
#389 = CARTESIAN_POINT('',(-28.75,12.723348386436,-6.87163239924));
#390 = CARTESIAN_POINT('',(-28.75,12.650684199859,-6.901739658419));
#391 = CARTESIAN_POINT('',(-28.75,12.577908213931,-6.931575436262));
#392 = CARTESIAN_POINT('',(-28.75,12.505017437882,-6.961128809875));
#393 = CARTESIAN_POINT('',(-28.75,12.376818951003,-7.012501801178));
#394 = CARTESIAN_POINT('',(-28.75,12.321562075922,-7.034448284582));
#395 = CARTESIAN_POINT('',(-28.75,12.266235614133,-7.056219369258));
#396 = CARTESIAN_POINT('',(-28.75,12.210837941293,-7.07780903036));
#397 = CARTESIAN_POINT('',(-28.75,12.155367514417,-7.099211209717));
#398 = CARTESIAN_POINT('',(-28.75,12.09982287188,-7.120419815831));
#399 = CARTESIAN_POINT('',(-28.75,12.044202633413,-7.141428723876));
#400 = CARTESIAN_POINT('',(-28.75,11.906620705027,-7.192816000325));
#401 = CARTESIAN_POINT('',(-28.75,11.824570114777,-7.222956076561));
#402 = CARTESIAN_POINT('',(-28.75,11.742347552136,-7.252626826695));
#403 = CARTESIAN_POINT('',(-28.75,11.659953605685,-7.281820481734));
#404 = CARTESIAN_POINT('',(-28.75,11.577386948658,-7.31052271645));
#405 = CARTESIAN_POINT('',(-28.75,11.494645563004,-7.3387162275));
#406 = CARTESIAN_POINT('',(-28.75,11.41172977165,-7.366389232729));
#407 = CARTESIAN_POINT('',(-28.75,11.285290613004,-7.407683630564));
#408 = CARTESIAN_POINT('',(-28.75,11.241894387918,-7.421694567789));
#409 = CARTESIAN_POINT('',(-28.75,11.198451396381,-7.435560533217));
#410 = CARTESIAN_POINT('',(-28.75,11.154960013995,-7.449274360605));
#411 = CARTESIAN_POINT('',(-28.75,11.111418272397,-7.462827567601));
#412 = CARTESIAN_POINT('',(-28.75,11.067824959148,-7.47621373977));
#413 = CARTESIAN_POINT('',(-28.75,11.024179447396,-7.489427996699));
#414 = CARTESIAN_POINT('',(-28.75,10.937464690366,-7.515293172148));
#415 = CARTESIAN_POINT('',(-28.75,10.894397272548,-7.527949927488));
#416 = CARTESIAN_POINT('',(-28.75,10.851277003831,-7.540426509396));
#417 = CARTESIAN_POINT('',(-28.75,10.808103000457,-7.552716589685));
#418 = CARTESIAN_POINT('',(-28.75,10.764874492952,-7.564813808783));
#419 = CARTESIAN_POINT('',(-28.75,10.721590826122,-7.576711775727));
#420 = CARTESIAN_POINT('',(-28.75,10.678251459058,-7.588404068164));
#421 = CARTESIAN_POINT('',(-28.75,10.583175120006,-7.613556264486));
#422 = CARTESIAN_POINT('',(-28.75,10.531414768328,-7.626927564992));
#423 = CARTESIAN_POINT('',(-28.75,10.479580932442,-7.640012912233));
#424 = CARTESIAN_POINT('',(-28.75,10.427679319765,-7.652827166853));
#425 = CARTESIAN_POINT('',(-28.75,10.375715322795,-7.665385271779));
#426 = CARTESIAN_POINT('',(-28.75,10.323694019102,-7.67770225222));
#427 = CARTESIAN_POINT('',(-28.75,10.271620171334,-7.689793215669));
#428 = CARTESIAN_POINT('',(-28.75,10.166463757728,-7.713761479719));
#429 = CARTESIAN_POINT('',(-28.75,10.113379642618,-7.725631911698));
#430 = CARTESIAN_POINT('',(-28.75,10.06024943713,-7.737295486183));
#431 = CARTESIAN_POINT('',(-28.75,10.007082216345,-7.748788277522));
#432 = CARTESIAN_POINT('',(-28.75,9.953872241427,-7.760081363447));
#433 = CARTESIAN_POINT('',(-28.75,9.90063535247,-7.771245728037));
#434 = CARTESIAN_POINT('',(-28.75,9.847371458007,-7.782279654952));
#435 = CARTESIAN_POINT('',(-28.75,9.757811547531,-7.800656226278));
#436 = CARTESIAN_POINT('',(-28.75,9.72152649983,-7.80805242861));
#437 = CARTESIAN_POINT('',(-28.75,9.685233345765,-7.81540876041));
#438 = CARTESIAN_POINT('',(-28.75,9.64893359482,-7.822732417534));
#439 = CARTESIAN_POINT('',(-28.75,9.612628736209,-7.83003060468));
#440 = CARTESIAN_POINT('',(-28.75,9.576320238874,-7.837310535387));
#441 = CARTESIAN_POINT('',(-28.75,9.540009551485,-7.84457943204));
#442 = CARTESIAN_POINT('',(-28.75,9.484154693086,-7.855754716898));
#443 = CARTESIAN_POINT('',(-28.75,9.464612700733,-7.859663040198));
#444 = CARTESIAN_POINT('',(-28.75,9.445072585362,-7.863571257018));
#445 = CARTESIAN_POINT('',(-28.75,9.425534727673,-7.867480747903));
#446 = CARTESIAN_POINT('',(-28.75,9.405999429078,-7.871392512684));
#447 = CARTESIAN_POINT('',(-28.75,9.386466911705,-7.87530717048));
#448 = CARTESIAN_POINT('',(-28.75,9.366937318398,-7.879224959696));
#449 = CARTESIAN_POINT('',(-28.75,9.327884105917,-7.887066516584));
#450 = CARTESIAN_POINT('',(-28.75,9.308360397959,-7.89098984688));
#451 = CARTESIAN_POINT('',(-28.75,9.288839584027,-7.894915236875));
#452 = CARTESIAN_POINT('',(-28.75,9.269321659309,-7.898842194531));
#453 = CARTESIAN_POINT('',(-28.75,9.249806618992,-7.90277022781));
#454 = CARTESIAN_POINT('',(-28.75,9.230294458265,-7.906698844676));
#455 = CARTESIAN_POINT('',(-28.75,9.210785172317,-7.910627553092));
#456 = CARTESIAN_POINT('',(-28.75,9.141195587426,-7.924641881435));
#457 = CARTESIAN_POINT('',(-28.75,9.091112697244,-7.934729010206));
#458 = CARTESIAN_POINT('',(-28.75,9.04102845874,-7.944809243216));
#459 = CARTESIAN_POINT('',(-28.75,8.990941253408,-7.954874537727));
#460 = CARTESIAN_POINT('',(-28.75,8.940849471291,-7.964916812376));
#461 = CARTESIAN_POINT('',(-28.75,8.890751510979,-7.974927947182));
#462 = CARTESIAN_POINT('',(-28.75,8.840645779612,-7.984899783544));
#463 = CARTESIAN_POINT('',(-28.75,8.721264392837,-8.008540998836));
#464 = CARTESIAN_POINT('',(-28.75,8.65197990456,-8.022165281966));
#465 = CARTESIAN_POINT('',(-28.75,8.582675095407,-8.035685671743));
#466 = CARTESIAN_POINT('',(-28.75,8.513352776084,-8.049115018781));
#467 = CARTESIAN_POINT('',(-28.75,8.444009269023,-8.062434316805));
#468 = CARTESIAN_POINT('',(-28.75,8.374646993508,-8.075654147763));
#469 = CARTESIAN_POINT('',(-28.75,8.305264334322,-8.08876560681));
#470 = CARTESIAN_POINT('',(-28.75,8.128771476271,-8.121831749251));
#471 = CARTESIAN_POINT('',(-28.75,8.021632943763,-8.141634238313));
#472 = CARTESIAN_POINT('',(-28.75,7.914447857834,-8.161182496967));
#473 = CARTESIAN_POINT('',(-28.75,7.807203919385,-8.180404096844));
#474 = CARTESIAN_POINT('',(-28.75,7.699905335628,-8.199315995212));
#475 = CARTESIAN_POINT('',(-28.75,7.592543503517,-8.217861347834));
#476 = CARTESIAN_POINT('',(-28.75,7.485115788103,-8.236015359983));
#477 = CARTESIAN_POINT('',(-28.75,7.272384269062,-8.271130584903));
#478 = CARTESIAN_POINT('',(-28.75,7.167083344024,-8.288107836518));
#479 = CARTESIAN_POINT('',(-28.75,7.061716489517,-8.304671006169));
#480 = CARTESIAN_POINT('',(-28.75,6.956281996719,-8.320796444395));
#481 = CARTESIAN_POINT('',(-28.75,6.850778537607,-8.336460307882));
#482 = CARTESIAN_POINT('',(-28.75,6.745205338796,-8.351639796709));
#483 = CARTESIAN_POINT('',(-28.75,6.639562088431,-8.366312275451));
#484 = CARTESIAN_POINT('',(-28.75,6.533848576155,-8.380452278112));
#485 = PCURVE('',#65,#486);
#486 = DEFINITIONAL_REPRESENTATION('',(#487),#707);
#487 = B_SPLINE_CURVE_WITH_KNOTS('',8,(#488,#489,#490,#491,#492,#493,
    #494,#495,#496,#497,#498,#499,#500,#501,#502,#503,#504,#505,#506,
    #507,#508,#509,#510,#511,#512,#513,#514,#515,#516,#517,#518,#519,
    #520,#521,#522,#523,#524,#525,#526,#527,#528,#529,#530,#531,#532,
    #533,#534,#535,#536,#537,#538,#539,#540,#541,#542,#543,#544,#545,
    #546,#547,#548,#549,#550,#551,#552,#553,#554,#555,#556,#557,#558,
    #559,#560,#561,#562,#563,#564,#565,#566,#567,#568,#569,#570,#571,
    #572,#573,#574,#575,#576,#577,#578,#579,#580,#581,#582,#583,#584,
    #585,#586,#587,#588,#589,#590,#591,#592,#593,#594,#595,#596,#597,
    #598,#599,#600,#601,#602,#603,#604,#605,#606,#607,#608,#609,#610,
    #611,#612,#613,#614,#615,#616,#617,#618,#619,#620,#621,#622,#623,
    #624,#625,#626,#627,#628,#629,#630,#631,#632,#633,#634,#635,#636,
    #637,#638,#639,#640,#641,#642,#643,#644,#645,#646,#647,#648,#649,
    #650,#651,#652,#653,#654,#655,#656,#657,#658,#659,#660,#661,#662,
    #663,#664,#665,#666,#667,#668,#669,#670,#671,#672,#673,#674,#675,
    #676,#677,#678,#679,#680,#681,#682,#683,#684,#685,#686,#687,#688,
    #689,#690,#691,#692,#693,#694,#695,#696,#697,#698,#699,#700,#701,
    #702,#703,#704,#705,#706),.UNSPECIFIED.,.F.,.F.,(9,7,7,7,7,7,7,7,7,7
    ,7,7,7,7,7,7,7,7,7,7,7,7,7,7,7,7,7,7,7,7,7,9),(0.,2.486592530883E-02
    ,5.253956595062E-02,0.103561332563,0.128335424879,0.153108866877,
    0.197910724374,0.244090176008,0.2653201362,0.292487871716,
    0.303924630332,0.321894035981,0.339859575556,0.360019255534,
    0.386151986304,0.41064096337,0.464305170271,0.519309603338,
    0.564392441203,0.59847124899,0.648573220607,0.674711361306,
    0.700440598751,0.731082230293,0.762260320451,0.783485969115,
    0.794909956634,0.806333944809,0.835665295585,0.876205465739,
    0.938759797124,1.),.UNSPECIFIED.);
#488 = CARTESIAN_POINT('',(2.868866406817E-02,0.879642014639));
#489 = CARTESIAN_POINT('',(2.86886189374E-02,0.877885763337));
#490 = CARTESIAN_POINT('',(2.868857477967E-02,0.876129502835));
#491 = CARTESIAN_POINT('',(2.868853354614E-02,0.874373222736));
#492 = CARTESIAN_POINT('',(2.868849914557E-02,0.872616891044));
#493 = CARTESIAN_POINT('',(2.86884731535E-02,0.870860499155));
#494 = CARTESIAN_POINT('',(2.868845379246E-02,0.869104072041));
#495 = CARTESIAN_POINT('',(2.868843818302E-02,0.86734764364));
#496 = CARTESIAN_POINT('',(2.868841638356E-02,0.863636423589));
#497 = CARTESIAN_POINT('',(2.868841078924E-02,0.861681636955));
#498 = CARTESIAN_POINT('',(2.868841027944E-02,0.859726847369));
#499 = CARTESIAN_POINT('',(2.868841405077E-02,0.857772062502));
#500 = CARTESIAN_POINT('',(2.868842129983E-02,0.855817287871));
#501 = CARTESIAN_POINT('',(2.868843122318E-02,0.853862526835));
#502 = CARTESIAN_POINT('',(2.868844301739E-02,0.851907780604));
#503 = CARTESIAN_POINT('',(2.868847959182E-02,0.846349116954));
#504 = CARTESIAN_POINT('',(2.868850657595E-02,0.842745247685));
#505 = CARTESIAN_POINT('',(2.868853091994E-02,0.839141423425));
#506 = CARTESIAN_POINT('',(2.868854881592E-02,0.835537623895));
#507 = CARTESIAN_POINT('',(2.868855855951E-02,0.831933825542));
#508 = CARTESIAN_POINT('',(2.868856054986E-02,0.828330001531));
#509 = CARTESIAN_POINT('',(2.868855728966E-02,0.824726121749));
#510 = CARTESIAN_POINT('',(2.868855148919E-02,0.819372212237));
#511 = CARTESIAN_POINT('',(2.868854898897E-02,0.817622254594));
#512 = CARTESIAN_POINT('',(2.86885460388E-02,0.815872278223));
#513 = CARTESIAN_POINT('',(2.868854279308E-02,0.81412228283));
#514 = CARTESIAN_POINT('',(2.86885394062E-02,0.812372269483));
#515 = CARTESIAN_POINT('',(2.868853603259E-02,0.810622240611));
#516 = CARTESIAN_POINT('',(2.868853282668E-02,0.808872200002));
#517 = CARTESIAN_POINT('',(2.868852705925E-02,0.805372151549));
#518 = CARTESIAN_POINT('',(2.868852452284E-02,0.803622145218));
#519 = CARTESIAN_POINT('',(2.86885224817E-02,0.801872138867));
#520 = CARTESIAN_POINT('',(2.8688520947E-02,0.800122133466));
#521 = CARTESIAN_POINT('',(2.868851984905E-02,0.79837212867));
#522 = CARTESIAN_POINT('',(2.868851909326E-02,0.796622125584));
#523 = CARTESIAN_POINT('',(2.86885186161E-02,0.794872129528));
#524 = CARTESIAN_POINT('',(2.86885181246E-02,0.789957384352));
#525 = CARTESIAN_POINT('',(2.868851872103E-02,0.786792679756));
#526 = CARTESIAN_POINT('',(2.868851992058E-02,0.783628214655));
#527 = CARTESIAN_POINT('',(2.868852167009E-02,0.780463554026));
#528 = CARTESIAN_POINT('',(2.868852326108E-02,0.777300017513));
#529 = CARTESIAN_POINT('',(2.868852514019E-02,0.774135954405));
#530 = CARTESIAN_POINT('',(2.868852626919E-02,0.770973648163));
#531 = CARTESIAN_POINT('',(2.868852784998E-02,0.764552527914));
#532 = CARTESIAN_POINT('',(2.868852824375E-02,0.76129385985));
#533 = CARTESIAN_POINT('',(2.868852830835E-02,0.758035059164));
#534 = CARTESIAN_POINT('',(2.868852812291E-02,0.754775665282));
#535 = CARTESIAN_POINT('',(2.868852776643E-02,0.751515393533));
#536 = CARTESIAN_POINT('',(2.868852731796E-02,0.748254134213));
#537 = CARTESIAN_POINT('',(2.868852685682E-02,0.744991951661));
#538 = CARTESIAN_POINT('',(2.868852628154E-02,0.740229053286));
#539 = CARTESIAN_POINT('',(2.868852611455E-02,0.738729060046));
#540 = CARTESIAN_POINT('',(2.868852596657E-02,0.737229163055));
#541 = CARTESIAN_POINT('',(2.868852586686E-02,0.7357290366));
#542 = CARTESIAN_POINT('',(2.868852576501E-02,0.734229114659));
#543 = CARTESIAN_POINT('',(2.868852569974E-02,0.732729064086));
#544 = CARTESIAN_POINT('',(2.868852564826E-02,0.731229075956));
#545 = CARTESIAN_POINT('',(2.868852557291E-02,0.727809560042));
#546 = CARTESIAN_POINT('',(2.868852556932E-02,0.726347529286));
#547 = CARTESIAN_POINT('',(2.868852557973E-02,0.725449885159));
#548 = CARTESIAN_POINT('',(2.868852557861E-02,0.725015659798));
#549 = CARTESIAN_POINT('',(2.868852558323E-02,0.724784567866));
#550 = CARTESIAN_POINT('',(2.86885255851E-02,0.724383141787));
#551 = CARTESIAN_POINT('',(2.868852558908E-02,0.723372408292));
#552 = CARTESIAN_POINT('',(2.868852565729E-02,0.720418867564));
#553 = CARTESIAN_POINT('',(2.868852568089E-02,0.719543867564));
#554 = CARTESIAN_POINT('',(2.868852570754E-02,0.718668867564));
#555 = CARTESIAN_POINT('',(2.868852573687E-02,0.717793867564));
#556 = CARTESIAN_POINT('',(2.868852576853E-02,0.716918867564));
#557 = CARTESIAN_POINT('',(2.868852580216E-02,0.716043867564));
#558 = CARTESIAN_POINT('',(2.868852583742E-02,0.715168867564));
#559 = CARTESIAN_POINT('',(2.868852593132E-02,0.71291906982));
#560 = CARTESIAN_POINT('',(2.86885259918E-02,0.711544268727));
#561 = CARTESIAN_POINT('',(2.868852605408E-02,0.710169435454));
#562 = CARTESIAN_POINT('',(2.868852611682E-02,0.708794546774));
#563 = CARTESIAN_POINT('',(2.868852617821E-02,0.707419531593));
#564 = CARTESIAN_POINT('',(2.868852623711E-02,0.706044374542));
#565 = CARTESIAN_POINT('',(2.868852629346E-02,0.704669163456));
#566 = CARTESIAN_POINT('',(2.868852639831E-02,0.701918867564));
#567 = CARTESIAN_POINT('',(2.868852644691E-02,0.700543867564));
#568 = CARTESIAN_POINT('',(2.868852649078E-02,0.699168867564));
#569 = CARTESIAN_POINT('',(2.868852652902E-02,0.697793867564));
#570 = CARTESIAN_POINT('',(2.868852656074E-02,0.696418867564));
#571 = CARTESIAN_POINT('',(2.868852658504E-02,0.695043867564));
#572 = CARTESIAN_POINT('',(2.868852660102E-02,0.693668867564));
#573 = CARTESIAN_POINT('',(2.868852661535E-02,0.690750938121));
#574 = CARTESIAN_POINT('',(2.868852661132E-02,0.689207970491));
#575 = CARTESIAN_POINT('',(2.868852659441E-02,0.687664974684));
#576 = CARTESIAN_POINT('',(2.868852656334E-02,0.686121960716));
#577 = CARTESIAN_POINT('',(2.868852651685E-02,0.684578938605));
#578 = CARTESIAN_POINT('',(2.868852645366E-02,0.68303591837));
#579 = CARTESIAN_POINT('',(2.868852637252E-02,0.681492910034));
#580 = CARTESIAN_POINT('',(2.868852614202E-02,0.67794977042));
#581 = CARTESIAN_POINT('',(2.868852598006E-02,0.67594965434));
#582 = CARTESIAN_POINT('',(2.868852577394E-02,0.67394961229));
#583 = CARTESIAN_POINT('',(2.868852555996E-02,0.671949605856));
#584 = CARTESIAN_POINT('',(2.868852535028E-02,0.669949634035));
#585 = CARTESIAN_POINT('',(2.868852514987E-02,0.667949707334));
#586 = CARTESIAN_POINT('',(2.868852498515E-02,0.665949803308));
#587 = CARTESIAN_POINT('',(2.868852475534E-02,0.662075836747));
#588 = CARTESIAN_POINT('',(2.868852468542E-02,0.660201769919));
#589 = CARTESIAN_POINT('',(2.86885246694E-02,0.658327718354));
#590 = CARTESIAN_POINT('',(2.868852471993E-02,0.656453677264));
#591 = CARTESIAN_POINT('',(2.868852484964E-02,0.654579641848));
#592 = CARTESIAN_POINT('',(2.868852507119E-02,0.6527056073));
#593 = CARTESIAN_POINT('',(2.868852539722E-02,0.650831568805));
#594 = CARTESIAN_POINT('',(2.868852681151E-02,0.644850806104));
#595 = CARTESIAN_POINT('',(2.868852845272E-02,0.640744042945));
#596 = CARTESIAN_POINT('',(2.868853016955E-02,0.636637222561));
#597 = CARTESIAN_POINT('',(2.868853210708E-02,0.632530351653));
#598 = CARTESIAN_POINT('',(2.868853212449E-02,0.6284234665));
#599 = CARTESIAN_POINT('',(2.868853208901E-02,0.624316540586));
#600 = CARTESIAN_POINT('',(2.86885292031E-02,0.620209655234));
#601 = CARTESIAN_POINT('',(2.868851953426E-02,0.611893397991));
#602 = CARTESIAN_POINT('',(2.868851208715E-02,0.607684024455));
#603 = CARTESIAN_POINT('',(2.86885073865E-02,0.603474675566));
#604 = CARTESIAN_POINT('',(2.868850359284E-02,0.599265317597));
#605 = CARTESIAN_POINT('',(2.868850203079E-02,0.595055942582));
#606 = CARTESIAN_POINT('',(2.868850901579E-02,0.590846576369));
#607 = CARTESIAN_POINT('',(2.868852920473E-02,0.586637248448));
#608 = CARTESIAN_POINT('',(2.868856789998E-02,0.578977868765));
#609 = CARTESIAN_POINT('',(2.868858761315E-02,0.575527814272));
#610 = CARTESIAN_POINT('',(2.868859961597E-02,0.572077766627));
#611 = CARTESIAN_POINT('',(2.868860613831E-02,0.568627705567));
#612 = CARTESIAN_POINT('',(2.868860447645E-02,0.565177633219));
#613 = CARTESIAN_POINT('',(2.86885835373E-02,0.561727583832));
#614 = CARTESIAN_POINT('',(2.868853408429E-02,0.55827759409));
#615 = CARTESIAN_POINT('',(2.868842627182E-02,0.552219756315));
#616 = CARTESIAN_POINT('',(2.868837406847E-02,0.549611892519));
#617 = CARTESIAN_POINT('',(2.868832318914E-02,0.547004029405));
#618 = CARTESIAN_POINT('',(2.868828074862E-02,0.544396157623));
#619 = CARTESIAN_POINT('',(2.868825386201E-02,0.541788271673));
#620 = CARTESIAN_POINT('',(2.868824964469E-02,0.539180369916));
#621 = CARTESIAN_POINT('',(2.868827521237E-02,0.536572454564));
#622 = CARTESIAN_POINT('',(2.868842952121E-02,0.53013041639));
#623 = CARTESIAN_POINT('',(2.86885851444E-02,0.526296283492));
#624 = CARTESIAN_POINT('',(2.868893560204E-02,0.522462193989));
#625 = CARTESIAN_POINT('',(2.868927435396E-02,0.518628095612));
#626 = CARTESIAN_POINT('',(2.868951787785E-02,0.514794003229));
#627 = CARTESIAN_POINT('',(2.868963784013E-02,0.510959969308));
#628 = CARTESIAN_POINT('',(2.868949859656E-02,0.507126018374));
#629 = CARTESIAN_POINT('',(2.868879130266E-02,0.501292130917));
#630 = CARTESIAN_POINT('',(2.86884674988E-02,0.499292076025));
#631 = CARTESIAN_POINT('',(2.868800326066E-02,0.497292093283));
#632 = CARTESIAN_POINT('',(2.868745486434E-02,0.495292149687));
#633 = CARTESIAN_POINT('',(2.86868958005E-02,0.493292204515));
#634 = CARTESIAN_POINT('',(2.868637128759E-02,0.491292238956));
#635 = CARTESIAN_POINT('',(2.86859054786E-02,0.489292251549));
#636 = CARTESIAN_POINT('',(2.868522262784E-02,0.48532347564));
#637 = CARTESIAN_POINT('',(2.868499810603E-02,0.483354694165));
#638 = CARTESIAN_POINT('',(2.868493226402E-02,0.481385865183));
#639 = CARTESIAN_POINT('',(2.868506957088E-02,0.479416984081));
#640 = CARTESIAN_POINT('',(2.868545449681E-02,0.477448051437));
#641 = CARTESIAN_POINT('',(2.868613151318E-02,0.475479073022));
#642 = CARTESIAN_POINT('',(2.86871450925E-02,0.473510059796));
#643 = CARTESIAN_POINT('',(2.869020059354E-02,0.469196055596));
#644 = CARTESIAN_POINT('',(2.869239971162E-02,0.466851059665));
#645 = CARTESIAN_POINT('',(2.86948505921E-02,0.464506088317));
#646 = CARTESIAN_POINT('',(2.869726684582E-02,0.462161175485));
#647 = CARTESIAN_POINT('',(2.869936216509E-02,0.459816340833));
#648 = CARTESIAN_POINT('',(2.870085032369E-02,0.457471589755));
#649 = CARTESIAN_POINT('',(2.870144517683E-02,0.45512691338));
#650 = CARTESIAN_POINT('',(2.870026591211E-02,0.450396615218));
#651 = CARTESIAN_POINT('',(2.869844514243E-02,0.448010996744));
#652 = CARTESIAN_POINT('',(2.869513963627E-02,0.445625404645));
#653 = CARTESIAN_POINT('',(2.868988057604E-02,0.44323983074));
#654 = CARTESIAN_POINT('',(2.868274066083E-02,0.44085418892));
#655 = CARTESIAN_POINT('',(2.867296104787E-02,0.438468461653));
#656 = CARTESIAN_POINT('',(2.866038710125E-02,0.436082571613));
#657 = CARTESIAN_POINT('',(2.863385411044E-02,0.432072007421));
#658 = CARTESIAN_POINT('',(2.862162192737E-02,0.43044745783));
#659 = CARTESIAN_POINT('',(2.860779129228E-02,0.42882277663));
#660 = CARTESIAN_POINT('',(2.859224857996E-02,0.427197938963));
#661 = CARTESIAN_POINT('',(2.857487975093E-02,0.425572918976));
#662 = CARTESIAN_POINT('',(2.855557035146E-02,0.423947689829));
#663 = CARTESIAN_POINT('',(2.853420551354E-02,0.422322223686));
#664 = CARTESIAN_POINT('',(2.849800273646E-02,0.419821496478));
#665 = CARTESIAN_POINT('',(2.848471369467E-02,0.418946501407));
#666 = CARTESIAN_POINT('',(2.847077597557E-02,0.418071506664));
#667 = CARTESIAN_POINT('',(2.845616802415E-02,0.417196512344));
#668 = CARTESIAN_POINT('',(2.844087358431E-02,0.41632151848));
#669 = CARTESIAN_POINT('',(2.842488169888E-02,0.41544652505));
#670 = CARTESIAN_POINT('',(2.840818670965E-02,0.414571531969));
#671 = CARTESIAN_POINT('',(2.837338980395E-02,0.412821546171));
#672 = CARTESIAN_POINT('',(2.835529399318E-02,0.411946553485));
#673 = CARTESIAN_POINT('',(2.83365053468E-02,0.411071561031));
#674 = CARTESIAN_POINT('',(2.831702837798E-02,0.410196568804));
#675 = CARTESIAN_POINT('',(2.829686759128E-02,0.409321576799));
#676 = CARTESIAN_POINT('',(2.827602748265E-02,0.408446585011));
#677 = CARTESIAN_POINT('',(2.825451253938E-02,0.407571593434));
#678 = CARTESIAN_POINT('',(2.817536597733E-02,0.404450041719));
#679 = CARTESIAN_POINT('',(2.811396450269E-02,0.402202646583));
#680 = CARTESIAN_POINT('',(2.804819091164E-02,0.399954346128));
#681 = CARTESIAN_POINT('',(2.797811260087E-02,0.397705070074));
#682 = CARTESIAN_POINT('',(2.790379626837E-02,0.395454748396));
#683 = CARTESIAN_POINT('',(2.78253079134E-02,0.393203311317));
#684 = CARTESIAN_POINT('',(2.774271283654E-02,0.390950689311));
#685 = CARTESIAN_POINT('',(2.753633049968E-02,0.385581630116));
#686 = CARTESIAN_POINT('',(2.74088894284E-02,0.382464054958));
#687 = CARTESIAN_POINT('',(2.727377938388E-02,0.379343895558));
#688 = CARTESIAN_POINT('',(2.713068581753E-02,0.37622094351));
#689 = CARTESIAN_POINT('',(2.697973163129E-02,0.373095007991));
#690 = CARTESIAN_POINT('',(2.682062205756E-02,0.36996587987));
#691 = CARTESIAN_POINT('',(2.665332703932E-02,0.366833356356));
#692 = CARTESIAN_POINT('',(2.620668152384E-02,0.358858120849));
#693 = CARTESIAN_POINT('',(2.591583893343E-02,0.354010426187));
#694 = CARTESIAN_POINT('',(2.560448784675E-02,0.349153425768));
#695 = CARTESIAN_POINT('',(2.527300189305E-02,0.344286157685));
#696 = CARTESIAN_POINT('',(2.492051423034E-02,0.339407903008));
#697 = CARTESIAN_POINT('',(2.454714655453E-02,0.334517727278));
#698 = CARTESIAN_POINT('',(2.415234471608E-02,0.329614812003));
#699 = CARTESIAN_POINT('',(2.332807121262E-02,0.319884953959));
#700 = CARTESIAN_POINT('',(2.289951075611E-02,0.315058624094));
#701 = CARTESIAN_POINT('',(2.244974992159E-02,0.310218285864));
#702 = CARTESIAN_POINT('',(2.197850628441E-02,0.305363227067));
#703 = CARTESIAN_POINT('',(2.148542527483E-02,0.300492650019));
#704 = CARTESIAN_POINT('',(2.097000020491E-02,0.295605533499));
#705 = CARTESIAN_POINT('',(2.043160371954E-02,0.290700694272));
#706 = CARTESIAN_POINT('',(1.986963067156E-02,0.285777048192));
#707 = ( GEOMETRIC_REPRESENTATION_CONTEXT(2) 
PARAMETRIC_REPRESENTATION_CONTEXT() REPRESENTATION_CONTEXT('2D SPACE',''
  ) );
#708 = PCURVE('',#709,#714);
#709 = PLANE('',#710);
#710 = AXIS2_PLACEMENT_3D('',#711,#712,#713);
#711 = CARTESIAN_POINT('',(-28.75,21.65689861818,-7.586440707837));
#712 = DIRECTION('',(-1.,2.238248496655E-16,1.453535569191E-16));
#713 = DIRECTION('',(-2.238248496655E-16,-1.,0.));
#714 = DEFINITIONAL_REPRESENTATION('',(#715),#935);
#715 = B_SPLINE_CURVE_WITH_KNOTS('',8,(#716,#717,#718,#719,#720,#721,
    #722,#723,#724,#725,#726,#727,#728,#729,#730,#731,#732,#733,#734,
    #735,#736,#737,#738,#739,#740,#741,#742,#743,#744,#745,#746,#747,
    #748,#749,#750,#751,#752,#753,#754,#755,#756,#757,#758,#759,#760,
    #761,#762,#763,#764,#765,#766,#767,#768,#769,#770,#771,#772,#773,
    #774,#775,#776,#777,#778,#779,#780,#781,#782,#783,#784,#785,#786,
    #787,#788,#789,#790,#791,#792,#793,#794,#795,#796,#797,#798,#799,
    #800,#801,#802,#803,#804,#805,#806,#807,#808,#809,#810,#811,#812,
    #813,#814,#815,#816,#817,#818,#819,#820,#821,#822,#823,#824,#825,
    #826,#827,#828,#829,#830,#831,#832,#833,#834,#835,#836,#837,#838,
    #839,#840,#841,#842,#843,#844,#845,#846,#847,#848,#849,#850,#851,
    #852,#853,#854,#855,#856,#857,#858,#859,#860,#861,#862,#863,#864,
    #865,#866,#867,#868,#869,#870,#871,#872,#873,#874,#875,#876,#877,
    #878,#879,#880,#881,#882,#883,#884,#885,#886,#887,#888,#889,#890,
    #891,#892,#893,#894,#895,#896,#897,#898,#899,#900,#901,#902,#903,
    #904,#905,#906,#907,#908,#909,#910,#911,#912,#913,#914,#915,#916,
    #917,#918,#919,#920,#921,#922,#923,#924,#925,#926,#927,#928,#929,
    #930,#931,#932,#933,#934),.UNSPECIFIED.,.F.,.F.,(9,7,7,7,7,7,7,7,7,7
    ,7,7,7,7,7,7,7,7,7,7,7,7,7,7,7,7,7,7,7,7,7,9),(0.,2.486592530883E-02
    ,5.253956595062E-02,0.103561332563,0.128335424879,0.153108866877,
    0.197910724374,0.244090176008,0.2653201362,0.292487871716,
    0.303924630332,0.321894035981,0.339859575556,0.360019255534,
    0.386151986304,0.41064096337,0.464305170271,0.519309603338,
    0.564392441203,0.59847124899,0.648573220607,0.674711361306,
    0.700440598751,0.731082230293,0.762260320451,0.783485969115,
    0.794909956634,0.806333944809,0.835665295585,0.876205465739,
    0.938759797124,1.),.UNSPECIFIED.);
#716 = CARTESIAN_POINT('',(2.822459683657,4.240579819761));
#717 = CARTESIAN_POINT('',(2.854658790309,4.216776803062));
#718 = CARTESIAN_POINT('',(2.886791384562,4.192883890463));
#719 = CARTESIAN_POINT('',(2.918861661403,4.168907235785));
#720 = CARTESIAN_POINT('',(2.950874601358,4.144854053094));
#721 = CARTESIAN_POINT('',(2.982834280471,4.12073024564));
#722 = CARTESIAN_POINT('',(3.014743480069,4.096539838438));
#723 = CARTESIAN_POINT('',(3.046604596319,4.072286214476));
#724 = CARTESIAN_POINT('',(3.11383172158,4.020919031478));
#725 = CARTESIAN_POINT('',(3.149186959981,3.993791429494));
#726 = CARTESIAN_POINT('',(3.184492191074,3.966598720203));
#727 = CARTESIAN_POINT('',(3.219752080401,3.939347245655));
#728 = CARTESIAN_POINT('',(3.25497133274,3.912043318359));
#729 = CARTESIAN_POINT('',(3.29015469211,3.88469322128));
#730 = CARTESIAN_POINT('',(3.325306941765,3.857303207843));
#731 = CARTESIAN_POINT('',(3.425194482939,3.77931853885));
#732 = CARTESIAN_POINT('',(3.489866454392,3.728643255269));
#733 = CARTESIAN_POINT('',(3.554479262277,3.677892473482));
#734 = CARTESIAN_POINT('',(3.619063325945,3.627104997238));
#735 = CARTESIAN_POINT('',(3.683649040386,3.576319611739));
#736 = CARTESIAN_POINT('',(3.748266776223,3.525575083643));
#737 = CARTESIAN_POINT('',(3.812946879719,3.47491016106));
#738 = CARTESIAN_POINT('',(3.909170703598,3.399820208861));
#739 = CARTESIAN_POINT('',(3.940643535527,3.375304794435));
#740 = CARTESIAN_POINT('',(3.97214161706,3.3508217915));
#741 = CARTESIAN_POINT('',(4.00366837224,3.326375680363));
#742 = CARTESIAN_POINT('',(4.035227200652,3.301970960416));
#743 = CARTESIAN_POINT('',(4.066821477424,3.277612150136));
#744 = CARTESIAN_POINT('',(4.098454553223,3.253303787081));
#745 = CARTESIAN_POINT('',(4.161804123824,3.204797705357));
#746 = CARTESIAN_POINT('',(4.193520535071,3.180599890431));
#747 = CARTESIAN_POINT('',(4.225282327849,3.156461565156));
#748 = CARTESIAN_POINT('',(4.257093210121,3.13238787781));
#749 = CARTESIAN_POINT('',(4.288957087111,3.108384325901));
#750 = CARTESIAN_POINT('',(4.320877890442,3.084456539162));
#751 = CARTESIAN_POINT('',(4.352859407272,3.060610062546));
#752 = CARTESIAN_POINT('',(4.442858581634,2.993881192901));
#753 = CARTESIAN_POINT('',(4.501022210503,2.951196552084));
#754 = CARTESIAN_POINT('',(4.559414915849,2.908823742794));
#755 = CARTESIAN_POINT('',(4.618069400733,2.866812947758));
#756 = CARTESIAN_POINT('',(4.676979526288,2.825159057568));
#757 = CARTESIAN_POINT('',(4.736205111235,2.783955729298));
#758 = CARTESIAN_POINT('',(4.795718848141,2.743170889092));
#759 = CARTESIAN_POINT('',(4.917271380504,2.6613806456));
#760 = CARTESIAN_POINT('',(4.979328953791,2.620404413877));
#761 = CARTESIAN_POINT('',(5.041787109201,2.580034579399));
#762 = CARTESIAN_POINT('',(5.104682487666,2.540342447932));
#763 = CARTESIAN_POINT('',(5.168048691935,2.501402066211));
#764 = CARTESIAN_POINT('',(5.231916126739,2.463289950604));
#765 = CARTESIAN_POINT('',(5.29631183896,2.426084815764));
#766 = CARTESIAN_POINT('',(5.391117513109,2.373217119691));
#767 = CARTESIAN_POINT('',(5.421088694073,2.356777723568));
#768 = CARTESIAN_POINT('',(5.451170748234,2.340549659733));
#769 = CARTESIAN_POINT('',(5.481399784139,2.324592646052));
#770 = CARTESIAN_POINT('',(5.511697390799,2.308768659557));
#771 = CARTESIAN_POINT('',(5.542111572308,2.29316170962));
#772 = CARTESIAN_POINT('',(5.572603171561,2.277702472908));
#773 = CARTESIAN_POINT('',(5.642291539983,2.242794379912));
#774 = CARTESIAN_POINT('',(5.672211924493,2.228104812113));
#775 = CARTESIAN_POINT('',(5.690634347133,2.219184735762));
#776 = CARTESIAN_POINT('',(5.699518028324,2.214817121688));
#777 = CARTESIAN_POINT('',(5.704271555197,2.212540796849));
#778 = CARTESIAN_POINT('',(5.712494706433,2.208523208109));
#779 = CARTESIAN_POINT('',(5.733208928261,2.198423702197));
#780 = CARTESIAN_POINT('',(5.793954757473,2.169321774447));
#781 = CARTESIAN_POINT('',(5.811963881388,2.160724795992));
#782 = CARTESIAN_POINT('',(5.829984084184,2.152149030188));
#783 = CARTESIAN_POINT('',(5.84801355161,2.143591088447));
#784 = CARTESIAN_POINT('',(5.866050469414,2.135047582175));
#785 = CARTESIAN_POINT('',(5.884093023345,2.126515122781));
#786 = CARTESIAN_POINT('',(5.902139399153,2.117990321675));
#787 = CARTESIAN_POINT('',(5.948545356097,2.096082353284));
#788 = CARTESIAN_POINT('',(5.976907474204,2.082704530898));
#789 = CARTESIAN_POINT('',(6.00526926938,2.069325825589));
#790 = CARTESIAN_POINT('',(6.033624618464,2.05593367566));
#791 = CARTESIAN_POINT('',(6.06196039827,2.042500210054));
#792 = CARTESIAN_POINT('',(6.090274010196,2.029019795383));
#793 = CARTESIAN_POINT('',(6.118580115671,2.015523834959));
#794 = CARTESIAN_POINT('',(6.175158845815,1.988477634039));
#795 = CARTESIAN_POINT('',(6.203431336135,1.97493121968));
#796 = CARTESIAN_POINT('',(6.231691461616,1.961362695882));
#797 = CARTESIAN_POINT('',(6.259940688649,1.947774721995));
#798 = CARTESIAN_POINT('',(6.288180483626,1.934169957367));
#799 = CARTESIAN_POINT('',(6.316412312937,1.920551061346));
#800 = CARTESIAN_POINT('',(6.344637642973,1.90692069328));
#801 = CARTESIAN_POINT('',(6.404524796395,1.877976571737));
#802 = CARTESIAN_POINT('',(6.436186098859,1.862660154919));
#803 = CARTESIAN_POINT('',(6.467843713995,1.847336118978));
#804 = CARTESIAN_POINT('',(6.499499508325,1.83200832102));
#805 = CARTESIAN_POINT('',(6.531155348412,1.816680618347));
#806 = CARTESIAN_POINT('',(6.562813100865,1.801356868454));
#807 = CARTESIAN_POINT('',(6.594474632336,1.786040929033));
#808 = CARTESIAN_POINT('',(6.667191559149,1.750897930578));
#809 = CARTESIAN_POINT('',(6.708250663715,1.731078592417));
#810 = CARTESIAN_POINT('',(6.749325355153,1.711291524565));
#811 = CARTESIAN_POINT('',(6.79041082572,1.691526852012));
#812 = CARTESIAN_POINT('',(6.831507744519,1.67178599116));
#813 = CARTESIAN_POINT('',(6.872618408859,1.652073732928));
#814 = CARTESIAN_POINT('',(6.913740236208,1.632384825148));
#815 = CARTESIAN_POINT('',(6.993421028327,1.594295036479));
#816 = CARTESIAN_POINT('',(7.031978324187,1.575890664831));
#817 = CARTESIAN_POINT('',(7.070546140308,1.557508337252));
#818 = CARTESIAN_POINT('',(7.109124427198,1.539147988229));
#819 = CARTESIAN_POINT('',(7.147713135682,1.520809552484));
#820 = CARTESIAN_POINT('',(7.186312216905,1.50249296498));
#821 = CARTESIAN_POINT('',(7.224921622329,1.484198160911));
#822 = CARTESIAN_POINT('',(7.348170995206,1.425882136298));
#823 = CARTESIAN_POINT('',(7.432849057093,1.385941460066));
#824 = CARTESIAN_POINT('',(7.517581294455,1.346115729252));
#825 = CARTESIAN_POINT('',(7.602382137364,1.306435692322));
#826 = CARTESIAN_POINT('',(7.687255255779,1.266910605363));
#827 = CARTESIAN_POINT('',(7.772212695039,1.227566791811));
#828 = CARTESIAN_POINT('',(7.857262243874,1.188422929046));
#829 = CARTESIAN_POINT('',(8.029688496176,1.109601510661));
#830 = CARTESIAN_POINT('',(8.117069934952,1.069934672792));
#831 = CARTESIAN_POINT('',(8.204563161651,1.030514156253));
#832 = CARTESIAN_POINT('',(8.292175473587,0.991358332899));
#833 = CARTESIAN_POINT('',(8.379913584767,0.952484862453));
#834 = CARTESIAN_POINT('',(8.4677834271,0.913910208545));
#835 = CARTESIAN_POINT('',(8.555790879097,0.87565136279));
#836 = CARTESIAN_POINT('',(8.7161951767,0.80664841468));
#837 = CARTESIAN_POINT('',(8.788544410144,0.775793765539));
#838 = CARTESIAN_POINT('',(8.860994764969,0.745176391905));
#839 = CARTESIAN_POINT('',(8.933550231744,0.714808308597));
#840 = CARTESIAN_POINT('',(9.006214418321,0.684701049417));
#841 = CARTESIAN_POINT('',(9.078990404249,0.654865271575));
#842 = CARTESIAN_POINT('',(9.151881180298,0.625311897962));
#843 = CARTESIAN_POINT('',(9.280079667176,0.573938906659));
#844 = CARTESIAN_POINT('',(9.335336542258,0.551992423255));
#845 = CARTESIAN_POINT('',(9.390663004047,0.530221338579));
#846 = CARTESIAN_POINT('',(9.446060676887,0.508631677477));
#847 = CARTESIAN_POINT('',(9.501531103762,0.48722949812));
#848 = CARTESIAN_POINT('',(9.557075746299,0.466020892006));
#849 = CARTESIAN_POINT('',(9.612695984766,0.445011983961));
#850 = CARTESIAN_POINT('',(9.750277913152,0.393624707512));
#851 = CARTESIAN_POINT('',(9.832328503402,0.363484631276));
#852 = CARTESIAN_POINT('',(9.914551066043,0.333813881142));
#853 = CARTESIAN_POINT('',(9.996945012494,0.304620226102));
#854 = CARTESIAN_POINT('',(10.079511669522,0.275917991387));
#855 = CARTESIAN_POINT('',(10.162253055176,0.247724480337));
#856 = CARTESIAN_POINT('',(10.245168846529,0.220051475108));
#857 = CARTESIAN_POINT('',(10.371608005176,0.178757077273));
#858 = CARTESIAN_POINT('',(10.415004230261,0.164746140048));
#859 = CARTESIAN_POINT('',(10.458447221798,0.15088017462));
#860 = CARTESIAN_POINT('',(10.501938604184,0.137166347232));
#861 = CARTESIAN_POINT('',(10.545480345783,0.123613140236));
#862 = CARTESIAN_POINT('',(10.589073659032,0.110226968066));
#863 = CARTESIAN_POINT('',(10.632719170783,9.701271113786E-02));
#864 = CARTESIAN_POINT('',(10.719433927814,7.114753568896E-02));
#865 = CARTESIAN_POINT('',(10.762501345631,5.849078034847E-02));
#866 = CARTESIAN_POINT('',(10.805621614349,4.601419844138E-02));
#867 = CARTESIAN_POINT('',(10.848795617723,3.372411815189E-02));
#868 = CARTESIAN_POINT('',(10.892024125228,2.162689905361E-02));
#869 = CARTESIAN_POINT('',(10.935307792057,9.728932109639E-03));
#870 = CARTESIAN_POINT('',(10.978647159122,-1.963360327515E-03));
#871 = CARTESIAN_POINT('',(11.073723498174,-2.711555664873E-02));
#872 = CARTESIAN_POINT('',(11.125483849851,-4.048685715517E-02));
#873 = CARTESIAN_POINT('',(11.177317685738,-5.35722043963E-02));
#874 = CARTESIAN_POINT('',(11.229219298414,-6.638645901618E-02));
#875 = CARTESIAN_POINT('',(11.281183295384,-7.894456394176E-02));
#876 = CARTESIAN_POINT('',(11.333204599077,-9.126154438291E-02));
#877 = CARTESIAN_POINT('',(11.385278446845,-0.103352507832));
#878 = CARTESIAN_POINT('',(11.490434860451,-0.127320771882));
#879 = CARTESIAN_POINT('',(11.543518975561,-0.139191203861));
#880 = CARTESIAN_POINT('',(11.59664918105,-0.150854778346));
#881 = CARTESIAN_POINT('',(11.649816401834,-0.162347569685));
#882 = CARTESIAN_POINT('',(11.703026376753,-0.17364065561));
#883 = CARTESIAN_POINT('',(11.75626326571,-0.1848050202));
#884 = CARTESIAN_POINT('',(11.809527160172,-0.195838947115));
#885 = CARTESIAN_POINT('',(11.899087070649,-0.214215518441));
#886 = CARTESIAN_POINT('',(11.935372118349,-0.221611720773));
#887 = CARTESIAN_POINT('',(11.971665272414,-0.228968052573));
#888 = CARTESIAN_POINT('',(12.007965023359,-0.236291709697));
#889 = CARTESIAN_POINT('',(12.04426988197,-0.243589896843));
#890 = CARTESIAN_POINT('',(12.080578379306,-0.25086982755));
#891 = CARTESIAN_POINT('',(12.116889066695,-0.258138724203));
#892 = CARTESIAN_POINT('',(12.172743925093,-0.269314009061));
#893 = CARTESIAN_POINT('',(12.192285917447,-0.273222332361));
#894 = CARTESIAN_POINT('',(12.211826032817,-0.277130549181));
#895 = CARTESIAN_POINT('',(12.231363890506,-0.281040040066));
#896 = CARTESIAN_POINT('',(12.250899189102,-0.284951804847));
#897 = CARTESIAN_POINT('',(12.270431706475,-0.288866462643));
#898 = CARTESIAN_POINT('',(12.289961299781,-0.292784251859));
#899 = CARTESIAN_POINT('',(12.329014512262,-0.300625808748));
#900 = CARTESIAN_POINT('',(12.348538220221,-0.304549139043));
#901 = CARTESIAN_POINT('',(12.368059034152,-0.308474529038));
#902 = CARTESIAN_POINT('',(12.38757695887,-0.312401486694));
#903 = CARTESIAN_POINT('',(12.407091999187,-0.316329519973));
#904 = CARTESIAN_POINT('',(12.426604159915,-0.320258136839));
#905 = CARTESIAN_POINT('',(12.446113445863,-0.324186845255));
#906 = CARTESIAN_POINT('',(12.515703030754,-0.338201173598));
#907 = CARTESIAN_POINT('',(12.565785920935,-0.348288302369));
#908 = CARTESIAN_POINT('',(12.615870159439,-0.358368535379));
#909 = CARTESIAN_POINT('',(12.665957364771,-0.36843382989));
#910 = CARTESIAN_POINT('',(12.716049146889,-0.378476104539));
#911 = CARTESIAN_POINT('',(12.7661471072,-0.388487239345));
#912 = CARTESIAN_POINT('',(12.816252838567,-0.398459075707));
#913 = CARTESIAN_POINT('',(12.935634225342,-0.422100291));
#914 = CARTESIAN_POINT('',(13.004918713619,-0.435724574129));
#915 = CARTESIAN_POINT('',(13.074223522772,-0.449244963906));
#916 = CARTESIAN_POINT('',(13.143545842095,-0.462674310944));
#917 = CARTESIAN_POINT('',(13.212889349156,-0.475993608968));
#918 = CARTESIAN_POINT('',(13.282251624672,-0.489213439926));
#919 = CARTESIAN_POINT('',(13.351634283857,-0.502324898973));
#920 = CARTESIAN_POINT('',(13.528127141908,-0.535391041414));
#921 = CARTESIAN_POINT('',(13.635265674417,-0.555193530476));
#922 = CARTESIAN_POINT('',(13.742450760346,-0.57474178913));
#923 = CARTESIAN_POINT('',(13.849694698795,-0.593963389007));
#924 = CARTESIAN_POINT('',(13.956993282552,-0.612875287375));
#925 = CARTESIAN_POINT('',(14.064355114662,-0.631420639997));
#926 = CARTESIAN_POINT('',(14.171782830076,-0.649574652146));
#927 = CARTESIAN_POINT('',(14.384514349117,-0.684689877066));
#928 = CARTESIAN_POINT('',(14.489815274156,-0.701667128681));
#929 = CARTESIAN_POINT('',(14.595182128662,-0.718230298332));
#930 = CARTESIAN_POINT('',(14.70061662146,-0.734355736558));
#931 = CARTESIAN_POINT('',(14.806120080572,-0.750019600045));
#932 = CARTESIAN_POINT('',(14.911693279384,-0.765199088872));
#933 = CARTESIAN_POINT('',(15.017336529748,-0.779871567614));
#934 = CARTESIAN_POINT('',(15.123050042025,-0.794011570275));
#935 = ( GEOMETRIC_REPRESENTATION_CONTEXT(2) 
PARAMETRIC_REPRESENTATION_CONTEXT() REPRESENTATION_CONTEXT('2D SPACE',''
  ) );
#936 = ORIENTED_EDGE('',*,*,#937,.F.);
#937 = EDGE_CURVE('',#938,#262,#940,.T.);
#938 = VERTEX_POINT('',#939);
#939 = CARTESIAN_POINT('',(-26.43873371382,6.66058576619,-8.363163924753
    ));
#940 = SURFACE_CURVE('',#941,(#947,#956),.PCURVE_S1.);
#941 = B_SPLINE_CURVE_WITH_KNOTS('',4,(#942,#943,#944,#945,#946),
  .UNSPECIFIED.,.F.,.F.,(5,5),(0.,1.),.PIECEWISE_BEZIER_KNOTS.);
#942 = CARTESIAN_POINT('',(-13.,6.66058576619,-8.363163924753));
#943 = CARTESIAN_POINT('',(-16.9375,6.66058576619,-8.363163924753));
#944 = CARTESIAN_POINT('',(-20.875,6.66058576619,-8.363163924753));
#945 = CARTESIAN_POINT('',(-24.8125,6.66058576619,-8.363163924753));
#946 = CARTESIAN_POINT('',(-28.75,6.66058576619,-8.363163924753));
#947 = PCURVE('',#65,#948);
#948 = DEFINITIONAL_REPRESENTATION('',(#949),#955);
#949 = B_SPLINE_CURVE_WITH_KNOTS('',4,(#950,#951,#952,#953,#954),
  .UNSPECIFIED.,.F.,.F.,(5,5),(0.,1.),.PIECEWISE_BEZIER_KNOTS.);
#950 = CARTESIAN_POINT('',(0.283195667505,0.291670311401));
#951 = CARTESIAN_POINT('',(0.217528970643,0.291670311401));
#952 = CARTESIAN_POINT('',(0.151862273782,0.291670311401));
#953 = CARTESIAN_POINT('',(8.619557692005E-02,0.291670311401));
#954 = CARTESIAN_POINT('',(2.052888005849E-02,0.291670311401));
#955 = ( GEOMETRIC_REPRESENTATION_CONTEXT(2) 
PARAMETRIC_REPRESENTATION_CONTEXT() REPRESENTATION_CONTEXT('2D SPACE',''
  ) );
#956 = PCURVE('',#957,#962);
#957 = PLANE('',#958);
#958 = AXIS2_PLACEMENT_3D('',#959,#960,#961);
#959 = CARTESIAN_POINT('',(-28.75,10.754181234889,-14.66674816303));
#960 = DIRECTION('',(0.,-0.838670567945,-0.544639035015));
#961 = DIRECTION('',(0.,0.544639035015,-0.838670567945));
#962 = DEFINITIONAL_REPRESENTATION('',(#963),#969);
#963 = B_SPLINE_CURVE_WITH_KNOTS('',4,(#964,#965,#966,#967,#968),
  .UNSPECIFIED.,.F.,.F.,(5,5),(0.,1.),.PIECEWISE_BEZIER_KNOTS.);
#964 = CARTESIAN_POINT('',(-7.516162459024,15.75));
#965 = CARTESIAN_POINT('',(-7.516162459024,11.8125));
#966 = CARTESIAN_POINT('',(-7.516162459024,7.875));
#967 = CARTESIAN_POINT('',(-7.516162459024,3.9375));
#968 = CARTESIAN_POINT('',(-7.516162459024,0.));
#969 = ( GEOMETRIC_REPRESENTATION_CONTEXT(2) 
PARAMETRIC_REPRESENTATION_CONTEXT() REPRESENTATION_CONTEXT('2D SPACE',''
  ) );
#970 = ORIENTED_EDGE('',*,*,#971,.T.);
#971 = EDGE_CURVE('',#938,#972,#974,.T.);
#972 = VERTEX_POINT('',#973);
#973 = CARTESIAN_POINT('',(-25.55,18.449016772622,-3.637995723943));
#974 = SURFACE_CURVE('',#975,(#1188,#1404),.PCURVE_S1.);
#975 = B_SPLINE_CURVE_WITH_KNOTS('',8,(#976,#977,#978,#979,#980,#981,
    #982,#983,#984,#985,#986,#987,#988,#989,#990,#991,#992,#993,#994,
    #995,#996,#997,#998,#999,#1000,#1001,#1002,#1003,#1004,#1005,#1006,
    #1007,#1008,#1009,#1010,#1011,#1012,#1013,#1014,#1015,#1016,#1017,
    #1018,#1019,#1020,#1021,#1022,#1023,#1024,#1025,#1026,#1027,#1028,
    #1029,#1030,#1031,#1032,#1033,#1034,#1035,#1036,#1037,#1038,#1039,
    #1040,#1041,#1042,#1043,#1044,#1045,#1046,#1047,#1048,#1049,#1050,
    #1051,#1052,#1053,#1054,#1055,#1056,#1057,#1058,#1059,#1060,#1061,
    #1062,#1063,#1064,#1065,#1066,#1067,#1068,#1069,#1070,#1071,#1072,
    #1073,#1074,#1075,#1076,#1077,#1078,#1079,#1080,#1081,#1082,#1083,
    #1084,#1085,#1086,#1087,#1088,#1089,#1090,#1091,#1092,#1093,#1094,
    #1095,#1096,#1097,#1098,#1099,#1100,#1101,#1102,#1103,#1104,#1105,
    #1106,#1107,#1108,#1109,#1110,#1111,#1112,#1113,#1114,#1115,#1116,
    #1117,#1118,#1119,#1120,#1121,#1122,#1123,#1124,#1125,#1126,#1127,
    #1128,#1129,#1130,#1131,#1132,#1133,#1134,#1135,#1136,#1137,#1138,
    #1139,#1140,#1141,#1142,#1143,#1144,#1145,#1146,#1147,#1148,#1149,
    #1150,#1151,#1152,#1153,#1154,#1155,#1156,#1157,#1158,#1159,#1160,
    #1161,#1162,#1163,#1164,#1165,#1166,#1167,#1168,#1169,#1170,#1171,
    #1172,#1173,#1174,#1175,#1176,#1177,#1178,#1179,#1180,#1181,#1182,
    #1183,#1184,#1185,#1186,#1187),.UNSPECIFIED.,.F.,.F.,(9,7,7,7,7,7,7,
    7,7,7,7,7,7,7,7,7,7,7,7,7,7,7,7,7,7,7,7,7,7,7,9),(0.,
    2.520139223257E-02,8.163702165861E-02,0.112342892508,0.143467792096,
    0.168713898812,0.216442866381,0.24160054745,0.261411658808,
    0.281288040438,0.313140461291,0.349600969171,0.376991954543,
    0.418684858428,0.460980057782,0.506756298549,0.554168022156,
    0.616033978894,0.66696356322,0.718264813535,0.728720101789,
    0.739181696858,0.755088617804,0.771786012438,0.828548688502,
    0.881138039765,0.926158070019,0.960275573418,0.982123289724,
    0.991148118456,1.),.UNSPECIFIED.);
#976 = CARTESIAN_POINT('',(-26.44337047292,6.556837471155,-8.37736615108
    ));
#977 = CARTESIAN_POINT('',(-26.44153308423,6.598282415585,
    -8.371782290244));
#978 = CARTESIAN_POINT('',(-26.43971008553,6.639717270067,
    -8.366117102848));
#979 = CARTESIAN_POINT('',(-26.43790437874,6.681142182059,
    -8.360372064315));
#980 = CARTESIAN_POINT('',(-26.43611884483,6.722557297682,-8.35454862147
    ));
#981 = CARTESIAN_POINT('',(-26.43435634385,6.763962761724,
    -8.348648192542));
#982 = CARTESIAN_POINT('',(-26.43261971485,6.805358717634,
    -8.342672167164));
#983 = CARTESIAN_POINT('',(-26.43091177595,6.846745307529,
    -8.336621906371));
#984 = CARTESIAN_POINT('',(-26.42548132732,6.980782562593,
    -8.316786725037));
#985 = CARTESIAN_POINT('',(-26.42188370414,7.073395873494,
    -8.302708433858));
#986 = CARTESIAN_POINT('',(-26.41848082346,7.16596512586,-8.28828210759)
  );
#987 = CARTESIAN_POINT('',(-26.41529789146,7.258491159103,
    -8.273519531253));
#988 = CARTESIAN_POINT('',(-26.41237415745,7.350976086026,
    -8.258438710129));
#989 = CARTESIAN_POINT('',(-26.4097437678,7.443421260002,-8.243055212012
    ));
#990 = CARTESIAN_POINT('',(-26.40742377063,7.535826012185,
    -8.227376841383));
#991 = CARTESIAN_POINT('',(-26.40439586491,7.678448515887,
    -8.202747847266));
#992 = CARTESIAN_POINT('',(-26.40343492425,7.728692831663,
    -8.193988704732));
#993 = CARTESIAN_POINT('',(-26.40258643548,7.778926092675,-8.18515188293
    ));
#994 = CARTESIAN_POINT('',(-26.40185669448,7.829148468303,
    -8.176240357551));
#995 = CARTESIAN_POINT('',(-26.40125180978,7.879360068517,
    -8.167257078405));
#996 = CARTESIAN_POINT('',(-26.4007777025,7.929560943873,-8.158204969419
    ));
#997 = CARTESIAN_POINT('',(-26.40044010642,7.979751085516,
    -8.149086928638));
#998 = CARTESIAN_POINT('',(-26.40004661679,8.080794563253,
    -8.130599564995));
#999 = CARTESIAN_POINT('',(-26.39999323576,8.131647548616,
    -8.121227881177));
#1000 = CARTESIAN_POINT('',(-26.40009334857,8.182489458228,
    -8.111795278898));
#1001 = CARTESIAN_POINT('',(-26.40035273616,8.233320210054,
    -8.102304883225));
#1002 = CARTESIAN_POINT('',(-26.4007687669,8.284138981451,
    -8.092756052014));
#1003 = CARTESIAN_POINT('',(-26.40133996671,8.334945035581,
    -8.083148793531));
#1004 = CARTESIAN_POINT('',(-26.40207198266,8.385738273127,
    -8.07348650887));
#1005 = CARTESIAN_POINT('',(-26.40368315068,8.477706276708,
    -8.055886214679));
#1006 = CARTESIAN_POINT('',(-26.40450914216,8.518885803259,
    -8.04796756643));
#1007 = CARTESIAN_POINT('',(-26.40543961305,8.560056118199,
    -8.040013183566));
#1008 = CARTESIAN_POINT('',(-26.40647459714,8.601216938632,
    -8.03202361201));
#1009 = CARTESIAN_POINT('',(-26.40761401687,8.64236798684,-8.02399939153
    ));
#1010 = CARTESIAN_POINT('',(-26.40885768335,8.683508990285,
    -8.015941055735));
#1011 = CARTESIAN_POINT('',(-26.41020529637,8.724639681604,
    -8.007849132074));
#1012 = CARTESIAN_POINT('',(-26.4143999351,8.843499339402,
    -7.984363467679));
#1013 = CARTESIAN_POINT('',(-26.41751207161,8.921200946452,
    -7.968883962052));
#1014 = CARTESIAN_POINT('',(-26.42104917463,8.998866282331,
    -7.953317211258));
#1015 = CARTESIAN_POINT('',(-26.42506410295,9.076495835155,
    -7.93769477068));
#1016 = CARTESIAN_POINT('',(-26.4296054342,9.154088966615,
    -7.922048149666));
#1017 = CARTESIAN_POINT('',(-26.43471664549,9.231643960006,
    -7.906408796421));
#1018 = CARTESIAN_POINT('',(-26.44043529415,9.309158068255,
    -7.890808082897));
#1019 = CARTESIAN_POINT('',(-26.45014277811,9.427461315376,
    -7.867091055487));
#1020 = CARTESIAN_POINT('',(-26.45367289999,9.468282512949,
    -7.858925355491));
#1021 = CARTESIAN_POINT('',(-26.45735740937,9.509090566285,
    -7.850769581964));
#1022 = CARTESIAN_POINT('',(-26.46117194952,9.549885078935,
    -7.842613121181));
#1023 = CARTESIAN_POINT('',(-26.46509296172,9.590665846385,
    -7.834445353413));
#1024 = CARTESIAN_POINT('',(-26.46909768525,9.631432856053,
    -7.826255652928));
#1025 = CARTESIAN_POINT('',(-26.47316415741,9.67218628729,
    -7.818033387992));
#1026 = CARTESIAN_POINT('',(-26.48050549276,9.745008519772,
    -7.803259046873));
#1027 = CARTESIAN_POINT('',(-26.48376478235,9.777082205618,
    -7.796723388004));
#1028 = CARTESIAN_POINT('',(-26.48703899689,9.80914765547,-7.7901557605)
  );
#1029 = CARTESIAN_POINT('',(-26.49031826611,9.84120489833,
    -7.783550983495));
#1030 = CARTESIAN_POINT('',(-26.49359293486,9.873253905641,
    -7.776903879013));
#1031 = CARTESIAN_POINT('',(-26.49685356306,9.905294591296,
    -7.770209271969));
#1032 = CARTESIAN_POINT('',(-26.50009092577,9.937326811633,
    -7.763461990168));
#1033 = CARTESIAN_POINT('',(-26.50651177077,10.001479423522,
    -7.749829363367));
#1034 = CARTESIAN_POINT('',(-26.50969501756,10.033599715372,
    -7.74294360721));
#1035 = CARTESIAN_POINT('',(-26.51283554171,10.065710957234,
    -7.735993706869));
#1036 = CARTESIAN_POINT('',(-26.5159279635,10.097812823066,
    -7.728976390218));
#1037 = CARTESIAN_POINT('',(-26.51896739666,10.12990489547,
    -7.72188859212));
#1038 = CARTESIAN_POINT('',(-26.52194761496,10.16198664627,
    -7.714726441102));
#1039 = CARTESIAN_POINT('',(-26.5248617239,10.194057446735,
    -7.707485642548));
#1040 = CARTESIAN_POINT('',(-26.53226223223,10.277492230097,
    -7.688428831792));
#1041 = CARTESIAN_POINT('',(-26.53663651921,10.328837820686,
    -7.676484252275));
#1042 = CARTESIAN_POINT('',(-26.5408051718,10.380150553711,
    -7.664314345987));
#1043 = CARTESIAN_POINT('',(-26.5447453308,10.431426777859,
    -7.651904090071));
#1044 = CARTESIAN_POINT('',(-26.54843430449,10.482662016009,
    -7.639238612708));
#1045 = CARTESIAN_POINT('',(-26.55184956861,10.53385096523,
    -7.626303193117));
#1046 = CARTESIAN_POINT('',(-26.55496876641,10.584987496779,
    -7.613083261554));
#1047 = CARTESIAN_POINT('',(-26.56097557963,10.694531177083,
    -7.584089831681));
#1048 = CARTESIAN_POINT('',(-26.56376514128,10.75291953637,
    -7.568224037532));
#1049 = CARTESIAN_POINT('',(-26.56616939957,10.811225587733,
    -7.551983748874));
#1050 = CARTESIAN_POINT('',(-26.56821824453,10.869446315146,
    -7.535385507913));
#1051 = CARTESIAN_POINT('',(-26.56994045018,10.927579832785,
    -7.518445667048));
#1052 = CARTESIAN_POINT('',(-26.57136367454,10.985625385031,
    -7.501180388874));
#1053 = CARTESIAN_POINT('',(-26.57251445963,11.043583346471,
    -7.483605646181));
#1054 = CARTESIAN_POINT('',(-26.57409720137,11.144931491512,
    -7.452313481631));
#1055 = CARTESIAN_POINT('',(-26.57463721195,11.188358908779,
    -7.438724034309));
#1056 = CARTESIAN_POINT('',(-26.57505083496,11.231738411032,
    -7.424976986095));
#1057 = CARTESIAN_POINT('',(-26.57533505194,11.275068400037,
    -7.411069536945));
#1058 = CARTESIAN_POINT('',(-26.57554388419,11.318357571951,
    -7.397035542072));
#1059 = CARTESIAN_POINT('',(-26.57562024624,11.361594532914,
    -7.382839862858));
#1060 = CARTESIAN_POINT('',(-26.57560484578,11.40478647502,
    -7.368508984923));
#1061 = CARTESIAN_POINT('',(-26.57530594781,11.513601273656,
    -7.332003765001));
#1062 = CARTESIAN_POINT('',(-26.57489580684,11.57916222033,
    -7.309646607236));
#1063 = CARTESIAN_POINT('',(-26.57426215858,11.644611953765,
    -7.286969573727));
#1064 = CARTESIAN_POINT('',(-26.5734158662,11.709950579176,
    -7.263981259117));
#1065 = CARTESIAN_POINT('',(-26.57236611023,11.775178126328,
    -7.240689385074));
#1066 = CARTESIAN_POINT('',(-26.571119141,11.840294262543,
    -7.217100073367));
#1067 = CARTESIAN_POINT('',(-26.56968183668,11.905299061449,
    -7.19321976073));
#1068 = CARTESIAN_POINT('',(-26.56643511038,12.036028109564,
    -7.144550815068));
#1069 = CARTESIAN_POINT('',(-26.56462071783,12.101749173827,
    -7.119754021195));
#1070 = CARTESIAN_POINT('',(-26.56264068339,12.167359977848,
    -7.094679691857));
#1071 = CARTESIAN_POINT('',(-26.56050900294,12.232862762987,
    -7.069338020805));
#1072 = CARTESIAN_POINT('',(-26.55823987411,12.298260054366,
    -7.043739077588));
#1073 = CARTESIAN_POINT('',(-26.55584769631,12.363554660863,
    -7.017892807544));
#1074 = CARTESIAN_POINT('',(-26.55334707068,12.428749675117,
    -6.991809031811));
#1075 = CARTESIAN_POINT('',(-26.54794497081,12.564305121558,
    -6.937020315091));
#1076 = CARTESIAN_POINT('',(-26.54502830723,12.634649079655,
    -6.908276522244));
#1077 = CARTESIAN_POINT('',(-26.54201653282,12.704883572616,
    -6.879276349934));
#1078 = CARTESIAN_POINT('',(-26.53892726023,12.775012183937,
    -6.850029905934));
#1079 = CARTESIAN_POINT('',(-26.53577495275,12.845038557772,
    -6.82054727889));
#1080 = CARTESIAN_POINT('',(-26.53257531269,12.914966583572,
    -6.790838441165));
#1081 = CARTESIAN_POINT('',(-26.52934851224,12.984800530048,
    -6.760913171802));
#1082 = CARTESIAN_POINT('',(-26.52275212629,13.126780347633,
    -6.699572670003));
#1083 = CARTESIAN_POINT('',(-26.51937898965,13.198919750506,
    -6.66814316397));
#1084 = CARTESIAN_POINT('',(-26.51600624232,13.270967083146,
    -6.636502582484));
#1085 = CARTESIAN_POINT('',(-26.51265074385,13.342926556786,
    -6.60466041862));
#1086 = CARTESIAN_POINT('',(-26.50932948763,13.414802381904,
    -6.572625954624));
#1087 = CARTESIAN_POINT('',(-26.50605984511,13.486598835644,
    -6.540408387435));
#1088 = CARTESIAN_POINT('',(-26.50285981013,13.558320329231,
    -6.508016954213));
#1089 = CARTESIAN_POINT('',(-26.49568780319,13.723466569692,
    -6.432979847544));
#1090 = CARTESIAN_POINT('',(-26.49177984112,13.816841877588,
    -6.390219666252));
#1091 = CARTESIAN_POINT('',(-26.48805236238,13.910104446972,
    -6.347194741894));
#1092 = CARTESIAN_POINT('',(-26.48457475349,14.003271351835,
    -6.303938394972));
#1093 = CARTESIAN_POINT('',(-26.48139956538,14.096354469775,
    -6.260475412364));
#1094 = CARTESIAN_POINT('',(-26.47857506403,14.189363890772,
    -6.216828288218));
#1095 = CARTESIAN_POINT('',(-26.47616646662,14.282313669906,
    -6.173027730748));
#1096 = CARTESIAN_POINT('',(-26.47262463098,14.451691219783,
    -6.092933725411));
#1097 = CARTESIAN_POINT('',(-26.47134043978,14.528134637219,
    -6.056681690145));
#1098 = CARTESIAN_POINT('',(-26.47036985858,14.604542048614,
    -6.020341892852));
#1099 = CARTESIAN_POINT('',(-26.4697107105,14.680911660341,
    -5.983914480304));
#1100 = CARTESIAN_POINT('',(-26.46935999146,14.757241725554,
    -5.947399581107));
#1101 = CARTESIAN_POINT('',(-26.46931387026,14.833530544192,
    -5.910797305705));
#1102 = CARTESIAN_POINT('',(-26.46956768858,14.909776462976,
    -5.874107746374));
#1103 = CARTESIAN_POINT('',(-26.47066838951,15.062735418396,
    -5.800285908977));
#1104 = CARTESIAN_POINT('',(-26.47151327915,15.139445085639,
    -5.763149879728));
#1105 = CARTESIAN_POINT('',(-26.47276332027,15.216133295769,
    -5.725977696427));
#1106 = CARTESIAN_POINT('',(-26.47453117868,15.292823142726,
    -5.688826013193));
#1107 = CARTESIAN_POINT('',(-26.47692651244,15.369534385242,
    -5.651753091215));
#1108 = CARTESIAN_POINT('',(-26.48005298886,15.446283436327,
    -5.614818558656));
#1109 = CARTESIAN_POINT('',(-26.48400530135,15.52308335275,
    -5.578083170549));
#1110 = CARTESIAN_POINT('',(-26.48985666076,15.615608098111,
    -5.534174889659));
#1111 = CARTESIAN_POINT('',(-26.49088543366,15.631274938785,
    -5.526752351287));
#1112 = CARTESIAN_POINT('',(-26.49195425478,15.646944584037,
    -5.519342035946));
#1113 = CARTESIAN_POINT('',(-26.49305290071,15.662615289354,
    -5.511938872278));
#1114 = CARTESIAN_POINT('',(-26.4941775778,15.678286412834,
    -5.504541040531));
#1115 = CARTESIAN_POINT('',(-26.49532596845,15.693957584508,
    -5.497147436635));
#1116 = CARTESIAN_POINT('',(-26.496489912,15.709627478459,-5.48975392811
    ));
#1117 = CARTESIAN_POINT('',(-26.4988441232,15.740973368411,
    -5.474959831214));
#1118 = CARTESIAN_POINT('',(-26.50003381791,15.756649233916,
    -5.467558956237));
#1119 = CARTESIAN_POINT('',(-26.50123104133,15.772322568424,
    -5.460154078438));
#1120 = CARTESIAN_POINT('',(-26.50243108555,15.787992626655,
    -5.452742769452));
#1121 = CARTESIAN_POINT('',(-26.50362928879,15.803658652003,
    -5.445322604062));
#1122 = CARTESIAN_POINT('',(-26.5048210353,15.819319876541,
    -5.437891160203));
#1123 = CARTESIAN_POINT('',(-26.50600175546,15.834975521014,
    -5.430446018961));
#1124 = CARTESIAN_POINT('',(-26.50893860046,15.874419611698,
    -5.411639879902));
#1125 = CARTESIAN_POINT('',(-26.51067422604,15.898199557622,
    -5.40025780516));
#1126 = CARTESIAN_POINT('',(-26.51235798386,15.921961932597,
    -5.388830002038));
#1127 = CARTESIAN_POINT('',(-26.51397414233,15.945703723414,
    -5.377348048017));
#1128 = CARTESIAN_POINT('',(-26.51550705687,15.969421603672,
    -5.365803636363));
#1129 = CARTESIAN_POINT('',(-26.5169411699,15.99311193378,
    -5.354188576133));
#1130 = CARTESIAN_POINT('',(-26.51826101084,16.016770760957,
    -5.342494792167));
#1131 = CARTESIAN_POINT('',(-26.52070053304,16.06519078263,
    -5.318348419831));
#1132 = CARTESIAN_POINT('',(-26.5218068216,16.0899480998,-5.30588720178)
  );
#1133 = CARTESIAN_POINT('',(-26.52275224242,16.11466083823,
    -5.293321372882));
#1134 = CARTESIAN_POINT('',(-26.52351883774,16.139323356864,
    -5.280642042372));
#1135 = CARTESIAN_POINT('',(-26.5240885114,16.1639293061,-5.26784072678)
  );
#1136 = CARTESIAN_POINT('',(-26.52444302887,16.188471627792,
    -5.254909349935));
#1137 = CARTESIAN_POINT('',(-26.5245640172,16.212942555253,
    -5.241840242956));
#1138 = CARTESIAN_POINT('',(-26.52398731877,16.320250918937,
    -5.183705047988));
#1139 = CARTESIAN_POINT('',(-26.52063492113,16.40223195025,
    -5.137121560645));
#1140 = CARTESIAN_POINT('',(-26.51466989598,16.483238324356,
    -5.089089447634));
#1141 = CARTESIAN_POINT('',(-26.50633396478,16.563260598527,
    -5.039816151458));
#1142 = CARTESIAN_POINT('',(-26.49585390416,16.642323922708,
    -4.989501166252));
#1143 = CARTESIAN_POINT('',(-26.48341546483,16.720470465371,
    -4.938318621828));
#1144 = CARTESIAN_POINT('',(-26.4692099887,16.797775373901,
    -4.886427212155));
#1145 = CARTESIAN_POINT('',(-26.43876421301,16.94525796485,
    -4.785343169926));
#1146 = CARTESIAN_POINT('',(-26.42273716362,17.015524091513,
    -4.736234618767));
#1147 = CARTESIAN_POINT('',(-26.40535857037,17.085147732489,
    -4.686707801627));
#1148 = CARTESIAN_POINT('',(-26.38665616679,17.154148088318,
    -4.636838759347));
#1149 = CARTESIAN_POINT('',(-26.36665102466,17.222544823859,
    -4.586702474112));
#1150 = CARTESIAN_POINT('',(-26.3453560607,17.290357474367,
    -4.536372740364));
#1151 = CARTESIAN_POINT('',(-26.32277454327,17.357604851578,
    -4.485922035703));
#1152 = CARTESIAN_POINT('',(-26.27845875784,17.481403634723,
    -4.392189414094));
#1153 = CARTESIAN_POINT('',(-26.25707164375,17.538097174273,
    -4.348924316489));
#1154 = CARTESIAN_POINT('',(-26.23473646539,17.59440153459,
    -4.305669553735));
#1155 = CARTESIAN_POINT('',(-26.21141463219,17.650310188864,
    -4.262467402575));
#1156 = CARTESIAN_POINT('',(-26.18707199166,17.705818071797,
    -4.219367112037));
#1157 = CARTESIAN_POINT('',(-26.16166484731,17.760914302369,
    -4.176423577574));
#1158 = CARTESIAN_POINT('',(-26.13511239473,17.815569099413,
    -4.133696619853));
#1159 = CARTESIAN_POINT('',(-26.08621955303,17.910793603371,
    -4.05910194991));
#1160 = CARTESIAN_POINT('',(-26.06442180206,17.951557186019,
    -4.027119015582));
#1161 = CARTESIAN_POINT('',(-26.04184654189,17.992020349274,
    -3.995338029716));
#1162 = CARTESIAN_POINT('',(-26.01842852442,18.032156667555,
    -3.963796131392));
#1163 = CARTESIAN_POINT('',(-25.99407793209,18.071916750343,
    -3.932547655724));
#1164 = CARTESIAN_POINT('',(-25.96868138321,18.111228649289,
    -3.901663694286));
#1165 = CARTESIAN_POINT('',(-25.94207876838,18.149987619932,
    -3.871239567868));
#1166 = CARTESIAN_POINT('',(-25.89597482161,18.212368736562,
    -3.822331992058));
#1167 = CARTESIAN_POINT('',(-25.87738406302,18.236390341089,
    -3.803513763593));
#1168 = CARTESIAN_POINT('',(-25.85810367498,18.26005881304,
    -3.784990008117));
#1169 = CARTESIAN_POINT('',(-25.83803773008,18.283315122322,
    -3.766809206048));
#1170 = CARTESIAN_POINT('',(-25.81706538442,18.306046034427,
    -3.749061552134));
#1171 = CARTESIAN_POINT('',(-25.79504674519,18.328087791057,
    -3.731875622539));
#1172 = CARTESIAN_POINT('',(-25.77179382638,18.349206261419,
    -3.715433014775));
#1173 = CARTESIAN_POINT('',(-25.73667307172,18.377188722935,
    -3.693675391617));
#1174 = CARTESIAN_POINT('',(-25.72614519462,18.385133936878,
    -3.687501382896));
#1175 = CARTESIAN_POINT('',(-25.71533144876,18.392817740777,
    -3.681534149063));
#1176 = CARTESIAN_POINT('',(-25.704209553,18.40020162027,-3.675803289096
    ));
#1177 = CARTESIAN_POINT('',(-25.69276003154,18.407235619957,
    -3.670347168469));
#1178 = CARTESIAN_POINT('',(-25.68096660969,18.413858769208,
    -3.665212572383));
#1179 = CARTESIAN_POINT('',(-25.66881660972,18.419999507971,
    -3.660454358996));
#1180 = CARTESIAN_POINT('',(-25.64402597528,18.431045930295,
    -3.651898580829));
#1181 = CARTESIAN_POINT('',(-25.63140037244,18.435972783101,
    -3.648084546367));
#1182 = CARTESIAN_POINT('',(-25.61842948105,18.4402748737,
    -3.644755741815));
#1183 = CARTESIAN_POINT('',(-25.60513590051,18.443859962822,
    -3.641982836637));
#1184 = CARTESIAN_POINT('',(-25.59156268649,18.446634034137,
    -3.639837845393));
#1185 = CARTESIAN_POINT('',(-25.57777752788,18.448515240282,
    -3.638383467823));
#1186 = CARTESIAN_POINT('',(-25.56387830085,18.449453130032,
    -3.637658360827));
#1187 = CARTESIAN_POINT('',(-25.55,18.449453156604,-3.637658342329));
#1188 = PCURVE('',#65,#1189);
#1189 = DEFINITIONAL_REPRESENTATION('',(#1190),#1403);
#1190 = B_SPLINE_CURVE_WITH_KNOTS('',8,(#1191,#1192,#1193,#1194,#1195,
    #1196,#1197,#1198,#1199,#1200,#1201,#1202,#1203,#1204,#1205,#1206,
    #1207,#1208,#1209,#1210,#1211,#1212,#1213,#1214,#1215,#1216,#1217,
    #1218,#1219,#1220,#1221,#1222,#1223,#1224,#1225,#1226,#1227,#1228,
    #1229,#1230,#1231,#1232,#1233,#1234,#1235,#1236,#1237,#1238,#1239,
    #1240,#1241,#1242,#1243,#1244,#1245,#1246,#1247,#1248,#1249,#1250,
    #1251,#1252,#1253,#1254,#1255,#1256,#1257,#1258,#1259,#1260,#1261,
    #1262,#1263,#1264,#1265,#1266,#1267,#1268,#1269,#1270,#1271,#1272,
    #1273,#1274,#1275,#1276,#1277,#1278,#1279,#1280,#1281,#1282,#1283,
    #1284,#1285,#1286,#1287,#1288,#1289,#1290,#1291,#1292,#1293,#1294,
    #1295,#1296,#1297,#1298,#1299,#1300,#1301,#1302,#1303,#1304,#1305,
    #1306,#1307,#1308,#1309,#1310,#1311,#1312,#1313,#1314,#1315,#1316,
    #1317,#1318,#1319,#1320,#1321,#1322,#1323,#1324,#1325,#1326,#1327,
    #1328,#1329,#1330,#1331,#1332,#1333,#1334,#1335,#1336,#1337,#1338,
    #1339,#1340,#1341,#1342,#1343,#1344,#1345,#1346,#1347,#1348,#1349,
    #1350,#1351,#1352,#1353,#1354,#1355,#1356,#1357,#1358,#1359,#1360,
    #1361,#1362,#1363,#1364,#1365,#1366,#1367,#1368,#1369,#1370,#1371,
    #1372,#1373,#1374,#1375,#1376,#1377,#1378,#1379,#1380,#1381,#1382,
    #1383,#1384,#1385,#1386,#1387,#1388,#1389,#1390,#1391,#1392,#1393,
    #1394,#1395,#1396,#1397,#1398,#1399,#1400,#1401,#1402),
  .UNSPECIFIED.,.F.,.F.,(9,7,7,7,7,7,7,7,7,7,7,7,7,7,7,7,7,7,7,7,7,7,7,7
    ,7,7,7,7,7,7,9),(0.,2.520139223257E-02,8.163702165861E-02,
    0.112342892508,0.143467792096,0.168713898812,0.216442866381,
    0.24160054745,0.261411658808,0.281288040438,0.313140461291,
    0.349600969171,0.376991954543,0.418684858428,0.460980057782,
    0.506756298549,0.554168022156,0.616033978894,0.66696356322,
    0.718264813535,0.728720101789,0.739181696858,0.755088617804,
    0.771786012438,0.828548688502,0.881138039765,0.926158070019,
    0.960275573418,0.982123289724,0.991148118456,1.),.UNSPECIFIED.);
#1191 = CARTESIAN_POINT('',(5.85027376644E-02,0.286847444293));
#1192 = CARTESIAN_POINT('',(5.873447050448E-02,0.288776605504));
#1193 = CARTESIAN_POINT('',(5.89626149839E-02,0.290702936095));
#1194 = CARTESIAN_POINT('',(5.918715846473E-02,0.292626509047));
#1195 = CARTESIAN_POINT('',(5.940808763848E-02,0.294547396205));
#1196 = CARTESIAN_POINT('',(5.96253885261E-02,0.296465668281));
#1197 = CARTESIAN_POINT('',(5.983904647799E-02,0.298381394852));
#1198 = CARTESIAN_POINT('',(6.004904617401E-02,0.300294644362));
#1199 = CARTESIAN_POINT('',(6.071741006559E-02,0.306484590431));
#1200 = CARTESIAN_POINT('',(6.116105222304E-02,0.310751615626));
#1201 = CARTESIAN_POINT('',(6.158595216505E-02,0.31500722315));
#1202 = CARTESIAN_POINT('',(6.199194670781E-02,0.319252031744));
#1203 = CARTESIAN_POINT('',(6.237863636954E-02,0.323486639567));
#1204 = CARTESIAN_POINT('',(6.274568332138E-02,0.327711612796));
#1205 = CARTESIAN_POINT('',(6.309299806893E-02,0.331927478176));
#1206 = CARTESIAN_POINT('',(6.359789597662E-02,0.338423884192));
#1207 = CARTESIAN_POINT('',(6.376979287574E-02,0.340710465692));
#1208 = CARTESIAN_POINT('',(6.393560224861E-02,0.342994585136));
#1209 = CARTESIAN_POINT('',(6.409525070266E-02,0.345276320576));
#1210 = CARTESIAN_POINT('',(6.424866650066E-02,0.347555746496));
#1211 = CARTESIAN_POINT('',(6.439577956071E-02,0.349832933813));
#1212 = CARTESIAN_POINT('',(6.453652145623E-02,0.352107949881));
#1213 = CARTESIAN_POINT('',(6.480695628002E-02,0.356684784912));
#1214 = CARTESIAN_POINT('',(6.493650380752E-02,0.358986546808));
#1215 = CARTESIAN_POINT('',(6.505932637056E-02,0.361286209888));
#1216 = CARTESIAN_POINT('',(6.517535125283E-02,0.363583838647));
#1217 = CARTESIAN_POINT('',(6.528469298271E-02,0.365879482568));
#1218 = CARTESIAN_POINT('',(6.53874364872E-02,0.368173190936));
#1219 = CARTESIAN_POINT('',(6.54835022955E-02,0.370465023746));
#1220 = CARTESIAN_POINT('',(6.564561003381E-02,0.374612498796));
#1221 = CARTESIAN_POINT('',(6.571387887681E-02,0.376468769109));
#1222 = CARTESIAN_POINT('',(6.57778384324E-02,0.378323864542));
#1223 = CARTESIAN_POINT('',(6.583751082691E-02,0.380177812519));
#1224 = CARTESIAN_POINT('',(6.589291943115E-02,0.382030640447));
#1225 = CARTESIAN_POINT('',(6.594408886038E-02,0.383882375712));
#1226 = CARTESIAN_POINT('',(6.599104497436E-02,0.385733045682));
#1227 = CARTESIAN_POINT('',(6.611467289381E-02,0.391079495117));
#1228 = CARTESIAN_POINT('',(6.618060018562E-02,0.394572602965));
#1229 = CARTESIAN_POINT('',(6.623045196524E-02,0.398062069991));
#1230 = CARTESIAN_POINT('',(6.626313876703E-02,0.401547912012));
#1231 = CARTESIAN_POINT('',(6.627764012485E-02,0.405030094319));
#1232 = CARTESIAN_POINT('',(6.627301824972E-02,0.40850853409));
#1233 = CARTESIAN_POINT('',(6.62484317074E-02,0.411983102786));
#1234 = CARTESIAN_POINT('',(6.617928309882E-02,0.417282924323));
#1235 = CARTESIAN_POINT('',(6.614961730582E-02,0.419111080207));
#1236 = CARTESIAN_POINT('',(6.611472082199E-02,0.420938202887));
#1237 = CARTESIAN_POINT('',(6.607514796773E-02,0.422764407085));
#1238 = CARTESIAN_POINT('',(6.603143827895E-02,0.424589815576));
#1239 = CARTESIAN_POINT('',(6.598411650701E-02,0.426414559188));
#1240 = CARTESIAN_POINT('',(6.593369261876E-02,0.428238776802));
#1241 = CARTESIAN_POINT('',(6.583890020503E-02,0.431498847163));
#1242 = CARTESIAN_POINT('',(6.579552490671E-02,0.432934838232));
#1243 = CARTESIAN_POINT('',(6.575077364148E-02,0.434370656154));
#1244 = CARTESIAN_POINT('',(6.570488035241E-02,0.435806366004));
#1245 = CARTESIAN_POINT('',(6.565807518564E-02,0.437242030338));
#1246 = CARTESIAN_POINT('',(6.561058449043E-02,0.438677709195));
#1247 = CARTESIAN_POINT('',(6.556263081911E-02,0.440113460091));
#1248 = CARTESIAN_POINT('',(6.546607413243E-02,0.442989946204));
#1249 = CARTESIAN_POINT('',(6.541747026185E-02,0.44443068071));
#1250 = CARTESIAN_POINT('',(6.536886563212E-02,0.445871599413));
#1251 = CARTESIAN_POINT('',(6.532040601015E-02,0.447312735864));
#1252 = CARTESIAN_POINT('',(6.52722276031E-02,0.448754117933));
#1253 = CARTESIAN_POINT('',(6.522449465167E-02,0.450195775697));
#1254 = CARTESIAN_POINT('',(6.517738562642E-02,0.451637738591));
#1255 = CARTESIAN_POINT('',(6.505674063083E-02,0.45539131853));
#1256 = CARTESIAN_POINT('',(6.49844140328E-02,0.457703437216));
#1257 = CARTESIAN_POINT('',(6.491467652571E-02,0.460016467557));
#1258 = CARTESIAN_POINT('',(6.484815481211E-02,0.462330462652));
#1259 = CARTESIAN_POINT('',(6.478547400445E-02,0.464645439013));
#1260 = CARTESIAN_POINT('',(6.47272576251E-02,0.466961376569));
#1261 = CARTESIAN_POINT('',(6.467412760637E-02,0.469278218661));
#1262 = CARTESIAN_POINT('',(6.457242468051E-02,0.474248820867));
#1263 = CARTESIAN_POINT('',(6.452560641198E-02,0.476902812231));
#1264 = CARTESIAN_POINT('',(6.448564164111E-02,0.479557576101));
#1265 = CARTESIAN_POINT('',(6.44519404688E-02,0.482212892571));
#1266 = CARTESIAN_POINT('',(6.44239309406E-02,0.48486859186));
#1267 = CARTESIAN_POINT('',(6.440105904671E-02,0.487524554315));
#1268 = CARTESIAN_POINT('',(6.4382788722E-02,0.49018071041));
#1269 = CARTESIAN_POINT('',(6.435794437134E-02,0.49483261059));
#1270 = CARTESIAN_POINT('',(6.434958408306E-02,0.496828267041));
#1271 = CARTESIAN_POINT('',(6.434325425518E-02,0.498824007574));
#1272 = CARTESIAN_POINT('',(6.433907608751E-02,0.500819778498));
#1273 = CARTESIAN_POINT('',(6.433578562561E-02,0.502815775798));
#1274 = CARTESIAN_POINT('',(6.433478910827E-02,0.504811694601));
#1275 = CARTESIAN_POINT('',(6.433512986189E-02,0.506807705357));
#1276 = CARTESIAN_POINT('',(6.434016844098E-02,0.511841928306));
#1277 = CARTESIAN_POINT('',(6.434682803123E-02,0.514880164744));
#1278 = CARTESIAN_POINT('',(6.435706948219E-02,0.517918369144));
#1279 = CARTESIAN_POINT('',(6.437073325415E-02,0.520956480896));
#1280 = CARTESIAN_POINT('',(6.43877020981E-02,0.523994455554));
#1281 = CARTESIAN_POINT('',(6.440793432238E-02,0.527032269276));
#1282 = CARTESIAN_POINT('',(6.443137078949E-02,0.530069907218));
#1283 = CARTESIAN_POINT('',(6.448443814829E-02,0.536188642771));
#1284 = CARTESIAN_POINT('',(6.451415211486E-02,0.539269734213));
#1285 = CARTESIAN_POINT('',(6.454662053654E-02,0.542350590129));
#1286 = CARTESIAN_POINT('',(6.458160311137E-02,0.545431203983));
#1287 = CARTESIAN_POINT('',(6.461885624138E-02,0.548511582779));
#1288 = CARTESIAN_POINT('',(6.465813303257E-02,0.551591747055));
#1289 = CARTESIAN_POINT('',(6.469918329495E-02,0.55467173089));
#1290 = CARTESIAN_POINT('',(6.478782821789E-02,0.561084915021));
#1291 = CARTESIAN_POINT('',(6.483566775385E-02,0.564418095011));
#1292 = CARTESIAN_POINT('',(6.488505071945E-02,0.56775111661));
#1293 = CARTESIAN_POINT('',(6.493569207405E-02,0.571083991501));
#1294 = CARTESIAN_POINT('',(6.498735831214E-02,0.574416734421));
#1295 = CARTESIAN_POINT('',(6.50397955964E-02,0.57774937204));
#1296 = CARTESIAN_POINT('',(6.509267689303E-02,0.581081949364));
#1297 = CARTESIAN_POINT('',(6.520078375717E-02,0.587866127545));
#1298 = CARTESIAN_POINT('',(6.525607007491E-02,0.591317728508));
#1299 = CARTESIAN_POINT('',(6.531135522388E-02,0.594769342517));
#1300 = CARTESIAN_POINT('',(6.536636209889E-02,0.598220998499));
#1301 = CARTESIAN_POINT('',(6.542081080201E-02,0.60167272601));
#1302 = CARTESIAN_POINT('',(6.547441510234E-02,0.605124558101));
#1303 = CARTESIAN_POINT('',(6.552687889585E-02,0.608576534194));
#1304 = CARTESIAN_POINT('',(6.564446287663E-02,0.616533321082));
#1305 = CARTESIAN_POINT('',(6.57085337729E-02,0.621038227939));
#1306 = CARTESIAN_POINT('',(6.576964049032E-02,0.625543610256));
#1307 = CARTESIAN_POINT('',(6.582665044932E-02,0.630049414591));
#1308 = CARTESIAN_POINT('',(6.587870214688E-02,0.634555670444));
#1309 = CARTESIAN_POINT('',(6.592500290794E-02,0.639062416603));
#1310 = CARTESIAN_POINT('',(6.596448666021E-02,0.643569577207));
#1311 = CARTESIAN_POINT('',(6.602254748896E-02,0.651787864942));
#1312 = CARTESIAN_POINT('',(6.604359934528E-02,0.65549884868));
#1313 = CARTESIAN_POINT('',(6.605951040242E-02,0.659210052041));
#1314 = CARTESIAN_POINT('',(6.607031625704E-02,0.662921444054));
#1315 = CARTESIAN_POINT('',(6.607606606551E-02,0.666632995954));
#1316 = CARTESIAN_POINT('',(6.607682254397E-02,0.670344681185));
#1317 = CARTESIAN_POINT('',(6.607266196829E-02,0.674056475399));
#1318 = CARTESIAN_POINT('',(6.605461824636E-02,0.681507325158));
#1319 = CARTESIAN_POINT('',(6.60407677642E-02,0.68524633226));
#1320 = CARTESIAN_POINT('',(6.602027535989E-02,0.688985231478));
#1321 = CARTESIAN_POINT('',(6.599129406972E-02,0.692723709433));
#1322 = CARTESIAN_POINT('',(6.59520262369E-02,0.696461290366));
#1323 = CARTESIAN_POINT('',(6.590077241441E-02,0.700197340849));
#1324 = CARTESIAN_POINT('',(6.583598026787E-02,0.703931074488));
#1325 = CARTESIAN_POINT('',(6.574005616258E-02,0.708421836362));
#1326 = CARTESIAN_POINT('',(6.572319100211E-02,0.709181976616));
#1327 = CARTESIAN_POINT('',(6.570566931303E-02,0.709941963838));
#1328 = CARTESIAN_POINT('',(6.568765869246E-02,0.71070183586));
#1329 = CARTESIAN_POINT('',(6.566922133181E-02,0.711461605494));
#1330 = CARTESIAN_POINT('',(6.565039522456E-02,0.712221281179));
#1331 = CARTESIAN_POINT('',(6.563131415241E-02,0.712980897393));
#1332 = CARTESIAN_POINT('',(6.559272046676E-02,0.714500496372));
#1333 = CARTESIAN_POINT('',(6.557321724574E-02,0.715260480043));
#1334 = CARTESIAN_POINT('',(6.555359060445E-02,0.716020440577));
#1335 = CARTESIAN_POINT('',(6.553391772151E-02,0.716780399448));
#1336 = CARTESIAN_POINT('',(6.551427502016E-02,0.717540377624));
#1337 = CARTESIAN_POINT('',(6.549473816823E-02,0.718300395568));
#1338 = CARTESIAN_POINT('',(6.547538207816E-02,0.71906047324));
#1339 = CARTESIAN_POINT('',(6.542723702809E-02,0.720976453288));
#1340 = CARTESIAN_POINT('',(6.539878412413E-02,0.722132452743));
#1341 = CARTESIAN_POINT('',(6.537118151692E-02,0.723288700863));
#1342 = CARTESIAN_POINT('',(6.534468710199E-02,0.724445255528));
#1343 = CARTESIAN_POINT('',(6.531955734867E-02,0.725602160099));
#1344 = CARTESIAN_POINT('',(6.529604730004E-02,0.726759443415));
#1345 = CARTESIAN_POINT('',(6.527441057296E-02,0.727917119795));
#1346 = CARTESIAN_POINT('',(6.523441844454E-02,0.730290807038));
#1347 = CARTESIAN_POINT('',(6.521628259655E-02,0.731506844738));
#1348 = CARTESIAN_POINT('',(6.520078393582E-02,0.732723303869));
#1349 = CARTESIAN_POINT('',(6.518821685277E-02,0.733940150318));
#1350 = CARTESIAN_POINT('',(6.517887800654E-02,0.735157314132));
#1351 = CARTESIAN_POINT('',(6.517306632493E-02,0.736374689515));
#1352 = CARTESIAN_POINT('',(6.517108300447E-02,0.737592134829));
#1353 = CARTESIAN_POINT('',(6.518053756248E-02,0.742947804553));
#1354 = CARTESIAN_POINT('',(6.52354954562E-02,0.747084110496));
#1355 = CARTESIAN_POINT('',(6.533328332947E-02,0.751213565607));
#1356 = CARTESIAN_POINT('',(6.546993840836E-02,0.755332512492));
#1357 = CARTESIAN_POINT('',(6.564174285471E-02,0.759438921482));
#1358 = CARTESIAN_POINT('',(6.584565148467E-02,0.763531692045));
#1359 = CARTESIAN_POINT('',(6.607852736467E-02,0.767611514892));
#1360 = CARTESIAN_POINT('',(6.657763565567E-02,0.775449690014));
#1361 = CARTESIAN_POINT('',(6.684037233234E-02,0.779208719555));
#1362 = CARTESIAN_POINT('',(6.71252653678E-02,0.782955954523));
#1363 = CARTESIAN_POINT('',(6.743186050691E-02,0.786690137241));
#1364 = CARTESIAN_POINT('',(6.775981269088E-02,0.790410052723));
#1365 = CARTESIAN_POINT('',(6.810891053492E-02,0.794114510801));
#1366 = CARTESIAN_POINT('',(6.847910080588E-02,0.797802328256));
#1367 = CARTESIAN_POINT('',(6.920559495734E-02,0.804614057115));
#1368 = CARTESIAN_POINT('',(6.95562073707E-02,0.807742495779));
#1369 = CARTESIAN_POINT('',(6.992236375708E-02,0.810857121017));
#1370 = CARTESIAN_POINT('',(7.030469480737E-02,0.813956524625));
#1371 = CARTESIAN_POINT('',(7.070375981796E-02,0.817039230788));
#1372 = CARTESIAN_POINT('',(7.112027490745E-02,0.820103427006));
#1373 = CARTESIAN_POINT('',(7.155556334874E-02,0.823146449004));
#1374 = CARTESIAN_POINT('',(7.235708511784E-02,0.828452326077));
#1375 = CARTESIAN_POINT('',(7.271442402117E-02,0.830725002588));
#1376 = CARTESIAN_POINT('',(7.308450652671E-02,0.832981829351));
#1377 = CARTESIAN_POINT('',(7.346840344483E-02,0.835220894025));
#1378 = CARTESIAN_POINT('',(7.38675863957E-02,0.837439029595));
#1379 = CARTESIAN_POINT('',(7.428391285959E-02,0.839631837376));
#1380 = CARTESIAN_POINT('',(7.472000858067E-02,0.841793126036));
#1381 = CARTESIAN_POINT('',(7.547578990506E-02,0.845270065394));
#1382 = CARTESIAN_POINT('',(7.578054795878E-02,0.846608558143));
#1383 = CARTESIAN_POINT('',(7.609661146516E-02,0.847926897922));
#1384 = CARTESIAN_POINT('',(7.642555325877E-02,0.849221735608));
#1385 = CARTESIAN_POINT('',(7.676935463246E-02,0.850486721808));
#1386 = CARTESIAN_POINT('',(7.713030913005E-02,0.851712723972));
#1387 = CARTESIAN_POINT('',(7.751149865138E-02,0.85288674473));
#1388 = CARTESIAN_POINT('',(7.808724185191E-02,0.854441568338));
#1389 = CARTESIAN_POINT('',(7.82598281646E-02,0.854882937607));
#1390 = CARTESIAN_POINT('',(7.843710102857E-02,0.855309687799));
#1391 = CARTESIAN_POINT('',(7.86194257116E-02,0.855719688185));
#1392 = CARTESIAN_POINT('',(7.880712148984E-02,0.856110175787));
#1393 = CARTESIAN_POINT('',(7.900045515826E-02,0.856477779455));
#1394 = CARTESIAN_POINT('',(7.919963454114E-02,0.856818543946));
#1395 = CARTESIAN_POINT('',(7.960603682943E-02,0.857431439014));
#1396 = CARTESIAN_POINT('',(7.981301330875E-02,0.857704746101));
#1397 = CARTESIAN_POINT('',(8.002565040039E-02,0.857943353489));
#1398 = CARTESIAN_POINT('',(8.024357760831E-02,0.858142164073));
#1399 = CARTESIAN_POINT('',(8.046608908556E-02,0.858295982985));
#1400 = CARTESIAN_POINT('',(8.069207516373E-02,0.858400287588));
#1401 = CARTESIAN_POINT('',(8.091993130653E-02,0.858452289873));
#1402 = CARTESIAN_POINT('',(8.114744448771E-02,0.858452291291));
#1403 = ( GEOMETRIC_REPRESENTATION_CONTEXT(2) 
PARAMETRIC_REPRESENTATION_CONTEXT() REPRESENTATION_CONTEXT('2D SPACE',''
  ) );
#1404 = PCURVE('',#1405,#1442);
#1405 = ( BOUNDED_SURFACE() B_SPLINE_SURFACE(3,2,(
    (#1406,#1407,#1408)
    ,(#1409,#1410,#1411)
    ,(#1412,#1413,#1414)
    ,(#1415,#1416,#1417)
    ,(#1418,#1419,#1420)
    ,(#1421,#1422,#1423)
    ,(#1424,#1425,#1426)
    ,(#1427,#1428,#1429)
    ,(#1430,#1431,#1432)
    ,(#1433,#1434,#1435)
    ,(#1436,#1437,#1438)
    ,(#1439,#1440,#1441
)),.UNSPECIFIED.,.F.,.F.,.F.) B_SPLINE_SURFACE_WITH_KNOTS((4,2,2,2,2,4),
  (3,3),(3.773969174176E-02,4.133969533883E-02,4.493969893591E-02,
    4.673970073445E-02,4.853970253299E-02,5.213970613007E-02),(0.,1.),
.UNSPECIFIED.) GEOMETRIC_REPRESENTATION_ITEM() RATIONAL_B_SPLINE_SURFACE
((
    (1.,0.707106781187,1.)
    ,(1.,0.707106781187,1.)
    ,(1.,0.707106781187,1.)
    ,(1.,0.707106781187,1.)
    ,(1.,0.707106781187,1.)
    ,(1.,0.707106781187,1.)
    ,(1.,0.707106781187,1.)
    ,(1.,0.707106781187,1.)
    ,(1.,0.707106781187,1.)
    ,(1.,0.707106781187,1.)
    ,(1.,0.707106781187,1.)
,(1.,0.707106781187,1.))) REPRESENTATION_ITEM('') SURFACE() );
#1406 = CARTESIAN_POINT('',(-27.55,20.067229270079,-4.974231890717));
#1407 = CARTESIAN_POINT('',(-27.55,18.971188934173,-3.301301652462));
#1408 = CARTESIAN_POINT('',(-25.55,18.971188934173,-3.301301652462));
#1409 = CARTESIAN_POINT('',(-27.55,19.064733928579,-5.631028736303));
#1410 = CARTESIAN_POINT('',(-27.55,18.013730760967,-3.928591856312));
#1411 = CARTESIAN_POINT('',(-25.55,18.013730768611,-3.928591867799));
#1412 = CARTESIAN_POINT('',(-27.55,18.03595177168,-6.247511052949));
#1413 = CARTESIAN_POINT('',(-27.55,17.035337357843,-4.514591718501));
#1414 = CARTESIAN_POINT('',(-25.55,17.035337358534,-4.514591719792));
#1415 = CARTESIAN_POINT('',(-27.55,15.914303607266,-7.382191135329));
#1416 = CARTESIAN_POINT('',(-27.55,15.02850936781,-5.587864746443));
#1417 = CARTESIAN_POINT('',(-25.55,15.02850936712,-5.587864745152));
#1418 = CARTESIAN_POINT('',(-27.55,14.82151619492,-7.90050987923));
#1419 = CARTESIAN_POINT('',(-27.55,14.000167447477,-6.075227668627));
#1420 = CARTESIAN_POINT('',(-25.55,14.000167449512,-6.075227673676));
#1421 = CARTESIAN_POINT('',(-27.55,13.122167235378,-8.585710176194));
#1422 = CARTESIAN_POINT('',(-27.55,12.410966270794,-6.716014902604));
#1423 = CARTESIAN_POINT('',(-25.55,12.410966269776,-6.71601490008));
#1424 = CARTESIAN_POINT('',(-27.55,12.547752387149,-8.797637465002));
#1425 = CARTESIAN_POINT('',(-27.55,11.87539464192,-6.91355453938));
#1426 = CARTESIAN_POINT('',(-25.55,11.87539464228,-6.91355454046));
#1427 = CARTESIAN_POINT('',(-27.55,11.394747247867,-9.181483776719));
#1428 = CARTESIAN_POINT('',(-27.55,10.803641869101,-7.270351170345));
#1429 = CARTESIAN_POINT('',(-25.55,10.803641868741,-7.270351169265));
#1430 = CARTESIAN_POINT('',(-27.55,10.814372664859,-9.354140522242));
#1431 = CARTESIAN_POINT('',(-27.55,10.265792137622,-7.430299433127));
#1432 = CARTESIAN_POINT('',(-25.55,10.265792137739,-7.430299433575));
#1433 = CARTESIAN_POINT('',(-27.55,9.060949954579,-9.810913478589));
#1434 = CARTESIAN_POINT('',(-27.55,8.645569117534,-7.852373388734));
#1435 = CARTESIAN_POINT('',(-25.55,8.6455691173,-7.852373387837));
#1436 = CARTESIAN_POINT('',(-27.55,7.875628166853,-10.03399483855));
#1437 = CARTESIAN_POINT('',(-27.55,7.55660502315,-8.056899518726));
#1438 = CARTESIAN_POINT('',(-25.55,7.556605021876,-8.056899506062));
#1439 = CARTESIAN_POINT('',(-27.55,6.671804753616,-10.16494241285));
#1440 = CARTESIAN_POINT('',(-27.55,6.455527702774,-8.176670741961));
#1441 = CARTESIAN_POINT('',(-25.55,6.455527702774,-8.176670741961));
#1442 = DEFINITIONAL_REPRESENTATION('',(#1443),#1656);
#1443 = B_SPLINE_CURVE_WITH_KNOTS('',8,(#1444,#1445,#1446,#1447,#1448,
    #1449,#1450,#1451,#1452,#1453,#1454,#1455,#1456,#1457,#1458,#1459,
    #1460,#1461,#1462,#1463,#1464,#1465,#1466,#1467,#1468,#1469,#1470,
    #1471,#1472,#1473,#1474,#1475,#1476,#1477,#1478,#1479,#1480,#1481,
    #1482,#1483,#1484,#1485,#1486,#1487,#1488,#1489,#1490,#1491,#1492,
    #1493,#1494,#1495,#1496,#1497,#1498,#1499,#1500,#1501,#1502,#1503,
    #1504,#1505,#1506,#1507,#1508,#1509,#1510,#1511,#1512,#1513,#1514,
    #1515,#1516,#1517,#1518,#1519,#1520,#1521,#1522,#1523,#1524,#1525,
    #1526,#1527,#1528,#1529,#1530,#1531,#1532,#1533,#1534,#1535,#1536,
    #1537,#1538,#1539,#1540,#1541,#1542,#1543,#1544,#1545,#1546,#1547,
    #1548,#1549,#1550,#1551,#1552,#1553,#1554,#1555,#1556,#1557,#1558,
    #1559,#1560,#1561,#1562,#1563,#1564,#1565,#1566,#1567,#1568,#1569,
    #1570,#1571,#1572,#1573,#1574,#1575,#1576,#1577,#1578,#1579,#1580,
    #1581,#1582,#1583,#1584,#1585,#1586,#1587,#1588,#1589,#1590,#1591,
    #1592,#1593,#1594,#1595,#1596,#1597,#1598,#1599,#1600,#1601,#1602,
    #1603,#1604,#1605,#1606,#1607,#1608,#1609,#1610,#1611,#1612,#1613,
    #1614,#1615,#1616,#1617,#1618,#1619,#1620,#1621,#1622,#1623,#1624,
    #1625,#1626,#1627,#1628,#1629,#1630,#1631,#1632,#1633,#1634,#1635,
    #1636,#1637,#1638,#1639,#1640,#1641,#1642,#1643,#1644,#1645,#1646,
    #1647,#1648,#1649,#1650,#1651,#1652,#1653,#1654,#1655),
  .UNSPECIFIED.,.F.,.F.,(9,7,7,7,7,7,7,7,7,7,7,7,7,7,7,7,7,7,7,7,7,7,7,7
    ,7,7,7,7,7,7,9),(0.,2.520139223257E-02,8.163702165861E-02,
    0.112342892508,0.143467792096,0.168713898812,0.216442866381,
    0.24160054745,0.261411658808,0.281288040438,0.313140461291,
    0.349600969171,0.376991954543,0.418684858428,0.460980057782,
    0.506756298549,0.554168022156,0.616033978894,0.66696356322,
    0.718264813535,0.728720101789,0.739181696858,0.755088617804,
    0.771786012438,0.828548688502,0.881138039765,0.926158070019,
    0.960275573418,0.982123289724,0.991148118456,1.),.UNSPECIFIED.);
#1444 = CARTESIAN_POINT('',(5.205492651212E-02,0.696252349613));
#1445 = CARTESIAN_POINT('',(5.201006270454E-02,0.696888476939));
#1446 = CARTESIAN_POINT('',(5.196519203042E-02,0.697519370663));
#1447 = CARTESIAN_POINT('',(5.192031464388E-02,0.698144035471));
#1448 = CARTESIAN_POINT('',(5.187543071358E-02,0.698761484947));
#1449 = CARTESIAN_POINT('',(5.183054042277E-02,0.699370741574));
#1450 = CARTESIAN_POINT('',(5.178564396926E-02,0.699970836731));
#1451 = CARTESIAN_POINT('',(5.174074156542E-02,0.700560810695));
#1452 = CARTESIAN_POINT('',(5.159526682555E-02,0.702436019821));
#1453 = CARTESIAN_POINT('',(5.149467172649E-02,0.703677327479));
#1454 = CARTESIAN_POINT('',(5.139405020201E-02,0.704850557686));
#1455 = CARTESIAN_POINT('',(5.129340541626E-02,0.705947194084));
#1456 = CARTESIAN_POINT('',(5.119274068062E-02,0.706953915573));
#1457 = CARTESIAN_POINT('',(5.109206006387E-02,0.707859165547));
#1458 = CARTESIAN_POINT('',(5.099136876657E-02,0.708657260892));
#1459 = CARTESIAN_POINT('',(5.083588340165E-02,0.70969855428));
#1460 = CARTESIAN_POINT('',(5.07810936327E-02,0.710028945285));
#1461 = CARTESIAN_POINT('',(5.072630300151E-02,0.710320616975));
#1462 = CARTESIAN_POINT('',(5.067151245302E-02,0.710571429194));
#1463 = CARTESIAN_POINT('',(5.061672302726E-02,0.710779302572));
#1464 = CARTESIAN_POINT('',(5.056193585934E-02,0.710942218522));
#1465 = CARTESIAN_POINT('',(5.050715217942E-02,0.711058219244));
#1466 = CARTESIAN_POINT('',(5.039684690204E-02,0.711193424511));
#1467 = CARTESIAN_POINT('',(5.034132537273E-02,0.711211763885));
#1468 = CARTESIAN_POINT('',(5.02858102207E-02,0.711177366234));
#1469 = CARTESIAN_POINT('',(5.02303029351E-02,0.711088245354));
#1470 = CARTESIAN_POINT('',(5.017480502511E-02,0.710945297614));
#1471 = CARTESIAN_POINT('',(5.011931802598E-02,0.710749013663));
#1472 = CARTESIAN_POINT('',(5.006384349187E-02,0.710497429566));
#1473 = CARTESIAN_POINT('',(4.996339771912E-02,0.709943579755));
#1474 = CARTESIAN_POINT('',(4.991842166287E-02,0.709659605964));
#1475 = CARTESIAN_POINT('',(4.987345563967E-02,0.709339665941));
#1476 = CARTESIAN_POINT('',(4.98285004678E-02,0.708983727311));
#1477 = CARTESIAN_POINT('',(4.978355695871E-02,0.708591792225));
#1478 = CARTESIAN_POINT('',(4.973862591706E-02,0.708163897366));
#1479 = CARTESIAN_POINT('',(4.969370814068E-02,0.707700113943));
#1480 = CARTESIAN_POINT('',(4.956391179868E-02,0.706256084211));
#1481 = CARTESIAN_POINT('',(4.947906941713E-02,0.705184212932));
#1482 = CARTESIAN_POINT('',(4.939428531998E-02,0.703965297162));
#1483 = CARTESIAN_POINT('',(4.930956941934E-02,0.702580791509));
#1484 = CARTESIAN_POINT('',(4.922493339982E-02,0.701013476961));
#1485 = CARTESIAN_POINT('',(4.914039062313E-02,0.699247695963));
#1486 = CARTESIAN_POINT('',(4.905595603254E-02,0.697269587484));
#1487 = CARTESIAN_POINT('',(4.892720671147E-02,0.693906555032));
#1488 = CARTESIAN_POINT('',(4.888280243808E-02,0.692682749833));
#1489 = CARTESIAN_POINT('',(4.883843185873E-02,0.691404438475));
#1490 = CARTESIAN_POINT('',(4.879409327072E-02,0.690079905594));
#1491 = CARTESIAN_POINT('',(4.874978464723E-02,0.688717188495));
#1492 = CARTESIAN_POINT('',(4.870550363726E-02,0.687324077149));
#1493 = CARTESIAN_POINT('',(4.866124756566E-02,0.685908114193));
#1494 = CARTESIAN_POINT('',(4.858218004595E-02,0.683349284856));
#1495 = CARTESIAN_POINT('',(4.854736042159E-02,0.68221238672));
#1496 = CARTESIAN_POINT('',(4.851255317834E-02,0.681069379401));
#1497 = CARTESIAN_POINT('',(4.847775695459E-02,0.679923681721));
#1498 = CARTESIAN_POINT('',(4.844297040885E-02,0.678778652437));
#1499 = CARTESIAN_POINT('',(4.840819221972E-02,0.67763759025));
#1500 = CARTESIAN_POINT('',(4.837342108593E-02,0.676503733798));
#1501 = CARTESIAN_POINT('',(4.830377583888E-02,0.674253049454));
#1502 = CARTESIAN_POINT('',(4.826890179559E-02,0.673136297262));
#1503 = CARTESIAN_POINT('',(4.82340321865E-02,0.672033607612));
#1504 = CARTESIAN_POINT('',(4.819916633424E-02,0.670946900419));
#1505 = CARTESIAN_POINT('',(4.816430368048E-02,0.669877932944));
#1506 = CARTESIAN_POINT('',(4.812944352665E-02,0.668828941722));
#1507 = CARTESIAN_POINT('',(4.809458512868E-02,0.667802406483));
#1508 = CARTESIAN_POINT('',(4.800386891045E-02,0.665193483793));
#1509 = CARTESIAN_POINT('',(4.794801327574E-02,0.66364936141));
#1510 = CARTESIAN_POINT('',(4.789215898393E-02,0.662175962334));
#1511 = CARTESIAN_POINT('',(4.783630444878E-02,0.660781649843));
#1512 = CARTESIAN_POINT('',(4.778044875575E-02,0.659474757049));
#1513 = CARTESIAN_POINT('',(4.772459166201E-02,0.65826358689));
#1514 = CARTESIAN_POINT('',(4.76687335964E-02,0.657156412135));
#1515 = CARTESIAN_POINT('',(4.754893674206E-02,0.655022677494));
#1516 = CARTESIAN_POINT('',(4.748499850506E-02,0.654030699085));
#1517 = CARTESIAN_POINT('',(4.742106780285E-02,0.653174959087));
#1518 = CARTESIAN_POINT('',(4.735715052499E-02,0.652445186818));
#1519 = CARTESIAN_POINT('',(4.729325159626E-02,0.651831421984));
#1520 = CARTESIAN_POINT('',(4.722937497664E-02,0.651324014679));
#1521 = CARTESIAN_POINT('',(4.716552366129E-02,0.650913625384));
#1522 = CARTESIAN_POINT('',(4.705375162514E-02,0.650349027321));
#1523 = CARTESIAN_POINT('',(4.700582107124E-02,0.650156347008));
#1524 = CARTESIAN_POINT('',(4.695790087331E-02,0.650008734896));
#1525 = CARTESIAN_POINT('',(4.69100117052E-02,0.649907295021));
#1526 = CARTESIAN_POINT('',(4.686211950388E-02,0.649832755059));
#1527 = CARTESIAN_POINT('',(4.681426895748E-02,0.649805498684));
#1528 = CARTESIAN_POINT('',(4.676641911531E-02,0.649810996976));
#1529 = CARTESIAN_POINT('',(4.6645810008E-02,0.649917678287));
#1530 = CARTESIAN_POINT('',(4.657308661959E-02,0.650064061157));
#1531 = CARTESIAN_POINT('',(4.650042604505E-02,0.650290196148));
#1532 = CARTESIAN_POINT('',(4.642782552357E-02,0.650592163051));
#1533 = CARTESIAN_POINT('',(4.635528221338E-02,0.650966618555));
#1534 = CARTESIAN_POINT('',(4.628279321541E-02,0.651411245849));
#1535 = CARTESIAN_POINT('',(4.621035548793E-02,0.651923492422));
#1536 = CARTESIAN_POINT('',(4.606453007489E-02,0.65307995548));
#1537 = CARTESIAN_POINT('',(4.599114378807E-02,0.653725943978));
#1538 = CARTESIAN_POINT('',(4.591780322617E-02,0.654430523903));
#1539 = CARTESIAN_POINT('',(4.584450469483E-02,0.655188596901));
#1540 = CARTESIAN_POINT('',(4.577124437092E-02,0.655995003918));
#1541 = CARTESIAN_POINT('',(4.569801830257E-02,0.656844525199));
#1542 = CARTESIAN_POINT('',(4.562482240919E-02,0.657731880287));
#1543 = CARTESIAN_POINT('',(4.547246001413E-02,0.659647300304));
#1544 = CARTESIAN_POINT('',(4.539330029935E-02,0.660680639078));
#1545 = CARTESIAN_POINT('',(4.531416035377E-02,0.661746772499));
#1546 = CARTESIAN_POINT('',(4.523504735285E-02,0.662839378896));
#1547 = CARTESIAN_POINT('',(4.515594740554E-02,0.663953271582));
#1548 = CARTESIAN_POINT('',(4.507685059212E-02,0.665082855848));
#1549 = CARTESIAN_POINT('',(4.499776943505E-02,0.666220992573));
#1550 = CARTESIAN_POINT('',(4.483675715086E-02,0.668545547049));
#1551 = CARTESIAN_POINT('',(4.475480411541E-02,0.669733141365));
#1552 = CARTESIAN_POINT('',(4.467281884492E-02,0.670919501249));
#1553 = CARTESIAN_POINT('',(4.459080141797E-02,0.672098712756));
#1554 = CARTESIAN_POINT('',(4.450875199336E-02,0.673264844885));
#1555 = CARTESIAN_POINT('',(4.442667079036E-02,0.674411861873));
#1556 = CARTESIAN_POINT('',(4.434455806892E-02,0.675533535488));
#1557 = CARTESIAN_POINT('',(4.415522724501E-02,0.678045520204));
#1558 = CARTESIAN_POINT('',(4.404798765677E-02,0.679412806309));
#1559 = CARTESIAN_POINT('',(4.394069624998E-02,0.680715612539));
#1560 = CARTESIAN_POINT('',(4.383335270215E-02,0.681929924585));
#1561 = CARTESIAN_POINT('',(4.372595875158E-02,0.683037702225));
#1562 = CARTESIAN_POINT('',(4.361851746202E-02,0.684022452302));
#1563 = CARTESIAN_POINT('',(4.351103198688E-02,0.684861746589));
#1564 = CARTESIAN_POINT('',(4.331499041709E-02,0.686095472011));
#1565 = CARTESIAN_POINT('',(4.32264471922E-02,0.686542585135));
#1566 = CARTESIAN_POINT('',(4.313788157483E-02,0.686880393054));
#1567 = CARTESIAN_POINT('',(4.304929734337E-02,0.687109756838));
#1568 = CARTESIAN_POINT('',(4.296069816118E-02,0.687231786684));
#1569 = CARTESIAN_POINT('',(4.287208757659E-02,0.687247841916));
#1570 = CARTESIAN_POINT('',(4.278346902288E-02,0.687159530982));
#1571 = CARTESIAN_POINT('',(4.260557587213E-02,0.686776442439));
#1572 = CARTESIAN_POINT('',(4.25163026392E-02,0.686482378469));
#1573 = CARTESIAN_POINT('',(4.242702811782E-02,0.686047216131));
#1574 = CARTESIAN_POINT('',(4.233775931663E-02,0.685431657279));
#1575 = CARTESIAN_POINT('',(4.224850811174E-02,0.684597311227));
#1576 = CARTESIAN_POINT('',(4.215929110379E-02,0.683507596936));
#1577 = CARTESIAN_POINT('',(4.20701294751E-02,0.682128645202));
#1578 = CARTESIAN_POINT('',(4.196289403824E-02,0.680084117804));
#1579 = CARTESIAN_POINT('',(4.194474269204E-02,0.679724568255));
#1580 = CARTESIAN_POINT('',(4.192659515173E-02,0.679350928101));
#1581 = CARTESIAN_POINT('',(4.190845066153E-02,0.678966758184));
#1582 = CARTESIAN_POINT('',(4.189030898145E-02,0.678573374786));
#1583 = CARTESIAN_POINT('',(4.187216995109E-02,0.678171580724));
#1584 = CARTESIAN_POINT('',(4.185403284676E-02,0.67776422285));
#1585 = CARTESIAN_POINT('',(4.181775095838E-02,0.676940046062));
#1586 = CARTESIAN_POINT('',(4.179960616003E-02,0.676523427196));
#1587 = CARTESIAN_POINT('',(4.178146250965E-02,0.676104044312));
#1588 = CARTESIAN_POINT('',(4.17633195388E-02,0.675683543181));
#1589 = CARTESIAN_POINT('',(4.174517678265E-02,0.675263556216));
#1590 = CARTESIAN_POINT('',(4.172703377997E-02,0.674845702474));
#1591 = CARTESIAN_POINT('',(4.170889007314E-02,0.674431587652));
#1592 = CARTESIAN_POINT('',(4.166315582887E-02,0.67340123849));
#1593 = CARTESIAN_POINT('',(4.163556393441E-02,0.672792029058));
#1594 = CARTESIAN_POINT('',(4.160796783334E-02,0.672200749101));
#1595 = CARTESIAN_POINT('',(4.158036613617E-02,0.671632951397));
#1596 = CARTESIAN_POINT('',(4.155275775531E-02,0.671094168199));
#1597 = CARTESIAN_POINT('',(4.152514190508E-02,0.670589911237));
#1598 = CARTESIAN_POINT('',(4.14975181017E-02,0.670125671712));
#1599 = CARTESIAN_POINT('',(4.144088108924E-02,0.669267360049));
#1600 = CARTESIAN_POINT('',(4.141186736806E-02,0.668877969097));
#1601 = CARTESIAN_POINT('',(4.138284474296E-02,0.668545092893));
#1602 = CARTESIAN_POINT('',(4.135381375532E-02,0.66827511374));
#1603 = CARTESIAN_POINT('',(4.13247757447E-02,0.668074450795));
#1604 = CARTESIAN_POINT('',(4.129573284884E-02,0.667949560068));
#1605 = CARTESIAN_POINT('',(4.126668800362E-02,0.667906934424));
#1606 = CARTESIAN_POINT('',(4.113891328533E-02,0.668110085655));
#1607 = CARTESIAN_POINT('',(4.104022118669E-02,0.669290967396));
#1608 = CARTESIAN_POINT('',(4.094169205465E-02,0.671391716172));
#1609 = CARTESIAN_POINT('',(4.084342268885E-02,0.674322793795));
#1610 = CARTESIAN_POINT('',(4.074547784099E-02,0.67799812959));
#1611 = CARTESIAN_POINT('',(4.064789717984E-02,0.682345763222));
#1612 = CARTESIAN_POINT('',(4.055068548659E-02,0.687292555033));
#1613 = CARTESIAN_POINT('',(4.036407541259E-02,0.697853508431));
#1614 = CARTESIAN_POINT('',(4.027464522602E-02,0.703396438515));
#1615 = CARTESIAN_POINT('',(4.018554732493E-02,0.709387264363));
#1616 = CARTESIAN_POINT('',(4.00968000226E-02,0.715812304548));
#1617 = CARTESIAN_POINT('',(4.000842185642E-02,0.722660731176));
#1618 = CARTESIAN_POINT('',(3.99204319874E-02,0.729925256737));
#1619 = CARTESIAN_POINT('',(3.983285059969E-02,0.737602820965));
#1620 = CARTESIAN_POINT('',(3.967109205162E-02,0.752623107918));
#1621 = CARTESIAN_POINT('',(3.959680563477E-02,0.759854519391));
#1622 = CARTESIAN_POINT('',(3.952284808058E-02,0.767389289637));
#1623 = CARTESIAN_POINT('',(3.944924803053E-02,0.775240525802));
#1624 = CARTESIAN_POINT('',(3.937603696888E-02,0.783420465285));
#1625 = CARTESIAN_POINT('',(3.93032550831E-02,0.791945285508));
#1626 = CARTESIAN_POINT('',(3.923096270013E-02,0.800844618044));
#1627 = CARTESIAN_POINT('',(3.910488522077E-02,0.817222129355));
#1628 = CARTESIAN_POINT('',(3.905087328017E-02,0.824520718224));
#1629 = CARTESIAN_POINT('',(3.899722820357E-02,0.832078596047));
#1630 = CARTESIAN_POINT('',(3.894399466402E-02,0.839919794751));
#1631 = CARTESIAN_POINT('',(3.889124746818E-02,0.848077408345));
#1632 = CARTESIAN_POINT('',(3.883909096745E-02,0.856593243495));
#1633 = CARTESIAN_POINT('',(3.878767235077E-02,0.865526119983));
#1634 = CARTESIAN_POINT('',(3.870493429644E-02,0.881040935766));
#1635 = CARTESIAN_POINT('',(3.867307833868E-02,0.887305000414));
#1636 = CARTESIAN_POINT('',(3.864169717433E-02,0.893811287182));
#1637 = CARTESIAN_POINT('',(3.861087064211E-02,0.900594666716));
#1638 = CARTESIAN_POINT('',(3.858075010911E-02,0.907699576369));
#1639 = CARTESIAN_POINT('',(3.855155336646E-02,0.915177879203));
#1640 = CARTESIAN_POINT('',(3.852359048249E-02,0.923099458983));
#1641 = CARTESIAN_POINT('',(3.848655285365E-02,0.93511139988));
#1642 = CARTESIAN_POINT('',(3.8476038334E-02,0.938717482703));
#1643 = CARTESIAN_POINT('',(3.846587150083E-02,0.94242739565));
#1644 = CARTESIAN_POINT('',(3.845610318063E-02,0.946249606839));
#1645 = CARTESIAN_POINT('',(3.84467992767E-02,0.950191779809));
#1646 = CARTESIAN_POINT('',(3.843804019718E-02,0.954260647989));
#1647 = CARTESIAN_POINT('',(3.84299202831E-02,0.958461889174));
#1648 = CARTESIAN_POINT('',(3.841531537926E-02,0.967054958264));
#1649 = CARTESIAN_POINT('',(3.840880236437E-02,0.971441180972));
#1650 = CARTESIAN_POINT('',(3.840311603649E-02,0.975958358418));
#1651 = CARTESIAN_POINT('',(3.839837796682E-02,0.980600156879));
#1652 = CARTESIAN_POINT('',(3.83947120573E-02,0.985353177162));
#1653 = CARTESIAN_POINT('',(3.839222617395E-02,0.990195280133));
#1654 = CARTESIAN_POINT('',(3.839098680957E-02,0.995093279238));
#1655 = CARTESIAN_POINT('',(3.839098677551E-02,1.));
#1656 = ( GEOMETRIC_REPRESENTATION_CONTEXT(2) 
PARAMETRIC_REPRESENTATION_CONTEXT() REPRESENTATION_CONTEXT('2D SPACE',''
  ) );
#1657 = ORIENTED_EDGE('',*,*,#1658,.F.);
#1658 = EDGE_CURVE('',#1659,#972,#1661,.T.);
#1659 = VERTEX_POINT('',#1660);
#1660 = CARTESIAN_POINT('',(30.499992972512,18.449574781332,
    -3.63756431265));
#1661 = SURFACE_CURVE('',#1662,(#1668,#1677),.PCURVE_S1.);
#1662 = B_SPLINE_CURVE_WITH_KNOTS('',4,(#1663,#1664,#1665,#1666,#1667),
  .UNSPECIFIED.,.F.,.F.,(5,5),(0.,1.),.PIECEWISE_BEZIER_KNOTS.);
#1663 = CARTESIAN_POINT('',(30.499992972512,18.449574781332,
    -3.63756431265));
#1664 = CARTESIAN_POINT('',(15.249996486256,18.449574781332,
    -3.63756431265));
#1665 = CARTESIAN_POINT('',(-6.252776074689E-13,18.449574781332,
    -3.63756431265));
#1666 = CARTESIAN_POINT('',(-15.24999648625,18.449574781332,
    -3.63756431265));
#1667 = CARTESIAN_POINT('',(-30.49999297251,18.449574781332,
    -3.63756431265));
#1668 = PCURVE('',#65,#1669);
#1669 = DEFINITIONAL_REPRESENTATION('',(#1670),#1676);
#1670 = B_SPLINE_CURVE_WITH_KNOTS('',4,(#1671,#1672,#1673,#1674,#1675),
  .UNSPECIFIED.,.F.,.F.,(5,5),(0.,1.),.PIECEWISE_BEZIER_KNOTS.);
#1671 = CARTESIAN_POINT('',(1.,0.858459034861));
#1672 = CARTESIAN_POINT('',(0.75,0.858459034861));
#1673 = CARTESIAN_POINT('',(0.5,0.858459034861));
#1674 = CARTESIAN_POINT('',(0.25,0.858459034861));
#1675 = CARTESIAN_POINT('',(0.,0.858459034861));
#1676 = ( GEOMETRIC_REPRESENTATION_CONTEXT(2) 
PARAMETRIC_REPRESENTATION_CONTEXT() REPRESENTATION_CONTEXT('2D SPACE',''
  ) );
#1677 = PCURVE('',#245,#1678);
#1678 = DEFINITIONAL_REPRESENTATION('',(#1679),#1685);
#1679 = B_SPLINE_CURVE_WITH_KNOTS('',4,(#1680,#1681,#1682,#1683,#1684),
  .UNSPECIFIED.,.F.,.F.,(5,5),(0.,1.),.PIECEWISE_BEZIER_KNOTS.);
#1680 = CARTESIAN_POINT('',(0.501237085172,0.99593484507));
#1681 = CARTESIAN_POINT('',(0.501237085172,0.747967422544));
#1682 = CARTESIAN_POINT('',(0.501237085172,0.500000000029));
#1683 = CARTESIAN_POINT('',(0.501237085172,0.252032577413));
#1684 = CARTESIAN_POINT('',(0.501237085172,4.065154947116E-03));
#1685 = ( GEOMETRIC_REPRESENTATION_CONTEXT(2) 
PARAMETRIC_REPRESENTATION_CONTEXT() REPRESENTATION_CONTEXT('2D SPACE',''
  ) );
#1686 = ORIENTED_EDGE('',*,*,#1687,.T.);
#1687 = EDGE_CURVE('',#1659,#1688,#1690,.T.);
#1688 = VERTEX_POINT('',#1689);
#1689 = CARTESIAN_POINT('',(30.493036017075,20.014501960024,
    -2.595985719631));
#1690 = SURFACE_CURVE('',#1691,(#1728,#1735),.PCURVE_S1.);
#1691 = ( BOUNDED_CURVE() B_SPLINE_CURVE(3,(#1692,#1693,#1694,#1695,
    #1696,#1697,#1698,#1699,#1700,#1701,#1702,#1703,#1704,#1705,#1706,
    #1707,#1708,#1709,#1710,#1711,#1712,#1713,#1714,#1715,#1716,#1717,
    #1718,#1719,#1720,#1721,#1722,#1723,#1724,#1725,#1726,#1727),
.UNSPECIFIED.,.F.,.F.) B_SPLINE_CURVE_WITH_KNOTS((4,1,1,1,1,1,1,1,1,1,1,
    1,1,1,1,1,1,1,1,1,1,1,1,1,1,1,1,1,1,1,1,1,1,4),(0.,
    4.226054182415E-02,8.084072807768E-02,0.116760893815,0.150672743191,
    0.183026021368,0.214167554491,0.244371019147,0.273857551356,
    0.302807808399,0.331362985528,0.35962878334,0.387693476243,
    0.415630464063,0.44350366522,0.471560213615,0.500018534498,
    0.528889141757,0.558153094801,0.587767953074,0.617673121193,
    0.647794588349,0.678049152399,0.708348261133,0.738765178533,
    0.770855167217,0.80460388084,0.83920044304,0.873702141244,
    0.907179956746,0.938871006772,0.9684251051,0.996257998802,1.),
.UNSPECIFIED.) CURVE() GEOMETRIC_REPRESENTATION_ITEM() 
RATIONAL_B_SPLINE_CURVE((1.,0.999999999894,1.000000000045,0.999999999989
    ,1.000000000003,0.999999999999,1.,1.,1.,1.,1.,1.,1.,1.,1.,1.,1.,1.,
    1.,1.,1.,1.,1.,1.,1.,1.,1.,1.,1.,1.,1.,0.999999999999,1.000000000003
,0.999999999994,1.000000000002,1.)) REPRESENTATION_ITEM('') );
#1692 = CARTESIAN_POINT('',(26.231270311019,1.3,-8.55));
#1693 = CARTESIAN_POINT('',(26.485178705279,1.496809190582,
    -8.565066766367));
#1694 = CARTESIAN_POINT('',(26.954960564845,1.893835106052,
    -8.543644221511));
#1695 = CARTESIAN_POINT('',(27.582488776812,2.522459104255,
    -8.551448718985));
#1696 = CARTESIAN_POINT('',(28.118421123087,3.149130970453,
    -8.54986911169));
#1697 = CARTESIAN_POINT('',(28.579472109868,3.774738193821,
    -8.549265947675));
#1698 = CARTESIAN_POINT('',(28.976936715429,4.399868170264,
    -8.552862630469));
#1699 = CARTESIAN_POINT('',(29.319234343695,5.024585964944,
    -8.530717910841));
#1700 = CARTESIAN_POINT('',(29.611122185074,5.648984866434,
    -8.484175140551));
#1701 = CARTESIAN_POINT('',(29.856783450391,6.273111219501,
    -8.416817089838));
#1702 = CARTESIAN_POINT('',(30.059829873644,6.896905366274,
    -8.331641295583));
#1703 = CARTESIAN_POINT('',(30.223225006849,7.52035509086,-8.23183406403
    ));
#1704 = CARTESIAN_POINT('',(30.348425161958,8.143642064795,
    -8.120309447509));
#1705 = CARTESIAN_POINT('',(30.436418772569,8.766860152114,
    -8.000681065055));
#1706 = CARTESIAN_POINT('',(30.489854700685,9.389669989179,
    -7.874081506692));
#1707 = CARTESIAN_POINT('',(30.502734430831,10.015006049248,
    -7.75049744242));
#1708 = CARTESIAN_POINT('',(30.499254070441,10.639903406768,
    -7.60536395061));
#1709 = CARTESIAN_POINT('',(30.50020434463,11.262074951454,
    -7.420001363144));
#1710 = CARTESIAN_POINT('',(30.499944228614,11.884217289856,
    -7.205235134337));
#1711 = CARTESIAN_POINT('',(30.50001535201,12.506048110319,
    -6.964102855032));
#1712 = CARTESIAN_POINT('',(30.499995949006,13.127721141906,
    -6.701805547255));
#1713 = CARTESIAN_POINT('',(30.500001225169,13.749303560528,
    -6.423024401228));
#1714 = CARTESIAN_POINT('',(30.499999797982,14.370684127348,
    -6.13224372859));
#1715 = CARTESIAN_POINT('',(30.50000017423,14.992496802281,
    -5.835239438233));
#1716 = CARTESIAN_POINT('',(30.500000106092,15.613632832785,
    -5.532232258406));
#1717 = CARTESIAN_POINT('',(30.499999998646,16.255069687578,
    -5.237063779284));
#1718 = CARTESIAN_POINT('',(30.500000533731,16.874436326679,
    -4.844574430879));
#1719 = CARTESIAN_POINT('',(30.499998366111,17.488814544244,
    -4.391665959935));
#1720 = CARTESIAN_POINT('',(30.500006734083,18.102651487775,
    -3.907822129893));
#1721 = CARTESIAN_POINT('',(30.499975749176,18.716554274226,
    -3.427461397618));
#1722 = CARTESIAN_POINT('',(30.500086006972,19.331121227202,
    -2.984162467601));
#1723 = CARTESIAN_POINT('',(30.499706743305,19.948598973692,
    -2.611411122974));
#1724 = CARTESIAN_POINT('',(30.469757370542,20.572889463245,
    -2.343148847576));
#1725 = CARTESIAN_POINT('',(30.428641591023,21.033261702399,
    -2.254858937566));
#1726 = CARTESIAN_POINT('',(30.401501141522,21.271787466535,
    -2.249989969724));
#1727 = CARTESIAN_POINT('',(30.398170850339,21.3,-2.25));
#1728 = PCURVE('',#65,#1729);
#1729 = DEFINITIONAL_REPRESENTATION('',(#1730),#1734);
#1730 = LINE('',#1731,#1732);
#1731 = CARTESIAN_POINT('',(1.,0.));
#1732 = VECTOR('',#1733,1.);
#1733 = DIRECTION('',(0.,1.));
#1734 = ( GEOMETRIC_REPRESENTATION_CONTEXT(2) 
PARAMETRIC_REPRESENTATION_CONTEXT() REPRESENTATION_CONTEXT('2D SPACE',''
  ) );
#1735 = PCURVE('',#1736,#1809);
#1736 = ( BOUNDED_SURFACE() B_SPLINE_SURFACE(1,3,(
    (#1737,#1738,#1739,#1740,#1741,#1742,#1743,#1744,#1745,#1746,#1747
      ,#1748,#1749,#1750,#1751,#1752,#1753,#1754,#1755,#1756,#1757,#1758
      ,#1759,#1760,#1761,#1762,#1763,#1764,#1765,#1766,#1767,#1768,#1769
      ,#1770,#1771,#1772)
    ,(#1773,#1774,#1775,#1776,#1777,#1778,#1779,#1780,#1781,#1782,#1783
      ,#1784,#1785,#1786,#1787,#1788,#1789,#1790,#1791,#1792,#1793,#1794
      ,#1795,#1796,#1797,#1798,#1799,#1800,#1801,#1802,#1803,#1804,#1805
      ,#1806,#1807,#1808
)),.UNSPECIFIED.,.F.,.F.,.F.) B_SPLINE_SURFACE_WITH_KNOTS((2,2),(4,1,1,1
    ,1,1,1,1,1,1,1,1,1,1,1,1,1,1,1,1,1,1,1,1,1,1,1,1,1,1,1,1,1,4),(1.,2.
    ),(0.,4.226054182415E-02,8.084072807768E-02,0.116760893815,
    0.150672743191,0.183026021368,0.214167554491,0.244371019147,
    0.273857551356,0.302807808399,0.331362985528,0.35962878334,
    0.387693476243,0.415630464063,0.44350366522,0.471560213615,
    0.500018534498,0.528889141757,0.558153094801,0.587767953074,
    0.617673121193,0.647794588349,0.678049152399,0.708348261133,
    0.738765178533,0.770855167217,0.80460388084,0.83920044304,
    0.873702141244,0.907179956746,0.938871006772,0.9684251051,
0.996257998802,1.),.UNSPECIFIED.) GEOMETRIC_REPRESENTATION_ITEM() 
RATIONAL_B_SPLINE_SURFACE((
    (1.,0.999999999894,1.000000000045,0.999999999989,1.000000000003
      ,0.999999999999,1.,1.,1.,1.,1.,1.,1.,1.,1.,1.,1.,1.,1.,1.,1.,1.,1.
      ,1.,1.,1.,1.,1.,1.,1.,1.,0.999999999999,1.000000000003
      ,0.999999999994,1.000000000002,1.)
    ,(1.,0.999999999894,1.000000000045,0.999999999989,1.000000000003
      ,0.999999999999,1.,1.,1.,1.,1.,1.,1.,1.,1.,1.,1.,1.,1.,1.,1.,1.,1.
      ,1.,1.,1.,1.,1.,1.,1.,1.,0.999999999999,1.000000000003
,0.999999999994,1.000000000002,1.
  ))) REPRESENTATION_ITEM('') SURFACE() );
#1737 = CARTESIAN_POINT('',(26.231270311019,1.3,-8.55));
#1738 = CARTESIAN_POINT('',(26.485178705279,1.496809190582,
    -8.565066766367));
#1739 = CARTESIAN_POINT('',(26.954960564845,1.893835106052,
    -8.543644221511));
#1740 = CARTESIAN_POINT('',(27.582488776812,2.522459104255,
    -8.551448718985));
#1741 = CARTESIAN_POINT('',(28.118421123087,3.149130970453,
    -8.54986911169));
#1742 = CARTESIAN_POINT('',(28.579472109868,3.774738193821,
    -8.549265947675));
#1743 = CARTESIAN_POINT('',(28.976936715429,4.399868170264,
    -8.552862630469));
#1744 = CARTESIAN_POINT('',(29.319234343695,5.024585964944,
    -8.530717910841));
#1745 = CARTESIAN_POINT('',(29.611122185074,5.648984866434,
    -8.484175140551));
#1746 = CARTESIAN_POINT('',(29.856783450391,6.273111219501,
    -8.416817089838));
#1747 = CARTESIAN_POINT('',(30.059829873644,6.896905366274,
    -8.331641295583));
#1748 = CARTESIAN_POINT('',(30.223225006849,7.52035509086,-8.23183406403
    ));
#1749 = CARTESIAN_POINT('',(30.348425161958,8.143642064795,
    -8.120309447509));
#1750 = CARTESIAN_POINT('',(30.436418772569,8.766860152114,
    -8.000681065055));
#1751 = CARTESIAN_POINT('',(30.489854700685,9.389669989179,
    -7.874081506692));
#1752 = CARTESIAN_POINT('',(30.502734430831,10.015006049248,
    -7.75049744242));
#1753 = CARTESIAN_POINT('',(30.499254070441,10.639903406768,
    -7.60536395061));
#1754 = CARTESIAN_POINT('',(30.50020434463,11.262074951454,
    -7.420001363144));
#1755 = CARTESIAN_POINT('',(30.499944228614,11.884217289856,
    -7.205235134337));
#1756 = CARTESIAN_POINT('',(30.50001535201,12.506048110319,
    -6.964102855032));
#1757 = CARTESIAN_POINT('',(30.499995949006,13.127721141906,
    -6.701805547255));
#1758 = CARTESIAN_POINT('',(30.500001225169,13.749303560528,
    -6.423024401228));
#1759 = CARTESIAN_POINT('',(30.499999797982,14.370684127348,
    -6.13224372859));
#1760 = CARTESIAN_POINT('',(30.50000017423,14.992496802281,
    -5.835239438233));
#1761 = CARTESIAN_POINT('',(30.500000106092,15.613632832785,
    -5.532232258406));
#1762 = CARTESIAN_POINT('',(30.499999998646,16.255069687578,
    -5.237063779284));
#1763 = CARTESIAN_POINT('',(30.500000533731,16.874436326679,
    -4.844574430879));
#1764 = CARTESIAN_POINT('',(30.499998366111,17.488814544244,
    -4.391665959935));
#1765 = CARTESIAN_POINT('',(30.500006734083,18.102651487775,
    -3.907822129893));
#1766 = CARTESIAN_POINT('',(30.499975749176,18.716554274226,
    -3.427461397618));
#1767 = CARTESIAN_POINT('',(30.500086006972,19.331121227202,
    -2.984162467601));
#1768 = CARTESIAN_POINT('',(30.499706743305,19.948598973692,
    -2.611411122974));
#1769 = CARTESIAN_POINT('',(30.469757370542,20.572889463245,
    -2.343148847576));
#1770 = CARTESIAN_POINT('',(30.428641591023,21.033261702399,
    -2.254858937566));
#1771 = CARTESIAN_POINT('',(30.401501141522,21.271787466535,
    -2.249989969724));
#1772 = CARTESIAN_POINT('',(30.398170850339,21.3,-2.25));
#1773 = CARTESIAN_POINT('',(26.231270311019,1.3,-6.1));
#1774 = CARTESIAN_POINT('',(26.485178705279,1.496809190582,
    -6.115066766157));
#1775 = CARTESIAN_POINT('',(26.954960564845,1.893835106052,-6.0936442216
    ));
#1776 = CARTESIAN_POINT('',(27.582488776812,2.522459104255,
    -6.101448718964));
#1777 = CARTESIAN_POINT('',(28.118421123087,3.149130970453,
    -6.099869111695));
#1778 = CARTESIAN_POINT('',(28.579472109868,3.774738193821,
    -6.099265947674));
#1779 = CARTESIAN_POINT('',(28.976936715429,4.399868170264,
    -6.10286263047));
#1780 = CARTESIAN_POINT('',(29.319234343695,5.024585964944,
    -6.08071791084));
#1781 = CARTESIAN_POINT('',(29.611122185074,5.648984866434,
    -6.034175140551));
#1782 = CARTESIAN_POINT('',(29.856783450391,6.273111219501,
    -5.966817089838));
#1783 = CARTESIAN_POINT('',(30.059829873644,6.896905366274,
    -5.881641295583));
#1784 = CARTESIAN_POINT('',(30.223225006849,7.52035509086,-5.78183406403
    ));
#1785 = CARTESIAN_POINT('',(30.348425161958,8.143642064795,
    -5.670309447509));
#1786 = CARTESIAN_POINT('',(30.436418772569,8.766860152114,
    -5.550681065055));
#1787 = CARTESIAN_POINT('',(30.489854700685,9.389669989179,
    -5.424081506692));
#1788 = CARTESIAN_POINT('',(30.502734430831,10.015006049248,
    -5.30049744242));
#1789 = CARTESIAN_POINT('',(30.499254070441,10.639903406768,
    -5.15536395061));
#1790 = CARTESIAN_POINT('',(30.50020434463,11.262074951454,
    -4.970001363144));
#1791 = CARTESIAN_POINT('',(30.499944228614,11.884217289856,
    -4.755235134337));
#1792 = CARTESIAN_POINT('',(30.50001535201,12.506048110319,
    -4.514102855032));
#1793 = CARTESIAN_POINT('',(30.499995949006,13.127721141906,
    -4.251805547255));
#1794 = CARTESIAN_POINT('',(30.500001225169,13.749303560528,
    -3.973024401228));
#1795 = CARTESIAN_POINT('',(30.499999797982,14.370684127348,
    -3.68224372859));
#1796 = CARTESIAN_POINT('',(30.50000017423,14.992496802281,
    -3.385239438233));
#1797 = CARTESIAN_POINT('',(30.500000106092,15.613632832785,
    -3.082232258406));
#1798 = CARTESIAN_POINT('',(30.499999998646,16.255069687578,
    -2.787063779284));
#1799 = CARTESIAN_POINT('',(30.500000533731,16.874436326679,
    -2.394574430879));
#1800 = CARTESIAN_POINT('',(30.499998366111,17.488814544244,
    -1.941665959935));
#1801 = CARTESIAN_POINT('',(30.500006734083,18.102651487775,
    -1.457822129893));
#1802 = CARTESIAN_POINT('',(30.499975749176,18.716554274226,
    -0.977461397618));
#1803 = CARTESIAN_POINT('',(30.500086006972,19.331121227202,
    -0.534162467601));
#1804 = CARTESIAN_POINT('',(30.499706743305,19.948598973692,
    -0.161411122973));
#1805 = CARTESIAN_POINT('',(30.469757370542,20.572889463245,
    0.106851152423));
#1806 = CARTESIAN_POINT('',(30.428641591023,21.033261702399,
    0.195141062436));
#1807 = CARTESIAN_POINT('',(30.401501141522,21.271787466535,
    0.200010030276));
#1808 = CARTESIAN_POINT('',(30.398170850339,21.3,0.2));
#1809 = DEFINITIONAL_REPRESENTATION('',(#1810),#1814);
#1810 = LINE('',#1811,#1812);
#1811 = CARTESIAN_POINT('',(1.,0.));
#1812 = VECTOR('',#1813,1.);
#1813 = DIRECTION('',(0.,1.));
#1814 = ( GEOMETRIC_REPRESENTATION_CONTEXT(2) 
PARAMETRIC_REPRESENTATION_CONTEXT() REPRESENTATION_CONTEXT('2D SPACE',''
  ) );
#1815 = ORIENTED_EDGE('',*,*,#1816,.F.);
#1816 = EDGE_CURVE('',#24,#1688,#1817,.T.);
#1817 = SURFACE_CURVE('',#1818,(#1824,#1833),.PCURVE_S1.);
#1818 = B_SPLINE_CURVE_WITH_KNOTS('',4,(#1819,#1820,#1821,#1822,#1823),
  .UNSPECIFIED.,.F.,.F.,(5,5),(0.,1.),.PIECEWISE_BEZIER_KNOTS.);
#1819 = CARTESIAN_POINT('',(-30.49303601707,20.014501960024,
    -2.595985719631));
#1820 = CARTESIAN_POINT('',(-15.24651800853,20.014501960024,
    -2.595985719631));
#1821 = CARTESIAN_POINT('',(-5.648814749293E-13,20.014501960024,
    -2.595985719631));
#1822 = CARTESIAN_POINT('',(15.246518008535,20.014501960024,
    -2.595985719631));
#1823 = CARTESIAN_POINT('',(30.493036017075,20.014501960024,
    -2.595985719631));
#1824 = PCURVE('',#65,#1825);
#1825 = DEFINITIONAL_REPRESENTATION('',(#1826),#1832);
#1826 = B_SPLINE_CURVE_WITH_KNOTS('',4,(#1827,#1828,#1829,#1830,#1831),
  .UNSPECIFIED.,.F.,.F.,(5,5),(0.,1.),.PIECEWISE_BEZIER_KNOTS.);
#1827 = CARTESIAN_POINT('',(0.,0.941028501989));
#1828 = CARTESIAN_POINT('',(0.25,0.941028501989));
#1829 = CARTESIAN_POINT('',(0.5,0.941028501989));
#1830 = CARTESIAN_POINT('',(0.75,0.941028501989));
#1831 = CARTESIAN_POINT('',(1.,0.941028501989));
#1832 = ( GEOMETRIC_REPRESENTATION_CONTEXT(2) 
PARAMETRIC_REPRESENTATION_CONTEXT() REPRESENTATION_CONTEXT('2D SPACE',''
  ) );
#1833 = PCURVE('',#1834,#1841);
#1834 = B_SPLINE_SURFACE_WITH_KNOTS('',2,1,(
    (#1835,#1836)
    ,(#1837,#1838)
    ,(#1839,#1840
    )),.UNSPECIFIED.,.F.,.F.,.F.,(3,3),(2,2),(0.500154885705,
    0.501393915946),(0.,1.),.PIECEWISE_BEZIER_KNOTS.);
#1835 = CARTESIAN_POINT('',(-30.75,4.199999999976,-8.299999999906));
#1836 = CARTESIAN_POINT('',(30.75,4.199999999976,-8.299999999906));
#1837 = CARTESIAN_POINT('',(-30.75,12.096606681938,-8.299999999905));
#1838 = CARTESIAN_POINT('',(30.75,12.096606681938,-8.299999999905));
#1839 = CARTESIAN_POINT('',(-30.75,20.590161405456,-2.188299892635));
#1840 = CARTESIAN_POINT('',(30.75,20.590161405456,-2.188299892635));
#1841 = DEFINITIONAL_REPRESENTATION('',(#1842),#1848);
#1842 = B_SPLINE_CURVE_WITH_KNOTS('',4,(#1843,#1844,#1845,#1846,#1847),
  .UNSPECIFIED.,.F.,.F.,(5,5),(0.,1.),.PIECEWISE_BEZIER_KNOTS.);
#1843 = CARTESIAN_POINT('',(0.501351877547,4.178276156001E-03));
#1844 = CARTESIAN_POINT('',(0.501351877547,0.252089138077));
#1845 = CARTESIAN_POINT('',(0.501351877547,0.499999999952));
#1846 = CARTESIAN_POINT('',(0.501351877547,0.747910861995));
#1847 = CARTESIAN_POINT('',(0.501351877547,0.995821723815));
#1848 = ( GEOMETRIC_REPRESENTATION_CONTEXT(2) 
PARAMETRIC_REPRESENTATION_CONTEXT() REPRESENTATION_CONTEXT('2D SPACE',''
  ) );
#1849 = ADVANCED_FACE('',(#1850),#709,.T.);
#1850 = FACE_BOUND('',#1851,.T.);
#1851 = EDGE_LOOP('',(#1852,#1853,#1876));
#1852 = ORIENTED_EDGE('',*,*,#261,.T.);
#1853 = ORIENTED_EDGE('',*,*,#1854,.F.);
#1854 = EDGE_CURVE('',#1855,#262,#1857,.T.);
#1855 = VERTEX_POINT('',#1856);
#1856 = CARTESIAN_POINT('',(-28.75,6.533848576155,-8.168005766205));
#1857 = SURFACE_CURVE('',#1858,(#1862,#1869),.PCURVE_S1.);
#1858 = LINE('',#1859,#1860);
#1859 = CARTESIAN_POINT('',(-28.75,10.754181234889,-14.66674816303));
#1860 = VECTOR('',#1861,1.);
#1861 = DIRECTION('',(-0.,0.544639035015,-0.838670567945));
#1862 = PCURVE('',#709,#1863);
#1863 = DEFINITIONAL_REPRESENTATION('',(#1864),#1868);
#1864 = LINE('',#1865,#1866);
#1865 = CARTESIAN_POINT('',(10.90271738329,-7.080307455195));
#1866 = VECTOR('',#1867,1.);
#1867 = DIRECTION('',(-0.544639035015,-0.838670567945));
#1868 = ( GEOMETRIC_REPRESENTATION_CONTEXT(2) 
PARAMETRIC_REPRESENTATION_CONTEXT() REPRESENTATION_CONTEXT('2D SPACE',''
  ) );
#1869 = PCURVE('',#957,#1870);
#1870 = DEFINITIONAL_REPRESENTATION('',(#1871),#1875);
#1871 = LINE('',#1872,#1873);
#1872 = CARTESIAN_POINT('',(0.,0.));
#1873 = VECTOR('',#1874,1.);
#1874 = DIRECTION('',(1.,0.));
#1875 = ( GEOMETRIC_REPRESENTATION_CONTEXT(2) 
PARAMETRIC_REPRESENTATION_CONTEXT() REPRESENTATION_CONTEXT('2D SPACE',''
  ) );
#1876 = ORIENTED_EDGE('',*,*,#1877,.T.);
#1877 = EDGE_CURVE('',#1855,#226,#1878,.T.);
#1878 = SURFACE_CURVE('',#1879,(#1883,#1890),.PCURVE_S1.);
#1879 = B_SPLINE_CURVE_WITH_KNOTS('',2,(#1880,#1881,#1882),
  .UNSPECIFIED.,.F.,.F.,(3,3),(0.500336972465,0.501270425294),
  .PIECEWISE_BEZIER_KNOTS.);
#1880 = CARTESIAN_POINT('',(-28.75,6.533848576155,-8.168005766205));
#1881 = CARTESIAN_POINT('',(-28.75,12.549035742005,-7.491348161552));
#1882 = CARTESIAN_POINT('',(-28.75,18.903033883666,-3.345860888076));
#1883 = PCURVE('',#709,#1884);
#1884 = DEFINITIONAL_REPRESENTATION('',(#1885),#1889);
#1885 = B_SPLINE_CURVE_WITH_KNOTS('',2,(#1886,#1887,#1888),
  .UNSPECIFIED.,.F.,.F.,(3,3),(0.500336972465,0.501270425294),
  .PIECEWISE_BEZIER_KNOTS.);
#1886 = CARTESIAN_POINT('',(15.123050042025,-0.581565058368));
#1887 = CARTESIAN_POINT('',(9.107862876174,9.509254628477E-02));
#1888 = CARTESIAN_POINT('',(2.753864734513,4.240579819761));
#1889 = ( GEOMETRIC_REPRESENTATION_CONTEXT(2) 
PARAMETRIC_REPRESENTATION_CONTEXT() REPRESENTATION_CONTEXT('2D SPACE',''
  ) );
#1890 = PCURVE('',#245,#1891);
#1891 = DEFINITIONAL_REPRESENTATION('',(#1892),#1896);
#1892 = LINE('',#1893,#1894);
#1893 = CARTESIAN_POINT('',(-8.881784197001E-16,3.252032520319E-02));
#1894 = VECTOR('',#1895,1.);
#1895 = DIRECTION('',(1.,1.263708167523E-13));
#1896 = ( GEOMETRIC_REPRESENTATION_CONTEXT(2) 
PARAMETRIC_REPRESENTATION_CONTEXT() REPRESENTATION_CONTEXT('2D SPACE',''
  ) );
#1897 = ADVANCED_FACE('',(#1898),#957,.T.);
#1898 = FACE_BOUND('',#1899,.T.);
#1899 = EDGE_LOOP('',(#1900,#1901,#1902,#1995));
#1900 = ORIENTED_EDGE('',*,*,#1854,.T.);
#1901 = ORIENTED_EDGE('',*,*,#937,.F.);
#1902 = ORIENTED_EDGE('',*,*,#1903,.F.);
#1903 = EDGE_CURVE('',#1904,#938,#1906,.T.);
#1904 = VERTEX_POINT('',#1905);
#1905 = CARTESIAN_POINT('',(-25.55,6.533848576156,-8.168005766205));
#1906 = SURFACE_CURVE('',#1907,(#1924,#1944),.PCURVE_S1.);
#1907 = B_SPLINE_CURVE_WITH_KNOTS('',3,(#1908,#1909,#1910,#1911,#1912,
    #1913,#1914,#1915,#1916,#1917,#1918,#1919,#1920,#1921,#1922,#1923),
  .UNSPECIFIED.,.F.,.F.,(4,2,2,2,2,2,2,4),(0.,4.113775491873E-04,
    8.227550983745E-04,1.645510196749E-03,2.056887745936E-03,
    2.468265295124E-03,2.879642844311E-03,3.291020393498E-03),
  .UNSPECIFIED.);
#1908 = CARTESIAN_POINT('',(-25.55,6.533848576156,-8.168005766205));
#1909 = CARTESIAN_POINT('',(-25.68921140703,6.533848576156,
    -8.168005766205));
#1910 = CARTESIAN_POINT('',(-25.82560816678,6.542604889422,
    -8.181489306218));
#1911 = CARTESIAN_POINT('',(-26.09308735512,6.576650297438,-8.2339146372
    ));
#1912 = CARTESIAN_POINT('',(-26.22530538503,6.602407926542,
    -8.273577907808));
#1913 = CARTESIAN_POINT('',(-26.59630702261,6.700679687353,
    -8.424903149213));
#1914 = CARTESIAN_POINT('',(-26.81779721959,6.796131641525,
    -8.57188626917));
#1915 = CARTESIAN_POINT('',(-27.08658487489,6.966522178787,
    -8.834264687666));
#1916 = CARTESIAN_POINT('',(-27.16716521901,7.028780967136,
    -8.930134814534));
#1917 = CARTESIAN_POINT('',(-27.30469502644,7.158725541592,
    -9.130231911977));
#1918 = CARTESIAN_POINT('',(-27.36223586292,7.226595079413,
    -9.234741835378));
#1919 = CARTESIAN_POINT('',(-27.45558724948,7.367943359269,
    -9.452399099223));
#1920 = CARTESIAN_POINT('',(-27.49110199721,7.441413319267,
    -9.565532916517));
#1921 = CARTESIAN_POINT('',(-27.53807531958,7.58895044564,-9.79272016828
    ));
#1922 = CARTESIAN_POINT('',(-27.55,7.663635606155,-9.907725230275));
#1923 = CARTESIAN_POINT('',(-27.55,7.739266117683,-10.02418600517));
#1924 = PCURVE('',#957,#1925);
#1925 = DEFINITIONAL_REPRESENTATION('',(#1926),#1943);
#1926 = B_SPLINE_CURVE_WITH_KNOTS('',3,(#1927,#1928,#1929,#1930,#1931,
    #1932,#1933,#1934,#1935,#1936,#1937,#1938,#1939,#1940,#1941,#1942),
  .UNSPECIFIED.,.F.,.F.,(4,2,2,2,2,2,2,4),(0.,4.113775491873E-04,
    8.227550983745E-04,1.645510196749E-03,2.056887745936E-03,
    2.468265295124E-03,2.879642844311E-03,3.291020393498E-03),
  .UNSPECIFIED.);
#1927 = CARTESIAN_POINT('',(-7.748861883573,3.2));
#1928 = CARTESIAN_POINT('',(-7.748861883573,3.060788592968));
#1929 = CARTESIAN_POINT('',(-7.732784605405,2.924391833217));
#1930 = CARTESIAN_POINT('',(-7.670274565127,2.656912644873));
#1931 = CARTESIAN_POINT('',(-7.62298153718,2.524694614966));
#1932 = CARTESIAN_POINT('',(-7.442546874049,2.153692977382));
#1933 = CARTESIAN_POINT('',(-7.267289597146,1.932202780402));
#1934 = CARTESIAN_POINT('',(-6.9544392021,1.663415125107));
#1935 = CARTESIAN_POINT('',(-6.840127181942,1.582834780984));
#1936 = CARTESIAN_POINT('',(-6.601538747948,1.44530497356));
#1937 = CARTESIAN_POINT('',(-6.476924951548,1.387764137076));
#1938 = CARTESIAN_POINT('',(-6.21739841972,1.294412750517));
#1939 = CARTESIAN_POINT('',(-6.0825018088,1.258898002787));
#1940 = CARTESIAN_POINT('',(-5.811612069197,1.211924680416));
#1941 = CARTESIAN_POINT('',(-5.674484254784,1.2));
#1942 = CARTESIAN_POINT('',(-5.535620701742,1.2));
#1943 = ( GEOMETRIC_REPRESENTATION_CONTEXT(2) 
PARAMETRIC_REPRESENTATION_CONTEXT() REPRESENTATION_CONTEXT('2D SPACE',''
  ) );
#1944 = PCURVE('',#1405,#1945);
#1945 = DEFINITIONAL_REPRESENTATION('',(#1946),#1994);
#1946 = B_SPLINE_CURVE_WITH_KNOTS('',3,(#1947,#1948,#1949,#1950,#1951,
    #1952,#1953,#1954,#1955,#1956,#1957,#1958,#1959,#1960,#1961,#1962,
    #1963,#1964,#1965,#1966,#1967,#1968,#1969,#1970,#1971,#1972,#1973,
    #1974,#1975,#1976,#1977,#1978,#1979,#1980,#1981,#1982,#1983,#1984,
    #1985,#1986,#1987,#1988,#1989,#1990,#1991,#1992,#1993),
  .UNSPECIFIED.,.F.,.F.,(4,1,1,1,1,1,1,1,1,1,1,1,1,1,1,1,1,1,1,1,1,1,1,1
    ,1,1,1,1,1,1,1,1,1,1,1,1,1,1,1,1,1,1,1,1,4),(0.,7.479591803405E-05,
    1.495918360681E-04,2.243877541021E-04,2.991836721362E-04,
    3.739795901702E-04,4.487755082043E-04,5.235714262383E-04,
    5.983673442724E-04,6.731632623064E-04,7.479591803405E-04,
    8.227550983745E-04,8.975510164086E-04,9.723469344426E-04,
    1.047142852477E-03,1.121938770511E-03,1.196734688545E-03,
    1.271530606579E-03,1.346326524613E-03,1.421122442647E-03,
    1.495918360681E-03,1.570714278715E-03,1.645510196749E-03,
    1.720306114783E-03,1.795102032817E-03,1.869897950851E-03,
    1.944693868885E-03,2.019489786919E-03,2.094285704953E-03,
    2.169081622987E-03,2.243877541021E-03,2.318673459055E-03,
    2.39346937709E-03,2.468265295124E-03,2.543061213158E-03,
    2.617857131192E-03,2.692653049226E-03,2.76744896726E-03,
    2.842244885294E-03,2.917040803328E-03,2.991836721362E-03,
    3.066632639396E-03,3.14142855743E-03,3.216224475464E-03,
    3.291020393498E-03),.QUASI_UNIFORM_KNOTS.);
#1947 = CARTESIAN_POINT('',(5.205432641453E-02,1.));
#1948 = CARTESIAN_POINT('',(5.205432651212E-02,0.991051553389));
#1949 = CARTESIAN_POINT('',(5.205381093408E-02,0.9733596583));
#1950 = CARTESIAN_POINT('',(5.205150790489E-02,0.947366575492));
#1951 = CARTESIAN_POINT('',(5.204769227797E-02,0.921846186906));
#1952 = CARTESIAN_POINT('',(5.204238319377E-02,0.896732835541));
#1953 = CARTESIAN_POINT('',(5.203559889407E-02,0.871964371635));
#1954 = CARTESIAN_POINT('',(5.202736567546E-02,0.84748383696));
#1955 = CARTESIAN_POINT('',(5.201762797561E-02,0.823182991309));
#1956 = CARTESIAN_POINT('',(5.20064618681E-02,0.799113886112));
#1957 = CARTESIAN_POINT('',(5.199392812337E-02,0.775307537939));
#1958 = CARTESIAN_POINT('',(5.198008775929E-02,0.751792719818));
#1959 = CARTESIAN_POINT('',(5.196501906711E-02,0.728625391167));
#1960 = CARTESIAN_POINT('',(5.194873311494E-02,0.705748706923));
#1961 = CARTESIAN_POINT('',(5.193123350477E-02,0.683056206558));
#1962 = CARTESIAN_POINT('',(5.191259180605E-02,0.660555321304));
#1963 = CARTESIAN_POINT('',(5.189286148053E-02,0.638225458334));
#1964 = CARTESIAN_POINT('',(5.187210082843E-02,0.61605569628));
#1965 = CARTESIAN_POINT('',(5.185036666094E-02,0.594034314677));
#1966 = CARTESIAN_POINT('',(5.182771608018E-02,0.572151462315));
#1967 = CARTESIAN_POINT('',(5.180420513793E-02,0.550397508797));
#1968 = CARTESIAN_POINT('',(5.177989190694E-02,0.528765586327));
#1969 = CARTESIAN_POINT('',(5.175482505891E-02,0.507241740397));
#1970 = CARTESIAN_POINT('',(5.172908603907E-02,0.485840500096));
#1971 = CARTESIAN_POINT('',(5.170263138321E-02,0.464471199665));
#1972 = CARTESIAN_POINT('',(5.167545752354E-02,0.443066415718));
#1973 = CARTESIAN_POINT('',(5.164768354434E-02,0.421665219848));
#1974 = CARTESIAN_POINT('',(5.161939479475E-02,0.400280527396));
#1975 = CARTESIAN_POINT('',(5.15906801782E-02,0.378930267433));
#1976 = CARTESIAN_POINT('',(5.156163891815E-02,0.357643329033));
#1977 = CARTESIAN_POINT('',(5.153228371394E-02,0.33636922261));
#1978 = CARTESIAN_POINT('',(5.15026188803E-02,0.315067404372));
#1979 = CARTESIAN_POINT('',(5.147265427798E-02,0.293699082251));
#1980 = CARTESIAN_POINT('',(5.144239829498E-02,0.272224864637));
#1981 = CARTESIAN_POINT('',(5.141185934918E-02,0.250603495895));
#1982 = CARTESIAN_POINT('',(5.138104687483E-02,0.228799264651));
#1983 = CARTESIAN_POINT('',(5.13500386108E-02,0.206822819321));
#1984 = CARTESIAN_POINT('',(5.131890903957E-02,0.184679707226));
#1985 = CARTESIAN_POINT('',(5.128773299028E-02,0.162379343937));
#1986 = CARTESIAN_POINT('',(5.125657753228E-02,0.139926883439));
#1987 = CARTESIAN_POINT('',(5.122553080824E-02,0.117345259421));
#1988 = CARTESIAN_POINT('',(5.119451537428E-02,9.453304833378E-02));
#1989 = CARTESIAN_POINT('',(5.116353530067E-02,7.144960869807E-02));
#1990 = CARTESIAN_POINT('',(5.113258952254E-02,4.80475387361E-02));
#1991 = CARTESIAN_POINT('',(5.110167835657E-02,2.42781706373E-02));
#1992 = CARTESIAN_POINT('',(5.108109395497E-02,8.151807617411E-03));
#1993 = CARTESIAN_POINT('',(5.107080752406E-02,9.984152481577E-06));
#1994 = ( GEOMETRIC_REPRESENTATION_CONTEXT(2) 
PARAMETRIC_REPRESENTATION_CONTEXT() REPRESENTATION_CONTEXT('2D SPACE',''
  ) );
#1995 = ORIENTED_EDGE('',*,*,#1996,.T.);
#1996 = EDGE_CURVE('',#1904,#1855,#1997,.T.);
#1997 = SURFACE_CURVE('',#1998,(#2002,#2009),.PCURVE_S1.);
#1998 = LINE('',#1999,#2000);
#1999 = CARTESIAN_POINT('',(-30.75,6.533848576155,-8.168005766205));
#2000 = VECTOR('',#2001,1.);
#2001 = DIRECTION('',(-1.,0.,0.));
#2002 = PCURVE('',#957,#2003);
#2003 = DEFINITIONAL_REPRESENTATION('',(#2004),#2008);
#2004 = LINE('',#2005,#2006);
#2005 = CARTESIAN_POINT('',(-7.748861883573,-2.));
#2006 = VECTOR('',#2007,1.);
#2007 = DIRECTION('',(0.,-1.));
#2008 = ( GEOMETRIC_REPRESENTATION_CONTEXT(2) 
PARAMETRIC_REPRESENTATION_CONTEXT() REPRESENTATION_CONTEXT('2D SPACE',''
  ) );
#2009 = PCURVE('',#245,#2010);
#2010 = DEFINITIONAL_REPRESENTATION('',(#2011),#2014);
#2011 = B_SPLINE_CURVE_WITH_KNOTS('',1,(#2012,#2013),.UNSPECIFIED.,.F.,
  .F.,(2,2),(-5.2,-2.),.PIECEWISE_BEZIER_KNOTS.);
#2012 = CARTESIAN_POINT('',(0.500336972465,8.455284552846E-02));
#2013 = CARTESIAN_POINT('',(0.500336972465,3.252032520326E-02));
#2014 = ( GEOMETRIC_REPRESENTATION_CONTEXT(2) 
PARAMETRIC_REPRESENTATION_CONTEXT() REPRESENTATION_CONTEXT('2D SPACE',''
  ) );
#2015 = ADVANCED_FACE('',(#2016),#1405,.F.);
#2016 = FACE_BOUND('',#2017,.F.);
#2017 = EDGE_LOOP('',(#2018,#2090,#2091));
#2018 = ORIENTED_EDGE('',*,*,#2019,.F.);
#2019 = EDGE_CURVE('',#972,#1904,#2020,.T.);
#2020 = SURFACE_CURVE('',#2021,(#2032,#2061),.PCURVE_S1.);
#2021 = B_SPLINE_CURVE_WITH_KNOTS('',3,(#2022,#2023,#2024,#2025,#2026,
    #2027,#2028,#2029,#2030,#2031),.UNSPECIFIED.,.F.,.F.,(4,2,2,2,4),(0.
    ,6.688547576724E-03,8.360684470906E-03,1.003282136509E-02,
    1.337709515345E-02),.UNSPECIFIED.);
#2022 = CARTESIAN_POINT('',(-25.55,18.903033883657,-3.345860888082));
#2023 = CARTESIAN_POINT('',(-25.55,17.027093622594,-4.569765318747));
#2024 = CARTESIAN_POINT('',(-25.55,15.070204485923,-5.638865267928));
#2025 = CARTESIAN_POINT('',(-25.55,12.475529401549,-6.691130996852));
#2026 = CARTESIAN_POINT('',(-25.55,11.949817054732,-6.88672377085));
#2027 = CARTESIAN_POINT('',(-25.55,10.891872258101,-7.242739865613));
#2028 = CARTESIAN_POINT('',(-25.55,10.358563426701,-7.403614443372));
#2029 = CARTESIAN_POINT('',(-25.55,8.744652529987,-7.830985084909));
#2030 = CARTESIAN_POINT('',(-25.55,7.650118404924,-8.042434865802));
#2031 = CARTESIAN_POINT('',(-25.55,6.533848576156,-8.168005766205));
#2032 = PCURVE('',#1405,#2033);
#2033 = DEFINITIONAL_REPRESENTATION('',(#2034),#2060);
#2034 = B_SPLINE_CURVE_WITH_KNOTS('',3,(#2035,#2036,#2037,#2038,#2039,
    #2040,#2041,#2042,#2043,#2044,#2045,#2046,#2047,#2048,#2049,#2050,
    #2051,#2052,#2053,#2054,#2055,#2056,#2057,#2058,#2059),
  .UNSPECIFIED.,.F.,.F.,(4,1,1,1,1,1,1,1,1,1,1,1,1,1,1,1,1,1,1,1,1,1,4),
  (0.,6.080497797022E-04,1.216099559404E-03,1.824149339107E-03,
    2.432199118809E-03,3.040248898511E-03,3.648298678213E-03,
    4.256348457916E-03,4.864398237618E-03,5.47244801732E-03,
    6.080497797022E-03,6.688547576724E-03,7.296597356427E-03,
    7.904647136129E-03,8.512696915831E-03,9.120746695533E-03,
    9.728796475236E-03,1.033684625494E-02,1.094489603464E-02,
    1.155294581434E-02,1.216099559404E-02,1.276904537375E-02,
    1.337709515345E-02),.QUASI_UNIFORM_KNOTS.);
#2035 = CARTESIAN_POINT('',(3.782506723562E-02,1.));
#2036 = CARTESIAN_POINT('',(3.803858558784E-02,1.));
#2037 = CARTESIAN_POINT('',(3.846566567073E-02,1.));
#2038 = CARTESIAN_POINT('',(3.910641237899E-02,1.));
#2039 = CARTESIAN_POINT('',(3.974728070743E-02,1.));
#2040 = CARTESIAN_POINT('',(4.038827063573E-02,1.));
#2041 = CARTESIAN_POINT('',(4.102938529594E-02,1.));
#2042 = CARTESIAN_POINT('',(4.167063367491E-02,1.));
#2043 = CARTESIAN_POINT('',(4.231202703269E-02,1.));
#2044 = CARTESIAN_POINT('',(4.295355412618E-02,1.));
#2045 = CARTESIAN_POINT('',(4.359519699221E-02,1.));
#2046 = CARTESIAN_POINT('',(4.423695242931E-02,1.));
#2047 = CARTESIAN_POINT('',(4.48787351742E-02,1.));
#2048 = CARTESIAN_POINT('',(4.552074187968E-02,1.));
#2049 = CARTESIAN_POINT('',(4.616432154844E-02,1.));
#2050 = CARTESIAN_POINT('',(4.680986467367E-02,1.));
#2051 = CARTESIAN_POINT('',(4.745790852966E-02,1.));
#2052 = CARTESIAN_POINT('',(4.810802500032E-02,1.));
#2053 = CARTESIAN_POINT('',(4.876033990761E-02,1.));
#2054 = CARTESIAN_POINT('',(4.941482765E-02,1.));
#2055 = CARTESIAN_POINT('',(5.007146628857E-02,1.));
#2056 = CARTESIAN_POINT('',(5.073022616469E-02,1.));
#2057 = CARTESIAN_POINT('',(5.139107792824E-02,1.));
#2058 = CARTESIAN_POINT('',(5.183301836928E-02,1.));
#2059 = CARTESIAN_POINT('',(5.205432641453E-02,1.));
#2060 = ( GEOMETRIC_REPRESENTATION_CONTEXT(2) 
PARAMETRIC_REPRESENTATION_CONTEXT() REPRESENTATION_CONTEXT('2D SPACE',''
  ) );
#2061 = PCURVE('',#245,#2062);
#2062 = DEFINITIONAL_REPRESENTATION('',(#2063),#2089);
#2063 = B_SPLINE_CURVE_WITH_KNOTS('',3,(#2064,#2065,#2066,#2067,#2068,
    #2069,#2070,#2071,#2072,#2073,#2074,#2075,#2076,#2077,#2078,#2079,
    #2080,#2081,#2082,#2083,#2084,#2085,#2086,#2087,#2088),
  .UNSPECIFIED.,.F.,.F.,(4,1,1,1,1,1,1,1,1,1,1,1,1,1,1,1,1,1,1,1,1,1,4),
  (0.,6.080497797022E-04,1.216099559404E-03,1.824149339107E-03,
    2.432199118809E-03,3.040248898511E-03,3.648298678213E-03,
    4.256348457916E-03,4.864398237618E-03,5.47244801732E-03,
    6.080497797022E-03,6.688547576724E-03,7.296597356427E-03,
    7.904647136129E-03,8.512696915831E-03,9.120746695533E-03,
    9.728796475236E-03,1.033684625494E-02,1.094489603464E-02,
    1.155294581434E-02,1.216099559404E-02,1.276904537375E-02,
    1.337709515345E-02),.QUASI_UNIFORM_KNOTS.);
#2064 = CARTESIAN_POINT('',(0.501270425294,8.455284552846E-02));
#2065 = CARTESIAN_POINT('',(0.50125789837,8.455284552846E-02));
#2066 = CARTESIAN_POINT('',(0.501232717044,8.455284552846E-02));
#2067 = CARTESIAN_POINT('',(0.501194550477,8.455284552846E-02));
#2068 = CARTESIAN_POINT('',(0.50115597758,8.455284552846E-02));
#2069 = CARTESIAN_POINT('',(0.501116985244,8.455284552846E-02));
#2070 = CARTESIAN_POINT('',(0.501077559445,8.455284552846E-02));
#2071 = CARTESIAN_POINT('',(0.501037685138,8.455284552846E-02));
#2072 = CARTESIAN_POINT('',(0.50099734624,8.455284552846E-02));
#2073 = CARTESIAN_POINT('',(0.500956525913,8.455284552846E-02));
#2074 = CARTESIAN_POINT('',(0.500915205677,8.455284552846E-02));
#2075 = CARTESIAN_POINT('',(0.500873369088,8.455284552846E-02));
#2076 = CARTESIAN_POINT('',(0.500830988497,8.455284552846E-02));
#2077 = CARTESIAN_POINT('',(0.500788075169,8.455284552846E-02));
#2078 = CARTESIAN_POINT('',(0.50074472425,8.455284552846E-02));
#2079 = CARTESIAN_POINT('',(0.500701021783,8.455284552846E-02));
#2080 = CARTESIAN_POINT('',(0.500656958591,8.455284552846E-02));
#2081 = CARTESIAN_POINT('',(0.500612504486,8.455284552846E-02));
#2082 = CARTESIAN_POINT('',(0.500567654486,8.455284552846E-02));
#2083 = CARTESIAN_POINT('',(0.500522396411,8.455284552846E-02));
#2084 = CARTESIAN_POINT('',(0.50047671936,8.455284552846E-02));
#2085 = CARTESIAN_POINT('',(0.50043061117,8.455284552846E-02));
#2086 = CARTESIAN_POINT('',(0.50038405929,8.455284552846E-02));
#2087 = CARTESIAN_POINT('',(0.500352720246,8.455284552846E-02));
#2088 = CARTESIAN_POINT('',(0.500336972465,8.455284552846E-02));
#2089 = ( GEOMETRIC_REPRESENTATION_CONTEXT(2) 
PARAMETRIC_REPRESENTATION_CONTEXT() REPRESENTATION_CONTEXT('2D SPACE',''
  ) );
#2090 = ORIENTED_EDGE('',*,*,#971,.F.);
#2091 = ORIENTED_EDGE('',*,*,#1903,.F.);
#2092 = ADVANCED_FACE('',(#2093,#3257,#3799,#4184),#245,.T.);
#2093 = FACE_BOUND('',#2094,.T.);
#2094 = EDGE_LOOP('',(#2095,#2096,#2097,#2098,#2099,#2100,#2666,#2693));
#2095 = ORIENTED_EDGE('',*,*,#225,.F.);
#2096 = ORIENTED_EDGE('',*,*,#1877,.F.);
#2097 = ORIENTED_EDGE('',*,*,#1996,.F.);
#2098 = ORIENTED_EDGE('',*,*,#2019,.F.);
#2099 = ORIENTED_EDGE('',*,*,#1658,.F.);
#2100 = ORIENTED_EDGE('',*,*,#2101,.F.);
#2101 = EDGE_CURVE('',#2102,#1659,#2104,.T.);
#2102 = VERTEX_POINT('',#2103);
#2103 = CARTESIAN_POINT('',(28.846655135617,4.2,-8.3));
#2104 = SURFACE_CURVE('',#2105,(#2290,#2478),.PCURVE_S1.);
#2105 = B_SPLINE_CURVE_WITH_KNOTS('',8,(#2106,#2107,#2108,#2109,#2110,
    #2111,#2112,#2113,#2114,#2115,#2116,#2117,#2118,#2119,#2120,#2121,
    #2122,#2123,#2124,#2125,#2126,#2127,#2128,#2129,#2130,#2131,#2132,
    #2133,#2134,#2135,#2136,#2137,#2138,#2139,#2140,#2141,#2142,#2143,
    #2144,#2145,#2146,#2147,#2148,#2149,#2150,#2151,#2152,#2153,#2154,
    #2155,#2156,#2157,#2158,#2159,#2160,#2161,#2162,#2163,#2164,#2165,
    #2166,#2167,#2168,#2169,#2170,#2171,#2172,#2173,#2174,#2175,#2176,
    #2177,#2178,#2179,#2180,#2181,#2182,#2183,#2184,#2185,#2186,#2187,
    #2188,#2189,#2190,#2191,#2192,#2193,#2194,#2195,#2196,#2197,#2198,
    #2199,#2200,#2201,#2202,#2203,#2204,#2205,#2206,#2207,#2208,#2209,
    #2210,#2211,#2212,#2213,#2214,#2215,#2216,#2217,#2218,#2219,#2220,
    #2221,#2222,#2223,#2224,#2225,#2226,#2227,#2228,#2229,#2230,#2231,
    #2232,#2233,#2234,#2235,#2236,#2237,#2238,#2239,#2240,#2241,#2242,
    #2243,#2244,#2245,#2246,#2247,#2248,#2249,#2250,#2251,#2252,#2253,
    #2254,#2255,#2256,#2257,#2258,#2259,#2260,#2261,#2262,#2263,#2264,
    #2265,#2266,#2267,#2268,#2269,#2270,#2271,#2272,#2273,#2274,#2275,
    #2276,#2277,#2278,#2279,#2280,#2281,#2282,#2283,#2284,#2285,#2286,
    #2287,#2288,#2289),.UNSPECIFIED.,.F.,.F.,(9,7,7,7,7,7,7,7,7,7,7,7,7,
    7,7,7,7,7,7,7,7,7,7,7,7,7,9),(0.,2.697486825406E-02,
    6.67003686642E-02,0.106084478881,0.192011743492,0.265693115573,
    0.316344817144,0.357640617418,0.392888181684,0.428165227788,
    0.441405610396,0.471223021828,0.493736335919,0.527758709006,
    0.562643943454,0.624515593511,0.688057590007,0.698856518879,
    0.743547750733,0.788249021519,0.801717661268,0.834142674263,
    0.860306547288,0.880048267784,0.937285939049,0.948752831979,1.),
  .UNSPECIFIED.);
#2106 = CARTESIAN_POINT('',(28.846655135602,4.199999999976,
    -8.299999999906));
#2107 = CARTESIAN_POINT('',(28.874231824348,4.244430354304,
    -8.300000000134));
#2108 = CARTESIAN_POINT('',(28.901568731207,4.289009571148,
    -8.299889437685));
#2109 = CARTESIAN_POINT('',(28.92866549651,4.333735464147,
    -8.299667116433));
#2110 = CARTESIAN_POINT('',(28.955520326523,4.378606730405,
    -8.299331846901));
#2111 = CARTESIAN_POINT('',(28.98213336853,4.423620844376,
    -8.298882481881));
#2112 = CARTESIAN_POINT('',(29.008504149438,4.468775645833,
    -8.298317895479));
#2113 = CARTESIAN_POINT('',(29.03462963059,4.514070551903,
    -8.297636962156));
#2114 = CARTESIAN_POINT('',(29.098622237058,4.626411514459,
    -8.295662845854));
#2115 = CARTESIAN_POINT('',(29.136201455284,4.693619122481,
    -8.294232396735));
#2116 = CARTESIAN_POINT('',(29.173242972914,4.761120781354,
    -8.292543756193));
#2117 = CARTESIAN_POINT('',(29.209742252413,4.828911230694,
    -8.290593524557));
#2118 = CARTESIAN_POINT('',(29.245694528986,4.896985216411,-8.2883783995
    ));
#2119 = CARTESIAN_POINT('',(29.281095007578,4.965337391565,
    -8.285895184201));
#2120 = CARTESIAN_POINT('',(29.31593905989,5.033962217232,
    -8.283140795519));
#2121 = CARTESIAN_POINT('',(29.384211390479,5.171153359283,
    -8.277109779025));
#2122 = CARTESIAN_POINT('',(29.417650139914,5.239714680259,
    -8.27383786751));
#2123 = CARTESIAN_POINT('',(29.450535839135,5.308531533528,
    -8.270293682823));
#2124 = CARTESIAN_POINT('',(29.482865638269,5.377597599465,
    -8.266474500749));
#2125 = CARTESIAN_POINT('',(29.514636668128,5.44690653158,
    -8.262377727657));
#2126 = CARTESIAN_POINT('',(29.545846040208,5.516451956514,
    -8.258000900498));
#2127 = CARTESIAN_POINT('',(29.576490846688,5.586227474042,
    -8.253341686802));
#2128 = CARTESIAN_POINT('',(29.672189666095,5.808949301092,
    -8.237611604208));
#2129 = CARTESIAN_POINT('',(29.735113693192,5.962735844921,
    -8.225470770168));
#2130 = CARTESIAN_POINT('',(29.795307813312,6.117518563329,
    -8.211952359299));
#2131 = CARTESIAN_POINT('',(29.852809122937,6.273205410403,
    -8.197039354717));
#2132 = CARTESIAN_POINT('',(29.907514792504,6.429754684685,
    -8.180712972412));
#2133 = CARTESIAN_POINT('',(29.959509132293,6.587061587695,
    -8.162964020698));
#2134 = CARTESIAN_POINT('',(30.008744651521,6.74506570306,
    -8.143782941519));
#2135 = CARTESIAN_POINT('',(30.095103898487,7.039703045464,
    -8.105486082176));
#2136 = CARTESIAN_POINT('',(30.132952182829,7.176174090067,
    -8.08675044645));
#2137 = CARTESIAN_POINT('',(30.168767486944,7.313057495898,
    -8.06695486471));
#2138 = CARTESIAN_POINT('',(30.202546458899,7.450308264416,
    -8.046097847778));
#2139 = CARTESIAN_POINT('',(30.234269250684,7.587884494577,
    -8.024179263843));
#2140 = CARTESIAN_POINT('',(30.263934021403,7.725741287955,
    -8.001201188078));
#2141 = CARTESIAN_POINT('',(30.291534596756,7.86383414703,
    -7.977167548607));
#2142 = CARTESIAN_POINT('',(30.334616247441,8.097181649332,
    -7.934840546558));
#2143 = CARTESIAN_POINT('',(30.351193611525,8.192334791698,
    -7.917100979229));
#2144 = CARTESIAN_POINT('',(30.366777175474,8.287566195977,
    -7.898866735617));
#2145 = CARTESIAN_POINT('',(30.381394313243,8.382857225486,
    -7.880140850488));
#2146 = CARTESIAN_POINT('',(30.395054979782,8.478192308009,
    -7.860926276226));
#2147 = CARTESIAN_POINT('',(30.407762344664,8.573557501862,
    -7.841226096824));
#2148 = CARTESIAN_POINT('',(30.419535800155,8.668937150717,
    -7.821044082126));
#2149 = CARTESIAN_POINT('',(30.439226149609,8.842080654431,
    -7.783540026842));
#2150 = CARTESIAN_POINT('',(30.447455493655,8.919844003393,
    -7.766378351246));
#2151 = CARTESIAN_POINT('',(30.455051685017,8.997603009413,
    -7.748900413114));
#2152 = CARTESIAN_POINT('',(30.461996059355,9.075352161014,
    -7.731107958189));
#2153 = CARTESIAN_POINT('',(30.468270346066,9.153085285398,
    -7.713003030766));
#2154 = CARTESIAN_POINT('',(30.473856668281,9.230795548441,
    -7.694587973691));
#2155 = CARTESIAN_POINT('',(30.478737542869,9.308475454695,
    -7.675865428358));
#2156 = CARTESIAN_POINT('',(30.486445272527,9.45238678476,
    -7.640598005129));
#2157 = CARTESIAN_POINT('',(30.489465556462,9.518628402911,
    -7.624135838443));
#2158 = CARTESIAN_POINT('',(30.492003123801,9.584834668625,
    -7.607454254083));
#2159 = CARTESIAN_POINT('',(30.494103895518,9.650999708738,
    -7.590555449884));
#2160 = CARTESIAN_POINT('',(30.495813322002,9.71711881014,
    -7.573441402095));
#2161 = CARTESIAN_POINT('',(30.497176383051,9.783188419775,
    -7.556113865378));
#2162 = CARTESIAN_POINT('',(30.498237587882,9.849206144637,
    -7.538574372805));
#2163 = CARTESIAN_POINT('',(30.499844994607,9.981190528452,
    -7.503059233004));
#2164 = CARTESIAN_POINT('',(30.50039033338,10.047156484408,
    -7.485083345945));
#2165 = CARTESIAN_POINT('',(30.500725951785,10.113067318766,
    -7.466897836982));
#2166 = CARTESIAN_POINT('',(30.500887097416,10.178921876196,
    -7.448503953031));
#2167 = CARTESIAN_POINT('',(30.500907694867,10.244719277337,
    -7.429902881866));
#2168 = CARTESIAN_POINT('',(30.500825684483,10.310458972569,
    -7.411095729074));
#2169 = CARTESIAN_POINT('',(30.500681310086,10.376140719126,
    -7.392083515753));
#2170 = CARTESIAN_POINT('',(30.500443551238,10.466394767497,
    -7.365654818223));
#2171 = CARTESIAN_POINT('',(30.500374909777,10.49101685539,
    -7.35841369614));
#2172 = CARTESIAN_POINT('',(30.500304403635,10.515630731536,
    -7.351143884775));
#2173 = CARTESIAN_POINT('',(30.500234010652,10.540236380111,
    -7.343845438926));
#2174 = CARTESIAN_POINT('',(30.500165714175,10.564833783176,
    -7.336518414088));
#2175 = CARTESIAN_POINT('',(30.500101503055,10.589422920674,
    -7.329162866449));
#2176 = CARTESIAN_POINT('',(30.500043371648,10.614003770433,
    -7.321778852893));
#2177 = CARTESIAN_POINT('',(30.49988057035,10.693913792794,
    -7.297673618425));
#2178 = CARTESIAN_POINT('',(30.499807531276,10.749209095633,
    -7.280836738971));
#2179 = CARTESIAN_POINT('',(30.499768350915,10.804461701814,
    -7.26385652499));
#2180 = CARTESIAN_POINT('',(30.499757134564,10.859671137119,
    -7.246733700887));
#2181 = CARTESIAN_POINT('',(30.4997679445,10.914836967977,-7.22946898312
    ));
#2182 = CARTESIAN_POINT('',(30.499794799978,10.969958801469,
    -7.212063080194));
#2183 = CARTESIAN_POINT('',(30.499831677237,11.025036285322,
    -7.194516692672));
#2184 = CARTESIAN_POINT('',(30.499903674157,11.121621045193,
    -7.16347675422));
#2185 = CARTESIAN_POINT('',(30.499935489635,11.163147511274,
    -7.150043304586));
#2186 = CARTESIAN_POINT('',(30.499969779692,11.204648375247,
    -7.136530460421));
#2187 = CARTESIAN_POINT('',(30.500000072501,11.246123504744,
    -7.122938519399));
#2188 = CARTESIAN_POINT('',(30.500021856762,11.287572773611,
    -7.109267778097));
#2189 = CARTESIAN_POINT('',(30.500036356285,11.328996065099,
    -7.095518530834));
#2190 = CARTESIAN_POINT('',(30.500047823016,11.37039327056,
    -7.081691069962));
#2191 = CARTESIAN_POINT('',(30.500064361749,11.474284623316,
    -7.046771717936));
#2192 = CARTESIAN_POINT('',(30.500064642006,11.536745137684,
    -7.025579796435));
#2193 = CARTESIAN_POINT('',(30.500057577807,11.599145452618,
    -7.004210935017));
#2194 = CARTESIAN_POINT('',(30.500045558978,11.661485210251,
    -6.982666142612));
#2195 = CARTESIAN_POINT('',(30.500030976663,11.72376406899,
    -6.960946425179));
#2196 = CARTESIAN_POINT('',(30.50001622333,11.785981703514,
    -6.939052785711));
#2197 = CARTESIAN_POINT('',(30.500003692768,11.848137804776,
    -6.916986224235));
#2198 = CARTESIAN_POINT('',(30.49998747848,11.97390116455,
    -6.871945248093));
#2199 = CARTESIAN_POINT('',(30.499982914123,12.037505246313,
    -6.848962001091));
#2200 = CARTESIAN_POINT('',(30.499981409503,12.101044017518,
    -6.825799068853));
#2201 = CARTESIAN_POINT('',(30.499982284046,12.164517187952,
    -6.802457518082));
#2202 = CARTESIAN_POINT('',(30.499984854111,12.227924484958,
    -6.778938410135));
#2203 = CARTESIAN_POINT('',(30.499988432992,12.291265653439,
    -6.755242801022));
#2204 = CARTESIAN_POINT('',(30.499992330918,12.354540455855,
    -6.731371741402));
#2205 = CARTESIAN_POINT('',(30.500002476607,12.529853311864,
    -6.664679792337));
#2206 = CARTESIAN_POINT('',(30.500006085365,12.641748475536,
    -6.621484710553));
#2207 = CARTESIAN_POINT('',(30.500006535691,12.753432951195,
    -6.577746850824));
#2208 = CARTESIAN_POINT('',(30.500004682351,12.864905602559,
    -6.533472008194));
#2209 = CARTESIAN_POINT('',(30.500001965791,12.97616540812,
    -6.48866593145));
#2210 = CARTESIAN_POINT('',(30.499999847588,13.087211469175,
    -6.443334314508));
#2211 = CARTESIAN_POINT('',(30.499999096049,13.198042986874,
    -6.397482800898));
#2212 = CARTESIAN_POINT('',(30.499998717489,13.422261731338,
    -6.30349946611));
#2213 = CARTESIAN_POINT('',(30.499998993228,13.535637108079,
    -6.255339531365));
#2214 = CARTESIAN_POINT('',(30.499999828694,13.64878461373,
    -6.20664323657));
#2215 = CARTESIAN_POINT('',(30.500000503188,13.761703462725,
    -6.157416635263));
#2216 = CARTESIAN_POINT('',(30.500000610659,13.874392950593,
    -6.107665729605));
#2217 = CARTESIAN_POINT('',(30.500000412674,13.986852499479,
    -6.05739644739));
#2218 = CARTESIAN_POINT('',(30.500000429539,14.099081607319,
    -6.006614661546));
#2219 = CARTESIAN_POINT('',(30.500000247848,14.230113717693,
    -5.946609813943));
#2220 = CARTESIAN_POINT('',(30.500000225724,14.249141061749,
    -5.937878743358));
#2221 = CARTESIAN_POINT('',(30.500000203568,14.268161730009,
    -5.929133069239));
#2222 = CARTESIAN_POINT('',(30.500000181753,14.287175719649,
    -5.920372820447));
#2223 = CARTESIAN_POINT('',(30.500000160655,14.306183027833,
    -5.911598025833));
#2224 = CARTESIAN_POINT('',(30.500000140646,14.325183651711,
    -5.902808714238));
#2225 = CARTESIAN_POINT('',(30.500000122101,14.344177588419,
    -5.89400491449));
#2226 = CARTESIAN_POINT('',(30.500000036173,14.44174331769,
    -5.848692401007));
#2227 = CARTESIAN_POINT('',(30.500000000368,14.520207220569,
    -5.811950498856));
#2228 = CARTESIAN_POINT('',(30.499999990983,14.598556300585,
    -5.774963011358));
#2229 = CARTESIAN_POINT('',(30.500000001076,14.676790336105,
    -5.737731985415));
#2230 = CARTESIAN_POINT('',(30.500000023756,14.75490912699,
    -5.700259452436));
#2231 = CARTESIAN_POINT('',(30.500000052187,14.832912494602,
    -5.662547428336));
#2232 = CARTESIAN_POINT('',(30.500000079581,14.910800281798,
    -5.624597913535));
#2233 = CARTESIAN_POINT('',(30.500000118845,15.066361892553,
    -5.548219292178));
#2234 = CARTESIAN_POINT('',(30.500000130449,15.144035602145,
    -5.509790116974));
#2235 = CARTESIAN_POINT('',(30.500000135276,15.221593419318,
    -5.471127305657));
#2236 = CARTESIAN_POINT('',(30.500000134568,15.299035121764,
    -5.432232877644));
#2237 = CARTESIAN_POINT('',(30.50000012956,15.376360327253,
    -5.393108933458));
#2238 = CARTESIAN_POINT('',(30.500000121473,15.453568493635,
    -5.353757654723));
#2239 = CARTESIAN_POINT('',(30.500000111518,15.53065891884,
    -5.314181304168));
#2240 = CARTESIAN_POINT('',(30.500000097692,15.630822604124,
    -5.262390633247));
#2241 = CARTESIAN_POINT('',(30.500000094425,15.654003680229,
    -5.25037883172));
#2242 = CARTESIAN_POINT('',(30.500000091141,15.677174000652,
    -5.238346857196));
#2243 = CARTESIAN_POINT('',(30.500000087887,15.700333602498,
    -5.226294742528));
#2244 = CARTESIAN_POINT('',(30.500000084713,15.723482528518,
    -5.214222517273));
#2245 = CARTESIAN_POINT('',(30.500000081666,15.746620827106,
    -5.202130207687));
#2246 = CARTESIAN_POINT('',(30.500000078794,15.769748552301,
    -5.19001783673));
#2247 = CARTESIAN_POINT('',(30.500000069766,15.848519185062,
    -5.14867730451));
#2248 = CARTESIAN_POINT('',(30.500000064676,15.904111213741,
    -5.119353267193));
#2249 = CARTESIAN_POINT('',(30.500000061547,15.959643203512,
    -5.089913315069));
#2250 = CARTESIAN_POINT('',(30.500000061054,16.015115984807,
    -5.060357704047));
#2251 = CARTESIAN_POINT('',(30.500000063891,16.070529880237,
    -5.030686946147));
#2252 = CARTESIAN_POINT('',(30.500000070791,16.125884720048,
    -5.00090181267));
#2253 = CARTESIAN_POINT('',(30.500000082539,16.181179857554,
    -4.97100333736));
#2254 = CARTESIAN_POINT('',(30.500000114069,16.280982985189,
    -4.916777213524));
#2255 = CARTESIAN_POINT('',(30.500000131869,16.325511871938,
    -4.892488827369));
#2256 = CARTESIAN_POINT('',(30.500000151814,16.369999895246,
    -4.868128551017));
#2257 = CARTESIAN_POINT('',(30.500000172265,16.414446242791,
    -4.843697204855));
#2258 = CARTESIAN_POINT('',(30.500000191521,16.458850239513,
    -4.819195539745));
#2259 = CARTESIAN_POINT('',(30.500000207817,16.503211347621,
    -4.794624237022));
#2260 = CARTESIAN_POINT('',(30.500000219325,16.547529166587,
    -4.769983908499));
#2261 = CARTESIAN_POINT('',(30.500000227798,16.625210191624,
    -4.72663127885));
#2262 = CARTESIAN_POINT('',(30.500000227646,16.658592155309,
    -4.707948467692));
#2263 = CARTESIAN_POINT('',(30.500000222886,16.691949216926,
    -4.689226891609));
#2264 = CARTESIAN_POINT('',(30.500000212691,16.72528131286,
    -4.670466754232));
#2265 = CARTESIAN_POINT('',(30.500000196221,16.758588423149,
    -4.651668234205));
#2266 = CARTESIAN_POINT('',(30.500000172621,16.791870571494,
    -4.632831485185));
#2267 = CARTESIAN_POINT('',(30.50000014102,16.825127825249,
    -4.613956635841));
#2268 = CARTESIAN_POINT('',(30.499999978072,16.954712039377,
    -4.540209295041));
#2269 = CARTESIAN_POINT('',(30.499999813648,17.050855215627,
    -4.485055520528));
#2270 = CARTESIAN_POINT('',(30.499999546472,17.14679008727,
    -4.429586366165));
#2271 = CARTESIAN_POINT('',(30.499999492764,17.242518787768,
    -4.373804601575));
#2272 = CARTESIAN_POINT('',(30.499999488934,17.338043719474,
    -4.317712792574));
#2273 = CARTESIAN_POINT('',(30.499999581026,17.43336876434,
    -4.261312520844));
#2274 = CARTESIAN_POINT('',(30.500000351065,17.528499774323,
    -4.204604043722));
#2275 = CARTESIAN_POINT('',(30.500001098458,17.642461126489,
    -4.13616615698));
#2276 = CARTESIAN_POINT('',(30.500001225297,17.661473812892,
    -4.124731454279));
#2277 = CARTESIAN_POINT('',(30.500001349227,17.680478904552,
    -4.113284440254));
#2278 = CARTESIAN_POINT('',(30.500001468053,17.699476438066,
    -4.1018251219));
#2279 = CARTESIAN_POINT('',(30.50000157958,17.71846645026,
    -4.090353505854));
#2280 = CARTESIAN_POINT('',(30.500001681611,17.737448978195,
    -4.078869598396));
#2281 = CARTESIAN_POINT('',(30.500001771946,17.756424059158,
    -4.067373405448));
#2282 = CARTESIAN_POINT('',(30.500002040663,17.860160940257,
    -4.004431938021));
#2283 = CARTESIAN_POINT('',(30.500002409946,17.944781919477,
    -3.952753818463));
#2284 = CARTESIAN_POINT('',(30.500002057056,18.029258345537,
    -3.900830876221));
#2285 = CARTESIAN_POINT('',(30.500000639833,18.113593552778,
    -3.848663524415));
#2286 = CARTESIAN_POINT('',(30.499998301574,18.197790495205,
    -3.796252325374));
#2287 = CARTESIAN_POINT('',(30.499995599469,18.281851708994,
    -3.743598029032));
#2288 = CARTESIAN_POINT('',(30.499993433026,18.365779275011,
    -3.690701611336));
#2289 = CARTESIAN_POINT('',(30.499992972512,18.449574781332,
    -3.63756431265));
#2290 = PCURVE('',#245,#2291);
#2291 = DEFINITIONAL_REPRESENTATION('',(#2292),#2477);
#2292 = B_SPLINE_CURVE_WITH_KNOTS('',8,(#2293,#2294,#2295,#2296,#2297,
    #2298,#2299,#2300,#2301,#2302,#2303,#2304,#2305,#2306,#2307,#2308,
    #2309,#2310,#2311,#2312,#2313,#2314,#2315,#2316,#2317,#2318,#2319,
    #2320,#2321,#2322,#2323,#2324,#2325,#2326,#2327,#2328,#2329,#2330,
    #2331,#2332,#2333,#2334,#2335,#2336,#2337,#2338,#2339,#2340,#2341,
    #2342,#2343,#2344,#2345,#2346,#2347,#2348,#2349,#2350,#2351,#2352,
    #2353,#2354,#2355,#2356,#2357,#2358,#2359,#2360,#2361,#2362,#2363,
    #2364,#2365,#2366,#2367,#2368,#2369,#2370,#2371,#2372,#2373,#2374,
    #2375,#2376,#2377,#2378,#2379,#2380,#2381,#2382,#2383,#2384,#2385,
    #2386,#2387,#2388,#2389,#2390,#2391,#2392,#2393,#2394,#2395,#2396,
    #2397,#2398,#2399,#2400,#2401,#2402,#2403,#2404,#2405,#2406,#2407,
    #2408,#2409,#2410,#2411,#2412,#2413,#2414,#2415,#2416,#2417,#2418,
    #2419,#2420,#2421,#2422,#2423,#2424,#2425,#2426,#2427,#2428,#2429,
    #2430,#2431,#2432,#2433,#2434,#2435,#2436,#2437,#2438,#2439,#2440,
    #2441,#2442,#2443,#2444,#2445,#2446,#2447,#2448,#2449,#2450,#2451,
    #2452,#2453,#2454,#2455,#2456,#2457,#2458,#2459,#2460,#2461,#2462,
    #2463,#2464,#2465,#2466,#2467,#2468,#2469,#2470,#2471,#2472,#2473,
    #2474,#2475,#2476),.UNSPECIFIED.,.F.,.F.,(9,7,7,7,7,7,7,7,7,7,7,7,7,
    7,7,7,7,7,7,7,7,7,7,7,7,7,9),(0.,2.697486825406E-02,
    6.67003686642E-02,0.106084478881,0.192011743492,0.265693115573,
    0.316344817144,0.357640617418,0.392888181684,0.428165227788,
    0.441405610396,0.471223021828,0.493736335919,0.527758709006,
    0.562643943454,0.624515593511,0.688057590007,0.698856518879,
    0.743547750733,0.788249021519,0.801717661268,0.834142674263,
    0.860306547288,0.880048267784,0.937285939049,0.948752831979,1.),
  .UNSPECIFIED.);
#2293 = CARTESIAN_POINT('',(0.500154885705,0.969051303018));
#2294 = CARTESIAN_POINT('',(0.500158371414,0.969499704461));
#2295 = CARTESIAN_POINT('',(0.500161867955,0.969944207011));
#2296 = CARTESIAN_POINT('',(0.500165375147,0.970384804821));
#2297 = CARTESIAN_POINT('',(0.500168892878,0.970821468724));
#2298 = CARTESIAN_POINT('',(0.500172420942,0.971254201114));
#2299 = CARTESIAN_POINT('',(0.500175959161,0.9716829943));
#2300 = CARTESIAN_POINT('',(0.500179507479,0.972107798871));
#2301 = CARTESIAN_POINT('',(0.500188305875,0.973148329058));
#2302 = CARTESIAN_POINT('',(0.500193567575,0.973759373257));
#2303 = CARTESIAN_POINT('',(0.500198850365,0.974361674356));
#2304 = CARTESIAN_POINT('',(0.500204153808,0.974955158576));
#2305 = CARTESIAN_POINT('',(0.500209477465,0.975539748439));
#2306 = CARTESIAN_POINT('',(0.500214820893,0.976115365977));
#2307 = CARTESIAN_POINT('',(0.500220183633,0.976681935933));
#2308 = CARTESIAN_POINT('',(0.500230900521,0.97779205513));
#2309 = CARTESIAN_POINT('',(0.500236254313,0.978335774633));
#2310 = CARTESIAN_POINT('',(0.500241626067,0.978870501449));
#2311 = CARTESIAN_POINT('',(0.500247015264,0.97939618924));
#2312 = CARTESIAN_POINT('',(0.500252421388,0.979912791352));
#2313 = CARTESIAN_POINT('',(0.50025784392,0.980420260816));
#2314 = CARTESIAN_POINT('',(0.50026328234,0.980918550353));
#2315 = CARTESIAN_POINT('',(0.500280635074,0.982474628717));
#2316 = CARTESIAN_POINT('',(0.500292607108,0.983497783629));
#2317 = CARTESIAN_POINT('',(0.50030464674,0.98447654981));
#2318 = CARTESIAN_POINT('',(0.500316746617,0.985411530454));
#2319 = CARTESIAN_POINT('',(0.500328903324,0.986301053537));
#2320 = CARTESIAN_POINT('',(0.500341108569,0.987146489956));
#2321 = CARTESIAN_POINT('',(0.500353357539,0.987947067504));
#2322 = CARTESIAN_POINT('',(0.50037617936,0.989351282902));
#2323 = CARTESIAN_POINT('',(0.500386742402,0.98996670216));
#2324 = CARTESIAN_POINT('',(0.500397329672,0.990549064828));
#2325 = CARTESIAN_POINT('',(0.50040793763,0.991098316405));
#2326 = CARTESIAN_POINT('',(0.500418562987,0.991614134157));
#2327 = CARTESIAN_POINT('',(0.500429202236,0.992096488153));
#2328 = CARTESIAN_POINT('',(0.500439851917,0.992545277996));
#2329 = CARTESIAN_POINT('',(0.500457834464,0.993245792641));
#2330 = CARTESIAN_POINT('',(0.500465163611,0.993515343277));
#2331 = CARTESIAN_POINT('',(0.500472495108,0.993768734561));
#2332 = CARTESIAN_POINT('',(0.500479827515,0.994006411597));
#2333 = CARTESIAN_POINT('',(0.500487159633,0.994228536257));
#2334 = CARTESIAN_POINT('',(0.500494490392,0.994435160076));
#2335 = CARTESIAN_POINT('',(0.500501818593,0.994626598377));
#2336 = CARTESIAN_POINT('',(0.500515114893,0.99494676666));
#2337 = CARTESIAN_POINT('',(0.500521084181,0.995080577133));
#2338 = CARTESIAN_POINT('',(0.500527050705,0.995204092439));
#2339 = CARTESIAN_POINT('',(0.500533014046,0.995317009095));
#2340 = CARTESIAN_POINT('',(0.500538973735,0.995419030017));
#2341 = CARTESIAN_POINT('',(0.500544929254,0.995509864525));
#2342 = CARTESIAN_POINT('',(0.500550880035,0.995589228339));
#2343 = CARTESIAN_POINT('',(0.500561900112,0.995714557277));
#2344 = CARTESIAN_POINT('',(0.500566970842,0.995763667585));
#2345 = CARTESIAN_POINT('',(0.500572037117,0.995804928842));
#2346 = CARTESIAN_POINT('',(0.500577098493,0.995839087732));
#2347 = CARTESIAN_POINT('',(0.500582154616,0.995866883285));
#2348 = CARTESIAN_POINT('',(0.50058720522,0.995889046879));
#2349 = CARTESIAN_POINT('',(0.50059225013,0.995906302242));
#2350 = CARTESIAN_POINT('',(0.5006023326,0.995932438937));
#2351 = CARTESIAN_POINT('',(0.500607370104,0.995941306234));
#2352 = CARTESIAN_POINT('',(0.500612401678,0.995946763444));
#2353 = CARTESIAN_POINT('',(0.500617427239,0.995949383698));
#2354 = CARTESIAN_POINT('',(0.500622446729,0.995949718616));
#2355 = CARTESIAN_POINT('',(0.500627460112,0.995948385114));
#2356 = CARTESIAN_POINT('',(0.500632467378,0.995946037562));
#2357 = CARTESIAN_POINT('',(0.500639345592,0.995942171565));
#2358 = CARTESIAN_POINT('',(0.50064122179,0.995941055444));
#2359 = CARTESIAN_POINT('',(0.500643097123,0.995939909002));
#2360 = CARTESIAN_POINT('',(0.500644971592,0.995938764401));
#2361 = CARTESIAN_POINT('',(0.500646845195,0.995937653889));
#2362 = CARTESIAN_POINT('',(0.500648717931,0.995936609806));
#2363 = CARTESIAN_POINT('',(0.500650589799,0.99593566458));
#2364 = CARTESIAN_POINT('',(0.500656674294,0.995933017404));
#2365 = CARTESIAN_POINT('',(0.500660883377,0.995931829777));
#2366 = CARTESIAN_POINT('',(0.500665088013,0.995931192698));
#2367 = CARTESIAN_POINT('',(0.500669288169,0.995931010318));
#2368 = CARTESIAN_POINT('',(0.500673483817,0.995931186089));
#2369 = CARTESIAN_POINT('',(0.500677674931,0.995931622764));
#2370 = CARTESIAN_POINT('',(0.500681861489,0.995932222394));
#2371 = CARTESIAN_POINT('',(0.500689201033,0.995933393076));
#2372 = CARTESIAN_POINT('',(0.500692355986,0.995933910401));
#2373 = CARTESIAN_POINT('',(0.500695508321,0.995934467962));
#2374 = CARTESIAN_POINT('',(0.500698658031,0.995934960528));
#2375 = CARTESIAN_POINT('',(0.500701805109,0.995935314744));
#2376 = CARTESIAN_POINT('',(0.500704949547,0.995935550509));
#2377 = CARTESIAN_POINT('',(0.500708091339,0.99593573696));
#2378 = CARTESIAN_POINT('',(0.500715974383,0.995936005882));
#2379 = CARTESIAN_POINT('',(0.50072071223,0.995936010439));
#2380 = CARTESIAN_POINT('',(0.500725443998,0.995935895574));
#2381 = CARTESIAN_POINT('',(0.500730169667,0.995935700146));
#2382 = CARTESIAN_POINT('',(0.500734889217,0.995935463035));
#2383 = CARTESIAN_POINT('',(0.500739602632,0.995935223144));
#2384 = CARTESIAN_POINT('',(0.500744309895,0.995935019395));
#2385 = CARTESIAN_POINT('',(0.500753831311,0.995934755748));
#2386 = CARTESIAN_POINT('',(0.500758645148,0.99593468153));
#2387 = CARTESIAN_POINT('',(0.500763452484,0.995934657065));
#2388 = CARTESIAN_POINT('',(0.500768253305,0.995934671285));
#2389 = CARTESIAN_POINT('',(0.500773047597,0.995934713075));
#2390 = CARTESIAN_POINT('',(0.500777835349,0.995934771268));
#2391 = CARTESIAN_POINT('',(0.50078261655,0.995934834649));
#2392 = CARTESIAN_POINT('',(0.500795859382,0.99593499962));
#2393 = CARTESIAN_POINT('',(0.500804306937,0.995935058299));
#2394 = CARTESIAN_POINT('',(0.500812733803,0.995935065621));
#2395 = CARTESIAN_POINT('',(0.500821139936,0.995935035485));
#2396 = CARTESIAN_POINT('',(0.5008295253,0.995934991314));
#2397 = CARTESIAN_POINT('',(0.500837889868,0.995934956871));
#2398 = CARTESIAN_POINT('',(0.50084623362,0.995934944651));
#2399 = CARTESIAN_POINT('',(0.500863104156,0.995934938496));
#2400 = CARTESIAN_POINT('',(0.500871629793,0.995934942979));
#2401 = CARTESIAN_POINT('',(0.500880133444,0.995934956564));
#2402 = CARTESIAN_POINT('',(0.500888615092,0.995934967532));
#2403 = CARTESIAN_POINT('',(0.500897074728,0.995934969279));
#2404 = CARTESIAN_POINT('',(0.500905512352,0.99593496606));
#2405 = CARTESIAN_POINT('',(0.500913927971,0.995934966334));
#2406 = CARTESIAN_POINT('',(0.500923748073,0.99593496338));
#2407 = CARTESIAN_POINT('',(0.500925173928,0.99593496302));
#2408 = CARTESIAN_POINT('',(0.500926599146,0.99593496266));
#2409 = CARTESIAN_POINT('',(0.500928023729,0.995934962305));
#2410 = CARTESIAN_POINT('',(0.500929447677,0.995934961962));
#2411 = CARTESIAN_POINT('',(0.500930870989,0.995934961637));
#2412 = CARTESIAN_POINT('',(0.500932293665,0.995934961335));
#2413 = CARTESIAN_POINT('',(0.500939600802,0.995934959938));
#2414 = CARTESIAN_POINT('',(0.500945475012,0.995934959356));
#2415 = CARTESIAN_POINT('',(0.500951338332,0.995934959203));
#2416 = CARTESIAN_POINT('',(0.50095719076,0.995934959367));
#2417 = CARTESIAN_POINT('',(0.500963032296,0.995934959736));
#2418 = CARTESIAN_POINT('',(0.500968862942,0.995934960198));
#2419 = CARTESIAN_POINT('',(0.5009746827,0.995934960644));
#2420 = CARTESIAN_POINT('',(0.500986301755,0.995934961282));
#2421 = CARTESIAN_POINT('',(0.500992101042,0.995934961471));
#2422 = CARTESIAN_POINT('',(0.500997889447,0.995934961549));
#2423 = CARTESIAN_POINT('',(0.501003666968,0.995934961538));
#2424 = CARTESIAN_POINT('',(0.50100943359,0.995934961456));
#2425 = CARTESIAN_POINT('',(0.501015189288,0.995934961325));
#2426 = CARTESIAN_POINT('',(0.501020934025,0.995934961163));
#2427 = CARTESIAN_POINT('',(0.50102839534,0.995934960938));
#2428 = CARTESIAN_POINT('',(0.501030121929,0.995934960885));
#2429 = CARTESIAN_POINT('',(0.501031847519,0.995934960832));
#2430 = CARTESIAN_POINT('',(0.501033572115,0.995934960779));
#2431 = CARTESIAN_POINT('',(0.501035295718,0.995934960727));
#2432 = CARTESIAN_POINT('',(0.501037018334,0.995934960678));
#2433 = CARTESIAN_POINT('',(0.501038739967,0.995934960631));
#2434 = CARTESIAN_POINT('',(0.501044603003,0.995934960484));
#2435 = CARTESIAN_POINT('',(0.50104873968,0.995934960401));
#2436 = CARTESIAN_POINT('',(0.501052870758,0.99593496035));
#2437 = CARTESIAN_POINT('',(0.501056996304,0.995934960342));
#2438 = CARTESIAN_POINT('',(0.501061116349,0.995934960388));
#2439 = CARTESIAN_POINT('',(0.501065230884,0.995934960501));
#2440 = CARTESIAN_POINT('',(0.501069339867,0.995934960692));
#2441 = CARTESIAN_POINT('',(0.501076754232,0.995934961204));
#2442 = CARTESIAN_POINT('',(0.501080061556,0.995934961494));
#2443 = CARTESIAN_POINT('',(0.501083365122,0.995934961818));
#2444 = CARTESIAN_POINT('',(0.501086664874,0.995934962151));
#2445 = CARTESIAN_POINT('',(0.501089960765,0.995934962464));
#2446 = CARTESIAN_POINT('',(0.501093252758,0.995934962729));
#2447 = CARTESIAN_POINT('',(0.501096540825,0.995934962916));
#2448 = CARTESIAN_POINT('',(0.501102302959,0.995934963054));
#2449 = CARTESIAN_POINT('',(0.501104778724,0.995934963051));
#2450 = CARTESIAN_POINT('',(0.501107252237,0.995934962974));
#2451 = CARTESIAN_POINT('',(0.501109723497,0.995934962808));
#2452 = CARTESIAN_POINT('',(0.501112192502,0.99593496254));
#2453 = CARTESIAN_POINT('',(0.501114659255,0.995934962156));
#2454 = CARTESIAN_POINT('',(0.501117123764,0.995934961643));
#2455 = CARTESIAN_POINT('',(0.501126724969,0.995934958993));
#2456 = CARTESIAN_POINT('',(0.501133845091,0.995934956319));
#2457 = CARTESIAN_POINT('',(0.501140946454,0.995934951975));
#2458 = CARTESIAN_POINT('',(0.501148029246,0.995934951102));
#2459 = CARTESIAN_POINT('',(0.501155093677,0.99593495104));
#2460 = CARTESIAN_POINT('',(0.501162140062,0.995934952537));
#2461 = CARTESIAN_POINT('',(0.501169168863,0.995934965058));
#2462 = CARTESIAN_POINT('',(0.501177585087,0.995934977211));
#2463 = CARTESIAN_POINT('',(0.501178989074,0.995934979273));
#2464 = CARTESIAN_POINT('',(0.501180392371,0.995934981288));
#2465 = CARTESIAN_POINT('',(0.501181794981,0.99593498322));
#2466 = CARTESIAN_POINT('',(0.501183196906,0.995934985034));
#2467 = CARTESIAN_POINT('',(0.50118459815,0.995934986693));
#2468 = CARTESIAN_POINT('',(0.501185998716,0.995934988162));
#2469 = CARTESIAN_POINT('',(0.501193654914,0.995934992531));
#2470 = CARTESIAN_POINT('',(0.501199897714,0.995934998536));
#2471 = CARTESIAN_POINT('',(0.501206127298,0.995934992798));
#2472 = CARTESIAN_POINT('',(0.50121234393,0.995934969753));
#2473 = CARTESIAN_POINT('',(0.501218547845,0.995934931733));
#2474 = CARTESIAN_POINT('',(0.50122473925,0.995934887796));
#2475 = CARTESIAN_POINT('',(0.501230918314,0.99593485257));
#2476 = CARTESIAN_POINT('',(0.501237085172,0.995934845081));
#2477 = ( GEOMETRIC_REPRESENTATION_CONTEXT(2) 
PARAMETRIC_REPRESENTATION_CONTEXT() REPRESENTATION_CONTEXT('2D SPACE',''
  ) );
#2478 = PCURVE('',#1736,#2479);
#2479 = DEFINITIONAL_REPRESENTATION('',(#2480),#2665);
#2480 = B_SPLINE_CURVE_WITH_KNOTS('',8,(#2481,#2482,#2483,#2484,#2485,
    #2486,#2487,#2488,#2489,#2490,#2491,#2492,#2493,#2494,#2495,#2496,
    #2497,#2498,#2499,#2500,#2501,#2502,#2503,#2504,#2505,#2506,#2507,
    #2508,#2509,#2510,#2511,#2512,#2513,#2514,#2515,#2516,#2517,#2518,
    #2519,#2520,#2521,#2522,#2523,#2524,#2525,#2526,#2527,#2528,#2529,
    #2530,#2531,#2532,#2533,#2534,#2535,#2536,#2537,#2538,#2539,#2540,
    #2541,#2542,#2543,#2544,#2545,#2546,#2547,#2548,#2549,#2550,#2551,
    #2552,#2553,#2554,#2555,#2556,#2557,#2558,#2559,#2560,#2561,#2562,
    #2563,#2564,#2565,#2566,#2567,#2568,#2569,#2570,#2571,#2572,#2573,
    #2574,#2575,#2576,#2577,#2578,#2579,#2580,#2581,#2582,#2583,#2584,
    #2585,#2586,#2587,#2588,#2589,#2590,#2591,#2592,#2593,#2594,#2595,
    #2596,#2597,#2598,#2599,#2600,#2601,#2602,#2603,#2604,#2605,#2606,
    #2607,#2608,#2609,#2610,#2611,#2612,#2613,#2614,#2615,#2616,#2617,
    #2618,#2619,#2620,#2621,#2622,#2623,#2624,#2625,#2626,#2627,#2628,
    #2629,#2630,#2631,#2632,#2633,#2634,#2635,#2636,#2637,#2638,#2639,
    #2640,#2641,#2642,#2643,#2644,#2645,#2646,#2647,#2648,#2649,#2650,
    #2651,#2652,#2653,#2654,#2655,#2656,#2657,#2658,#2659,#2660,#2661,
    #2662,#2663,#2664),.UNSPECIFIED.,.F.,.F.,(9,7,7,7,7,7,7,7,7,7,7,7,7,
    7,7,7,7,7,7,7,7,7,7,7,7,7,9),(0.,2.697486825406E-02,
    6.67003686642E-02,0.106084478881,0.192011743492,0.265693115573,
    0.316344817144,0.357640617418,0.392888181684,0.428165227788,
    0.441405610396,0.471223021828,0.493736335919,0.527758709006,
    0.562643943454,0.624515593511,0.688057590007,0.698856518879,
    0.743547750733,0.788249021519,0.801717661268,0.834142674263,
    0.860306547288,0.880048267784,0.937285939049,0.948752831979,1.),
  .UNSPECIFIED.);
#2481 = CARTESIAN_POINT('',(1.102207717801,0.172169221426));
#2482 = CARTESIAN_POINT('',(1.102131994882,0.174462648228));
#2483 = CARTESIAN_POINT('',(1.102063842907,0.176756112628));
#2484 = CARTESIAN_POINT('',(1.10199102444,0.179049586682));
#2485 = CARTESIAN_POINT('',(1.101919426621,0.181343111742));
#2486 = CARTESIAN_POINT('',(1.101830200691,0.183636633711));
#2487 = CARTESIAN_POINT('',(1.101712449126,0.185930128246));
#2488 = CARTESIAN_POINT('',(1.101587871394,0.18822369543));
#2489 = CARTESIAN_POINT('',(1.101232410421,0.193895068802));
#2490 = CARTESIAN_POINT('',(1.100985799204,0.197272951889));
#2491 = CARTESIAN_POINT('',(1.100704846285,0.200651002236));
#2492 = CARTESIAN_POINT('',(1.100389956203,0.204029269694));
#2493 = CARTESIAN_POINT('',(1.100041297293,0.207407801876));
#2494 = CARTESIAN_POINT('',(1.099659061511,0.210786641601));
#2495 = CARTESIAN_POINT('',(1.09924372426,0.214165824357));
#2496 = CARTESIAN_POINT('',(1.098353041213,0.220895881068));
#2497 = CARTESIAN_POINT('',(1.097879419694,0.224246737225));
#2498 = CARTESIAN_POINT('',(1.097378192454,0.227597953393));
#2499 = CARTESIAN_POINT('',(1.096852059809,0.230949537625));
#2500 = CARTESIAN_POINT('',(1.096303669591,0.234301496848));
#2501 = CARTESIAN_POINT('',(1.095735617148,0.237653836863));
#2502 = CARTESIAN_POINT('',(1.095150445343,0.241006562348));
#2503 = CARTESIAN_POINT('',(1.093241620464,0.251675441446));
#2504 = CARTESIAN_POINT('',(1.091866253117,0.25899289671));
#2505 = CARTESIAN_POINT('',(1.090436179405,0.266312742387));
#2506 = CARTESIAN_POINT('',(1.089024715197,0.273632152353));
#2507 = CARTESIAN_POINT('',(1.087574347688,0.280955643468));
#2508 = CARTESIAN_POINT('',(1.086199254338,0.288278099957));
#2509 = CARTESIAN_POINT('',(1.084887318978,0.295601382161));
#2510 = CARTESIAN_POINT('',(1.082651207473,0.309203336857));
#2511 = CARTESIAN_POINT('',(1.08169943315,0.315482214815));
#2512 = CARTESIAN_POINT('',(1.080834595734,0.321760593639));
#2513 = CARTESIAN_POINT('',(1.080110164516,0.328037160307));
#2514 = CARTESIAN_POINT('',(1.07949739823,0.334312520239));
#2515 = CARTESIAN_POINT('',(1.07904997438,0.340585335878));
#2516 = CARTESIAN_POINT('',(1.078788650337,0.346855006567));
#2517 = CARTESIAN_POINT('',(1.078699084243,0.357428327472));
#2518 = CARTESIAN_POINT('',(1.078759561279,0.36173397299));
#2519 = CARTESIAN_POINT('',(1.078933106804,0.366037609916));
#2520 = CARTESIAN_POINT('',(1.079214616318,0.370338978474));
#2521 = CARTESIAN_POINT('',(1.079606751882,0.374637860859));
#2522 = CARTESIAN_POINT('',(1.08011517575,0.378934073435));
#2523 = CARTESIAN_POINT('',(1.080738246037,0.383227439746));
#2524 = CARTESIAN_POINT('',(1.082084011659,0.391015713098));
#2525 = CARTESIAN_POINT('',(1.082766238518,0.394511629774));
#2526 = CARTESIAN_POINT('',(1.083539095395,0.398005337143));
#2527 = CARTESIAN_POINT('',(1.084415235763,0.401496578545));
#2528 = CARTESIAN_POINT('',(1.085407165844,0.404985068688));
#2529 = CARTESIAN_POINT('',(1.086527244612,0.408470493652));
#2530 = CARTESIAN_POINT('',(1.087787683794,0.411952510889));
#2531 = CARTESIAN_POINT('',(1.09040645011,0.418399560489));
#2532 = CARTESIAN_POINT('',(1.091724642466,0.421365580425));
#2533 = CARTESIAN_POINT('',(1.093136050427,0.424329060978));
#2534 = CARTESIAN_POINT('',(1.094621663264,0.427290303279));
#2535 = CARTESIAN_POINT('',(1.096162534019,0.43024965765));
#2536 = CARTESIAN_POINT('',(1.097739779513,0.433207523602));
#2537 = CARTESIAN_POINT('',(1.099334580338,0.436164349834));
#2538 = CARTESIAN_POINT('',(1.102523149568,0.442079390782));
#2539 = CARTESIAN_POINT('',(1.104117266884,0.445037570421));
#2540 = CARTESIAN_POINT('',(1.105687927839,0.447995750984));
#2541 = CARTESIAN_POINT('',(1.107223101335,0.450954293543));
#2542 = CARTESIAN_POINT('',(1.108711602208,0.453913553887));
#2543 = CARTESIAN_POINT('',(1.110138921722,0.456873973414));
#2544 = CARTESIAN_POINT('',(1.11148861652,0.459836049441));
#2545 = CARTESIAN_POINT('',(1.113222319811,0.463912703033));
#2546 = CARTESIAN_POINT('',(1.113682689457,0.465025513042));
#2547 = CARTESIAN_POINT('',(1.114129613183,0.466138638813));
#2548 = CARTESIAN_POINT('',(1.114562333969,0.467252104265));
#2549 = CARTESIAN_POINT('',(1.114980089536,0.468365933376));
#2550 = CARTESIAN_POINT('',(1.115382112345,0.46948015018));
#2551 = CARTESIAN_POINT('',(1.115767629598,0.470594778769));
#2552 = CARTESIAN_POINT('',(1.116965143926,0.474220974075));
#2553 = CARTESIAN_POINT('',(1.117707373762,0.476734299089));
#2554 = CARTESIAN_POINT('',(1.118367402612,0.479249734159));
#2555 = CARTESIAN_POINT('',(1.118950139619,0.481767195775));
#2556 = CARTESIAN_POINT('',(1.119460553206,0.484286601089));
#2557 = CARTESIAN_POINT('',(1.119903671076,0.486807867918));
#2558 = CARTESIAN_POINT('',(1.120284580211,0.489330914741));
#2559 = CARTESIAN_POINT('',(1.120852769324,0.493761945235));
#2560 = CARTESIAN_POINT('',(1.121065412873,0.495669186448));
#2561 = CARTESIAN_POINT('',(1.121246268799,0.497577381532));
#2562 = CARTESIAN_POINT('',(1.121399565208,0.499486467844));
#2563 = CARTESIAN_POINT('',(1.121528524817,0.501396396764));
#2564 = CARTESIAN_POINT('',(1.121633404206,0.503307160967));
#2565 = CARTESIAN_POINT('',(1.12171289453,0.505218775087));
#2566 = CARTESIAN_POINT('',(1.121853418971,0.510021303755));
#2567 = CARTESIAN_POINT('',(1.121883476269,0.512913282092));
#2568 = CARTESIAN_POINT('',(1.121860930556,0.515807107373));
#2569 = CARTESIAN_POINT('',(1.121787682117,0.51870274224));
#2570 = CARTESIAN_POINT('',(1.121665656548,0.521600149388));
#2571 = CARTESIAN_POINT('',(1.121496804747,0.524499291562));
#2572 = CARTESIAN_POINT('',(1.121283102921,0.52740013156));
#2573 = CARTESIAN_POINT('',(1.120763566587,0.533278741205));
#2574 = CARTESIAN_POINT('',(1.120455942028,0.536256574249));
#2575 = CARTESIAN_POINT('',(1.120107054043,0.539236027441));
#2576 = CARTESIAN_POINT('',(1.119720316307,0.542216996406));
#2577 = CARTESIAN_POINT('',(1.119299181025,0.545199376309));
#2578 = CARTESIAN_POINT('',(1.11884713894,0.548183061861));
#2579 = CARTESIAN_POINT('',(1.11836771933,0.551167947313));
#2580 = CARTESIAN_POINT('',(1.116971818464,0.559449785707));
#2581 = CARTESIAN_POINT('',(1.11600504408,0.564749108258));
#2582 = CARTESIAN_POINT('',(1.114982903114,0.570051255579));
#2583 = CARTESIAN_POINT('',(1.113920000536,0.575355563899));
#2584 = CARTESIAN_POINT('',(1.11283210358,0.580661356949));
#2585 = CARTESIAN_POINT('',(1.111737479029,0.585967956087));
#2586 = CARTESIAN_POINT('',(1.110654274243,0.591274687807));
#2587 = CARTESIAN_POINT('',(1.108505351833,0.602030322322));
#2588 = CARTESIAN_POINT('',(1.107440250572,0.607479305221));
#2589 = CARTESIAN_POINT('',(1.106419300048,0.61292675703));
#2590 = CARTESIAN_POINT('',(1.105452915271,0.618372364669));
#2591 = CARTESIAN_POINT('',(1.104555692077,0.623815509715));
#2592 = CARTESIAN_POINT('',(1.103750953319,0.629254929824));
#2593 = CARTESIAN_POINT('',(1.103065413504,0.634689114139));
#2594 = CARTESIAN_POINT('',(1.10242031327,0.641039967276));
#2595 = CARTESIAN_POINT('',(1.102330597865,0.641962327898));
#2596 = CARTESIAN_POINT('',(1.102244918399,0.642884509227));
#2597 = CARTESIAN_POINT('',(1.102163377481,0.643806505953));
#2598 = CARTESIAN_POINT('',(1.102086077631,0.644728312774));
#2599 = CARTESIAN_POINT('',(1.102013121278,0.645649924388));
#2600 = CARTESIAN_POINT('',(1.101944610762,0.646571335499));
#2601 = CARTESIAN_POINT('',(1.101615924254,0.651304938298));
#2602 = CARTESIAN_POINT('',(1.101429581744,0.655113786343));
#2603 = CARTESIAN_POINT('',(1.101320671069,0.658919126905));
#2604 = CARTESIAN_POINT('',(1.101288243656,0.66272100269));
#2605 = CARTESIAN_POINT('',(1.101331352088,0.666519457152));
#2606 = CARTESIAN_POINT('',(1.101449050104,0.670314534491));
#2607 = CARTESIAN_POINT('',(1.1016403926,0.674106279659));
#2608 = CARTESIAN_POINT('',(1.10216868788,0.681684040248));
#2609 = CARTESIAN_POINT('',(1.102504438683,0.685470116543));
#2610 = CARTESIAN_POINT('',(1.10294031557,0.689251435961));
#2611 = CARTESIAN_POINT('',(1.103504374839,0.693026489146));
#2612 = CARTESIAN_POINT('',(1.104224101555,0.69679378867));
#2613 = CARTESIAN_POINT('',(1.105126409547,0.700551869025));
#2614 = CARTESIAN_POINT('',(1.106237641411,0.704299286632));
#2615 = CARTESIAN_POINT('',(1.107988970558,0.709160094676));
#2616 = CARTESIAN_POINT('',(1.108416543326,0.71028442743));
#2617 = CARTESIAN_POINT('',(1.108862570338,0.711407807299));
#2618 = CARTESIAN_POINT('',(1.109323348862,0.712530423061));
#2619 = CARTESIAN_POINT('',(1.109795189915,0.713652463065));
#2620 = CARTESIAN_POINT('',(1.110274418257,0.714774115232));
#2621 = CARTESIAN_POINT('',(1.110757372396,0.715895567058));
#2622 = CARTESIAN_POINT('',(1.112403245281,0.71971680921));
#2623 = CARTESIAN_POINT('',(1.113566533265,0.722416513482));
#2624 = CARTESIAN_POINT('',(1.114678919036,0.725118777293));
#2625 = CARTESIAN_POINT('',(1.115688968464,0.727826237802));
#2626 = CARTESIAN_POINT('',(1.116543921016,0.730541573978));
#2627 = CARTESIAN_POINT('',(1.117188447982,0.733267570109));
#2628 = CARTESIAN_POINT('',(1.117563410701,0.736007179323));
#2629 = CARTESIAN_POINT('',(1.117637849749,0.740987744831));
#2630 = CARTESIAN_POINT('',(1.117453675244,0.743222828469));
#2631 = CARTESIAN_POINT('',(1.11705946749,0.745468573574));
#2632 = CARTESIAN_POINT('',(1.116463223889,0.747724696898));
#2633 = CARTESIAN_POINT('',(1.115673567023,0.749990896386));
#2634 = CARTESIAN_POINT('',(1.114699744656,0.752266851172));
#2635 = CARTESIAN_POINT('',(1.11355162973,0.754552221583));
#2636 = CARTESIAN_POINT('',(1.111249831162,0.758577889169));
#2637 = CARTESIAN_POINT('',(1.110166672053,0.760314286048));
#2638 = CARTESIAN_POINT('',(1.108994757395,0.762055685787));
#2639 = CARTESIAN_POINT('',(1.107738785487,0.763801928642));
#2640 = CARTESIAN_POINT('',(1.106403638575,0.765552849106));
#2641 = CARTESIAN_POINT('',(1.104994382848,0.767308275921));
#2642 = CARTESIAN_POINT('',(1.103516268442,0.769068032064));
#2643 = CARTESIAN_POINT('',(1.097505094094,0.775946072325));
#2644 = CARTESIAN_POINT('',(1.092503759439,0.781094993327));
#2645 = CARTESIAN_POINT('',(1.087028342145,0.786274955041));
#2646 = CARTESIAN_POINT('',(1.08115863862,0.791481147383));
#2647 = CARTESIAN_POINT('',(1.074962602075,0.796709217993));
#2648 = CARTESIAN_POINT('',(1.06852219864,0.801954138196));
#2649 = CARTESIAN_POINT('',(1.061944614047,0.807209727388));
#2650 = CARTESIAN_POINT('',(1.05395009512,0.813526412186));
#2651 = CARTESIAN_POINT('',(1.052612793565,0.814580935408));
#2652 = CARTESIAN_POINT('',(1.051272990705,0.815635684136));
#2653 = CARTESIAN_POINT('',(1.04993130217,0.816690619347));
#2654 = CARTESIAN_POINT('',(1.048588346218,0.817745701863));
#2655 = CARTESIAN_POINT('',(1.04724474373,0.818800892355));
#2656 = CARTESIAN_POINT('',(1.045901118213,0.819856151337));
#2657 = CARTESIAN_POINT('',(1.038555924679,0.82562767481));
#2658 = CARTESIAN_POINT('',(1.032565838348,0.830344459868));
#2659 = CARTESIAN_POINT('',(1.026643557976,0.835058302596));
#2660 = CARTESIAN_POINT('',(1.020845521231,0.839765634807));
#2661 = CARTESIAN_POINT('',(1.015227995824,0.844462869294));
#2662 = CARTESIAN_POINT('',(1.009846193065,0.849146457249));
#2663 = CARTESIAN_POINT('',(1.004753381408,0.853812945686));
#2664 = CARTESIAN_POINT('',(1.,0.858459034861));
#2665 = ( GEOMETRIC_REPRESENTATION_CONTEXT(2) 
PARAMETRIC_REPRESENTATION_CONTEXT() REPRESENTATION_CONTEXT('2D SPACE',''
  ) );
#2666 = ORIENTED_EDGE('',*,*,#2667,.F.);
#2667 = EDGE_CURVE('',#2668,#2102,#2670,.T.);
#2668 = VERTEX_POINT('',#2669);
#2669 = CARTESIAN_POINT('',(-28.84665513561,4.2,-8.3));
#2670 = SURFACE_CURVE('',#2671,(#2675,#2681),.PCURVE_S1.);
#2671 = LINE('',#2672,#2673);
#2672 = CARTESIAN_POINT('',(-30.75,4.2,-8.3));
#2673 = VECTOR('',#2674,1.);
#2674 = DIRECTION('',(1.,-0.,-0.));
#2675 = PCURVE('',#245,#2676);
#2676 = DEFINITIONAL_REPRESENTATION('',(#2677),#2680);
#2677 = B_SPLINE_CURVE_WITH_KNOTS('',1,(#2678,#2679),.UNSPECIFIED.,.F.,
  .F.,(2,2),(1.653342843562,59.846657156438),.PIECEWISE_BEZIER_KNOTS.);
#2678 = CARTESIAN_POINT('',(0.500154885705,2.688362347255E-02));
#2679 = CARTESIAN_POINT('',(0.500154885705,0.973116376527));
#2680 = ( GEOMETRIC_REPRESENTATION_CONTEXT(2) 
PARAMETRIC_REPRESENTATION_CONTEXT() REPRESENTATION_CONTEXT('2D SPACE',''
  ) );
#2681 = PCURVE('',#2682,#2687);
#2682 = PLANE('',#2683);
#2683 = AXIS2_PLACEMENT_3D('',#2684,#2685,#2686);
#2684 = CARTESIAN_POINT('',(-30.75,0.,-8.3));
#2685 = DIRECTION('',(0.,0.,-1.));
#2686 = DIRECTION('',(-1.,0.,-0.));
#2687 = DEFINITIONAL_REPRESENTATION('',(#2688),#2692);
#2688 = LINE('',#2689,#2690);
#2689 = CARTESIAN_POINT('',(0.,4.2));
#2690 = VECTOR('',#2691,1.);
#2691 = DIRECTION('',(-1.,0.));
#2692 = ( GEOMETRIC_REPRESENTATION_CONTEXT(2) 
PARAMETRIC_REPRESENTATION_CONTEXT() REPRESENTATION_CONTEXT('2D SPACE',''
  ) );
#2693 = ORIENTED_EDGE('',*,*,#2694,.F.);
#2694 = EDGE_CURVE('',#22,#2668,#2695,.T.);
#2695 = SURFACE_CURVE('',#2696,(#2881,#3069),.PCURVE_S1.);
#2696 = B_SPLINE_CURVE_WITH_KNOTS('',8,(#2697,#2698,#2699,#2700,#2701,
    #2702,#2703,#2704,#2705,#2706,#2707,#2708,#2709,#2710,#2711,#2712,
    #2713,#2714,#2715,#2716,#2717,#2718,#2719,#2720,#2721,#2722,#2723,
    #2724,#2725,#2726,#2727,#2728,#2729,#2730,#2731,#2732,#2733,#2734,
    #2735,#2736,#2737,#2738,#2739,#2740,#2741,#2742,#2743,#2744,#2745,
    #2746,#2747,#2748,#2749,#2750,#2751,#2752,#2753,#2754,#2755,#2756,
    #2757,#2758,#2759,#2760,#2761,#2762,#2763,#2764,#2765,#2766,#2767,
    #2768,#2769,#2770,#2771,#2772,#2773,#2774,#2775,#2776,#2777,#2778,
    #2779,#2780,#2781,#2782,#2783,#2784,#2785,#2786,#2787,#2788,#2789,
    #2790,#2791,#2792,#2793,#2794,#2795,#2796,#2797,#2798,#2799,#2800,
    #2801,#2802,#2803,#2804,#2805,#2806,#2807,#2808,#2809,#2810,#2811,
    #2812,#2813,#2814,#2815,#2816,#2817,#2818,#2819,#2820,#2821,#2822,
    #2823,#2824,#2825,#2826,#2827,#2828,#2829,#2830,#2831,#2832,#2833,
    #2834,#2835,#2836,#2837,#2838,#2839,#2840,#2841,#2842,#2843,#2844,
    #2845,#2846,#2847,#2848,#2849,#2850,#2851,#2852,#2853,#2854,#2855,
    #2856,#2857,#2858,#2859,#2860,#2861,#2862,#2863,#2864,#2865,#2866,
    #2867,#2868,#2869,#2870,#2871,#2872,#2873,#2874,#2875,#2876,#2877,
    #2878,#2879,#2880),.UNSPECIFIED.,.F.,.F.,(9,7,7,7,7,7,7,7,7,7,7,7,7,
    7,7,7,7,7,7,7,7,7,7,7,7,7,9),(0.,5.135678482002E-02,
    7.613296799177E-02,0.117798506589,0.160725130463,0.170027788316,
    0.198270179168,0.211337980092,0.256440341522,0.300952971037,
    0.312226173746,0.375426906437,0.437516839618,0.46816589954,
    0.513812125546,0.558781275894,0.571911817721,0.607157906225,
    0.642332158605,0.683451083896,0.714411357868,0.761134303879,
    0.808074023243,0.893849177269,0.945827831056,0.972685871918,1.),
  .UNSPECIFIED.);
#2697 = CARTESIAN_POINT('',(-30.49999297251,18.449574781332,
    -3.63756431265));
#2698 = CARTESIAN_POINT('',(-30.49999342726,18.365600018661,
    -3.690815283289));
#2699 = CARTESIAN_POINT('',(-30.49999561096,18.281492634364,
    -3.743824338891));
#2700 = CARTESIAN_POINT('',(-30.49999832401,18.1972510271,
    -3.796590233128));
#2701 = CARTESIAN_POINT('',(-30.50000065988,18.11287309976,
    -3.84911198547));
#2702 = CARTESIAN_POINT('',(-30.50000206727,18.028356297363,
    -3.90138884242));
#2703 = CARTESIAN_POINT('',(-30.50000241246,17.943697644951,
    -3.953420238748));
#2704 = CARTESIAN_POINT('',(-30.50000204151,17.858893785483,
    -4.00520575872));
#2705 = CARTESIAN_POINT('',(-30.50000167594,17.732957039824,
    -4.081609350411));
#2706 = CARTESIAN_POINT('',(-30.50000144386,17.691938465997,
    -4.10641627021));
#2707 = CARTESIAN_POINT('',(-30.50000116974,17.650884910775,
    -4.131165804513));
#2708 = CARTESIAN_POINT('',(-30.50000087636,17.609795998592,
    -4.155857890496));
#2709 = CARTESIAN_POINT('',(-30.50000058587,17.568671363791,
    -4.18049245474));
#2710 = CARTESIAN_POINT('',(-30.50000031972,17.527510650626,
    -4.205069413223));
#2711 = CARTESIAN_POINT('',(-30.5000000987,17.486313513264,
    -4.22958867133));
#2712 = CARTESIAN_POINT('',(-30.4999996737,17.375737514455,
    -4.295186383263));
#2713 = CARTESIAN_POINT('',(-30.49999954471,17.306291471632,
    -4.336159170308));
#2714 = CARTESIAN_POINT('',(-30.49999952562,17.236739568474,
    -4.376968156822));
#2715 = CARTESIAN_POINT('',(-30.49999958674,17.167080220871,
    -4.417612793148));
#2716 = CARTESIAN_POINT('',(-30.49999969903,17.097312179441,
    -4.458092308126));
#2717 = CARTESIAN_POINT('',(-30.49999983411,17.027434529527,
    -4.498405709094));
#2718 = CARTESIAN_POINT('',(-30.49999996426,16.9574466912,
    -4.538551781889));
#2719 = CARTESIAN_POINT('',(-30.50000016477,16.815128494755,
    -4.619716391958));
#2720 = CARTESIAN_POINT('',(-30.50000022489,16.742791713745,
    -4.66072436642));
#2721 = CARTESIAN_POINT('',(-30.50000024634,16.670336825308,
    -4.701552032194));
#2722 = CARTESIAN_POINT('',(-30.50000024282,16.597763282546,
    -4.742197971017));
#2723 = CARTESIAN_POINT('',(-30.50000022166,16.525071684822,
    -4.782660104945));
#2724 = CARTESIAN_POINT('',(-30.50000018867,16.452263670199,
    -4.822935787702));
#2725 = CARTESIAN_POINT('',(-30.50000015489,16.379341759628,
    -4.86302192496));
#2726 = CARTESIAN_POINT('',(-30.50000011904,16.290482817217,
    -4.911560057919));
#2727 = CARTESIAN_POINT('',(-30.50000011295,16.274650793481,
    -4.920196209922));
#2728 = CARTESIAN_POINT('',(-30.50000010708,16.258813631733,
    -4.928823250284));
#2729 = CARTESIAN_POINT('',(-30.50000010161,16.242971373159,
    -4.937441139808));
#2730 = CARTESIAN_POINT('',(-30.50000009667,16.227124055745,
    -4.946049841189));
#2731 = CARTESIAN_POINT('',(-30.50000009223,16.211271717249,
    -4.954649317387));
#2732 = CARTESIAN_POINT('',(-30.50000008819,16.195414396986,
    -4.963239530655));
#2733 = CARTESIAN_POINT('',(-30.50000007359,16.13139512905,
    -4.997871648545));
#2734 = CARTESIAN_POINT('',(-30.50000006644,16.083192717907,
    -5.023837050761));
#2735 = CARTESIAN_POINT('',(-30.5000000626,16.03494531284,
    -5.049715971423));
#2736 = CARTESIAN_POINT('',(-30.50000006156,15.986653100531,
    -5.075507858112));
#2737 = CARTESIAN_POINT('',(-30.50000006284,15.938316036451,
    -5.1012122829));
#2738 = CARTESIAN_POINT('',(-30.50000006599,15.889933836799,
    -5.1268289418));
#2739 = CARTESIAN_POINT('',(-30.50000007057,15.841505970448,
    -5.152357654206));
#2740 = CARTESIAN_POINT('',(-30.50000007869,15.770602503113,
    -5.189569820009));
#2741 = CARTESIAN_POINT('',(-30.50000008147,15.748163457967,
    -5.201322411475));
#2742 = CARTESIAN_POINT('',(-30.50000008442,15.725714461346,
    -5.213056118585));
#2743 = CARTESIAN_POINT('',(-30.50000008748,15.703255463944,
    -5.224770920357));
#2744 = CARTESIAN_POINT('',(-30.50000009063,15.68078642127,
    -5.236466792982));
#2745 = CARTESIAN_POINT('',(-30.50000009381,15.658307293646,
    -5.248143709823));
#2746 = CARTESIAN_POINT('',(-30.50000009698,15.635818046209,
    -5.259801641414));
#2747 = CARTESIAN_POINT('',(-30.50000011086,15.535663966406,
    -5.311611242541));
#2748 = CARTESIAN_POINT('',(-30.50000012101,15.457888491004,
    -5.351555321371));
#2749 = CARTESIAN_POINT('',(-30.50000012931,15.379993117741,
    -5.391270379281));
#2750 = CARTESIAN_POINT('',(-30.50000013453,15.301978575196,
    -5.430754088122));
#2751 = CARTESIAN_POINT('',(-30.5000001354,15.223845425481,
    -5.470004204275));
#2752 = CARTESIAN_POINT('',(-30.50000013067,15.14559406425,
    -5.509018568644));
#2753 = CARTESIAN_POINT('',(-30.50000011904,15.067224720692,
    -5.547795106662));
#2754 = CARTESIAN_POINT('',(-30.50000007971,14.911276446207,
    -5.624364663602));
#2755 = CARTESIAN_POINT('',(-30.50000005246,14.833700641754,
    -5.662163875082));
#2756 = CARTESIAN_POINT('',(-30.50000002415,14.756010178181,
    -5.699727501536));
#2757 = CARTESIAN_POINT('',(-30.50000000147,14.678205210647,
    -5.73705356652));
#2758 = CARTESIAN_POINT('',(-30.49999999119,14.60028591546,
    -5.774140078339));
#2759 = CARTESIAN_POINT('',(-30.50000000011,14.522252490082,
    -5.810985030046));
#2760 = CARTESIAN_POINT('',(-30.50000003509,14.444105153121,
    -5.84758639944));
#2761 = CARTESIAN_POINT('',(-30.50000012025,14.346023877054,
    -5.89314955253));
#2762 = CARTESIAN_POINT('',(-30.5000001395,14.326196318861,
    -5.902341202037));
#2763 = CARTESIAN_POINT('',(-30.50000016036,14.306361473032,
    -5.911517064811));
#2764 = CARTESIAN_POINT('',(-30.50000018243,14.286519342826,
    -5.920677108054));
#2765 = CARTESIAN_POINT('',(-30.50000020526,14.266669931484,
    -5.929821298957));
#2766 = CARTESIAN_POINT('',(-30.50000022844,14.246813242233,
    -5.938949604698));
#2767 = CARTESIAN_POINT('',(-30.50000025153,14.226949278285,
    -5.948061992441));
#2768 = CARTESIAN_POINT('',(-30.50000043188,14.095674329807,
    -6.008155603157));
#2769 = CARTESIAN_POINT('',(-30.50000041544,13.984042092222,
    -6.0586514253));
#2770 = CARTESIAN_POINT('',(-30.5000006068,13.872181894207,
    -6.108640109556));
#2771 = CARTESIAN_POINT('',(-30.50000049352,13.760094230098,
    -6.158115876621));
#2772 = CARTESIAN_POINT('',(-30.49999982104,13.647779669166,
    -6.207072893185));
#2773 = CARTESIAN_POINT('',(-30.49999899326,13.535238905357,
    -6.255505252857));
#2774 = CARTESIAN_POINT('',(-30.49999872127,13.422472712068,
    -6.303406998947));
#2775 = CARTESIAN_POINT('',(-30.49999908741,13.198476790387,
    -6.397304900988));
#2776 = CARTESIAN_POINT('',(-30.4999998506,13.087254956802,
    -6.44331972378));
#2777 = CARTESIAN_POINT('',(-30.50000196538,12.975817061835,
    -6.488810987329));
#2778 = CARTESIAN_POINT('',(-30.50000469248,12.864163912463,
    -6.533772988309));
#2779 = CARTESIAN_POINT('',(-30.50000656757,12.752296417108,
    -6.578199972224));
#2780 = CARTESIAN_POINT('',(-30.50000609947,12.640215609002,
    -6.622086128845));
#2781 = CARTESIAN_POINT('',(-30.50000239709,12.527922637786,
    -6.665425601067));
#2782 = CARTESIAN_POINT('',(-30.49999261832,12.359884138496,
    -6.729333136128));
#2783 = CARTESIAN_POINT('',(-30.49998923815,12.304298155411,
    -6.750319122622));
#2784 = CARTESIAN_POINT('',(-30.49998605405,12.248660929921,
    -6.77116975772));
#2785 = CARTESIAN_POINT('',(-30.49998353392,12.192972622152,
    -6.791884329283));
#2786 = CARTESIAN_POINT('',(-30.49998214386,12.137233402525,
    -6.812462121978));
#2787 = CARTESIAN_POINT('',(-30.49998234827,12.081443451758,
    -6.832902417278));
#2788 = CARTESIAN_POINT('',(-30.49998460974,12.02560296087,
    -6.853204493461));
#2789 = CARTESIAN_POINT('',(-30.49999642687,11.886472858958,
    -6.903396960784));
#2790 = CARTESIAN_POINT('',(-30.5000087458,11.803121935957,-6.9331181076
    ));
#2791 = CARTESIAN_POINT('',(-30.50003290521,11.719660024714,
    -6.962528674062));
#2792 = CARTESIAN_POINT('',(-30.50005397058,11.636087876111,
    -6.991626241861));
#2793 = CARTESIAN_POINT('',(-30.50006783003,11.552406276311,
    -7.0204083876));
#2794 = CARTESIAN_POINT('',(-30.5000731034,11.468616060249,
    -7.048872679996));
#2795 = CARTESIAN_POINT('',(-30.5000585364,11.384718133007,
    -7.077016674298));
#2796 = CARTESIAN_POINT('',(-30.49998603404,11.217954798788,
    -7.132246500354));
#2797 = CARTESIAN_POINT('',(-30.49992325336,11.135092614389,
    -7.15934180956));
#2798 = CARTESIAN_POINT('',(-30.4998383575,11.052127687286,
    -7.186121550144));
#2799 = CARTESIAN_POINT('',(-30.49977616886,10.969061050398,
    -7.212583351918));
#2800 = CARTESIAN_POINT('',(-30.49973130584,10.885893843048,
    -7.238724826064));
#2801 = CARTESIAN_POINT('',(-30.49974525076,10.802627448112,
    -7.264543525899));
#2802 = CARTESIAN_POINT('',(-30.49982619794,10.719263384421,
    -7.290036990151));
#2803 = CARTESIAN_POINT('',(-30.50004943182,10.611433888037,
    -7.322550870319));
#2804 = CARTESIAN_POINT('',(-30.50010763086,10.587056228137,
    -7.329871069886));
#2805 = CARTESIAN_POINT('',(-30.50017165967,10.562670419158,
    -7.337163269622));
#2806 = CARTESIAN_POINT('',(-30.50023957315,10.538276482526,
    -7.344427414111));
#2807 = CARTESIAN_POINT('',(-30.50030943169,10.513874437666,
    -7.351663448597));
#2808 = CARTESIAN_POINT('',(-30.50037930115,10.489464301996,
    -7.35887131898));
#2809 = CARTESIAN_POINT('',(-30.50044725289,10.465046090932,
    -7.366050971822));
#2810 = CARTESIAN_POINT('',(-30.50068374725,10.375052792276,
    -7.392398687774));
#2811 = CARTESIAN_POINT('',(-30.5008271097,10.309427887804,
    -7.411391260598));
#2812 = CARTESIAN_POINT('',(-30.50090777574,10.243745140529,
    -7.430179120114));
#2813 = CARTESIAN_POINT('',(-30.50088558408,10.178004793443,
    -7.448761247679));
#2814 = CARTESIAN_POINT('',(-30.50072269604,10.112207396685,
    -7.467136540109));
#2815 = CARTESIAN_POINT('',(-30.50038530771,10.04635383049,
    -7.485303811964));
#2816 = CARTESIAN_POINT('',(-30.49983826559,9.980445250882,
    -7.503261818729));
#2817 = CARTESIAN_POINT('',(-30.49822852187,9.848655100251,
    -7.538720592232));
#2818 = CARTESIAN_POINT('',(-30.49716736815,9.782774357314,
    -7.556222104281));
#2819 = CARTESIAN_POINT('',(-30.49580535789,9.716841960774,
    -7.573512532427));
#2820 = CARTESIAN_POINT('',(-30.49409825741,9.650860292953,
    -7.590590352278));
#2821 = CARTESIAN_POINT('',(-30.4920013661,9.584832887008,
    -7.607453819639));
#2822 = CARTESIAN_POINT('',(-30.48946951642,9.518764426929,
    -7.624100970514));
#2823 = CARTESIAN_POINT('',(-30.4864570739,9.452660747541,
    -7.640529621101));
#2824 = CARTESIAN_POINT('',(-30.47878075159,9.309220210647,
    -7.675684363056));
#2825 = CARTESIAN_POINT('',(-30.473927141,9.231873369916,-7.694329425903
    ));
#2826 = CARTESIAN_POINT('',(-30.46837397258,9.154496367188,
    -7.712669652399));
#2827 = CARTESIAN_POINT('',(-30.46213850158,9.077096607135,
    -7.730702432354));
#2828 = CARTESIAN_POINT('',(-30.45523837126,8.999680844225,
    -7.748425449327));
#2829 = CARTESIAN_POINT('',(-30.44769161289,8.922255182721,
    -7.765836680626));
#2830 = CARTESIAN_POINT('',(-30.43951664577,8.84482507668,
    -7.782934397313));
#2831 = CARTESIAN_POINT('',(-30.42411809625,8.709095019777,
    -7.812353646884));
#2832 = CARTESIAN_POINT('',(-30.41715825937,8.650794935213,
    -7.824811556375));
#2833 = CARTESIAN_POINT('',(-30.40985011739,8.592498256521,
    -7.837090009728));
#2834 = CARTESIAN_POINT('',(-30.40219105482,8.534208244473,
    -7.849188165413));
#2835 = CARTESIAN_POINT('',(-30.39417848981,8.475928240358,
    -7.861105223307));
#2836 = CARTESIAN_POINT('',(-30.38580987417,8.417661665974,
    -7.872840424697));
#2837 = CARTESIAN_POINT('',(-30.37708269335,8.359412023636,
    -7.884393052277));
#2838 = CARTESIAN_POINT('',(-30.35427875565,8.213307887392,
    -7.912920240157));
#2839 = CARTESIAN_POINT('',(-30.33974352938,8.125478766398,
    -7.929660877753));
#2840 = CARTESIAN_POINT('',(-30.32437160479,8.037710171566,
    -7.94598156604));
#2841 = CARTESIAN_POINT('',(-30.30815764623,7.950013663146,
    -7.961880538586));
#2842 = CARTESIAN_POINT('',(-30.29112641321,7.862397195253,
    -7.977356878736));
#2843 = CARTESIAN_POINT('',(-30.27325332144,7.774875929646,
    -7.992408693238));
#2844 = CARTESIAN_POINT('',(-30.25455715964,7.687458533119,
    -8.007035563393));
#2845 = CARTESIAN_POINT('',(-30.21541716739,7.512451409298,
    -8.035503662311));
#2846 = CARTESIAN_POINT('',(-30.19496708036,7.424862443292,
    -8.049340986595));
#2847 = CARTESIAN_POINT('',(-30.17368423992,7.33740199918,-8.06274804129
    ));
#2848 = CARTESIAN_POINT('',(-30.15157100105,7.250081417974,
    -8.075724533789));
#2849 = CARTESIAN_POINT('',(-30.12862988222,7.162912006273,
    -8.088270473793));
#2850 = CARTESIAN_POINT('',(-30.10486356537,7.075905036258,
    -8.100386173314));
#2851 = CARTESIAN_POINT('',(-30.08027489592,6.989071745693,
    -8.112072246678));
#2852 = CARTESIAN_POINT('',(-30.00843726349,6.744086737706,
    -8.143900710672));
#2853 = CARTESIAN_POINT('',(-29.95927458148,6.586365846498,
    -8.163040419343));
#2854 = CARTESIAN_POINT('',(-29.90736288047,6.429340003478,
    -8.180753102679));
#2855 = CARTESIAN_POINT('',(-29.85274935751,6.273069324288,
    -8.197048277701));
#2856 = CARTESIAN_POINT('',(-29.79535019038,6.117658036298,-8.2119350942
    ));
#2857 = CARTESIAN_POINT('',(-29.73526767397,5.96314762231,-8.22543223461
    ));
#2858 = CARTESIAN_POINT('',(-29.67246487735,5.809629644775,
    -8.237556618611));
#2859 = CARTESIAN_POINT('',(-29.56728707303,5.564783914046,
    -8.254860340897));
#2860 = CARTESIAN_POINT('',(-29.5266121803,5.472785525836,
    -8.260893817287));
#2861 = CARTESIAN_POINT('',(-29.4849544605,5.381191883613,
    -8.266436583409));
#2862 = CARTESIAN_POINT('',(-29.44232195609,5.290017017409,
    -8.271494119954));
#2863 = CARTESIAN_POINT('',(-29.39872175112,5.199275313986,
    -8.276072293907));
#2864 = CARTESIAN_POINT('',(-29.3541590709,5.108981952544,
    -8.280177333979));
#2865 = CARTESIAN_POINT('',(-29.30863941631,5.019151864267,
    -8.28381585648));
#2866 = CARTESIAN_POINT('',(-29.2381644344,4.883626454042,
    -8.288637617854));
#2867 = CARTESIAN_POINT('',(-29.21390272968,4.83758252762,
    -8.290157628545));
#2868 = CARTESIAN_POINT('',(-29.18939007834,4.791667112793,
    -8.291555947512));
#2869 = CARTESIAN_POINT('',(-29.1646279217,4.745881873098,
    -8.292833569812));
#2870 = CARTESIAN_POINT('',(-29.13961768265,4.700228459244,
    -8.293991511782));
#2871 = CARTESIAN_POINT('',(-29.11436076564,4.654708509109,
    -8.295030811036));
#2872 = CARTESIAN_POINT('',(-29.08885855669,4.609323647743,
    -8.295952526464));
#2873 = CARTESIAN_POINT('',(-29.03692903924,4.518058975532,
    -8.297576623153));
#2874 = CARTESIAN_POINT('',(-29.01049366403,4.472183682568,
    -8.29827501441));
#2875 = CARTESIAN_POINT('',(-28.98380666992,4.426451949982,
    -8.298854041329));
#2876 = CARTESIAN_POINT('',(-28.9568712008,4.380864389788,
    -8.299314871907));
#2877 = CARTESIAN_POINT('',(-28.92968781574,4.335423203994,
    -8.29965867439));
#2878 = CARTESIAN_POINT('',(-28.9022563822,4.290131002935,
    -8.299886638977));
#2879 = CARTESIAN_POINT('',(-28.87457867478,4.244989192456,
    -8.300000000125));
#2880 = CARTESIAN_POINT('',(-28.8466551356,4.199999999976,
    -8.299999999906));
#2881 = PCURVE('',#245,#2882);
#2882 = DEFINITIONAL_REPRESENTATION('',(#2883),#3068);
#2883 = B_SPLINE_CURVE_WITH_KNOTS('',8,(#2884,#2885,#2886,#2887,#2888,
    #2889,#2890,#2891,#2892,#2893,#2894,#2895,#2896,#2897,#2898,#2899,
    #2900,#2901,#2902,#2903,#2904,#2905,#2906,#2907,#2908,#2909,#2910,
    #2911,#2912,#2913,#2914,#2915,#2916,#2917,#2918,#2919,#2920,#2921,
    #2922,#2923,#2924,#2925,#2926,#2927,#2928,#2929,#2930,#2931,#2932,
    #2933,#2934,#2935,#2936,#2937,#2938,#2939,#2940,#2941,#2942,#2943,
    #2944,#2945,#2946,#2947,#2948,#2949,#2950,#2951,#2952,#2953,#2954,
    #2955,#2956,#2957,#2958,#2959,#2960,#2961,#2962,#2963,#2964,#2965,
    #2966,#2967,#2968,#2969,#2970,#2971,#2972,#2973,#2974,#2975,#2976,
    #2977,#2978,#2979,#2980,#2981,#2982,#2983,#2984,#2985,#2986,#2987,
    #2988,#2989,#2990,#2991,#2992,#2993,#2994,#2995,#2996,#2997,#2998,
    #2999,#3000,#3001,#3002,#3003,#3004,#3005,#3006,#3007,#3008,#3009,
    #3010,#3011,#3012,#3013,#3014,#3015,#3016,#3017,#3018,#3019,#3020,
    #3021,#3022,#3023,#3024,#3025,#3026,#3027,#3028,#3029,#3030,#3031,
    #3032,#3033,#3034,#3035,#3036,#3037,#3038,#3039,#3040,#3041,#3042,
    #3043,#3044,#3045,#3046,#3047,#3048,#3049,#3050,#3051,#3052,#3053,
    #3054,#3055,#3056,#3057,#3058,#3059,#3060,#3061,#3062,#3063,#3064,
    #3065,#3066,#3067),.UNSPECIFIED.,.F.,.F.,(9,7,7,7,7,7,7,7,7,7,7,7,7,
    7,7,7,7,7,7,7,7,7,7,7,7,7,9),(0.,5.135678482002E-02,
    7.613296799177E-02,0.117798506589,0.160725130463,0.170027788316,
    0.198270179168,0.211337980092,0.256440341522,0.300952971037,
    0.312226173746,0.375426906437,0.437516839618,0.46816589954,
    0.513812125546,0.558781275894,0.571911817721,0.607157906225,
    0.642332158605,0.683451083896,0.714411357868,0.761134303879,
    0.808074023243,0.893849177269,0.945827831056,0.972685871918,1.),
  .UNSPECIFIED.);
#2884 = CARTESIAN_POINT('',(0.501237085172,4.065154918509E-03));
#2885 = CARTESIAN_POINT('',(0.501230905122,4.065147524121E-03));
#2886 = CARTESIAN_POINT('',(0.501224712814,4.065112016901E-03));
#2887 = CARTESIAN_POINT('',(0.501218508112,4.065067902171E-03));
#2888 = CARTESIAN_POINT('',(0.501212290844,4.065029920647E-03));
#2889 = CARTESIAN_POINT('',(0.501206060805,4.065007036145E-03));
#2890 = CARTESIAN_POINT('',(0.501199817756,4.06500142327E-03));
#2891 = CARTESIAN_POINT('',(0.501193561431,4.065007455116E-03));
#2892 = CARTESIAN_POINT('',(0.501184266737,4.065013399296E-03));
#2893 = CARTESIAN_POINT('',(0.501181238783,4.065017172899E-03));
#2894 = CARTESIAN_POINT('',(0.501178207645,4.065021630213E-03));
#2895 = CARTESIAN_POINT('',(0.501175173292,4.065026400538E-03));
#2896 = CARTESIAN_POINT('',(0.501172135697,4.065031124031E-03));
#2897 = CARTESIAN_POINT('',(0.501169094829,4.065035451705E-03));
#2898 = CARTESIAN_POINT('',(0.501166050662,4.065039045432E-03));
#2899 = CARTESIAN_POINT('',(0.501157878266,4.065045956072E-03));
#2900 = CARTESIAN_POINT('',(0.501152743958,4.065048053467E-03));
#2901 = CARTESIAN_POINT('',(0.501147600089,4.065048363798E-03));
#2902 = CARTESIAN_POINT('',(0.501142446532,4.065047369983E-03));
#2903 = CARTESIAN_POINT('',(0.501137283181,4.065045544181E-03));
#2904 = CARTESIAN_POINT('',(0.501132109959,4.065043347794E-03));
#2905 = CARTESIAN_POINT('',(0.50112692681,4.065041231467E-03));
#2906 = CARTESIAN_POINT('',(0.501116383419,4.065037971205E-03));
#2907 = CARTESIAN_POINT('',(0.501111022592,4.065036993642E-03));
#2908 = CARTESIAN_POINT('',(0.501105651118,4.065036644849E-03));
#2909 = CARTESIAN_POINT('',(0.501100268942,4.065036702015E-03));
#2910 = CARTESIAN_POINT('',(0.501094876096,4.065037046119E-03));
#2911 = CARTESIAN_POINT('',(0.501089472688,4.06503758249E-03));
#2912 = CARTESIAN_POINT('',(0.501084058892,4.065038131879E-03));
#2913 = CARTESIAN_POINT('',(0.501077459548,4.065038714693E-03));
#2914 = CARTESIAN_POINT('',(0.50107628365,4.065038813817E-03));
#2915 = CARTESIAN_POINT('',(0.501075107279,4.065038909231E-03));
#2916 = CARTESIAN_POINT('',(0.501073930438,4.065038998135E-03));
#2917 = CARTESIAN_POINT('',(0.501072753129,4.065039078484E-03));
#2918 = CARTESIAN_POINT('',(0.501071575356,4.065039150649E-03));
#2919 = CARTESIAN_POINT('',(0.501070397121,4.0650392164E-03));
#2920 = CARTESIAN_POINT('',(0.501065639975,4.065039453773E-03));
#2921 = CARTESIAN_POINT('',(0.501062057302,4.06503956993E-03));
#2922 = CARTESIAN_POINT('',(0.501058470436,4.065039632402E-03));
#2923 = CARTESIAN_POINT('',(0.501054879388,4.065039649347E-03));
#2924 = CARTESIAN_POINT('',(0.501051284152,4.065039628492E-03));
#2925 = CARTESIAN_POINT('',(0.501047684701,4.065039577257E-03));
#2926 = CARTESIAN_POINT('',(0.501044080995,4.065039502891E-03));
#2927 = CARTESIAN_POINT('',(0.50103880353,4.065039370815E-03));
#2928 = CARTESIAN_POINT('',(0.501037133169,4.065039325625E-03));
#2929 = CARTESIAN_POINT('',(0.501035461883,4.065039277735E-03));
#2930 = CARTESIAN_POINT('',(0.501033789668,4.065039227852E-03));
#2931 = CARTESIAN_POINT('',(0.501032116519,4.065039176688E-03));
#2932 = CARTESIAN_POINT('',(0.501030442434,4.065039124955E-03));
#2933 = CARTESIAN_POINT('',(0.50102876741,4.065039073368E-03));
#2934 = CARTESIAN_POINT('',(0.501021306994,4.065038847667E-03));
#2935 = CARTESIAN_POINT('',(0.501015511331,4.06503868267E-03));
#2936 = CARTESIAN_POINT('',(0.501009704506,4.065038547668E-03));
#2937 = CARTESIAN_POINT('',(0.50100388656,4.06503846287E-03));
#2938 = CARTESIAN_POINT('',(0.500998057519,4.065038448678E-03));
#2939 = CARTESIAN_POINT('',(0.500992217397,4.065038525684E-03));
#2940 = CARTESIAN_POINT('',(0.500986366196,4.065038714675E-03));
#2941 = CARTESIAN_POINT('',(0.500974718269,4.065039354224E-03));
#2942 = CARTESIAN_POINT('',(0.500968921835,4.065039797314E-03));
#2943 = CARTESIAN_POINT('',(0.500963114601,4.065040257722E-03));
#2944 = CARTESIAN_POINT('',(0.500957296563,4.065040626437E-03));
#2945 = CARTESIAN_POINT('',(0.50095146772,4.065040793608E-03));
#2946 = CARTESIAN_POINT('',(0.500945628072,4.06504064855E-03));
#2947 = CARTESIAN_POINT('',(0.500939777621,4.065040079737E-03));
#2948 = CARTESIAN_POINT('',(0.500932431958,4.06503869506E-03));
#2949 = CARTESIAN_POINT('',(0.500930946853,4.065038382091E-03));
#2950 = CARTESIAN_POINT('',(0.500929461056,4.065038042786E-03));
#2951 = CARTESIAN_POINT('',(0.500927974566,4.065037684046E-03));
#2952 = CARTESIAN_POINT('',(0.500926487384,4.065037312782E-03));
#2953 = CARTESIAN_POINT('',(0.500924999508,4.065036935921E-03));
#2954 = CARTESIAN_POINT('',(0.50092351094,4.065036560401E-03));
#2955 = CARTESIAN_POINT('',(0.500913672466,4.065033627841E-03));
#2956 = CARTESIAN_POINT('',(0.500905301483,4.065033895138E-03));
#2957 = CARTESIAN_POINT('',(0.50089690873,4.065030783662E-03));
#2958 = CARTESIAN_POINT('',(0.5008884942,4.065032625693E-03));
#2959 = CARTESIAN_POINT('',(0.500880057895,4.065043560243E-03));
#2960 = CARTESIAN_POINT('',(0.500871599823,4.065057020071E-03));
#2961 = CARTESIAN_POINT('',(0.500863119999,4.065061442657E-03));
#2962 = CARTESIAN_POINT('',(0.500846266291,4.065055489188E-03));
#2963 = CARTESIAN_POINT('',(0.500837893168,4.065043079637E-03));
#2964 = CARTESIAN_POINT('',(0.500829499083,4.065008692992E-03));
#2965 = CARTESIAN_POINT('',(0.500821084055,4.064964349803E-03));
#2966 = CARTESIAN_POINT('',(0.50081264811,4.064933860557E-03));
#2967 = CARTESIAN_POINT('',(0.500804191287,4.064941471911E-03));
#2968 = CARTESIAN_POINT('',(0.50079571363,4.065001673303E-03));
#2969 = CARTESIAN_POINT('',(0.500783020158,4.06516067762E-03));
#2970 = CARTESIAN_POINT('',(0.500778820063,4.065215639729E-03));
#2971 = CARTESIAN_POINT('',(0.500774614911,4.065267413685E-03));
#2972 = CARTESIAN_POINT('',(0.500770404708,4.065308391551E-03));
#2973 = CARTESIAN_POINT('',(0.500766189464,4.065330994002E-03));
#2974 = CARTESIAN_POINT('',(0.500761969186,4.065327670327E-03));
#2975 = CARTESIAN_POINT('',(0.500757743883,4.065290898426E-03));
#2976 = CARTESIAN_POINT('',(0.500747213276,4.065098750013E-03));
#2977 = CARTESIAN_POINT('',(0.500740901865,4.06489844219E-03));
#2978 = CARTESIAN_POINT('',(0.500734579366,4.064505606332E-03));
#2979 = CARTESIAN_POINT('',(0.50072824582,4.064163079975E-03));
#2980 = CARTESIAN_POINT('',(0.500721901271,4.063937723072E-03));
#2981 = CARTESIAN_POINT('',(0.500715545764,4.063851977155E-03));
#2982 = CARTESIAN_POINT('',(0.500709179353,4.064088838891E-03));
#2983 = CARTESIAN_POINT('',(0.500696519427,4.065267739152E-03));
#2984 = CARTESIAN_POINT('',(0.500690226238,4.066288563195E-03));
#2985 = CARTESIAN_POINT('',(0.50068392257,4.067668983592E-03));
#2986 = CARTESIAN_POINT('',(0.500677608486,4.068680181144E-03));
#2987 = CARTESIAN_POINT('',(0.500671284057,4.069409661127E-03));
#2988 = CARTESIAN_POINT('',(0.500664949374,4.069182914378E-03));
#2989 = CARTESIAN_POINT('',(0.500658604536,4.067866700097E-03));
#2990 = CARTESIAN_POINT('',(0.500650394099,4.064236880858E-03));
#2991 = CARTESIAN_POINT('',(0.500648537683,4.063290555005E-03));
#2992 = CARTESIAN_POINT('',(0.500646680414,4.062249436225E-03));
#2993 = CARTESIAN_POINT('',(0.500644822291,4.06114515201E-03));
#2994 = CARTESIAN_POINT('',(0.500642963318,4.060009240787E-03));
#2995 = CARTESIAN_POINT('',(0.500641103493,4.058873151913E-03));
#2996 = CARTESIAN_POINT('',(0.500639242819,4.057768245683E-03));
#2997 = CARTESIAN_POINT('',(0.500632384442,4.05392280895E-03));
#2998 = CARTESIAN_POINT('',(0.500627381485,4.051591712089E-03));
#2999 = CARTESIAN_POINT('',(0.500622372421,4.050280069132E-03));
#3000 = CARTESIAN_POINT('',(0.500617357263,4.05064090924E-03));
#3001 = CARTESIAN_POINT('',(0.500612336043,4.053289495264E-03));
#3002 = CARTESIAN_POINT('',(0.500607308823,4.05877548433E-03));
#3003 = CARTESIAN_POINT('',(0.500602275683,4.067670478114E-03));
#3004 = CARTESIAN_POINT('',(0.500592208019,4.093845172781E-03));
#3005 = CARTESIAN_POINT('',(0.500587173565,4.111099704755E-03));
#3006 = CARTESIAN_POINT('',(0.500582133442,4.133246213059E-03));
#3007 = CARTESIAN_POINT('',(0.500577087823,4.161003944455E-03));
#3008 = CARTESIAN_POINT('',(0.500572036974,4.195099738109E-03));
#3009 = CARTESIAN_POINT('',(0.500566981246,4.236268025587E-03));
#3010 = CARTESIAN_POINT('',(0.500561921081,4.285250830853E-03));
#3011 = CARTESIAN_POINT('',(0.500550937076,4.410069079723E-03));
#3012 = CARTESIAN_POINT('',(0.500545011831,4.488989577172E-03));
#3013 = CARTESIAN_POINT('',(0.500539081884,4.579284998642E-03));
#3014 = CARTESIAN_POINT('',(0.500533147796,4.680674771001E-03));
#3015 = CARTESIAN_POINT('',(0.500527210079,4.792872011965E-03));
#3016 = CARTESIAN_POINT('',(0.500521269196,4.915583530103E-03));
#3017 = CARTESIAN_POINT('',(0.500515325562,5.048509824832E-03));
#3018 = CARTESIAN_POINT('',(0.500504902519,5.298892743839E-03));
#3019 = CARTESIAN_POINT('',(0.500500424145,5.412060823228E-03));
#3020 = CARTESIAN_POINT('',(0.500495944664,5.530892400127E-03));
#3021 = CARTESIAN_POINT('',(0.500491464323,5.655430002914E-03));
#3022 = CARTESIAN_POINT('',(0.50048698338,5.785715612804E-03));
#3023 = CARTESIAN_POINT('',(0.500482502097,5.921790663849E-03));
#3024 = CARTESIAN_POINT('',(0.500478020744,6.063696042939E-03));
#3025 = CARTESIAN_POINT('',(0.500466776985,6.434491777932E-03));
#3026 = CARTESIAN_POINT('',(0.500460014777,6.670836920631E-03));
#3027 = CARTESIAN_POINT('',(0.5004532541,6.92078691393E-03));
#3028 = CARTESIAN_POINT('',(0.500446495847,7.184428516466E-03));
#3029 = CARTESIAN_POINT('',(0.500439740634,7.461359134694E-03));
#3030 = CARTESIAN_POINT('',(0.500432989638,7.751978513053E-03));
#3031 = CARTESIAN_POINT('',(0.500426243534,8.055981143927E-03));
#3032 = CARTESIAN_POINT('',(0.500412731786,8.692403782234E-03));
#3033 = CARTESIAN_POINT('',(0.500405966172,9.024925522462E-03));
#3034 = CARTESIAN_POINT('',(0.500399207344,9.37098796872E-03));
#3035 = CARTESIAN_POINT('',(0.500392456189,9.730552828424E-03));
#3036 = CARTESIAN_POINT('',(0.500385713595,1.010357915087E-02));
#3037 = CARTESIAN_POINT('',(0.500378980448,1.049002332726E-02));
#3038 = CARTESIAN_POINT('',(0.500372257634,1.088983909065E-02));
#3039 = CARTESIAN_POINT('',(0.500353281638,1.205793067491E-02));
#3040 = CARTESIAN_POINT('',(0.500341054571,1.285732387831E-02));
#3041 = CARTESIAN_POINT('',(0.500328871099,1.37014165777E-02));
#3042 = CARTESIAN_POINT('',(0.500316736009,1.458944134131E-02));
#3043 = CARTESIAN_POINT('',(0.50030465755,1.552276113188E-02));
#3044 = CARTESIAN_POINT('',(0.500292639118,1.649971261837E-02));
#3045 = CARTESIAN_POINT('',(0.500280688027,1.752089630313E-02));
#3046 = CARTESIAN_POINT('',(0.500261611658,1.923110450357E-02));
#3047 = CARTESIAN_POINT('',(0.500254440311,1.989248487316E-02));
#3048 = CARTESIAN_POINT('',(0.500247296957,2.056984617072E-02));
#3049 = CARTESIAN_POINT('',(0.50024018274,2.126305762442E-02));
#3050 = CARTESIAN_POINT('',(0.500233098832,2.19720040467E-02));
#3051 = CARTESIAN_POINT('',(0.500226046473,2.269660047315E-02));
#3052 = CARTESIAN_POINT('',(0.500219026884,2.343675745835E-02));
#3053 = CARTESIAN_POINT('',(0.500208431412,2.458269212355E-02));
#3054 = CARTESIAN_POINT('',(0.50020483076,2.497719138725E-02));
#3055 = CARTESIAN_POINT('',(0.500201239258,2.537577108388E-02));
#3056 = CARTESIAN_POINT('',(0.500197657043,2.577840777722E-02));
#3057 = CARTESIAN_POINT('',(0.500194084254,2.618507833086E-02));
#3058 = CARTESIAN_POINT('',(0.500190521026,2.65957599082E-02));
#3059 = CARTESIAN_POINT('',(0.500186967495,2.701042997244E-02));
#3060 = CARTESIAN_POINT('',(0.500179819922,2.785481237009E-02));
#3061 = CARTESIAN_POINT('',(0.500176226204,2.828465586942E-02));
#3062 = CARTESIAN_POINT('',(0.500172642834,2.871859073288E-02));
#3063 = CARTESIAN_POINT('',(0.500169069869,2.915656584061E-02));
#3064 = CARTESIAN_POINT('',(0.500165507491,2.959857210173E-02));
#3065 = CARTESIAN_POINT('',(0.500161955914,3.004461167144E-02));
#3066 = CARTESIAN_POINT('',(0.500158415257,3.049465569461E-02));
#3067 = CARTESIAN_POINT('',(0.500154885705,3.094869698212E-02));
#3068 = ( GEOMETRIC_REPRESENTATION_CONTEXT(2) 
PARAMETRIC_REPRESENTATION_CONTEXT() REPRESENTATION_CONTEXT('2D SPACE',''
  ) );
#3069 = PCURVE('',#145,#3070);
#3070 = DEFINITIONAL_REPRESENTATION('',(#3071),#3256);
#3071 = B_SPLINE_CURVE_WITH_KNOTS('',8,(#3072,#3073,#3074,#3075,#3076,
    #3077,#3078,#3079,#3080,#3081,#3082,#3083,#3084,#3085,#3086,#3087,
    #3088,#3089,#3090,#3091,#3092,#3093,#3094,#3095,#3096,#3097,#3098,
    #3099,#3100,#3101,#3102,#3103,#3104,#3105,#3106,#3107,#3108,#3109,
    #3110,#3111,#3112,#3113,#3114,#3115,#3116,#3117,#3118,#3119,#3120,
    #3121,#3122,#3123,#3124,#3125,#3126,#3127,#3128,#3129,#3130,#3131,
    #3132,#3133,#3134,#3135,#3136,#3137,#3138,#3139,#3140,#3141,#3142,
    #3143,#3144,#3145,#3146,#3147,#3148,#3149,#3150,#3151,#3152,#3153,
    #3154,#3155,#3156,#3157,#3158,#3159,#3160,#3161,#3162,#3163,#3164,
    #3165,#3166,#3167,#3168,#3169,#3170,#3171,#3172,#3173,#3174,#3175,
    #3176,#3177,#3178,#3179,#3180,#3181,#3182,#3183,#3184,#3185,#3186,
    #3187,#3188,#3189,#3190,#3191,#3192,#3193,#3194,#3195,#3196,#3197,
    #3198,#3199,#3200,#3201,#3202,#3203,#3204,#3205,#3206,#3207,#3208,
    #3209,#3210,#3211,#3212,#3213,#3214,#3215,#3216,#3217,#3218,#3219,
    #3220,#3221,#3222,#3223,#3224,#3225,#3226,#3227,#3228,#3229,#3230,
    #3231,#3232,#3233,#3234,#3235,#3236,#3237,#3238,#3239,#3240,#3241,
    #3242,#3243,#3244,#3245,#3246,#3247,#3248,#3249,#3250,#3251,#3252,
    #3253,#3254,#3255),.UNSPECIFIED.,.F.,.F.,(9,7,7,7,7,7,7,7,7,7,7,7,7,
    7,7,7,7,7,7,7,7,7,7,7,7,7,9),(0.,5.135678482002E-02,
    7.613296799177E-02,0.117798506589,0.160725130463,0.170027788316,
    0.198270179168,0.211337980092,0.256440341522,0.300952971037,
    0.312226173746,0.375426906437,0.437516839618,0.46816589954,
    0.513812125546,0.558781275894,0.571911817721,0.607157906225,
    0.642332158605,0.683451083896,0.714411357868,0.761134303879,
    0.808074023243,0.893849177269,0.945827831056,0.972685871918,1.),
  .UNSPECIFIED.);
#3072 = CARTESIAN_POINT('',(4.,0.858459034861));
#3073 = CARTESIAN_POINT('',(3.9952364506,0.853803006929));
#3074 = CARTESIAN_POINT('',(3.990132016212,0.849126492073));
#3075 = CARTESIAN_POINT('',(3.984737461878,0.844432811781));
#3076 = CARTESIAN_POINT('',(3.979106404741,0.839725441532));
#3077 = CARTESIAN_POINT('',(3.973294418876,0.835007953085));
#3078 = CARTESIAN_POINT('',(3.967358140116,0.830283956758));
#3079 = CARTESIAN_POINT('',(3.961354370884,0.825557043715));
#3080 = CARTESIAN_POINT('',(3.952437260807,0.818550602069));
#3081 = CARTESIAN_POINT('',(3.949532703008,0.816270621594));
#3082 = CARTESIAN_POINT('',(3.946631819223,0.813991186579));
#3083 = CARTESIAN_POINT('',(3.943740857614,0.81171269314));
#3084 = CARTESIAN_POINT('',(3.940866006915,0.80943553375));
#3085 = CARTESIAN_POINT('',(3.938013396424,0.80716009724));
#3086 = CARTESIAN_POINT('',(3.935189096009,0.804886768799));
#3087 = CARTESIAN_POINT('',(3.927707675859,0.798797133322));
#3088 = CARTESIAN_POINT('',(3.923114533399,0.794985428236));
#3089 = CARTESIAN_POINT('',(3.918653466311,0.79118286132));
#3090 = CARTESIAN_POINT('',(3.914356534611,0.78739138824));
#3091 = CARTESIAN_POINT('',(3.910254080744,0.783612873724));
#3092 = CARTESIAN_POINT('',(3.906374729587,0.779849091561));
#3093 = CARTESIAN_POINT('',(3.902745388448,0.776101724603));
#3094 = CARTESIAN_POINT('',(3.895936230935,0.768530126772));
#3095 = CARTESIAN_POINT('',(3.892766197024,0.764706940514));
#3096 = CARTESIAN_POINT('',(3.889933443872,0.760904679737));
#3097 = CARTESIAN_POINT('',(3.887494681734,0.757125157474));
#3098 = CARTESIAN_POINT('',(3.885497765566,0.753370024874));
#3099 = CARTESIAN_POINT('',(3.8839852596,0.74964079102));
#3100 = CARTESIAN_POINT('',(3.882999556423,0.745938858228));
#3101 = CARTESIAN_POINT('',(3.882481927477,0.741469395009));
#3102 = CARTESIAN_POINT('',(3.882416858465,0.740674706498));
#3103 = CARTESIAN_POINT('',(3.882376926421,0.739881298284));
#3104 = CARTESIAN_POINT('',(3.882364514923,0.739089278008));
#3105 = CARTESIAN_POINT('',(3.88238107231,0.738298709486));
#3106 = CARTESIAN_POINT('',(3.882425025988,0.737509515403));
#3107 = CARTESIAN_POINT('',(3.882493069858,0.736721537632));
#3108 = CARTESIAN_POINT('',(3.882863362165,0.733546122859));
#3109 = CARTESIAN_POINT('',(3.883358391405,0.731168417863));
#3110 = CARTESIAN_POINT('',(3.884029561496,0.728799623543));
#3111 = CARTESIAN_POINT('',(3.884839014275,0.726437838191));
#3112 = CARTESIAN_POINT('',(3.885750784296,0.724081244282));
#3113 = CARTESIAN_POINT('',(3.886730198595,0.721728077721));
#3114 = CARTESIAN_POINT('',(3.88774327647,0.719376597104));
#3115 = CARTESIAN_POINT('',(3.889224788303,0.715936990141));
#3116 = CARTESIAN_POINT('',(3.889693388107,0.714848915525));
#3117 = CARTESIAN_POINT('',(3.890158601258,0.713760658502));
#3118 = CARTESIAN_POINT('',(3.890617086192,0.712672047961));
#3119 = CARTESIAN_POINT('',(3.891065487176,0.711582912302));
#3120 = CARTESIAN_POINT('',(3.891500434307,0.710493079438));
#3121 = CARTESIAN_POINT('',(3.891918543513,0.70940237679));
#3122 = CARTESIAN_POINT('',(3.893689760048,0.704542574308));
#3123 = CARTESIAN_POINT('',(3.894822743399,0.700762135729));
#3124 = CARTESIAN_POINT('',(3.895741798238,0.696970774237));
#3125 = CARTESIAN_POINT('',(3.896473952648,0.693169971428));
#3126 = CARTESIAN_POINT('',(3.897046831171,0.689361231814));
#3127 = CARTESIAN_POINT('',(3.897488654804,0.685546082822));
#3128 = CARTESIAN_POINT('',(3.897828241003,0.681726074795));
#3129 = CARTESIAN_POINT('',(3.898358125982,0.674129470398));
#3130 = CARTESIAN_POINT('',(3.898549129002,0.670352899614));
#3131 = CARTESIAN_POINT('',(3.898667080295,0.666573023494));
#3132 = CARTESIAN_POINT('',(3.898711046169,0.662789797628));
#3133 = CARTESIAN_POINT('',(3.898680091686,0.659003178333));
#3134 = CARTESIAN_POINT('',(3.898573280661,0.655213122662));
#3135 = CARTESIAN_POINT('',(3.898389675664,0.651419588395));
#3136 = CARTESIAN_POINT('',(3.898062153411,0.646660897745));
#3137 = CARTESIAN_POINT('',(3.897991000672,0.645699036567));
#3138 = CARTESIAN_POINT('',(3.897914996109,0.644736956529));
#3139 = CARTESIAN_POINT('',(3.897834256142,0.643774663658));
#3140 = CARTESIAN_POINT('',(3.897748897295,0.642812163983));
#3141 = CARTESIAN_POINT('',(3.897659036203,0.64184946354));
#3142 = CARTESIAN_POINT('',(3.897564789604,0.640886568365));
#3143 = CARTESIAN_POINT('',(3.896913570324,0.634524136545));
#3144 = CARTESIAN_POINT('',(3.896228733186,0.629119011631));
#3145 = CARTESIAN_POINT('',(3.895426459847,0.623708733049));
#3146 = CARTESIAN_POINT('',(3.894533041457,0.618294787859));
#3147 = CARTESIAN_POINT('',(3.893571388869,0.612878415402));
#3148 = CARTESIAN_POINT('',(3.892555807292,0.60746022));
#3149 = CARTESIAN_POINT('',(3.891496520109,0.602040507872));
#3150 = CARTESIAN_POINT('',(3.889350019428,0.591295433459));
#3151 = CARTESIAN_POINT('',(3.88826300141,0.585969980054));
#3152 = CARTESIAN_POINT('',(3.887164419242,0.580644659143));
#3153 = CARTESIAN_POINT('',(3.886072642621,0.575320150888));
#3154 = CARTESIAN_POINT('',(3.88500614381,0.56999714096));
#3155 = CARTESIAN_POINT('',(3.883980827968,0.564676313266));
#3156 = CARTESIAN_POINT('',(3.883011429541,0.559358338943));
#3157 = CARTESIAN_POINT('',(3.881675529272,0.551420507497));
#3158 = CARTESIAN_POINT('',(3.88125253908,0.548797999836));
#3159 = CARTESIAN_POINT('',(3.880850422256,0.546176410661));
#3160 = CARTESIAN_POINT('',(3.880471574318,0.543555811714));
#3161 = CARTESIAN_POINT('',(3.880118368164,0.540936274464));
#3162 = CARTESIAN_POINT('',(3.879793154074,0.538317870111));
#3163 = CARTESIAN_POINT('',(3.879498259709,0.535700669585));
#3164 = CARTESIAN_POINT('',(3.878845355432,0.529188793664));
#3165 = CARTESIAN_POINT('',(3.878526972456,0.525295664987));
#3166 = CARTESIAN_POINT('',(3.878290302391,0.521405688985));
#3167 = CARTESIAN_POINT('',(3.87813672392,0.517518775955));
#3168 = CARTESIAN_POINT('',(3.878071566763,0.513635048631));
#3169 = CARTESIAN_POINT('',(3.87810109367,0.509754683393));
#3170 = CARTESIAN_POINT('',(3.878227801322,0.50587766299));
#3171 = CARTESIAN_POINT('',(3.878683886272,0.498188084215));
#3172 = CARTESIAN_POINT('',(3.879007508297,0.494375375598));
#3173 = CARTESIAN_POINT('',(3.879437954931,0.490566176733));
#3174 = CARTESIAN_POINT('',(3.880005452018,0.486760938355));
#3175 = CARTESIAN_POINT('',(3.88071399276,0.482959751586));
#3176 = CARTESIAN_POINT('',(3.881591712878,0.479163050461));
#3177 = CARTESIAN_POINT('',(3.882649273924,0.475371031741));
#3178 = CARTESIAN_POINT('',(3.884272653923,0.47047824544));
#3179 = CARTESIAN_POINT('',(3.884656454988,0.469372901278));
#3180 = CARTESIAN_POINT('',(3.885056430959,0.468267960292));
#3181 = CARTESIAN_POINT('',(3.88547182829,0.467163398982));
#3182 = CARTESIAN_POINT('',(3.885901898594,0.466059193908));
#3183 = CARTESIAN_POINT('',(3.886345898647,0.464955321687));
#3184 = CARTESIAN_POINT('',(3.886803090386,0.463851758997));
#3185 = CARTESIAN_POINT('',(3.888533646236,0.459786981453));
#3186 = CARTESIAN_POINT('',(3.889883261871,0.456827530217));
#3187 = CARTESIAN_POINT('',(3.891310203536,0.453869727365));
#3188 = CARTESIAN_POINT('',(3.892798054021,0.450913076581));
#3189 = CARTESIAN_POINT('',(3.894332345661,0.447957137784));
#3190 = CARTESIAN_POINT('',(3.895901948839,0.44500155682));
#3191 = CARTESIAN_POINT('',(3.897494866532,0.442045973787));
#3192 = CARTESIAN_POINT('',(3.900678730812,0.436139670923));
#3193 = CARTESIAN_POINT('',(3.90227007542,0.433188988472));
#3194 = CARTESIAN_POINT('',(3.903843829872,0.430237268133));
#3195 = CARTESIAN_POINT('',(3.905381291944,0.427284064185));
#3196 = CARTESIAN_POINT('',(3.906863696024,0.424328979701));
#3197 = CARTESIAN_POINT('',(3.908272213105,0.421371666553));
#3198 = CARTESIAN_POINT('',(3.909587950791,0.418411825403));
#3199 = CARTESIAN_POINT('',(3.912199469329,0.4119858845));
#3200 = CARTESIAN_POINT('',(3.913455816905,0.408518815215));
#3201 = CARTESIAN_POINT('',(3.914572904775,0.405048364387));
#3202 = CARTESIAN_POINT('',(3.915562786822,0.401574870399));
#3203 = CARTESIAN_POINT('',(3.916437662053,0.398098643491));
#3204 = CARTESIAN_POINT('',(3.917209874607,0.394619965758));
#3205 = CARTESIAN_POINT('',(3.917891913745,0.391139091149));
#3206 = CARTESIAN_POINT('',(3.918951555419,0.385033855497));
#3207 = CARTESIAN_POINT('',(3.919362661225,0.382410347779));
#3208 = CARTESIAN_POINT('',(3.919730137621,0.379785755099));
#3209 = CARTESIAN_POINT('',(3.920054413067,0.377160113641));
#3210 = CARTESIAN_POINT('',(3.920335938136,0.374533462995));
#3211 = CARTESIAN_POINT('',(3.920575185521,0.371905846157));
#3212 = CARTESIAN_POINT('',(3.920772650026,0.369277309525));
#3213 = CARTESIAN_POINT('',(3.921164375911,0.362679798366));
#3214 = CARTESIAN_POINT('',(3.921307179158,0.358709690141));
#3215 = CARTESIAN_POINT('',(3.921355072173,0.354737806898));
#3216 = CARTESIAN_POINT('',(3.921311320264,0.350764302022));
#3217 = CARTESIAN_POINT('',(3.921192618161,0.346789327012));
#3218 = CARTESIAN_POINT('',(3.92099361737,0.342813091151));
#3219 = CARTESIAN_POINT('',(3.92072840337,0.338835744565));
#3220 = CARTESIAN_POINT('',(3.920070181859,0.330860748056));
#3221 = CARTESIAN_POINT('',(3.919678349941,0.326863106292));
#3222 = CARTESIAN_POINT('',(3.91922953031,0.322864692181));
#3223 = CARTESIAN_POINT('',(3.918728681806,0.31886564308));
#3224 = CARTESIAN_POINT('',(3.918180830596,0.314866095005));
#3225 = CARTESIAN_POINT('',(3.917591070178,0.310866182625));
#3226 = CARTESIAN_POINT('',(3.916964561377,0.306866039266));
#3227 = CARTESIAN_POINT('',(3.915104479021,0.295555985985));
#3228 = CARTESIAN_POINT('',(3.913794511381,0.28824566305));
#3229 = CARTESIAN_POINT('',(3.912421702176,0.280936162953));
#3230 = CARTESIAN_POINT('',(3.910974047714,0.273625637881));
#3231 = CARTESIAN_POINT('',(3.90956508631,0.266319174474));
#3232 = CARTESIAN_POINT('',(3.908137597652,0.259012279332));
#3233 = CARTESIAN_POINT('',(3.90676453557,0.251707765003));
#3234 = CARTESIAN_POINT('',(3.904665808745,0.239979527344));
#3235 = CARTESIAN_POINT('',(3.9038987377,0.235554789545));
#3236 = CARTESIAN_POINT('',(3.903164206765,0.23113073446));
#3237 = CARTESIAN_POINT('',(3.902466242382,0.226707332718));
#3238 = CARTESIAN_POINT('',(3.901810257407,0.222284563422));
#3239 = CARTESIAN_POINT('',(3.901204260742,0.21786242574));
#3240 = CARTESIAN_POINT('',(3.900655948944,0.21344091069));
#3241 = CARTESIAN_POINT('',(3.899912186346,0.206735555238));
#3242 = CARTESIAN_POINT('',(3.899673935633,0.204451317683));
#3243 = CARTESIAN_POINT('',(3.899451025051,0.202167208152));
#3244 = CARTESIAN_POINT('',(3.899243562802,0.199883213512));
#3245 = CARTESIAN_POINT('',(3.899051667889,0.197599319796));
#3246 = CARTESIAN_POINT('',(3.898875470121,0.195315512203));
#3247 = CARTESIAN_POINT('',(3.898715110111,0.193031775099));
#3248 = CARTESIAN_POINT('',(3.898423348625,0.188425630868));
#3249 = CARTESIAN_POINT('',(3.898296148828,0.186103212113));
#3250 = CARTESIAN_POINT('',(3.898175666103,0.183780870033));
#3251 = CARTESIAN_POINT('',(3.898084256677,0.181458501376));
#3252 = CARTESIAN_POINT('',(3.89801147984,0.179136128122));
#3253 = CARTESIAN_POINT('',(3.897938039231,0.176813805428));
#3254 = CARTESIAN_POINT('',(3.897868911593,0.17449149466));
#3255 = CARTESIAN_POINT('',(3.897792282199,0.172169221426));
#3256 = ( GEOMETRIC_REPRESENTATION_CONTEXT(2) 
PARAMETRIC_REPRESENTATION_CONTEXT() REPRESENTATION_CONTEXT('2D SPACE',''
  ) );
#3257 = FACE_BOUND('',#3258,.T.);
#3258 = EDGE_LOOP('',(#3259,#3505));
#3259 = ORIENTED_EDGE('',*,*,#3260,.F.);
#3260 = EDGE_CURVE('',#3261,#3263,#3265,.T.);
#3261 = VERTEX_POINT('',#3262);
#3262 = CARTESIAN_POINT('',(27.670510785948,17.592035966299,
    -4.166427825003));
#3263 = VERTEX_POINT('',#3264);
#3264 = CARTESIAN_POINT('',(28.8705,17.590161405488,-4.167551378376));
#3265 = SURFACE_CURVE('',#3266,(#3296,#3369),.PCURVE_S1.);
#3266 = B_SPLINE_CURVE_WITH_KNOTS('',3,(#3267,#3268,#3269,#3270,#3271,
    #3272,#3273,#3274,#3275,#3276,#3277,#3278,#3279,#3280,#3281,#3282,
    #3283,#3284,#3285,#3286,#3287,#3288,#3289,#3290,#3291,#3292,#3293,
    #3294,#3295),.UNSPECIFIED.,.F.,.F.,(4,2,2,2,2,2,2,2,2,2,1,2,2,2,4),(
    0.499999999996,0.562499999996,0.593749999996,0.624999999997,
    0.656249999997,0.687499999997,0.749999999998,0.781249999998,
    0.796874999998,0.812499999998,0.843749999999,0.859374999999,
    0.874999999999,0.937499999999,1.),.UNSPECIFIED.);
#3267 = CARTESIAN_POINT('',(27.670510785948,17.592035966299,
    -4.166427825003));
#3268 = CARTESIAN_POINT('',(27.669914423411,17.663483295907,
    -4.123613168771));
#3269 = CARTESIAN_POINT('',(27.683836098925,17.736193975856,
    -4.079718246308));
#3270 = CARTESIAN_POINT('',(27.724567542564,17.842140445142,
    -4.015300284358));
#3271 = CARTESIAN_POINT('',(27.741292543516,17.875713322301,
    -3.99481107099));
#3272 = CARTESIAN_POINT('',(27.781038251586,17.939369372557,
    -3.955845381585));
#3273 = CARTESIAN_POINT('',(27.802761995316,17.968048144219,
    -3.938233739296));
#3274 = CARTESIAN_POINT('',(27.857693042479,18.027529577428,
    -3.901604930098));
#3275 = CARTESIAN_POINT('',(27.887578109119,18.054016401582,
    -3.885240949664));
#3276 = CARTESIAN_POINT('',(27.952187328545,18.100475696022,
    -3.856481092034));
#3277 = CARTESIAN_POINT('',(27.985103924906,18.119634855733,
    -3.844590661079));
#3278 = CARTESIAN_POINT('',(28.101957681714,18.172213239578,
    -3.811914894061));
#3279 = CARTESIAN_POINT('',(28.183985425003,18.189860065361,
    -3.800891580712));
#3280 = CARTESIAN_POINT('',(28.31221137873,18.190201971638,
    -3.80067836232));
#3281 = CARTESIAN_POINT('',(28.354098294559,18.185900056864,
    -3.803362293578));
#3282 = CARTESIAN_POINT('',(28.415646065204,18.172824441897,
    -3.811509613671));
#3283 = CARTESIAN_POINT('',(28.435948221566,18.167362136256,
    -3.81491205388));
#3284 = CARTESIAN_POINT('',(28.476124999922,18.154230448554,
    -3.823085576744));
#3285 = CARTESIAN_POINT('',(28.497163998369,18.146041526152,
    -3.828179550199));
#3286 = CARTESIAN_POINT('',(28.552653433448,18.121282351455,
    -3.843567208388));
#3287 = CARTESIAN_POINT('',(28.604728032069,18.0914596409,
    -3.862077965691));
#3288 = CARTESIAN_POINT('',(28.651680376019,18.054047382906,
    -3.885214436893));
#3289 = CARTESIAN_POINT('',(28.681843659833,18.027420154291,
    -3.901658058497));
#3290 = CARTESIAN_POINT('',(28.697336550202,18.012209064286,
    -3.911039064222));
#3291 = CARTESIAN_POINT('',(28.762151426308,17.942487583726,
    -3.953975069083));
#3292 = CARTESIAN_POINT('',(28.802435845229,17.877663123146,
    -3.993703201851));
#3293 = CARTESIAN_POINT('',(28.857940978942,17.734919957348,
    -4.080491321247));
#3294 = CARTESIAN_POINT('',(28.871378174913,17.6628759337,
    -4.123982634586));
#3295 = CARTESIAN_POINT('',(28.8705,17.590161405488,-4.167551378376));
#3296 = PCURVE('',#245,#3297);
#3297 = DEFINITIONAL_REPRESENTATION('',(#3298),#3368);
#3298 = B_SPLINE_CURVE_WITH_KNOTS('',3,(#3299,#3300,#3301,#3302,#3303,
    #3304,#3305,#3306,#3307,#3308,#3309,#3310,#3311,#3312,#3313,#3314,
    #3315,#3316,#3317,#3318,#3319,#3320,#3321,#3322,#3323,#3324,#3325,
    #3326,#3327,#3328,#3329,#3330,#3331,#3332,#3333,#3334,#3335,#3336,
    #3337,#3338,#3339,#3340,#3341,#3342,#3343,#3344,#3345,#3346,#3347,
    #3348,#3349,#3350,#3351,#3352,#3353,#3354,#3355,#3356,#3357,#3358,
    #3359,#3360,#3361,#3362,#3363,#3364,#3365,#3366,#3367),
  .UNSPECIFIED.,.F.,.F.,(4,1,1,1,1,1,1,1,1,1,1,1,1,1,1,1,1,1,1,1,1,1,1,1
    ,1,1,1,1,1,1,1,1,1,1,1,1,1,1,1,1,1,1,1,1,1,1,1,1,1,1,1,1,1,1,1,1,1,1
    ,1,1,1,1,1,1,1,1,4),(0.499999999996,0.507575757571,0.515151515147,
    0.522727272723,0.530303030299,0.537878787875,0.54545454545,
    0.553030303026,0.560606060602,0.568181818178,0.575757575754,
    0.58333333333,0.590909090905,0.598484848481,0.606060606057,
    0.613636363633,0.621212121209,0.628787878785,0.63636363636,
    0.643939393936,0.651515151512,0.659090909088,0.666666666664,
    0.67424242424,0.681818181815,0.689393939391,0.696969696967,
    0.704545454543,0.712121212119,0.719696969694,0.72727272727,
    0.734848484846,0.742424242422,0.749999999998,0.757575757574,
    0.765151515149,0.772727272725,0.780303030301,0.787878787877,
    0.795454545453,0.803030303029,0.810606060604,0.81818181818,
    0.825757575756,0.833333333332,0.840909090908,0.848484848483,
    0.856060606059,0.863636363635,0.871212121211,0.878787878787,
    0.886363636363,0.893939393938,0.901515151514,0.90909090909,
    0.916666666666,0.924242424242,0.931818181818,0.939393939393,
    0.946969696969,0.954545454545,0.962121212121,0.969696969697,
    0.977272727273,0.984848484848,0.992424242424,1.),
  .QUASI_UNIFORM_KNOTS.);
#3299 = CARTESIAN_POINT('',(0.501173860965,0.94992700465));
#3300 = CARTESIAN_POINT('',(0.501174500625,0.949925829261));
#3301 = CARTESIAN_POINT('',(0.501175782624,0.949930415215));
#3302 = CARTESIAN_POINT('',(0.501177711009,0.94995788102));
#3303 = CARTESIAN_POINT('',(0.501179642123,0.950005710295));
#3304 = CARTESIAN_POINT('',(0.501181573329,0.950073679958));
#3305 = CARTESIAN_POINT('',(0.501183501957,0.950161565729));
#3306 = CARTESIAN_POINT('',(0.501185425484,0.950269147792));
#3307 = CARTESIAN_POINT('',(0.501187340868,0.950396189678));
#3308 = CARTESIAN_POINT('',(0.501189247027,0.950542517061));
#3309 = CARTESIAN_POINT('',(0.501191135601,0.950707723699));
#3310 = CARTESIAN_POINT('',(0.501192972783,0.950890812092));
#3311 = CARTESIAN_POINT('',(0.501194765823,0.951091961426));
#3312 = CARTESIAN_POINT('',(0.501196513529,0.951311276631));
#3313 = CARTESIAN_POINT('',(0.501198213415,0.951548158802));
#3314 = CARTESIAN_POINT('',(0.501199840238,0.9517975046));
#3315 = CARTESIAN_POINT('',(0.501201431043,0.952066805765));
#3316 = CARTESIAN_POINT('',(0.501203005683,0.952360225535));
#3317 = CARTESIAN_POINT('',(0.501204607013,0.952686068456));
#3318 = CARTESIAN_POINT('',(0.501206115344,0.95302444001));
#3319 = CARTESIAN_POINT('',(0.5012075413,0.953377120479));
#3320 = CARTESIAN_POINT('',(0.501208881299,0.953743272966));
#3321 = CARTESIAN_POINT('',(0.501210139048,0.954124464782));
#3322 = CARTESIAN_POINT('',(0.501211295154,0.954511288812));
#3323 = CARTESIAN_POINT('',(0.501212367832,0.954912542282));
#3324 = CARTESIAN_POINT('',(0.501213367455,0.955333682092));
#3325 = CARTESIAN_POINT('',(0.501214326556,0.95578930738));
#3326 = CARTESIAN_POINT('',(0.501215183242,0.956255290215));
#3327 = CARTESIAN_POINT('',(0.501215923926,0.95672584267));
#3328 = CARTESIAN_POINT('',(0.501216552285,0.957202366085));
#3329 = CARTESIAN_POINT('',(0.501217067356,0.957684345595));
#3330 = CARTESIAN_POINT('',(0.501217469399,0.958171741893));
#3331 = CARTESIAN_POINT('',(0.501217758355,0.958664529642));
#3332 = CARTESIAN_POINT('',(0.50121793415,0.959162152069));
#3333 = CARTESIAN_POINT('',(0.501217997014,0.959666164173));
#3334 = CARTESIAN_POINT('',(0.501217945912,0.960170205304));
#3335 = CARTESIAN_POINT('',(0.501217779913,0.960668011484));
#3336 = CARTESIAN_POINT('',(0.501217499174,0.961161312649));
#3337 = CARTESIAN_POINT('',(0.501217104036,0.961649453034));
#3338 = CARTESIAN_POINT('',(0.501216592949,0.962133325768));
#3339 = CARTESIAN_POINT('',(0.501215971719,0.962610014096));
#3340 = CARTESIAN_POINT('',(0.501215218712,0.963090291909));
#3341 = CARTESIAN_POINT('',(0.501214349855,0.963566033178));
#3342 = CARTESIAN_POINT('',(0.501213452961,0.963994710842));
#3343 = CARTESIAN_POINT('',(0.501212456054,0.964417336023));
#3344 = CARTESIAN_POINT('',(0.501211374648,0.964825038332));
#3345 = CARTESIAN_POINT('',(0.501210204722,0.965220167235));
#3346 = CARTESIAN_POINT('',(0.501208946838,0.965602195258));
#3347 = CARTESIAN_POINT('',(0.501207602725,0.96597088283));
#3348 = CARTESIAN_POINT('',(0.501206164917,0.966327715709));
#3349 = CARTESIAN_POINT('',(0.501204585909,0.966682512511));
#3350 = CARTESIAN_POINT('',(0.50120309547,0.966987869821));
#3351 = CARTESIAN_POINT('',(0.501201540317,0.967278151008));
#3352 = CARTESIAN_POINT('',(0.501199930972,0.967551174517));
#3353 = CARTESIAN_POINT('',(0.5011982671,0.967807311701));
#3354 = CARTESIAN_POINT('',(0.501196551225,0.968046253373));
#3355 = CARTESIAN_POINT('',(0.501194785306,0.968267859591));
#3356 = CARTESIAN_POINT('',(0.501192970719,0.968471993982));
#3357 = CARTESIAN_POINT('',(0.501191111737,0.968658336649));
#3358 = CARTESIAN_POINT('',(0.501189201645,0.968827298222));
#3359 = CARTESIAN_POINT('',(0.501187281935,0.968976074017));
#3360 = CARTESIAN_POINT('',(0.501185358989,0.969104240648));
#3361 = CARTESIAN_POINT('',(0.501183431097,0.969211911561));
#3362 = CARTESIAN_POINT('',(0.501181498717,0.969299056357));
#3363 = CARTESIAN_POINT('',(0.501179561726,0.969365683183));
#3364 = CARTESIAN_POINT('',(0.501177620157,0.969411789855));
#3365 = CARTESIAN_POINT('',(0.501175674002,0.969437376959));
#3366 = CARTESIAN_POINT('',(0.501174373508,0.96944075521));
#3367 = CARTESIAN_POINT('',(0.501173722497,0.96943902439));
#3368 = ( GEOMETRIC_REPRESENTATION_CONTEXT(2) 
PARAMETRIC_REPRESENTATION_CONTEXT() REPRESENTATION_CONTEXT('2D SPACE',''
  ) );
#3369 = PCURVE('',#3370,#3433);
#3370 = B_SPLINE_SURFACE_WITH_KNOTS('',3,1,(
    (#3371,#3372)
    ,(#3373,#3374)
    ,(#3375,#3376)
    ,(#3377,#3378)
    ,(#3379,#3380)
    ,(#3381,#3382)
    ,(#3383,#3384)
    ,(#3385,#3386)
    ,(#3387,#3388)
    ,(#3389,#3390)
    ,(#3391,#3392)
    ,(#3393,#3394)
    ,(#3395,#3396)
    ,(#3397,#3398)
    ,(#3399,#3400)
    ,(#3401,#3402)
    ,(#3403,#3404)
    ,(#3405,#3406)
    ,(#3407,#3408)
    ,(#3409,#3410)
    ,(#3411,#3412)
    ,(#3413,#3414)
    ,(#3415,#3416)
    ,(#3417,#3418)
    ,(#3419,#3420)
    ,(#3421,#3422)
    ,(#3423,#3424)
    ,(#3425,#3426)
    ,(#3427,#3428)
    ,(#3429,#3430)
    ,(#3431,#3432
    )),.UNSPECIFIED.,.F.,.F.,.F.,(4,3,3,3,3,3,3,3,3,3,4),(2,2),(
    0.499999999918,0.557925838985,0.624988376536,0.67580435889,
    0.72703989252,0.771924792934,0.813917381321,0.857761723108,
    0.906911687943,0.963490609612,1.),(0.,1.),.UNSPECIFIED.);
#3371 = CARTESIAN_POINT('',(27.670510785947,17.592035837657,
    -4.166427610774));
#3372 = CARTESIAN_POINT('',(27.670510785947,17.592035837657,
    -10.16642761094));
#3373 = CARTESIAN_POINT('',(27.670757072676,17.659547042568,
    -4.125968776174));
#3374 = CARTESIAN_POINT('',(27.670757072676,17.659547042568,
    -10.12596877634));
#3375 = CARTESIAN_POINT('',(27.682478401716,17.727536165077,
    -4.084938163015));
#3376 = CARTESIAN_POINT('',(27.682478401716,17.727536165077,
    -10.08493816318));
#3377 = CARTESIAN_POINT('',(27.705362429871,17.791704271465,
    -4.045962009463));
#3378 = CARTESIAN_POINT('',(27.705362429871,17.791704271465,
    -10.04596200963));
#3379 = CARTESIAN_POINT('',(27.731786491685,17.865798832017,
    -4.000956458701));
#3380 = CARTESIAN_POINT('',(27.731786491685,17.865798832017,
    -10.00095645887));
#3381 = CARTESIAN_POINT('',(27.774093726973,17.937150821453,
    -3.957260306434));
#3382 = CARTESIAN_POINT('',(27.774093726973,17.937150821453,
    -9.957260306607));
#3383 = CARTESIAN_POINT('',(27.830198194594,17.997757185836,
    -3.919938840025));
#3384 = CARTESIAN_POINT('',(27.830198194594,17.997757185836,
    -9.919938840198));
#3385 = CARTESIAN_POINT('',(27.872929867757,18.043917705029,
    -3.891513141107));
#3386 = CARTESIAN_POINT('',(27.872929867757,18.043917705029,
    -9.891513141279));
#3387 = CARTESIAN_POINT('',(27.924829225912,18.08502411837,
    -3.866065337937));
#3388 = CARTESIAN_POINT('',(27.924829225912,18.08502411837,
    -9.86606533811));
#3389 = CARTESIAN_POINT('',(27.982894714195,18.116738275064,
    -3.846382321955));
#3390 = CARTESIAN_POINT('',(27.982894714195,18.116738275064,
    -9.846382322128));
#3391 = CARTESIAN_POINT('',(28.04124182936,18.148606250477,
    -3.826603840206));
#3392 = CARTESIAN_POINT('',(28.04124182936,18.148606250477,
    -9.826603840379));
#3393 = CARTESIAN_POINT('',(28.107787530337,18.171788283505,
    -3.812157046858));
#3394 = CARTESIAN_POINT('',(28.107787530337,18.171788283505,
    -9.812157047031));
#3395 = CARTESIAN_POINT('',(28.175955376732,18.182665679068,
    -3.80537700047));
#3396 = CARTESIAN_POINT('',(28.175955376732,18.182665679068,
    -9.805377000643));
#3397 = CARTESIAN_POINT('',(28.235865298402,18.192225375473,
    -3.799418296045));
#3398 = CARTESIAN_POINT('',(28.235865298402,18.192225375473,
    -9.799418296217));
#3399 = CARTESIAN_POINT('',(28.298787936584,18.19256065115,
    -3.799208947451));
#3400 = CARTESIAN_POINT('',(28.298787936584,18.19256065115,
    -9.799208947624));
#3401 = CARTESIAN_POINT('',(28.358831179833,18.183623790703,
    -3.804779776279));
#3402 = CARTESIAN_POINT('',(28.358831179833,18.183623790703,
    -9.804779776452));
#3403 = CARTESIAN_POINT('',(28.415166569222,18.175238808714,
    -3.810006589394));
#3404 = CARTESIAN_POINT('',(28.415166569222,18.175238808714,
    -9.810006589567));
#3405 = CARTESIAN_POINT('',(28.470453423813,18.158566181121,
    -3.820397626088));
#3406 = CARTESIAN_POINT('',(28.470453423813,18.158566181121,
    -9.82039762626));
#3407 = CARTESIAN_POINT('',(28.52077259317,18.135471985898,-3.8347483382
    ));
#3408 = CARTESIAN_POINT('',(28.52077259317,18.135471985898,
    -9.834748338372));
#3409 = CARTESIAN_POINT('',(28.573354609127,18.111339247675,
    -3.849744399997));
#3410 = CARTESIAN_POINT('',(28.573354609127,18.111339247675,
    -9.84974440017));
#3411 = CARTESIAN_POINT('',(28.621812834539,18.079700621418,
    -3.869368225592));
#3412 = CARTESIAN_POINT('',(28.621812834539,18.079700621418,
    -9.869368225765));
#3413 = CARTESIAN_POINT('',(28.663662935304,18.043397443661,
    -3.891791153065));
#3414 = CARTESIAN_POINT('',(28.663662935304,18.043397443661,
    -9.891791153237));
#3415 = CARTESIAN_POINT('',(28.710556888887,18.002718938675,
    -3.91691653391));
#3416 = CARTESIAN_POINT('',(28.710556888887,18.002718938675,
    -9.916916534083));
#3417 = CARTESIAN_POINT('',(28.750290009239,17.955303349919,
    -3.94609736686));
#3418 = CARTESIAN_POINT('',(28.750290009239,17.955303349919,
    -9.946097367033));
#3419 = CARTESIAN_POINT('',(28.781426773966,17.904730685049,
    -3.977048552034));
#3420 = CARTESIAN_POINT('',(28.781426773966,17.904730685049,
    -9.977048552206));
#3421 = CARTESIAN_POINT('',(28.817222401604,17.846591045424,
    -4.012630832631));
#3422 = CARTESIAN_POINT('',(28.817222401604,17.846591045424,
    -10.0126308328));
#3423 = CARTESIAN_POINT('',(28.842544710946,17.782930673073,
    -4.051375202467));
#3424 = CARTESIAN_POINT('',(28.842544710946,17.782930673073,
    -10.05137520264));
#3425 = CARTESIAN_POINT('',(28.856687780046,17.718160962221,
    -4.090522379873));
#3426 = CARTESIAN_POINT('',(28.856687780046,17.718160962221,
    -10.09052238004));
#3427 = CARTESIAN_POINT('',(28.865874301391,17.67609029658,
    -4.115950126728));
#3428 = CARTESIAN_POINT('',(28.865874301391,17.67609029658,
    -10.1159501269));
#3429 = CARTESIAN_POINT('',(28.8705,17.633059399056,-4.14184796326));
#3430 = CARTESIAN_POINT('',(28.8705,17.633059399056,-10.14184796343));
#3431 = CARTESIAN_POINT('',(28.8705,17.590161405487,-4.167551378202));
#3432 = CARTESIAN_POINT('',(28.8705,17.590161405487,-10.16755137837));
#3433 = DEFINITIONAL_REPRESENTATION('',(#3434),#3504);
#3434 = B_SPLINE_CURVE_WITH_KNOTS('',3,(#3435,#3436,#3437,#3438,#3439,
    #3440,#3441,#3442,#3443,#3444,#3445,#3446,#3447,#3448,#3449,#3450,
    #3451,#3452,#3453,#3454,#3455,#3456,#3457,#3458,#3459,#3460,#3461,
    #3462,#3463,#3464,#3465,#3466,#3467,#3468,#3469,#3470,#3471,#3472,
    #3473,#3474,#3475,#3476,#3477,#3478,#3479,#3480,#3481,#3482,#3483,
    #3484,#3485,#3486,#3487,#3488,#3489,#3490,#3491,#3492,#3493,#3494,
    #3495,#3496,#3497,#3498,#3499,#3500,#3501,#3502,#3503),
  .UNSPECIFIED.,.F.,.F.,(4,1,1,1,1,1,1,1,1,1,1,1,1,1,1,1,1,1,1,1,1,1,1,1
    ,1,1,1,1,1,1,1,1,1,1,1,1,1,1,1,1,1,1,1,1,1,1,1,1,1,1,1,1,1,1,1,1,1,1
    ,1,1,1,1,1,1,1,1,4),(0.499999999996,0.507575757571,0.515151515147,
    0.522727272723,0.530303030299,0.537878787875,0.54545454545,
    0.553030303026,0.560606060602,0.568181818178,0.575757575754,
    0.58333333333,0.590909090905,0.598484848481,0.606060606057,
    0.613636363633,0.621212121209,0.628787878785,0.63636363636,
    0.643939393936,0.651515151512,0.659090909088,0.666666666664,
    0.67424242424,0.681818181815,0.689393939391,0.696969696967,
    0.704545454543,0.712121212119,0.719696969694,0.72727272727,
    0.734848484846,0.742424242422,0.749999999998,0.757575757574,
    0.765151515149,0.772727272725,0.780303030301,0.787878787877,
    0.795454545453,0.803030303029,0.810606060604,0.81818181818,
    0.825757575756,0.833333333332,0.840909090908,0.848484848483,
    0.856060606059,0.863636363635,0.871212121211,0.878787878787,
    0.886363636363,0.893939393938,0.901515151514,0.90909090909,
    0.916666666666,0.924242424242,0.931818181818,0.939393939393,
    0.946969696969,0.954545454545,0.962121212121,0.969696969697,
    0.977272727273,0.984848484848,0.992424242424,1.),
  .QUASI_UNIFORM_KNOTS.);
#3435 = CARTESIAN_POINT('',(0.500000036709,4.855368450669E-08));
#3436 = CARTESIAN_POINT('',(0.502476515857,-2.659775074671E-07));
#3437 = CARTESIAN_POINT('',(0.507433881888,-9.538162468472E-07));
#3438 = CARTESIAN_POINT('',(0.514891820151,-1.860722738929E-06));
#3439 = CARTESIAN_POINT('',(0.522381047038,-1.603292797147E-06));
#3440 = CARTESIAN_POINT('',(0.529908395084,-1.726106072193E-06));
#3441 = CARTESIAN_POINT('',(0.537481285782,-1.492282913792E-06));
#3442 = CARTESIAN_POINT('',(0.545107210711,-2.304762272351E-06));
#3443 = CARTESIAN_POINT('',(0.552789060284,7.113320034823E-07));
#3444 = CARTESIAN_POINT('',(0.560552518754,1.33879962858E-06));
#3445 = CARTESIAN_POINT('',(0.568328038287,-2.472181775112E-06));
#3446 = CARTESIAN_POINT('',(0.575985585838,-1.450072527844E-06));
#3447 = CARTESIAN_POINT('',(0.583578085192,-1.727528113225E-06));
#3448 = CARTESIAN_POINT('',(0.591122265566,-1.63981501897E-06));
#3449 = CARTESIAN_POINT('',(0.598626752787,-1.713211810609E-06));
#3450 = CARTESIAN_POINT('',(0.605987579204,-1.507337738307E-06));
#3451 = CARTESIAN_POINT('',(0.613402091532,-2.257437235877E-06));
#3452 = CARTESIAN_POINT('',(0.621000559087,5.370866821019E-07));
#3453 = CARTESIAN_POINT('',(0.62898027615,-2.257126877419E-06));
#3454 = CARTESIAN_POINT('',(0.636739832039,-1.508579172137E-06));
#3455 = CARTESIAN_POINT('',(0.644398906771,-1.708556433745E-06));
#3456 = CARTESIAN_POINT('',(0.651958057471,-1.657195092595E-06));
#3457 = CARTESIAN_POINT('',(0.659476790203,-1.662663195587E-06));
#3458 = CARTESIAN_POINT('',(0.666825732136,-1.692152124768E-06));
#3459 = CARTESIAN_POINT('',(0.674170780877,-1.568728305053E-06));
#3460 = CARTESIAN_POINT('',(0.681655023143,-2.032934654731E-06));
#3461 = CARTESIAN_POINT('',(0.68946528859,-2.99533075735E-07));
#3462 = CARTESIAN_POINT('',(0.697213224894,-2.022124239326E-06));
#3463 = CARTESIAN_POINT('',(0.704834744077,-1.611969966672E-06));
#3464 = CARTESIAN_POINT('',(0.712395532459,-1.5299958937E-06));
#3465 = CARTESIAN_POINT('',(0.719917587902,-2.268046458242E-06));
#3466 = CARTESIAN_POINT('',(0.727462717951,6.021817269549E-07));
#3467 = CARTESIAN_POINT('',(0.734960496986,1.837255776841E-06));
#3468 = CARTESIAN_POINT('',(0.74245292729,1.585484321503E-06));
#3469 = CARTESIAN_POINT('',(0.749999793733,-4.668803178651E-08));
#3470 = CARTESIAN_POINT('',(0.757547896633,-2.100732281168E-06));
#3471 = CARTESIAN_POINT('',(0.765037290178,-1.550382843255E-06));
#3472 = CARTESIAN_POINT('',(0.772556927146,-1.697736345526E-06));
#3473 = CARTESIAN_POINT('',(0.780040403056,-1.658671774353E-06));
#3474 = CARTESIAN_POINT('',(0.787548824338,-1.667576556773E-06));
#3475 = CARTESIAN_POINT('',(0.795068998324,-1.671021998267E-06));
#3476 = CARTESIAN_POINT('',(0.802821571803,-1.648335449872E-06));
#3477 = CARTESIAN_POINT('',(0.81071212225,2.222273792926E-06));
#3478 = CARTESIAN_POINT('',(0.818054620966,-2.707822545218E-06));
#3479 = CARTESIAN_POINT('',(0.825478982967,-1.390983611765E-06));
#3480 = CARTESIAN_POINT('',(0.832882352412,-1.728243007435E-06));
#3481 = CARTESIAN_POINT('',(0.840328277334,-1.696044358209E-06));
#3482 = CARTESIAN_POINT('',(0.847840392793,-1.487579559441E-06));
#3483 = CARTESIAN_POINT('',(0.855443551569,-2.353637403738E-06));
#3484 = CARTESIAN_POINT('',(0.863204166189,9.021291746807E-07));
#3485 = CARTESIAN_POINT('',(0.871321738366,2.828987499846E-06));
#3486 = CARTESIAN_POINT('',(0.878692383726,-1.579461433482E-06));
#3487 = CARTESIAN_POINT('',(0.886116856813,-1.750367071809E-06));
#3488 = CARTESIAN_POINT('',(0.893567750226,-1.019411861979E-06));
#3489 = CARTESIAN_POINT('',(0.901068606233,8.133276209444E-07));
#3490 = CARTESIAN_POINT('',(0.90864471392,2.286705579789E-06));
#3491 = CARTESIAN_POINT('',(0.916274078696,2.874342349542E-06));
#3492 = CARTESIAN_POINT('',(0.923941694388,2.772700933895E-06));
#3493 = CARTESIAN_POINT('',(0.93165494105,2.005360226243E-06));
#3494 = CARTESIAN_POINT('',(0.939456622619,-5.149597317568E-07));
#3495 = CARTESIAN_POINT('',(0.947199726914,-1.975133145829E-06));
#3496 = CARTESIAN_POINT('',(0.954868329461,-1.58450768464E-06));
#3497 = CARTESIAN_POINT('',(0.962517843689,-1.686836115324E-06));
#3498 = CARTESIAN_POINT('',(0.970059911823,-1.668147853775E-06));
#3499 = CARTESIAN_POINT('',(0.977561826494,-1.640572469289E-06));
#3500 = CARTESIAN_POINT('',(0.98503901904,-1.76956226878E-06));
#3501 = CARTESIAN_POINT('',(0.992510455693,-1.281178455304E-06));
#3502 = CARTESIAN_POINT('',(0.997499979012,-5.255106607926E-07));
#3503 = CARTESIAN_POINT('',(1.,0.));
#3504 = ( GEOMETRIC_REPRESENTATION_CONTEXT(2) 
PARAMETRIC_REPRESENTATION_CONTEXT() REPRESENTATION_CONTEXT('2D SPACE',''
  ) );
#3505 = ORIENTED_EDGE('',*,*,#3506,.F.);
#3506 = EDGE_CURVE('',#3263,#3261,#3507,.T.);
#3507 = SURFACE_CURVE('',#3508,(#3546,#3641),.PCURVE_S1.);
#3508 = B_SPLINE_CURVE_WITH_KNOTS('',3,(#3509,#3510,#3511,#3512,#3513,
    #3514,#3515,#3516,#3517,#3518,#3519,#3520,#3521,#3522,#3523,#3524,
    #3525,#3526,#3527,#3528,#3529,#3530,#3531,#3532,#3533,#3534,#3535,
    #3536,#3537,#3538,#3539,#3540,#3541,#3542,#3543,#3544,#3545),
  .UNSPECIFIED.,.F.,.F.,(4,2,2,2,2,2,2,2,2,2,2,1,2,2,1,2,2,1,2,4),(0.,
    3.124999999972E-02,6.249999999944E-02,9.374999999916E-02,
    0.124999999999,0.156249999999,0.187499999998,0.249999999998,
    0.281249999997,0.296874999997,0.312499999997,0.343749999997,
    0.359374999997,0.374999999997,0.406249999996,0.421874999996,
    0.437499999996,0.468749999996,0.484374999996,0.499999999996),
  .UNSPECIFIED.);
#3509 = CARTESIAN_POINT('',(28.8705,17.590161405488,-4.167551378376));
#3510 = CARTESIAN_POINT('',(28.870043891532,17.552394769726,
    -4.190180210851));
#3511 = CARTESIAN_POINT('',(28.86650291595,17.515622141762,
    -4.212126022108));
#3512 = CARTESIAN_POINT('',(28.853251230557,17.444062134755,
    -4.254679927962));
#3513 = CARTESIAN_POINT('',(28.844114083071,17.410789665828,
    -4.274393644535));
#3514 = CARTESIAN_POINT('',(28.817375804573,17.340167717935,
    -4.316087682047));
#3515 = CARTESIAN_POINT('',(28.800742435341,17.306494278632,
    -4.335891393617));
#3516 = CARTESIAN_POINT('',(28.760947236907,17.24241826997,
    -4.373455196229));
#3517 = CARTESIAN_POINT('',(28.738567521654,17.212867157886,
    -4.390719321179));
#3518 = CARTESIAN_POINT('',(28.684151175384,17.153626181588,
    -4.425226648339));
#3519 = CARTESIAN_POINT('',(28.654376557124,17.12715802751,
    -4.440590615301));
#3520 = CARTESIAN_POINT('',(28.589694430342,17.080520003357,
    -4.467604518411));
#3521 = CARTESIAN_POINT('',(28.55598910789,17.060896246124,
    -4.478939492813));
#3522 = CARTESIAN_POINT('',(28.439960688735,17.008188423714,
    -4.509337875846));
#3523 = CARTESIAN_POINT('',(28.35779941398,16.990470182719,
    -4.519499045103));
#3524 = CARTESIAN_POINT('',(28.229586398644,16.990013507959,
    -4.519761424739));
#3525 = CARTESIAN_POINT('',(28.187693462921,16.994278701515,
    -4.517312089263));
#3526 = CARTESIAN_POINT('',(28.126121163401,17.007303704309,
    -4.509821787102));
#3527 = CARTESIAN_POINT('',(28.105808247573,17.012749930721,
    -4.506688730267));
#3528 = CARTESIAN_POINT('',(28.065604783943,17.025851962835,
    -4.499145311147));
#3529 = CARTESIAN_POINT('',(28.044643378552,17.033984496216,
    -4.494460024676));
#3530 = CARTESIAN_POINT('',(27.988817859917,17.058837072567,
    -4.480127786867));
#3531 = CARTESIAN_POINT('',(27.936424343872,17.088800479639,
    -4.46282382103));
#3532 = CARTESIAN_POINT('',(27.88917883168,17.126436018123,
    -4.441002007851));
#3533 = CARTESIAN_POINT('',(27.858825824416,17.153232157683,
    -4.425441336017));
#3534 = CARTESIAN_POINT('',(27.843190050076,17.168593147498,
    -4.416508139314));
#3535 = CARTESIAN_POINT('',(27.804186355145,17.210575921599,
    -4.392054694973));
#3536 = CARTESIAN_POINT('',(27.769662485934,17.255745475601,
    -4.365673025621));
#3537 = CARTESIAN_POINT('',(27.741858355279,17.305700706585,
    -4.336342635452));
#3538 = CARTESIAN_POINT('',(27.724815543415,17.340068370273,
    -4.3161266798));
#3539 = CARTESIAN_POINT('',(27.716434972196,17.359357238366,
    -4.304758877043));
#3540 = CARTESIAN_POINT('',(27.697167988816,17.409383464888,
    -4.275223078561));
#3541 = CARTESIAN_POINT('',(27.682596764822,17.461395246426,
    -4.244412529225));
#3542 = CARTESIAN_POINT('',(27.675069179898,17.516389291242,
    -4.211649609975));
#3543 = CARTESIAN_POINT('',(27.671616043077,17.553715180783,
    -4.189369014062));
#3544 = CARTESIAN_POINT('',(27.670659876582,17.574174294368,
    -4.17713175683));
#3545 = CARTESIAN_POINT('',(27.670510785948,17.592035966299,
    -4.166427825003));
#3546 = PCURVE('',#245,#3547);
#3547 = DEFINITIONAL_REPRESENTATION('',(#3548),#3640);
#3548 = B_SPLINE_CURVE_WITH_KNOTS('',3,(#3549,#3550,#3551,#3552,#3553,
    #3554,#3555,#3556,#3557,#3558,#3559,#3560,#3561,#3562,#3563,#3564,
    #3565,#3566,#3567,#3568,#3569,#3570,#3571,#3572,#3573,#3574,#3575,
    #3576,#3577,#3578,#3579,#3580,#3581,#3582,#3583,#3584,#3585,#3586,
    #3587,#3588,#3589,#3590,#3591,#3592,#3593,#3594,#3595,#3596,#3597,
    #3598,#3599,#3600,#3601,#3602,#3603,#3604,#3605,#3606,#3607,#3608,
    #3609,#3610,#3611,#3612,#3613,#3614,#3615,#3616,#3617,#3618,#3619,
    #3620,#3621,#3622,#3623,#3624,#3625,#3626,#3627,#3628,#3629,#3630,
    #3631,#3632,#3633,#3634,#3635,#3636,#3637,#3638,#3639),
  .UNSPECIFIED.,.F.,.F.,(4,1,1,1,1,1,1,1,1,1,1,1,1,1,1,1,1,1,1,1,1,1,1,1
    ,1,1,1,1,1,1,1,1,1,1,1,1,1,1,1,1,1,1,1,1,1,1,1,1,1,1,1,1,1,1,1,1,1,1
    ,1,1,1,1,1,1,1,1,1,1,1,1,1,1,1,1,1,1,1,1,1,1,1,1,1,1,1,1,1,1,4),(0.,
    5.681818181767E-03,1.136363636353E-02,1.70454545453E-02,
    2.272727272707E-02,2.840909090884E-02,3.40909090906E-02,
    3.977272727237E-02,4.545454545414E-02,5.11363636359E-02,
    5.681818181767E-02,6.249999999944E-02,6.818181818121E-02,
    7.386363636297E-02,7.954545454474E-02,8.522727272651E-02,
    9.090909090828E-02,9.659090909004E-02,0.102272727272,0.107954545454,
    0.113636363635,0.119318181817,0.124999999999,0.130681818181,
    0.136363636362,0.142045454544,0.147727272726,0.153409090908,
    0.159090909089,0.164772727271,0.170454545453,0.176136363635,
    0.181818181817,0.187499999998,0.19318181818,0.198863636362,
    0.204545454544,0.210227272725,0.215909090907,0.221590909089,
    0.227272727271,0.232954545452,0.238636363634,0.244318181816,
    0.249999999998,0.25568181818,0.261363636361,0.267045454543,
    0.272727272725,0.278409090907,0.284090909088,0.28977272727,
    0.295454545452,0.301136363634,0.306818181815,0.312499999997,
    0.318181818179,0.323863636361,0.329545454542,0.335227272724,
    0.340909090906,0.346590909088,0.35227272727,0.357954545451,
    0.363636363633,0.369318181815,0.374999999997,0.380681818178,
    0.38636363636,0.392045454542,0.397727272724,0.403409090905,
    0.409090909087,0.414772727269,0.420454545451,0.426136363633,
    0.431818181814,0.437499999996,0.443181818178,0.44886363636,
    0.454545454541,0.460227272723,0.465909090905,0.471590909087,
    0.477272727268,0.48295454545,0.488636363632,0.494318181814,
    0.499999999996),.QUASI_UNIFORM_KNOTS.);
#3549 = CARTESIAN_POINT('',(0.501173722497,0.96943902439));
#3550 = CARTESIAN_POINT('',(0.501173215312,0.969437675954));
#3551 = CARTESIAN_POINT('',(0.501172205752,0.969431662771));
#3552 = CARTESIAN_POINT('',(0.501170705836,0.969412693328));
#3553 = CARTESIAN_POINT('',(0.501169220371,0.969383776422));
#3554 = CARTESIAN_POINT('',(0.501167749259,0.969344903965));
#3555 = CARTESIAN_POINT('',(0.501166292861,0.969296106107));
#3556 = CARTESIAN_POINT('',(0.501164849831,0.969237270336));
#3557 = CARTESIAN_POINT('',(0.501163440307,0.969170077791));
#3558 = CARTESIAN_POINT('',(0.501162048604,0.969093213665));
#3559 = CARTESIAN_POINT('',(0.501160662975,0.969005715563));
#3560 = CARTESIAN_POINT('',(0.501159273481,0.968906693885));
#3561 = CARTESIAN_POINT('',(0.50115785889,0.968794615449));
#3562 = CARTESIAN_POINT('',(0.501156441219,0.968670448593));
#3563 = CARTESIAN_POINT('',(0.501155054668,0.968536171716));
#3564 = CARTESIAN_POINT('',(0.501153690089,0.968391257434));
#3565 = CARTESIAN_POINT('',(0.501152349883,0.968235836882));
#3566 = CARTESIAN_POINT('',(0.501151033593,0.968069912903));
#3567 = CARTESIAN_POINT('',(0.501149740641,0.967893342994));
#3568 = CARTESIAN_POINT('',(0.501148482296,0.967708414171));
#3569 = CARTESIAN_POINT('',(0.501147249801,0.967513344217));
#3570 = CARTESIAN_POINT('',(0.501146036336,0.967306783541));
#3571 = CARTESIAN_POINT('',(0.501144837083,0.96708765747));
#3572 = CARTESIAN_POINT('',(0.501143637221,0.966853359033));
#3573 = CARTESIAN_POINT('',(0.501142459886,0.966607135524));
#3574 = CARTESIAN_POINT('',(0.501141335066,0.966353611392));
#3575 = CARTESIAN_POINT('',(0.501140254739,0.966091551706));
#3576 = CARTESIAN_POINT('',(0.501139221024,0.965821271738));
#3577 = CARTESIAN_POINT('',(0.501138233471,0.965542745335));
#3578 = CARTESIAN_POINT('',(0.501137291748,0.965255761837));
#3579 = CARTESIAN_POINT('',(0.501136403078,0.964963833605));
#3580 = CARTESIAN_POINT('',(0.501135561851,0.964664224854));
#3581 = CARTESIAN_POINT('',(0.501134763649,0.96435484951));
#3582 = CARTESIAN_POINT('',(0.501134005536,0.964034098511));
#3583 = CARTESIAN_POINT('',(0.501133277419,0.963697805036));
#3584 = CARTESIAN_POINT('',(0.501132596313,0.963351556289));
#3585 = CARTESIAN_POINT('',(0.501131983644,0.963003168232));
#3586 = CARTESIAN_POINT('',(0.501131433693,0.962650685502));
#3587 = CARTESIAN_POINT('',(0.501130948008,0.962294771056));
#3588 = CARTESIAN_POINT('',(0.501130526189,0.96193538588));
#3589 = CARTESIAN_POINT('',(0.50113016835,0.96157268054));
#3590 = CARTESIAN_POINT('',(0.501129874463,0.961206749243));
#3591 = CARTESIAN_POINT('',(0.501129644537,0.960837722054));
#3592 = CARTESIAN_POINT('',(0.501129478553,0.960465641969));
#3593 = CARTESIAN_POINT('',(0.501129376546,0.960090864396));
#3594 = CARTESIAN_POINT('',(0.501129338339,0.959712582164));
#3595 = CARTESIAN_POINT('',(0.501129364527,0.959334326014));
#3596 = CARTESIAN_POINT('',(0.501129455725,0.958959517542));
#3597 = CARTESIAN_POINT('',(0.501129611779,0.958587238711));
#3598 = CARTESIAN_POINT('',(0.501129832723,0.958217740072));
#3599 = CARTESIAN_POINT('',(0.50113011858,0.957850937461));
#3600 = CARTESIAN_POINT('',(0.501130469205,0.957486916979));
#3601 = CARTESIAN_POINT('',(0.501130885126,0.957125418385));
#3602 = CARTESIAN_POINT('',(0.501131364392,0.956767396547));
#3603 = CARTESIAN_POINT('',(0.501131914286,0.956409292228));
#3604 = CARTESIAN_POINT('',(0.501132542002,0.956047433071));
#3605 = CARTESIAN_POINT('',(0.501133201921,0.955704777302));
#3606 = CARTESIAN_POINT('',(0.501133891746,0.95538076234));
#3607 = CARTESIAN_POINT('',(0.501134636963,0.95506110924));
#3608 = CARTESIAN_POINT('',(0.501135430753,0.954749642865));
#3609 = CARTESIAN_POINT('',(0.501136274923,0.954445342705));
#3610 = CARTESIAN_POINT('',(0.501137169068,0.954148465937));
#3611 = CARTESIAN_POINT('',(0.501138112992,0.953859004366));
#3612 = CARTESIAN_POINT('',(0.501139107863,0.953576733594));
#3613 = CARTESIAN_POINT('',(0.501140149202,0.953302559404));
#3614 = CARTESIAN_POINT('',(0.501141253777,0.953033083066));
#3615 = CARTESIAN_POINT('',(0.501142439026,0.952764666026));
#3616 = CARTESIAN_POINT('',(0.501143596116,0.952519796701));
#3617 = CARTESIAN_POINT('',(0.501144729692,0.9522965197));
#3618 = CARTESIAN_POINT('',(0.501145909007,0.952079670201));
#3619 = CARTESIAN_POINT('',(0.501147115515,0.951873310923));
#3620 = CARTESIAN_POINT('',(0.501148354154,0.951676355811));
#3621 = CARTESIAN_POINT('',(0.501149623715,0.951489086365));
#3622 = CARTESIAN_POINT('',(0.501150924098,0.951311462638));
#3623 = CARTESIAN_POINT('',(0.5011522569,0.951143362922));
#3624 = CARTESIAN_POINT('',(0.501153615832,0.95098531399));
#3625 = CARTESIAN_POINT('',(0.501155024458,0.950835330465));
#3626 = CARTESIAN_POINT('',(0.501156508144,0.950691235654));
#3627 = CARTESIAN_POINT('',(0.501157910247,0.950566385989));
#3628 = CARTESIAN_POINT('',(0.501159246851,0.950459088137));
#3629 = CARTESIAN_POINT('',(0.501160625482,0.950359888981));
#3630 = CARTESIAN_POINT('',(0.501162017339,0.95027132146));
#3631 = CARTESIAN_POINT('',(0.501163430109,0.950192706931));
#3632 = CARTESIAN_POINT('',(0.501164861845,0.950124227028));
#3633 = CARTESIAN_POINT('',(0.501166312643,0.950065833861));
#3634 = CARTESIAN_POINT('',(0.501167784062,0.950017537356));
#3635 = CARTESIAN_POINT('',(0.501169269772,0.949979345699));
#3636 = CARTESIAN_POINT('',(0.501170793536,0.949951216216));
#3637 = CARTESIAN_POINT('',(0.501172372062,0.94993311787));
#3638 = CARTESIAN_POINT('',(0.501173380909,0.949927886788));
#3639 = CARTESIAN_POINT('',(0.501173860965,0.94992700465));
#3640 = ( GEOMETRIC_REPRESENTATION_CONTEXT(2) 
PARAMETRIC_REPRESENTATION_CONTEXT() REPRESENTATION_CONTEXT('2D SPACE',''
  ) );
#3641 = PCURVE('',#3642,#3705);
#3642 = B_SPLINE_SURFACE_WITH_KNOTS('',3,1,(
    (#3643,#3644)
    ,(#3645,#3646)
    ,(#3647,#3648)
    ,(#3649,#3650)
    ,(#3651,#3652)
    ,(#3653,#3654)
    ,(#3655,#3656)
    ,(#3657,#3658)
    ,(#3659,#3660)
    ,(#3661,#3662)
    ,(#3663,#3664)
    ,(#3665,#3666)
    ,(#3667,#3668)
    ,(#3669,#3670)
    ,(#3671,#3672)
    ,(#3673,#3674)
    ,(#3675,#3676)
    ,(#3677,#3678)
    ,(#3679,#3680)
    ,(#3681,#3682)
    ,(#3683,#3684)
    ,(#3685,#3686)
    ,(#3687,#3688)
    ,(#3689,#3690)
    ,(#3691,#3692)
    ,(#3693,#3694)
    ,(#3695,#3696)
    ,(#3697,#3698)
    ,(#3699,#3700)
    ,(#3701,#3702)
    ,(#3703,#3704
    )),.UNSPECIFIED.,.F.,.F.,.F.,(4,3,3,3,3,3,3,3,3,3,4),(2,2),(0.,
    7.573067920593E-02,0.141587430077,0.199312779085,0.248130866986,
    0.291871191627,0.335104420823,0.381401935536,0.433393585093,
    0.492526834108,0.5),(0.,1.),.UNSPECIFIED.);
#3643 = CARTESIAN_POINT('',(28.8705,17.590161405487,-4.167551378202));
#3644 = CARTESIAN_POINT('',(28.8705,17.590161405487,-10.16755137837));
#3645 = CARTESIAN_POINT('',(28.8705,17.502776880677,-4.219910020503));
#3646 = CARTESIAN_POINT('',(28.8705,17.502776880677,-10.21991002067));
#3647 = CARTESIAN_POINT('',(28.85089728327,17.413438327188,
    -4.27293566052));
#3648 = CARTESIAN_POINT('',(28.85089728327,17.413438327188,
    -10.27293566069));
#3649 = CARTESIAN_POINT('',(28.81222497575,17.332219453394,
    -4.320741829271));
#3650 = CARTESIAN_POINT('',(28.81222497575,17.332219453394,
    -10.32074182944));
#3651 = CARTESIAN_POINT('',(28.778534413667,17.26146315036,
    -4.362389633593));
#3652 = CARTESIAN_POINT('',(28.778534413667,17.26146315036,
    -10.36238963376));
#3653 = CARTESIAN_POINT('',(28.729031203819,17.194415240804,
    -4.401526422981));
#3654 = CARTESIAN_POINT('',(28.729031203819,17.194415240804,
    -10.40152642315));
#3655 = CARTESIAN_POINT('',(28.666819635228,17.139683052246,
    -4.43330937858));
#3656 = CARTESIAN_POINT('',(28.666819635228,17.139683052246,
    -10.43330937875));
#3657 = CARTESIAN_POINT('',(28.612245573236,17.091670151768,
    -4.461190446819));
#3658 = CARTESIAN_POINT('',(28.612245573236,17.091670151768,
    -10.46119044699));
#3659 = CARTESIAN_POINT('',(28.545804895808,17.051602699334,
    -4.484311805002));
#3660 = CARTESIAN_POINT('',(28.545804895808,17.051602699334,
    -10.48431180517));
#3661 = CARTESIAN_POINT('',(28.473921778009,17.025697429463,
    -4.499233439939));
#3662 = CARTESIAN_POINT('',(28.473921778009,17.025697429463,
    -10.49923344011));
#3663 = CARTESIAN_POINT('',(28.412906477773,17.003708708504,
    -4.511899112541));
#3664 = CARTESIAN_POINT('',(28.412906477773,17.003708708504,
    -10.51189911271));
#3665 = CARTESIAN_POINT('',(28.346014734244,16.991275808903,
    -4.519036174337));
#3666 = CARTESIAN_POINT('',(28.346014734244,16.991275808903,
    -10.51903617451));
#3667 = CARTESIAN_POINT('',(28.279943930365,16.990235733274,
    -4.519633746305));
#3668 = CARTESIAN_POINT('',(28.279943930365,16.990235733274,
    -10.51963374647));
#3669 = CARTESIAN_POINT('',(28.220544811493,16.989300682203,
    -4.520170976764));
#3670 = CARTESIAN_POINT('',(28.220544811493,16.989300682203,
    -10.52017097693));
#3671 = CARTESIAN_POINT('',(28.160153481465,16.997485207687,
    -4.515472974714));
#3672 = CARTESIAN_POINT('',(28.160153481465,16.997485207687,
    -10.51547297488));
#3673 = CARTESIAN_POINT('',(28.103799429829,17.013783994489,
    -4.506092746952));
#3674 = CARTESIAN_POINT('',(28.103799429829,17.013783994489,
    -10.50609274712));
#3675 = CARTESIAN_POINT('',(28.048010207771,17.029919420599,
    -4.496806536034));
#3676 = CARTESIAN_POINT('',(28.048010207771,17.029919420599,
    -10.4968065362));
#3677 = CARTESIAN_POINT('',(27.994743514839,17.054333536598,
    -4.482740751757));
#3678 = CARTESIAN_POINT('',(27.994743514839,17.054333536598,
    -10.48274075193));
#3679 = CARTESIAN_POINT('',(27.947426116825,17.084569409894,
    -4.465251360743));
#3680 = CARTESIAN_POINT('',(27.947426116825,17.084569409894,
    -10.46525136091));
#3681 = CARTESIAN_POINT('',(27.896743257987,17.116955816636,
    -4.446518032768));
#3682 = CARTESIAN_POINT('',(27.896743257987,17.116955816636,
    -10.44651803294));
#3683 = CARTESIAN_POINT('',(27.851636281494,17.156722252087,
    -4.423448168627));
#3684 = CARTESIAN_POINT('',(27.851636281494,17.156722252087,
    -10.4234481688));
#3685 = CARTESIAN_POINT('',(27.814238264949,17.200513835076,
    -4.397908890709));
#3686 = CARTESIAN_POINT('',(27.814238264949,17.200513835076,
    -10.39790889088));
#3687 = CARTESIAN_POINT('',(27.77226855764,17.24965868527,-4.36924758409
    ));
#3688 = CARTESIAN_POINT('',(27.77226855764,17.24965868527,
    -10.36924758426));
#3689 = CARTESIAN_POINT('',(27.738974203452,17.304974392822,
    -4.336830904472));
#3690 = CARTESIAN_POINT('',(27.738974203452,17.304974392822,
    -10.33683090464));
#3691 = CARTESIAN_POINT('',(27.715415227265,17.362387624997,
    -4.302965899799));
#3692 = CARTESIAN_POINT('',(27.715415227265,17.362387624997,
    -10.30296589997));
#3693 = CARTESIAN_POINT('',(27.688657682464,17.427595769863,
    -4.264503091716));
#3694 = CARTESIAN_POINT('',(27.688657682464,17.427595769863,
    -10.26450309188));
#3695 = CARTESIAN_POINT('',(27.673771531127,17.497072490733,
    -4.223247723074));
#3696 = CARTESIAN_POINT('',(27.673771531127,17.497072490733,
    -10.22324772324));
#3697 = CARTESIAN_POINT('',(27.670989115206,17.565939534923,
    -4.182052524902));
#3698 = CARTESIAN_POINT('',(27.670989115206,17.565939534923,
    -10.18205252507));
#3699 = CARTESIAN_POINT('',(27.67063823136,17.574624193885,
    -4.176857496551));
#3700 = CARTESIAN_POINT('',(27.67063823136,17.574624193885,
    -10.17685749672));
#3701 = CARTESIAN_POINT('',(27.670479011841,17.583326038622,
    -4.171647311993));
#3702 = CARTESIAN_POINT('',(27.670479011841,17.583326038622,
    -10.17164731216));
#3703 = CARTESIAN_POINT('',(27.670510785948,17.592035837945,
    -4.166427610601));
#3704 = CARTESIAN_POINT('',(27.670510785948,17.592035837945,
    -10.16642761077));
#3705 = DEFINITIONAL_REPRESENTATION('',(#3706),#3798);
#3706 = B_SPLINE_CURVE_WITH_KNOTS('',3,(#3707,#3708,#3709,#3710,#3711,
    #3712,#3713,#3714,#3715,#3716,#3717,#3718,#3719,#3720,#3721,#3722,
    #3723,#3724,#3725,#3726,#3727,#3728,#3729,#3730,#3731,#3732,#3733,
    #3734,#3735,#3736,#3737,#3738,#3739,#3740,#3741,#3742,#3743,#3744,
    #3745,#3746,#3747,#3748,#3749,#3750,#3751,#3752,#3753,#3754,#3755,
    #3756,#3757,#3758,#3759,#3760,#3761,#3762,#3763,#3764,#3765,#3766,
    #3767,#3768,#3769,#3770,#3771,#3772,#3773,#3774,#3775,#3776,#3777,
    #3778,#3779,#3780,#3781,#3782,#3783,#3784,#3785,#3786,#3787,#3788,
    #3789,#3790,#3791,#3792,#3793,#3794,#3795,#3796,#3797),
  .UNSPECIFIED.,.F.,.F.,(4,1,1,1,1,1,1,1,1,1,1,1,1,1,1,1,1,1,1,1,1,1,1,1
    ,1,1,1,1,1,1,1,1,1,1,1,1,1,1,1,1,1,1,1,1,1,1,1,1,1,1,1,1,1,1,1,1,1,1
    ,1,1,1,1,1,1,1,1,1,1,1,1,1,1,1,1,1,1,1,1,1,1,1,1,1,1,1,1,1,1,4),(0.,
    5.681818181767E-03,1.136363636353E-02,1.70454545453E-02,
    2.272727272707E-02,2.840909090884E-02,3.40909090906E-02,
    3.977272727237E-02,4.545454545414E-02,5.11363636359E-02,
    5.681818181767E-02,6.249999999944E-02,6.818181818121E-02,
    7.386363636297E-02,7.954545454474E-02,8.522727272651E-02,
    9.090909090828E-02,9.659090909004E-02,0.102272727272,0.107954545454,
    0.113636363635,0.119318181817,0.124999999999,0.130681818181,
    0.136363636362,0.142045454544,0.147727272726,0.153409090908,
    0.159090909089,0.164772727271,0.170454545453,0.176136363635,
    0.181818181817,0.187499999998,0.19318181818,0.198863636362,
    0.204545454544,0.210227272725,0.215909090907,0.221590909089,
    0.227272727271,0.232954545452,0.238636363634,0.244318181816,
    0.249999999998,0.25568181818,0.261363636361,0.267045454543,
    0.272727272725,0.278409090907,0.284090909088,0.28977272727,
    0.295454545452,0.301136363634,0.306818181815,0.312499999997,
    0.318181818179,0.323863636361,0.329545454542,0.335227272724,
    0.340909090906,0.346590909088,0.35227272727,0.357954545451,
    0.363636363633,0.369318181815,0.374999999997,0.380681818178,
    0.38636363636,0.392045454542,0.397727272724,0.403409090905,
    0.409090909087,0.414772727269,0.420454545451,0.426136363633,
    0.431818181814,0.437499999996,0.443181818178,0.44886363636,
    0.454545454541,0.460227272723,0.465909090905,0.471590909087,
    0.477272727268,0.48295454545,0.488636363632,0.494318181814,
    0.499999999996),.QUASI_UNIFORM_KNOTS.);
#3707 = CARTESIAN_POINT('',(0.,0.));
#3708 = CARTESIAN_POINT('',(1.98360656313E-03,5.754282967818E-08));
#3709 = CARTESIAN_POINT('',(5.926587216063E-03,-4.692379261547E-07));
#3710 = CARTESIAN_POINT('',(1.177430427247E-02,-1.987613413684E-06));
#3711 = CARTESIAN_POINT('',(1.755991297134E-02,-1.580308418823E-06));
#3712 = CARTESIAN_POINT('',(2.329260163847E-02,-1.691152910737E-06));
#3713 = CARTESIAN_POINT('',(2.897736242721E-02,-1.655079937941E-06));
#3714 = CARTESIAN_POINT('',(3.462684077259E-02,-1.68852733721E-06));
#3715 = CARTESIAN_POINT('',(4.01665045384E-02,-1.590810712932E-06));
#3716 = CARTESIAN_POINT('',(4.566649531628E-02,-1.948229810776E-06));
#3717 = CARTESIAN_POINT('',(5.117979273304E-02,-6.162700436756E-07));
#3718 = CARTESIAN_POINT('',(5.675632537714E-02,-6.731734032023E-07));
#3719 = CARTESIAN_POINT('',(6.24873924725E-02,1.091930204312E-07));
#3720 = CARTESIAN_POINT('',(6.829261896021E-02,2.316267602899E-06));
#3721 = CARTESIAN_POINT('',(7.40507106652E-02,4.047712389883E-06));
#3722 = CARTESIAN_POINT('',(7.978630038778E-02,5.985417615893E-06));
#3723 = CARTESIAN_POINT('',(8.547086631441E-02,7.803016753662E-06));
#3724 = CARTESIAN_POINT('',(9.112742334824E-02,8.857375477225E-06));
#3725 = CARTESIAN_POINT('',(9.676671520404E-02,8.74649660368E-06));
#3726 = CARTESIAN_POINT('',(0.10234370472,9.030858678217E-06));
#3727 = CARTESIAN_POINT('',(0.107911413087,7.746525350191E-06));
#3728 = CARTESIAN_POINT('',(0.11351251631,4.755870308178E-06));
#3729 = CARTESIAN_POINT('',(0.119180520947,7.672361480554E-07));
#3730 = CARTESIAN_POINT('',(0.124991247017,-3.092230701468E-07));
#3731 = CARTESIAN_POINT('',(0.130853502169,2.172327703416E-06));
#3732 = CARTESIAN_POINT('',(0.13664324442,3.77462482972E-06));
#3733 = CARTESIAN_POINT('',(0.142414844459,5.576086785961E-06));
#3734 = CARTESIAN_POINT('',(0.14812488625,8.252878358062E-06));
#3735 = CARTESIAN_POINT('',(0.153784611655,1.054027911749E-05));
#3736 = CARTESIAN_POINT('',(0.159413359953,1.131519144226E-05));
#3737 = CARTESIAN_POINT('',(0.164964559032,1.297113159221E-05));
#3738 = CARTESIAN_POINT('',(0.170498480371,1.181211966983E-05));
#3739 = CARTESIAN_POINT('',(0.17606381735,7.523699354486E-06));
#3740 = CARTESIAN_POINT('',(0.181699249164,1.31127132154E-06));
#3741 = CARTESIAN_POINT('',(0.187490432971,-9.309183349379E-07));
#3742 = CARTESIAN_POINT('',(0.193338989778,2.498012460919E-06));
#3743 = CARTESIAN_POINT('',(0.199135510052,5.995423324231E-06));
#3744 = CARTESIAN_POINT('',(0.204858858134,1.213495426748E-05));
#3745 = CARTESIAN_POINT('',(0.210528462713,1.803298752757E-05));
#3746 = CARTESIAN_POINT('',(0.216160435727,2.179196458271E-05));
#3747 = CARTESIAN_POINT('',(0.221770119885,2.23230435584E-05));
#3748 = CARTESIAN_POINT('',(0.227372641818,1.939924520423E-05));
#3749 = CARTESIAN_POINT('',(0.232982340243,1.362695057468E-05));
#3750 = CARTESIAN_POINT('',(0.238614726905,6.541949313201E-06));
#3751 = CARTESIAN_POINT('',(0.244279356473,3.337837538061E-07));
#3752 = CARTESIAN_POINT('',(0.250006292878,-1.026340981955E-06));
#3753 = CARTESIAN_POINT('',(0.255695472054,3.755032880959E-06));
#3754 = CARTESIAN_POINT('',(0.261333163812,9.72020571617E-06));
#3755 = CARTESIAN_POINT('',(0.266943387815,1.46724012773E-05));
#3756 = CARTESIAN_POINT('',(0.2725402371,1.698176167371E-05));
#3757 = CARTESIAN_POINT('',(0.278141265648,1.609350751475E-05));
#3758 = CARTESIAN_POINT('',(0.283761522067,1.253375511349E-05));
#3759 = CARTESIAN_POINT('',(0.289424171185,7.242617355627E-06));
#3760 = CARTESIAN_POINT('',(0.295124178427,3.903901907238E-06));
#3761 = CARTESIAN_POINT('',(0.300893737579,-9.653682243482E-07));
#3762 = CARTESIAN_POINT('',(0.306821303505,-2.267966376354E-06));
#3763 = CARTESIAN_POINT('',(0.312533009667,3.723373005052E-08));
#3764 = CARTESIAN_POINT('',(0.318046623707,2.017158221112E-06));
#3765 = CARTESIAN_POINT('',(0.323610359019,3.926407087024E-06));
#3766 = CARTESIAN_POINT('',(0.329173643266,4.970206483396E-06));
#3767 = CARTESIAN_POINT('',(0.33477257196,5.587671783798E-06));
#3768 = CARTESIAN_POINT('',(0.340398859176,6.479973268352E-06));
#3769 = CARTESIAN_POINT('',(0.346040774321,6.581559397107E-06));
#3770 = CARTESIAN_POINT('',(0.351720541893,5.406513324618E-06));
#3771 = CARTESIAN_POINT('',(0.357427028365,3.954068788591E-06));
#3772 = CARTESIAN_POINT('',(0.363252126651,-5.022801070729E-07));
#3773 = CARTESIAN_POINT('',(0.369298003351,-2.422393318794E-06));
#3774 = CARTESIAN_POINT('',(0.375043518726,1.918533825358E-07));
#3775 = CARTESIAN_POINT('',(0.380528000154,1.791321335898E-06));
#3776 = CARTESIAN_POINT('',(0.386110041518,4.131058282176E-06));
#3777 = CARTESIAN_POINT('',(0.391672815341,5.828645374546E-06));
#3778 = CARTESIAN_POINT('',(0.39725619324,6.571417051693E-06));
#3779 = CARTESIAN_POINT('',(0.40286067609,6.165539045426E-06));
#3780 = CARTESIAN_POINT('',(0.408495726676,4.795820666778E-06));
#3781 = CARTESIAN_POINT('',(0.414176776004,2.651500799616E-06));
#3782 = CARTESIAN_POINT('',(0.419888585847,8.272046511439E-07));
#3783 = CARTESIAN_POINT('',(0.425734529002,-2.21308675004E-06));
#3784 = CARTESIAN_POINT('',(0.431830016765,-1.974857650695E-06));
#3785 = CARTESIAN_POINT('',(0.43755589456,1.125173531084E-07));
#3786 = CARTESIAN_POINT('',(0.442946518541,1.684794350555E-06));
#3787 = CARTESIAN_POINT('',(0.448451627335,1.746276391291E-06));
#3788 = CARTESIAN_POINT('',(0.453960071225,9.320582944053E-07));
#3789 = CARTESIAN_POINT('',(0.459511140238,-2.657556062108E-07));
#3790 = CARTESIAN_POINT('',(0.465103874449,-2.043311062563E-06));
#3791 = CARTESIAN_POINT('',(0.470748241646,-1.561000143249E-06));
#3792 = CARTESIAN_POINT('',(0.476455168622,-1.712688364152E-06));
#3793 = CARTESIAN_POINT('',(0.482209005294,-1.588246399856E-06));
#3794 = CARTESIAN_POINT('',(0.488105088909,-1.934326036137E-06));
#3795 = CARTESIAN_POINT('',(0.494228149957,-6.744494553099E-07));
#3796 = CARTESIAN_POINT('',(0.498140019122,-6.504851323509E-08));
#3797 = CARTESIAN_POINT('',(0.500000036709,4.855368487983E-08));
#3798 = ( GEOMETRIC_REPRESENTATION_CONTEXT(2) 
PARAMETRIC_REPRESENTATION_CONTEXT() REPRESENTATION_CONTEXT('2D SPACE',''
  ) );
#3799 = FACE_BOUND('',#3800,.T.);
#3800 = EDGE_LOOP('',(#3801,#3997));
#3801 = ORIENTED_EDGE('',*,*,#3802,.F.);
#3802 = EDGE_CURVE('',#3803,#3805,#3807,.T.);
#3803 = VERTEX_POINT('',#3804);
#3804 = CARTESIAN_POINT('',(27.670546468664,7.596505835455,
    -8.021829085288));
#3805 = VERTEX_POINT('',#3806);
#3806 = CARTESIAN_POINT('',(28.8705,7.595164061972,-8.022048358308));
#3807 = SURFACE_CURVE('',#3808,(#3832,#3883),.PCURVE_S1.);
#3808 = B_SPLINE_CURVE_WITH_KNOTS('',3,(#3809,#3810,#3811,#3812,#3813,
    #3814,#3815,#3816,#3817,#3818,#3819,#3820,#3821,#3822,#3823,#3824,
    #3825,#3826,#3827,#3828,#3829,#3830,#3831),.UNSPECIFIED.,.F.,.F.,(4,
    2,1,2,2,2,2,2,2,2,2,4),(0.49999999993,0.515624999932,0.531249999934,
    0.562499999938,0.593749999943,0.624999999947,0.687499999956,
    0.749999999965,0.812499999974,0.874999999982,0.937499999991,1.),
  .UNSPECIFIED.);
#3809 = CARTESIAN_POINT('',(27.670546468664,7.596505835455,
    -8.021829085288));
#3810 = CARTESIAN_POINT('',(27.670375244854,7.616918629198,
    -8.018513333815));
#3811 = CARTESIAN_POINT('',(27.671215651667,7.634725321584,
    -8.015594161147));
#3812 = CARTESIAN_POINT('',(27.674854913923,7.672853548712,
    -8.00929643444));
#3813 = CARTESIAN_POINT('',(27.683283886562,7.729954806968,
    -7.999788556549));
#3814 = CARTESIAN_POINT('',(27.700623096964,7.786782582714,
    -7.99009922325));
#3815 = CARTESIAN_POINT('',(27.731662255512,7.86230943936,
    -7.977023071921));
#3816 = CARTESIAN_POINT('',(27.749261269687,7.895087232234,
    -7.971256664586));
#3817 = CARTESIAN_POINT('',(27.792350142987,7.959746857459,
    -7.959752493771));
#3818 = CARTESIAN_POINT('',(27.817218006256,7.99011520188,
    -7.954276764184));
#3819 = CARTESIAN_POINT('',(27.901791875918,8.075328371957,
    -7.938755005934));
#3820 = CARTESIAN_POINT('',(27.965862928382,8.118064103421,
    -7.930762928171));
#3821 = CARTESIAN_POINT('',(28.114091116049,8.180088956825,
    -7.919089275546));
#3822 = CARTESIAN_POINT('',(28.190108426791,8.195076267613,
    -7.916219494369));
#3823 = CARTESIAN_POINT('',(28.351358613924,8.195244584948,
    -7.916187456054));
#3824 = CARTESIAN_POINT('',(28.427300165879,8.179827966309,
    -7.919138615061));
#3825 = CARTESIAN_POINT('',(28.575596837071,8.118019031105,
    -7.930771191439));
#3826 = CARTESIAN_POINT('',(28.639665917022,8.074742419188,
    -7.938862713669));
#3827 = CARTESIAN_POINT('',(28.752299837059,7.961552189943,
    -7.959478595301));
#3828 = CARTESIAN_POINT('',(28.793937169017,7.898982466085,
    -7.970675825416));
#3829 = CARTESIAN_POINT('',(28.856269663968,7.748933990678,
    -7.996649982171));
#3830 = CARTESIAN_POINT('',(28.871401858471,7.672667912115,
    -8.009459021236));
#3831 = CARTESIAN_POINT('',(28.8705,7.595164061972,-8.022048358308));
#3832 = PCURVE('',#245,#3833);
#3833 = DEFINITIONAL_REPRESENTATION('',(#3834),#3882);
#3834 = B_SPLINE_CURVE_WITH_KNOTS('',3,(#3835,#3836,#3837,#3838,#3839,
    #3840,#3841,#3842,#3843,#3844,#3845,#3846,#3847,#3848,#3849,#3850,
    #3851,#3852,#3853,#3854,#3855,#3856,#3857,#3858,#3859,#3860,#3861,
    #3862,#3863,#3864,#3865,#3866,#3867,#3868,#3869,#3870,#3871,#3872,
    #3873,#3874,#3875,#3876,#3877,#3878,#3879,#3880,#3881),
  .UNSPECIFIED.,.F.,.F.,(4,1,1,1,1,1,1,1,1,1,1,1,1,1,1,1,1,1,1,1,1,1,1,1
    ,1,1,1,1,1,1,1,1,1,1,1,1,1,1,1,1,1,1,1,1,4),(0.49999999993,
    0.511363636295,0.52272727266,0.534090909025,0.545454545391,
    0.556818181756,0.568181818121,0.579545454486,0.590909090851,
    0.602272727217,0.613636363582,0.624999999947,0.636363636312,
    0.647727272678,0.659090909043,0.670454545408,0.681818181773,
    0.693181818139,0.704545454504,0.715909090869,0.727272727234,
    0.7386363636,0.749999999965,0.76136363633,0.772727272695,
    0.78409090906,0.795454545426,0.806818181791,0.818181818156,
    0.829545454521,0.840909090887,0.852272727252,0.863636363617,
    0.874999999982,0.886363636348,0.897727272713,0.909090909078,
    0.920454545443,0.931818181809,0.943181818174,0.954545454539,
    0.965909090904,0.97727272727,0.988636363635,1.),
  .QUASI_UNIFORM_KNOTS.);
#3835 = CARTESIAN_POINT('',(0.500419221376,0.949927584856));
#3836 = CARTESIAN_POINT('',(0.500420311388,0.949925659274));
#3837 = CARTESIAN_POINT('',(0.500422462781,0.949938881803));
#3838 = CARTESIAN_POINT('',(0.50042564396,0.950009878989));
#3839 = CARTESIAN_POINT('',(0.500428852809,0.950131870602));
#3840 = CARTESIAN_POINT('',(0.500432045315,0.950305077117));
#3841 = CARTESIAN_POINT('',(0.500435227188,0.95052895662));
#3842 = CARTESIAN_POINT('',(0.500438419601,0.950805456298));
#3843 = CARTESIAN_POINT('',(0.500441321532,0.951110227145));
#3844 = CARTESIAN_POINT('',(0.500444079906,0.951455800572));
#3845 = CARTESIAN_POINT('',(0.50044677874,0.951849630991));
#3846 = CARTESIAN_POINT('',(0.500449341911,0.952284657296));
#3847 = CARTESIAN_POINT('',(0.500451800587,0.952765256494));
#3848 = CARTESIAN_POINT('',(0.500454090457,0.953279613914));
#3849 = CARTESIAN_POINT('',(0.50045615903,0.95381775867));
#3850 = CARTESIAN_POINT('',(0.500458028639,0.954384059215));
#3851 = CARTESIAN_POINT('',(0.500459702204,0.954979296827));
#3852 = CARTESIAN_POINT('',(0.500461185304,0.955604262142));
#3853 = CARTESIAN_POINT('',(0.500462492133,0.956263295535));
#3854 = CARTESIAN_POINT('',(0.500463549911,0.956926865578));
#3855 = CARTESIAN_POINT('',(0.500464369078,0.957599522593));
#3856 = CARTESIAN_POINT('',(0.500464950961,0.958282397523));
#3857 = CARTESIAN_POINT('',(0.500465298801,0.958975931889));
#3858 = CARTESIAN_POINT('',(0.500465417113,0.959686744281));
#3859 = CARTESIAN_POINT('',(0.500465303234,0.960397434435));
#3860 = CARTESIAN_POINT('',(0.500464951415,0.961090711444));
#3861 = CARTESIAN_POINT('',(0.500464363352,0.961773301529));
#3862 = CARTESIAN_POINT('',(0.50046353827,0.962445759901));
#3863 = CARTESIAN_POINT('',(0.500462477671,0.963109308679));
#3864 = CARTESIAN_POINT('',(0.500461176243,0.963768673353));
#3865 = CARTESIAN_POINT('',(0.50045968886,0.964393814917));
#3866 = CARTESIAN_POINT('',(0.500458007451,0.964989085372));
#3867 = CARTESIAN_POINT('',(0.500456129521,0.965555301852));
#3868 = CARTESIAN_POINT('',(0.500454057064,0.966093031506));
#3869 = CARTESIAN_POINT('',(0.5004517684,0.966607376286));
#3870 = CARTESIAN_POINT('',(0.500449331926,0.967085548916));
#3871 = CARTESIAN_POINT('',(0.500446800686,0.967515860587));
#3872 = CARTESIAN_POINT('',(0.500444138001,0.967904530823));
#3873 = CARTESIAN_POINT('',(0.500441329348,0.968253177474));
#3874 = CARTESIAN_POINT('',(0.500438361069,0.96856391675));
#3875 = CARTESIAN_POINT('',(0.500435193629,0.968841473106));
#3876 = CARTESIAN_POINT('',(0.500432020833,0.969065875084));
#3877 = CARTESIAN_POINT('',(0.500428824627,0.969238951142));
#3878 = CARTESIAN_POINT('',(0.500425609849,0.969360211302));
#3879 = CARTESIAN_POINT('',(0.500422375201,0.969429787021));
#3880 = CARTESIAN_POINT('',(0.500420205758,0.969441690638));
#3881 = CARTESIAN_POINT('',(0.500419117765,0.96943902439));
#3882 = ( GEOMETRIC_REPRESENTATION_CONTEXT(2) 
PARAMETRIC_REPRESENTATION_CONTEXT() REPRESENTATION_CONTEXT('2D SPACE',''
  ) );
#3883 = PCURVE('',#3884,#3947);
#3884 = B_SPLINE_SURFACE_WITH_KNOTS('',3,1,(
    (#3885,#3886)
    ,(#3887,#3888)
    ,(#3889,#3890)
    ,(#3891,#3892)
    ,(#3893,#3894)
    ,(#3895,#3896)
    ,(#3897,#3898)
    ,(#3899,#3900)
    ,(#3901,#3902)
    ,(#3903,#3904)
    ,(#3905,#3906)
    ,(#3907,#3908)
    ,(#3909,#3910)
    ,(#3911,#3912)
    ,(#3913,#3914)
    ,(#3915,#3916)
    ,(#3917,#3918)
    ,(#3919,#3920)
    ,(#3921,#3922)
    ,(#3923,#3924)
    ,(#3925,#3926)
    ,(#3927,#3928)
    ,(#3929,#3930)
    ,(#3931,#3932)
    ,(#3933,#3934)
    ,(#3935,#3936)
    ,(#3937,#3938)
    ,(#3939,#3940)
    ,(#3941,#3942)
    ,(#3943,#3944)
    ,(#3945,#3946
    )),.UNSPECIFIED.,.F.,.F.,.F.,(4,3,3,3,3,3,3,3,3,3,4),(2,2),(
    0.499999999778,0.536781012813,0.591549777369,0.64622324633,
    0.700252386793,0.753381797961,0.805879983301,0.858389447142,
    0.911528028575,0.965540698693,1.),(0.,1.),.UNSPECIFIED.);
#3885 = CARTESIAN_POINT('',(27.670546468661,7.5965056323,-8.021827838154
    ));
#3886 = CARTESIAN_POINT('',(27.670546468661,7.5965056323,-14.02182783828
    ));
#3887 = CARTESIAN_POINT('',(27.670682027912,7.642481342716,
    -8.014355039304));
#3888 = CARTESIAN_POINT('',(27.670682027912,7.642481342716,
    -14.01435503943));
#3889 = CARTESIAN_POINT('',(27.676057916913,7.688575064662,
    -8.006717532189));
#3890 = CARTESIAN_POINT('',(27.676057916913,7.688575064662,
    -14.00671753232));
#3891 = CARTESIAN_POINT('',(27.686555457987,7.733036364677,
    -7.999209401197));
#3892 = CARTESIAN_POINT('',(27.686555457987,7.733036364677,
    -13.99920940133));
#3893 = CARTESIAN_POINT('',(27.702183148183,7.799225905398,
    -7.988032046018));
#3894 = CARTESIAN_POINT('',(27.702183148183,7.799225905398,
    -13.98803204615));
#3895 = CARTESIAN_POINT('',(27.729600110033,7.863630315343,
    -7.976835047909));
#3896 = CARTESIAN_POINT('',(27.729600110033,7.863630315343,
    -13.97683504804));
#3897 = CARTESIAN_POINT('',(27.76660545897,7.920879108477,
    -7.966666807881));
#3898 = CARTESIAN_POINT('',(27.76660545897,7.920879108477,
    -13.96666680801));
#3899 = CARTESIAN_POINT('',(27.803539646828,7.978017812504,
    -7.956518121321));
#3900 = CARTESIAN_POINT('',(27.803539646828,7.978017812504,
    -13.95651812145));
#3901 = CARTESIAN_POINT('',(27.851075934524,8.029625136606,
    -7.947117254056));
#3902 = CARTESIAN_POINT('',(27.851075934524,8.029625136606,
    -13.94711725419));
#3903 = CARTESIAN_POINT('',(27.905315183974,8.07123133678,
    -7.939436792114));
#3904 = CARTESIAN_POINT('',(27.905315183974,8.07123133678,
    -13.93943679224));
#3905 = CARTESIAN_POINT('',(27.958916209669,8.112347964078,
    -7.931846704824));
#3906 = CARTESIAN_POINT('',(27.958916209669,8.112347964078,
    -13.93184670495));
#3907 = CARTESIAN_POINT('',(28.02058694036,8.144844895521,
    -7.925732306471));
#3908 = CARTESIAN_POINT('',(28.02058694036,8.144844895521,-13.9257323066
    ));
#3909 = CARTESIAN_POINT('',(28.085131196664,8.165811419581,
    -7.921769950113));
#3910 = CARTESIAN_POINT('',(28.085131196664,8.165811419581,
    -13.92176995024));
#3911 = CARTESIAN_POINT('',(28.148617391637,8.186434243526,
    -7.917872547885));
#3912 = CARTESIAN_POINT('',(28.148617391637,8.186434243526,
    -13.91787254802));
#3913 = CARTESIAN_POINT('',(28.216662689966,8.196473013703,
    -7.915953639803));
#3914 = CARTESIAN_POINT('',(28.216662689966,8.196473013703,
    -13.91595363993));
#3915 = CARTESIAN_POINT('',(28.283511838934,8.195022955416,
    -7.916229641504));
#3916 = CARTESIAN_POINT('',(28.283511838934,8.195022955416,
    -13.91622964163));
#3917 = CARTESIAN_POINT('',(28.349590353006,8.193589613356,
    -7.916502461465));
#3918 = CARTESIAN_POINT('',(28.349590353006,8.193589613356,
    -13.9165024616));
#3919 = CARTESIAN_POINT('',(28.416319335443,8.180900073069,
    -7.918925225306));
#3920 = CARTESIAN_POINT('',(28.416319335443,8.180900073069,
    -13.91892522544));
#3921 = CARTESIAN_POINT('',(28.478195929554,8.158069383354,
    -7.923231689112));
#3922 = CARTESIAN_POINT('',(28.478195929554,8.158069383354,
    -13.92323168924));
#3923 = CARTESIAN_POINT('',(28.540099651234,8.135228684344,
    -7.927540040932));
#3924 = CARTESIAN_POINT('',(28.540099651234,8.135228684344,
    -13.92754004106));
#3925 = CARTESIAN_POINT('',(28.598832120729,8.101634149706,
    -7.933843004079));
#3926 = CARTESIAN_POINT('',(28.598832120729,8.101634149706,
    -13.93384300421));
#3927 = CARTESIAN_POINT('',(28.64972979098,8.060120797198,
    -7.941484922108));
#3928 = CARTESIAN_POINT('',(28.64972979098,8.060120797198,
    -13.94148492224));
#3929 = CARTESIAN_POINT('',(28.701235842241,8.018111234643,
    -7.949218184157));
#3930 = CARTESIAN_POINT('',(28.701235842241,8.018111234643,
    -13.94921818429));
#3931 = CARTESIAN_POINT('',(28.746118802064,7.966869358275,
    -7.958522738254));
#3932 = CARTESIAN_POINT('',(28.746118802064,7.966869358275,
    -13.95852273839));
#3933 = CARTESIAN_POINT('',(28.780902677973,7.910582999762,
    -7.968493085623));
#3934 = CARTESIAN_POINT('',(28.780902677973,7.910582999762,
    -13.96849308575));
#3935 = CARTESIAN_POINT('',(28.816250331978,7.853384350276,
    -7.978625032677));
#3936 = CARTESIAN_POINT('',(28.816250331978,7.853384350276,
    -13.97862503281));
#3937 = CARTESIAN_POINT('',(28.84213357249,7.789424206199,
    -7.989713244334));
#3938 = CARTESIAN_POINT('',(28.84213357249,7.789424206199,
    -13.98971324446));
#3939 = CARTESIAN_POINT('',(28.856528685199,7.723890050506,
    -8.00075197911));
#3940 = CARTESIAN_POINT('',(28.856528685199,7.723890050506,
    -14.00075197924));
#3941 = CARTESIAN_POINT('',(28.865788445823,7.681734729695,
    -8.007852725292));
#3942 = CARTESIAN_POINT('',(28.865788445823,7.681734729695,
    -14.00785272542));
#3943 = CARTESIAN_POINT('',(28.8705,7.638338725838,-8.015035282108));
#3944 = CARTESIAN_POINT('',(28.8705,7.638338725838,-14.01503528224));
#3945 = CARTESIAN_POINT('',(28.8705,7.595164061972,-8.022048358174));
#3946 = CARTESIAN_POINT('',(28.8705,7.595164061972,-14.0220483583));
#3947 = DEFINITIONAL_REPRESENTATION('',(#3948),#3996);
#3948 = B_SPLINE_CURVE_WITH_KNOTS('',3,(#3949,#3950,#3951,#3952,#3953,
    #3954,#3955,#3956,#3957,#3958,#3959,#3960,#3961,#3962,#3963,#3964,
    #3965,#3966,#3967,#3968,#3969,#3970,#3971,#3972,#3973,#3974,#3975,
    #3976,#3977,#3978,#3979,#3980,#3981,#3982,#3983,#3984,#3985,#3986,
    #3987,#3988,#3989,#3990,#3991,#3992,#3993,#3994,#3995),
  .UNSPECIFIED.,.F.,.F.,(4,1,1,1,1,1,1,1,1,1,1,1,1,1,1,1,1,1,1,1,1,1,1,1
    ,1,1,1,1,1,1,1,1,1,1,1,1,1,1,1,1,1,1,1,1,4),(0.49999999993,
    0.511363636295,0.52272727266,0.534090909025,0.545454545391,
    0.556818181756,0.568181818121,0.579545454486,0.590909090851,
    0.602272727217,0.613636363582,0.624999999947,0.636363636312,
    0.647727272678,0.659090909043,0.670454545408,0.681818181773,
    0.693181818139,0.704545454504,0.715909090869,0.727272727234,
    0.7386363636,0.749999999965,0.76136363633,0.772727272695,
    0.78409090906,0.795454545426,0.806818181791,0.818181818156,
    0.829545454521,0.840909090887,0.852272727252,0.863636363617,
    0.874999999982,0.886363636348,0.897727272713,0.909090909078,
    0.920454545443,0.931818181809,0.943181818174,0.954545454539,
    0.965909090904,0.97727272727,0.988636363635,1.),
  .QUASI_UNIFORM_KNOTS.);
#3949 = CARTESIAN_POINT('',(0.500000053953,2.133591259352E-07));
#3950 = CARTESIAN_POINT('',(0.503764471197,4.399341864705E-07));
#3951 = CARTESIAN_POINT('',(0.511184337006,7.445018946479E-08));
#3952 = CARTESIAN_POINT('',(0.522215661839,-1.382325709741E-06));
#3953 = CARTESIAN_POINT('',(0.533497288324,-1.756703936389E-06));
#3954 = CARTESIAN_POINT('',(0.544956790174,-6.103198542551E-07));
#3955 = CARTESIAN_POINT('',(0.556548830797,1.116456485839E-06));
#3956 = CARTESIAN_POINT('',(0.568459920622,-2.990327646444E-07));
#3957 = CARTESIAN_POINT('',(0.579645562195,-2.099154341855E-06));
#3958 = CARTESIAN_POINT('',(0.590760606498,-1.30434986771E-06));
#3959 = CARTESIAN_POINT('',(0.602139094639,-8.979520683408E-07));
#3960 = CARTESIAN_POINT('',(0.613472079516,1.670857383723E-07));
#3961 = CARTESIAN_POINT('',(0.625004728886,6.936492134473E-07));
#3962 = CARTESIAN_POINT('',(0.636509205407,-1.94846119997E-06));
#3963 = CARTESIAN_POINT('',(0.647860063209,-1.629431558459E-06));
#3964 = CARTESIAN_POINT('',(0.659124162543,-1.533812565967E-06));
#3965 = CARTESIAN_POINT('',(0.670361894183,-2.235318177448E-06));
#3966 = CARTESIAN_POINT('',(0.681699092396,4.750852759828E-07));
#3967 = CARTESIAN_POINT('',(0.693295553132,-1.074007044449E-06));
#3968 = CARTESIAN_POINT('',(0.704718932018,-1.81178965756E-06));
#3969 = CARTESIAN_POINT('',(0.715978043469,-1.678834325085E-06));
#3970 = CARTESIAN_POINT('',(0.727192176875,-1.472873041873E-06));
#3971 = CARTESIAN_POINT('',(0.738461507278,-2.429673507196E-06));
#3972 = CARTESIAN_POINT('',(0.749992975595,1.191567070884E-06));
#3973 = CARTESIAN_POINT('',(0.761566590123,-2.421433765395E-06));
#3974 = CARTESIAN_POINT('',(0.772838912838,-1.50583200908E-06));
#3975 = CARTESIAN_POINT('',(0.784048825745,-1.555238198058E-06));
#3976 = CARTESIAN_POINT('',(0.795283535038,-2.27321519846E-06));
#3977 = CARTESIAN_POINT('',(0.806686465343,6.480989921255E-07));
#3978 = CARTESIAN_POINT('',(0.818311584848,-1.422426593394E-06));
#3979 = CARTESIAN_POINT('',(0.829653636941,-1.761833809524E-06));
#3980 = CARTESIAN_POINT('',(0.840897366303,-1.530238168284E-06));
#3981 = CARTESIAN_POINT('',(0.852140142612,-2.117213517113E-06));
#3982 = CARTESIAN_POINT('',(0.86349748029,-9.077630366595E-10));
#3983 = CARTESIAN_POINT('',(0.875011658775,7.856998920491E-07));
#3984 = CARTESIAN_POINT('',(0.886455723639,-2.347062554451E-06));
#3985 = CARTESIAN_POINT('',(0.897642458839,-1.39744967402E-06));
#3986 = CARTESIAN_POINT('',(0.908828820273,-2.063138749242E-06));
#3987 = CARTESIAN_POINT('',(0.920139343994,-3.499953287864E-07));
#3988 = CARTESIAN_POINT('',(0.931579907101,1.180159798177E-06));
#3989 = CARTESIAN_POINT('',(0.943417489675,-3.199460802962E-07));
#3990 = CARTESIAN_POINT('',(0.954963092762,-2.046630494424E-06));
#3991 = CARTESIAN_POINT('',(0.966430707457,-1.493531941781E-06));
#3992 = CARTESIAN_POINT('',(0.977630675302,-1.979241738226E-06));
#3993 = CARTESIAN_POINT('',(0.988794950079,-5.895011050882E-07));
#3994 = CARTESIAN_POINT('',(0.996251012068,-3.413482605193E-08));
#3995 = CARTESIAN_POINT('',(1.,0.));
#3996 = ( GEOMETRIC_REPRESENTATION_CONTEXT(2) 
PARAMETRIC_REPRESENTATION_CONTEXT() REPRESENTATION_CONTEXT('2D SPACE',''
  ) );
#3997 = ORIENTED_EDGE('',*,*,#3998,.F.);
#3998 = EDGE_CURVE('',#3805,#3803,#3999,.T.);
#3999 = SURFACE_CURVE('',#4000,(#4019,#4070),.PCURVE_S1.);
#4000 = B_SPLINE_CURVE_WITH_KNOTS('',3,(#4001,#4002,#4003,#4004,#4005,
    #4006,#4007,#4008,#4009,#4010,#4011,#4012,#4013,#4014,#4015,#4016,
    #4017,#4018),.UNSPECIFIED.,.F.,.F.,(4,2,2,2,2,2,2,2,4),(0.,
    6.24999999912E-02,0.124999999982,0.249999999965,0.312499999956,
    0.374999999947,0.437499999938,0.468749999934,0.49999999993),
  .UNSPECIFIED.);
#4001 = CARTESIAN_POINT('',(28.8705,7.595164061972,-8.022048358308));
#4002 = CARTESIAN_POINT('',(28.86955723655,7.514144922537,-8.03520870136
    ));
#4003 = CARTESIAN_POINT('',(28.855277478774,7.439929708796,
    -8.046825881922));
#4004 = CARTESIAN_POINT('',(28.795375106384,7.293677141086,
    -8.069019882292));
#4005 = CARTESIAN_POINT('',(28.752228526666,7.228779596882,
    -8.078497012093));
#4006 = CARTESIAN_POINT('',(28.583202606865,7.058706459474,
    -8.102751923878));
#4007 = CARTESIAN_POINT('',(28.430822664205,6.995277548043,
    -8.111062755595));
#4008 = CARTESIAN_POINT('',(28.189337844615,6.995186743321,
    -8.111074950098));
#4009 = CARTESIAN_POINT('',(28.113436963267,7.010669382284,
    -8.109012733907));
#4010 = CARTESIAN_POINT('',(27.964433408671,7.072678228957,
    -8.100549688703));
#4011 = CARTESIAN_POINT('',(27.900900011638,7.115850202486,
    -8.094604625011));
#4012 = CARTESIAN_POINT('',(27.787536532577,7.230004462985,
    -8.078320062294));
#4013 = CARTESIAN_POINT('',(27.745685673109,7.293836329085,
    -8.068999572085));
#4014 = CARTESIAN_POINT('',(27.699983203851,7.404961749051,
    -8.052130344048));
#4015 = CARTESIAN_POINT('',(27.6896730116,7.440026967105,-8.046719501861
    ));
#4016 = CARTESIAN_POINT('',(27.6747827144,7.516220897146,-8.034759833291
    ));
#4017 = CARTESIAN_POINT('',(27.670888916289,7.55568085607,
    -8.028464329456));
#4018 = CARTESIAN_POINT('',(27.670546468664,7.596505835455,
    -8.021829085288));
#4019 = PCURVE('',#245,#4020);
#4020 = DEFINITIONAL_REPRESENTATION('',(#4021),#4069);
#4021 = B_SPLINE_CURVE_WITH_KNOTS('',3,(#4022,#4023,#4024,#4025,#4026,
    #4027,#4028,#4029,#4030,#4031,#4032,#4033,#4034,#4035,#4036,#4037,
    #4038,#4039,#4040,#4041,#4042,#4043,#4044,#4045,#4046,#4047,#4048,
    #4049,#4050,#4051,#4052,#4053,#4054,#4055,#4056,#4057,#4058,#4059,
    #4060,#4061,#4062,#4063,#4064,#4065,#4066,#4067,#4068),
  .UNSPECIFIED.,.F.,.F.,(4,1,1,1,1,1,1,1,1,1,1,1,1,1,1,1,1,1,1,1,1,1,1,1
    ,1,1,1,1,1,1,1,1,1,1,1,1,1,1,1,1,1,1,1,1,4),(0.,1.136363636204E-02,
    2.272727272407E-02,3.409090908611E-02,4.545454544814E-02,
    5.681818181018E-02,6.818181817221E-02,7.954545453425E-02,
    9.090909089628E-02,0.102272727258,0.11363636362,0.124999999982,
    0.136363636344,0.147727272706,0.159090909068,0.170454545431,
    0.181818181793,0.193181818155,0.204545454517,0.215909090879,
    0.227272727241,0.238636363603,0.249999999965,0.261363636327,
    0.272727272689,0.284090909051,0.295454545413,0.306818181775,
    0.318181818137,0.329545454499,0.340909090861,0.352272727223,
    0.363636363585,0.374999999947,0.386363636309,0.397727272671,
    0.409090909033,0.420454545395,0.431818181757,0.443181818119,
    0.454545454481,0.465909090843,0.477272727205,0.488636363568,
    0.49999999993),.QUASI_UNIFORM_KNOTS.);
#4022 = CARTESIAN_POINT('',(0.500419117765,0.96943902439));
#4023 = CARTESIAN_POINT('',(0.50041798042,0.969436237211));
#4024 = CARTESIAN_POINT('',(0.500415740235,0.969416325659));
#4025 = CARTESIAN_POINT('',(0.500412467526,0.969342070923));
#4026 = CARTESIAN_POINT('',(0.50040926683,0.969222080699));
#4027 = CARTESIAN_POINT('',(0.500406121237,0.96905490977));
#4028 = CARTESIAN_POINT('',(0.500403018666,0.968839473725));
#4029 = CARTESIAN_POINT('',(0.50039992888,0.96857334206));
#4030 = CARTESIAN_POINT('',(0.500396973377,0.968265268156));
#4031 = CARTESIAN_POINT('',(0.500394141288,0.967914497507));
#4032 = CARTESIAN_POINT('',(0.50039143479,0.967521112842));
#4033 = CARTESIAN_POINT('',(0.500388856072,0.967085537755));
#4034 = CARTESIAN_POINT('',(0.500386394192,0.966605995138));
#4035 = CARTESIAN_POINT('',(0.500384090679,0.96608916983));
#4036 = CARTESIAN_POINT('',(0.500381991951,0.965544030436));
#4037 = CARTESIAN_POINT('',(0.500380091647,0.964971062855));
#4038 = CARTESIAN_POINT('',(0.500378397534,0.964373026351));
#4039 = CARTESIAN_POINT('',(0.500376913575,0.963752069432));
#4040 = CARTESIAN_POINT('',(0.50037564473,0.963110510267));
#4041 = CARTESIAN_POINT('',(0.500374595681,0.962450599134));
#4042 = CARTESIAN_POINT('',(0.500373771142,0.961774688217));
#4043 = CARTESIAN_POINT('',(0.500373175866,0.961084789961));
#4044 = CARTESIAN_POINT('',(0.500372814305,0.960384173866));
#4045 = CARTESIAN_POINT('',(0.500372691964,0.959671420952));
#4046 = CARTESIAN_POINT('',(0.500372810306,0.958962609104));
#4047 = CARTESIAN_POINT('',(0.500373166251,0.958269641111));
#4048 = CARTESIAN_POINT('',(0.500373760566,0.957587014996));
#4049 = CARTESIAN_POINT('',(0.500374593419,0.956913594901));
#4050 = CARTESIAN_POINT('',(0.500375663388,0.956248185262));
#4051 = CARTESIAN_POINT('',(0.500376975867,0.955585463217));
#4052 = CARTESIAN_POINT('',(0.500378472421,0.954959754044));
#4053 = CARTESIAN_POINT('',(0.500380163979,0.954365097815));
#4054 = CARTESIAN_POINT('',(0.500382054946,0.953799739255));
#4055 = CARTESIAN_POINT('',(0.500384145569,0.953262175314));
#4056 = CARTESIAN_POINT('',(0.500386459124,0.952745689387));
#4057 = CARTESIAN_POINT('',(0.500388930786,0.952264166856));
#4058 = CARTESIAN_POINT('',(0.500391500839,0.951831893377));
#4059 = CARTESIAN_POINT('',(0.500394197212,0.951442519276));
#4060 = CARTESIAN_POINT('',(0.500397026197,0.951095025139));
#4061 = CARTESIAN_POINT('',(0.500399992868,0.95078770584));
#4062 = CARTESIAN_POINT('',(0.500403128664,0.95051626885));
#4063 = CARTESIAN_POINT('',(0.500406164596,0.950306611173));
#4064 = CARTESIAN_POINT('',(0.500409256721,0.950145047827));
#4065 = CARTESIAN_POINT('',(0.500412498472,0.950023533042));
#4066 = CARTESIAN_POINT('',(0.500415809649,0.949948998337));
#4067 = CARTESIAN_POINT('',(0.500418075504,0.949929581728));
#4068 = CARTESIAN_POINT('',(0.500419221376,0.949927584856));
#4069 = ( GEOMETRIC_REPRESENTATION_CONTEXT(2) 
PARAMETRIC_REPRESENTATION_CONTEXT() REPRESENTATION_CONTEXT('2D SPACE',''
  ) );
#4070 = PCURVE('',#4071,#4134);
#4071 = B_SPLINE_SURFACE_WITH_KNOTS('',3,1,(
    (#4072,#4073)
    ,(#4074,#4075)
    ,(#4076,#4077)
    ,(#4078,#4079)
    ,(#4080,#4081)
    ,(#4082,#4083)
    ,(#4084,#4085)
    ,(#4086,#4087)
    ,(#4088,#4089)
    ,(#4090,#4091)
    ,(#4092,#4093)
    ,(#4094,#4095)
    ,(#4096,#4097)
    ,(#4098,#4099)
    ,(#4100,#4101)
    ,(#4102,#4103)
    ,(#4104,#4105)
    ,(#4106,#4107)
    ,(#4108,#4109)
    ,(#4110,#4111)
    ,(#4112,#4113)
    ,(#4114,#4115)
    ,(#4116,#4117)
    ,(#4118,#4119)
    ,(#4120,#4121)
    ,(#4122,#4123)
    ,(#4124,#4125)
    ,(#4126,#4127)
    ,(#4128,#4129)
    ,(#4130,#4131)
    ,(#4132,#4133
    )),.UNSPECIFIED.,.F.,.F.,.F.,(4,3,3,3,3,3,3,3,3,3,4),(2,2),(0.,
    5.442374373406E-02,0.108873847527,0.162921314819,0.216391820908,
    0.269446218396,0.322325940717,0.375287619426,0.428577398331,
    0.482390498518,0.5),(0.,1.),.UNSPECIFIED.);
#4072 = CARTESIAN_POINT('',(28.8705,7.595164061972,-8.022048358174));
#4073 = CARTESIAN_POINT('',(28.8705,7.595164061972,-14.0220483583));
#4074 = CARTESIAN_POINT('',(28.8705,7.527553265444,-8.033030717187));
#4075 = CARTESIAN_POINT('',(28.8705,7.527553265444,-14.03303071732));
#4076 = CARTESIAN_POINT('',(28.858753999801,7.458953380356,
    -8.043835786409));
#4077 = CARTESIAN_POINT('',(28.858753999801,7.458953380356,
    -14.04383578654));
#4078 = CARTESIAN_POINT('',(28.836141854938,7.395040870056,
    -8.053619136979));
#4079 = CARTESIAN_POINT('',(28.836141854938,7.395040870056,
    -14.05361913711));
#4080 = CARTESIAN_POINT('',(28.813523374771,7.331110453219,
    -8.063405228575));
#4081 = CARTESIAN_POINT('',(28.813523374771,7.331110453219,
    -14.06340522871));
#4082 = CARTESIAN_POINT('',(28.779390093978,7.270099831554,
    -8.072444204222));
#4083 = CARTESIAN_POINT('',(28.779390093978,7.270099831554,
    -14.07244420435));
#4084 = CARTESIAN_POINT('',(28.736501271875,7.217218543922,
    -8.080097947609));
#4085 = CARTESIAN_POINT('',(28.736501271875,7.217218543922,
    -14.08009794774));
#4086 = CARTESIAN_POINT('',(28.693929202937,7.16472780829,
    -8.087695164673));
#4087 = CARTESIAN_POINT('',(28.693929202937,7.16472780829,-14.0876951648
    ));
#4088 = CARTESIAN_POINT('',(28.641532721036,7.118785988301,
    -8.094146423346));
#4089 = CARTESIAN_POINT('',(28.641532721036,7.118785988301,
    -14.09414642348));
#4090 = CARTESIAN_POINT('',(28.583672777413,7.083380111963,
    -8.099048150861));
#4091 = CARTESIAN_POINT('',(28.583672777413,7.083380111963,
    -14.09904815099));
#4092 = CARTESIAN_POINT('',(28.5264211643,7.048346487541,-8.10389834237)
  );
#4093 = CARTESIAN_POINT('',(28.5264211643,7.048346487541,-14.1038983425)
  );
#4094 = CARTESIAN_POINT('',(28.462223045299,7.022654437266,
    -8.107373178897));
#4095 = CARTESIAN_POINT('',(28.462223045299,7.022654437266,
    -14.10737317903));
#4096 = CARTESIAN_POINT('',(28.39645382475,7.008533314374,
    -8.109278413391));
#4097 = CARTESIAN_POINT('',(28.39645382475,7.008533314374,
    -14.10927841352));
#4098 = CARTESIAN_POINT('',(28.33118566344,6.994519772491,
    -8.111169132959));
#4099 = CARTESIAN_POINT('',(28.33118566344,6.994519772491,
    -14.11116913309));
#4100 = CARTESIAN_POINT('',(28.262562530519,6.991512134113,
    -8.111569709414));
#4101 = CARTESIAN_POINT('',(28.262562530519,6.991512134113,
    -14.11156970954));
#4102 = CARTESIAN_POINT('',(28.196301917882,6.999769533437,
    -8.110459021962));
#4103 = CARTESIAN_POINT('',(28.196301917882,6.999769533437,
    -14.11045902209));
#4104 = CARTESIAN_POINT('',(28.130251100058,7.008000788126,
    -8.109351851176));
#4105 = CARTESIAN_POINT('',(28.130251100058,7.008000788126,
    -14.10935185131));
#4106 = CARTESIAN_POINT('',(28.064730526622,7.027648110971,
    -8.106711151756));
#4107 = CARTESIAN_POINT('',(28.064730526622,7.027648110971,
    -14.10671115189));
#4108 = CARTESIAN_POINT('',(28.005134092542,7.057036813859,
    -8.102678893866));
#4109 = CARTESIAN_POINT('',(28.005134092542,7.057036813859,-14.102678894
    ));
#4110 = CARTESIAN_POINT('',(27.945440803692,7.086473278599,
    -8.098640082843));
#4111 = CARTESIAN_POINT('',(27.945440803692,7.086473278599,
    -14.09864008297));
#4112 = CARTESIAN_POINT('',(27.890057154359,7.126480844311,
    -8.09308981242));
#4113 = CARTESIAN_POINT('',(27.890057154359,7.126480844311,
    -14.09308981255));
#4114 = CARTESIAN_POINT('',(27.843458301089,7.173695928668,
    -8.086352686343));
#4115 = CARTESIAN_POINT('',(27.843458301089,7.173695928668,
    -14.08635268647));
#4116 = CARTESIAN_POINT('',(27.796570245273,7.221204040035,
    -8.079573748206));
#4117 = CARTESIAN_POINT('',(27.796570245273,7.221204040035,
    -14.07957374834));
#4118 = CARTESIAN_POINT('',(27.757295435612,7.277294505274,
    -8.071402666673));
#4119 = CARTESIAN_POINT('',(27.757295435612,7.277294505274,
    -14.0714026668));
#4120 = CARTESIAN_POINT('',(27.728725690908,7.3373257444,-8.062375793309
    ));
#4121 = CARTESIAN_POINT('',(27.728725690908,7.3373257444,-14.06237579344
    ));
#4122 = CARTESIAN_POINT('',(27.699877533116,7.397941989898,
    -8.053260952771));
#4123 = CARTESIAN_POINT('',(27.699877533116,7.397941989898,
    -14.0532609529));
#4124 = CARTESIAN_POINT('',(27.68115237006,7.464219353759,
    -8.043021140149));
#4125 = CARTESIAN_POINT('',(27.68115237006,7.464219353759,
    -14.04302114028));
#4126 = CARTESIAN_POINT('',(27.673968306279,7.530744046556,
    -8.032415470902));
#4127 = CARTESIAN_POINT('',(27.673968306279,7.530744046556,
    -14.03241547103));
#4128 = CARTESIAN_POINT('',(27.671617838719,7.552509461936,
    -8.028945529339));
#4129 = CARTESIAN_POINT('',(27.671617838719,7.552509461936,
    -14.02894552947));
#4130 = CARTESIAN_POINT('',(27.670481567462,7.574494022413,
    -8.025405560642));
#4131 = CARTESIAN_POINT('',(27.670481567462,7.574494022413,
    -14.02540556077));
#4132 = CARTESIAN_POINT('',(27.670546468663,7.596505633132,
    -8.021827838019));
#4133 = CARTESIAN_POINT('',(27.670546468663,7.596505633132,
    -14.02182783815));
#4134 = DEFINITIONAL_REPRESENTATION('',(#4135),#4183);
#4135 = B_SPLINE_CURVE_WITH_KNOTS('',3,(#4136,#4137,#4138,#4139,#4140,
    #4141,#4142,#4143,#4144,#4145,#4146,#4147,#4148,#4149,#4150,#4151,
    #4152,#4153,#4154,#4155,#4156,#4157,#4158,#4159,#4160,#4161,#4162,
    #4163,#4164,#4165,#4166,#4167,#4168,#4169,#4170,#4171,#4172,#4173,
    #4174,#4175,#4176,#4177,#4178,#4179,#4180,#4181,#4182),
  .UNSPECIFIED.,.F.,.F.,(4,1,1,1,1,1,1,1,1,1,1,1,1,1,1,1,1,1,1,1,1,1,1,1
    ,1,1,1,1,1,1,1,1,1,1,1,1,1,1,1,1,1,1,1,1,4),(0.,1.136363636204E-02,
    2.272727272407E-02,3.409090908611E-02,4.545454544814E-02,
    5.681818181018E-02,6.818181817221E-02,7.954545453425E-02,
    9.090909089628E-02,0.102272727258,0.11363636362,0.124999999982,
    0.136363636344,0.147727272706,0.159090909068,0.170454545431,
    0.181818181793,0.193181818155,0.204545454517,0.215909090879,
    0.227272727241,0.238636363603,0.249999999965,0.261363636327,
    0.272727272689,0.284090909051,0.295454545413,0.306818181775,
    0.318181818137,0.329545454499,0.340909090861,0.352272727223,
    0.363636363585,0.374999999947,0.386363636309,0.397727272671,
    0.409090909033,0.420454545395,0.431818181757,0.443181818119,
    0.454545454481,0.465909090843,0.477272727205,0.488636363568,
    0.49999999993),.QUASI_UNIFORM_KNOTS.);
#4136 = CARTESIAN_POINT('',(0.,0.));
#4137 = CARTESIAN_POINT('',(3.953418211905E-03,-1.107256826508E-07));
#4138 = CARTESIAN_POINT('',(1.171776986586E-02,-4.004881242374E-08));
#4139 = CARTESIAN_POINT('',(2.307125793882E-02,4.134458472145E-07));
#4140 = CARTESIAN_POINT('',(3.426512249214E-02,8.320043488126E-07));
#4141 = CARTESIAN_POINT('',(4.543627596043E-02,3.204967402047E-07));
#4142 = CARTESIAN_POINT('',(5.674458680238E-02,-6.646917783952E-07));
#4143 = CARTESIAN_POINT('',(6.825362116592E-02,8.208283038163E-07));
#4144 = CARTESIAN_POINT('',(7.956719108056E-02,2.690504265683E-06));
#4145 = CARTESIAN_POINT('',(9.082664995858E-02,3.114440193058E-06));
#4146 = CARTESIAN_POINT('',(0.102104797272,1.603387446631E-06));
#4147 = CARTESIAN_POINT('',(0.113504580643,-1.335072476067E-07));
#4148 = CARTESIAN_POINT('',(0.124999308503,-2.249120997642E-07));
#4149 = CARTESIAN_POINT('',(0.136498111169,1.499774919432E-06));
#4150 = CARTESIAN_POINT('',(0.147875195263,3.084895618513E-06));
#4151 = CARTESIAN_POINT('',(0.159232528257,4.215746709934E-06));
#4152 = CARTESIAN_POINT('',(0.170591810217,6.226745552245E-06));
#4153 = CARTESIAN_POINT('',(0.181852501871,7.917747183127E-06));
#4154 = CARTESIAN_POINT('',(0.193092795494,7.787875984057E-06));
#4155 = CARTESIAN_POINT('',(0.20434861619,5.712778130234E-06));
#4156 = CARTESIAN_POINT('',(0.215688544277,2.619254975289E-06));
#4157 = CARTESIAN_POINT('',(0.227090293174,8.254636584267E-07));
#4158 = CARTESIAN_POINT('',(0.238483984268,-3.696241161141E-07));
#4159 = CARTESIAN_POINT('',(0.250008853496,-6.59330669826E-07));
#4160 = CARTESIAN_POINT('',(0.261480601383,1.618166295887E-06));
#4161 = CARTESIAN_POINT('',(0.272825133442,3.792473872137E-06));
#4162 = CARTESIAN_POINT('',(0.284071615376,4.652229208156E-06));
#4163 = CARTESIAN_POINT('',(0.295318140608,2.691410900397E-06));
#4164 = CARTESIAN_POINT('',(0.306675983697,-6.129450681749E-07));
#4165 = CARTESIAN_POINT('',(0.318321629558,3.714053661439E-07));
#4166 = CARTESIAN_POINT('',(0.329740445993,4.326374010057E-06));
#4167 = CARTESIAN_POINT('',(0.340969942897,6.602498872392E-06));
#4168 = CARTESIAN_POINT('',(0.352165142073,5.229667176082E-06));
#4169 = CARTESIAN_POINT('',(0.363425280969,1.345734050431E-06));
#4170 = CARTESIAN_POINT('',(0.375000214617,-9.798378030938E-07));
#4171 = CARTESIAN_POINT('',(0.386573860254,2.573870501736E-06));
#4172 = CARTESIAN_POINT('',(0.397825268296,4.927412929164E-06));
#4173 = CARTESIAN_POINT('',(0.409014111049,4.365618271141E-06));
#4174 = CARTESIAN_POINT('',(0.420242844934,1.558084161149E-06));
#4175 = CARTESIAN_POINT('',(0.431664341136,-8.577501584209E-07));
#4176 = CARTESIAN_POINT('',(0.44334425508,1.19887740562E-06));
#4177 = CARTESIAN_POINT('',(0.454322153927,1.874721432531E-06));
#4178 = CARTESIAN_POINT('',(0.465279744355,-4.802684296712E-07));
#4179 = CARTESIAN_POINT('',(0.476640078363,-1.248015114449E-06));
#4180 = CARTESIAN_POINT('',(0.488202506279,-5.754649732482E-07));
#4181 = CARTESIAN_POINT('',(0.496050134751,2.572750415194E-08));
#4182 = CARTESIAN_POINT('',(0.500000053953,2.133591253761E-07));
#4183 = ( GEOMETRIC_REPRESENTATION_CONTEXT(2) 
PARAMETRIC_REPRESENTATION_CONTEXT() REPRESENTATION_CONTEXT('2D SPACE',''
  ) );
#4184 = FACE_BOUND('',#4185,.T.);
#4185 = EDGE_LOOP('',(#4186,#4487));
#4186 = ORIENTED_EDGE('',*,*,#4187,.F.);
#4187 = EDGE_CURVE('',#4188,#4190,#4192,.T.);
#4188 = VERTEX_POINT('',#4189);
#4189 = CARTESIAN_POINT('',(27.670548357589,12.595516012431,
    -6.639008696769));
#4190 = VERTEX_POINT('',#4191);
#4191 = CARTESIAN_POINT('',(28.8705,12.592662733731,-6.640117382443));
#4192 = SURFACE_CURVE('',#4193,(#4234,#4329),.PCURVE_S1.);
#4193 = B_SPLINE_CURVE_WITH_KNOTS('',3,(#4194,#4195,#4196,#4197,#4198,
    #4199,#4200,#4201,#4202,#4203,#4204,#4205,#4206,#4207,#4208,#4209,
    #4210,#4211,#4212,#4213,#4214,#4215,#4216,#4217,#4218,#4219,#4220,
    #4221,#4222,#4223,#4224,#4225,#4226,#4227,#4228,#4229,#4230,#4231,
    #4232,#4233),.UNSPECIFIED.,.F.,.F.,(4,2,2,2,2,2,2,2,2,1,2,2,1,2,2,1,
    1,2,2,2,2,4),(0.5,0.53125,0.5625,0.625,0.6875,0.71875,0.75,0.8125,
    0.875,0.90625,0.921875,0.9375,0.953125,0.9609375,0.96875,0.9765625,
    0.98046875,0.982421875,0.984375,0.98828125,0.9921875,1.),
  .UNSPECIFIED.);
#4194 = CARTESIAN_POINT('',(27.670548357589,12.595516012431,
    -6.639008696769));
#4195 = CARTESIAN_POINT('',(27.670355489092,12.627317723591,
    -6.626665053014));
#4196 = CARTESIAN_POINT('',(27.674975286329,12.672861924971,
    -6.608883046759));
#4197 = CARTESIAN_POINT('',(27.688708795183,12.744564635913,
    -6.580695268886));
#4198 = CARTESIAN_POINT('',(27.700175506369,12.782449589975,
    -6.565710611437));
#4199 = CARTESIAN_POINT('',(27.74278778437,12.888324076544,
    -6.523586586482));
#4200 = CARTESIAN_POINT('',(27.784346628147,12.952989010641,
    -6.497532089744));
#4201 = CARTESIAN_POINT('',(27.895295334919,13.067621092813,
    -6.45096444071));
#4202 = CARTESIAN_POINT('',(27.959335540614,13.111898573178,
    -6.432775956537));
#4203 = CARTESIAN_POINT('',(28.071736524941,13.160224449808,
    -6.412863851999));
#4204 = CARTESIAN_POINT('',(28.110183374216,13.172322514893,
    -6.407863170602));
#4205 = CARTESIAN_POINT('',(28.189036781764,13.188493672412,
    -6.401174616417));
#4206 = CARTESIAN_POINT('',(28.230579176146,13.192568410365,
    -6.399486062137));
#4207 = CARTESIAN_POINT('',(28.35133090614,13.192743347174,
    -6.399413613952));
#4208 = CARTESIAN_POINT('',(28.434723007862,13.175107241909,
    -6.406731896386));
#4209 = CARTESIAN_POINT('',(28.580241084924,13.112645965588,
    -6.43246767743));
#4210 = CARTESIAN_POINT('',(28.648211869098,13.065153752016,
    -6.45196900206));
#4211 = CARTESIAN_POINT('',(28.72910359557,12.981481566327,
    -6.485956247255));
#4212 = CARTESIAN_POINT('',(28.764977146294,12.936386580749,
    -6.504198115585));
#4213 = CARTESIAN_POINT('',(28.793992228251,12.886409115267,
    -6.524252364816));
#4214 = CARTESIAN_POINT('',(28.811811512052,12.852006548741,
    -6.538017046112));
#4215 = CARTESIAN_POINT('',(28.820424260381,12.833111490925,
    -6.545555130711));
#4216 = CARTESIAN_POINT('',(28.834265018814,12.798844449478,
    -6.559186246418));
#4217 = CARTESIAN_POINT('',(28.843488213612,12.772304211111,
    -6.569715000849));
#4218 = CARTESIAN_POINT('',(28.850975347368,12.744504927585,
    -6.580692762069));
#4219 = CARTESIAN_POINT('',(28.85558097853,12.725692388946,
    -6.588109975228));
#4220 = CARTESIAN_POINT('',(28.85798895814,12.714640310348,
    -6.592459815604));
#4221 = CARTESIAN_POINT('',(28.861226887216,12.698280446617,
    -6.598889601014));
#4222 = CARTESIAN_POINT('',(28.863460885193,12.685061949772,
    -6.604078239133));
#4223 = CARTESIAN_POINT('',(28.865726930713,12.667980905702,
    -6.6107666952));
#4224 = CARTESIAN_POINT('',(28.866625174768,12.660304929366,
    -6.613768534309));
#4225 = CARTESIAN_POINT('',(28.867207800069,12.655108613456,
    -6.6157997573));
#4226 = CARTESIAN_POINT('',(28.867609556478,12.651317356771,
    -6.617280907719));
#4227 = CARTESIAN_POINT('',(28.86807924484,12.646746698804,
    -6.619065985904));
#4228 = CARTESIAN_POINT('',(28.868406562034,12.642843919615,
    -6.620589663434));
#4229 = CARTESIAN_POINT('',(28.869089579659,12.63332727971,
    -6.62430154378));
#4230 = CARTESIAN_POINT('',(28.869533165117,12.626176357858,
    -6.627088134359));
#4231 = CARTESIAN_POINT('',(28.870379186188,12.611379911236,
    -6.63284848613));
#4232 = CARTESIAN_POINT('',(28.870607462141,12.601852795429,
    -6.636551093512));
#4233 = CARTESIAN_POINT('',(28.8705,12.592662733731,-6.640117382443));
#4234 = PCURVE('',#245,#4235);
#4235 = DEFINITIONAL_REPRESENTATION('',(#4236),#4328);
#4236 = B_SPLINE_CURVE_WITH_KNOTS('',3,(#4237,#4238,#4239,#4240,#4241,
    #4242,#4243,#4244,#4245,#4246,#4247,#4248,#4249,#4250,#4251,#4252,
    #4253,#4254,#4255,#4256,#4257,#4258,#4259,#4260,#4261,#4262,#4263,
    #4264,#4265,#4266,#4267,#4268,#4269,#4270,#4271,#4272,#4273,#4274,
    #4275,#4276,#4277,#4278,#4279,#4280,#4281,#4282,#4283,#4284,#4285,
    #4286,#4287,#4288,#4289,#4290,#4291,#4292,#4293,#4294,#4295,#4296,
    #4297,#4298,#4299,#4300,#4301,#4302,#4303,#4304,#4305,#4306,#4307,
    #4308,#4309,#4310,#4311,#4312,#4313,#4314,#4315,#4316,#4317,#4318,
    #4319,#4320,#4321,#4322,#4323,#4324,#4325,#4326,#4327),
  .UNSPECIFIED.,.F.,.F.,(4,1,1,1,1,1,1,1,1,1,1,1,1,1,1,1,1,1,1,1,1,1,1,1
    ,1,1,1,1,1,1,1,1,1,1,1,1,1,1,1,1,1,1,1,1,1,1,1,1,1,1,1,1,1,1,1,1,1,1
    ,1,1,1,1,1,1,1,1,1,1,1,1,1,1,1,1,1,1,1,1,1,1,1,1,1,1,1,1,1,1,4),(0.5
    ,0.505681818182,0.511363636364,0.517045454545,0.522727272727,
    0.528409090909,0.534090909091,0.539772727273,0.545454545455,
    0.551136363636,0.556818181818,0.5625,0.568181818182,0.573863636364,
    0.579545454545,0.585227272727,0.590909090909,0.596590909091,
    0.602272727273,0.607954545455,0.613636363636,0.619318181818,0.625,
    0.630681818182,0.636363636364,0.642045454545,0.647727272727,
    0.653409090909,0.659090909091,0.664772727273,0.670454545455,
    0.676136363636,0.681818181818,0.6875,0.693181818182,0.698863636364,
    0.704545454545,0.710227272727,0.715909090909,0.721590909091,
    0.727272727273,0.732954545455,0.738636363636,0.744318181818,0.75,
    0.755681818182,0.761363636364,0.767045454545,0.772727272727,
    0.778409090909,0.784090909091,0.789772727273,0.795454545455,
    0.801136363636,0.806818181818,0.8125,0.818181818182,0.823863636364,
    0.829545454545,0.835227272727,0.840909090909,0.846590909091,
    0.852272727273,0.857954545455,0.863636363636,0.869318181818,0.875,
    0.880681818182,0.886363636364,0.892045454545,0.897727272727,
    0.903409090909,0.909090909091,0.914772727273,0.920454545455,
    0.926136363636,0.931818181818,0.9375,0.943181818182,0.948863636364,
    0.954545454545,0.960227272727,0.965909090909,0.971590909091,
    0.977272727273,0.982954545455,0.988636363636,0.994318181818,1.),
  .QUASI_UNIFORM_KNOTS.);
#4237 = CARTESIAN_POINT('',(0.50080081417,0.949927615571));
#4238 = CARTESIAN_POINT('',(0.500801250599,0.949927045375));
#4239 = CARTESIAN_POINT('',(0.50080219206,0.949931079521));
#4240 = CARTESIAN_POINT('',(0.500803745989,0.949951143811));
#4241 = CARTESIAN_POINT('',(0.500805378217,0.949983734732));
#4242 = CARTESIAN_POINT('',(0.500807023107,0.950027281519));
#4243 = CARTESIAN_POINT('',(0.500808623768,0.950080526603));
#4244 = CARTESIAN_POINT('',(0.500810091148,0.950141043961));
#4245 = CARTESIAN_POINT('',(0.500811594547,0.950216511321));
#4246 = CARTESIAN_POINT('',(0.500813106175,0.95030500322));
#4247 = CARTESIAN_POINT('',(0.50081461731,0.95040563064));
#4248 = CARTESIAN_POINT('',(0.500816115035,0.950517321922));
#4249 = CARTESIAN_POINT('',(0.500817584261,0.950638699526));
#4250 = CARTESIAN_POINT('',(0.500819022906,0.950769792074));
#4251 = CARTESIAN_POINT('',(0.500820441052,0.95091178193));
#4252 = CARTESIAN_POINT('',(0.500821835388,0.951064423382));
#4253 = CARTESIAN_POINT('',(0.500823206189,0.951227853285));
#4254 = CARTESIAN_POINT('',(0.500824552774,0.951402106308));
#4255 = CARTESIAN_POINT('',(0.500825874712,0.951587243304));
#4256 = CARTESIAN_POINT('',(0.500827171527,0.95178332256));
#4257 = CARTESIAN_POINT('',(0.500828442672,0.951990386459));
#4258 = CARTESIAN_POINT('',(0.500829687926,0.952208543559));
#4259 = CARTESIAN_POINT('',(0.500830905841,0.952437653619));
#4260 = CARTESIAN_POINT('',(0.500832099552,0.95267850542));
#4261 = CARTESIAN_POINT('',(0.500833255091,0.952928420461));
#4262 = CARTESIAN_POINT('',(0.500834359322,0.953184834802));
#4263 = CARTESIAN_POINT('',(0.500835416207,0.953448651829));
#4264 = CARTESIAN_POINT('',(0.500836425124,0.95371984575));
#4265 = CARTESIAN_POINT('',(0.500837386677,0.95399864016));
#4266 = CARTESIAN_POINT('',(0.500838301133,0.954285190278));
#4267 = CARTESIAN_POINT('',(0.500839168866,0.954579675442));
#4268 = CARTESIAN_POINT('',(0.500839990158,0.954882246898));
#4269 = CARTESIAN_POINT('',(0.500840765527,0.95519314413));
#4270 = CARTESIAN_POINT('',(0.500841494632,0.955512281764));
#4271 = CARTESIAN_POINT('',(0.500842180327,0.955840785628));
#4272 = CARTESIAN_POINT('',(0.500842813523,0.956175261594));
#4273 = CARTESIAN_POINT('',(0.500843384807,0.956512143452));
#4274 = CARTESIAN_POINT('',(0.500843896707,0.956852390743));
#4275 = CARTESIAN_POINT('',(0.500844348546,0.957195731514));
#4276 = CARTESIAN_POINT('',(0.500844740506,0.957542294032));
#4277 = CARTESIAN_POINT('',(0.500845072528,0.957891837188));
#4278 = CARTESIAN_POINT('',(0.500845344653,0.958247694818));
#4279 = CARTESIAN_POINT('',(0.500845556846,0.958607262897));
#4280 = CARTESIAN_POINT('',(0.500845709173,0.958968632083));
#4281 = CARTESIAN_POINT('',(0.500845801334,0.959330054952));
#4282 = CARTESIAN_POINT('',(0.500845834384,0.959688441725));
#4283 = CARTESIAN_POINT('',(0.500845804301,0.960045910128));
#4284 = CARTESIAN_POINT('',(0.500845708506,0.960405588828));
#4285 = CARTESIAN_POINT('',(0.500845549489,0.960765382569));
#4286 = CARTESIAN_POINT('',(0.500845328376,0.961124595932));
#4287 = CARTESIAN_POINT('',(0.500845046657,0.961482158066));
#4288 = CARTESIAN_POINT('',(0.50084470572,0.961837100017));
#4289 = CARTESIAN_POINT('',(0.500844306984,0.962188420672));
#4290 = CARTESIAN_POINT('',(0.500843851822,0.962535145659));
#4291 = CARTESIAN_POINT('',(0.500843341757,0.962876225796));
#4292 = CARTESIAN_POINT('',(0.50084277774,0.963210884402));
#4293 = CARTESIAN_POINT('',(0.500842162859,0.963537329607));
#4294 = CARTESIAN_POINT('',(0.500841492211,0.963857557793));
#4295 = CARTESIAN_POINT('',(0.500840762195,0.964173878272));
#4296 = CARTESIAN_POINT('',(0.500839977195,0.964484812131));
#4297 = CARTESIAN_POINT('',(0.500839139457,0.964789895539));
#4298 = CARTESIAN_POINT('',(0.500838251798,0.965088392565));
#4299 = CARTESIAN_POINT('',(0.500837316884,0.965379640599));
#4300 = CARTESIAN_POINT('',(0.500836337423,0.965662955846));
#4301 = CARTESIAN_POINT('',(0.500835316107,0.965937665927));
#4302 = CARTESIAN_POINT('',(0.500834255656,0.966203073988));
#4303 = CARTESIAN_POINT('',(0.500833158705,0.966458569652));
#4304 = CARTESIAN_POINT('',(0.500832028214,0.966703221119));
#4305 = CARTESIAN_POINT('',(0.500830865932,0.966937295799));
#4306 = CARTESIAN_POINT('',(0.500829670907,0.967161739268));
#4307 = CARTESIAN_POINT('',(0.500828443388,0.967376298681));
#4308 = CARTESIAN_POINT('',(0.500827183333,0.967581039838));
#4309 = CARTESIAN_POINT('',(0.500825890668,0.967775952388));
#4310 = CARTESIAN_POINT('',(0.500824565722,0.967961011932));
#4311 = CARTESIAN_POINT('',(0.500823207247,0.968136326421));
#4312 = CARTESIAN_POINT('',(0.500821819907,0.968301488446));
#4313 = CARTESIAN_POINT('',(0.500820386297,0.968458019694));
#4314 = CARTESIAN_POINT('',(0.500818886885,0.968607605485));
#4315 = CARTESIAN_POINT('',(0.500817440584,0.968739937116));
#4316 = CARTESIAN_POINT('',(0.50081602808,0.968856513328));
#4317 = CARTESIAN_POINT('',(0.500814567109,0.968964552189));
#4318 = CARTESIAN_POINT('',(0.500813064506,0.969062772476));
#4319 = CARTESIAN_POINT('',(0.500811575198,0.969149081019));
#4320 = CARTESIAN_POINT('',(0.500809872638,0.969233131722));
#4321 = CARTESIAN_POINT('',(0.500808507002,0.969291248452));
#4322 = CARTESIAN_POINT('',(0.50080706262,0.969340668747));
#4323 = CARTESIAN_POINT('',(0.500805218199,0.969389347948));
#4324 = CARTESIAN_POINT('',(0.50080405884,0.969411428665));
#4325 = CARTESIAN_POINT('',(0.500802095169,0.969437478108));
#4326 = CARTESIAN_POINT('',(0.500801015473,0.969441629298));
#4327 = CARTESIAN_POINT('',(0.500800598775,0.96943902439));
#4328 = ( GEOMETRIC_REPRESENTATION_CONTEXT(2) 
PARAMETRIC_REPRESENTATION_CONTEXT() REPRESENTATION_CONTEXT('2D SPACE',''
  ) );
#4329 = PCURVE('',#4330,#4393);
#4330 = B_SPLINE_SURFACE_WITH_KNOTS('',3,1,(
    (#4331,#4332)
    ,(#4333,#4334)
    ,(#4335,#4336)
    ,(#4337,#4338)
    ,(#4339,#4340)
    ,(#4341,#4342)
    ,(#4343,#4344)
    ,(#4345,#4346)
    ,(#4347,#4348)
    ,(#4349,#4350)
    ,(#4351,#4352)
    ,(#4353,#4354)
    ,(#4355,#4356)
    ,(#4357,#4358)
    ,(#4359,#4360)
    ,(#4361,#4362)
    ,(#4363,#4364)
    ,(#4365,#4366)
    ,(#4367,#4368)
    ,(#4369,#4370)
    ,(#4371,#4372)
    ,(#4373,#4374)
    ,(#4375,#4376)
    ,(#4377,#4378)
    ,(#4379,#4380)
    ,(#4381,#4382)
    ,(#4383,#4384)
    ,(#4385,#4386)
    ,(#4387,#4388)
    ,(#4389,#4390)
    ,(#4391,#4392
    )),.UNSPECIFIED.,.F.,.F.,.F.,(4,3,3,3,3,3,3,3,3,3,4),(2,2),(
    0.49999999983,0.539155966076,0.598790123101,0.657041729058,
    0.711419549366,0.761626708982,0.809618786851,0.85807412531,
    0.909184636886,0.964069726338,1.),(0.,1.),.UNSPECIFIED.);
#4331 = CARTESIAN_POINT('',(27.670548357586,12.59551558453,
    -6.639007595949));
#4332 = CARTESIAN_POINT('',(27.670548357586,12.59551558453,
    -12.63900759619));
#4333 = CARTESIAN_POINT('',(27.670803993245,12.643101253762,
    -6.620533831813));
#4334 = CARTESIAN_POINT('',(27.670803993245,12.643101253762,
    -12.62053383205));
#4335 = CARTESIAN_POINT('',(27.676680086229,12.690763700216,
    -6.60188458037));
#4336 = CARTESIAN_POINT('',(27.676680086229,12.690763700216,
    -12.60188458061));
#4337 = CARTESIAN_POINT('',(27.688062147745,12.736767377165,
    -6.583743382505));
#4338 = CARTESIAN_POINT('',(27.688062147745,12.736767377165,
    -12.58374338274));
#4339 = CARTESIAN_POINT('',(27.705376761653,12.806749067532,
    -6.556146638591));
#4340 = CARTESIAN_POINT('',(27.705376761653,12.806749067532,
    -12.55614663883));
#4341 = CARTESIAN_POINT('',(27.735977113534,12.874896703006,
    -6.528936538062));
#4342 = CARTESIAN_POINT('',(27.735977113534,12.874896703006,
    -12.5289365383));
#4343 = CARTESIAN_POINT('',(27.777800201166,12.935076092445,
    -6.504686104172));
#4344 = CARTESIAN_POINT('',(27.777800201166,12.935076092445,
    -12.50468610441));
#4345 = CARTESIAN_POINT('',(27.818624169917,12.993817846174,
    -6.481014993038));
#4346 = CARTESIAN_POINT('',(27.818624169917,12.993817846174,
    -12.48101499327));
#4347 = CARTESIAN_POINT('',(27.871471331058,13.046717759171,
    -6.459464528717));
#4348 = CARTESIAN_POINT('',(27.871471331058,13.046717759171,
    -12.45946452895));
#4349 = CARTESIAN_POINT('',(27.932095691212,13.088124663441,
    -6.442503786017));
#4350 = CARTESIAN_POINT('',(27.932095691212,13.088124663441,
    -12.44250378625));
#4351 = CARTESIAN_POINT('',(27.988718381601,13.126798396485,
    -6.426662581587));
#4352 = CARTESIAN_POINT('',(27.988718381601,13.126798396485,
    -12.42666258182));
#4353 = CARTESIAN_POINT('',(28.053918498398,13.156572046327,
    -6.414371944699));
#4354 = CARTESIAN_POINT('',(28.053918498398,13.156572046327,
    -12.41437194494));
#4355 = CARTESIAN_POINT('',(28.121741660896,13.17392941654,
    -6.407197630771));
#4356 = CARTESIAN_POINT('',(28.121741660896,13.17392941654,
    -12.40719763101));
#4357 = CARTESIAN_POINT('',(28.184466337264,13.189981977186,
    -6.400562633188));
#4358 = CARTESIAN_POINT('',(28.184466337264,13.189981977186,
    -12.40056263342));
#4359 = CARTESIAN_POINT('',(28.251264629322,13.195872396467,
    -6.398118053626));
#4360 = CARTESIAN_POINT('',(28.251264629322,13.195872396467,
    -12.39811805386));
#4361 = CARTESIAN_POINT('',(28.316129272072,13.190925192462,
    -6.40016652014));
#4362 = CARTESIAN_POINT('',(28.316129272072,13.190925192462,
    -12.40016652038));
#4363 = CARTESIAN_POINT('',(28.378229090415,13.186188860664,
    -6.402127671748));
#4364 = CARTESIAN_POINT('',(28.378229090415,13.186188860664,
    -12.40212767198));
#4365 = CARTESIAN_POINT('',(28.440244660811,13.171435077552,
    -6.408240205593));
#4366 = CARTESIAN_POINT('',(28.440244660811,13.171435077552,
    -12.40824020583));
#4367 = CARTESIAN_POINT('',(28.497247297685,13.148167605888,
    -6.417831375727));
#4368 = CARTESIAN_POINT('',(28.497247297685,13.148167605888,
    -12.41783137596));
#4369 = CARTESIAN_POINT('',(28.554841407982,13.124658705198,
    -6.427522066208));
#4370 = CARTESIAN_POINT('',(28.554841407982,13.124658705198,
    -12.42752206644));
#4371 = CARTESIAN_POINT('',(28.608821910214,13.09190973737,
    -6.440986188978));
#4372 = CARTESIAN_POINT('',(28.608821910214,13.09190973737,
    -12.44098618921));
#4373 = CARTESIAN_POINT('',(28.655531530147,13.052826531516,
    -6.456935291163));
#4374 = CARTESIAN_POINT('',(28.655531530147,13.052826531516,
    -12.4569352914));
#4375 = CARTESIAN_POINT('',(28.704793749605,13.011607496409,
    -6.473755984054));
#4376 = CARTESIAN_POINT('',(28.704793749605,13.011607496409,
    -12.47375598429));
#4377 = CARTESIAN_POINT('',(28.747241226242,12.962346566354,
    -6.493742734003));
#4378 = CARTESIAN_POINT('',(28.747241226242,12.962346566354,
    -12.49374273424));
#4379 = CARTESIAN_POINT('',(28.780364845415,12.908950323447,
    -6.515199153246));
#4380 = CARTESIAN_POINT('',(28.780364845415,12.908950323447,
    -12.51519915348));
#4381 = CARTESIAN_POINT('',(28.815906503386,12.851656131275,
    -6.538221900549));
#4382 = CARTESIAN_POINT('',(28.815906503386,12.851656131275,
    -12.53822190079));
#4383 = CARTESIAN_POINT('',(28.841644865057,12.788152388712,
    -6.563514353646));
#4384 = CARTESIAN_POINT('',(28.841644865057,12.788152388712,
    -12.56351435388));
#4385 = CARTESIAN_POINT('',(28.856118223758,12.723243344855,
    -6.589072497453));
#4386 = CARTESIAN_POINT('',(28.856118223758,12.723243344855,
    -12.58907249769));
#4387 = CARTESIAN_POINT('',(28.865662050919,12.68044189783,
    -6.605925704236));
#4388 = CARTESIAN_POINT('',(28.865662050919,12.68044189783,
    -12.60592570447));
#4389 = CARTESIAN_POINT('',(28.8705,12.636460165592,-6.623121381336));
#4390 = CARTESIAN_POINT('',(28.8705,12.636460165592,-12.62312138157));
#4391 = CARTESIAN_POINT('',(28.8705,12.592662733729,-6.640117382201));
#4392 = CARTESIAN_POINT('',(28.8705,12.592662733729,-12.64011738244));
#4393 = DEFINITIONAL_REPRESENTATION('',(#4394),#4486);
#4394 = B_SPLINE_CURVE_WITH_KNOTS('',3,(#4395,#4396,#4397,#4398,#4399,
    #4400,#4401,#4402,#4403,#4404,#4405,#4406,#4407,#4408,#4409,#4410,
    #4411,#4412,#4413,#4414,#4415,#4416,#4417,#4418,#4419,#4420,#4421,
    #4422,#4423,#4424,#4425,#4426,#4427,#4428,#4429,#4430,#4431,#4432,
    #4433,#4434,#4435,#4436,#4437,#4438,#4439,#4440,#4441,#4442,#4443,
    #4444,#4445,#4446,#4447,#4448,#4449,#4450,#4451,#4452,#4453,#4454,
    #4455,#4456,#4457,#4458,#4459,#4460,#4461,#4462,#4463,#4464,#4465,
    #4466,#4467,#4468,#4469,#4470,#4471,#4472,#4473,#4474,#4475,#4476,
    #4477,#4478,#4479,#4480,#4481,#4482,#4483,#4484,#4485),
  .UNSPECIFIED.,.F.,.F.,(4,1,1,1,1,1,1,1,1,1,1,1,1,1,1,1,1,1,1,1,1,1,1,1
    ,1,1,1,1,1,1,1,1,1,1,1,1,1,1,1,1,1,1,1,1,1,1,1,1,1,1,1,1,1,1,1,1,1,1
    ,1,1,1,1,1,1,1,1,1,1,1,1,1,1,1,1,1,1,1,1,1,1,1,1,1,1,1,1,1,1,4),(0.5
    ,0.505681818182,0.511363636364,0.517045454545,0.522727272727,
    0.528409090909,0.534090909091,0.539772727273,0.545454545455,
    0.551136363636,0.556818181818,0.5625,0.568181818182,0.573863636364,
    0.579545454545,0.585227272727,0.590909090909,0.596590909091,
    0.602272727273,0.607954545455,0.613636363636,0.619318181818,0.625,
    0.630681818182,0.636363636364,0.642045454545,0.647727272727,
    0.653409090909,0.659090909091,0.664772727273,0.670454545455,
    0.676136363636,0.681818181818,0.6875,0.693181818182,0.698863636364,
    0.704545454545,0.710227272727,0.715909090909,0.721590909091,
    0.727272727273,0.732954545455,0.738636363636,0.744318181818,0.75,
    0.755681818182,0.761363636364,0.767045454545,0.772727272727,
    0.778409090909,0.784090909091,0.789772727273,0.795454545455,
    0.801136363636,0.806818181818,0.8125,0.818181818182,0.823863636364,
    0.829545454545,0.835227272727,0.840909090909,0.846590909091,
    0.852272727273,0.857954545455,0.863636363636,0.869318181818,0.875,
    0.880681818182,0.886363636364,0.892045454545,0.897727272727,
    0.903409090909,0.909090909091,0.914772727273,0.920454545455,
    0.926136363636,0.931818181818,0.9375,0.943181818182,0.948863636364,
    0.954545454545,0.960227272727,0.965909090909,0.971590909091,
    0.977272727273,0.982954545455,0.988636363636,0.994318181818,1.),
  .QUASI_UNIFORM_KNOTS.);
#4395 = CARTESIAN_POINT('',(0.500000117193,2.111560092659E-07));
#4396 = CARTESIAN_POINT('',(0.501585684014,1.021917138681E-07));
#4397 = CARTESIAN_POINT('',(0.505005696112,-1.188346683048E-07));
#4398 = CARTESIAN_POINT('',(0.510658573766,-2.208546148879E-07));
#4399 = CARTESIAN_POINT('',(0.516614291317,7.464047915565E-07));
#4400 = CARTESIAN_POINT('',(0.522639682278,1.519389737978E-06));
#4401 = CARTESIAN_POINT('',(0.528533183736,9.110900734741E-07));
#4402 = CARTESIAN_POINT('',(0.533973442358,-6.493363047258E-07));
#4403 = CARTESIAN_POINT('',(0.539605983395,-5.907405729406E-07));
#4404 = CARTESIAN_POINT('',(0.545323373157,1.838933661361E-07));
#4405 = CARTESIAN_POINT('',(0.551072282025,1.045419370648E-06));
#4406 = CARTESIAN_POINT('',(0.556818442953,1.339103114152E-06));
#4407 = CARTESIAN_POINT('',(0.562509066393,5.397896754242E-07));
#4408 = CARTESIAN_POINT('',(0.568146723136,-8.00423410438E-07));
#4409 = CARTESIAN_POINT('',(0.573781892561,-1.898932152484E-06));
#4410 = CARTESIAN_POINT('',(0.579411901974,-1.603847979224E-06));
#4411 = CARTESIAN_POINT('',(0.585046848965,-1.685675930218E-06));
#4412 = CARTESIAN_POINT('',(0.590694746902,-1.653448299501E-06));
#4413 = CARTESIAN_POINT('',(0.596362345931,-1.700530871374E-06));
#4414 = CARTESIAN_POINT('',(0.602064139554,-3.984234044864E-07));
#4415 = CARTESIAN_POINT('',(0.607766384739,2.402259793559E-07));
#4416 = CARTESIAN_POINT('',(0.613483575968,8.093462782998E-07));
#4417 = CARTESIAN_POINT('',(0.619219584544,9.685284168487E-07));
#4418 = CARTESIAN_POINT('',(0.625001802661,5.484301713431E-07));
#4419 = CARTESIAN_POINT('',(0.630773768249,-1.849496045971E-06));
#4420 = CARTESIAN_POINT('',(0.636485300981,-1.617708461775E-06));
#4421 = CARTESIAN_POINT('',(0.642165998405,-1.679670106528E-06));
#4422 = CARTESIAN_POINT('',(0.647825190683,-1.663611111713E-06));
#4423 = CARTESIAN_POINT('',(0.653476024693,-1.66588544622E-06));
#4424 = CARTESIAN_POINT('',(0.659137084083,-1.672847103005E-06));
#4425 = CARTESIAN_POINT('',(0.66477924266,-1.642726141356E-06));
#4426 = CARTESIAN_POINT('',(0.670420632792,-1.756248331168E-06));
#4427 = CARTESIAN_POINT('',(0.676077072669,-1.332280533572E-06));
#4428 = CARTESIAN_POINT('',(0.681759329777,3.70278527968E-07));
#4429 = CARTESIAN_POINT('',(0.687498899125,2.172575762868E-07));
#4430 = CARTESIAN_POINT('',(0.693244950229,-1.741684617922E-06));
#4431 = CARTESIAN_POINT('',(0.698945983812,-1.646317307973E-06));
#4432 = CARTESIAN_POINT('',(0.704629643659,-1.673046149784E-06));
#4433 = CARTESIAN_POINT('',(0.710310001586,-1.661498092489E-06));
#4434 = CARTESIAN_POINT('',(0.715975903172,-1.680961479858E-06));
#4435 = CARTESIAN_POINT('',(0.721612489177,-1.614655987677E-06));
#4436 = CARTESIAN_POINT('',(0.727293303732,-1.860414569033E-06));
#4437 = CARTESIAN_POINT('',(0.732990011439,-9.436857357892E-07));
#4438 = CARTESIAN_POINT('',(0.738686749943,9.603137785611E-07));
#4439 = CARTESIAN_POINT('',(0.744368751185,1.178209063569E-06));
#4440 = CARTESIAN_POINT('',(0.75000108037,-5.236957006187E-07));
#4441 = CARTESIAN_POINT('',(0.755626927136,3.428410911077E-07));
#4442 = CARTESIAN_POINT('',(0.761320459377,4.397132008449E-06));
#4443 = CARTESIAN_POINT('',(0.767025134231,7.528049321639E-06));
#4444 = CARTESIAN_POINT('',(0.772732304634,9.785157714403E-06));
#4445 = CARTESIAN_POINT('',(0.778440668293,1.087903924741E-05));
#4446 = CARTESIAN_POINT('',(0.784146236348,1.078757095794E-05));
#4447 = CARTESIAN_POINT('',(0.789845604179,9.585502895802E-06));
#4448 = CARTESIAN_POINT('',(0.795535473247,7.491793709856E-06));
#4449 = CARTESIAN_POINT('',(0.801211306488,4.818436238992E-06));
#4450 = CARTESIAN_POINT('',(0.806873199537,2.093028163426E-06));
#4451 = CARTESIAN_POINT('',(0.812503779873,-4.198030504276E-07));
#4452 = CARTESIAN_POINT('',(0.818111681788,-4.168917615759E-07));
#4453 = CARTESIAN_POINT('',(0.823754916182,1.409291428351E-06));
#4454 = CARTESIAN_POINT('',(0.829415526781,4.072585112711E-06));
#4455 = CARTESIAN_POINT('',(0.835095632284,6.842304431813E-06));
#4456 = CARTESIAN_POINT('',(0.840791596193,9.095739178516E-06));
#4457 = CARTESIAN_POINT('',(0.846501476649,1.034942602259E-05));
#4458 = CARTESIAN_POINT('',(0.852221156742,1.026707767475E-05));
#4459 = CARTESIAN_POINT('',(0.857952411165,8.580034309815E-06));
#4460 = CARTESIAN_POINT('',(0.863674496357,5.380442630831E-06));
#4461 = CARTESIAN_POINT('',(0.869359396546,1.982097984841E-06));
#4462 = CARTESIAN_POINT('',(0.875005218057,-2.141957287376E-08));
#4463 = CARTESIAN_POINT('',(0.880619406733,-1.141141887434E-06));
#4464 = CARTESIAN_POINT('',(0.88622495947,-1.818060835184E-06));
#4465 = CARTESIAN_POINT('',(0.89182824437,-1.586614771428E-06));
#4466 = CARTESIAN_POINT('',(0.897441078959,-1.835480078702E-06));
#4467 = CARTESIAN_POINT('',(0.903072853569,-1.071464913364E-06));
#4468 = CARTESIAN_POINT('',(0.908734496147,-3.0563499763E-08));
#4469 = CARTESIAN_POINT('',(0.914436443881,7.3583521349E-07));
#4470 = CARTESIAN_POINT('',(0.920137223201,1.164335296593E-06));
#4471 = CARTESIAN_POINT('',(0.925920805195,1.937033346538E-06));
#4472 = CARTESIAN_POINT('',(0.93187058962,1.973118375899E-06));
#4473 = CARTESIAN_POINT('',(0.937533954044,1.273033492446E-07));
#4474 = CARTESIAN_POINT('',(0.942992429019,-2.848228504238E-07));
#4475 = CARTESIAN_POINT('',(0.948576188335,2.573252312859E-07));
#4476 = CARTESIAN_POINT('',(0.954265170103,9.433942733629E-07));
#4477 = CARTESIAN_POINT('',(0.959868722372,1.169810578359E-06));
#4478 = CARTESIAN_POINT('',(0.966227487577,7.809483674809E-07));
#4479 = CARTESIAN_POINT('',(0.971253081855,-6.061095441365E-07));
#4480 = CARTESIAN_POINT('',(0.976542444512,6.290299473341E-07));
#4481 = CARTESIAN_POINT('',(0.983259286895,2.054618303796E-07));
#4482 = CARTESIAN_POINT('',(0.987466526642,2.979156939641E-07));
#4483 = CARTESIAN_POINT('',(0.994582046389,-1.910450907236E-07));
#4484 = CARTESIAN_POINT('',(0.99849125532,-1.732159004717E-07));
#4485 = CARTESIAN_POINT('',(1.,0.));
#4486 = ( GEOMETRIC_REPRESENTATION_CONTEXT(2) 
PARAMETRIC_REPRESENTATION_CONTEXT() REPRESENTATION_CONTEXT('2D SPACE',''
  ) );
#4487 = ORIENTED_EDGE('',*,*,#4488,.F.);
#4488 = EDGE_CURVE('',#4190,#4188,#4489,.T.);
#4489 = SURFACE_CURVE('',#4490,(#4541,#4658),.PCURVE_S1.);
#4490 = B_SPLINE_CURVE_WITH_KNOTS('',3,(#4491,#4492,#4493,#4494,#4495,
    #4496,#4497,#4498,#4499,#4500,#4501,#4502,#4503,#4504,#4505,#4506,
    #4507,#4508,#4509,#4510,#4511,#4512,#4513,#4514,#4515,#4516,#4517,
    #4518,#4519,#4520,#4521,#4522,#4523,#4524,#4525,#4526,#4527,#4528,
    #4529,#4530,#4531,#4532,#4533,#4534,#4535,#4536,#4537,#4538,#4539,
    #4540),.UNSPECIFIED.,.F.,.F.,(4,2,2,1,2,2,2,2,2,2,2,2,2,2,2,2,2,2,1,
    2,2,1,2,2,1,2,4),(0.,3.906250000001E-03,7.812500000002E-03,
    1.171875E-02,1.3671875E-02,1.5625E-02,2.34375E-02,3.125E-02,6.25E-02
    ,0.125,0.1875,0.25,0.28125,0.3125,0.375,0.40625,0.421875,0.4375,
    0.453125,0.4609375,0.46875,0.4765625,0.48046875,0.484375,0.4921875,
    0.49609375,0.5),.UNSPECIFIED.);
#4491 = CARTESIAN_POINT('',(28.8705,12.592662733731,-6.640117382443));
#4492 = CARTESIAN_POINT('',(28.870441585002,12.587667137809,
    -6.642055969915));
#4493 = CARTESIAN_POINT('',(28.870355530612,12.582807501512,
    -6.643940164488));
#4494 = CARTESIAN_POINT('',(28.870128143047,12.573360095548,
    -6.647600306684));
#4495 = CARTESIAN_POINT('',(28.869933302759,12.567362592652,
    -6.649921570348));
#4496 = CARTESIAN_POINT('',(28.869702371853,12.561278336715,
    -6.652275095295));
#4497 = CARTESIAN_POINT('',(28.869360742871,12.555449631342,
    -6.654528928424));
#4498 = CARTESIAN_POINT('',(28.868766467686,12.547722950947,
    -6.657512774313));
#4499 = CARTESIAN_POINT('',(28.868314140629,12.542150104559,
    -6.659663757933));
#4500 = CARTESIAN_POINT('',(28.867959617191,12.538013148233,
    -6.661259569566));
#4501 = CARTESIAN_POINT('',(28.86704952209,12.527670869203,
    -6.665247377192));
#4502 = CARTESIAN_POINT('',(28.866009049557,12.518824340247,
    -6.668653985692));
#4503 = CARTESIAN_POINT('',(28.863303311586,12.499986275468,
    -6.675895785094));
#4504 = CARTESIAN_POINT('',(28.861369253708,12.488558967193,
    -6.680281040325));
#4505 = CARTESIAN_POINT('',(28.852824906456,12.442918775743,
    -6.697766431304));
#4506 = CARTESIAN_POINT('',(28.841483875079,12.40475710815,
    -6.712291660733));
#4507 = CARTESIAN_POINT('',(28.799641672924,12.299637716213,
    -6.752059904464));
#4508 = CARTESIAN_POINT('',(28.756284405237,12.231962410742,
    -6.777316501309));
#4509 = CARTESIAN_POINT('',(28.647435017267,12.119321511067,
    -6.818972114918));
#4510 = CARTESIAN_POINT('',(28.58204445922,12.073399972377,
    -6.83574775338));
#4511 = CARTESIAN_POINT('',(28.431096000865,12.008811056459,
    -6.859251625995));
#4512 = CARTESIAN_POINT('',(28.351575229449,11.99268873696,
    -6.865066988418));
#4513 = CARTESIAN_POINT('',(28.228814107819,11.992746573397,
    -6.865046064822));
#4514 = CARTESIAN_POINT('',(28.188611726006,11.996843036909,
    -6.86356517654));
#4515 = CARTESIAN_POINT('',(28.109642946509,12.01319167253,
    -6.857641861417));
#4516 = CARTESIAN_POINT('',(28.069277129277,12.026130385004,
    -6.852949582673));
#4517 = CARTESIAN_POINT('',(27.959930171059,12.073066850603,
    -6.835868044171));
#4518 = CARTESIAN_POINT('',(27.890997240611,12.1217115132,
    -6.818091926595));
#4519 = CARTESIAN_POINT('',(27.810972525296,12.20489195734,
    -6.787325493146));
#4520 = CARTESIAN_POINT('',(27.785743937082,12.237251413235,
    -6.775299742586));
#4521 = CARTESIAN_POINT('',(27.754899497786,12.28523306042,
    -6.75735873585));
#4522 = CARTESIAN_POINT('',(27.745371299646,12.301801956394,
    -6.751146598199));
#4523 = CARTESIAN_POINT('',(27.727821466617,12.336090535169,
    -6.73825094116));
#4524 = CARTESIAN_POINT('',(27.719350260599,12.354941852653,
    -6.731139189081));
#4525 = CARTESIAN_POINT('',(27.705712696332,12.389269547948,
    -6.718148918005));
#4526 = CARTESIAN_POINT('',(27.696626727001,12.415919096748,
    -6.708035230125));
#4527 = CARTESIAN_POINT('',(27.689254063475,12.443925271043,
    -6.697355241692));
#4528 = CARTESIAN_POINT('',(27.684719689081,12.462897639607,
    -6.690108244169));
#4529 = CARTESIAN_POINT('',(27.682335091599,12.474131515273,
    -6.68580924993));
#4530 = CARTESIAN_POINT('',(27.679177741644,12.490513371931,
    -6.679531062869));
#4531 = CARTESIAN_POINT('',(27.677016002995,12.503703060494,
    -6.674469681083));
#4532 = CARTESIAN_POINT('',(27.675163675071,12.518248168779,
    -6.66887431736));
#4533 = CARTESIAN_POINT('',(27.673997547727,12.528246171643,
    -6.665024801826));
#4534 = CARTESIAN_POINT('',(27.673297506854,12.534955640522,
    -6.662438776928));
#4535 = CARTESIAN_POINT('',(27.672208658167,12.546177020534,
    -6.658110654423));
#4536 = CARTESIAN_POINT('',(27.671365958861,12.558889907027,
    -6.653201850725));
#4537 = CARTESIAN_POINT('',(27.670892483626,12.573840810625,
    -6.64741427122));
#4538 = CARTESIAN_POINT('',(27.670658883262,12.58430551945,
    -6.643359550583));
#4539 = CARTESIAN_POINT('',(27.670572466152,12.591541279307,
    -6.640552890631));
#4540 = CARTESIAN_POINT('',(27.670548357589,12.595516012431,
    -6.639008696769));
#4541 = PCURVE('',#245,#4542);
#4542 = DEFINITIONAL_REPRESENTATION('',(#4543),#4657);
#4543 = B_SPLINE_CURVE_WITH_KNOTS('',3,(#4544,#4545,#4546,#4547,#4548,
    #4549,#4550,#4551,#4552,#4553,#4554,#4555,#4556,#4557,#4558,#4559,
    #4560,#4561,#4562,#4563,#4564,#4565,#4566,#4567,#4568,#4569,#4570,
    #4571,#4572,#4573,#4574,#4575,#4576,#4577,#4578,#4579,#4580,#4581,
    #4582,#4583,#4584,#4585,#4586,#4587,#4588,#4589,#4590,#4591,#4592,
    #4593,#4594,#4595,#4596,#4597,#4598,#4599,#4600,#4601,#4602,#4603,
    #4604,#4605,#4606,#4607,#4608,#4609,#4610,#4611,#4612,#4613,#4614,
    #4615,#4616,#4617,#4618,#4619,#4620,#4621,#4622,#4623,#4624,#4625,
    #4626,#4627,#4628,#4629,#4630,#4631,#4632,#4633,#4634,#4635,#4636,
    #4637,#4638,#4639,#4640,#4641,#4642,#4643,#4644,#4645,#4646,#4647,
    #4648,#4649,#4650,#4651,#4652,#4653,#4654,#4655,#4656),
  .UNSPECIFIED.,.F.,.F.,(4,1,1,1,1,1,1,1,1,1,1,1,1,1,1,1,1,1,1,1,1,1,1,1
    ,1,1,1,1,1,1,1,1,1,1,1,1,1,1,1,1,1,1,1,1,1,1,1,1,1,1,1,1,1,1,1,1,1,1
    ,1,1,1,1,1,1,1,1,1,1,1,1,1,1,1,1,1,1,1,1,1,1,1,1,1,1,1,1,1,1,1,1,1,1
    ,1,1,1,1,1,1,1,1,1,1,1,1,1,1,1,1,1,1,4),(0.,4.545454545455E-03,
    9.090909090909E-03,1.363636363636E-02,1.818181818182E-02,
    2.272727272727E-02,2.727272727273E-02,3.181818181818E-02,
    3.636363636364E-02,4.090909090909E-02,4.545454545455E-02,5.E-02,
    5.454545454545E-02,5.909090909091E-02,6.363636363636E-02,
    6.818181818182E-02,7.272727272727E-02,7.727272727273E-02,
    8.181818181818E-02,8.636363636364E-02,9.090909090909E-02,
    9.545454545455E-02,1.E-01,0.104545454545,0.109090909091,
    0.113636363636,0.118181818182,0.122727272727,0.127272727273,
    0.131818181818,0.136363636364,0.140909090909,0.145454545455,0.15,
    0.154545454545,0.159090909091,0.163636363636,0.168181818182,
    0.172727272727,0.177272727273,0.181818181818,0.186363636364,
    0.190909090909,0.195454545455,0.2,0.204545454545,0.209090909091,
    0.213636363636,0.218181818182,0.222727272727,0.227272727273,
    0.231818181818,0.236363636364,0.240909090909,0.245454545455,0.25,
    0.254545454545,0.259090909091,0.263636363636,0.268181818182,
    0.272727272727,0.277272727273,0.281818181818,0.286363636364,
    0.290909090909,0.295454545455,0.3,0.304545454545,0.309090909091,
    0.313636363636,0.318181818182,0.322727272727,0.327272727273,
    0.331818181818,0.336363636364,0.340909090909,0.345454545455,0.35,
    0.354545454545,0.359090909091,0.363636363636,0.368181818182,
    0.372727272727,0.377272727273,0.381818181818,0.386363636364,
    0.390909090909,0.395454545455,0.4,0.404545454545,0.409090909091,
    0.413636363636,0.418181818182,0.422727272727,0.427272727273,
    0.431818181818,0.436363636364,0.440909090909,0.445454545455,0.45,
    0.454545454545,0.459090909091,0.463636363636,0.468181818182,
    0.472727272727,0.477272727273,0.481818181818,0.486363636364,
    0.490909090909,0.495454545455,0.5),.QUASI_UNIFORM_KNOTS.);
#4544 = CARTESIAN_POINT('',(0.500800598775,0.96943902439));
#4545 = CARTESIAN_POINT('',(0.500800110597,0.96943706726));
#4546 = CARTESIAN_POINT('',(0.500799285046,0.969434234058));
#4547 = CARTESIAN_POINT('',(0.500798238195,0.969427527059));
#4548 = CARTESIAN_POINT('',(0.500797042787,0.969408671446));
#4549 = CARTESIAN_POINT('',(0.500795635608,0.969381944475));
#4550 = CARTESIAN_POINT('',(0.500794554571,0.969352563324));
#4551 = CARTESIAN_POINT('',(0.500793183674,0.969307060714));
#4552 = CARTESIAN_POINT('',(0.50079187936,0.969257143759));
#4553 = CARTESIAN_POINT('',(0.50079069531,0.969204177237));
#4554 = CARTESIAN_POINT('',(0.500789466586,0.96914089597));
#4555 = CARTESIAN_POINT('',(0.500788245829,0.969069972602));
#4556 = CARTESIAN_POINT('',(0.50078702726,0.96899140292));
#4557 = CARTESIAN_POINT('',(0.500785821257,0.968905952316));
#4558 = CARTESIAN_POINT('',(0.500784632036,0.968813984618));
#4559 = CARTESIAN_POINT('',(0.500783472345,0.968716700305));
#4560 = CARTESIAN_POINT('',(0.500782322406,0.968611861133));
#4561 = CARTESIAN_POINT('',(0.500781179135,0.968499146515));
#4562 = CARTESIAN_POINT('',(0.500780045331,0.968378851489));
#4563 = CARTESIAN_POINT('',(0.50077892222,0.968251106139));
#4564 = CARTESIAN_POINT('',(0.500777811451,0.968116084747));
#4565 = CARTESIAN_POINT('',(0.500776714561,0.967973949751));
#4566 = CARTESIAN_POINT('',(0.500775633121,0.967824866764));
#4567 = CARTESIAN_POINT('',(0.500774568693,0.967669000551));
#4568 = CARTESIAN_POINT('',(0.500773522843,0.967506516091));
#4569 = CARTESIAN_POINT('',(0.500772497141,0.967337578351));
#4570 = CARTESIAN_POINT('',(0.500771493149,0.967162352137));
#4571 = CARTESIAN_POINT('',(0.500770512463,0.966981002906));
#4572 = CARTESIAN_POINT('',(0.500769556555,0.966793693679));
#4573 = CARTESIAN_POINT('',(0.500768627368,0.966600596565));
#4574 = CARTESIAN_POINT('',(0.500767723235,0.966401872587));
#4575 = CARTESIAN_POINT('',(0.500766844893,0.966197535527));
#4576 = CARTESIAN_POINT('',(0.500765992865,0.965987623671));
#4577 = CARTESIAN_POINT('',(0.50076516773,0.965772168741));
#4578 = CARTESIAN_POINT('',(0.500764370054,0.965551204211));
#4579 = CARTESIAN_POINT('',(0.500763600405,0.965324763105));
#4580 = CARTESIAN_POINT('',(0.50076285935,0.965092878505));
#4581 = CARTESIAN_POINT('',(0.500762147458,0.964855583707));
#4582 = CARTESIAN_POINT('',(0.500761465294,0.964612911087));
#4583 = CARTESIAN_POINT('',(0.500760813431,0.964364896498));
#4584 = CARTESIAN_POINT('',(0.500760192415,0.9641115628));
#4585 = CARTESIAN_POINT('',(0.500759602891,0.963852981342));
#4586 = CARTESIAN_POINT('',(0.500759045129,0.963589042518));
#4587 = CARTESIAN_POINT('',(0.500758520798,0.963320312053));
#4588 = CARTESIAN_POINT('',(0.500758036407,0.963050105752));
#4589 = CARTESIAN_POINT('',(0.500757590528,0.96277777369));
#4590 = CARTESIAN_POINT('',(0.50075718355,0.962503572171));
#4591 = CARTESIAN_POINT('',(0.500756815374,0.96222751468));
#4592 = CARTESIAN_POINT('',(0.500756486031,0.961949679752));
#4593 = CARTESIAN_POINT('',(0.500756195515,0.961670128543));
#4594 = CARTESIAN_POINT('',(0.500755943828,0.961388926669));
#4595 = CARTESIAN_POINT('',(0.500755730969,0.961106139291));
#4596 = CARTESIAN_POINT('',(0.500755556937,0.960821828929));
#4597 = CARTESIAN_POINT('',(0.500755421729,0.960536069117));
#4598 = CARTESIAN_POINT('',(0.500755325338,0.960248891977));
#4599 = CARTESIAN_POINT('',(0.500755267775,0.959960484271));
#4600 = CARTESIAN_POINT('',(0.500755248973,0.959670455607));
#4601 = CARTESIAN_POINT('',(0.500755269154,0.959380569566));
#4602 = CARTESIAN_POINT('',(0.500755328556,0.959092523717));
#4603 = CARTESIAN_POINT('',(0.500755427111,0.958805866525));
#4604 = CARTESIAN_POINT('',(0.500755564864,0.958520706555));
#4605 = CARTESIAN_POINT('',(0.50075574171,0.958237061085));
#4606 = CARTESIAN_POINT('',(0.500755958023,0.957954752437));
#4607 = CARTESIAN_POINT('',(0.500756212409,0.957674474046));
#4608 = CARTESIAN_POINT('',(0.500756510358,0.957393477913));
#4609 = CARTESIAN_POINT('',(0.500756851333,0.95711203471));
#4610 = CARTESIAN_POINT('',(0.500757231812,0.956831905413));
#4611 = CARTESIAN_POINT('',(0.500757649155,0.956554419012));
#4612 = CARTESIAN_POINT('',(0.500758100176,0.956281142139));
#4613 = CARTESIAN_POINT('',(0.500758582991,0.956013122838));
#4614 = CARTESIAN_POINT('',(0.500759091059,0.955753245869));
#4615 = CARTESIAN_POINT('',(0.500759638122,0.955496419763));
#4616 = CARTESIAN_POINT('',(0.500760225128,0.95524194471));
#4617 = CARTESIAN_POINT('',(0.500760849482,0.954990561068));
#4618 = CARTESIAN_POINT('',(0.500761509535,0.954742623306));
#4619 = CARTESIAN_POINT('',(0.500762203388,0.954498589287));
#4620 = CARTESIAN_POINT('',(0.500762929208,0.954258889186));
#4621 = CARTESIAN_POINT('',(0.500763685145,0.954023960535));
#4622 = CARTESIAN_POINT('',(0.500764469354,0.953794239127));
#4623 = CARTESIAN_POINT('',(0.500765279994,0.953570160354));
#4624 = CARTESIAN_POINT('',(0.500766115206,0.953352162951));
#4625 = CARTESIAN_POINT('',(0.500766973202,0.953140672681));
#4626 = CARTESIAN_POINT('',(0.500767851942,0.952936163849));
#4627 = CARTESIAN_POINT('',(0.500768750321,0.952738929572));
#4628 = CARTESIAN_POINT('',(0.500769663757,0.952549939169));
#4629 = CARTESIAN_POINT('',(0.500770621112,0.952363912708));
#4630 = CARTESIAN_POINT('',(0.500771611597,0.95218245656));
#4631 = CARTESIAN_POINT('',(0.500772629225,0.952006366157));
#4632 = CARTESIAN_POINT('',(0.50077366674,0.951836652658));
#4633 = CARTESIAN_POINT('',(0.500774717197,0.951674275252));
#4634 = CARTESIAN_POINT('',(0.500775773713,0.951520185283));
#4635 = CARTESIAN_POINT('',(0.500776828893,0.951375417438));
#4636 = CARTESIAN_POINT('',(0.500777909087,0.951236447727));
#4637 = CARTESIAN_POINT('',(0.500779012148,0.951103667736));
#4638 = CARTESIAN_POINT('',(0.500780130756,0.950977647101));
#4639 = CARTESIAN_POINT('',(0.500781300668,0.950855345556));
#4640 = CARTESIAN_POINT('',(0.500782493469,0.950739186711));
#4641 = CARTESIAN_POINT('',(0.500783665893,0.950632864199));
#4642 = CARTESIAN_POINT('',(0.500784792078,0.950538616416));
#4643 = CARTESIAN_POINT('',(0.500785955814,0.950449452672));
#4644 = CARTESIAN_POINT('',(0.500787137951,0.950366928658));
#4645 = CARTESIAN_POINT('',(0.500788347169,0.950290483651));
#4646 = CARTESIAN_POINT('',(0.500789567899,0.950220804858));
#4647 = CARTESIAN_POINT('',(0.500790853738,0.950155704168));
#4648 = CARTESIAN_POINT('',(0.500792175484,0.950096210328));
#4649 = CARTESIAN_POINT('',(0.500793223243,0.950055872844));
#4650 = CARTESIAN_POINT('',(0.500794421417,0.950017105207));
#4651 = CARTESIAN_POINT('',(0.500795820335,0.949981151183));
#4652 = CARTESIAN_POINT('',(0.500796985253,0.949956161782));
#4653 = CARTESIAN_POINT('',(0.500798063358,0.949941726764));
#4654 = CARTESIAN_POINT('',(0.500799358289,0.949931328762));
#4655 = CARTESIAN_POINT('',(0.500800310919,0.94992827308));
#4656 = CARTESIAN_POINT('',(0.50080081417,0.949927615571));
#4657 = ( GEOMETRIC_REPRESENTATION_CONTEXT(2) 
PARAMETRIC_REPRESENTATION_CONTEXT() REPRESENTATION_CONTEXT('2D SPACE',''
  ) );
#4658 = PCURVE('',#4659,#4722);
#4659 = B_SPLINE_SURFACE_WITH_KNOTS('',3,1,(
    (#4660,#4661)
    ,(#4662,#4663)
    ,(#4664,#4665)
    ,(#4666,#4667)
    ,(#4668,#4669)
    ,(#4670,#4671)
    ,(#4672,#4673)
    ,(#4674,#4675)
    ,(#4676,#4677)
    ,(#4678,#4679)
    ,(#4680,#4681)
    ,(#4682,#4683)
    ,(#4684,#4685)
    ,(#4686,#4687)
    ,(#4688,#4689)
    ,(#4690,#4691)
    ,(#4692,#4693)
    ,(#4694,#4695)
    ,(#4696,#4697)
    ,(#4698,#4699)
    ,(#4700,#4701)
    ,(#4702,#4703)
    ,(#4704,#4705)
    ,(#4706,#4707)
    ,(#4708,#4709)
    ,(#4710,#4711)
    ,(#4712,#4713)
    ,(#4714,#4715)
    ,(#4716,#4717)
    ,(#4718,#4719)
    ,(#4720,#4721
    )),.UNSPECIFIED.,.F.,.F.,.F.,(4,3,3,3,3,3,3,3,3,3,4),(2,2),(0.,
    5.845471272786E-02,0.117049964215,0.17329240145,0.22584421651,
    0.275585100244,0.324303679808,0.373867113688,0.425793628866,
    0.480951015692,0.5),(0.,1.),.UNSPECIFIED.);
#4660 = CARTESIAN_POINT('',(28.8705,12.592662733729,-6.640117382201));
#4661 = CARTESIAN_POINT('',(28.8705,12.592662733729,-12.64011738244));
#4662 = CARTESIAN_POINT('',(28.8705,12.52208716437,-6.667504888429));
#4663 = CARTESIAN_POINT('',(28.8705,12.52208716437,-12.66750488867));
#4664 = CARTESIAN_POINT('',(28.857740925843,12.450405380153,
    -6.694977596942));
#4665 = CARTESIAN_POINT('',(28.857740925843,12.450405380153,
    -12.69497759718));
#4666 = CARTESIAN_POINT('',(28.832877165555,12.383540942268,
    -6.720313872483));
#4667 = CARTESIAN_POINT('',(28.832877165555,12.383540942268,
    -12.72031387272));
#4668 = CARTESIAN_POINT('',(28.807979763755,12.316586034526,
    -6.745684428865));
#4669 = CARTESIAN_POINT('',(28.807979763755,12.316586034526,
    -12.7456844291));
#4670 = CARTESIAN_POINT('',(28.770144631472,12.252535389114,
    -6.769644962454));
#4671 = CARTESIAN_POINT('',(28.770144631472,12.252535389114,
    -12.76964496269));
#4672 = CARTESIAN_POINT('',(28.722065876697,12.197582667154,
    -6.790019876118));
#4673 = CARTESIAN_POINT('',(28.722065876697,12.197582667154,
    -12.79001987635));
#4674 = CARTESIAN_POINT('',(28.675923861265,12.144843586106,
    -6.809574034396));
#4675 = CARTESIAN_POINT('',(28.675923861265,12.144843586106,
    -12.80957403463));
#4676 = CARTESIAN_POINT('',(28.618888058049,12.098938250612,
    -6.826406414989));
#4677 = CARTESIAN_POINT('',(28.618888058049,12.098938250612,
    -12.82640641523));
#4678 = CARTESIAN_POINT('',(28.555831571939,12.064850367398,
    -6.838846557326));
#4679 = CARTESIAN_POINT('',(28.555831571939,12.064850367398,
    -12.83884655756));
#4680 = CARTESIAN_POINT('',(28.496852146178,12.032966513707,
    -6.850482354001));
#4681 = CARTESIAN_POINT('',(28.496852146178,12.032966513707,
    -12.85048235424));
#4682 = CARTESIAN_POINT('',(28.43083763165,12.010504869192,
    -6.858617111999));
#4683 = CARTESIAN_POINT('',(28.43083763165,12.010504869192,
    -12.85861711224));
#4684 = CARTESIAN_POINT('',(28.363722004352,11.999948925972,
    -6.862439308837));
#4685 = CARTESIAN_POINT('',(28.363722004352,11.999948925972,
    -12.86243930907));
#4686 = CARTESIAN_POINT('',(28.300113996311,11.989944660971,
    -6.866061748752));
#4687 = CARTESIAN_POINT('',(28.300113996311,11.989944660971,
    -12.86606174899));
#4688 = CARTESIAN_POINT('',(28.233719711218,11.9903412044,
    -6.865918678704));
#4689 = CARTESIAN_POINT('',(28.233719711218,11.9903412044,
    -12.86591867894));
#4690 = CARTESIAN_POINT('',(28.170250601129,12.001096965595,
    -6.862023586696));
#4691 = CARTESIAN_POINT('',(28.170250601129,12.001096965595,
    -12.86202358693));
#4692 = CARTESIAN_POINT('',(28.10802714172,12.011641633217,
    -6.858204940127));
#4693 = CARTESIAN_POINT('',(28.10802714172,12.011641633217,
    -12.85820494036));
#4694 = CARTESIAN_POINT('',(28.046936659331,12.032390173104,
    -6.850687964037));
#4695 = CARTESIAN_POINT('',(28.046936659331,12.032390173104,
    -12.85068796427));
#4696 = CARTESIAN_POINT('',(27.991736113578,12.061352376569,
    -6.84012285653));
#4697 = CARTESIAN_POINT('',(27.991736113578,12.061352376569,
    -12.84012285677));
#4698 = CARTESIAN_POINT('',(27.935556697096,12.090828166499,
    -6.829370398077));
#4699 = CARTESIAN_POINT('',(27.935556697096,12.090828166499,
    -12.82937039831));
#4700 = CARTESIAN_POINT('',(27.884003583647,12.129532557251,
    -6.81519290799));
#4701 = CARTESIAN_POINT('',(27.884003583647,12.129532557251,
    -12.81519290823));
#4702 = CARTESIAN_POINT('',(27.840611336747,12.174098835131,
    -6.798714917342));
#4703 = CARTESIAN_POINT('',(27.840611336747,12.174098835131,
    -12.79871491758));
#4704 = CARTESIAN_POINT('',(27.795157370522,12.220782614705,
    -6.781453999001));
#4705 = CARTESIAN_POINT('',(27.795157370522,12.220782614705,
    -12.78145399924));
#4706 = CARTESIAN_POINT('',(27.757471387848,12.275053577092,
    -6.761236707503));
#4707 = CARTESIAN_POINT('',(27.757471387848,12.275053577092,
    -12.76123670774));
#4708 = CARTESIAN_POINT('',(27.729803243542,12.332572331074,
    -6.739570042927));
#4709 = CARTESIAN_POINT('',(27.729803243542,12.332572331074,
    -12.73957004316));
#4710 = CARTESIAN_POINT('',(27.700432019984,12.393631582583,
    -6.716569712946));
#4711 = CARTESIAN_POINT('',(27.700432019984,12.393631582583,
    -12.71656971318));
#4712 = CARTESIAN_POINT('',(27.681567957709,12.459905062063,
    -6.691346781629));
#4713 = CARTESIAN_POINT('',(27.681567957709,12.459905062063,
    -12.69134678187));
#4714 = CARTESIAN_POINT('',(27.674179069756,12.526320076615,
    -6.665766196722));
#4715 = CARTESIAN_POINT('',(27.674179069756,12.526320076615,
    -12.66576619696));
#4716 = CARTESIAN_POINT('',(27.67162983674,12.549233855915,
    -6.656940664109));
#4717 = CARTESIAN_POINT('',(27.67162983674,12.549233855915,
    -12.65694066435));
#4718 = CARTESIAN_POINT('',(27.670423993385,12.572365635006,
    -6.647994896416));
#4719 = CARTESIAN_POINT('',(27.670423993385,12.572365635006,
    -12.64799489665));
#4720 = CARTESIAN_POINT('',(27.67054835759,12.595515585151,
    -6.639007595708));
#4721 = CARTESIAN_POINT('',(27.67054835759,12.595515585151,
    -12.63900759594));
#4722 = DEFINITIONAL_REPRESENTATION('',(#4723),#4837);
#4723 = B_SPLINE_CURVE_WITH_KNOTS('',3,(#4724,#4725,#4726,#4727,#4728,
    #4729,#4730,#4731,#4732,#4733,#4734,#4735,#4736,#4737,#4738,#4739,
    #4740,#4741,#4742,#4743,#4744,#4745,#4746,#4747,#4748,#4749,#4750,
    #4751,#4752,#4753,#4754,#4755,#4756,#4757,#4758,#4759,#4760,#4761,
    #4762,#4763,#4764,#4765,#4766,#4767,#4768,#4769,#4770,#4771,#4772,
    #4773,#4774,#4775,#4776,#4777,#4778,#4779,#4780,#4781,#4782,#4783,
    #4784,#4785,#4786,#4787,#4788,#4789,#4790,#4791,#4792,#4793,#4794,
    #4795,#4796,#4797,#4798,#4799,#4800,#4801,#4802,#4803,#4804,#4805,
    #4806,#4807,#4808,#4809,#4810,#4811,#4812,#4813,#4814,#4815,#4816,
    #4817,#4818,#4819,#4820,#4821,#4822,#4823,#4824,#4825,#4826,#4827,
    #4828,#4829,#4830,#4831,#4832,#4833,#4834,#4835,#4836),
  .UNSPECIFIED.,.F.,.F.,(4,1,1,1,1,1,1,1,1,1,1,1,1,1,1,1,1,1,1,1,1,1,1,1
    ,1,1,1,1,1,1,1,1,1,1,1,1,1,1,1,1,1,1,1,1,1,1,1,1,1,1,1,1,1,1,1,1,1,1
    ,1,1,1,1,1,1,1,1,1,1,1,1,1,1,1,1,1,1,1,1,1,1,1,1,1,1,1,1,1,1,1,1,1,1
    ,1,1,1,1,1,1,1,1,1,1,1,1,1,1,1,1,1,1,4),(0.,4.545454545455E-03,
    9.090909090909E-03,1.363636363636E-02,1.818181818182E-02,
    2.272727272727E-02,2.727272727273E-02,3.181818181818E-02,
    3.636363636364E-02,4.090909090909E-02,4.545454545455E-02,5.E-02,
    5.454545454545E-02,5.909090909091E-02,6.363636363636E-02,
    6.818181818182E-02,7.272727272727E-02,7.727272727273E-02,
    8.181818181818E-02,8.636363636364E-02,9.090909090909E-02,
    9.545454545455E-02,1.E-01,0.104545454545,0.109090909091,
    0.113636363636,0.118181818182,0.122727272727,0.127272727273,
    0.131818181818,0.136363636364,0.140909090909,0.145454545455,0.15,
    0.154545454545,0.159090909091,0.163636363636,0.168181818182,
    0.172727272727,0.177272727273,0.181818181818,0.186363636364,
    0.190909090909,0.195454545455,0.2,0.204545454545,0.209090909091,
    0.213636363636,0.218181818182,0.222727272727,0.227272727273,
    0.231818181818,0.236363636364,0.240909090909,0.245454545455,0.25,
    0.254545454545,0.259090909091,0.263636363636,0.268181818182,
    0.272727272727,0.277272727273,0.281818181818,0.286363636364,
    0.290909090909,0.295454545455,0.3,0.304545454545,0.309090909091,
    0.313636363636,0.318181818182,0.322727272727,0.327272727273,
    0.331818181818,0.336363636364,0.340909090909,0.345454545455,0.35,
    0.354545454545,0.359090909091,0.363636363636,0.368181818182,
    0.372727272727,0.377272727273,0.381818181818,0.386363636364,
    0.390909090909,0.395454545455,0.4,0.404545454545,0.409090909091,
    0.413636363636,0.418181818182,0.422727272727,0.427272727273,
    0.431818181818,0.436363636364,0.440909090909,0.445454545455,0.45,
    0.454545454545,0.459090909091,0.463636363636,0.468181818182,
    0.472727272727,0.477272727273,0.481818181818,0.486363636364,
    0.490909090909,0.495454545455,0.5),.QUASI_UNIFORM_KNOTS.);
#4724 = CARTESIAN_POINT('',(0.,0.));
#4725 = CARTESIAN_POINT('',(1.785749194182E-03,-1.848209510407E-07));
#4726 = CARTESIAN_POINT('',(4.801881480939E-03,-1.969753527266E-07));
#4727 = CARTESIAN_POINT('',(8.618419825622E-03,3.818971764934E-07));
#4728 = CARTESIAN_POINT('',(1.297958175781E-02,-1.277592140019E-07));
#4729 = CARTESIAN_POINT('',(1.81091918629E-02,8.243838114155E-07));
#4730 = CARTESIAN_POINT('',(2.205848055179E-02,8.615471412519E-07));
#4731 = CARTESIAN_POINT('',(2.708211748132E-02,-1.913035496912E-07));
#4732 = CARTESIAN_POINT('',(3.187385175704E-02,7.542429081141E-07));
#4733 = CARTESIAN_POINT('',(3.624460125979E-02,1.084737927951E-06));
#4734 = CARTESIAN_POINT('',(4.080870866624E-02,5.907189458661E-07));
#4735 = CARTESIAN_POINT('',(4.537559844648E-02,-1.936910833873E-07));
#4736 = CARTESIAN_POINT('',(4.997050984201E-02,-8.964605460932E-07));
#4737 = CARTESIAN_POINT('',(5.455709400041E-02,-1.147369740351E-06));
#4738 = CARTESIAN_POINT('',(5.912683219285E-02,-7.687876922074E-07));
#4739 = CARTESIAN_POINT('',(6.36222960339E-02,3.478605759078E-07));
#4740 = CARTESIAN_POINT('',(6.811363876581E-02,9.992535357452E-07));
#4741 = CARTESIAN_POINT('',(7.262262780645E-02,1.188865443301E-06));
#4742 = CARTESIAN_POINT('',(7.714217624203E-02,9.990464324841E-07));
#4743 = CARTESIAN_POINT('',(8.167286225239E-02,5.204911671627E-07));
#4744 = CARTESIAN_POINT('',(8.621317161817E-02,-1.757564855171E-07));
#4745 = CARTESIAN_POINT('',(9.076205346817E-02,-8.824240764323E-07));
#4746 = CARTESIAN_POINT('',(9.531848989535E-02,-1.876404285448E-06));
#4747 = CARTESIAN_POINT('',(9.988068633643E-02,-1.611958781373E-06));
#4748 = CARTESIAN_POINT('',(0.104448114641,-1.675760588658E-06));
#4749 = CARTESIAN_POINT('',(0.109019776854,-1.684998863593E-06));
#4750 = CARTESIAN_POINT('',(0.113593068105,-1.584243956568E-06));
#4751 = CARTESIAN_POINT('',(0.118172121111,-1.978025309734E-06));
#4752 = CARTESIAN_POINT('',(0.122732395273,-3.756443476422E-07));
#4753 = CARTESIAN_POINT('',(0.12726914732,4.784670459052E-07));
#4754 = CARTESIAN_POINT('',(0.131791861881,1.90021389869E-06));
#4755 = CARTESIAN_POINT('',(0.136304038031,3.325924529343E-06));
#4756 = CARTESIAN_POINT('',(0.14080993309,4.543188124542E-06));
#4757 = CARTESIAN_POINT('',(0.145313665524,5.322824718932E-06));
#4758 = CARTESIAN_POINT('',(0.149819430977,5.531044060523E-06));
#4759 = CARTESIAN_POINT('',(0.154331462415,5.112328667887E-06));
#4760 = CARTESIAN_POINT('',(0.158853907556,4.107754741882E-06));
#4761 = CARTESIAN_POINT('',(0.163391288513,2.661142710533E-06));
#4762 = CARTESIAN_POINT('',(0.167946699433,1.040048500098E-06));
#4763 = CARTESIAN_POINT('',(0.172528442076,-3.880665768074E-07));
#4764 = CARTESIAN_POINT('',(0.177125130649,-1.012673348618E-06));
#4765 = CARTESIAN_POINT('',(0.181725427926,-9.399518279311E-07));
#4766 = CARTESIAN_POINT('',(0.186341759297,-3.89566893247E-07));
#4767 = CARTESIAN_POINT('',(0.190968666641,6.971258026523E-07));
#4768 = CARTESIAN_POINT('',(0.1955561014,2.026605705295E-06));
#4769 = CARTESIAN_POINT('',(0.200122233083,3.114068665355E-06));
#4770 = CARTESIAN_POINT('',(0.204669551447,3.694367857084E-06));
#4771 = CARTESIAN_POINT('',(0.209204653282,3.625745949765E-06));
#4772 = CARTESIAN_POINT('',(0.21373284096,2.917072142921E-06));
#4773 = CARTESIAN_POINT('',(0.218259883915,1.733206670214E-06));
#4774 = CARTESIAN_POINT('',(0.222790307471,3.637578685715E-07));
#4775 = CARTESIAN_POINT('',(0.227332382398,-6.401227568511E-07));
#4776 = CARTESIAN_POINT('',(0.231860654764,-1.017169014445E-06));
#4777 = CARTESIAN_POINT('',(0.236386516505,-1.148480339342E-06));
#4778 = CARTESIAN_POINT('',(0.240914334065,-1.116278757071E-06));
#4779 = CARTESIAN_POINT('',(0.245448130766,-9.115130649886E-07));
#4780 = CARTESIAN_POINT('',(0.250000439128,-2.840205536063E-07));
#4781 = CARTESIAN_POINT('',(0.254550111842,8.711147873939E-07));
#4782 = CARTESIAN_POINT('',(0.259077145881,1.893264800424E-06));
#4783 = CARTESIAN_POINT('',(0.263595220214,2.602690805826E-06));
#4784 = CARTESIAN_POINT('',(0.268109524895,2.919801418227E-06));
#4785 = CARTESIAN_POINT('',(0.272625550171,2.984814067729E-06));
#4786 = CARTESIAN_POINT('',(0.277156012251,3.05251792543E-06));
#4787 = CARTESIAN_POINT('',(0.28166719149,3.711698824197E-06));
#4788 = CARTESIAN_POINT('',(0.286216047275,2.434700829377E-06));
#4789 = CARTESIAN_POINT('',(0.290803806936,2.681513556934E-07));
#4790 = CARTESIAN_POINT('',(0.295407436387,-1.890021505694E-06));
#4791 = CARTESIAN_POINT('',(0.300010937913,-1.568814454037E-06));
#4792 = CARTESIAN_POINT('',(0.3045930921,-1.834720677757E-06));
#4793 = CARTESIAN_POINT('',(0.309142638013,-1.092302834535E-06));
#4794 = CARTESIAN_POINT('',(0.313614816385,6.874632210241E-07));
#4795 = CARTESIAN_POINT('',(0.318108253261,-1.144722591868E-06));
#4796 = CARTESIAN_POINT('',(0.322643580836,-1.806521697448E-06));
#4797 = CARTESIAN_POINT('',(0.327210773382,-1.629190617938E-06));
#4798 = CARTESIAN_POINT('',(0.331784034403,-1.676715830399E-06));
#4799 = CARTESIAN_POINT('',(0.336364344797,-1.663946060063E-06));
#4800 = CARTESIAN_POINT('',(0.34094669413,-1.667499928946E-06));
#4801 = CARTESIAN_POINT('',(0.345527630295,-1.66605422375E-06));
#4802 = CARTESIAN_POINT('',(0.350103248148,-1.668283175654E-06));
#4803 = CARTESIAN_POINT('',(0.354669784036,-1.660813073234E-06));
#4804 = CARTESIAN_POINT('',(0.359223326188,-1.688464531008E-06));
#4805 = CARTESIAN_POINT('',(0.363760442322,-1.585328802332E-06));
#4806 = CARTESIAN_POINT('',(0.368276017654,-1.970220259262E-06));
#4807 = CARTESIAN_POINT('',(0.372771337111,-5.337901602177E-07));
#4808 = CARTESIAN_POINT('',(0.377226507638,5.318834080768E-07));
#4809 = CARTESIAN_POINT('',(0.381758746971,-5.875595198946E-07));
#4810 = CARTESIAN_POINT('',(0.386332538885,-1.957459881754E-06));
#4811 = CARTESIAN_POINT('',(0.390927977663,-1.582600952688E-06));
#4812 = CARTESIAN_POINT('',(0.395518946018,-1.712136307092E-06));
#4813 = CARTESIAN_POINT('',(0.400081465758,-1.568853818543E-06));
#4814 = CARTESIAN_POINT('',(0.404592122072,1.04288632665E-08));
#4815 = CARTESIAN_POINT('',(0.409023695575,6.879396601084E-07));
#4816 = CARTESIAN_POINT('',(0.413491366651,5.951008770197E-07));
#4817 = CARTESIAN_POINT('',(0.417991539256,-8.001580400875E-09));
#4818 = CARTESIAN_POINT('',(0.422500650484,-5.049970750801E-07));
#4819 = CARTESIAN_POINT('',(0.427167131107,-1.694438290521E-06));
#4820 = CARTESIAN_POINT('',(0.43186881906,-1.479040907038E-06));
#4821 = CARTESIAN_POINT('',(0.436436055402,1.920920237749E-08));
#4822 = CARTESIAN_POINT('',(0.440774529455,8.338862186546E-07));
#4823 = CARTESIAN_POINT('',(0.445211483718,7.848405207178E-07));
#4824 = CARTESIAN_POINT('',(0.449678437763,3.634426326859E-07));
#4825 = CARTESIAN_POINT('',(0.454212977835,-2.0585076796E-07));
#4826 = CARTESIAN_POINT('',(0.458762662446,-4.330102373439E-07));
#4827 = CARTESIAN_POINT('',(0.463528666785,-8.919305284827E-07));
#4828 = CARTESIAN_POINT('',(0.468410651064,2.781941119741E-07));
#4829 = CARTESIAN_POINT('',(0.472266101161,4.023899637602E-07));
#4830 = CARTESIAN_POINT('',(0.476662330099,-3.235712369406E-07));
#4831 = CARTESIAN_POINT('',(0.481793387807,-5.639480444991E-07));
#4832 = CARTESIAN_POINT('',(0.486062141549,4.016030759544E-07));
#4833 = CARTESIAN_POINT('',(0.489993459232,-5.700906985034E-08));
#4834 = CARTESIAN_POINT('',(0.494708164563,1.554739982523E-07));
#4835 = CARTESIAN_POINT('',(0.498171297467,2.05515978592E-07));
#4836 = CARTESIAN_POINT('',(0.500000117193,2.111560097066E-07));
#4837 = ( GEOMETRIC_REPRESENTATION_CONTEXT(2) 
PARAMETRIC_REPRESENTATION_CONTEXT() REPRESENTATION_CONTEXT('2D SPACE',''
  ) );
#4838 = ADVANCED_FACE('',(#4839),#4659,.T.);
#4839 = FACE_BOUND('',#4840,.T.);
#4840 = EDGE_LOOP('',(#4841,#5107,#5126,#5127));
#4841 = ORIENTED_EDGE('',*,*,#4842,.F.);
#4842 = EDGE_CURVE('',#4843,#4845,#4847,.T.);
#4843 = VERTEX_POINT('',#4844);
#4844 = CARTESIAN_POINT('',(28.8705,12.592662733729,-6.925293062031));
#4845 = VERTEX_POINT('',#4846);
#4846 = CARTESIAN_POINT('',(27.67054835759,12.595515585151,
    -6.924124526784));
#4847 = SURFACE_CURVE('',#4848,(#4908,#4971),.PCURVE_S1.);
#4848 = B_SPLINE_CURVE_WITH_KNOTS('',4,(#4849,#4850,#4851,#4852,#4853,
    #4854,#4855,#4856,#4857,#4858,#4859,#4860,#4861,#4862,#4863,#4864,
    #4865,#4866,#4867,#4868,#4869,#4870,#4871,#4872,#4873,#4874,#4875,
    #4876,#4877,#4878,#4879,#4880,#4881,#4882,#4883,#4884,#4885,#4886,
    #4887,#4888,#4889,#4890,#4891,#4892,#4893,#4894,#4895,#4896,#4897,
    #4898,#4899,#4900,#4901,#4902,#4903,#4904,#4905,#4906,#4907),
  .UNSPECIFIED.,.F.,.F.,(5,3,3,3,3,3,3,3,3,3,3,3,3,3,3,3,3,3,3,5),(0.,
    4.538194937394E-02,0.117187309264,0.152777314676,0.23478760785,
    0.269492241765,0.34652426577,0.387581926236,0.451387535076,
    0.501248573442,0.550710125899,0.610620972505,0.647353944068,
    0.717761661656,0.746551308809,0.822704920734,0.851149447335,
    0.92381544113,0.961946338628,1.),.UNSPECIFIED.);
#4849 = CARTESIAN_POINT('',(28.8705,12.592662733729,-6.925293062031));
#4850 = CARTESIAN_POINT('',(28.870499996102,12.572098431098,
    -6.933714693307));
#4851 = CARTESIAN_POINT('',(28.869537109603,12.551519409329,
    -6.942112360166));
#4852 = CARTESIAN_POINT('',(28.867635271375,12.530984078719,
    -6.950461610201));
#4853 = CARTESIAN_POINT('',(28.860319015676,12.478212891925,
    -6.971838989246));
#4854 = CARTESIAN_POINT('',(28.853505253267,12.446129189459,
    -6.984759774073));
#4855 = CARTESIAN_POINT('',(28.84438748398,12.414510351178,
    -6.997416404648));
#4856 = CARTESIAN_POINT('',(28.82722256891,12.368326668382,
    -7.015796168997));
#4857 = CARTESIAN_POINT('',(28.820949491933,12.353199849863,
    -7.021798223774));
#4858 = CARTESIAN_POINT('',(28.814112448244,12.338277566261,
    -7.027701622935));
#4859 = CARTESIAN_POINT('',(28.78970176567,12.289737314822,
    -7.046849452428));
#4860 = CARTESIAN_POINT('',(28.769760569991,12.257125273384,
    -7.059624080219));
#4861 = CARTESIAN_POINT('',(28.74705154088,12.226074031455,
    -7.071705219084));
#4862 = CARTESIAN_POINT('',(28.710867437387,12.184812209881,
    -7.087667023108));
#4863 = CARTESIAN_POINT('',(28.699616198044,12.172909884709,
    -7.09225895854));
#4864 = CARTESIAN_POINT('',(28.687904728171,12.161393858862,
    -7.096690630554));
#4865 = CARTESIAN_POINT('',(28.648795461847,12.125635049762,
    -7.110419538226));
#4866 = CARTESIAN_POINT('',(28.619693385737,12.10300360656,
    -7.119057599849));
#4867 = CARTESIAN_POINT('',(28.588702188978,12.082637675366,
    -7.126792952955));
#4868 = CARTESIAN_POINT('',(28.538642261581,12.055548495113,
    -7.137046233165));
#4869 = CARTESIAN_POINT('',(28.520756605895,12.046894565036,
    -7.140314116391));
#4870 = CARTESIAN_POINT('',(28.502462672237,12.039016270246,
    -7.143283527162));
#4871 = CARTESIAN_POINT('',(28.454848036862,12.020935155018,
    -7.15008848516));
#4872 = CARTESIAN_POINT('',(28.42503755121,12.01186364209,-7.15349205722
    ));
#4873 = CARTESIAN_POINT('',(28.39460392858,12.004809350215,
    -7.156134227381));
#4874 = CARTESIAN_POINT('',(28.339697922433,11.996167792814,
    -7.159368417591));
#4875 = CARTESIAN_POINT('',(28.315365193952,11.993719631025,
    -7.160283408628));
#4876 = CARTESIAN_POINT('',(28.290922575469,11.992577697483,
    -7.160710250829));
#4877 = CARTESIAN_POINT('',(28.242251087181,11.992902521173,
    -7.160588837139));
#4878 = CARTESIAN_POINT('',(28.218023928502,11.994348451962,
    -7.160048366285));
#4879 = CARTESIAN_POINT('',(28.193923721042,11.997078143232,
    -7.159027976691));
#4880 = CARTESIAN_POINT('',(28.141210281354,12.006026814568,
    -7.155678159988));
#4881 = CARTESIAN_POINT('',(28.112701757199,12.012856492577,
    -7.15311947536));
#4882 = CARTESIAN_POINT('',(28.084753169404,12.021464711709,
    -7.149889074183));
#4883 = CARTESIAN_POINT('',(28.040862956717,12.038102855347,
    -7.143627361565));
#4884 = CARTESIAN_POINT('',(28.024460260435,12.045067910229,
    -7.141002607378));
#4885 = CARTESIAN_POINT('',(28.008379928732,12.052657225119,
    -7.138137861049));
#4886 = CARTESIAN_POINT('',(27.962566154472,12.076588661202,
    -7.129086137108));
#4887 = CARTESIAN_POINT('',(27.933808652401,12.09458062579,
    -7.122259649278));
#4888 = CARTESIAN_POINT('',(27.906586348584,12.11452315156,
    -7.114660342909));
#4889 = CARTESIAN_POINT('',(27.870684866556,12.145107385664,
    -7.102945145705));
#4890 = CARTESIAN_POINT('',(27.860556997252,12.154278587889,
    -7.09942552438));
#4891 = CARTESIAN_POINT('',(27.850735704566,12.163731517932,
    -7.095790416517));
#4892 = CARTESIAN_POINT('',(27.816119167145,12.199175439627,
    -7.082131109552));
#4893 = CARTESIAN_POINT('',(27.793250234134,12.226800219048,
    -7.071430219974));
#4894 = CARTESIAN_POINT('',(27.772707649705,12.255933016852,
    -7.060076036185));
#4895 = CARTESIAN_POINT('',(27.747887863795,12.297660262502,
    -7.043708043843));
#4896 = CARTESIAN_POINT('',(27.741483804252,12.309181144052,
    -7.039178585313));
#4897 = CARTESIAN_POINT('',(27.735433388985,12.320861363082,
    -7.034575746528));
#4898 = CARTESIAN_POINT('',(27.715223264648,12.362899076184,
    -7.017970490597));
#4899 = CARTESIAN_POINT('',(27.703065032008,12.394078337965,
    -7.005582903861));
#4900 = CARTESIAN_POINT('',(27.693240055212,12.425926840105,
    -6.992851005928));
#4901 = CARTESIAN_POINT('',(27.68189042768,12.475166089484,
    -6.973046853437));
#4902 = CARTESIAN_POINT('',(27.67864058232,12.492233512472,
    -6.966160881988));
#4903 = CARTESIAN_POINT('',(27.67605441642,12.509389219446,
    -6.95921763677));
#4904 = CARTESIAN_POINT('',(27.672245662356,12.543773855379,
    -6.945258443452));
#4905 = CARTESIAN_POINT('',(27.671019360632,12.561008531039,
    -6.938240242717));
#4906 = CARTESIAN_POINT('',(27.670455697023,12.578266588802,
    -6.931191067211));
#4907 = CARTESIAN_POINT('',(27.67054835759,12.595515585151,
    -6.924124526784));
#4908 = PCURVE('',#4659,#4909);
#4909 = DEFINITIONAL_REPRESENTATION('',(#4910),#4970);
#4910 = B_SPLINE_CURVE_WITH_KNOTS('',4,(#4911,#4912,#4913,#4914,#4915,
    #4916,#4917,#4918,#4919,#4920,#4921,#4922,#4923,#4924,#4925,#4926,
    #4927,#4928,#4929,#4930,#4931,#4932,#4933,#4934,#4935,#4936,#4937,
    #4938,#4939,#4940,#4941,#4942,#4943,#4944,#4945,#4946,#4947,#4948,
    #4949,#4950,#4951,#4952,#4953,#4954,#4955,#4956,#4957,#4958,#4959,
    #4960,#4961,#4962,#4963,#4964,#4965,#4966,#4967,#4968,#4969),
  .UNSPECIFIED.,.F.,.F.,(5,3,3,3,3,3,3,3,3,3,3,3,3,3,3,3,3,3,3,5),(0.,
    4.538194937394E-02,0.117187309264,0.152777314676,0.23478760785,
    0.269492241765,0.34652426577,0.387581926236,0.451387535076,
    0.501248573442,0.550710125899,0.610620972505,0.647353944068,
    0.717761661656,0.746551308809,0.822704920734,0.851149447335,
    0.92381544113,0.961946338628,1.),.UNSPECIFIED.);
#4911 = CARTESIAN_POINT('',(-5.662847554583E-16,4.752927996967E-02));
#4912 = CARTESIAN_POINT('',(5.677501100017E-03,4.760285709461E-02));
#4913 = CARTESIAN_POINT('',(1.133606774092E-02,4.767581554598E-02));
#4914 = CARTESIAN_POINT('',(1.698367488467E-02,4.774760630848E-02));
#4915 = CARTESIAN_POINT('',(3.155941099224E-02,4.792921796667E-02));
#4916 = CARTESIAN_POINT('',(4.048275766188E-02,4.803684598214E-02));
#4917 = CARTESIAN_POINT('',(4.943060303008E-02,4.813959799232E-02));
#4918 = CARTESIAN_POINT('',(6.289271472158E-02,4.828620664532E-02));
#4919 = CARTESIAN_POINT('',(6.734468330822E-02,4.833362563013E-02));
#4920 = CARTESIAN_POINT('',(7.178835674907E-02,4.8379684219E-02));
#4921 = CARTESIAN_POINT('',(8.645907446055E-02,4.852704883224E-02));
#4922 = CARTESIAN_POINT('',(9.666901942995E-02,4.862203223486E-02));
#4923 = CARTESIAN_POINT('',(0.106913135642,4.870807338903E-02));
#4924 = CARTESIAN_POINT('',(0.121593216616,4.881875102603E-02));
#4925 = CARTESIAN_POINT('',(0.125945128083,4.885011725108E-02));
#4926 = CARTESIAN_POINT('',(0.130288648728,4.88799096845E-02));
#4927 = CARTESIAN_POINT('',(0.144260628957,4.897078486673E-02));
#4928 = CARTESIAN_POINT('',(0.153873254512,4.902567827865E-02));
#4929 = CARTESIAN_POINT('',(0.163517621758,4.907297188301E-02));
#4930 = CARTESIAN_POINT('',(0.178399342126,4.913416270892E-02));
#4931 = CARTESIAN_POINT('',(0.183550817853,4.915324434536E-02));
#4932 = CARTESIAN_POINT('',(0.188691285711,4.917031306347E-02));
#4933 = CARTESIAN_POINT('',(0.201811460223,4.920899724482E-02));
#4934 = CARTESIAN_POINT('',(0.209786332446,4.922787865674E-02));
#4935 = CARTESIAN_POINT('',(0.217783993014,4.92424705662E-02));
#4936 = CARTESIAN_POINT('',(0.232106609348,4.925999999914E-02));
#4937 = CARTESIAN_POINT('',(0.238356872163,4.926474531214E-02));
#4938 = CARTESIAN_POINT('',(0.244592515685,4.92669587087E-02));
#4939 = CARTESIAN_POINT('',(0.257014155754,4.926631063824E-02));
#4940 = CARTESIAN_POINT('',(0.263199914983,4.926348980363E-02));
#4941 = CARTESIAN_POINT('',(0.269400480162,4.925816884626E-02));
#4942 = CARTESIAN_POINT('',(0.283164436472,4.923997806222E-02));
#4943 = CARTESIAN_POINT('',(0.290662149368,4.922585128908E-02));
#4944 = CARTESIAN_POINT('',(0.29814159281,4.920790265771E-02));
#4945 = CARTESIAN_POINT('',(0.310218628121,4.917230469476E-02));
#4946 = CARTESIAN_POINT('',(0.314811593038,4.915722956567E-02));
#4947 = CARTESIAN_POINT('',(0.319412938507,4.914054597884E-02));
#4948 = CARTESIAN_POINT('',(0.332873982692,4.908682772202E-02));
#4949 = CARTESIAN_POINT('',(0.341668466492,4.904537206881E-02));
#4950 = CARTESIAN_POINT('',(0.35044036605,4.899763927938E-02));
#4951 = CARTESIAN_POINT('',(0.362821731528,4.892130188913E-02));
#4952 = CARTESIAN_POINT('',(0.366417810978,4.889807236296E-02));
#4953 = CARTESIAN_POINT('',(0.370019118872,4.887376058842E-02));
#4954 = CARTESIAN_POINT('',(0.383178610277,4.878121291103E-02));
#4955 = CARTESIAN_POINT('',(0.392672634247,4.870674620236E-02));
#4956 = CARTESIAN_POINT('',(0.40214073635,4.862451251387E-02));
#4957 = CARTESIAN_POINT('',(0.415172060534,4.85019298792E-02));
#4958 = CARTESIAN_POINT('',(0.418718511731,4.846761923453E-02));
#4959 = CARTESIAN_POINT('',(0.422269732403,4.843237545058E-02));
#4960 = CARTESIAN_POINT('',(0.434924382958,4.830405747515E-02));
#4961 = CARTESIAN_POINT('',(0.443970912121,4.820634358503E-02));
#4962 = CARTESIAN_POINT('',(0.452994080176,4.810293312994E-02));
#4963 = CARTESIAN_POINT('',(0.466768920757,4.793842710096E-02));
#4964 = CARTESIAN_POINT('',(0.471512711034,4.788057907254E-02));
#4965 = CARTESIAN_POINT('',(0.476263904575,4.7821681301E-02));
#4966 = CARTESIAN_POINT('',(0.485787278279,4.770250220631E-02));
#4967 = CARTESIAN_POINT('',(0.490532794064,4.764221545297E-02));
#4968 = CARTESIAN_POINT('',(0.495268879585,4.758117433143E-02));
#4969 = CARTESIAN_POINT('',(0.5,4.751948851073E-02));
#4970 = ( GEOMETRIC_REPRESENTATION_CONTEXT(2) 
PARAMETRIC_REPRESENTATION_CONTEXT() REPRESENTATION_CONTEXT('2D SPACE',''
  ) );
#4971 = PCURVE('',#4972,#5045);
#4972 = ( BOUNDED_SURFACE() B_SPLINE_SURFACE(1,3,(
    (#4973,#4974,#4975,#4976,#4977,#4978,#4979,#4980,#4981,#4982,#4983
      ,#4984,#4985,#4986,#4987,#4988,#4989,#4990,#4991,#4992,#4993,#4994
      ,#4995,#4996,#4997,#4998,#4999,#5000,#5001,#5002,#5003,#5004,#5005
      ,#5006,#5007,#5008)
    ,(#5009,#5010,#5011,#5012,#5013,#5014,#5015,#5016,#5017,#5018,#5019
      ,#5020,#5021,#5022,#5023,#5024,#5025,#5026,#5027,#5028,#5029,#5030
      ,#5031,#5032,#5033,#5034,#5035,#5036,#5037,#5038,#5039,#5040,#5041
      ,#5042,#5043,#5044
)),.UNSPECIFIED.,.F.,.F.,.F.) B_SPLINE_SURFACE_WITH_KNOTS((2,2),(4,1,1,1
    ,1,1,1,1,1,1,1,1,1,1,1,1,1,1,1,1,1,1,1,1,1,1,1,1,1,1,1,1,1,4),(0.,1.
    ),(0.,4.226054182415E-02,8.084072807768E-02,0.116760893815,
    0.150672743191,0.183026021368,0.214167554491,0.244371019147,
    0.273857551356,0.302807808399,0.331362985528,0.35962878334,
    0.387693476243,0.415630464063,0.44350366522,0.471560213615,
    0.500018534498,0.528889141757,0.558153094801,0.587767953074,
    0.617673121193,0.647794588349,0.678049152399,0.708348261133,
    0.738765178533,0.770855167217,0.80460388084,0.83920044304,
    0.873702141244,0.907179956746,0.938871006772,0.9684251051,
0.996257998802,1.),.UNSPECIFIED.) GEOMETRIC_REPRESENTATION_ITEM() 
RATIONAL_B_SPLINE_SURFACE((
    (1.,0.999999999894,1.000000000045,0.999999999989,1.000000000003
      ,0.999999999999,1.,1.,1.,1.,1.,1.,1.,1.,1.,1.,1.,1.,1.,1.,1.,1.,1.
      ,1.,1.,1.,1.,1.,1.,1.,1.,0.999999999999,1.000000000003
      ,0.999999999994,1.000000000002,1.)
    ,(1.,0.999999999894,1.000000000045,0.999999999989,1.000000000003
      ,0.999999999999,1.,1.,1.,1.,1.,1.,1.,1.,1.,1.,1.,1.,1.,1.,1.,1.,1.
      ,1.,1.,1.,1.,1.,1.,1.,1.,0.999999999999,1.000000000003
,0.999999999994,1.000000000002,1.
  ))) REPRESENTATION_ITEM('') SURFACE() );
#4973 = CARTESIAN_POINT('',(-26.23127031101,1.3,-8.55));
#4974 = CARTESIAN_POINT('',(-26.48517870371,1.496809190582,
    -8.565066766367));
#4975 = CARTESIAN_POINT('',(-26.9549605655,1.893835106052,
    -8.543644221511));
#4976 = CARTESIAN_POINT('',(-27.58248877665,2.522459104255,
    -8.551448718985));
#4977 = CARTESIAN_POINT('',(-28.11842112312,3.149130970453,
    -8.54986911169));
#4978 = CARTESIAN_POINT('',(-28.57947210985,3.774738193821,
    -8.549265947675));
#4979 = CARTESIAN_POINT('',(-28.97693671543,4.399868170264,
    -8.552862630469));
#4980 = CARTESIAN_POINT('',(-29.31923434369,5.024585964944,
    -8.530717910841));
#4981 = CARTESIAN_POINT('',(-29.61112218507,5.648984866434,
    -8.484175140551));
#4982 = CARTESIAN_POINT('',(-29.85678345039,6.273111219501,
    -8.416817089838));
#4983 = CARTESIAN_POINT('',(-30.05982987364,6.896905366274,
    -8.331641295583));
#4984 = CARTESIAN_POINT('',(-30.22322500684,7.52035509086,-8.23183406403
    ));
#4985 = CARTESIAN_POINT('',(-30.34842516195,8.143642064795,
    -8.120309447509));
#4986 = CARTESIAN_POINT('',(-30.43641877256,8.766860152114,
    -8.000681065055));
#4987 = CARTESIAN_POINT('',(-30.48985470068,9.389669989179,
    -7.874081506692));
#4988 = CARTESIAN_POINT('',(-30.50273443083,10.015006049248,
    -7.75049744242));
#4989 = CARTESIAN_POINT('',(-30.49925407044,10.639903406768,
    -7.60536395061));
#4990 = CARTESIAN_POINT('',(-30.50020434463,11.262074951454,
    -7.420001363144));
#4991 = CARTESIAN_POINT('',(-30.49994422861,11.884217289856,
    -7.205235134337));
#4992 = CARTESIAN_POINT('',(-30.50001535201,12.506048110319,
    -6.964102855032));
#4993 = CARTESIAN_POINT('',(-30.499995949,13.127721141906,
    -6.701805547255));
#4994 = CARTESIAN_POINT('',(-30.50000122516,13.749303560528,
    -6.423024401228));
#4995 = CARTESIAN_POINT('',(-30.49999979798,14.370684127348,
    -6.13224372859));
#4996 = CARTESIAN_POINT('',(-30.50000017423,14.992496802281,
    -5.835239438233));
#4997 = CARTESIAN_POINT('',(-30.50000010609,15.613632832785,
    -5.532232258406));
#4998 = CARTESIAN_POINT('',(-30.49999999864,16.255069687578,
    -5.237063779284));
#4999 = CARTESIAN_POINT('',(-30.50000053373,16.874436326679,
    -4.844574430879));
#5000 = CARTESIAN_POINT('',(-30.49999836611,17.488814544244,
    -4.391665959935));
#5001 = CARTESIAN_POINT('',(-30.50000673408,18.102651487775,
    -3.907822129893));
#5002 = CARTESIAN_POINT('',(-30.49997574917,18.716554274226,
    -3.427461397618));
#5003 = CARTESIAN_POINT('',(-30.50008600696,19.331121227202,
    -2.984162467601));
#5004 = CARTESIAN_POINT('',(-30.49970674331,19.948598973692,
    -2.611411122974));
#5005 = CARTESIAN_POINT('',(-30.46975737052,20.572889463245,
    -2.343148847576));
#5006 = CARTESIAN_POINT('',(-30.42864159107,21.033261702399,
    -2.254858937566));
#5007 = CARTESIAN_POINT('',(-30.4015011415,21.271787466535,
    -2.249989969724));
#5008 = CARTESIAN_POINT('',(-30.39817085033,21.3,-2.25));
#5009 = CARTESIAN_POINT('',(26.231270311019,1.3,-8.55));
#5010 = CARTESIAN_POINT('',(26.485178705279,1.496809190582,
    -8.565066766367));
#5011 = CARTESIAN_POINT('',(26.954960564845,1.893835106052,
    -8.543644221511));
#5012 = CARTESIAN_POINT('',(27.582488776812,2.522459104255,
    -8.551448718985));
#5013 = CARTESIAN_POINT('',(28.118421123087,3.149130970453,
    -8.54986911169));
#5014 = CARTESIAN_POINT('',(28.579472109868,3.774738193821,
    -8.549265947675));
#5015 = CARTESIAN_POINT('',(28.976936715429,4.399868170264,
    -8.552862630469));
#5016 = CARTESIAN_POINT('',(29.319234343695,5.024585964944,
    -8.530717910841));
#5017 = CARTESIAN_POINT('',(29.611122185074,5.648984866434,
    -8.484175140551));
#5018 = CARTESIAN_POINT('',(29.856783450391,6.273111219501,
    -8.416817089838));
#5019 = CARTESIAN_POINT('',(30.059829873644,6.896905366274,
    -8.331641295583));
#5020 = CARTESIAN_POINT('',(30.223225006849,7.52035509086,-8.23183406403
    ));
#5021 = CARTESIAN_POINT('',(30.348425161958,8.143642064795,
    -8.120309447509));
#5022 = CARTESIAN_POINT('',(30.436418772569,8.766860152114,
    -8.000681065055));
#5023 = CARTESIAN_POINT('',(30.489854700685,9.389669989179,
    -7.874081506692));
#5024 = CARTESIAN_POINT('',(30.502734430831,10.015006049248,
    -7.75049744242));
#5025 = CARTESIAN_POINT('',(30.499254070441,10.639903406768,
    -7.60536395061));
#5026 = CARTESIAN_POINT('',(30.50020434463,11.262074951454,
    -7.420001363144));
#5027 = CARTESIAN_POINT('',(30.499944228614,11.884217289856,
    -7.205235134337));
#5028 = CARTESIAN_POINT('',(30.50001535201,12.506048110319,
    -6.964102855032));
#5029 = CARTESIAN_POINT('',(30.499995949006,13.127721141906,
    -6.701805547255));
#5030 = CARTESIAN_POINT('',(30.500001225169,13.749303560528,
    -6.423024401228));
#5031 = CARTESIAN_POINT('',(30.499999797982,14.370684127348,
    -6.13224372859));
#5032 = CARTESIAN_POINT('',(30.50000017423,14.992496802281,
    -5.835239438233));
#5033 = CARTESIAN_POINT('',(30.500000106092,15.613632832785,
    -5.532232258406));
#5034 = CARTESIAN_POINT('',(30.499999998646,16.255069687578,
    -5.237063779284));
#5035 = CARTESIAN_POINT('',(30.500000533731,16.874436326679,
    -4.844574430879));
#5036 = CARTESIAN_POINT('',(30.499998366111,17.488814544244,
    -4.391665959935));
#5037 = CARTESIAN_POINT('',(30.500006734083,18.102651487775,
    -3.907822129893));
#5038 = CARTESIAN_POINT('',(30.499975749176,18.716554274226,
    -3.427461397618));
#5039 = CARTESIAN_POINT('',(30.500086006972,19.331121227202,
    -2.984162467601));
#5040 = CARTESIAN_POINT('',(30.499706743305,19.948598973692,
    -2.611411122974));
#5041 = CARTESIAN_POINT('',(30.469757370542,20.572889463245,
    -2.343148847576));
#5042 = CARTESIAN_POINT('',(30.428641591023,21.033261702399,
    -2.254858937566));
#5043 = CARTESIAN_POINT('',(30.401501141522,21.271787466535,
    -2.249989969724));
#5044 = CARTESIAN_POINT('',(30.398170850339,21.3,-2.25));
#5045 = DEFINITIONAL_REPRESENTATION('',(#5046),#5106);
#5046 = B_SPLINE_CURVE_WITH_KNOTS('',4,(#5047,#5048,#5049,#5050,#5051,
    #5052,#5053,#5054,#5055,#5056,#5057,#5058,#5059,#5060,#5061,#5062,
    #5063,#5064,#5065,#5066,#5067,#5068,#5069,#5070,#5071,#5072,#5073,
    #5074,#5075,#5076,#5077,#5078,#5079,#5080,#5081,#5082,#5083,#5084,
    #5085,#5086,#5087,#5088,#5089,#5090,#5091,#5092,#5093,#5094,#5095,
    #5096,#5097,#5098,#5099,#5100,#5101,#5102,#5103,#5104,#5105),
  .UNSPECIFIED.,.F.,.F.,(5,3,3,3,3,3,3,3,3,3,3,3,3,3,3,3,3,3,3,5),(0.,
    4.538194937394E-02,0.117187309264,0.152777314676,0.23478760785,
    0.269492241765,0.34652426577,0.387581926236,0.451387535076,
    0.501248573442,0.550710125899,0.610620972505,0.647353944068,
    0.717761661656,0.746551308809,0.822704920734,0.851149447335,
    0.92381544113,0.961946338628,1.),.UNSPECIFIED.);
#5047 = CARTESIAN_POINT('',(0.973286838119,0.562430942421));
#5048 = CARTESIAN_POINT('',(0.973286845461,0.561456206471));
#5049 = CARTESIAN_POINT('',(0.973271069529,0.560481273893));
#5050 = CARTESIAN_POINT('',(0.973239902786,0.559508920607));
#5051 = CARTESIAN_POINT('',(0.973119997333,0.557011491496));
#5052 = CARTESIAN_POINT('',(0.97300832184,0.555494376768));
#5053 = CARTESIAN_POINT('',(0.972858878016,0.554000506749));
#5054 = CARTESIAN_POINT('',(0.972577527037,0.55182024135));
#5055 = CARTESIAN_POINT('',(0.97247470325,0.551106418098));
#5056 = CARTESIAN_POINT('',(0.972362633737,0.550402529494));
#5057 = CARTESIAN_POINT('',(0.971962500135,0.548113758526));
#5058 = CARTESIAN_POINT('',(0.97163562107,0.546577481891));
#5059 = CARTESIAN_POINT('',(0.971263361604,0.545116034972));
#5060 = CARTESIAN_POINT('',(0.970670198478,0.543175470809));
#5061 = CARTESIAN_POINT('',(0.970485756407,0.542615893781));
#5062 = CARTESIAN_POINT('',(0.970293768418,0.542074654627));
#5063 = CARTESIAN_POINT('',(0.969652640092,0.540394535919));
#5064 = CARTESIAN_POINT('',(0.969175556453,0.539331999503));
#5065 = CARTESIAN_POINT('',(0.968667499013,0.538376417507));
#5066 = CARTESIAN_POINT('',(0.967846833149,0.537105928834));
#5067 = CARTESIAN_POINT('',(0.96755362107,0.536700175735));
#5068 = CARTESIAN_POINT('',(0.967253715548,0.536330875548));
#5069 = CARTESIAN_POINT('',(0.966473134924,0.535483465612));
#5070 = CARTESIAN_POINT('',(0.965984430487,0.535058472457));
#5071 = CARTESIAN_POINT('',(0.965485511728,0.534728054296));
#5072 = CARTESIAN_POINT('',(0.964585404326,0.534323327904));
#5073 = CARTESIAN_POINT('',(0.964186504362,0.534208687811));
#5074 = CARTESIAN_POINT('',(0.963785804326,0.534155213724));
#5075 = CARTESIAN_POINT('',(0.962987911095,0.534170424431));
#5076 = CARTESIAN_POINT('',(0.96259074593,0.534238133968));
#5077 = CARTESIAN_POINT('',(0.962195663272,0.534365959971));
#5078 = CARTESIAN_POINT('',(0.961331516859,0.534785080537));
#5079 = CARTESIAN_POINT('',(0.960864170126,0.535104987803));
#5080 = CARTESIAN_POINT('',(0.960406003495,0.535508286083));
#5081 = CARTESIAN_POINT('',(0.959686502781,0.536288065428));
#5082 = CARTESIAN_POINT('',(0.959417610242,0.536614550012));
#5083 = CARTESIAN_POINT('',(0.959154002104,0.536970369704));
#5084 = CARTESIAN_POINT('',(0.958402966475,0.538092661274));
#5085 = CARTESIAN_POINT('',(0.957931536741,0.538936743876));
#5086 = CARTESIAN_POINT('',(0.95748527078,0.539872843515));
#5087 = CARTESIAN_POINT('',(0.956896717928,0.541309413175));
#5088 = CARTESIAN_POINT('',(0.956730685444,0.541740296475));
#5089 = CARTESIAN_POINT('',(0.956569678071,0.542184531396));
#5090 = CARTESIAN_POINT('',(0.956002181733,0.543850659936));
#5091 = CARTESIAN_POINT('',(0.955627267137,0.545150093327));
#5092 = CARTESIAN_POINT('',(0.955290483979,0.546521555163));
#5093 = CARTESIAN_POINT('',(0.954883570399,0.548487599086));
#5094 = CARTESIAN_POINT('',(0.954778576638,0.549030587344));
#5095 = CARTESIAN_POINT('',(0.954679379892,0.549581257565));
#5096 = CARTESIAN_POINT('',(0.954348031107,0.551563782967));
#5097 = CARTESIAN_POINT('',(0.954148688387,0.553035368783));
#5098 = CARTESIAN_POINT('',(0.953987595787,0.554539816361));
#5099 = CARTESIAN_POINT('',(0.953801498952,0.556867738141));
#5100 = CARTESIAN_POINT('',(0.953748210654,0.557675000015));
#5101 = CARTESIAN_POINT('',(0.953705803741,0.558486796871));
#5102 = CARTESIAN_POINT('',(0.953643346284,0.560114571589));
#5103 = CARTESIAN_POINT('',(0.95362323482,0.560930820057));
#5104 = CARTESIAN_POINT('',(0.953613987493,0.561748533463));
#5105 = CARTESIAN_POINT('',(0.953615500705,0.56256616953));
#5106 = ( GEOMETRIC_REPRESENTATION_CONTEXT(2) 
PARAMETRIC_REPRESENTATION_CONTEXT() REPRESENTATION_CONTEXT('2D SPACE',''
  ) );
#5107 = ORIENTED_EDGE('',*,*,#5108,.F.);
#5108 = EDGE_CURVE('',#4190,#4843,#5109,.T.);
#5109 = SURFACE_CURVE('',#5110,(#5114,#5120),.PCURVE_S1.);
#5110 = LINE('',#5111,#5112);
#5111 = CARTESIAN_POINT('',(28.8705,12.592662733729,-6.640117382442));
#5112 = VECTOR('',#5113,1.);
#5113 = DIRECTION('',(0.,0.,-1.));
#5114 = PCURVE('',#4659,#5115);
#5115 = DEFINITIONAL_REPRESENTATION('',(#5116),#5119);
#5116 = B_SPLINE_CURVE_WITH_KNOTS('',1,(#5117,#5118),.UNSPECIFIED.,.F.,
  .F.,(2,2),(1.251443393357E-12,5.999999999987),
  .PIECEWISE_BEZIER_KNOTS.);
#5117 = CARTESIAN_POINT('',(-6.763475944791E-17,4.037460778041E-11));
#5118 = CARTESIAN_POINT('',(-2.406503288123E-16,0.999999999998));
#5119 = ( GEOMETRIC_REPRESENTATION_CONTEXT(2) 
PARAMETRIC_REPRESENTATION_CONTEXT() REPRESENTATION_CONTEXT('2D SPACE',''
  ) );
#5120 = PCURVE('',#4330,#5121);
#5121 = DEFINITIONAL_REPRESENTATION('',(#5122),#5125);
#5122 = B_SPLINE_CURVE_WITH_KNOTS('',1,(#5123,#5124),.UNSPECIFIED.,.F.,
  .F.,(2,2),(1.251443393357E-12,5.999999999987),
  .PIECEWISE_BEZIER_KNOTS.);
#5123 = CARTESIAN_POINT('',(1.,4.037460488799E-11));
#5124 = CARTESIAN_POINT('',(1.,0.999999999998));
#5125 = ( GEOMETRIC_REPRESENTATION_CONTEXT(2) 
PARAMETRIC_REPRESENTATION_CONTEXT() REPRESENTATION_CONTEXT('2D SPACE',''
  ) );
#5126 = ORIENTED_EDGE('',*,*,#4488,.T.);
#5127 = ORIENTED_EDGE('',*,*,#5128,.T.);
#5128 = EDGE_CURVE('',#4188,#4845,#5129,.T.);
#5129 = SURFACE_CURVE('',#5130,(#5134,#5140),.PCURVE_S1.);
#5130 = LINE('',#5131,#5132);
#5131 = CARTESIAN_POINT('',(27.67054835759,12.595515585151,
    -6.639007595949));
#5132 = VECTOR('',#5133,1.);
#5133 = DIRECTION('',(0.,0.,-1.));
#5134 = PCURVE('',#4659,#5135);
#5135 = DEFINITIONAL_REPRESENTATION('',(#5136),#5139);
#5136 = B_SPLINE_CURVE_WITH_KNOTS('',1,(#5137,#5138),.UNSPECIFIED.,.F.,
  .F.,(2,2),(1.100820593791E-06,6.000001103357),
  .PIECEWISE_BEZIER_KNOTS.);
#5137 = CARTESIAN_POINT('',(0.5,1.835102651028E-07));
#5138 = CARTESIAN_POINT('',(0.5,1.000000183893));
#5139 = ( GEOMETRIC_REPRESENTATION_CONTEXT(2) 
PARAMETRIC_REPRESENTATION_CONTEXT() REPRESENTATION_CONTEXT('2D SPACE',''
  ) );
#5140 = PCURVE('',#4330,#5141);
#5141 = DEFINITIONAL_REPRESENTATION('',(#5142),#5145);
#5142 = B_SPLINE_CURVE_WITH_KNOTS('',1,(#5143,#5144),.UNSPECIFIED.,.F.,
  .F.,(2,2),(1.100820593791E-06,6.000001103357),
  .PIECEWISE_BEZIER_KNOTS.);
#5143 = CARTESIAN_POINT('',(0.5,1.835102648946E-07));
#5144 = CARTESIAN_POINT('',(0.5,1.000000183893));
#5145 = ( GEOMETRIC_REPRESENTATION_CONTEXT(2) 
PARAMETRIC_REPRESENTATION_CONTEXT() REPRESENTATION_CONTEXT('2D SPACE',''
  ) );
#5146 = ADVANCED_FACE('',(#5147),#4972,.F.);
#5147 = FACE_BOUND('',#5148,.F.);
#5148 = EDGE_LOOP('',(#5149,#5629));
#5149 = ORIENTED_EDGE('',*,*,#5150,.F.);
#5150 = EDGE_CURVE('',#4845,#4843,#5151,.T.);
#5151 = SURFACE_CURVE('',#5152,(#5309,#5469),.PCURVE_S1.);
#5152 = B_SPLINE_CURVE_WITH_KNOTS('',8,(#5153,#5154,#5155,#5156,#5157,
    #5158,#5159,#5160,#5161,#5162,#5163,#5164,#5165,#5166,#5167,#5168,
    #5169,#5170,#5171,#5172,#5173,#5174,#5175,#5176,#5177,#5178,#5179,
    #5180,#5181,#5182,#5183,#5184,#5185,#5186,#5187,#5188,#5189,#5190,
    #5191,#5192,#5193,#5194,#5195,#5196,#5197,#5198,#5199,#5200,#5201,
    #5202,#5203,#5204,#5205,#5206,#5207,#5208,#5209,#5210,#5211,#5212,
    #5213,#5214,#5215,#5216,#5217,#5218,#5219,#5220,#5221,#5222,#5223,
    #5224,#5225,#5226,#5227,#5228,#5229,#5230,#5231,#5232,#5233,#5234,
    #5235,#5236,#5237,#5238,#5239,#5240,#5241,#5242,#5243,#5244,#5245,
    #5246,#5247,#5248,#5249,#5250,#5251,#5252,#5253,#5254,#5255,#5256,
    #5257,#5258,#5259,#5260,#5261,#5262,#5263,#5264,#5265,#5266,#5267,
    #5268,#5269,#5270,#5271,#5272,#5273,#5274,#5275,#5276,#5277,#5278,
    #5279,#5280,#5281,#5282,#5283,#5284,#5285,#5286,#5287,#5288,#5289,
    #5290,#5291,#5292,#5293,#5294,#5295,#5296,#5297,#5298,#5299,#5300,
    #5301,#5302,#5303,#5304,#5305,#5306,#5307,#5308),.UNSPECIFIED.,.F.,
  .F.,(9,7,7,7,7,7,7,7,7,7,7,7,7,7,7,7,7,7,7,7,7,7,9),(0.,
    2.063110211068E-02,7.836375609319E-02,0.119582874198,0.198063238902,
    0.228789870463,0.314246746807,0.347695854423,0.385226027755,
    0.422593582776,0.467588638004,0.52254407542,0.582771794215,
    0.618259006523,0.691030377463,0.714607517959,0.793158319116,
    0.817188894109,0.853245820878,0.889422291504,0.927527270907,
    0.96585765418,1.),.UNSPECIFIED.);
#5153 = CARTESIAN_POINT('',(27.670548357586,12.59551558453,
    -6.924124527038));
#5154 = CARTESIAN_POINT('',(27.670573524687,12.600200267453,
    -6.922205313706));
#5155 = CARTESIAN_POINT('',(27.670640187525,12.604884327068,
    -6.920285022974));
#5156 = CARTESIAN_POINT('',(27.670748274548,12.609567408503,
    -6.91836380377));
#5157 = CARTESIAN_POINT('',(27.670897723409,12.614249151436,
    -6.916441807838));
#5158 = CARTESIAN_POINT('',(27.671088480974,12.618929190088,
    -6.914519189741));
#5159 = CARTESIAN_POINT('',(27.671320503316,12.623607153231,
    -6.912596106858));
#5160 = CARTESIAN_POINT('',(27.671593755718,12.62828266418,
    -6.910672719386));
#5161 = CARTESIAN_POINT('',(27.672788171784,12.646031036641,
    -6.903366519206));
#5162 = CARTESIAN_POINT('',(27.673990761906,12.659084430412,
    -6.897982784208));
#5163 = CARTESIAN_POINT('',(27.675515460452,12.672107620342,
    -6.892601362992));
#5164 = CARTESIAN_POINT('',(27.677362286386,12.68509245183,
    -6.887225771995));
#5165 = CARTESIAN_POINT('',(27.679531800227,12.698030517445,
    -6.881859666446));
#5166 = CARTESIAN_POINT('',(27.682025104047,12.710913156932,
    -6.876506840364));
#5167 = CARTESIAN_POINT('',(27.684843841469,12.723731457206,
    -6.871171226559));
#5168 = CARTESIAN_POINT('',(27.69023657228,12.745575598437,
    -6.86206264763));
#5169 = CARTESIAN_POINT('',(27.692650872057,12.754638420919,
    -6.858278854037));
#5170 = CARTESIAN_POINT('',(27.695231417505,12.763662992738,
    -6.854506324517));
#5171 = CARTESIAN_POINT('',(27.697975965921,12.772644726985,
    -6.850747067532));
#5172 = CARTESIAN_POINT('',(27.700883415716,12.781582751651,
    -6.847001549529));
#5173 = CARTESIAN_POINT('',(27.703951898445,12.790472594703,
    -6.84327174483));
#5174 = CARTESIAN_POINT('',(27.707180389729,12.799312364903,
    -6.839558558046));
#5175 = CARTESIAN_POINT('',(27.717017115773,12.824828023333,
    -6.82882808845));
#5176 = CARTESIAN_POINT('',(27.72404173689,12.84136335587,
    -6.821858555985));
#5177 = CARTESIAN_POINT('',(27.731634570787,12.857685928591,
    -6.814963578204));
#5178 = CARTESIAN_POINT('',(27.739790031222,12.873775162354,
    -6.808152662206));
#5179 = CARTESIAN_POINT('',(27.748503929002,12.889608786318,
    -6.801436110524));
#5180 = CARTESIAN_POINT('',(27.757773471973,12.905162837942,
    -6.794825021128));
#5181 = CARTESIAN_POINT('',(27.767597265027,12.920411662985,
    -6.788331287425));
#5182 = CARTESIAN_POINT('',(27.78203853208,12.941167920861,
    -6.779476089557));
#5183 = CARTESIAN_POINT('',(27.786187758721,12.946957319526,
    -6.777004356447));
#5184 = CARTESIAN_POINT('',(27.790421707954,12.952695096073,
    -6.774552893251));
#5185 = CARTESIAN_POINT('',(27.794739159464,12.958380210747,
    -6.77212220532));
#5186 = CARTESIAN_POINT('',(27.799138954691,12.964011599465,
    -6.769712809024));
#5187 = CARTESIAN_POINT('',(27.803619996828,12.969588173816,
    -6.767325231756));
#5188 = CARTESIAN_POINT('',(27.808181250823,12.975108821064,
    -6.764960011931));
#5189 = CARTESIAN_POINT('',(27.825728056013,12.995767586551,
    -6.756103314643));
#5190 = CARTESIAN_POINT('',(27.839245510543,13.010520248929,
    -6.749766603279));
#5191 = CARTESIAN_POINT('',(27.853355283733,13.024807272663,
    -6.74361880257));
#5192 = CARTESIAN_POINT('',(27.868039472956,13.038601875074,
    -6.737672759954));
#5193 = CARTESIAN_POINT('',(27.883281096188,13.051873609423,
    -6.731942932637));
#5194 = CARTESIAN_POINT('',(27.899064092015,13.06458836491,
    -6.726445387588));
#5195 = CARTESIAN_POINT('',(27.915373319628,13.076708366672,
    -6.721197801541));
#5196 = CARTESIAN_POINT('',(27.93877862019,13.092687142095,
    -6.714270850209));
#5197 = CARTESIAN_POINT('',(27.945442432498,13.097084604316,
    -6.712363504695));
#5198 = CARTESIAN_POINT('',(27.952183459426,13.101383807165,
    -6.710497830778));
#5199 = CARTESIAN_POINT('',(27.958999250099,13.105583923344,
    -6.708674264252));
#5200 = CARTESIAN_POINT('',(27.96588743909,13.109684053545,
    -6.706893270389));
#5201 = CARTESIAN_POINT('',(27.972845746417,13.113683226446,
    -6.705155343929));
#5202 = CARTESIAN_POINT('',(27.979871977545,13.117580398716,
    -6.703461009091));
#5203 = CARTESIAN_POINT('',(27.99492135834,13.125631415266,
    -6.699959294241));
#5204 = CARTESIAN_POINT('',(28.002961477534,13.129758534826,
    -6.698163355901));
#5205 = CARTESIAN_POINT('',(28.011081415373,13.13375423627,
    -6.696423787257));
#5206 = CARTESIAN_POINT('',(28.019278239118,13.137616785954,
    -6.69474143631));
#5207 = CARTESIAN_POINT('',(28.027549048885,13.141344294003,
    -6.693117216348));
#5208 = CARTESIAN_POINT('',(28.035890977649,13.144934714317,
    -6.691552105948));
#5209 = CARTESIAN_POINT('',(28.044301191243,13.148385844567,
    -6.69004714897));
#5210 = CARTESIAN_POINT('',(28.06121585902,13.15499047049,
    -6.687166014518));
#5211 = CARTESIAN_POINT('',(28.069719702997,13.158145172499,
    -6.685789315329));
#5212 = CARTESIAN_POINT('',(28.078285554238,13.161157088303,
    -6.684474458675));
#5213 = CARTESIAN_POINT('',(28.086910642415,13.164023723618,
    -6.683222608848));
#5214 = CARTESIAN_POINT('',(28.095592071249,13.16674239152,
    -6.682035011173));
#5215 = CARTESIAN_POINT('',(28.104326758218,13.169310208257,
    -6.680912993661));
#5216 = CARTESIAN_POINT('',(28.113111535621,13.17172412714,
    -6.679857951914));
#5217 = CARTESIAN_POINT('',(28.132578062379,13.176698567982,
    -6.677683290897));
#5218 = CARTESIAN_POINT('',(28.143283141538,13.179188850502,
    -6.676594269071));
#5219 = CARTESIAN_POINT('',(28.154051074425,13.181452835404,
    -6.675603927384));
#5220 = CARTESIAN_POINT('',(28.164874498124,13.183491175544,
    -6.674712071223));
#5221 = CARTESIAN_POINT('',(28.175746262874,13.1853041993,
    -6.673918635761));
#5222 = CARTESIAN_POINT('',(28.18665943207,13.186891910572,
    -6.673223685956));
#5223 = CARTESIAN_POINT('',(28.197607282265,13.188253988782,
    -6.672627416555));
#5224 = CARTESIAN_POINT('',(28.221989046543,13.190776992883,
    -6.671522821377));
#5225 = CARTESIAN_POINT('',(28.235436280786,13.191826633572,
    -6.671063186259));
#5226 = CARTESIAN_POINT('',(28.248913305207,13.192537461326,
    -6.670751873611));
#5227 = CARTESIAN_POINT('',(28.262408057262,13.192907450498,
    -6.670589822634));
#5228 = CARTESIAN_POINT('',(28.275908112553,13.192933799415,
    -6.670578284856));
#5229 = CARTESIAN_POINT('',(28.289400684825,13.192612930375,
    -6.670718824133));
#5230 = CARTESIAN_POINT('',(28.302872625968,13.191940489649,
    -6.671013316649));
#5231 = CARTESIAN_POINT('',(28.331037418362,13.189783523913,
    -6.671957793179));
#5232 = CARTESIAN_POINT('',(28.345727041847,13.188229039119,
    -6.672638401503));
#5233 = CARTESIAN_POINT('',(28.36036331346,13.186257670208,
    -6.67350140982));
#5234 = CARTESIAN_POINT('',(28.374930592666,13.183878048268,
    -6.674542919767));
#5235 = CARTESIAN_POINT('',(28.389413581411,13.181097658372,
    -6.675759500685));
#5236 = CARTESIAN_POINT('',(28.40379732412,13.17792283958,
    -6.677148189614));
#5237 = CARTESIAN_POINT('',(28.418067207696,13.17435878493,
    -6.678706491297));
#5238 = CARTESIAN_POINT('',(28.440541519592,13.16808255638,
    -6.681449310932));
#5239 = CARTESIAN_POINT('',(28.448829376851,13.165621862402,
    -6.682524417273));
#5240 = CARTESIAN_POINT('',(28.457069504037,13.163028288409,
    -6.683657282624));
#5241 = CARTESIAN_POINT('',(28.465258782917,13.160302547398,
    -6.684847539081));
#5242 = CARTESIAN_POINT('',(28.473394006292,13.157445236472,
    -6.686094865424));
#5243 = CARTESIAN_POINT('',(28.481471877994,13.154456836841,
    -6.687398987106));
#5244 = CARTESIAN_POINT('',(28.489489012888,13.151337713814,
    -6.68875967626));
#5245 = CARTESIAN_POINT('',(28.513750539396,13.141424470524,
    -6.693082615439));
#5246 = CARTESIAN_POINT('',(28.529795061367,13.134213786947,
    -6.69622488506));
#5247 = CARTESIAN_POINT('',(28.545558238932,13.126480189301,
    -6.699592411662));
#5248 = CARTESIAN_POINT('',(28.561022725741,13.11824555443,
    -6.703174999681));
#5249 = CARTESIAN_POINT('',(28.576171092944,13.1095295128,
    -6.706963406889));
#5250 = CARTESIAN_POINT('',(28.590985829188,13.100349448496,
    -6.710949344392));
#5251 = CARTESIAN_POINT('',(28.60544934062,13.090720499227,
    -6.71512547663));
#5252 = CARTESIAN_POINT('',(28.624110428762,13.077394594927,
    -6.720898009008));
#5253 = CARTESIAN_POINT('',(28.628638068002,13.074087908685,
    -6.722329873622));
#5254 = CARTESIAN_POINT('',(28.633126221156,13.070735952868,
    -6.723780790919));
#5255 = CARTESIAN_POINT('',(28.637574220342,13.067339167088,
    -6.725250543152));
#5256 = CARTESIAN_POINT('',(28.641981377237,13.063897975294,
    -6.726738919127));
#5257 = CARTESIAN_POINT('',(28.646346983086,13.060412785774,
    -6.728245714207));
#5258 = CARTESIAN_POINT('',(28.650670308694,13.056883991152,
    -6.729770730311));
#5259 = CARTESIAN_POINT('',(28.669211034025,13.041411213959,
    -6.736454674834));
#5260 = CARTESIAN_POINT('',(28.682999328979,13.029029163614,
    -6.741796333032));
#5261 = CARTESIAN_POINT('',(28.696307171652,13.016196081274,
    -6.747324611831));
#5262 = CARTESIAN_POINT('',(28.709125272577,13.002939887853,
    -6.753026414897));
#5263 = CARTESIAN_POINT('',(28.721443370457,12.989286161255,
    -6.758889688229));
#5264 = CARTESIAN_POINT('',(28.733250232167,12.975258136375,
    -6.764903420168));
#5265 = CARTESIAN_POINT('',(28.744533652756,12.960876705097,
    -6.771057641394));
#5266 = CARTESIAN_POINT('',(28.758568128129,12.941658330445,
    -6.779266405114));
#5267 = CARTESIAN_POINT('',(28.761805486418,12.937124976809,
    -6.78120166735));
#5268 = CARTESIAN_POINT('',(28.764992117588,12.932560914517,
    -6.783148943923));
#5269 = CARTESIAN_POINT('',(28.768127587109,12.927966694594,
    -6.785107970938));
#5270 = CARTESIAN_POINT('',(28.771211438645,12.923342859966,
    -6.787078488307));
#5271 = CARTESIAN_POINT('',(28.774243194053,12.918689945455,
    -6.789060239754));
#5272 = CARTESIAN_POINT('',(28.777222353383,12.914008477785,
    -6.791052972808));
#5273 = CARTESIAN_POINT('',(28.784538793929,12.90223254842,
    -6.796062562588));
#5274 = CARTESIAN_POINT('',(28.788810332961,12.895102304854,
    -6.79909314817));
#5275 = CARTESIAN_POINT('',(28.792963274275,12.887910424845,
    -6.802147172337));
#5276 = CARTESIAN_POINT('',(28.796997308847,12.880659814939,
    -6.805223306468));
#5277 = CARTESIAN_POINT('',(28.800912391795,12.873352806747,
    -6.80832047019));
#5278 = CARTESIAN_POINT('',(28.804708481503,12.865991559381,
    -6.811437660126));
#5279 = CARTESIAN_POINT('',(28.808385190501,12.858578596588,
    -6.814573721302));
#5280 = CARTESIAN_POINT('',(28.815511314529,12.843628479849,
    -6.820892193208));
#5281 = CARTESIAN_POINT('',(28.818959885866,12.836091079601,
    -6.824074687523));
#5282 = CARTESIAN_POINT('',(28.822287796681,12.828505894716,
    -6.827274203009));
#5283 = CARTESIAN_POINT('',(28.825494693061,12.820875063673,
    -6.830489754822));
#5284 = CARTESIAN_POINT('',(28.82858014069,12.813200677326,
    -6.833720381987));
#5285 = CARTESIAN_POINT('',(28.831543624848,12.805484778908,
    -6.836965147393));
#5286 = CARTESIAN_POINT('',(28.834384550409,12.797729364026,
    -6.840223137793));
#5287 = CARTESIAN_POINT('',(28.839964808277,12.781727965799,
    -6.846938125572));
#5288 = CARTESIAN_POINT('',(28.842690635415,12.773477908411,
    -6.850396457474));
#5289 = CARTESIAN_POINT('',(28.845278930914,12.765188483373,
    -6.853867420474));
#5290 = CARTESIAN_POINT('',(28.847728780002,12.756861963261,
    -6.857349981655));
#5291 = CARTESIAN_POINT('',(28.850039145472,12.748500618351,
    -6.860843114223));
#5292 = CARTESIAN_POINT('',(28.852208867687,12.740106716626,
    -6.864345797508));
#5293 = CARTESIAN_POINT('',(28.854236664574,12.731682523768,
    -6.86785701696));
#5294 = CARTESIAN_POINT('',(28.858016747742,12.714728085187,
    -6.874915325868));
#5295 = CARTESIAN_POINT('',(28.859769444173,12.706196861596,
    -6.878462773621));
#5296 = CARTESIAN_POINT('',(28.861379503447,12.697639193454,
    -6.882016973114));
#5297 = CARTESIAN_POINT('',(28.862847102265,12.689057604583,
    -6.885576811981));
#5298 = CARTESIAN_POINT('',(28.8641723115,12.680454581562,
    -6.889141199789));
#5299 = CARTESIAN_POINT('',(28.865355096197,12.671832573725,
    -6.892709068033));
#5300 = CARTESIAN_POINT('',(28.866395315574,12.663193993165,
    -6.896279370145));
#5301 = CARTESIAN_POINT('',(28.868092078263,12.646833852338,
    -6.903032542044));
#5302 = CARTESIAN_POINT('',(28.868778121277,12.63911523681,
    -6.906215116027));
#5303 = CARTESIAN_POINT('',(28.86935067457,12.631387071404,
    -6.909398068875));
#5304 = CARTESIAN_POINT('',(28.869809490891,12.623651061144,
    -6.912580669681));
#5305 = CARTESIAN_POINT('',(28.870154253233,12.615908912816,
    -6.915762191186));
#5306 = CARTESIAN_POINT('',(28.870384574835,12.608162334969,
    -6.918941909778));
#5307 = CARTESIAN_POINT('',(28.870499999181,12.600413037915,
    -6.922119105497));
#5308 = CARTESIAN_POINT('',(28.8705,12.592662733729,-6.925293062031));
#5309 = PCURVE('',#4972,#5310);
#5310 = DEFINITIONAL_REPRESENTATION('',(#5311),#5468);
#5311 = B_SPLINE_CURVE_WITH_KNOTS('',8,(#5312,#5313,#5314,#5315,#5316,
    #5317,#5318,#5319,#5320,#5321,#5322,#5323,#5324,#5325,#5326,#5327,
    #5328,#5329,#5330,#5331,#5332,#5333,#5334,#5335,#5336,#5337,#5338,
    #5339,#5340,#5341,#5342,#5343,#5344,#5345,#5346,#5347,#5348,#5349,
    #5350,#5351,#5352,#5353,#5354,#5355,#5356,#5357,#5358,#5359,#5360,
    #5361,#5362,#5363,#5364,#5365,#5366,#5367,#5368,#5369,#5370,#5371,
    #5372,#5373,#5374,#5375,#5376,#5377,#5378,#5379,#5380,#5381,#5382,
    #5383,#5384,#5385,#5386,#5387,#5388,#5389,#5390,#5391,#5392,#5393,
    #5394,#5395,#5396,#5397,#5398,#5399,#5400,#5401,#5402,#5403,#5404,
    #5405,#5406,#5407,#5408,#5409,#5410,#5411,#5412,#5413,#5414,#5415,
    #5416,#5417,#5418,#5419,#5420,#5421,#5422,#5423,#5424,#5425,#5426,
    #5427,#5428,#5429,#5430,#5431,#5432,#5433,#5434,#5435,#5436,#5437,
    #5438,#5439,#5440,#5441,#5442,#5443,#5444,#5445,#5446,#5447,#5448,
    #5449,#5450,#5451,#5452,#5453,#5454,#5455,#5456,#5457,#5458,#5459,
    #5460,#5461,#5462,#5463,#5464,#5465,#5466,#5467),.UNSPECIFIED.,.F.,
  .F.,(9,7,7,7,7,7,7,7,7,7,7,7,7,7,7,7,7,7,7,7,7,7,9),(0.,
    2.063110211068E-02,7.836375609319E-02,0.119582874198,0.198063238902,
    0.228789870463,0.314246746807,0.347695854423,0.385226027755,
    0.422593582776,0.467588638004,0.52254407542,0.582771794215,
    0.618259006523,0.691030377463,0.714607517959,0.793158319116,
    0.817188894109,0.853245820878,0.889422291504,0.927527270907,
    0.96585765418,1.),.UNSPECIFIED.);
#5312 = CARTESIAN_POINT('',(0.953615500705,0.5625661695));
#5313 = CARTESIAN_POINT('',(0.953615911701,0.562788232609));
#5314 = CARTESIAN_POINT('',(0.953617003027,0.563010288442));
#5315 = CARTESIAN_POINT('',(0.953618773508,0.563232320127));
#5316 = CARTESIAN_POINT('',(0.953621222121,0.563454310528));
#5317 = CARTESIAN_POINT('',(0.953624347994,0.563676242236));
#5318 = CARTESIAN_POINT('',(0.953628150406,0.563898097577));
#5319 = CARTESIAN_POINT('',(0.953632628787,0.564119858607));
#5320 = CARTESIAN_POINT('',(0.953652205192,0.564961753011));
#5321 = CARTESIAN_POINT('',(0.953671917208,0.565581112675));
#5322 = CARTESIAN_POINT('',(0.953696910173,0.566199209433));
#5323 = CARTESIAN_POINT('',(0.953727184371,0.566815654027));
#5324 = CARTESIAN_POINT('',(0.953762748963,0.567430044618));
#5325 = CARTESIAN_POINT('',(0.95380362199,0.568041966779));
#5326 = CARTESIAN_POINT('',(0.953849830366,0.568650993503));
#5327 = CARTESIAN_POINT('',(0.953938235632,0.569689128268));
#5328 = CARTESIAN_POINT('',(0.953977814426,0.570119916241));
#5329 = CARTESIAN_POINT('',(0.954020118724,0.570548965625));
#5330 = CARTESIAN_POINT('',(0.954065111749,0.570976056891));
#5331 = CARTESIAN_POINT('',(0.954112775432,0.571401146936));
#5332 = CARTESIAN_POINT('',(0.954163079132,0.571824021448));
#5333 = CARTESIAN_POINT('',(0.954216006047,0.572244588657));
#5334 = CARTESIAN_POINT('',(0.95437726658,0.57345875232));
#5335 = CARTESIAN_POINT('',(0.954492426503,0.574245853554));
#5336 = CARTESIAN_POINT('',(0.954616901727,0.575023084828));
#5337 = CARTESIAN_POINT('',(0.954750600608,0.575789452865));
#5338 = CARTESIAN_POINT('',(0.954893454405,0.576543882391));
#5339 = CARTESIAN_POINT('',(0.955045417287,0.577285216131));
#5340 = CARTESIAN_POINT('',(0.955206466324,0.578012214815));
#5341 = CARTESIAN_POINT('',(0.955443212981,0.57900206164));
#5342 = CARTESIAN_POINT('',(0.955511234383,0.57927818395));
#5343 = CARTESIAN_POINT('',(0.955580644682,0.579551874645));
#5344 = CARTESIAN_POINT('',(0.955651423872,0.5798230831));
#5345 = CARTESIAN_POINT('',(0.955723552956,0.580091757516));
#5346 = CARTESIAN_POINT('',(0.955797013952,0.580357844924));
#5347 = CARTESIAN_POINT('',(0.95587178989,0.580621291177));
#5348 = CARTESIAN_POINT('',(0.956159447244,0.581607231842));
#5349 = CARTESIAN_POINT('',(0.956381048325,0.582311511579));
#5350 = CARTESIAN_POINT('',(0.956612359427,0.582993754339));
#5351 = CARTESIAN_POINT('',(0.956853087026,0.583652658643));
#5352 = CARTESIAN_POINT('',(0.9571029527,0.584286747369));
#5353 = CARTESIAN_POINT('',(0.957361693122,0.584894367747));
#5354 = CARTESIAN_POINT('',(0.957629060071,0.585473691362));
#5355 = CARTESIAN_POINT('',(0.958012756768,0.5862376114));
#5356 = CARTESIAN_POINT('',(0.95812200047,0.586447864684));
#5357 = CARTESIAN_POINT('',(0.958232509951,0.586653436526));
#5358 = CARTESIAN_POINT('',(0.958344245031,0.586854286035));
#5359 = CARTESIAN_POINT('',(0.958457166935,0.587050368906));
#5360 = CARTESIAN_POINT('',(0.958571238284,0.58724163742));
#5361 = CARTESIAN_POINT('',(0.958686423105,0.587428040442));
#5362 = CARTESIAN_POINT('',(0.95893313569,0.587813148723));
#5363 = CARTESIAN_POINT('',(0.959064941633,0.588010578844));
#5364 = CARTESIAN_POINT('',(0.959198056038,0.588201736641));
#5365 = CARTESIAN_POINT('',(0.959332430829,0.588386537543));
#5366 = CARTESIAN_POINT('',(0.959468018469,0.58856488955));
#5367 = CARTESIAN_POINT('',(0.959604771959,0.588736693235));
#5368 = CARTESIAN_POINT('',(0.959742644839,0.588901841745));
#5369 = CARTESIAN_POINT('',(0.96001993546,0.589217913719));
#5370 = CARTESIAN_POINT('',(0.960159343198,0.589368894835));
#5371 = CARTESIAN_POINT('',(0.960299767418,0.589513050583));
#5372 = CARTESIAN_POINT('',(0.960441162706,0.589650260258));
#5373 = CARTESIAN_POINT('',(0.960583481584,0.589780393987));
#5374 = CARTESIAN_POINT('',(0.960726673519,0.589903312533));
#5375 = CARTESIAN_POINT('',(0.960870686582,0.590018868923));
#5376 = CARTESIAN_POINT('',(0.96118981062,0.590257008564));
#5377 = CARTESIAN_POINT('',(0.961365304038,0.590376231188));
#5378 = CARTESIAN_POINT('',(0.961541827812,0.590484624744));
#5379 = CARTESIAN_POINT('',(0.961719261238,0.590582218889));
#5380 = CARTESIAN_POINT('',(0.961897487111,0.590669027957));
#5381 = CARTESIAN_POINT('',(0.962076391715,0.590745050958));
#5382 = CARTESIAN_POINT('',(0.962255864832,0.590810271586));
#5383 = CARTESIAN_POINT('',(0.962655566187,0.590931083033));
#5384 = CARTESIAN_POINT('',(0.962876012774,0.590981345623));
#5385 = CARTESIAN_POINT('',(0.963096947686,0.591015384737));
#5386 = CARTESIAN_POINT('',(0.963318173175,0.591033102453));
#5387 = CARTESIAN_POINT('',(0.963539485564,0.591034364179));
#5388 = CARTESIAN_POINT('',(0.963760675241,0.591018998642));
#5389 = CARTESIAN_POINT('',(0.963981526662,0.590986797898));
#5390 = CARTESIAN_POINT('',(0.964443244329,0.590883511415));
#5391 = CARTESIAN_POINT('',(0.964684057651,0.590809075808));
#5392 = CARTESIAN_POINT('',(0.964923996302,0.590714680177));
#5393 = CARTESIAN_POINT('',(0.965162803876,0.590600739923));
#5394 = CARTESIAN_POINT('',(0.965400229584,0.590467616166));
#5395 = CARTESIAN_POINT('',(0.965636028249,0.590315615751));
#5396 = CARTESIAN_POINT('',(0.965869960308,0.590144991243));
#5397 = CARTESIAN_POINT('',(0.966238390814,0.589844548133));
#5398 = CARTESIAN_POINT('',(0.966374256993,0.589726759256));
#5399 = CARTESIAN_POINT('',(0.966509340686,0.589602614902));
#5400 = CARTESIAN_POINT('',(0.966643590775,0.589472150193));
#5401 = CARTESIAN_POINT('',(0.966776954682,0.58933539477));
#5402 = CARTESIAN_POINT('',(0.966909378368,0.589192372799));
#5403 = CARTESIAN_POINT('',(0.967040806338,0.589043102966));
#5404 = CARTESIAN_POINT('',(0.967438534749,0.588568719911));
#5405 = CARTESIAN_POINT('',(0.96770155854,0.588223701404));
#5406 = CARTESIAN_POINT('',(0.96795996998,0.587853708423));
#5407 = CARTESIAN_POINT('',(0.968213484689,0.587459799352));
#5408 = CARTESIAN_POINT('',(0.96846181694,0.58704292549));
#5409 = CARTESIAN_POINT('',(0.968704679656,0.58660393105));
#5410 = CARTESIAN_POINT('',(0.968941784415,0.586143553163));
#5411 = CARTESIAN_POINT('',(0.969247701041,0.585506539164));
#5412 = CARTESIAN_POINT('',(0.969321923919,0.585348479945));
#5413 = CARTESIAN_POINT('',(0.969395499466,0.585188266452));
#5414 = CARTESIAN_POINT('',(0.969468416734,0.58502592017));
#5415 = CARTESIAN_POINT('',(0.969540664439,0.584861461842));
#5416 = CARTESIAN_POINT('',(0.969612230962,0.584694911464));
#5417 = CARTESIAN_POINT('',(0.969683104349,0.584526288286));
#5418 = CARTESIAN_POINT('',(0.969987047116,0.583786972028));
#5419 = CARTESIAN_POINT('',(0.970213081823,0.583195460661));
#5420 = CARTESIAN_POINT('',(0.970431240095,0.582582541115));
#5421 = CARTESIAN_POINT('',(0.970641369668,0.581949565236));
#5422 = CARTESIAN_POINT('',(0.970843302353,0.581297772323));
#5423 = CARTESIAN_POINT('',(0.971036854037,0.580628289123));
#5424 = CARTESIAN_POINT('',(0.971221824681,0.57994212983));
#5425 = CARTESIAN_POINT('',(0.971451893537,0.579025456768));
#5426 = CARTESIAN_POINT('',(0.971504963929,0.578809244534));
#5427 = CARTESIAN_POINT('',(0.97155720273,0.578591586543));
#5428 = CARTESIAN_POINT('',(0.971608602821,0.578372509557));
#5429 = CARTESIAN_POINT('',(0.97165915672,0.578152039945));
#5430 = CARTESIAN_POINT('',(0.97170885659,0.577930203685));
#5431 = CARTESIAN_POINT('',(0.971757694239,0.577707026359));
#5432 = CARTESIAN_POINT('',(0.97187763334,0.577145689735));
#5433 = CARTESIAN_POINT('',(0.971947657063,0.576805850406));
#5434 = CARTESIAN_POINT('',(0.972015736591,0.576463120692));
#5435 = CARTESIAN_POINT('',(0.972081866861,0.576117640678));
#5436 = CARTESIAN_POINT('',(0.972146047146,0.575769522977));
#5437 = CARTESIAN_POINT('',(0.972208276769,0.575418871917));
#5438 = CARTESIAN_POINT('',(0.972268549385,0.575065809143));
#5439 = CARTESIAN_POINT('',(0.972385368602,0.5743538743));
#5440 = CARTESIAN_POINT('',(0.972441901372,0.573994990854));
#5441 = CARTESIAN_POINT('',(0.972496456169,0.573633886005));
#5442 = CARTESIAN_POINT('',(0.972549027197,0.573270662923));
#5443 = CARTESIAN_POINT('',(0.972599607344,0.57290542244));
#5444 = CARTESIAN_POINT('',(0.972648188178,0.572538263058));
#5445 = CARTESIAN_POINT('',(0.97269475995,0.572169280943));
#5446 = CARTESIAN_POINT('',(0.972786238203,0.5714080969));
#5447 = CARTESIAN_POINT('',(0.972830923298,0.57101570754));
#5448 = CARTESIAN_POINT('',(0.9728733539,0.570621511431));
#5449 = CARTESIAN_POINT('',(0.97291351502,0.570225617962));
#5450 = CARTESIAN_POINT('',(0.972951389664,0.569828136318));
#5451 = CARTESIAN_POINT('',(0.97298695883,0.569429175489));
#5452 = CARTESIAN_POINT('',(0.97302020151,0.569028844265));
#5453 = CARTESIAN_POINT('',(0.973082170637,0.568223282669));
#5454 = CARTESIAN_POINT('',(0.973110903811,0.567818006659));
#5455 = CARTESIAN_POINT('',(0.973137298847,0.567411545975));
#5456 = CARTESIAN_POINT('',(0.973161358653,0.567004021505));
#5457 = CARTESIAN_POINT('',(0.973183084399,0.566595552258));
#5458 = CARTESIAN_POINT('',(0.973202475519,0.566186255362));
#5459 = CARTESIAN_POINT('',(0.973219529714,0.565776246069));
#5460 = CARTESIAN_POINT('',(0.973247348594,0.564999893135));
#5461 = CARTESIAN_POINT('',(0.973258596835,0.564633673797));
#5462 = CARTESIAN_POINT('',(0.973267984768,0.56426706104));
#5463 = CARTESIAN_POINT('',(0.973275508346,0.563900136183));
#5464 = CARTESIAN_POINT('',(0.973281162377,0.56353298055));
#5465 = CARTESIAN_POINT('',(0.973284940526,0.56316567548));
#5466 = CARTESIAN_POINT('',(0.973286835315,0.562798302318));
#5467 = CARTESIAN_POINT('',(0.973286838119,0.562430942421));
#5468 = ( GEOMETRIC_REPRESENTATION_CONTEXT(2) 
PARAMETRIC_REPRESENTATION_CONTEXT() REPRESENTATION_CONTEXT('2D SPACE',''
  ) );
#5469 = PCURVE('',#4330,#5470);
#5470 = DEFINITIONAL_REPRESENTATION('',(#5471),#5628);
#5471 = B_SPLINE_CURVE_WITH_KNOTS('',8,(#5472,#5473,#5474,#5475,#5476,
    #5477,#5478,#5479,#5480,#5481,#5482,#5483,#5484,#5485,#5486,#5487,
    #5488,#5489,#5490,#5491,#5492,#5493,#5494,#5495,#5496,#5497,#5498,
    #5499,#5500,#5501,#5502,#5503,#5504,#5505,#5506,#5507,#5508,#5509,
    #5510,#5511,#5512,#5513,#5514,#5515,#5516,#5517,#5518,#5519,#5520,
    #5521,#5522,#5523,#5524,#5525,#5526,#5527,#5528,#5529,#5530,#5531,
    #5532,#5533,#5534,#5535,#5536,#5537,#5538,#5539,#5540,#5541,#5542,
    #5543,#5544,#5545,#5546,#5547,#5548,#5549,#5550,#5551,#5552,#5553,
    #5554,#5555,#5556,#5557,#5558,#5559,#5560,#5561,#5562,#5563,#5564,
    #5565,#5566,#5567,#5568,#5569,#5570,#5571,#5572,#5573,#5574,#5575,
    #5576,#5577,#5578,#5579,#5580,#5581,#5582,#5583,#5584,#5585,#5586,
    #5587,#5588,#5589,#5590,#5591,#5592,#5593,#5594,#5595,#5596,#5597,
    #5598,#5599,#5600,#5601,#5602,#5603,#5604,#5605,#5606,#5607,#5608,
    #5609,#5610,#5611,#5612,#5613,#5614,#5615,#5616,#5617,#5618,#5619,
    #5620,#5621,#5622,#5623,#5624,#5625,#5626,#5627),.UNSPECIFIED.,.F.,
  .F.,(9,7,7,7,7,7,7,7,7,7,7,7,7,7,7,7,7,7,7,7,7,7,9),(0.,
    2.063110211068E-02,7.836375609319E-02,0.119582874198,0.198063238902,
    0.228789870463,0.314246746807,0.347695854423,0.385226027755,
    0.422593582776,0.467588638004,0.52254407542,0.582771794215,
    0.618259006523,0.691030377463,0.714607517959,0.793158319116,
    0.817188894109,0.853245820878,0.889422291504,0.927527270907,
    0.96585765418,1.),.UNSPECIFIED.);
#5472 = CARTESIAN_POINT('',(0.49999999983,4.751948851295E-02));
#5473 = CARTESIAN_POINT('',(0.501284933382,4.750273513998E-02));
#5474 = CARTESIAN_POINT('',(0.502569540725,4.748594115683E-02));
#5475 = CARTESIAN_POINT('',(0.503853878133,4.746910774427E-02));
#5476 = CARTESIAN_POINT('',(0.505138000306,4.745223623981E-02));
#5477 = CARTESIAN_POINT('',(0.50642196037,4.743532813764E-02));
#5478 = CARTESIAN_POINT('',(0.507705809873,4.741838508871E-02));
#5479 = CARTESIAN_POINT('',(0.508989598789,4.740140890068E-02));
#5480 = CARTESIAN_POINT('',(0.513865795225,4.733680932985E-02));
#5481 = CARTESIAN_POINT('',(0.51745812365,4.728897331468E-02));
#5482 = CARTESIAN_POINT('',(0.521051508947,4.724093491354E-02));
#5483 = CARTESIAN_POINT('',(0.524647083579,4.71927445287E-02));
#5484 = CARTESIAN_POINT('',(0.528245964319,4.714446154357E-02));
#5485 = CARTESIAN_POINT('',(0.531849252246,4.709615432271E-02));
#5486 = CARTESIAN_POINT('',(0.535458032749,4.704790021181E-02));
#5487 = CARTESIAN_POINT('',(0.541657338216,4.696543337737E-02));
#5488 = CARTESIAN_POINT('',(0.544239361646,4.693114634007E-02));
#5489 = CARTESIAN_POINT('',(0.54681502877,4.689692300029E-02));
#5490 = CARTESIAN_POINT('',(0.549392402749,4.686277506094E-02));
#5491 = CARTESIAN_POINT('',(0.551963303189,4.682870199773E-02));
#5492 = CARTESIAN_POINT('',(0.554535276938,4.679471898639E-02));
#5493 = CARTESIAN_POINT('',(0.557104582563,4.67608330941E-02));
#5494 = CARTESIAN_POINT('',(0.564564122443,4.666275262366E-02));
#5495 = CARTESIAN_POINT('',(0.569451551865,4.659884969367E-02));
#5496 = CARTESIAN_POINT('',(0.574338820564,4.653543566937E-02));
#5497 = CARTESIAN_POINT('',(0.579228944384,4.647262216373E-02));
#5498 = CARTESIAN_POINT('',(0.584124798247,4.6410546213E-02));
#5499 = CARTESIAN_POINT('',(0.589029116158,4.63493702767E-02));
#5500 = CARTESIAN_POINT('',(0.593944491203,4.628928223768E-02));
#5501 = CARTESIAN_POINT('',(0.600804349255,4.620747863014E-02));
#5502 = CARTESIAN_POINT('',(0.602733166625,4.618465172115E-02));
#5503 = CARTESIAN_POINT('',(0.604660054222,4.61620171362E-02));
#5504 = CARTESIAN_POINT('',(0.606585237186,4.613957777609E-02));
#5505 = CARTESIAN_POINT('',(0.60850893923,4.611733698137E-02));
#5506 = CARTESIAN_POINT('',(0.610431382638,4.609529853227E-02));
#5507 = CARTESIAN_POINT('',(0.612352788268,4.607346664873E-02));
#5508 = CARTESIAN_POINT('',(0.619614800783,4.599171733427E-02));
#5509 = CARTESIAN_POINT('',(0.624949688301,4.593322088178E-02));
#5510 = CARTESIAN_POINT('',(0.630283007528,4.587645857401E-02));
#5511 = CARTESIAN_POINT('',(0.635619347405,4.582155608068E-02));
#5512 = CARTESIAN_POINT('',(0.640962916399,4.576866280016E-02));
#5513 = CARTESIAN_POINT('',(0.646317542496,4.571795185947E-02));
#5514 = CARTESIAN_POINT('',(0.651686673208,4.56696201143E-02));
#5515 = CARTESIAN_POINT('',(0.659180678377,4.560598680327E-02));
#5516 = CARTESIAN_POINT('',(0.661285251796,4.558846942117E-02));
#5517 = CARTESIAN_POINT('',(0.663387418714,4.557134037432E-02));
#5518 = CARTESIAN_POINT('',(0.66548750086,4.555460421829E-02));
#5519 = CARTESIAN_POINT('',(0.667585818798,4.553826569256E-02));
#5520 = CARTESIAN_POINT('',(0.669682691931,4.552232972057E-02));
#5521 = CARTESIAN_POINT('',(0.671778438497,4.550680140967E-02));
#5522 = CARTESIAN_POINT('',(0.676223911283,4.547472651301E-02));
#5523 = CARTESIAN_POINT('',(0.678573421927,4.545828684014E-02));
#5524 = CARTESIAN_POINT('',(0.680922356544,4.544237449936E-02));
#5525 = CARTESIAN_POINT('',(0.683271153743,4.54269972263E-02));
#5526 = CARTESIAN_POINT('',(0.685620241708,4.541216302537E-02));
#5527 = CARTESIAN_POINT('',(0.687970038191,4.539788016984E-02));
#5528 = CARTESIAN_POINT('',(0.690320950516,4.538415720174E-02));
#5529 = CARTESIAN_POINT('',(0.695015649778,4.535790561419E-02));
#5530 = CARTESIAN_POINT('',(0.697359250309,4.534537205404E-02));
#5531 = CARTESIAN_POINT('',(0.699704975084,4.533341088448E-02));
#5532 = CARTESIAN_POINT('',(0.702052895346,4.532203084283E-02));
#5533 = CARTESIAN_POINT('',(0.704403230192,4.531124088815E-02));
#5534 = CARTESIAN_POINT('',(0.706756573941,4.530105014165E-02));
#5535 = CARTESIAN_POINT('',(0.709113476335,4.529146764995E-02));
#5536 = CARTESIAN_POINT('',(0.714310428526,4.527170599515E-02));
#5537 = CARTESIAN_POINT('',(0.717142535254,4.526179016362E-02));
#5538 = CARTESIAN_POINT('',(0.719970432266,4.525276115209E-02));
#5539 = CARTESIAN_POINT('',(0.72279486787,4.524462499068E-02));
#5540 = CARTESIAN_POINT('',(0.725616602179,4.523738706431E-02));
#5541 = CARTESIAN_POINT('',(0.728436407115,4.523105211276E-02));
#5542 = CARTESIAN_POINT('',(0.731255066407,4.522562423061E-02));
#5543 = CARTESIAN_POINT('',(0.737515574907,4.521558978045E-02));
#5544 = CARTESIAN_POINT('',(0.740957157616,4.521143067686E-02));
#5545 = CARTESIAN_POINT('',(0.74439963349,4.52086367113E-02));
#5546 = CARTESIAN_POINT('',(0.747844442632,4.520721344758E-02));
#5547 = CARTESIAN_POINT('',(0.751292955477,4.520716485854E-02));
#5548 = CARTESIAN_POINT('',(0.754746472797,4.520849332609E-02));
#5549 = CARTESIAN_POINT('',(0.758206225693,4.521119964114E-02));
#5550 = CARTESIAN_POINT('',(0.765467131982,4.521975742918E-02));
#5551 = CARTESIAN_POINT('',(0.769252328573,4.522589113497E-02));
#5552 = CARTESIAN_POINT('',(0.773030455184,4.52336682975E-02));
#5553 = CARTESIAN_POINT('',(0.776803090108,4.524307187654E-02));
#5554 = CARTESIAN_POINT('',(0.780571900118,4.525408361518E-02));
#5555 = CARTESIAN_POINT('',(0.784338640468,4.526668403981E-02));
#5556 = CARTESIAN_POINT('',(0.788105154894,4.528085246014E-02));
#5557 = CARTESIAN_POINT('',(0.794093705235,4.530582651797E-02));
#5558 = CARTESIAN_POINT('',(0.796314582545,4.53156230831E-02));
#5559 = CARTESIAN_POINT('',(0.798536416582,4.532595239113E-02));
#5560 = CARTESIAN_POINT('',(0.800759603837,4.533681008904E-02));
#5561 = CARTESIAN_POINT('',(0.802984528252,4.534819174427E-02));
#5562 = CARTESIAN_POINT('',(0.805211561218,4.53600928447E-02));
#5563 = CARTESIAN_POINT('',(0.807441061576,4.537250879869E-02));
#5564 = CARTESIAN_POINT('',(0.814247555365,4.541194064822E-02));
#5565 = CARTESIAN_POINT('',(0.818809863841,4.544062920867E-02));
#5566 = CARTESIAN_POINT('',(0.823362512305,4.547140913433E-02));
#5567 = CARTESIAN_POINT('',(0.827907928118,4.550419508157E-02));
#5568 = CARTESIAN_POINT('',(0.832448754743,4.553890784507E-02));
#5569 = CARTESIAN_POINT('',(0.836987851743,4.557547435787E-02));
#5570 = CARTESIAN_POINT('',(0.841528294784,4.561382769137E-02));
#5571 = CARTESIAN_POINT('',(0.847545954039,4.56668928287E-02));
#5572 = CARTESIAN_POINT('',(0.849019008006,4.56800599429E-02));
#5573 = CARTESIAN_POINT('',(0.850492644936,4.569340639391E-02));
#5574 = CARTESIAN_POINT('',(0.851966972838,4.57069302633E-02));
#5575 = CARTESIAN_POINT('',(0.853442100329,4.572062971815E-02));
#5576 = CARTESIAN_POINT('',(0.854918136636,4.573450301111E-02));
#5577 = CARTESIAN_POINT('',(0.856395191591,4.574854848033E-02));
#5578 = CARTESIAN_POINT('',(0.862799685532,4.581012455788E-02));
#5579 = CARTESIAN_POINT('',(0.867712955568,4.585943755463E-02));
#5580 = CARTESIAN_POINT('',(0.872615637513,4.591052841449E-02));
#5581 = CARTESIAN_POINT('',(0.877510430819,4.596324126253E-02));
#5582 = CARTESIAN_POINT('',(0.882400282624,4.601743947422E-02));
#5583 = CARTESIAN_POINT('',(0.887288387748,4.607300567538E-02));
#5584 = CARTESIAN_POINT('',(0.892178188694,4.61298417422E-02));
#5585 = CARTESIAN_POINT('',(0.89857094882,4.620562117148E-02));
#5586 = CARTESIAN_POINT('',(0.900069012622,4.62234850743E-02));
#5587 = CARTESIAN_POINT('',(0.901567667729,4.62414582737E-02));
#5588 = CARTESIAN_POINT('',(0.903067015375,4.625953871407E-02));
#5589 = CARTESIAN_POINT('',(0.904567157354,4.627772452016E-02));
#5590 = CARTESIAN_POINT('',(0.906068196022,4.629601399715E-02));
#5591 = CARTESIAN_POINT('',(0.907570234295,4.631440563062E-02));
#5592 = CARTESIAN_POINT('',(0.911330440235,4.636064497237E-02));
#5593 = CARTESIAN_POINT('',(0.913585858557,4.638863049293E-02));
#5594 = CARTESIAN_POINT('',(0.915837722362,4.641683636783E-02));
#5595 = CARTESIAN_POINT('',(0.918088169833,4.64452418376E-02));
#5596 = CARTESIAN_POINT('',(0.920336937131,4.647382946971E-02));
#5597 = CARTESIAN_POINT('',(0.922583356949,4.650258339125E-02));
#5598 = CARTESIAN_POINT('',(0.924829027537,4.653148692342E-02));
#5599 = CARTESIAN_POINT('',(0.929325209712,4.658966251838E-02));
#5600 = CARTESIAN_POINT('',(0.931575955357,4.661893518016E-02));
#5601 = CARTESIAN_POINT('',(0.933825889949,4.664833012345E-02));
#5602 = CARTESIAN_POINT('',(0.936075294714,4.667783404197E-02));
#5603 = CARTESIAN_POINT('',(0.938324454756,4.670743477804E-02));
#5604 = CARTESIAN_POINT('',(0.94057365905,4.673712132263E-02));
#5605 = CARTESIAN_POINT('',(0.942823200445,4.676688381529E-02));
#5606 = CARTESIAN_POINT('',(0.94744351194,4.6828133428E-02));
#5607 = CARTESIAN_POINT('',(0.949814332141,4.685962792748E-02));
#5608 = CARTESIAN_POINT('',(0.952186198842,4.689118680946E-02));
#5609 = CARTESIAN_POINT('',(0.954559466843,4.692280126625E-02));
#5610 = CARTESIAN_POINT('',(0.956934483167,4.695446391568E-02));
#5611 = CARTESIAN_POINT('',(0.959311587062,4.698616880107E-02));
#5612 = CARTESIAN_POINT('',(0.961691109998,4.70179113913E-02));
#5613 = CARTESIAN_POINT('',(0.966452462653,4.708165375839E-02));
#5614 = CARTESIAN_POINT('',(0.968829742318,4.711364243663E-02));
#5615 = CARTESIAN_POINT('',(0.971205531782,4.714563412571E-02));
#5616 = CARTESIAN_POINT('',(0.973580150313,4.717761001225E-02));
#5617 = CARTESIAN_POINT('',(0.975953919328,4.720955295931E-02));
#5618 = CARTESIAN_POINT('',(0.978327162391,4.724144750638E-02));
#5619 = CARTESIAN_POINT('',(0.98070020522,4.727327986933E-02));
#5620 = CARTESIAN_POINT('',(0.985187250476,4.733332607234E-02));
#5621 = CARTESIAN_POINT('',(0.987301228812,4.736155527066E-02));
#5622 = CARTESIAN_POINT('',(0.989415536614,4.738971687059E-02));
#5623 = CARTESIAN_POINT('',(0.991530400882,4.741780324079E-02));
#5624 = CARTESIAN_POINT('',(0.993646049684,4.744580778339E-02));
#5625 = CARTESIAN_POINT('',(0.995762712155,4.747372493405E-02));
#5626 = CARTESIAN_POINT('',(0.997880618502,4.750155016193E-02));
#5627 = CARTESIAN_POINT('',(1.,4.752927996967E-02));
#5628 = ( GEOMETRIC_REPRESENTATION_CONTEXT(2) 
PARAMETRIC_REPRESENTATION_CONTEXT() REPRESENTATION_CONTEXT('2D SPACE',''
  ) );
#5629 = ORIENTED_EDGE('',*,*,#4842,.F.);
#5630 = ADVANCED_FACE('',(#5631),#4330,.T.);
#5631 = FACE_BOUND('',#5632,.T.);
#5632 = EDGE_LOOP('',(#5633,#5634,#5635,#5636));
#5633 = ORIENTED_EDGE('',*,*,#4187,.T.);
#5634 = ORIENTED_EDGE('',*,*,#5108,.T.);
#5635 = ORIENTED_EDGE('',*,*,#5150,.F.);
#5636 = ORIENTED_EDGE('',*,*,#5128,.F.);
#5637 = ADVANCED_FACE('',(#5638),#4071,.T.);
#5638 = FACE_BOUND('',#5639,.T.);
#5639 = EDGE_LOOP('',(#5640,#5906,#5925,#5926));
#5640 = ORIENTED_EDGE('',*,*,#5641,.F.);
#5641 = EDGE_CURVE('',#5642,#5644,#5646,.T.);
#5642 = VERTEX_POINT('',#5643);
#5643 = CARTESIAN_POINT('',(28.8705,7.595164061972,-8.217114235693));
#5644 = VERTEX_POINT('',#5645);
#5645 = CARTESIAN_POINT('',(27.670546468663,7.596505633132,
    -8.216883818191));
#5646 = SURFACE_CURVE('',#5647,(#5707,#5770),.PCURVE_S1.);
#5647 = B_SPLINE_CURVE_WITH_KNOTS('',4,(#5648,#5649,#5650,#5651,#5652,
    #5653,#5654,#5655,#5656,#5657,#5658,#5659,#5660,#5661,#5662,#5663,
    #5664,#5665,#5666,#5667,#5668,#5669,#5670,#5671,#5672,#5673,#5674,
    #5675,#5676,#5677,#5678,#5679,#5680,#5681,#5682,#5683,#5684,#5685,
    #5686,#5687,#5688,#5689,#5690,#5691,#5692,#5693,#5694,#5695,#5696,
    #5697,#5698,#5699,#5700,#5701,#5702,#5703,#5704,#5705,#5706),
  .UNSPECIFIED.,.F.,.F.,(5,3,3,3,3,3,3,3,3,3,3,3,3,3,3,3,3,3,3,5),(0.,
    5.206168221692E-02,0.108863721951,0.159290141793,0.218121049414,
    0.267714539535,0.326097111463,0.376853676294,0.432796819063,
    0.485532413101,0.538667404948,0.59341476333,0.644175700481,
    0.700966147597,0.750169239051,0.808212920486,0.856652756654,
    0.91432039381,0.964770851902,1.),.UNSPECIFIED.);
#5648 = CARTESIAN_POINT('',(28.8705,7.595164061972,-8.217114235693));
#5649 = CARTESIAN_POINT('',(28.870499998788,7.570823315093,
    -8.221294327741));
#5650 = CARTESIAN_POINT('',(28.869146782932,7.546472250827,
    -8.22545319156));
#5651 = CARTESIAN_POINT('',(28.866490424372,7.522220284561,
    -8.229571336842));
#5652 = CARTESIAN_POINT('',(28.858245293567,7.471925883439,
    -8.238062743452));
#5653 = CARTESIAN_POINT('',(28.85241186983,7.445923097482,
    -8.242424865088));
#5654 = CARTESIAN_POINT('',(28.845067674458,7.420290611688,
    -8.246696984805));
#5655 = CARTESIAN_POINT('',(28.828315250786,7.372900488588,
    -8.254546092749));
#5656 = CARTESIAN_POINT('',(28.819225514114,7.351020585928,
    -8.258148989636));
#5657 = CARTESIAN_POINT('',(28.809000858479,7.329628393711,
    -8.261651476218));
#5658 = CARTESIAN_POINT('',(28.784486667175,7.284517175873,
    -8.268997498043));
#5659 = CARTESIAN_POINT('',(28.769804854613,7.261006459518,
    -8.272800280729));
#5660 = CARTESIAN_POINT('',(28.753711566674,7.238408094609,
    -8.27643197128));
#5661 = CARTESIAN_POINT('',(28.721520492926,7.198773580062,
    -8.282764851088));
#5662 = CARTESIAN_POINT('',(28.705812811694,7.181412447684,
    -8.285524010963));
#5663 = CARTESIAN_POINT('',(28.689218912569,7.164869859822,
    -8.288140187205));
#5664 = CARTESIAN_POINT('',(28.651312367029,7.130771589699,
    -8.29350938681));
#5665 = CARTESIAN_POINT('',(28.629686367586,7.113557324351,
    -8.296204269811));
#5666 = CARTESIAN_POINT('',(28.607042082993,7.097667619617,
    -8.298679357491));
#5667 = CARTESIAN_POINT('',(28.562989412092,7.070734620693,
    -8.302857981929));
#5668 = CARTESIAN_POINT('',(28.541795733672,7.059322919577,
    -8.30462106997));
#5669 = CARTESIAN_POINT('',(28.520015450922,7.049041498771,
    -8.306204277425));
#5670 = CARTESIAN_POINT('',(28.473195786434,7.029885793242,
    -8.30914658144));
#5671 = CARTESIAN_POINT('',(28.448052698837,7.02126336296,
    -8.310466129575));
#5672 = CARTESIAN_POINT('',(28.422440297368,7.014114453858,
    -8.311557569261));
#5673 = CARTESIAN_POINT('',(28.372025149943,7.00328673182,-8.31320838748
    ));
#5674 = CARTESIAN_POINT('',(28.347247336254,6.999429625395,
    -8.313795112509));
#5675 = CARTESIAN_POINT('',(28.322290110981,6.996940030772,
    -8.314173588469));
#5676 = CARTESIAN_POINT('',(28.272058953141,6.99469710948,
    -8.314514507789));
#5677 = CARTESIAN_POINT('',(28.246785854638,6.994964725019,
    -8.314473766101));
#5678 = CARTESIAN_POINT('',(28.2215683523,6.996631384678,-8.314220665391
    ));
#5679 = CARTESIAN_POINT('',(28.17075460385,7.002942458144,
    -8.313260491688));
#5680 = CARTESIAN_POINT('',(28.145156034886,7.007677504927,
    -8.312539603333));
#5681 = CARTESIAN_POINT('',(28.11987605453,7.013861549923,-8.31159666122
    ));
#5682 = CARTESIAN_POINT('',(28.072007357588,7.028497453141,
    -8.309358369194));
#5683 = CARTESIAN_POINT('',(28.049358275536,7.036750956764,
    -8.308093750967));
#5684 = CARTESIAN_POINT('',(28.027188670416,7.046186220431,
    -8.306644160585));
#5685 = CARTESIAN_POINT('',(27.981488682344,7.068669490225,
    -8.303177120129));
#5686 = CARTESIAN_POINT('',(27.958096176244,7.082020615042,
    -8.301111579618));
#5687 = CARTESIAN_POINT('',(27.935545964283,7.096715171719,
    -8.298828400967));
#5688 = CARTESIAN_POINT('',(27.895239755878,7.126490457422,
    -8.294177881341));
#5689 = CARTESIAN_POINT('',(27.87724701338,7.141256461669,
    -8.291862674139));
#5690 = CARTESIAN_POINT('',(27.860046010042,7.156911443547,
    -8.289397002975));
#5691 = CARTESIAN_POINT('',(27.824496029796,7.192882733255,
    -8.283702809005));
#5692 = CARTESIAN_POINT('',(27.806485064965,7.213542061634,
    -8.280415096653));
#5693 = CARTESIAN_POINT('',(27.78975780909,7.235223164233,
    -8.276943724308));
#5694 = CARTESIAN_POINT('',(27.761574669695,7.276650665824,
    -8.27026741154));
#5695 = CARTESIAN_POINT('',(27.749705409684,7.296122496214,
    -8.267113602421));
#5696 = CARTESIAN_POINT('',(27.73883562174,7.316149803507,
    -8.263852322875));
#5697 = CARTESIAN_POINT('',(27.717377906735,7.361092198385,
    -8.25649299267));
#5698 = CARTESIAN_POINT('',(27.707232306966,7.386225566344,
    -8.252351596935));
#5699 = CARTESIAN_POINT('',(27.698599755551,7.411897932358,
    -8.248093273547));
#5700 = CARTESIAN_POINT('',(27.685318771334,7.460788733985,
    -8.239929743784));
#5701 = CARTESIAN_POINT('',(27.680307414019,7.483910740643,
    -8.236047275967));
#5702 = CARTESIAN_POINT('',(27.676506605217,7.507250754992,
    -8.232105770217));
#5703 = CARTESIAN_POINT('',(27.67220137085,7.54709794716,-8.225338833234
    ));
#5704 = CARTESIAN_POINT('',(27.671047576794,7.563547956524,
    -8.222534467814));
#5705 = CARTESIAN_POINT('',(27.670497886443,7.580027909043,
    -8.219714221605));
#5706 = CARTESIAN_POINT('',(27.670546468663,7.596505633132,
    -8.216883818191));
#5707 = PCURVE('',#4071,#5708);
#5708 = DEFINITIONAL_REPRESENTATION('',(#5709),#5769);
#5709 = B_SPLINE_CURVE_WITH_KNOTS('',4,(#5710,#5711,#5712,#5713,#5714,
    #5715,#5716,#5717,#5718,#5719,#5720,#5721,#5722,#5723,#5724,#5725,
    #5726,#5727,#5728,#5729,#5730,#5731,#5732,#5733,#5734,#5735,#5736,
    #5737,#5738,#5739,#5740,#5741,#5742,#5743,#5744,#5745,#5746,#5747,
    #5748,#5749,#5750,#5751,#5752,#5753,#5754,#5755,#5756,#5757,#5758,
    #5759,#5760,#5761,#5762,#5763,#5764,#5765,#5766,#5767,#5768),
  .UNSPECIFIED.,.F.,.F.,(5,3,3,3,3,3,3,3,3,3,3,3,3,3,3,3,3,3,3,5),(0.,
    5.206168221692E-02,0.108863721951,0.159290141793,0.218121049414,
    0.267714539535,0.326097111463,0.376853676294,0.432796819063,
    0.485532413101,0.538667404948,0.59341476333,0.644175700481,
    0.700966147597,0.750169239051,0.808212920486,0.856652756654,
    0.91432039381,0.964770851902,1.),.UNSPECIFIED.);
#5710 = CARTESIAN_POINT('',(2.991296199749E-17,3.251097958583E-02));
#5711 = CARTESIAN_POINT('',(6.531058745694E-03,3.254869689628E-02));
#5712 = CARTESIAN_POINT('',(1.30344384177E-02,3.258908516001E-02));
#5713 = CARTESIAN_POINT('',(1.952292710928E-02,3.263138014281E-02));
#5714 = CARTESIAN_POINT('',(3.308826194718E-02,3.272306839948E-02));
#5715 = CARTESIAN_POINT('',(4.016479004583E-02,3.277275970586E-02));
#5716 = CARTESIAN_POINT('',(4.725755747069E-02,3.282385176697E-02));
#5717 = CARTESIAN_POINT('',(6.07089896631E-02,3.29229466157E-02));
#5718 = CARTESIAN_POINT('',(6.700985578724E-02,3.297059929028E-02));
#5719 = CARTESIAN_POINT('',(7.329671930062E-02,3.301860509252E-02));
#5720 = CARTESIAN_POINT('',(8.691559295953E-02,3.312248558959E-02));
#5721 = CARTESIAN_POINT('',(9.424690486998E-02,3.317832830606E-02));
#5722 = CARTESIAN_POINT('',(0.101596677463,3.323342367776E-02));
#5723 = CARTESIAN_POINT('',(0.115207640927,3.333292681382E-02));
#5724 = CARTESIAN_POINT('',(0.121408362592,3.337753669243E-02));
#5725 = CARTESIAN_POINT('',(0.12759585212,3.342079638651E-02));
#5726 = CARTESIAN_POINT('',(0.141065239831,3.351129330673E-02));
#5727 = CARTESIAN_POINT('',(0.14834652109,3.355786527065E-02));
#5728 = CARTESIAN_POINT('',(0.15564644661,3.360152292618E-02));
#5729 = CARTESIAN_POINT('',(0.169358640639,3.367653478711E-02));
#5730 = CARTESIAN_POINT('',(0.175709171124,3.37086329216E-02));
#5731 = CARTESIAN_POINT('',(0.182045994746,3.373784392723E-02));
#5732 = CARTESIAN_POINT('',(0.195366193396,3.379273478994E-02));
#5733 = CARTESIAN_POINT('',(0.202349280074,3.381774140866E-02));
#5734 = CARTESIAN_POINT('',(0.209349443393,3.383869449913E-02));
#5735 = CARTESIAN_POINT('',(0.223011016399,3.387035000241E-02));
#5736 = CARTESIAN_POINT('',(0.229611393666,3.388151179695E-02));
#5737 = CARTESIAN_POINT('',(0.23619686906,3.388875169713E-02));
#5738 = CARTESIAN_POINT('',(0.249417721787,3.389535542131E-02));
#5739 = CARTESIAN_POINT('',(0.25605293367,3.389465834132E-02));
#5740 = CARTESIAN_POINT('',(0.262703268192,3.388992216739E-02));
#5741 = CARTESIAN_POINT('',(0.276263721828,3.387137569936E-02));
#5742 = CARTESIAN_POINT('',(0.283113983611,3.38573317573E-02));
#5743 = CARTESIAN_POINT('',(0.28994797613,3.383919936262E-02));
#5744 = CARTESIAN_POINT('',(0.303119104526,3.379676940975E-02));
#5745 = CARTESIAN_POINT('',(0.309456048171,3.37730216409E-02));
#5746 = CARTESIAN_POINT('',(0.315806452075,3.374610471204E-02));
#5747 = CARTESIAN_POINT('',(0.329316117378,3.368235746325E-02));
#5748 = CARTESIAN_POINT('',(0.336416170328,3.364485488122E-02));
#5749 = CARTESIAN_POINT('',(0.343498730023,3.360411778234E-02));
#5750 = CARTESIAN_POINT('',(0.356719605932,3.352290915814E-02));
#5751 = CARTESIAN_POINT('',(0.36285751719,3.348313682219E-02));
#5752 = CARTESIAN_POINT('',(0.369008076333,3.344159333714E-02));
#5753 = CARTESIAN_POINT('',(0.382466677013,3.334793619874E-02));
#5754 = CARTESIAN_POINT('',(0.389716375217,3.329542336361E-02));
#5755 = CARTESIAN_POINT('',(0.396948391215,3.324152386353E-02));
#5756 = CARTESIAN_POINT('',(0.410219412326,3.314125246246E-02));
#5757 = CARTESIAN_POINT('',(0.416257687671,3.309511761751E-02));
#5758 = CARTESIAN_POINT('',(0.422308475491,3.30488303382E-02));
#5759 = CARTESIAN_POINT('',(0.435615165488,3.294836011628E-02));
#5760 = CARTESIAN_POINT('',(0.442814908059,3.28944670027E-02));
#5761 = CARTESIAN_POINT('',(0.449997592419,3.284139539433E-02));
#5762 = CARTESIAN_POINT('',(0.463467933093,3.274445153247E-02));
#5763 = CARTESIAN_POINT('',(0.469754892475,3.270026399137E-02));
#5764 = CARTESIAN_POINT('',(0.476055785049,3.265748796058E-02));
#5765 = CARTESIAN_POINT('',(0.486800956718,3.258842519534E-02));
#5766 = CARTESIAN_POINT('',(0.49120757792,3.256106195412E-02));
#5767 = CARTESIAN_POINT('',(0.495605889016,3.253468795139E-02));
#5768 = CARTESIAN_POINT('',(0.5,3.250933002794E-02));
#5769 = ( GEOMETRIC_REPRESENTATION_CONTEXT(2) 
PARAMETRIC_REPRESENTATION_CONTEXT() REPRESENTATION_CONTEXT('2D SPACE',''
  ) );
#5770 = PCURVE('',#5771,#5844);
#5771 = ( BOUNDED_SURFACE() B_SPLINE_SURFACE(1,3,(
    (#5772,#5773,#5774,#5775,#5776,#5777,#5778,#5779,#5780,#5781,#5782
      ,#5783,#5784,#5785,#5786,#5787,#5788,#5789,#5790,#5791,#5792,#5793
      ,#5794,#5795,#5796,#5797,#5798,#5799,#5800,#5801,#5802,#5803,#5804
      ,#5805,#5806,#5807)
    ,(#5808,#5809,#5810,#5811,#5812,#5813,#5814,#5815,#5816,#5817,#5818
      ,#5819,#5820,#5821,#5822,#5823,#5824,#5825,#5826,#5827,#5828,#5829
      ,#5830,#5831,#5832,#5833,#5834,#5835,#5836,#5837,#5838,#5839,#5840
      ,#5841,#5842,#5843
)),.UNSPECIFIED.,.F.,.F.,.F.) B_SPLINE_SURFACE_WITH_KNOTS((2,2),(4,1,1,1
    ,1,1,1,1,1,1,1,1,1,1,1,1,1,1,1,1,1,1,1,1,1,1,1,1,1,1,1,1,1,4),(0.,1.
    ),(0.,4.226054182415E-02,8.084072807768E-02,0.116760893815,
    0.150672743191,0.183026021368,0.214167554491,0.244371019147,
    0.273857551356,0.302807808399,0.331362985528,0.35962878334,
    0.387693476243,0.415630464063,0.44350366522,0.471560213615,
    0.500018534498,0.528889141757,0.558153094801,0.587767953074,
    0.617673121193,0.647794588349,0.678049152399,0.708348261133,
    0.738765178533,0.770855167217,0.80460388084,0.83920044304,
    0.873702141244,0.907179956746,0.938871006772,0.9684251051,
0.996257998802,1.),.UNSPECIFIED.) GEOMETRIC_REPRESENTATION_ITEM() 
RATIONAL_B_SPLINE_SURFACE((
    (1.,0.999999999894,1.000000000045,0.999999999989,1.000000000003
      ,0.999999999999,1.,1.,1.,1.,1.,1.,1.,1.,1.,1.,1.,1.,1.,1.,1.,1.,1.
      ,1.,1.,1.,1.,1.,1.,1.,1.,0.999999999999,1.000000000003
      ,0.999999999994,1.000000000002,1.)
    ,(1.,0.999999999894,1.000000000045,0.999999999989,1.000000000003
      ,0.999999999999,1.,1.,1.,1.,1.,1.,1.,1.,1.,1.,1.,1.,1.,1.,1.,1.,1.
      ,1.,1.,1.,1.,1.,1.,1.,1.,0.999999999999,1.000000000003
,0.999999999994,1.000000000002,1.
  ))) REPRESENTATION_ITEM('') SURFACE() );
#5772 = CARTESIAN_POINT('',(-26.23127031101,1.3,-8.55));
#5773 = CARTESIAN_POINT('',(-26.48517870371,1.496809190582,
    -8.565066766367));
#5774 = CARTESIAN_POINT('',(-26.9549605655,1.893835106052,
    -8.543644221511));
#5775 = CARTESIAN_POINT('',(-27.58248877665,2.522459104255,
    -8.551448718985));
#5776 = CARTESIAN_POINT('',(-28.11842112312,3.149130970453,
    -8.54986911169));
#5777 = CARTESIAN_POINT('',(-28.57947210985,3.774738193821,
    -8.549265947675));
#5778 = CARTESIAN_POINT('',(-28.97693671543,4.399868170264,
    -8.552862630469));
#5779 = CARTESIAN_POINT('',(-29.31923434369,5.024585964944,
    -8.530717910841));
#5780 = CARTESIAN_POINT('',(-29.61112218507,5.648984866434,
    -8.484175140551));
#5781 = CARTESIAN_POINT('',(-29.85678345039,6.273111219501,
    -8.416817089838));
#5782 = CARTESIAN_POINT('',(-30.05982987364,6.896905366274,
    -8.331641295583));
#5783 = CARTESIAN_POINT('',(-30.22322500684,7.52035509086,-8.23183406403
    ));
#5784 = CARTESIAN_POINT('',(-30.34842516195,8.143642064795,
    -8.120309447509));
#5785 = CARTESIAN_POINT('',(-30.43641877256,8.766860152114,
    -8.000681065055));
#5786 = CARTESIAN_POINT('',(-30.48985470068,9.389669989179,
    -7.874081506692));
#5787 = CARTESIAN_POINT('',(-30.50273443083,10.015006049248,
    -7.75049744242));
#5788 = CARTESIAN_POINT('',(-30.49925407044,10.639903406768,
    -7.60536395061));
#5789 = CARTESIAN_POINT('',(-30.50020434463,11.262074951454,
    -7.420001363144));
#5790 = CARTESIAN_POINT('',(-30.49994422861,11.884217289856,
    -7.205235134337));
#5791 = CARTESIAN_POINT('',(-30.50001535201,12.506048110319,
    -6.964102855032));
#5792 = CARTESIAN_POINT('',(-30.499995949,13.127721141906,
    -6.701805547255));
#5793 = CARTESIAN_POINT('',(-30.50000122516,13.749303560528,
    -6.423024401228));
#5794 = CARTESIAN_POINT('',(-30.49999979798,14.370684127348,
    -6.13224372859));
#5795 = CARTESIAN_POINT('',(-30.50000017423,14.992496802281,
    -5.835239438233));
#5796 = CARTESIAN_POINT('',(-30.50000010609,15.613632832785,
    -5.532232258406));
#5797 = CARTESIAN_POINT('',(-30.49999999864,16.255069687578,
    -5.237063779284));
#5798 = CARTESIAN_POINT('',(-30.50000053373,16.874436326679,
    -4.844574430879));
#5799 = CARTESIAN_POINT('',(-30.49999836611,17.488814544244,
    -4.391665959935));
#5800 = CARTESIAN_POINT('',(-30.50000673408,18.102651487775,
    -3.907822129893));
#5801 = CARTESIAN_POINT('',(-30.49997574917,18.716554274226,
    -3.427461397618));
#5802 = CARTESIAN_POINT('',(-30.50008600696,19.331121227202,
    -2.984162467601));
#5803 = CARTESIAN_POINT('',(-30.49970674331,19.948598973692,
    -2.611411122974));
#5804 = CARTESIAN_POINT('',(-30.46975737052,20.572889463245,
    -2.343148847576));
#5805 = CARTESIAN_POINT('',(-30.42864159107,21.033261702399,
    -2.254858937566));
#5806 = CARTESIAN_POINT('',(-30.4015011415,21.271787466535,
    -2.249989969724));
#5807 = CARTESIAN_POINT('',(-30.39817085033,21.3,-2.25));
#5808 = CARTESIAN_POINT('',(26.231270311019,1.3,-8.55));
#5809 = CARTESIAN_POINT('',(26.485178705279,1.496809190582,
    -8.565066766367));
#5810 = CARTESIAN_POINT('',(26.954960564845,1.893835106052,
    -8.543644221511));
#5811 = CARTESIAN_POINT('',(27.582488776812,2.522459104255,
    -8.551448718985));
#5812 = CARTESIAN_POINT('',(28.118421123087,3.149130970453,
    -8.54986911169));
#5813 = CARTESIAN_POINT('',(28.579472109868,3.774738193821,
    -8.549265947675));
#5814 = CARTESIAN_POINT('',(28.976936715429,4.399868170264,
    -8.552862630469));
#5815 = CARTESIAN_POINT('',(29.319234343695,5.024585964944,
    -8.530717910841));
#5816 = CARTESIAN_POINT('',(29.611122185074,5.648984866434,
    -8.484175140551));
#5817 = CARTESIAN_POINT('',(29.856783450391,6.273111219501,
    -8.416817089838));
#5818 = CARTESIAN_POINT('',(30.059829873644,6.896905366274,
    -8.331641295583));
#5819 = CARTESIAN_POINT('',(30.223225006849,7.52035509086,-8.23183406403
    ));
#5820 = CARTESIAN_POINT('',(30.348425161958,8.143642064795,
    -8.120309447509));
#5821 = CARTESIAN_POINT('',(30.436418772569,8.766860152114,
    -8.000681065055));
#5822 = CARTESIAN_POINT('',(30.489854700685,9.389669989179,
    -7.874081506692));
#5823 = CARTESIAN_POINT('',(30.502734430831,10.015006049248,
    -7.75049744242));
#5824 = CARTESIAN_POINT('',(30.499254070441,10.639903406768,
    -7.60536395061));
#5825 = CARTESIAN_POINT('',(30.50020434463,11.262074951454,
    -7.420001363144));
#5826 = CARTESIAN_POINT('',(30.499944228614,11.884217289856,
    -7.205235134337));
#5827 = CARTESIAN_POINT('',(30.50001535201,12.506048110319,
    -6.964102855032));
#5828 = CARTESIAN_POINT('',(30.499995949006,13.127721141906,
    -6.701805547255));
#5829 = CARTESIAN_POINT('',(30.500001225169,13.749303560528,
    -6.423024401228));
#5830 = CARTESIAN_POINT('',(30.499999797982,14.370684127348,
    -6.13224372859));
#5831 = CARTESIAN_POINT('',(30.50000017423,14.992496802281,
    -5.835239438233));
#5832 = CARTESIAN_POINT('',(30.500000106092,15.613632832785,
    -5.532232258406));
#5833 = CARTESIAN_POINT('',(30.499999998646,16.255069687578,
    -5.237063779284));
#5834 = CARTESIAN_POINT('',(30.500000533731,16.874436326679,
    -4.844574430879));
#5835 = CARTESIAN_POINT('',(30.499998366111,17.488814544244,
    -4.391665959935));
#5836 = CARTESIAN_POINT('',(30.500006734083,18.102651487775,
    -3.907822129893));
#5837 = CARTESIAN_POINT('',(30.499975749176,18.716554274226,
    -3.427461397618));
#5838 = CARTESIAN_POINT('',(30.500086006972,19.331121227202,
    -2.984162467601));
#5839 = CARTESIAN_POINT('',(30.499706743305,19.948598973692,
    -2.611411122974));
#5840 = CARTESIAN_POINT('',(30.469757370542,20.572889463245,
    -2.343148847576));
#5841 = CARTESIAN_POINT('',(30.428641591023,21.033261702399,
    -2.254858937566));
#5842 = CARTESIAN_POINT('',(30.401501141522,21.271787466535,
    -2.249989969724));
#5843 = CARTESIAN_POINT('',(30.398170850339,21.3,-2.25));
#5844 = DEFINITIONAL_REPRESENTATION('',(#5845),#5905);
#5845 = B_SPLINE_CURVE_WITH_KNOTS('',4,(#5846,#5847,#5848,#5849,#5850,
    #5851,#5852,#5853,#5854,#5855,#5856,#5857,#5858,#5859,#5860,#5861,
    #5862,#5863,#5864,#5865,#5866,#5867,#5868,#5869,#5870,#5871,#5872,
    #5873,#5874,#5875,#5876,#5877,#5878,#5879,#5880,#5881,#5882,#5883,
    #5884,#5885,#5886,#5887,#5888,#5889,#5890,#5891,#5892,#5893,#5894,
    #5895,#5896,#5897,#5898,#5899,#5900,#5901,#5902,#5903,#5904),
  .UNSPECIFIED.,.F.,.F.,(5,3,3,3,3,3,3,3,3,3,3,3,3,3,3,3,3,3,3,5),(0.,
    5.206168221692E-02,0.108863721951,0.159290141793,0.218121049414,
    0.267714539535,0.326097111463,0.376853676294,0.432796819063,
    0.485532413101,0.538667404948,0.59341476333,0.644175700481,
    0.700966147597,0.750169239051,0.808212920486,0.856652756654,
    0.91432039381,0.964770851902,1.),.UNSPECIFIED.);
#5846 = CARTESIAN_POINT('',(0.97745223622,0.334629920339));
#5847 = CARTESIAN_POINT('',(0.977538391302,0.333520637595));
#5848 = CARTESIAN_POINT('',(0.977603467359,0.332410319527));
#5849 = CARTESIAN_POINT('',(0.977647888231,0.331303938053));
#5850 = CARTESIAN_POINT('',(0.977697236993,0.329008291713));
#5851 = CARTESIAN_POINT('',(0.977698200011,0.327820726232));
#5852 = CARTESIAN_POINT('',(0.977674150547,0.326649380475));
#5853 = CARTESIAN_POINT('',(0.977579492254,0.324482527197));
#5854 = CARTESIAN_POINT('',(0.977514357376,0.323481570805));
#5855 = CARTESIAN_POINT('',(0.977429452804,0.322502419777));
#5856 = CARTESIAN_POINT('',(0.977203280006,0.320436604183));
#5857 = CARTESIAN_POINT('',(0.977054988442,0.319359305915));
#5858 = CARTESIAN_POINT('',(0.976880624379,0.318323212687));
#5859 = CARTESIAN_POINT('',(0.976510563939,0.316505104179));
#5860 = CARTESIAN_POINT('',(0.976322429941,0.315708336385));
#5861 = CARTESIAN_POINT('',(0.976116687583,0.314948802126));
#5862 = CARTESIAN_POINT('',(0.975632045286,0.313382613776));
#5863 = CARTESIAN_POINT('',(0.975346665282,0.312591528161));
#5864 = CARTESIAN_POINT('',(0.97503915117,0.311860989397));
#5865 = CARTESIAN_POINT('',(0.974424286208,0.310622294421));
#5866 = CARTESIAN_POINT('',(0.974122019412,0.31009725695));
#5867 = CARTESIAN_POINT('',(0.973805228309,0.30962408459));
#5868 = CARTESIAN_POINT('',(0.973111517363,0.308742304397));
#5869 = CARTESIAN_POINT('',(0.972731789777,0.308345267314));
#5870 = CARTESIAN_POINT('',(0.972337795457,0.308016012895));
#5871 = CARTESIAN_POINT('',(0.971547904567,0.307517265053));
#5872 = CARTESIAN_POINT('',(0.971153211451,0.307339563335));
#5873 = CARTESIAN_POINT('',(0.97074944291,0.307224858535));
#5874 = CARTESIAN_POINT('',(0.969924484617,0.307121517397));
#5875 = CARTESIAN_POINT('',(0.969503215631,0.307133845905));
#5876 = CARTESIAN_POINT('',(0.969076671685,0.307210642172));
#5877 = CARTESIAN_POINT('',(0.968204251634,0.307501396957));
#5878 = CARTESIAN_POINT('',(0.967757940036,0.307719530305));
#5879 = CARTESIAN_POINT('',(0.967310670952,0.308004377622));
#5880 = CARTESIAN_POINT('',(0.966451371298,0.308678357699));
#5881 = CARTESIAN_POINT('',(0.966039173966,0.309058366729));
#5882 = CARTESIAN_POINT('',(0.965630072254,0.309492684095));
#5883 = CARTESIAN_POINT('',(0.964774441274,0.310527282645));
#5884 = CARTESIAN_POINT('',(0.964328987093,0.311141477005));
#5885 = CARTESIAN_POINT('',(0.963892380995,0.311817217577));
#5886 = CARTESIAN_POINT('',(0.963098528951,0.313185829104));
#5887 = CARTESIAN_POINT('',(0.962738497884,0.313864311261));
#5888 = CARTESIAN_POINT('',(0.962388539106,0.314583353791));
#5889 = CARTESIAN_POINT('',(0.961651943436,0.316234796215));
#5890 = CARTESIAN_POINT('',(0.961269786901,0.317182818048));
#5891 = CARTESIAN_POINT('',(0.960905940451,0.318177186498));
#5892 = CARTESIAN_POINT('',(0.960275688892,0.320076085974));
#5893 = CARTESIAN_POINT('',(0.960003141321,0.320968207241));
#5894 = CARTESIAN_POINT('',(0.959745925868,0.321885333899));
#5895 = CARTESIAN_POINT('',(0.95921949863,0.323942387111));
#5896 = CARTESIAN_POINT('',(0.958957186535,0.325092112741));
#5897 = CARTESIAN_POINT('',(0.958719383594,0.326265790354));
#5898 = CARTESIAN_POINT('',(0.95832162319,0.328499618362));
#5899 = CARTESIAN_POINT('',(0.958155661384,0.329555527715));
#5900 = CARTESIAN_POINT('',(0.958010120154,0.330620839483));
#5901 = CARTESIAN_POINT('',(0.957799742821,0.332438665504));
#5902 = CARTESIAN_POINT('',(0.957723771713,0.333188849329));
#5903 = CARTESIAN_POINT('',(0.957658253466,0.333940134402));
#5904 = CARTESIAN_POINT('',(0.957603191277,0.334691059224));
#5905 = ( GEOMETRIC_REPRESENTATION_CONTEXT(2) 
PARAMETRIC_REPRESENTATION_CONTEXT() REPRESENTATION_CONTEXT('2D SPACE',''
  ) );
#5906 = ORIENTED_EDGE('',*,*,#5907,.F.);
#5907 = EDGE_CURVE('',#3805,#5642,#5908,.T.);
#5908 = SURFACE_CURVE('',#5909,(#5913,#5919),.PCURVE_S1.);
#5909 = LINE('',#5910,#5911);
#5910 = CARTESIAN_POINT('',(28.8705,7.595164061972,-8.022048358309));
#5911 = VECTOR('',#5912,1.);
#5912 = DIRECTION('',(0.,0.,-1.));
#5913 = PCURVE('',#4071,#5914);
#5914 = DEFINITIONAL_REPRESENTATION('',(#5915),#5918);
#5915 = B_SPLINE_CURVE_WITH_KNOTS('',1,(#5916,#5917),.UNSPECIFIED.,.F.,
  .F.,(2,2),(-2.771116669464E-13,5.999794285744),
  .PIECEWISE_BEZIER_KNOTS.);
#5916 = CARTESIAN_POINT('',(2.642318679394E-17,2.248815139893E-11));
#5917 = CARTESIAN_POINT('',(1.337609416362E-16,0.999965714291));
#5918 = ( GEOMETRIC_REPRESENTATION_CONTEXT(2) 
PARAMETRIC_REPRESENTATION_CONTEXT() REPRESENTATION_CONTEXT('2D SPACE',''
  ) );
#5919 = PCURVE('',#3884,#5920);
#5920 = DEFINITIONAL_REPRESENTATION('',(#5921),#5924);
#5921 = B_SPLINE_CURVE_WITH_KNOTS('',1,(#5922,#5923),.UNSPECIFIED.,.F.,
  .F.,(2,2),(-2.771116669464E-13,5.999794285744),
  .PIECEWISE_BEZIER_KNOTS.);
#5922 = CARTESIAN_POINT('',(1.,2.248816442866E-11));
#5923 = CARTESIAN_POINT('',(1.,0.999965714291));
#5924 = ( GEOMETRIC_REPRESENTATION_CONTEXT(2) 
PARAMETRIC_REPRESENTATION_CONTEXT() REPRESENTATION_CONTEXT('2D SPACE',''
  ) );
#5925 = ORIENTED_EDGE('',*,*,#3998,.T.);
#5926 = ORIENTED_EDGE('',*,*,#5927,.T.);
#5927 = EDGE_CURVE('',#3803,#5644,#5928,.T.);
#5928 = SURFACE_CURVE('',#5929,(#5933,#5939),.PCURVE_S1.);
#5929 = LINE('',#5930,#5931);
#5930 = CARTESIAN_POINT('',(27.670546468663,7.596505633132,
    -8.021827838154));
#5931 = VECTOR('',#5932,1.);
#5932 = DIRECTION('',(0.,0.,-1.));
#5933 = PCURVE('',#4071,#5934);
#5934 = DEFINITIONAL_REPRESENTATION('',(#5935),#5938);
#5935 = B_SPLINE_CURVE_WITH_KNOTS('',1,(#5936,#5937),.UNSPECIFIED.,.F.,
  .F.,(2,2),(1.247134624904E-06,5.999602257513),
  .PIECEWISE_BEZIER_KNOTS.);
#5936 = CARTESIAN_POINT('',(0.5,2.078783046752E-07));
#5937 = CARTESIAN_POINT('',(0.5,0.999933709585));
#5938 = ( GEOMETRIC_REPRESENTATION_CONTEXT(2) 
PARAMETRIC_REPRESENTATION_CONTEXT() REPRESENTATION_CONTEXT('2D SPACE',''
  ) );
#5939 = PCURVE('',#3884,#5940);
#5940 = DEFINITIONAL_REPRESENTATION('',(#5941),#5944);
#5941 = B_SPLINE_CURVE_WITH_KNOTS('',1,(#5942,#5943),.UNSPECIFIED.,.F.,
  .F.,(2,2),(1.247134624904E-06,5.999602257513),
  .PIECEWISE_BEZIER_KNOTS.);
#5942 = CARTESIAN_POINT('',(0.5,2.078783054636E-07));
#5943 = CARTESIAN_POINT('',(0.5,0.999933709585));
#5944 = ( GEOMETRIC_REPRESENTATION_CONTEXT(2) 
PARAMETRIC_REPRESENTATION_CONTEXT() REPRESENTATION_CONTEXT('2D SPACE',''
  ) );
#5945 = ADVANCED_FACE('',(#5946),#5771,.F.);
#5946 = FACE_BOUND('',#5947,.F.);
#5947 = EDGE_LOOP('',(#5948,#6428));
#5948 = ORIENTED_EDGE('',*,*,#5949,.F.);
#5949 = EDGE_CURVE('',#5644,#5642,#5950,.T.);
#5950 = SURFACE_CURVE('',#5951,(#6108,#6268),.PCURVE_S1.);
#5951 = B_SPLINE_CURVE_WITH_KNOTS('',8,(#5952,#5953,#5954,#5955,#5956,
    #5957,#5958,#5959,#5960,#5961,#5962,#5963,#5964,#5965,#5966,#5967,
    #5968,#5969,#5970,#5971,#5972,#5973,#5974,#5975,#5976,#5977,#5978,
    #5979,#5980,#5981,#5982,#5983,#5984,#5985,#5986,#5987,#5988,#5989,
    #5990,#5991,#5992,#5993,#5994,#5995,#5996,#5997,#5998,#5999,#6000,
    #6001,#6002,#6003,#6004,#6005,#6006,#6007,#6008,#6009,#6010,#6011,
    #6012,#6013,#6014,#6015,#6016,#6017,#6018,#6019,#6020,#6021,#6022,
    #6023,#6024,#6025,#6026,#6027,#6028,#6029,#6030,#6031,#6032,#6033,
    #6034,#6035,#6036,#6037,#6038,#6039,#6040,#6041,#6042,#6043,#6044,
    #6045,#6046,#6047,#6048,#6049,#6050,#6051,#6052,#6053,#6054,#6055,
    #6056,#6057,#6058,#6059,#6060,#6061,#6062,#6063,#6064,#6065,#6066,
    #6067,#6068,#6069,#6070,#6071,#6072,#6073,#6074,#6075,#6076,#6077,
    #6078,#6079,#6080,#6081,#6082,#6083,#6084,#6085,#6086,#6087,#6088,
    #6089,#6090,#6091,#6092,#6093,#6094,#6095,#6096,#6097,#6098,#6099,
    #6100,#6101,#6102,#6103,#6104,#6105,#6106,#6107),.UNSPECIFIED.,.F.,
  .F.,(9,7,7,7,7,7,7,7,7,7,7,7,7,7,7,7,7,7,7,7,7,7,9),(0.,
    1.979021629427E-02,7.358616589376E-02,0.125230047723,0.183251237533,
    0.232182283958,0.292818150159,0.341729758306,0.400752815133,
    0.451801348712,0.506576005851,0.561367348341,0.611362715616,
    0.668829986679,0.716176905221,0.774725924124,0.822627183261,
    0.879607072426,0.905211815667,0.91798946528,0.930739242482,
    0.965567966719,1.),.UNSPECIFIED.);
#5952 = CARTESIAN_POINT('',(27.670546468661,7.5965056323,-8.216883818334
    ));
#5953 = CARTESIAN_POINT('',(27.670560112715,7.601133095616,
    -8.216088951947));
#5954 = CARTESIAN_POINT('',(27.670614200821,7.605760400322,
    -8.215293400201));
#5955 = CARTESIAN_POINT('',(27.670708659858,7.61038713542,
    -8.214497236131));
#5956 = CARTESIAN_POINT('',(27.670843426258,7.615012890901,
    -8.213700532941));
#5957 = CARTESIAN_POINT('',(27.671018446004,7.619637257736,
    -8.212903364009));
#5958 = CARTESIAN_POINT('',(27.671233674638,7.624259827883,
    -8.212105802879));
#5959 = CARTESIAN_POINT('',(27.671489077252,7.628880194283,
    -8.211307923269));
#5960 = CARTESIAN_POINT('',(27.672588039727,7.646050445602,
    -8.208340249806));
#5961 = CARTESIAN_POINT('',(27.673688067485,7.658583366008,
    -8.206168943488));
#5962 = CARTESIAN_POINT('',(27.67508425552,7.671088875142,
    -8.203997308693));
#5963 = CARTESIAN_POINT('',(27.676776631936,7.683558830498,
    -8.201826844479));
#5964 = CARTESIAN_POINT('',(27.678765709192,7.695984784004,
    -8.199659120373));
#5965 = CARTESIAN_POINT('',(27.681052484095,7.708357982019,
    -8.197495776376));
#5966 = CARTESIAN_POINT('',(27.68363843781,7.720669365339,
    -8.195338522965));
#5967 = CARTESIAN_POINT('',(27.689297130538,7.744660114316,
    -8.191125743883));
#5968 = CARTESIAN_POINT('',(27.692347068483,7.756347693955,
    -8.189069137609));
#5969 = CARTESIAN_POINT('',(27.69567025434,7.767965653418,
    -8.187020610101));
#5970 = CARTESIAN_POINT('',(27.699262064377,7.779507356404,
    -8.184981455523));
#5971 = CARTESIAN_POINT('',(27.703118346482,7.790966184998,
    -8.18295297437));
#5972 = CARTESIAN_POINT('',(27.707235420156,7.802335539669,
    -8.180936473468));
#5973 = CARTESIAN_POINT('',(27.711610076517,7.813608839274,
    -8.178933265969));
#5974 = CARTESIAN_POINT('',(27.721440777211,7.837329621045,
    -8.174710513379));
#5975 = CARTESIAN_POINT('',(27.726963462331,7.849749790669,
    -8.172494870684));
#5976 = CARTESIAN_POINT('',(27.732803847706,7.862030772025,
    -8.170299603428));
#5977 = CARTESIAN_POINT('',(27.738958640769,7.874162738915,
    -8.168126686011));
#5978 = CARTESIAN_POINT('',(27.745425042333,7.886135296843,
    -8.165978207073));
#5979 = CARTESIAN_POINT('',(27.7522007466,7.897937483017,-8.163856369497
    ));
#5980 = CARTESIAN_POINT('',(27.759283941153,7.909557766346,
    -8.161763490406));
#5981 = CARTESIAN_POINT('',(27.772904985619,7.930620180169,
    -8.157963484269));
#5982 = CARTESIAN_POINT('',(27.779355953685,7.940120203421,
    -8.156246955081));
#5983 = CARTESIAN_POINT('',(27.786020147162,7.949480048521,
    -8.154553295195));
#5984 = CARTESIAN_POINT('',(27.792891878674,7.958695529382,
    -8.152883408207));
#5985 = CARTESIAN_POINT('',(27.799965837463,7.967762342508,
    -8.151238219723));
#5986 = CARTESIAN_POINT('',(27.807237089388,7.976676066996,
    -8.149618677359));
#5987 = CARTESIAN_POINT('',(27.814701076929,7.985432164529,
    -8.148025750737));
#5988 = CARTESIAN_POINT('',(27.83183674793,8.004675509303,
    -8.144520674055));
#5989 = CARTESIAN_POINT('',(27.841609053832,8.015075470553,
    -8.14262337729));
#5990 = CARTESIAN_POINT('',(27.851662758464,8.025217067631,
    -8.140770415481));
#5991 = CARTESIAN_POINT('',(27.861990403563,8.035090640248,
    -8.138963821711));
#5992 = CARTESIAN_POINT('',(27.872584851027,8.044685663325,
    -8.137205787861));
#5993 = CARTESIAN_POINT('',(27.883439282914,8.053990746996,
    -8.135498664611));
#5994 = CARTESIAN_POINT('',(27.894547201442,8.062993636604,
    -8.133844961436));
#5995 = CARTESIAN_POINT('',(27.915062068114,8.078688996632,
    -8.130958639572));
#5996 = CARTESIAN_POINT('',(27.92438456168,8.085493044245,
    -8.129706165127));
#5997 = CARTESIAN_POINT('',(27.933862540779,8.092091489967,
    -8.128490399042));
#5998 = CARTESIAN_POINT('',(27.94348896705,8.09848222043,-8.127311858039
    ));
#5999 = CARTESIAN_POINT('',(27.953257132679,8.104662874477,
    -8.126171099798));
#6000 = CARTESIAN_POINT('',(27.9631606604,8.110630843157,-8.125068722958
    ));
#6001 = CARTESIAN_POINT('',(27.973193503492,8.11638326973,
    -8.124005367119));
#6002 = CARTESIAN_POINT('',(27.995606030207,8.128594803345,
    -8.121746443154));
#6003 = CARTESIAN_POINT('',(28.008041649044,8.134953960599,
    -8.120569024741));
#6004 = CARTESIAN_POINT('',(28.02064691205,8.140989055445,
    -8.119450656549));
#6005 = CARTESIAN_POINT('',(28.033411936398,8.146693754916,
    -8.11839268805));
#6006 = CARTESIAN_POINT('',(28.046326846672,8.152060859066,
    -8.117396619233));
#6007 = CARTESIAN_POINT('',(28.059381774871,8.157082300968,
    -8.116464100604));
#6008 = CARTESIAN_POINT('',(28.07256686041,8.161749146716,
    -8.115596933191));
#6009 = CARTESIAN_POINT('',(28.097379964273,8.169772754755,
    -8.114105271254));
#6010 = CARTESIAN_POINT('',(28.108980090304,8.173222366673,
    -8.113463628105));
#6011 = CARTESIAN_POINT('',(28.120663711726,8.176401391889,
    -8.112872044236));
#6012 = CARTESIAN_POINT('',(28.132422196659,8.179310373732,
    -8.112330493896));
#6013 = CARTESIAN_POINT('',(28.144247197829,8.181949438143,
    -8.11183902043));
#6014 = CARTESIAN_POINT('',(28.156130652564,8.184318293677,
    -8.111397736286));
#6015 = CARTESIAN_POINT('',(28.168064782798,8.186416231501,
    -8.111006823007));
#6016 = CARTESIAN_POINT('',(28.192893655428,8.19020127755,
    -8.110301404506));
#6017 = CARTESIAN_POINT('',(28.205794516419,8.191847170874,
    -8.109994568389));
#6018 = CARTESIAN_POINT('',(28.218735470025,8.193178358514,
    -8.109746344103));
#6019 = CARTESIAN_POINT('',(28.23170709778,8.194192760336,
    -8.109557159376));
#6020 = CARTESIAN_POINT('',(28.244699770766,8.194887662924,
    -8.10942754845));
#6021 = CARTESIAN_POINT('',(28.257703649617,8.195259719583,
    -8.10935815208));
#6022 = CARTESIAN_POINT('',(28.270708684514,8.195304950334,
    -8.109349717535));
#6023 = CARTESIAN_POINT('',(28.296704504907,8.194732457019,
    -8.109456493367));
#6024 = CARTESIAN_POINT('',(28.309698319582,8.194114831201,
    -8.10957168539));
#6025 = CARTESIAN_POINT('',(28.322676027998,8.193170883833,
    -8.109747729482));
#6026 = CARTESIAN_POINT('',(28.335627778182,8.191904994328,
    -8.109983788558));
#6027 = CARTESIAN_POINT('',(28.348543897404,8.190320902133,
    -8.110279133626));
#6028 = CARTESIAN_POINT('',(28.361414892178,8.188421706734,
    -8.110633143792));
#6029 = CARTESIAN_POINT('',(28.374231448264,8.186209867654,
    -8.111045306258));
#6030 = CARTESIAN_POINT('',(28.398621120703,8.181385339012,
    -8.111943997509));
#6031 = CARTESIAN_POINT('',(28.410204543039,8.178824736029,
    -8.112420849273));
#6032 = CARTESIAN_POINT('',(28.421727707984,8.176006740202,
    -8.112945472031));
#6033 = CARTESIAN_POINT('',(28.43318334905,8.172932323804,-8.11351762785
    ));
#6034 = CARTESIAN_POINT('',(28.444563922939,8.169602086684,
    -8.114137140447));
#6035 = CARTESIAN_POINT('',(28.455861609554,8.166016256264,
    -8.114803895188));
#6036 = CARTESIAN_POINT('',(28.467068311989,8.162174687541,
    -8.115517839089));
#6037 = CARTESIAN_POINT('',(28.490943017333,8.153366616677,
    -8.117153875042));
#6038 = CARTESIAN_POINT('',(28.503582392942,8.148317138596,
    -8.118091250729));
#6039 = CARTESIAN_POINT('',(28.516085051901,8.142937636507,
    -8.119089263795));
#6040 = CARTESIAN_POINT('',(28.528442221604,8.137236546024,
    -8.12014620476));
#6041 = CARTESIAN_POINT('',(28.540645088294,8.131221530716,
    -8.121260498751));
#6042 = CARTESIAN_POINT('',(28.552684797066,8.124899482103,
    -8.122430705499));
#6043 = CARTESIAN_POINT('',(28.56455245187,8.118276519662,-8.12365551934
    ));
#6044 = CARTESIAN_POINT('',(28.585867674808,8.105657845303,
    -8.125986914038));
#6045 = CARTESIAN_POINT('',(28.595373111008,8.099757200356,
    -8.127076307309));
#6046 = CARTESIAN_POINT('',(28.604750344287,8.093659048021,
    -8.128201294507));
#6047 = CARTESIAN_POINT('',(28.61399400162,8.087366171523,
    -8.129361255793));
#6048 = CARTESIAN_POINT('',(28.623098416771,8.08088114527,
    -8.130555606015));
#6049 = CARTESIAN_POINT('',(28.632057630295,8.074206334854,
    -8.131783794704));
#6050 = CARTESIAN_POINT('',(28.640865389538,8.067343897052,
    -8.133045306075));
#6051 = CARTESIAN_POINT('',(28.660211407052,8.051580104099,
    -8.135940251007));
#6052 = CARTESIAN_POINT('',(28.670668875926,8.042578581698,
    -8.137591413949));
#6053 = CARTESIAN_POINT('',(28.680882273742,8.033303000374,
    -8.139290747487));
#6054 = CARTESIAN_POINT('',(28.690846015338,8.02376441121,
    -8.141035987212));
#6055 = CARTESIAN_POINT('',(28.700554211902,8.013973128623,
    -8.142825004669));
#6056 = CARTESIAN_POINT('',(28.710000670972,8.003938730364,
    -8.14465580736));
#6057 = CARTESIAN_POINT('',(28.719178896437,7.993670057512,
    -8.146526538745));
#6058 = CARTESIAN_POINT('',(28.735366128177,7.974588959539,
    -8.149997258543));
#6059 = CARTESIAN_POINT('',(28.742465864988,7.965851529274,
    -8.151584575012));
#6060 = CARTESIAN_POINT('',(28.74937749738,7.956967390712,
    -8.153196479621));
#6061 = CARTESIAN_POINT('',(28.756096878936,7.947940908352,
    -8.154832044008));
#6062 = CARTESIAN_POINT('',(28.762619518412,7.938776344167,
    -8.156490359466));
#6063 = CARTESIAN_POINT('',(28.768940579741,7.929477857603,
    -8.158170536946));
#6064 = CARTESIAN_POINT('',(28.775054882029,7.92004950558,
    -8.159871707058));
#6065 = CARTESIAN_POINT('',(28.787977518026,7.899130181012,
    -8.16364056985));
#6066 = CARTESIAN_POINT('',(28.794699602037,7.88758433807,
    -8.165717093834));
#6067 = CARTESIAN_POINT('',(28.801122070296,7.875869122615,
    -8.167820303035));
#6068 = CARTESIAN_POINT('',(28.807243370154,7.863995428631,
    -8.169948012751));
#6069 = CARTESIAN_POINT('',(28.813061477611,7.851973635145,
    -8.172098142569));
#6070 = CARTESIAN_POINT('',(28.818573897314,7.839813606223,
    -8.174268716361));
#6071 = CARTESIAN_POINT('',(28.823777662557,7.827524690967,
    -8.176457862288));
#6072 = CARTESIAN_POINT('',(28.83086747494,7.809539571419,
    -8.179655089083));
#6073 = CARTESIAN_POINT('',(28.833002569009,7.803939223733,
    -8.180649750444));
#6074 = CARTESIAN_POINT('',(28.835074292933,7.798315503904,
    -8.181647632572));
#6075 = CARTESIAN_POINT('',(28.837082295282,7.792669231282,
    -8.182648572449));
#6076 = CARTESIAN_POINT('',(28.839026197751,7.787001221126,
    -8.183652408338));
#6077 = CARTESIAN_POINT('',(28.840905595161,7.781312284606,
    -8.184658979791));
#6078 = CARTESIAN_POINT('',(28.842720055457,7.775603228805,
    -8.185668127643));
#6079 = CARTESIAN_POINT('',(28.845341963069,7.767016201552,
    -8.187184500511));
#6080 = CARTESIAN_POINT('',(28.84619852015,7.764152737113,
    -8.187689909108));
#6081 = CARTESIAN_POINT('',(28.847038733737,7.761284563741,
    -8.188195900089));
#6082 = CARTESIAN_POINT('',(28.847862544813,7.75841178205,-8.18870245373
    ));
#6083 = CARTESIAN_POINT('',(28.84866989255,7.755534492927,
    -8.189209550298));
#6084 = CARTESIAN_POINT('',(28.849460714319,7.752652797528,
    -8.189717170051));
#6085 = CARTESIAN_POINT('',(28.850234945683,7.749766797284,
    -8.190225293239));
#6086 = CARTESIAN_POINT('',(28.851748444019,7.743992695389,
    -8.191241397481));
#6087 = CARTESIAN_POINT('',(28.852487849996,7.741104314112,
    -8.191749428667));
#6088 = CARTESIAN_POINT('',(28.853210369645,7.73821289993,
    -8.192257737511));
#6089 = CARTESIAN_POINT('',(28.853916690345,7.735315192112,
    -8.192766893913));
#6090 = CARTESIAN_POINT('',(28.854605442951,7.732417080435,
    -8.193275863267));
#6091 = CARTESIAN_POINT('',(28.855278168924,7.729511485485,
    -8.193785885162));
#6092 = CARTESIAN_POINT('',(28.855933326323,7.726605051468,
    -8.194295792788));
#6093 = CARTESIAN_POINT('',(28.858316045498,7.715740015286,
    -8.19620098178));
#6094 = CARTESIAN_POINT('',(28.85993554433,7.707759263996,
    -8.197598446215));
#6095 = CARTESIAN_POINT('',(28.861430514206,7.699753647738,
    -8.198998271554));
#6096 = CARTESIAN_POINT('',(28.862801063261,7.691725524885,
    -8.200400011874));
#6097 = CARTESIAN_POINT('',(28.864047212542,7.68367721835,
    -8.201803230375));
#6098 = CARTESIAN_POINT('',(28.865168896013,7.675611015577,
    -8.20320749938));
#6099 = CARTESIAN_POINT('',(28.866165960549,7.667529168554,
    -8.204612400339));
#6100 = CARTESIAN_POINT('',(28.867900436073,7.651430822201,
    -8.207406643246));
#6101 = CARTESIAN_POINT('',(28.868640671438,7.643414665926,
    -8.208795973617));
#6102 = CARTESIAN_POINT('',(28.869258636351,7.635387566604,
    -8.21018511916));
#6103 = CARTESIAN_POINT('',(28.869754007196,7.627351682731,
    -8.211573684289));
#6104 = CARTESIAN_POINT('',(28.870126372426,7.619309189669,
    -8.212961273613));
#6105 = CARTESIAN_POINT('',(28.870375232564,7.611262279646,
    -8.214347491929));
#6106 = CARTESIAN_POINT('',(28.870500000202,7.603213161759,
    -8.215731944228));
#6107 = CARTESIAN_POINT('',(28.8705,7.595164061972,-8.217114235693));
#6108 = PCURVE('',#5771,#6109);
#6109 = DEFINITIONAL_REPRESENTATION('',(#6110),#6267);
#6110 = B_SPLINE_CURVE_WITH_KNOTS('',8,(#6111,#6112,#6113,#6114,#6115,
    #6116,#6117,#6118,#6119,#6120,#6121,#6122,#6123,#6124,#6125,#6126,
    #6127,#6128,#6129,#6130,#6131,#6132,#6133,#6134,#6135,#6136,#6137,
    #6138,#6139,#6140,#6141,#6142,#6143,#6144,#6145,#6146,#6147,#6148,
    #6149,#6150,#6151,#6152,#6153,#6154,#6155,#6156,#6157,#6158,#6159,
    #6160,#6161,#6162,#6163,#6164,#6165,#6166,#6167,#6168,#6169,#6170,
    #6171,#6172,#6173,#6174,#6175,#6176,#6177,#6178,#6179,#6180,#6181,
    #6182,#6183,#6184,#6185,#6186,#6187,#6188,#6189,#6190,#6191,#6192,
    #6193,#6194,#6195,#6196,#6197,#6198,#6199,#6200,#6201,#6202,#6203,
    #6204,#6205,#6206,#6207,#6208,#6209,#6210,#6211,#6212,#6213,#6214,
    #6215,#6216,#6217,#6218,#6219,#6220,#6221,#6222,#6223,#6224,#6225,
    #6226,#6227,#6228,#6229,#6230,#6231,#6232,#6233,#6234,#6235,#6236,
    #6237,#6238,#6239,#6240,#6241,#6242,#6243,#6244,#6245,#6246,#6247,
    #6248,#6249,#6250,#6251,#6252,#6253,#6254,#6255,#6256,#6257,#6258,
    #6259,#6260,#6261,#6262,#6263,#6264,#6265,#6266),.UNSPECIFIED.,.F.,
  .F.,(9,7,7,7,7,7,7,7,7,7,7,7,7,7,7,7,7,7,7,7,7,7,9),(0.,
    1.979021629427E-02,7.358616589376E-02,0.125230047723,0.183251237533,
    0.232182283958,0.292818150159,0.341729758306,0.400752815133,
    0.451801348712,0.506576005851,0.561367348341,0.611362715616,
    0.668829986679,0.716176905221,0.774725924124,0.822627183261,
    0.879607072426,0.905211815667,0.91798946528,0.930739242482,
    0.965567966719,1.),.UNSPECIFIED.);
#6111 = CARTESIAN_POINT('',(0.95760319128,0.334691059186));
#6112 = CARTESIAN_POINT('',(0.957587728097,0.334901942499));
#6113 = CARTESIAN_POINT('',(0.957572971789,0.335112801093));
#6114 = CARTESIAN_POINT('',(0.957558922421,0.335323616296));
#6115 = CARTESIAN_POINT('',(0.957545580198,0.335534369488));
#6116 = CARTESIAN_POINT('',(0.957532945461,0.335745042103));
#6117 = CARTESIAN_POINT('',(0.957521018689,0.335955615627));
#6118 = CARTESIAN_POINT('',(0.957509800498,0.3361660716));
#6119 = CARTESIAN_POINT('',(0.957470725514,0.336948106653));
#6120 = CARTESIAN_POINT('',(0.957447400887,0.337518803878));
#6121 = CARTESIAN_POINT('',(0.957429332766,0.338088128113));
#6122 = CARTESIAN_POINT('',(0.957416544205,0.338655710699));
#6123 = CARTESIAN_POINT('',(0.957409066301,0.339221169496));
#6124 = CARTESIAN_POINT('',(0.9574069382,0.339784108883));
#6125 = CARTESIAN_POINT('',(0.957410207091,0.340344119757));
#6126 = CARTESIAN_POINT('',(0.957427300291,0.341435170637));
#6127 = CARTESIAN_POINT('',(0.957440702106,0.34196659311));
#6128 = CARTESIAN_POINT('',(0.957459064489,0.342494747206));
#6129 = CARTESIAN_POINT('',(0.957482325447,0.343019334245));
#6130 = CARTESIAN_POINT('',(0.957510430161,0.343540056627));
#6131 = CARTESIAN_POINT('',(0.957543330985,0.344056617823));
#6132 = CARTESIAN_POINT('',(0.957580987449,0.344568722382));
#6133 = CARTESIAN_POINT('',(0.957670978603,0.345646080302));
#6134 = CARTESIAN_POINT('',(0.957724549763,0.346210069468));
#6135 = CARTESIAN_POINT('',(0.957784034073,0.346767628121));
#6136 = CARTESIAN_POINT('',(0.957849394872,0.347318315478));
#6137 = CARTESIAN_POINT('',(0.957920604492,0.347861665275));
#6138 = CARTESIAN_POINT('',(0.957997644266,0.348397185767));
#6139 = CARTESIAN_POINT('',(0.958080504524,0.348924359727));
#6140 = CARTESIAN_POINT('',(0.958243971196,0.349879729822));
#6141 = CARTESIAN_POINT('',(0.958322916825,0.350310577754));
#6142 = CARTESIAN_POINT('',(0.958405924852,0.350735007318));
#6143 = CARTESIAN_POINT('',(0.958492905107,0.351152832289));
#6144 = CARTESIAN_POINT('',(0.958583773876,0.351563861139));
#6145 = CARTESIAN_POINT('',(0.958678453899,0.351967897041));
#6146 = CARTESIAN_POINT('',(0.958776874371,0.352364737864));
#6147 = CARTESIAN_POINT('',(0.95900549044,0.353236771503));
#6148 = CARTESIAN_POINT('',(0.959137649937,0.353707982882));
#6149 = CARTESIAN_POINT('',(0.959275329766,0.354167418459));
#6150 = CARTESIAN_POINT('',(0.959418417768,0.354614647231));
#6151 = CARTESIAN_POINT('',(0.959566809294,0.355049199045));
#6152 = CARTESIAN_POINT('',(0.959720407202,0.3554705646));
#6153 = CARTESIAN_POINT('',(0.95987912186,0.355878195444));
#6154 = CARTESIAN_POINT('',(0.96017495874,0.356588764068));
#6155 = CARTESIAN_POINT('',(0.960310350306,0.35689676975));
#6156 = CARTESIAN_POINT('',(0.960448921254,0.35719543986));
#6157 = CARTESIAN_POINT('',(0.960590553389,0.357484681903));
#6158 = CARTESIAN_POINT('',(0.960735134915,0.357764392054));
#6159 = CARTESIAN_POINT('',(0.960882560433,0.358034455157));
#6160 = CARTESIAN_POINT('',(0.961032730942,0.358294744727));
#6161 = CARTESIAN_POINT('',(0.961369969871,0.358847260748));
#6162 = CARTESIAN_POINT('',(0.961558241447,0.359134956457));
#6163 = CARTESIAN_POINT('',(0.961750208354,0.35940796743));
#6164 = CARTESIAN_POINT('',(0.961945713427,0.359666011567));
#6165 = CARTESIAN_POINT('',(0.962144602554,0.359908767319));
#6166 = CARTESIAN_POINT('',(0.962346724675,0.360135873679));
#6167 = CARTESIAN_POINT('',(0.962551931781,0.360346930189));
#6168 = CARTESIAN_POINT('',(0.962940103555,0.360709776416));
#6169 = CARTESIAN_POINT('',(0.963122364692,0.360865767752));
#6170 = CARTESIAN_POINT('',(0.963306708023,0.361009516478));
#6171 = CARTESIAN_POINT('',(0.963492985636,0.361141049036));
#6172 = CARTESIAN_POINT('',(0.963681056011,0.361260372775));
#6173 = CARTESIAN_POINT('',(0.963870784021,0.361367475954));
#6174 = CARTESIAN_POINT('',(0.96406204093,0.361462327737));
#6175 = CARTESIAN_POINT('',(0.964461430767,0.361633453415));
#6176 = CARTESIAN_POINT('',(0.964669769829,0.361707863654));
#6177 = CARTESIAN_POINT('',(0.9648795713,0.361768044764));
#6178 = CARTESIAN_POINT('',(0.965090683908,0.361813903681));
#6179 = CARTESIAN_POINT('',(0.965302955388,0.361845318424));
#6180 = CARTESIAN_POINT('',(0.965516232485,0.361862138102));
#6181 = CARTESIAN_POINT('',(0.965730360951,0.361864182911));
#6182 = CARTESIAN_POINT('',(0.9661600756,0.361838301882));
#6183 = CARTESIAN_POINT('',(0.966375711447,0.361810380485));
#6184 = CARTESIAN_POINT('',(0.966591917231,0.361767706637));
#6185 = CARTESIAN_POINT('',(0.966808522455,0.361710477828));
#6186 = CARTESIAN_POINT('',(0.967025361987,0.361638862337));
#6187 = CARTESIAN_POINT('',(0.967242276055,0.361552999237));
#6188 = CARTESIAN_POINT('',(0.967459110253,0.361452998392));
#6189 = CARTESIAN_POINT('',(0.967873360974,0.361234865524));
#6190 = CARTESIAN_POINT('',(0.968070810132,0.361119089124));
#6191 = CARTESIAN_POINT('',(0.968267949,0.36099167085));
#6192 = CARTESIAN_POINT('',(0.9684646605,0.360852653261));
#6193 = CARTESIAN_POINT('',(0.968660824486,0.360702061877));
#6194 = CARTESIAN_POINT('',(0.96885631774,0.360539905178));
#6195 = CARTESIAN_POINT('',(0.969051013978,0.360366174608));
#6196 = CARTESIAN_POINT('',(0.969467513033,0.359967816859));
#6197 = CARTESIAN_POINT('',(0.969689074198,0.359739433769));
#6198 = CARTESIAN_POINT('',(0.96990931052,0.359496108342));
#6199 = CARTESIAN_POINT('',(0.970128066888,0.359238218497));
#6200 = CARTESIAN_POINT('',(0.970345189897,0.358966107036));
#6201 = CARTESIAN_POINT('',(0.970560527847,0.358680081641));
#6202 = CARTESIAN_POINT('',(0.970773930744,0.358380414874));
#6203 = CARTESIAN_POINT('',(0.971159355034,0.357809406608));
#6204 = CARTESIAN_POINT('',(0.971332040841,0.357542376373));
#6205 = CARTESIAN_POINT('',(0.971503223437,0.357266386331));
#6206 = CARTESIAN_POINT('',(0.971672814398,0.3569815598));
#6207 = CARTESIAN_POINT('',(0.971840721155,0.356688010549));
#6208 = CARTESIAN_POINT('',(0.972006847001,0.356385842808));
#6209 = CARTESIAN_POINT('',(0.972171091088,0.356075151259));
#6210 = CARTESIAN_POINT('',(0.972533995217,0.355361385792));
#6211 = CARTESIAN_POINT('',(0.972731655738,0.354953759836));
#6212 = CARTESIAN_POINT('',(0.972926225989,0.354533671061));
#6213 = CARTESIAN_POINT('',(0.973117598557,0.354101614023));
#6214 = CARTESIAN_POINT('',(0.973305662611,0.353658049948));
#6215 = CARTESIAN_POINT('',(0.973490303903,0.353203406727));
#6216 = CARTESIAN_POINT('',(0.973671404769,0.352738078921));
#6217 = CARTESIAN_POINT('',(0.973994014089,0.351873278326));
#6218 = CARTESIAN_POINT('',(0.974136729139,0.351477228551));
#6219 = CARTESIAN_POINT('',(0.974276921639,0.351074477545));
#6220 = CARTESIAN_POINT('',(0.974414518294,0.3506652198));
#6221 = CARTESIAN_POINT('',(0.974549440151,0.350249645192));
#6222 = CARTESIAN_POINT('',(0.9746816026,0.349827938976));
#6223 = CARTESIAN_POINT('',(0.974810915376,0.349400281789));
#6224 = CARTESIAN_POINT('',(0.975087599877,0.34845127008));
#6225 = CARTESIAN_POINT('',(0.975233787617,0.347927400228));
#6226 = CARTESIAN_POINT('',(0.975375805647,0.347395751929));
#6227 = CARTESIAN_POINT('',(0.975513606554,0.346856813944));
#6228 = CARTESIAN_POINT('',(0.97564713564,0.346311051965));
#6229 = CARTESIAN_POINT('',(0.975776330923,0.345758908613));
#6230 = CARTESIAN_POINT('',(0.975901123135,0.345200803435));
#6231 = CARTESIAN_POINT('',(0.976075499876,0.344383839265));
#6232 = CARTESIAN_POINT('',(0.976128658907,0.344129423924));
#6233 = CARTESIAN_POINT('',(0.976180905602,0.343873923854));
#6234 = CARTESIAN_POINT('',(0.976232232265,0.34361737585));
#6235 = CARTESIAN_POINT('',(0.976282630726,0.343359816536));
#6236 = CARTESIAN_POINT('',(0.976332092335,0.343101282363));
#6237 = CARTESIAN_POINT('',(0.976380607968,0.34284180961));
#6238 = CARTESIAN_POINT('',(0.976451902129,0.342451498173));
#6239 = CARTESIAN_POINT('',(0.976475398253,0.342321337266));
#6240 = CARTESIAN_POINT('',(0.976498655196,0.342190956177));
#6241 = CARTESIAN_POINT('',(0.976521671725,0.342060359432));
#6242 = CARTESIAN_POINT('',(0.976544446577,0.341929551569));
#6243 = CARTESIAN_POINT('',(0.97656697845,0.341798537142));
#6244 = CARTESIAN_POINT('',(0.976589266012,0.341667320717));
#6245 = CARTESIAN_POINT('',(0.976633301719,0.341404779701));
#6246 = CARTESIAN_POINT('',(0.976655053026,0.341273442419));
#6247 = CARTESIAN_POINT('',(0.976676550958,0.341141960926));
#6248 = CARTESIAN_POINT('',(0.976697817804,0.341010186863));
#6249 = CARTESIAN_POINT('',(0.976718811369,0.340878388079));
#6250 = CARTESIAN_POINT('',(0.976739580778,0.340746242529));
#6251 = CARTESIAN_POINT('',(0.976760078459,0.340614052376));
#6252 = CARTESIAN_POINT('',(0.976835665711,0.34011986562));
#6253 = CARTESIAN_POINT('',(0.976889145802,0.339756819697));
#6254 = CARTESIAN_POINT('',(0.976940770269,0.339392593592));
#6255 = CARTESIAN_POINT('',(0.976990533906,0.339027293791));
#6256 = CARTESIAN_POINT('',(0.977038429997,0.33866102524));
#6257 = CARTESIAN_POINT('',(0.977084450314,0.338293891341));
#6258 = CARTESIAN_POINT('',(0.977128585117,0.337925993958));
#6259 = CARTESIAN_POINT('',(0.9772125801,0.337193070677));
#6260 = CARTESIAN_POINT('',(0.977252483044,0.336828061576));
#6261 = CARTESIAN_POINT('',(0.977290521069,0.336462503037));
#6262 = CARTESIAN_POINT('',(0.977326681555,0.336096492831));
#6263 = CARTESIAN_POINT('',(0.977360950183,0.335730129575));
#6264 = CARTESIAN_POINT('',(0.977393310932,0.33536351273));
#6265 = CARTESIAN_POINT('',(0.977423746084,0.334996742601));
#6266 = CARTESIAN_POINT('',(0.97745223622,0.334629920339));
#6267 = ( GEOMETRIC_REPRESENTATION_CONTEXT(2) 
PARAMETRIC_REPRESENTATION_CONTEXT() REPRESENTATION_CONTEXT('2D SPACE',''
  ) );
#6268 = PCURVE('',#3884,#6269);
#6269 = DEFINITIONAL_REPRESENTATION('',(#6270),#6427);
#6270 = B_SPLINE_CURVE_WITH_KNOTS('',8,(#6271,#6272,#6273,#6274,#6275,
    #6276,#6277,#6278,#6279,#6280,#6281,#6282,#6283,#6284,#6285,#6286,
    #6287,#6288,#6289,#6290,#6291,#6292,#6293,#6294,#6295,#6296,#6297,
    #6298,#6299,#6300,#6301,#6302,#6303,#6304,#6305,#6306,#6307,#6308,
    #6309,#6310,#6311,#6312,#6313,#6314,#6315,#6316,#6317,#6318,#6319,
    #6320,#6321,#6322,#6323,#6324,#6325,#6326,#6327,#6328,#6329,#6330,
    #6331,#6332,#6333,#6334,#6335,#6336,#6337,#6338,#6339,#6340,#6341,
    #6342,#6343,#6344,#6345,#6346,#6347,#6348,#6349,#6350,#6351,#6352,
    #6353,#6354,#6355,#6356,#6357,#6358,#6359,#6360,#6361,#6362,#6363,
    #6364,#6365,#6366,#6367,#6368,#6369,#6370,#6371,#6372,#6373,#6374,
    #6375,#6376,#6377,#6378,#6379,#6380,#6381,#6382,#6383,#6384,#6385,
    #6386,#6387,#6388,#6389,#6390,#6391,#6392,#6393,#6394,#6395,#6396,
    #6397,#6398,#6399,#6400,#6401,#6402,#6403,#6404,#6405,#6406,#6407,
    #6408,#6409,#6410,#6411,#6412,#6413,#6414,#6415,#6416,#6417,#6418,
    #6419,#6420,#6421,#6422,#6423,#6424,#6425,#6426),.UNSPECIFIED.,.F.,
  .F.,(9,7,7,7,7,7,7,7,7,7,7,7,7,7,7,7,7,7,7,7,7,7,9),(0.,
    1.979021629427E-02,7.358616589376E-02,0.125230047723,0.183251237533,
    0.232182283958,0.292818150159,0.341729758306,0.400752815133,
    0.451801348712,0.506576005851,0.561367348341,0.611362715616,
    0.668829986679,0.716176905221,0.774725924124,0.822627183261,
    0.879607072426,0.905211815667,0.91798946528,0.930739242482,
    0.965567966719,1.),.UNSPECIFIED.);
#6271 = CARTESIAN_POINT('',(0.499999999778,3.250933002922E-02));
#6272 = CARTESIAN_POINT('',(0.501234004833,3.250220871746E-02));
#6273 = CARTESIAN_POINT('',(0.502467724903,3.249515608882E-02));
#6274 = CARTESIAN_POINT('',(0.503701211447,3.248817248053E-02));
#6275 = CARTESIAN_POINT('',(0.504934516099,3.248125832912E-02));
#6276 = CARTESIAN_POINT('',(0.506167690668,3.247441417047E-02));
#6277 = CARTESIAN_POINT('',(0.507400787143,3.246764063976E-02));
#6278 = CARTESIAN_POINT('',(0.508633857688,3.246093847152E-02));
#6279 = CARTESIAN_POINT('',(0.513218883062,3.243628624001E-02));
#6280 = CARTESIAN_POINT('',(0.516570961456,3.241879768462E-02));
#6281 = CARTESIAN_POINT('',(0.519924287787,3.240185931367E-02));
#6282 = CARTESIAN_POINT('',(0.5232799312,3.238549319373E-02));
#6283 = CARTESIAN_POINT('',(0.526638932016,3.236972697773E-02));
#6284 = CARTESIAN_POINT('',(0.530002301737,3.235459390493E-02));
#6285 = CARTESIAN_POINT('',(0.533371023043,3.234013280092E-02));
#6286 = CARTESIAN_POINT('',(0.539986925351,3.231319347754E-02));
#6287 = CARTESIAN_POINT('',(0.543222271256,3.230064356863E-02));
#6288 = CARTESIAN_POINT('',(0.54645294311,3.228871378892E-02));
#6289 = CARTESIAN_POINT('',(0.549679815262,3.227738329724E-02));
#6290 = CARTESIAN_POINT('',(0.552903780801,3.22666349733E-02));
#6291 = CARTESIAN_POINT('',(0.556125751562,3.225645541762E-02));
#6292 = CARTESIAN_POINT('',(0.559346658123,3.224683495157E-02));
#6293 = CARTESIAN_POINT('',(0.566185953752,3.22275806542E-02));
#6294 = CARTESIAN_POINT('',(0.569804267823,3.221809092075E-02));
#6295 = CARTESIAN_POINT('',(0.573423735627,3.220928998073E-02));
#6296 = CARTESIAN_POINT('',(0.577045669955,3.22011739236E-02));
#6297 = CARTESIAN_POINT('',(0.580671352785,3.219374336452E-02));
#6298 = CARTESIAN_POINT('',(0.584302035277,3.218700344431E-02));
#6299 = CARTESIAN_POINT('',(0.587938937778,3.21809638295E-02));
#6300 = CARTESIAN_POINT('',(0.594657067656,3.217114760665E-02));
#6301 = CARTESIAN_POINT('',(0.597725750733,3.216713876885E-02));
#6302 = CARTESIAN_POINT('',(0.600790064705,3.216358587117E-02));
#6303 = CARTESIAN_POINT('',(0.603850785997,3.216046416737E-02));
#6304 = CARTESIAN_POINT('',(0.606908701805,3.215775049271E-02));
#6305 = CARTESIAN_POINT('',(0.609964610094,3.215542326399E-02));
#6306 = CARTESIAN_POINT('',(0.613019319601,3.215346247954E-02));
#6307 = CARTESIAN_POINT('',(0.619858603003,3.214985142368E-02));
#6308 = CARTESIAN_POINT('',(0.62364291036,3.214838594122E-02));
#6309 = CARTESIAN_POINT('',(0.627428162947,3.214741876236E-02));
#6310 = CARTESIAN_POINT('',(0.631215896935,3.214691658761E-02));
#6311 = CARTESIAN_POINT('',(0.635007593627,3.214684732749E-02));
#6312 = CARTESIAN_POINT('',(0.63880467945,3.214718010248E-02));
#6313 = CARTESIAN_POINT('',(0.64260852596,3.214788524302E-02));
#6314 = CARTESIAN_POINT('',(0.649494665768,3.214977879436E-02));
#6315 = CARTESIAN_POINT('',(0.652563576705,3.215081892603E-02));
#6316 = CARTESIAN_POINT('',(0.655627976441,3.215203544164E-02));
#6317 = CARTESIAN_POINT('',(0.658688669621,3.2153409071E-02));
#6318 = CARTESIAN_POINT('',(0.661746471753,3.215492051661E-02));
#6319 = CARTESIAN_POINT('',(0.664802209205,3.215655045375E-02));
#6320 = CARTESIAN_POINT('',(0.667856719208,3.215827953036E-02));
#6321 = CARTESIAN_POINT('',(0.674596371501,3.216227133561E-02));
#6322 = CARTESIAN_POINT('',(0.678281248547,3.216456915981E-02));
#6323 = CARTESIAN_POINT('',(0.681967031214,3.21669483896E-02));
#6324 = CARTESIAN_POINT('',(0.685655202058,3.216937352675E-02));
#6325 = CARTESIAN_POINT('',(0.689347175964,3.217180702494E-02));
#6326 = CARTESIAN_POINT('',(0.693044300148,3.217420928975E-02));
#6327 = CARTESIAN_POINT('',(0.696747854157,3.21765386787E-02));
#6328 = CARTESIAN_POINT('',(0.703667387456,3.218066424321E-02));
#6329 = CARTESIAN_POINT('',(0.706869890097,3.218247263416E-02));
#6330 = CARTESIAN_POINT('',(0.710067462872,3.218417550985E-02));
#6331 = CARTESIAN_POINT('',(0.713261027907,3.218577027069E-02));
#6332 = CARTESIAN_POINT('',(0.716451524379,3.218725288162E-02));
#6333 = CARTESIAN_POINT('',(0.71963990851,3.218861787219E-02));
#6334 = CARTESIAN_POINT('',(0.72282715357,3.218985833651E-02));
#6335 = CARTESIAN_POINT('',(0.729433980617,3.219215444701E-02));
#6336 = CARTESIAN_POINT('',(0.732853490049,3.219318958717E-02));
#6337 = CARTESIAN_POINT('',(0.736274017485,3.219406126227E-02));
#6338 = CARTESIAN_POINT('',(0.739696767223,3.219475692446E-02));
#6339 = CARTESIAN_POINT('',(0.743122908554,3.219526156946E-02));
#6340 = CARTESIAN_POINT('',(0.746553575761,3.219555773663E-02));
#6341 = CARTESIAN_POINT('',(0.749989868119,3.219562550892E-02));
#6342 = CARTESIAN_POINT('',(0.756875494631,3.219525923972E-02));
#6343 = CARTESIAN_POINT('',(0.760311532417,3.219482821257E-02));
#6344 = CARTESIAN_POINT('',(0.763742041081,3.21941742328E-02));
#6345 = CARTESIAN_POINT('',(0.767168128143,3.219331969636E-02));
#6346 = CARTESIAN_POINT('',(0.770590930812,3.219228459384E-02));
#6347 = CARTESIAN_POINT('',(0.774011615989,3.219108651043E-02));
#6348 = CARTESIAN_POINT('',(0.77743138026,3.218974062594E-02));
#6349 = CARTESIAN_POINT('',(0.783972159352,3.218690850167E-02));
#6350 = CARTESIAN_POINT('',(0.787093091872,3.218544527678E-02));
#6351 = CARTESIAN_POINT('',(0.79021517492,3.218387991809E-02));
#6352 = CARTESIAN_POINT('',(0.793339320823,3.218222111666E-02));
#6353 = CARTESIAN_POINT('',(0.796466426774,3.21804763766E-02));
#6354 = CARTESIAN_POINT('',(0.799597374839,3.217865201515E-02));
#6355 = CARTESIAN_POINT('',(0.802733031952,3.217675316261E-02));
#6356 = CARTESIAN_POINT('',(0.809484138333,3.217251970747E-02));
#6357 = CARTESIAN_POINT('',(0.813086940629,3.217018800199E-02));
#6358 = CARTESIAN_POINT('',(0.81668383741,3.216782836144E-02));
#6359 = CARTESIAN_POINT('',(0.820276049141,3.216547892846E-02));
#6360 = CARTESIAN_POINT('',(0.823864836146,3.216317627286E-02));
#6361 = CARTESIAN_POINT('',(0.827451498608,3.216095539156E-02));
#6362 = CARTESIAN_POINT('',(0.831037376568,3.215884970865E-02));
#6363 = CARTESIAN_POINT('',(0.837578730512,3.215527756029E-02));
#6364 = CARTESIAN_POINT('',(0.840533988221,3.215376471809E-02));
#6365 = CARTESIAN_POINT('',(0.843490387868,3.215237068814E-02));
#6366 = CARTESIAN_POINT('',(0.846448685211,3.215111371318E-02));
#6367 = CARTESIAN_POINT('',(0.849409626959,3.215001213928E-02));
#6368 = CARTESIAN_POINT('',(0.852373950769,3.214908441587E-02));
#6369 = CARTESIAN_POINT('',(0.855342385244,3.214834909574E-02));
#6370 = CARTESIAN_POINT('',(0.86199273847,3.214717568545E-02));
#6371 = CARTESIAN_POINT('',(0.865662500463,3.214688665154E-02));
#6372 = CARTESIAN_POINT('',(0.8693261414,3.214698115121E-02));
#6373 = CARTESIAN_POINT('',(0.872984908589,3.21474839501E-02));
#6374 = CARTESIAN_POINT('',(0.876640091167,3.214842116151E-02));
#6375 = CARTESIAN_POINT('',(0.880293020092,3.214982024646E-02));
#6376 = CARTESIAN_POINT('',(0.88394506815,3.215171001363E-02));
#6377 = CARTESIAN_POINT('',(0.890585975992,3.215609298782E-02));
#6378 = CARTESIAN_POINT('',(0.893574633133,3.215841488565E-02));
#6379 = CARTESIAN_POINT('',(0.896564383283,3.216110304559E-02));
#6380 = CARTESIAN_POINT('',(0.899555980551,3.216417574586E-02));
#6381 = CARTESIAN_POINT('',(0.902550171245,3.216765281021E-02));
#6382 = CARTESIAN_POINT('',(0.905547693875,3.217155560791E-02));
#6383 = CARTESIAN_POINT('',(0.908549279145,3.217590705379E-02));
#6384 = CARTESIAN_POINT('',(0.91513254362,3.218647071704E-02));
#6385 = CARTESIAN_POINT('',(0.918702404945,3.219291254612E-02));
#6386 = CARTESIAN_POINT('',(0.922266360884,3.220004177385E-02));
#6387 = CARTESIAN_POINT('',(0.925825567628,3.220784746575E-02));
#6388 = CARTESIAN_POINT('',(0.929381210611,3.221632307441E-02));
#6389 = CARTESIAN_POINT('',(0.932934504509,3.222546643953E-02));
#6390 = CARTESIAN_POINT('',(0.936486693242,3.223527978789E-02));
#6391 = CARTESIAN_POINT('',(0.941635360052,3.225048364439E-02));
#6392 = CARTESIAN_POINT('',(0.943231699157,3.225533427714E-02));
#6393 = CARTESIAN_POINT('',(0.944828180467,3.226032227499E-02));
#6394 = CARTESIAN_POINT('',(0.946424916713,3.226544849684E-02));
#6395 = CARTESIAN_POINT('',(0.948022020176,3.22707140171E-02));
#6396 = CARTESIAN_POINT('',(0.949619602692,3.227612012575E-02));
#6397 = CARTESIAN_POINT('',(0.951217775647,3.228166832832E-02));
#6398 = CARTESIAN_POINT('',(0.953614543534,3.229020086132E-02));
#6399 = CARTESIAN_POINT('',(0.954412611649,3.229307719457E-02));
#6400 = CARTESIAN_POINT('',(0.955210868061,3.229598956077E-02));
#6401 = CARTESIAN_POINT('',(0.956009326432,3.229893818971E-02));
#6402 = CARTESIAN_POINT('',(0.956808000343,3.230192332581E-02));
#6403 = CARTESIAN_POINT('',(0.9576069033,3.230494522809E-02));
#6404 = CARTESIAN_POINT('',(0.95840604873,3.230800417022E-02));
#6405 = CARTESIAN_POINT('',(0.960003278564,3.231418995459E-02));
#6406 = CARTESIAN_POINT('',(0.96080018668,3.23173169687E-02));
#6407 = CARTESIAN_POINT('',(0.961601505195,3.232048026163E-02));
#6408 = CARTESIAN_POINT('',(0.962393990976,3.232368389506E-02));
#6409 = CARTESIAN_POINT('',(0.963200474602,3.232692171431E-02));
#6410 = CARTESIAN_POINT('',(0.96399265112,3.233020208293E-02));
#6411 = CARTESIAN_POINT('',(0.964796321974,3.233351803518E-02));
#6412 = CARTESIAN_POINT('',(0.967761209119,3.234604434938E-02));
#6413 = CARTESIAN_POINT('',(0.969926449269,3.235549272512E-02));
#6414 = CARTESIAN_POINT('',(0.972090244105,3.236521160738E-02));
#6415 = CARTESIAN_POINT('',(0.974252869196,3.23751935872E-02));
#6416 = CARTESIAN_POINT('',(0.976414602014,3.238543219351E-02));
#6417 = CARTESIAN_POINT('',(0.978575721924,3.239592189312E-02));
#6418 = CARTESIAN_POINT('',(0.980736510195,3.240665809067E-02));
#6419 = CARTESIAN_POINT('',(0.985033379521,3.242849111367E-02));
#6420 = CARTESIAN_POINT('',(0.987169458192,3.243958244718E-02));
#6421 = CARTESIAN_POINT('',(0.989305759615,3.245090758163E-02));
#6422 = CARTESIAN_POINT('',(0.991442554764,3.246246387633E-02));
#6423 = CARTESIAN_POINT('',(0.993580111982,3.247424959749E-02));
#6424 = CARTESIAN_POINT('',(0.995718696981,3.248626391828E-02));
#6425 = CARTESIAN_POINT('',(0.997858572838,3.249850691873E-02));
#6426 = CARTESIAN_POINT('',(1.,3.251097958583E-02));
#6427 = ( GEOMETRIC_REPRESENTATION_CONTEXT(2) 
PARAMETRIC_REPRESENTATION_CONTEXT() REPRESENTATION_CONTEXT('2D SPACE',''
  ) );
#6428 = ORIENTED_EDGE('',*,*,#5641,.F.);
#6429 = ADVANCED_FACE('',(#6430),#3884,.T.);
#6430 = FACE_BOUND('',#6431,.T.);
#6431 = EDGE_LOOP('',(#6432,#6433,#6434,#6435));
#6432 = ORIENTED_EDGE('',*,*,#3802,.T.);
#6433 = ORIENTED_EDGE('',*,*,#5907,.T.);
#6434 = ORIENTED_EDGE('',*,*,#5949,.F.);
#6435 = ORIENTED_EDGE('',*,*,#5927,.F.);
#6436 = ADVANCED_FACE('',(#6437),#3642,.T.);
#6437 = FACE_BOUND('',#6438,.T.);
#6438 = EDGE_LOOP('',(#6439,#6996,#7015,#7016));
#6439 = ORIENTED_EDGE('',*,*,#6440,.F.);
#6440 = EDGE_CURVE('',#6441,#6443,#6445,.T.);
#6441 = VERTEX_POINT('',#6442);
#6442 = CARTESIAN_POINT('',(28.8705,17.590161405487,-4.308704296048));
#6443 = VERTEX_POINT('',#6444);
#6444 = CARTESIAN_POINT('',(27.670510785948,17.592035837945,
    -4.307260427841));
#6445 = SURFACE_CURVE('',#6446,(#6603,#6763),.PCURVE_S1.);
#6446 = B_SPLINE_CURVE_WITH_KNOTS('',8,(#6447,#6448,#6449,#6450,#6451,
    #6452,#6453,#6454,#6455,#6456,#6457,#6458,#6459,#6460,#6461,#6462,
    #6463,#6464,#6465,#6466,#6467,#6468,#6469,#6470,#6471,#6472,#6473,
    #6474,#6475,#6476,#6477,#6478,#6479,#6480,#6481,#6482,#6483,#6484,
    #6485,#6486,#6487,#6488,#6489,#6490,#6491,#6492,#6493,#6494,#6495,
    #6496,#6497,#6498,#6499,#6500,#6501,#6502,#6503,#6504,#6505,#6506,
    #6507,#6508,#6509,#6510,#6511,#6512,#6513,#6514,#6515,#6516,#6517,
    #6518,#6519,#6520,#6521,#6522,#6523,#6524,#6525,#6526,#6527,#6528,
    #6529,#6530,#6531,#6532,#6533,#6534,#6535,#6536,#6537,#6538,#6539,
    #6540,#6541,#6542,#6543,#6544,#6545,#6546,#6547,#6548,#6549,#6550,
    #6551,#6552,#6553,#6554,#6555,#6556,#6557,#6558,#6559,#6560,#6561,
    #6562,#6563,#6564,#6565,#6566,#6567,#6568,#6569,#6570,#6571,#6572,
    #6573,#6574,#6575,#6576,#6577,#6578,#6579,#6580,#6581,#6582,#6583,
    #6584,#6585,#6586,#6587,#6588,#6589,#6590,#6591,#6592,#6593,#6594,
    #6595,#6596,#6597,#6598,#6599,#6600,#6601,#6602),.UNSPECIFIED.,.F.,
  .F.,(9,7,7,7,7,7,7,7,7,7,7,7,7,7,7,7,7,7,7,7,7,7,9),(0.,
    3.685817611321E-02,9.650987379513E-02,0.126004054328,0.140663655966,
    0.155656550556,0.287899664856,0.400680126667,0.414591781974,
    0.428910240172,0.494847866574,0.501762991882,0.551210921556,
    0.579449169569,0.654123191433,0.678941031346,0.755679995702,
    0.781894173749,0.861537761281,0.873423934769,0.963173609614,
    0.984316998222,1.),.UNSPECIFIED.);
#6447 = CARTESIAN_POINT('',(28.8705,17.590161405487,-4.308704296048));
#6448 = CARTESIAN_POINT('',(28.870499998788,17.582388834721,
    -4.314690988507));
#6449 = CARTESIAN_POINT('',(28.870381839053,17.574613554762,
    -4.320675126249));
#6450 = CARTESIAN_POINT('',(28.870146125103,17.56683686981,
    -4.326655597197));
#6451 = CARTESIAN_POINT('',(28.869793367619,17.559060076894,
    -4.332631299928));
#6452 = CARTESIAN_POINT('',(28.869323983655,17.551284465878,
    -4.33860114367));
#6453 = CARTESIAN_POINT('',(28.86873829664,17.54351131946,
    -4.344564048306));
#6454 = CARTESIAN_POINT('',(28.868036536377,17.535741913168,
    -4.35051894437));
#6455 = CARTESIAN_POINT('',(28.865895462566,17.515411526106,
    -4.366087572351));
#6456 = CARTESIAN_POINT('',(28.864268459439,17.502858799405,
    -4.375686498512));
#6457 = CARTESIAN_POINT('',(28.862338381327,17.490324621723,
    -4.385257163429));
#6458 = CARTESIAN_POINT('',(28.860105211633,17.477814483762,
    -4.394795040435));
#6459 = CARTESIAN_POINT('',(28.857568365506,17.465334080463,
    -4.404295464303));
#6460 = CARTESIAN_POINT('',(28.854726689837,17.452889311,-4.41375363124)
  );
#6461 = CARTESIAN_POINT('',(28.851578463262,17.44048627879,
    -4.423164598893));
#6462 = CARTESIAN_POINT('',(28.846412085727,17.422022496694,
    -4.437150601022));
#6463 = CARTESIAN_POINT('',(28.844627284784,17.41592548668,
    -4.441765117462));
#6464 = CARTESIAN_POINT('',(28.84276672161,17.40984104299,
    -4.446366214573));
#6465 = CARTESIAN_POINT('',(28.840830096578,17.40376997578,
    -4.45095325396));
#6466 = CARTESIAN_POINT('',(28.838817082155,17.397713123819,
    -4.455525579927));
#6467 = CARTESIAN_POINT('',(28.836727322902,17.391671354483,
    -4.460082519476));
#6468 = CARTESIAN_POINT('',(28.834560435472,17.385645563764,
    -4.464623382307));
#6469 = CARTESIAN_POINT('',(28.83120045293,17.37665005669,
    -4.471396080356));
#6470 = CARTESIAN_POINT('',(28.830065742309,17.373667614076,
    -4.473640552708));
#6471 = CARTESIAN_POINT('',(28.828911826512,17.370689462491,
    -4.475880790633));
#6472 = CARTESIAN_POINT('',(28.827738653886,17.367715718262,
    -4.478116705502));
#6473 = CARTESIAN_POINT('',(28.826546171371,17.364746499973,
    -4.480348207301));
#6474 = CARTESIAN_POINT('',(28.825334324496,17.361781928465,
    -4.482575204629));
#6475 = CARTESIAN_POINT('',(28.82410305738,17.358822126836,
    -4.484797604697));
#6476 = CARTESIAN_POINT('',(28.821573133321,17.352845132466,
    -4.489283442951));
#6477 = CARTESIAN_POINT('',(28.820273516057,17.349828041604,
    -4.491546757577));
#6478 = CARTESIAN_POINT('',(28.818953691037,17.346816639992,
    -4.493804739059));
#6479 = CARTESIAN_POINT('',(28.817612873088,17.343809680444,
    -4.496058320256));
#6480 = CARTESIAN_POINT('',(28.816252231554,17.340809664917,
    -4.498305629939));
#6481 = CARTESIAN_POINT('',(28.814870190347,17.33781384181,
    -4.500548727042));
#6482 = CARTESIAN_POINT('',(28.813468034139,17.334824944375,
    -4.502785568077));
#6483 = CARTESIAN_POINT('',(28.799491324402,17.305525782059,
    -4.524702046047));
#6484 = CARTESIAN_POINT('',(28.785307099567,17.279677537883,
    -4.543953576407));
#6485 = CARTESIAN_POINT('',(28.769522547168,17.254359178956,
    -4.562726215635));
#6486 = CARTESIAN_POINT('',(28.752148401857,17.22965816063,
    -4.580957236017));
#6487 = CARTESIAN_POINT('',(28.733184311281,17.205683953835,
    -4.598569926776));
#6488 = CARTESIAN_POINT('',(28.712623316137,17.182566763788,
    -4.615475162277));
#6489 = CARTESIAN_POINT('',(28.690452225679,17.160457931,-4.631571473657
    ));
#6490 = CARTESIAN_POINT('',(28.64634675733,17.12168594999,
    -4.659682753322));
#6491 = CARTESIAN_POINT('',(28.624846617519,17.104721535037,
    -4.671934279071));
#6492 = CARTESIAN_POINT('',(28.602212279073,17.088689403339,
    -4.683468697539));
#6493 = CARTESIAN_POINT('',(28.578503188168,17.073664717299,
    -4.694239415668));
#6494 = CARTESIAN_POINT('',(28.553779020146,17.059742070656,
    -4.704186799657));
#6495 = CARTESIAN_POINT('',(28.528102778523,17.04703281983,
    -4.713240125022));
#6496 = CARTESIAN_POINT('',(28.501541400198,17.035664844086,
    -4.72131742801));
#6497 = CARTESIAN_POINT('',(28.47078680707,17.024565999564,
    -4.729187444117));
#6498 = CARTESIAN_POINT('',(28.467396427232,17.023369724996,
    -4.730035453228));
#6499 = CARTESIAN_POINT('',(28.463995372431,17.022196812002,
    -4.730866662682));
#6500 = CARTESIAN_POINT('',(28.460580372699,17.02104599417,
    -4.731681986169));
#6501 = CARTESIAN_POINT('',(28.457155730049,17.019918789583,
    -4.732480362613));
#6502 = CARTESIAN_POINT('',(28.453718483793,17.018814053953,
    -4.733262618452));
#6503 = CARTESIAN_POINT('',(28.450270839787,17.017732544389,
    -4.73402823154));
#6504 = CARTESIAN_POINT('',(28.443252667383,17.015584578634,
    -4.73554842357));
#6505 = CARTESIAN_POINT('',(28.439681675329,17.014519554412,
    -4.736301977671));
#6506 = CARTESIAN_POINT('',(28.436099663124,17.013479028772,
    -4.737038007294));
#6507 = CARTESIAN_POINT('',(28.432506946794,17.012463069856,
    -4.737756479411));
#6508 = CARTESIAN_POINT('',(28.428903839778,17.011471749748,
    -4.738457357808));
#6509 = CARTESIAN_POINT('',(28.425290652924,17.010505144479,
    -4.739140603081));
#6510 = CARTESIAN_POINT('',(28.421667694493,17.009563334026,
    -4.739806172642));
#6511 = CARTESIAN_POINT('',(28.401307620542,17.004423998615,
    -4.743437329591));
#6512 = CARTESIAN_POINT('',(28.384380865684,17.000729189093,
    -4.746044786334));
#6513 = CARTESIAN_POINT('',(28.367282649563,16.99757010807,
    -4.748272015476));
#6514 = CARTESIAN_POINT('',(28.350041949373,16.994956972707,
    -4.750112941594));
#6515 = CARTESIAN_POINT('',(28.332689075526,16.992902082995,
    -4.751559789304));
#6516 = CARTESIAN_POINT('',(28.315255671648,16.991419821757,
    -4.752603083266));
#6517 = CARTESIAN_POINT('',(28.29777471458,16.990526654648,
    -4.753231648177));
#6518 = CARTESIAN_POINT('',(28.27844583233,16.990211180828,
    -4.753453686103));
#6519 = CARTESIAN_POINT('',(28.27661061098,16.990187870357,
    -4.753470091068));
#6520 = CARTESIAN_POINT('',(28.274775440327,16.990171185239,
    -4.7534818333));
#6521 = CARTESIAN_POINT('',(28.272940216436,16.990161107823,
    -4.753488925301));
#6522 = CARTESIAN_POINT('',(28.271104810765,16.990157620503,
    -4.75349137951));
#6523 = CARTESIAN_POINT('',(28.269269338502,16.990160707391,
    -4.753489207115));
#6524 = CARTESIAN_POINT('',(28.26743402592,16.990170353502,
    -4.753482418634));
#6525 = CARTESIAN_POINT('',(28.252474660364,16.990302281268,
    -4.753389570076));
#6526 = CARTESIAN_POINT('',(28.23935398542,16.990752593605,
    -4.753072662406));
#6527 = CARTESIAN_POINT('',(28.226251101366,16.991531578542,
    -4.752524418451));
#6528 = CARTESIAN_POINT('',(28.213180123896,16.99263398269,
    -4.751748417406));
#6529 = CARTESIAN_POINT('',(28.200154834952,16.994055199163,
    -4.75074770245));
#6530 = CARTESIAN_POINT('',(28.187188682725,16.995791267585,
    -4.74952478075));
#6531 = CARTESIAN_POINT('',(28.174294781652,16.997838874083,
    -4.748081623459));
#6532 = CARTESIAN_POINT('',(28.15417115074,17.001541081446,
    -4.74547056134));
#6533 = CARTESIAN_POINT('',(28.146884268951,17.002987535527,
    -4.744450107864));
#6534 = CARTESIAN_POINT('',(28.139627720081,17.004534223206,
    -4.74335856963));
#6535 = CARTESIAN_POINT('',(28.132404005146,17.00618071186,
    -4.742196162934));
#6536 = CARTESIAN_POINT('',(28.125215673149,17.007926626568,
    -4.740963056016));
#6537 = CARTESIAN_POINT('',(28.11806532108,17.009771650111,
    -4.739659369069));
#6538 = CARTESIAN_POINT('',(28.110955593915,17.011715522975,
    -4.738285174231));
#6539 = CARTESIAN_POINT('',(28.085202597,17.019159397928,-4.733020103221
    ));
#6540 = CARTESIAN_POINT('',(28.066811702846,17.025245134946,
    -4.728710694667));
#6541 = CARTESIAN_POINT('',(28.048746680273,17.031976557405,
    -4.723937435332));
#6542 = CARTESIAN_POINT('',(28.031036097197,17.039318150283,
    -4.718723130278));
#6543 = CARTESIAN_POINT('',(28.01370716112,17.047237866585,
    -4.713088062652));
#6544 = CARTESIAN_POINT('',(27.996785968903,17.055707413393,
    -4.707049832108));
#6545 = CARTESIAN_POINT('',(27.980297756545,17.064702537911,
    -4.700623193227));
#6546 = CARTESIAN_POINT('',(27.958939308825,17.077360794104,
    -4.691558889447));
#6547 = CARTESIAN_POINT('',(27.953663351476,17.080574589777,
    -4.689255947012));
#6548 = CARTESIAN_POINT('',(27.948434441491,17.083841585486,
    -4.686913205744));
#6549 = CARTESIAN_POINT('',(27.943269330209,17.087165627093,
    -4.684527816733));
#6550 = CARTESIAN_POINT('',(27.938144324892,17.09054148371,-4.6821034313
    ));
#6551 = CARTESIAN_POINT('',(27.933080066278,17.0939688092,
    -4.679640215514));
#6552 = CARTESIAN_POINT('',(27.928065525811,17.097446706324,
    -4.677138722254));
#6553 = CARTESIAN_POINT('',(27.907767217324,17.111878313301,
    -4.666750592794));
#6554 = CARTESIAN_POINT('',(27.892940592475,17.123250824487,
    -4.658545689049));
#6555 = CARTESIAN_POINT('',(27.878631131311,17.135054873399,
    -4.65000884871));
#6556 = CARTESIAN_POINT('',(27.864845401761,17.14725757478,
    -4.641161473687));
#6557 = CARTESIAN_POINT('',(27.851590721182,17.159829269811,
    -4.632022913812));
#6558 = CARTESIAN_POINT('',(27.838875156358,17.172743526111,
    -4.622610466834));
#6559 = CARTESIAN_POINT('',(27.826707523501,17.185977137737,
    -4.612939378426));
#6560 = CARTESIAN_POINT('',(27.811131425783,17.204133063729,
    -4.599635298173));
#6561 = CARTESIAN_POINT('',(27.807230706464,17.208790459314,
    -4.596219458944));
#6562 = CARTESIAN_POINT('',(27.803393022746,17.213482842986,
    -4.592774875457));
#6563 = CARTESIAN_POINT('',(27.799621265702,17.218206525992,
    -4.589304195622));
#6564 = CARTESIAN_POINT('',(27.795911831744,17.222963267296,
    -4.585806080244));
#6565 = CARTESIAN_POINT('',(27.792267318159,17.227749718276,
    -4.582282937277));
#6566 = CARTESIAN_POINT('',(27.788685925716,17.232566218062,
    -4.578734476852));
#6567 = CARTESIAN_POINT('',(27.774480365616,17.2521314069,
    -4.564307221243));
#6568 = CARTESIAN_POINT('',(27.764379021324,17.267115343524,
    -4.553228535734));
#6569 = CARTESIAN_POINT('',(27.754858374322,17.282337027932,
    -4.54194382847));
#6570 = CARTESIAN_POINT('',(27.745914428652,17.29777245504,
    -4.530470007999));
#6571 = CARTESIAN_POINT('',(27.73754491984,17.313399661275,
    -4.518822768775));
#6572 = CARTESIAN_POINT('',(27.729749314899,17.329198724577,
    -4.507016591158));
#6573 = CARTESIAN_POINT('',(27.722528812323,17.345151764397,
    -4.495064741411));
#6574 = CARTESIAN_POINT('',(27.71489502249,17.363644424877,
    -4.481175605771));
#6575 = CARTESIAN_POINT('',(27.713916819229,17.366048420964,
    -4.47936938597));
#6576 = CARTESIAN_POINT('',(27.712951101087,17.368456133786,
    -4.477559708365));
#6577 = CARTESIAN_POINT('',(27.711998305482,17.370866522665,
    -4.475747354835));
#6578 = CARTESIAN_POINT('',(27.711058305625,17.373279723498,
    -4.473932223771));
#6579 = CARTESIAN_POINT('',(27.710130847855,17.375696144148,
    -4.472114009442));
#6580 = CARTESIAN_POINT('',(27.709216200567,17.378115109357,
    -4.470293219682));
#6581 = CARTESIAN_POINT('',(27.701503022156,17.398823564581,
    -4.454700121406));
#6582 = CARTESIAN_POINT('',(27.695413739271,17.417266001556,
    -4.440775576834));
#6583 = CARTESIAN_POINT('',(27.690034108763,17.435839326546,
    -4.426715314849));
#6584 = CARTESIAN_POINT('',(27.685354668897,17.454520163898,
    -4.412537718418));
#6585 = CARTESIAN_POINT('',(27.681368694959,17.473286677074,
    -4.398260226473));
#6586 = CARTESIAN_POINT('',(27.678072199256,17.492118568651,
    -4.38389933391));
#6587 = CARTESIAN_POINT('',(27.675463931118,17.510997080323,
    -4.369470591595));
#6588 = CARTESIAN_POINT('',(27.67309342121,17.534359342799,
    -4.351576898759));
#6589 = CARTESIAN_POINT('',(27.672679763336,17.538815264173,
    -4.348162271755));
#6590 = CARTESIAN_POINT('',(27.672304428149,17.543272513913,
    -4.344744928114));
#6591 = CARTESIAN_POINT('',(27.671967450396,17.547730848838,
    -4.341325071255));
#6592 = CARTESIAN_POINT('',(27.671668874694,17.552190025685,
    -4.337902905239));
#6593 = CARTESIAN_POINT('',(27.671408755539,17.556649801117,
    -4.334478634777));
#6594 = CARTESIAN_POINT('',(27.671187157298,17.561109931717,
    -4.331052465222));
#6595 = CARTESIAN_POINT('',(27.670868410454,17.568878536118,
    -4.325082002793));
#6596 = CARTESIAN_POINT('',(27.670753952522,17.572186475493,
    -4.322538843695));
#6597 = CARTESIAN_POINT('',(27.670660659645,17.575495713504,
    -4.319993809875));
#6598 = CARTESIAN_POINT('',(27.670588582853,17.57880336404,
    -4.317449127127));
#6599 = CARTESIAN_POINT('',(27.67053755977,17.582112434716,
    -4.314902491867));
#6600 = CARTESIAN_POINT('',(27.670507637666,17.585420292997,
    -4.312355935324));
#6601 = CARTESIAN_POINT('',(27.670498719122,17.588728326439,
    -4.309808399294));
#6602 = CARTESIAN_POINT('',(27.670510785948,17.592035837945,
    -4.307260427841));
#6603 = PCURVE('',#3642,#6604);
#6604 = DEFINITIONAL_REPRESENTATION('',(#6605),#6762);
#6605 = B_SPLINE_CURVE_WITH_KNOTS('',8,(#6606,#6607,#6608,#6609,#6610,
    #6611,#6612,#6613,#6614,#6615,#6616,#6617,#6618,#6619,#6620,#6621,
    #6622,#6623,#6624,#6625,#6626,#6627,#6628,#6629,#6630,#6631,#6632,
    #6633,#6634,#6635,#6636,#6637,#6638,#6639,#6640,#6641,#6642,#6643,
    #6644,#6645,#6646,#6647,#6648,#6649,#6650,#6651,#6652,#6653,#6654,
    #6655,#6656,#6657,#6658,#6659,#6660,#6661,#6662,#6663,#6664,#6665,
    #6666,#6667,#6668,#6669,#6670,#6671,#6672,#6673,#6674,#6675,#6676,
    #6677,#6678,#6679,#6680,#6681,#6682,#6683,#6684,#6685,#6686,#6687,
    #6688,#6689,#6690,#6691,#6692,#6693,#6694,#6695,#6696,#6697,#6698,
    #6699,#6700,#6701,#6702,#6703,#6704,#6705,#6706,#6707,#6708,#6709,
    #6710,#6711,#6712,#6713,#6714,#6715,#6716,#6717,#6718,#6719,#6720,
    #6721,#6722,#6723,#6724,#6725,#6726,#6727,#6728,#6729,#6730,#6731,
    #6732,#6733,#6734,#6735,#6736,#6737,#6738,#6739,#6740,#6741,#6742,
    #6743,#6744,#6745,#6746,#6747,#6748,#6749,#6750,#6751,#6752,#6753,
    #6754,#6755,#6756,#6757,#6758,#6759,#6760,#6761),.UNSPECIFIED.,.F.,
  .F.,(9,7,7,7,7,7,7,7,7,7,7,7,7,7,7,7,7,7,7,7,7,7,9),(0.,
    3.685817611321E-02,9.650987379513E-02,0.126004054328,0.140663655966,
    0.155656550556,0.287899664856,0.400680126667,0.414591781974,
    0.428910240172,0.494847866574,0.501762991882,0.551210921556,
    0.579449169569,0.654123191433,0.678941031346,0.755679995702,
    0.781894173749,0.861537761281,0.873423934769,0.963173609614,
    0.984316998222,1.),.UNSPECIFIED.);
#6606 = CARTESIAN_POINT('',(5.06248872359E-16,2.352548630711E-02));
#6607 = CARTESIAN_POINT('',(2.245331750953E-03,2.37470797586E-02));
#6608 = CARTESIAN_POINT('',(4.488046702895E-03,2.396848298368E-02));
#6609 = CARTESIAN_POINT('',(6.728470853445E-03,2.418963293177E-02));
#6610 = CARTESIAN_POINT('',(8.966926962579E-03,2.44104680335E-02));
#6611 = CARTESIAN_POINT('',(1.120373455263E-02,2.463092820064E-02));
#6612 = CARTESIAN_POINT('',(1.343920990828E-02,2.485095482617E-02));
#6613 = CARTESIAN_POINT('',(1.567366607658E-02,2.507049078423E-02));
#6614 = CARTESIAN_POINT('',(2.152252382804E-02,2.564389633613E-02));
#6615 = CARTESIAN_POINT('',(2.513577444407E-02,2.599687466021E-02));
#6616 = CARTESIAN_POINT('',(2.874847768235E-02,2.634818753528E-02));
#6617 = CARTESIAN_POINT('',(3.236192127858E-02,2.669760643845E-02));
#6618 = CARTESIAN_POINT('',(3.597736773687E-02,2.704490219102E-02));
#6619 = CARTESIAN_POINT('',(3.959605432969E-02,2.738984495848E-02));
#6620 = CARTESIAN_POINT('',(4.32191930979E-02,2.773220425054E-02));
#6621 = CARTESIAN_POINT('',(4.864218784004E-02,2.823963472517E-02));
#6622 = CARTESIAN_POINT('',(5.043778021317E-02,2.840683336303E-02));
#6623 = CARTESIAN_POINT('',(5.223489001556E-02,2.857331759461E-02));
#6624 = CARTESIAN_POINT('',(5.403365641825E-02,2.873906022438E-02));
#6625 = CARTESIAN_POINT('',(5.583421571796E-02,2.89040341014E-02));
#6626 = CARTESIAN_POINT('',(5.763670133701E-02,2.90682121193E-02));
#6627 = CARTESIAN_POINT('',(5.94412438234E-02,2.923156721626E-02));
#6628 = CARTESIAN_POINT('',(6.214597520683E-02,2.947484292548E-02));
#6629 = CARTESIAN_POINT('',(6.304451910539E-02,2.95554034909E-02));
#6630 = CARTESIAN_POINT('',(6.394361816806E-02,2.963575074693E-02));
#6631 = CARTESIAN_POINT('',(6.484328777574E-02,2.97158813659E-02));
#6632 = CARTESIAN_POINT('',(6.574354306868E-02,2.979579201678E-02));
#6633 = CARTESIAN_POINT('',(6.664439894639E-02,2.987547936525E-02));
#6634 = CARTESIAN_POINT('',(6.754587006771E-02,2.995494007363E-02));
#6635 = CARTESIAN_POINT('',(6.937068460947E-02,3.011520289592E-02));
#6636 = CARTESIAN_POINT('',(7.029333600357E-02,3.019599767612E-02));
#6637 = CARTESIAN_POINT('',(7.121919620866E-02,3.027653689193E-02));
#6638 = CARTESIAN_POINT('',(7.2140204863E-02,3.035685337033E-02));
#6639 = CARTESIAN_POINT('',(7.307015816527E-02,3.043688138589E-02));
#6640 = CARTESIAN_POINT('',(7.399218443262E-02,3.051669347124E-02));
#6641 = CARTESIAN_POINT('',(7.492139567983E-02,3.059621795383E-02));
#6642 = CARTESIAN_POINT('',(8.401397953121E-02,3.137475302728E-02));
#6643 = CARTESIAN_POINT('',(9.215673905501E-02,3.205342084342E-02));
#6644 = CARTESIAN_POINT('',(0.100302248285,3.270931292329E-02));
#6645 = CARTESIAN_POINT('',(0.108469856079,3.333995895118E-02));
#6646 = CARTESIAN_POINT('',(0.116675041392,3.39427626492E-02));
#6647 = CARTESIAN_POINT('',(0.12493136428,3.451509451556E-02));
#6648 = CARTESIAN_POINT('',(0.133251587805,3.505431903787E-02));
#6649 = CARTESIAN_POINT('',(0.148802486799,3.598709687458E-02));
#6650 = CARTESIAN_POINT('',(0.155939383923,3.638972110555E-02));
#6651 = CARTESIAN_POINT('',(0.163078745998,3.67650997741E-02));
#6652 = CARTESIAN_POINT('',(0.170235468148,3.711227311894E-02));
#6653 = CARTESIAN_POINT('',(0.177421175643,3.742999953895E-02));
#6654 = CARTESIAN_POINT('',(0.184645723448,3.771679861215E-02));
#6655 = CARTESIAN_POINT('',(0.19191827652,3.797088851241E-02));
#6656 = CARTESIAN_POINT('',(0.200149949018,3.82170480455E-02));
#6657 = CARTESIAN_POINT('',(0.201047987659,3.82435479847E-02));
#6658 = CARTESIAN_POINT('',(0.201952602537,3.826949961029E-02));
#6659 = CARTESIAN_POINT('',(0.202847730444,3.829493354658E-02));
#6660 = CARTESIAN_POINT('',(0.203751373768,3.831981779975E-02));
#6661 = CARTESIAN_POINT('',(0.204648894368,3.834418014716E-02));
#6662 = CARTESIAN_POINT('',(0.205548905197,3.836800558942E-02));
#6663 = CARTESIAN_POINT('',(0.207373440396,3.841527780554E-02));
#6664 = CARTESIAN_POINT('',(0.208298720082,3.843869162652E-02));
#6665 = CARTESIAN_POINT('',(0.209223837647,3.846154326976E-02));
#6666 = CARTESIAN_POINT('',(0.21014882092,3.848383328031E-02));
#6667 = CARTESIAN_POINT('',(0.211073697819,3.850556205225E-02));
#6668 = CARTESIAN_POINT('',(0.211998496356,3.852672982866E-02));
#6669 = CARTESIAN_POINT('',(0.212923244635,3.854733670162E-02));
#6670 = CARTESIAN_POINT('',(0.218106339361,3.865969553522E-02));
#6671 = CARTESIAN_POINT('',(0.222364040244,3.874010491449E-02));
#6672 = CARTESIAN_POINT('',(0.226624094027,3.880861620223E-02));
#6673 = CARTESIAN_POINT('',(0.230889272607,3.886515059019E-02));
#6674 = CARTESIAN_POINT('',(0.235162099252,3.890954500963E-02));
#6675 = CARTESIAN_POINT('',(0.239444848605,3.894155213135E-02));
#6676 = CARTESIAN_POINT('',(0.243739546677,3.896084036569E-02));
#6677 = CARTESIAN_POINT('',(0.248499082993,3.89676389575E-02));
#6678 = CARTESIAN_POINT('',(0.24894865954,3.896814050489E-02));
#6679 = CARTESIAN_POINT('',(0.249398931625,3.896849886624E-02));
#6680 = CARTESIAN_POINT('',(0.249849304174,3.896871447434E-02));
#6681 = CARTESIAN_POINT('',(0.250299083497,3.896878775437E-02));
#6682 = CARTESIAN_POINT('',(0.250748570781,3.896871909219E-02));
#6683 = CARTESIAN_POINT('',(0.25119852152,3.896850884997E-02));
#6684 = CARTESIAN_POINT('',(0.254862498381,3.896564423118E-02));
#6685 = CARTESIAN_POINT('',(0.2580709217,3.895591234005E-02));
#6686 = CARTESIAN_POINT('',(0.261274141967,3.893909741142E-02));
#6687 = CARTESIAN_POINT('',(0.264473120807,3.89153076078E-02));
#6688 = CARTESIAN_POINT('',(0.267668880317,3.888462359832E-02));
#6689 = CARTESIAN_POINT('',(0.270862503061,3.884709855872E-02));
#6690 = CARTESIAN_POINT('',(0.274055132071,3.880275817132E-02));
#6691 = CARTESIAN_POINT('',(0.279071315416,3.872238602468E-02));
#6692 = CARTESIAN_POINT('',(0.28089471045,3.869094881373E-02));
#6693 = CARTESIAN_POINT('',(0.282718371403,3.865728881324E-02));
#6694 = CARTESIAN_POINT('',(0.28454251037,3.86214033897E-02));
#6695 = CARTESIAN_POINT('',(0.286367336092,3.858328745508E-02));
#6696 = CARTESIAN_POINT('',(0.288193053952,3.854293346687E-02));
#6697 = CARTESIAN_POINT('',(0.290019865981,3.8500331428E-02));
#6698 = CARTESIAN_POINT('',(0.296674810822,3.833683117573E-02));
#6699 = CARTESIAN_POINT('',(0.301480773958,3.82025499998E-02));
#6700 = CARTESIAN_POINT('',(0.306268686248,3.805322825473E-02));
#6701 = CARTESIAN_POINT('',(0.311041361045,3.788937604694E-02));
#6702 = CARTESIAN_POINT('',(0.315801821583,3.771141351884E-02));
#6703 = CARTESIAN_POINT('',(0.320553523482,3.75196736741E-02));
#6704 = CARTESIAN_POINT('',(0.325300577262,3.731440520283E-02));
#6705 = CARTESIAN_POINT('',(0.331625541162,3.702311632666E-02));
#6706 = CARTESIAN_POINT('',(0.333205214065,3.694896620986E-02));
#6707 = CARTESIAN_POINT('',(0.334775039598,3.68734088829E-02));
#6708 = CARTESIAN_POINT('',(0.336371736292,3.679628088928E-02));
#6709 = CARTESIAN_POINT('',(0.337929800157,3.671780085734E-02));
#6710 = CARTESIAN_POINT('',(0.339511410651,3.663786633616E-02));
#6711 = CARTESIAN_POINT('',(0.341079163145,3.655654533456E-02));
#6712 = CARTESIAN_POINT('',(0.347497415549,3.621813576289E-02));
#6713 = CARTESIAN_POINT('',(0.352326385097,3.594927559356E-02));
#6714 = CARTESIAN_POINT('',(0.357137621666,3.566780164209E-02));
#6715 = CARTESIAN_POINT('',(0.361934212927,3.537422325305E-02));
#6716 = CARTESIAN_POINT('',(0.366719592055,3.506902260581E-02));
#6717 = CARTESIAN_POINT('',(0.37149753772,3.475265471457E-02));
#6718 = CARTESIAN_POINT('',(0.376272174094,3.442554742832E-02));
#6719 = CARTESIAN_POINT('',(0.382679715705,3.397282775132E-02));
#6720 = CARTESIAN_POINT('',(0.384313301579,3.385636223365E-02));
#6721 = CARTESIAN_POINT('',(0.385936508152,3.373868743973E-02));
#6722 = CARTESIAN_POINT('',(0.38756807356,3.361988312747E-02));
#6723 = CARTESIAN_POINT('',(0.389187377541,3.34999053861E-02));
#6724 = CARTESIAN_POINT('',(0.390811307125,3.337882752486E-02));
#6725 = CARTESIAN_POINT('',(0.392430160028,3.325663945249E-02));
#6726 = CARTESIAN_POINT('',(0.398962733677,3.27588721519E-02));
#6727 = CARTESIAN_POINT('',(0.40385977437,3.237441217012E-02));
#6728 = CARTESIAN_POINT('',(0.408741983755,3.198054621795E-02));
#6729 = CARTESIAN_POINT('',(0.413612484526,3.157783018238E-02));
#6730 = CARTESIAN_POINT('',(0.418474631249,3.116682335291E-02));
#6731 = CARTESIAN_POINT('',(0.423332010361,3.074808842161E-02));
#6732 = CARTESIAN_POINT('',(0.428188440169,3.032219148309E-02));
#6733 = CARTESIAN_POINT('',(0.433772874483,2.982515593268E-02));
#6734 = CARTESIAN_POINT('',(0.434500996664,2.976047818877E-02));
#6735 = CARTESIAN_POINT('',(0.43522493526,2.96956373449E-02));
#6736 = CARTESIAN_POINT('',(0.4359503966,2.963066066009E-02));
#6737 = CARTESIAN_POINT('',(0.436676216734,2.956554472043E-02));
#6738 = CARTESIAN_POINT('',(0.437399651602,2.950027900678E-02));
#6739 = CARTESIAN_POINT('',(0.438124293456,2.943488127497E-02));
#6740 = CARTESIAN_POINT('',(0.444313041562,2.887449658168E-02));
#6741 = CARTESIAN_POINT('',(0.449758052051,2.837182276807E-02));
#6742 = CARTESIAN_POINT('',(0.455186622104,2.786208814429E-02));
#6743 = CARTESIAN_POINT('',(0.460602542944,2.734606417794E-02));
#6744 = CARTESIAN_POINT('',(0.466009777226,2.682452782225E-02));
#6745 = CARTESIAN_POINT('',(0.471412459045,2.629826151599E-02));
#6746 = CARTESIAN_POINT('',(0.476814893927,2.576805318354E-02));
#6747 = CARTESIAN_POINT('',(0.483495289994,2.510904371011E-02));
#6748 = CARTESIAN_POINT('',(0.484769251936,2.498321652539E-02));
#6749 = CARTESIAN_POINT('',(0.4860435022,2.485722527924E-02));
#6750 = CARTESIAN_POINT('',(0.487318098687,2.473108071341E-02));
#6751 = CARTESIAN_POINT('',(0.488593099659,2.460479371286E-02));
#6752 = CARTESIAN_POINT('',(0.489868563738,2.447837530581E-02));
#6753 = CARTESIAN_POINT('',(0.491144549908,2.435183666366E-02));
#6754 = CARTESIAN_POINT('',(0.493369062382,2.413124886324E-02));
#6755 = CARTESIAN_POINT('',(0.494320025293,2.403726309303E-02));
#6756 = CARTESIAN_POINT('',(0.495263876211,2.394318380009E-02));
#6757 = CARTESIAN_POINT('',(0.496216146475,2.384909345947E-02));
#6758 = CARTESIAN_POINT('',(0.497159554852,2.375490775317E-02));
#6759 = CARTESIAN_POINT('',(0.498108230909,2.366070205676E-02));
#6760 = CARTESIAN_POINT('',(0.499053924923,2.356643798688E-02));
#6761 = CARTESIAN_POINT('',(0.5,2.347213620602E-02));
#6762 = ( GEOMETRIC_REPRESENTATION_CONTEXT(2) 
PARAMETRIC_REPRESENTATION_CONTEXT() REPRESENTATION_CONTEXT('2D SPACE',''
  ) );
#6763 = PCURVE('',#6764,#6837);
#6764 = ( BOUNDED_SURFACE() B_SPLINE_SURFACE(1,3,(
    (#6765,#6766,#6767,#6768,#6769,#6770,#6771,#6772,#6773,#6774,#6775
      ,#6776,#6777,#6778,#6779,#6780,#6781,#6782,#6783,#6784,#6785,#6786
      ,#6787,#6788,#6789,#6790,#6791,#6792,#6793,#6794,#6795,#6796,#6797
      ,#6798,#6799,#6800)
    ,(#6801,#6802,#6803,#6804,#6805,#6806,#6807,#6808,#6809,#6810,#6811
      ,#6812,#6813,#6814,#6815,#6816,#6817,#6818,#6819,#6820,#6821,#6822
      ,#6823,#6824,#6825,#6826,#6827,#6828,#6829,#6830,#6831,#6832,#6833
      ,#6834,#6835,#6836
)),.UNSPECIFIED.,.F.,.F.,.F.) B_SPLINE_SURFACE_WITH_KNOTS((2,2),(4,1,1,1
    ,1,1,1,1,1,1,1,1,1,1,1,1,1,1,1,1,1,1,1,1,1,1,1,1,1,1,1,1,1,4),(0.,1.
    ),(0.,4.226054182415E-02,8.084072807768E-02,0.116760893815,
    0.150672743191,0.183026021368,0.214167554491,0.244371019147,
    0.273857551356,0.302807808399,0.331362985528,0.35962878334,
    0.387693476243,0.415630464063,0.44350366522,0.471560213615,
    0.500018534498,0.528889141757,0.558153094801,0.587767953074,
    0.617673121193,0.647794588349,0.678049152399,0.708348261133,
    0.738765178533,0.770855167217,0.80460388084,0.83920044304,
    0.873702141244,0.907179956746,0.938871006772,0.9684251051,
0.996257998802,1.),.UNSPECIFIED.) GEOMETRIC_REPRESENTATION_ITEM() 
RATIONAL_B_SPLINE_SURFACE((
    (1.,0.999999999894,1.000000000045,0.999999999989,1.000000000003
      ,0.999999999999,1.,1.,1.,1.,1.,1.,1.,1.,1.,1.,1.,1.,1.,1.,1.,1.,1.
      ,1.,1.,1.,1.,1.,1.,1.,1.,0.999999999999,1.000000000003
      ,0.999999999994,1.000000000002,1.)
    ,(1.,0.999999999894,1.000000000045,0.999999999989,1.000000000003
      ,0.999999999999,1.,1.,1.,1.,1.,1.,1.,1.,1.,1.,1.,1.,1.,1.,1.,1.,1.
      ,1.,1.,1.,1.,1.,1.,1.,1.,0.999999999999,1.000000000003
,0.999999999994,1.000000000002,1.
  ))) REPRESENTATION_ITEM('') SURFACE() );
#6765 = CARTESIAN_POINT('',(-26.23127031101,1.3,-8.55));
#6766 = CARTESIAN_POINT('',(-26.48517870371,1.496809190582,
    -8.565066766367));
#6767 = CARTESIAN_POINT('',(-26.9549605655,1.893835106052,
    -8.543644221511));
#6768 = CARTESIAN_POINT('',(-27.58248877665,2.522459104255,
    -8.551448718985));
#6769 = CARTESIAN_POINT('',(-28.11842112312,3.149130970453,
    -8.54986911169));
#6770 = CARTESIAN_POINT('',(-28.57947210985,3.774738193821,
    -8.549265947675));
#6771 = CARTESIAN_POINT('',(-28.97693671543,4.399868170264,
    -8.552862630469));
#6772 = CARTESIAN_POINT('',(-29.31923434369,5.024585964944,
    -8.530717910841));
#6773 = CARTESIAN_POINT('',(-29.61112218507,5.648984866434,
    -8.484175140551));
#6774 = CARTESIAN_POINT('',(-29.85678345039,6.273111219501,
    -8.416817089838));
#6775 = CARTESIAN_POINT('',(-30.05982987364,6.896905366274,
    -8.331641295583));
#6776 = CARTESIAN_POINT('',(-30.22322500684,7.52035509086,-8.23183406403
    ));
#6777 = CARTESIAN_POINT('',(-30.34842516195,8.143642064795,
    -8.120309447509));
#6778 = CARTESIAN_POINT('',(-30.43641877256,8.766860152114,
    -8.000681065055));
#6779 = CARTESIAN_POINT('',(-30.48985470068,9.389669989179,
    -7.874081506692));
#6780 = CARTESIAN_POINT('',(-30.50273443083,10.015006049248,
    -7.75049744242));
#6781 = CARTESIAN_POINT('',(-30.49925407044,10.639903406768,
    -7.60536395061));
#6782 = CARTESIAN_POINT('',(-30.50020434463,11.262074951454,
    -7.420001363144));
#6783 = CARTESIAN_POINT('',(-30.49994422861,11.884217289856,
    -7.205235134337));
#6784 = CARTESIAN_POINT('',(-30.50001535201,12.506048110319,
    -6.964102855032));
#6785 = CARTESIAN_POINT('',(-30.499995949,13.127721141906,
    -6.701805547255));
#6786 = CARTESIAN_POINT('',(-30.50000122516,13.749303560528,
    -6.423024401228));
#6787 = CARTESIAN_POINT('',(-30.49999979798,14.370684127348,
    -6.13224372859));
#6788 = CARTESIAN_POINT('',(-30.50000017423,14.992496802281,
    -5.835239438233));
#6789 = CARTESIAN_POINT('',(-30.50000010609,15.613632832785,
    -5.532232258406));
#6790 = CARTESIAN_POINT('',(-30.49999999864,16.255069687578,
    -5.237063779284));
#6791 = CARTESIAN_POINT('',(-30.50000053373,16.874436326679,
    -4.844574430879));
#6792 = CARTESIAN_POINT('',(-30.49999836611,17.488814544244,
    -4.391665959935));
#6793 = CARTESIAN_POINT('',(-30.50000673408,18.102651487775,
    -3.907822129893));
#6794 = CARTESIAN_POINT('',(-30.49997574917,18.716554274226,
    -3.427461397618));
#6795 = CARTESIAN_POINT('',(-30.50008600696,19.331121227202,
    -2.984162467601));
#6796 = CARTESIAN_POINT('',(-30.49970674331,19.948598973692,
    -2.611411122974));
#6797 = CARTESIAN_POINT('',(-30.46975737052,20.572889463245,
    -2.343148847576));
#6798 = CARTESIAN_POINT('',(-30.42864159107,21.033261702399,
    -2.254858937566));
#6799 = CARTESIAN_POINT('',(-30.4015011415,21.271787466535,
    -2.249989969724));
#6800 = CARTESIAN_POINT('',(-30.39817085033,21.3,-2.25));
#6801 = CARTESIAN_POINT('',(26.231270311019,1.3,-8.55));
#6802 = CARTESIAN_POINT('',(26.485178705279,1.496809190582,
    -8.565066766367));
#6803 = CARTESIAN_POINT('',(26.954960564845,1.893835106052,
    -8.543644221511));
#6804 = CARTESIAN_POINT('',(27.582488776812,2.522459104255,
    -8.551448718985));
#6805 = CARTESIAN_POINT('',(28.118421123087,3.149130970453,
    -8.54986911169));
#6806 = CARTESIAN_POINT('',(28.579472109868,3.774738193821,
    -8.549265947675));
#6807 = CARTESIAN_POINT('',(28.976936715429,4.399868170264,
    -8.552862630469));
#6808 = CARTESIAN_POINT('',(29.319234343695,5.024585964944,
    -8.530717910841));
#6809 = CARTESIAN_POINT('',(29.611122185074,5.648984866434,
    -8.484175140551));
#6810 = CARTESIAN_POINT('',(29.856783450391,6.273111219501,
    -8.416817089838));
#6811 = CARTESIAN_POINT('',(30.059829873644,6.896905366274,
    -8.331641295583));
#6812 = CARTESIAN_POINT('',(30.223225006849,7.52035509086,-8.23183406403
    ));
#6813 = CARTESIAN_POINT('',(30.348425161958,8.143642064795,
    -8.120309447509));
#6814 = CARTESIAN_POINT('',(30.436418772569,8.766860152114,
    -8.000681065055));
#6815 = CARTESIAN_POINT('',(30.489854700685,9.389669989179,
    -7.874081506692));
#6816 = CARTESIAN_POINT('',(30.502734430831,10.015006049248,
    -7.75049744242));
#6817 = CARTESIAN_POINT('',(30.499254070441,10.639903406768,
    -7.60536395061));
#6818 = CARTESIAN_POINT('',(30.50020434463,11.262074951454,
    -7.420001363144));
#6819 = CARTESIAN_POINT('',(30.499944228614,11.884217289856,
    -7.205235134337));
#6820 = CARTESIAN_POINT('',(30.50001535201,12.506048110319,
    -6.964102855032));
#6821 = CARTESIAN_POINT('',(30.499995949006,13.127721141906,
    -6.701805547255));
#6822 = CARTESIAN_POINT('',(30.500001225169,13.749303560528,
    -6.423024401228));
#6823 = CARTESIAN_POINT('',(30.499999797982,14.370684127348,
    -6.13224372859));
#6824 = CARTESIAN_POINT('',(30.50000017423,14.992496802281,
    -5.835239438233));
#6825 = CARTESIAN_POINT('',(30.500000106092,15.613632832785,
    -5.532232258406));
#6826 = CARTESIAN_POINT('',(30.499999998646,16.255069687578,
    -5.237063779284));
#6827 = CARTESIAN_POINT('',(30.500000533731,16.874436326679,
    -4.844574430879));
#6828 = CARTESIAN_POINT('',(30.499998366111,17.488814544244,
    -4.391665959935));
#6829 = CARTESIAN_POINT('',(30.500006734083,18.102651487775,
    -3.907822129893));
#6830 = CARTESIAN_POINT('',(30.499975749176,18.716554274226,
    -3.427461397618));
#6831 = CARTESIAN_POINT('',(30.500086006972,19.331121227202,
    -2.984162467601));
#6832 = CARTESIAN_POINT('',(30.499706743305,19.948598973692,
    -2.611411122974));
#6833 = CARTESIAN_POINT('',(30.469757370542,20.572889463245,
    -2.343148847576));
#6834 = CARTESIAN_POINT('',(30.428641591023,21.033261702399,
    -2.254858937566));
#6835 = CARTESIAN_POINT('',(30.401501141522,21.271787466535,
    -2.249989969724));
#6836 = CARTESIAN_POINT('',(30.398170850339,21.3,-2.25));
#6837 = DEFINITIONAL_REPRESENTATION('',(#6838),#6995);
#6838 = B_SPLINE_CURVE_WITH_KNOTS('',8,(#6839,#6840,#6841,#6842,#6843,
    #6844,#6845,#6846,#6847,#6848,#6849,#6850,#6851,#6852,#6853,#6854,
    #6855,#6856,#6857,#6858,#6859,#6860,#6861,#6862,#6863,#6864,#6865,
    #6866,#6867,#6868,#6869,#6870,#6871,#6872,#6873,#6874,#6875,#6876,
    #6877,#6878,#6879,#6880,#6881,#6882,#6883,#6884,#6885,#6886,#6887,
    #6888,#6889,#6890,#6891,#6892,#6893,#6894,#6895,#6896,#6897,#6898,
    #6899,#6900,#6901,#6902,#6903,#6904,#6905,#6906,#6907,#6908,#6909,
    #6910,#6911,#6912,#6913,#6914,#6915,#6916,#6917,#6918,#6919,#6920,
    #6921,#6922,#6923,#6924,#6925,#6926,#6927,#6928,#6929,#6930,#6931,
    #6932,#6933,#6934,#6935,#6936,#6937,#6938,#6939,#6940,#6941,#6942,
    #6943,#6944,#6945,#6946,#6947,#6948,#6949,#6950,#6951,#6952,#6953,
    #6954,#6955,#6956,#6957,#6958,#6959,#6960,#6961,#6962,#6963,#6964,
    #6965,#6966,#6967,#6968,#6969,#6970,#6971,#6972,#6973,#6974,#6975,
    #6976,#6977,#6978,#6979,#6980,#6981,#6982,#6983,#6984,#6985,#6986,
    #6987,#6988,#6989,#6990,#6991,#6992,#6993,#6994),.UNSPECIFIED.,.F.,
  .F.,(9,7,7,7,7,7,7,7,7,7,7,7,7,7,7,7,7,7,7,7,7,7,9),(0.,
    3.685817611321E-02,9.650987379513E-02,0.126004054328,0.140663655966,
    0.155656550556,0.287899664856,0.400680126667,0.414591781974,
    0.428910240172,0.494847866574,0.501762991882,0.551210921556,
    0.579449169569,0.654123191433,0.678941031346,0.755679995702,
    0.781894173749,0.861537761281,0.873423934769,0.963173609614,
    0.984316998222,1.),.UNSPECIFIED.);
#6839 = CARTESIAN_POINT('',(0.973286873637,0.81062848516));
#6840 = CARTESIAN_POINT('',(0.973286874418,0.810198113121));
#6841 = CARTESIAN_POINT('',(0.97328493817,0.809767714522));
#6842 = CARTESIAN_POINT('',(0.973281074795,0.809337364437));
#6843 = CARTESIAN_POINT('',(0.973275292663,0.808907137406));
#6844 = CARTESIAN_POINT('',(0.973267598609,0.808477107438));
#6845 = CARTESIAN_POINT('',(0.973257997933,0.808047348006));
#6846 = CARTESIAN_POINT('',(0.973246494398,0.807617932052));
#6847 = CARTESIAN_POINT('',(0.973211396693,0.806494633385));
#6848 = CARTESIAN_POINT('',(0.973184725614,0.805801432232));
#6849 = CARTESIAN_POINT('',(0.973153086028,0.80510962995));
#6850 = CARTESIAN_POINT('',(0.973116477652,0.804419538531));
#6851 = CARTESIAN_POINT('',(0.973074890893,0.803731480536));
#6852 = CARTESIAN_POINT('',(0.973028306848,0.803045789096));
#6853 = CARTESIAN_POINT('',(0.972976697303,0.802362807909));
#6854 = CARTESIAN_POINT('',(0.972892003581,0.801346713339));
#6855 = CARTESIAN_POINT('',(0.972862744859,0.801011286524));
#6856 = CARTESIAN_POINT('',(0.972832244118,0.800676654517));
#6857 = CARTESIAN_POINT('',(0.972800496444,0.800342862501));
#6858 = CARTESIAN_POINT('',(0.97276749647,0.800009957117));
#6859 = CARTESIAN_POINT('',(0.972733238368,0.799677986467));
#6860 = CARTESIAN_POINT('',(0.972697715856,0.799347000114));
#6861 = CARTESIAN_POINT('',(0.9726426345,0.798853052297));
#6862 = CARTESIAN_POINT('',(0.972624032791,0.798689311341));
#6863 = CARTESIAN_POINT('',(0.97260511624,0.798525832506));
#6864 = CARTESIAN_POINT('',(0.972585883999,0.798362622201));
#6865 = CARTESIAN_POINT('',(0.972566335199,0.798199686951));
#6866 = CARTESIAN_POINT('',(0.972546468948,0.798037033396));
#6867 = CARTESIAN_POINT('',(0.972526284328,0.797874668294));
#6868 = CARTESIAN_POINT('',(0.972484810334,0.797546843982));
#6869 = CARTESIAN_POINT('',(0.972463505215,0.797381391602));
#6870 = CARTESIAN_POINT('',(0.972441868819,0.797216279298));
#6871 = CARTESIAN_POINT('',(0.972419888272,0.797051438742));
#6872 = CARTESIAN_POINT('',(0.972397582746,0.796887006982));
#6873 = CARTESIAN_POINT('',(0.972374926402,0.796722833256));
#6874 = CARTESIAN_POINT('',(0.972351940301,0.796559067264));
#6875 = CARTESIAN_POINT('',(0.972122814532,0.794954001256));
#6876 = CARTESIAN_POINT('',(0.971890286573,0.79354018462));
#6877 = CARTESIAN_POINT('',(0.971631523532,0.79215756579));
#6878 = CARTESIAN_POINT('',(0.971346701426,0.790810861574));
#6879 = CARTESIAN_POINT('',(0.971035814513,0.789505930206));
#6880 = CARTESIAN_POINT('',(0.970698748741,0.788249685315));
#6881 = CARTESIAN_POINT('',(0.970335287898,0.787050108306));
#6882 = CARTESIAN_POINT('',(0.969612246727,0.784949473894));
#6883 = CARTESIAN_POINT('',(0.969259785067,0.784031620227));
#6884 = CARTESIAN_POINT('',(0.968888729974,0.783165352112));
#6885 = CARTESIAN_POINT('',(0.968500055992,0.782354534661));
#6886 = CARTESIAN_POINT('',(0.968094741414,0.781604058743));
#6887 = CARTESIAN_POINT('',(0.967673819095,0.780919695967));
#6888 = CARTESIAN_POINT('',(0.967238386368,0.780308094062));
#6889 = CARTESIAN_POINT('',(0.96673421242,0.779711390132));
#6890 = CARTESIAN_POINT('',(0.966678632391,0.779647081698));
#6891 = CARTESIAN_POINT('',(0.966622877364,0.779584035352));
#6892 = CARTESIAN_POINT('',(0.966566893732,0.779522182601));
#6893 = CARTESIAN_POINT('',(0.966510752019,0.779461604658));
#6894 = CARTESIAN_POINT('',(0.966454403691,0.779402239612));
#6895 = CARTESIAN_POINT('',(0.966397884908,0.779344127784));
#6896 = CARTESIAN_POINT('',(0.966282832845,0.77922872282));
#6897 = CARTESIAN_POINT('',(0.966224291964,0.779171506917));
#6898 = CARTESIAN_POINT('',(0.966165570425,0.779115612108));
#6899 = CARTESIAN_POINT('',(0.966106673409,0.779061041659));
#6900 = CARTESIAN_POINT('',(0.966047606054,0.779007799057));
#6901 = CARTESIAN_POINT('',(0.965988373458,0.77895588801));
#6902 = CARTESIAN_POINT('',(0.965928980671,0.778905312452));
#6903 = CARTESIAN_POINT('',(0.965595208832,0.778629348319));
#6904 = CARTESIAN_POINT('',(0.965317720949,0.778431030404));
#6905 = CARTESIAN_POINT('',(0.96503742224,0.778261523833));
#6906 = CARTESIAN_POINT('',(0.964754787742,0.778121347441));
#6907 = CARTESIAN_POINT('',(0.964470314345,0.778011137856));
#6908 = CARTESIAN_POINT('',(0.964184520799,0.777931649498));
#6909 = CARTESIAN_POINT('',(0.963897947708,0.777883754577));
#6910 = CARTESIAN_POINT('',(0.963581080777,0.77786683709));
#6911 = CARTESIAN_POINT('',(0.96355099518,0.77786558709));
#6912 = CARTESIAN_POINT('',(0.963520910415,0.777864692369));
#6913 = CARTESIAN_POINT('',(0.963490824777,0.77786415198));
#6914 = CARTESIAN_POINT('',(0.963460736159,0.777863964977));
#6915 = CARTESIAN_POINT('',(0.96343064645,0.777864130507));
#6916 = CARTESIAN_POINT('',(0.963400559359,0.777864647769));
#6917 = CARTESIAN_POINT('',(0.963155323861,0.777871722342));
#6918 = CARTESIAN_POINT('',(0.96294023084,0.777895869781));
#6919 = CARTESIAN_POINT('',(0.962725429481,0.77793764273));
#6920 = CARTESIAN_POINT('',(0.96251115119,0.777996762551));
#6921 = CARTESIAN_POINT('',(0.962297621899,0.778072987389));
#6922 = CARTESIAN_POINT('',(0.962085062071,0.778166112163));
#6923 = CARTESIAN_POINT('',(0.961873686696,0.778275968575));
#6924 = CARTESIAN_POINT('',(0.961543791202,0.77847464149));
#6925 = CARTESIAN_POINT('',(0.961424334161,0.778552271171));
#6926 = CARTESIAN_POINT('',(0.961305374383,0.778635289958));
#6927 = CARTESIAN_POINT('',(0.961186952869,0.778723676948));
#6928 = CARTESIAN_POINT('',(0.961069111405,0.778817414529));
#6929 = CARTESIAN_POINT('',(0.960951892566,0.778916488374));
#6930 = CARTESIAN_POINT('',(0.960835339711,0.779020887449));
#6931 = CARTESIAN_POINT('',(0.960413159624,0.779420744671));
#6932 = CARTESIAN_POINT('',(0.960111669711,0.779747776811));
#6933 = CARTESIAN_POINT('',(0.959815521971,0.780109679244));
#6934 = CARTESIAN_POINT('',(0.959525184728,0.780504604594));
#6935 = CARTESIAN_POINT('',(0.959241104005,0.780930893604));
#6936 = CARTESIAN_POINT('',(0.958963707619,0.781387089448));
#6937 = CARTESIAN_POINT('',(0.95869340927,0.781871952042));
#6938 = CARTESIAN_POINT('',(0.958343271077,0.782554802996));
#6939 = CARTESIAN_POINT('',(0.958256780046,0.782728213625));
#6940 = CARTESIAN_POINT('',(0.958171060285,0.78290453859));
#6941 = CARTESIAN_POINT('',(0.958086386404,0.78308398784));
#6942 = CARTESIAN_POINT('',(0.958002369998,0.783266281665));
#6943 = CARTESIAN_POINT('',(0.95791934944,0.783451403532));
#6944 = CARTESIAN_POINT('',(0.957837143934,0.783639307386));
#6945 = CARTESIAN_POINT('',(0.957504385084,0.784419230685));
#6946 = CARTESIAN_POINT('',(0.95726132589,0.785034322169));
#6947 = CARTESIAN_POINT('',(0.957026744783,0.78567329174));
#6948 = CARTESIAN_POINT('',(0.95680074943,0.78633442172));
#6949 = CARTESIAN_POINT('',(0.956583459783,0.787016161807));
#6950 = CARTESIAN_POINT('',(0.956375008078,0.787717129072));
#6951 = CARTESIAN_POINT('',(0.956175538839,0.788436107959));
#6952 = CARTESIAN_POINT('',(0.955920193135,0.789423452098));
#6953 = CARTESIAN_POINT('',(0.955856246954,0.789676807516));
#6954 = CARTESIAN_POINT('',(0.955793334139,0.789932147009));
#6955 = CARTESIAN_POINT('',(0.955731502085,0.790189271439));
#6956 = CARTESIAN_POINT('',(0.955670691717,0.790448277795));
#6957 = CARTESIAN_POINT('',(0.955610945612,0.790708985196));
#6958 = CARTESIAN_POINT('',(0.955552234276,0.790971413189));
#6959 = CARTESIAN_POINT('',(0.955319356279,0.792037767343));
#6960 = CARTESIAN_POINT('',(0.955153760451,0.792855208064));
#6961 = CARTESIAN_POINT('',(0.954997684195,0.79368641269));
#6962 = CARTESIAN_POINT('',(0.954851061996,0.79453009435));
#6963 = CARTESIAN_POINT('',(0.954713856724,0.795385069866));
#6964 = CARTESIAN_POINT('',(0.954586059634,0.79625025975));
#6965 = CARTESIAN_POINT('',(0.954467690364,0.797124688208));
#6966 = CARTESIAN_POINT('',(0.95434254573,0.798139233513));
#6967 = CARTESIAN_POINT('',(0.954326509539,0.798271139333));
#6968 = CARTESIAN_POINT('',(0.95431067802,0.798403266639));
#6969 = CARTESIAN_POINT('',(0.954295058343,0.798535558335));
#6970 = CARTESIAN_POINT('',(0.954279648431,0.798668021868));
#6971 = CARTESIAN_POINT('',(0.954264444125,0.7988006796));
#6972 = CARTESIAN_POINT('',(0.954249449824,0.798933494472));
#6973 = CARTESIAN_POINT('',(0.95412300354,0.800070652698));
#6974 = CARTESIAN_POINT('',(0.954023178469,0.801084372797));
#6975 = CARTESIAN_POINT('',(0.953934986902,0.802106263207));
#6976 = CARTESIAN_POINT('',(0.953858273709,0.803135021655));
#6977 = CARTESIAN_POINT('',(0.953792928638,0.804169424235));
#6978 = CARTESIAN_POINT('',(0.953738886322,0.8052083254));
#6979 = CARTESIAN_POINT('',(0.953696126272,0.806250657966));
#6980 = CARTESIAN_POINT('',(0.953657263378,0.807541563056));
#6981 = CARTESIAN_POINT('',(0.953650481701,0.807787825471));
#6982 = CARTESIAN_POINT('',(0.953644328259,0.808034206481));
#6983 = CARTESIAN_POINT('',(0.953638803623,0.808280692191));
#6984 = CARTESIAN_POINT('',(0.953633908523,0.808527268689));
#6985 = CARTESIAN_POINT('',(0.953629643854,0.808773922039));
#6986 = CARTESIAN_POINT('',(0.953626010672,0.809020638291));
#6987 = CARTESIAN_POINT('',(0.953620784569,0.809450440291));
#6988 = CARTESIAN_POINT('',(0.95361890789,0.809633477242));
#6989 = CARTESIAN_POINT('',(0.953617378177,0.809816609358));
#6990 = CARTESIAN_POINT('',(0.953616196268,0.809999676757));
#6991 = CARTESIAN_POINT('',(0.9536153595,0.810182845629));
#6992 = CARTESIAN_POINT('',(0.953614868648,0.810365970114));
#6993 = CARTESIAN_POINT('',(0.953614722116,0.81054912676));
#6994 = CARTESIAN_POINT('',(0.953614919605,0.81073227678));
#6995 = ( GEOMETRIC_REPRESENTATION_CONTEXT(2) 
PARAMETRIC_REPRESENTATION_CONTEXT() REPRESENTATION_CONTEXT('2D SPACE',''
  ) );
#6996 = ORIENTED_EDGE('',*,*,#6997,.F.);
#6997 = EDGE_CURVE('',#3263,#6441,#6998,.T.);
#6998 = SURFACE_CURVE('',#6999,(#7003,#7009),.PCURVE_S1.);
#6999 = LINE('',#7000,#7001);
#7000 = CARTESIAN_POINT('',(28.8705,17.590161405487,-4.167551378375));
#7001 = VECTOR('',#7002,1.);
#7002 = DIRECTION('',(0.,0.,-1.));
#7003 = PCURVE('',#3642,#7004);
#7004 = DEFINITIONAL_REPRESENTATION('',(#7005),#7008);
#7005 = B_SPLINE_CURVE_WITH_KNOTS('',1,(#7006,#7007),.UNSPECIFIED.,.F.,
  .F.,(2,2),(1.225686219186E-12,5.999819872905),
  .PIECEWISE_BEZIER_KNOTS.);
#7006 = CARTESIAN_POINT('',(5.1106229181E-16,2.899686247348E-11));
#7007 = CARTESIAN_POINT('',(3.064639728008E-16,0.999969978817));
#7008 = ( GEOMETRIC_REPRESENTATION_CONTEXT(2) 
PARAMETRIC_REPRESENTATION_CONTEXT() REPRESENTATION_CONTEXT('2D SPACE',''
  ) );
#7009 = PCURVE('',#3370,#7010);
#7010 = DEFINITIONAL_REPRESENTATION('',(#7011),#7014);
#7011 = B_SPLINE_CURVE_WITH_KNOTS('',1,(#7012,#7013),.UNSPECIFIED.,.F.,
  .F.,(2,2),(1.225686219186E-12,5.999819872905),
  .PIECEWISE_BEZIER_KNOTS.);
#7012 = CARTESIAN_POINT('',(1.,2.899677766912E-11));
#7013 = CARTESIAN_POINT('',(1.,0.999969978817));
#7014 = ( GEOMETRIC_REPRESENTATION_CONTEXT(2) 
PARAMETRIC_REPRESENTATION_CONTEXT() REPRESENTATION_CONTEXT('2D SPACE',''
  ) );
#7015 = ORIENTED_EDGE('',*,*,#3506,.T.);
#7016 = ORIENTED_EDGE('',*,*,#7017,.T.);
#7017 = EDGE_CURVE('',#3261,#6443,#7018,.T.);
#7018 = SURFACE_CURVE('',#7019,(#7023,#7029),.PCURVE_S1.);
#7019 = LINE('',#7020,#7021);
#7020 = CARTESIAN_POINT('',(27.670510785948,17.592035837945,
    -4.166427610774));
#7021 = VECTOR('',#7022,1.);
#7022 = DIRECTION('',(0.,0.,-1.));
#7023 = PCURVE('',#3642,#7024);
#7024 = DEFINITIONAL_REPRESENTATION('',(#7025),#7028);
#7025 = B_SPLINE_CURVE_WITH_KNOTS('',1,(#7026,#7027),.UNSPECIFIED.,.F.,
  .F.,(2,2),(2.142293027418E-07,5.999657649059),
  .PIECEWISE_BEZIER_KNOTS.);
#7026 = CARTESIAN_POINT('',(0.5,3.573367666783E-08));
#7027 = CARTESIAN_POINT('',(0.5,0.99994294151));
#7028 = ( GEOMETRIC_REPRESENTATION_CONTEXT(2) 
PARAMETRIC_REPRESENTATION_CONTEXT() REPRESENTATION_CONTEXT('2D SPACE',''
  ) );
#7029 = PCURVE('',#3370,#7030);
#7030 = DEFINITIONAL_REPRESENTATION('',(#7031),#7034);
#7031 = B_SPLINE_CURVE_WITH_KNOTS('',1,(#7032,#7033),.UNSPECIFIED.,.F.,
  .F.,(2,2),(2.142293027418E-07,5.999657649059),
  .PIECEWISE_BEZIER_KNOTS.);
#7032 = CARTESIAN_POINT('',(0.5,3.573367592997E-08));
#7033 = CARTESIAN_POINT('',(0.5,0.99994294151));
#7034 = ( GEOMETRIC_REPRESENTATION_CONTEXT(2) 
PARAMETRIC_REPRESENTATION_CONTEXT() REPRESENTATION_CONTEXT('2D SPACE',''
  ) );
#7035 = ADVANCED_FACE('',(#7036),#6764,.F.);
#7036 = FACE_BOUND('',#7037,.F.);
#7037 = EDGE_LOOP('',(#7038,#7602));
#7038 = ORIENTED_EDGE('',*,*,#7039,.F.);
#7039 = EDGE_CURVE('',#6443,#6441,#7040,.T.);
#7040 = SURFACE_CURVE('',#7041,(#7226,#7414),.PCURVE_S1.);
#7041 = B_SPLINE_CURVE_WITH_KNOTS('',8,(#7042,#7043,#7044,#7045,#7046,
    #7047,#7048,#7049,#7050,#7051,#7052,#7053,#7054,#7055,#7056,#7057,
    #7058,#7059,#7060,#7061,#7062,#7063,#7064,#7065,#7066,#7067,#7068,
    #7069,#7070,#7071,#7072,#7073,#7074,#7075,#7076,#7077,#7078,#7079,
    #7080,#7081,#7082,#7083,#7084,#7085,#7086,#7087,#7088,#7089,#7090,
    #7091,#7092,#7093,#7094,#7095,#7096,#7097,#7098,#7099,#7100,#7101,
    #7102,#7103,#7104,#7105,#7106,#7107,#7108,#7109,#7110,#7111,#7112,
    #7113,#7114,#7115,#7116,#7117,#7118,#7119,#7120,#7121,#7122,#7123,
    #7124,#7125,#7126,#7127,#7128,#7129,#7130,#7131,#7132,#7133,#7134,
    #7135,#7136,#7137,#7138,#7139,#7140,#7141,#7142,#7143,#7144,#7145,
    #7146,#7147,#7148,#7149,#7150,#7151,#7152,#7153,#7154,#7155,#7156,
    #7157,#7158,#7159,#7160,#7161,#7162,#7163,#7164,#7165,#7166,#7167,
    #7168,#7169,#7170,#7171,#7172,#7173,#7174,#7175,#7176,#7177,#7178,
    #7179,#7180,#7181,#7182,#7183,#7184,#7185,#7186,#7187,#7188,#7189,
    #7190,#7191,#7192,#7193,#7194,#7195,#7196,#7197,#7198,#7199,#7200,
    #7201,#7202,#7203,#7204,#7205,#7206,#7207,#7208,#7209,#7210,#7211,
    #7212,#7213,#7214,#7215,#7216,#7217,#7218,#7219,#7220,#7221,#7222,
    #7223,#7224,#7225),.UNSPECIFIED.,.F.,.F.,(9,7,7,7,7,7,7,7,7,7,7,7,7,
    7,7,7,7,7,7,7,7,7,7,7,7,7,9),(0.,3.533346391568E-02,0.119216322946,
    0.255027885436,0.261026515763,0.308912839188,0.33264866707,
    0.344435318039,0.356159757816,0.363155785184,0.409367220943,
    0.43212260154,0.443625119596,0.455075477563,0.497230060292,
    0.540912016873,0.619871683313,0.631173994675,0.672124815892,
    0.692772124887,0.713864272999,0.807604078491,0.82062292436,
    0.915588719267,0.924235879948,0.971617491561,1.),.UNSPECIFIED.);
#7042 = CARTESIAN_POINT('',(27.670510785947,17.592035837657,
    -4.307260428063));
#7043 = CARTESIAN_POINT('',(27.670538177109,17.599544136239,
    -4.301476342508));
#7044 = CARTESIAN_POINT('',(27.670673683754,17.60705042276,
    -4.295689491911));
#7045 = CARTESIAN_POINT('',(27.670916836558,17.614553573219,
    -4.289900838209));
#7046 = CARTESIAN_POINT('',(27.671267237717,17.622052471593,
    -4.284111340279));
#7047 = CARTESIAN_POINT('',(27.671724560948,17.629546009836,
    -4.278321953933));
#7048 = CARTESIAN_POINT('',(27.672288551487,17.637033087879,
    -4.272533631919));
#7049 = CARTESIAN_POINT('',(27.672959026089,17.644512613634,
    -4.266747323923));
#7050 = CARTESIAN_POINT('',(27.675580146392,17.669719655375,
    -4.24723411777));
#7051 = CARTESIAN_POINT('',(27.678023809355,17.687406386468,
    -4.233521494591));
#7052 = CARTESIAN_POINT('',(27.681065498364,17.705030000993,
    -4.219838173786));
#7053 = CARTESIAN_POINT('',(27.684705958242,17.722575820042,
    -4.206197024855));
#7054 = CARTESIAN_POINT('',(27.688948042195,17.740028181064,
    -4.192611720048));
#7055 = CARTESIAN_POINT('',(27.693796711806,17.757370437872,
    -4.179096734358));
#7056 = CARTESIAN_POINT('',(27.699259037039,17.774584960637,
    -4.165667345528));
#7057 = CARTESIAN_POINT('',(27.715196472449,17.819287558339,
    -4.130761234168));
#7058 = CARTESIAN_POINT('',(27.726697409679,17.846534512434,
    -4.109452303304));
#7059 = CARTESIAN_POINT('',(27.739819396982,17.873339648114,
    -4.088461670237));
#7060 = CARTESIAN_POINT('',(27.754556728668,17.899628934322,
    -4.067853391986));
#7061 = CARTESIAN_POINT('',(27.770917970311,17.925311031534,
    -4.047704805316));
#7062 = CARTESIAN_POINT('',(27.788922542977,17.950278053029,
    -4.028105777903));
#7063 = CARTESIAN_POINT('',(27.808601525701,17.974404714909,
    -4.009159159164));
#7064 = CARTESIAN_POINT('',(27.830947936339,17.998567992977,
    -3.990179585881));
#7065 = CARTESIAN_POINT('',(27.831896842085,17.999588467539,
    -3.989378023792));
#7066 = CARTESIAN_POINT('',(27.832848975141,18.00060683865,
    -3.988578106036));
#7067 = CARTESIAN_POINT('',(27.833804436468,18.001623213313,
    -3.987779748864));
#7068 = CARTESIAN_POINT('',(27.834763347827,18.002637721057,
    -3.98698285083));
#7069 = CARTESIAN_POINT('',(27.835725650843,18.003650294478,
    -3.986187465167));
#7070 = CARTESIAN_POINT('',(27.836691203561,18.004660774698,
    -3.985393716958));
#7071 = CARTESIAN_POINT('',(27.845395363365,18.013720599471,
    -3.978277023021));
#7072 = CARTESIAN_POINT('',(27.853343887359,18.02164506717,
    -3.972051761666));
#7073 = CARTESIAN_POINT('',(27.861503233004,18.029437883881,
    -3.965929644205));
#7074 = CARTESIAN_POINT('',(27.869871091356,18.037093704405,
    -3.959914998376));
#7075 = CARTESIAN_POINT('',(27.878445358005,18.0446066993,
    -3.954012516475));
#7076 = CARTESIAN_POINT('',(27.887224133073,18.051970554881,
    -3.948227255352));
#7077 = CARTESIAN_POINT('',(27.896205721214,18.059178473222,
    -3.94256463641));
#7078 = CARTESIAN_POINT('',(27.909940325597,18.069715021597,
    -3.934287310383));
#7079 = CARTESIAN_POINT('',(27.914541442959,18.073166745997,
    -3.931575747127));
#7080 = CARTESIAN_POINT('',(27.91919178552,18.076577446492,
    -3.92889646983));
#7081 = CARTESIAN_POINT('',(27.92389114827,18.079946185088,
    -3.92625022222));
#7082 = CARTESIAN_POINT('',(27.928639319375,18.083271984662,
    -3.92363777776));
#7083 = CARTESIAN_POINT('',(27.93343608017,18.086553828959,
    -3.92105993965));
#7084 = CARTESIAN_POINT('',(27.938281205164,18.089790662596,
    -3.918517540829));
#7085 = CARTESIAN_POINT('',(27.945604337504,18.094565831571,
    -3.914766975361));
#7086 = CARTESIAN_POINT('',(27.948046079998,18.096138902564,
    -3.913531458805));
#7087 = CARTESIAN_POINT('',(27.950499660295,18.097700469718,
    -3.912305000165));
#7088 = CARTESIAN_POINT('',(27.952965047951,18.099250396135,
    -3.911087707271));
#7089 = CARTESIAN_POINT('',(27.955442211299,18.10078854233,
    -3.909879689926));
#7090 = CARTESIAN_POINT('',(27.957931117449,18.102314766237,
    -3.908681059902));
#7091 = CARTESIAN_POINT('',(27.96043173229,18.103828923201,
    -3.90749193094));
#7092 = CARTESIAN_POINT('',(27.965443048476,18.106824881448,
    -3.905139132086));
#7093 = CARTESIAN_POINT('',(27.967953422462,18.108306688893,
    -3.903975457081));
#7094 = CARTESIAN_POINT('',(27.97047602851,18.109776697354,
    -3.902821072661));
#7095 = CARTESIAN_POINT('',(27.973008541162,18.111233382819,
    -3.901677175535));
#7096 = CARTESIAN_POINT('',(27.975554841571,18.112678952244,
    -3.900542032768));
#7097 = CARTESIAN_POINT('',(27.978110063501,18.114110350618,
    -3.899418043103));
#7098 = CARTESIAN_POINT('',(27.980678509613,18.115530035496,
    -3.898303276725));
#7099 = CARTESIAN_POINT('',(27.984796051979,18.117775139787,
    -3.896540414233));
#7100 = CARTESIAN_POINT('',(27.986338990502,18.11860945608,
    -3.895885315751));
#7101 = CARTESIAN_POINT('',(27.98788606357,18.11943906549,-3.89523392221
    ));
#7102 = CARTESIAN_POINT('',(27.989437242013,18.120263954246,
    -3.894586244377));
#7103 = CARTESIAN_POINT('',(27.990992496872,18.121084108362,
    -3.89394229318));
#7104 = CARTESIAN_POINT('',(27.992551799395,18.121899513635,
    -3.893302079712));
#7105 = CARTESIAN_POINT('',(27.994115121042,18.12271015565,
    -3.892665615228));
#7106 = CARTESIAN_POINT('',(28.006035141065,18.12883904844,
    -3.887853667316));
#7107 = CARTESIAN_POINT('',(28.016561740148,18.133953541762,
    -3.883838551799));
#7108 = CARTESIAN_POINT('',(28.027254385973,18.13885538883,
    -3.879990769143));
#7109 = CARTESIAN_POINT('',(28.038105293813,18.143539944388,
    -3.876313936066));
#7110 = CARTESIAN_POINT('',(28.049106738973,18.148002028827,
    -3.872812081456));
#7111 = CARTESIAN_POINT('',(28.060251056789,18.152235928191,
    -3.869489646368));
#7112 = CARTESIAN_POINT('',(28.071530642631,18.156235394174,
    -3.866351484024));
#7113 = CARTESIAN_POINT('',(28.088555124367,18.161844279736,
    -3.861950900137));
#7114 = CARTESIAN_POINT('',(28.094203199788,18.163636411343,
    -3.860544911267));
#7115 = CARTESIAN_POINT('',(28.099881247202,18.165369219596,
    -3.859185529638));
#7116 = CARTESIAN_POINT('',(28.105588308327,18.167041849594,
    -3.857873419471));
#7117 = CARTESIAN_POINT('',(28.111323397555,18.168653410877,
    -3.856609272773));
#7118 = CARTESIAN_POINT('',(28.11708550195,18.170202977426,
    -3.855393809344));
#7119 = CARTESIAN_POINT('',(28.122873581255,18.171689587667,
    -3.854227776769));
#7120 = CARTESIAN_POINT('',(28.13162494897,18.173831377458,
    -3.852547915925));
#7121 = CARTESIAN_POINT('',(28.1345696917,18.174534169528,
    -3.851996709785));
#7122 = CARTESIAN_POINT('',(28.137520656984,18.175220491893,
    -3.851458432161));
#7123 = CARTESIAN_POINT('',(28.140477702744,18.175890213611,
    -3.850933184904));
#7124 = CARTESIAN_POINT('',(28.143440683914,18.17654320158,
    -3.85042107157));
#7125 = CARTESIAN_POINT('',(28.146409452437,18.17717932054,
    -3.849922197409));
#7126 = CARTESIAN_POINT('',(28.149383857267,18.177798433072,
    -3.849436669375));
#7127 = CARTESIAN_POINT('',(28.155330118952,18.17899963557,
    -3.848494664212));
#7128 = CARTESIAN_POINT('',(28.158301798628,18.179581860765,
    -3.848038080959));
#7129 = CARTESIAN_POINT('',(28.161279069742,18.1801470075,
    -3.847594898649));
#7130 = CARTESIAN_POINT('',(28.164261086985,18.180694826431,
    -3.847165312032));
#7131 = CARTESIAN_POINT('',(28.167248176559,18.181225253386,
    -3.84674937067));
#7132 = CARTESIAN_POINT('',(28.170240434319,18.181738186299,
    -3.846347153854));
#7133 = CARTESIAN_POINT('',(28.173236693512,18.182233321005,
    -3.845958899368));
#7134 = CARTESIAN_POINT('',(28.187287035112,18.184468158394,
    -3.844206500868));
#7135 = CARTESIAN_POINT('',(28.19839899408,18.185984241752,
    -3.843017773266));
#7136 = CARTESIAN_POINT('',(28.209563230034,18.187260367113,
    -3.842017243512));
#7137 = CARTESIAN_POINT('',(28.220769412954,18.188297665371,
    -3.841203995787));
#7138 = CARTESIAN_POINT('',(28.232007466459,18.189096975897,
    -3.840577349544));
#7139 = CARTESIAN_POINT('',(28.243267567807,18.189658846536,
    -3.840136859504));
#7140 = CARTESIAN_POINT('',(28.254540147892,18.189983533606,
    -3.839882315661));
#7141 = CARTESIAN_POINT('',(28.277500185469,18.190161609894,
    -3.839742709744));
#7142 = CARTESIAN_POINT('',(28.289187451811,18.189997500421,
    -3.839871366164));
#7143 = CARTESIAN_POINT('',(28.300867348489,18.18957853458,
    -3.840199819695));
#7144 = CARTESIAN_POINT('',(28.312529238049,18.188904235694,
    -3.840728450253));
#7145 = CARTESIAN_POINT('',(28.324162187367,18.187973789303,
    -3.841457910516));
#7146 = CARTESIAN_POINT('',(28.335754967648,18.186786043171,
    -3.842389125929));
#7147 = CARTESIAN_POINT('',(28.34729605443,18.18533950728,
    -3.843523294699));
#7148 = CARTESIAN_POINT('',(28.379520517284,18.180546438746,
    -3.847281579601));
#7149 = CARTESIAN_POINT('',(28.400066150467,18.17661813155,
    -3.850362029381));
#7150 = CARTESIAN_POINT('',(28.420359168316,18.171890026029,
    -3.854070060525));
#7151 = CARTESIAN_POINT('',(28.440351133379,18.166400914779,
    -3.858375521132));
#7152 = CARTESIAN_POINT('',(28.459996166512,18.160185255072,
    -3.863251674852));
#7153 = CARTESIAN_POINT('',(28.479250583815,18.153272634738,
    -3.868675591726));
#7154 = CARTESIAN_POINT('',(28.498072533575,18.145687238032,
    -3.87462853902));
#7155 = CARTESIAN_POINT('',(28.51904813206,18.136267850012,
    -3.882022176532));
#7156 = CARTESIAN_POINT('',(28.521664449658,18.135075161327,
    -3.88295838651));
#7157 = CARTESIAN_POINT('',(28.524271599692,18.133868643778,
    -3.883905474841));
#7158 = CARTESIAN_POINT('',(28.526868879282,18.132649382514,
    -3.884862590227));
#7159 = CARTESIAN_POINT('',(28.529456219335,18.131417250354,
    -3.885829832958));
#7160 = CARTESIAN_POINT('',(28.53203385961,18.130171930914,
    -3.886807451802));
#7161 = CARTESIAN_POINT('',(28.534601517669,18.128914200024,
    -3.887794838146));
#7162 = CARTESIAN_POINT('',(28.546426402055,18.123040918685,
    -3.892405791496));
#7163 = CARTESIAN_POINT('',(28.555562596589,18.118273213545,
    -3.896149100765));
#7164 = CARTESIAN_POINT('',(28.564565367241,18.113347131593,
    -3.90001707848));
#7165 = CARTESIAN_POINT('',(28.573432398437,18.108268743116,
    -3.9040049684));
#7166 = CARTESIAN_POINT('',(28.582161496257,18.10304374315,
    -3.908108300808));
#7167 = CARTESIAN_POINT('',(28.590750588437,18.097677451479,
    -3.912322892514));
#7168 = CARTESIAN_POINT('',(28.599197724365,18.092174812634,
    -3.916644846857));
#7169 = CARTESIAN_POINT('',(28.611687599958,18.0836995312,-3.92330198856
    ));
#7170 = CARTESIAN_POINT('',(28.615837542109,18.080825175255,
    -3.925559791962));
#7171 = CARTESIAN_POINT('',(28.619950651445,18.077917917548,
    -3.92784349812));
#7172 = CARTESIAN_POINT('',(28.624026673299,18.074978327916,
    -3.930152656117));
#7173 = CARTESIAN_POINT('',(28.628065348429,18.072006956546,
    -3.93248682991));
#7174 = CARTESIAN_POINT('',(28.632066413024,18.069004333981,
    -3.934845598324));
#7175 = CARTESIAN_POINT('',(28.636029598698,18.065970971109,
    -3.937228555056));
#7176 = CARTESIAN_POINT('',(28.643964256435,18.059777763896,
    -3.942093898377));
#7177 = CARTESIAN_POINT('',(28.64793357743,18.056616652119,
    -3.944577282104));
#7178 = CARTESIAN_POINT('',(28.651864599973,18.053424352961,
    -3.947085195429));
#7179 = CARTESIAN_POINT('',(28.655751076042,18.050201737009,
    -3.949616947904));
#7180 = CARTESIAN_POINT('',(28.659603127764,18.046948981791,
    -3.952172392961));
#7181 = CARTESIAN_POINT('',(28.663407712807,18.043666478016,
    -3.954751215913));
#7182 = CARTESIAN_POINT('',(28.667174559073,18.04035510474,
    -3.957352717809));
#7183 = CARTESIAN_POINT('',(28.68745814002,18.022172293319,
    -3.971637554172));
#7184 = CARTESIAN_POINT('',(28.703212143577,18.006771458533,
    -3.983736597373));
#7185 = CARTESIAN_POINT('',(28.718168244731,17.990868085703,
    -3.996229450682));
#7186 = CARTESIAN_POINT('',(28.732330665346,17.97451187032,
    -4.009076047365));
#7187 = CARTESIAN_POINT('',(28.745701442511,17.957746823953,
    -4.022240574495));
#7188 = CARTESIAN_POINT('',(28.758280065566,17.940611186263,
    -4.035691567954));
#7189 = CARTESIAN_POINT('',(28.770063113125,17.923137337012,
    -4.04940200743));
#7190 = CARTESIAN_POINT('',(28.782568916372,17.902881584629,
    -4.065286470177));
#7191 = CARTESIAN_POINT('',(28.784078097581,17.900406096521,
    -4.067227590577));
#7192 = CARTESIAN_POINT('',(28.785572775067,17.897923379953,
    -4.069174229488));
#7193 = CARTESIAN_POINT('',(28.787050991074,17.895436521879,
    -4.071123961375));
#7194 = CARTESIAN_POINT('',(28.788514993846,17.892942291627,
    -4.073079314917));
#7195 = CARTESIAN_POINT('',(28.789963014204,17.890443487224,
    -4.075038091072));
#7196 = CARTESIAN_POINT('',(28.791396136182,17.887938620362,
    -4.077001452092));
#7197 = CARTESIAN_POINT('',(28.803156319137,17.867117768724,
    -4.093319773812));
#7198 = CARTESIAN_POINT('',(28.812689270941,17.848517196271,
    -4.107888862673));
#7199 = CARTESIAN_POINT('',(28.821425867665,17.829659652728,
    -4.122648270832));
#7200 = CARTESIAN_POINT('',(28.829375585257,17.810575608356,
    -4.137572093019));
#7201 = CARTESIAN_POINT('',(28.836544330091,17.791293050964,
    -4.152636337923));
#7202 = CARTESIAN_POINT('',(28.84293443897,17.771837485909,
    -4.167818928199));
#7203 = CARTESIAN_POINT('',(28.848544679119,17.752231936092,
    -4.18309970046));
#7204 = CARTESIAN_POINT('',(28.853809634162,17.730699961076,
    -4.199859084423));
#7205 = CARTESIAN_POINT('',(28.854242503967,17.728901941552,
    -4.201258399747));
#7206 = CARTESIAN_POINT('',(28.854668861836,17.727102861798,
    -4.20265836638));
#7207 = CARTESIAN_POINT('',(28.85508870256,17.725302741669,
    -4.204058967214));
#7208 = CARTESIAN_POINT('',(28.855502016761,17.723501618555,
    -4.205460171512));
#7209 = CARTESIAN_POINT('',(28.855908796154,17.721699523459,
    -4.206861953506));
#7210 = CARTESIAN_POINT('',(28.856309038822,17.719896457073,
    -4.208264311003));
#7211 = CARTESIAN_POINT('',(28.858860106312,17.708206954545,
    -4.21735479099));
#7212 = CARTESIAN_POINT('',(28.860823247599,17.698292023391,
    -4.225059806998));
#7213 = CARTESIAN_POINT('',(28.86259307271,17.68835046536,
    -4.232779807048));
#7214 = CARTESIAN_POINT('',(28.864170256157,17.678385117207,
    -4.240512316251));
#7215 = CARTESIAN_POINT('',(28.865555252585,17.668398759485,
    -4.248254909792));
#7216 = CARTESIAN_POINT('',(28.866748296773,17.658394116543,
    -4.256005212931));
#7217 = CARTESIAN_POINT('',(28.867749403634,17.648373856525,
    -4.263760900999));
#7218 = CARTESIAN_POINT('',(28.869042953945,17.632330470252,-4.276167371
    ));
#7219 = CARTESIAN_POINT('',(28.869458592923,17.626315690807,
    -4.280816153007));
#7220 = CARTESIAN_POINT('',(28.869805240233,17.620296830434,
    -4.285465544473));
#7221 = CARTESIAN_POINT('',(28.870082821963,17.614274464843,
    -4.2901150471));
#7222 = CARTESIAN_POINT('',(28.870291235206,17.608249168058,
    -4.294764165241));
#7223 = CARTESIAN_POINT('',(28.870430348058,17.602221512418,
    -4.299412405901));
#7224 = CARTESIAN_POINT('',(28.870499999621,17.596192068572,
    -4.304059278735));
#7225 = CARTESIAN_POINT('',(28.8705,17.590161405487,-4.308704296048));
#7226 = PCURVE('',#6764,#7227);
#7227 = DEFINITIONAL_REPRESENTATION('',(#7228),#7413);
#7228 = B_SPLINE_CURVE_WITH_KNOTS('',8,(#7229,#7230,#7231,#7232,#7233,
    #7234,#7235,#7236,#7237,#7238,#7239,#7240,#7241,#7242,#7243,#7244,
    #7245,#7246,#7247,#7248,#7249,#7250,#7251,#7252,#7253,#7254,#7255,
    #7256,#7257,#7258,#7259,#7260,#7261,#7262,#7263,#7264,#7265,#7266,
    #7267,#7268,#7269,#7270,#7271,#7272,#7273,#7274,#7275,#7276,#7277,
    #7278,#7279,#7280,#7281,#7282,#7283,#7284,#7285,#7286,#7287,#7288,
    #7289,#7290,#7291,#7292,#7293,#7294,#7295,#7296,#7297,#7298,#7299,
    #7300,#7301,#7302,#7303,#7304,#7305,#7306,#7307,#7308,#7309,#7310,
    #7311,#7312,#7313,#7314,#7315,#7316,#7317,#7318,#7319,#7320,#7321,
    #7322,#7323,#7324,#7325,#7326,#7327,#7328,#7329,#7330,#7331,#7332,
    #7333,#7334,#7335,#7336,#7337,#7338,#7339,#7340,#7341,#7342,#7343,
    #7344,#7345,#7346,#7347,#7348,#7349,#7350,#7351,#7352,#7353,#7354,
    #7355,#7356,#7357,#7358,#7359,#7360,#7361,#7362,#7363,#7364,#7365,
    #7366,#7367,#7368,#7369,#7370,#7371,#7372,#7373,#7374,#7375,#7376,
    #7377,#7378,#7379,#7380,#7381,#7382,#7383,#7384,#7385,#7386,#7387,
    #7388,#7389,#7390,#7391,#7392,#7393,#7394,#7395,#7396,#7397,#7398,
    #7399,#7400,#7401,#7402,#7403,#7404,#7405,#7406,#7407,#7408,#7409,
    #7410,#7411,#7412),.UNSPECIFIED.,.F.,.F.,(9,7,7,7,7,7,7,7,7,7,7,7,7,
    7,7,7,7,7,7,7,7,7,7,7,7,7,9),(0.,3.533346391568E-02,0.119216322946,
    0.255027885436,0.261026515763,0.308912839188,0.33264866707,
    0.344435318039,0.356159757816,0.363155785184,0.409367220943,
    0.43212260154,0.443625119596,0.455075477563,0.497230060292,
    0.540912016873,0.619871683313,0.631173994675,0.672124815892,
    0.692772124887,0.713864272999,0.807604078491,0.82062292436,
    0.915588719267,0.924235879948,0.971617491561,1.),.UNSPECIFIED.);
#7229 = CARTESIAN_POINT('',(0.953614919605,0.810732276764));
#7230 = CARTESIAN_POINT('',(0.953615367898,0.811148041005));
#7231 = CARTESIAN_POINT('',(0.953617588571,0.811563808598));
#7232 = CARTESIAN_POINT('',(0.953621573932,0.811979514749));
#7233 = CARTESIAN_POINT('',(0.953627317463,0.812395095023));
#7234 = CARTESIAN_POINT('',(0.953634813816,0.812810485343));
#7235 = CARTESIAN_POINT('',(0.953644058818,0.813225621995));
#7236 = CARTESIAN_POINT('',(0.953655049466,0.813640441621));
#7237 = CARTESIAN_POINT('',(0.953698016184,0.815038775069));
#7238 = CARTESIAN_POINT('',(0.953738074542,0.816020486457));
#7239 = CARTESIAN_POINT('',(0.953787936677,0.816999216697));
#7240 = CARTESIAN_POINT('',(0.953847614828,0.81797411143));
#7241 = CARTESIAN_POINT('',(0.953917155793,0.818944260634));
#7242 = CARTESIAN_POINT('',(0.953996640934,0.81990869862));
#7243 = CARTESIAN_POINT('',(0.954086186173,0.820866404035));
#7244 = CARTESIAN_POINT('',(0.954347453291,0.823354239931));
#7245 = CARTESIAN_POINT('',(0.954535992315,0.824871496249));
#7246 = CARTESIAN_POINT('',(0.954751106511,0.826364874136));
#7247 = CARTESIAN_POINT('',(0.954992702412,0.827830087316));
#7248 = CARTESIAN_POINT('',(0.95526092048,0.82926189251));
#7249 = CARTESIAN_POINT('',(0.955556079109,0.830654135907));
#7250 = CARTESIAN_POINT('',(0.955878687769,0.831999711522));
#7251 = CARTESIAN_POINT('',(0.956245025505,0.833347441033));
#7252 = CARTESIAN_POINT('',(0.956260581471,0.833404359175));
#7253 = CARTESIAN_POINT('',(0.956276190344,0.833461160204));
#7254 = CARTESIAN_POINT('',(0.956291853781,0.833517850082));
#7255 = CARTESIAN_POINT('',(0.956307573777,0.833574436023));
#7256 = CARTESIAN_POINT('',(0.956323349375,0.833630914262));
#7257 = CARTESIAN_POINT('',(0.956339178248,0.833687275929));
#7258 = CARTESIAN_POINT('',(0.956481870658,0.834192608324));
#7259 = CARTESIAN_POINT('',(0.95661217553,0.834634624651));
#7260 = CARTESIAN_POINT('',(0.956745936566,0.835069305055));
#7261 = CARTESIAN_POINT('',(0.956883115911,0.835496347965));
#7262 = CARTESIAN_POINT('',(0.957023679062,0.835915425222));
#7263 = CARTESIAN_POINT('',(0.957167594868,0.836326182077));
#7264 = CARTESIAN_POINT('',(0.957314835532,0.836728237192));
#7265 = CARTESIAN_POINT('',(0.957539995314,0.837315954112));
#7266 = CARTESIAN_POINT('',(0.957615424252,0.837508486112));
#7267 = CARTESIAN_POINT('',(0.957691660171,0.837698728294));
#7268 = CARTESIAN_POINT('',(0.957768699709,0.837886628158));
#7269 = CARTESIAN_POINT('',(0.957846539394,0.838072131043));
#7270 = CARTESIAN_POINT('',(0.957925175638,0.838255180135));
#7271 = CARTESIAN_POINT('',(0.958004604745,0.838435716464));
#7272 = CARTESIAN_POINT('',(0.958124657344,0.838702050854));
#7273 = CARTESIAN_POINT('',(0.958164686325,0.838789788085));
#7274 = CARTESIAN_POINT('',(0.95820490937,0.838876883094));
#7275 = CARTESIAN_POINT('',(0.95824532598,0.838963328237));
#7276 = CARTESIAN_POINT('',(0.958285935635,0.839049115729));
#7277 = CARTESIAN_POINT('',(0.958326737795,0.839134237641));
#7278 = CARTESIAN_POINT('',(0.958367731903,0.839218685901));
#7279 = CARTESIAN_POINT('',(0.958449885469,0.839385776566));
#7280 = CARTESIAN_POINT('',(0.958491039561,0.839468419322));
#7281 = CARTESIAN_POINT('',(0.958532394179,0.839550403372));
#7282 = CARTESIAN_POINT('',(0.958573911201,0.839631643722));
#7283 = CARTESIAN_POINT('',(0.958615654251,0.839712263451));
#7284 = CARTESIAN_POINT('',(0.958657543556,0.839792092188));
#7285 = CARTESIAN_POINT('',(0.95869964965,0.839871266989));
#7286 = CARTESIAN_POINT('',(0.958767151015,0.839996473757));
#7287 = CARTESIAN_POINT('',(0.958792445339,0.840043002331));
#7288 = CARTESIAN_POINT('',(0.958817807442,0.840089268166));
#7289 = CARTESIAN_POINT('',(0.958843236847,0.840135270496));
#7290 = CARTESIAN_POINT('',(0.958868733077,0.840181008541));
#7291 = CARTESIAN_POINT('',(0.958894295662,0.840226481511));
#7292 = CARTESIAN_POINT('',(0.958919924134,0.840271688604));
#7293 = CARTESIAN_POINT('',(0.959115336184,0.840613476895));
#7294 = CARTESIAN_POINT('',(0.959287904999,0.840898684747));
#7295 = CARTESIAN_POINT('',(0.959463195862,0.841172023917));
#7296 = CARTESIAN_POINT('',(0.959641081146,0.84143323616));
#7297 = CARTESIAN_POINT('',(0.959821434207,0.84168203363));
#7298 = CARTESIAN_POINT('',(0.960004129388,0.841918098879));
#7299 = CARTESIAN_POINT('',(0.960189042016,0.842141084857));
#7300 = CARTESIAN_POINT('',(0.960468133845,0.842453791592));
#7301 = CARTESIAN_POINT('',(0.960560725877,0.842553704682));
#7302 = CARTESIAN_POINT('',(0.960653809236,0.842650308676));
#7303 = CARTESIAN_POINT('',(0.960747368211,0.842743556085));
#7304 = CARTESIAN_POINT('',(0.960841386644,0.84283339744));
#7305 = CARTESIAN_POINT('',(0.960935847929,0.842919781293));
#7306 = CARTESIAN_POINT('',(0.961030735012,0.843002654218));
#7307 = CARTESIAN_POINT('',(0.961174200833,0.843122049171));
#7308 = CARTESIAN_POINT('',(0.96122247556,0.84316122629));
#7309 = CARTESIAN_POINT('',(0.96127085229,0.843199485007));
#7310 = CARTESIAN_POINT('',(0.961319328694,0.843236818047));
#7311 = CARTESIAN_POINT('',(0.961367902395,0.843273218011));
#7312 = CARTESIAN_POINT('',(0.961416570964,0.843308677381));
#7313 = CARTESIAN_POINT('',(0.961465331926,0.84334318852));
#7314 = CARTESIAN_POINT('',(0.961562812068,0.843410146609));
#7315 = CARTESIAN_POINT('',(0.961611528342,0.843442601098));
#7316 = CARTESIAN_POINT('',(0.961660336274,0.843474103386));
#7317 = CARTESIAN_POINT('',(0.961709222005,0.843504639593));
#7318 = CARTESIAN_POINT('',(0.961758190883,0.843534206162));
#7319 = CARTESIAN_POINT('',(0.961807244479,0.843562797426));
#7320 = CARTESIAN_POINT('',(0.961856363666,0.843590396448));
#7321 = CARTESIAN_POINT('',(0.962086697967,0.843714966582));
#7322 = CARTESIAN_POINT('',(0.962268861797,0.843799471249));
#7323 = CARTESIAN_POINT('',(0.96245188254,0.843870599555));
#7324 = CARTESIAN_POINT('',(0.962635590852,0.843928415313));
#7325 = CARTESIAN_POINT('',(0.962819821545,0.843972965905));
#7326 = CARTESIAN_POINT('',(0.96300441359,0.844004282289));
#7327 = CARTESIAN_POINT('',(0.963189210116,0.844022378992));
#7328 = CARTESIAN_POINT('',(0.963565604263,0.844032304222));
#7329 = CARTESIAN_POINT('',(0.963757198744,0.844023157443));
#7330 = CARTESIAN_POINT('',(0.963948672315,0.843999806081));
#7331 = CARTESIAN_POINT('',(0.964139850593,0.843962223402));
#7332 = CARTESIAN_POINT('',(0.964330554345,0.843910363633));
#7333 = CARTESIAN_POINT('',(0.964520599493,0.843844161963));
#7334 = CARTESIAN_POINT('',(0.964709797111,0.843763534541));
#7335 = CARTESIAN_POINT('',(0.965238065251,0.843496370775));
#7336 = CARTESIAN_POINT('',(0.96557487748,0.84327740229));
#7337 = CARTESIAN_POINT('',(0.96590754819,0.843013841274));
#7338 = CARTESIAN_POINT('',(0.966235283346,0.842707842919));
#7339 = CARTESIAN_POINT('',(0.966557330859,0.842361320342));
#7340 = CARTESIAN_POINT('',(0.966872974627,0.841975915556));
#7341 = CARTESIAN_POINT('',(0.967181528593,0.841552970448));
#7342 = CARTESIAN_POINT('',(0.967525387756,0.841027728923));
#7343 = CARTESIAN_POINT('',(0.967568277817,0.840961221905));
#7344 = CARTESIAN_POINT('',(0.967611017587,0.840893943137));
#7345 = CARTESIAN_POINT('',(0.967653595545,0.840825953117));
#7346 = CARTESIAN_POINT('',(0.967696010557,0.840757244741));
#7347 = CARTESIAN_POINT('',(0.967738266554,0.840687800356));
#7348 = CARTESIAN_POINT('',(0.967780358907,0.840617663213));
#7349 = CARTESIAN_POINT('',(0.967974207602,0.840290137729));
#7350 = CARTESIAN_POINT('',(0.968123979795,0.840024256709));
#7351 = CARTESIAN_POINT('',(0.968271564696,0.839749534937));
#7352 = CARTESIAN_POINT('',(0.968416924356,0.83946631068));
#7353 = CARTESIAN_POINT('',(0.968560022816,0.839174901494));
#7354 = CARTESIAN_POINT('',(0.968700826112,0.838875604222));
#7355 = CARTESIAN_POINT('',(0.968839302274,0.838568694993));
#7356 = CARTESIAN_POINT('',(0.969044052143,0.838095976885));
#7357 = CARTESIAN_POINT('',(0.969112083253,0.837935654887));
#7358 = CARTESIAN_POINT('',(0.969179510552,0.837773496186));
#7359 = CARTESIAN_POINT('',(0.969246329866,0.837609532651));
#7360 = CARTESIAN_POINT('',(0.969312536946,0.837443795074));
#7361 = CARTESIAN_POINT('',(0.969378127468,0.837276313165));
#7362 = CARTESIAN_POINT('',(0.969443097031,0.837107115553));
#7363 = CARTESIAN_POINT('',(0.969573172004,0.83676166352));
#7364 = CARTESIAN_POINT('',(0.96963824215,0.836585338364));
#7365 = CARTESIAN_POINT('',(0.969702684462,0.836407272832));
#7366 = CARTESIAN_POINT('',(0.969766396514,0.836227515657));
#7367 = CARTESIAN_POINT('',(0.969829544243,0.836046076931));
#7368 = CARTESIAN_POINT('',(0.969891913842,0.835862978654));
#7369 = CARTESIAN_POINT('',(0.969953664783,0.835678270081));
#7370 = CARTESIAN_POINT('',(0.970286179103,0.834664033473));
#7371 = CARTESIAN_POINT('',(0.970544438921,0.833804980988));
#7372 = CARTESIAN_POINT('',(0.970789618652,0.832917923451));
#7373 = CARTESIAN_POINT('',(0.971021787537,0.832005660132));
#7374 = CARTESIAN_POINT('',(0.971240978989,0.831070678881));
#7375 = CARTESIAN_POINT('',(0.971447184647,0.830115150532));
#7376 = CARTESIAN_POINT('',(0.971640348423,0.829140923303));
#7377 = CARTESIAN_POINT('',(0.971845360903,0.828011827644));
#7378 = CARTESIAN_POINT('',(0.971870101501,0.827873842913));
#7379 = CARTESIAN_POINT('',(0.97189460434,0.827735459243));
#7380 = CARTESIAN_POINT('',(0.971918837324,0.827596848835));
#7381 = CARTESIAN_POINT('',(0.971942837311,0.827457831732));
#7382 = CARTESIAN_POINT('',(0.971966575298,0.827318564029));
#7383 = CARTESIAN_POINT('',(0.971990069055,0.827178962897));
#7384 = CARTESIAN_POINT('',(0.972182858614,0.826018614583));
#7385 = CARTESIAN_POINT('',(0.972339136562,0.824982244496));
#7386 = CARTESIAN_POINT('',(0.972482359833,0.823931848146));
#7387 = CARTESIAN_POINT('',(0.972612683751,0.82286917748));
#7388 = CARTESIAN_POINT('',(0.972730205118,0.821795846943));
#7389 = CARTESIAN_POINT('',(0.972834962213,0.820713333471));
#7390 = CARTESIAN_POINT('',(0.972926934795,0.819622976496));
#7391 = CARTESIAN_POINT('',(0.973013247291,0.818426090087));
#7392 = CARTESIAN_POINT('',(0.973020343666,0.818326149077));
#7393 = CARTESIAN_POINT('',(0.973027333289,0.818226153759));
#7394 = CARTESIAN_POINT('',(0.973034216075,0.818126105279));
#7395 = CARTESIAN_POINT('',(0.97304099187,0.818026005761));
#7396 = CARTESIAN_POINT('',(0.973047660539,0.81792585697));
#7397 = CARTESIAN_POINT('',(0.973054222049,0.81782565899));
#7398 = CARTESIAN_POINT('',(0.973096043843,0.817176094394));
#7399 = CARTESIAN_POINT('',(0.973128227386,0.816625284425));
#7400 = CARTESIAN_POINT('',(0.973157241847,0.816073147059));
#7401 = CARTESIAN_POINT('',(0.973183098278,0.815519847078));
#7402 = CARTESIAN_POINT('',(0.973205804128,0.814965545975));
#7403 = CARTESIAN_POINT('',(0.973225363241,0.814410401949));
#7404 = CARTESIAN_POINT('',(0.973241775855,0.813854569905));
#7405 = CARTESIAN_POINT('',(0.973262983255,0.812964925919));
#7406 = CARTESIAN_POINT('',(0.973269797633,0.812631458344));
#7407 = CARTESIAN_POINT('',(0.973275481002,0.812297832198));
#7408 = CARTESIAN_POINT('',(0.97328003215,0.811964080817));
#7409 = CARTESIAN_POINT('',(0.973283449389,0.81163023741));
#7410 = CARTESIAN_POINT('',(0.973285730555,0.811296335054));
#7411 = CARTESIAN_POINT('',(0.973286873009,0.810962406697));
#7412 = CARTESIAN_POINT('',(0.973286873637,0.81062848516));
#7413 = ( GEOMETRIC_REPRESENTATION_CONTEXT(2) 
PARAMETRIC_REPRESENTATION_CONTEXT() REPRESENTATION_CONTEXT('2D SPACE',''
  ) );
#7414 = PCURVE('',#3370,#7415);
#7415 = DEFINITIONAL_REPRESENTATION('',(#7416),#7601);
#7416 = B_SPLINE_CURVE_WITH_KNOTS('',8,(#7417,#7418,#7419,#7420,#7421,
    #7422,#7423,#7424,#7425,#7426,#7427,#7428,#7429,#7430,#7431,#7432,
    #7433,#7434,#7435,#7436,#7437,#7438,#7439,#7440,#7441,#7442,#7443,
    #7444,#7445,#7446,#7447,#7448,#7449,#7450,#7451,#7452,#7453,#7454,
    #7455,#7456,#7457,#7458,#7459,#7460,#7461,#7462,#7463,#7464,#7465,
    #7466,#7467,#7468,#7469,#7470,#7471,#7472,#7473,#7474,#7475,#7476,
    #7477,#7478,#7479,#7480,#7481,#7482,#7483,#7484,#7485,#7486,#7487,
    #7488,#7489,#7490,#7491,#7492,#7493,#7494,#7495,#7496,#7497,#7498,
    #7499,#7500,#7501,#7502,#7503,#7504,#7505,#7506,#7507,#7508,#7509,
    #7510,#7511,#7512,#7513,#7514,#7515,#7516,#7517,#7518,#7519,#7520,
    #7521,#7522,#7523,#7524,#7525,#7526,#7527,#7528,#7529,#7530,#7531,
    #7532,#7533,#7534,#7535,#7536,#7537,#7538,#7539,#7540,#7541,#7542,
    #7543,#7544,#7545,#7546,#7547,#7548,#7549,#7550,#7551,#7552,#7553,
    #7554,#7555,#7556,#7557,#7558,#7559,#7560,#7561,#7562,#7563,#7564,
    #7565,#7566,#7567,#7568,#7569,#7570,#7571,#7572,#7573,#7574,#7575,
    #7576,#7577,#7578,#7579,#7580,#7581,#7582,#7583,#7584,#7585,#7586,
    #7587,#7588,#7589,#7590,#7591,#7592,#7593,#7594,#7595,#7596,#7597,
    #7598,#7599,#7600),.UNSPECIFIED.,.F.,.F.,(9,7,7,7,7,7,7,7,7,7,7,7,7,
    7,7,7,7,7,7,7,7,7,7,7,7,7,9),(0.,3.533346391568E-02,0.119216322946,
    0.255027885436,0.261026515763,0.308912839188,0.33264866707,
    0.344435318039,0.356159757816,0.363155785184,0.409367220943,
    0.43212260154,0.443625119596,0.455075477563,0.497230060292,
    0.540912016873,0.619871683313,0.631173994675,0.672124815892,
    0.692772124887,0.713864272999,0.807604078491,0.82062292436,
    0.915588719267,0.924235879948,0.971617491561,1.),.UNSPECIFIED.);
#7417 = CARTESIAN_POINT('',(0.499999999918,2.347213621424E-02));
#7418 = CARTESIAN_POINT('',(0.50214741791,2.325806416384E-02));
#7419 = CARTESIAN_POINT('',(0.504292974432,2.304377850267E-02));
#7420 = CARTESIAN_POINT('',(0.506436921583,2.282932207239E-02));
#7421 = CARTESIAN_POINT('',(0.508579511561,2.261473830503E-02));
#7422 = CARTESIAN_POINT('',(0.510720996664,2.2400071223E-02));
#7423 = CARTESIAN_POINT('',(0.512861629287,2.218536543907E-02));
#7424 = CARTESIAN_POINT('',(0.515001661922,2.197066615639E-02));
#7425 = CARTESIAN_POINT('',(0.522220971875,2.124644178161E-02));
#7426 = CARTESIAN_POINT('',(0.527298597418,2.073717464254E-02));
#7427 = CARTESIAN_POINT('',(0.532377647648,2.022881315292E-02));
#7428 = CARTESIAN_POINT('',(0.537461494251,1.972199554177E-02));
#7429 = CARTESIAN_POINT('',(0.542553456744,1.921740286559E-02));
#7430 = CARTESIAN_POINT('',(0.547656802474,1.871575900825E-02));
#7431 = CARTESIAN_POINT('',(0.55277474662,1.821783068109E-02));
#7432 = CARTESIAN_POINT('',(0.566247427998,1.692557417768E-02));
#7433 = CARTESIAN_POINT('',(0.574555448766,1.613870298863E-02));
#7434 = CARTESIAN_POINT('',(0.582858853792,1.536577873827E-02));
#7435 = CARTESIAN_POINT('',(0.591177243081,1.46094253919E-02));
#7436 = CARTESIAN_POINT('',(0.599526960119,1.387278534145E-02));
#7437 = CARTESIAN_POINT('',(0.607922597829,1.315943301811E-02));
#7438 = CARTESIAN_POINT('',(0.616378527715,1.24733427738E-02));
#7439 = CARTESIAN_POINT('',(0.625286427665,1.179000559545E-02));
#7440 = CARTESIAN_POINT('',(0.625660456679,1.176115368891E-02));
#7441 = CARTESIAN_POINT('',(0.626035570286,1.173236823788E-02));
#7442 = CARTESIAN_POINT('',(0.626410987591,1.170364620937E-02));
#7443 = CARTESIAN_POINT('',(0.626785775804,1.167498393587E-02));
#7444 = CARTESIAN_POINT('',(0.627160325698,1.164638329347E-02));
#7445 = CARTESIAN_POINT('',(0.6275356425,1.161784873305E-02));
#7446 = CARTESIAN_POINT('',(0.630903480695,1.136207463289E-02));
#7447 = CARTESIAN_POINT('',(0.633896299616,1.113879744523E-02));
#7448 = CARTESIAN_POINT('',(0.636890068819,1.091967004654E-02));
#7449 = CARTESIAN_POINT('',(0.639885900846,1.07048303815E-02));
#7450 = CARTESIAN_POINT('',(0.64288486093,1.04944278947E-02));
#7451 = CARTESIAN_POINT('',(0.645887966995,1.028862353062E-02));
#7452 = CARTESIAN_POINT('',(0.648896189652,1.008758973363E-02));
#7453 = CARTESIAN_POINT('',(0.653404537937,9.794319632594E-03));
#7454 = CARTESIAN_POINT('',(0.654900103722,9.698346607581E-03));
#7455 = CARTESIAN_POINT('',(0.656397260757,9.603614035908E-03));
#7456 = CARTESIAN_POINT('',(0.657896115173,9.510145491174E-03));
#7457 = CARTESIAN_POINT('',(0.659396768043,9.417965457616E-03));
#7458 = CARTESIAN_POINT('',(0.66089931538,9.327099330111E-03));
#7459 = CARTESIAN_POINT('',(0.662403848137,9.237573414168E-03));
#7460 = CARTESIAN_POINT('',(0.664658596292,9.105637497147E-03));
#7461 = CARTESIAN_POINT('',(0.665407250886,9.062197271346E-03));
#7462 = CARTESIAN_POINT('',(0.666156426402,9.019097587461E-03));
#7463 = CARTESIAN_POINT('',(0.666906132824,8.976341844152E-03));
#7464 = CARTESIAN_POINT('',(0.667656379704,8.933933499808E-03));
#7465 = CARTESIAN_POINT('',(0.668407176169,8.891876072547E-03));
#7466 = CARTESIAN_POINT('',(0.669158530915,8.85017314022E-03));
#7467 = CARTESIAN_POINT('',(0.670658250933,8.767701767562E-03));
#7468 = CARTESIAN_POINT('',(0.671407680628,8.726932873248E-03));
#7469 = CARTESIAN_POINT('',(0.67215390996,8.686510228808E-03));
#7470 = CARTESIAN_POINT('',(0.672908975994,8.646474769114E-03));
#7471 = CARTESIAN_POINT('',(0.67365228799,8.606766331692E-03));
#7472 = CARTESIAN_POINT('',(0.674409212894,8.567467311107E-03));
#7473 = CARTESIAN_POINT('',(0.675156926053,8.528510733725E-03));
#7474 = CARTESIAN_POINT('',(0.676360597994,8.466936216573E-03));
#7475 = CARTESIAN_POINT('',(0.676810694508,8.44406083316E-03));
#7476 = CARTESIAN_POINT('',(0.677260745568,8.421321168058E-03));
#7477 = CARTESIAN_POINT('',(0.677710754984,8.398717497302E-03));
#7478 = CARTESIAN_POINT('',(0.67816072656,8.376250102168E-03));
#7479 = CARTESIAN_POINT('',(0.678610664095,8.353919269181E-03));
#7480 = CARTESIAN_POINT('',(0.679060571383,8.331725290106E-03));
#7481 = CARTESIAN_POINT('',(0.682482072846,8.163974981003E-03));
#7482 = CARTESIAN_POINT('',(0.685452517638,8.024267542389E-03));
#7483 = CARTESIAN_POINT('',(0.688422908055,7.890628769143E-03));
#7484 = CARTESIAN_POINT('',(0.691394324941,7.763154782338E-03));
#7485 = CARTESIAN_POINT('',(0.694367808515,7.641955201092E-03));
#7486 = CARTESIAN_POINT('',(0.697344358375,7.527153142566E-03));
#7487 = CARTESIAN_POINT('',(0.700324933492,7.418885221967E-03));
#7488 = CARTESIAN_POINT('',(0.704780584637,7.267279786966E-03));
#7489 = CARTESIAN_POINT('',(0.70625190875,7.218879227295E-03));
#7490 = CARTESIAN_POINT('',(0.707724531517,7.172118062577E-03));
#7491 = CARTESIAN_POINT('',(0.709198553946,7.127015405944E-03));
#7492 = CARTESIAN_POINT('',(0.710674071097,7.083591294623E-03));
#7493 = CARTESIAN_POINT('',(0.712151172079,7.041866689928E-03));
#7494 = CARTESIAN_POINT('',(0.713629940051,7.001863477265E-03));
#7495 = CARTESIAN_POINT('',(0.715858830001,6.944265075717E-03));
#7496 = CARTESIAN_POINT('',(0.716607653082,6.925371353599E-03));
#7497 = CARTESIAN_POINT('',(0.717356931272,6.906926246646E-03));
#7498 = CARTESIAN_POINT('',(0.718106673809,6.888932758942E-03));
#7499 = CARTESIAN_POINT('',(0.718856889362,6.87139395179E-03));
#7500 = CARTESIAN_POINT('',(0.719607586027,6.854312943708E-03));
#7501 = CARTESIAN_POINT('',(0.720358771328,6.83769291043E-03));
#7502 = CARTESIAN_POINT('',(0.721858626935,6.805454542335E-03));
#7503 = CARTESIAN_POINT('',(0.722607820756,6.78983254691E-03));
#7504 = CARTESIAN_POINT('',(0.723356216637,6.774672392622E-03));
#7505 = CARTESIAN_POINT('',(0.724106689605,6.759980292244E-03));
#7506 = CARTESIAN_POINT('',(0.724857224366,6.745757443776E-03));
#7507 = CARTESIAN_POINT('',(0.725606747566,6.732006071278E-03));
#7508 = CARTESIAN_POINT('',(0.726359422272,6.718733872122E-03));
#7509 = CARTESIAN_POINT('',(0.729869360803,6.658835574078E-03));
#7510 = CARTESIAN_POINT('',(0.732624556458,6.618215557288E-03));
#7511 = CARTESIAN_POINT('',(0.735376583325,6.584034787638E-03));
#7512 = CARTESIAN_POINT('',(0.738126017281,6.556257729681E-03));
#7513 = CARTESIAN_POINT('',(0.740873465935,6.534857777184E-03));
#7514 = CARTESIAN_POINT('',(0.743619568634,6.519817253133E-03));
#7515 = CARTESIAN_POINT('',(0.746364996458,6.511127409732E-03));
#7516 = CARTESIAN_POINT('',(0.751955382038,6.506365534633E-03));
#7517 = CARTESIAN_POINT('',(0.754800285974,6.510761994271E-03));
#7518 = CARTESIAN_POINT('',(0.757645949154,6.52198082266E-03));
#7519 = CARTESIAN_POINT('',(0.760493118402,6.540035399865E-03));
#7520 = CARTESIAN_POINT('',(0.763342502248,6.564949470673E-03));
#7521 = CARTESIAN_POINT('',(0.766194770925,6.59675714459E-03));
#7522 = CARTESIAN_POINT('',(0.769050556372,6.635502895842E-03));
#7523 = CARTESIAN_POINT('',(0.77706542251,6.763920559027E-03));
#7524 = CARTESIAN_POINT('',(0.782197092095,6.869240188396E-03));
#7525 = CARTESIAN_POINT('',(0.787308996748,6.996212814536E-03));
#7526 = CARTESIAN_POINT('',(0.792404614953,7.143954806703E-03));
#7527 = CARTESIAN_POINT('',(0.797487701204,7.311698653934E-03));
#7528 = CARTESIAN_POINT('',(0.802562619284,7.498805078621E-03));
#7529 = CARTESIAN_POINT('',(0.807634675553,7.704775150085E-03));
#7530 = CARTESIAN_POINT('',(0.813436662575,7.961395601283E-03));
#7531 = CARTESIAN_POINT('',(0.814164857512,7.993902798749E-03));
#7532 = CARTESIAN_POINT('',(0.814889181307,8.026801101549E-03));
#7533 = CARTESIAN_POINT('',(0.815614440035,8.06006382805E-03));
#7534 = CARTESIAN_POINT('',(0.816339941995,8.093693602326E-03));
#7535 = CARTESIAN_POINT('',(0.817063403617,8.127698308996E-03));
#7536 = CARTESIAN_POINT('',(0.817787351634,8.162059539678E-03));
#7537 = CARTESIAN_POINT('',(0.821130601613,8.322593383304E-03));
#7538 = CARTESIAN_POINT('',(0.823744087741,8.453127088533E-03));
#7539 = CARTESIAN_POINT('',(0.826351298112,8.58823008791E-03));
#7540 = CARTESIAN_POINT('',(0.828952672736,8.727757022711E-03));
#7541 = CARTESIAN_POINT('',(0.831548704146,8.871571369484E-03));
#7542 = CARTESIAN_POINT('',(0.834139937396,9.019545440053E-03));
#7543 = CARTESIAN_POINT('',(0.836726970062,9.171560381513E-03));
#7544 = CARTESIAN_POINT('',(0.840613039846,9.406133841973E-03));
#7545 = CARTESIAN_POINT('',(0.841914720981,9.485760591211E-03));
#7546 = CARTESIAN_POINT('',(0.843215576796,9.566372233545E-03));
#7547 = CARTESIAN_POINT('',(0.844515690386,9.647955043322E-03));
#7548 = CARTESIAN_POINT('',(0.845815146783,9.730495759639E-03));
#7549 = CARTESIAN_POINT('',(0.84711403296,9.813981586338E-03));
#7550 = CARTESIAN_POINT('',(0.848412437829,9.898400192012E-03));
#7551 = CARTESIAN_POINT('',(0.851036199143,1.007091734027E-02));
#7552 = CARTESIAN_POINT('',(0.852363189301,1.015905385746E-02));
#7553 = CARTESIAN_POINT('',(0.85368399176,1.024814589297E-02));
#7554 = CARTESIAN_POINT('',(0.855017461798,1.033815983931E-02));
#7555 = CARTESIAN_POINT('',(0.856332122702,1.042911515518E-02));
#7556 = CARTESIAN_POINT('',(0.85766457018,1.052097034742E-02));
#7557 = CARTESIAN_POINT('',(0.858987672551,1.061373430948E-02));
#7558 = CARTESIAN_POINT('',(0.86618890396,1.112356686784E-02));
#7559 = CARTESIAN_POINT('',(0.872033802159,1.15571222652E-02));
#7560 = CARTESIAN_POINT('',(0.877850437418,1.200652624486E-02));
#7561 = CARTESIAN_POINT('',(0.883644068114,1.247037335893E-02));
#7562 = CARTESIAN_POINT('',(0.889420239473,1.294738558932E-02));
#7563 = CARTESIAN_POINT('',(0.895185102602,1.34364256566E-02));
#7564 = CARTESIAN_POINT('',(0.90094573353,1.393651032878E-02));
#7565 = CARTESIAN_POINT('',(0.907510977714,1.45176976041E-02));
#7566 = CARTESIAN_POINT('',(0.908315245734,1.458875060136E-02));
#7567 = CARTESIAN_POINT('',(0.909110980553,1.466003641442E-02));
#7568 = CARTESIAN_POINT('',(0.909916909894,1.473146452102E-02));
#7569 = CARTESIAN_POINT('',(0.910712222824,1.480312842094E-02));
#7570 = CARTESIAN_POINT('',(0.911513859562,1.487494599747E-02));
#7571 = CARTESIAN_POINT('',(0.912311938427,1.494695998886E-02));
#7572 = CARTESIAN_POINT('',(0.918934149971,1.55457229648E-02));
#7573 = CARTESIAN_POINT('',(0.924734009573,1.608177724176E-02));
#7574 = CARTESIAN_POINT('',(0.930514708542,1.662609237533E-02));
#7575 = CARTESIAN_POINT('',(0.936281152169,1.71775293828E-02));
#7576 = CARTESIAN_POINT('',(0.942038473549,1.77350293726E-02));
#7577 = CARTESIAN_POINT('',(0.947792033585,1.829761354429E-02));
#7578 = CARTESIAN_POINT('',(0.953547420984,1.886438318854E-02));
#7579 = CARTESIAN_POINT('',(0.959835175816,1.948643424327E-02));
#7580 = CARTESIAN_POINT('',(0.96036009162,1.953837582383E-02));
#7581 = CARTESIAN_POINT('',(0.960884984032,1.959034489593E-02));
#7582 = CARTESIAN_POINT('',(0.96140987354,1.964234073228E-02));
#7583 = CARTESIAN_POINT('',(0.961934880608,1.969436210153E-02));
#7584 = CARTESIAN_POINT('',(0.962460089525,1.974640795866E-02));
#7585 = CARTESIAN_POINT('',(0.962985412248,1.979847813533E-02));
#7586 = CARTESIAN_POINT('',(0.966369934421,2.013603018596E-02));
#7587 = CARTESIAN_POINT('',(0.969226288083,2.042220401447E-02));
#7588 = CARTESIAN_POINT('',(0.972080097219,2.070896590941E-02));
#7589 = CARTESIAN_POINT('',(0.974931947809,2.099618983966E-02));
#7590 = CARTESIAN_POINT('',(0.977782427846,2.128375334933E-02));
#7591 = CARTESIAN_POINT('',(0.980632127334,2.157153755775E-02));
#7592 = CARTESIAN_POINT('',(0.983481638286,2.18594271595E-02));
#7593 = CARTESIAN_POINT('',(0.988038711984,2.231975816604E-02));
#7594 = CARTESIAN_POINT('',(0.989746016171,2.249220353546E-02));
#7595 = CARTESIAN_POINT('',(0.991453592253,2.266462211709E-02));
#7596 = CARTESIAN_POINT('',(0.993161566267,2.283698989028E-02));
#7597 = CARTESIAN_POINT('',(0.994870065324,2.300928322928E-02));
#7598 = CARTESIAN_POINT('',(0.996579217613,2.318147890324E-02));
#7599 = CARTESIAN_POINT('',(0.998289152393,2.33535540762E-02));
#7600 = CARTESIAN_POINT('',(1.,2.352548630711E-02));
#7601 = ( GEOMETRIC_REPRESENTATION_CONTEXT(2) 
PARAMETRIC_REPRESENTATION_CONTEXT() REPRESENTATION_CONTEXT('2D SPACE',''
  ) );
#7602 = ORIENTED_EDGE('',*,*,#6440,.F.);
#7603 = ADVANCED_FACE('',(#7604),#3370,.T.);
#7604 = FACE_BOUND('',#7605,.T.);
#7605 = EDGE_LOOP('',(#7606,#7607,#7608,#7609));
#7606 = ORIENTED_EDGE('',*,*,#3260,.T.);
#7607 = ORIENTED_EDGE('',*,*,#6997,.T.);
#7608 = ORIENTED_EDGE('',*,*,#7039,.F.);
#7609 = ORIENTED_EDGE('',*,*,#7017,.F.);
#7610 = ADVANCED_FACE('',(#7611,#7930,#7965),#2682,.T.);
#7611 = FACE_BOUND('',#7612,.T.);
#7612 = EDGE_LOOP('',(#7613,#7614,#7760,#7786));
#7613 = ORIENTED_EDGE('',*,*,#2667,.T.);
#7614 = ORIENTED_EDGE('',*,*,#7615,.F.);
#7615 = EDGE_CURVE('',#7616,#2102,#7618,.T.);
#7616 = VERTEX_POINT('',#7617);
#7617 = CARTESIAN_POINT('',(26.231270311019,1.3,-8.3));
#7618 = SURFACE_CURVE('',#7619,(#7664,#7712),.PCURVE_S1.);
#7619 = B_SPLINE_CURVE_WITH_KNOTS('',7,(#7620,#7621,#7622,#7623,#7624,
    #7625,#7626,#7627,#7628,#7629,#7630,#7631,#7632,#7633,#7634,#7635,
    #7636,#7637,#7638,#7639,#7640,#7641,#7642,#7643,#7644,#7645,#7646,
    #7647,#7648,#7649,#7650,#7651,#7652,#7653,#7654,#7655,#7656,#7657,
    #7658,#7659,#7660,#7661,#7662,#7663),.UNSPECIFIED.,.F.,.F.,(8,6,6,6,
    6,6,6,8),(0.,0.178860130762,0.248586883227,0.453186705322,
    0.546106070137,0.682449841083,0.871067176534,1.),.UNSPECIFIED.);
#7620 = CARTESIAN_POINT('',(26.231270311019,1.3,-8.3));
#7621 = CARTESIAN_POINT('',(26.310497707129,1.361410650663,-8.3));
#7622 = CARTESIAN_POINT('',(26.389105796311,1.42364342851,-8.3));
#7623 = CARTESIAN_POINT('',(26.467073840417,1.486690533208,-8.3));
#7624 = CARTESIAN_POINT('',(26.544383198255,1.55054570595,-8.3));
#7625 = CARTESIAN_POINT('',(26.6210173256,1.615204229463,-8.3));
#7626 = CARTESIAN_POINT('',(26.696961775184,1.680662927999,-8.3));
#7627 = CARTESIAN_POINT('',(26.801536668268,1.772749859556,-8.3));
#7628 = CARTESIAN_POINT('',(26.830766899096,1.79870484509,-8.3));
#7629 = CARTESIAN_POINT('',(26.85989447944,1.824785502205,-8.3));
#7630 = CARTESIAN_POINT('',(26.888918296996,1.85099148874,-8.3));
#7631 = CARTESIAN_POINT('',(26.917836447828,1.877321838181,-8.3));
#7632 = CARTESIAN_POINT('',(26.946646281823,1.903774907038,-8.3));
#7633 = CARTESIAN_POINT('',(27.059554258862,2.008322342905,-8.3));
#7634 = CARTESIAN_POINT('',(27.142805957827,2.087332722659,-8.3));
#7635 = CARTESIAN_POINT('',(27.225086578424,2.167361689669,-8.3));
#7636 = CARTESIAN_POINT('',(27.306383370965,2.248391972586,-8.3));
#7637 = CARTESIAN_POINT('',(27.386683937213,2.330406651876,-8.3));
#7638 = CARTESIAN_POINT('',(27.465976230377,2.413389159814,-8.3));
#7639 = CARTESIAN_POINT('',(27.579796067443,2.535442107275,-8.3));
#7640 = CARTESIAN_POINT('',(27.615133144089,2.573757194088,-8.3));
#7641 = CARTESIAN_POINT('',(27.650258833759,2.612266846707,-8.3));
#7642 = CARTESIAN_POINT('',(27.685171542916,2.650969916945,-8.3));
#7643 = CARTESIAN_POINT('',(27.719870158109,2.689864843612,-8.3));
#7644 = CARTESIAN_POINT('',(27.754353304315,2.728950295029,-8.3));
#7645 = CARTESIAN_POINT('',(27.838899973887,2.825853754544,-8.3));
#7646 = CARTESIAN_POINT('',(27.888713574111,2.883889817379,-8.3));
#7647 = CARTESIAN_POINT('',(27.93805641371,2.942328623041,-8.3));
#7648 = CARTESIAN_POINT('',(27.986924397757,3.00116574456,-8.3));
#7649 = CARTESIAN_POINT('',(28.035313429936,3.060396744673,-8.3));
#7650 = CARTESIAN_POINT('',(28.083219412542,3.120017175821,-8.3));
#7651 = CARTESIAN_POINT('',(28.196237239711,3.263033776044,-8.3));
#7652 = CARTESIAN_POINT('',(28.260904040386,3.346781617935,-8.3));
#7653 = CARTESIAN_POINT('',(28.32462897002,3.43125338133,-8.3));
#7654 = CARTESIAN_POINT('',(28.387402351969,3.516436320708,-8.3));
#7655 = CARTESIAN_POINT('',(28.449214511421,3.602317669516,-8.3));
#7656 = CARTESIAN_POINT('',(28.510055775399,3.688884640181,-8.3));
#7657 = CARTESIAN_POINT('',(28.610835345397,3.83575877124,-8.3));
#7658 = CARTESIAN_POINT('',(28.651295881683,3.895707551887,-8.3));
#7659 = CARTESIAN_POINT('',(28.691296053758,3.955966016528,-8.3));
#7660 = CARTESIAN_POINT('',(28.730834011149,4.01652929614,-8.3));
#7661 = CARTESIAN_POINT('',(28.769907837162,4.077392567844,-8.3));
#7662 = CARTESIAN_POINT('',(28.808515519569,4.138551074752,-8.3));
#7663 = CARTESIAN_POINT('',(28.846655135617,4.2,-8.3));
#7664 = PCURVE('',#2682,#7665);
#7665 = DEFINITIONAL_REPRESENTATION('',(#7666),#7711);
#7666 = B_SPLINE_CURVE_WITH_KNOTS('',7,(#7667,#7668,#7669,#7670,#7671,
    #7672,#7673,#7674,#7675,#7676,#7677,#7678,#7679,#7680,#7681,#7682,
    #7683,#7684,#7685,#7686,#7687,#7688,#7689,#7690,#7691,#7692,#7693,
    #7694,#7695,#7696,#7697,#7698,#7699,#7700,#7701,#7702,#7703,#7704,
    #7705,#7706,#7707,#7708,#7709,#7710),.UNSPECIFIED.,.F.,.F.,(8,6,6,6,
    6,6,6,8),(0.,0.178860130762,0.248586883227,0.453186705322,
    0.546106070137,0.682449841083,0.871067176534,1.),.UNSPECIFIED.);
#7667 = CARTESIAN_POINT('',(-56.98127031101,1.3));
#7668 = CARTESIAN_POINT('',(-57.06049770712,1.361410650663));
#7669 = CARTESIAN_POINT('',(-57.13910579631,1.42364342851));
#7670 = CARTESIAN_POINT('',(-57.21707384041,1.486690533208));
#7671 = CARTESIAN_POINT('',(-57.29438319825,1.55054570595));
#7672 = CARTESIAN_POINT('',(-57.3710173256,1.615204229463));
#7673 = CARTESIAN_POINT('',(-57.44696177518,1.680662927999));
#7674 = CARTESIAN_POINT('',(-57.55153666826,1.772749859556));
#7675 = CARTESIAN_POINT('',(-57.58076689909,1.79870484509));
#7676 = CARTESIAN_POINT('',(-57.60989447944,1.824785502205));
#7677 = CARTESIAN_POINT('',(-57.63891829699,1.85099148874));
#7678 = CARTESIAN_POINT('',(-57.66783644782,1.877321838181));
#7679 = CARTESIAN_POINT('',(-57.69664628182,1.903774907038));
#7680 = CARTESIAN_POINT('',(-57.80955425886,2.008322342905));
#7681 = CARTESIAN_POINT('',(-57.89280595782,2.087332722659));
#7682 = CARTESIAN_POINT('',(-57.97508657842,2.167361689669));
#7683 = CARTESIAN_POINT('',(-58.05638337096,2.248391972586));
#7684 = CARTESIAN_POINT('',(-58.13668393721,2.330406651876));
#7685 = CARTESIAN_POINT('',(-58.21597623037,2.413389159814));
#7686 = CARTESIAN_POINT('',(-58.32979606744,2.535442107275));
#7687 = CARTESIAN_POINT('',(-58.36513314408,2.573757194088));
#7688 = CARTESIAN_POINT('',(-58.40025883375,2.612266846707));
#7689 = CARTESIAN_POINT('',(-58.43517154291,2.650969916945));
#7690 = CARTESIAN_POINT('',(-58.4698701581,2.689864843612));
#7691 = CARTESIAN_POINT('',(-58.50435330431,2.728950295029));
#7692 = CARTESIAN_POINT('',(-58.58889997388,2.825853754544));
#7693 = CARTESIAN_POINT('',(-58.63871357411,2.883889817379));
#7694 = CARTESIAN_POINT('',(-58.68805641371,2.942328623041));
#7695 = CARTESIAN_POINT('',(-58.73692439775,3.00116574456));
#7696 = CARTESIAN_POINT('',(-58.78531342993,3.060396744673));
#7697 = CARTESIAN_POINT('',(-58.83321941254,3.120017175821));
#7698 = CARTESIAN_POINT('',(-58.94623723971,3.263033776044));
#7699 = CARTESIAN_POINT('',(-59.01090404038,3.346781617935));
#7700 = CARTESIAN_POINT('',(-59.07462897002,3.43125338133));
#7701 = CARTESIAN_POINT('',(-59.13740235196,3.516436320708));
#7702 = CARTESIAN_POINT('',(-59.19921451142,3.602317669516));
#7703 = CARTESIAN_POINT('',(-59.2600557754,3.688884640181));
#7704 = CARTESIAN_POINT('',(-59.36083534539,3.83575877124));
#7705 = CARTESIAN_POINT('',(-59.40129588168,3.895707551887));
#7706 = CARTESIAN_POINT('',(-59.44129605375,3.955966016528));
#7707 = CARTESIAN_POINT('',(-59.48083401114,4.01652929614));
#7708 = CARTESIAN_POINT('',(-59.51990783716,4.077392567844));
#7709 = CARTESIAN_POINT('',(-59.55851551956,4.138551074752));
#7710 = CARTESIAN_POINT('',(-59.59665513561,4.2));
#7711 = ( GEOMETRIC_REPRESENTATION_CONTEXT(2) 
PARAMETRIC_REPRESENTATION_CONTEXT() REPRESENTATION_CONTEXT('2D SPACE',''
  ) );
#7712 = PCURVE('',#1736,#7713);
#7713 = DEFINITIONAL_REPRESENTATION('',(#7714),#7759);
#7714 = B_SPLINE_CURVE_WITH_KNOTS('',7,(#7715,#7716,#7717,#7718,#7719,
    #7720,#7721,#7722,#7723,#7724,#7725,#7726,#7727,#7728,#7729,#7730,
    #7731,#7732,#7733,#7734,#7735,#7736,#7737,#7738,#7739,#7740,#7741,
    #7742,#7743,#7744,#7745,#7746,#7747,#7748,#7749,#7750,#7751,#7752,
    #7753,#7754,#7755,#7756,#7757,#7758),.UNSPECIFIED.,.F.,.F.,(8,6,6,6,
    6,6,6,8),(0.,0.178860130762,0.248586883227,0.453186705322,
    0.546106070137,0.682449841083,0.871067176534,1.),.UNSPECIFIED.);
#7715 = CARTESIAN_POINT('',(1.102040816327,0.));
#7716 = CARTESIAN_POINT('',(1.103959716105,4.395538920032E-03));
#7717 = CARTESIAN_POINT('',(1.105066912969,8.791694402433E-03));
#7718 = CARTESIAN_POINT('',(1.105513393681,1.318813337051E-02));
#7719 = CARTESIAN_POINT('',(1.105450260398,1.758463688494E-02));
#7720 = CARTESIAN_POINT('',(1.105028730675,2.198110014377E-02));
#7721 = CARTESIAN_POINT('',(1.104400137463,2.637753248245E-02));
#7722 = CARTESIAN_POINT('',(1.103449197634,3.248799664854E-02));
#7723 = CARTESIAN_POINT('',(1.103173809098,3.42022104631E-02));
#7724 = CARTESIAN_POINT('',(1.102899418441,3.591673039077E-02));
#7725 = CARTESIAN_POINT('',(1.102633861734,3.763154426498E-02));
#7726 = CARTESIAN_POINT('',(1.102386496975,3.934659566361E-02));
#7727 = CARTESIAN_POINT('',(1.102167665456,4.106178388825E-02));
#7728 = CARTESIAN_POINT('',(1.101446145551,4.780983378951E-02));
#7729 = CARTESIAN_POINT('',(1.101200051979,5.284275307327E-02));
#7730 = CARTESIAN_POINT('',(1.101177297049,5.787567938369E-02));
#7731 = CARTESIAN_POINT('',(1.101309183314,6.290859164849E-02));
#7732 = CARTESIAN_POINT('',(1.101527011777,6.794149062916E-02));
#7733 = CARTESIAN_POINT('',(1.101762081901,7.297439892096E-02));
#7734 = CARTESIAN_POINT('',(1.102029078266,8.029308940741E-02));
#7735 = CARTESIAN_POINT('',(1.102102969099,8.257882627261E-02));
#7736 = CARTESIAN_POINT('',(1.102152519645,8.486457691719E-02));
#7737 = CARTESIAN_POINT('',(1.10219346248,8.715033586276E-02));
#7738 = CARTESIAN_POINT('',(1.10221860731,8.94361056101E-02));
#7739 = CARTESIAN_POINT('',(1.102233367157,9.172188442701E-02));
#7740 = CARTESIAN_POINT('',(1.102245649975,9.73616869592E-02));
#7741 = CARTESIAN_POINT('',(1.102232153255,0.100715720938));
#7742 = CARTESIAN_POINT('',(1.102202993928,0.104069773048));
#7743 = CARTESIAN_POINT('',(1.102163293984,0.107423841833));
#7744 = CARTESIAN_POINT('',(1.102118158651,0.110777925457));
#7745 = CARTESIAN_POINT('',(1.102072676389,0.114132021702));
#7746 = CARTESIAN_POINT('',(1.101975535164,0.122126182896));
#7747 = CARTESIAN_POINT('',(1.101927473348,0.126766255962));
#7748 = CARTESIAN_POINT('',(1.101893887152,0.131406339484));
#7749 = CARTESIAN_POINT('',(1.101880929962,0.136046425084));
#7750 = CARTESIAN_POINT('',(1.101894754847,0.140686503684));
#7751 = CARTESIAN_POINT('',(1.101941514558,0.145326565507));
#7752 = CARTESIAN_POINT('',(1.102086043789,0.153138380428));
#7753 = CARTESIAN_POINT('',(1.102165381891,0.156310144397));
#7754 = CARTESIAN_POINT('',(1.102248020994,0.159481905119));
#7755 = CARTESIAN_POINT('',(1.102313045376,0.162653678375));
#7756 = CARTESIAN_POINT('',(1.102340551727,0.165825479249));
#7757 = CARTESIAN_POINT('',(1.102312196566,0.168997321759));
#7758 = CARTESIAN_POINT('',(1.102207717763,0.172169221427));
#7759 = ( GEOMETRIC_REPRESENTATION_CONTEXT(2) 
PARAMETRIC_REPRESENTATION_CONTEXT() REPRESENTATION_CONTEXT('2D SPACE',''
  ) );
#7760 = ORIENTED_EDGE('',*,*,#7761,.T.);
#7761 = EDGE_CURVE('',#7616,#7762,#7764,.T.);
#7762 = VERTEX_POINT('',#7763);
#7763 = CARTESIAN_POINT('',(-26.23127031101,1.3,-8.3));
#7764 = SURFACE_CURVE('',#7765,(#7769,#7775),.PCURVE_S1.);
#7765 = LINE('',#7766,#7767);
#7766 = CARTESIAN_POINT('',(-28.4906351555,1.3,-8.3));
#7767 = VECTOR('',#7768,1.);
#7768 = DIRECTION('',(-1.,0.,0.));
#7769 = PCURVE('',#2682,#7770);
#7770 = DEFINITIONAL_REPRESENTATION('',(#7771),#7774);
#7771 = B_SPLINE_CURVE_WITH_KNOTS('',1,(#7772,#7773),.UNSPECIFIED.,.F.,
  .F.,(2,2),(-54.82464543939,-2.247689847574),.PIECEWISE_BEZIER_KNOTS.);
#7772 = CARTESIAN_POINT('',(-57.08401028388,1.3));
#7773 = CARTESIAN_POINT('',(-4.507054692065,1.3));
#7774 = ( GEOMETRIC_REPRESENTATION_CONTEXT(2) 
PARAMETRIC_REPRESENTATION_CONTEXT() REPRESENTATION_CONTEXT('2D SPACE',''
  ) );
#7775 = PCURVE('',#7776,#7781);
#7776 = PLANE('',#7777);
#7777 = AXIS2_PLACEMENT_3D('',#7778,#7779,#7780);
#7778 = CARTESIAN_POINT('',(-26.23127031101,1.3,-8.55));
#7779 = DIRECTION('',(0.,1.,0.));
#7780 = DIRECTION('',(0.998911335944,-0.,4.664914706847E-02));
#7781 = DEFINITIONAL_REPRESENTATION('',(#7782),#7785);
#7782 = B_SPLINE_CURVE_WITH_KNOTS('',1,(#7783,#7784),.UNSPECIFIED.,.F.,
  .F.,(2,2),(-54.82464543939,-2.247689847574),.PIECEWISE_BEZIER_KNOTS.);
#7783 = CARTESIAN_POINT('',(52.519716950103,2.202397671181));
#7784 = CARTESIAN_POINT('',(0.,-0.250272462634));
#7785 = ( GEOMETRIC_REPRESENTATION_CONTEXT(2) 
PARAMETRIC_REPRESENTATION_CONTEXT() REPRESENTATION_CONTEXT('2D SPACE',''
  ) );
#7786 = ORIENTED_EDGE('',*,*,#7787,.T.);
#7787 = EDGE_CURVE('',#7762,#2668,#7788,.T.);
#7788 = SURFACE_CURVE('',#7789,(#7834,#7882),.PCURVE_S1.);
#7789 = B_SPLINE_CURVE_WITH_KNOTS('',7,(#7790,#7791,#7792,#7793,#7794,
    #7795,#7796,#7797,#7798,#7799,#7800,#7801,#7802,#7803,#7804,#7805,
    #7806,#7807,#7808,#7809,#7810,#7811,#7812,#7813,#7814,#7815,#7816,
    #7817,#7818,#7819,#7820,#7821,#7822,#7823,#7824,#7825,#7826,#7827,
    #7828,#7829,#7830,#7831,#7832,#7833),.UNSPECIFIED.,.F.,.F.,(8,6,6,6,
    6,6,6,8),(0.,0.178860130617,0.248586883149,0.453186705272,
    0.546106070086,0.68244984118,0.871067177048,1.),.UNSPECIFIED.);
#7790 = CARTESIAN_POINT('',(-26.23127031101,1.3,-8.3));
#7791 = CARTESIAN_POINT('',(-26.3104977069,1.361410650869,-8.3));
#7792 = CARTESIAN_POINT('',(-26.38910579593,1.423643428826,-8.3));
#7793 = CARTESIAN_POINT('',(-26.46707383995,1.486690533552,-8.3));
#7794 = CARTESIAN_POINT('',(-26.54438319775,1.55054570626,-8.3));
#7795 = CARTESIAN_POINT('',(-26.6210173251,1.615204229691,-8.3));
#7796 = CARTESIAN_POINT('',(-26.69696177472,1.680662928118,-8.3));
#7797 = CARTESIAN_POINT('',(-26.80153666791,1.772749859556,-8.3));
#7798 = CARTESIAN_POINT('',(-26.8307668988,1.798704845091,-8.3));
#7799 = CARTESIAN_POINT('',(-26.85989447922,1.824785502205,-8.3));
#7800 = CARTESIAN_POINT('',(-26.88891829684,1.850991488741,-8.3));
#7801 = CARTESIAN_POINT('',(-26.91783644774,1.877321838181,-8.3));
#7802 = CARTESIAN_POINT('',(-26.94664628179,1.903774907039,-8.3));
#7803 = CARTESIAN_POINT('',(-27.05955425894,2.00832234284,-8.3));
#7804 = CARTESIAN_POINT('',(-27.14280595794,2.087332722565,-8.3));
#7805 = CARTESIAN_POINT('',(-27.22508657854,2.167361689573,-8.3));
#7806 = CARTESIAN_POINT('',(-27.30638337107,2.248391972509,-8.3));
#7807 = CARTESIAN_POINT('',(-27.38668393729,2.330406651828,-8.3));
#7808 = CARTESIAN_POINT('',(-27.46597623043,2.413389159798,-8.3));
#7809 = CARTESIAN_POINT('',(-27.57979606745,2.53544210729,-8.3));
#7810 = CARTESIAN_POINT('',(-27.61513314409,2.573757194107,-8.3));
#7811 = CARTESIAN_POINT('',(-27.65025883375,2.612266846726,-8.3));
#7812 = CARTESIAN_POINT('',(-27.68517154289,2.650969916964,-8.3));
#7813 = CARTESIAN_POINT('',(-27.71987015808,2.68986484363,-8.3));
#7814 = CARTESIAN_POINT('',(-27.75435330428,2.728950295043,-8.3));
#7815 = CARTESIAN_POINT('',(-27.8388999739,2.82585375461,-8.3));
#7816 = CARTESIAN_POINT('',(-27.88871357417,2.8838898175,-8.3));
#7817 = CARTESIAN_POINT('',(-27.93805641382,2.942328623217,-8.3));
#7818 = CARTESIAN_POINT('',(-27.98692439792,3.001165744791,-8.3));
#7819 = CARTESIAN_POINT('',(-28.03531343015,3.060396744958,-8.3));
#7820 = CARTESIAN_POINT('',(-28.08321941281,3.120017176163,-8.3));
#7821 = CARTESIAN_POINT('',(-28.19623724016,3.263033776619,-8.3));
#7822 = CARTESIAN_POINT('',(-28.26090404097,3.346781618689,-8.3));
#7823 = CARTESIAN_POINT('',(-28.32462897073,3.431253382268,-8.3));
#7824 = CARTESIAN_POINT('',(-28.3874023528,3.516436321833,-8.3));
#7825 = CARTESIAN_POINT('',(-28.44921451237,3.602317670833,-8.3));
#7826 = CARTESIAN_POINT('',(-28.51005577646,3.688884641692,-8.3));
#7827 = CARTESIAN_POINT('',(-28.61083534638,3.835758772712,-8.3));
#7828 = CARTESIAN_POINT('',(-28.65129588249,3.89570755312,-8.3));
#7829 = CARTESIAN_POINT('',(-28.6912960544,3.95596601752,-8.3));
#7830 = CARTESIAN_POINT('',(-28.73083401162,4.016529296887,-8.3));
#7831 = CARTESIAN_POINT('',(-28.76990783747,4.077392568345,-8.3));
#7832 = CARTESIAN_POINT('',(-28.80851551972,4.138551075004,-8.3));
#7833 = CARTESIAN_POINT('',(-28.84665513561,4.2,-8.3));
#7834 = PCURVE('',#2682,#7835);
#7835 = DEFINITIONAL_REPRESENTATION('',(#7836),#7881);
#7836 = B_SPLINE_CURVE_WITH_KNOTS('',7,(#7837,#7838,#7839,#7840,#7841,
    #7842,#7843,#7844,#7845,#7846,#7847,#7848,#7849,#7850,#7851,#7852,
    #7853,#7854,#7855,#7856,#7857,#7858,#7859,#7860,#7861,#7862,#7863,
    #7864,#7865,#7866,#7867,#7868,#7869,#7870,#7871,#7872,#7873,#7874,
    #7875,#7876,#7877,#7878,#7879,#7880),.UNSPECIFIED.,.F.,.F.,(8,6,6,6,
    6,6,6,8),(0.,0.178860130617,0.248586883149,0.453186705272,
    0.546106070086,0.68244984118,0.871067177048,1.),.UNSPECIFIED.);
#7837 = CARTESIAN_POINT('',(-4.518729688981,1.3));
#7838 = CARTESIAN_POINT('',(-4.439502293093,1.361410650869));
#7839 = CARTESIAN_POINT('',(-4.360894204062,1.423643428826));
#7840 = CARTESIAN_POINT('',(-4.282926160045,1.486690533552));
#7841 = CARTESIAN_POINT('',(-4.205616802242,1.55054570626));
#7842 = CARTESIAN_POINT('',(-4.128982674894,1.615204229691));
#7843 = CARTESIAN_POINT('',(-4.05303822528,1.680662928118));
#7844 = CARTESIAN_POINT('',(-3.948463332089,1.772749859556));
#7845 = CARTESIAN_POINT('',(-3.919233101191,1.798704845091));
#7846 = CARTESIAN_POINT('',(-3.890105520777,1.824785502205));
#7847 = CARTESIAN_POINT('',(-3.861081703154,1.850991488741));
#7848 = CARTESIAN_POINT('',(-3.832163552259,1.877321838181));
#7849 = CARTESIAN_POINT('',(-3.803353718208,1.903774907039));
#7850 = CARTESIAN_POINT('',(-3.690445741057,2.00832234284));
#7851 = CARTESIAN_POINT('',(-3.607194042059,2.087332722565));
#7852 = CARTESIAN_POINT('',(-3.524913421455,2.167361689573));
#7853 = CARTESIAN_POINT('',(-3.443616628927,2.248391972509));
#7854 = CARTESIAN_POINT('',(-3.363316062704,2.330406651828));
#7855 = CARTESIAN_POINT('',(-3.284023769569,2.413389159798));
#7856 = CARTESIAN_POINT('',(-3.170203932541,2.53544210729));
#7857 = CARTESIAN_POINT('',(-3.134866855909,2.573757194107));
#7858 = CARTESIAN_POINT('',(-3.099741166249,2.612266846726));
#7859 = CARTESIAN_POINT('',(-3.064828457102,2.650969916964));
#7860 = CARTESIAN_POINT('',(-3.030129841917,2.68986484363));
#7861 = CARTESIAN_POINT('',(-2.995646695717,2.728950295043));
#7862 = CARTESIAN_POINT('',(-2.9111000261,2.82585375461));
#7863 = CARTESIAN_POINT('',(-2.861286425826,2.8838898175));
#7864 = CARTESIAN_POINT('',(-2.811943586174,2.942328623217));
#7865 = CARTESIAN_POINT('',(-2.763075602074,3.001165744791));
#7866 = CARTESIAN_POINT('',(-2.714686569844,3.060396744958));
#7867 = CARTESIAN_POINT('',(-2.666780587188,3.120017176163));
#7868 = CARTESIAN_POINT('',(-2.553762759832,3.263033776619));
#7869 = CARTESIAN_POINT('',(-2.489095959025,3.346781618689));
#7870 = CARTESIAN_POINT('',(-2.425371029263,3.431253382268));
#7871 = CARTESIAN_POINT('',(-2.362597647194,3.516436321833));
#7872 = CARTESIAN_POINT('',(-2.300785487626,3.602317670833));
#7873 = CARTESIAN_POINT('',(-2.239944223537,3.688884641692));
#7874 = CARTESIAN_POINT('',(-2.139164653611,3.835758772712));
#7875 = CARTESIAN_POINT('',(-2.098704117501,3.89570755312));
#7876 = CARTESIAN_POINT('',(-2.058703945598,3.95596601752));
#7877 = CARTESIAN_POINT('',(-2.019165988374,4.016529296887));
#7878 = CARTESIAN_POINT('',(-1.980092162524,4.077392568345));
#7879 = CARTESIAN_POINT('',(-1.941484480277,4.138551075004));
#7880 = CARTESIAN_POINT('',(-1.903344864385,4.2));
#7881 = ( GEOMETRIC_REPRESENTATION_CONTEXT(2) 
PARAMETRIC_REPRESENTATION_CONTEXT() REPRESENTATION_CONTEXT('2D SPACE',''
  ) );
#7882 = PCURVE('',#145,#7883);
#7883 = DEFINITIONAL_REPRESENTATION('',(#7884),#7929);
#7884 = B_SPLINE_CURVE_WITH_KNOTS('',7,(#7885,#7886,#7887,#7888,#7889,
    #7890,#7891,#7892,#7893,#7894,#7895,#7896,#7897,#7898,#7899,#7900,
    #7901,#7902,#7903,#7904,#7905,#7906,#7907,#7908,#7909,#7910,#7911,
    #7912,#7913,#7914,#7915,#7916,#7917,#7918,#7919,#7920,#7921,#7922,
    #7923,#7924,#7925,#7926,#7927,#7928),.UNSPECIFIED.,.F.,.F.,(8,6,6,6,
    6,6,6,8),(0.,0.178860130617,0.248586883149,0.453186705272,
    0.546106070086,0.68244984118,0.871067177048,1.),.UNSPECIFIED.);
#7885 = CARTESIAN_POINT('',(3.897959183673,0.));
#7886 = CARTESIAN_POINT('',(3.896040283889,4.395538934756E-03));
#7887 = CARTESIAN_POINT('',(3.894933087026,8.791694424614E-03));
#7888 = CARTESIAN_POINT('',(3.894486606318,1.318813339434E-02));
#7889 = CARTESIAN_POINT('',(3.894549739604,1.758463690603E-02));
#7890 = CARTESIAN_POINT('',(3.894971269328,2.198110015911E-02));
#7891 = CARTESIAN_POINT('',(3.895599862538,2.637753249034E-02));
#7892 = CARTESIAN_POINT('',(3.896550802366,3.248799664859E-02));
#7893 = CARTESIAN_POINT('',(3.896826190902,3.420221046315E-02));
#7894 = CARTESIAN_POINT('',(3.897100581559,3.591673039082E-02));
#7895 = CARTESIAN_POINT('',(3.897366138266,3.763154426503E-02));
#7896 = CARTESIAN_POINT('',(3.897613503025,3.934659566366E-02));
#7897 = CARTESIAN_POINT('',(3.897832334544,4.10617838883E-02));
#7898 = CARTESIAN_POINT('',(3.898553854448,4.780983378532E-02));
#7899 = CARTESIAN_POINT('',(3.898799948021,5.28427530673E-02));
#7900 = CARTESIAN_POINT('',(3.898822702951,5.787567937773E-02));
#7901 = CARTESIAN_POINT('',(3.898690816687,6.290859164375E-02));
#7902 = CARTESIAN_POINT('',(3.898472988223,6.794149062627E-02));
#7903 = CARTESIAN_POINT('',(3.898237918099,7.297439892001E-02));
#7904 = CARTESIAN_POINT('',(3.897970921734,8.029308940828E-02));
#7905 = CARTESIAN_POINT('',(3.897897030901,8.257882627372E-02));
#7906 = CARTESIAN_POINT('',(3.897847480355,8.486457691837E-02));
#7907 = CARTESIAN_POINT('',(3.89780653752,8.715033586391E-02));
#7908 = CARTESIAN_POINT('',(3.89778139269,8.943610561113E-02));
#7909 = CARTESIAN_POINT('',(3.897766632843,9.172188442783E-02));
#7910 = CARTESIAN_POINT('',(3.897754350025,9.736168696306E-02));
#7911 = CARTESIAN_POINT('',(3.897767846745,0.100715720945));
#7912 = CARTESIAN_POINT('',(3.897797006072,0.104069773058));
#7913 = CARTESIAN_POINT('',(3.897836706016,0.107423841847));
#7914 = CARTESIAN_POINT('',(3.897881841349,0.110777925474));
#7915 = CARTESIAN_POINT('',(3.897927323611,0.114132021721));
#7916 = CARTESIAN_POINT('',(3.898024464836,0.122126182928));
#7917 = CARTESIAN_POINT('',(3.898072526652,0.126766256003));
#7918 = CARTESIAN_POINT('',(3.898106112849,0.131406339535));
#7919 = CARTESIAN_POINT('',(3.898119070038,0.136046425145));
#7920 = CARTESIAN_POINT('',(3.898105245152,0.140686503755));
#7921 = CARTESIAN_POINT('',(3.898058485441,0.145326565588));
#7922 = CARTESIAN_POINT('',(3.897913956209,0.153138380506));
#7923 = CARTESIAN_POINT('',(3.897834618107,0.156310144461));
#7924 = CARTESIAN_POINT('',(3.897751979005,0.159481905171));
#7925 = CARTESIAN_POINT('',(3.897686954624,0.162653678414));
#7926 = CARTESIAN_POINT('',(3.897659448273,0.165825479275));
#7927 = CARTESIAN_POINT('',(3.897687803435,0.168997321772));
#7928 = CARTESIAN_POINT('',(3.897792282237,0.172169221427));
#7929 = ( GEOMETRIC_REPRESENTATION_CONTEXT(2) 
PARAMETRIC_REPRESENTATION_CONTEXT() REPRESENTATION_CONTEXT('2D SPACE',''
  ) );
#7930 = FACE_BOUND('',#7931,.T.);
#7931 = EDGE_LOOP('',(#7932));
#7932 = ORIENTED_EDGE('',*,*,#7933,.T.);
#7933 = EDGE_CURVE('',#7934,#7934,#7936,.T.);
#7934 = VERTEX_POINT('',#7935);
#7935 = CARTESIAN_POINT('',(-25.53039685096,2.944055508026,-8.3));
#7936 = SURFACE_CURVE('',#7937,(#7942,#7953),.PCURVE_S1.);
#7937 = CIRCLE('',#7938,0.6);
#7938 = AXIS2_PLACEMENT_3D('',#7939,#7940,#7941);
#7939 = CARTESIAN_POINT('',(-26.13039685096,2.944055508026,-8.3));
#7940 = DIRECTION('',(0.,0.,1.));
#7941 = DIRECTION('',(1.,2.960594732334E-15,-0.));
#7942 = PCURVE('',#2682,#7943);
#7943 = DEFINITIONAL_REPRESENTATION('',(#7944),#7952);
#7944 = ( BOUNDED_CURVE() B_SPLINE_CURVE(2,(#7945,#7946,#7947,#7948,
#7949,#7950,#7951),.UNSPECIFIED.,.T.,.F.) B_SPLINE_CURVE_WITH_KNOTS((1,2
    ,2,2,2,1),(-2.094395102393,0.,2.094395102393,4.188790204786,
6.28318530718,8.377580409573),.UNSPECIFIED.) CURVE() 
GEOMETRIC_REPRESENTATION_ITEM() RATIONAL_B_SPLINE_CURVE((1.,0.5,1.,0.5,
1.,0.5,1.)) REPRESENTATION_ITEM('') );
#7945 = CARTESIAN_POINT('',(-5.219603149036,2.944055508026));
#7946 = CARTESIAN_POINT('',(-5.219603149036,3.983285992567));
#7947 = CARTESIAN_POINT('',(-4.319603149036,3.463670750296));
#7948 = CARTESIAN_POINT('',(-3.419603149036,2.944055508026));
#7949 = CARTESIAN_POINT('',(-4.319603149036,2.424440265755));
#7950 = CARTESIAN_POINT('',(-5.219603149036,1.904825023484));
#7951 = CARTESIAN_POINT('',(-5.219603149036,2.944055508026));
#7952 = ( GEOMETRIC_REPRESENTATION_CONTEXT(2) 
PARAMETRIC_REPRESENTATION_CONTEXT() REPRESENTATION_CONTEXT('2D SPACE',''
  ) );
#7953 = PCURVE('',#7954,#7959);
#7954 = CYLINDRICAL_SURFACE('',#7955,0.6);
#7955 = AXIS2_PLACEMENT_3D('',#7956,#7957,#7958);
#7956 = CARTESIAN_POINT('',(-26.13039685096,2.944055508026,-14.3));
#7957 = DIRECTION('',(-0.,-0.,1.));
#7958 = DIRECTION('',(1.,0.,0.));
#7959 = DEFINITIONAL_REPRESENTATION('',(#7960),#7964);
#7960 = LINE('',#7961,#7962);
#7961 = CARTESIAN_POINT('',(0.,6.));
#7962 = VECTOR('',#7963,1.);
#7963 = DIRECTION('',(1.,0.));
#7964 = ( GEOMETRIC_REPRESENTATION_CONTEXT(2) 
PARAMETRIC_REPRESENTATION_CONTEXT() REPRESENTATION_CONTEXT('2D SPACE',''
  ) );
#7965 = FACE_BOUND('',#7966,.T.);
#7966 = EDGE_LOOP('',(#7967));
#7967 = ORIENTED_EDGE('',*,*,#7968,.T.);
#7968 = EDGE_CURVE('',#7969,#7969,#7971,.T.);
#7969 = VERTEX_POINT('',#7970);
#7970 = CARTESIAN_POINT('',(26.730396850964,2.944055508026,-8.3));
#7971 = SURFACE_CURVE('',#7972,(#7977,#7988),.PCURVE_S1.);
#7972 = CIRCLE('',#7973,0.6);
#7973 = AXIS2_PLACEMENT_3D('',#7974,#7975,#7976);
#7974 = CARTESIAN_POINT('',(26.130396850964,2.944055508026,-8.3));
#7975 = DIRECTION('',(0.,0.,1.));
#7976 = DIRECTION('',(1.,0.,-0.));
#7977 = PCURVE('',#2682,#7978);
#7978 = DEFINITIONAL_REPRESENTATION('',(#7979),#7987);
#7979 = ( BOUNDED_CURVE() B_SPLINE_CURVE(2,(#7980,#7981,#7982,#7983,
#7984,#7985,#7986),.UNSPECIFIED.,.T.,.F.) B_SPLINE_CURVE_WITH_KNOTS((1,2
    ,2,2,2,1),(-2.094395102393,0.,2.094395102393,4.188790204786,
6.28318530718,8.377580409573),.UNSPECIFIED.) CURVE() 
GEOMETRIC_REPRESENTATION_ITEM() RATIONAL_B_SPLINE_CURVE((1.,0.5,1.,0.5,
1.,0.5,1.)) REPRESENTATION_ITEM('') );
#7980 = CARTESIAN_POINT('',(-57.48039685096,2.944055508026));
#7981 = CARTESIAN_POINT('',(-57.48039685096,3.983285992567));
#7982 = CARTESIAN_POINT('',(-56.58039685096,3.463670750296));
#7983 = CARTESIAN_POINT('',(-55.68039685096,2.944055508026));
#7984 = CARTESIAN_POINT('',(-56.58039685096,2.424440265755));
#7985 = CARTESIAN_POINT('',(-57.48039685096,1.904825023484));
#7986 = CARTESIAN_POINT('',(-57.48039685096,2.944055508026));
#7987 = ( GEOMETRIC_REPRESENTATION_CONTEXT(2) 
PARAMETRIC_REPRESENTATION_CONTEXT() REPRESENTATION_CONTEXT('2D SPACE',''
  ) );
#7988 = PCURVE('',#7989,#7994);
#7989 = CYLINDRICAL_SURFACE('',#7990,0.6);
#7990 = AXIS2_PLACEMENT_3D('',#7991,#7992,#7993);
#7991 = CARTESIAN_POINT('',(26.130396850964,2.944055508026,-14.3));
#7992 = DIRECTION('',(-0.,-0.,1.));
#7993 = DIRECTION('',(1.,0.,0.));
#7994 = DEFINITIONAL_REPRESENTATION('',(#7995),#7999);
#7995 = LINE('',#7996,#7997);
#7996 = CARTESIAN_POINT('',(0.,6.));
#7997 = VECTOR('',#7998,1.);
#7998 = DIRECTION('',(1.,0.));
#7999 = ( GEOMETRIC_REPRESENTATION_CONTEXT(2) 
PARAMETRIC_REPRESENTATION_CONTEXT() REPRESENTATION_CONTEXT('2D SPACE',''
  ) );
#8000 = ADVANCED_FACE('',(#8001),#7989,.T.);
#8001 = FACE_BOUND('',#8002,.T.);
#8002 = EDGE_LOOP('',(#8003,#8004,#8027,#8351));
#8003 = ORIENTED_EDGE('',*,*,#7968,.F.);
#8004 = ORIENTED_EDGE('',*,*,#8005,.F.);
#8005 = EDGE_CURVE('',#8006,#7969,#8008,.T.);
#8006 = VERTEX_POINT('',#8007);
#8007 = CARTESIAN_POINT('',(26.730396850964,2.944055508026,
    -8.550373857949));
#8008 = SEAM_CURVE('',#8009,(#8013,#8020),.PCURVE_S1.);
#8009 = LINE('',#8010,#8011);
#8010 = CARTESIAN_POINT('',(26.730396850964,2.944055508026,-14.3));
#8011 = VECTOR('',#8012,1.);
#8012 = DIRECTION('',(-0.,-0.,1.));
#8013 = PCURVE('',#7989,#8014);
#8014 = DEFINITIONAL_REPRESENTATION('',(#8015),#8019);
#8015 = LINE('',#8016,#8017);
#8016 = CARTESIAN_POINT('',(0.,0.));
#8017 = VECTOR('',#8018,1.);
#8018 = DIRECTION('',(0.,1.));
#8019 = ( GEOMETRIC_REPRESENTATION_CONTEXT(2) 
PARAMETRIC_REPRESENTATION_CONTEXT() REPRESENTATION_CONTEXT('2D SPACE',''
  ) );
#8020 = PCURVE('',#7989,#8021);
#8021 = DEFINITIONAL_REPRESENTATION('',(#8022),#8026);
#8022 = LINE('',#8023,#8024);
#8023 = CARTESIAN_POINT('',(6.28318530718,0.));
#8024 = VECTOR('',#8025,1.);
#8025 = DIRECTION('',(0.,1.));
#8026 = ( GEOMETRIC_REPRESENTATION_CONTEXT(2) 
PARAMETRIC_REPRESENTATION_CONTEXT() REPRESENTATION_CONTEXT('2D SPACE',''
  ) );
#8027 = ORIENTED_EDGE('',*,*,#8028,.T.);
#8028 = EDGE_CURVE('',#8006,#8006,#8029,.T.);
#8029 = SURFACE_CURVE('',#8030,(#8088,#8183),.PCURVE_S1.);
#8030 = B_SPLINE_CURVE_WITH_KNOTS('',8,(#8031,#8032,#8033,#8034,#8035,
    #8036,#8037,#8038,#8039,#8040,#8041,#8042,#8043,#8044,#8045,#8046,
    #8047,#8048,#8049,#8050,#8051,#8052,#8053,#8054,#8055,#8056,#8057,
    #8058,#8059,#8060,#8061,#8062,#8063,#8064,#8065,#8066,#8067,#8068,
    #8069,#8070,#8071,#8072,#8073,#8074,#8075,#8076,#8077,#8078,#8079,
    #8080,#8081,#8082,#8083,#8084,#8085,#8086,#8087),.UNSPECIFIED.,.T.,
  .F.,(9,6,7,7,7,7,7,7,9),(0.,1.,5.172781390225,12.111869228546,
    15.099437465037,18.270023041637,19.629151527488,26.753954983603,
    30.197505243617),.UNSPECIFIED.);
#8031 = CARTESIAN_POINT('',(26.730396850964,2.944055508026,
    -8.550373857949));
#8032 = CARTESIAN_POINT('',(26.730396850964,2.959649816651,
    -8.550352852746));
#8033 = CARTESIAN_POINT('',(26.729933643099,2.975244166267,
    -8.550330228019));
#8034 = CARTESIAN_POINT('',(26.729007232468,2.990822445225,
    -8.550306243923));
#8035 = CARTESIAN_POINT('',(26.72761828569,3.00636861155,-8.550281157093
    ));
#8036 = CARTESIAN_POINT('',(26.725768130909,3.021866692937,
    -8.550255220645));
#8037 = CARTESIAN_POINT('',(26.723458757786,3.037300786757,
    -8.550228684173));
#8038 = CARTESIAN_POINT('',(26.709151575609,3.116723057571,
    -8.550089702991));
#8039 = CARTESIAN_POINT('',(26.682711993565,3.19360871324,
    -8.549946529734));
#8040 = CARTESIAN_POINT('',(26.653725892664,3.252818426117,
    -8.549849969605));
#8041 = CARTESIAN_POINT('',(26.617530440148,3.308114490072,
    -8.549779459107));
#8042 = CARTESIAN_POINT('',(26.574750678757,3.358494976079,
    -8.549723575884));
#8043 = CARTESIAN_POINT('',(26.526168111784,3.403073678606,
    -8.549693907473));
#8044 = CARTESIAN_POINT('',(26.472710254533,3.441105482688,
    -8.549676209851));
#8045 = CARTESIAN_POINT('',(26.320179098841,3.523451723978,
    -8.549655123363));
#8046 = CARTESIAN_POINT('',(26.21410499059,3.555353997979,
    -8.549667637548));
#8047 = CARTESIAN_POINT('',(26.102178143815,3.564848430523,
    -8.549681971402));
#8048 = CARTESIAN_POINT('',(25.990043990934,3.550933968443,
    -8.549672239783));
#8049 = CARTESIAN_POINT('',(25.883198367357,3.514198509657,
    -8.549643133295));
#8050 = CARTESIAN_POINT('',(25.786827943285,3.456541083502,
    -8.549643258716));
#8051 = CARTESIAN_POINT('',(25.705540897095,3.381335757022,
    -8.549699442211));
#8052 = CARTESIAN_POINT('',(25.615403035869,3.255428649699,
    -8.549858436632));
#8053 = CARTESIAN_POINT('',(25.591637627186,3.215125772316,
    -8.549916952167));
#8054 = CARTESIAN_POINT('',(25.571487635389,3.172765506519,
    -8.549983481877));
#8055 = CARTESIAN_POINT('',(25.55515770618,3.128728493412,
    -8.550062897599));
#8056 = CARTESIAN_POINT('',(25.542803812513,3.083416606085,
    -8.550149567927));
#8057 = CARTESIAN_POINT('',(25.534532108073,3.037247520691,
    -8.550233754283));
#8058 = CARTESIAN_POINT('',(25.530396850964,2.990649616361,
    -8.550311096674));
#8059 = CARTESIAN_POINT('',(25.530396850964,2.894607061614,
    -8.550440463958));
#8060 = CARTESIAN_POINT('',(25.535054297746,2.845154758723,
    -8.550490814595));
#8061 = CARTESIAN_POINT('',(25.544370349932,2.79621669226,
    -8.550517002918));
#8062 = CARTESIAN_POINT('',(25.558275748263,2.748304235658,
    -8.550511440728));
#8063 = CARTESIAN_POINT('',(25.576635423842,2.701914983322,
    -8.550469016209));
#8064 = CARTESIAN_POINT('',(25.599251773699,2.657525229993,
    -8.55038842005));
#8065 = CARTESIAN_POINT('',(25.625866603665,2.615581989028,
    -8.550272640057));
#8066 = CARTESIAN_POINT('',(25.669148292582,2.559739016219,
    -8.550066889285));
#8067 = CARTESIAN_POINT('',(25.682811744815,2.543507475929,
    -8.549999380489));
#8068 = CARTESIAN_POINT('',(25.697127224589,2.527832049325,
    -8.549927438083));
#8069 = CARTESIAN_POINT('',(25.712068270582,2.512743231144,
    -8.549852433231));
#8070 = CARTESIAN_POINT('',(25.727606830832,2.49826989025,-8.54977576804
    ));
#8071 = CARTESIAN_POINT('',(25.743713262735,2.484439269626,
    -8.549698875559));
#8072 = CARTESIAN_POINT('',(25.760356333048,2.47127698638,
    -8.549623219782));
#8073 = CARTESIAN_POINT('',(25.867390366634,2.393437218054,
    -8.549168013788));
#8074 = CARTESIAN_POINT('',(25.971342526832,2.346932385556,
    -8.54885008492));
#8075 = CARTESIAN_POINT('',(26.084439180647,2.323126334975,
    -8.548740018605));
#8076 = CARTESIAN_POINT('',(26.200728499627,2.323857561286,
    -8.548789750423));
#8077 = CARTESIAN_POINT('',(26.314224420669,2.349186865277,
    -8.54883398464));
#8078 = CARTESIAN_POINT('',(26.419109414149,2.397708520559,
    -8.549173750424));
#8079 = CARTESIAN_POINT('',(26.510005423165,2.466299124048,
    -8.54966420137));
#8080 = CARTESIAN_POINT('',(26.618245812379,2.590658836621,
    -8.550197373653));
#8081 = CARTESIAN_POINT('',(26.649370999635,2.634791801934,
    -8.550342440151));
#8082 = CARTESIAN_POINT('',(26.675914177235,2.682034972318,
    -8.550447946601));
#8083 = CARTESIAN_POINT('',(26.697518642857,2.73182955367,
    -8.550508103488));
#8084 = CARTESIAN_POINT('',(26.713910570822,2.783572790486,
    -8.550523242902));
#8085 = CARTESIAN_POINT('',(26.724902148639,2.836630061209,
    -8.550499362678));
#8086 = CARTESIAN_POINT('',(26.730396850964,2.8903461233,-8.550446203351
    ));
#8087 = CARTESIAN_POINT('',(26.730396850964,2.944055508026,
    -8.550373857949));
#8088 = PCURVE('',#7989,#8089);
#8089 = DEFINITIONAL_REPRESENTATION('',(#8090),#8182);
#8090 = B_SPLINE_CURVE_WITH_KNOTS('',3,(#8091,#8092,#8093,#8094,#8095,
    #8096,#8097,#8098,#8099,#8100,#8101,#8102,#8103,#8104,#8105,#8106,
    #8107,#8108,#8109,#8110,#8111,#8112,#8113,#8114,#8115,#8116,#8117,
    #8118,#8119,#8120,#8121,#8122,#8123,#8124,#8125,#8126,#8127,#8128,
    #8129,#8130,#8131,#8132,#8133,#8134,#8135,#8136,#8137,#8138,#8139,
    #8140,#8141,#8142,#8143,#8144,#8145,#8146,#8147,#8148,#8149,#8150,
    #8151,#8152,#8153,#8154,#8155,#8156,#8157,#8158,#8159,#8160,#8161,
    #8162,#8163,#8164,#8165,#8166,#8167,#8168,#8169,#8170,#8171,#8172,
    #8173,#8174,#8175,#8176,#8177,#8178,#8179,#8180,#8181),
  .UNSPECIFIED.,.F.,.F.,(4,1,1,1,1,1,1,1,1,1,1,1,1,1,1,1,1,1,1,1,1,1,1,1
    ,1,1,1,1,1,1,1,1,1,1,1,1,1,1,1,1,1,1,1,1,1,1,1,1,1,1,1,1,1,1,1,1,1,1
    ,1,1,1,1,1,1,1,1,1,1,1,1,1,1,1,1,1,1,1,1,1,1,1,1,1,1,1,1,1,1,4),(0.,
    0.343153468677,0.686306937355,1.029460406032,1.37261387471,
    1.715767343387,2.058920812065,2.402074280742,2.74522774942,
    3.088381218097,3.431534686775,3.774688155452,4.11784162413,
    4.460995092807,4.804148561484,5.147302030162,5.490455498839,
    5.833608967517,6.176762436194,6.519915904872,6.863069373549,
    7.206222842227,7.549376310904,7.892529779582,8.235683248259,
    8.578836716937,8.921990185614,9.265143654292,9.608297122969,
    9.951450591646,10.294604060324,10.637757529001,10.980910997679,
    11.324064466356,11.667217935034,12.010371403711,12.353524872389,
    12.696678341066,13.039831809744,13.382985278421,13.726138747099,
    14.069292215776,14.412445684453,14.755599153131,15.098752621808,
    15.441906090486,15.785059559163,16.128213027841,16.471366496518,
    16.814519965196,17.157673433873,17.500826902551,17.843980371228,
    18.187133839906,18.530287308583,18.873440777261,19.216594245938,
    19.559747714615,19.902901183293,20.24605465197,20.589208120648,
    20.932361589325,21.275515058003,21.61866852668,21.961821995358,
    22.304975464035,22.648128932713,22.99128240139,23.334435870068,
    23.677589338745,24.020742807422,24.3638962761,24.707049744777,
    25.050203213455,25.393356682132,25.73651015081,26.079663619487,
    26.422817088165,26.765970556842,27.10912402552,27.452277494197,
    27.795430962875,28.138584431552,28.48173790023,28.824891368907,
    29.168044837584,29.511198306262,29.854351774939,30.197505243617),
  .QUASI_UNIFORM_KNOTS.);
#8091 = CARTESIAN_POINT('',(-1.7763568394E-15,5.749626142051));
#8092 = CARTESIAN_POINT('',(2.37834152644E-02,5.749645372917));
#8093 = CARTESIAN_POINT('',(7.134987981553E-02,5.749687358997));
#8094 = CARTESIAN_POINT('',(0.142700159012,5.749757547402));
#8095 = CARTESIAN_POINT('',(0.214049819577,5.749831473377));
#8096 = CARTESIAN_POINT('',(0.285407745075,5.749906043052));
#8097 = CARTESIAN_POINT('',(0.356769583476,5.749977811927));
#8098 = CARTESIAN_POINT('',(0.428132524394,5.750044501689));
#8099 = CARTESIAN_POINT('',(0.499495472958,5.750104713599));
#8100 = CARTESIAN_POINT('',(0.57085851413,5.750157714541));
#8101 = CARTESIAN_POINT('',(0.642222545649,5.750203207777));
#8102 = CARTESIAN_POINT('',(0.713588865531,5.750241175766));
#8103 = CARTESIAN_POINT('',(0.784958663402,5.750271801921));
#8104 = CARTESIAN_POINT('',(0.856332821243,5.75029546644));
#8105 = CARTESIAN_POINT('',(0.927710444824,5.750312780337));
#8106 = CARTESIAN_POINT('',(0.999092021405,5.750324599193));
#8107 = CARTESIAN_POINT('',(1.070465171144,5.750331921132));
#8108 = CARTESIAN_POINT('',(1.141855176806,5.750335585877));
#8109 = CARTESIAN_POINT('',(1.213291652373,5.750336651465));
#8110 = CARTESIAN_POINT('',(1.284744032816,5.750336034533));
#8111 = CARTESIAN_POINT('',(1.356203916303,5.75033458692));
#8112 = CARTESIAN_POINT('',(1.427662216428,5.750333014653));
#8113 = CARTESIAN_POINT('',(1.499114345971,5.750331850194));
#8114 = CARTESIAN_POINT('',(1.570558001556,5.750331423268));
#8115 = CARTESIAN_POINT('',(1.641993018497,5.750331845603));
#8116 = CARTESIAN_POINT('',(1.713420737894,5.75033300578));
#8117 = CARTESIAN_POINT('',(1.784843553772,5.750334575191));
#8118 = CARTESIAN_POINT('',(1.856264446042,5.75033602441));
#8119 = CARTESIAN_POINT('',(1.927686537596,5.750336649408));
#8120 = CARTESIAN_POINT('',(1.999112652796,5.750335606621));
#8121 = CARTESIAN_POINT('',(2.070544870209,5.750331955664));
#8122 = CARTESIAN_POINT('',(2.141984061732,5.750324708079));
#8123 = CARTESIAN_POINT('',(2.213429395325,5.750312880627));
#8124 = CARTESIAN_POINT('',(2.284877833726,5.750295549829));
#8125 = CARTESIAN_POINT('',(2.356323447796,5.750271909818));
#8126 = CARTESIAN_POINT('',(2.427757152051,5.75024131429));
#8127 = CARTESIAN_POINT('',(2.499164514564,5.750203361267));
#8128 = CARTESIAN_POINT('',(2.570530309981,5.750157787341));
#8129 = CARTESIAN_POINT('',(2.641903793928,5.750104825874));
#8130 = CARTESIAN_POINT('',(2.713272729331,5.750044705094));
#8131 = CARTESIAN_POINT('',(2.784639579874,5.749977958674));
#8132 = CARTESIAN_POINT('',(2.856004045423,5.749906128221));
#8133 = CARTESIAN_POINT('',(2.927367161021,5.749831679507));
#8134 = CARTESIAN_POINT('',(2.998729435685,5.749757700501));
#8135 = CARTESIAN_POINT('',(3.070091313189,5.749687517103));
#8136 = CARTESIAN_POINT('',(3.141450287517,5.749624475962));
#8137 = CARTESIAN_POINT('',(3.212808993136,5.749572122051));
#8138 = CARTESIAN_POINT('',(3.284169638101,5.749533737906));
#8139 = CARTESIAN_POINT('',(3.355529477862,5.749512370744));
#8140 = CARTESIAN_POINT('',(3.426888877512,5.749510607582));
#8141 = CARTESIAN_POINT('',(3.498248440766,5.749530439008));
#8142 = CARTESIAN_POINT('',(3.569609173074,5.749573140861));
#8143 = CARTESIAN_POINT('',(3.640971849585,5.749639157294));
#8144 = CARTESIAN_POINT('',(3.712336687331,5.749728122043));
#8145 = CARTESIAN_POINT('',(3.783702490506,5.749838487159));
#8146 = CARTESIAN_POINT('',(3.855067239144,5.74996874534));
#8147 = CARTESIAN_POINT('',(3.926434400975,5.750114624719));
#8148 = CARTESIAN_POINT('',(3.997804379327,5.750267915818));
#8149 = CARTESIAN_POINT('',(4.069173995791,5.750421074049));
#8150 = CARTESIAN_POINT('',(4.140558661865,5.750566138644));
#8151 = CARTESIAN_POINT('',(4.211995844294,5.750699102028));
#8152 = CARTESIAN_POINT('',(4.283452616857,5.750816493665));
#8153 = CARTESIAN_POINT('',(4.354919599086,5.750916422319));
#8154 = CARTESIAN_POINT('',(4.426386658721,5.750997963165));
#8155 = CARTESIAN_POINT('',(4.497848450732,5.751060920756));
#8156 = CARTESIAN_POINT('',(4.569302079767,5.751105503684));
#8157 = CARTESIAN_POINT('',(4.640746966255,5.751132068381));
#8158 = CARTESIAN_POINT('',(4.712184193934,5.751140915929));
#8159 = CARTESIAN_POINT('',(4.783616050049,5.751132165285));
#8160 = CARTESIAN_POINT('',(4.855045551826,5.751105708736));
#8161 = CARTESIAN_POINT('',(4.92647600071,5.751061253135));
#8162 = CARTESIAN_POINT('',(4.997910539649,5.750998444065));
#8163 = CARTESIAN_POINT('',(5.069351710417,5.75091706479));
#8164 = CARTESIAN_POINT('',(5.140800989012,5.750817296484));
#8165 = CARTESIAN_POINT('',(5.212258330308,5.750700019764));
#8166 = CARTESIAN_POINT('',(5.283721555494,5.750567135773));
#8167 = CARTESIAN_POINT('',(5.355186146528,5.750421865621));
#8168 = CARTESIAN_POINT('',(5.426643277018,5.750269033297));
#8169 = CARTESIAN_POINT('',(5.498084104995,5.750115138468));
#8170 = CARTESIAN_POINT('',(5.569480288225,5.749968740906));
#8171 = CARTESIAN_POINT('',(5.64085295532,5.74983897831));
#8172 = CARTESIAN_POINT('',(5.712232270098,5.749728381411));
#8173 = CARTESIAN_POINT('',(5.783607086124,5.749639384321));
#8174 = CARTESIAN_POINT('',(5.854979434778,5.749573283253));
#8175 = CARTESIAN_POINT('',(5.926349170613,5.749530516376));
#8176 = CARTESIAN_POINT('',(5.997717443699,5.749510625519));
#8177 = CARTESIAN_POINT('',(6.069085216903,5.749512343144));
#8178 = CARTESIAN_POINT('',(6.140453043815,5.749533670175));
#8179 = CARTESIAN_POINT('',(6.211820763488,5.749572038929));
#8180 = CARTESIAN_POINT('',(6.259397593819,5.749606892017));
#8181 = CARTESIAN_POINT('',(6.28318530718,5.749626142051));
#8182 = ( GEOMETRIC_REPRESENTATION_CONTEXT(2) 
PARAMETRIC_REPRESENTATION_CONTEXT() REPRESENTATION_CONTEXT('2D SPACE',''
  ) );
#8183 = PCURVE('',#8184,#8257);
#8184 = ( BOUNDED_SURFACE() B_SPLINE_SURFACE(1,3,(
    (#8185,#8186,#8187,#8188,#8189,#8190,#8191,#8192,#8193,#8194,#8195
      ,#8196,#8197,#8198,#8199,#8200,#8201,#8202,#8203,#8204,#8205,#8206
      ,#8207,#8208,#8209,#8210,#8211,#8212,#8213,#8214,#8215,#8216,#8217
      ,#8218,#8219,#8220)
    ,(#8221,#8222,#8223,#8224,#8225,#8226,#8227,#8228,#8229,#8230,#8231
      ,#8232,#8233,#8234,#8235,#8236,#8237,#8238,#8239,#8240,#8241,#8242
      ,#8243,#8244,#8245,#8246,#8247,#8248,#8249,#8250,#8251,#8252,#8253
      ,#8254,#8255,#8256
)),.UNSPECIFIED.,.F.,.F.,.F.) B_SPLINE_SURFACE_WITH_KNOTS((2,2),(4,1,1,1
    ,1,1,1,1,1,1,1,1,1,1,1,1,1,1,1,1,1,1,1,1,1,1,1,1,1,1,1,1,1,4),(0.,1.
    ),(0.,4.226054182415E-02,8.084072807768E-02,0.116760893815,
    0.150672743191,0.183026021368,0.214167554491,0.244371019147,
    0.273857551356,0.302807808399,0.331362985528,0.35962878334,
    0.387693476243,0.415630464063,0.44350366522,0.471560213615,
    0.500018534498,0.528889141757,0.558153094801,0.587767953074,
    0.617673121193,0.647794588349,0.678049152399,0.708348261133,
    0.738765178533,0.770855167217,0.80460388084,0.83920044304,
    0.873702141244,0.907179956746,0.938871006772,0.9684251051,
0.996257998802,1.),.UNSPECIFIED.) GEOMETRIC_REPRESENTATION_ITEM() 
RATIONAL_B_SPLINE_SURFACE((
    (1.,0.999999999894,1.000000000045,0.999999999989,1.000000000003
      ,0.999999999999,1.,1.,1.,1.,1.,1.,1.,1.,1.,1.,1.,1.,1.,1.,1.,1.,1.
      ,1.,1.,1.,1.,1.,1.,1.,1.,0.999999999999,1.000000000003
      ,0.999999999994,1.000000000002,1.)
    ,(1.,0.999999999894,1.000000000045,0.999999999989,1.000000000003
      ,0.999999999999,1.,1.,1.,1.,1.,1.,1.,1.,1.,1.,1.,1.,1.,1.,1.,1.,1.
      ,1.,1.,1.,1.,1.,1.,1.,1.,0.999999999999,1.000000000003
,0.999999999994,1.000000000002,1.
  ))) REPRESENTATION_ITEM('') SURFACE() );
#8185 = CARTESIAN_POINT('',(-26.23127031101,1.3,-8.55));
#8186 = CARTESIAN_POINT('',(-26.48517870371,1.496809190582,
    -8.565066766367));
#8187 = CARTESIAN_POINT('',(-26.9549605655,1.893835106052,
    -8.543644221511));
#8188 = CARTESIAN_POINT('',(-27.58248877665,2.522459104255,
    -8.551448718985));
#8189 = CARTESIAN_POINT('',(-28.11842112312,3.149130970453,
    -8.54986911169));
#8190 = CARTESIAN_POINT('',(-28.57947210985,3.774738193821,
    -8.549265947675));
#8191 = CARTESIAN_POINT('',(-28.97693671543,4.399868170264,
    -8.552862630469));
#8192 = CARTESIAN_POINT('',(-29.31923434369,5.024585964944,
    -8.530717910841));
#8193 = CARTESIAN_POINT('',(-29.61112218507,5.648984866434,
    -8.484175140551));
#8194 = CARTESIAN_POINT('',(-29.85678345039,6.273111219501,
    -8.416817089838));
#8195 = CARTESIAN_POINT('',(-30.05982987364,6.896905366274,
    -8.331641295583));
#8196 = CARTESIAN_POINT('',(-30.22322500684,7.52035509086,-8.23183406403
    ));
#8197 = CARTESIAN_POINT('',(-30.34842516195,8.143642064795,
    -8.120309447509));
#8198 = CARTESIAN_POINT('',(-30.43641877256,8.766860152114,
    -8.000681065055));
#8199 = CARTESIAN_POINT('',(-30.48985470068,9.389669989179,
    -7.874081506692));
#8200 = CARTESIAN_POINT('',(-30.50273443083,10.015006049248,
    -7.75049744242));
#8201 = CARTESIAN_POINT('',(-30.49925407044,10.639903406768,
    -7.60536395061));
#8202 = CARTESIAN_POINT('',(-30.50020434463,11.262074951454,
    -7.420001363144));
#8203 = CARTESIAN_POINT('',(-30.49994422861,11.884217289856,
    -7.205235134337));
#8204 = CARTESIAN_POINT('',(-30.50001535201,12.506048110319,
    -6.964102855032));
#8205 = CARTESIAN_POINT('',(-30.499995949,13.127721141906,
    -6.701805547255));
#8206 = CARTESIAN_POINT('',(-30.50000122516,13.749303560528,
    -6.423024401228));
#8207 = CARTESIAN_POINT('',(-30.49999979798,14.370684127348,
    -6.13224372859));
#8208 = CARTESIAN_POINT('',(-30.50000017423,14.992496802281,
    -5.835239438233));
#8209 = CARTESIAN_POINT('',(-30.50000010609,15.613632832785,
    -5.532232258406));
#8210 = CARTESIAN_POINT('',(-30.49999999864,16.255069687578,
    -5.237063779284));
#8211 = CARTESIAN_POINT('',(-30.50000053373,16.874436326679,
    -4.844574430879));
#8212 = CARTESIAN_POINT('',(-30.49999836611,17.488814544244,
    -4.391665959935));
#8213 = CARTESIAN_POINT('',(-30.50000673408,18.102651487775,
    -3.907822129893));
#8214 = CARTESIAN_POINT('',(-30.49997574917,18.716554274226,
    -3.427461397618));
#8215 = CARTESIAN_POINT('',(-30.50008600696,19.331121227202,
    -2.984162467601));
#8216 = CARTESIAN_POINT('',(-30.49970674331,19.948598973692,
    -2.611411122974));
#8217 = CARTESIAN_POINT('',(-30.46975737052,20.572889463245,
    -2.343148847576));
#8218 = CARTESIAN_POINT('',(-30.42864159107,21.033261702399,
    -2.254858937566));
#8219 = CARTESIAN_POINT('',(-30.4015011415,21.271787466535,
    -2.249989969724));
#8220 = CARTESIAN_POINT('',(-30.39817085033,21.3,-2.25));
#8221 = CARTESIAN_POINT('',(26.231270311019,1.3,-8.55));
#8222 = CARTESIAN_POINT('',(26.485178705279,1.496809190582,
    -8.565066766367));
#8223 = CARTESIAN_POINT('',(26.954960564845,1.893835106052,
    -8.543644221511));
#8224 = CARTESIAN_POINT('',(27.582488776812,2.522459104255,
    -8.551448718985));
#8225 = CARTESIAN_POINT('',(28.118421123087,3.149130970453,
    -8.54986911169));
#8226 = CARTESIAN_POINT('',(28.579472109868,3.774738193821,
    -8.549265947675));
#8227 = CARTESIAN_POINT('',(28.976936715429,4.399868170264,
    -8.552862630469));
#8228 = CARTESIAN_POINT('',(29.319234343695,5.024585964944,
    -8.530717910841));
#8229 = CARTESIAN_POINT('',(29.611122185074,5.648984866434,
    -8.484175140551));
#8230 = CARTESIAN_POINT('',(29.856783450391,6.273111219501,
    -8.416817089838));
#8231 = CARTESIAN_POINT('',(30.059829873644,6.896905366274,
    -8.331641295583));
#8232 = CARTESIAN_POINT('',(30.223225006849,7.52035509086,-8.23183406403
    ));
#8233 = CARTESIAN_POINT('',(30.348425161958,8.143642064795,
    -8.120309447509));
#8234 = CARTESIAN_POINT('',(30.436418772569,8.766860152114,
    -8.000681065055));
#8235 = CARTESIAN_POINT('',(30.489854700685,9.389669989179,
    -7.874081506692));
#8236 = CARTESIAN_POINT('',(30.502734430831,10.015006049248,
    -7.75049744242));
#8237 = CARTESIAN_POINT('',(30.499254070441,10.639903406768,
    -7.60536395061));
#8238 = CARTESIAN_POINT('',(30.50020434463,11.262074951454,
    -7.420001363144));
#8239 = CARTESIAN_POINT('',(30.499944228614,11.884217289856,
    -7.205235134337));
#8240 = CARTESIAN_POINT('',(30.50001535201,12.506048110319,
    -6.964102855032));
#8241 = CARTESIAN_POINT('',(30.499995949006,13.127721141906,
    -6.701805547255));
#8242 = CARTESIAN_POINT('',(30.500001225169,13.749303560528,
    -6.423024401228));
#8243 = CARTESIAN_POINT('',(30.499999797982,14.370684127348,
    -6.13224372859));
#8244 = CARTESIAN_POINT('',(30.50000017423,14.992496802281,
    -5.835239438233));
#8245 = CARTESIAN_POINT('',(30.500000106092,15.613632832785,
    -5.532232258406));
#8246 = CARTESIAN_POINT('',(30.499999998646,16.255069687578,
    -5.237063779284));
#8247 = CARTESIAN_POINT('',(30.500000533731,16.874436326679,
    -4.844574430879));
#8248 = CARTESIAN_POINT('',(30.499998366111,17.488814544244,
    -4.391665959935));
#8249 = CARTESIAN_POINT('',(30.500006734083,18.102651487775,
    -3.907822129893));
#8250 = CARTESIAN_POINT('',(30.499975749176,18.716554274226,
    -3.427461397618));
#8251 = CARTESIAN_POINT('',(30.500086006972,19.331121227202,
    -2.984162467601));
#8252 = CARTESIAN_POINT('',(30.499706743305,19.948598973692,
    -2.611411122974));
#8253 = CARTESIAN_POINT('',(30.469757370542,20.572889463245,
    -2.343148847576));
#8254 = CARTESIAN_POINT('',(30.428641591023,21.033261702399,
    -2.254858937566));
#8255 = CARTESIAN_POINT('',(30.401501141522,21.271787466535,
    -2.249989969724));
#8256 = CARTESIAN_POINT('',(30.398170850339,21.3,-2.25));
#8257 = DEFINITIONAL_REPRESENTATION('',(#8258),#8350);
#8258 = B_SPLINE_CURVE_WITH_KNOTS('',3,(#8259,#8260,#8261,#8262,#8263,
    #8264,#8265,#8266,#8267,#8268,#8269,#8270,#8271,#8272,#8273,#8274,
    #8275,#8276,#8277,#8278,#8279,#8280,#8281,#8282,#8283,#8284,#8285,
    #8286,#8287,#8288,#8289,#8290,#8291,#8292,#8293,#8294,#8295,#8296,
    #8297,#8298,#8299,#8300,#8301,#8302,#8303,#8304,#8305,#8306,#8307,
    #8308,#8309,#8310,#8311,#8312,#8313,#8314,#8315,#8316,#8317,#8318,
    #8319,#8320,#8321,#8322,#8323,#8324,#8325,#8326,#8327,#8328,#8329,
    #8330,#8331,#8332,#8333,#8334,#8335,#8336,#8337,#8338,#8339,#8340,
    #8341,#8342,#8343,#8344,#8345,#8346,#8347,#8348,#8349),
  .UNSPECIFIED.,.T.,.F.,(4,1,1,1,1,1,1,1,1,1,1,1,1,1,1,1,1,1,1,1,1,1,1,1
    ,1,1,1,1,1,1,1,1,1,1,1,1,1,1,1,1,1,1,1,1,1,1,1,1,1,1,1,1,1,1,1,1,1,1
    ,1,1,1,1,1,1,1,1,1,1,1,1,1,1,1,1,1,1,1,1,1,1,1,1,1,1,1,1,1,1,4),(0.,
    0.343153468677,0.686306937355,1.029460406032,1.37261387471,
    1.715767343387,2.058920812065,2.402074280742,2.74522774942,
    3.088381218097,3.431534686775,3.774688155452,4.11784162413,
    4.460995092807,4.804148561484,5.147302030162,5.490455498839,
    5.833608967517,6.176762436194,6.519915904872,6.863069373549,
    7.206222842227,7.549376310904,7.892529779582,8.235683248259,
    8.578836716937,8.921990185614,9.265143654292,9.608297122969,
    9.951450591646,10.294604060324,10.637757529001,10.980910997679,
    11.324064466356,11.667217935034,12.010371403711,12.353524872389,
    12.696678341066,13.039831809744,13.382985278421,13.726138747099,
    14.069292215776,14.412445684453,14.755599153131,15.098752621808,
    15.441906090486,15.785059559163,16.128213027841,16.471366496518,
    16.814519965196,17.157673433873,17.500826902551,17.843980371228,
    18.187133839906,18.530287308583,18.873440777261,19.216594245938,
    19.559747714615,19.902901183293,20.24605465197,20.589208120648,
    20.932361589325,21.275515058003,21.61866852668,21.961821995358,
    22.304975464035,22.648128932713,22.99128240139,23.334435870068,
    23.677589338745,24.020742807422,24.3638962761,24.707049744777,
    25.050203213455,25.393356682132,25.73651015081,26.079663619487,
    26.422817088165,26.765970556842,27.10912402552,27.452277494197,
    27.795430962875,28.138584431552,28.48173790023,28.824891368907,
    29.168044837584,29.511198306262,29.854351774939,30.197505243617),
  .QUASI_UNIFORM_KNOTS.);
#8259 = CARTESIAN_POINT('',(0.97837396636,0.104149005651));
#8260 = CARTESIAN_POINT('',(0.978169669984,0.104964797112));
#8261 = CARTESIAN_POINT('',(0.977745455634,0.106592829878));
#8262 = CARTESIAN_POINT('',(0.977065615352,0.109012418733));
#8263 = CARTESIAN_POINT('',(0.976345596234,0.111397527111));
#8264 = CARTESIAN_POINT('',(0.975588759615,0.113736871082));
#8265 = CARTESIAN_POINT('',(0.974798666239,0.116019037987));
#8266 = CARTESIAN_POINT('',(0.973978946412,0.11823307475));
#8267 = CARTESIAN_POINT('',(0.973133275511,0.12036852079));
#8268 = CARTESIAN_POINT('',(0.972265371966,0.122415421477));
#8269 = CARTESIAN_POINT('',(0.971378994013,0.124364341017));
#8270 = CARTESIAN_POINT('',(0.970477938177,0.126206375571));
#8271 = CARTESIAN_POINT('',(0.969566040391,0.127933164737));
#8272 = CARTESIAN_POINT('',(0.968647173576,0.129536909958));
#8273 = CARTESIAN_POINT('',(0.967725261286,0.131010375859));
#8274 = CARTESIAN_POINT('',(0.966804231155,0.132346969488));
#8275 = CARTESIAN_POINT('',(0.965888189768,0.133540548292));
#8276 = CARTESIAN_POINT('',(0.964980764938,0.134586264477));
#8277 = CARTESIAN_POINT('',(0.964085550274,0.135479716436));
#8278 = CARTESIAN_POINT('',(0.963206897081,0.136216380507));
#8279 = CARTESIAN_POINT('',(0.962348845727,0.136792881479));
#8280 = CARTESIAN_POINT('',(0.961515405508,0.137206603));
#8281 = CARTESIAN_POINT('',(0.960710476665,0.137455744249));
#8282 = CARTESIAN_POINT('',(0.959937867497,0.137539263362));
#8283 = CARTESIAN_POINT('',(0.959201284749,0.137456857702));
#8284 = CARTESIAN_POINT('',(0.958504329494,0.137208940843));
#8285 = CARTESIAN_POINT('',(0.957850489484,0.136796627015));
#8286 = CARTESIAN_POINT('',(0.957243130016,0.136221720047));
#8287 = CARTESIAN_POINT('',(0.956685482409,0.135486707446));
#8288 = CARTESIAN_POINT('',(0.95618063,0.134594759192));
#8289 = CARTESIAN_POINT('',(0.95573149135,0.133549731049));
#8290 = CARTESIAN_POINT('',(0.955340800436,0.132356171971));
#8291 = CARTESIAN_POINT('',(0.955011083651,0.131019335411));
#8292 = CARTESIAN_POINT('',(0.95474463317,0.129545193151));
#8293 = CARTESIAN_POINT('',(0.954543477456,0.127940454234));
#8294 = CARTESIAN_POINT('',(0.954409345207,0.126212576353));
#8295 = CARTESIAN_POINT('',(0.954343635948,0.124369813271));
#8296 = CARTESIAN_POINT('',(0.954347347682,0.122421131362));
#8297 = CARTESIAN_POINT('',(0.954421192974,0.120374194309));
#8298 = CARTESIAN_POINT('',(0.954565580289,0.118238788788));
#8299 = CARTESIAN_POINT('',(0.954780529604,0.116024821905));
#8300 = CARTESIAN_POINT('',(0.955065679884,0.113742732038));
#8301 = CARTESIAN_POINT('',(0.955420272026,0.111403350446));
#8302 = CARTESIAN_POINT('',(0.955843138901,0.109017912588));
#8303 = CARTESIAN_POINT('',(0.95633269766,0.106598005605));
#8304 = CARTESIAN_POINT('',(0.956886919112,0.10415562359));
#8305 = CARTESIAN_POINT('',(0.957503386879,0.101702841907));
#8306 = CARTESIAN_POINT('',(0.958179269501,9.925195419634E-02));
#8307 = CARTESIAN_POINT('',(0.958911271591,9.681557546947E-02));
#8308 = CARTESIAN_POINT('',(0.959695716321,9.440630361958E-02));
#8309 = CARTESIAN_POINT('',(0.960528538481,9.203675571123E-02));
#8310 = CARTESIAN_POINT('',(0.961405304672,8.971949721768E-02));
#8311 = CARTESIAN_POINT('',(0.962321229236,8.746699410457E-02));
#8312 = CARTESIAN_POINT('',(0.963271196342,8.529154876402E-02));
#8313 = CARTESIAN_POINT('',(0.964249779124,8.320524514198E-02));
#8314 = CARTESIAN_POINT('',(0.965251282721,8.1219840539E-02));
#8315 = CARTESIAN_POINT('',(0.966269876841,7.934651523506E-02));
#8316 = CARTESIAN_POINT('',(0.967299524907,7.759604410716E-02));
#8317 = CARTESIAN_POINT('',(0.968334018348,7.597868822551E-02));
#8318 = CARTESIAN_POINT('',(0.969367352289,7.45036281201E-02));
#8319 = CARTESIAN_POINT('',(0.970393814511,7.317909556586E-02));
#8320 = CARTESIAN_POINT('',(0.971406700538,7.201391784734E-02));
#8321 = CARTESIAN_POINT('',(0.972399746077,7.10153986393E-02));
#8322 = CARTESIAN_POINT('',(0.973366836028,7.018982321306E-02));
#8323 = CARTESIAN_POINT('',(0.974302140771,6.954230810214E-02));
#8324 = CARTESIAN_POINT('',(0.975200132062,6.907683105931E-02));
#8325 = CARTESIAN_POINT('',(0.976055625127,6.879621754565E-02));
#8326 = CARTESIAN_POINT('',(0.976863807545,6.870214385613E-02));
#8327 = CARTESIAN_POINT('',(0.977620265483,6.879514085426E-02));
#8328 = CARTESIAN_POINT('',(0.978321004512,6.907460260376E-02));
#8329 = CARTESIAN_POINT('',(0.978962465962,6.953879866085E-02));
#8330 = CARTESIAN_POINT('',(0.979541538856,7.018489016054E-02));
#8331 = CARTESIAN_POINT('',(0.980055567853,7.100894948132E-02));
#8332 = CARTESIAN_POINT('',(0.980502357607,7.200598295076E-02));
#8333 = CARTESIAN_POINT('',(0.980880174073,7.316995741769E-02));
#8334 = CARTESIAN_POINT('',(0.981187743371,7.449382621324E-02));
#8335 = CARTESIAN_POINT('',(0.981424248745,7.596956982189E-02));
#8336 = CARTESIAN_POINT('',(0.981589326599,7.75881927729E-02));
#8337 = CARTESIAN_POINT('',(0.981683061272,7.933989392508E-02));
#8338 = CARTESIAN_POINT('',(0.981705983078,8.121359881591E-02));
#8339 = CARTESIAN_POINT('',(0.981659056127,8.319888762382E-02));
#8340 = CARTESIAN_POINT('',(0.981543460852,8.528529729262E-02));
#8341 = CARTESIAN_POINT('',(0.981360708533,8.746081096849E-02));
#8342 = CARTESIAN_POINT('',(0.98111259892,8.971342628718E-02));
#8343 = CARTESIAN_POINT('',(0.980801191083,9.203082592504E-02));
#8344 = CARTESIAN_POINT('',(0.98042877585,9.440054996752E-02));
#8345 = CARTESIAN_POINT('',(0.979997851104,9.681002603786E-02));
#8346 = CARTESIAN_POINT('',(0.979511107757,9.924663329926E-02));
#8347 = CARTESIAN_POINT('',(0.978971394663,0.101697740081));
#8348 = CARTESIAN_POINT('',(0.978578319449,0.103333100528));
#8349 = CARTESIAN_POINT('',(0.97837396636,0.104149005651));
#8350 = ( GEOMETRIC_REPRESENTATION_CONTEXT(2) 
PARAMETRIC_REPRESENTATION_CONTEXT() REPRESENTATION_CONTEXT('2D SPACE',''
  ) );
#8351 = ORIENTED_EDGE('',*,*,#8005,.T.);
#8352 = ADVANCED_FACE('',(#8353),#8184,.F.);
#8353 = FACE_BOUND('',#8354,.F.);
#8354 = EDGE_LOOP('',(#8355));
#8355 = ORIENTED_EDGE('',*,*,#8028,.T.);
#8356 = ADVANCED_FACE('',(#8357),#7954,.T.);
#8357 = FACE_BOUND('',#8358,.T.);
#8358 = EDGE_LOOP('',(#8359,#8360,#8383,#8714));
#8359 = ORIENTED_EDGE('',*,*,#7933,.F.);
#8360 = ORIENTED_EDGE('',*,*,#8361,.F.);
#8361 = EDGE_CURVE('',#8362,#7934,#8364,.T.);
#8362 = VERTEX_POINT('',#8363);
#8363 = CARTESIAN_POINT('',(-25.53039685096,2.944055508026,
    -8.550373857949));
#8364 = SEAM_CURVE('',#8365,(#8369,#8376),.PCURVE_S1.);
#8365 = LINE('',#8366,#8367);
#8366 = CARTESIAN_POINT('',(-25.53039685096,2.944055508026,-14.3));
#8367 = VECTOR('',#8368,1.);
#8368 = DIRECTION('',(-0.,-0.,1.));
#8369 = PCURVE('',#7954,#8370);
#8370 = DEFINITIONAL_REPRESENTATION('',(#8371),#8375);
#8371 = LINE('',#8372,#8373);
#8372 = CARTESIAN_POINT('',(0.,0.));
#8373 = VECTOR('',#8374,1.);
#8374 = DIRECTION('',(0.,1.));
#8375 = ( GEOMETRIC_REPRESENTATION_CONTEXT(2) 
PARAMETRIC_REPRESENTATION_CONTEXT() REPRESENTATION_CONTEXT('2D SPACE',''
  ) );
#8376 = PCURVE('',#7954,#8377);
#8377 = DEFINITIONAL_REPRESENTATION('',(#8378),#8382);
#8378 = LINE('',#8379,#8380);
#8379 = CARTESIAN_POINT('',(6.28318530718,0.));
#8380 = VECTOR('',#8381,1.);
#8381 = DIRECTION('',(0.,1.));
#8382 = ( GEOMETRIC_REPRESENTATION_CONTEXT(2) 
PARAMETRIC_REPRESENTATION_CONTEXT() REPRESENTATION_CONTEXT('2D SPACE',''
  ) );
#8383 = ORIENTED_EDGE('',*,*,#8384,.T.);
#8384 = EDGE_CURVE('',#8362,#8362,#8385,.T.);
#8385 = SURFACE_CURVE('',#8386,(#8451,#8546),.PCURVE_S1.);
#8386 = B_SPLINE_CURVE_WITH_KNOTS('',8,(#8387,#8388,#8389,#8390,#8391,
    #8392,#8393,#8394,#8395,#8396,#8397,#8398,#8399,#8400,#8401,#8402,
    #8403,#8404,#8405,#8406,#8407,#8408,#8409,#8410,#8411,#8412,#8413,
    #8414,#8415,#8416,#8417,#8418,#8419,#8420,#8421,#8422,#8423,#8424,
    #8425,#8426,#8427,#8428,#8429,#8430,#8431,#8432,#8433,#8434,#8435,
    #8436,#8437,#8438,#8439,#8440,#8441,#8442,#8443,#8444,#8445,#8446,
    #8447,#8448,#8449,#8450),.UNSPECIFIED.,.T.,.F.,(9,7,7,7,6,7,7,7,7,9)
  ,(0.,0.199426747412,0.517950819587,1.,1.070914565665,1.335123150954,
    1.826209388039,1.932139489118,2.009176666273,2.141848844073),
  .UNSPECIFIED.);
#8387 = CARTESIAN_POINT('',(-25.53039685096,2.944055508026,
    -8.550373857949));
#8388 = CARTESIAN_POINT('',(-25.53039685096,2.987908900214,
    -8.55031478836));
#8389 = CARTESIAN_POINT('',(-25.53405994522,3.031765121996,
    -8.550243231496));
#8390 = CARTESIAN_POINT('',(-25.54138691454,3.075263918991,
    -8.550163707242));
#8391 = CARTESIAN_POINT('',(-25.55233542042,3.118048487492,
    -8.550083178084));
#8392 = CARTESIAN_POINT('',(-25.5668221778,3.159769453226,
    -8.550007716952));
#8393 = CARTESIAN_POINT('',(-25.584724483,3.200089089037,-8.549940780171
    ));
#8394 = CARTESIAN_POINT('',(-25.60588109675,3.238685771491,
    -8.549883085544));
#8395 = CARTESIAN_POINT('',(-25.6687628675,3.333672859834,-8.5497558488)
  );
#8396 = CARTESIAN_POINT('',(-25.71524285273,3.386949704447,
    -8.549700533355));
#8397 = CARTESIAN_POINT('',(-25.76872033733,3.433839020673,
    -8.549669326563));
#8398 = CARTESIAN_POINT('',(-25.8281513237,3.47328236667,-8.549658324797
    ));
#8399 = CARTESIAN_POINT('',(-25.89232475805,3.504433169424,
    -8.54965934123));
#8400 = CARTESIAN_POINT('',(-25.95989654562,3.526672281808,
    -8.549663938855));
#8401 = CARTESIAN_POINT('',(-26.02941935025,3.539633558388,
    -8.549667260872));
#8402 = CARTESIAN_POINT('',(-26.20529448402,3.548733200234,
    -8.549669673011));
#8403 = CARTESIAN_POINT('',(-26.3125163237,3.532833470213,
    -8.549664624484));
#8404 = CARTESIAN_POINT('',(-26.41568557186,3.495124439916,
    -8.549657355949));
#8405 = CARTESIAN_POINT('',(-26.50961498131,3.437000075798,
    -8.549636799386));
#8406 = CARTESIAN_POINT('',(-26.58985506469,3.361120086842,
    -8.549702572038));
#8407 = CARTESIAN_POINT('',(-26.65272662571,3.271121256749,
    -8.549798924424));
#8408 = CARTESIAN_POINT('',(-26.69559084361,3.171636127854,
    -8.549991244533));
#8409 = CARTESIAN_POINT('',(-26.7206928126,3.052655083275,-8.55020179371
    ));
#8410 = CARTESIAN_POINT('',(-26.7234587532,3.037300813953,
    -8.550228684128));
#8411 = CARTESIAN_POINT('',(-26.72576812878,3.021866712145,
    -8.550255220616));
#8412 = CARTESIAN_POINT('',(-26.72761828596,3.006368617454,
    -8.550281157086));
#8413 = CARTESIAN_POINT('',(-26.72900723386,2.990822438229,
    -8.550306243935));
#8414 = CARTESIAN_POINT('',(-26.72993364415,2.975244151565,
    -8.550330228041));
#8415 = CARTESIAN_POINT('',(-26.73212262961,2.901550898249,
    -8.550437056215));
#8416 = CARTESIAN_POINT('',(-26.72396708382,2.827845223668,
    -8.550508568324));
#8417 = CARTESIAN_POINT('',(-26.71110368981,2.770569178798,
    -8.550525961389));
#8418 = CARTESIAN_POINT('',(-26.69194001031,2.714958312323,
    -8.550506391964));
#8419 = CARTESIAN_POINT('',(-26.66673342299,2.661810534922,
    -8.550414901716));
#8420 = CARTESIAN_POINT('',(-26.6358566774,2.611876832545,
    -8.550289861821));
#8421 = CARTESIAN_POINT('',(-26.59979500435,2.565845896238,
    -8.550107395768));
#8422 = CARTESIAN_POINT('',(-26.48357827826,2.447134811536,
    -8.549529563932));
#8423 = CARTESIAN_POINT('',(-26.3919792519,2.385337621818,
    -8.549089859629));
#8424 = CARTESIAN_POINT('',(-26.28820251318,2.343097400605,
    -8.548815521963));
#8425 = CARTESIAN_POINT('',(-26.17728459933,2.323028498154,
    -8.548781796773));
#8426 = CARTESIAN_POINT('',(-26.06460571537,2.326212639928,
    -8.54875227248));
#8427 = CARTESIAN_POINT('',(-25.95565092089,2.352396909131,
    -8.548884121056));
#8428 = CARTESIAN_POINT('',(-25.85580636212,2.399752486788,
    -8.549208570852));
#8429 = CARTESIAN_POINT('',(-25.75090606003,2.478728168311,
    -8.549665805979));
#8430 = CARTESIAN_POINT('',(-25.73291539361,2.493566886468,
    -8.549750076865));
#8431 = CARTESIAN_POINT('',(-25.71558986849,2.509198855822,
    -8.549834968893));
#8432 = CARTESIAN_POINT('',(-25.69897017971,2.525589163437,
    -8.549918277326));
#8433 = CARTESIAN_POINT('',(-25.68309463243,2.542700597825,
    -8.549998114067));
#8434 = CARTESIAN_POINT('',(-25.6679991419,2.560493648955,
    -8.550072907654));
#8435 = CARTESIAN_POINT('',(-25.65371723347,2.578926508245,
    -8.550141403267));
#8436 = CARTESIAN_POINT('',(-25.6305079076,2.611793501251,
    -8.550247213372));
#8437 = CARTESIAN_POINT('',(-25.62118240279,2.625947156192,
    -8.550288151951));
#8438 = CARTESIAN_POINT('',(-25.61231542809,2.640399127911,
    -8.550325255042));
#8439 = CARTESIAN_POINT('',(-25.60391806986,2.655132067318,
    -8.550358353824));
#8440 = CARTESIAN_POINT('',(-25.59600060096,2.670128181718,
    -8.55038733407));
#8441 = CARTESIAN_POINT('',(-25.58857248075,2.68536923481,
    -8.550412136143));
#8442 = CARTESIAN_POINT('',(-25.58164235507,2.700836546687,
    -8.550432755002));
#8443 = CARTESIAN_POINT('',(-25.56415423303,2.743505272643,
    -8.550477630732));
#8444 = CARTESIAN_POINT('',(-25.55459047499,2.771114326296,
    -8.550493763519));
#8445 = CARTESIAN_POINT('',(-25.54656672476,2.799240566645,
    -8.550497860013));
#8446 = CARTESIAN_POINT('',(-25.54011517162,2.827783684832,
    -8.550490624584));
#8447 = CARTESIAN_POINT('',(-25.53526013553,2.856641222259,
    -8.550473146388));
#8448 = CARTESIAN_POINT('',(-25.53201795097,2.885709141542,
    -8.550446801245));
#8449 = CARTESIAN_POINT('',(-25.53039685096,2.914882397482,
    -8.55041315351));
#8450 = CARTESIAN_POINT('',(-25.53039685096,2.944055508026,
    -8.550373857949));
#8451 = PCURVE('',#7954,#8452);
#8452 = DEFINITIONAL_REPRESENTATION('',(#8453),#8545);
#8453 = B_SPLINE_CURVE_WITH_KNOTS('',3,(#8454,#8455,#8456,#8457,#8458,
    #8459,#8460,#8461,#8462,#8463,#8464,#8465,#8466,#8467,#8468,#8469,
    #8470,#8471,#8472,#8473,#8474,#8475,#8476,#8477,#8478,#8479,#8480,
    #8481,#8482,#8483,#8484,#8485,#8486,#8487,#8488,#8489,#8490,#8491,
    #8492,#8493,#8494,#8495,#8496,#8497,#8498,#8499,#8500,#8501,#8502,
    #8503,#8504,#8505,#8506,#8507,#8508,#8509,#8510,#8511,#8512,#8513,
    #8514,#8515,#8516,#8517,#8518,#8519,#8520,#8521,#8522,#8523,#8524,
    #8525,#8526,#8527,#8528,#8529,#8530,#8531,#8532,#8533,#8534,#8535,
    #8536,#8537,#8538,#8539,#8540,#8541,#8542,#8543,#8544),
  .UNSPECIFIED.,.F.,.F.,(4,1,1,1,1,1,1,1,1,1,1,1,1,1,1,1,1,1,1,1,1,1,1,1
    ,1,1,1,1,1,1,1,1,1,1,1,1,1,1,1,1,1,1,1,1,1,1,1,1,1,1,1,1,1,1,1,1,1,1
    ,1,1,1,1,1,1,1,1,1,1,1,1,1,1,1,1,1,1,1,1,1,1,1,1,1,1,1,1,1,1,4),(0.,
    2.433919140992E-02,4.867838281984E-02,7.301757422976E-02,
    9.735676563968E-02,0.12169595705,0.14603514846,0.170374339869,
    0.194713531279,0.219052722689,0.243391914099,0.267731105509,
    0.292070296919,0.316409488329,0.340748679739,0.365087871149,
    0.389427062559,0.413766253969,0.438105445379,0.462444636788,
    0.486783828198,0.511123019608,0.535462211018,0.559801402428,
    0.584140593838,0.608479785248,0.632818976658,0.657158168068,
    0.681497359478,0.705836550888,0.730175742298,0.754514933708,
    0.778854125117,0.803193316527,0.827532507937,0.851871699347,
    0.876210890757,0.900550082167,0.924889273577,0.949228464987,
    0.973567656397,0.997906847807,1.022246039217,1.046585230627,
    1.070924422037,1.095263613446,1.119602804856,1.143941996266,
    1.168281187676,1.192620379086,1.216959570496,1.241298761906,
    1.265637953316,1.289977144726,1.314316336136,1.338655527546,
    1.362994718956,1.387333910365,1.411673101775,1.436012293185,
    1.460351484595,1.484690676005,1.509029867415,1.533369058825,
    1.557708250235,1.582047441645,1.606386633055,1.630725824465,
    1.655065015875,1.679404207285,1.703743398694,1.728082590104,
    1.752421781514,1.776760972924,1.801100164334,1.825439355744,
    1.849778547154,1.874117738564,1.898456929974,1.922796121384,
    1.947135312794,1.971474504204,1.995813695613,2.020152887023,
    2.044492078433,2.068831269843,2.093170461253,2.117509652663,
    2.141848844073),.QUASI_UNIFORM_KNOTS.);
#8454 = CARTESIAN_POINT('',(0.,5.749626142051));
#8455 = CARTESIAN_POINT('',(2.378732367398E-02,5.749645343903));
#8456 = CARTESIAN_POINT('',(7.136281373945E-02,5.749687319421));
#8457 = CARTESIAN_POINT('',(0.142727845976,5.7497575488));
#8458 = CARTESIAN_POINT('',(0.214093526412,5.749831597256));
#8459 = CARTESIAN_POINT('',(0.285460168848,5.749906009689));
#8460 = CARTESIAN_POINT('',(0.356828414233,5.749977784084));
#8461 = CARTESIAN_POINT('',(0.428198809577,5.750044571157));
#8462 = CARTESIAN_POINT('',(0.49957182192,5.750104806889));
#8463 = CARTESIAN_POINT('',(0.57094541822,5.750157733374));
#8464 = CARTESIAN_POINT('',(0.642321707252,5.750203291902));
#8465 = CARTESIAN_POINT('',(0.71370964458,5.750241255691));
#8466 = CARTESIAN_POINT('',(0.785100358519,5.750271844323));
#8467 = CARTESIAN_POINT('',(0.85649229359,5.750295484514));
#8468 = CARTESIAN_POINT('',(0.927884242302,5.750312822035));
#8469 = CARTESIAN_POINT('',(0.999276540942,5.750324663));
#8470 = CARTESIAN_POINT('',(1.070670117731,5.750331927222));
#8471 = CARTESIAN_POINT('',(1.142066145319,5.750335594182));
#8472 = CARTESIAN_POINT('',(1.21346551397,5.750336649372));
#8473 = CARTESIAN_POINT('',(1.284868443983,5.750336032104));
#8474 = CARTESIAN_POINT('',(1.356273692474,5.750334585256));
#8475 = CARTESIAN_POINT('',(1.427679156619,5.750333016694));
#8476 = CARTESIAN_POINT('',(1.499077132391,5.750331845535));
#8477 = CARTESIAN_POINT('',(1.570469281914,5.750331443523));
#8478 = CARTESIAN_POINT('',(1.641908864283,5.750331905263));
#8479 = CARTESIAN_POINT('',(1.713362457093,5.750333033969));
#8480 = CARTESIAN_POINT('',(1.7848219555,5.750334556616));
#8481 = CARTESIAN_POINT('',(1.856277849013,5.750335980834));
#8482 = CARTESIAN_POINT('',(1.927725426322,5.750336616153));
#8483 = CARTESIAN_POINT('',(1.999162273335,5.750335604953));
#8484 = CARTESIAN_POINT('',(2.070588195171,5.750331982264));
#8485 = CARTESIAN_POINT('',(2.142004558256,5.750324741453));
#8486 = CARTESIAN_POINT('',(2.213413839213,5.750312898491));
#8487 = CARTESIAN_POINT('',(2.284819154158,5.750295547737));
#8488 = CARTESIAN_POINT('',(2.356223814842,5.750271906532));
#8489 = CARTESIAN_POINT('',(2.427630887517,5.750241349115));
#8490 = CARTESIAN_POINT('',(2.499042744051,5.750203433973));
#8491 = CARTESIAN_POINT('',(2.570460611698,5.750157932099));
#8492 = CARTESIAN_POINT('',(2.641884044523,5.750104867457));
#8493 = CARTESIAN_POINT('',(2.713310550881,5.7500445831));
#8494 = CARTESIAN_POINT('',(2.784734440839,5.749977855034));
#8495 = CARTESIAN_POINT('',(2.856148316987,5.749906059951));
#8496 = CARTESIAN_POINT('',(2.927534350721,5.7498314791));
#8497 = CARTESIAN_POINT('',(2.998893235855,5.749757552924));
#8498 = CARTESIAN_POINT('',(3.070258509195,5.749687344761));
#8499 = CARTESIAN_POINT('',(3.141620638666,5.749624362145));
#8500 = CARTESIAN_POINT('',(3.212988256378,5.749571918707));
#8501 = CARTESIAN_POINT('',(3.28435829125,5.749533643999));
#8502 = CARTESIAN_POINT('',(3.355728622193,5.749512353838));
#8503 = CARTESIAN_POINT('',(3.427098682927,5.749510610654));
#8504 = CARTESIAN_POINT('',(3.498468845138,5.749530497421));
#8505 = CARTESIAN_POINT('',(3.5698401193,5.749573325363));
#8506 = CARTESIAN_POINT('',(3.641213611398,5.74963947182));
#8507 = CARTESIAN_POINT('',(3.712590448441,5.749728427301));
#8508 = CARTESIAN_POINT('',(3.783969901876,5.749838972682));
#8509 = CARTESIAN_POINT('',(3.855354096768,5.749969005851));
#8510 = CARTESIAN_POINT('',(3.926728029621,5.750115150419));
#8511 = CARTESIAN_POINT('',(3.998135100316,5.750269044671));
#8512 = CARTESIAN_POINT('',(4.069573550128,5.750421822878));
#8513 = CARTESIAN_POINT('',(4.141024336053,5.750567073753));
#8514 = CARTESIAN_POINT('',(4.212478778191,5.750699947984));
#8515 = CARTESIAN_POINT('',(4.283930156583,5.750817226251));
#8516 = CARTESIAN_POINT('',(4.355375092501,5.750917001518));
#8517 = CARTESIAN_POINT('',(4.426812406698,5.750998390513));
#8518 = CARTESIAN_POINT('',(4.498242730044,5.751061210362));
#8519 = CARTESIAN_POINT('',(4.569667969768,5.751105677667));
#8520 = CARTESIAN_POINT('',(4.641090854992,5.751132147725));
#8521 = CARTESIAN_POINT('',(4.712514487206,5.751140915161));
#8522 = CARTESIAN_POINT('',(4.78394190188,5.751132089275));
#8523 = CARTESIAN_POINT('',(4.855375628969,5.751105552383));
#8524 = CARTESIAN_POINT('',(4.926817236165,5.751061004086));
#8525 = CARTESIAN_POINT('',(4.998266872508,5.750998087496));
#8526 = CARTESIAN_POINT('',(5.069722695333,5.750916593089));
#8527 = CARTESIAN_POINT('',(5.141180561904,5.750816710843));
#8528 = CARTESIAN_POINT('',(5.212632498424,5.750699368326));
#8529 = CARTESIAN_POINT('',(5.284069422471,5.750566416153));
#8530 = CARTESIAN_POINT('',(5.355467594253,5.750421426756));
#8531 = CARTESIAN_POINT('',(5.426835292423,5.750268097292));
#8532 = CARTESIAN_POINT('',(5.498207675385,5.750114547772));
#8533 = CARTESIAN_POINT('',(5.569575438039,5.749969277307));
#8534 = CARTESIAN_POINT('',(5.640942291982,5.749838758721));
#8535 = CARTESIAN_POINT('',(5.712306742608,5.74972830209));
#8536 = CARTESIAN_POINT('',(5.783669434312,5.749639310335));
#8537 = CARTESIAN_POINT('',(5.855030686518,5.749573242488));
#8538 = CARTESIAN_POINT('',(5.926390805987,5.749530498123));
#8539 = CARTESIAN_POINT('',(5.997750418184,5.749510624821));
#8540 = CARTESIAN_POINT('',(6.06910922869,5.749512351924));
#8541 = CARTESIAN_POINT('',(6.140467687801,5.749533673896));
#8542 = CARTESIAN_POINT('',(6.211826382002,5.74957203756));
#8543 = CARTESIAN_POINT('',(6.259398964599,5.749606890244));
#8544 = CARTESIAN_POINT('',(6.28318530718,5.749626142051));
#8545 = ( GEOMETRIC_REPRESENTATION_CONTEXT(2) 
PARAMETRIC_REPRESENTATION_CONTEXT() REPRESENTATION_CONTEXT('2D SPACE',''
  ) );
#8546 = PCURVE('',#8547,#8620);
#8547 = ( BOUNDED_SURFACE() B_SPLINE_SURFACE(1,3,(
    (#8548,#8549,#8550,#8551,#8552,#8553,#8554,#8555,#8556,#8557,#8558
      ,#8559,#8560,#8561,#8562,#8563,#8564,#8565,#8566,#8567,#8568,#8569
      ,#8570,#8571,#8572,#8573,#8574,#8575,#8576,#8577,#8578,#8579,#8580
      ,#8581,#8582,#8583)
    ,(#8584,#8585,#8586,#8587,#8588,#8589,#8590,#8591,#8592,#8593,#8594
      ,#8595,#8596,#8597,#8598,#8599,#8600,#8601,#8602,#8603,#8604,#8605
      ,#8606,#8607,#8608,#8609,#8610,#8611,#8612,#8613,#8614,#8615,#8616
      ,#8617,#8618,#8619
)),.UNSPECIFIED.,.F.,.F.,.F.) B_SPLINE_SURFACE_WITH_KNOTS((2,2),(4,1,1,1
    ,1,1,1,1,1,1,1,1,1,1,1,1,1,1,1,1,1,1,1,1,1,1,1,1,1,1,1,1,1,4),(0.,1.
    ),(0.,4.226054182415E-02,8.084072807768E-02,0.116760893815,
    0.150672743191,0.183026021368,0.214167554491,0.244371019147,
    0.273857551356,0.302807808399,0.331362985528,0.35962878334,
    0.387693476243,0.415630464063,0.44350366522,0.471560213615,
    0.500018534498,0.528889141757,0.558153094801,0.587767953074,
    0.617673121193,0.647794588349,0.678049152399,0.708348261133,
    0.738765178533,0.770855167217,0.80460388084,0.83920044304,
    0.873702141244,0.907179956746,0.938871006772,0.9684251051,
0.996257998802,1.),.UNSPECIFIED.) GEOMETRIC_REPRESENTATION_ITEM() 
RATIONAL_B_SPLINE_SURFACE((
    (1.,0.999999999894,1.000000000045,0.999999999989,1.000000000003
      ,0.999999999999,1.,1.,1.,1.,1.,1.,1.,1.,1.,1.,1.,1.,1.,1.,1.,1.,1.
      ,1.,1.,1.,1.,1.,1.,1.,1.,0.999999999999,1.000000000003
      ,0.999999999994,1.000000000002,1.)
    ,(1.,0.999999999894,1.000000000045,0.999999999989,1.000000000003
      ,0.999999999999,1.,1.,1.,1.,1.,1.,1.,1.,1.,1.,1.,1.,1.,1.,1.,1.,1.
      ,1.,1.,1.,1.,1.,1.,1.,1.,0.999999999999,1.000000000003
,0.999999999994,1.000000000002,1.
  ))) REPRESENTATION_ITEM('') SURFACE() );
#8548 = CARTESIAN_POINT('',(-26.23127031101,1.3,-8.55));
#8549 = CARTESIAN_POINT('',(-26.48517870371,1.496809190582,
    -8.565066766367));
#8550 = CARTESIAN_POINT('',(-26.9549605655,1.893835106052,
    -8.543644221511));
#8551 = CARTESIAN_POINT('',(-27.58248877665,2.522459104255,
    -8.551448718985));
#8552 = CARTESIAN_POINT('',(-28.11842112312,3.149130970453,
    -8.54986911169));
#8553 = CARTESIAN_POINT('',(-28.57947210985,3.774738193821,
    -8.549265947675));
#8554 = CARTESIAN_POINT('',(-28.97693671543,4.399868170264,
    -8.552862630469));
#8555 = CARTESIAN_POINT('',(-29.31923434369,5.024585964944,
    -8.530717910841));
#8556 = CARTESIAN_POINT('',(-29.61112218507,5.648984866434,
    -8.484175140551));
#8557 = CARTESIAN_POINT('',(-29.85678345039,6.273111219501,
    -8.416817089838));
#8558 = CARTESIAN_POINT('',(-30.05982987364,6.896905366274,
    -8.331641295583));
#8559 = CARTESIAN_POINT('',(-30.22322500684,7.52035509086,-8.23183406403
    ));
#8560 = CARTESIAN_POINT('',(-30.34842516195,8.143642064795,
    -8.120309447509));
#8561 = CARTESIAN_POINT('',(-30.43641877256,8.766860152114,
    -8.000681065055));
#8562 = CARTESIAN_POINT('',(-30.48985470068,9.389669989179,
    -7.874081506692));
#8563 = CARTESIAN_POINT('',(-30.50273443083,10.015006049248,
    -7.75049744242));
#8564 = CARTESIAN_POINT('',(-30.49925407044,10.639903406768,
    -7.60536395061));
#8565 = CARTESIAN_POINT('',(-30.50020434463,11.262074951454,
    -7.420001363144));
#8566 = CARTESIAN_POINT('',(-30.49994422861,11.884217289856,
    -7.205235134337));
#8567 = CARTESIAN_POINT('',(-30.50001535201,12.506048110319,
    -6.964102855032));
#8568 = CARTESIAN_POINT('',(-30.499995949,13.127721141906,
    -6.701805547255));
#8569 = CARTESIAN_POINT('',(-30.50000122516,13.749303560528,
    -6.423024401228));
#8570 = CARTESIAN_POINT('',(-30.49999979798,14.370684127348,
    -6.13224372859));
#8571 = CARTESIAN_POINT('',(-30.50000017423,14.992496802281,
    -5.835239438233));
#8572 = CARTESIAN_POINT('',(-30.50000010609,15.613632832785,
    -5.532232258406));
#8573 = CARTESIAN_POINT('',(-30.49999999864,16.255069687578,
    -5.237063779284));
#8574 = CARTESIAN_POINT('',(-30.50000053373,16.874436326679,
    -4.844574430879));
#8575 = CARTESIAN_POINT('',(-30.49999836611,17.488814544244,
    -4.391665959935));
#8576 = CARTESIAN_POINT('',(-30.50000673408,18.102651487775,
    -3.907822129893));
#8577 = CARTESIAN_POINT('',(-30.49997574917,18.716554274226,
    -3.427461397618));
#8578 = CARTESIAN_POINT('',(-30.50008600696,19.331121227202,
    -2.984162467601));
#8579 = CARTESIAN_POINT('',(-30.49970674331,19.948598973692,
    -2.611411122974));
#8580 = CARTESIAN_POINT('',(-30.46975737052,20.572889463245,
    -2.343148847576));
#8581 = CARTESIAN_POINT('',(-30.42864159107,21.033261702399,
    -2.254858937566));
#8582 = CARTESIAN_POINT('',(-30.4015011415,21.271787466535,
    -2.249989969724));
#8583 = CARTESIAN_POINT('',(-30.39817085033,21.3,-2.25));
#8584 = CARTESIAN_POINT('',(26.231270311019,1.3,-8.55));
#8585 = CARTESIAN_POINT('',(26.485178705279,1.496809190582,
    -8.565066766367));
#8586 = CARTESIAN_POINT('',(26.954960564845,1.893835106052,
    -8.543644221511));
#8587 = CARTESIAN_POINT('',(27.582488776812,2.522459104255,
    -8.551448718985));
#8588 = CARTESIAN_POINT('',(28.118421123087,3.149130970453,
    -8.54986911169));
#8589 = CARTESIAN_POINT('',(28.579472109868,3.774738193821,
    -8.549265947675));
#8590 = CARTESIAN_POINT('',(28.976936715429,4.399868170264,
    -8.552862630469));
#8591 = CARTESIAN_POINT('',(29.319234343695,5.024585964944,
    -8.530717910841));
#8592 = CARTESIAN_POINT('',(29.611122185074,5.648984866434,
    -8.484175140551));
#8593 = CARTESIAN_POINT('',(29.856783450391,6.273111219501,
    -8.416817089838));
#8594 = CARTESIAN_POINT('',(30.059829873644,6.896905366274,
    -8.331641295583));
#8595 = CARTESIAN_POINT('',(30.223225006849,7.52035509086,-8.23183406403
    ));
#8596 = CARTESIAN_POINT('',(30.348425161958,8.143642064795,
    -8.120309447509));
#8597 = CARTESIAN_POINT('',(30.436418772569,8.766860152114,
    -8.000681065055));
#8598 = CARTESIAN_POINT('',(30.489854700685,9.389669989179,
    -7.874081506692));
#8599 = CARTESIAN_POINT('',(30.502734430831,10.015006049248,
    -7.75049744242));
#8600 = CARTESIAN_POINT('',(30.499254070441,10.639903406768,
    -7.60536395061));
#8601 = CARTESIAN_POINT('',(30.50020434463,11.262074951454,
    -7.420001363144));
#8602 = CARTESIAN_POINT('',(30.499944228614,11.884217289856,
    -7.205235134337));
#8603 = CARTESIAN_POINT('',(30.50001535201,12.506048110319,
    -6.964102855032));
#8604 = CARTESIAN_POINT('',(30.499995949006,13.127721141906,
    -6.701805547255));
#8605 = CARTESIAN_POINT('',(30.500001225169,13.749303560528,
    -6.423024401228));
#8606 = CARTESIAN_POINT('',(30.499999797982,14.370684127348,
    -6.13224372859));
#8607 = CARTESIAN_POINT('',(30.50000017423,14.992496802281,
    -5.835239438233));
#8608 = CARTESIAN_POINT('',(30.500000106092,15.613632832785,
    -5.532232258406));
#8609 = CARTESIAN_POINT('',(30.499999998646,16.255069687578,
    -5.237063779284));
#8610 = CARTESIAN_POINT('',(30.500000533731,16.874436326679,
    -4.844574430879));
#8611 = CARTESIAN_POINT('',(30.499998366111,17.488814544244,
    -4.391665959935));
#8612 = CARTESIAN_POINT('',(30.500006734083,18.102651487775,
    -3.907822129893));
#8613 = CARTESIAN_POINT('',(30.499975749176,18.716554274226,
    -3.427461397618));
#8614 = CARTESIAN_POINT('',(30.500086006972,19.331121227202,
    -2.984162467601));
#8615 = CARTESIAN_POINT('',(30.499706743305,19.948598973692,
    -2.611411122974));
#8616 = CARTESIAN_POINT('',(30.469757370542,20.572889463245,
    -2.343148847576));
#8617 = CARTESIAN_POINT('',(30.428641591023,21.033261702399,
    -2.254858937566));
#8618 = CARTESIAN_POINT('',(30.401501141522,21.271787466535,
    -2.249989969724));
#8619 = CARTESIAN_POINT('',(30.398170850339,21.3,-2.25));
#8620 = DEFINITIONAL_REPRESENTATION('',(#8621),#8713);
#8621 = B_SPLINE_CURVE_WITH_KNOTS('',3,(#8622,#8623,#8624,#8625,#8626,
    #8627,#8628,#8629,#8630,#8631,#8632,#8633,#8634,#8635,#8636,#8637,
    #8638,#8639,#8640,#8641,#8642,#8643,#8644,#8645,#8646,#8647,#8648,
    #8649,#8650,#8651,#8652,#8653,#8654,#8655,#8656,#8657,#8658,#8659,
    #8660,#8661,#8662,#8663,#8664,#8665,#8666,#8667,#8668,#8669,#8670,
    #8671,#8672,#8673,#8674,#8675,#8676,#8677,#8678,#8679,#8680,#8681,
    #8682,#8683,#8684,#8685,#8686,#8687,#8688,#8689,#8690,#8691,#8692,
    #8693,#8694,#8695,#8696,#8697,#8698,#8699,#8700,#8701,#8702,#8703,
    #8704,#8705,#8706,#8707,#8708,#8709,#8710,#8711,#8712),
  .UNSPECIFIED.,.T.,.F.,(4,1,1,1,1,1,1,1,1,1,1,1,1,1,1,1,1,1,1,1,1,1,1,1
    ,1,1,1,1,1,1,1,1,1,1,1,1,1,1,1,1,1,1,1,1,1,1,1,1,1,1,1,1,1,1,1,1,1,1
    ,1,1,1,1,1,1,1,1,1,1,1,1,1,1,1,1,1,1,1,1,1,1,1,1,1,1,1,1,1,1,4),(0.,
    2.433919140992E-02,4.867838281984E-02,7.301757422976E-02,
    9.735676563968E-02,0.12169595705,0.14603514846,0.170374339869,
    0.194713531279,0.219052722689,0.243391914099,0.267731105509,
    0.292070296919,0.316409488329,0.340748679739,0.365087871149,
    0.389427062559,0.413766253969,0.438105445379,0.462444636788,
    0.486783828198,0.511123019608,0.535462211018,0.559801402428,
    0.584140593838,0.608479785248,0.632818976658,0.657158168068,
    0.681497359478,0.705836550888,0.730175742298,0.754514933708,
    0.778854125117,0.803193316527,0.827532507937,0.851871699347,
    0.876210890757,0.900550082167,0.924889273577,0.949228464987,
    0.973567656397,0.997906847807,1.022246039217,1.046585230627,
    1.070924422037,1.095263613446,1.119602804856,1.143941996266,
    1.168281187676,1.192620379086,1.216959570496,1.241298761906,
    1.265637953316,1.289977144726,1.314316336136,1.338655527546,
    1.362994718956,1.387333910365,1.411673101775,1.436012293185,
    1.460351484595,1.484690676005,1.509029867415,1.533369058825,
    1.557708250235,1.582047441645,1.606386633055,1.630725824465,
    1.655065015875,1.679404207285,1.703743398694,1.728082590104,
    1.752421781514,1.776760972924,1.801100164334,1.825439355744,
    1.849778547154,1.874117738564,1.898456929974,1.922796121384,
    1.947135312794,1.971474504204,1.995813695613,2.020152887023,
    2.044492078433,2.068831269843,2.093170461253,2.117509652663,
    2.141848844073),.QUASI_UNIFORM_KNOTS.);
#8622 = CARTESIAN_POINT('',(4.310153820536E-02,0.104149005651));
#8623 = CARTESIAN_POINT('',(4.329673856735E-02,0.104964931303));
#8624 = CARTESIAN_POINT('',(4.366627301447E-02,0.106593272277));
#8625 = CARTESIAN_POINT('',(4.415600037824E-02,0.109013354291));
#8626 = CARTESIAN_POINT('',(4.457900851613E-02,0.1113989782));
#8627 = CARTESIAN_POINT('',(4.493374555855E-02,0.113738571036));
#8628 = CARTESIAN_POINT('',(4.521903435234E-02,0.116020892865));
#8629 = CARTESIAN_POINT('',(4.54341163052E-02,0.118235097159));
#8630 = CARTESIAN_POINT('',(4.557862800829E-02,0.120370762141));
#8631 = CARTESIAN_POINT('',(4.565259146573E-02,0.122417859492));
#8632 = CARTESIAN_POINT('',(4.565641040237E-02,0.124366984626));
#8633 = CARTESIAN_POINT('',(4.559082026578E-02,0.126209409629));
#8634 = CARTESIAN_POINT('',(4.545690362859E-02,0.12793648399));
#8635 = CARTESIAN_POINT('',(4.525607848683E-02,0.129540359881));
#8636 = CARTESIAN_POINT('',(4.499006488073E-02,0.13101380581));
#8637 = CARTESIAN_POINT('',(4.466086076172E-02,0.132350252376));
#8638 = CARTESIAN_POINT('',(4.427071898313E-02,0.133543778756));
#8639 = CARTESIAN_POINT('',(4.382212734837E-02,0.134589118788));
#8640 = CARTESIAN_POINT('',(4.331779132524E-02,0.135481666057));
#8641 = CARTESIAN_POINT('',(4.276061825892E-02,0.136217484958));
#8642 = CARTESIAN_POINT('',(4.215370736275E-02,0.136793323809));
#8643 = CARTESIAN_POINT('',(4.150032880211E-02,0.137206642145));
#8644 = CARTESIAN_POINT('',(4.080395367006E-02,0.137455611121));
#8645 = CARTESIAN_POINT('',(4.006810377792E-02,0.137539242705));
#8646 = CARTESIAN_POINT('',(3.929581450578E-02,0.137457068532));
#8647 = CARTESIAN_POINT('',(3.849111024375E-02,0.137209234973));
#8648 = CARTESIAN_POINT('',(3.765786658012E-02,0.136796805255));
#8649 = CARTESIAN_POINT('',(3.680004315564E-02,0.136221620471));
#8650 = CARTESIAN_POINT('',(3.592159943815E-02,0.135486278028));
#8651 = CARTESIAN_POINT('',(3.502650081111E-02,0.134594087561));
#8652 = CARTESIAN_POINT('',(3.411870505172E-02,0.133549041295));
#8653 = CARTESIAN_POINT('',(3.32021579233E-02,0.132355788373));
#8654 = CARTESIAN_POINT('',(3.228078948343E-02,0.131019615357));
#8655 = CARTESIAN_POINT('',(3.135851267552E-02,0.129546431624));
#8656 = CARTESIAN_POINT('',(3.043922311667E-02,0.127942759267));
#8657 = CARTESIAN_POINT('',(2.95267996928E-02,0.126215726744));
#8658 = CARTESIAN_POINT('',(2.862510543435E-02,0.124373065691));
#8659 = CARTESIAN_POINT('',(2.773798795134E-02,0.1224231095));
#8660 = CARTESIAN_POINT('',(2.686927952371E-02,0.120374794855));
#8661 = CARTESIAN_POINT('',(2.602279371805E-02,0.118237657219));
#8662 = CARTESIAN_POINT('',(2.520232728162E-02,0.116021848804));
#8663 = CARTESIAN_POINT('',(2.44116315995E-02,0.113738066919));
#8664 = CARTESIAN_POINT('',(2.365448855588E-02,0.111397812246));
#8665 = CARTESIAN_POINT('',(2.293437652216E-02,0.109012392529));
#8666 = CARTESIAN_POINT('',(2.225439227797E-02,0.106592305325));
#8667 = CARTESIAN_POINT('',(2.16179918669E-02,0.104149775923));
#8668 = CARTESIAN_POINT('',(2.102835258034E-02,0.101696677323));
#8669 = CARTESIAN_POINT('',(2.048865157359E-02,9.924548732417E-02));
#8670 = CARTESIAN_POINT('',(2.000191575868E-02,9.680880619755E-02));
#8671 = CARTESIAN_POINT('',(1.957100786188E-02,9.439926982649E-02));
#8672 = CARTESIAN_POINT('',(1.919861584632E-02,9.202950862796E-02));
#8673 = CARTESIAN_POINT('',(1.888723745391E-02,8.971209305679E-02));
#8674 = CARTESIAN_POINT('',(1.863916150797E-02,8.745948302394E-02));
#8675 = CARTESIAN_POINT('',(1.845644585036E-02,8.52839605283E-02));
#8676 = CARTESIAN_POINT('',(1.834088943699E-02,8.319760101176E-02));
#8677 = CARTESIAN_POINT('',(1.829400791444E-02,8.121207315946E-02));
#8678 = CARTESIAN_POINT('',(1.83169780147E-02,7.933904544685E-02));
#8679 = CARTESIAN_POINT('',(1.841068310559E-02,7.758819975116E-02));
#8680 = CARTESIAN_POINT('',(1.857570487928E-02,7.596997565595E-02));
#8681 = CARTESIAN_POINT('',(1.881213838045E-02,7.449446326096E-02));
#8682 = CARTESIAN_POINT('',(1.911963222583E-02,7.317067453887E-02));
#8683 = CARTESIAN_POINT('',(1.949737373108E-02,7.200669554979E-02));
#8684 = CARTESIAN_POINT('',(1.994408914933E-02,7.100960529892E-02));
#8685 = CARTESIAN_POINT('',(2.045804111494E-02,7.018546004704E-02));
#8686 = CARTESIAN_POINT('',(2.103702895756E-02,6.953926333025E-02));
#8687 = CARTESIAN_POINT('',(2.167839118245E-02,6.907494341785E-02));
#8688 = CARTESIAN_POINT('',(2.23790110472E-02,6.879533275782E-02));
#8689 = CARTESIAN_POINT('',(2.313532564186E-02,6.870215122755E-02));
#8690 = CARTESIAN_POINT('',(2.394333890902E-02,6.879599300341E-02));
#8691 = CARTESIAN_POINT('',(2.479863895493E-02,6.907631738557E-02));
#8692 = CARTESIAN_POINT('',(2.56964197786E-02,6.95414435043E-02));
#8693 = CARTESIAN_POINT('',(2.663150797104E-02,7.018854956496E-02));
#8694 = CARTESIAN_POINT('',(2.759839289929E-02,7.101367434889E-02));
#8695 = CARTESIAN_POINT('',(2.859126607937E-02,7.201172928524E-02));
#8696 = CARTESIAN_POINT('',(2.960404823088E-02,7.317648955244E-02));
#8697 = CARTESIAN_POINT('',(3.063048373704E-02,7.450068114752E-02));
#8698 = CARTESIAN_POINT('',(3.166400418114E-02,7.597572654276E-02));
#8699 = CARTESIAN_POINT('',(3.269847336692E-02,7.759278019623E-02));
#8700 = CARTESIAN_POINT('',(3.37281713684E-02,7.934306084625E-02));
#8701 = CARTESIAN_POINT('',(3.474680080946E-02,8.121617922067E-02));
#8702 = CARTESIAN_POINT('',(3.574837151317E-02,8.320144229596E-02));
#8703 = CARTESIAN_POINT('',(3.672698381992E-02,8.528752923592E-02));
#8704 = CARTESIAN_POINT('',(3.76769819341E-02,8.746275073944E-02));
#8705 = CARTESIAN_POINT('',(3.859295882518E-02,8.971507193962E-02));
#8706 = CARTESIAN_POINT('',(3.946979821812E-02,9.203219652314E-02));
#8707 = CARTESIAN_POINT('',(4.030271110027E-02,9.440165671245E-02));
#8708 = CARTESIAN_POINT('',(4.108724608354E-02,9.681084312042E-02));
#8709 = CARTESIAN_POINT('',(4.181934572763E-02,9.924713578228E-02));
#8710 = CARTESIAN_POINT('',(4.249530449645E-02,0.101697933412));
#8711 = CARTESIAN_POINT('',(4.290641594949E-02,0.1033331474));
#8712 = CARTESIAN_POINT('',(4.310153820536E-02,0.104149005651));
#8713 = ( GEOMETRIC_REPRESENTATION_CONTEXT(2) 
PARAMETRIC_REPRESENTATION_CONTEXT() REPRESENTATION_CONTEXT('2D SPACE',''
  ) );
#8714 = ORIENTED_EDGE('',*,*,#8361,.T.);
#8715 = ADVANCED_FACE('',(#8716),#8547,.F.);
#8716 = FACE_BOUND('',#8717,.F.);
#8717 = EDGE_LOOP('',(#8718));
#8718 = ORIENTED_EDGE('',*,*,#8384,.T.);
#8719 = ADVANCED_FACE('',(#8720),#7776,.F.);
#8720 = FACE_BOUND('',#8721,.F.);
#8721 = EDGE_LOOP('',(#8722,#8723,#8744,#8838));
#8722 = ORIENTED_EDGE('',*,*,#7761,.T.);
#8723 = ORIENTED_EDGE('',*,*,#8724,.F.);
#8724 = EDGE_CURVE('',#8725,#7762,#8727,.T.);
#8725 = VERTEX_POINT('',#8726);
#8726 = CARTESIAN_POINT('',(-26.23127031101,1.3,-6.1));
#8727 = SURFACE_CURVE('',#8728,(#8731,#8737),.PCURVE_S1.);
#8728 = B_SPLINE_CURVE_WITH_KNOTS('',1,(#8729,#8730),.UNSPECIFIED.,.F.,
  .F.,(2,2),(3.,4.),.PIECEWISE_BEZIER_KNOTS.);
#8729 = CARTESIAN_POINT('',(-26.23127031101,1.3,-6.1));
#8730 = CARTESIAN_POINT('',(-26.23127031101,1.3,-8.55));
#8731 = PCURVE('',#7776,#8732);
#8732 = DEFINITIONAL_REPRESENTATION('',(#8733),#8736);
#8733 = B_SPLINE_CURVE_WITH_KNOTS('',1,(#8734,#8735),.UNSPECIFIED.,.F.,
  .F.,(2,2),(3.,4.),.PIECEWISE_BEZIER_KNOTS.);
#8734 = CARTESIAN_POINT('',(0.114290410318,-2.447332773063));
#8735 = CARTESIAN_POINT('',(0.,0.));
#8736 = ( GEOMETRIC_REPRESENTATION_CONTEXT(2) 
PARAMETRIC_REPRESENTATION_CONTEXT() REPRESENTATION_CONTEXT('2D SPACE',''
  ) );
#8737 = PCURVE('',#145,#8738);
#8738 = DEFINITIONAL_REPRESENTATION('',(#8739),#8743);
#8739 = LINE('',#8740,#8741);
#8740 = CARTESIAN_POINT('',(0.,0.));
#8741 = VECTOR('',#8742,1.);
#8742 = DIRECTION('',(1.,0.));
#8743 = ( GEOMETRIC_REPRESENTATION_CONTEXT(2) 
PARAMETRIC_REPRESENTATION_CONTEXT() REPRESENTATION_CONTEXT('2D SPACE',''
  ) );
#8744 = ORIENTED_EDGE('',*,*,#8745,.F.);
#8745 = EDGE_CURVE('',#8746,#8725,#8748,.T.);
#8746 = VERTEX_POINT('',#8747);
#8747 = CARTESIAN_POINT('',(26.231270311019,1.3,-6.1));
#8748 = SURFACE_CURVE('',#8749,(#8752,#8758),.PCURVE_S1.);
#8749 = B_SPLINE_CURVE_WITH_KNOTS('',1,(#8750,#8751),.UNSPECIFIED.,.F.,
  .F.,(2,2),(2.,3.),.PIECEWISE_BEZIER_KNOTS.);
#8750 = CARTESIAN_POINT('',(26.231270311019,1.3,-6.1));
#8751 = CARTESIAN_POINT('',(-26.23127031101,1.3,-6.1));
#8752 = PCURVE('',#7776,#8753);
#8753 = DEFINITIONAL_REPRESENTATION('',(#8754),#8757);
#8754 = B_SPLINE_CURVE_WITH_KNOTS('',1,(#8755,#8756),.UNSPECIFIED.,.F.,
  .F.,(2,2),(2.,3.),.PIECEWISE_BEZIER_KNOTS.);
#8755 = CARTESIAN_POINT('',(52.519716950103,-8.881784197001E-16));
#8756 = CARTESIAN_POINT('',(0.114290410318,-2.447332773063));
#8757 = ( GEOMETRIC_REPRESENTATION_CONTEXT(2) 
PARAMETRIC_REPRESENTATION_CONTEXT() REPRESENTATION_CONTEXT('2D SPACE',''
  ) );
#8758 = PCURVE('',#8759,#8832);
#8759 = ( BOUNDED_SURFACE() B_SPLINE_SURFACE(1,3,(
    (#8760,#8761,#8762,#8763,#8764,#8765,#8766,#8767,#8768,#8769,#8770
      ,#8771,#8772,#8773,#8774,#8775,#8776,#8777,#8778,#8779,#8780,#8781
      ,#8782,#8783,#8784,#8785,#8786,#8787,#8788,#8789,#8790,#8791,#8792
      ,#8793,#8794,#8795)
    ,(#8796,#8797,#8798,#8799,#8800,#8801,#8802,#8803,#8804,#8805,#8806
      ,#8807,#8808,#8809,#8810,#8811,#8812,#8813,#8814,#8815,#8816,#8817
      ,#8818,#8819,#8820,#8821,#8822,#8823,#8824,#8825,#8826,#8827,#8828
      ,#8829,#8830,#8831
)),.UNSPECIFIED.,.F.,.F.,.F.) B_SPLINE_SURFACE_WITH_KNOTS((2,2),(4,1,1,1
    ,1,1,1,1,1,1,1,1,1,1,1,1,1,1,1,1,1,1,1,1,1,1,1,1,1,1,1,1,1,4),(2.,3.
    ),(0.,4.226054182415E-02,8.084072807768E-02,0.116760893815,
    0.150672743191,0.183026021368,0.214167554491,0.244371019147,
    0.273857551356,0.302807808399,0.331362985528,0.35962878334,
    0.387693476243,0.415630464063,0.44350366522,0.471560213615,
    0.500018534498,0.528889141757,0.558153094801,0.587767953074,
    0.617673121193,0.647794588349,0.678049152399,0.708348261133,
    0.738765178533,0.770855167217,0.80460388084,0.83920044304,
    0.873702141244,0.907179956746,0.938871006772,0.9684251051,
0.996257998802,1.),.UNSPECIFIED.) GEOMETRIC_REPRESENTATION_ITEM() 
RATIONAL_B_SPLINE_SURFACE((
    (1.,0.999999999894,1.000000000045,0.999999999989,1.000000000003
      ,0.999999999999,1.,1.,1.,1.,1.,1.,1.,1.,1.,1.,1.,1.,1.,1.,1.,1.,1.
      ,1.,1.,1.,1.,1.,1.,1.,1.,0.999999999999,1.000000000003
      ,0.999999999994,1.000000000002,1.)
    ,(1.,0.999999999894,1.000000000045,0.999999999989,1.000000000003
      ,0.999999999999,1.,1.,1.,1.,1.,1.,1.,1.,1.,1.,1.,1.,1.,1.,1.,1.,1.
      ,1.,1.,1.,1.,1.,1.,1.,1.,0.999999999999,1.000000000003
,0.999999999994,1.000000000002,1.
  ))) REPRESENTATION_ITEM('') SURFACE() );
#8760 = CARTESIAN_POINT('',(26.231270311019,1.3,-6.1));
#8761 = CARTESIAN_POINT('',(26.485178705279,1.496809190582,
    -6.115066766157));
#8762 = CARTESIAN_POINT('',(26.954960564845,1.893835106052,-6.0936442216
    ));
#8763 = CARTESIAN_POINT('',(27.582488776812,2.522459104255,
    -6.101448718964));
#8764 = CARTESIAN_POINT('',(28.118421123087,3.149130970453,
    -6.099869111695));
#8765 = CARTESIAN_POINT('',(28.579472109868,3.774738193821,
    -6.099265947674));
#8766 = CARTESIAN_POINT('',(28.976936715429,4.399868170264,
    -6.10286263047));
#8767 = CARTESIAN_POINT('',(29.319234343695,5.024585964944,
    -6.08071791084));
#8768 = CARTESIAN_POINT('',(29.611122185074,5.648984866434,
    -6.034175140551));
#8769 = CARTESIAN_POINT('',(29.856783450391,6.273111219501,
    -5.966817089838));
#8770 = CARTESIAN_POINT('',(30.059829873644,6.896905366274,
    -5.881641295583));
#8771 = CARTESIAN_POINT('',(30.223225006849,7.52035509086,-5.78183406403
    ));
#8772 = CARTESIAN_POINT('',(30.348425161958,8.143642064795,
    -5.670309447509));
#8773 = CARTESIAN_POINT('',(30.436418772569,8.766860152114,
    -5.550681065055));
#8774 = CARTESIAN_POINT('',(30.489854700685,9.389669989179,
    -5.424081506692));
#8775 = CARTESIAN_POINT('',(30.502734430831,10.015006049248,
    -5.30049744242));
#8776 = CARTESIAN_POINT('',(30.499254070441,10.639903406768,
    -5.15536395061));
#8777 = CARTESIAN_POINT('',(30.50020434463,11.262074951454,
    -4.970001363144));
#8778 = CARTESIAN_POINT('',(30.499944228614,11.884217289856,
    -4.755235134337));
#8779 = CARTESIAN_POINT('',(30.50001535201,12.506048110319,
    -4.514102855032));
#8780 = CARTESIAN_POINT('',(30.499995949006,13.127721141906,
    -4.251805547255));
#8781 = CARTESIAN_POINT('',(30.500001225169,13.749303560528,
    -3.973024401228));
#8782 = CARTESIAN_POINT('',(30.499999797982,14.370684127348,
    -3.68224372859));
#8783 = CARTESIAN_POINT('',(30.50000017423,14.992496802281,
    -3.385239438233));
#8784 = CARTESIAN_POINT('',(30.500000106092,15.613632832785,
    -3.082232258406));
#8785 = CARTESIAN_POINT('',(30.499999998646,16.255069687578,
    -2.787063779284));
#8786 = CARTESIAN_POINT('',(30.500000533731,16.874436326679,
    -2.394574430879));
#8787 = CARTESIAN_POINT('',(30.499998366111,17.488814544244,
    -1.941665959935));
#8788 = CARTESIAN_POINT('',(30.500006734083,18.102651487775,
    -1.457822129893));
#8789 = CARTESIAN_POINT('',(30.499975749176,18.716554274226,
    -0.977461397618));
#8790 = CARTESIAN_POINT('',(30.500086006972,19.331121227202,
    -0.534162467601));
#8791 = CARTESIAN_POINT('',(30.499706743305,19.948598973692,
    -0.161411122973));
#8792 = CARTESIAN_POINT('',(30.469757370542,20.572889463245,
    0.106851152423));
#8793 = CARTESIAN_POINT('',(30.428641591023,21.033261702399,
    0.195141062436));
#8794 = CARTESIAN_POINT('',(30.401501141522,21.271787466535,
    0.200010030276));
#8795 = CARTESIAN_POINT('',(30.398170850339,21.3,0.2));
#8796 = CARTESIAN_POINT('',(-26.23127031101,1.3,-6.1));
#8797 = CARTESIAN_POINT('',(-26.48517870371,1.496809190582,
    -6.115066766157));
#8798 = CARTESIAN_POINT('',(-26.9549605655,1.893835106052,-6.0936442216)
  );
#8799 = CARTESIAN_POINT('',(-27.58248877665,2.522459104255,
    -6.101448718964));
#8800 = CARTESIAN_POINT('',(-28.11842112312,3.149130970453,
    -6.099869111695));
#8801 = CARTESIAN_POINT('',(-28.57947210985,3.774738193821,
    -6.099265947674));
#8802 = CARTESIAN_POINT('',(-28.97693671543,4.399868170264,
    -6.10286263047));
#8803 = CARTESIAN_POINT('',(-29.31923434369,5.024585964944,
    -6.08071791084));
#8804 = CARTESIAN_POINT('',(-29.61112218507,5.648984866434,
    -6.034175140551));
#8805 = CARTESIAN_POINT('',(-29.85678345039,6.273111219501,
    -5.966817089838));
#8806 = CARTESIAN_POINT('',(-30.05982987364,6.896905366274,
    -5.881641295583));
#8807 = CARTESIAN_POINT('',(-30.22322500684,7.52035509086,-5.78183406403
    ));
#8808 = CARTESIAN_POINT('',(-30.34842516195,8.143642064795,
    -5.670309447509));
#8809 = CARTESIAN_POINT('',(-30.43641877256,8.766860152114,
    -5.550681065055));
#8810 = CARTESIAN_POINT('',(-30.48985470068,9.389669989179,
    -5.424081506692));
#8811 = CARTESIAN_POINT('',(-30.50273443083,10.015006049248,
    -5.30049744242));
#8812 = CARTESIAN_POINT('',(-30.49925407044,10.639903406768,
    -5.15536395061));
#8813 = CARTESIAN_POINT('',(-30.50020434463,11.262074951454,
    -4.970001363144));
#8814 = CARTESIAN_POINT('',(-30.49994422861,11.884217289856,
    -4.755235134337));
#8815 = CARTESIAN_POINT('',(-30.50001535201,12.506048110319,
    -4.514102855032));
#8816 = CARTESIAN_POINT('',(-30.499995949,13.127721141906,
    -4.251805547255));
#8817 = CARTESIAN_POINT('',(-30.50000122516,13.749303560528,
    -3.973024401228));
#8818 = CARTESIAN_POINT('',(-30.49999979798,14.370684127348,
    -3.68224372859));
#8819 = CARTESIAN_POINT('',(-30.50000017423,14.992496802281,
    -3.385239438233));
#8820 = CARTESIAN_POINT('',(-30.50000010609,15.613632832785,
    -3.082232258406));
#8821 = CARTESIAN_POINT('',(-30.49999999864,16.255069687578,
    -2.787063779284));
#8822 = CARTESIAN_POINT('',(-30.50000053373,16.874436326679,
    -2.394574430879));
#8823 = CARTESIAN_POINT('',(-30.49999836611,17.488814544244,
    -1.941665959935));
#8824 = CARTESIAN_POINT('',(-30.50000673408,18.102651487775,
    -1.457822129893));
#8825 = CARTESIAN_POINT('',(-30.49997574917,18.716554274226,
    -0.977461397618));
#8826 = CARTESIAN_POINT('',(-30.50008600696,19.331121227202,
    -0.534162467601));
#8827 = CARTESIAN_POINT('',(-30.49970674331,19.948598973692,
    -0.161411122973));
#8828 = CARTESIAN_POINT('',(-30.46975737052,20.572889463245,
    0.106851152423));
#8829 = CARTESIAN_POINT('',(-30.42864159107,21.033261702399,
    0.195141062436));
#8830 = CARTESIAN_POINT('',(-30.4015011415,21.271787466535,
    0.200010030276));
#8831 = CARTESIAN_POINT('',(-30.39817085033,21.3,0.2));
#8832 = DEFINITIONAL_REPRESENTATION('',(#8833),#8837);
#8833 = LINE('',#8834,#8835);
#8834 = CARTESIAN_POINT('',(0.,0.));
#8835 = VECTOR('',#8836,1.);
#8836 = DIRECTION('',(1.,0.));
#8837 = ( GEOMETRIC_REPRESENTATION_CONTEXT(2) 
PARAMETRIC_REPRESENTATION_CONTEXT() REPRESENTATION_CONTEXT('2D SPACE',''
  ) );
#8838 = ORIENTED_EDGE('',*,*,#8839,.F.);
#8839 = EDGE_CURVE('',#7616,#8746,#8840,.T.);
#8840 = SURFACE_CURVE('',#8841,(#8844,#8850),.PCURVE_S1.);
#8841 = B_SPLINE_CURVE_WITH_KNOTS('',1,(#8842,#8843),.UNSPECIFIED.,.F.,
  .F.,(2,2),(1.,2.),.PIECEWISE_BEZIER_KNOTS.);
#8842 = CARTESIAN_POINT('',(26.231270311019,1.3,-8.55));
#8843 = CARTESIAN_POINT('',(26.231270311019,1.3,-6.1));
#8844 = PCURVE('',#7776,#8845);
#8845 = DEFINITIONAL_REPRESENTATION('',(#8846),#8849);
#8846 = B_SPLINE_CURVE_WITH_KNOTS('',1,(#8847,#8848),.UNSPECIFIED.,.F.,
  .F.,(2,2),(1.,2.),.PIECEWISE_BEZIER_KNOTS.);
#8847 = CARTESIAN_POINT('',(52.405426539785,2.447332773063));
#8848 = CARTESIAN_POINT('',(52.519716950103,-8.881784197001E-16));
#8849 = ( GEOMETRIC_REPRESENTATION_CONTEXT(2) 
PARAMETRIC_REPRESENTATION_CONTEXT() REPRESENTATION_CONTEXT('2D SPACE',''
  ) );
#8850 = PCURVE('',#1736,#8851);
#8851 = DEFINITIONAL_REPRESENTATION('',(#8852),#8856);
#8852 = LINE('',#8853,#8854);
#8853 = CARTESIAN_POINT('',(0.,0.));
#8854 = VECTOR('',#8855,1.);
#8855 = DIRECTION('',(1.,0.));
#8856 = ( GEOMETRIC_REPRESENTATION_CONTEXT(2) 
PARAMETRIC_REPRESENTATION_CONTEXT() REPRESENTATION_CONTEXT('2D SPACE',''
  ) );
#8857 = ADVANCED_FACE('',(#8858),#8759,.F.);
#8858 = FACE_BOUND('',#8859,.F.);
#8859 = EDGE_LOOP('',(#8860,#8861,#8917,#8943));
#8860 = ORIENTED_EDGE('',*,*,#8745,.T.);
#8861 = ORIENTED_EDGE('',*,*,#8862,.T.);
#8862 = EDGE_CURVE('',#8725,#8863,#8865,.T.);
#8863 = VERTEX_POINT('',#8864);
#8864 = CARTESIAN_POINT('',(-30.39817085033,21.3,0.2));
#8865 = SURFACE_CURVE('',#8866,(#8903,#8910),.PCURVE_S1.);
#8866 = ( BOUNDED_CURVE() B_SPLINE_CURVE(3,(#8867,#8868,#8869,#8870,
    #8871,#8872,#8873,#8874,#8875,#8876,#8877,#8878,#8879,#8880,#8881,
    #8882,#8883,#8884,#8885,#8886,#8887,#8888,#8889,#8890,#8891,#8892,
    #8893,#8894,#8895,#8896,#8897,#8898,#8899,#8900,#8901,#8902),
.UNSPECIFIED.,.F.,.F.) B_SPLINE_CURVE_WITH_KNOTS((4,1,1,1,1,1,1,1,1,1,1,
    1,1,1,1,1,1,1,1,1,1,1,1,1,1,1,1,1,1,1,1,1,1,4),(0.,
    4.226054182415E-02,8.084072807768E-02,0.116760893815,0.150672743191,
    0.183026021368,0.214167554491,0.244371019147,0.273857551356,
    0.302807808399,0.331362985528,0.35962878334,0.387693476243,
    0.415630464063,0.44350366522,0.471560213615,0.500018534498,
    0.528889141757,0.558153094801,0.587767953074,0.617673121193,
    0.647794588349,0.678049152399,0.708348261133,0.738765178533,
    0.770855167217,0.80460388084,0.83920044304,0.873702141244,
    0.907179956746,0.938871006772,0.9684251051,0.996257998802,1.),
.UNSPECIFIED.) CURVE() GEOMETRIC_REPRESENTATION_ITEM() 
RATIONAL_B_SPLINE_CURVE((1.,0.999999999894,1.000000000045,0.999999999989
    ,1.000000000003,0.999999999999,1.,1.,1.,1.,1.,1.,1.,1.,1.,1.,1.,1.,
    1.,1.,1.,1.,1.,1.,1.,1.,1.,1.,1.,1.,1.,0.999999999999,1.000000000003
,0.999999999994,1.000000000002,1.)) REPRESENTATION_ITEM('') );
#8867 = CARTESIAN_POINT('',(-26.23127031101,1.3,-6.1));
#8868 = CARTESIAN_POINT('',(-26.48517870371,1.496809190582,
    -6.115066766157));
#8869 = CARTESIAN_POINT('',(-26.9549605655,1.893835106052,-6.0936442216)
  );
#8870 = CARTESIAN_POINT('',(-27.58248877665,2.522459104255,
    -6.101448718964));
#8871 = CARTESIAN_POINT('',(-28.11842112312,3.149130970453,
    -6.099869111695));
#8872 = CARTESIAN_POINT('',(-28.57947210985,3.774738193821,
    -6.099265947674));
#8873 = CARTESIAN_POINT('',(-28.97693671543,4.399868170264,
    -6.10286263047));
#8874 = CARTESIAN_POINT('',(-29.31923434369,5.024585964944,
    -6.08071791084));
#8875 = CARTESIAN_POINT('',(-29.61112218507,5.648984866434,
    -6.034175140551));
#8876 = CARTESIAN_POINT('',(-29.85678345039,6.273111219501,
    -5.966817089838));
#8877 = CARTESIAN_POINT('',(-30.05982987364,6.896905366274,
    -5.881641295583));
#8878 = CARTESIAN_POINT('',(-30.22322500684,7.52035509086,-5.78183406403
    ));
#8879 = CARTESIAN_POINT('',(-30.34842516195,8.143642064795,
    -5.670309447509));
#8880 = CARTESIAN_POINT('',(-30.43641877256,8.766860152114,
    -5.550681065055));
#8881 = CARTESIAN_POINT('',(-30.48985470068,9.389669989179,
    -5.424081506692));
#8882 = CARTESIAN_POINT('',(-30.50273443083,10.015006049248,
    -5.30049744242));
#8883 = CARTESIAN_POINT('',(-30.49925407044,10.639903406768,
    -5.15536395061));
#8884 = CARTESIAN_POINT('',(-30.50020434463,11.262074951454,
    -4.970001363144));
#8885 = CARTESIAN_POINT('',(-30.49994422861,11.884217289856,
    -4.755235134337));
#8886 = CARTESIAN_POINT('',(-30.50001535201,12.506048110319,
    -4.514102855032));
#8887 = CARTESIAN_POINT('',(-30.499995949,13.127721141906,
    -4.251805547255));
#8888 = CARTESIAN_POINT('',(-30.50000122516,13.749303560528,
    -3.973024401228));
#8889 = CARTESIAN_POINT('',(-30.49999979798,14.370684127348,
    -3.68224372859));
#8890 = CARTESIAN_POINT('',(-30.50000017423,14.992496802281,
    -3.385239438233));
#8891 = CARTESIAN_POINT('',(-30.50000010609,15.613632832785,
    -3.082232258406));
#8892 = CARTESIAN_POINT('',(-30.49999999864,16.255069687578,
    -2.787063779284));
#8893 = CARTESIAN_POINT('',(-30.50000053373,16.874436326679,
    -2.394574430879));
#8894 = CARTESIAN_POINT('',(-30.49999836611,17.488814544244,
    -1.941665959935));
#8895 = CARTESIAN_POINT('',(-30.50000673408,18.102651487775,
    -1.457822129893));
#8896 = CARTESIAN_POINT('',(-30.49997574917,18.716554274226,
    -0.977461397618));
#8897 = CARTESIAN_POINT('',(-30.50008600696,19.331121227202,
    -0.534162467601));
#8898 = CARTESIAN_POINT('',(-30.49970674331,19.948598973692,
    -0.161411122973));
#8899 = CARTESIAN_POINT('',(-30.46975737052,20.572889463245,
    0.106851152423));
#8900 = CARTESIAN_POINT('',(-30.42864159107,21.033261702399,
    0.195141062436));
#8901 = CARTESIAN_POINT('',(-30.4015011415,21.271787466535,
    0.200010030276));
#8902 = CARTESIAN_POINT('',(-30.39817085033,21.3,0.2));
#8903 = PCURVE('',#8759,#8904);
#8904 = DEFINITIONAL_REPRESENTATION('',(#8905),#8909);
#8905 = LINE('',#8906,#8907);
#8906 = CARTESIAN_POINT('',(3.,0.));
#8907 = VECTOR('',#8908,1.);
#8908 = DIRECTION('',(0.,1.));
#8909 = ( GEOMETRIC_REPRESENTATION_CONTEXT(2) 
PARAMETRIC_REPRESENTATION_CONTEXT() REPRESENTATION_CONTEXT('2D SPACE',''
  ) );
#8910 = PCURVE('',#145,#8911);
#8911 = DEFINITIONAL_REPRESENTATION('',(#8912),#8916);
#8912 = LINE('',#8913,#8914);
#8913 = CARTESIAN_POINT('',(3.,0.));
#8914 = VECTOR('',#8915,1.);
#8915 = DIRECTION('',(0.,1.));
#8916 = ( GEOMETRIC_REPRESENTATION_CONTEXT(2) 
PARAMETRIC_REPRESENTATION_CONTEXT() REPRESENTATION_CONTEXT('2D SPACE',''
  ) );
#8917 = ORIENTED_EDGE('',*,*,#8918,.F.);
#8918 = EDGE_CURVE('',#8919,#8863,#8921,.T.);
#8919 = VERTEX_POINT('',#8920);
#8920 = CARTESIAN_POINT('',(30.398170850339,21.3,0.2));
#8921 = SURFACE_CURVE('',#8922,(#8925,#8932),.PCURVE_S1.);
#8922 = B_SPLINE_CURVE_WITH_KNOTS('',1,(#8923,#8924),.UNSPECIFIED.,.F.,
  .F.,(2,2),(2.,3.),.PIECEWISE_BEZIER_KNOTS.);
#8923 = CARTESIAN_POINT('',(30.398170850339,21.3,0.2));
#8924 = CARTESIAN_POINT('',(-30.39817085033,21.3,0.2));
#8925 = PCURVE('',#8759,#8926);
#8926 = DEFINITIONAL_REPRESENTATION('',(#8927),#8931);
#8927 = LINE('',#8928,#8929);
#8928 = CARTESIAN_POINT('',(0.,1.));
#8929 = VECTOR('',#8930,1.);
#8930 = DIRECTION('',(1.,0.));
#8931 = ( GEOMETRIC_REPRESENTATION_CONTEXT(2) 
PARAMETRIC_REPRESENTATION_CONTEXT() REPRESENTATION_CONTEXT('2D SPACE',''
  ) );
#8932 = PCURVE('',#8933,#8938);
#8933 = PLANE('',#8934);
#8934 = AXIS2_PLACEMENT_3D('',#8935,#8936,#8937);
#8935 = CARTESIAN_POINT('',(2.594644299774E-15,28.186418505668,0.2));
#8936 = DIRECTION('',(-0.,-0.,-1.));
#8937 = DIRECTION('',(-1.,0.,0.));
#8938 = DEFINITIONAL_REPRESENTATION('',(#8939),#8942);
#8939 = B_SPLINE_CURVE_WITH_KNOTS('',1,(#8940,#8941),.UNSPECIFIED.,.F.,
  .F.,(2,2),(2.,3.),.PIECEWISE_BEZIER_KNOTS.);
#8940 = CARTESIAN_POINT('',(-30.39817085033,-6.886418505668));
#8941 = CARTESIAN_POINT('',(30.398170850339,-6.886418505668));
#8942 = ( GEOMETRIC_REPRESENTATION_CONTEXT(2) 
PARAMETRIC_REPRESENTATION_CONTEXT() REPRESENTATION_CONTEXT('2D SPACE',''
  ) );
#8943 = ORIENTED_EDGE('',*,*,#8944,.F.);
#8944 = EDGE_CURVE('',#8746,#8919,#8945,.T.);
#8945 = SURFACE_CURVE('',#8946,(#8983,#8990),.PCURVE_S1.);
#8946 = ( BOUNDED_CURVE() B_SPLINE_CURVE(3,(#8947,#8948,#8949,#8950,
    #8951,#8952,#8953,#8954,#8955,#8956,#8957,#8958,#8959,#8960,#8961,
    #8962,#8963,#8964,#8965,#8966,#8967,#8968,#8969,#8970,#8971,#8972,
    #8973,#8974,#8975,#8976,#8977,#8978,#8979,#8980,#8981,#8982),
.UNSPECIFIED.,.F.,.F.) B_SPLINE_CURVE_WITH_KNOTS((4,1,1,1,1,1,1,1,1,1,1,
    1,1,1,1,1,1,1,1,1,1,1,1,1,1,1,1,1,1,1,1,1,1,4),(0.,
    4.226054182415E-02,8.084072807768E-02,0.116760893815,0.150672743191,
    0.183026021368,0.214167554491,0.244371019147,0.273857551356,
    0.302807808399,0.331362985528,0.35962878334,0.387693476243,
    0.415630464063,0.44350366522,0.471560213615,0.500018534498,
    0.528889141757,0.558153094801,0.587767953074,0.617673121193,
    0.647794588349,0.678049152399,0.708348261133,0.738765178533,
    0.770855167217,0.80460388084,0.83920044304,0.873702141244,
    0.907179956746,0.938871006772,0.9684251051,0.996257998802,1.),
.UNSPECIFIED.) CURVE() GEOMETRIC_REPRESENTATION_ITEM() 
RATIONAL_B_SPLINE_CURVE((1.,0.999999999894,1.000000000045,0.999999999989
    ,1.000000000003,0.999999999999,1.,1.,1.,1.,1.,1.,1.,1.,1.,1.,1.,1.,
    1.,1.,1.,1.,1.,1.,1.,1.,1.,1.,1.,1.,1.,0.999999999999,1.000000000003
,0.999999999994,1.000000000002,1.)) REPRESENTATION_ITEM('') );
#8947 = CARTESIAN_POINT('',(26.231270311019,1.3,-6.1));
#8948 = CARTESIAN_POINT('',(26.485178705279,1.496809190582,
    -6.115066766157));
#8949 = CARTESIAN_POINT('',(26.954960564845,1.893835106052,-6.0936442216
    ));
#8950 = CARTESIAN_POINT('',(27.582488776812,2.522459104255,
    -6.101448718964));
#8951 = CARTESIAN_POINT('',(28.118421123087,3.149130970453,
    -6.099869111695));
#8952 = CARTESIAN_POINT('',(28.579472109868,3.774738193821,
    -6.099265947674));
#8953 = CARTESIAN_POINT('',(28.976936715429,4.399868170264,
    -6.10286263047));
#8954 = CARTESIAN_POINT('',(29.319234343695,5.024585964944,
    -6.08071791084));
#8955 = CARTESIAN_POINT('',(29.611122185074,5.648984866434,
    -6.034175140551));
#8956 = CARTESIAN_POINT('',(29.856783450391,6.273111219501,
    -5.966817089838));
#8957 = CARTESIAN_POINT('',(30.059829873644,6.896905366274,
    -5.881641295583));
#8958 = CARTESIAN_POINT('',(30.223225006849,7.52035509086,-5.78183406403
    ));
#8959 = CARTESIAN_POINT('',(30.348425161958,8.143642064795,
    -5.670309447509));
#8960 = CARTESIAN_POINT('',(30.436418772569,8.766860152114,
    -5.550681065055));
#8961 = CARTESIAN_POINT('',(30.489854700685,9.389669989179,
    -5.424081506692));
#8962 = CARTESIAN_POINT('',(30.502734430831,10.015006049248,
    -5.30049744242));
#8963 = CARTESIAN_POINT('',(30.499254070441,10.639903406768,
    -5.15536395061));
#8964 = CARTESIAN_POINT('',(30.50020434463,11.262074951454,
    -4.970001363144));
#8965 = CARTESIAN_POINT('',(30.499944228614,11.884217289856,
    -4.755235134337));
#8966 = CARTESIAN_POINT('',(30.50001535201,12.506048110319,
    -4.514102855032));
#8967 = CARTESIAN_POINT('',(30.499995949006,13.127721141906,
    -4.251805547255));
#8968 = CARTESIAN_POINT('',(30.500001225169,13.749303560528,
    -3.973024401228));
#8969 = CARTESIAN_POINT('',(30.499999797982,14.370684127348,
    -3.68224372859));
#8970 = CARTESIAN_POINT('',(30.50000017423,14.992496802281,
    -3.385239438233));
#8971 = CARTESIAN_POINT('',(30.500000106092,15.613632832785,
    -3.082232258406));
#8972 = CARTESIAN_POINT('',(30.499999998646,16.255069687578,
    -2.787063779284));
#8973 = CARTESIAN_POINT('',(30.500000533731,16.874436326679,
    -2.394574430879));
#8974 = CARTESIAN_POINT('',(30.499998366111,17.488814544244,
    -1.941665959935));
#8975 = CARTESIAN_POINT('',(30.500006734083,18.102651487775,
    -1.457822129893));
#8976 = CARTESIAN_POINT('',(30.499975749176,18.716554274226,
    -0.977461397618));
#8977 = CARTESIAN_POINT('',(30.500086006972,19.331121227202,
    -0.534162467601));
#8978 = CARTESIAN_POINT('',(30.499706743305,19.948598973692,
    -0.161411122973));
#8979 = CARTESIAN_POINT('',(30.469757370542,20.572889463245,
    0.106851152423));
#8980 = CARTESIAN_POINT('',(30.428641591023,21.033261702399,
    0.195141062436));
#8981 = CARTESIAN_POINT('',(30.401501141522,21.271787466535,
    0.200010030276));
#8982 = CARTESIAN_POINT('',(30.398170850339,21.3,0.2));
#8983 = PCURVE('',#8759,#8984);
#8984 = DEFINITIONAL_REPRESENTATION('',(#8985),#8989);
#8985 = LINE('',#8986,#8987);
#8986 = CARTESIAN_POINT('',(2.,0.));
#8987 = VECTOR('',#8988,1.);
#8988 = DIRECTION('',(0.,1.));
#8989 = ( GEOMETRIC_REPRESENTATION_CONTEXT(2) 
PARAMETRIC_REPRESENTATION_CONTEXT() REPRESENTATION_CONTEXT('2D SPACE',''
  ) );
#8990 = PCURVE('',#1736,#8991);
#8991 = DEFINITIONAL_REPRESENTATION('',(#8992),#8996);
#8992 = LINE('',#8993,#8994);
#8993 = CARTESIAN_POINT('',(2.,0.));
#8994 = VECTOR('',#8995,1.);
#8995 = DIRECTION('',(0.,1.));
#8996 = ( GEOMETRIC_REPRESENTATION_CONTEXT(2) 
PARAMETRIC_REPRESENTATION_CONTEXT() REPRESENTATION_CONTEXT('2D SPACE',''
  ) );
#8997 = ADVANCED_FACE('',(#8998),#8933,.F.);
#8998 = FACE_BOUND('',#8999,.F.);
#8999 = EDGE_LOOP('',(#9000,#9001,#9127,#9155));
#9000 = ORIENTED_EDGE('',*,*,#8918,.T.);
#9001 = ORIENTED_EDGE('',*,*,#9002,.T.);
#9002 = EDGE_CURVE('',#8863,#9003,#9005,.T.);
#9003 = VERTEX_POINT('',#9004);
#9004 = CARTESIAN_POINT('',(-0.907624707473,41.13052286529,0.2));
#9005 = SURFACE_CURVE('',#9006,(#9042,#9081),.PCURVE_S1.);
#9006 = B_SPLINE_CURVE_WITH_KNOTS('',3,(#9007,#9008,#9009,#9010,#9011,
    #9012,#9013,#9014,#9015,#9016,#9017,#9018,#9019,#9020,#9021,#9022,
    #9023,#9024,#9025,#9026,#9027,#9028,#9029,#9030,#9031,#9032,#9033,
    #9034,#9035,#9036,#9037,#9038,#9039,#9040,#9041),.UNSPECIFIED.,.F.,
  .F.,(4,1,1,1,1,1,1,1,1,1,1,1,1,1,1,1,1,1,1,1,1,1,1,1,1,1,1,1,1,1,1,1,4
    ),(0.,0.542525731329,1.174399351733,1.811574881622,2.455371404009,
    3.107228045931,3.768739059032,4.441698081221,5.128155389403,
    5.83049375277,6.551531821344,7.294668049275,8.06408856488,
    8.865076829835,9.704494860218,10.591569243172,11.539257909555,
    12.566828164327,13.705290344561,15.010874594367,16.604038349909,
    18.359357088368,20.114675826828,21.869994565288,23.625313303747,
    25.380632042207,27.135950780667,28.891269519127,30.646588257586,
    32.401906996046,34.157225734506,35.912544472966,37.667863211425),
  .UNSPECIFIED.);
#9007 = CARTESIAN_POINT('',(-30.39817085033,21.3,0.2));
#9008 = CARTESIAN_POINT('',(-30.3771365224,21.479621873691,0.2));
#9009 = CARTESIAN_POINT('',(-30.32456056302,21.867628525285,0.2));
#9010 = CARTESIAN_POINT('',(-30.2200953006,22.462566403227,0.2));
#9011 = CARTESIAN_POINT('',(-30.08331855016,23.08553420425,0.2));
#9012 = CARTESIAN_POINT('',(-29.91836650027,23.708541349768,0.2));
#9013 = CARTESIAN_POINT('',(-29.72425262273,24.331596650377,0.2));
#9014 = CARTESIAN_POINT('',(-29.49975661339,24.954713030629,0.2));
#9015 = CARTESIAN_POINT('',(-29.24337957764,25.577906016244,0.2));
#9016 = CARTESIAN_POINT('',(-28.95328531375,26.201195542967,0.2));
#9017 = CARTESIAN_POINT('',(-28.62722015323,26.8246078154,0.2));
#9018 = CARTESIAN_POINT('',(-28.26240065311,27.448177602464,0.2));
#9019 = CARTESIAN_POINT('',(-27.8553566797,28.071953323889,0.2));
#9020 = CARTESIAN_POINT('',(-27.40170003673,28.69600322873,0.2));
#9021 = CARTESIAN_POINT('',(-26.89577812467,29.320429945502,0.2));
#9022 = CARTESIAN_POINT('',(-26.3301239613,29.945385123287,0.2));
#9023 = CARTESIAN_POINT('',(-25.69455880698,30.57114530243,0.2));
#9024 = CARTESIAN_POINT('',(-24.97452055345,31.198078140816,0.2));
#9025 = CARTESIAN_POINT('',(-24.14807095398,31.827412396268,0.2));
#9026 = CARTESIAN_POINT('',(-23.17777567877,32.459610906498,0.2));
#9027 = CARTESIAN_POINT('',(-21.99506321075,33.106639822579,0.2));
#9028 = CARTESIAN_POINT('',(-20.55511887015,33.689467146679,0.2));
#9029 = CARTESIAN_POINT('',(-18.96105479329,34.282420169802,0.2));
#9030 = CARTESIAN_POINT('',(-17.320685323,34.907601617116,0.2));
#9031 = CARTESIAN_POINT('',(-15.6791528791,35.529195367266,0.2));
#9032 = CARTESIAN_POINT('',(-14.03793205304,36.151750437973,0.2));
#9033 = CARTESIAN_POINT('',(-12.39662772923,36.774047923614,0.2));
#9034 = CARTESIAN_POINT('',(-10.75534577857,37.396414428965,0.2));
#9035 = CARTESIAN_POINT('',(-9.114057833051,38.018762440539,0.2));
#9036 = CARTESIAN_POINT('',(-7.472771493849,38.641115407514,0.2));
#9037 = CARTESIAN_POINT('',(-5.831484724224,39.263467046661,0.2));
#9038 = CARTESIAN_POINT('',(-4.190198069969,39.88581904172,0.2));
#9039 = CARTESIAN_POINT('',(-2.548911384653,40.508170940957,0.2));
#9040 = CARTESIAN_POINT('',(-1.454720267026,40.923072225366,0.2));
#9041 = CARTESIAN_POINT('',(-0.907624707473,41.13052286529,0.2));
#9042 = PCURVE('',#8933,#9043);
#9043 = DEFINITIONAL_REPRESENTATION('',(#9044),#9080);
#9044 = B_SPLINE_CURVE_WITH_KNOTS('',3,(#9045,#9046,#9047,#9048,#9049,
    #9050,#9051,#9052,#9053,#9054,#9055,#9056,#9057,#9058,#9059,#9060,
    #9061,#9062,#9063,#9064,#9065,#9066,#9067,#9068,#9069,#9070,#9071,
    #9072,#9073,#9074,#9075,#9076,#9077,#9078,#9079),.UNSPECIFIED.,.F.,
  .F.,(4,1,1,1,1,1,1,1,1,1,1,1,1,1,1,1,1,1,1,1,1,1,1,1,1,1,1,1,1,1,1,1,4
    ),(0.,0.542525731329,1.174399351733,1.811574881622,2.455371404009,
    3.107228045931,3.768739059032,4.441698081221,5.128155389403,
    5.83049375277,6.551531821344,7.294668049275,8.06408856488,
    8.865076829835,9.704494860218,10.591569243172,11.539257909555,
    12.566828164327,13.705290344561,15.010874594367,16.604038349909,
    18.359357088368,20.114675826828,21.869994565288,23.625313303747,
    25.380632042207,27.135950780667,28.891269519127,30.646588257586,
    32.401906996046,34.157225734506,35.912544472966,37.667863211425),
  .UNSPECIFIED.);
#9045 = CARTESIAN_POINT('',(30.398170850339,-6.886418505668));
#9046 = CARTESIAN_POINT('',(30.377136522406,-6.706796631978));
#9047 = CARTESIAN_POINT('',(30.324560563024,-6.318789980383));
#9048 = CARTESIAN_POINT('',(30.220095300608,-5.723852102442));
#9049 = CARTESIAN_POINT('',(30.083318550163,-5.100884301418));
#9050 = CARTESIAN_POINT('',(29.918366500278,-4.4778771559));
#9051 = CARTESIAN_POINT('',(29.724252622739,-3.854821855291));
#9052 = CARTESIAN_POINT('',(29.499756613392,-3.231705475039));
#9053 = CARTESIAN_POINT('',(29.243379577649,-2.608512489424));
#9054 = CARTESIAN_POINT('',(28.953285313751,-1.985222962701));
#9055 = CARTESIAN_POINT('',(28.627220153233,-1.361810690268));
#9056 = CARTESIAN_POINT('',(28.262400653117,-0.738240903204));
#9057 = CARTESIAN_POINT('',(27.855356679704,-0.114465181779));
#9058 = CARTESIAN_POINT('',(27.401700036731,0.509584723062));
#9059 = CARTESIAN_POINT('',(26.895778124671,1.134011439834));
#9060 = CARTESIAN_POINT('',(26.330123961309,1.758966617619));
#9061 = CARTESIAN_POINT('',(25.694558806986,2.384726796762));
#9062 = CARTESIAN_POINT('',(24.97452055345,3.011659635148));
#9063 = CARTESIAN_POINT('',(24.148070953985,3.6409938906));
#9064 = CARTESIAN_POINT('',(23.177775678771,4.27319240083));
#9065 = CARTESIAN_POINT('',(21.995063210751,4.920221316911));
#9066 = CARTESIAN_POINT('',(20.555118870154,5.503048641011));
#9067 = CARTESIAN_POINT('',(18.961054793297,6.096001664134));
#9068 = CARTESIAN_POINT('',(17.320685323006,6.721183111447));
#9069 = CARTESIAN_POINT('',(15.679152879105,7.342776861597));
#9070 = CARTESIAN_POINT('',(14.037932053043,7.965331932305));
#9071 = CARTESIAN_POINT('',(12.396627729233,8.587629417945));
#9072 = CARTESIAN_POINT('',(10.755345778577,9.209995923297));
#9073 = CARTESIAN_POINT('',(9.114057833051,9.832343934871));
#9074 = CARTESIAN_POINT('',(7.472771493849,10.454696901846));
#9075 = CARTESIAN_POINT('',(5.831484724224,11.077048540993));
#9076 = CARTESIAN_POINT('',(4.190198069969,11.699400536052));
#9077 = CARTESIAN_POINT('',(2.548911384653,12.321752435289));
#9078 = CARTESIAN_POINT('',(1.454720267026,12.736653719698));
#9079 = CARTESIAN_POINT('',(0.907624707473,12.944104359622));
#9080 = ( GEOMETRIC_REPRESENTATION_CONTEXT(2) 
PARAMETRIC_REPRESENTATION_CONTEXT() REPRESENTATION_CONTEXT('2D SPACE',''
  ) );
#9081 = PCURVE('',#9082,#9121);
#9082 = SURFACE_OF_LINEAR_EXTRUSION('',#9083,#9119);
#9083 = B_SPLINE_CURVE_WITH_KNOTS('',3,(#9084,#9085,#9086,#9087,#9088,
    #9089,#9090,#9091,#9092,#9093,#9094,#9095,#9096,#9097,#9098,#9099,
    #9100,#9101,#9102,#9103,#9104,#9105,#9106,#9107,#9108,#9109,#9110,
    #9111,#9112,#9113,#9114,#9115,#9116,#9117,#9118),.UNSPECIFIED.,.F.,
  .F.,(4,1,1,1,1,1,1,1,1,1,1,1,1,1,1,1,1,1,1,1,1,1,1,1,1,1,1,1,1,1,1,1,4
    ),(0.,0.542525731329,1.174399351733,1.811574881622,2.455371404009,
    3.107228045931,3.768739059032,4.441698081221,5.128155389403,
    5.83049375277,6.551531821344,7.294668049275,8.06408856488,
    8.865076829835,9.704494860218,10.591569243172,11.539257909555,
    12.566828164327,13.705290344561,15.010874594367,16.604038349909,
    18.359357088368,20.114675826828,21.869994565288,23.625313303747,
    25.380632042207,27.135950780667,28.891269519127,30.646588257586,
    32.401906996046,34.157225734506,35.912544472966,37.667863211425),
  .UNSPECIFIED.);
#9084 = CARTESIAN_POINT('',(-30.39817085033,21.3,-2.25));
#9085 = CARTESIAN_POINT('',(-30.3771365224,21.479621873691,-2.25));
#9086 = CARTESIAN_POINT('',(-30.32456056302,21.867628525285,-2.25));
#9087 = CARTESIAN_POINT('',(-30.2200953006,22.462566403227,-2.25));
#9088 = CARTESIAN_POINT('',(-30.08331855016,23.08553420425,-2.25));
#9089 = CARTESIAN_POINT('',(-29.91836650027,23.708541349768,-2.25));
#9090 = CARTESIAN_POINT('',(-29.72425262273,24.331596650377,-2.25));
#9091 = CARTESIAN_POINT('',(-29.49975661339,24.954713030629,-2.25));
#9092 = CARTESIAN_POINT('',(-29.24337957764,25.577906016244,-2.25));
#9093 = CARTESIAN_POINT('',(-28.95328531375,26.201195542967,-2.25));
#9094 = CARTESIAN_POINT('',(-28.62722015323,26.8246078154,-2.25));
#9095 = CARTESIAN_POINT('',(-28.26240065311,27.448177602464,-2.25));
#9096 = CARTESIAN_POINT('',(-27.8553566797,28.071953323889,-2.25));
#9097 = CARTESIAN_POINT('',(-27.40170003673,28.69600322873,-2.25));
#9098 = CARTESIAN_POINT('',(-26.89577812467,29.320429945502,-2.25));
#9099 = CARTESIAN_POINT('',(-26.3301239613,29.945385123287,-2.25));
#9100 = CARTESIAN_POINT('',(-25.69455880698,30.57114530243,-2.25));
#9101 = CARTESIAN_POINT('',(-24.97452055345,31.198078140816,-2.25));
#9102 = CARTESIAN_POINT('',(-24.14807095398,31.827412396268,-2.25));
#9103 = CARTESIAN_POINT('',(-23.17777567877,32.459610906498,-2.25));
#9104 = CARTESIAN_POINT('',(-21.99506321075,33.106639822579,-2.25));
#9105 = CARTESIAN_POINT('',(-20.55511887015,33.689467146679,-2.25));
#9106 = CARTESIAN_POINT('',(-18.96105479329,34.282420169802,-2.25));
#9107 = CARTESIAN_POINT('',(-17.320685323,34.907601617116,-2.25));
#9108 = CARTESIAN_POINT('',(-15.6791528791,35.529195367266,-2.25));
#9109 = CARTESIAN_POINT('',(-14.03793205304,36.151750437973,-2.25));
#9110 = CARTESIAN_POINT('',(-12.39662772923,36.774047923614,-2.25));
#9111 = CARTESIAN_POINT('',(-10.75534577857,37.396414428965,-2.25));
#9112 = CARTESIAN_POINT('',(-9.114057833051,38.018762440539,-2.25));
#9113 = CARTESIAN_POINT('',(-7.472771493849,38.641115407514,-2.25));
#9114 = CARTESIAN_POINT('',(-5.831484724224,39.263467046661,-2.25));
#9115 = CARTESIAN_POINT('',(-4.190198069969,39.88581904172,-2.25));
#9116 = CARTESIAN_POINT('',(-2.548911384653,40.508170940957,-2.25));
#9117 = CARTESIAN_POINT('',(-1.454720267026,40.923072225366,-2.25));
#9118 = CARTESIAN_POINT('',(-0.907624707473,41.13052286529,-2.25));
#9119 = VECTOR('',#9120,1.);
#9120 = DIRECTION('',(-0.,-0.,-1.));
#9121 = DEFINITIONAL_REPRESENTATION('',(#9122),#9126);
#9122 = LINE('',#9123,#9124);
#9123 = CARTESIAN_POINT('',(0.,-2.45));
#9124 = VECTOR('',#9125,1.);
#9125 = DIRECTION('',(1.,0.));
#9126 = ( GEOMETRIC_REPRESENTATION_CONTEXT(2) 
PARAMETRIC_REPRESENTATION_CONTEXT() REPRESENTATION_CONTEXT('2D SPACE',''
  ) );
#9127 = ORIENTED_EDGE('',*,*,#9128,.T.);
#9128 = EDGE_CURVE('',#9003,#9129,#9131,.T.);
#9129 = VERTEX_POINT('',#9130);
#9130 = CARTESIAN_POINT('',(0.907624707473,41.13052286529,0.2));
#9131 = SURFACE_CURVE('',#9132,(#9136,#9143),.PCURVE_S1.);
#9132 = LINE('',#9133,#9134);
#9133 = CARTESIAN_POINT('',(-0.907624707473,41.13052286529,0.2));
#9134 = VECTOR('',#9135,1.);
#9135 = DIRECTION('',(1.,0.,0.));
#9136 = PCURVE('',#8933,#9137);
#9137 = DEFINITIONAL_REPRESENTATION('',(#9138),#9142);
#9138 = LINE('',#9139,#9140);
#9139 = CARTESIAN_POINT('',(0.907624707473,12.944104359622));
#9140 = VECTOR('',#9141,1.);
#9141 = DIRECTION('',(-1.,0.));
#9142 = ( GEOMETRIC_REPRESENTATION_CONTEXT(2) 
PARAMETRIC_REPRESENTATION_CONTEXT() REPRESENTATION_CONTEXT('2D SPACE',''
  ) );
#9143 = PCURVE('',#9144,#9149);
#9144 = PLANE('',#9145);
#9145 = AXIS2_PLACEMENT_3D('',#9146,#9147,#9148);
#9146 = CARTESIAN_POINT('',(-0.907624707473,41.13052286529,-2.25));
#9147 = DIRECTION('',(0.,1.,0.));
#9148 = DIRECTION('',(1.,0.,0.));
#9149 = DEFINITIONAL_REPRESENTATION('',(#9150),#9154);
#9150 = LINE('',#9151,#9152);
#9151 = CARTESIAN_POINT('',(0.,-2.45));
#9152 = VECTOR('',#9153,1.);
#9153 = DIRECTION('',(1.,0.));
#9154 = ( GEOMETRIC_REPRESENTATION_CONTEXT(2) 
PARAMETRIC_REPRESENTATION_CONTEXT() REPRESENTATION_CONTEXT('2D SPACE',''
  ) );
#9155 = ORIENTED_EDGE('',*,*,#9156,.T.);
#9156 = EDGE_CURVE('',#9129,#8919,#9157,.T.);
#9157 = SURFACE_CURVE('',#9158,(#9194,#9233),.PCURVE_S1.);
#9158 = B_SPLINE_CURVE_WITH_KNOTS('',3,(#9159,#9160,#9161,#9162,#9163,
    #9164,#9165,#9166,#9167,#9168,#9169,#9170,#9171,#9172,#9173,#9174,
    #9175,#9176,#9177,#9178,#9179,#9180,#9181,#9182,#9183,#9184,#9185,
    #9186,#9187,#9188,#9189,#9190,#9191,#9192,#9193),.UNSPECIFIED.,.F.,
  .F.,(4,1,1,1,1,1,1,1,1,1,1,1,1,1,1,1,1,1,1,1,1,1,1,1,1,1,1,1,1,1,1,1,4
    ),(0.,1.75531873846,3.510637476919,5.265956215379,7.021274953839,
    8.776593692299,10.531912430758,12.287231169218,14.042549907678,
    15.797868646138,17.553187384597,19.308506123057,21.063824861517,
    22.656988617059,23.962572866864,25.101035047098,26.128605301871,
    27.076293968253,27.963368351208,28.80278638159,29.603774646545,
    30.373195162151,31.116331390081,31.837369458656,32.539707822023,
    33.226165130204,33.899124152394,34.560635165494,35.212491807416,
    35.856288329803,36.493463859692,37.125337480097,37.667863211425),
  .UNSPECIFIED.);
#9159 = CARTESIAN_POINT('',(0.907624707473,41.13052286529,0.2));
#9160 = CARTESIAN_POINT('',(1.454720267026,40.923072225366,0.2));
#9161 = CARTESIAN_POINT('',(2.548911384653,40.508170940957,0.2));
#9162 = CARTESIAN_POINT('',(4.190198069969,39.88581904172,0.2));
#9163 = CARTESIAN_POINT('',(5.831484724224,39.263467046661,0.2));
#9164 = CARTESIAN_POINT('',(7.472771493849,38.641115407514,0.2));
#9165 = CARTESIAN_POINT('',(9.114057833051,38.018762440539,0.2));
#9166 = CARTESIAN_POINT('',(10.755345778577,37.396414428965,0.2));
#9167 = CARTESIAN_POINT('',(12.396627729233,36.774047923614,0.2));
#9168 = CARTESIAN_POINT('',(14.037932053043,36.151750437973,0.2));
#9169 = CARTESIAN_POINT('',(15.679152879105,35.529195367266,0.2));
#9170 = CARTESIAN_POINT('',(17.320685323006,34.907601617116,0.2));
#9171 = CARTESIAN_POINT('',(18.961054793297,34.282420169802,0.2));
#9172 = CARTESIAN_POINT('',(20.555118870154,33.689467146679,0.2));
#9173 = CARTESIAN_POINT('',(21.995063210751,33.106639822579,0.2));
#9174 = CARTESIAN_POINT('',(23.177775678771,32.459610906498,0.2));
#9175 = CARTESIAN_POINT('',(24.148070953985,31.827412396268,0.2));
#9176 = CARTESIAN_POINT('',(24.97452055345,31.198078140816,0.2));
#9177 = CARTESIAN_POINT('',(25.694558806986,30.57114530243,0.2));
#9178 = CARTESIAN_POINT('',(26.330123961309,29.945385123287,0.2));
#9179 = CARTESIAN_POINT('',(26.895778124671,29.320429945502,0.2));
#9180 = CARTESIAN_POINT('',(27.401700036731,28.69600322873,0.2));
#9181 = CARTESIAN_POINT('',(27.855356679704,28.071953323889,0.2));
#9182 = CARTESIAN_POINT('',(28.262400653117,27.448177602464,0.2));
#9183 = CARTESIAN_POINT('',(28.627220153233,26.8246078154,0.2));
#9184 = CARTESIAN_POINT('',(28.953285313751,26.201195542967,0.2));
#9185 = CARTESIAN_POINT('',(29.243379577649,25.577906016244,0.2));
#9186 = CARTESIAN_POINT('',(29.499756613392,24.954713030629,0.2));
#9187 = CARTESIAN_POINT('',(29.724252622739,24.331596650377,0.2));
#9188 = CARTESIAN_POINT('',(29.918366500278,23.708541349768,0.2));
#9189 = CARTESIAN_POINT('',(30.083318550163,23.08553420425,0.2));
#9190 = CARTESIAN_POINT('',(30.220095300608,22.462566403227,0.2));
#9191 = CARTESIAN_POINT('',(30.324560563024,21.867628525285,0.2));
#9192 = CARTESIAN_POINT('',(30.377136522406,21.479621873691,0.2));
#9193 = CARTESIAN_POINT('',(30.398170850339,21.3,0.2));
#9194 = PCURVE('',#8933,#9195);
#9195 = DEFINITIONAL_REPRESENTATION('',(#9196),#9232);
#9196 = B_SPLINE_CURVE_WITH_KNOTS('',3,(#9197,#9198,#9199,#9200,#9201,
    #9202,#9203,#9204,#9205,#9206,#9207,#9208,#9209,#9210,#9211,#9212,
    #9213,#9214,#9215,#9216,#9217,#9218,#9219,#9220,#9221,#9222,#9223,
    #9224,#9225,#9226,#9227,#9228,#9229,#9230,#9231),.UNSPECIFIED.,.F.,
  .F.,(4,1,1,1,1,1,1,1,1,1,1,1,1,1,1,1,1,1,1,1,1,1,1,1,1,1,1,1,1,1,1,1,4
    ),(0.,1.75531873846,3.510637476919,5.265956215379,7.021274953839,
    8.776593692299,10.531912430758,12.287231169218,14.042549907678,
    15.797868646138,17.553187384597,19.308506123057,21.063824861517,
    22.656988617059,23.962572866864,25.101035047098,26.128605301871,
    27.076293968253,27.963368351208,28.80278638159,29.603774646545,
    30.373195162151,31.116331390081,31.837369458656,32.539707822023,
    33.226165130204,33.899124152394,34.560635165494,35.212491807416,
    35.856288329803,36.493463859692,37.125337480097,37.667863211425),
  .UNSPECIFIED.);
#9197 = CARTESIAN_POINT('',(-0.907624707473,12.944104359622));
#9198 = CARTESIAN_POINT('',(-1.454720267026,12.736653719698));
#9199 = CARTESIAN_POINT('',(-2.548911384653,12.321752435289));
#9200 = CARTESIAN_POINT('',(-4.190198069969,11.699400536052));
#9201 = CARTESIAN_POINT('',(-5.831484724224,11.077048540993));
#9202 = CARTESIAN_POINT('',(-7.472771493849,10.454696901846));
#9203 = CARTESIAN_POINT('',(-9.114057833051,9.832343934871));
#9204 = CARTESIAN_POINT('',(-10.75534577857,9.209995923297));
#9205 = CARTESIAN_POINT('',(-12.39662772923,8.587629417945));
#9206 = CARTESIAN_POINT('',(-14.03793205304,7.965331932305));
#9207 = CARTESIAN_POINT('',(-15.6791528791,7.342776861597));
#9208 = CARTESIAN_POINT('',(-17.320685323,6.721183111447));
#9209 = CARTESIAN_POINT('',(-18.96105479329,6.096001664134));
#9210 = CARTESIAN_POINT('',(-20.55511887015,5.503048641011));
#9211 = CARTESIAN_POINT('',(-21.99506321075,4.920221316911));
#9212 = CARTESIAN_POINT('',(-23.17777567877,4.27319240083));
#9213 = CARTESIAN_POINT('',(-24.14807095398,3.6409938906));
#9214 = CARTESIAN_POINT('',(-24.97452055345,3.011659635148));
#9215 = CARTESIAN_POINT('',(-25.69455880698,2.384726796762));
#9216 = CARTESIAN_POINT('',(-26.3301239613,1.758966617619));
#9217 = CARTESIAN_POINT('',(-26.89577812467,1.134011439834));
#9218 = CARTESIAN_POINT('',(-27.40170003673,0.509584723062));
#9219 = CARTESIAN_POINT('',(-27.8553566797,-0.114465181779));
#9220 = CARTESIAN_POINT('',(-28.26240065311,-0.738240903204));
#9221 = CARTESIAN_POINT('',(-28.62722015323,-1.361810690268));
#9222 = CARTESIAN_POINT('',(-28.95328531375,-1.985222962701));
#9223 = CARTESIAN_POINT('',(-29.24337957764,-2.608512489424));
#9224 = CARTESIAN_POINT('',(-29.49975661339,-3.231705475039));
#9225 = CARTESIAN_POINT('',(-29.72425262273,-3.854821855291));
#9226 = CARTESIAN_POINT('',(-29.91836650027,-4.4778771559));
#9227 = CARTESIAN_POINT('',(-30.08331855016,-5.100884301418));
#9228 = CARTESIAN_POINT('',(-30.2200953006,-5.723852102442));
#9229 = CARTESIAN_POINT('',(-30.32456056302,-6.318789980383));
#9230 = CARTESIAN_POINT('',(-30.3771365224,-6.706796631978));
#9231 = CARTESIAN_POINT('',(-30.39817085033,-6.886418505668));
#9232 = ( GEOMETRIC_REPRESENTATION_CONTEXT(2) 
PARAMETRIC_REPRESENTATION_CONTEXT() REPRESENTATION_CONTEXT('2D SPACE',''
  ) );
#9233 = PCURVE('',#9234,#9273);
#9234 = SURFACE_OF_LINEAR_EXTRUSION('',#9235,#9271);
#9235 = B_SPLINE_CURVE_WITH_KNOTS('',3,(#9236,#9237,#9238,#9239,#9240,
    #9241,#9242,#9243,#9244,#9245,#9246,#9247,#9248,#9249,#9250,#9251,
    #9252,#9253,#9254,#9255,#9256,#9257,#9258,#9259,#9260,#9261,#9262,
    #9263,#9264,#9265,#9266,#9267,#9268,#9269,#9270),.UNSPECIFIED.,.F.,
  .F.,(4,1,1,1,1,1,1,1,1,1,1,1,1,1,1,1,1,1,1,1,1,1,1,1,1,1,1,1,1,1,1,1,4
    ),(0.,1.75531873846,3.510637476919,5.265956215379,7.021274953839,
    8.776593692299,10.531912430758,12.287231169218,14.042549907678,
    15.797868646138,17.553187384597,19.308506123057,21.063824861517,
    22.656988617059,23.962572866864,25.101035047098,26.128605301871,
    27.076293968253,27.963368351208,28.80278638159,29.603774646545,
    30.373195162151,31.116331390081,31.837369458656,32.539707822023,
    33.226165130204,33.899124152394,34.560635165494,35.212491807416,
    35.856288329803,36.493463859692,37.125337480097,37.667863211425),
  .UNSPECIFIED.);
#9236 = CARTESIAN_POINT('',(0.907624707473,41.13052286529,-2.25));
#9237 = CARTESIAN_POINT('',(1.454720267026,40.923072225366,-2.25));
#9238 = CARTESIAN_POINT('',(2.548911384653,40.508170940957,-2.25));
#9239 = CARTESIAN_POINT('',(4.190198069969,39.88581904172,-2.25));
#9240 = CARTESIAN_POINT('',(5.831484724224,39.263467046661,-2.25));
#9241 = CARTESIAN_POINT('',(7.472771493849,38.641115407514,-2.25));
#9242 = CARTESIAN_POINT('',(9.114057833051,38.018762440539,-2.25));
#9243 = CARTESIAN_POINT('',(10.755345778577,37.396414428965,-2.25));
#9244 = CARTESIAN_POINT('',(12.396627729233,36.774047923614,-2.25));
#9245 = CARTESIAN_POINT('',(14.037932053043,36.151750437973,-2.25));
#9246 = CARTESIAN_POINT('',(15.679152879105,35.529195367266,-2.25));
#9247 = CARTESIAN_POINT('',(17.320685323006,34.907601617116,-2.25));
#9248 = CARTESIAN_POINT('',(18.961054793297,34.282420169802,-2.25));
#9249 = CARTESIAN_POINT('',(20.555118870154,33.689467146679,-2.25));
#9250 = CARTESIAN_POINT('',(21.995063210751,33.106639822579,-2.25));
#9251 = CARTESIAN_POINT('',(23.177775678771,32.459610906498,-2.25));
#9252 = CARTESIAN_POINT('',(24.148070953985,31.827412396268,-2.25));
#9253 = CARTESIAN_POINT('',(24.97452055345,31.198078140816,-2.25));
#9254 = CARTESIAN_POINT('',(25.694558806986,30.57114530243,-2.25));
#9255 = CARTESIAN_POINT('',(26.330123961309,29.945385123287,-2.25));
#9256 = CARTESIAN_POINT('',(26.895778124671,29.320429945502,-2.25));
#9257 = CARTESIAN_POINT('',(27.401700036731,28.69600322873,-2.25));
#9258 = CARTESIAN_POINT('',(27.855356679704,28.071953323889,-2.25));
#9259 = CARTESIAN_POINT('',(28.262400653117,27.448177602464,-2.25));
#9260 = CARTESIAN_POINT('',(28.627220153233,26.8246078154,-2.25));
#9261 = CARTESIAN_POINT('',(28.953285313751,26.201195542967,-2.25));
#9262 = CARTESIAN_POINT('',(29.243379577649,25.577906016244,-2.25));
#9263 = CARTESIAN_POINT('',(29.499756613392,24.954713030629,-2.25));
#9264 = CARTESIAN_POINT('',(29.724252622739,24.331596650377,-2.25));
#9265 = CARTESIAN_POINT('',(29.918366500278,23.708541349768,-2.25));
#9266 = CARTESIAN_POINT('',(30.083318550163,23.08553420425,-2.25));
#9267 = CARTESIAN_POINT('',(30.220095300608,22.462566403227,-2.25));
#9268 = CARTESIAN_POINT('',(30.324560563024,21.867628525285,-2.25));
#9269 = CARTESIAN_POINT('',(30.377136522406,21.479621873691,-2.25));
#9270 = CARTESIAN_POINT('',(30.398170850339,21.3,-2.25));
#9271 = VECTOR('',#9272,1.);
#9272 = DIRECTION('',(-0.,-0.,-1.));
#9273 = DEFINITIONAL_REPRESENTATION('',(#9274),#9278);
#9274 = LINE('',#9275,#9276);
#9275 = CARTESIAN_POINT('',(0.,-2.45));
#9276 = VECTOR('',#9277,1.);
#9277 = DIRECTION('',(1.,0.));
#9278 = ( GEOMETRIC_REPRESENTATION_CONTEXT(2) 
PARAMETRIC_REPRESENTATION_CONTEXT() REPRESENTATION_CONTEXT('2D SPACE',''
  ) );
#9279 = ADVANCED_FACE('',(#9280),#9234,.T.);
#9280 = FACE_BOUND('',#9281,.T.);
#9281 = EDGE_LOOP('',(#9282,#9354,#9375,#9376,#9397));
#9282 = ORIENTED_EDGE('',*,*,#9283,.T.);
#9283 = EDGE_CURVE('',#9284,#9286,#9288,.T.);
#9284 = VERTEX_POINT('',#9285);
#9285 = CARTESIAN_POINT('',(11.800763628747,37.,-2.));
#9286 = VERTEX_POINT('',#9287);
#9287 = CARTESIAN_POINT('',(0.907624707473,41.13052286529,
    -7.909250698382E-02));
#9288 = SURFACE_CURVE('',#9289,(#9307,#9328),.PCURVE_S1.);
#9289 = B_SPLINE_CURVE_WITH_KNOTS('',6,(#9290,#9291,#9292,#9293,#9294,
    #9295,#9296,#9297,#9298,#9299,#9300,#9301,#9302,#9303,#9304,#9305,
    #9306),.UNSPECIFIED.,.F.,.F.,(7,5,5,7),(0.,0.256310466287,
    0.513949414199,1.),.UNSPECIFIED.);
#9290 = CARTESIAN_POINT('',(11.800763628747,37.,-2.));
#9291 = CARTESIAN_POINT('',(11.335425907353,37.176449060777,
    -1.917942029608));
#9292 = CARTESIAN_POINT('',(10.870089846129,37.352901957675,
    -1.835882275221));
#9293 = CARTESIAN_POINT('',(10.404753340874,37.529353830666,
    -1.753822997004));
#9294 = CARTESIAN_POINT('',(9.939414720963,37.70580081375,
    -1.671765992848));
#9295 = CARTESIAN_POINT('',(9.474076907971,37.882249663104,
    -1.589708120778));
#9296 = CARTESIAN_POINT('',(8.540989458743,38.236062067523,
    -1.425166991014));
#9297 = CARTESIAN_POINT('',(8.073239998751,38.413426030213,
    -1.342683543753));
#9298 = CARTESIAN_POINT('',(7.60549056865,38.590790061988,
    -1.260200064363));
#9299 = CARTESIAN_POINT('',(7.137741075311,38.768153947606,
    -1.177716652944));
#9300 = CARTESIAN_POINT('',(6.669991512285,38.94551767216,
    -1.095233316428));
#9301 = CARTESIAN_POINT('',(5.319805721658,39.457488260447,
    -0.857140423272));
#9302 = CARTESIAN_POINT('',(4.437369525424,39.792095196679,
    -0.701530832916));
#9303 = CARTESIAN_POINT('',(3.554933334109,40.126702144277,
    -0.545921237274));
#9304 = CARTESIAN_POINT('',(2.672497129903,40.46130906208,
    -0.390311655489));
#9305 = CARTESIAN_POINT('',(1.790060914174,40.795915953252,
    -0.234702086088));
#9306 = CARTESIAN_POINT('',(0.907624707473,41.13052286529,
    -7.909250698382E-02));
#9307 = PCURVE('',#9234,#9308);
#9308 = DEFINITIONAL_REPRESENTATION('',(#9309),#9327);
#9309 = B_SPLINE_CURVE_WITH_KNOTS('',6,(#9310,#9311,#9312,#9313,#9314,
    #9315,#9316,#9317,#9318,#9319,#9320,#9321,#9322,#9323,#9324,#9325,
    #9326),.UNSPECIFIED.,.F.,.F.,(7,5,5,7),(0.,0.256310466287,
    0.513949414199,1.),.UNSPECIFIED.);
#9310 = CARTESIAN_POINT('',(11.649965263751,-0.25));
#9311 = CARTESIAN_POINT('',(11.152297226593,-0.332057970392));
#9312 = CARTESIAN_POINT('',(10.654629585549,-0.414117724779));
#9313 = CARTESIAN_POINT('',(10.156961839621,-0.496177002996));
#9314 = CARTESIAN_POINT('',(9.659293587314,-0.578234007152));
#9315 = CARTESIAN_POINT('',(9.161625528426,-0.660291879222));
#9316 = CARTESIAN_POINT('',(8.163709965298,-0.824833008986));
#9317 = CARTESIAN_POINT('',(7.663462503304,-0.907316456247));
#9318 = CARTESIAN_POINT('',(7.163215048451,-0.989799935637));
#9319 = CARTESIAN_POINT('',(6.662967578492,-1.072283347056));
#9320 = CARTESIAN_POINT('',(6.162720091887,-1.154766683572));
#9321 = CARTESIAN_POINT('',(4.718727166139,-1.392859576728));
#9322 = CARTESIAN_POINT('',(3.774981734488,-1.548469167084));
#9323 = CARTESIAN_POINT('',(2.831236304013,-1.704078762726));
#9324 = CARTESIAN_POINT('',(1.887490870458,-1.859688344511));
#9325 = CARTESIAN_POINT('',(0.943745434151,-2.015297913912));
#9326 = CARTESIAN_POINT('',(0.,-2.170907493016));
#9327 = ( GEOMETRIC_REPRESENTATION_CONTEXT(2) 
PARAMETRIC_REPRESENTATION_CONTEXT() REPRESENTATION_CONTEXT('2D SPACE',''
  ) );
#9328 = PCURVE('',#9329,#9334);
#9329 = PLANE('',#9330);
#9330 = AXIS2_PLACEMENT_3D('',#9331,#9332,#9333);
#9331 = CARTESIAN_POINT('',(-30.75,41.300595297074,3.688901468242E-15));
#9332 = DIRECTION('',(0.,0.421682753838,-0.906743434007));
#9333 = DIRECTION('',(0.,0.906743434007,0.421682753838));
#9334 = DEFINITIONAL_REPRESENTATION('',(#9335),#9353);
#9335 = B_SPLINE_CURVE_WITH_KNOTS('',6,(#9336,#9337,#9338,#9339,#9340,
    #9341,#9342,#9343,#9344,#9345,#9346,#9347,#9348,#9349,#9350,#9351,
    #9352),.UNSPECIFIED.,.F.,.F.,(7,5,5,7),(0.,0.256310466287,
    0.513949414199,1.),.UNSPECIFIED.);
#9336 = CARTESIAN_POINT('',(-4.742902055621,42.550763628747));
#9337 = CARTESIAN_POINT('',(-4.548305597396,42.085425907353));
#9338 = CARTESIAN_POINT('',(-4.353704908513,41.620089846129));
#9339 = CARTESIAN_POINT('',(-4.159105348843,41.154753340874));
#9340 = CARTESIAN_POINT('',(-3.964511181997,40.689414720963));
#9341 = CARTESIAN_POINT('',(-3.769914956939,40.224076907971));
#9342 = CARTESIAN_POINT('',(-3.379713725643,39.290989458743));
#9343 = CARTESIAN_POINT('',(-3.184108269857,38.823239998751));
#9344 = CARTESIAN_POINT('',(-2.98850273788,38.35549056865));
#9345 = CARTESIAN_POINT('',(-2.792897367093,37.887741075311));
#9346 = CARTESIAN_POINT('',(-2.597292173935,37.419991512285));
#9347 = CARTESIAN_POINT('',(-2.032666537745,36.069805721658));
#9348 = CARTESIAN_POINT('',(-1.663646014759,35.187369525424));
#9349 = CARTESIAN_POINT('',(-1.294625479237,34.304933334109));
#9350 = CARTESIAN_POINT('',(-0.925604976576,33.422497129903));
#9351 = CARTESIAN_POINT('',(-0.556584503283,32.540060914174));
#9352 = CARTESIAN_POINT('',(-0.187564006979,31.657624707473));
#9353 = ( GEOMETRIC_REPRESENTATION_CONTEXT(2) 
PARAMETRIC_REPRESENTATION_CONTEXT() REPRESENTATION_CONTEXT('2D SPACE',''
  ) );
#9354 = ORIENTED_EDGE('',*,*,#9355,.T.);
#9355 = EDGE_CURVE('',#9286,#9129,#9356,.T.);
#9356 = SURFACE_CURVE('',#9357,(#9361,#9368),.PCURVE_S1.);
#9357 = LINE('',#9358,#9359);
#9358 = CARTESIAN_POINT('',(0.907624707473,41.13052286529,-2.25));
#9359 = VECTOR('',#9360,1.);
#9360 = DIRECTION('',(0.,0.,1.));
#9361 = PCURVE('',#9234,#9362);
#9362 = DEFINITIONAL_REPRESENTATION('',(#9363),#9367);
#9363 = LINE('',#9364,#9365);
#9364 = CARTESIAN_POINT('',(0.,0.));
#9365 = VECTOR('',#9366,1.);
#9366 = DIRECTION('',(0.,-1.));
#9367 = ( GEOMETRIC_REPRESENTATION_CONTEXT(2) 
PARAMETRIC_REPRESENTATION_CONTEXT() REPRESENTATION_CONTEXT('2D SPACE',''
  ) );
#9368 = PCURVE('',#9144,#9369);
#9369 = DEFINITIONAL_REPRESENTATION('',(#9370),#9374);
#9370 = LINE('',#9371,#9372);
#9371 = CARTESIAN_POINT('',(1.815249414946,0.));
#9372 = VECTOR('',#9373,1.);
#9373 = DIRECTION('',(0.,-1.));
#9374 = ( GEOMETRIC_REPRESENTATION_CONTEXT(2) 
PARAMETRIC_REPRESENTATION_CONTEXT() REPRESENTATION_CONTEXT('2D SPACE',''
  ) );
#9375 = ORIENTED_EDGE('',*,*,#9156,.T.);
#9376 = ORIENTED_EDGE('',*,*,#9377,.F.);
#9377 = EDGE_CURVE('',#9378,#8919,#9380,.T.);
#9378 = VERTEX_POINT('',#9379);
#9379 = CARTESIAN_POINT('',(30.398170850339,21.3,-2.));
#9380 = SURFACE_CURVE('',#9381,(#9384,#9390),.PCURVE_S1.);
#9381 = B_SPLINE_CURVE_WITH_KNOTS('',1,(#9382,#9383),.UNSPECIFIED.,.F.,
  .F.,(2,2),(1.,2.),.PIECEWISE_BEZIER_KNOTS.);
#9382 = CARTESIAN_POINT('',(30.398170850339,21.3,-2.25));
#9383 = CARTESIAN_POINT('',(30.398170850339,21.3,0.2));
#9384 = PCURVE('',#9234,#9385);
#9385 = DEFINITIONAL_REPRESENTATION('',(#9386),#9389);
#9386 = B_SPLINE_CURVE_WITH_KNOTS('',1,(#9387,#9388),.UNSPECIFIED.,.F.,
  .F.,(2,2),(1.,2.),.PIECEWISE_BEZIER_KNOTS.);
#9387 = CARTESIAN_POINT('',(37.667863211425,0.));
#9388 = CARTESIAN_POINT('',(37.667863211425,-2.45));
#9389 = ( GEOMETRIC_REPRESENTATION_CONTEXT(2) 
PARAMETRIC_REPRESENTATION_CONTEXT() REPRESENTATION_CONTEXT('2D SPACE',''
  ) );
#9390 = PCURVE('',#1736,#9391);
#9391 = DEFINITIONAL_REPRESENTATION('',(#9392),#9396);
#9392 = LINE('',#9393,#9394);
#9393 = CARTESIAN_POINT('',(0.,1.));
#9394 = VECTOR('',#9395,1.);
#9395 = DIRECTION('',(1.,0.));
#9396 = ( GEOMETRIC_REPRESENTATION_CONTEXT(2) 
PARAMETRIC_REPRESENTATION_CONTEXT() REPRESENTATION_CONTEXT('2D SPACE',''
  ) );
#9397 = ORIENTED_EDGE('',*,*,#9398,.T.);
#9398 = EDGE_CURVE('',#9378,#9284,#9399,.T.);
#9399 = SURFACE_CURVE('',#9400,(#9592,#9787),.PCURVE_S1.);
#9400 = B_SPLINE_CURVE_WITH_KNOTS('',8,(#9401,#9402,#9403,#9404,#9405,
    #9406,#9407,#9408,#9409,#9410,#9411,#9412,#9413,#9414,#9415,#9416,
    #9417,#9418,#9419,#9420,#9421,#9422,#9423,#9424,#9425,#9426,#9427,
    #9428,#9429,#9430,#9431,#9432,#9433,#9434,#9435,#9436,#9437,#9438,
    #9439,#9440,#9441,#9442,#9443,#9444,#9445,#9446,#9447,#9448,#9449,
    #9450,#9451,#9452,#9453,#9454,#9455,#9456,#9457,#9458,#9459,#9460,
    #9461,#9462,#9463,#9464,#9465,#9466,#9467,#9468,#9469,#9470,#9471,
    #9472,#9473,#9474,#9475,#9476,#9477,#9478,#9479,#9480,#9481,#9482,
    #9483,#9484,#9485,#9486,#9487,#9488,#9489,#9490,#9491,#9492,#9493,
    #9494,#9495,#9496,#9497,#9498,#9499,#9500,#9501,#9502,#9503,#9504,
    #9505,#9506,#9507,#9508,#9509,#9510,#9511,#9512,#9513,#9514,#9515,
    #9516,#9517,#9518,#9519,#9520,#9521,#9522,#9523,#9524,#9525,#9526,
    #9527,#9528,#9529,#9530,#9531,#9532,#9533,#9534,#9535,#9536,#9537,
    #9538,#9539,#9540,#9541,#9542,#9543,#9544,#9545,#9546,#9547,#9548,
    #9549,#9550,#9551,#9552,#9553,#9554,#9555,#9556,#9557,#9558,#9559,
    #9560,#9561,#9562,#9563,#9564,#9565,#9566,#9567,#9568,#9569,#9570,
    #9571,#9572,#9573,#9574,#9575,#9576,#9577,#9578,#9579,#9580,#9581,
    #9582,#9583,#9584,#9585,#9586,#9587,#9588,#9589,#9590,#9591),
  .UNSPECIFIED.,.F.,.F.,(9,7,7,7,7,7,7,7,7,7,7,7,7,7,7,7,7,7,7,7,7,7,7,7
    ,7,7,7,9),(0.,3.032137940019E-02,7.660177351748E-02,0.118094580393,
    0.159587453825,0.202676298226,0.247361152448,0.293642066518,
    0.325560064495,0.357478193889,0.397376060118,0.448445816595,
    0.488344505172,0.53143582433,0.579315601804,0.606451855351,
    0.635179539808,0.649541351117,0.694232036705,0.713387751471,
    0.734138124415,0.778826326497,0.81872829526,0.857035417241,
    0.89214974906,0.925667707401,0.958198836588,1.),.UNSPECIFIED.);
#9401 = CARTESIAN_POINT('',(30.398170850339,21.3,-2.));
#9402 = CARTESIAN_POINT('',(30.387765230253,21.388858411956,-2.));
#9403 = CARTESIAN_POINT('',(30.376752950896,21.477646031048,-2.));
#9404 = CARTESIAN_POINT('',(30.365134920159,21.566358065932,-2.));
#9405 = CARTESIAN_POINT('',(30.3529120288,21.654989721292,-2.));
#9406 = CARTESIAN_POINT('',(30.340085150447,21.743536197834,-2.));
#9407 = CARTESIAN_POINT('',(30.326655141598,21.831992692292,-2.));
#9408 = CARTESIAN_POINT('',(30.31262284162,21.920354397426,-2.));
#9409 = CARTESIAN_POINT('',(30.275653130118,22.143333492707,-2.));
#9410 = CARTESIAN_POINT('',(30.251915909525,22.277818458454,-2.));
#9411 = CARTESIAN_POINT('',(30.226780324766,22.412054225603,-2.));
#9412 = CARTESIAN_POINT('',(30.200248657848,22.546023460263,-2.));
#9413 = CARTESIAN_POINT('',(30.172323951963,22.67970911972,-2.));
#9414 = CARTESIAN_POINT('',(30.143010341149,22.813094544934,-2.));
#9415 = CARTESIAN_POINT('',(30.112312316635,22.946163194159,-2.));
#9416 = CARTESIAN_POINT('',(30.051472072808,23.197901766488,-2.));
#9417 = CARTESIAN_POINT('',(30.021600959553,23.316637240797,-2.));
#9418 = CARTESIAN_POINT('',(29.990622893808,23.43509244576,-2.));
#9419 = CARTESIAN_POINT('',(29.958540948368,23.553255324069,-2.));
#9420 = CARTESIAN_POINT('',(29.925358159947,23.671113812456,-2.));
#9421 = CARTESIAN_POINT('',(29.891077724023,23.788655898221,-2.));
#9422 = CARTESIAN_POINT('',(29.855703189667,23.905869675752,-2.));
#9423 = CARTESIAN_POINT('',(29.782774060612,24.139617317822,-2.));
#9424 = CARTESIAN_POINT('',(29.745219452256,24.256151172977,-2.));
#9425 = CARTESIAN_POINT('',(29.706578147814,24.372332981988,-2.));
#9426 = CARTESIAN_POINT('',(29.666854003985,24.488150937506,-2.));
#9427 = CARTESIAN_POINT('',(29.626051221504,24.603593345387,-2.));
#9428 = CARTESIAN_POINT('',(29.584174150962,24.718648558706,-2.));
#9429 = CARTESIAN_POINT('',(29.54122709864,24.833304911782,-2.));
#9430 = CARTESIAN_POINT('',(29.451508262874,25.066190714803,-2.));
#9431 = CARTESIAN_POINT('',(29.404652894596,25.184387986136,-2.));
#9432 = CARTESIAN_POINT('',(29.356653471596,25.302129647932,-2.));
#9433 = CARTESIAN_POINT('',(29.307515178857,25.419402775675,-2.));
#9434 = CARTESIAN_POINT('',(29.25724315829,25.536194432141,-2.));
#9435 = CARTESIAN_POINT('',(29.205842724761,25.652491758937,-2.));
#9436 = CARTESIAN_POINT('',(29.153319582134,25.76828206804,-2.));
#9437 = CARTESIAN_POINT('',(29.044053689014,26.00309342888,-2.));
#9438 = CARTESIAN_POINT('',(28.987226702765,26.122075282002,-2.));
#9439 = CARTESIAN_POINT('',(28.929205157831,26.240484191349,-2.));
#9440 = CARTESIAN_POINT('',(28.869995799913,26.358306186377,-2.));
#9441 = CARTESIAN_POINT('',(28.809605802544,26.475527506264,-2.));
#9442 = CARTESIAN_POINT('',(28.748042526505,26.592134478821,-2.));
#9443 = CARTESIAN_POINT('',(28.68531327924,26.708113399403,-2.));
#9444 = CARTESIAN_POINT('',(28.555254901488,26.942907043638,-2.));
#9445 = CARTESIAN_POINT('',(28.487841531699,27.061675143118,-2.));
#9446 = CARTESIAN_POINT('',(28.419193837437,27.179739899268,-2.));
#9447 = CARTESIAN_POINT('',(28.349320394556,27.297086337732,-2.));
#9448 = CARTESIAN_POINT('',(28.278229739676,27.413699471009,-2.));
#9449 = CARTESIAN_POINT('',(28.20593062764,27.529564450678,-2.));
#9450 = CARTESIAN_POINT('',(28.132432288968,27.644666719628,-2.));
#9451 = CARTESIAN_POINT('',(28.006235792845,27.837837610268,-2.));
#9452 = CARTESIAN_POINT('',(27.954161210811,27.91631355433,-2.));
#9453 = CARTESIAN_POINT('',(27.901523928332,27.994415186595,-2.));
#9454 = CARTESIAN_POINT('',(27.848327022996,28.072137759815,-2.));
#9455 = CARTESIAN_POINT('',(27.794573662859,28.149476589363,-2.));
#9456 = CARTESIAN_POINT('',(27.740267106445,28.226427053233,-2.));
#9457 = CARTESIAN_POINT('',(27.685410702742,28.302984592037,-2.));
#9458 = CARTESIAN_POINT('',(27.574604851562,28.455305139559,-2.));
#9459 = CARTESIAN_POINT('',(27.518655390156,28.531068146536,-2.));
#9460 = CARTESIAN_POINT('',(27.462162728839,28.606429077462,-2.));
#9461 = CARTESIAN_POINT('',(27.405130175654,28.681383344041,-2.));
#9462 = CARTESIAN_POINT('',(27.347561124841,28.75592642216,-2.));
#9463 = CARTESIAN_POINT('',(27.289459056835,28.830053851888,-2.));
#9464 = CARTESIAN_POINT('',(27.230827538266,28.903761237475,-2.));
#9465 = CARTESIAN_POINT('',(27.097723197582,29.068648479203,-2.));
#9466 = CARTESIAN_POINT('',(27.022954653824,29.159589706234,-2.));
#9467 = CARTESIAN_POINT('',(26.94737121888,29.249858997242,-2.));
#9468 = CARTESIAN_POINT('',(26.870979833623,29.339447745224,-2.));
#9469 = CARTESIAN_POINT('',(26.793787691883,29.428347594616,-2.));
#9470 = CARTESIAN_POINT('',(26.715802180713,29.516550368542,-2.));
#9471 = CARTESIAN_POINT('',(26.637030820662,29.604047996055,-2.));
#9472 = CARTESIAN_POINT('',(26.455656726927,29.801917587668,-2.));
#9473 = CARTESIAN_POINT('',(26.352557067299,29.911834175506,-2.));
#9474 = CARTESIAN_POINT('',(26.248197535325,30.020565026942,-2.));
#9475 = CARTESIAN_POINT('',(26.142594012455,30.128093245371,-2.));
#9476 = CARTESIAN_POINT('',(26.035762733323,30.234402100582,-2.));
#9477 = CARTESIAN_POINT('',(25.927720065661,30.339474915811,-2.));
#9478 = CARTESIAN_POINT('',(25.818482290205,30.443294954793,-2.));
#9479 = CARTESIAN_POINT('',(25.621801215789,30.625963659099,-2.));
#9480 = CARTESIAN_POINT('',(25.534817353145,30.705306989678,-2.));
#9481 = CARTESIAN_POINT('',(25.447122609279,30.783868833489,-2.));
#9482 = CARTESIAN_POINT('',(25.358725793109,30.861642741979,-2.));
#9483 = CARTESIAN_POINT('',(25.269635705862,30.938622285102,-2.));
#9484 = CARTESIAN_POINT('',(25.17986114108,31.014801051324,-2.));
#9485 = CARTESIAN_POINT('',(25.089410884614,31.090172647615,-2.));
#9486 = CARTESIAN_POINT('',(24.899885491391,31.245254769853,-2.));
#9487 = CARTESIAN_POINT('',(24.800699512543,31.324830162078,-2.));
#9488 = CARTESIAN_POINT('',(24.700744796569,31.403444994331,-2.));
#9489 = CARTESIAN_POINT('',(24.600030408819,31.48108730863,-2.));
#9490 = CARTESIAN_POINT('',(24.498565461515,31.557745070812,-2.));
#9491 = CARTESIAN_POINT('',(24.396359113745,31.633406170533,-2.));
#9492 = CARTESIAN_POINT('',(24.293420571466,31.708058421271,-2.));
#9493 = CARTESIAN_POINT('',(24.074578376356,31.863502849445,-2.));
#9494 = CARTESIAN_POINT('',(23.958504006664,31.944053269313,-2.));
#9495 = CARTESIAN_POINT('',(23.841559975702,32.023345059913,-2.));
#9496 = CARTESIAN_POINT('',(23.7237707972,32.101384109281,-2.));
#9497 = CARTESIAN_POINT('',(23.605160746301,32.1781766831,-2.));
#9498 = CARTESIAN_POINT('',(23.485753537645,32.253728881369,-2.));
#9499 = CARTESIAN_POINT('',(23.365572436541,32.32804682214,-2.));
#9500 = CARTESIAN_POINT('',(23.176101815904,32.442562318507,-2.));
#9501 = CARTESIAN_POINT('',(23.107322408131,32.483594357087,-2.));
#9502 = CARTESIAN_POINT('',(23.038303512651,32.524227941205,-2.));
#9503 = CARTESIAN_POINT('',(22.969041386802,32.564447735647,-2.));
#9504 = CARTESIAN_POINT('',(22.899535196153,32.604243907176,-2.));
#9505 = CARTESIAN_POINT('',(22.829784826191,32.643607824708,-2.));
#9506 = CARTESIAN_POINT('',(22.759787710554,32.682525734871,-2.));
#9507 = CARTESIAN_POINT('',(22.615179678562,32.7617055057,-2.));
#9508 = CARTESIAN_POINT('',(22.540538803946,32.801912065165,-2.));
#9509 = CARTESIAN_POINT('',(22.465619567568,32.841594266704,-2.));
#9510 = CARTESIAN_POINT('',(22.390420861399,32.880738804496,-2.));
#9511 = CARTESIAN_POINT('',(22.314941742203,32.91933227707,-2.));
#9512 = CARTESIAN_POINT('',(22.239181431543,32.957361187307,-2.));
#9513 = CARTESIAN_POINT('',(22.163139315775,32.994811942438,-2.));
#9514 = CARTESIAN_POINT('',(22.048658156984,33.050097704089,-2.));
#9515 = CARTESIAN_POINT('',(22.010431112712,33.068375016383,-2.));
#9516 = CARTESIAN_POINT('',(21.972135569311,33.086506115891,-2.));
#9517 = CARTESIAN_POINT('',(21.933773541125,33.104494917132,-2.));
#9518 = CARTESIAN_POINT('',(21.895347190905,33.122345673351,-2.));
#9519 = CARTESIAN_POINT('',(21.856858719947,33.140062725685,-2.));
#9520 = CARTESIAN_POINT('',(21.818310258226,33.157650252327,-2.));
#9521 = CARTESIAN_POINT('',(21.659569108499,33.229449054222,-2.));
#9522 = CARTESIAN_POINT('',(21.538878255756,33.28256709814,-2.));
#9523 = CARTESIAN_POINT('',(21.417697801375,33.33458856736,-2.));
#9524 = CARTESIAN_POINT('',(21.296092425431,33.385636558522,-2.));
#9525 = CARTESIAN_POINT('',(21.174124883012,33.435834846991,-2.));
#9526 = CARTESIAN_POINT('',(21.051856004211,33.485307886859,-2.));
#9527 = CARTESIAN_POINT('',(20.929344694131,33.534180810944,-2.));
#9528 = CARTESIAN_POINT('',(20.754056567807,33.603324472954,-2.));
#9529 = CARTESIAN_POINT('',(20.701431098351,33.623981689806,-2.));
#9530 = CARTESIAN_POINT('',(20.648779355415,33.644565627533,-2.));
#9531 = CARTESIAN_POINT('',(20.596096527209,33.665066143552,-2.));
#9532 = CARTESIAN_POINT('',(20.543409694435,33.685538052345,-2.));
#9533 = CARTESIAN_POINT('',(20.49069585398,33.705935526041,-2.));
#9534 = CARTESIAN_POINT('',(20.437968240447,33.726286832032,-2.));
#9535 = CARTESIAN_POINT('',(20.328088760568,33.768579419272,-2.));
#9536 = CARTESIAN_POINT('',(20.27093337633,33.790513588787,-2.));
#9537 = CARTESIAN_POINT('',(20.213759218974,33.812394657173,-2.));
#9538 = CARTESIAN_POINT('',(20.156567746502,33.834226662814,-2.));
#9539 = CARTESIAN_POINT('',(20.099360410772,33.856013647822,-2.));
#9540 = CARTESIAN_POINT('',(20.042138657494,33.877759658039,-2.));
#9541 = CARTESIAN_POINT('',(19.984903926232,33.899468743038,-2.));
#9542 = CARTESIAN_POINT('',(19.804371522021,33.967827056404,-2.));
#9543 = CARTESIAN_POINT('',(19.681031824066,34.01435640382,-2.));
#9544 = CARTESIAN_POINT('',(19.557653456669,34.060775384465,-2.));
#9545 = CARTESIAN_POINT('',(19.434248523919,34.107118430614,-2.));
#9546 = CARTESIAN_POINT('',(19.31083540993,34.153438038471,-2.));
#9547 = CARTESIAN_POINT('',(19.187422914389,34.199759332725,-2.));
#9548 = CARTESIAN_POINT('',(19.064029939437,34.246136415415,-2.));
#9549 = CARTESIAN_POINT('',(18.830518208345,34.334090840231,-2.));
#9550 = CARTESIAN_POINT('',(18.720392061109,34.375646870635,-2.));
#9551 = CARTESIAN_POINT('',(18.610286727842,34.417262267445,-2.));
#9552 = CARTESIAN_POINT('',(18.500199512702,34.458929288671,-2.));
#9553 = CARTESIAN_POINT('',(18.390127713838,34.500640195741,-2.));
#9554 = CARTESIAN_POINT('',(18.280068623386,34.542387253503,-2.));
#9555 = CARTESIAN_POINT('',(18.170019527473,34.584162730227,-2.));
#9556 = CARTESIAN_POINT('',(17.954334160284,34.666084508727,-2.));
#9557 = CARTESIAN_POINT('',(17.848697182294,34.706228787839,-2.));
#9558 = CARTESIAN_POINT('',(17.743065186001,34.746387226225,-2.));
#9559 = CARTESIAN_POINT('',(17.637433862076,34.786547576125,-2.));
#9560 = CARTESIAN_POINT('',(17.531802665223,34.826708287419,-2.));
#9561 = CARTESIAN_POINT('',(17.426169718972,34.866864026025,-2.));
#9562 = CARTESIAN_POINT('',(17.320528889429,34.906997357376,-2.));
#9563 = CARTESIAN_POINT('',(17.118041973255,34.983890250745,-2.));
#9564 = CARTESIAN_POINT('',(17.021196597898,35.020651830376,-2.));
#9565 = CARTESIAN_POINT('',(16.924347150387,35.057401828145,-2.));
#9566 = CARTESIAN_POINT('',(16.827494127674,35.094141655155,-2.));
#9567 = CARTESIAN_POINT('',(16.730638026463,35.130872722655,-2.));
#9568 = CARTESIAN_POINT('',(16.633779343206,35.167596442038,-2.));
#9569 = CARTESIAN_POINT('',(16.53691857411,35.20431422484,-2.));
#9570 = CARTESIAN_POINT('',(16.347597428505,35.276071676531,-2.));
#9571 = CARTESIAN_POINT('',(16.255137193426,35.31111174741,-2.));
#9572 = CARTESIAN_POINT('',(16.162675941248,35.346148923141,-2.));
#9573 = CARTESIAN_POINT('',(16.070214103319,35.381184431487,-2.));
#9574 = CARTESIAN_POINT('',(15.97775211097,35.416219500223,-2.));
#9575 = CARTESIAN_POINT('',(15.885290395523,35.451255357126,-2.));
#9576 = CARTESIAN_POINT('',(15.792829388286,35.486293229984,-2.));
#9577 = CARTESIAN_POINT('',(15.610631838115,35.555343789516,-2.));
#9578 = CARTESIAN_POINT('',(15.499768530174,35.597362911434,-2.));
#9579 = CARTESIAN_POINT('',(15.379306845705,35.643027354583,-2.));
#9580 = CARTESIAN_POINT('',(15.253206884479,35.690834359061,-2.));
#9581 = CARTESIAN_POINT('',(15.117792247168,35.74217683033,-2.));
#9582 = CARTESIAN_POINT('',(14.961679234923,35.801373295039,-2.));
#9583 = CARTESIAN_POINT('',(14.765704598426,35.875693745163,-2.));
#9584 = CARTESIAN_POINT('',(14.16509684505,36.103475870065,-2.));
#9585 = CARTESIAN_POINT('',(13.827344476372,36.23157783925,-2.));
#9586 = CARTESIAN_POINT('',(13.489581719751,36.359650218718,-2.));
#9587 = CARTESIAN_POINT('',(13.151817670403,36.487718967518,-2.));
#9588 = CARTESIAN_POINT('',(12.814053591789,36.615787617466,-2.));
#9589 = CARTESIAN_POINT('',(12.476287865038,36.743851527927,-2.));
#9590 = CARTESIAN_POINT('',(12.138525718274,36.871925698857,-2.));
#9591 = CARTESIAN_POINT('',(11.800763628747,37.,-2.));
#9592 = PCURVE('',#9234,#9593);
#9593 = DEFINITIONAL_REPRESENTATION('',(#9594),#9786);
#9594 = B_SPLINE_CURVE_WITH_KNOTS('',8,(#9595,#9596,#9597,#9598,#9599,
    #9600,#9601,#9602,#9603,#9604,#9605,#9606,#9607,#9608,#9609,#9610,
    #9611,#9612,#9613,#9614,#9615,#9616,#9617,#9618,#9619,#9620,#9621,
    #9622,#9623,#9624,#9625,#9626,#9627,#9628,#9629,#9630,#9631,#9632,
    #9633,#9634,#9635,#9636,#9637,#9638,#9639,#9640,#9641,#9642,#9643,
    #9644,#9645,#9646,#9647,#9648,#9649,#9650,#9651,#9652,#9653,#9654,
    #9655,#9656,#9657,#9658,#9659,#9660,#9661,#9662,#9663,#9664,#9665,
    #9666,#9667,#9668,#9669,#9670,#9671,#9672,#9673,#9674,#9675,#9676,
    #9677,#9678,#9679,#9680,#9681,#9682,#9683,#9684,#9685,#9686,#9687,
    #9688,#9689,#9690,#9691,#9692,#9693,#9694,#9695,#9696,#9697,#9698,
    #9699,#9700,#9701,#9702,#9703,#9704,#9705,#9706,#9707,#9708,#9709,
    #9710,#9711,#9712,#9713,#9714,#9715,#9716,#9717,#9718,#9719,#9720,
    #9721,#9722,#9723,#9724,#9725,#9726,#9727,#9728,#9729,#9730,#9731,
    #9732,#9733,#9734,#9735,#9736,#9737,#9738,#9739,#9740,#9741,#9742,
    #9743,#9744,#9745,#9746,#9747,#9748,#9749,#9750,#9751,#9752,#9753,
    #9754,#9755,#9756,#9757,#9758,#9759,#9760,#9761,#9762,#9763,#9764,
    #9765,#9766,#9767,#9768,#9769,#9770,#9771,#9772,#9773,#9774,#9775,
    #9776,#9777,#9778,#9779,#9780,#9781,#9782,#9783,#9784,#9785),
  .UNSPECIFIED.,.F.,.F.,(9,7,7,7,7,7,7,7,7,7,7,7,7,7,7,7,7,7,7,7,7,7,7,7
    ,7,7,7,9),(0.,3.032137940019E-02,7.660177351748E-02,0.118094580393,
    0.159587453825,0.202676298226,0.247361152448,0.293642066518,
    0.325560064495,0.357478193889,0.397376060118,0.448445816595,
    0.488344505172,0.53143582433,0.579315601804,0.606451855351,
    0.635179539808,0.649541351117,0.694232036705,0.713387751471,
    0.734138124415,0.778826326497,0.81872829526,0.857035417241,
    0.89214974906,0.925667707401,0.958198836588,1.),.UNSPECIFIED.);
#9595 = CARTESIAN_POINT('',(37.667863211425,-0.25));
#9596 = CARTESIAN_POINT('',(37.578401250881,-0.25));
#9597 = CARTESIAN_POINT('',(37.488939546309,-0.25));
#9598 = CARTESIAN_POINT('',(37.399478088496,-0.25));
#9599 = CARTESIAN_POINT('',(37.310016862971,-0.25));
#9600 = CARTESIAN_POINT('',(37.22055585001,-0.25));
#9601 = CARTESIAN_POINT('',(37.13109502463,-0.25));
#9602 = CARTESIAN_POINT('',(37.041634356594,-0.25));
#9603 = CARTESIAN_POINT('',(36.815627603826,-0.25));
#9604 = CARTESIAN_POINT('',(36.679081644177,-0.25));
#9605 = CARTESIAN_POINT('',(36.542535859148,-0.25));
#9606 = CARTESIAN_POINT('',(36.405989989698,-0.25));
#9607 = CARTESIAN_POINT('',(36.269443922431,-0.25));
#9608 = CARTESIAN_POINT('',(36.132897779572,-0.25));
#9609 = CARTESIAN_POINT('',(35.996351766566,-0.25));
#9610 = CARTESIAN_POINT('',(35.737385117918,-0.25));
#9611 = CARTESIAN_POINT('',(35.614964488779,-0.25));
#9612 = CARTESIAN_POINT('',(35.492543897649,-0.25));
#9613 = CARTESIAN_POINT('',(35.370123341397,-0.25));
#9614 = CARTESIAN_POINT('',(35.247702811567,-0.25));
#9615 = CARTESIAN_POINT('',(35.125282299981,-0.25));
#9616 = CARTESIAN_POINT('',(35.00286180433,-0.25));
#9617 = CARTESIAN_POINT('',(34.758020666864,-0.25));
#9618 = CARTESIAN_POINT('',(34.635600030603,-0.25));
#9619 = CARTESIAN_POINT('',(34.513179426808,-0.25));
#9620 = CARTESIAN_POINT('',(34.390758854485,-0.25));
#9621 = CARTESIAN_POINT('',(34.268338312128,-0.25));
#9622 = CARTESIAN_POINT('',(34.145917800014,-0.25));
#9623 = CARTESIAN_POINT('',(34.023497322492,-0.25));
#9624 = CARTESIAN_POINT('',(33.77394771077,-0.25));
#9625 = CARTESIAN_POINT('',(33.646818557012,-0.25));
#9626 = CARTESIAN_POINT('',(33.519689444042,-0.25));
#9627 = CARTESIAN_POINT('',(33.392560378403,-0.25));
#9628 = CARTESIAN_POINT('',(33.265431361017,-0.25));
#9629 = CARTESIAN_POINT('',(33.138302390055,-0.25));
#9630 = CARTESIAN_POINT('',(33.011173463812,-0.25));
#9631 = CARTESIAN_POINT('',(32.752206852491,-0.25));
#9632 = CARTESIAN_POINT('',(32.62036918255,-0.25));
#9633 = CARTESIAN_POINT('',(32.488531571995,-0.25));
#9634 = CARTESIAN_POINT('',(32.356694018299,-0.25));
#9635 = CARTESIAN_POINT('',(32.224856520288,-0.25));
#9636 = CARTESIAN_POINT('',(32.093019080272,-0.25));
#9637 = CARTESIAN_POINT('',(31.961181706172,-0.25));
#9638 = CARTESIAN_POINT('',(31.692798138355,-0.25));
#9639 = CARTESIAN_POINT('',(31.55625191628,-0.25));
#9640 = CARTESIAN_POINT('',(31.419705772493,-0.25));
#9641 = CARTESIAN_POINT('',(31.283159717482,-0.25));
#9642 = CARTESIAN_POINT('',(31.146613752444,-0.25));
#9643 = CARTESIAN_POINT('',(31.010067874554,-0.25));
#9644 = CARTESIAN_POINT('',(30.873522082253,-0.25));
#9645 = CARTESIAN_POINT('',(30.642806558708,-0.25));
#9646 = CARTESIAN_POINT('',(30.548636780949,-0.25));
#9647 = CARTESIAN_POINT('',(30.45446704754,-0.25));
#9648 = CARTESIAN_POINT('',(30.360297359636,-0.25));
#9649 = CARTESIAN_POINT('',(30.266127719251,-0.25));
#9650 = CARTESIAN_POINT('',(30.171958129264,-0.25));
#9651 = CARTESIAN_POINT('',(30.077788593412,-0.25));
#9652 = CARTESIAN_POINT('',(29.889449251448,-0.25));
#9653 = CARTESIAN_POINT('',(29.795279439386,-0.25));
#9654 = CARTESIAN_POINT('',(29.701109685205,-0.25));
#9655 = CARTESIAN_POINT('',(29.606939992447,-0.25));
#9656 = CARTESIAN_POINT('',(29.512770363099,-0.25));
#9657 = CARTESIAN_POINT('',(29.418600797593,-0.25));
#9658 = CARTESIAN_POINT('',(29.324431294808,-0.25));
#9659 = CARTESIAN_POINT('',(29.112549445335,-0.25));
#9660 = CARTESIAN_POINT('',(28.994837117434,-0.25));
#9661 = CARTESIAN_POINT('',(28.877124877222,-0.25));
#9662 = CARTESIAN_POINT('',(28.759412725824,-0.25));
#9663 = CARTESIAN_POINT('',(28.641700665765,-0.25));
#9664 = CARTESIAN_POINT('',(28.523988710108,-0.25));
#9665 = CARTESIAN_POINT('',(28.406276891594,-0.25));
#9666 = CARTESIAN_POINT('',(28.137892959534,-0.25));
#9667 = CARTESIAN_POINT('',(27.987220930638,-0.25));
#9668 = CARTESIAN_POINT('',(27.83654929371,-0.25));
#9669 = CARTESIAN_POINT('',(27.685878004483,-0.25));
#9670 = CARTESIAN_POINT('',(27.535206929394,-0.25));
#9671 = CARTESIAN_POINT('',(27.384535909157,-0.25));
#9672 = CARTESIAN_POINT('',(27.233864822355,-0.25));
#9673 = CARTESIAN_POINT('',(26.965480492786,-0.25));
#9674 = CARTESIAN_POINT('',(26.84776726805,-0.25));
#9675 = CARTESIAN_POINT('',(26.730054185718,-0.25));
#9676 = CARTESIAN_POINT('',(26.612341439224,-0.25));
#9677 = CARTESIAN_POINT('',(26.49462920453,-0.25));
#9678 = CARTESIAN_POINT('',(26.376917640122,-0.25));
#9679 = CARTESIAN_POINT('',(26.259206887009,-0.25));
#9680 = CARTESIAN_POINT('',(26.014368295122,-0.25));
#9681 = CARTESIAN_POINT('',(25.887240687116,-0.25));
#9682 = CARTESIAN_POINT('',(25.760113522247,-0.25));
#9683 = CARTESIAN_POINT('',(25.632986159527,-0.25));
#9684 = CARTESIAN_POINT('',(25.505858039444,-0.25));
#9685 = CARTESIAN_POINT('',(25.37872868396,-0.25));
#9686 = CARTESIAN_POINT('',(25.251597696515,-0.25));
#9687 = CARTESIAN_POINT('',(24.983204370546,-0.25));
#9688 = CARTESIAN_POINT('',(24.841941324808,-0.25));
#9689 = CARTESIAN_POINT('',(24.700678163947,-0.25));
#9690 = CARTESIAN_POINT('',(24.559417261806,-0.25));
#9691 = CARTESIAN_POINT('',(24.418160594632,-0.25));
#9692 = CARTESIAN_POINT('',(24.276909649582,-0.25));
#9693 = CARTESIAN_POINT('',(24.135665474032,-0.25));
#9694 = CARTESIAN_POINT('',(23.914381868459,-0.25));
#9695 = CARTESIAN_POINT('',(23.834337412402,-0.25));
#9696 = CARTESIAN_POINT('',(23.754294959855,-0.25));
#9697 = CARTESIAN_POINT('',(23.674252927536,-0.25));
#9698 = CARTESIAN_POINT('',(23.594210561971,-0.25));
#9699 = CARTESIAN_POINT('',(23.51416737454,-0.25));
#9700 = CARTESIAN_POINT('',(23.43412235609,-0.25));
#9701 = CARTESIAN_POINT('',(23.269333585393,-0.25));
#9702 = CARTESIAN_POINT('',(23.18458955047,-0.25));
#9703 = CARTESIAN_POINT('',(23.099842481642,-0.25));
#9704 = CARTESIAN_POINT('',(23.015091962633,-0.25));
#9705 = CARTESIAN_POINT('',(22.930337765568,-0.25));
#9706 = CARTESIAN_POINT('',(22.845579850971,-0.25));
#9707 = CARTESIAN_POINT('',(22.760818367767,-0.25));
#9708 = CARTESIAN_POINT('',(22.633677288521,-0.25));
#9709 = CARTESIAN_POINT('',(22.591300960977,-0.25));
#9710 = CARTESIAN_POINT('',(22.548924627144,-0.25));
#9711 = CARTESIAN_POINT('',(22.506548276919,-0.25));
#9712 = CARTESIAN_POINT('',(22.464171919411,-0.25));
#9713 = CARTESIAN_POINT('',(22.421795568745,-0.25));
#9714 = CARTESIAN_POINT('',(22.379419229871,-0.25));
#9715 = CARTESIAN_POINT('',(22.205177349306,-0.25));
#9716 = CARTESIAN_POINT('',(22.073317648885,-0.25));
#9717 = CARTESIAN_POINT('',(21.941467407408,-0.25));
#9718 = CARTESIAN_POINT('',(21.809628217453,-0.25));
#9719 = CARTESIAN_POINT('',(21.677799639887,-0.25));
#9720 = CARTESIAN_POINT('',(21.54597920386,-0.25));
#9721 = CARTESIAN_POINT('',(21.414162406809,-0.25));
#9722 = CARTESIAN_POINT('',(21.225840998401,-0.25));
#9723 = CARTESIAN_POINT('',(21.169339078639,-0.25));
#9724 = CARTESIAN_POINT('',(21.11283690959,-0.25));
#9725 = CARTESIAN_POINT('',(21.056336414203,-0.25));
#9726 = CARTESIAN_POINT('',(20.999833149347,-0.25));
#9727 = CARTESIAN_POINT('',(20.943331950275,-0.25));
#9728 = CARTESIAN_POINT('',(20.886830270967,-0.25));
#9729 = CARTESIAN_POINT('',(20.769122818899,-0.25));
#9730 = CARTESIAN_POINT('',(20.707915647198,-0.25));
#9731 = CARTESIAN_POINT('',(20.64670698967,-0.25));
#9732 = CARTESIAN_POINT('',(20.585496988165,-0.25));
#9733 = CARTESIAN_POINT('',(20.524285777526,-0.25));
#9734 = CARTESIAN_POINT('',(20.463073485593,-0.25));
#9735 = CARTESIAN_POINT('',(20.401860233198,-0.25));
#9736 = CARTESIAN_POINT('',(20.208814863707,-0.25));
#9737 = CARTESIAN_POINT('',(20.076979732349,-0.25));
#9738 = CARTESIAN_POINT('',(19.945141845286,-0.25));
#9739 = CARTESIAN_POINT('',(19.813302100346,-0.25));
#9740 = CARTESIAN_POINT('',(19.681461799576,-0.25));
#9741 = CARTESIAN_POINT('',(19.549621567202,-0.25));
#9742 = CARTESIAN_POINT('',(19.417782702893,-0.25));
#9743 = CARTESIAN_POINT('',(19.16822931462,-0.25));
#9744 = CARTESIAN_POINT('',(19.050514330854,-0.25));
#9745 = CARTESIAN_POINT('',(18.932800842367,-0.25));
#9746 = CARTESIAN_POINT('',(18.815088671791,-0.25));
#9747 = CARTESIAN_POINT('',(18.69737763498,-0.25));
#9748 = CARTESIAN_POINT('',(18.579667541006,-0.25));
#9749 = CARTESIAN_POINT('',(18.461958192163,-0.25));
#9750 = CARTESIAN_POINT('',(18.23124529385,-0.25));
#9751 = CARTESIAN_POINT('',(18.118241695754,-0.25));
#9752 = CARTESIAN_POINT('',(18.005238470893,-0.25));
#9753 = CARTESIAN_POINT('',(17.89223529626,-0.25));
#9754 = CARTESIAN_POINT('',(17.77923213108,-0.25));
#9755 = CARTESIAN_POINT('',(17.66622883497,-0.25));
#9756 = CARTESIAN_POINT('',(17.553224948512,-0.25));
#9757 = CARTESIAN_POINT('',(17.336634972202,-0.25));
#9758 = CARTESIAN_POINT('',(17.233048936877,-0.25));
#9759 = CARTESIAN_POINT('',(17.129462598853,-0.25));
#9760 = CARTESIAN_POINT('',(17.025875995783,-0.25));
#9761 = CARTESIAN_POINT('',(16.922289165038,-0.25));
#9762 = CARTESIAN_POINT('',(16.818702143708,-0.25));
#9763 = CARTESIAN_POINT('',(16.7151149686,-0.25));
#9764 = CARTESIAN_POINT('',(16.512649686253,-0.25));
#9765 = CARTESIAN_POINT('',(16.413771589606,-0.25));
#9766 = CARTESIAN_POINT('',(16.314893418083,-0.25));
#9767 = CARTESIAN_POINT('',(16.216015203453,-0.25));
#9768 = CARTESIAN_POINT('',(16.117136977474,-0.25));
#9769 = CARTESIAN_POINT('',(16.018258771889,-0.25));
#9770 = CARTESIAN_POINT('',(15.919380618425,-0.25));
#9771 = CARTESIAN_POINT('',(15.724535627902,-0.25));
#9772 = CARTESIAN_POINT('',(15.605975593709,-0.25));
#9773 = CARTESIAN_POINT('',(15.477148536927,-0.25));
#9774 = CARTESIAN_POINT('',(15.342290048516,-0.25));
#9775 = CARTESIAN_POINT('',(15.197468652395,-0.25));
#9776 = CARTESIAN_POINT('',(15.030509126058,-0.25));
#9777 = CARTESIAN_POINT('',(14.820915709093,-0.25));
#9778 = CARTESIAN_POINT('',(14.17856690384,-0.25));
#9779 = CARTESIAN_POINT('',(13.817338804476,-0.25));
#9780 = CARTESIAN_POINT('',(13.456109926844,-0.25));
#9781 = CARTESIAN_POINT('',(13.094880970197,-0.25));
#9782 = CARTESIAN_POINT('',(12.733652005722,-0.25));
#9783 = CARTESIAN_POINT('',(12.372422902051,-0.25));
#9784 = CARTESIAN_POINT('',(12.011194088789,-0.25));
#9785 = CARTESIAN_POINT('',(11.64996526853,-0.25));
#9786 = ( GEOMETRIC_REPRESENTATION_CONTEXT(2) 
PARAMETRIC_REPRESENTATION_CONTEXT() REPRESENTATION_CONTEXT('2D SPACE',''
  ) );
#9787 = PCURVE('',#9788,#9793);
#9788 = PLANE('',#9789);
#9789 = AXIS2_PLACEMENT_3D('',#9790,#9791,#9792);
#9790 = CARTESIAN_POINT('',(-30.75,21.174235832114,-2.));
#9791 = DIRECTION('',(0.,5.480694194524E-17,-1.));
#9792 = DIRECTION('',(0.,1.,5.480694194524E-17));
#9793 = DEFINITIONAL_REPRESENTATION('',(#9794),#9986);
#9794 = B_SPLINE_CURVE_WITH_KNOTS('',8,(#9795,#9796,#9797,#9798,#9799,
    #9800,#9801,#9802,#9803,#9804,#9805,#9806,#9807,#9808,#9809,#9810,
    #9811,#9812,#9813,#9814,#9815,#9816,#9817,#9818,#9819,#9820,#9821,
    #9822,#9823,#9824,#9825,#9826,#9827,#9828,#9829,#9830,#9831,#9832,
    #9833,#9834,#9835,#9836,#9837,#9838,#9839,#9840,#9841,#9842,#9843,
    #9844,#9845,#9846,#9847,#9848,#9849,#9850,#9851,#9852,#9853,#9854,
    #9855,#9856,#9857,#9858,#9859,#9860,#9861,#9862,#9863,#9864,#9865,
    #9866,#9867,#9868,#9869,#9870,#9871,#9872,#9873,#9874,#9875,#9876,
    #9877,#9878,#9879,#9880,#9881,#9882,#9883,#9884,#9885,#9886,#9887,
    #9888,#9889,#9890,#9891,#9892,#9893,#9894,#9895,#9896,#9897,#9898,
    #9899,#9900,#9901,#9902,#9903,#9904,#9905,#9906,#9907,#9908,#9909,
    #9910,#9911,#9912,#9913,#9914,#9915,#9916,#9917,#9918,#9919,#9920,
    #9921,#9922,#9923,#9924,#9925,#9926,#9927,#9928,#9929,#9930,#9931,
    #9932,#9933,#9934,#9935,#9936,#9937,#9938,#9939,#9940,#9941,#9942,
    #9943,#9944,#9945,#9946,#9947,#9948,#9949,#9950,#9951,#9952,#9953,
    #9954,#9955,#9956,#9957,#9958,#9959,#9960,#9961,#9962,#9963,#9964,
    #9965,#9966,#9967,#9968,#9969,#9970,#9971,#9972,#9973,#9974,#9975,
    #9976,#9977,#9978,#9979,#9980,#9981,#9982,#9983,#9984,#9985),
  .UNSPECIFIED.,.F.,.F.,(9,7,7,7,7,7,7,7,7,7,7,7,7,7,7,7,7,7,7,7,7,7,7,7
    ,7,7,7,9),(0.,3.032137940019E-02,7.660177351748E-02,0.118094580393,
    0.159587453825,0.202676298226,0.247361152448,0.293642066518,
    0.325560064495,0.357478193889,0.397376060118,0.448445816595,
    0.488344505172,0.53143582433,0.579315601804,0.606451855351,
    0.635179539808,0.649541351117,0.694232036705,0.713387751471,
    0.734138124415,0.778826326497,0.81872829526,0.857035417241,
    0.89214974906,0.925667707401,0.958198836588,1.),.UNSPECIFIED.);
#9795 = CARTESIAN_POINT('',(0.125764167886,61.148170850339));
#9796 = CARTESIAN_POINT('',(0.214622579841,61.137765230253));
#9797 = CARTESIAN_POINT('',(0.303410198933,61.126752950896));
#9798 = CARTESIAN_POINT('',(0.392122233818,61.115134920159));
#9799 = CARTESIAN_POINT('',(0.480753889178,61.1029120288));
#9800 = CARTESIAN_POINT('',(0.56930036572,61.090085150447));
#9801 = CARTESIAN_POINT('',(0.657756860178,61.076655141598));
#9802 = CARTESIAN_POINT('',(0.746118565311,61.06262284162));
#9803 = CARTESIAN_POINT('',(0.969097660593,61.025653130118));
#9804 = CARTESIAN_POINT('',(1.10358262634,61.001915909525));
#9805 = CARTESIAN_POINT('',(1.237818393489,60.976780324766));
#9806 = CARTESIAN_POINT('',(1.371787628149,60.950248657848));
#9807 = CARTESIAN_POINT('',(1.505473287606,60.922323951963));
#9808 = CARTESIAN_POINT('',(1.63885871282,60.893010341149));
#9809 = CARTESIAN_POINT('',(1.771927362045,60.862312316635));
#9810 = CARTESIAN_POINT('',(2.023665934374,60.801472072808));
#9811 = CARTESIAN_POINT('',(2.142401408683,60.771600959553));
#9812 = CARTESIAN_POINT('',(2.260856613646,60.740622893808));
#9813 = CARTESIAN_POINT('',(2.379019491954,60.708540948368));
#9814 = CARTESIAN_POINT('',(2.496877980342,60.675358159947));
#9815 = CARTESIAN_POINT('',(2.614420066107,60.641077724023));
#9816 = CARTESIAN_POINT('',(2.731633843638,60.605703189667));
#9817 = CARTESIAN_POINT('',(2.965381485708,60.532774060612));
#9818 = CARTESIAN_POINT('',(3.081915340863,60.495219452256));
#9819 = CARTESIAN_POINT('',(3.198097149873,60.456578147814));
#9820 = CARTESIAN_POINT('',(3.313915105392,60.416854003985));
#9821 = CARTESIAN_POINT('',(3.429357513273,60.376051221504));
#9822 = CARTESIAN_POINT('',(3.544412726591,60.334174150962));
#9823 = CARTESIAN_POINT('',(3.659069079668,60.29122709864));
#9824 = CARTESIAN_POINT('',(3.891954882689,60.201508262874));
#9825 = CARTESIAN_POINT('',(4.010152154022,60.154652894596));
#9826 = CARTESIAN_POINT('',(4.127893815817,60.106653471596));
#9827 = CARTESIAN_POINT('',(4.245166943561,60.057515178857));
#9828 = CARTESIAN_POINT('',(4.361958600027,60.00724315829));
#9829 = CARTESIAN_POINT('',(4.478255926823,59.955842724761));
#9830 = CARTESIAN_POINT('',(4.594046235926,59.903319582134));
#9831 = CARTESIAN_POINT('',(4.828857596766,59.794053689014));
#9832 = CARTESIAN_POINT('',(4.947839449888,59.737226702765));
#9833 = CARTESIAN_POINT('',(5.066248359235,59.679205157831));
#9834 = CARTESIAN_POINT('',(5.184070354262,59.619995799913));
#9835 = CARTESIAN_POINT('',(5.30129167415,59.559605802544));
#9836 = CARTESIAN_POINT('',(5.417898646707,59.498042526505));
#9837 = CARTESIAN_POINT('',(5.533877567289,59.43531327924));
#9838 = CARTESIAN_POINT('',(5.768671211524,59.305254901488));
#9839 = CARTESIAN_POINT('',(5.887439311003,59.237841531699));
#9840 = CARTESIAN_POINT('',(6.005504067153,59.169193837437));
#9841 = CARTESIAN_POINT('',(6.122850505618,59.099320394556));
#9842 = CARTESIAN_POINT('',(6.239463638895,59.028229739676));
#9843 = CARTESIAN_POINT('',(6.355328618564,58.95593062764));
#9844 = CARTESIAN_POINT('',(6.470430887513,58.882432288968));
#9845 = CARTESIAN_POINT('',(6.663601778154,58.756235792845));
#9846 = CARTESIAN_POINT('',(6.742077722216,58.704161210811));
#9847 = CARTESIAN_POINT('',(6.820179354481,58.651523928332));
#9848 = CARTESIAN_POINT('',(6.897901927701,58.598327022996));
#9849 = CARTESIAN_POINT('',(6.975240757249,58.544573662859));
#9850 = CARTESIAN_POINT('',(7.052191221118,58.490267106445));
#9851 = CARTESIAN_POINT('',(7.128748759922,58.435410702742));
#9852 = CARTESIAN_POINT('',(7.281069307445,58.324604851562));
#9853 = CARTESIAN_POINT('',(7.356832314422,58.268655390156));
#9854 = CARTESIAN_POINT('',(7.432193245348,58.212162728839));
#9855 = CARTESIAN_POINT('',(7.507147511927,58.155130175654));
#9856 = CARTESIAN_POINT('',(7.581690590046,58.097561124841));
#9857 = CARTESIAN_POINT('',(7.655818019773,58.039459056835));
#9858 = CARTESIAN_POINT('',(7.729525405361,57.980827538266));
#9859 = CARTESIAN_POINT('',(7.894412647089,57.847723197582));
#9860 = CARTESIAN_POINT('',(7.98535387412,57.772954653824));
#9861 = CARTESIAN_POINT('',(8.075623165128,57.69737121888));
#9862 = CARTESIAN_POINT('',(8.16521191311,57.620979833623));
#9863 = CARTESIAN_POINT('',(8.254111762502,57.543787691883));
#9864 = CARTESIAN_POINT('',(8.342314536428,57.465802180713));
#9865 = CARTESIAN_POINT('',(8.429812163941,57.387030820662));
#9866 = CARTESIAN_POINT('',(8.627681755554,57.205656726927));
#9867 = CARTESIAN_POINT('',(8.737598343392,57.102557067299));
#9868 = CARTESIAN_POINT('',(8.846329194828,56.998197535325));
#9869 = CARTESIAN_POINT('',(8.953857413257,56.892594012455));
#9870 = CARTESIAN_POINT('',(9.060166268468,56.785762733323));
#9871 = CARTESIAN_POINT('',(9.165239083697,56.677720065661));
#9872 = CARTESIAN_POINT('',(9.269059122679,56.568482290205));
#9873 = CARTESIAN_POINT('',(9.451727826985,56.371801215789));
#9874 = CARTESIAN_POINT('',(9.531071157564,56.284817353145));
#9875 = CARTESIAN_POINT('',(9.609633001375,56.197122609279));
#9876 = CARTESIAN_POINT('',(9.687406909864,56.108725793109));
#9877 = CARTESIAN_POINT('',(9.764386452988,56.019635705862));
#9878 = CARTESIAN_POINT('',(9.840565219209,55.92986114108));
#9879 = CARTESIAN_POINT('',(9.915936815501,55.839410884614));
#9880 = CARTESIAN_POINT('',(10.071018937738,55.649885491391));
#9881 = CARTESIAN_POINT('',(10.150594329963,55.550699512543));
#9882 = CARTESIAN_POINT('',(10.229209162217,55.450744796569));
#9883 = CARTESIAN_POINT('',(10.306851476516,55.350030408819));
#9884 = CARTESIAN_POINT('',(10.383509238698,55.248565461515));
#9885 = CARTESIAN_POINT('',(10.459170338419,55.146359113745));
#9886 = CARTESIAN_POINT('',(10.533822589157,55.043420571466));
#9887 = CARTESIAN_POINT('',(10.689267017331,54.824578376356));
#9888 = CARTESIAN_POINT('',(10.769817437199,54.708504006664));
#9889 = CARTESIAN_POINT('',(10.849109227798,54.591559975702));
#9890 = CARTESIAN_POINT('',(10.927148277167,54.4737707972));
#9891 = CARTESIAN_POINT('',(11.003940850986,54.355160746301));
#9892 = CARTESIAN_POINT('',(11.079493049254,54.235753537645));
#9893 = CARTESIAN_POINT('',(11.153810990025,54.115572436541));
#9894 = CARTESIAN_POINT('',(11.268326486393,53.926101815904));
#9895 = CARTESIAN_POINT('',(11.309358524973,53.857322408131));
#9896 = CARTESIAN_POINT('',(11.349992109091,53.788303512651));
#9897 = CARTESIAN_POINT('',(11.390211903533,53.719041386802));
#9898 = CARTESIAN_POINT('',(11.430008075062,53.649535196153));
#9899 = CARTESIAN_POINT('',(11.469371992593,53.579784826191));
#9900 = CARTESIAN_POINT('',(11.508289902757,53.509787710554));
#9901 = CARTESIAN_POINT('',(11.587469673586,53.365179678562));
#9902 = CARTESIAN_POINT('',(11.627676233051,53.290538803946));
#9903 = CARTESIAN_POINT('',(11.66735843459,53.215619567568));
#9904 = CARTESIAN_POINT('',(11.706502972382,53.140420861399));
#9905 = CARTESIAN_POINT('',(11.745096444956,53.064941742203));
#9906 = CARTESIAN_POINT('',(11.783125355193,52.989181431543));
#9907 = CARTESIAN_POINT('',(11.820576110324,52.913139315775));
#9908 = CARTESIAN_POINT('',(11.875861871975,52.798658156984));
#9909 = CARTESIAN_POINT('',(11.894139184269,52.760431112712));
#9910 = CARTESIAN_POINT('',(11.912270283777,52.722135569311));
#9911 = CARTESIAN_POINT('',(11.930259085018,52.683773541125));
#9912 = CARTESIAN_POINT('',(11.948109841237,52.645347190905));
#9913 = CARTESIAN_POINT('',(11.965826893571,52.606858719947));
#9914 = CARTESIAN_POINT('',(11.983414420212,52.568310258226));
#9915 = CARTESIAN_POINT('',(12.055213222108,52.409569108499));
#9916 = CARTESIAN_POINT('',(12.108331266026,52.288878255756));
#9917 = CARTESIAN_POINT('',(12.160352735246,52.167697801375));
#9918 = CARTESIAN_POINT('',(12.211400726408,52.046092425431));
#9919 = CARTESIAN_POINT('',(12.261599014877,51.924124883012));
#9920 = CARTESIAN_POINT('',(12.311072054745,51.801856004211));
#9921 = CARTESIAN_POINT('',(12.35994497883,51.679344694131));
#9922 = CARTESIAN_POINT('',(12.42908864084,51.504056567807));
#9923 = CARTESIAN_POINT('',(12.449745857692,51.451431098351));
#9924 = CARTESIAN_POINT('',(12.470329795419,51.398779355415));
#9925 = CARTESIAN_POINT('',(12.490830311438,51.346096527209));
#9926 = CARTESIAN_POINT('',(12.511302220231,51.293409694435));
#9927 = CARTESIAN_POINT('',(12.531699693927,51.24069585398));
#9928 = CARTESIAN_POINT('',(12.552050999918,51.187968240447));
#9929 = CARTESIAN_POINT('',(12.594343587158,51.078088760568));
#9930 = CARTESIAN_POINT('',(12.616277756672,51.02093337633));
#9931 = CARTESIAN_POINT('',(12.638158825059,50.963759218974));
#9932 = CARTESIAN_POINT('',(12.6599908307,50.906567746502));
#9933 = CARTESIAN_POINT('',(12.681777815707,50.849360410772));
#9934 = CARTESIAN_POINT('',(12.703523825925,50.792138657494));
#9935 = CARTESIAN_POINT('',(12.725232910924,50.734903926232));
#9936 = CARTESIAN_POINT('',(12.79359122429,50.554371522021));
#9937 = CARTESIAN_POINT('',(12.840120571706,50.431031824066));
#9938 = CARTESIAN_POINT('',(12.886539552351,50.307653456669));
#9939 = CARTESIAN_POINT('',(12.9328825985,50.184248523919));
#9940 = CARTESIAN_POINT('',(12.979202206357,50.06083540993));
#9941 = CARTESIAN_POINT('',(13.02552350061,49.937422914389));
#9942 = CARTESIAN_POINT('',(13.071900583301,49.814029939437));
#9943 = CARTESIAN_POINT('',(13.159855008117,49.580518208345));
#9944 = CARTESIAN_POINT('',(13.201411038521,49.470392061109));
#9945 = CARTESIAN_POINT('',(13.243026435331,49.360286727842));
#9946 = CARTESIAN_POINT('',(13.284693456557,49.250199512702));
#9947 = CARTESIAN_POINT('',(13.326404363627,49.140127713838));
#9948 = CARTESIAN_POINT('',(13.368151421389,49.030068623386));
#9949 = CARTESIAN_POINT('',(13.409926898113,48.920019527473));
#9950 = CARTESIAN_POINT('',(13.491848676613,48.704334160284));
#9951 = CARTESIAN_POINT('',(13.531992955725,48.598697182294));
#9952 = CARTESIAN_POINT('',(13.572151394111,48.493065186001));
#9953 = CARTESIAN_POINT('',(13.612311744011,48.387433862076));
#9954 = CARTESIAN_POINT('',(13.652472455305,48.281802665223));
#9955 = CARTESIAN_POINT('',(13.692628193911,48.176169718972));
#9956 = CARTESIAN_POINT('',(13.732761525262,48.070528889429));
#9957 = CARTESIAN_POINT('',(13.80965441863,47.868041973255));
#9958 = CARTESIAN_POINT('',(13.846415998261,47.771196597898));
#9959 = CARTESIAN_POINT('',(13.88316599603,47.674347150387));
#9960 = CARTESIAN_POINT('',(13.919905823041,47.577494127674));
#9961 = CARTESIAN_POINT('',(13.956636890541,47.480638026463));
#9962 = CARTESIAN_POINT('',(13.993360609924,47.383779343206));
#9963 = CARTESIAN_POINT('',(14.030078392726,47.28691857411));
#9964 = CARTESIAN_POINT('',(14.101835844417,47.097597428505));
#9965 = CARTESIAN_POINT('',(14.136875915296,47.005137193426));
#9966 = CARTESIAN_POINT('',(14.171913091027,46.912675941248));
#9967 = CARTESIAN_POINT('',(14.206948599373,46.820214103319));
#9968 = CARTESIAN_POINT('',(14.241983668109,46.72775211097));
#9969 = CARTESIAN_POINT('',(14.277019525012,46.635290395523));
#9970 = CARTESIAN_POINT('',(14.31205739787,46.542829388286));
#9971 = CARTESIAN_POINT('',(14.381107957402,46.360631838115));
#9972 = CARTESIAN_POINT('',(14.42312707932,46.249768530174));
#9973 = CARTESIAN_POINT('',(14.468791522469,46.129306845705));
#9974 = CARTESIAN_POINT('',(14.516598526947,46.003206884479));
#9975 = CARTESIAN_POINT('',(14.567940998216,45.867792247168));
#9976 = CARTESIAN_POINT('',(14.627137462925,45.711679234923));
#9977 = CARTESIAN_POINT('',(14.701457913049,45.515704598426));
#9978 = CARTESIAN_POINT('',(14.929240037951,44.91509684505));
#9979 = CARTESIAN_POINT('',(15.057342007136,44.577344476372));
#9980 = CARTESIAN_POINT('',(15.185414386604,44.239581719751));
#9981 = CARTESIAN_POINT('',(15.313483135404,43.901817670403));
#9982 = CARTESIAN_POINT('',(15.441551785351,43.564053591789));
#9983 = CARTESIAN_POINT('',(15.569615695813,43.226287865038));
#9984 = CARTESIAN_POINT('',(15.697689866743,42.888525718274));
#9985 = CARTESIAN_POINT('',(15.825764167886,42.550763628747));
#9986 = ( GEOMETRIC_REPRESENTATION_CONTEXT(2) 
PARAMETRIC_REPRESENTATION_CONTEXT() REPRESENTATION_CONTEXT('2D SPACE',''
  ) );
#9987 = ADVANCED_FACE('',(#9988,#10727,#10762,#10797,#10832,#10867,
    #10902,#10937,#10972,#11007,#11042,#11077),#9788,.T.);
#9988 = FACE_BOUND('',#9989,.T.);
#9989 = EDGE_LOOP('',(#9990,#10013,#10014,#10043,#10071,#10100));
#9990 = ORIENTED_EDGE('',*,*,#9991,.T.);
#9991 = EDGE_CURVE('',#9992,#9284,#9994,.T.);
#9992 = VERTEX_POINT('',#9993);
#9993 = CARTESIAN_POINT('',(-11.80076362874,37.,-2.));
#9994 = SURFACE_CURVE('',#9995,(#9999,#10006),.PCURVE_S1.);
#9995 = LINE('',#9996,#9997);
#9996 = CARTESIAN_POINT('',(-30.75,37.,-2.));
#9997 = VECTOR('',#9998,1.);
#9998 = DIRECTION('',(1.,-0.,-0.));
#9999 = PCURVE('',#9788,#10000);
#10000 = DEFINITIONAL_REPRESENTATION('',(#10001),#10005);
#10001 = LINE('',#10002,#10003);
#10002 = CARTESIAN_POINT('',(15.825764167886,0.));
#10003 = VECTOR('',#10004,1.);
#10004 = DIRECTION('',(0.,1.));
#10005 = ( GEOMETRIC_REPRESENTATION_CONTEXT(2) 
PARAMETRIC_REPRESENTATION_CONTEXT() REPRESENTATION_CONTEXT('2D SPACE',''
  ) );
#10006 = PCURVE('',#9329,#10007);
#10007 = DEFINITIONAL_REPRESENTATION('',(#10008),#10012);
#10008 = LINE('',#10009,#10010);
#10009 = CARTESIAN_POINT('',(-4.742902055621,0.));
#10010 = VECTOR('',#10011,1.);
#10011 = DIRECTION('',(0.,1.));
#10012 = ( GEOMETRIC_REPRESENTATION_CONTEXT(2) 
PARAMETRIC_REPRESENTATION_CONTEXT() REPRESENTATION_CONTEXT('2D SPACE',''
  ) );
#10013 = ORIENTED_EDGE('',*,*,#9398,.F.);
#10014 = ORIENTED_EDGE('',*,*,#10015,.F.);
#10015 = EDGE_CURVE('',#10016,#9378,#10018,.T.);
#10016 = VERTEX_POINT('',#10017);
#10017 = CARTESIAN_POINT('',(30.412343290517,21.174235832114,-2.));
#10018 = SURFACE_CURVE('',#10019,(#10025,#10034),.PCURVE_S1.);
#10019 = B_SPLINE_CURVE_WITH_KNOTS('',4,(#10020,#10021,#10022,#10023,
    #10024),.UNSPECIFIED.,.F.,.F.,(5,5),(0.,1.),
  .PIECEWISE_BEZIER_KNOTS.);
#10020 = CARTESIAN_POINT('',(30.412343290517,21.174235832114,-2.));
#10021 = CARTESIAN_POINT('',(30.408943346828,21.205686460059,-2.));
#10022 = CARTESIAN_POINT('',(30.405456106562,21.237133950609,-2.));
#10023 = CARTESIAN_POINT('',(30.401880365135,21.268574876917,-2.));
#10024 = CARTESIAN_POINT('',(30.398170850339,21.3,-2.));
#10025 = PCURVE('',#9788,#10026);
#10026 = DEFINITIONAL_REPRESENTATION('',(#10027),#10033);
#10027 = B_SPLINE_CURVE_WITH_KNOTS('',4,(#10028,#10029,#10030,#10031,
    #10032),.UNSPECIFIED.,.F.,.F.,(5,5),(0.,1.),
  .PIECEWISE_BEZIER_KNOTS.);
#10028 = CARTESIAN_POINT('',(-1.33226762955E-15,61.162343290517));
#10029 = CARTESIAN_POINT('',(3.14506279444E-02,61.158943346828));
#10030 = CARTESIAN_POINT('',(6.28981184944E-02,61.155456106562));
#10031 = CARTESIAN_POINT('',(9.43390448032E-02,61.151880365135));
#10032 = CARTESIAN_POINT('',(0.125764167886,61.148170850339));
#10033 = ( GEOMETRIC_REPRESENTATION_CONTEXT(2) 
PARAMETRIC_REPRESENTATION_CONTEXT() REPRESENTATION_CONTEXT('2D SPACE',''
  ) );
#10034 = PCURVE('',#1736,#10035);
#10035 = DEFINITIONAL_REPRESENTATION('',(#10036),#10042);
#10036 = B_SPLINE_CURVE_WITH_KNOTS('',4,(#10037,#10038,#10039,#10040,
    #10041),.UNSPECIFIED.,.F.,.F.,(5,5),(0.,1.),
  .PIECEWISE_BEZIER_KNOTS.);
#10037 = CARTESIAN_POINT('',(1.103585377927,0.994446687362));
#10038 = CARTESIAN_POINT('',(1.102814064353,0.995835621652));
#10039 = CARTESIAN_POINT('',(1.102295494517,0.997223449992));
#10040 = CARTESIAN_POINT('',(1.102036256149,0.998610631118));
#10041 = CARTESIAN_POINT('',(1.102040816327,1.));
#10042 = ( GEOMETRIC_REPRESENTATION_CONTEXT(2) 
PARAMETRIC_REPRESENTATION_CONTEXT() REPRESENTATION_CONTEXT('2D SPACE',''
  ) );
#10043 = ORIENTED_EDGE('',*,*,#10044,.F.);
#10044 = EDGE_CURVE('',#10045,#10016,#10047,.T.);
#10045 = VERTEX_POINT('',#10046);
#10046 = CARTESIAN_POINT('',(-30.41234329052,21.174235832114,-2.));
#10047 = SURFACE_CURVE('',#10048,(#10052,#10059),.PCURVE_S1.);
#10048 = LINE('',#10049,#10050);
#10049 = CARTESIAN_POINT('',(-30.75,21.174235832114,-2.));
#10050 = VECTOR('',#10051,1.);
#10051 = DIRECTION('',(1.,-0.,-0.));
#10052 = PCURVE('',#9788,#10053);
#10053 = DEFINITIONAL_REPRESENTATION('',(#10054),#10058);
#10054 = LINE('',#10055,#10056);
#10055 = CARTESIAN_POINT('',(0.,0.));
#10056 = VECTOR('',#10057,1.);
#10057 = DIRECTION('',(0.,1.));
#10058 = ( GEOMETRIC_REPRESENTATION_CONTEXT(2) 
PARAMETRIC_REPRESENTATION_CONTEXT() REPRESENTATION_CONTEXT('2D SPACE',''
  ) );
#10059 = PCURVE('',#10060,#10065);
#10060 = CYLINDRICAL_SURFACE('',#10061,1.);
#10061 = AXIS2_PLACEMENT_3D('',#10062,#10063,#10064);
#10062 = CARTESIAN_POINT('',(-30.75,21.174235832114,-3.));
#10063 = DIRECTION('',(1.,-0.,-0.));
#10064 = DIRECTION('',(0.,0.,-1.));
#10065 = DEFINITIONAL_REPRESENTATION('',(#10066),#10070);
#10066 = LINE('',#10067,#10068);
#10067 = CARTESIAN_POINT('',(3.14159265359,0.));
#10068 = VECTOR('',#10069,1.);
#10069 = DIRECTION('',(0.,1.));
#10070 = ( GEOMETRIC_REPRESENTATION_CONTEXT(2) 
PARAMETRIC_REPRESENTATION_CONTEXT() REPRESENTATION_CONTEXT('2D SPACE',''
  ) );
#10071 = ORIENTED_EDGE('',*,*,#10072,.F.);
#10072 = EDGE_CURVE('',#10073,#10045,#10075,.T.);
#10073 = VERTEX_POINT('',#10074);
#10074 = CARTESIAN_POINT('',(-30.39817085033,21.3,-2.));
#10075 = SURFACE_CURVE('',#10076,(#10082,#10091),.PCURVE_S1.);
#10076 = B_SPLINE_CURVE_WITH_KNOTS('',4,(#10077,#10078,#10079,#10080,
    #10081),.UNSPECIFIED.,.F.,.F.,(5,5),(0.,1.),
  .PIECEWISE_BEZIER_KNOTS.);
#10077 = CARTESIAN_POINT('',(-30.39817085033,21.3,-2.));
#10078 = CARTESIAN_POINT('',(-30.40188036615,21.268574868177,-2.));
#10079 = CARTESIAN_POINT('',(-30.4054562022,21.237133983468,-2.));
#10080 = CARTESIAN_POINT('',(-30.40894334567,21.205686470733,-2.));
#10081 = CARTESIAN_POINT('',(-30.41234329052,21.174235832114,-2.));
#10082 = PCURVE('',#9788,#10083);
#10083 = DEFINITIONAL_REPRESENTATION('',(#10084),#10090);
#10084 = B_SPLINE_CURVE_WITH_KNOTS('',4,(#10085,#10086,#10087,#10088,
    #10089),.UNSPECIFIED.,.F.,.F.,(5,5),(0.,1.),
  .PIECEWISE_BEZIER_KNOTS.);
#10085 = CARTESIAN_POINT('',(0.125764167886,0.351829149661));
#10086 = CARTESIAN_POINT('',(9.433903606237E-02,0.348119633847));
#10087 = CARTESIAN_POINT('',(6.289815135379E-02,0.344543797792));
#10088 = CARTESIAN_POINT('',(3.145063861923E-02,0.341056654323));
#10089 = CARTESIAN_POINT('',(-1.33226762955E-15,0.337656709476));
#10090 = ( GEOMETRIC_REPRESENTATION_CONTEXT(2) 
PARAMETRIC_REPRESENTATION_CONTEXT() REPRESENTATION_CONTEXT('2D SPACE',''
  ) );
#10091 = PCURVE('',#145,#10092);
#10092 = DEFINITIONAL_REPRESENTATION('',(#10093),#10099);
#10093 = B_SPLINE_CURVE_WITH_KNOTS('',4,(#10094,#10095,#10096,#10097,
    #10098),.UNSPECIFIED.,.F.,.F.,(5,5),(0.,1.),
  .PIECEWISE_BEZIER_KNOTS.);
#10094 = CARTESIAN_POINT('',(3.897959183673,1.));
#10095 = CARTESIAN_POINT('',(3.897963743852,0.998610630732));
#10096 = CARTESIAN_POINT('',(3.897704489093,0.997223445365));
#10097 = CARTESIAN_POINT('',(3.897185935908,0.995835622123));
#10098 = CARTESIAN_POINT('',(3.896414622073,0.994446687362));
#10099 = ( GEOMETRIC_REPRESENTATION_CONTEXT(2) 
PARAMETRIC_REPRESENTATION_CONTEXT() REPRESENTATION_CONTEXT('2D SPACE',''
  ) );
#10100 = ORIENTED_EDGE('',*,*,#10101,.F.);
#10101 = EDGE_CURVE('',#9992,#10073,#10102,.T.);
#10102 = SURFACE_CURVE('',#10103,(#10309,#10518),.PCURVE_S1.);
#10103 = B_SPLINE_CURVE_WITH_KNOTS('',8,(#10104,#10105,#10106,#10107,
    #10108,#10109,#10110,#10111,#10112,#10113,#10114,#10115,#10116,
    #10117,#10118,#10119,#10120,#10121,#10122,#10123,#10124,#10125,
    #10126,#10127,#10128,#10129,#10130,#10131,#10132,#10133,#10134,
    #10135,#10136,#10137,#10138,#10139,#10140,#10141,#10142,#10143,
    #10144,#10145,#10146,#10147,#10148,#10149,#10150,#10151,#10152,
    #10153,#10154,#10155,#10156,#10157,#10158,#10159,#10160,#10161,
    #10162,#10163,#10164,#10165,#10166,#10167,#10168,#10169,#10170,
    #10171,#10172,#10173,#10174,#10175,#10176,#10177,#10178,#10179,
    #10180,#10181,#10182,#10183,#10184,#10185,#10186,#10187,#10188,
    #10189,#10190,#10191,#10192,#10193,#10194,#10195,#10196,#10197,
    #10198,#10199,#10200,#10201,#10202,#10203,#10204,#10205,#10206,
    #10207,#10208,#10209,#10210,#10211,#10212,#10213,#10214,#10215,
    #10216,#10217,#10218,#10219,#10220,#10221,#10222,#10223,#10224,
    #10225,#10226,#10227,#10228,#10229,#10230,#10231,#10232,#10233,
    #10234,#10235,#10236,#10237,#10238,#10239,#10240,#10241,#10242,
    #10243,#10244,#10245,#10246,#10247,#10248,#10249,#10250,#10251,
    #10252,#10253,#10254,#10255,#10256,#10257,#10258,#10259,#10260,
    #10261,#10262,#10263,#10264,#10265,#10266,#10267,#10268,#10269,
    #10270,#10271,#10272,#10273,#10274,#10275,#10276,#10277,#10278,
    #10279,#10280,#10281,#10282,#10283,#10284,#10285,#10286,#10287,
    #10288,#10289,#10290,#10291,#10292,#10293,#10294,#10295,#10296,
    #10297,#10298,#10299,#10300,#10301,#10302,#10303,#10304,#10305,
    #10306,#10307,#10308),.UNSPECIFIED.,.F.,.F.,(9,7,7,7,7,7,7,7,7,7,7,7
    ,7,7,7,7,7,7,7,7,7,7,7,7,7,7,7,7,7,9),(0.,7.198644659626E-02,
    0.137140863743,0.180576947741,0.213878037292,0.238492259445,
    0.293511345064,0.321019076184,0.347080688947,0.364456509365,
    0.38183228735,0.402101838192,0.423814864552,0.448426433947,
    0.474490248315,0.517923031394,0.55701210023,0.593205064725,
    0.626502271841,0.659799221853,0.690200605737,0.719154173625,
    0.748107635214,0.790089996227,0.829176889824,0.868263683853,
    0.90590274535,0.940646443254,0.972494819476,1.),.UNSPECIFIED.);
#10104 = CARTESIAN_POINT('',(-11.80076362874,37.,-2.));
#10105 = CARTESIAN_POINT('',(-12.019655324,36.916999563406,-2.));
#10106 = CARTESIAN_POINT('',(-12.23854734931,36.834000062335,-2.));
#10107 = CARTESIAN_POINT('',(-12.45743983049,36.751001858009,-2.));
#10108 = CARTESIAN_POINT('',(-12.67633273458,36.668004858594,-2.));
#10109 = CARTESIAN_POINT('',(-12.89522586979,36.585008519197,-2.));
#10110 = CARTESIAN_POINT('',(-13.11411888554,36.50201184187,-2.));
#10111 = CARTESIAN_POINT('',(-13.33301127244,36.419013375608,-2.));
#10112 = CARTESIAN_POINT('',(-13.75001911978,36.260886556582,-2.));
#10113 = CARTESIAN_POINT('',(-13.9481352075,36.185759990966,-2.));
#10114 = CARTESIAN_POINT('',(-14.14624934335,36.110627871471,-2.));
#10115 = CARTESIAN_POINT('',(-14.34436175211,36.035490837712,-2.));
#10116 = CARTESIAN_POINT('',(-14.54247360836,35.960352231851,-2.));
#10117 = CARTESIAN_POINT('',(-14.74058647942,35.885216513506,-2.));
#10118 = CARTESIAN_POINT('',(-14.93870176823,35.810087674658,-2.));
#10119 = CARTESIAN_POINT('',(-15.26889849132,35.684887864942,-2.));
#10120 = CARTESIAN_POINT('',(-15.40097842736,35.634812630906,-2.));
#10121 = CARTESIAN_POINT('',(-15.53305962433,35.584740982697,-2.));
#10122 = CARTESIAN_POINT('',(-15.66514311989,35.534675879741,-2.));
#10123 = CARTESIAN_POINT('',(-15.7972301809,35.48462092545,-2.));
#10124 = CARTESIAN_POINT('',(-15.92931971639,35.434573011957,-2.));
#10125 = CARTESIAN_POINT('',(-16.06140815767,35.384521986876,-2.));
#10126 = CARTESIAN_POINT('',(-16.29476311518,35.296093938052,-2.));
#10127 = CARTESIAN_POINT('',(-16.39602981617,35.257717441818,-2.));
#10128 = CARTESIAN_POINT('',(-16.49729524788,35.219337332373,-2.));
#10129 = CARTESIAN_POINT('',(-16.59855884358,35.180951996689,-2.));
#10130 = CARTESIAN_POINT('',(-16.69982003633,35.142559821862,-2.));
#10131 = CARTESIAN_POINT('',(-16.80107825895,35.104159195115,-2.));
#10132 = CARTESIAN_POINT('',(-16.90233294406,35.065748503791,-2.));
#10133 = CARTESIAN_POINT('',(-17.07842204447,34.998926562707,-2.));
#10134 = CARTESIAN_POINT('',(-17.15325813555,34.970520078408,-2.));
#10135 = CARTESIAN_POINT('',(-17.22809236897,34.942108309638,-2.));
#10136 = CARTESIAN_POINT('',(-17.30292350294,34.913687729256,-2.));
#10137 = CARTESIAN_POINT('',(-17.37775094371,34.885256650813,-2.));
#10138 = CARTESIAN_POINT('',(-17.45257562831,34.856817737474,-2.));
#10139 = CARTESIAN_POINT('',(-17.52739932829,34.828376024885,-2.));
#10140 = CARTESIAN_POINT('',(-17.76947103189,34.736353806803,-2.));
#10141 = CARTESIAN_POINT('',(-17.93671688134,34.672767252302,-2.));
#10142 = CARTESIAN_POINT('',(-18.10396950394,34.609199919687,-2.));
#10143 = CARTESIAN_POINT('',(-18.27123845646,34.545678947812,-2.));
#10144 = CARTESIAN_POINT('',(-18.43853327161,34.482231489156,-2.));
#10145 = CARTESIAN_POINT('',(-18.60586345807,34.41888470982,-2.));
#10146 = CARTESIAN_POINT('',(-18.77323850047,34.355665789532,-2.));
#10147 = CARTESIAN_POINT('',(-19.02437702565,34.26107206429,-2.));
#10148 = CARTESIAN_POINT('',(-19.10810049736,34.229583088154,-2.));
#10149 = CARTESIAN_POINT('',(-19.19183441801,34.198123976802,-2.));
#10150 = CARTESIAN_POINT('',(-19.27557416333,34.166681518039,-2.));
#10151 = CARTESIAN_POINT('',(-19.35931508813,34.135242436193,-2.));
#10152 = CARTESIAN_POINT('',(-19.44305283249,34.103794266214,-2.));
#10153 = CARTESIAN_POINT('',(-19.52678318722,34.072324969591,-2.));
#10154 = CARTESIAN_POINT('',(-19.68981866493,34.010973805222,-2.));
#10155 = CARTESIAN_POINT('',(-19.76912505202,33.981095599716,-2.));
#10156 = CARTESIAN_POINT('',(-19.84841691096,33.951175897579,-2.));
#10157 = CARTESIAN_POINT('',(-19.92769045618,33.921203930542,-2.));
#10158 = CARTESIAN_POINT('',(-20.00694188556,33.89116894007,-2.));
#10159 = CARTESIAN_POINT('',(-20.08616738035,33.861060177358,-2.));
#10160 = CARTESIAN_POINT('',(-20.16536310524,33.830866903331,-2.));
#10161 = CARTESIAN_POINT('',(-20.29730423233,33.780384404619,-2.));
#10162 = CARTESIAN_POINT('',(-20.35006946851,33.76014796298,-2.));
#10163 = CARTESIAN_POINT('',(-20.40281916398,33.739864259034,-2.));
#10164 = CARTESIAN_POINT('',(-20.45555413291,33.719533757281,-2.));
#10165 = CARTESIAN_POINT('',(-20.50827140976,33.699149330753,-2.));
#10166 = CARTESIAN_POINT('',(-20.56096961027,33.67870713743,-2.));
#10167 = CARTESIAN_POINT('',(-20.61365158124,33.658211995554,-2.));
#10168 = CARTESIAN_POINT('',(-20.71896812995,33.617084093932,-2.));
#10169 = CARTESIAN_POINT('',(-20.7716026881,33.596452248262,-2.));
#10170 = CARTESIAN_POINT('',(-20.82420862982,33.575742768857,-2.));
#10171 = CARTESIAN_POINT('',(-20.87678099059,33.554945941951,-2.));
#10172 = CARTESIAN_POINT('',(-20.92931480588,33.534052053778,-2.));
#10173 = CARTESIAN_POINT('',(-20.98180511117,33.513051390574,-2.));
#10174 = CARTESIAN_POINT('',(-21.03424694195,33.49193423857,-2.));
#10175 = CARTESIAN_POINT('',(-21.1477485207,33.445909647971,-2.));
#10176 = CARTESIAN_POINT('',(-21.20879029225,33.420956147192,-2.));
#10177 = CARTESIAN_POINT('',(-21.26975320326,33.395814764045,-2.));
#10178 = CARTESIAN_POINT('',(-21.33062968418,33.370469924523,-2.));
#10179 = CARTESIAN_POINT('',(-21.39141204102,33.344906098236,-2.));
#10180 = CARTESIAN_POINT('',(-21.45209245533,33.319107798411,-2.));
#10181 = CARTESIAN_POINT('',(-21.51266298419,33.29305958189,-2.));
#10182 = CARTESIAN_POINT('',(-21.63787320519,33.238558624809,-2.));
#10183 = CARTESIAN_POINT('',(-21.70249561582,33.210067055245,-2.));
#10184 = CARTESIAN_POINT('',(-21.76697187704,33.181250385753,-2.));
#10185 = CARTESIAN_POINT('',(-21.83129494794,33.152096437742,-2.));
#10186 = CARTESIAN_POINT('',(-21.89544852273,33.122573488012,-2.));
#10187 = CARTESIAN_POINT('',(-21.95942962635,33.092679845671,-2.));
#10188 = CARTESIAN_POINT('',(-22.02322074831,33.062382053126,-2.));
#10189 = CARTESIAN_POINT('',(-22.15889854162,32.996859916372,-2.));
#10190 = CARTESIAN_POINT('',(-22.23073037955,32.961521077339,-2.));
#10191 = CARTESIAN_POINT('',(-22.30231083567,32.925665866948,-2.));
#10192 = CARTESIAN_POINT('',(-22.37364041797,32.889305739691,-2.));
#10193 = CARTESIAN_POINT('',(-22.44471976657,32.852452074558,-2.));
#10194 = CARTESIAN_POINT('',(-22.51554965375,32.815116175032,-2.));
#10195 = CARTESIAN_POINT('',(-22.58613098395,32.777309269092,-2.));
#10196 = CARTESIAN_POINT('',(-22.73094876232,32.698517758029,-2.));
#10197 = CARTESIAN_POINT('',(-22.80515495593,32.657477038948,-2.));
#10198 = CARTESIAN_POINT('',(-22.87908558875,32.615935386102,-2.));
#10199 = CARTESIAN_POINT('',(-22.95273894236,32.573899979089,-2.));
#10200 = CARTESIAN_POINT('',(-23.02612245382,32.531395569403,-2.));
#10201 = CARTESIAN_POINT('',(-23.09923001975,32.488419671458,-2.));
#10202 = CARTESIAN_POINT('',(-23.17207028352,32.444998965042,-2.));
#10203 = CARTESIAN_POINT('',(-23.36557243654,32.32804682214,-2.));
#10204 = CARTESIAN_POINT('',(-23.48575353764,32.253728881369,-2.));
#10205 = CARTESIAN_POINT('',(-23.6051607463,32.1781766831,-2.));
#10206 = CARTESIAN_POINT('',(-23.7237707972,32.101384109281,-2.));
#10207 = CARTESIAN_POINT('',(-23.8415599757,32.023345059913,-2.));
#10208 = CARTESIAN_POINT('',(-23.95850400666,31.944053269313,-2.));
#10209 = CARTESIAN_POINT('',(-24.07457837635,31.863502849445,-2.));
#10210 = CARTESIAN_POINT('',(-24.29342057146,31.708058421271,-2.));
#10211 = CARTESIAN_POINT('',(-24.39635911374,31.633406170533,-2.));
#10212 = CARTESIAN_POINT('',(-24.49856546151,31.557745070812,-2.));
#10213 = CARTESIAN_POINT('',(-24.60003040881,31.48108730863,-2.));
#10214 = CARTESIAN_POINT('',(-24.70074479656,31.403444994331,-2.));
#10215 = CARTESIAN_POINT('',(-24.80069951254,31.324830162078,-2.));
#10216 = CARTESIAN_POINT('',(-24.89988549139,31.245254769853,-2.));
#10217 = CARTESIAN_POINT('',(-25.08941088461,31.090172647616,-2.));
#10218 = CARTESIAN_POINT('',(-25.17986114107,31.014801051324,-2.));
#10219 = CARTESIAN_POINT('',(-25.26963570586,30.938622285102,-2.));
#10220 = CARTESIAN_POINT('',(-25.3587257931,30.861642741979,-2.));
#10221 = CARTESIAN_POINT('',(-25.44712260927,30.78386883349,-2.));
#10222 = CARTESIAN_POINT('',(-25.53481735314,30.705306989679,-2.));
#10223 = CARTESIAN_POINT('',(-25.62180121578,30.625963659099,-2.));
#10224 = CARTESIAN_POINT('',(-25.78742764901,30.472137135397,-2.));
#10225 = CARTESIAN_POINT('',(-25.8661808116,30.397773059178,-2.));
#10226 = CARTESIAN_POINT('',(-25.94431885608,30.322759317848,-2.));
#10227 = CARTESIAN_POINT('',(-26.0218357716,30.2471021451,-2.));
#10228 = CARTESIAN_POINT('',(-26.09872554879,30.170807770622,-2.));
#10229 = CARTESIAN_POINT('',(-26.17498217974,30.093882420103,-2.));
#10230 = CARTESIAN_POINT('',(-26.25059965802,30.016332315228,-2.));
#10231 = CARTESIAN_POINT('',(-26.4005437204,29.859995635709,-2.));
#10232 = CARTESIAN_POINT('',(-26.47487029221,29.781209066019,-2.));
#10233 = CARTESIAN_POINT('',(-26.54854589201,29.701810289288,-2.));
#10234 = CARTESIAN_POINT('',(-26.6215647184,29.621805632036,-2.));
#10235 = CARTESIAN_POINT('',(-26.69392097074,29.541201422615,-2.));
#10236 = CARTESIAN_POINT('',(-26.76560884907,29.460003991215,-2.));
#10237 = CARTESIAN_POINT('',(-26.83662255415,29.378219669863,-2.));
#10238 = CARTESIAN_POINT('',(-26.97117366552,29.220652521436,-2.));
#10239 = CARTESIAN_POINT('',(-27.03482421791,29.144966306254,-2.));
#10240 = CARTESIAN_POINT('',(-27.09790383374,29.068801248267,-2.));
#10241 = CARTESIAN_POINT('',(-27.16040840221,28.992162448684,-2.));
#10242 = CARTESIAN_POINT('',(-27.22233381261,28.915055008529,-2.));
#10243 = CARTESIAN_POINT('',(-27.28367595427,28.837484028645,-2.));
#10244 = CARTESIAN_POINT('',(-27.34443071664,28.759454609689,-2.));
#10245 = CARTESIAN_POINT('',(-27.46189208471,28.606226707064,-2.));
#10246 = CARTESIAN_POINT('',(-27.51865368985,28.531070381155,-2.));
#10247 = CARTESIAN_POINT('',(-27.57487547939,28.45550744835,-2.));
#10248 = CARTESIAN_POINT('',(-27.63055412813,28.379542482632,-2.));
#10249 = CARTESIAN_POINT('',(-27.68568631095,28.303180058023,-2.));
#10250 = CARTESIAN_POINT('',(-27.74026870282,28.226424748587,-2.));
#10251 = CARTESIAN_POINT('',(-27.79429797875,28.149281128428,-2.));
#10252 = CARTESIAN_POINT('',(-27.90124345258,27.994226699589,-2.));
#10253 = CARTESIAN_POINT('',(-27.95415963011,27.916315880714,-2.));
#10254 = CARTESIAN_POINT('',(-28.0065162571,27.83802605345,-2.));
#10255 = CARTESIAN_POINT('',(-28.05831024465,27.759361956404,-2.));
#10256 = CARTESIAN_POINT('',(-28.10953850427,27.680328328408,-2.));
#10257 = CARTESIAN_POINT('',(-28.16019794789,27.600929908518,-2.));
#10258 = CARTESIAN_POINT('',(-28.21028548781,27.521171436012,-2.));
#10259 = CARTESIAN_POINT('',(-28.33159096211,27.324893099242,-2.));
#10260 = CARTESIAN_POINT('',(-28.40217492408,27.20798146013,-2.));
#10261 = CARTESIAN_POINT('',(-28.47154138876,27.090337735897,-2.));
#10262 = CARTESIAN_POINT('',(-28.53968151233,26.971976743807,-2.));
#10263 = CARTESIAN_POINT('',(-28.60658640572,26.852913266889,-2.));
#10264 = CARTESIAN_POINT('',(-28.67224739935,26.733162205259,-2.));
#10265 = CARTESIAN_POINT('',(-28.73665630771,26.612738727457,-2.));
#10266 = CARTESIAN_POINT('',(-28.85859975164,26.378928863191,-2.));
#10267 = CARTESIAN_POINT('',(-28.91630200605,26.265629944037,-2.));
#10268 = CARTESIAN_POINT('',(-28.97290559224,26.151773789445,-2.));
#10269 = CARTESIAN_POINT('',(-29.02840424563,26.037372819634,-2.));
#10270 = CARTESIAN_POINT('',(-29.08279208494,25.922439644917,-2.));
#10271 = CARTESIAN_POINT('',(-29.13606339485,25.806986960714,-2.));
#10272 = CARTESIAN_POINT('',(-29.18821240877,25.691027442562,-2.));
#10273 = CARTESIAN_POINT('',(-29.29025364421,25.45812013635,-2.));
#10274 = CARTESIAN_POINT('',(-29.34014587555,25.34117233111,-2.));
#10275 = CARTESIAN_POINT('',(-29.38890463765,25.223743167188,-2.));
#10276 = CARTESIAN_POINT('',(-29.43652452906,25.105845479672,-2.));
#10277 = CARTESIAN_POINT('',(-29.48300010843,24.987492082403,-2.));
#10278 = CARTESIAN_POINT('',(-29.52832610828,24.868695853428,-2.));
#10279 = CARTESIAN_POINT('',(-29.57249764864,24.749469820446,-2.));
#10280 = CARTESIAN_POINT('',(-29.65693010544,24.51461610348,-2.));
#10281 = CARTESIAN_POINT('',(-29.69727525459,24.399018702337,-2.));
#10282 = CARTESIAN_POINT('',(-29.73654131147,24.283046608885,-2.));
#10283 = CARTESIAN_POINT('',(-29.77472422684,24.166711566615,-2.));
#10284 = CARTESIAN_POINT('',(-29.81182029478,24.050025433679,-2.));
#10285 = CARTESIAN_POINT('',(-29.84782595828,23.93300012011,-2.));
#10286 = CARTESIAN_POINT('',(-29.88273761493,23.815647525048,-2.));
#10287 = CARTESIAN_POINT('',(-29.94776412216,23.589362971396,-2.));
#10288 = CARTESIAN_POINT('',(-29.97804139343,23.480477678064,-2.));
#10289 = CARTESIAN_POINT('',(-30.00738087361,23.371333075793,-2.));
#10290 = CARTESIAN_POINT('',(-30.0357800024,23.261938611902,-2.));
#10291 = CARTESIAN_POINT('',(-30.06323616907,23.152303724042,-2.));
#10292 = CARTESIAN_POINT('',(-30.08974685944,23.04243786502,-2.));
#10293 = CARTESIAN_POINT('',(-30.11530980301,22.932350527631,-2.));
#10294 = CARTESIAN_POINT('',(-30.16248531754,22.720943659132,-2.));
#10295 = CARTESIAN_POINT('',(-30.18424955701,22.619657992957,-2.));
#10296 = CARTESIAN_POINT('',(-30.20521406429,22.518201547925,-2.));
#10297 = CARTESIAN_POINT('',(-30.225377216,22.416581660548,-2.));
#10298 = CARTESIAN_POINT('',(-30.24473753942,22.314805726884,-2.));
#10299 = CARTESIAN_POINT('',(-30.26329371249,22.212881202544,-2.));
#10300 = CARTESIAN_POINT('',(-30.28104456383,22.110815602686,-2.));
#10301 = CARTESIAN_POINT('',(-30.31262284162,21.920354397426,-2.));
#10302 = CARTESIAN_POINT('',(-30.32665514159,21.831992692292,-2.));
#10303 = CARTESIAN_POINT('',(-30.34008515044,21.743536197834,-2.));
#10304 = CARTESIAN_POINT('',(-30.3529120288,21.654989721292,-2.));
#10305 = CARTESIAN_POINT('',(-30.36513492015,21.566358065932,-2.));
#10306 = CARTESIAN_POINT('',(-30.37675295089,21.477646031048,-2.));
#10307 = CARTESIAN_POINT('',(-30.38776523025,21.388858411956,-2.));
#10308 = CARTESIAN_POINT('',(-30.39817085033,21.3,-2.));
#10309 = PCURVE('',#9788,#10310);
#10310 = DEFINITIONAL_REPRESENTATION('',(#10311),#10517);
#10311 = B_SPLINE_CURVE_WITH_KNOTS('',8,(#10312,#10313,#10314,#10315,
    #10316,#10317,#10318,#10319,#10320,#10321,#10322,#10323,#10324,
    #10325,#10326,#10327,#10328,#10329,#10330,#10331,#10332,#10333,
    #10334,#10335,#10336,#10337,#10338,#10339,#10340,#10341,#10342,
    #10343,#10344,#10345,#10346,#10347,#10348,#10349,#10350,#10351,
    #10352,#10353,#10354,#10355,#10356,#10357,#10358,#10359,#10360,
    #10361,#10362,#10363,#10364,#10365,#10366,#10367,#10368,#10369,
    #10370,#10371,#10372,#10373,#10374,#10375,#10376,#10377,#10378,
    #10379,#10380,#10381,#10382,#10383,#10384,#10385,#10386,#10387,
    #10388,#10389,#10390,#10391,#10392,#10393,#10394,#10395,#10396,
    #10397,#10398,#10399,#10400,#10401,#10402,#10403,#10404,#10405,
    #10406,#10407,#10408,#10409,#10410,#10411,#10412,#10413,#10414,
    #10415,#10416,#10417,#10418,#10419,#10420,#10421,#10422,#10423,
    #10424,#10425,#10426,#10427,#10428,#10429,#10430,#10431,#10432,
    #10433,#10434,#10435,#10436,#10437,#10438,#10439,#10440,#10441,
    #10442,#10443,#10444,#10445,#10446,#10447,#10448,#10449,#10450,
    #10451,#10452,#10453,#10454,#10455,#10456,#10457,#10458,#10459,
    #10460,#10461,#10462,#10463,#10464,#10465,#10466,#10467,#10468,
    #10469,#10470,#10471,#10472,#10473,#10474,#10475,#10476,#10477,
    #10478,#10479,#10480,#10481,#10482,#10483,#10484,#10485,#10486,
    #10487,#10488,#10489,#10490,#10491,#10492,#10493,#10494,#10495,
    #10496,#10497,#10498,#10499,#10500,#10501,#10502,#10503,#10504,
    #10505,#10506,#10507,#10508,#10509,#10510,#10511,#10512,#10513,
    #10514,#10515,#10516),.UNSPECIFIED.,.F.,.F.,(9,7,7,7,7,7,7,7,7,7,7,7
    ,7,7,7,7,7,7,7,7,7,7,7,7,7,7,7,7,7,9),(0.,7.198644659626E-02,
    0.137140863743,0.180576947741,0.213878037292,0.238492259445,
    0.293511345064,0.321019076184,0.347080688947,0.364456509365,
    0.38183228735,0.402101838192,0.423814864552,0.448426433947,
    0.474490248315,0.517923031394,0.55701210023,0.593205064725,
    0.626502271841,0.659799221853,0.690200605737,0.719154173625,
    0.748107635214,0.790089996227,0.829176889824,0.868263683853,
    0.90590274535,0.940646443254,0.972494819476,1.),.UNSPECIFIED.);
#10312 = CARTESIAN_POINT('',(15.825764167886,18.949236371253));
#10313 = CARTESIAN_POINT('',(15.742763731292,18.730344676));
#10314 = CARTESIAN_POINT('',(15.659764230221,18.511452650689));
#10315 = CARTESIAN_POINT('',(15.576766025895,18.292560169501));
#10316 = CARTESIAN_POINT('',(15.49376902648,18.073667265413));
#10317 = CARTESIAN_POINT('',(15.410772687082,17.854774130206));
#10318 = CARTESIAN_POINT('',(15.327776009756,17.635881114459));
#10319 = CARTESIAN_POINT('',(15.244777543494,17.416988727553));
#10320 = CARTESIAN_POINT('',(15.086650724468,16.999980880218));
#10321 = CARTESIAN_POINT('',(15.011524158851,16.801864792492));
#10322 = CARTESIAN_POINT('',(14.936392039357,16.603750656641));
#10323 = CARTESIAN_POINT('',(14.861255005598,16.405638247888));
#10324 = CARTESIAN_POINT('',(14.786116399737,16.207526391638));
#10325 = CARTESIAN_POINT('',(14.710980681392,16.009413520574));
#10326 = CARTESIAN_POINT('',(14.635851842544,15.811298231769));
#10327 = CARTESIAN_POINT('',(14.510652032827,15.481101508673));
#10328 = CARTESIAN_POINT('',(14.460576798792,15.349021572635));
#10329 = CARTESIAN_POINT('',(14.410505150583,15.216940375663));
#10330 = CARTESIAN_POINT('',(14.360440047626,15.084856880108));
#10331 = CARTESIAN_POINT('',(14.310385093336,14.9527698191));
#10332 = CARTESIAN_POINT('',(14.260337179842,14.820680283606));
#10333 = CARTESIAN_POINT('',(14.210286154762,14.688591842324));
#10334 = CARTESIAN_POINT('',(14.121858105938,14.45523688482));
#10335 = CARTESIAN_POINT('',(14.083481609704,14.353970183826));
#10336 = CARTESIAN_POINT('',(14.045101500259,14.252704752113));
#10337 = CARTESIAN_POINT('',(14.006716164575,14.151441156412));
#10338 = CARTESIAN_POINT('',(13.968323989748,14.050179963669));
#10339 = CARTESIAN_POINT('',(13.929923363,13.94892174105));
#10340 = CARTESIAN_POINT('',(13.891512671677,13.847667055933));
#10341 = CARTESIAN_POINT('',(13.824690730593,13.671577955521));
#10342 = CARTESIAN_POINT('',(13.796284246294,13.59674186445));
#10343 = CARTESIAN_POINT('',(13.767872477524,13.521907631029));
#10344 = CARTESIAN_POINT('',(13.739451897142,13.44707649706));
#10345 = CARTESIAN_POINT('',(13.711020818698,13.372249056283));
#10346 = CARTESIAN_POINT('',(13.682581905359,13.29742437169));
#10347 = CARTESIAN_POINT('',(13.654140192771,13.222600671703));
#10348 = CARTESIAN_POINT('',(13.562117974689,12.980528968104));
#10349 = CARTESIAN_POINT('',(13.498531420188,12.813283118656));
#10350 = CARTESIAN_POINT('',(13.434964087573,12.646030496057));
#10351 = CARTESIAN_POINT('',(13.371443115698,12.478761543539));
#10352 = CARTESIAN_POINT('',(13.307995657041,12.311466728385));
#10353 = CARTESIAN_POINT('',(13.244648877706,12.144136541922));
#10354 = CARTESIAN_POINT('',(13.181429957417,11.976761499525));
#10355 = CARTESIAN_POINT('',(13.086836232176,11.725622974343));
#10356 = CARTESIAN_POINT('',(13.05534725604,11.641899502637));
#10357 = CARTESIAN_POINT('',(13.023888144688,11.558165581988));
#10358 = CARTESIAN_POINT('',(12.992445685925,11.47442583667));
#10359 = CARTESIAN_POINT('',(12.961006604079,11.390684911867));
#10360 = CARTESIAN_POINT('',(12.9295584341,11.306947167504));
#10361 = CARTESIAN_POINT('',(12.898089137477,11.223216812775));
#10362 = CARTESIAN_POINT('',(12.836737973108,11.060181335066));
#10363 = CARTESIAN_POINT('',(12.806859767602,10.980874947971));
#10364 = CARTESIAN_POINT('',(12.776940065464,10.90158308904));
#10365 = CARTESIAN_POINT('',(12.746968098428,10.822309543816));
#10366 = CARTESIAN_POINT('',(12.716933107956,10.743058114438));
#10367 = CARTESIAN_POINT('',(12.686824345244,10.663832619641));
#10368 = CARTESIAN_POINT('',(12.656631071217,10.584636894755));
#10369 = CARTESIAN_POINT('',(12.606148572505,10.452695767669));
#10370 = CARTESIAN_POINT('',(12.585912130866,10.399930531488));
#10371 = CARTESIAN_POINT('',(12.56562842692,10.347180836016));
#10372 = CARTESIAN_POINT('',(12.545297925167,10.294445867083));
#10373 = CARTESIAN_POINT('',(12.524913498638,10.241728590239));
#10374 = CARTESIAN_POINT('',(12.504471305316,10.189030389729));
#10375 = CARTESIAN_POINT('',(12.483976163439,10.136348418757));
#10376 = CARTESIAN_POINT('',(12.442848261818,10.031031870047));
#10377 = CARTESIAN_POINT('',(12.422216416147,9.978397311897));
#10378 = CARTESIAN_POINT('',(12.401506936742,9.925791370177));
#10379 = CARTESIAN_POINT('',(12.380710109837,9.873219009408));
#10380 = CARTESIAN_POINT('',(12.359816221664,9.820685194115));
#10381 = CARTESIAN_POINT('',(12.338815558459,9.768194888821));
#10382 = CARTESIAN_POINT('',(12.317698406456,9.715753058049));
#10383 = CARTESIAN_POINT('',(12.271673815857,9.602251479298));
#10384 = CARTESIAN_POINT('',(12.246720315078,9.541209707745));
#10385 = CARTESIAN_POINT('',(12.221578931931,9.480246796739));
#10386 = CARTESIAN_POINT('',(12.196234092409,9.419370315817));
#10387 = CARTESIAN_POINT('',(12.170670266122,9.358587958975));
#10388 = CARTESIAN_POINT('',(12.144871966297,9.297907544667));
#10389 = CARTESIAN_POINT('',(12.118823749776,9.237337015808));
#10390 = CARTESIAN_POINT('',(12.064322792695,9.112126794803));
#10391 = CARTESIAN_POINT('',(12.035831223131,9.047504384171));
#10392 = CARTESIAN_POINT('',(12.007014553639,8.983028122953));
#10393 = CARTESIAN_POINT('',(11.977860605627,8.918705052058));
#10394 = CARTESIAN_POINT('',(11.948337655898,8.85455147727));
#10395 = CARTESIAN_POINT('',(11.918444013557,8.790570373649));
#10396 = CARTESIAN_POINT('',(11.888146221012,8.726779251685));
#10397 = CARTESIAN_POINT('',(11.822624084258,8.591101458379));
#10398 = CARTESIAN_POINT('',(11.787285245225,8.519269620447));
#10399 = CARTESIAN_POINT('',(11.751430034834,8.447689164321));
#10400 = CARTESIAN_POINT('',(11.715069907577,8.376359582023));
#10401 = CARTESIAN_POINT('',(11.678216242443,8.305280233422));
#10402 = CARTESIAN_POINT('',(11.640880342918,8.234450346241));
#10403 = CARTESIAN_POINT('',(11.603073436978,8.16386901605));
#10404 = CARTESIAN_POINT('',(11.524281925915,8.019051237675));
#10405 = CARTESIAN_POINT('',(11.483241206833,7.944845044069));
#10406 = CARTESIAN_POINT('',(11.441699553988,7.87091441125));
#10407 = CARTESIAN_POINT('',(11.399664146975,7.797261057633));
#10408 = CARTESIAN_POINT('',(11.357159737289,7.72387754618));
#10409 = CARTESIAN_POINT('',(11.314183839343,7.650769980244));
#10410 = CARTESIAN_POINT('',(11.270763132927,7.577929716471));
#10411 = CARTESIAN_POINT('',(11.153810990025,7.384427563459));
#10412 = CARTESIAN_POINT('',(11.079493049255,7.264246462355));
#10413 = CARTESIAN_POINT('',(11.003940850986,7.144839253699));
#10414 = CARTESIAN_POINT('',(10.927148277167,7.0262292028));
#10415 = CARTESIAN_POINT('',(10.849109227799,6.908440024298));
#10416 = CARTESIAN_POINT('',(10.769817437199,6.791495993337));
#10417 = CARTESIAN_POINT('',(10.689267017331,6.675421623644));
#10418 = CARTESIAN_POINT('',(10.533822589157,6.456579428534));
#10419 = CARTESIAN_POINT('',(10.459170338419,6.353640886255));
#10420 = CARTESIAN_POINT('',(10.383509238698,6.251434538485));
#10421 = CARTESIAN_POINT('',(10.306851476516,6.149969591181));
#10422 = CARTESIAN_POINT('',(10.229209162217,6.049255203432));
#10423 = CARTESIAN_POINT('',(10.150594329964,5.949300487457));
#10424 = CARTESIAN_POINT('',(10.071018937739,5.850114508609));
#10425 = CARTESIAN_POINT('',(9.915936815501,5.660589115386));
#10426 = CARTESIAN_POINT('',(9.84056521921,5.570138858921));
#10427 = CARTESIAN_POINT('',(9.764386452988,5.480364294138));
#10428 = CARTESIAN_POINT('',(9.687406909865,5.391274206892));
#10429 = CARTESIAN_POINT('',(9.609633001375,5.302877390721));
#10430 = CARTESIAN_POINT('',(9.531071157565,5.215182646855));
#10431 = CARTESIAN_POINT('',(9.451727826985,5.128198784211));
#10432 = CARTESIAN_POINT('',(9.297901303283,4.962572350989));
#10433 = CARTESIAN_POINT('',(9.223537227064,4.883819188393));
#10434 = CARTESIAN_POINT('',(9.148523485734,4.805681143915));
#10435 = CARTESIAN_POINT('',(9.072866312986,4.728164228396));
#10436 = CARTESIAN_POINT('',(8.996571938508,4.65127445121));
#10437 = CARTESIAN_POINT('',(8.919646587989,4.57501782026));
#10438 = CARTESIAN_POINT('',(8.842096483113,4.499400341979));
#10439 = CARTESIAN_POINT('',(8.685759803595,4.349456279592));
#10440 = CARTESIAN_POINT('',(8.606973233904,4.275129707781));
#10441 = CARTESIAN_POINT('',(8.527574457174,4.20145410799));
#10442 = CARTESIAN_POINT('',(8.447569799922,4.128435281596));
#10443 = CARTESIAN_POINT('',(8.366965590501,4.056079029259));
#10444 = CARTESIAN_POINT('',(8.285768159101,3.984391150929));
#10445 = CARTESIAN_POINT('',(8.203983837749,3.913377445842));
#10446 = CARTESIAN_POINT('',(8.046416689321,3.778826334471));
#10447 = CARTESIAN_POINT('',(7.97073047414,3.71517578209));
#10448 = CARTESIAN_POINT('',(7.894565416153,3.652096166259));
#10449 = CARTESIAN_POINT('',(7.81792661657,3.589591597783));
#10450 = CARTESIAN_POINT('',(7.740819176415,3.527666187388));
#10451 = CARTESIAN_POINT('',(7.66324819653,3.466324045723));
#10452 = CARTESIAN_POINT('',(7.585218777575,3.405569283356));
#10453 = CARTESIAN_POINT('',(7.43199087495,3.288107915283));
#10454 = CARTESIAN_POINT('',(7.356834549041,3.231346310142));
#10455 = CARTESIAN_POINT('',(7.281271616236,3.175124520609));
#10456 = CARTESIAN_POINT('',(7.205306650517,3.11944587187));
#10457 = CARTESIAN_POINT('',(7.128944225909,3.064313689041));
#10458 = CARTESIAN_POINT('',(7.052188916473,3.009731297173));
#10459 = CARTESIAN_POINT('',(6.975045296314,2.955702021246));
#10460 = CARTESIAN_POINT('',(6.819990867475,2.848756547418));
#10461 = CARTESIAN_POINT('',(6.7420800486,2.79584036989));
#10462 = CARTESIAN_POINT('',(6.663790221336,2.743483742898));
#10463 = CARTESIAN_POINT('',(6.58512612429,2.691689755345));
#10464 = CARTESIAN_POINT('',(6.506092496294,2.640461495721));
#10465 = CARTESIAN_POINT('',(6.426694076404,2.58980205211));
#10466 = CARTESIAN_POINT('',(6.346935603898,2.539714512185));
#10467 = CARTESIAN_POINT('',(6.150657267128,2.418409037886));
#10468 = CARTESIAN_POINT('',(6.033745628016,2.347825075916));
#10469 = CARTESIAN_POINT('',(5.916101903782,2.278458611235));
#10470 = CARTESIAN_POINT('',(5.797740911693,2.21031848767));
#10471 = CARTESIAN_POINT('',(5.678677434775,2.143413594274));
#10472 = CARTESIAN_POINT('',(5.558926373145,2.07775260065));
#10473 = CARTESIAN_POINT('',(5.438502895342,2.013343692282));
#10474 = CARTESIAN_POINT('',(5.204693031077,1.891400248352));
#10475 = CARTESIAN_POINT('',(5.091394111923,1.833697993941));
#10476 = CARTESIAN_POINT('',(4.977537957331,1.777094407756));
#10477 = CARTESIAN_POINT('',(4.86313698752,1.721595754363));
#10478 = CARTESIAN_POINT('',(4.748203812803,1.667207915056));
#10479 = CARTESIAN_POINT('',(4.6327511286,1.613936605141));
#10480 = CARTESIAN_POINT('',(4.516791610448,1.561787591229));
#10481 = CARTESIAN_POINT('',(4.283884304235,1.459746355783));
#10482 = CARTESIAN_POINT('',(4.166936498995,1.409854124442));
#10483 = CARTESIAN_POINT('',(4.049507335074,1.361095362343));
#10484 = CARTESIAN_POINT('',(3.931609647558,1.313475470937));
#10485 = CARTESIAN_POINT('',(3.813256250289,1.266999891562));
#10486 = CARTESIAN_POINT('',(3.694460021314,1.22167389172));
#10487 = CARTESIAN_POINT('',(3.575233988332,1.177502351358));
#10488 = CARTESIAN_POINT('',(3.340380271365,1.09306989456));
#10489 = CARTESIAN_POINT('',(3.224782870223,1.052724745406));
#10490 = CARTESIAN_POINT('',(3.108810776771,1.01345868853));
#10491 = CARTESIAN_POINT('',(2.992475734501,0.975275773153));
#10492 = CARTESIAN_POINT('',(2.875789601565,0.938179705216));
#10493 = CARTESIAN_POINT('',(2.758764287995,0.902174041718));
#10494 = CARTESIAN_POINT('',(2.641411692934,0.867262385063));
#10495 = CARTESIAN_POINT('',(2.415127139282,0.802235877835));
#10496 = CARTESIAN_POINT('',(2.30624184595,0.771958606566));
#10497 = CARTESIAN_POINT('',(2.197097243678,0.742619126388));
#10498 = CARTESIAN_POINT('',(2.087702779788,0.714219997593));
#10499 = CARTESIAN_POINT('',(1.978067891928,0.686763830928));
#10500 = CARTESIAN_POINT('',(1.868202032905,0.660253140551));
#10501 = CARTESIAN_POINT('',(1.758114695517,0.634690196981));
#10502 = CARTESIAN_POINT('',(1.546707827018,0.587514682459));
#10503 = CARTESIAN_POINT('',(1.445422160843,0.565750442987));
#10504 = CARTESIAN_POINT('',(1.343965715811,0.544785935701));
#10505 = CARTESIAN_POINT('',(1.242345828434,0.524622783991));
#10506 = CARTESIAN_POINT('',(1.14056989477,0.505262460578));
#10507 = CARTESIAN_POINT('',(1.038645370429,0.486706287509));
#10508 = CARTESIAN_POINT('',(0.936579770572,0.468955436164));
#10509 = CARTESIAN_POINT('',(0.746118565312,0.43737715838));
#10510 = CARTESIAN_POINT('',(0.657756860178,0.423344858402));
#10511 = CARTESIAN_POINT('',(0.56930036572,0.409914849553));
#10512 = CARTESIAN_POINT('',(0.480753889178,0.3970879712));
#10513 = CARTESIAN_POINT('',(0.392122233818,0.384865079841));
#10514 = CARTESIAN_POINT('',(0.303410198933,0.373247049104));
#10515 = CARTESIAN_POINT('',(0.214622579841,0.362234769747));
#10516 = CARTESIAN_POINT('',(0.125764167886,0.351829149661));
#10517 = ( GEOMETRIC_REPRESENTATION_CONTEXT(2) 
PARAMETRIC_REPRESENTATION_CONTEXT() REPRESENTATION_CONTEXT('2D SPACE',''
  ) );
#10518 = PCURVE('',#9082,#10519);
#10519 = DEFINITIONAL_REPRESENTATION('',(#10520),#10726);
#10520 = B_SPLINE_CURVE_WITH_KNOTS('',8,(#10521,#10522,#10523,#10524,
    #10525,#10526,#10527,#10528,#10529,#10530,#10531,#10532,#10533,
    #10534,#10535,#10536,#10537,#10538,#10539,#10540,#10541,#10542,
    #10543,#10544,#10545,#10546,#10547,#10548,#10549,#10550,#10551,
    #10552,#10553,#10554,#10555,#10556,#10557,#10558,#10559,#10560,
    #10561,#10562,#10563,#10564,#10565,#10566,#10567,#10568,#10569,
    #10570,#10571,#10572,#10573,#10574,#10575,#10576,#10577,#10578,
    #10579,#10580,#10581,#10582,#10583,#10584,#10585,#10586,#10587,
    #10588,#10589,#10590,#10591,#10592,#10593,#10594,#10595,#10596,
    #10597,#10598,#10599,#10600,#10601,#10602,#10603,#10604,#10605,
    #10606,#10607,#10608,#10609,#10610,#10611,#10612,#10613,#10614,
    #10615,#10616,#10617,#10618,#10619,#10620,#10621,#10622,#10623,
    #10624,#10625,#10626,#10627,#10628,#10629,#10630,#10631,#10632,
    #10633,#10634,#10635,#10636,#10637,#10638,#10639,#10640,#10641,
    #10642,#10643,#10644,#10645,#10646,#10647,#10648,#10649,#10650,
    #10651,#10652,#10653,#10654,#10655,#10656,#10657,#10658,#10659,
    #10660,#10661,#10662,#10663,#10664,#10665,#10666,#10667,#10668,
    #10669,#10670,#10671,#10672,#10673,#10674,#10675,#10676,#10677,
    #10678,#10679,#10680,#10681,#10682,#10683,#10684,#10685,#10686,
    #10687,#10688,#10689,#10690,#10691,#10692,#10693,#10694,#10695,
    #10696,#10697,#10698,#10699,#10700,#10701,#10702,#10703,#10704,
    #10705,#10706,#10707,#10708,#10709,#10710,#10711,#10712,#10713,
    #10714,#10715,#10716,#10717,#10718,#10719,#10720,#10721,#10722,
    #10723,#10724,#10725),.UNSPECIFIED.,.F.,.F.,(9,7,7,7,7,7,7,7,7,7,7,7
    ,7,7,7,7,7,7,7,7,7,7,7,7,7,7,7,7,7,9),(0.,7.198644659626E-02,
    0.137140863743,0.180576947741,0.213878037292,0.238492259445,
    0.293511345064,0.321019076184,0.347080688947,0.364456509365,
    0.38183228735,0.402101838192,0.423814864552,0.448426433947,
    0.474490248315,0.517923031394,0.55701210023,0.593205064725,
    0.626502271841,0.659799221853,0.690200605737,0.719154173625,
    0.748107635214,0.790089996227,0.829176889824,0.868263683853,
    0.90590274535,0.940646443254,0.972494819476,1.),.UNSPECIFIED.);
#10521 = CARTESIAN_POINT('',(26.017897942895,-0.25));
#10522 = CARTESIAN_POINT('',(25.783798287272,-0.25));
#10523 = CARTESIAN_POINT('',(25.549698608582,-0.25));
#10524 = CARTESIAN_POINT('',(25.315598896405,-0.25));
#10525 = CARTESIAN_POINT('',(25.081499152462,-0.25));
#10526 = CARTESIAN_POINT('',(24.84739939062,-0.25));
#10527 = CARTESIAN_POINT('',(24.61329963689,-0.25));
#10528 = CARTESIAN_POINT('',(24.379199929425,-0.25));
#10529 = CARTESIAN_POINT('',(23.933218437645,-0.25));
#10530 = CARTESIAN_POINT('',(23.721336606228,-0.25));
#10531 = CARTESIAN_POINT('',(23.509454919151,-0.25));
#10532 = CARTESIAN_POINT('',(23.297573359801,-0.25));
#10533 = CARTESIAN_POINT('',(23.085691841306,-0.25));
#10534 = CARTESIAN_POINT('',(22.873810247754,-0.25));
#10535 = CARTESIAN_POINT('',(22.661928475424,-0.25));
#10536 = CARTESIAN_POINT('',(22.308792437614,-0.25));
#10537 = CARTESIAN_POINT('',(22.167538282923,-0.25));
#10538 = CARTESIAN_POINT('',(22.026284034352,-0.25));
#10539 = CARTESIAN_POINT('',(21.885029617303,-0.25));
#10540 = CARTESIAN_POINT('',(21.743774937671,-0.25));
#10541 = CARTESIAN_POINT('',(21.602520075014,-0.25));
#10542 = CARTESIAN_POINT('',(21.461265293859,-0.25));
#10543 = CARTESIAN_POINT('',(21.211714996652,-0.25));
#10544 = CARTESIAN_POINT('',(21.103419467483,-0.25));
#10545 = CARTESIAN_POINT('',(20.995124031684,-0.25));
#10546 = CARTESIAN_POINT('',(20.886828731027,-0.25));
#10547 = CARTESIAN_POINT('',(20.778533607527,-0.25));
#10548 = CARTESIAN_POINT('',(20.670238703446,-0.25));
#10549 = CARTESIAN_POINT('',(20.561944061289,-0.25));
#10550 = CARTESIAN_POINT('',(20.373604868916,-0.25));
#10551 = CARTESIAN_POINT('',(20.293560193914,-0.25));
#10552 = CARTESIAN_POINT('',(20.213515656685,-0.25));
#10553 = CARTESIAN_POINT('',(20.133471351002,-0.25));
#10554 = CARTESIAN_POINT('',(20.053427321691,-0.25));
#10555 = CARTESIAN_POINT('',(19.973383498534,-0.25));
#10556 = CARTESIAN_POINT('',(19.893339748916,-0.25));
#10557 = CARTESIAN_POINT('',(19.634377896121,-0.25));
#10558 = CARTESIAN_POINT('',(19.455459977084,-0.25));
#10559 = CARTESIAN_POINT('',(19.276541541591,-0.25));
#10560 = CARTESIAN_POINT('',(19.097621866245,-0.25));
#10561 = CARTESIAN_POINT('',(18.918700254755,-0.25));
#10562 = CARTESIAN_POINT('',(18.739776037943,-0.25));
#10563 = CARTESIAN_POINT('',(18.560848573737,-0.25));
#10564 = CARTESIAN_POINT('',(18.292457475815,-0.25));
#10565 = CARTESIAN_POINT('',(18.202996701053,-0.25));
#10566 = CARTESIAN_POINT('',(18.113535194749,-0.25));
#10567 = CARTESIAN_POINT('',(18.024073282115,-0.25));
#10568 = CARTESIAN_POINT('',(17.934611288683,-0.25));
#10569 = CARTESIAN_POINT('',(17.845149518558,-0.25));
#10570 = CARTESIAN_POINT('',(17.75568826398,-0.25));
#10571 = CARTESIAN_POINT('',(17.581470482612,-0.25));
#10572 = CARTESIAN_POINT('',(17.496713882507,-0.25));
#10573 = CARTESIAN_POINT('',(17.411958307941,-0.25));
#10574 = CARTESIAN_POINT('',(17.327204039823,-0.25));
#10575 = CARTESIAN_POINT('',(17.242451377871,-0.25));
#10576 = CARTESIAN_POINT('',(17.157700640614,-0.25));
#10577 = CARTESIAN_POINT('',(17.072952165391,-0.25));
#10578 = CARTESIAN_POINT('',(16.93170447915,-0.25));
#10579 = CARTESIAN_POINT('',(16.875202743087,-0.25));
#10580 = CARTESIAN_POINT('',(16.818700885017,-0.25));
#10581 = CARTESIAN_POINT('',(16.762199223092,-0.25));
#10582 = CARTESIAN_POINT('',(16.705697377942,-0.25));
#10583 = CARTESIAN_POINT('',(16.649195319242,-0.25));
#10584 = CARTESIAN_POINT('',(16.592693882618,-0.25));
#10585 = CARTESIAN_POINT('',(16.479690154999,-0.25));
#10586 = CARTESIAN_POINT('',(16.423188360182,-0.25));
#10587 = CARTESIAN_POINT('',(16.366686565364,-0.25));
#10588 = CARTESIAN_POINT('',(16.310184770547,-0.25));
#10589 = CARTESIAN_POINT('',(16.25368297573,-0.25));
#10590 = CARTESIAN_POINT('',(16.197181180913,-0.25));
#10591 = CARTESIAN_POINT('',(16.140679386096,-0.25));
#10592 = CARTESIAN_POINT('',(16.018265952459,-0.25));
#10593 = CARTESIAN_POINT('',(15.95235290706,-0.25));
#10594 = CARTESIAN_POINT('',(15.886437976994,-0.25));
#10595 = CARTESIAN_POINT('',(15.820520815358,-0.25));
#10596 = CARTESIAN_POINT('',(15.754601206425,-0.25));
#10597 = CARTESIAN_POINT('',(15.688679065653,-0.25));
#10598 = CARTESIAN_POINT('',(15.622754439678,-0.25));
#10599 = CARTESIAN_POINT('',(15.486205653224,-0.25));
#10600 = CARTESIAN_POINT('',(15.415581151393,-0.25));
#10601 = CARTESIAN_POINT('',(15.344954438959,-0.25));
#10602 = CARTESIAN_POINT('',(15.274325428728,-0.25));
#10603 = CARTESIAN_POINT('',(15.203695799756,-0.25));
#10604 = CARTESIAN_POINT('',(15.1330653678,-0.25));
#10605 = CARTESIAN_POINT('',(15.062436332191,-0.25));
#10606 = CARTESIAN_POINT('',(14.91175458462,-0.25));
#10607 = CARTESIAN_POINT('',(14.831702491637,-0.25));
#10608 = CARTESIAN_POINT('',(14.75165356483,-0.25));
#10609 = CARTESIAN_POINT('',(14.671607939303,-0.25));
#10610 = CARTESIAN_POINT('',(14.591565599629,-0.25));
#10611 = CARTESIAN_POINT('',(14.511526379856,-0.25));
#10612 = CARTESIAN_POINT('',(14.4314899635,-0.25));
#10613 = CARTESIAN_POINT('',(14.266699264851,-0.25));
#10614 = CARTESIAN_POINT('',(14.18194535191,-0.25));
#10615 = CARTESIAN_POINT('',(14.097193284264,-0.25));
#10616 = CARTESIAN_POINT('',(14.012443166426,-0.25));
#10617 = CARTESIAN_POINT('',(13.927692597456,-0.25));
#10618 = CARTESIAN_POINT('',(13.842942431805,-0.25));
#10619 = CARTESIAN_POINT('',(13.758189788091,-0.25));
#10620 = CARTESIAN_POINT('',(13.532197737393,-0.25));
#10621 = CARTESIAN_POINT('',(13.390953561844,-0.25));
#10622 = CARTESIAN_POINT('',(13.249702616794,-0.25));
#10623 = CARTESIAN_POINT('',(13.108445949619,-0.25));
#10624 = CARTESIAN_POINT('',(12.967185047478,-0.25));
#10625 = CARTESIAN_POINT('',(12.825921886618,-0.25));
#10626 = CARTESIAN_POINT('',(12.684658840879,-0.25));
#10627 = CARTESIAN_POINT('',(12.416265514911,-0.25));
#10628 = CARTESIAN_POINT('',(12.289134527465,-0.25));
#10629 = CARTESIAN_POINT('',(12.162005171982,-0.25));
#10630 = CARTESIAN_POINT('',(12.034877051899,-0.25));
#10631 = CARTESIAN_POINT('',(11.907749689179,-0.25));
#10632 = CARTESIAN_POINT('',(11.78062252431,-0.25));
#10633 = CARTESIAN_POINT('',(11.653494916304,-0.25));
#10634 = CARTESIAN_POINT('',(11.408656324416,-0.25));
#10635 = CARTESIAN_POINT('',(11.290945571304,-0.25));
#10636 = CARTESIAN_POINT('',(11.173234006895,-0.25));
#10637 = CARTESIAN_POINT('',(11.055521772201,-0.25));
#10638 = CARTESIAN_POINT('',(10.937809025708,-0.25));
#10639 = CARTESIAN_POINT('',(10.820095943376,-0.25));
#10640 = CARTESIAN_POINT('',(10.70238271864,-0.25));
#10641 = CARTESIAN_POINT('',(10.476374500151,-0.25));
#10642 = CARTESIAN_POINT('',(10.368079494338,-0.25));
#10643 = CARTESIAN_POINT('',(10.259784515254,-0.25));
#10644 = CARTESIAN_POINT('',(10.151489529298,-0.25));
#10645 = CARTESIAN_POINT('',(10.043194498976,-0.25));
#10646 = CARTESIAN_POINT('',(9.934899382906,-0.25));
#10647 = CARTESIAN_POINT('',(9.826604135816,-0.25));
#10648 = CARTESIAN_POINT('',(9.610014117485,-0.25));
#10649 = CARTESIAN_POINT('',(9.501719346868,-0.25));
#10650 = CARTESIAN_POINT('',(9.393424411651,-0.25));
#10651 = CARTESIAN_POINT('',(9.285129327712,-0.25));
#10652 = CARTESIAN_POINT('',(9.176834111853,-0.25));
#10653 = CARTESIAN_POINT('',(9.068538781806,-0.25));
#10654 = CARTESIAN_POINT('',(8.960243356223,-0.25));
#10655 = CARTESIAN_POINT('',(8.753069936016,-0.25));
#10656 = CARTESIAN_POINT('',(8.654191957176,-0.25));
#10657 = CARTESIAN_POINT('',(8.555313916783,-0.25));
#10658 = CARTESIAN_POINT('',(8.456435813227,-0.25));
#10659 = CARTESIAN_POINT('',(8.357557644672,-0.25));
#10660 = CARTESIAN_POINT('',(8.258679409055,-0.25));
#10661 = CARTESIAN_POINT('',(8.159801104085,-0.25));
#10662 = CARTESIAN_POINT('',(7.966753270768,-0.25));
#10663 = CARTESIAN_POINT('',(7.872583752682,-0.25));
#10664 = CARTESIAN_POINT('',(7.778414175041,-0.25));
#10665 = CARTESIAN_POINT('',(7.684244539867,-0.25));
#10666 = CARTESIAN_POINT('',(7.590074849145,-0.25));
#10667 = CARTESIAN_POINT('',(7.495905104825,-0.25));
#10668 = CARTESIAN_POINT('',(7.401735308823,-0.25));
#10669 = CARTESIAN_POINT('',(7.213395962944,-0.25));
#10670 = CARTESIAN_POINT('',(7.119226416502,-0.25));
#10671 = CARTESIAN_POINT('',(7.025056824403,-0.25));
#10672 = CARTESIAN_POINT('',(6.930887187284,-0.25));
#10673 = CARTESIAN_POINT('',(6.83671750571,-0.25));
#10674 = CARTESIAN_POINT('',(6.742547780171,-0.25));
#10675 = CARTESIAN_POINT('',(6.648378011083,-0.25));
#10676 = CARTESIAN_POINT('',(6.417662485797,-0.25));
#10677 = CARTESIAN_POINT('',(6.281116667061,-0.25));
#10678 = CARTESIAN_POINT('',(6.144570764977,-0.25));
#10679 = CARTESIAN_POINT('',(6.008024789899,-0.25));
#10680 = CARTESIAN_POINT('',(5.871478744071,-0.25));
#10681 = CARTESIAN_POINT('',(5.734932625572,-0.25));
#10682 = CARTESIAN_POINT('',(5.598386432249,-0.25));
#10683 = CARTESIAN_POINT('',(5.334711312858,-0.25));
#10684 = CARTESIAN_POINT('',(5.207582407215,-0.25));
#10685 = CARTESIAN_POINT('',(5.080453448222,-0.25));
#10686 = CARTESIAN_POINT('',(4.953324434073,-0.25));
#10687 = CARTESIAN_POINT('',(4.826195363708,-0.25));
#10688 = CARTESIAN_POINT('',(4.699066238861,-0.25));
#10689 = CARTESIAN_POINT('',(4.571937066116,-0.25));
#10690 = CARTESIAN_POINT('',(4.317678975624,-0.25));
#10691 = CARTESIAN_POINT('',(4.190550033884,-0.25));
#10692 = CARTESIAN_POINT('',(4.063421048208,-0.25));
#10693 = CARTESIAN_POINT('',(3.936292025189,-0.25));
#10694 = CARTESIAN_POINT('',(3.809162965973,-0.25));
#10695 = CARTESIAN_POINT('',(3.682033868705,-0.25));
#10696 = CARTESIAN_POINT('',(3.55490473097,-0.25));
#10697 = CARTESIAN_POINT('',(3.305355100647,-0.25));
#10698 = CARTESIAN_POINT('',(3.182934620538,-0.25));
#10699 = CARTESIAN_POINT('',(3.060514108886,-0.25));
#10700 = CARTESIAN_POINT('',(2.938093563971,-0.25));
#10701 = CARTESIAN_POINT('',(2.815672986192,-0.25));
#10702 = CARTESIAN_POINT('',(2.693252378893,-0.25));
#10703 = CARTESIAN_POINT('',(2.57083174918,-0.25));
#10704 = CARTESIAN_POINT('',(2.335407607078,-0.25));
#10705 = CARTESIAN_POINT('',(2.222404082087,-0.25));
#10706 = CARTESIAN_POINT('',(2.109400540656,-0.25));
#10707 = CARTESIAN_POINT('',(1.996396975947,-0.25));
#10708 = CARTESIAN_POINT('',(1.883393376764,-0.25));
#10709 = CARTESIAN_POINT('',(1.770389736915,-0.25));
#10710 = CARTESIAN_POINT('',(1.657386064578,-0.25));
#10711 = CARTESIAN_POINT('',(1.440795735488,-0.25));
#10712 = CARTESIAN_POINT('',(1.33720907502,-0.25));
#10713 = CARTESIAN_POINT('',(1.233622450975,-0.25));
#10714 = CARTESIAN_POINT('',(1.130035876908,-0.25));
#10715 = CARTESIAN_POINT('',(1.026449339216,-0.25));
#10716 = CARTESIAN_POINT('',(0.92286279714,-0.25));
#10717 = CARTESIAN_POINT('',(0.819276182765,-0.25));
#10718 = CARTESIAN_POINT('',(0.626228854831,-0.25));
#10719 = CARTESIAN_POINT('',(0.536768186795,-0.25));
#10720 = CARTESIAN_POINT('',(0.447307361416,-0.25));
#10721 = CARTESIAN_POINT('',(0.357846348454,-0.25));
#10722 = CARTESIAN_POINT('',(0.26838512293,-0.25));
#10723 = CARTESIAN_POINT('',(0.178923665116,-0.25));
#10724 = CARTESIAN_POINT('',(8.946196054415E-02,-0.25));
#10725 = CARTESIAN_POINT('',(0.,-0.25));
#10726 = ( GEOMETRIC_REPRESENTATION_CONTEXT(2) 
PARAMETRIC_REPRESENTATION_CONTEXT() REPRESENTATION_CONTEXT('2D SPACE',''
  ) );
#10727 = FACE_BOUND('',#10728,.T.);
#10728 = EDGE_LOOP('',(#10729));
#10729 = ORIENTED_EDGE('',*,*,#10730,.T.);
#10730 = EDGE_CURVE('',#10731,#10731,#10733,.T.);
#10731 = VERTEX_POINT('',#10732);
#10732 = CARTESIAN_POINT('',(-26.8705,25.674235832114,-2.));
#10733 = SURFACE_CURVE('',#10734,(#10739,#10750),.PCURVE_S1.);
#10734 = CIRCLE('',#10735,0.6);
#10735 = AXIS2_PLACEMENT_3D('',#10736,#10737,#10738);
#10736 = CARTESIAN_POINT('',(-27.4705,25.674235832114,-2.));
#10737 = DIRECTION('',(0.,0.,1.));
#10738 = DIRECTION('',(1.,0.,-0.));
#10739 = PCURVE('',#9788,#10740);
#10740 = DEFINITIONAL_REPRESENTATION('',(#10741),#10749);
#10741 = ( BOUNDED_CURVE() B_SPLINE_CURVE(2,(#10742,#10743,#10744,#10745
    ,#10746,#10747,#10748),.UNSPECIFIED.,.T.,.F.) 
B_SPLINE_CURVE_WITH_KNOTS((1,2,2,2,2,1),(-2.094395102393,0.,
    2.094395102393,4.188790204786,6.28318530718,8.377580409573),
.UNSPECIFIED.) CURVE() GEOMETRIC_REPRESENTATION_ITEM() 
RATIONAL_B_SPLINE_CURVE((1.,0.5,1.,0.5,1.,0.5,1.)) REPRESENTATION_ITEM(
  '') );
#10742 = CARTESIAN_POINT('',(4.5,3.8795));
#10743 = CARTESIAN_POINT('',(5.539230484541,3.8795));
#10744 = CARTESIAN_POINT('',(5.019615242271,2.9795));
#10745 = CARTESIAN_POINT('',(4.5,2.0795));
#10746 = CARTESIAN_POINT('',(3.980384757729,2.9795));
#10747 = CARTESIAN_POINT('',(3.460769515459,3.8795));
#10748 = CARTESIAN_POINT('',(4.5,3.8795));
#10749 = ( GEOMETRIC_REPRESENTATION_CONTEXT(2) 
PARAMETRIC_REPRESENTATION_CONTEXT() REPRESENTATION_CONTEXT('2D SPACE',''
  ) );
#10750 = PCURVE('',#10751,#10756);
#10751 = CYLINDRICAL_SURFACE('',#10752,0.6);
#10752 = AXIS2_PLACEMENT_3D('',#10753,#10754,#10755);
#10753 = CARTESIAN_POINT('',(-27.4705,25.674235832114,-8.));
#10754 = DIRECTION('',(-0.,-0.,1.));
#10755 = DIRECTION('',(1.,0.,0.));
#10756 = DEFINITIONAL_REPRESENTATION('',(#10757),#10761);
#10757 = LINE('',#10758,#10759);
#10758 = CARTESIAN_POINT('',(0.,6.));
#10759 = VECTOR('',#10760,1.);
#10760 = DIRECTION('',(1.,0.));
#10761 = ( GEOMETRIC_REPRESENTATION_CONTEXT(2) 
PARAMETRIC_REPRESENTATION_CONTEXT() REPRESENTATION_CONTEXT('2D SPACE',''
  ) );
#10762 = FACE_BOUND('',#10763,.T.);
#10763 = EDGE_LOOP('',(#10764));
#10764 = ORIENTED_EDGE('',*,*,#10765,.T.);
#10765 = EDGE_CURVE('',#10766,#10766,#10768,.T.);
#10766 = VERTEX_POINT('',#10767);
#10767 = CARTESIAN_POINT('',(-25.0705,25.674235832114,-2.));
#10768 = SURFACE_CURVE('',#10769,(#10774,#10785),.PCURVE_S1.);
#10769 = CIRCLE('',#10770,0.6);
#10770 = AXIS2_PLACEMENT_3D('',#10771,#10772,#10773);
#10771 = CARTESIAN_POINT('',(-24.4705,25.674235832114,-2.));
#10772 = DIRECTION('',(0.,0.,1.));
#10773 = DIRECTION('',(-1.,0.,-0.));
#10774 = PCURVE('',#9788,#10775);
#10775 = DEFINITIONAL_REPRESENTATION('',(#10776),#10784);
#10776 = ( BOUNDED_CURVE() B_SPLINE_CURVE(2,(#10777,#10778,#10779,#10780
    ,#10781,#10782,#10783),.UNSPECIFIED.,.T.,.F.) 
B_SPLINE_CURVE_WITH_KNOTS((1,2,2,2,2,1),(-2.094395102393,0.,
    2.094395102393,4.188790204786,6.28318530718,8.377580409573),
.UNSPECIFIED.) CURVE() GEOMETRIC_REPRESENTATION_ITEM() 
RATIONAL_B_SPLINE_CURVE((1.,0.5,1.,0.5,1.,0.5,1.)) REPRESENTATION_ITEM(
  '') );
#10777 = CARTESIAN_POINT('',(4.5,5.6795));
#10778 = CARTESIAN_POINT('',(3.460769515459,5.6795));
#10779 = CARTESIAN_POINT('',(3.980384757729,6.5795));
#10780 = CARTESIAN_POINT('',(4.5,7.4795));
#10781 = CARTESIAN_POINT('',(5.019615242271,6.5795));
#10782 = CARTESIAN_POINT('',(5.539230484541,5.6795));
#10783 = CARTESIAN_POINT('',(4.5,5.6795));
#10784 = ( GEOMETRIC_REPRESENTATION_CONTEXT(2) 
PARAMETRIC_REPRESENTATION_CONTEXT() REPRESENTATION_CONTEXT('2D SPACE',''
  ) );
#10785 = PCURVE('',#10786,#10791);
#10786 = CYLINDRICAL_SURFACE('',#10787,0.6);
#10787 = AXIS2_PLACEMENT_3D('',#10788,#10789,#10790);
#10788 = CARTESIAN_POINT('',(-24.4705,25.674235832114,-1.));
#10789 = DIRECTION('',(-0.,-0.,-1.));
#10790 = DIRECTION('',(-1.,0.,0.));
#10791 = DEFINITIONAL_REPRESENTATION('',(#10792),#10796);
#10792 = LINE('',#10793,#10794);
#10793 = CARTESIAN_POINT('',(6.28318530718,1.));
#10794 = VECTOR('',#10795,1.);
#10795 = DIRECTION('',(-1.,-0.));
#10796 = ( GEOMETRIC_REPRESENTATION_CONTEXT(2) 
PARAMETRIC_REPRESENTATION_CONTEXT() REPRESENTATION_CONTEXT('2D SPACE',''
  ) );
#10797 = FACE_BOUND('',#10798,.T.);
#10798 = EDGE_LOOP('',(#10799));
#10799 = ORIENTED_EDGE('',*,*,#10800,.T.);
#10800 = EDGE_CURVE('',#10801,#10801,#10803,.T.);
#10801 = VERTEX_POINT('',#10802);
#10802 = CARTESIAN_POINT('',(-16.11372919964,32.645656635972,-2.));
#10803 = SURFACE_CURVE('',#10804,(#10809,#10820),.PCURVE_S1.);
#10804 = CIRCLE('',#10805,0.6);
#10805 = AXIS2_PLACEMENT_3D('',#10806,#10807,#10808);
#10806 = CARTESIAN_POINT('',(-16.71372919964,32.645656635972,-2.));
#10807 = DIRECTION('',(0.,0.,1.));
#10808 = DIRECTION('',(1.,1.184237892933E-14,-0.));
#10809 = PCURVE('',#9788,#10810);
#10810 = DEFINITIONAL_REPRESENTATION('',(#10811),#10819);
#10811 = ( BOUNDED_CURVE() B_SPLINE_CURVE(2,(#10812,#10813,#10814,#10815
    ,#10816,#10817,#10818),.UNSPECIFIED.,.T.,.F.) 
B_SPLINE_CURVE_WITH_KNOTS((1,2,2,2,2,1),(-2.094395102393,0.,
    2.094395102393,4.188790204786,6.28318530718,8.377580409573),
.UNSPECIFIED.) CURVE() GEOMETRIC_REPRESENTATION_ITEM() 
RATIONAL_B_SPLINE_CURVE((1.,0.5,1.,0.5,1.,0.5,1.)) REPRESENTATION_ITEM(
  '') );
#10812 = CARTESIAN_POINT('',(11.471420803857,14.636270800352));
#10813 = CARTESIAN_POINT('',(12.510651288399,14.636270800352));
#10814 = CARTESIAN_POINT('',(11.991036046128,13.736270800352));
#10815 = CARTESIAN_POINT('',(11.471420803857,12.836270800352));
#10816 = CARTESIAN_POINT('',(10.951805561587,13.736270800352));
#10817 = CARTESIAN_POINT('',(10.432190319316,14.636270800352));
#10818 = CARTESIAN_POINT('',(11.471420803857,14.636270800352));
#10819 = ( GEOMETRIC_REPRESENTATION_CONTEXT(2) 
PARAMETRIC_REPRESENTATION_CONTEXT() REPRESENTATION_CONTEXT('2D SPACE',''
  ) );
#10820 = PCURVE('',#10821,#10826);
#10821 = CYLINDRICAL_SURFACE('',#10822,0.6);
#10822 = AXIS2_PLACEMENT_3D('',#10823,#10824,#10825);
#10823 = CARTESIAN_POINT('',(-16.71372919964,32.645656635972,-4.));
#10824 = DIRECTION('',(-0.,-0.,1.));
#10825 = DIRECTION('',(1.,0.,0.));
#10826 = DEFINITIONAL_REPRESENTATION('',(#10827),#10831);
#10827 = LINE('',#10828,#10829);
#10828 = CARTESIAN_POINT('',(0.,2.));
#10829 = VECTOR('',#10830,1.);
#10830 = DIRECTION('',(1.,-0.));
#10831 = ( GEOMETRIC_REPRESENTATION_CONTEXT(2) 
PARAMETRIC_REPRESENTATION_CONTEXT() REPRESENTATION_CONTEXT('2D SPACE',''
  ) );
#10832 = FACE_BOUND('',#10833,.T.);
#10833 = EDGE_LOOP('',(#10834));
#10834 = ORIENTED_EDGE('',*,*,#10835,.T.);
#10835 = EDGE_CURVE('',#10836,#10836,#10838,.T.);
#10836 = VERTEX_POINT('',#10837);
#10837 = CARTESIAN_POINT('',(-11.11372919964,32.645656635972,-2.));
#10838 = SURFACE_CURVE('',#10839,(#10844,#10855),.PCURVE_S1.);
#10839 = CIRCLE('',#10840,0.6);
#10840 = AXIS2_PLACEMENT_3D('',#10841,#10842,#10843);
#10841 = CARTESIAN_POINT('',(-11.71372919964,32.645656635972,-2.));
#10842 = DIRECTION('',(0.,0.,1.));
#10843 = DIRECTION('',(1.,1.184237892933E-14,-0.));
#10844 = PCURVE('',#9788,#10845);
#10845 = DEFINITIONAL_REPRESENTATION('',(#10846),#10854);
#10846 = ( BOUNDED_CURVE() B_SPLINE_CURVE(2,(#10847,#10848,#10849,#10850
    ,#10851,#10852,#10853),.UNSPECIFIED.,.T.,.F.) 
B_SPLINE_CURVE_WITH_KNOTS((1,2,2,2,2,1),(-2.094395102393,0.,
    2.094395102393,4.188790204786,6.28318530718,8.377580409573),
.UNSPECIFIED.) CURVE() GEOMETRIC_REPRESENTATION_ITEM() 
RATIONAL_B_SPLINE_CURVE((1.,0.5,1.,0.5,1.,0.5,1.)) REPRESENTATION_ITEM(
  '') );
#10847 = CARTESIAN_POINT('',(11.471420803857,19.636270800352));
#10848 = CARTESIAN_POINT('',(12.510651288399,19.636270800352));
#10849 = CARTESIAN_POINT('',(11.991036046128,18.736270800352));
#10850 = CARTESIAN_POINT('',(11.471420803857,17.836270800352));
#10851 = CARTESIAN_POINT('',(10.951805561587,18.736270800352));
#10852 = CARTESIAN_POINT('',(10.432190319316,19.636270800352));
#10853 = CARTESIAN_POINT('',(11.471420803857,19.636270800352));
#10854 = ( GEOMETRIC_REPRESENTATION_CONTEXT(2) 
PARAMETRIC_REPRESENTATION_CONTEXT() REPRESENTATION_CONTEXT('2D SPACE',''
  ) );
#10855 = PCURVE('',#10856,#10861);
#10856 = CYLINDRICAL_SURFACE('',#10857,0.6);
#10857 = AXIS2_PLACEMENT_3D('',#10858,#10859,#10860);
#10858 = CARTESIAN_POINT('',(-11.71372919964,32.645656635972,-4.));
#10859 = DIRECTION('',(-0.,-0.,1.));
#10860 = DIRECTION('',(1.,0.,0.));
#10861 = DEFINITIONAL_REPRESENTATION('',(#10862),#10866);
#10862 = LINE('',#10863,#10864);
#10863 = CARTESIAN_POINT('',(0.,2.));
#10864 = VECTOR('',#10865,1.);
#10865 = DIRECTION('',(1.,-0.));
#10866 = ( GEOMETRIC_REPRESENTATION_CONTEXT(2) 
PARAMETRIC_REPRESENTATION_CONTEXT() REPRESENTATION_CONTEXT('2D SPACE',''
  ) );
#10867 = FACE_BOUND('',#10868,.T.);
#10868 = EDGE_LOOP('',(#10869));
#10869 = ORIENTED_EDGE('',*,*,#10870,.T.);
#10870 = EDGE_CURVE('',#10871,#10871,#10873,.T.);
#10871 = VERTEX_POINT('',#10872);
#10872 = CARTESIAN_POINT('',(-6.113729199648,32.645656635972,-2.));
#10873 = SURFACE_CURVE('',#10874,(#10879,#10890),.PCURVE_S1.);
#10874 = CIRCLE('',#10875,0.6);
#10875 = AXIS2_PLACEMENT_3D('',#10876,#10877,#10878);
#10876 = CARTESIAN_POINT('',(-6.713729199648,32.645656635972,-2.));
#10877 = DIRECTION('',(0.,0.,1.));
#10878 = DIRECTION('',(1.,1.184237892933E-14,-0.));
#10879 = PCURVE('',#9788,#10880);
#10880 = DEFINITIONAL_REPRESENTATION('',(#10881),#10889);
#10881 = ( BOUNDED_CURVE() B_SPLINE_CURVE(2,(#10882,#10883,#10884,#10885
    ,#10886,#10887,#10888),.UNSPECIFIED.,.T.,.F.) 
B_SPLINE_CURVE_WITH_KNOTS((1,2,2,2,2,1),(-2.094395102393,0.,
    2.094395102393,4.188790204786,6.28318530718,8.377580409573),
.UNSPECIFIED.) CURVE() GEOMETRIC_REPRESENTATION_ITEM() 
RATIONAL_B_SPLINE_CURVE((1.,0.5,1.,0.5,1.,0.5,1.)) REPRESENTATION_ITEM(
  '') );
#10882 = CARTESIAN_POINT('',(11.471420803857,24.636270800352));
#10883 = CARTESIAN_POINT('',(12.510651288399,24.636270800352));
#10884 = CARTESIAN_POINT('',(11.991036046128,23.736270800352));
#10885 = CARTESIAN_POINT('',(11.471420803857,22.836270800352));
#10886 = CARTESIAN_POINT('',(10.951805561587,23.736270800352));
#10887 = CARTESIAN_POINT('',(10.432190319316,24.636270800352));
#10888 = CARTESIAN_POINT('',(11.471420803857,24.636270800352));
#10889 = ( GEOMETRIC_REPRESENTATION_CONTEXT(2) 
PARAMETRIC_REPRESENTATION_CONTEXT() REPRESENTATION_CONTEXT('2D SPACE',''
  ) );
#10890 = PCURVE('',#10891,#10896);
#10891 = CYLINDRICAL_SURFACE('',#10892,0.6);
#10892 = AXIS2_PLACEMENT_3D('',#10893,#10894,#10895);
#10893 = CARTESIAN_POINT('',(-6.713729199648,32.645656635972,-4.));
#10894 = DIRECTION('',(-0.,-0.,1.));
#10895 = DIRECTION('',(1.,0.,0.));
#10896 = DEFINITIONAL_REPRESENTATION('',(#10897),#10901);
#10897 = LINE('',#10898,#10899);
#10898 = CARTESIAN_POINT('',(0.,2.));
#10899 = VECTOR('',#10900,1.);
#10900 = DIRECTION('',(1.,-0.));
#10901 = ( GEOMETRIC_REPRESENTATION_CONTEXT(2) 
PARAMETRIC_REPRESENTATION_CONTEXT() REPRESENTATION_CONTEXT('2D SPACE',''
  ) );
#10902 = FACE_BOUND('',#10903,.T.);
#10903 = EDGE_LOOP('',(#10904));
#10904 = ORIENTED_EDGE('',*,*,#10905,.T.);
#10905 = EDGE_CURVE('',#10906,#10906,#10908,.T.);
#10906 = VERTEX_POINT('',#10907);
#10907 = CARTESIAN_POINT('',(28.0705,22.674235832114,-2.));
#10908 = SURFACE_CURVE('',#10909,(#10914,#10925),.PCURVE_S1.);
#10909 = CIRCLE('',#10910,0.6);
#10910 = AXIS2_PLACEMENT_3D('',#10911,#10912,#10913);
#10911 = CARTESIAN_POINT('',(27.4705,22.674235832114,-2.));
#10912 = DIRECTION('',(0.,0.,1.));
#10913 = DIRECTION('',(1.,0.,-0.));
#10914 = PCURVE('',#9788,#10915);
#10915 = DEFINITIONAL_REPRESENTATION('',(#10916),#10924);
#10916 = ( BOUNDED_CURVE() B_SPLINE_CURVE(2,(#10917,#10918,#10919,#10920
    ,#10921,#10922,#10923),.UNSPECIFIED.,.T.,.F.) 
B_SPLINE_CURVE_WITH_KNOTS((1,2,2,2,2,1),(-2.094395102393,0.,
    2.094395102393,4.188790204786,6.28318530718,8.377580409573),
.UNSPECIFIED.) CURVE() GEOMETRIC_REPRESENTATION_ITEM() 
RATIONAL_B_SPLINE_CURVE((1.,0.5,1.,0.5,1.,0.5,1.)) REPRESENTATION_ITEM(
  '') );
#10917 = CARTESIAN_POINT('',(1.5,58.8205));
#10918 = CARTESIAN_POINT('',(2.539230484541,58.8205));
#10919 = CARTESIAN_POINT('',(2.019615242271,57.9205));
#10920 = CARTESIAN_POINT('',(1.5,57.0205));
#10921 = CARTESIAN_POINT('',(0.980384757729,57.9205));
#10922 = CARTESIAN_POINT('',(0.460769515459,58.8205));
#10923 = CARTESIAN_POINT('',(1.5,58.8205));
#10924 = ( GEOMETRIC_REPRESENTATION_CONTEXT(2) 
PARAMETRIC_REPRESENTATION_CONTEXT() REPRESENTATION_CONTEXT('2D SPACE',''
  ) );
#10925 = PCURVE('',#10926,#10931);
#10926 = CYLINDRICAL_SURFACE('',#10927,0.6);
#10927 = AXIS2_PLACEMENT_3D('',#10928,#10929,#10930);
#10928 = CARTESIAN_POINT('',(27.4705,22.674235832114,-8.));
#10929 = DIRECTION('',(-0.,-0.,1.));
#10930 = DIRECTION('',(1.,0.,0.));
#10931 = DEFINITIONAL_REPRESENTATION('',(#10932),#10936);
#10932 = LINE('',#10933,#10934);
#10933 = CARTESIAN_POINT('',(0.,6.));
#10934 = VECTOR('',#10935,1.);
#10935 = DIRECTION('',(1.,0.));
#10936 = ( GEOMETRIC_REPRESENTATION_CONTEXT(2) 
PARAMETRIC_REPRESENTATION_CONTEXT() REPRESENTATION_CONTEXT('2D SPACE',''
  ) );
#10937 = FACE_BOUND('',#10938,.T.);
#10938 = EDGE_LOOP('',(#10939));
#10939 = ORIENTED_EDGE('',*,*,#10940,.T.);
#10940 = EDGE_CURVE('',#10941,#10941,#10943,.T.);
#10941 = VERTEX_POINT('',#10942);
#10942 = CARTESIAN_POINT('',(23.8705,25.674235832114,-2.));
#10943 = SURFACE_CURVE('',#10944,(#10949,#10960),.PCURVE_S1.);
#10944 = CIRCLE('',#10945,0.6);
#10945 = AXIS2_PLACEMENT_3D('',#10946,#10947,#10948);
#10946 = CARTESIAN_POINT('',(24.4705,25.674235832114,-2.));
#10947 = DIRECTION('',(0.,0.,1.));
#10948 = DIRECTION('',(-1.,0.,-0.));
#10949 = PCURVE('',#9788,#10950);
#10950 = DEFINITIONAL_REPRESENTATION('',(#10951),#10959);
#10951 = ( BOUNDED_CURVE() B_SPLINE_CURVE(2,(#10952,#10953,#10954,#10955
    ,#10956,#10957,#10958),.UNSPECIFIED.,.T.,.F.) 
B_SPLINE_CURVE_WITH_KNOTS((1,2,2,2,2,1),(-2.094395102393,0.,
    2.094395102393,4.188790204786,6.28318530718,8.377580409573),
.UNSPECIFIED.) CURVE() GEOMETRIC_REPRESENTATION_ITEM() 
RATIONAL_B_SPLINE_CURVE((1.,0.5,1.,0.5,1.,0.5,1.)) REPRESENTATION_ITEM(
  '') );
#10952 = CARTESIAN_POINT('',(4.5,54.6205));
#10953 = CARTESIAN_POINT('',(3.460769515459,54.6205));
#10954 = CARTESIAN_POINT('',(3.980384757729,55.5205));
#10955 = CARTESIAN_POINT('',(4.5,56.4205));
#10956 = CARTESIAN_POINT('',(5.019615242271,55.5205));
#10957 = CARTESIAN_POINT('',(5.539230484541,54.6205));
#10958 = CARTESIAN_POINT('',(4.5,54.6205));
#10959 = ( GEOMETRIC_REPRESENTATION_CONTEXT(2) 
PARAMETRIC_REPRESENTATION_CONTEXT() REPRESENTATION_CONTEXT('2D SPACE',''
  ) );
#10960 = PCURVE('',#10961,#10966);
#10961 = CYLINDRICAL_SURFACE('',#10962,0.6);
#10962 = AXIS2_PLACEMENT_3D('',#10963,#10964,#10965);
#10963 = CARTESIAN_POINT('',(24.4705,25.674235832114,-1.));
#10964 = DIRECTION('',(-0.,-0.,-1.));
#10965 = DIRECTION('',(-1.,0.,0.));
#10966 = DEFINITIONAL_REPRESENTATION('',(#10967),#10971);
#10967 = LINE('',#10968,#10969);
#10968 = CARTESIAN_POINT('',(6.28318530718,1.));
#10969 = VECTOR('',#10970,1.);
#10970 = DIRECTION('',(-1.,-0.));
#10971 = ( GEOMETRIC_REPRESENTATION_CONTEXT(2) 
PARAMETRIC_REPRESENTATION_CONTEXT() REPRESENTATION_CONTEXT('2D SPACE',''
  ) );
#10972 = FACE_BOUND('',#10973,.T.);
#10973 = EDGE_LOOP('',(#10974));
#10974 = ORIENTED_EDGE('',*,*,#10975,.T.);
#10975 = EDGE_CURVE('',#10976,#10976,#10978,.T.);
#10976 = VERTEX_POINT('',#10977);
#10977 = CARTESIAN_POINT('',(28.0705,25.674235832114,-2.));
#10978 = SURFACE_CURVE('',#10979,(#10984,#10995),.PCURVE_S1.);
#10979 = CIRCLE('',#10980,0.6);
#10980 = AXIS2_PLACEMENT_3D('',#10981,#10982,#10983);
#10981 = CARTESIAN_POINT('',(27.4705,25.674235832114,-2.));
#10982 = DIRECTION('',(0.,0.,1.));
#10983 = DIRECTION('',(1.,0.,-0.));
#10984 = PCURVE('',#9788,#10985);
#10985 = DEFINITIONAL_REPRESENTATION('',(#10986),#10994);
#10986 = ( BOUNDED_CURVE() B_SPLINE_CURVE(2,(#10987,#10988,#10989,#10990
    ,#10991,#10992,#10993),.UNSPECIFIED.,.T.,.F.) 
B_SPLINE_CURVE_WITH_KNOTS((1,2,2,2,2,1),(-2.094395102393,0.,
    2.094395102393,4.188790204786,6.28318530718,8.377580409573),
.UNSPECIFIED.) CURVE() GEOMETRIC_REPRESENTATION_ITEM() 
RATIONAL_B_SPLINE_CURVE((1.,0.5,1.,0.5,1.,0.5,1.)) REPRESENTATION_ITEM(
  '') );
#10987 = CARTESIAN_POINT('',(4.5,58.8205));
#10988 = CARTESIAN_POINT('',(5.539230484541,58.8205));
#10989 = CARTESIAN_POINT('',(5.019615242271,57.9205));
#10990 = CARTESIAN_POINT('',(4.5,57.0205));
#10991 = CARTESIAN_POINT('',(3.980384757729,57.9205));
#10992 = CARTESIAN_POINT('',(3.460769515459,58.8205));
#10993 = CARTESIAN_POINT('',(4.5,58.8205));
#10994 = ( GEOMETRIC_REPRESENTATION_CONTEXT(2) 
PARAMETRIC_REPRESENTATION_CONTEXT() REPRESENTATION_CONTEXT('2D SPACE',''
  ) );
#10995 = PCURVE('',#10996,#11001);
#10996 = CYLINDRICAL_SURFACE('',#10997,0.6);
#10997 = AXIS2_PLACEMENT_3D('',#10998,#10999,#11000);
#10998 = CARTESIAN_POINT('',(27.4705,25.674235832114,-8.));
#10999 = DIRECTION('',(-0.,-0.,1.));
#11000 = DIRECTION('',(1.,0.,0.));
#11001 = DEFINITIONAL_REPRESENTATION('',(#11002),#11006);
#11002 = LINE('',#11003,#11004);
#11003 = CARTESIAN_POINT('',(0.,6.));
#11004 = VECTOR('',#11005,1.);
#11005 = DIRECTION('',(1.,0.));
#11006 = ( GEOMETRIC_REPRESENTATION_CONTEXT(2) 
PARAMETRIC_REPRESENTATION_CONTEXT() REPRESENTATION_CONTEXT('2D SPACE',''
  ) );
#11007 = FACE_BOUND('',#11008,.T.);
#11008 = EDGE_LOOP('',(#11009));
#11009 = ORIENTED_EDGE('',*,*,#11010,.T.);
#11010 = EDGE_CURVE('',#11011,#11011,#11013,.T.);
#11011 = VERTEX_POINT('',#11012);
#11012 = CARTESIAN_POINT('',(7.313729199648,32.645656635972,-2.));
#11013 = SURFACE_CURVE('',#11014,(#11019,#11030),.PCURVE_S1.);
#11014 = CIRCLE('',#11015,0.6);
#11015 = AXIS2_PLACEMENT_3D('',#11016,#11017,#11018);
#11016 = CARTESIAN_POINT('',(6.713729199648,32.645656635972,-2.));
#11017 = DIRECTION('',(0.,0.,1.));
#11018 = DIRECTION('',(1.,1.184237892933E-14,-0.));
#11019 = PCURVE('',#9788,#11020);
#11020 = DEFINITIONAL_REPRESENTATION('',(#11021),#11029);
#11021 = ( BOUNDED_CURVE() B_SPLINE_CURVE(2,(#11022,#11023,#11024,#11025
    ,#11026,#11027,#11028),.UNSPECIFIED.,.T.,.F.) 
B_SPLINE_CURVE_WITH_KNOTS((1,2,2,2,2,1),(-2.094395102393,0.,
    2.094395102393,4.188790204786,6.28318530718,8.377580409573),
.UNSPECIFIED.) CURVE() GEOMETRIC_REPRESENTATION_ITEM() 
RATIONAL_B_SPLINE_CURVE((1.,0.5,1.,0.5,1.,0.5,1.)) REPRESENTATION_ITEM(
  '') );
#11022 = CARTESIAN_POINT('',(11.471420803857,38.063729199648));
#11023 = CARTESIAN_POINT('',(12.510651288399,38.063729199648));
#11024 = CARTESIAN_POINT('',(11.991036046128,37.163729199648));
#11025 = CARTESIAN_POINT('',(11.471420803857,36.263729199648));
#11026 = CARTESIAN_POINT('',(10.951805561587,37.163729199648));
#11027 = CARTESIAN_POINT('',(10.432190319316,38.063729199648));
#11028 = CARTESIAN_POINT('',(11.471420803857,38.063729199648));
#11029 = ( GEOMETRIC_REPRESENTATION_CONTEXT(2) 
PARAMETRIC_REPRESENTATION_CONTEXT() REPRESENTATION_CONTEXT('2D SPACE',''
  ) );
#11030 = PCURVE('',#11031,#11036);
#11031 = CYLINDRICAL_SURFACE('',#11032,0.6);
#11032 = AXIS2_PLACEMENT_3D('',#11033,#11034,#11035);
#11033 = CARTESIAN_POINT('',(6.713729199648,32.645656635972,-4.));
#11034 = DIRECTION('',(-0.,-0.,1.));
#11035 = DIRECTION('',(1.,0.,0.));
#11036 = DEFINITIONAL_REPRESENTATION('',(#11037),#11041);
#11037 = LINE('',#11038,#11039);
#11038 = CARTESIAN_POINT('',(0.,2.));
#11039 = VECTOR('',#11040,1.);
#11040 = DIRECTION('',(1.,-0.));
#11041 = ( GEOMETRIC_REPRESENTATION_CONTEXT(2) 
PARAMETRIC_REPRESENTATION_CONTEXT() REPRESENTATION_CONTEXT('2D SPACE',''
  ) );
#11042 = FACE_BOUND('',#11043,.T.);
#11043 = EDGE_LOOP('',(#11044));
#11044 = ORIENTED_EDGE('',*,*,#11045,.T.);
#11045 = EDGE_CURVE('',#11046,#11046,#11048,.T.);
#11046 = VERTEX_POINT('',#11047);
#11047 = CARTESIAN_POINT('',(12.313729199648,32.645656635972,-2.));
#11048 = SURFACE_CURVE('',#11049,(#11054,#11065),.PCURVE_S1.);
#11049 = CIRCLE('',#11050,0.6);
#11050 = AXIS2_PLACEMENT_3D('',#11051,#11052,#11053);
#11051 = CARTESIAN_POINT('',(11.713729199648,32.645656635972,-2.));
#11052 = DIRECTION('',(0.,0.,1.));
#11053 = DIRECTION('',(1.,1.184237892933E-14,-0.));
#11054 = PCURVE('',#9788,#11055);
#11055 = DEFINITIONAL_REPRESENTATION('',(#11056),#11064);
#11056 = ( BOUNDED_CURVE() B_SPLINE_CURVE(2,(#11057,#11058,#11059,#11060
    ,#11061,#11062,#11063),.UNSPECIFIED.,.T.,.F.) 
B_SPLINE_CURVE_WITH_KNOTS((1,2,2,2,2,1),(-2.094395102393,0.,
    2.094395102393,4.188790204786,6.28318530718,8.377580409573),
.UNSPECIFIED.) CURVE() GEOMETRIC_REPRESENTATION_ITEM() 
RATIONAL_B_SPLINE_CURVE((1.,0.5,1.,0.5,1.,0.5,1.)) REPRESENTATION_ITEM(
  '') );
#11057 = CARTESIAN_POINT('',(11.471420803857,43.063729199648));
#11058 = CARTESIAN_POINT('',(12.510651288399,43.063729199648));
#11059 = CARTESIAN_POINT('',(11.991036046128,42.163729199648));
#11060 = CARTESIAN_POINT('',(11.471420803857,41.263729199648));
#11061 = CARTESIAN_POINT('',(10.951805561587,42.163729199648));
#11062 = CARTESIAN_POINT('',(10.432190319316,43.063729199648));
#11063 = CARTESIAN_POINT('',(11.471420803857,43.063729199648));
#11064 = ( GEOMETRIC_REPRESENTATION_CONTEXT(2) 
PARAMETRIC_REPRESENTATION_CONTEXT() REPRESENTATION_CONTEXT('2D SPACE',''
  ) );
#11065 = PCURVE('',#11066,#11071);
#11066 = CYLINDRICAL_SURFACE('',#11067,0.6);
#11067 = AXIS2_PLACEMENT_3D('',#11068,#11069,#11070);
#11068 = CARTESIAN_POINT('',(11.713729199648,32.645656635972,-4.));
#11069 = DIRECTION('',(-0.,-0.,1.));
#11070 = DIRECTION('',(1.,0.,0.));
#11071 = DEFINITIONAL_REPRESENTATION('',(#11072),#11076);
#11072 = LINE('',#11073,#11074);
#11073 = CARTESIAN_POINT('',(0.,2.));
#11074 = VECTOR('',#11075,1.);
#11075 = DIRECTION('',(1.,-0.));
#11076 = ( GEOMETRIC_REPRESENTATION_CONTEXT(2) 
PARAMETRIC_REPRESENTATION_CONTEXT() REPRESENTATION_CONTEXT('2D SPACE',''
  ) );
#11077 = FACE_BOUND('',#11078,.T.);
#11078 = EDGE_LOOP('',(#11079));
#11079 = ORIENTED_EDGE('',*,*,#11080,.T.);
#11080 = EDGE_CURVE('',#11081,#11081,#11083,.T.);
#11081 = VERTEX_POINT('',#11082);
#11082 = CARTESIAN_POINT('',(17.313729199648,32.645656635972,-2.));
#11083 = SURFACE_CURVE('',#11084,(#11089,#11100),.PCURVE_S1.);
#11084 = CIRCLE('',#11085,0.6);
#11085 = AXIS2_PLACEMENT_3D('',#11086,#11087,#11088);
#11086 = CARTESIAN_POINT('',(16.713729199648,32.645656635972,-2.));
#11087 = DIRECTION('',(0.,0.,1.));
#11088 = DIRECTION('',(1.,1.184237892933E-14,-0.));
#11089 = PCURVE('',#9788,#11090);
#11090 = DEFINITIONAL_REPRESENTATION('',(#11091),#11099);
#11091 = ( BOUNDED_CURVE() B_SPLINE_CURVE(2,(#11092,#11093,#11094,#11095
    ,#11096,#11097,#11098),.UNSPECIFIED.,.T.,.F.) 
B_SPLINE_CURVE_WITH_KNOTS((1,2,2,2,2,1),(-2.094395102393,0.,
    2.094395102393,4.188790204786,6.28318530718,8.377580409573),
.UNSPECIFIED.) CURVE() GEOMETRIC_REPRESENTATION_ITEM() 
RATIONAL_B_SPLINE_CURVE((1.,0.5,1.,0.5,1.,0.5,1.)) REPRESENTATION_ITEM(
  '') );
#11092 = CARTESIAN_POINT('',(11.471420803857,48.063729199648));
#11093 = CARTESIAN_POINT('',(12.510651288399,48.063729199648));
#11094 = CARTESIAN_POINT('',(11.991036046128,47.163729199648));
#11095 = CARTESIAN_POINT('',(11.471420803857,46.263729199648));
#11096 = CARTESIAN_POINT('',(10.951805561587,47.163729199648));
#11097 = CARTESIAN_POINT('',(10.432190319316,48.063729199648));
#11098 = CARTESIAN_POINT('',(11.471420803857,48.063729199648));
#11099 = ( GEOMETRIC_REPRESENTATION_CONTEXT(2) 
PARAMETRIC_REPRESENTATION_CONTEXT() REPRESENTATION_CONTEXT('2D SPACE',''
  ) );
#11100 = PCURVE('',#11101,#11106);
#11101 = CYLINDRICAL_SURFACE('',#11102,0.6);
#11102 = AXIS2_PLACEMENT_3D('',#11103,#11104,#11105);
#11103 = CARTESIAN_POINT('',(16.713729199648,32.645656635972,-4.));
#11104 = DIRECTION('',(-0.,-0.,1.));
#11105 = DIRECTION('',(1.,0.,0.));
#11106 = DEFINITIONAL_REPRESENTATION('',(#11107),#11111);
#11107 = LINE('',#11108,#11109);
#11108 = CARTESIAN_POINT('',(0.,2.));
#11109 = VECTOR('',#11110,1.);
#11110 = DIRECTION('',(1.,-0.));
#11111 = ( GEOMETRIC_REPRESENTATION_CONTEXT(2) 
PARAMETRIC_REPRESENTATION_CONTEXT() REPRESENTATION_CONTEXT('2D SPACE',''
  ) );
#11112 = ADVANCED_FACE('',(#11113),#11101,.T.);
#11113 = FACE_BOUND('',#11114,.T.);
#11114 = EDGE_LOOP('',(#11115,#11138,#11139,#11140));
#11115 = ORIENTED_EDGE('',*,*,#11116,.T.);
#11116 = EDGE_CURVE('',#11117,#11081,#11119,.T.);
#11117 = VERTEX_POINT('',#11118);
#11118 = CARTESIAN_POINT('',(17.313729199648,32.645656635972,-2.25));
#11119 = SEAM_CURVE('',#11120,(#11124,#11131),.PCURVE_S1.);
#11120 = LINE('',#11121,#11122);
#11121 = CARTESIAN_POINT('',(17.313729199648,32.645656635972,-4.));
#11122 = VECTOR('',#11123,1.);
#11123 = DIRECTION('',(-0.,-0.,1.));
#11124 = PCURVE('',#11101,#11125);
#11125 = DEFINITIONAL_REPRESENTATION('',(#11126),#11130);
#11126 = LINE('',#11127,#11128);
#11127 = CARTESIAN_POINT('',(6.28318530718,0.));
#11128 = VECTOR('',#11129,1.);
#11129 = DIRECTION('',(0.,1.));
#11130 = ( GEOMETRIC_REPRESENTATION_CONTEXT(2) 
PARAMETRIC_REPRESENTATION_CONTEXT() REPRESENTATION_CONTEXT('2D SPACE',''
  ) );
#11131 = PCURVE('',#11101,#11132);
#11132 = DEFINITIONAL_REPRESENTATION('',(#11133),#11137);
#11133 = LINE('',#11134,#11135);
#11134 = CARTESIAN_POINT('',(0.,0.));
#11135 = VECTOR('',#11136,1.);
#11136 = DIRECTION('',(0.,1.));
#11137 = ( GEOMETRIC_REPRESENTATION_CONTEXT(2) 
PARAMETRIC_REPRESENTATION_CONTEXT() REPRESENTATION_CONTEXT('2D SPACE',''
  ) );
#11138 = ORIENTED_EDGE('',*,*,#11080,.F.);
#11139 = ORIENTED_EDGE('',*,*,#11116,.F.);
#11140 = ORIENTED_EDGE('',*,*,#11141,.T.);
#11141 = EDGE_CURVE('',#11117,#11117,#11142,.T.);
#11142 = SURFACE_CURVE('',#11143,(#11148,#11155),.PCURVE_S1.);
#11143 = CIRCLE('',#11144,0.6);
#11144 = AXIS2_PLACEMENT_3D('',#11145,#11146,#11147);
#11145 = CARTESIAN_POINT('',(16.713729199648,32.645656635972,-2.25));
#11146 = DIRECTION('',(0.,-0.,1.));
#11147 = DIRECTION('',(1.,0.,0.));
#11148 = PCURVE('',#11101,#11149);
#11149 = DEFINITIONAL_REPRESENTATION('',(#11150),#11154);
#11150 = LINE('',#11151,#11152);
#11151 = CARTESIAN_POINT('',(0.,1.75));
#11152 = VECTOR('',#11153,1.);
#11153 = DIRECTION('',(1.,0.));
#11154 = ( GEOMETRIC_REPRESENTATION_CONTEXT(2) 
PARAMETRIC_REPRESENTATION_CONTEXT() REPRESENTATION_CONTEXT('2D SPACE',''
  ) );
#11155 = PCURVE('',#11156,#11161);
#11156 = PLANE('',#11157);
#11157 = AXIS2_PLACEMENT_3D('',#11158,#11159,#11160);
#11158 = CARTESIAN_POINT('',(2.594644299774E-15,28.186418505668,-2.25));
#11159 = DIRECTION('',(-0.,-0.,-1.));
#11160 = DIRECTION('',(-1.,0.,0.));
#11161 = DEFINITIONAL_REPRESENTATION('',(#11162),#11170);
#11162 = ( BOUNDED_CURVE() B_SPLINE_CURVE(2,(#11163,#11164,#11165,#11166
    ,#11167,#11168,#11169),.UNSPECIFIED.,.T.,.F.) 
B_SPLINE_CURVE_WITH_KNOTS((1,2,2,2,2,1),(-2.094395102393,0.,
    2.094395102393,4.188790204786,6.28318530718,8.377580409573),
.UNSPECIFIED.) CURVE() GEOMETRIC_REPRESENTATION_ITEM() 
RATIONAL_B_SPLINE_CURVE((1.,0.5,1.,0.5,1.,0.5,1.)) REPRESENTATION_ITEM(
  '') );
#11163 = CARTESIAN_POINT('',(-17.31372919964,4.459238130303));
#11164 = CARTESIAN_POINT('',(-17.31372919964,5.498468614845));
#11165 = CARTESIAN_POINT('',(-16.41372919964,4.978853372574));
#11166 = CARTESIAN_POINT('',(-15.51372919964,4.459238130303));
#11167 = CARTESIAN_POINT('',(-16.41372919964,3.939622888033));
#11168 = CARTESIAN_POINT('',(-17.31372919964,3.420007645762));
#11169 = CARTESIAN_POINT('',(-17.31372919964,4.459238130303));
#11170 = ( GEOMETRIC_REPRESENTATION_CONTEXT(2) 
PARAMETRIC_REPRESENTATION_CONTEXT() REPRESENTATION_CONTEXT('2D SPACE',''
  ) );
#11171 = ADVANCED_FACE('',(#11172),#11156,.T.);
#11172 = FACE_BOUND('',#11173,.T.);
#11173 = EDGE_LOOP('',(#11174));
#11174 = ORIENTED_EDGE('',*,*,#11141,.F.);
#11175 = ADVANCED_FACE('',(#11176),#11066,.T.);
#11176 = FACE_BOUND('',#11177,.T.);
#11177 = EDGE_LOOP('',(#11178,#11201,#11202,#11203));
#11178 = ORIENTED_EDGE('',*,*,#11179,.T.);
#11179 = EDGE_CURVE('',#11180,#11046,#11182,.T.);
#11180 = VERTEX_POINT('',#11181);
#11181 = CARTESIAN_POINT('',(12.313729199648,32.645656635972,-2.25));
#11182 = SEAM_CURVE('',#11183,(#11187,#11194),.PCURVE_S1.);
#11183 = LINE('',#11184,#11185);
#11184 = CARTESIAN_POINT('',(12.313729199648,32.645656635972,-4.));
#11185 = VECTOR('',#11186,1.);
#11186 = DIRECTION('',(-0.,-0.,1.));
#11187 = PCURVE('',#11066,#11188);
#11188 = DEFINITIONAL_REPRESENTATION('',(#11189),#11193);
#11189 = LINE('',#11190,#11191);
#11190 = CARTESIAN_POINT('',(6.28318530718,0.));
#11191 = VECTOR('',#11192,1.);
#11192 = DIRECTION('',(0.,1.));
#11193 = ( GEOMETRIC_REPRESENTATION_CONTEXT(2) 
PARAMETRIC_REPRESENTATION_CONTEXT() REPRESENTATION_CONTEXT('2D SPACE',''
  ) );
#11194 = PCURVE('',#11066,#11195);
#11195 = DEFINITIONAL_REPRESENTATION('',(#11196),#11200);
#11196 = LINE('',#11197,#11198);
#11197 = CARTESIAN_POINT('',(0.,0.));
#11198 = VECTOR('',#11199,1.);
#11199 = DIRECTION('',(0.,1.));
#11200 = ( GEOMETRIC_REPRESENTATION_CONTEXT(2) 
PARAMETRIC_REPRESENTATION_CONTEXT() REPRESENTATION_CONTEXT('2D SPACE',''
  ) );
#11201 = ORIENTED_EDGE('',*,*,#11045,.F.);
#11202 = ORIENTED_EDGE('',*,*,#11179,.F.);
#11203 = ORIENTED_EDGE('',*,*,#11204,.T.);
#11204 = EDGE_CURVE('',#11180,#11180,#11205,.T.);
#11205 = SURFACE_CURVE('',#11206,(#11211,#11218),.PCURVE_S1.);
#11206 = CIRCLE('',#11207,0.6);
#11207 = AXIS2_PLACEMENT_3D('',#11208,#11209,#11210);
#11208 = CARTESIAN_POINT('',(11.713729199648,32.645656635972,-2.25));
#11209 = DIRECTION('',(0.,-0.,1.));
#11210 = DIRECTION('',(1.,0.,0.));
#11211 = PCURVE('',#11066,#11212);
#11212 = DEFINITIONAL_REPRESENTATION('',(#11213),#11217);
#11213 = LINE('',#11214,#11215);
#11214 = CARTESIAN_POINT('',(0.,1.75));
#11215 = VECTOR('',#11216,1.);
#11216 = DIRECTION('',(1.,0.));
#11217 = ( GEOMETRIC_REPRESENTATION_CONTEXT(2) 
PARAMETRIC_REPRESENTATION_CONTEXT() REPRESENTATION_CONTEXT('2D SPACE',''
  ) );
#11218 = PCURVE('',#11219,#11224);
#11219 = PLANE('',#11220);
#11220 = AXIS2_PLACEMENT_3D('',#11221,#11222,#11223);
#11221 = CARTESIAN_POINT('',(2.594644299774E-15,28.186418505668,-2.25));
#11222 = DIRECTION('',(-0.,-0.,-1.));
#11223 = DIRECTION('',(-1.,0.,0.));
#11224 = DEFINITIONAL_REPRESENTATION('',(#11225),#11233);
#11225 = ( BOUNDED_CURVE() B_SPLINE_CURVE(2,(#11226,#11227,#11228,#11229
    ,#11230,#11231,#11232),.UNSPECIFIED.,.T.,.F.) 
B_SPLINE_CURVE_WITH_KNOTS((1,2,2,2,2,1),(-2.094395102393,0.,
    2.094395102393,4.188790204786,6.28318530718,8.377580409573),
.UNSPECIFIED.) CURVE() GEOMETRIC_REPRESENTATION_ITEM() 
RATIONAL_B_SPLINE_CURVE((1.,0.5,1.,0.5,1.,0.5,1.)) REPRESENTATION_ITEM(
  '') );
#11226 = CARTESIAN_POINT('',(-12.31372919964,4.459238130303));
#11227 = CARTESIAN_POINT('',(-12.31372919964,5.498468614845));
#11228 = CARTESIAN_POINT('',(-11.41372919964,4.978853372574));
#11229 = CARTESIAN_POINT('',(-10.51372919964,4.459238130303));
#11230 = CARTESIAN_POINT('',(-11.41372919964,3.939622888033));
#11231 = CARTESIAN_POINT('',(-12.31372919964,3.420007645762));
#11232 = CARTESIAN_POINT('',(-12.31372919964,4.459238130303));
#11233 = ( GEOMETRIC_REPRESENTATION_CONTEXT(2) 
PARAMETRIC_REPRESENTATION_CONTEXT() REPRESENTATION_CONTEXT('2D SPACE',''
  ) );
#11234 = ADVANCED_FACE('',(#11235),#11219,.T.);
#11235 = FACE_BOUND('',#11236,.T.);
#11236 = EDGE_LOOP('',(#11237));
#11237 = ORIENTED_EDGE('',*,*,#11204,.F.);
#11238 = ADVANCED_FACE('',(#11239),#11031,.T.);
#11239 = FACE_BOUND('',#11240,.T.);
#11240 = EDGE_LOOP('',(#11241,#11264,#11265,#11266));
#11241 = ORIENTED_EDGE('',*,*,#11242,.T.);
#11242 = EDGE_CURVE('',#11243,#11011,#11245,.T.);
#11243 = VERTEX_POINT('',#11244);
#11244 = CARTESIAN_POINT('',(7.313729199648,32.645656635972,-2.25));
#11245 = SEAM_CURVE('',#11246,(#11250,#11257),.PCURVE_S1.);
#11246 = LINE('',#11247,#11248);
#11247 = CARTESIAN_POINT('',(7.313729199648,32.645656635972,-4.));
#11248 = VECTOR('',#11249,1.);
#11249 = DIRECTION('',(-0.,-0.,1.));
#11250 = PCURVE('',#11031,#11251);
#11251 = DEFINITIONAL_REPRESENTATION('',(#11252),#11256);
#11252 = LINE('',#11253,#11254);
#11253 = CARTESIAN_POINT('',(6.28318530718,0.));
#11254 = VECTOR('',#11255,1.);
#11255 = DIRECTION('',(0.,1.));
#11256 = ( GEOMETRIC_REPRESENTATION_CONTEXT(2) 
PARAMETRIC_REPRESENTATION_CONTEXT() REPRESENTATION_CONTEXT('2D SPACE',''
  ) );
#11257 = PCURVE('',#11031,#11258);
#11258 = DEFINITIONAL_REPRESENTATION('',(#11259),#11263);
#11259 = LINE('',#11260,#11261);
#11260 = CARTESIAN_POINT('',(0.,0.));
#11261 = VECTOR('',#11262,1.);
#11262 = DIRECTION('',(0.,1.));
#11263 = ( GEOMETRIC_REPRESENTATION_CONTEXT(2) 
PARAMETRIC_REPRESENTATION_CONTEXT() REPRESENTATION_CONTEXT('2D SPACE',''
  ) );
#11264 = ORIENTED_EDGE('',*,*,#11010,.F.);
#11265 = ORIENTED_EDGE('',*,*,#11242,.F.);
#11266 = ORIENTED_EDGE('',*,*,#11267,.T.);
#11267 = EDGE_CURVE('',#11243,#11243,#11268,.T.);
#11268 = SURFACE_CURVE('',#11269,(#11274,#11281),.PCURVE_S1.);
#11269 = CIRCLE('',#11270,0.6);
#11270 = AXIS2_PLACEMENT_3D('',#11271,#11272,#11273);
#11271 = CARTESIAN_POINT('',(6.713729199648,32.645656635972,-2.25));
#11272 = DIRECTION('',(0.,-0.,1.));
#11273 = DIRECTION('',(1.,0.,0.));
#11274 = PCURVE('',#11031,#11275);
#11275 = DEFINITIONAL_REPRESENTATION('',(#11276),#11280);
#11276 = LINE('',#11277,#11278);
#11277 = CARTESIAN_POINT('',(0.,1.75));
#11278 = VECTOR('',#11279,1.);
#11279 = DIRECTION('',(1.,0.));
#11280 = ( GEOMETRIC_REPRESENTATION_CONTEXT(2) 
PARAMETRIC_REPRESENTATION_CONTEXT() REPRESENTATION_CONTEXT('2D SPACE',''
  ) );
#11281 = PCURVE('',#11282,#11287);
#11282 = PLANE('',#11283);
#11283 = AXIS2_PLACEMENT_3D('',#11284,#11285,#11286);
#11284 = CARTESIAN_POINT('',(2.594644299774E-15,28.186418505668,-2.25));
#11285 = DIRECTION('',(-0.,-0.,-1.));
#11286 = DIRECTION('',(-1.,0.,0.));
#11287 = DEFINITIONAL_REPRESENTATION('',(#11288),#11296);
#11288 = ( BOUNDED_CURVE() B_SPLINE_CURVE(2,(#11289,#11290,#11291,#11292
    ,#11293,#11294,#11295),.UNSPECIFIED.,.T.,.F.) 
B_SPLINE_CURVE_WITH_KNOTS((1,2,2,2,2,1),(-2.094395102393,0.,
    2.094395102393,4.188790204786,6.28318530718,8.377580409573),
.UNSPECIFIED.) CURVE() GEOMETRIC_REPRESENTATION_ITEM() 
RATIONAL_B_SPLINE_CURVE((1.,0.5,1.,0.5,1.,0.5,1.)) REPRESENTATION_ITEM(
  '') );
#11289 = CARTESIAN_POINT('',(-7.313729199648,4.459238130303));
#11290 = CARTESIAN_POINT('',(-7.313729199648,5.498468614845));
#11291 = CARTESIAN_POINT('',(-6.413729199648,4.978853372574));
#11292 = CARTESIAN_POINT('',(-5.513729199648,4.459238130303));
#11293 = CARTESIAN_POINT('',(-6.413729199648,3.939622888033));
#11294 = CARTESIAN_POINT('',(-7.313729199648,3.420007645762));
#11295 = CARTESIAN_POINT('',(-7.313729199648,4.459238130303));
#11296 = ( GEOMETRIC_REPRESENTATION_CONTEXT(2) 
PARAMETRIC_REPRESENTATION_CONTEXT() REPRESENTATION_CONTEXT('2D SPACE',''
  ) );
#11297 = ADVANCED_FACE('',(#11298),#11282,.T.);
#11298 = FACE_BOUND('',#11299,.T.);
#11299 = EDGE_LOOP('',(#11300));
#11300 = ORIENTED_EDGE('',*,*,#11267,.F.);
#11301 = ADVANCED_FACE('',(#11302),#10996,.T.);
#11302 = FACE_BOUND('',#11303,.T.);
#11303 = EDGE_LOOP('',(#11304,#11305,#11328,#11359));
#11304 = ORIENTED_EDGE('',*,*,#10975,.F.);
#11305 = ORIENTED_EDGE('',*,*,#11306,.F.);
#11306 = EDGE_CURVE('',#11307,#10976,#11309,.T.);
#11307 = VERTEX_POINT('',#11308);
#11308 = CARTESIAN_POINT('',(28.0705,25.674235832114,-2.25));
#11309 = SEAM_CURVE('',#11310,(#11314,#11321),.PCURVE_S1.);
#11310 = LINE('',#11311,#11312);
#11311 = CARTESIAN_POINT('',(28.0705,25.674235832114,-8.));
#11312 = VECTOR('',#11313,1.);
#11313 = DIRECTION('',(-0.,-0.,1.));
#11314 = PCURVE('',#10996,#11315);
#11315 = DEFINITIONAL_REPRESENTATION('',(#11316),#11320);
#11316 = LINE('',#11317,#11318);
#11317 = CARTESIAN_POINT('',(0.,0.));
#11318 = VECTOR('',#11319,1.);
#11319 = DIRECTION('',(0.,1.));
#11320 = ( GEOMETRIC_REPRESENTATION_CONTEXT(2) 
PARAMETRIC_REPRESENTATION_CONTEXT() REPRESENTATION_CONTEXT('2D SPACE',''
  ) );
#11321 = PCURVE('',#10996,#11322);
#11322 = DEFINITIONAL_REPRESENTATION('',(#11323),#11327);
#11323 = LINE('',#11324,#11325);
#11324 = CARTESIAN_POINT('',(6.28318530718,0.));
#11325 = VECTOR('',#11326,1.);
#11326 = DIRECTION('',(0.,1.));
#11327 = ( GEOMETRIC_REPRESENTATION_CONTEXT(2) 
PARAMETRIC_REPRESENTATION_CONTEXT() REPRESENTATION_CONTEXT('2D SPACE',''
  ) );
#11328 = ORIENTED_EDGE('',*,*,#11329,.T.);
#11329 = EDGE_CURVE('',#11307,#11307,#11330,.T.);
#11330 = SURFACE_CURVE('',#11331,(#11336,#11343),.PCURVE_S1.);
#11331 = CIRCLE('',#11332,0.6);
#11332 = AXIS2_PLACEMENT_3D('',#11333,#11334,#11335);
#11333 = CARTESIAN_POINT('',(27.4705,25.674235832114,-2.25));
#11334 = DIRECTION('',(0.,-0.,1.));
#11335 = DIRECTION('',(1.,0.,0.));
#11336 = PCURVE('',#10996,#11337);
#11337 = DEFINITIONAL_REPRESENTATION('',(#11338),#11342);
#11338 = LINE('',#11339,#11340);
#11339 = CARTESIAN_POINT('',(0.,5.75));
#11340 = VECTOR('',#11341,1.);
#11341 = DIRECTION('',(1.,0.));
#11342 = ( GEOMETRIC_REPRESENTATION_CONTEXT(2) 
PARAMETRIC_REPRESENTATION_CONTEXT() REPRESENTATION_CONTEXT('2D SPACE',''
  ) );
#11343 = PCURVE('',#11344,#11349);
#11344 = PLANE('',#11345);
#11345 = AXIS2_PLACEMENT_3D('',#11346,#11347,#11348);
#11346 = CARTESIAN_POINT('',(2.594644299774E-15,28.186418505668,-2.25));
#11347 = DIRECTION('',(-0.,-0.,-1.));
#11348 = DIRECTION('',(-1.,0.,0.));
#11349 = DEFINITIONAL_REPRESENTATION('',(#11350),#11358);
#11350 = ( BOUNDED_CURVE() B_SPLINE_CURVE(2,(#11351,#11352,#11353,#11354
    ,#11355,#11356,#11357),.UNSPECIFIED.,.T.,.F.) 
B_SPLINE_CURVE_WITH_KNOTS((1,2,2,2,2,1),(-2.094395102393,0.,
    2.094395102393,4.188790204786,6.28318530718,8.377580409573),
.UNSPECIFIED.) CURVE() GEOMETRIC_REPRESENTATION_ITEM() 
RATIONAL_B_SPLINE_CURVE((1.,0.5,1.,0.5,1.,0.5,1.)) REPRESENTATION_ITEM(
  '') );
#11351 = CARTESIAN_POINT('',(-28.0705,-2.512182673554));
#11352 = CARTESIAN_POINT('',(-28.0705,-1.472952189013));
#11353 = CARTESIAN_POINT('',(-27.1705,-1.992567431283));
#11354 = CARTESIAN_POINT('',(-26.2705,-2.512182673554));
#11355 = CARTESIAN_POINT('',(-27.1705,-3.031797915825));
#11356 = CARTESIAN_POINT('',(-28.0705,-3.551413158095));
#11357 = CARTESIAN_POINT('',(-28.0705,-2.512182673554));
#11358 = ( GEOMETRIC_REPRESENTATION_CONTEXT(2) 
PARAMETRIC_REPRESENTATION_CONTEXT() REPRESENTATION_CONTEXT('2D SPACE',''
  ) );
#11359 = ORIENTED_EDGE('',*,*,#11306,.T.);
#11360 = ADVANCED_FACE('',(#11361),#11344,.T.);
#11361 = FACE_BOUND('',#11362,.T.);
#11362 = EDGE_LOOP('',(#11363));
#11363 = ORIENTED_EDGE('',*,*,#11329,.F.);
#11364 = ADVANCED_FACE('',(#11365),#10961,.F.);
#11365 = FACE_BOUND('',#11366,.F.);
#11366 = EDGE_LOOP('',(#11367,#11400,#11421,#11422));
#11367 = ORIENTED_EDGE('',*,*,#11368,.F.);
#11368 = EDGE_CURVE('',#11369,#11369,#11371,.T.);
#11369 = VERTEX_POINT('',#11370);
#11370 = CARTESIAN_POINT('',(23.8705,25.674235832114,-1.));
#11371 = SURFACE_CURVE('',#11372,(#11377,#11384),.PCURVE_S1.);
#11372 = CIRCLE('',#11373,0.6);
#11373 = AXIS2_PLACEMENT_3D('',#11374,#11375,#11376);
#11374 = CARTESIAN_POINT('',(24.4705,25.674235832114,-1.));
#11375 = DIRECTION('',(0.,0.,1.));
#11376 = DIRECTION('',(-1.,0.,-0.));
#11377 = PCURVE('',#10961,#11378);
#11378 = DEFINITIONAL_REPRESENTATION('',(#11379),#11383);
#11379 = LINE('',#11380,#11381);
#11380 = CARTESIAN_POINT('',(6.28318530718,0.));
#11381 = VECTOR('',#11382,1.);
#11382 = DIRECTION('',(-1.,-0.));
#11383 = ( GEOMETRIC_REPRESENTATION_CONTEXT(2) 
PARAMETRIC_REPRESENTATION_CONTEXT() REPRESENTATION_CONTEXT('2D SPACE',''
  ) );
#11384 = PCURVE('',#11385,#11390);
#11385 = PLANE('',#11386);
#11386 = AXIS2_PLACEMENT_3D('',#11387,#11388,#11389);
#11387 = CARTESIAN_POINT('',(24.4705,25.674235832114,-1.));
#11388 = DIRECTION('',(0.,5.480694194524E-17,-1.));
#11389 = DIRECTION('',(0.,1.,5.480694194524E-17));
#11390 = DEFINITIONAL_REPRESENTATION('',(#11391),#11399);
#11391 = ( BOUNDED_CURVE() B_SPLINE_CURVE(2,(#11392,#11393,#11394,#11395
    ,#11396,#11397,#11398),.UNSPECIFIED.,.T.,.F.) 
B_SPLINE_CURVE_WITH_KNOTS((1,2,2,2,2,1),(-2.094395102393,0.,
    2.094395102393,4.188790204786,6.28318530718,8.377580409573),
.UNSPECIFIED.) CURVE() GEOMETRIC_REPRESENTATION_ITEM() 
RATIONAL_B_SPLINE_CURVE((1.,0.5,1.,0.5,1.,0.5,1.)) REPRESENTATION_ITEM(
  '') );
#11392 = CARTESIAN_POINT('',(0.,-0.6));
#11393 = CARTESIAN_POINT('',(-1.039230484541,-0.6));
#11394 = CARTESIAN_POINT('',(-0.519615242271,0.3));
#11395 = CARTESIAN_POINT('',(-1.469576158977E-16,1.2));
#11396 = CARTESIAN_POINT('',(0.519615242271,0.3));
#11397 = CARTESIAN_POINT('',(1.039230484541,-0.6));
#11398 = CARTESIAN_POINT('',(0.,-0.6));
#11399 = ( GEOMETRIC_REPRESENTATION_CONTEXT(2) 
PARAMETRIC_REPRESENTATION_CONTEXT() REPRESENTATION_CONTEXT('2D SPACE',''
  ) );
#11400 = ORIENTED_EDGE('',*,*,#11401,.T.);
#11401 = EDGE_CURVE('',#11369,#10941,#11402,.T.);
#11402 = SEAM_CURVE('',#11403,(#11407,#11414),.PCURVE_S1.);
#11403 = LINE('',#11404,#11405);
#11404 = CARTESIAN_POINT('',(23.8705,25.674235832114,-1.));
#11405 = VECTOR('',#11406,1.);
#11406 = DIRECTION('',(-0.,-0.,-1.));
#11407 = PCURVE('',#10961,#11408);
#11408 = DEFINITIONAL_REPRESENTATION('',(#11409),#11413);
#11409 = LINE('',#11410,#11411);
#11410 = CARTESIAN_POINT('',(6.28318530718,0.));
#11411 = VECTOR('',#11412,1.);
#11412 = DIRECTION('',(0.,1.));
#11413 = ( GEOMETRIC_REPRESENTATION_CONTEXT(2) 
PARAMETRIC_REPRESENTATION_CONTEXT() REPRESENTATION_CONTEXT('2D SPACE',''
  ) );
#11414 = PCURVE('',#10961,#11415);
#11415 = DEFINITIONAL_REPRESENTATION('',(#11416),#11420);
#11416 = LINE('',#11417,#11418);
#11417 = CARTESIAN_POINT('',(0.,0.));
#11418 = VECTOR('',#11419,1.);
#11419 = DIRECTION('',(0.,1.));
#11420 = ( GEOMETRIC_REPRESENTATION_CONTEXT(2) 
PARAMETRIC_REPRESENTATION_CONTEXT() REPRESENTATION_CONTEXT('2D SPACE',''
  ) );
#11421 = ORIENTED_EDGE('',*,*,#10940,.T.);
#11422 = ORIENTED_EDGE('',*,*,#11401,.F.);
#11423 = ADVANCED_FACE('',(#11424),#11385,.T.);
#11424 = FACE_BOUND('',#11425,.F.);
#11425 = EDGE_LOOP('',(#11426));
#11426 = ORIENTED_EDGE('',*,*,#11368,.T.);
#11427 = ADVANCED_FACE('',(#11428),#10926,.T.);
#11428 = FACE_BOUND('',#11429,.T.);
#11429 = EDGE_LOOP('',(#11430,#11431,#11454,#11485));
#11430 = ORIENTED_EDGE('',*,*,#10905,.F.);
#11431 = ORIENTED_EDGE('',*,*,#11432,.F.);
#11432 = EDGE_CURVE('',#11433,#10906,#11435,.T.);
#11433 = VERTEX_POINT('',#11434);
#11434 = CARTESIAN_POINT('',(28.0705,22.674235832114,-2.25));
#11435 = SEAM_CURVE('',#11436,(#11440,#11447),.PCURVE_S1.);
#11436 = LINE('',#11437,#11438);
#11437 = CARTESIAN_POINT('',(28.0705,22.674235832114,-8.));
#11438 = VECTOR('',#11439,1.);
#11439 = DIRECTION('',(-0.,-0.,1.));
#11440 = PCURVE('',#10926,#11441);
#11441 = DEFINITIONAL_REPRESENTATION('',(#11442),#11446);
#11442 = LINE('',#11443,#11444);
#11443 = CARTESIAN_POINT('',(0.,0.));
#11444 = VECTOR('',#11445,1.);
#11445 = DIRECTION('',(0.,1.));
#11446 = ( GEOMETRIC_REPRESENTATION_CONTEXT(2) 
PARAMETRIC_REPRESENTATION_CONTEXT() REPRESENTATION_CONTEXT('2D SPACE',''
  ) );
#11447 = PCURVE('',#10926,#11448);
#11448 = DEFINITIONAL_REPRESENTATION('',(#11449),#11453);
#11449 = LINE('',#11450,#11451);
#11450 = CARTESIAN_POINT('',(6.28318530718,0.));
#11451 = VECTOR('',#11452,1.);
#11452 = DIRECTION('',(0.,1.));
#11453 = ( GEOMETRIC_REPRESENTATION_CONTEXT(2) 
PARAMETRIC_REPRESENTATION_CONTEXT() REPRESENTATION_CONTEXT('2D SPACE',''
  ) );
#11454 = ORIENTED_EDGE('',*,*,#11455,.T.);
#11455 = EDGE_CURVE('',#11433,#11433,#11456,.T.);
#11456 = SURFACE_CURVE('',#11457,(#11462,#11469),.PCURVE_S1.);
#11457 = CIRCLE('',#11458,0.6);
#11458 = AXIS2_PLACEMENT_3D('',#11459,#11460,#11461);
#11459 = CARTESIAN_POINT('',(27.4705,22.674235832114,-2.25));
#11460 = DIRECTION('',(0.,-0.,1.));
#11461 = DIRECTION('',(1.,0.,0.));
#11462 = PCURVE('',#10926,#11463);
#11463 = DEFINITIONAL_REPRESENTATION('',(#11464),#11468);
#11464 = LINE('',#11465,#11466);
#11465 = CARTESIAN_POINT('',(0.,5.75));
#11466 = VECTOR('',#11467,1.);
#11467 = DIRECTION('',(1.,0.));
#11468 = ( GEOMETRIC_REPRESENTATION_CONTEXT(2) 
PARAMETRIC_REPRESENTATION_CONTEXT() REPRESENTATION_CONTEXT('2D SPACE',''
  ) );
#11469 = PCURVE('',#11470,#11475);
#11470 = PLANE('',#11471);
#11471 = AXIS2_PLACEMENT_3D('',#11472,#11473,#11474);
#11472 = CARTESIAN_POINT('',(2.594644299774E-15,28.186418505668,-2.25));
#11473 = DIRECTION('',(-0.,-0.,-1.));
#11474 = DIRECTION('',(-1.,0.,0.));
#11475 = DEFINITIONAL_REPRESENTATION('',(#11476),#11484);
#11476 = ( BOUNDED_CURVE() B_SPLINE_CURVE(2,(#11477,#11478,#11479,#11480
    ,#11481,#11482,#11483),.UNSPECIFIED.,.T.,.F.) 
B_SPLINE_CURVE_WITH_KNOTS((1,2,2,2,2,1),(-2.094395102393,0.,
    2.094395102393,4.188790204786,6.28318530718,8.377580409573),
.UNSPECIFIED.) CURVE() GEOMETRIC_REPRESENTATION_ITEM() 
RATIONAL_B_SPLINE_CURVE((1.,0.5,1.,0.5,1.,0.5,1.)) REPRESENTATION_ITEM(
  '') );
#11477 = CARTESIAN_POINT('',(-28.0705,-5.512182673554));
#11478 = CARTESIAN_POINT('',(-28.0705,-4.472952189013));
#11479 = CARTESIAN_POINT('',(-27.1705,-4.992567431283));
#11480 = CARTESIAN_POINT('',(-26.2705,-5.512182673554));
#11481 = CARTESIAN_POINT('',(-27.1705,-6.031797915825));
#11482 = CARTESIAN_POINT('',(-28.0705,-6.551413158095));
#11483 = CARTESIAN_POINT('',(-28.0705,-5.512182673554));
#11484 = ( GEOMETRIC_REPRESENTATION_CONTEXT(2) 
PARAMETRIC_REPRESENTATION_CONTEXT() REPRESENTATION_CONTEXT('2D SPACE',''
  ) );
#11485 = ORIENTED_EDGE('',*,*,#11432,.T.);
#11486 = ADVANCED_FACE('',(#11487),#11470,.T.);
#11487 = FACE_BOUND('',#11488,.T.);
#11488 = EDGE_LOOP('',(#11489));
#11489 = ORIENTED_EDGE('',*,*,#11455,.F.);
#11490 = ADVANCED_FACE('',(#11491),#10891,.T.);
#11491 = FACE_BOUND('',#11492,.T.);
#11492 = EDGE_LOOP('',(#11493,#11516,#11517,#11518));
#11493 = ORIENTED_EDGE('',*,*,#11494,.T.);
#11494 = EDGE_CURVE('',#11495,#10871,#11497,.T.);
#11495 = VERTEX_POINT('',#11496);
#11496 = CARTESIAN_POINT('',(-6.113729199648,32.645656635972,-2.25));
#11497 = SEAM_CURVE('',#11498,(#11502,#11509),.PCURVE_S1.);
#11498 = LINE('',#11499,#11500);
#11499 = CARTESIAN_POINT('',(-6.113729199648,32.645656635972,-4.));
#11500 = VECTOR('',#11501,1.);
#11501 = DIRECTION('',(-0.,-0.,1.));
#11502 = PCURVE('',#10891,#11503);
#11503 = DEFINITIONAL_REPRESENTATION('',(#11504),#11508);
#11504 = LINE('',#11505,#11506);
#11505 = CARTESIAN_POINT('',(6.28318530718,0.));
#11506 = VECTOR('',#11507,1.);
#11507 = DIRECTION('',(0.,1.));
#11508 = ( GEOMETRIC_REPRESENTATION_CONTEXT(2) 
PARAMETRIC_REPRESENTATION_CONTEXT() REPRESENTATION_CONTEXT('2D SPACE',''
  ) );
#11509 = PCURVE('',#10891,#11510);
#11510 = DEFINITIONAL_REPRESENTATION('',(#11511),#11515);
#11511 = LINE('',#11512,#11513);
#11512 = CARTESIAN_POINT('',(0.,0.));
#11513 = VECTOR('',#11514,1.);
#11514 = DIRECTION('',(0.,1.));
#11515 = ( GEOMETRIC_REPRESENTATION_CONTEXT(2) 
PARAMETRIC_REPRESENTATION_CONTEXT() REPRESENTATION_CONTEXT('2D SPACE',''
  ) );
#11516 = ORIENTED_EDGE('',*,*,#10870,.F.);
#11517 = ORIENTED_EDGE('',*,*,#11494,.F.);
#11518 = ORIENTED_EDGE('',*,*,#11519,.T.);
#11519 = EDGE_CURVE('',#11495,#11495,#11520,.T.);
#11520 = SURFACE_CURVE('',#11521,(#11526,#11533),.PCURVE_S1.);
#11521 = CIRCLE('',#11522,0.6);
#11522 = AXIS2_PLACEMENT_3D('',#11523,#11524,#11525);
#11523 = CARTESIAN_POINT('',(-6.713729199648,32.645656635972,-2.25));
#11524 = DIRECTION('',(0.,-0.,1.));
#11525 = DIRECTION('',(1.,0.,0.));
#11526 = PCURVE('',#10891,#11527);
#11527 = DEFINITIONAL_REPRESENTATION('',(#11528),#11532);
#11528 = LINE('',#11529,#11530);
#11529 = CARTESIAN_POINT('',(0.,1.75));
#11530 = VECTOR('',#11531,1.);
#11531 = DIRECTION('',(1.,0.));
#11532 = ( GEOMETRIC_REPRESENTATION_CONTEXT(2) 
PARAMETRIC_REPRESENTATION_CONTEXT() REPRESENTATION_CONTEXT('2D SPACE',''
  ) );
#11533 = PCURVE('',#11534,#11539);
#11534 = PLANE('',#11535);
#11535 = AXIS2_PLACEMENT_3D('',#11536,#11537,#11538);
#11536 = CARTESIAN_POINT('',(2.594644299774E-15,28.186418505668,-2.25));
#11537 = DIRECTION('',(-0.,-0.,-1.));
#11538 = DIRECTION('',(-1.,0.,0.));
#11539 = DEFINITIONAL_REPRESENTATION('',(#11540),#11548);
#11540 = ( BOUNDED_CURVE() B_SPLINE_CURVE(2,(#11541,#11542,#11543,#11544
    ,#11545,#11546,#11547),.UNSPECIFIED.,.T.,.F.) 
B_SPLINE_CURVE_WITH_KNOTS((1,2,2,2,2,1),(-2.094395102393,0.,
    2.094395102393,4.188790204786,6.28318530718,8.377580409573),
.UNSPECIFIED.) CURVE() GEOMETRIC_REPRESENTATION_ITEM() 
RATIONAL_B_SPLINE_CURVE((1.,0.5,1.,0.5,1.,0.5,1.)) REPRESENTATION_ITEM(
  '') );
#11541 = CARTESIAN_POINT('',(6.113729199648,4.459238130303));
#11542 = CARTESIAN_POINT('',(6.113729199648,5.498468614845));
#11543 = CARTESIAN_POINT('',(7.013729199648,4.978853372574));
#11544 = CARTESIAN_POINT('',(7.913729199648,4.459238130303));
#11545 = CARTESIAN_POINT('',(7.013729199648,3.939622888033));
#11546 = CARTESIAN_POINT('',(6.113729199648,3.420007645762));
#11547 = CARTESIAN_POINT('',(6.113729199648,4.459238130303));
#11548 = ( GEOMETRIC_REPRESENTATION_CONTEXT(2) 
PARAMETRIC_REPRESENTATION_CONTEXT() REPRESENTATION_CONTEXT('2D SPACE',''
  ) );
#11549 = ADVANCED_FACE('',(#11550),#11534,.T.);
#11550 = FACE_BOUND('',#11551,.T.);
#11551 = EDGE_LOOP('',(#11552));
#11552 = ORIENTED_EDGE('',*,*,#11519,.F.);
#11553 = ADVANCED_FACE('',(#11554),#10856,.T.);
#11554 = FACE_BOUND('',#11555,.T.);
#11555 = EDGE_LOOP('',(#11556,#11579,#11580,#11581));
#11556 = ORIENTED_EDGE('',*,*,#11557,.T.);
#11557 = EDGE_CURVE('',#11558,#10836,#11560,.T.);
#11558 = VERTEX_POINT('',#11559);
#11559 = CARTESIAN_POINT('',(-11.11372919964,32.645656635972,-2.25));
#11560 = SEAM_CURVE('',#11561,(#11565,#11572),.PCURVE_S1.);
#11561 = LINE('',#11562,#11563);
#11562 = CARTESIAN_POINT('',(-11.11372919964,32.645656635972,-4.));
#11563 = VECTOR('',#11564,1.);
#11564 = DIRECTION('',(-0.,-0.,1.));
#11565 = PCURVE('',#10856,#11566);
#11566 = DEFINITIONAL_REPRESENTATION('',(#11567),#11571);
#11567 = LINE('',#11568,#11569);
#11568 = CARTESIAN_POINT('',(6.28318530718,0.));
#11569 = VECTOR('',#11570,1.);
#11570 = DIRECTION('',(0.,1.));
#11571 = ( GEOMETRIC_REPRESENTATION_CONTEXT(2) 
PARAMETRIC_REPRESENTATION_CONTEXT() REPRESENTATION_CONTEXT('2D SPACE',''
  ) );
#11572 = PCURVE('',#10856,#11573);
#11573 = DEFINITIONAL_REPRESENTATION('',(#11574),#11578);
#11574 = LINE('',#11575,#11576);
#11575 = CARTESIAN_POINT('',(0.,0.));
#11576 = VECTOR('',#11577,1.);
#11577 = DIRECTION('',(0.,1.));
#11578 = ( GEOMETRIC_REPRESENTATION_CONTEXT(2) 
PARAMETRIC_REPRESENTATION_CONTEXT() REPRESENTATION_CONTEXT('2D SPACE',''
  ) );
#11579 = ORIENTED_EDGE('',*,*,#10835,.F.);
#11580 = ORIENTED_EDGE('',*,*,#11557,.F.);
#11581 = ORIENTED_EDGE('',*,*,#11582,.T.);
#11582 = EDGE_CURVE('',#11558,#11558,#11583,.T.);
#11583 = SURFACE_CURVE('',#11584,(#11589,#11596),.PCURVE_S1.);
#11584 = CIRCLE('',#11585,0.6);
#11585 = AXIS2_PLACEMENT_3D('',#11586,#11587,#11588);
#11586 = CARTESIAN_POINT('',(-11.71372919964,32.645656635972,-2.25));
#11587 = DIRECTION('',(0.,-0.,1.));
#11588 = DIRECTION('',(1.,0.,0.));
#11589 = PCURVE('',#10856,#11590);
#11590 = DEFINITIONAL_REPRESENTATION('',(#11591),#11595);
#11591 = LINE('',#11592,#11593);
#11592 = CARTESIAN_POINT('',(0.,1.75));
#11593 = VECTOR('',#11594,1.);
#11594 = DIRECTION('',(1.,0.));
#11595 = ( GEOMETRIC_REPRESENTATION_CONTEXT(2) 
PARAMETRIC_REPRESENTATION_CONTEXT() REPRESENTATION_CONTEXT('2D SPACE',''
  ) );
#11596 = PCURVE('',#11597,#11602);
#11597 = PLANE('',#11598);
#11598 = AXIS2_PLACEMENT_3D('',#11599,#11600,#11601);
#11599 = CARTESIAN_POINT('',(2.594644299774E-15,28.186418505668,-2.25));
#11600 = DIRECTION('',(-0.,-0.,-1.));
#11601 = DIRECTION('',(-1.,0.,0.));
#11602 = DEFINITIONAL_REPRESENTATION('',(#11603),#11611);
#11603 = ( BOUNDED_CURVE() B_SPLINE_CURVE(2,(#11604,#11605,#11606,#11607
    ,#11608,#11609,#11610),.UNSPECIFIED.,.T.,.F.) 
B_SPLINE_CURVE_WITH_KNOTS((1,2,2,2,2,1),(-2.094395102393,0.,
    2.094395102393,4.188790204786,6.28318530718,8.377580409573),
.UNSPECIFIED.) CURVE() GEOMETRIC_REPRESENTATION_ITEM() 
RATIONAL_B_SPLINE_CURVE((1.,0.5,1.,0.5,1.,0.5,1.)) REPRESENTATION_ITEM(
  '') );
#11604 = CARTESIAN_POINT('',(11.113729199648,4.459238130303));
#11605 = CARTESIAN_POINT('',(11.113729199648,5.498468614845));
#11606 = CARTESIAN_POINT('',(12.013729199648,4.978853372574));
#11607 = CARTESIAN_POINT('',(12.913729199648,4.459238130303));
#11608 = CARTESIAN_POINT('',(12.013729199648,3.939622888033));
#11609 = CARTESIAN_POINT('',(11.113729199648,3.420007645762));
#11610 = CARTESIAN_POINT('',(11.113729199648,4.459238130303));
#11611 = ( GEOMETRIC_REPRESENTATION_CONTEXT(2) 
PARAMETRIC_REPRESENTATION_CONTEXT() REPRESENTATION_CONTEXT('2D SPACE',''
  ) );
#11612 = ADVANCED_FACE('',(#11613),#11597,.T.);
#11613 = FACE_BOUND('',#11614,.T.);
#11614 = EDGE_LOOP('',(#11615));
#11615 = ORIENTED_EDGE('',*,*,#11582,.F.);
#11616 = ADVANCED_FACE('',(#11617),#10821,.T.);
#11617 = FACE_BOUND('',#11618,.T.);
#11618 = EDGE_LOOP('',(#11619,#11642,#11643,#11644));
#11619 = ORIENTED_EDGE('',*,*,#11620,.T.);
#11620 = EDGE_CURVE('',#11621,#10801,#11623,.T.);
#11621 = VERTEX_POINT('',#11622);
#11622 = CARTESIAN_POINT('',(-16.11372919964,32.645656635972,-2.25));
#11623 = SEAM_CURVE('',#11624,(#11628,#11635),.PCURVE_S1.);
#11624 = LINE('',#11625,#11626);
#11625 = CARTESIAN_POINT('',(-16.11372919964,32.645656635972,-4.));
#11626 = VECTOR('',#11627,1.);
#11627 = DIRECTION('',(-0.,-0.,1.));
#11628 = PCURVE('',#10821,#11629);
#11629 = DEFINITIONAL_REPRESENTATION('',(#11630),#11634);
#11630 = LINE('',#11631,#11632);
#11631 = CARTESIAN_POINT('',(6.28318530718,0.));
#11632 = VECTOR('',#11633,1.);
#11633 = DIRECTION('',(0.,1.));
#11634 = ( GEOMETRIC_REPRESENTATION_CONTEXT(2) 
PARAMETRIC_REPRESENTATION_CONTEXT() REPRESENTATION_CONTEXT('2D SPACE',''
  ) );
#11635 = PCURVE('',#10821,#11636);
#11636 = DEFINITIONAL_REPRESENTATION('',(#11637),#11641);
#11637 = LINE('',#11638,#11639);
#11638 = CARTESIAN_POINT('',(0.,0.));
#11639 = VECTOR('',#11640,1.);
#11640 = DIRECTION('',(0.,1.));
#11641 = ( GEOMETRIC_REPRESENTATION_CONTEXT(2) 
PARAMETRIC_REPRESENTATION_CONTEXT() REPRESENTATION_CONTEXT('2D SPACE',''
  ) );
#11642 = ORIENTED_EDGE('',*,*,#10800,.F.);
#11643 = ORIENTED_EDGE('',*,*,#11620,.F.);
#11644 = ORIENTED_EDGE('',*,*,#11645,.T.);
#11645 = EDGE_CURVE('',#11621,#11621,#11646,.T.);
#11646 = SURFACE_CURVE('',#11647,(#11652,#11659),.PCURVE_S1.);
#11647 = CIRCLE('',#11648,0.6);
#11648 = AXIS2_PLACEMENT_3D('',#11649,#11650,#11651);
#11649 = CARTESIAN_POINT('',(-16.71372919964,32.645656635972,-2.25));
#11650 = DIRECTION('',(0.,-0.,1.));
#11651 = DIRECTION('',(1.,0.,0.));
#11652 = PCURVE('',#10821,#11653);
#11653 = DEFINITIONAL_REPRESENTATION('',(#11654),#11658);
#11654 = LINE('',#11655,#11656);
#11655 = CARTESIAN_POINT('',(0.,1.75));
#11656 = VECTOR('',#11657,1.);
#11657 = DIRECTION('',(1.,0.));
#11658 = ( GEOMETRIC_REPRESENTATION_CONTEXT(2) 
PARAMETRIC_REPRESENTATION_CONTEXT() REPRESENTATION_CONTEXT('2D SPACE',''
  ) );
#11659 = PCURVE('',#11660,#11665);
#11660 = PLANE('',#11661);
#11661 = AXIS2_PLACEMENT_3D('',#11662,#11663,#11664);
#11662 = CARTESIAN_POINT('',(2.594644299774E-15,28.186418505668,-2.25));
#11663 = DIRECTION('',(-0.,-0.,-1.));
#11664 = DIRECTION('',(-1.,0.,0.));
#11665 = DEFINITIONAL_REPRESENTATION('',(#11666),#11674);
#11666 = ( BOUNDED_CURVE() B_SPLINE_CURVE(2,(#11667,#11668,#11669,#11670
    ,#11671,#11672,#11673),.UNSPECIFIED.,.T.,.F.) 
B_SPLINE_CURVE_WITH_KNOTS((1,2,2,2,2,1),(-2.094395102393,0.,
    2.094395102393,4.188790204786,6.28318530718,8.377580409573),
.UNSPECIFIED.) CURVE() GEOMETRIC_REPRESENTATION_ITEM() 
RATIONAL_B_SPLINE_CURVE((1.,0.5,1.,0.5,1.,0.5,1.)) REPRESENTATION_ITEM(
  '') );
#11667 = CARTESIAN_POINT('',(16.113729199648,4.459238130303));
#11668 = CARTESIAN_POINT('',(16.113729199648,5.498468614845));
#11669 = CARTESIAN_POINT('',(17.013729199648,4.978853372574));
#11670 = CARTESIAN_POINT('',(17.913729199648,4.459238130303));
#11671 = CARTESIAN_POINT('',(17.013729199648,3.939622888033));
#11672 = CARTESIAN_POINT('',(16.113729199648,3.420007645762));
#11673 = CARTESIAN_POINT('',(16.113729199648,4.459238130303));
#11674 = ( GEOMETRIC_REPRESENTATION_CONTEXT(2) 
PARAMETRIC_REPRESENTATION_CONTEXT() REPRESENTATION_CONTEXT('2D SPACE',''
  ) );
#11675 = ADVANCED_FACE('',(#11676),#11660,.T.);
#11676 = FACE_BOUND('',#11677,.T.);
#11677 = EDGE_LOOP('',(#11678));
#11678 = ORIENTED_EDGE('',*,*,#11645,.F.);
#11679 = ADVANCED_FACE('',(#11680),#10786,.F.);
#11680 = FACE_BOUND('',#11681,.F.);
#11681 = EDGE_LOOP('',(#11682,#11715,#11736,#11737));
#11682 = ORIENTED_EDGE('',*,*,#11683,.F.);
#11683 = EDGE_CURVE('',#11684,#11684,#11686,.T.);
#11684 = VERTEX_POINT('',#11685);
#11685 = CARTESIAN_POINT('',(-25.0705,25.674235832114,-1.));
#11686 = SURFACE_CURVE('',#11687,(#11692,#11699),.PCURVE_S1.);
#11687 = CIRCLE('',#11688,0.6);
#11688 = AXIS2_PLACEMENT_3D('',#11689,#11690,#11691);
#11689 = CARTESIAN_POINT('',(-24.4705,25.674235832114,-1.));
#11690 = DIRECTION('',(0.,0.,1.));
#11691 = DIRECTION('',(-1.,0.,-0.));
#11692 = PCURVE('',#10786,#11693);
#11693 = DEFINITIONAL_REPRESENTATION('',(#11694),#11698);
#11694 = LINE('',#11695,#11696);
#11695 = CARTESIAN_POINT('',(6.28318530718,0.));
#11696 = VECTOR('',#11697,1.);
#11697 = DIRECTION('',(-1.,-0.));
#11698 = ( GEOMETRIC_REPRESENTATION_CONTEXT(2) 
PARAMETRIC_REPRESENTATION_CONTEXT() REPRESENTATION_CONTEXT('2D SPACE',''
  ) );
#11699 = PCURVE('',#11700,#11705);
#11700 = PLANE('',#11701);
#11701 = AXIS2_PLACEMENT_3D('',#11702,#11703,#11704);
#11702 = CARTESIAN_POINT('',(-24.4705,25.674235832114,-1.));
#11703 = DIRECTION('',(0.,5.480694194524E-17,-1.));
#11704 = DIRECTION('',(0.,1.,5.480694194524E-17));
#11705 = DEFINITIONAL_REPRESENTATION('',(#11706),#11714);
#11706 = ( BOUNDED_CURVE() B_SPLINE_CURVE(2,(#11707,#11708,#11709,#11710
    ,#11711,#11712,#11713),.UNSPECIFIED.,.T.,.F.) 
B_SPLINE_CURVE_WITH_KNOTS((1,2,2,2,2,1),(-2.094395102393,0.,
    2.094395102393,4.188790204786,6.28318530718,8.377580409573),
.UNSPECIFIED.) CURVE() GEOMETRIC_REPRESENTATION_ITEM() 
RATIONAL_B_SPLINE_CURVE((1.,0.5,1.,0.5,1.,0.5,1.)) REPRESENTATION_ITEM(
  '') );
#11707 = CARTESIAN_POINT('',(0.,-0.6));
#11708 = CARTESIAN_POINT('',(-1.039230484541,-0.6));
#11709 = CARTESIAN_POINT('',(-0.519615242271,0.3));
#11710 = CARTESIAN_POINT('',(-1.469576158977E-16,1.2));
#11711 = CARTESIAN_POINT('',(0.519615242271,0.3));
#11712 = CARTESIAN_POINT('',(1.039230484541,-0.6));
#11713 = CARTESIAN_POINT('',(0.,-0.6));
#11714 = ( GEOMETRIC_REPRESENTATION_CONTEXT(2) 
PARAMETRIC_REPRESENTATION_CONTEXT() REPRESENTATION_CONTEXT('2D SPACE',''
  ) );
#11715 = ORIENTED_EDGE('',*,*,#11716,.T.);
#11716 = EDGE_CURVE('',#11684,#10766,#11717,.T.);
#11717 = SEAM_CURVE('',#11718,(#11722,#11729),.PCURVE_S1.);
#11718 = LINE('',#11719,#11720);
#11719 = CARTESIAN_POINT('',(-25.0705,25.674235832114,-1.));
#11720 = VECTOR('',#11721,1.);
#11721 = DIRECTION('',(-0.,-0.,-1.));
#11722 = PCURVE('',#10786,#11723);
#11723 = DEFINITIONAL_REPRESENTATION('',(#11724),#11728);
#11724 = LINE('',#11725,#11726);
#11725 = CARTESIAN_POINT('',(6.28318530718,0.));
#11726 = VECTOR('',#11727,1.);
#11727 = DIRECTION('',(0.,1.));
#11728 = ( GEOMETRIC_REPRESENTATION_CONTEXT(2) 
PARAMETRIC_REPRESENTATION_CONTEXT() REPRESENTATION_CONTEXT('2D SPACE',''
  ) );
#11729 = PCURVE('',#10786,#11730);
#11730 = DEFINITIONAL_REPRESENTATION('',(#11731),#11735);
#11731 = LINE('',#11732,#11733);
#11732 = CARTESIAN_POINT('',(0.,0.));
#11733 = VECTOR('',#11734,1.);
#11734 = DIRECTION('',(0.,1.));
#11735 = ( GEOMETRIC_REPRESENTATION_CONTEXT(2) 
PARAMETRIC_REPRESENTATION_CONTEXT() REPRESENTATION_CONTEXT('2D SPACE',''
  ) );
#11736 = ORIENTED_EDGE('',*,*,#10765,.T.);
#11737 = ORIENTED_EDGE('',*,*,#11716,.F.);
#11738 = ADVANCED_FACE('',(#11739),#11700,.T.);
#11739 = FACE_BOUND('',#11740,.F.);
#11740 = EDGE_LOOP('',(#11741));
#11741 = ORIENTED_EDGE('',*,*,#11683,.T.);
#11742 = ADVANCED_FACE('',(#11743),#10751,.T.);
#11743 = FACE_BOUND('',#11744,.T.);
#11744 = EDGE_LOOP('',(#11745,#11746,#11769,#11800));
#11745 = ORIENTED_EDGE('',*,*,#10730,.F.);
#11746 = ORIENTED_EDGE('',*,*,#11747,.F.);
#11747 = EDGE_CURVE('',#11748,#10731,#11750,.T.);
#11748 = VERTEX_POINT('',#11749);
#11749 = CARTESIAN_POINT('',(-26.8705,25.674235832114,-2.25));
#11750 = SEAM_CURVE('',#11751,(#11755,#11762),.PCURVE_S1.);
#11751 = LINE('',#11752,#11753);
#11752 = CARTESIAN_POINT('',(-26.8705,25.674235832114,-8.));
#11753 = VECTOR('',#11754,1.);
#11754 = DIRECTION('',(-0.,-0.,1.));
#11755 = PCURVE('',#10751,#11756);
#11756 = DEFINITIONAL_REPRESENTATION('',(#11757),#11761);
#11757 = LINE('',#11758,#11759);
#11758 = CARTESIAN_POINT('',(0.,0.));
#11759 = VECTOR('',#11760,1.);
#11760 = DIRECTION('',(0.,1.));
#11761 = ( GEOMETRIC_REPRESENTATION_CONTEXT(2) 
PARAMETRIC_REPRESENTATION_CONTEXT() REPRESENTATION_CONTEXT('2D SPACE',''
  ) );
#11762 = PCURVE('',#10751,#11763);
#11763 = DEFINITIONAL_REPRESENTATION('',(#11764),#11768);
#11764 = LINE('',#11765,#11766);
#11765 = CARTESIAN_POINT('',(6.28318530718,0.));
#11766 = VECTOR('',#11767,1.);
#11767 = DIRECTION('',(0.,1.));
#11768 = ( GEOMETRIC_REPRESENTATION_CONTEXT(2) 
PARAMETRIC_REPRESENTATION_CONTEXT() REPRESENTATION_CONTEXT('2D SPACE',''
  ) );
#11769 = ORIENTED_EDGE('',*,*,#11770,.T.);
#11770 = EDGE_CURVE('',#11748,#11748,#11771,.T.);
#11771 = SURFACE_CURVE('',#11772,(#11777,#11784),.PCURVE_S1.);
#11772 = CIRCLE('',#11773,0.6);
#11773 = AXIS2_PLACEMENT_3D('',#11774,#11775,#11776);
#11774 = CARTESIAN_POINT('',(-27.4705,25.674235832114,-2.25));
#11775 = DIRECTION('',(0.,-0.,1.));
#11776 = DIRECTION('',(1.,0.,0.));
#11777 = PCURVE('',#10751,#11778);
#11778 = DEFINITIONAL_REPRESENTATION('',(#11779),#11783);
#11779 = LINE('',#11780,#11781);
#11780 = CARTESIAN_POINT('',(0.,5.75));
#11781 = VECTOR('',#11782,1.);
#11782 = DIRECTION('',(1.,0.));
#11783 = ( GEOMETRIC_REPRESENTATION_CONTEXT(2) 
PARAMETRIC_REPRESENTATION_CONTEXT() REPRESENTATION_CONTEXT('2D SPACE',''
  ) );
#11784 = PCURVE('',#11785,#11790);
#11785 = PLANE('',#11786);
#11786 = AXIS2_PLACEMENT_3D('',#11787,#11788,#11789);
#11787 = CARTESIAN_POINT('',(2.594644299774E-15,28.186418505668,-2.25));
#11788 = DIRECTION('',(-0.,-0.,-1.));
#11789 = DIRECTION('',(-1.,0.,0.));
#11790 = DEFINITIONAL_REPRESENTATION('',(#11791),#11799);
#11791 = ( BOUNDED_CURVE() B_SPLINE_CURVE(2,(#11792,#11793,#11794,#11795
    ,#11796,#11797,#11798),.UNSPECIFIED.,.T.,.F.) 
B_SPLINE_CURVE_WITH_KNOTS((1,2,2,2,2,1),(-2.094395102393,0.,
    2.094395102393,4.188790204786,6.28318530718,8.377580409573),
.UNSPECIFIED.) CURVE() GEOMETRIC_REPRESENTATION_ITEM() 
RATIONAL_B_SPLINE_CURVE((1.,0.5,1.,0.5,1.,0.5,1.)) REPRESENTATION_ITEM(
  '') );
#11792 = CARTESIAN_POINT('',(26.8705,-2.512182673554));
#11793 = CARTESIAN_POINT('',(26.8705,-1.472952189013));
#11794 = CARTESIAN_POINT('',(27.7705,-1.992567431283));
#11795 = CARTESIAN_POINT('',(28.6705,-2.512182673554));
#11796 = CARTESIAN_POINT('',(27.7705,-3.031797915825));
#11797 = CARTESIAN_POINT('',(26.8705,-3.551413158095));
#11798 = CARTESIAN_POINT('',(26.8705,-2.512182673554));
#11799 = ( GEOMETRIC_REPRESENTATION_CONTEXT(2) 
PARAMETRIC_REPRESENTATION_CONTEXT() REPRESENTATION_CONTEXT('2D SPACE',''
  ) );
#11800 = ORIENTED_EDGE('',*,*,#11747,.T.);
#11801 = ADVANCED_FACE('',(#11802),#11785,.T.);
#11802 = FACE_BOUND('',#11803,.T.);
#11803 = EDGE_LOOP('',(#11804));
#11804 = ORIENTED_EDGE('',*,*,#11770,.F.);
#11805 = ADVANCED_FACE('',(#11806),#10060,.F.);
#11806 = FACE_BOUND('',#11807,.F.);
#11807 = EDGE_LOOP('',(#11808,#11809,#11844,#11866));
#11808 = ORIENTED_EDGE('',*,*,#10044,.F.);
#11809 = ORIENTED_EDGE('',*,*,#11810,.F.);
#11810 = EDGE_CURVE('',#11811,#10045,#11813,.T.);
#11811 = VERTEX_POINT('',#11812);
#11812 = CARTESIAN_POINT('',(-30.46425083353,20.590161405445,
    -2.188299892661));
#11813 = SURFACE_CURVE('',#11814,(#11822,#11833),.PCURVE_S1.);
#11814 = B_SPLINE_CURVE_WITH_KNOTS('',6,(#11815,#11816,#11817,#11818,
    #11819,#11820,#11821),.UNSPECIFIED.,.F.,.F.,(7,7),(0.,1.),
  .PIECEWISE_BEZIER_KNOTS.);
#11815 = CARTESIAN_POINT('',(-30.46425083353,20.590161405487,
    -2.188299892719));
#11816 = CARTESIAN_POINT('',(-30.45836783826,20.674417843464,
    -2.127671551956));
#11817 = CARTESIAN_POINT('',(-30.45138459301,20.766406526231,
    -2.077408897051));
#11818 = CARTESIAN_POINT('',(-30.44323829864,20.864405219601,
    -2.038877826847));
#11819 = CARTESIAN_POINT('',(-30.43393268472,20.966435518666,
    -2.012933778044));
#11820 = CARTESIAN_POINT('',(-30.423566399,21.070418286582,-2.));
#11821 = CARTESIAN_POINT('',(-30.41234329052,21.174235832114,-2.));
#11822 = PCURVE('',#10060,#11823);
#11823 = DEFINITIONAL_REPRESENTATION('',(#11824),#11832);
#11824 = B_SPLINE_CURVE_WITH_KNOTS('',6,(#11825,#11826,#11827,#11828,
    #11829,#11830,#11831),.UNSPECIFIED.,.F.,.F.,(7,7),(0.,1.),
  .PIECEWISE_BEZIER_KNOTS.);
#11825 = CARTESIAN_POINT('',(3.765331953081,0.285749166469));
#11826 = CARTESIAN_POINT('',(3.661529529967,0.291632161735));
#11827 = CARTESIAN_POINT('',(3.557505615284,0.298615406983));
#11828 = CARTESIAN_POINT('',(3.453439476849,0.306761701359));
#11829 = CARTESIAN_POINT('',(3.349392402046,0.316067315278));
#11830 = CARTESIAN_POINT('',(3.245410199122,0.326433600996));
#11831 = CARTESIAN_POINT('',(3.14159265359,0.337656709476));
#11832 = ( GEOMETRIC_REPRESENTATION_CONTEXT(2) 
PARAMETRIC_REPRESENTATION_CONTEXT() REPRESENTATION_CONTEXT('2D SPACE',''
  ) );
#11833 = PCURVE('',#145,#11834);
#11834 = DEFINITIONAL_REPRESENTATION('',(#11835),#11843);
#11835 = B_SPLINE_CURVE_WITH_KNOTS('',6,(#11836,#11837,#11838,#11839,
    #11840,#11841,#11842),.UNSPECIFIED.,.F.,.F.,(7,7),(0.,1.),
  .PIECEWISE_BEZIER_KNOTS.);
#11836 = CARTESIAN_POINT('',(3.928835582116,0.968299214633));
#11837 = CARTESIAN_POINT('',(3.914542134186,0.972159600112));
#11838 = CARTESIAN_POINT('',(3.904123727113,0.976329311353));
#11839 = CARTESIAN_POINT('',(3.897428724721,0.980724335646));
#11840 = CARTESIAN_POINT('',(3.894123162268,0.985261175552));
#11841 = CARTESIAN_POINT('',(3.893868539935,0.98986185843));
#11842 = CARTESIAN_POINT('',(3.896414622073,0.994446687362));
#11843 = ( GEOMETRIC_REPRESENTATION_CONTEXT(2) 
PARAMETRIC_REPRESENTATION_CONTEXT() REPRESENTATION_CONTEXT('2D SPACE',''
  ) );
#11844 = ORIENTED_EDGE('',*,*,#11845,.T.);
#11845 = EDGE_CURVE('',#11811,#11846,#11848,.T.);
#11846 = VERTEX_POINT('',#11847);
#11847 = CARTESIAN_POINT('',(30.464250833534,20.590161405445,
    -2.188299892661));
#11848 = SURFACE_CURVE('',#11849,(#11853,#11860),.PCURVE_S1.);
#11849 = LINE('',#11850,#11851);
#11850 = CARTESIAN_POINT('',(-30.75,20.590161405445,-2.188299892661));
#11851 = VECTOR('',#11852,1.);
#11852 = DIRECTION('',(1.,-0.,-0.));
#11853 = PCURVE('',#10060,#11854);
#11854 = DEFINITIONAL_REPRESENTATION('',(#11855),#11859);
#11855 = LINE('',#11856,#11857);
#11856 = CARTESIAN_POINT('',(3.765331953081,0.));
#11857 = VECTOR('',#11858,1.);
#11858 = DIRECTION('',(0.,1.));
#11859 = ( GEOMETRIC_REPRESENTATION_CONTEXT(2) 
PARAMETRIC_REPRESENTATION_CONTEXT() REPRESENTATION_CONTEXT('2D SPACE',''
  ) );
#11860 = PCURVE('',#1834,#11861);
#11861 = DEFINITIONAL_REPRESENTATION('',(#11862),#11865);
#11862 = B_SPLINE_CURVE_WITH_KNOTS('',1,(#11863,#11864),.UNSPECIFIED.,
  .F.,.F.,(2,2),(3.57509663371E-02,61.464249033663),
  .PIECEWISE_BEZIER_KNOTS.);
#11863 = CARTESIAN_POINT('',(0.501393915946,5.8131652581E-04));
#11864 = CARTESIAN_POINT('',(0.501393915946,0.999418683474));
#11865 = ( GEOMETRIC_REPRESENTATION_CONTEXT(2) 
PARAMETRIC_REPRESENTATION_CONTEXT() REPRESENTATION_CONTEXT('2D SPACE',''
  ) );
#11866 = ORIENTED_EDGE('',*,*,#11867,.F.);
#11867 = EDGE_CURVE('',#10016,#11846,#11868,.T.);
#11868 = SURFACE_CURVE('',#11869,(#11877,#11888),.PCURVE_S1.);
#11869 = B_SPLINE_CURVE_WITH_KNOTS('',6,(#11870,#11871,#11872,#11873,
    #11874,#11875,#11876),.UNSPECIFIED.,.F.,.F.,(7,7),(0.,1.),
  .PIECEWISE_BEZIER_KNOTS.);
#11870 = CARTESIAN_POINT('',(30.412343290517,21.174235832114,-2.));
#11871 = CARTESIAN_POINT('',(30.423566406181,21.070418219968,-2.));
#11872 = CARTESIAN_POINT('',(30.43393266572,20.966435717161,
    -2.012933792777));
#11873 = CARTESIAN_POINT('',(30.443238286756,20.86440534525,
    -2.038877730319));
#11874 = CARTESIAN_POINT('',(30.451384581167,20.766406658643,
    -2.077408900367));
#11875 = CARTESIAN_POINT('',(30.45836781989,20.674418106569,
    -2.127671362634));
#11876 = CARTESIAN_POINT('',(30.464250833531,20.590161405487,
    -2.188299892719));
#11877 = PCURVE('',#10060,#11878);
#11878 = DEFINITIONAL_REPRESENTATION('',(#11879),#11887);
#11879 = B_SPLINE_CURVE_WITH_KNOTS('',6,(#11880,#11881,#11882,#11883,
    #11884,#11885,#11886),.UNSPECIFIED.,.F.,.F.,(7,7),(0.,1.),
  .PIECEWISE_BEZIER_KNOTS.);
#11880 = CARTESIAN_POINT('',(3.14159265359,61.162343290517));
#11881 = CARTESIAN_POINT('',(3.245410265735,61.173566406181));
#11882 = CARTESIAN_POINT('',(3.349392239132,61.18393266572));
#11883 = CARTESIAN_POINT('',(3.453439292917,61.193238286756));
#11884 = CARTESIAN_POINT('',(3.557505515654,61.201384581167));
#11885 = CARTESIAN_POINT('',(3.661529205827,61.20836781989));
#11886 = CARTESIAN_POINT('',(3.765331953081,61.214250833531));
#11887 = ( GEOMETRIC_REPRESENTATION_CONTEXT(2) 
PARAMETRIC_REPRESENTATION_CONTEXT() REPRESENTATION_CONTEXT('2D SPACE',''
  ) );
#11888 = PCURVE('',#1736,#11889);
#11889 = DEFINITIONAL_REPRESENTATION('',(#11890),#11898);
#11890 = B_SPLINE_CURVE_WITH_KNOTS('',6,(#11891,#11892,#11893,#11894,
    #11895,#11896,#11897),.UNSPECIFIED.,.F.,.F.,(7,7),(0.,1.),
  .PIECEWISE_BEZIER_KNOTS.);
#11891 = CARTESIAN_POINT('',(1.103585377927,0.994446687362));
#11892 = CARTESIAN_POINT('',(1.106131461699,0.989861855488));
#11893 = CARTESIAN_POINT('',(1.105876827443,0.98526118506));
#11894 = CARTESIAN_POINT('',(1.102571298357,0.980724340425));
#11895 = CARTESIAN_POINT('',(1.095876264225,0.976329317499));
#11896 = CARTESIAN_POINT('',(1.085457910447,0.972159612166));
#11897 = CARTESIAN_POINT('',(1.071164417884,0.968299214633));
#11898 = ( GEOMETRIC_REPRESENTATION_CONTEXT(2) 
PARAMETRIC_REPRESENTATION_CONTEXT() REPRESENTATION_CONTEXT('2D SPACE',''
  ) );
#11899 = ADVANCED_FACE('',(#11900),#9329,.T.);
#11900 = FACE_BOUND('',#11901,.T.);
#11901 = EDGE_LOOP('',(#11902,#11903,#11904,#11969));
#11902 = ORIENTED_EDGE('',*,*,#9283,.F.);
#11903 = ORIENTED_EDGE('',*,*,#9991,.F.);
#11904 = ORIENTED_EDGE('',*,*,#11905,.F.);
#11905 = EDGE_CURVE('',#11906,#9992,#11908,.T.);
#11906 = VERTEX_POINT('',#11907);
#11907 = CARTESIAN_POINT('',(-0.907624707473,41.13052286529,
    -7.909250698382E-02));
#11908 = SURFACE_CURVE('',#11909,(#11927,#11948),.PCURVE_S1.);
#11909 = B_SPLINE_CURVE_WITH_KNOTS('',6,(#11910,#11911,#11912,#11913,
    #11914,#11915,#11916,#11917,#11918,#11919,#11920,#11921,#11922,
    #11923,#11924,#11925,#11926),.UNSPECIFIED.,.F.,.F.,(7,5,5,7),(0.,
    0.47829017728,0.738479997519,1.),.UNSPECIFIED.);
#11910 = CARTESIAN_POINT('',(-0.907624707473,41.13052286529,
    -7.909250698382E-02));
#11911 = CARTESIAN_POINT('',(-1.775971710997,40.801258373171,
    -0.232217583571));
#11912 = CARTESIAN_POINT('',(-2.644318724643,40.471993904448,
    -0.385342649279));
#11913 = CARTESIAN_POINT('',(-3.512665725833,40.142729406936,
    -0.538467728375));
#11914 = CARTESIAN_POINT('',(-4.381012712578,39.813464876038,
    -0.691592822997));
#11915 = CARTESIAN_POINT('',(-5.249359703479,39.484200354746,
    -0.844717913152));
#11916 = CARTESIAN_POINT('',(-6.59008745863,38.975816113473,
    -1.081142968827));
#11917 = CARTESIAN_POINT('',(-7.062468198172,38.796696336385,
    -1.164442960905));
#11918 = CARTESIAN_POINT('',(-7.53484886665,38.617576395054,
    -1.247743029364));
#11919 = CARTESIAN_POINT('',(-8.00722946475,38.438456291062,
    -1.331043173469));
#11920 = CARTESIAN_POINT('',(-8.479610083539,38.259336234889,
    -1.414343295336));
#11921 = CARTESIAN_POINT('',(-9.426786702972,37.900181334339,
    -1.581368963059));
#11922 = CARTESIAN_POINT('',(-9.901582542549,37.720146117393,
    -1.665094682179));
#11923 = CARTESIAN_POINT('',(-10.3763792641,37.54011294033,
    -1.748819452647));
#11924 = CARTESIAN_POINT('',(-10.85117385435,37.360074834628,
    -1.832546515189));
#11925 = CARTESIAN_POINT('',(-11.32596787102,37.180035405814,
    -1.916274193046));
#11926 = CARTESIAN_POINT('',(-11.80076362874,37.,-2.));
#11927 = PCURVE('',#9329,#11928);
#11928 = DEFINITIONAL_REPRESENTATION('',(#11929),#11947);
#11929 = B_SPLINE_CURVE_WITH_KNOTS('',6,(#11930,#11931,#11932,#11933,
    #11934,#11935,#11936,#11937,#11938,#11939,#11940,#11941,#11942,
    #11943,#11944,#11945,#11946),.UNSPECIFIED.,.F.,.F.,(7,5,5,7),(0.,
    0.47829017728,0.738479997519,1.),.UNSPECIFIED.);
#11930 = CARTESIAN_POINT('',(-0.187564006979,29.842375292527));
#11931 = CARTESIAN_POINT('',(-0.550692627236,28.974028289003));
#11932 = CARTESIAN_POINT('',(-0.913821221692,28.105681275357));
#11933 = CARTESIAN_POINT('',(-1.276949847898,27.237334274167));
#11934 = CARTESIAN_POINT('',(-1.640078510923,26.368987287422));
#11935 = CARTESIAN_POINT('',(-2.003207163355,25.500640296521));
#11936 = CARTESIAN_POINT('',(-2.563877604635,24.15991254137));
#11937 = CARTESIAN_POINT('',(-2.761419456464,23.687531801828));
#11938 = CARTESIAN_POINT('',(-2.958961489429,23.21515113335));
#11939 = CARTESIAN_POINT('',(-3.156503701783,22.74277053525));
#11940 = CARTESIAN_POINT('',(-3.354045861402,22.270389916461));
#11941 = CARTESIAN_POINT('',(-3.750139052794,21.323213297028));
#11942 = CARTESIAN_POINT('',(-3.948690495455,20.848417457451));
#11943 = CARTESIAN_POINT('',(-4.147239688436,20.373620735891));
#11944 = CARTESIAN_POINT('',(-4.345794316956,19.898826145645));
#11945 = CARTESIAN_POINT('',(-4.544350404667,19.424032128979));
#11946 = CARTESIAN_POINT('',(-4.742902055621,18.949236371253));
#11947 = ( GEOMETRIC_REPRESENTATION_CONTEXT(2) 
PARAMETRIC_REPRESENTATION_CONTEXT() REPRESENTATION_CONTEXT('2D SPACE',''
  ) );
#11948 = PCURVE('',#9082,#11949);
#11949 = DEFINITIONAL_REPRESENTATION('',(#11950),#11968);
#11950 = B_SPLINE_CURVE_WITH_KNOTS('',6,(#11951,#11952,#11953,#11954,
    #11955,#11956,#11957,#11958,#11959,#11960,#11961,#11962,#11963,
    #11964,#11965,#11966,#11967),.UNSPECIFIED.,.F.,.F.,(7,5,5,7),(0.,
    0.47829017728,0.738479997519,1.),.UNSPECIFIED.);
#11951 = CARTESIAN_POINT('',(37.667863211425,-2.170907493016));
#11952 = CARTESIAN_POINT('',(36.739185859328,-2.017782416429));
#11953 = CARTESIAN_POINT('',(35.810508504813,-1.864657350721));
#11954 = CARTESIAN_POINT('',(34.881831153273,-1.711532271625));
#11955 = CARTESIAN_POINT('',(33.953153805183,-1.558407177003));
#11956 = CARTESIAN_POINT('',(33.024476456101,-1.405282086848));
#11957 = CARTESIAN_POINT('',(31.590598683423,-1.168857031173));
#11958 = CARTESIAN_POINT('',(31.08539826573,-1.085557039095));
#11959 = CARTESIAN_POINT('',(30.580197865012,-1.002256970636));
#11960 = CARTESIAN_POINT('',(30.074997481105,-0.918956826531));
#11961 = CARTESIAN_POINT('',(29.569797092255,-0.835656704664));
#11962 = CARTESIAN_POINT('',(28.556813454949,-0.668631036941));
#11963 = CARTESIAN_POINT('',(28.049030245127,-0.584905317821));
#11964 = CARTESIAN_POINT('',(27.541246823894,-0.501180547353));
#11965 = CARTESIAN_POINT('',(27.033463913135,-0.417453484811));
#11966 = CARTESIAN_POINT('',(26.525681138097,-0.333725806954));
#11967 = CARTESIAN_POINT('',(26.017897947664,-0.25));
#11968 = ( GEOMETRIC_REPRESENTATION_CONTEXT(2) 
PARAMETRIC_REPRESENTATION_CONTEXT() REPRESENTATION_CONTEXT('2D SPACE',''
  ) );
#11969 = ORIENTED_EDGE('',*,*,#11970,.F.);
#11970 = EDGE_CURVE('',#9286,#11906,#11971,.T.);
#11971 = SURFACE_CURVE('',#11972,(#11976,#11982),.PCURVE_S1.);
#11972 = LINE('',#11973,#11974);
#11973 = CARTESIAN_POINT('',(-15.82881235373,41.13052286529,
    -7.909250698382E-02));
#11974 = VECTOR('',#11975,1.);
#11975 = DIRECTION('',(-1.,0.,0.));
#11976 = PCURVE('',#9329,#11977);
#11977 = DEFINITIONAL_REPRESENTATION('',(#11978),#11981);
#11978 = B_SPLINE_CURVE_WITH_KNOTS('',1,(#11979,#11980),.UNSPECIFIED.,
  .F.,.F.,(2,2),(-16.7364370612,-14.92118764626),
  .PIECEWISE_BEZIER_KNOTS.);
#11979 = CARTESIAN_POINT('',(-0.187564006979,31.657624707473));
#11980 = CARTESIAN_POINT('',(-0.187564006979,29.842375292527));
#11981 = ( GEOMETRIC_REPRESENTATION_CONTEXT(2) 
PARAMETRIC_REPRESENTATION_CONTEXT() REPRESENTATION_CONTEXT('2D SPACE',''
  ) );
#11982 = PCURVE('',#9144,#11983);
#11983 = DEFINITIONAL_REPRESENTATION('',(#11984),#11987);
#11984 = B_SPLINE_CURVE_WITH_KNOTS('',1,(#11985,#11986),.UNSPECIFIED.,
  .F.,.F.,(2,2),(-16.7364370612,-14.92118764626),
  .PIECEWISE_BEZIER_KNOTS.);
#11985 = CARTESIAN_POINT('',(1.815249414946,-2.170907493016));
#11986 = CARTESIAN_POINT('',(0.,-2.170907493016));
#11987 = ( GEOMETRIC_REPRESENTATION_CONTEXT(2) 
PARAMETRIC_REPRESENTATION_CONTEXT() REPRESENTATION_CONTEXT('2D SPACE',''
  ) );
#11988 = ADVANCED_FACE('',(#11989),#9144,.T.);
#11989 = FACE_BOUND('',#11990,.T.);
#11990 = EDGE_LOOP('',(#11991,#11992,#12013,#12014));
#11991 = ORIENTED_EDGE('',*,*,#11970,.T.);
#11992 = ORIENTED_EDGE('',*,*,#11993,.T.);
#11993 = EDGE_CURVE('',#11906,#9003,#11994,.T.);
#11994 = SURFACE_CURVE('',#11995,(#11999,#12006),.PCURVE_S1.);
#11995 = LINE('',#11996,#11997);
#11996 = CARTESIAN_POINT('',(-0.907624707473,41.13052286529,-2.25));
#11997 = VECTOR('',#11998,1.);
#11998 = DIRECTION('',(0.,0.,1.));
#11999 = PCURVE('',#9144,#12000);
#12000 = DEFINITIONAL_REPRESENTATION('',(#12001),#12005);
#12001 = LINE('',#12002,#12003);
#12002 = CARTESIAN_POINT('',(0.,0.));
#12003 = VECTOR('',#12004,1.);
#12004 = DIRECTION('',(0.,-1.));
#12005 = ( GEOMETRIC_REPRESENTATION_CONTEXT(2) 
PARAMETRIC_REPRESENTATION_CONTEXT() REPRESENTATION_CONTEXT('2D SPACE',''
  ) );
#12006 = PCURVE('',#9082,#12007);
#12007 = DEFINITIONAL_REPRESENTATION('',(#12008),#12012);
#12008 = LINE('',#12009,#12010);
#12009 = CARTESIAN_POINT('',(37.667863211425,0.));
#12010 = VECTOR('',#12011,1.);
#12011 = DIRECTION('',(0.,-1.));
#12012 = ( GEOMETRIC_REPRESENTATION_CONTEXT(2) 
PARAMETRIC_REPRESENTATION_CONTEXT() REPRESENTATION_CONTEXT('2D SPACE',''
  ) );
#12013 = ORIENTED_EDGE('',*,*,#9128,.T.);
#12014 = ORIENTED_EDGE('',*,*,#9355,.F.);
#12015 = ADVANCED_FACE('',(#12016),#9082,.T.);
#12016 = FACE_BOUND('',#12017,.T.);
#12017 = EDGE_LOOP('',(#12018,#12037,#12038,#12039,#12040));
#12018 = ORIENTED_EDGE('',*,*,#12019,.F.);
#12019 = EDGE_CURVE('',#8863,#10073,#12020,.T.);
#12020 = SURFACE_CURVE('',#12021,(#12024,#12030),.PCURVE_S1.);
#12021 = B_SPLINE_CURVE_WITH_KNOTS('',1,(#12022,#12023),.UNSPECIFIED.,
  .F.,.F.,(2,2),(3.,4.),.PIECEWISE_BEZIER_KNOTS.);
#12022 = CARTESIAN_POINT('',(-30.39817085033,21.3,0.2));
#12023 = CARTESIAN_POINT('',(-30.39817085033,21.3,-2.25));
#12024 = PCURVE('',#9082,#12025);
#12025 = DEFINITIONAL_REPRESENTATION('',(#12026),#12029);
#12026 = B_SPLINE_CURVE_WITH_KNOTS('',1,(#12027,#12028),.UNSPECIFIED.,
  .F.,.F.,(2,2),(3.,4.),.PIECEWISE_BEZIER_KNOTS.);
#12027 = CARTESIAN_POINT('',(0.,-2.45));
#12028 = CARTESIAN_POINT('',(0.,0.));
#12029 = ( GEOMETRIC_REPRESENTATION_CONTEXT(2) 
PARAMETRIC_REPRESENTATION_CONTEXT() REPRESENTATION_CONTEXT('2D SPACE',''
  ) );
#12030 = PCURVE('',#145,#12031);
#12031 = DEFINITIONAL_REPRESENTATION('',(#12032),#12036);
#12032 = LINE('',#12033,#12034);
#12033 = CARTESIAN_POINT('',(0.,1.));
#12034 = VECTOR('',#12035,1.);
#12035 = DIRECTION('',(1.,0.));
#12036 = ( GEOMETRIC_REPRESENTATION_CONTEXT(2) 
PARAMETRIC_REPRESENTATION_CONTEXT() REPRESENTATION_CONTEXT('2D SPACE',''
  ) );
#12037 = ORIENTED_EDGE('',*,*,#9002,.T.);
#12038 = ORIENTED_EDGE('',*,*,#11993,.F.);
#12039 = ORIENTED_EDGE('',*,*,#11905,.T.);
#12040 = ORIENTED_EDGE('',*,*,#10101,.T.);
#12041 = ADVANCED_FACE('',(#12042),#1736,.F.);
#12042 = FACE_BOUND('',#12043,.F.);
#12043 = EDGE_LOOP('',(#12044,#12045,#12046,#12047,#12048,#12049,#12050,
    #12080,#12081));
#12044 = ORIENTED_EDGE('',*,*,#7615,.F.);
#12045 = ORIENTED_EDGE('',*,*,#8839,.T.);
#12046 = ORIENTED_EDGE('',*,*,#8944,.T.);
#12047 = ORIENTED_EDGE('',*,*,#9377,.F.);
#12048 = ORIENTED_EDGE('',*,*,#10015,.F.);
#12049 = ORIENTED_EDGE('',*,*,#11867,.T.);
#12050 = ORIENTED_EDGE('',*,*,#12051,.F.);
#12051 = EDGE_CURVE('',#1688,#11846,#12052,.T.);
#12052 = SURFACE_CURVE('',#12053,(#12060,#12070),.PCURVE_S1.);
#12053 = B_SPLINE_CURVE_WITH_KNOTS('',5,(#12054,#12055,#12056,#12057,
    #12058,#12059),.UNSPECIFIED.,.F.,.F.,(6,6),(0.,1.),
  .PIECEWISE_BEZIER_KNOTS.);
#12054 = CARTESIAN_POINT('',(30.493036017075,20.014501960024,
    -2.595985719631));
#12055 = CARTESIAN_POINT('',(30.489633364485,20.130667733441,
    -2.515039445622));
#12056 = CARTESIAN_POINT('',(30.484977123812,20.246378941374,
    -2.43374083431));
#12057 = CARTESIAN_POINT('',(30.479142988068,20.361573991522,
    -2.352144899687));
#12058 = CARTESIAN_POINT('',(30.472208593695,20.476190153835,
    -2.270310091572));
#12059 = CARTESIAN_POINT('',(30.464250833534,20.590161405456,
    -2.188299892635));
#12060 = PCURVE('',#1736,#12061);
#12061 = DEFINITIONAL_REPRESENTATION('',(#12062),#12069);
#12062 = B_SPLINE_CURVE_WITH_KNOTS('',5,(#12063,#12064,#12065,#12066,
    #12067,#12068),.UNSPECIFIED.,.F.,.F.,(6,6),(0.,1.),
  .PIECEWISE_BEZIER_KNOTS.);
#12063 = CARTESIAN_POINT('',(1.,0.941028501989));
#12064 = CARTESIAN_POINT('',(1.009423540752,0.94671723508));
#12065 = CARTESIAN_POINT('',(1.021064232751,0.952287725122));
#12066 = CARTESIAN_POINT('',(1.03515363403,0.957740685002));
#12067 = CARTESIAN_POINT('',(1.051830081788,0.963077382801));
#12068 = CARTESIAN_POINT('',(1.071164417922,0.968299214631));
#12069 = ( GEOMETRIC_REPRESENTATION_CONTEXT(2) 
PARAMETRIC_REPRESENTATION_CONTEXT() REPRESENTATION_CONTEXT('2D SPACE',''
  ) );
#12070 = PCURVE('',#1834,#12071);
#12071 = DEFINITIONAL_REPRESENTATION('',(#12072),#12079);
#12072 = B_SPLINE_CURVE_WITH_KNOTS('',5,(#12073,#12074,#12075,#12076,
    #12077,#12078),.UNSPECIFIED.,.F.,.F.,(6,6),(0.,1.),
  .PIECEWISE_BEZIER_KNOTS.);
#12073 = CARTESIAN_POINT('',(0.501351877547,0.995821723855));
#12074 = CARTESIAN_POINT('',(0.501360370867,0.995766396171));
#12075 = CARTESIAN_POINT('',(0.501368825824,0.99569068494));
#12076 = CARTESIAN_POINT('',(0.501377238009,0.995595820944));
#12077 = CARTESIAN_POINT('',(0.501385602947,0.995483066564));
#12078 = CARTESIAN_POINT('',(0.501393915946,0.99535367209));
#12079 = ( GEOMETRIC_REPRESENTATION_CONTEXT(2) 
PARAMETRIC_REPRESENTATION_CONTEXT() REPRESENTATION_CONTEXT('2D SPACE',''
  ) );
#12080 = ORIENTED_EDGE('',*,*,#1687,.F.);
#12081 = ORIENTED_EDGE('',*,*,#2101,.F.);
#12082 = ADVANCED_FACE('',(#12083),#1834,.T.);
#12083 = FACE_BOUND('',#12084,.T.);
#12084 = EDGE_LOOP('',(#12085,#12115,#12116,#12117));
#12085 = ORIENTED_EDGE('',*,*,#12086,.F.);
#12086 = EDGE_CURVE('',#11811,#24,#12087,.T.);
#12087 = SURFACE_CURVE('',#12088,(#12095,#12105),.PCURVE_S1.);
#12088 = B_SPLINE_CURVE_WITH_KNOTS('',5,(#12089,#12090,#12091,#12092,
    #12093,#12094),.UNSPECIFIED.,.F.,.F.,(6,6),(0.,1.),
  .PIECEWISE_BEZIER_KNOTS.);
#12089 = CARTESIAN_POINT('',(-30.46425083353,20.590161405456,
    -2.188299892635));
#12090 = CARTESIAN_POINT('',(-30.47220859371,20.476190153349,
    -2.270310091921));
#12091 = CARTESIAN_POINT('',(-30.47914298806,20.361573991548,
    -2.352144899664));
#12092 = CARTESIAN_POINT('',(-30.4849771238,20.246378941244,
    -2.433740834409));
#12093 = CARTESIAN_POINT('',(-30.48963336452,20.130667732545,
    -2.515039446248));
#12094 = CARTESIAN_POINT('',(-30.49303601707,20.014501960025,
    -2.59598571963));
#12095 = PCURVE('',#1834,#12096);
#12096 = DEFINITIONAL_REPRESENTATION('',(#12097),#12104);
#12097 = B_SPLINE_CURVE_WITH_KNOTS('',5,(#12098,#12099,#12100,#12101,
    #12102,#12103),.UNSPECIFIED.,.F.,.F.,(6,6),(0.,1.),
  .PIECEWISE_BEZIER_KNOTS.);
#12098 = CARTESIAN_POINT('',(0.501393915946,4.646327910029E-03));
#12099 = CARTESIAN_POINT('',(0.501385602947,4.516933435487E-03));
#12100 = CARTESIAN_POINT('',(0.501377238009,4.404179055873E-03));
#12101 = CARTESIAN_POINT('',(0.501368825824,4.309315060057E-03));
#12102 = CARTESIAN_POINT('',(0.501360370867,4.233603828871E-03));
#12103 = CARTESIAN_POINT('',(0.501351877547,4.178276145093E-03));
#12104 = ( GEOMETRIC_REPRESENTATION_CONTEXT(2) 
PARAMETRIC_REPRESENTATION_CONTEXT() REPRESENTATION_CONTEXT('2D SPACE',''
  ) );
#12105 = PCURVE('',#145,#12106);
#12106 = DEFINITIONAL_REPRESENTATION('',(#12107),#12114);
#12107 = B_SPLINE_CURVE_WITH_KNOTS('',5,(#12108,#12109,#12110,#12111,
    #12112,#12113),.UNSPECIFIED.,.F.,.F.,(6,6),(0.,1.),
  .PIECEWISE_BEZIER_KNOTS.);
#12108 = CARTESIAN_POINT('',(3.928835582078,0.968299214631));
#12109 = CARTESIAN_POINT('',(3.948169918285,0.963077382778));
#12110 = CARTESIAN_POINT('',(3.964846365972,0.957740685004));
#12111 = CARTESIAN_POINT('',(3.978935767254,0.952287725116));
#12112 = CARTESIAN_POINT('',(3.990576459347,0.946717235037));
#12113 = CARTESIAN_POINT('',(4.,0.941028501989));
#12114 = ( GEOMETRIC_REPRESENTATION_CONTEXT(2) 
PARAMETRIC_REPRESENTATION_CONTEXT() REPRESENTATION_CONTEXT('2D SPACE',''
  ) );
#12115 = ORIENTED_EDGE('',*,*,#11845,.T.);
#12116 = ORIENTED_EDGE('',*,*,#12051,.F.);
#12117 = ORIENTED_EDGE('',*,*,#1816,.F.);
#12118 = ADVANCED_FACE('',(#12119),#145,.F.);
#12119 = FACE_BOUND('',#12120,.F.);
#12120 = EDGE_LOOP('',(#12121,#12122,#12123,#12124,#12125,#12126,#12127,
    #12128,#12129));
#12121 = ORIENTED_EDGE('',*,*,#8862,.F.);
#12122 = ORIENTED_EDGE('',*,*,#8724,.T.);
#12123 = ORIENTED_EDGE('',*,*,#7787,.T.);
#12124 = ORIENTED_EDGE('',*,*,#2694,.F.);
#12125 = ORIENTED_EDGE('',*,*,#21,.T.);
#12126 = ORIENTED_EDGE('',*,*,#12086,.F.);
#12127 = ORIENTED_EDGE('',*,*,#11810,.T.);
#12128 = ORIENTED_EDGE('',*,*,#10072,.F.);
#12129 = ORIENTED_EDGE('',*,*,#12019,.F.);
#12130 = ( GEOMETRIC_REPRESENTATION_CONTEXT(3) 
GLOBAL_UNCERTAINTY_ASSIGNED_CONTEXT((#12134)) 
GLOBAL_UNIT_ASSIGNED_CONTEXT((#12131,#12132,#12133)) 
REPRESENTATION_CONTEXT('Context #1',
  '3D Context with UNIT and UNCERTAINTY') );
#12131 = ( LENGTH_UNIT() NAMED_UNIT(*) SI_UNIT(.MILLI.,.METRE.) );
#12132 = ( NAMED_UNIT(*) PLANE_ANGLE_UNIT() SI_UNIT($,.RADIAN.) );
#12133 = ( NAMED_UNIT(*) SI_UNIT($,.STERADIAN.) SOLID_ANGLE_UNIT() );
#12134 = UNCERTAINTY_MEASURE_WITH_UNIT(LENGTH_MEASURE(5.E-05),#12131,
  'distance_accuracy_value','confusion accuracy');
#12135 = PRODUCT_RELATED_PRODUCT_CATEGORY('part',$,(#7));
ENDSEC;
END-ISO-10303-21;
