ISO-10303-21;
HEADER;
FILE_DESCRIPTION(('Open CASCADE Model'),'2;1');
FILE_NAME('Open CASCADE Shape Model','2026-09-08T23:21:14',('Author'),(
    'Open CASCADE'),'Open CASCADE STEP processor 7.9','Open CASCADE 7.9'
  ,'Unknown');
FILE_SCHEMA(('AUTOMOTIVE_DESIGN { 1 0 10303 214 1 1 1 1 }'));
ENDSEC;
DATA;
#1 = APPLICATION_PROTOCOL_DEFINITION('international standard',
  'automotive_design',2000,#2);
#2 = APPLICATION_CONTEXT(
  'core data for automotive mechanical design processes');
#3 = SHAPE_DEFINITION_REPRESENTATION(#4,#10);
#4 = PRODUCT_DEFINITION_SHAPE('','',#5);
#5 = PRODUCT_DEFINITION('design','',#6,#9);
#6 = PRODUCT_DEFINITION_FORMATION('','',#7);
#7 = PRODUCT('Open CASCADE STEP translator 7.9 4',
  'Open CASCADE STEP translator 7.9 4','',(#8));
#8 = PRODUCT_CONTEXT('',#2,'mechanical');
#9 = PRODUCT_DEFINITION_CONTEXT('part definition',#2,'design');
#10 = ADVANCED_BREP_SHAPE_REPRESENTATION('',(#11,#15),#2689);
#11 = AXIS2_PLACEMENT_3D('',#12,#13,#14);
#12 = CARTESIAN_POINT('',(0.,0.,0.));
#13 = DIRECTION('',(0.,0.,1.));
#14 = DIRECTION('',(1.,0.,-0.));
#15 = MANIFOLD_SOLID_BREP('',#16);
#16 = CLOSED_SHELL('',(#17,#617,#1032,#1103,#1272,#1390,#1530,#1579,
    #1748,#1863,#1956,#2006,#2056,#2111,#2209,#2259,#2266,#2361,#2388,
    #2437,#2464,#2473,#2568,#2617,#2644,#2671,#2680));
#17 = ADVANCED_FACE('',(#18),#32,.F.);
#18 = FACE_BOUND('',#19,.T.);
#19 = EDGE_LOOP('',(#20,#55,#107,#135,#187,#215,#267,#295,#347,#375,#403
    ,#431,#459,#487,#539,#567));
#20 = ORIENTED_EDGE('',*,*,#21,.T.);
#21 = EDGE_CURVE('',#22,#24,#26,.T.);
#22 = VERTEX_POINT('',#23);
#23 = CARTESIAN_POINT('',(30.75,10.,-19.15651647482));
#24 = VERTEX_POINT('',#25);
#25 = CARTESIAN_POINT('',(30.75,19.555148913482,-12.95133021627));
#26 = SURFACE_CURVE('',#27,(#31,#43),.PCURVE_S1.);
#27 = LINE('',#28,#29);
#28 = CARTESIAN_POINT('',(30.75,5.046992440278,-22.37303719327));
#29 = VECTOR('',#30,1.);
#30 = DIRECTION('',(-0.,0.838670567945,0.544639035015));
#31 = PCURVE('',#32,#37);
#32 = PLANE('',#33);
#33 = AXIS2_PLACEMENT_3D('',#34,#35,#36);
#34 = CARTESIAN_POINT('',(-30.76,-1.,-26.3));
#35 = DIRECTION('',(0.,0.544639035015,-0.838670567945));
#36 = DIRECTION('',(0.,0.838670567945,0.544639035015));
#37 = DEFINITIONAL_REPRESENTATION('',(#38),#42);
#38 = LINE('',#39,#40);
#39 = CARTESIAN_POINT('',(7.210211817844,61.51));
#40 = VECTOR('',#41,1.);
#41 = DIRECTION('',(1.,0.));
#42 = ( GEOMETRIC_REPRESENTATION_CONTEXT(2) 
PARAMETRIC_REPRESENTATION_CONTEXT() REPRESENTATION_CONTEXT('2D SPACE',''
  ) );
#43 = PCURVE('',#44,#49);
#44 = PLANE('',#45);
#45 = AXIS2_PLACEMENT_3D('',#46,#47,#48);
#46 = CARTESIAN_POINT('',(30.75,10.,-30.));
#47 = DIRECTION('',(1.,0.,0.));
#48 = DIRECTION('',(0.,0.,-1.));
#49 = DEFINITIONAL_REPRESENTATION('',(#50),#54);
#50 = LINE('',#51,#52);
#51 = CARTESIAN_POINT('',(-7.626962806725,-4.953007559722));
#52 = VECTOR('',#53,1.);
#53 = DIRECTION('',(-0.544639035015,0.838670567945));
#54 = ( GEOMETRIC_REPRESENTATION_CONTEXT(2) 
PARAMETRIC_REPRESENTATION_CONTEXT() REPRESENTATION_CONTEXT('2D SPACE',''
  ) );
#55 = ORIENTED_EDGE('',*,*,#56,.F.);
#56 = EDGE_CURVE('',#57,#24,#59,.T.);
#57 = VERTEX_POINT('',#58);
#58 = CARTESIAN_POINT('',(29.354028843019,25.874199414808,
    -8.847690838919));
#59 = SURFACE_CURVE('',#60,(#65,#73),.PCURVE_S1.);
#60 = ( BOUNDED_CURVE() B_SPLINE_CURVE(3,(#61,#62,#63,#64),
.UNSPECIFIED.,.F.,.F.) B_SPLINE_CURVE_WITH_KNOTS((4,4),(1.135951104096,
1.570796326795),.PIECEWISE_BEZIER_KNOTS.) CURVE() 
GEOMETRIC_REPRESENTATION_ITEM() RATIONAL_B_SPLINE_CURVE((1.,
0.984304446569,0.984304446569,1.)) REPRESENTATION_ITEM('') );
#61 = CARTESIAN_POINT('',(29.354028843019,25.874199414808,
    -8.847690838919));
#62 = CARTESIAN_POINT('',(30.277256307115,23.886620260693,
    -10.13843983368));
#63 = CARTESIAN_POINT('',(30.75,21.746682587495,-11.52813160762));
#64 = CARTESIAN_POINT('',(30.75,19.555148913482,-12.95133021627));
#65 = PCURVE('',#32,#66);
#66 = DEFINITIONAL_REPRESENTATION('',(#67),#72);
#67 = ( BOUNDED_CURVE() B_SPLINE_CURVE(3,(#68,#69,#70,#71),
.UNSPECIFIED.,.F.,.F.) B_SPLINE_CURVE_WITH_KNOTS((4,4),(1.135951104096,
1.570796326795),.PIECEWISE_BEZIER_KNOTS.) CURVE() 
GEOMETRIC_REPRESENTATION_ITEM() RATIONAL_B_SPLINE_CURVE((1.,
0.984304446569,0.984304446569,1.)) REPRESENTATION_ITEM('') );
#68 = CARTESIAN_POINT('',(32.043808906571,60.114028843019));
#69 = CARTESIAN_POINT('',(29.673892481598,61.037256307115));
#70 = CARTESIAN_POINT('',(27.12230935112,61.51));
#71 = CARTESIAN_POINT('',(24.509205043213,61.51));
#72 = ( GEOMETRIC_REPRESENTATION_CONTEXT(2) 
PARAMETRIC_REPRESENTATION_CONTEXT() REPRESENTATION_CONTEXT('2D SPACE',''
  ) );
#73 = PCURVE('',#74,#79);
#74 = CYLINDRICAL_SURFACE('',#75,15.);
#75 = AXIS2_PLACEMENT_3D('',#76,#77,#78);
#76 = CARTESIAN_POINT('',(15.75,19.555148913482,-30.));
#77 = DIRECTION('',(0.,0.,1.));
#78 = DIRECTION('',(1.,0.,-0.));
#79 = DEFINITIONAL_REPRESENTATION('',(#80),#106);
#80 = B_SPLINE_CURVE_WITH_KNOTS('',3,(#81,#82,#83,#84,#85,#86,#87,#88,
    #89,#90,#91,#92,#93,#94,#95,#96,#97,#98,#99,#100,#101,#102,#103,#104
    ,#105),.UNSPECIFIED.,.F.,.F.,(4,1,1,1,1,1,1,1,1,1,1,1,1,1,1,1,1,1,1,
    1,1,1,4),(1.135951104096,1.155716796037,1.175482487978,
    1.195248179919,1.21501387186,1.2347795638,1.254545255741,
    1.274310947682,1.294076639623,1.313842331564,1.333608023505,
    1.353373715446,1.373139407386,1.392905099327,1.412670791268,
    1.432436483209,1.45220217515,1.471967867091,1.491733559032,
    1.511499250972,1.531264942913,1.551030634854,1.570796326795),
  .QUASI_UNIFORM_KNOTS.);
#81 = CARTESIAN_POINT('',(0.434845222699,21.152309161081));
#82 = CARTESIAN_POINT('',(0.428308449505,21.09455985487));
#83 = CARTESIAN_POINT('',(0.41522089868,20.978410693963));
#84 = CARTESIAN_POINT('',(0.395551265978,20.802328561169));
#85 = CARTESIAN_POINT('',(0.37584701767,20.624480205801));
#86 = CARTESIAN_POINT('',(0.356111900594,20.444961594782));
#87 = CARTESIAN_POINT('',(0.336349693066,20.2638709779));
#88 = CARTESIAN_POINT('',(0.316564206096,20.081309075327));
#89 = CARTESIAN_POINT('',(0.296759277594,19.897378797962));
#90 = CARTESIAN_POINT('',(0.276938768347,19.71218508284));
#91 = CARTESIAN_POINT('',(0.257106557439,19.525834688532));
#92 = CARTESIAN_POINT('',(0.237266537744,19.338435993035));
#93 = CARTESIAN_POINT('',(0.217422611349,19.150098783798));
#94 = CARTESIAN_POINT('',(0.197578684955,18.960934043719));
#95 = CARTESIAN_POINT('',(0.17773866526,18.771053733196));
#96 = CARTESIAN_POINT('',(0.157906454352,18.580570569312));
#97 = CARTESIAN_POINT('',(0.138085945105,18.389597803115));
#98 = CARTESIAN_POINT('',(0.118281016603,18.198248995592));
#99 = CARTESIAN_POINT('',(9.84955296331E-02,18.006637794473));
#100 = CARTESIAN_POINT('',(7.873332210497E-02,17.814877708258));
#101 = CARTESIAN_POINT('',(5.899820502855E-02,17.623081895368));
#102 = CARTESIAN_POINT('',(3.929395672048E-02,17.431362905797));
#103 = CARTESIAN_POINT('',(1.962432401903E-02,17.239832613274));
#104 = CARTESIAN_POINT('',(6.536773193596E-03,17.112345173598));
#105 = CARTESIAN_POINT('',(0.,17.048669783721));
#106 = ( GEOMETRIC_REPRESENTATION_CONTEXT(2) 
PARAMETRIC_REPRESENTATION_CONTEXT() REPRESENTATION_CONTEXT('2D SPACE',''
  ) );
#107 = ORIENTED_EDGE('',*,*,#108,.T.);
#108 = EDGE_CURVE('',#57,#109,#111,.T.);
#109 = VERTEX_POINT('',#110);
#110 = CARTESIAN_POINT('',(-29.35402884301,25.874199414808,
    -8.847690838919));
#111 = SURFACE_CURVE('',#112,(#116,#123),.PCURVE_S1.);
#112 = LINE('',#113,#114);
#113 = CARTESIAN_POINT('',(-30.76,25.874199414808,-8.847690838919));
#114 = VECTOR('',#115,1.);
#115 = DIRECTION('',(-1.,0.,0.));
#116 = PCURVE('',#32,#117);
#117 = DEFINITIONAL_REPRESENTATION('',(#118),#122);
#118 = LINE('',#119,#120);
#119 = CARTESIAN_POINT('',(32.043808906571,0.));
#120 = VECTOR('',#121,1.);
#121 = DIRECTION('',(0.,-1.));
#122 = ( GEOMETRIC_REPRESENTATION_CONTEXT(2) 
PARAMETRIC_REPRESENTATION_CONTEXT() REPRESENTATION_CONTEXT('2D SPACE',''
  ) );
#123 = PCURVE('',#124,#129);
#124 = PLANE('',#125);
#125 = AXIS2_PLACEMENT_3D('',#126,#127,#128);
#126 = CARTESIAN_POINT('',(-30.75,26.650713053804,-10.04341698553));
#127 = DIRECTION('',(0.,-0.838670567945,-0.544639035015));
#128 = DIRECTION('',(0.,0.544639035015,-0.838670567945));
#129 = DEFINITIONAL_REPRESENTATION('',(#130),#134);
#130 = LINE('',#131,#132);
#131 = CARTESIAN_POINT('',(-1.425739965507,-9.999999999998E-03));
#132 = VECTOR('',#133,1.);
#133 = DIRECTION('',(0.,-1.));
#134 = ( GEOMETRIC_REPRESENTATION_CONTEXT(2) 
PARAMETRIC_REPRESENTATION_CONTEXT() REPRESENTATION_CONTEXT('2D SPACE',''
  ) );
#135 = ORIENTED_EDGE('',*,*,#136,.T.);
#136 = EDGE_CURVE('',#109,#137,#139,.T.);
#137 = VERTEX_POINT('',#138);
#138 = CARTESIAN_POINT('',(-30.75,19.555148913482,-12.95133021627));
#139 = SURFACE_CURVE('',#140,(#145,#153),.PCURVE_S1.);
#140 = ( BOUNDED_CURVE() B_SPLINE_CURVE(3,(#141,#142,#143,#144),
.UNSPECIFIED.,.F.,.F.) B_SPLINE_CURVE_WITH_KNOTS((4,4),(1.135951104096,
1.570796326795),.PIECEWISE_BEZIER_KNOTS.) CURVE() 
GEOMETRIC_REPRESENTATION_ITEM() RATIONAL_B_SPLINE_CURVE((1.,
0.984304446569,0.984304446569,1.)) REPRESENTATION_ITEM('') );
#141 = CARTESIAN_POINT('',(-29.35402884301,25.874199414808,
    -8.847690838919));
#142 = CARTESIAN_POINT('',(-30.27725630711,23.886620260693,
    -10.13843983368));
#143 = CARTESIAN_POINT('',(-30.75,21.746682587495,-11.52813160762));
#144 = CARTESIAN_POINT('',(-30.75,19.555148913482,-12.95133021627));
#145 = PCURVE('',#32,#146);
#146 = DEFINITIONAL_REPRESENTATION('',(#147),#152);
#147 = ( BOUNDED_CURVE() B_SPLINE_CURVE(3,(#148,#149,#150,#151),
.UNSPECIFIED.,.F.,.F.) B_SPLINE_CURVE_WITH_KNOTS((4,4),(1.135951104096,
1.570796326795),.PIECEWISE_BEZIER_KNOTS.) CURVE() 
GEOMETRIC_REPRESENTATION_ITEM() RATIONAL_B_SPLINE_CURVE((1.,
0.984304446569,0.984304446569,1.)) REPRESENTATION_ITEM('') );
#148 = CARTESIAN_POINT('',(32.043808906571,1.405971156981));
#149 = CARTESIAN_POINT('',(29.673892481598,0.482743692885));
#150 = CARTESIAN_POINT('',(27.12230935112,9.999999999998E-03));
#151 = CARTESIAN_POINT('',(24.509205043213,1.E-02));
#152 = ( GEOMETRIC_REPRESENTATION_CONTEXT(2) 
PARAMETRIC_REPRESENTATION_CONTEXT() REPRESENTATION_CONTEXT('2D SPACE',''
  ) );
#153 = PCURVE('',#154,#159);
#154 = CYLINDRICAL_SURFACE('',#155,15.);
#155 = AXIS2_PLACEMENT_3D('',#156,#157,#158);
#156 = CARTESIAN_POINT('',(-15.75,19.555148913482,-30.));
#157 = DIRECTION('',(0.,0.,1.));
#158 = DIRECTION('',(1.,0.,-0.));
#159 = DEFINITIONAL_REPRESENTATION('',(#160),#186);
#160 = B_SPLINE_CURVE_WITH_KNOTS('',3,(#161,#162,#163,#164,#165,#166,
    #167,#168,#169,#170,#171,#172,#173,#174,#175,#176,#177,#178,#179,
    #180,#181,#182,#183,#184,#185),.UNSPECIFIED.,.F.,.F.,(4,1,1,1,1,1,1,
    1,1,1,1,1,1,1,1,1,1,1,1,1,1,1,4),(1.135951104096,1.155716796037,
    1.175482487978,1.195248179919,1.21501387186,1.2347795638,
    1.254545255741,1.274310947682,1.294076639623,1.313842331564,
    1.333608023505,1.353373715446,1.373139407386,1.392905099327,
    1.412670791268,1.432436483209,1.45220217515,1.471967867091,
    1.491733559032,1.511499250972,1.531264942913,1.551030634854,
    1.570796326795),.QUASI_UNIFORM_KNOTS.);
#161 = CARTESIAN_POINT('',(2.706747430891,21.152309161081));
#162 = CARTESIAN_POINT('',(2.713284204085,21.09455985487));
#163 = CARTESIAN_POINT('',(2.72637175491,20.978410693963));
#164 = CARTESIAN_POINT('',(2.746041387612,20.802328561169));
#165 = CARTESIAN_POINT('',(2.76574563592,20.624480205801));
#166 = CARTESIAN_POINT('',(2.785480752996,20.444961594782));
#167 = CARTESIAN_POINT('',(2.805242960524,20.2638709779));
#168 = CARTESIAN_POINT('',(2.825028447494,20.081309075327));
#169 = CARTESIAN_POINT('',(2.844833375996,19.897378797962));
#170 = CARTESIAN_POINT('',(2.864653885243,19.71218508284));
#171 = CARTESIAN_POINT('',(2.884486096151,19.525834688532));
#172 = CARTESIAN_POINT('',(2.904326115846,19.338435993035));
#173 = CARTESIAN_POINT('',(2.92417004224,19.150098783798));
#174 = CARTESIAN_POINT('',(2.944013968635,18.960934043719));
#175 = CARTESIAN_POINT('',(2.96385398833,18.771053733196));
#176 = CARTESIAN_POINT('',(2.983686199238,18.580570569312));
#177 = CARTESIAN_POINT('',(3.003506708485,18.389597803115));
#178 = CARTESIAN_POINT('',(3.023311636987,18.198248995592));
#179 = CARTESIAN_POINT('',(3.043097123957,18.006637794473));
#180 = CARTESIAN_POINT('',(3.062859331485,17.814877708258));
#181 = CARTESIAN_POINT('',(3.082594448561,17.623081895368));
#182 = CARTESIAN_POINT('',(3.102298696869,17.431362905797));
#183 = CARTESIAN_POINT('',(3.121968329571,17.239832613274));
#184 = CARTESIAN_POINT('',(3.135055880396,17.112345173598));
#185 = CARTESIAN_POINT('',(3.14159265359,17.048669783721));
#186 = ( GEOMETRIC_REPRESENTATION_CONTEXT(2) 
PARAMETRIC_REPRESENTATION_CONTEXT() REPRESENTATION_CONTEXT('2D SPACE',''
  ) );
#187 = ORIENTED_EDGE('',*,*,#188,.F.);
#188 = EDGE_CURVE('',#189,#137,#191,.T.);
#189 = VERTEX_POINT('',#190);
#190 = CARTESIAN_POINT('',(-30.75,10.,-19.15651647482));
#191 = SURFACE_CURVE('',#192,(#196,#203),.PCURVE_S1.);
#192 = LINE('',#193,#194);
#193 = CARTESIAN_POINT('',(-30.75,5.046992440278,-22.37303719327));
#194 = VECTOR('',#195,1.);
#195 = DIRECTION('',(-0.,0.838670567945,0.544639035015));
#196 = PCURVE('',#32,#197);
#197 = DEFINITIONAL_REPRESENTATION('',(#198),#202);
#198 = LINE('',#199,#200);
#199 = CARTESIAN_POINT('',(7.210211817844,1.E-02));
#200 = VECTOR('',#201,1.);
#201 = DIRECTION('',(1.,0.));
#202 = ( GEOMETRIC_REPRESENTATION_CONTEXT(2) 
PARAMETRIC_REPRESENTATION_CONTEXT() REPRESENTATION_CONTEXT('2D SPACE',''
  ) );
#203 = PCURVE('',#204,#209);
#204 = PLANE('',#205);
#205 = AXIS2_PLACEMENT_3D('',#206,#207,#208);
#206 = CARTESIAN_POINT('',(-30.75,10.,-30.));
#207 = DIRECTION('',(1.,0.,0.));
#208 = DIRECTION('',(0.,0.,-1.));
#209 = DEFINITIONAL_REPRESENTATION('',(#210),#214);
#210 = LINE('',#211,#212);
#211 = CARTESIAN_POINT('',(-7.626962806725,-4.953007559722));
#212 = VECTOR('',#213,1.);
#213 = DIRECTION('',(-0.544639035015,0.838670567945));
#214 = ( GEOMETRIC_REPRESENTATION_CONTEXT(2) 
PARAMETRIC_REPRESENTATION_CONTEXT() REPRESENTATION_CONTEXT('2D SPACE',''
  ) );
#215 = ORIENTED_EDGE('',*,*,#216,.F.);
#216 = EDGE_CURVE('',#217,#189,#219,.T.);
#217 = VERTEX_POINT('',#218);
#218 = CARTESIAN_POINT('',(-27.45714249612,2.151436147648,
    -24.25343343624));
#219 = SURFACE_CURVE('',#220,(#225,#233),.PCURVE_S1.);
#220 = ( BOUNDED_CURVE() B_SPLINE_CURVE(3,(#221,#222,#223,#224),
.UNSPECIFIED.,.F.,.F.) B_SPLINE_CURVE_WITH_KNOTS((4,4),(3.917899782673,
4.712388980385),.PIECEWISE_BEZIER_KNOTS.) CURVE() 
GEOMETRIC_REPRESENTATION_ITEM() RATIONAL_B_SPLINE_CURVE((1.,
0.948086999958,0.948086999958,1.)) REPRESENTATION_ITEM('') );
#221 = CARTESIAN_POINT('',(-27.45714249612,2.151436147648,
    -24.25343343624));
#222 = CARTESIAN_POINT('',(-29.59228011985,4.248101247723,
    -22.89184319986));
#223 = CARTESIAN_POINT('',(-30.75,7.007539939424,-21.0998427605));
#224 = CARTESIAN_POINT('',(-30.75,10.,-19.15651647482));
#225 = PCURVE('',#32,#226);
#226 = DEFINITIONAL_REPRESENTATION('',(#227),#232);
#227 = ( BOUNDED_CURVE() B_SPLINE_CURVE(3,(#228,#229,#230,#231),
.UNSPECIFIED.,.F.,.F.) B_SPLINE_CURVE_WITH_KNOTS((4,4),(3.917899782673,
4.712388980385),.PIECEWISE_BEZIER_KNOTS.) CURVE() 
GEOMETRIC_REPRESENTATION_ITEM() RATIONAL_B_SPLINE_CURVE((1.,
0.948086999958,0.948086999958,1.)) REPRESENTATION_ITEM('') );
#228 = CARTESIAN_POINT('',(3.757656782172,3.302857503876));
#229 = CARTESIAN_POINT('',(6.257643284871,1.167719880145));
#230 = CARTESIAN_POINT('',(9.547896689687,9.999999999984E-03));
#231 = CARTESIAN_POINT('',(13.115996221196,1.E-02));
#232 = ( GEOMETRIC_REPRESENTATION_CONTEXT(2) 
PARAMETRIC_REPRESENTATION_CONTEXT() REPRESENTATION_CONTEXT('2D SPACE',''
  ) );
#233 = PCURVE('',#234,#239);
#234 = CYLINDRICAL_SURFACE('',#235,11.);
#235 = AXIS2_PLACEMENT_3D('',#236,#237,#238);
#236 = CARTESIAN_POINT('',(-19.75,10.,-30.));
#237 = DIRECTION('',(0.,0.,1.));
#238 = DIRECTION('',(1.,0.,-0.));
#239 = DEFINITIONAL_REPRESENTATION('',(#240),#266);
#240 = B_SPLINE_CURVE_WITH_KNOTS('',3,(#241,#242,#243,#244,#245,#246,
    #247,#248,#249,#250,#251,#252,#253,#254,#255,#256,#257,#258,#259,
    #260,#261,#262,#263,#264,#265),.UNSPECIFIED.,.F.,.F.,(4,1,1,1,1,1,1,
    1,1,1,1,1,1,1,1,1,1,1,1,1,1,1,4),(3.917899782673,3.954012928024,
    3.990126073374,4.026239218725,4.062352364075,4.098465509426,
    4.134578654776,4.170691800127,4.206804945477,4.242918090828,
    4.279031236178,4.315144381529,4.351257526879,4.38737067223,
    4.42348381758,4.459596962931,4.495710108282,4.531823253632,
    4.567936398983,4.604049544333,4.640162689684,4.676275835034,
    4.712388980385),.QUASI_UNIFORM_KNOTS.);
#241 = CARTESIAN_POINT('',(3.936081851301,5.74656656376));
#242 = CARTESIAN_POINT('',(3.924358314505,5.8052412737));
#243 = CARTESIAN_POINT('',(3.900827987372,5.925118454713));
#244 = CARTESIAN_POINT('',(3.865303185802,6.112283522654));
#245 = CARTESIAN_POINT('',(3.829569214306,6.306577149246));
#246 = CARTESIAN_POINT('',(3.793647294647,6.507732224494));
#247 = CARTESIAN_POINT('',(3.757559274619,6.715452165688));
#248 = CARTESIAN_POINT('',(3.721327659168,6.929407760765));
#249 = CARTESIAN_POINT('',(3.68497550365,7.149239830195));
#250 = CARTESIAN_POINT('',(3.648526337147,7.374560762759));
#251 = CARTESIAN_POINT('',(3.612004071747,7.604956766027));
#252 = CARTESIAN_POINT('',(3.575432910606,7.839990309958));
#253 = CARTESIAN_POINT('',(3.538837252446,8.079202867212));
#254 = CARTESIAN_POINT('',(3.502241594285,8.322117879073));
#255 = CARTESIAN_POINT('',(3.465670433144,8.56824391641));
#256 = CARTESIAN_POINT('',(3.429148167744,8.817077989472));
#257 = CARTESIAN_POINT('',(3.392699001241,9.068108959261));
#258 = CARTESIAN_POINT('',(3.356346845723,9.320821006593));
#259 = CARTESIAN_POINT('',(3.320115230272,9.574697092547));
#260 = CARTESIAN_POINT('',(3.284027210244,9.829222427329));
#261 = CARTESIAN_POINT('',(3.248105290585,10.0838876578));
#262 = CARTESIAN_POINT('',(3.21237131909,10.33819263833));
#263 = CARTESIAN_POINT('',(3.176846517519,10.59164735585));
#264 = CARTESIAN_POINT('',(3.153316190386,10.759737534034));
#265 = CARTESIAN_POINT('',(3.14159265359,10.843483525173));
#266 = ( GEOMETRIC_REPRESENTATION_CONTEXT(2) 
PARAMETRIC_REPRESENTATION_CONTEXT() REPRESENTATION_CONTEXT('2D SPACE',''
  ) );
#267 = ORIENTED_EDGE('',*,*,#268,.T.);
#268 = EDGE_CURVE('',#217,#269,#271,.T.);
#269 = VERTEX_POINT('',#270);
#270 = CARTESIAN_POINT('',(-26.14892996102,3.459648682739,
    -23.40387028243));
#271 = SURFACE_CURVE('',#272,(#276,#283),.PCURVE_S1.);
#272 = LINE('',#273,#274);
#273 = CARTESIAN_POINT('',(-30.67110474797,-1.062526104211,
    -26.34060492684));
#274 = VECTOR('',#275,1.);
#275 = DIRECTION('',(0.642594670326,0.642594670326,0.417305858258));
#276 = PCURVE('',#32,#277);
#277 = DEFINITIONAL_REPRESENTATION('',(#278),#282);
#278 = LINE('',#279,#280);
#279 = CARTESIAN_POINT('',(-7.45538315048E-02,8.88952520266E-02));
#280 = VECTOR('',#281,1.);
#281 = DIRECTION('',(0.766206297069,0.642594670326));
#282 = ( GEOMETRIC_REPRESENTATION_CONTEXT(2) 
PARAMETRIC_REPRESENTATION_CONTEXT() REPRESENTATION_CONTEXT('2D SPACE',''
  ) );
#283 = PCURVE('',#284,#289);
#284 = PLANE('',#285);
#285 = AXIS2_PLACEMENT_3D('',#286,#287,#288);
#286 = CARTESIAN_POINT('',(-30.67110474797,-1.062526104211,
    -19.49060492684));
#287 = DIRECTION('',(-0.707106781187,0.707106781187,0.));
#288 = DIRECTION('',(-0.707106781187,-0.707106781187,0.));
#289 = DEFINITIONAL_REPRESENTATION('',(#290),#294);
#290 = LINE('',#291,#292);
#291 = CARTESIAN_POINT('',(-0.,-6.85));
#292 = VECTOR('',#293,1.);
#293 = DIRECTION('',(-0.908766097884,0.417305858258));
#294 = ( GEOMETRIC_REPRESENTATION_CONTEXT(2) 
PARAMETRIC_REPRESENTATION_CONTEXT() REPRESENTATION_CONTEXT('2D SPACE',''
  ) );
#295 = ORIENTED_EDGE('',*,*,#296,.F.);
#296 = EDGE_CURVE('',#297,#269,#299,.T.);
#297 = VERTEX_POINT('',#298);
#298 = CARTESIAN_POINT('',(-19.75,0.85,-25.09859595258));
#299 = SURFACE_CURVE('',#300,(#305,#313),.PCURVE_S1.);
#300 = ( BOUNDED_CURVE() B_SPLINE_CURVE(3,(#301,#302,#303,#304),
.UNSPECIFIED.,.F.,.F.) B_SPLINE_CURVE_WITH_KNOTS((4,4),(0.,1.),
.PIECEWISE_BEZIER_KNOTS.) CURVE() GEOMETRIC_REPRESENTATION_ITEM() 
RATIONAL_B_SPLINE_CURVE((1.,0.950637957161,0.950637957161,1.)) 
REPRESENTATION_ITEM('') );
#301 = CARTESIAN_POINT('',(-19.75,0.85,-25.09859595258));
#302 = CARTESIAN_POINT('',(-22.17314923547,0.85,-25.09859595246));
#303 = CARTESIAN_POINT('',(-24.4168810764,1.765051716247,-24.50435441976
    ));
#304 = CARTESIAN_POINT('',(-26.14892996102,3.459648682739,
    -23.40387028243));
#305 = PCURVE('',#32,#306);
#306 = DEFINITIONAL_REPRESENTATION('',(#307),#312);
#307 = ( BOUNDED_CURVE() B_SPLINE_CURVE(3,(#308,#309,#310,#311),
.UNSPECIFIED.,.F.,.F.) B_SPLINE_CURVE_WITH_KNOTS((4,4),(0.,1.),
.PIECEWISE_BEZIER_KNOTS.) CURVE() GEOMETRIC_REPRESENTATION_ITEM() 
RATIONAL_B_SPLINE_CURVE((1.,0.950637957161,0.950637957161,1.)) 
REPRESENTATION_ITEM('') );
#308 = CARTESIAN_POINT('',(2.205872091747,11.01));
#309 = CARTESIAN_POINT('',(2.205872091811,8.586850764522));
#310 = CARTESIAN_POINT('',(3.29694616931,6.343118923595));
#311 = CARTESIAN_POINT('',(5.317521388243,4.611070038977));
#312 = ( GEOMETRIC_REPRESENTATION_CONTEXT(2) 
PARAMETRIC_REPRESENTATION_CONTEXT() REPRESENTATION_CONTEXT('2D SPACE',''
  ) );
#313 = PCURVE('',#314,#319);
#314 = CYLINDRICAL_SURFACE('',#315,9.15);
#315 = AXIS2_PLACEMENT_3D('',#316,#317,#318);
#316 = CARTESIAN_POINT('',(-19.75,10.,-18.24859595258));
#317 = DIRECTION('',(-0.,-0.,-1.));
#318 = DIRECTION('',(-1.,0.,0.));
#319 = DEFINITIONAL_REPRESENTATION('',(#320),#346);
#320 = B_SPLINE_CURVE_WITH_KNOTS('',3,(#321,#322,#323,#324,#325,#326,
    #327,#328,#329,#330,#331,#332,#333,#334,#335,#336,#337,#338,#339,
    #340,#341,#342,#343,#344,#345),.UNSPECIFIED.,.F.,.F.,(4,1,1,1,1,1,1,
    1,1,1,1,1,1,1,1,1,1,1,1,1,1,1,4),(0.,4.545454545455E-02,
    9.090909090909E-02,0.136363636364,0.181818181818,0.227272727273,
    0.272727272727,0.318181818182,0.363636363636,0.409090909091,
    0.454545454545,0.5,0.545454545455,0.590909090909,0.636363636364,
    0.681818181818,0.727272727273,0.772727272727,0.818181818182,
    0.863636363636,0.909090909091,0.954545454545,1.),
  .QUASI_UNIFORM_KNOTS.);
#321 = CARTESIAN_POINT('',(4.712388980385,6.85));
#322 = CARTESIAN_POINT('',(4.723832226506,6.850001975197));
#323 = CARTESIAN_POINT('',(4.746795977193,6.847664131531));
#324 = CARTESIAN_POINT('',(4.781454295815,6.837027720397));
#325 = CARTESIAN_POINT('',(4.816306497138,6.819147783762));
#326 = CARTESIAN_POINT('',(4.851332816288,6.793944099198));
#327 = CARTESIAN_POINT('',(4.886512936406,6.761360052593));
#328 = CARTESIAN_POINT('',(4.921825961667,6.721366616375));
#329 = CARTESIAN_POINT('',(4.957250511934,6.673962282649));
#330 = CARTESIAN_POINT('',(4.992764790591,6.619173771911));
#331 = CARTESIAN_POINT('',(5.028346664569,6.557056208603));
#332 = CARTESIAN_POINT('',(5.063973745257,6.48769310249));
#333 = CARTESIAN_POINT('',(5.09962347242,6.411196039075));
#334 = CARTESIAN_POINT('',(5.135273199583,6.32770410505));
#335 = CARTESIAN_POINT('',(5.170900280271,6.23738304795));
#336 = CARTESIAN_POINT('',(5.206482154249,6.140424182567));
#337 = CARTESIAN_POINT('',(5.241996432907,6.037043058121));
#338 = CARTESIAN_POINT('',(5.277420983174,5.927477907935));
#339 = CARTESIAN_POINT('',(5.312734008435,5.81198789566));
#340 = CARTESIAN_POINT('',(5.347914128554,5.690851217111));
#341 = CARTESIAN_POINT('',(5.382940447704,5.564362962934));
#342 = CARTESIAN_POINT('',(5.417792649027,5.432833232341));
#343 = CARTESIAN_POINT('',(5.452450967649,5.296583812511));
#344 = CARTESIAN_POINT('',(5.475414718337,5.202827845471));
#345 = CARTESIAN_POINT('',(5.486857964459,5.155274329851));
#346 = ( GEOMETRIC_REPRESENTATION_CONTEXT(2) 
PARAMETRIC_REPRESENTATION_CONTEXT() REPRESENTATION_CONTEXT('2D SPACE',''
  ) );
#347 = ORIENTED_EDGE('',*,*,#348,.T.);
#348 = EDGE_CURVE('',#297,#349,#351,.T.);
#349 = VERTEX_POINT('',#350);
#350 = CARTESIAN_POINT('',(-15.1,0.85,-25.09859595258));
#351 = SURFACE_CURVE('',#352,(#356,#363),.PCURVE_S1.);
#352 = LINE('',#353,#354);
#353 = CARTESIAN_POINT('',(-30.76,0.85,-25.09859595258));
#354 = VECTOR('',#355,1.);
#355 = DIRECTION('',(1.,1.86529406019E-16,1.211336126234E-16));
#356 = PCURVE('',#32,#357);
#357 = DEFINITIONAL_REPRESENTATION('',(#358),#362);
#358 = LINE('',#359,#360);
#359 = CARTESIAN_POINT('',(2.205872091747,0.));
#360 = VECTOR('',#361,1.);
#361 = DIRECTION('',(2.224108167716E-16,1.));
#362 = ( GEOMETRIC_REPRESENTATION_CONTEXT(2) 
PARAMETRIC_REPRESENTATION_CONTEXT() REPRESENTATION_CONTEXT('2D SPACE',''
  ) );
#363 = PCURVE('',#364,#369);
#364 = PLANE('',#365);
#365 = AXIS2_PLACEMENT_3D('',#366,#367,#368);
#366 = CARTESIAN_POINT('',(-30.76,0.85,-18.24859595258));
#367 = DIRECTION('',(-1.86529406019E-16,1.,0.));
#368 = DIRECTION('',(-1.,-1.86529406019E-16,0.));
#369 = DEFINITIONAL_REPRESENTATION('',(#370),#374);
#370 = LINE('',#371,#372);
#371 = CARTESIAN_POINT('',(-0.,-6.85));
#372 = VECTOR('',#373,1.);
#373 = DIRECTION('',(-1.,1.211336126234E-16));
#374 = ( GEOMETRIC_REPRESENTATION_CONTEXT(2) 
PARAMETRIC_REPRESENTATION_CONTEXT() REPRESENTATION_CONTEXT('2D SPACE',''
  ) );
#375 = ORIENTED_EDGE('',*,*,#376,.T.);
#376 = EDGE_CURVE('',#349,#377,#379,.T.);
#377 = VERTEX_POINT('',#378);
#378 = CARTESIAN_POINT('',(-15.1,-1.,-26.3));
#379 = SURFACE_CURVE('',#380,(#384,#391),.PCURVE_S1.);
#380 = LINE('',#381,#382);
#381 = CARTESIAN_POINT('',(-15.1,-1.,-26.3));
#382 = VECTOR('',#383,1.);
#383 = DIRECTION('',(0.,-0.838670567945,-0.544639035015));
#384 = PCURVE('',#32,#385);
#385 = DEFINITIONAL_REPRESENTATION('',(#386),#390);
#386 = LINE('',#387,#388);
#387 = CARTESIAN_POINT('',(0.,15.66));
#388 = VECTOR('',#389,1.);
#389 = DIRECTION('',(-1.,0.));
#390 = ( GEOMETRIC_REPRESENTATION_CONTEXT(2) 
PARAMETRIC_REPRESENTATION_CONTEXT() REPRESENTATION_CONTEXT('2D SPACE',''
  ) );
#391 = PCURVE('',#392,#397);
#392 = PLANE('',#393);
#393 = AXIS2_PLACEMENT_3D('',#394,#395,#396);
#394 = CARTESIAN_POINT('',(-15.1,-1.,-19.45));
#395 = DIRECTION('',(1.,0.,-0.));
#396 = DIRECTION('',(-0.,0.,-1.));
#397 = DEFINITIONAL_REPRESENTATION('',(#398),#402);
#398 = LINE('',#399,#400);
#399 = CARTESIAN_POINT('',(6.85,0.));
#400 = VECTOR('',#401,1.);
#401 = DIRECTION('',(0.544639035015,-0.838670567945));
#402 = ( GEOMETRIC_REPRESENTATION_CONTEXT(2) 
PARAMETRIC_REPRESENTATION_CONTEXT() REPRESENTATION_CONTEXT('2D SPACE',''
  ) );
#403 = ORIENTED_EDGE('',*,*,#404,.T.);
#404 = EDGE_CURVE('',#377,#405,#407,.T.);
#405 = VERTEX_POINT('',#406);
#406 = CARTESIAN_POINT('',(15.1,-1.,-26.3));
#407 = SURFACE_CURVE('',#408,(#412,#419),.PCURVE_S1.);
#408 = LINE('',#409,#410);
#409 = CARTESIAN_POINT('',(-40.,-1.,-26.3));
#410 = VECTOR('',#411,1.);
#411 = DIRECTION('',(1.,0.,0.));
#412 = PCURVE('',#32,#413);
#413 = DEFINITIONAL_REPRESENTATION('',(#414),#418);
#414 = LINE('',#415,#416);
#415 = CARTESIAN_POINT('',(-1.303555924452E-15,-9.24));
#416 = VECTOR('',#417,1.);
#417 = DIRECTION('',(0.,1.));
#418 = ( GEOMETRIC_REPRESENTATION_CONTEXT(2) 
PARAMETRIC_REPRESENTATION_CONTEXT() REPRESENTATION_CONTEXT('2D SPACE',''
  ) );
#419 = PCURVE('',#420,#425);
#420 = PLANE('',#421);
#421 = AXIS2_PLACEMENT_3D('',#422,#423,#424);
#422 = CARTESIAN_POINT('',(-40.,-1.,-6.3));
#423 = DIRECTION('',(0.,-1.,0.));
#424 = DIRECTION('',(0.,-0.,-1.));
#425 = DEFINITIONAL_REPRESENTATION('',(#426),#430);
#426 = LINE('',#427,#428);
#427 = CARTESIAN_POINT('',(20.,0.));
#428 = VECTOR('',#429,1.);
#429 = DIRECTION('',(0.,1.));
#430 = ( GEOMETRIC_REPRESENTATION_CONTEXT(2) 
PARAMETRIC_REPRESENTATION_CONTEXT() REPRESENTATION_CONTEXT('2D SPACE',''
  ) );
#431 = ORIENTED_EDGE('',*,*,#432,.T.);
#432 = EDGE_CURVE('',#405,#433,#435,.T.);
#433 = VERTEX_POINT('',#434);
#434 = CARTESIAN_POINT('',(15.1,0.85,-25.09859595258));
#435 = SURFACE_CURVE('',#436,(#440,#447),.PCURVE_S1.);
#436 = LINE('',#437,#438);
#437 = CARTESIAN_POINT('',(15.1,-1.,-26.3));
#438 = VECTOR('',#439,1.);
#439 = DIRECTION('',(0.,0.838670567945,0.544639035015));
#440 = PCURVE('',#32,#441);
#441 = DEFINITIONAL_REPRESENTATION('',(#442),#446);
#442 = LINE('',#443,#444);
#443 = CARTESIAN_POINT('',(0.,45.86));
#444 = VECTOR('',#445,1.);
#445 = DIRECTION('',(1.,0.));
#446 = ( GEOMETRIC_REPRESENTATION_CONTEXT(2) 
PARAMETRIC_REPRESENTATION_CONTEXT() REPRESENTATION_CONTEXT('2D SPACE',''
  ) );
#447 = PCURVE('',#448,#453);
#448 = PLANE('',#449);
#449 = AXIS2_PLACEMENT_3D('',#450,#451,#452);
#450 = CARTESIAN_POINT('',(15.1,-1.,-19.45));
#451 = DIRECTION('',(-1.,0.,0.));
#452 = DIRECTION('',(0.,0.,1.));
#453 = DEFINITIONAL_REPRESENTATION('',(#454),#458);
#454 = LINE('',#455,#456);
#455 = CARTESIAN_POINT('',(-6.85,0.));
#456 = VECTOR('',#457,1.);
#457 = DIRECTION('',(0.544639035015,0.838670567945));
#458 = ( GEOMETRIC_REPRESENTATION_CONTEXT(2) 
PARAMETRIC_REPRESENTATION_CONTEXT() REPRESENTATION_CONTEXT('2D SPACE',''
  ) );
#459 = ORIENTED_EDGE('',*,*,#460,.T.);
#460 = EDGE_CURVE('',#433,#461,#463,.T.);
#461 = VERTEX_POINT('',#462);
#462 = CARTESIAN_POINT('',(19.75,0.85,-25.09859595258));
#463 = SURFACE_CURVE('',#464,(#468,#475),.PCURVE_S1.);
#464 = LINE('',#465,#466);
#465 = CARTESIAN_POINT('',(-30.76,0.85,-25.09859595258));
#466 = VECTOR('',#467,1.);
#467 = DIRECTION('',(1.,-1.86529406019E-16,-1.211336126234E-16));
#468 = PCURVE('',#32,#469);
#469 = DEFINITIONAL_REPRESENTATION('',(#470),#474);
#470 = LINE('',#471,#472);
#471 = CARTESIAN_POINT('',(2.205872091747,0.));
#472 = VECTOR('',#473,1.);
#473 = DIRECTION('',(-2.224108167716E-16,1.));
#474 = ( GEOMETRIC_REPRESENTATION_CONTEXT(2) 
PARAMETRIC_REPRESENTATION_CONTEXT() REPRESENTATION_CONTEXT('2D SPACE',''
  ) );
#475 = PCURVE('',#476,#481);
#476 = PLANE('',#477);
#477 = AXIS2_PLACEMENT_3D('',#478,#479,#480);
#478 = CARTESIAN_POINT('',(-30.76,0.85,-18.24859595258));
#479 = DIRECTION('',(1.86529406019E-16,1.,-0.));
#480 = DIRECTION('',(-1.,1.86529406019E-16,0.));
#481 = DEFINITIONAL_REPRESENTATION('',(#482),#486);
#482 = LINE('',#483,#484);
#483 = CARTESIAN_POINT('',(0.,-6.85));
#484 = VECTOR('',#485,1.);
#485 = DIRECTION('',(-1.,-1.211336126234E-16));
#486 = ( GEOMETRIC_REPRESENTATION_CONTEXT(2) 
PARAMETRIC_REPRESENTATION_CONTEXT() REPRESENTATION_CONTEXT('2D SPACE',''
  ) );
#487 = ORIENTED_EDGE('',*,*,#488,.F.);
#488 = EDGE_CURVE('',#489,#461,#491,.T.);
#489 = VERTEX_POINT('',#490);
#490 = CARTESIAN_POINT('',(26.148929961023,3.459648682739,
    -23.40387028243));
#491 = SURFACE_CURVE('',#492,(#497,#505),.PCURVE_S1.);
#492 = ( BOUNDED_CURVE() B_SPLINE_CURVE(3,(#493,#494,#495,#496),
.UNSPECIFIED.,.F.,.F.) B_SPLINE_CURVE_WITH_KNOTS((4,4),(0.,1.),
.PIECEWISE_BEZIER_KNOTS.) CURVE() GEOMETRIC_REPRESENTATION_ITEM() 
RATIONAL_B_SPLINE_CURVE((1.,0.950637957161,0.950637957161,1.)) 
REPRESENTATION_ITEM('') );
#493 = CARTESIAN_POINT('',(26.148929961023,3.459648682739,
    -23.40387028243));
#494 = CARTESIAN_POINT('',(24.416881076405,1.765051716247,
    -24.50435441976));
#495 = CARTESIAN_POINT('',(22.173149235478,0.85,-25.09859595246));
#496 = CARTESIAN_POINT('',(19.75,0.85,-25.09859595258));
#497 = PCURVE('',#32,#498);
#498 = DEFINITIONAL_REPRESENTATION('',(#499),#504);
#499 = ( BOUNDED_CURVE() B_SPLINE_CURVE(3,(#500,#501,#502,#503),
.UNSPECIFIED.,.F.,.F.) B_SPLINE_CURVE_WITH_KNOTS((4,4),(0.,1.),
.PIECEWISE_BEZIER_KNOTS.) CURVE() GEOMETRIC_REPRESENTATION_ITEM() 
RATIONAL_B_SPLINE_CURVE((1.,0.950637957161,0.950637957161,1.)) 
REPRESENTATION_ITEM('') );
#500 = CARTESIAN_POINT('',(5.317521388243,56.908929961023));
#501 = CARTESIAN_POINT('',(3.29694616931,55.176881076405));
#502 = CARTESIAN_POINT('',(2.205872091811,52.933149235478));
#503 = CARTESIAN_POINT('',(2.205872091746,50.51));
#504 = ( GEOMETRIC_REPRESENTATION_CONTEXT(2) 
PARAMETRIC_REPRESENTATION_CONTEXT() REPRESENTATION_CONTEXT('2D SPACE',''
  ) );
#505 = PCURVE('',#506,#511);
#506 = CYLINDRICAL_SURFACE('',#507,9.15);
#507 = AXIS2_PLACEMENT_3D('',#508,#509,#510);
#508 = CARTESIAN_POINT('',(19.75,10.,-16.55387028243));
#509 = DIRECTION('',(-0.,-0.,-1.));
#510 = DIRECTION('',(-1.,0.,0.));
#511 = DEFINITIONAL_REPRESENTATION('',(#512),#538);
#512 = B_SPLINE_CURVE_WITH_KNOTS('',3,(#513,#514,#515,#516,#517,#518,
    #519,#520,#521,#522,#523,#524,#525,#526,#527,#528,#529,#530,#531,
    #532,#533,#534,#535,#536,#537),.UNSPECIFIED.,.F.,.F.,(4,1,1,1,1,1,1,
    1,1,1,1,1,1,1,1,1,1,1,1,1,1,1,4),(0.,4.545454545455E-02,
    9.090909090909E-02,0.136363636364,0.181818181818,0.227272727273,
    0.272727272727,0.318181818182,0.363636363636,0.409090909091,
    0.454545454545,0.5,0.545454545455,0.590909090909,0.636363636364,
    0.681818181818,0.727272727273,0.772727272727,0.818181818182,
    0.863636363636,0.909090909091,0.954545454545,1.),
  .QUASI_UNIFORM_KNOTS.);
#513 = CARTESIAN_POINT('',(3.937919996311,6.85));
#514 = CARTESIAN_POINT('',(3.949363242432,6.89755351562));
#515 = CARTESIAN_POINT('',(3.97232699312,6.99130948266));
#516 = CARTESIAN_POINT('',(4.006985311742,7.12755890249));
#517 = CARTESIAN_POINT('',(4.041837513066,7.259088633082));
#518 = CARTESIAN_POINT('',(4.076863832216,7.38557688726));
#519 = CARTESIAN_POINT('',(4.112043952335,7.506713565809));
#520 = CARTESIAN_POINT('',(4.147356977596,7.622203578084));
#521 = CARTESIAN_POINT('',(4.182781527862,7.73176872827));
#522 = CARTESIAN_POINT('',(4.21829580652,7.835149852716));
#523 = CARTESIAN_POINT('',(4.253877680498,7.932108718099));
#524 = CARTESIAN_POINT('',(4.289504761186,8.022429775199));
#525 = CARTESIAN_POINT('',(4.325154488349,8.105921709224));
#526 = CARTESIAN_POINT('',(4.360804215512,8.182418772639));
#527 = CARTESIAN_POINT('',(4.3964312962,8.251781878751));
#528 = CARTESIAN_POINT('',(4.432013170178,8.313899442059));
#529 = CARTESIAN_POINT('',(4.467527448836,8.368687952798));
#530 = CARTESIAN_POINT('',(4.502951999102,8.416092286524));
#531 = CARTESIAN_POINT('',(4.538265024363,8.456085722741));
#532 = CARTESIAN_POINT('',(4.573445144482,8.488669769347));
#533 = CARTESIAN_POINT('',(4.608471463631,8.513873453911));
#534 = CARTESIAN_POINT('',(4.643323664954,8.531753390546));
#535 = CARTESIAN_POINT('',(4.677981983576,8.54238980168));
#536 = CARTESIAN_POINT('',(4.700945734263,8.544727645346));
#537 = CARTESIAN_POINT('',(4.712388980385,8.544725670149));
#538 = ( GEOMETRIC_REPRESENTATION_CONTEXT(2) 
PARAMETRIC_REPRESENTATION_CONTEXT() REPRESENTATION_CONTEXT('2D SPACE',''
  ) );
#539 = ORIENTED_EDGE('',*,*,#540,.T.);
#540 = EDGE_CURVE('',#489,#541,#543,.T.);
#541 = VERTEX_POINT('',#542);
#542 = CARTESIAN_POINT('',(27.457142496091,2.151436147671,
    -24.25343343622));
#543 = SURFACE_CURVE('',#544,(#548,#555),.PCURVE_S1.);
#544 = LINE('',#545,#546);
#545 = CARTESIAN_POINT('',(5.267779704365,24.340798939397,
    -9.843492751064));
#546 = VECTOR('',#547,1.);
#547 = DIRECTION('',(0.642594670326,-0.642594670326,-0.417305858258));
#548 = PCURVE('',#32,#549);
#549 = DEFINITIONAL_REPRESENTATION('',(#550),#554);
#550 = LINE('',#551,#552);
#551 = CARTESIAN_POINT('',(30.215438466473,36.027779704365));
#552 = VECTOR('',#553,1.);
#553 = DIRECTION('',(-0.766206297069,0.642594670326));
#554 = ( GEOMETRIC_REPRESENTATION_CONTEXT(2) 
PARAMETRIC_REPRESENTATION_CONTEXT() REPRESENTATION_CONTEXT('2D SPACE',''
  ) );
#555 = PCURVE('',#556,#561);
#556 = PLANE('',#557);
#557 = AXIS2_PLACEMENT_3D('',#558,#559,#560);
#558 = CARTESIAN_POINT('',(5.267779704365,24.340798939397,
    -2.993492751064));
#559 = DIRECTION('',(0.707106781187,0.707106781187,-0.));
#560 = DIRECTION('',(-0.707106781187,0.707106781187,0.));
#561 = DEFINITIONAL_REPRESENTATION('',(#562),#566);
#562 = LINE('',#563,#564);
#563 = CARTESIAN_POINT('',(0.,-6.85));
#564 = VECTOR('',#565,1.);
#565 = DIRECTION('',(-0.908766097884,-0.417305858258));
#566 = ( GEOMETRIC_REPRESENTATION_CONTEXT(2) 
PARAMETRIC_REPRESENTATION_CONTEXT() REPRESENTATION_CONTEXT('2D SPACE',''
  ) );
#567 = ORIENTED_EDGE('',*,*,#568,.T.);
#568 = EDGE_CURVE('',#541,#22,#569,.T.);
#569 = SURFACE_CURVE('',#570,(#575,#583),.PCURVE_S1.);
#570 = ( BOUNDED_CURVE() B_SPLINE_CURVE(3,(#571,#572,#573,#574),
.UNSPECIFIED.,.F.,.F.) B_SPLINE_CURVE_WITH_KNOTS((4,4),(3.917899782673,
4.712388980385),.PIECEWISE_BEZIER_KNOTS.) CURVE() 
GEOMETRIC_REPRESENTATION_ITEM() RATIONAL_B_SPLINE_CURVE((1.,
0.948086999958,0.948086999958,1.)) REPRESENTATION_ITEM('') );
#571 = CARTESIAN_POINT('',(27.457142496091,2.151436147671,
    -24.25343343622));
#572 = CARTESIAN_POINT('',(29.592280119853,4.248101247718,
    -22.89184319986));
#573 = CARTESIAN_POINT('',(30.75,7.007539939422,-21.0998427605));
#574 = CARTESIAN_POINT('',(30.75,10.,-19.15651647482));
#575 = PCURVE('',#32,#576);
#576 = DEFINITIONAL_REPRESENTATION('',(#577),#582);
#577 = ( BOUNDED_CURVE() B_SPLINE_CURVE(3,(#578,#579,#580,#581),
.UNSPECIFIED.,.F.,.F.) B_SPLINE_CURVE_WITH_KNOTS((4,4),(3.917899782673,
4.712388980385),.PIECEWISE_BEZIER_KNOTS.) CURVE() 
GEOMETRIC_REPRESENTATION_ITEM() RATIONAL_B_SPLINE_CURVE((1.,
0.948086999958,0.948086999958,1.)) REPRESENTATION_ITEM('') );
#578 = CARTESIAN_POINT('',(3.7576567822,58.217142496091));
#579 = CARTESIAN_POINT('',(6.257643284866,60.352280119853));
#580 = CARTESIAN_POINT('',(9.547896689684,61.51));
#581 = CARTESIAN_POINT('',(13.115996221195,61.51));
#582 = ( GEOMETRIC_REPRESENTATION_CONTEXT(2) 
PARAMETRIC_REPRESENTATION_CONTEXT() REPRESENTATION_CONTEXT('2D SPACE',''
  ) );
#583 = PCURVE('',#584,#589);
#584 = CYLINDRICAL_SURFACE('',#585,11.);
#585 = AXIS2_PLACEMENT_3D('',#586,#587,#588);
#586 = CARTESIAN_POINT('',(19.75,10.,-30.));
#587 = DIRECTION('',(0.,0.,1.));
#588 = DIRECTION('',(1.,0.,-0.));
#589 = DEFINITIONAL_REPRESENTATION('',(#590),#616);
#590 = B_SPLINE_CURVE_WITH_KNOTS('',3,(#591,#592,#593,#594,#595,#596,
    #597,#598,#599,#600,#601,#602,#603,#604,#605,#606,#607,#608,#609,
    #610,#611,#612,#613,#614,#615),.UNSPECIFIED.,.F.,.F.,(4,1,1,1,1,1,1,
    1,1,1,1,1,1,1,1,1,1,1,1,1,1,1,4),(3.917899782673,3.954012928023,
    3.990126073374,4.026239218724,4.062352364075,4.098465509425,
    4.134578654776,4.170691800126,4.206804945477,4.242918090827,
    4.279031236178,4.315144381529,4.351257526879,4.38737067223,
    4.42348381758,4.459596962931,4.495710108281,4.531823253632,
    4.567936398982,4.604049544333,4.640162689684,4.676275835034,
    4.712388980385),.QUASI_UNIFORM_KNOTS.);
#591 = CARTESIAN_POINT('',(5.488696109467,5.746566563775));
#592 = CARTESIAN_POINT('',(5.500419646264,5.805241273715));
#593 = CARTESIAN_POINT('',(5.523949973397,5.925118454726));
#594 = CARTESIAN_POINT('',(5.559474774967,6.112283522664));
#595 = CARTESIAN_POINT('',(5.595208746463,6.306577149255));
#596 = CARTESIAN_POINT('',(5.631130666122,6.507732224501));
#597 = CARTESIAN_POINT('',(5.66721868615,6.715452165694));
#598 = CARTESIAN_POINT('',(5.703450301601,6.92940776077));
#599 = CARTESIAN_POINT('',(5.739802457119,7.149239830198));
#600 = CARTESIAN_POINT('',(5.776251623622,7.374560762762));
#601 = CARTESIAN_POINT('',(5.812773889022,7.604956766028));
#602 = CARTESIAN_POINT('',(5.849345050163,7.839990309959));
#603 = CARTESIAN_POINT('',(5.885940708324,8.079202867212));
#604 = CARTESIAN_POINT('',(5.922536366484,8.322117879073));
#605 = CARTESIAN_POINT('',(5.959107527626,8.568243916409));
#606 = CARTESIAN_POINT('',(5.995629793025,8.817077989471));
#607 = CARTESIAN_POINT('',(6.032078959528,9.068108959261));
#608 = CARTESIAN_POINT('',(6.068431115047,9.320821006592));
#609 = CARTESIAN_POINT('',(6.104662730497,9.574697092547));
#610 = CARTESIAN_POINT('',(6.140750750525,9.829222427328));
#611 = CARTESIAN_POINT('',(6.176672670184,10.0838876578));
#612 = CARTESIAN_POINT('',(6.21240664168,10.338192638329));
#613 = CARTESIAN_POINT('',(6.247931443251,10.591647355849));
#614 = CARTESIAN_POINT('',(6.271461770383,10.759737534033));
#615 = CARTESIAN_POINT('',(6.28318530718,10.843483525173));
#616 = ( GEOMETRIC_REPRESENTATION_CONTEXT(2) 
PARAMETRIC_REPRESENTATION_CONTEXT() REPRESENTATION_CONTEXT('2D SPACE',''
  ) );
#617 = ADVANCED_FACE('',(#618),#632,.T.);
#618 = FACE_BOUND('',#619,.T.);
#619 = EDGE_LOOP('',(#620,#650,#716,#744,#828,#856,#940,#968));
#620 = ORIENTED_EDGE('',*,*,#621,.T.);
#621 = EDGE_CURVE('',#622,#624,#626,.T.);
#622 = VERTEX_POINT('',#623);
#623 = CARTESIAN_POINT('',(-28.71283091779,26.650713053804,
    -10.04341698553));
#624 = VERTEX_POINT('',#625);
#625 = CARTESIAN_POINT('',(28.712830917792,26.650713053804,
    -10.04341698553));
#626 = SURFACE_CURVE('',#627,(#631,#643),.PCURVE_S1.);
#627 = LINE('',#628,#629);
#628 = CARTESIAN_POINT('',(-30.75,26.650713053804,-10.04341698553));
#629 = VECTOR('',#630,1.);
#630 = DIRECTION('',(1.,-0.,-0.));
#631 = PCURVE('',#632,#637);
#632 = PLANE('',#633);
#633 = AXIS2_PLACEMENT_3D('',#634,#635,#636);
#634 = CARTESIAN_POINT('',(-30.75,-1.,-28.));
#635 = DIRECTION('',(0.,0.544639035015,-0.838670567945));
#636 = DIRECTION('',(0.,0.838670567945,0.544639035015));
#637 = DEFINITIONAL_REPRESENTATION('',(#638),#642);
#638 = LINE('',#639,#640);
#639 = CARTESIAN_POINT('',(32.969695266096,0.));
#640 = VECTOR('',#641,1.);
#641 = DIRECTION('',(0.,1.));
#642 = ( GEOMETRIC_REPRESENTATION_CONTEXT(2) 
PARAMETRIC_REPRESENTATION_CONTEXT() REPRESENTATION_CONTEXT('2D SPACE',''
  ) );
#643 = PCURVE('',#124,#644);
#644 = DEFINITIONAL_REPRESENTATION('',(#645),#649);
#645 = LINE('',#646,#647);
#646 = CARTESIAN_POINT('',(0.,0.));
#647 = VECTOR('',#648,1.);
#648 = DIRECTION('',(0.,1.));
#649 = ( GEOMETRIC_REPRESENTATION_CONTEXT(2) 
PARAMETRIC_REPRESENTATION_CONTEXT() REPRESENTATION_CONTEXT('2D SPACE',''
  ) );
#650 = ORIENTED_EDGE('',*,*,#651,.T.);
#651 = EDGE_CURVE('',#624,#652,#654,.T.);
#652 = VERTEX_POINT('',#653);
#653 = CARTESIAN_POINT('',(30.45,19.718540623986,-14.54522239881));
#654 = SURFACE_CURVE('',#655,(#660,#668),.PCURVE_S1.);
#655 = ( BOUNDED_CURVE() B_SPLINE_CURVE(3,(#656,#657,#658,#659),
.UNSPECIFIED.,.F.,.F.) B_SPLINE_CURVE_WITH_KNOTS((4,4),(1.079718795805,
1.570796326795),.PIECEWISE_BEZIER_KNOTS.) CURVE() 
GEOMETRIC_REPRESENTATION_ITEM() RATIONAL_B_SPLINE_CURVE((1.,
0.980004335467,0.980004335467,1.)) REPRESENTATION_ITEM('') );
#656 = CARTESIAN_POINT('',(28.712830917792,26.650713053804,
    -10.04341698553));
#657 = CARTESIAN_POINT('',(29.859128776497,24.507190878866,
    -11.43543656212));
#658 = CARTESIAN_POINT('',(30.45,22.149319531112,-12.96665611914));
#659 = CARTESIAN_POINT('',(30.45,19.718540623986,-14.54522239881));
#660 = PCURVE('',#632,#661);
#661 = DEFINITIONAL_REPRESENTATION('',(#662),#667);
#662 = ( BOUNDED_CURVE() B_SPLINE_CURVE(3,(#663,#664,#665,#666),
.UNSPECIFIED.,.F.,.F.) B_SPLINE_CURVE_WITH_KNOTS((4,4),(1.079718795805,
1.570796326795),.PIECEWISE_BEZIER_KNOTS.) CURVE() 
GEOMETRIC_REPRESENTATION_ITEM() RATIONAL_B_SPLINE_CURVE((1.,
0.980004335467,0.980004335467,1.)) REPRESENTATION_ITEM('') );
#663 = CARTESIAN_POINT('',(32.969695266096,59.462830917792));
#664 = CARTESIAN_POINT('',(30.413838107319,60.609128776497));
#665 = CARTESIAN_POINT('',(27.602398863028,61.2));
#666 = CARTESIAN_POINT('',(24.704027321172,61.2));
#667 = ( GEOMETRIC_REPRESENTATION_CONTEXT(2) 
PARAMETRIC_REPRESENTATION_CONTEXT() REPRESENTATION_CONTEXT('2D SPACE',''
  ) );
#668 = PCURVE('',#669,#688);
#669 = ( BOUNDED_SURFACE() B_SPLINE_SURFACE(3,2,(
    (#670,#671,#672)
    ,(#673,#674,#675)
    ,(#676,#677,#678)
    ,(#679,#680,#681)
    ,(#682,#683,#684)
    ,(#685,#686,#687
)),.UNSPECIFIED.,.F.,.F.,.F.) B_SPLINE_SURFACE_WITH_KNOTS((4,2,4),(3,3),
  (1.076772330619,1.323784328707,1.570796326795),(0.,1.),.UNSPECIFIED.) 
GEOMETRIC_REPRESENTATION_ITEM() RATIONAL_B_SPLINE_SURFACE((
    (1.,0.793174915206,1.)
    ,(1.,0.780732735065,1.)
    ,(1.,0.767159889644,1.)
    ,(1.,0.738275903315,1.)
    ,(1.,0.722964234644,1.)
,(1.,0.707106781187,1.))) REPRESENTATION_ITEM('') SURFACE() );
#670 = CARTESIAN_POINT('',(28.956478850238,26.667737498393,
    -9.767031574784));
#671 = CARTESIAN_POINT('',(28.902266992189,26.768396737742,
    -9.966992307589));
#672 = CARTESIAN_POINT('',(28.692349273234,26.688877437199,
    -10.01863274516));
#673 = CARTESIAN_POINT('',(29.542109416466,25.58035312425,
    -10.45906413069));
#674 = CARTESIAN_POINT('',(29.501480180286,25.67596147618,
    -10.67642806152));
#675 = CARTESIAN_POINT('',(29.266266691434,25.623241747073,
    -10.71066465391));
#676 = CARTESIAN_POINT('',(29.992728346792,24.420337750287,
    -11.19732046692));
#677 = CARTESIAN_POINT('',(29.955258918423,24.522735195587,
    -11.42534196481));
#678 = CARTESIAN_POINT('',(29.707873779856,24.486425684057,
    -11.4489216373));
#679 = CARTESIAN_POINT('',(30.596691817713,22.025192485596,
    -12.72163747819));
#680 = CARTESIAN_POINT('',(30.577733321562,22.148379278773,
    -12.96726672615));
#681 = CARTESIAN_POINT('',(30.299757981359,22.139183324656,
    -12.97323864857));
#682 = CARTESIAN_POINT('',(30.75,20.790243949415,-13.50758273566));
#683 = CARTESIAN_POINT('',(30.73684150303,20.919375633391,
    -13.76539102554));
#684 = CARTESIAN_POINT('',(30.45,20.9289337592,-13.75918390605));
#685 = CARTESIAN_POINT('',(30.75,19.555148913482,-14.29362122842));
#686 = CARTESIAN_POINT('',(30.75,19.718540623986,-14.54522239881));
#687 = CARTESIAN_POINT('',(30.45,19.718540623986,-14.54522239881));
#688 = DEFINITIONAL_REPRESENTATION('',(#689),#715);
#689 = B_SPLINE_CURVE_WITH_KNOTS('',3,(#690,#691,#692,#693,#694,#695,
    #696,#697,#698,#699,#700,#701,#702,#703,#704,#705,#706,#707,#708,
    #709,#710,#711,#712,#713,#714),.UNSPECIFIED.,.F.,.F.,(4,1,1,1,1,1,1,
    1,1,1,1,1,1,1,1,1,1,1,1,1,1,1,4),(1.079718795805,1.102040501759,
    1.124362207714,1.146683913668,1.169005619622,1.191327325576,
    1.21364903153,1.235970737484,1.258292443438,1.280614149392,
    1.302935855346,1.3252575613,1.347579267254,1.369900973208,
    1.392222679162,1.414544385116,1.43686609107,1.459187797025,
    1.481509502979,1.503831208933,1.526152914887,1.548474620841,
    1.570796326795),.QUASI_UNIFORM_KNOTS.);
#690 = CARTESIAN_POINT('',(1.079718802679,0.999999108191));
#691 = CARTESIAN_POINT('',(1.087084843631,0.99999382046));
#692 = CARTESIAN_POINT('',(1.101836985061,0.9999548352));
#693 = CARTESIAN_POINT('',(1.124020130366,0.999849597995));
#694 = CARTESIAN_POINT('',(1.146252980377,0.999740231166));
#695 = CARTESIAN_POINT('',(1.168530247261,0.9996548058));
#696 = CARTESIAN_POINT('',(1.190846593062,0.999611955467));
#697 = CARTESIAN_POINT('',(1.213196617486,0.999619704824));
#698 = CARTESIAN_POINT('',(1.23557485052,0.999676069745));
#699 = CARTESIAN_POINT('',(1.257975748096,0.99976934363));
#700 = CARTESIAN_POINT('',(1.280393670238,0.999878359983));
#701 = CARTESIAN_POINT('',(1.302822926585,0.999973632525));
#702 = CARTESIAN_POINT('',(1.325257572949,1.000015409711));
#703 = CARTESIAN_POINT('',(1.347692151763,0.999963521856));
#704 = CARTESIAN_POINT('',(1.370121198114,0.999869875623));
#705 = CARTESIAN_POINT('',(1.392538933445,0.999770242822));
#706 = CARTESIAN_POINT('',(1.414939737091,0.999691786229));
#707 = CARTESIAN_POINT('',(1.437318011908,0.999651391759));
#708 = CARTESIAN_POINT('',(1.459668213314,0.999656538938));
#709 = CARTESIAN_POINT('',(1.481984834602,0.999705541171));
#710 = CARTESIAN_POINT('',(1.504262403331,0.999788093365));
#711 = CARTESIAN_POINT('',(1.52649547484,0.999885537099));
#712 = CARTESIAN_POINT('',(1.548678624572,0.999972242527));
#713 = CARTESIAN_POINT('',(1.563430507663,0.999999450517));
#714 = CARTESIAN_POINT('',(1.570796326795,1.));
#715 = ( GEOMETRIC_REPRESENTATION_CONTEXT(2) 
PARAMETRIC_REPRESENTATION_CONTEXT() REPRESENTATION_CONTEXT('2D SPACE',''
  ) );
#716 = ORIENTED_EDGE('',*,*,#717,.T.);
#717 = EDGE_CURVE('',#652,#718,#720,.T.);
#718 = VERTEX_POINT('',#719);
#719 = CARTESIAN_POINT('',(30.45,10.163391710505,-20.75040865736));
#720 = SURFACE_CURVE('',#721,(#725,#732),.PCURVE_S1.);
#721 = LINE('',#722,#723);
#722 = CARTESIAN_POINT('',(30.45,-1.,-28.));
#723 = VECTOR('',#724,1.);
#724 = DIRECTION('',(0.,-0.838670567945,-0.544639035015));
#725 = PCURVE('',#632,#726);
#726 = DEFINITIONAL_REPRESENTATION('',(#727),#731);
#727 = LINE('',#728,#729);
#728 = CARTESIAN_POINT('',(0.,61.2));
#729 = VECTOR('',#730,1.);
#730 = DIRECTION('',(-1.,0.));
#731 = ( GEOMETRIC_REPRESENTATION_CONTEXT(2) 
PARAMETRIC_REPRESENTATION_CONTEXT() REPRESENTATION_CONTEXT('2D SPACE',''
  ) );
#732 = PCURVE('',#733,#738);
#733 = CYLINDRICAL_SURFACE('',#734,0.3);
#734 = AXIS2_PLACEMENT_3D('',#735,#736,#737);
#735 = CARTESIAN_POINT('',(30.45,-1.163391710505,-27.74839882961));
#736 = DIRECTION('',(0.,-0.838670567945,-0.544639035015));
#737 = DIRECTION('',(0.,0.544639035015,-0.838670567945));
#738 = DEFINITIONAL_REPRESENTATION('',(#739),#743);
#739 = LINE('',#740,#741);
#740 = CARTESIAN_POINT('',(0.,-3.552713678801E-15));
#741 = VECTOR('',#742,1.);
#742 = DIRECTION('',(0.,1.));
#743 = ( GEOMETRIC_REPRESENTATION_CONTEXT(2) 
PARAMETRIC_REPRESENTATION_CONTEXT() REPRESENTATION_CONTEXT('2D SPACE',''
  ) );
#744 = ORIENTED_EDGE('',*,*,#745,.T.);
#745 = EDGE_CURVE('',#718,#746,#748,.T.);
#746 = VERTEX_POINT('',#747);
#747 = CARTESIAN_POINT('',(19.75,-0.536608289495,-27.69906990457));
#748 = SURFACE_CURVE('',#749,(#754,#762),.PCURVE_S1.);
#749 = ( BOUNDED_CURVE() B_SPLINE_CURVE(3,(#750,#751,#752,#753),
.UNSPECIFIED.,.F.,.F.) B_SPLINE_CURVE_WITH_KNOTS((4,4),(1.570796326795,
3.14159265359),.PIECEWISE_BEZIER_KNOTS.) CURVE() 
GEOMETRIC_REPRESENTATION_ITEM() RATIONAL_B_SPLINE_CURVE((1.,
0.804737854124,0.804737854124,1.)) REPRESENTATION_ITEM('') );
#750 = CARTESIAN_POINT('',(30.45,10.163391710505,-20.75040865736));
#751 = CARTESIAN_POINT('',(30.45,3.895476827897,-24.82084017564));
#752 = CARTESIAN_POINT('',(26.017914882608,-0.536608289496,
    -27.69906990457));
#753 = CARTESIAN_POINT('',(19.75,-0.536608289495,-27.69906990457));
#754 = PCURVE('',#632,#755);
#755 = DEFINITIONAL_REPRESENTATION('',(#756),#761);
#756 = ( BOUNDED_CURVE() B_SPLINE_CURVE(3,(#757,#758,#759,#760),
.UNSPECIFIED.,.F.,.F.) B_SPLINE_CURVE_WITH_KNOTS((4,4),(1.570796326795,
3.14159265359),.PIECEWISE_BEZIER_KNOTS.) CURVE() 
GEOMETRIC_REPRESENTATION_ITEM() RATIONAL_B_SPLINE_CURVE((1.,
0.804737854124,0.804737854124,1.)) REPRESENTATION_ITEM('') );
#757 = CARTESIAN_POINT('',(13.310818499155,61.2));
#758 = CARTESIAN_POINT('',(5.837186870513,61.2));
#759 = CARTESIAN_POINT('',(0.55253126581,56.767914882608));
#760 = CARTESIAN_POINT('',(0.55253126581,50.5));
#761 = ( GEOMETRIC_REPRESENTATION_CONTEXT(2) 
PARAMETRIC_REPRESENTATION_CONTEXT() REPRESENTATION_CONTEXT('2D SPACE',''
  ) );
#762 = PCURVE('',#763,#800);
#763 = ( BOUNDED_SURFACE() B_SPLINE_SURFACE(3,2,(
    (#764,#765,#766)
    ,(#767,#768,#769)
    ,(#770,#771,#772)
    ,(#773,#774,#775)
    ,(#776,#777,#778)
    ,(#779,#780,#781)
    ,(#782,#783,#784)
    ,(#785,#786,#787)
    ,(#788,#789,#790)
    ,(#791,#792,#793)
    ,(#794,#795,#796)
    ,(#797,#798,#799
)),.UNSPECIFIED.,.F.,.F.,.F.) B_SPLINE_SURFACE_WITH_KNOTS((4,2,2,2,2,4),
  (3,3),(1.570796326795,1.963495408494,2.356194490192,2.748893571891,
    2.94524311274,3.14159265359),(0.,1.),.UNSPECIFIED.) 
GEOMETRIC_REPRESENTATION_ITEM() RATIONAL_B_SPLINE_SURFACE((
    (1.,0.707106781187,1.)
    ,(1.,0.681922564929,1.)
    ,(1.,0.655290794364,1.)
    ,(1.,0.602942621724,1.)
    ,(1.,0.577203229113,1.)
    ,(1.,0.531744060024,1.)
    ,(1.,0.512091974018,1.)
    ,(1.,0.491564563887,1.)
    ,(1.,0.486213071424,1.)
    ,(1.,0.479008199917,1.)
    ,(1.,0.477152875023,1.)
,(1.,0.47715876026,1.))) REPRESENTATION_ITEM('') SURFACE() );
#764 = CARTESIAN_POINT('',(30.75,10.,-20.49880748697));
#765 = CARTESIAN_POINT('',(30.75,10.163391710505,-20.75040865736));
#766 = CARTESIAN_POINT('',(30.45,10.163391710505,-20.75040865736));
#767 = CARTESIAN_POINT('',(30.75,8.559843758734,-21.40854911094));
#768 = CARTESIAN_POINT('',(30.772180959007,8.68218635922,-21.71231465958
    ));
#769 = CARTESIAN_POINT('',(30.450000000003,8.762512457635,
    -21.66015028132));
#770 = CARTESIAN_POINT('',(30.463699442761,7.120773270623,
    -22.31760486846));
#771 = CARTESIAN_POINT('',(30.490495758306,7.248090488372,
    -22.64362740747));
#772 = CARTESIAN_POINT('',(30.171507639777,7.362689346475,
    -22.56920603884));
#773 = CARTESIAN_POINT('',(29.361650272487,4.460191217345,
    -23.99828517834));
#774 = CARTESIAN_POINT('',(29.436979137502,4.573988804517,
    -24.38020934594));
#775 = CARTESIAN_POINT('',(29.099514355965,4.774668621921,
    -24.24988634872));
#776 = CARTESIAN_POINT('',(28.546335265156,3.239986079052,
    -24.76908446544));
#777 = CARTESIAN_POINT('',(28.628641489416,3.355706343518,
    -25.17137122677));
#778 = CARTESIAN_POINT('',(28.30643521247,3.587741805582,-25.02068563582
    ));
#779 = CARTESIAN_POINT('',(26.510013920948,1.203664734844,
    -26.05542148465));
#780 = CARTESIAN_POINT('',(26.61071522005,1.268095404231,-26.52708162239
    ));
#781 = CARTESIAN_POINT('',(26.325649904922,1.606956498035,
    -26.30702265504));
#782 = CARTESIAN_POINT('',(25.289808782255,0.388349727347,
    -26.57045310255));
#783 = CARTESIAN_POINT('',(25.393946399479,0.448840188995,
    -27.05911217994));
#784 = CARTESIAN_POINT('',(25.138723088193,0.813877354378,
    -26.82205427293));
#785 = CARTESIAN_POINT('',(23.294372242896,-0.43818715011,
    -27.09257353616));
#786 = CARTESIAN_POINT('',(23.389193468473,-0.407950908423,
    -27.61551882438));
#787 = CARTESIAN_POINT('',(23.197707545363,9.882391761408E-03,
    -27.34417470655));
#788 = CARTESIAN_POINT('',(22.602108252589,-0.648183135746,
    -27.22522726048));
#789 = CARTESIAN_POINT('',(22.684048779423,-0.627351556543,
    -27.75799927122));
#790 = CARTESIAN_POINT('',(22.524323482064,-0.19438643063,
    -27.47682843086));
#791 = CARTESIAN_POINT('',(21.189878831766,-0.929093033125,
    -27.40267705301));
#792 = CARTESIAN_POINT('',(21.231323331601,-0.925449980368,
    -27.95158665117));
#793 = CARTESIAN_POINT('',(21.150609409082,-0.46763514899,-27.6542782234
    ));
#794 = CARTESIAN_POINT('',(20.469956482635,-1.,-27.44746873419));
#795 = CARTESIAN_POINT('',(20.493478509614,-1.000000000007,
    -28.00000000001));
#796 = CARTESIAN_POINT('',(20.450321305836,-0.536608289494,
    -27.69906990457));
#797 = CARTESIAN_POINT('',(19.75,-1.,-27.44746873419));
#798 = CARTESIAN_POINT('',(19.75,-1.,-28.));
#799 = CARTESIAN_POINT('',(19.75,-0.536608289495,-27.69906990457));
#800 = DEFINITIONAL_REPRESENTATION('',(#801),#827);
#801 = B_SPLINE_CURVE_WITH_KNOTS('',3,(#802,#803,#804,#805,#806,#807,
    #808,#809,#810,#811,#812,#813,#814,#815,#816,#817,#818,#819,#820,
    #821,#822,#823,#824,#825,#826),.UNSPECIFIED.,.F.,.F.,(4,1,1,1,1,1,1,
    1,1,1,1,1,1,1,1,1,1,1,1,1,1,1,4),(1.570796326795,1.642196159831,
    1.713595992867,1.784995825903,1.856395658939,1.927795491976,
    1.999195325012,2.070595158048,2.141994991084,2.21339482412,
    2.284794657156,2.356194490192,2.427594323228,2.498994156265,
    2.570393989301,2.641793822337,2.713193655373,2.784593488409,
    2.855993321445,2.927393154481,2.998792987518,3.070192820554,
    3.14159265359),.QUASI_UNIFORM_KNOTS.);
#802 = CARTESIAN_POINT('',(1.570796326795,1.));
#803 = CARTESIAN_POINT('',(1.592218848558,0.999968978951));
#804 = CARTESIAN_POINT('',(1.635643713024,0.999594988939));
#805 = CARTESIAN_POINT('',(1.702422535135,0.998745668711));
#806 = CARTESIAN_POINT('',(1.77075059713,0.998430312483));
#807 = CARTESIAN_POINT('',(1.840515831886,0.998859452082));
#808 = CARTESIAN_POINT('',(1.911592460868,0.999802401832));
#809 = CARTESIAN_POINT('',(1.983826836929,1.000165124617));
#810 = CARTESIAN_POINT('',(2.057067422238,0.999200774272));
#811 = CARTESIAN_POINT('',(2.13112098554,0.998495199256));
#812 = CARTESIAN_POINT('',(2.205791854986,0.998597152709));
#813 = CARTESIAN_POINT('',(2.280884237464,0.999463158536));
#814 = CARTESIAN_POINT('',(2.356192463548,1.000268694006));
#815 = CARTESIAN_POINT('',(2.431512849497,0.999462065439));
#816 = CARTESIAN_POINT('',(2.506618042824,0.998587134419));
#817 = CARTESIAN_POINT('',(2.581289140259,0.998474719342));
#818 = CARTESIAN_POINT('',(2.65533103261,0.999196158989));
#819 = CARTESIAN_POINT('',(2.728560719476,1.000138015917));
#820 = CARTESIAN_POINT('',(2.800796478291,0.999910365829));
#821 = CARTESIAN_POINT('',(2.871869363495,0.999886963535));
#822 = CARTESIAN_POINT('',(2.941633285414,1.000052753525));
#823 = CARTESIAN_POINT('',(3.009961192414,0.9998987289));
#824 = CARTESIAN_POINT('',(3.076738818365,0.999919674903));
#825 = CARTESIAN_POINT('',(3.120166839573,0.999963011801));
#826 = CARTESIAN_POINT('',(3.14159265359,1.));
#827 = ( GEOMETRIC_REPRESENTATION_CONTEXT(2) 
PARAMETRIC_REPRESENTATION_CONTEXT() REPRESENTATION_CONTEXT('2D SPACE',''
  ) );
#828 = ORIENTED_EDGE('',*,*,#829,.T.);
#829 = EDGE_CURVE('',#746,#830,#832,.T.);
#830 = VERTEX_POINT('',#831);
#831 = CARTESIAN_POINT('',(-19.75,-0.536608289495,-27.69906990457));
#832 = SURFACE_CURVE('',#833,(#837,#844),.PCURVE_S1.);
#833 = LINE('',#834,#835);
#834 = CARTESIAN_POINT('',(-30.75,-0.536608289495,-27.69906990457));
#835 = VECTOR('',#836,1.);
#836 = DIRECTION('',(-1.,0.,0.));
#837 = PCURVE('',#632,#838);
#838 = DEFINITIONAL_REPRESENTATION('',(#839),#843);
#839 = LINE('',#840,#841);
#840 = CARTESIAN_POINT('',(0.55253126581,0.));
#841 = VECTOR('',#842,1.);
#842 = DIRECTION('',(0.,-1.));
#843 = ( GEOMETRIC_REPRESENTATION_CONTEXT(2) 
PARAMETRIC_REPRESENTATION_CONTEXT() REPRESENTATION_CONTEXT('2D SPACE',''
  ) );
#844 = PCURVE('',#845,#850);
#845 = CYLINDRICAL_SURFACE('',#846,0.3);
#846 = AXIS2_PLACEMENT_3D('',#847,#848,#849);
#847 = CARTESIAN_POINT('',(-30.75,-0.7,-27.44746873419));
#848 = DIRECTION('',(-1.,0.,0.));
#849 = DIRECTION('',(0.,0.,1.));
#850 = DEFINITIONAL_REPRESENTATION('',(#851),#855);
#851 = LINE('',#852,#853);
#852 = CARTESIAN_POINT('',(2.565634000432,0.));
#853 = VECTOR('',#854,1.);
#854 = DIRECTION('',(0.,1.));
#855 = ( GEOMETRIC_REPRESENTATION_CONTEXT(2) 
PARAMETRIC_REPRESENTATION_CONTEXT() REPRESENTATION_CONTEXT('2D SPACE',''
  ) );
#856 = ORIENTED_EDGE('',*,*,#857,.T.);
#857 = EDGE_CURVE('',#830,#858,#860,.T.);
#858 = VERTEX_POINT('',#859);
#859 = CARTESIAN_POINT('',(-30.45,10.163391710505,-20.75040865736));
#860 = SURFACE_CURVE('',#861,(#866,#874),.PCURVE_S1.);
#861 = ( BOUNDED_CURVE() B_SPLINE_CURVE(3,(#862,#863,#864,#865),
.UNSPECIFIED.,.F.,.F.) B_SPLINE_CURVE_WITH_KNOTS((4,4),(3.14159265359,
4.712388980385),.PIECEWISE_BEZIER_KNOTS.) CURVE() 
GEOMETRIC_REPRESENTATION_ITEM() RATIONAL_B_SPLINE_CURVE((1.,
0.804737854124,0.804737854124,1.)) REPRESENTATION_ITEM('') );
#862 = CARTESIAN_POINT('',(-19.75,-0.536608289495,-27.69906990457));
#863 = CARTESIAN_POINT('',(-26.0179148826,-0.536608289496,
    -27.69906990457));
#864 = CARTESIAN_POINT('',(-30.45,3.895476827897,-24.82084017564));
#865 = CARTESIAN_POINT('',(-30.45,10.163391710505,-20.75040865736));
#866 = PCURVE('',#632,#867);
#867 = DEFINITIONAL_REPRESENTATION('',(#868),#873);
#868 = ( BOUNDED_CURVE() B_SPLINE_CURVE(3,(#869,#870,#871,#872),
.UNSPECIFIED.,.F.,.F.) B_SPLINE_CURVE_WITH_KNOTS((4,4),(3.14159265359,
4.712388980385),.PIECEWISE_BEZIER_KNOTS.) CURVE() 
GEOMETRIC_REPRESENTATION_ITEM() RATIONAL_B_SPLINE_CURVE((1.,
0.804737854124,0.804737854124,1.)) REPRESENTATION_ITEM('') );
#869 = CARTESIAN_POINT('',(0.55253126581,11.));
#870 = CARTESIAN_POINT('',(0.55253126581,4.732085117392));
#871 = CARTESIAN_POINT('',(5.837186870513,0.3));
#872 = CARTESIAN_POINT('',(13.310818499155,0.3));
#873 = ( GEOMETRIC_REPRESENTATION_CONTEXT(2) 
PARAMETRIC_REPRESENTATION_CONTEXT() REPRESENTATION_CONTEXT('2D SPACE',''
  ) );
#874 = PCURVE('',#875,#912);
#875 = ( BOUNDED_SURFACE() B_SPLINE_SURFACE(3,2,(
    (#876,#877,#878)
    ,(#879,#880,#881)
    ,(#882,#883,#884)
    ,(#885,#886,#887)
    ,(#888,#889,#890)
    ,(#891,#892,#893)
    ,(#894,#895,#896)
    ,(#897,#898,#899)
    ,(#900,#901,#902)
    ,(#903,#904,#905)
    ,(#906,#907,#908)
    ,(#909,#910,#911
)),.UNSPECIFIED.,.F.,.F.,.F.) B_SPLINE_SURFACE_WITH_KNOTS((4,2,2,2,2,4),
  (3,3),(3.14159265359,3.337942194439,3.534291735289,3.926990816987,
    4.319689898686,4.712388980385),(0.,1.),.UNSPECIFIED.) 
GEOMETRIC_REPRESENTATION_ITEM() RATIONAL_B_SPLINE_SURFACE((
    (1.,0.47715876026,1.)
    ,(1.,0.477152875018,1.)
    ,(1.,0.479008199923,1.)
    ,(1.,0.486213071418,1.)
    ,(1.,0.49156456388,1.)
    ,(1.,0.512091974032,1.)
    ,(1.,0.531744060032,1.)
    ,(1.,0.577203229105,1.)
    ,(1.,0.602942621721,1.)
    ,(1.,0.655290794368,1.)
    ,(1.,0.681922564926,1.)
,(1.,0.707106781187,1.))) REPRESENTATION_ITEM('') SURFACE() );
#876 = CARTESIAN_POINT('',(-19.75,-1.,-27.44746873419));
#877 = CARTESIAN_POINT('',(-19.75,-1.,-28.));
#878 = CARTESIAN_POINT('',(-19.75,-0.536608289495,-27.69906990457));
#879 = CARTESIAN_POINT('',(-20.46995648263,-1.,-27.44746873419));
#880 = CARTESIAN_POINT('',(-20.49347850962,-0.999999999992,
    -27.99999999998));
#881 = CARTESIAN_POINT('',(-20.45032130583,-0.536608289496,
    -27.69906990457));
#882 = CARTESIAN_POINT('',(-21.18987883176,-0.929093033125,
    -27.40267705301));
#883 = CARTESIAN_POINT('',(-21.23132333161,-0.925449980362,
    -27.95158665117));
#884 = CARTESIAN_POINT('',(-21.15060940908,-0.46763514899,-27.6542782234
    ));
#885 = CARTESIAN_POINT('',(-22.60210825258,-0.648183135746,
    -27.22522726048));
#886 = CARTESIAN_POINT('',(-22.68404877943,-0.627351556547,
    -27.75799927123));
#887 = CARTESIAN_POINT('',(-22.52432348206,-0.19438643063,
    -27.47682843086));
#888 = CARTESIAN_POINT('',(-23.29437224289,-0.43818715011,
    -27.09257353617));
#889 = CARTESIAN_POINT('',(-23.38919346846,-0.407950908431,
    -27.61551882439));
#890 = CARTESIAN_POINT('',(-23.19770754536,9.882391760821E-03,
    -27.34417470655));
#891 = CARTESIAN_POINT('',(-25.28980878225,0.388349727348,
    -26.57045310255));
#892 = CARTESIAN_POINT('',(-25.39394639944,0.448840188989,
    -27.05911217993));
#893 = CARTESIAN_POINT('',(-25.13872308819,0.81387735438,-26.82205427293
    ));
#894 = CARTESIAN_POINT('',(-26.51001392094,1.203664734844,
    -26.05542148465));
#895 = CARTESIAN_POINT('',(-26.61071522006,1.268095404252,
    -26.52708162237));
#896 = CARTESIAN_POINT('',(-26.32564990492,1.606956498036,
    -26.30702265504));
#897 = CARTESIAN_POINT('',(-28.54633526515,3.239986079052,
    -24.76908446544));
#898 = CARTESIAN_POINT('',(-28.62864148943,3.35570634353,-25.17137122677
    ));
#899 = CARTESIAN_POINT('',(-28.30643521247,3.587741805581,
    -25.02068563582));
#900 = CARTESIAN_POINT('',(-29.36165027248,4.460191217346,
    -23.99828517834));
#901 = CARTESIAN_POINT('',(-29.4369791375,4.573988804513,-24.38020934595
    ));
#902 = CARTESIAN_POINT('',(-29.09951435596,4.774668621921,
    -24.24988634872));
#903 = CARTESIAN_POINT('',(-30.46369944276,7.120773270622,
    -22.31760486846));
#904 = CARTESIAN_POINT('',(-30.49049575829,7.248090488362,
    -22.64362740747));
#905 = CARTESIAN_POINT('',(-30.17150763977,7.362689346475,
    -22.56920603884));
#906 = CARTESIAN_POINT('',(-30.75,8.559843758731,-21.40854911094));
#907 = CARTESIAN_POINT('',(-30.772180959,8.682186359212,-21.71231465957)
  );
#908 = CARTESIAN_POINT('',(-30.44999999999,8.762512457635,
    -21.66015028132));
#909 = CARTESIAN_POINT('',(-30.75,10.,-20.49880748697));
#910 = CARTESIAN_POINT('',(-30.75,10.163391710505,-20.75040865736));
#911 = CARTESIAN_POINT('',(-30.45,10.163391710505,-20.75040865736));
#912 = DEFINITIONAL_REPRESENTATION('',(#913),#939);
#913 = B_SPLINE_CURVE_WITH_KNOTS('',3,(#914,#915,#916,#917,#918,#919,
    #920,#921,#922,#923,#924,#925,#926,#927,#928,#929,#930,#931,#932,
    #933,#934,#935,#936,#937,#938),.UNSPECIFIED.,.F.,.F.,(4,1,1,1,1,1,1,
    1,1,1,1,1,1,1,1,1,1,1,1,1,1,1,4),(3.14159265359,3.212992486626,
    3.284392319662,3.355792152698,3.427191985734,3.49859181877,
    3.569991651807,3.641391484843,3.712791317879,3.784191150915,
    3.855590983951,3.926990816987,3.998390650023,4.06979048306,
    4.141190316096,4.212590149132,4.283989982168,4.355389815204,
    4.42678964824,4.498189481276,4.569589314312,4.640989147349,
    4.712388980385),.QUASI_UNIFORM_KNOTS.);
#914 = CARTESIAN_POINT('',(3.14159265359,1.));
#915 = CARTESIAN_POINT('',(3.163018467607,0.999963011802));
#916 = CARTESIAN_POINT('',(3.206446488815,0.999919674905));
#917 = CARTESIAN_POINT('',(3.273224114765,0.999898728901));
#918 = CARTESIAN_POINT('',(3.341552021766,1.000052753524));
#919 = CARTESIAN_POINT('',(3.411315943685,0.999886963535));
#920 = CARTESIAN_POINT('',(3.482388828888,0.999910365829));
#921 = CARTESIAN_POINT('',(3.554624587703,1.000138015916));
#922 = CARTESIAN_POINT('',(3.627854274569,0.999196158989));
#923 = CARTESIAN_POINT('',(3.70189616692,0.998474719342));
#924 = CARTESIAN_POINT('',(3.776567264356,0.998587134419));
#925 = CARTESIAN_POINT('',(3.851672457683,0.999462065439));
#926 = CARTESIAN_POINT('',(3.926992843631,1.000268694006));
#927 = CARTESIAN_POINT('',(4.002301069715,0.999463158536));
#928 = CARTESIAN_POINT('',(4.077393452194,0.99859715271));
#929 = CARTESIAN_POINT('',(4.15206432164,0.998495199258));
#930 = CARTESIAN_POINT('',(4.226117884941,0.999200774273));
#931 = CARTESIAN_POINT('',(4.29935847025,1.000165124618));
#932 = CARTESIAN_POINT('',(4.371592846312,0.99980240183));
#933 = CARTESIAN_POINT('',(4.442669475294,0.998859452077));
#934 = CARTESIAN_POINT('',(4.51243471005,0.998430312475));
#935 = CARTESIAN_POINT('',(4.580762772044,0.9987456687));
#936 = CARTESIAN_POINT('',(4.647541594155,0.999594988931));
#937 = CARTESIAN_POINT('',(4.690966458622,0.999968978947));
#938 = CARTESIAN_POINT('',(4.712388980385,1.));
#939 = ( GEOMETRIC_REPRESENTATION_CONTEXT(2) 
PARAMETRIC_REPRESENTATION_CONTEXT() REPRESENTATION_CONTEXT('2D SPACE',''
  ) );
#940 = ORIENTED_EDGE('',*,*,#941,.T.);
#941 = EDGE_CURVE('',#858,#942,#944,.T.);
#942 = VERTEX_POINT('',#943);
#943 = CARTESIAN_POINT('',(-30.45,19.718540623986,-14.54522239881));
#944 = SURFACE_CURVE('',#945,(#949,#956),.PCURVE_S1.);
#945 = LINE('',#946,#947);
#946 = CARTESIAN_POINT('',(-30.45,-1.,-28.));
#947 = VECTOR('',#948,1.);
#948 = DIRECTION('',(-0.,0.838670567945,0.544639035015));
#949 = PCURVE('',#632,#950);
#950 = DEFINITIONAL_REPRESENTATION('',(#951),#955);
#951 = LINE('',#952,#953);
#952 = CARTESIAN_POINT('',(5.586668247651E-16,0.3));
#953 = VECTOR('',#954,1.);
#954 = DIRECTION('',(1.,0.));
#955 = ( GEOMETRIC_REPRESENTATION_CONTEXT(2) 
PARAMETRIC_REPRESENTATION_CONTEXT() REPRESENTATION_CONTEXT('2D SPACE',''
  ) );
#956 = PCURVE('',#957,#962);
#957 = CYLINDRICAL_SURFACE('',#958,0.3);
#958 = AXIS2_PLACEMENT_3D('',#959,#960,#961);
#959 = CARTESIAN_POINT('',(-30.45,-1.163391710505,-27.74839882961));
#960 = DIRECTION('',(0.,-0.838670567945,-0.544639035015));
#961 = DIRECTION('',(0.,0.544639035015,-0.838670567945));
#962 = DEFINITIONAL_REPRESENTATION('',(#963),#967);
#963 = LINE('',#964,#965);
#964 = CARTESIAN_POINT('',(6.28318530718,0.));
#965 = VECTOR('',#966,1.);
#966 = DIRECTION('',(0.,-1.));
#967 = ( GEOMETRIC_REPRESENTATION_CONTEXT(2) 
PARAMETRIC_REPRESENTATION_CONTEXT() REPRESENTATION_CONTEXT('2D SPACE',''
  ) );
#968 = ORIENTED_EDGE('',*,*,#969,.T.);
#969 = EDGE_CURVE('',#942,#622,#970,.T.);
#970 = SURFACE_CURVE('',#971,(#976,#984),.PCURVE_S1.);
#971 = ( BOUNDED_CURVE() B_SPLINE_CURVE(3,(#972,#973,#974,#975),
.UNSPECIFIED.,.F.,.F.) B_SPLINE_CURVE_WITH_KNOTS((4,4),(4.712388980385,
5.203466511374),.PIECEWISE_BEZIER_KNOTS.) CURVE() 
GEOMETRIC_REPRESENTATION_ITEM() RATIONAL_B_SPLINE_CURVE((1.,
0.980004335467,0.980004335467,1.)) REPRESENTATION_ITEM('') );
#972 = CARTESIAN_POINT('',(-30.45,19.718540623986,-14.54522239881));
#973 = CARTESIAN_POINT('',(-30.45,22.149319531112,-12.96665611914));
#974 = CARTESIAN_POINT('',(-29.85912877649,24.507190878866,
    -11.43543656212));
#975 = CARTESIAN_POINT('',(-28.71283091779,26.650713053804,
    -10.04341698553));
#976 = PCURVE('',#632,#977);
#977 = DEFINITIONAL_REPRESENTATION('',(#978),#983);
#978 = ( BOUNDED_CURVE() B_SPLINE_CURVE(3,(#979,#980,#981,#982),
.UNSPECIFIED.,.F.,.F.) B_SPLINE_CURVE_WITH_KNOTS((4,4),(4.712388980385,
5.203466511374),.PIECEWISE_BEZIER_KNOTS.) CURVE() 
GEOMETRIC_REPRESENTATION_ITEM() RATIONAL_B_SPLINE_CURVE((1.,
0.980004335467,0.980004335467,1.)) REPRESENTATION_ITEM('') );
#979 = CARTESIAN_POINT('',(24.704027321172,0.3));
#980 = CARTESIAN_POINT('',(27.602398863028,0.3));
#981 = CARTESIAN_POINT('',(30.413838107319,0.890871223503));
#982 = CARTESIAN_POINT('',(32.969695266096,2.037169082208));
#983 = ( GEOMETRIC_REPRESENTATION_CONTEXT(2) 
PARAMETRIC_REPRESENTATION_CONTEXT() REPRESENTATION_CONTEXT('2D SPACE',''
  ) );
#984 = PCURVE('',#985,#1004);
#985 = ( BOUNDED_SURFACE() B_SPLINE_SURFACE(3,2,(
    (#986,#987,#988)
    ,(#989,#990,#991)
    ,(#992,#993,#994)
    ,(#995,#996,#997)
    ,(#998,#999,#1000)
    ,(#1001,#1002,#1003
)),.UNSPECIFIED.,.F.,.F.,.F.) B_SPLINE_SURFACE_WITH_KNOTS((4,2,4),(3,3),
  (4.712388980385,4.959400978472,5.20641297656),(0.,1.),.UNSPECIFIED.) 
GEOMETRIC_REPRESENTATION_ITEM() RATIONAL_B_SPLINE_SURFACE((
    (1.,0.707106781187,1.)
    ,(1.,0.722964234642,1.)
    ,(1.,0.738275903317,1.)
    ,(1.,0.767159889642,1.)
    ,(1.,0.780732735066,1.)
,(1.,0.793174915206,1.))) REPRESENTATION_ITEM('') SURFACE() );
#986 = CARTESIAN_POINT('',(-30.75,19.555148913482,-14.29362122842));
#987 = CARTESIAN_POINT('',(-30.75,19.718540623986,-14.54522239881));
#988 = CARTESIAN_POINT('',(-30.45,19.718540623986,-14.54522239881));
#989 = CARTESIAN_POINT('',(-30.75,20.790243949416,-13.50758273567));
#990 = CARTESIAN_POINT('',(-30.73684150302,20.919375633395,
    -13.76539102554));
#991 = CARTESIAN_POINT('',(-30.45,20.928933759201,-13.75918390605));
#992 = CARTESIAN_POINT('',(-30.59669181771,22.025192485595,
    -12.72163747819));
#993 = CARTESIAN_POINT('',(-30.57773332156,22.148379278776,
    -12.96726672614));
#994 = CARTESIAN_POINT('',(-30.29975798135,22.139183324656,
    -12.97323864857));
#995 = CARTESIAN_POINT('',(-29.99272834679,24.420337750287,
    -11.19732046692));
#996 = CARTESIAN_POINT('',(-29.95525891842,24.522735195591,
    -11.42534196481));
#997 = CARTESIAN_POINT('',(-29.70787377985,24.486425684057,
    -11.4489216373));
#998 = CARTESIAN_POINT('',(-29.54210941646,25.58035312425,
    -10.45906413069));
#999 = CARTESIAN_POINT('',(-29.50148018028,25.675961476183,
    -10.67642806152));
#1000 = CARTESIAN_POINT('',(-29.26626669143,25.623241747072,
    -10.71066465391));
#1001 = CARTESIAN_POINT('',(-28.95647885023,26.667737498393,
    -9.767031574784));
#1002 = CARTESIAN_POINT('',(-28.90226699218,26.768396737742,
    -9.966992307589));
#1003 = CARTESIAN_POINT('',(-28.69234927323,26.688877437199,
    -10.01863274516));
#1004 = DEFINITIONAL_REPRESENTATION('',(#1005),#1031);
#1005 = B_SPLINE_CURVE_WITH_KNOTS('',3,(#1006,#1007,#1008,#1009,#1010,
    #1011,#1012,#1013,#1014,#1015,#1016,#1017,#1018,#1019,#1020,#1021,
    #1022,#1023,#1024,#1025,#1026,#1027,#1028,#1029,#1030),
  .UNSPECIFIED.,.F.,.F.,(4,1,1,1,1,1,1,1,1,1,1,1,1,1,1,1,1,1,1,1,1,1,4),
  (4.712388980385,4.734710686339,4.757032392293,4.779354098247,
    4.801675804201,4.823997510155,4.846319216109,4.868640922063,
    4.890962628017,4.913284333971,4.935606039925,4.957927745879,
    4.980249451834,5.002571157788,5.024892863742,5.047214569696,
    5.06953627565,5.091857981604,5.114179687558,5.136501393512,
    5.158823099466,5.18114480542,5.203466511374),.QUASI_UNIFORM_KNOTS.);
#1006 = CARTESIAN_POINT('',(4.712388980385,1.));
#1007 = CARTESIAN_POINT('',(4.719754799517,0.999999450517));
#1008 = CARTESIAN_POINT('',(4.734506682608,0.999972242527));
#1009 = CARTESIAN_POINT('',(4.756689832339,0.999885537099));
#1010 = CARTESIAN_POINT('',(4.778922903849,0.999788093365));
#1011 = CARTESIAN_POINT('',(4.801200472577,0.999705541171));
#1012 = CARTESIAN_POINT('',(4.823517093866,0.999656538938));
#1013 = CARTESIAN_POINT('',(4.845867295272,0.999651391759));
#1014 = CARTESIAN_POINT('',(4.868245570088,0.999691786229));
#1015 = CARTESIAN_POINT('',(4.890646373735,0.999770242822));
#1016 = CARTESIAN_POINT('',(4.913064109066,0.999869875623));
#1017 = CARTESIAN_POINT('',(4.935493155417,0.999963521856));
#1018 = CARTESIAN_POINT('',(4.957927734231,1.000015409711));
#1019 = CARTESIAN_POINT('',(4.980362380595,0.999973632525));
#1020 = CARTESIAN_POINT('',(5.002791636942,0.999878359982));
#1021 = CARTESIAN_POINT('',(5.025209559083,0.999769343629));
#1022 = CARTESIAN_POINT('',(5.04761045666,0.999676069743));
#1023 = CARTESIAN_POINT('',(5.069988689693,0.999619704822));
#1024 = CARTESIAN_POINT('',(5.092338714118,0.999611955464));
#1025 = CARTESIAN_POINT('',(5.114655059919,0.999654805797));
#1026 = CARTESIAN_POINT('',(5.136932326803,0.999740231164));
#1027 = CARTESIAN_POINT('',(5.159165176813,0.999849597993));
#1028 = CARTESIAN_POINT('',(5.181348322119,0.999954835198));
#1029 = CARTESIAN_POINT('',(5.196100463549,0.99999382046));
#1030 = CARTESIAN_POINT('',(5.2034665045,0.99999910819));
#1031 = ( GEOMETRIC_REPRESENTATION_CONTEXT(2) 
PARAMETRIC_REPRESENTATION_CONTEXT() REPRESENTATION_CONTEXT('2D SPACE',''
  ) );
#1032 = ADVANCED_FACE('',(#1033),#204,.F.);
#1033 = FACE_BOUND('',#1034,.T.);
#1034 = EDGE_LOOP('',(#1035,#1058,#1059,#1082));
#1035 = ORIENTED_EDGE('',*,*,#1036,.T.);
#1036 = EDGE_CURVE('',#1037,#189,#1039,.T.);
#1037 = VERTEX_POINT('',#1038);
#1038 = CARTESIAN_POINT('',(-30.75,10.,-20.49880748697));
#1039 = SURFACE_CURVE('',#1040,(#1044,#1051),.PCURVE_S1.);
#1040 = LINE('',#1041,#1042);
#1041 = CARTESIAN_POINT('',(-30.75,10.,-30.));
#1042 = VECTOR('',#1043,1.);
#1043 = DIRECTION('',(0.,0.,1.));
#1044 = PCURVE('',#204,#1045);
#1045 = DEFINITIONAL_REPRESENTATION('',(#1046),#1050);
#1046 = LINE('',#1047,#1048);
#1047 = CARTESIAN_POINT('',(0.,0.));
#1048 = VECTOR('',#1049,1.);
#1049 = DIRECTION('',(-1.,0.));
#1050 = ( GEOMETRIC_REPRESENTATION_CONTEXT(2) 
PARAMETRIC_REPRESENTATION_CONTEXT() REPRESENTATION_CONTEXT('2D SPACE',''
  ) );
#1051 = PCURVE('',#234,#1052);
#1052 = DEFINITIONAL_REPRESENTATION('',(#1053),#1057);
#1053 = LINE('',#1054,#1055);
#1054 = CARTESIAN_POINT('',(3.14159265359,0.));
#1055 = VECTOR('',#1056,1.);
#1056 = DIRECTION('',(0.,1.));
#1057 = ( GEOMETRIC_REPRESENTATION_CONTEXT(2) 
PARAMETRIC_REPRESENTATION_CONTEXT() REPRESENTATION_CONTEXT('2D SPACE',''
  ) );
#1058 = ORIENTED_EDGE('',*,*,#188,.T.);
#1059 = ORIENTED_EDGE('',*,*,#1060,.F.);
#1060 = EDGE_CURVE('',#1061,#137,#1063,.T.);
#1061 = VERTEX_POINT('',#1062);
#1062 = CARTESIAN_POINT('',(-30.75,19.555148913482,-14.29362122842));
#1063 = SURFACE_CURVE('',#1064,(#1068,#1075),.PCURVE_S1.);
#1064 = LINE('',#1065,#1066);
#1065 = CARTESIAN_POINT('',(-30.75,19.555148913482,-30.));
#1066 = VECTOR('',#1067,1.);
#1067 = DIRECTION('',(0.,0.,1.));
#1068 = PCURVE('',#204,#1069);
#1069 = DEFINITIONAL_REPRESENTATION('',(#1070),#1074);
#1070 = LINE('',#1071,#1072);
#1071 = CARTESIAN_POINT('',(0.,9.555148913482));
#1072 = VECTOR('',#1073,1.);
#1073 = DIRECTION('',(-1.,0.));
#1074 = ( GEOMETRIC_REPRESENTATION_CONTEXT(2) 
PARAMETRIC_REPRESENTATION_CONTEXT() REPRESENTATION_CONTEXT('2D SPACE',''
  ) );
#1075 = PCURVE('',#154,#1076);
#1076 = DEFINITIONAL_REPRESENTATION('',(#1077),#1081);
#1077 = LINE('',#1078,#1079);
#1078 = CARTESIAN_POINT('',(3.14159265359,0.));
#1079 = VECTOR('',#1080,1.);
#1080 = DIRECTION('',(0.,1.));
#1081 = ( GEOMETRIC_REPRESENTATION_CONTEXT(2) 
PARAMETRIC_REPRESENTATION_CONTEXT() REPRESENTATION_CONTEXT('2D SPACE',''
  ) );
#1082 = ORIENTED_EDGE('',*,*,#1083,.T.);
#1083 = EDGE_CURVE('',#1061,#1037,#1084,.T.);
#1084 = SURFACE_CURVE('',#1085,(#1089,#1096),.PCURVE_S1.);
#1085 = LINE('',#1086,#1087);
#1086 = CARTESIAN_POINT('',(-30.75,-1.163391710505,-27.74839882961));
#1087 = VECTOR('',#1088,1.);
#1088 = DIRECTION('',(0.,-0.838670567945,-0.544639035015));
#1089 = PCURVE('',#204,#1090);
#1090 = DEFINITIONAL_REPRESENTATION('',(#1091),#1095);
#1091 = LINE('',#1092,#1093);
#1092 = CARTESIAN_POINT('',(-2.251601170384,-11.1633917105));
#1093 = VECTOR('',#1094,1.);
#1094 = DIRECTION('',(0.544639035015,-0.838670567945));
#1095 = ( GEOMETRIC_REPRESENTATION_CONTEXT(2) 
PARAMETRIC_REPRESENTATION_CONTEXT() REPRESENTATION_CONTEXT('2D SPACE',''
  ) );
#1096 = PCURVE('',#957,#1097);
#1097 = DEFINITIONAL_REPRESENTATION('',(#1098),#1102);
#1098 = LINE('',#1099,#1100);
#1099 = CARTESIAN_POINT('',(4.712388980385,-3.552713678801E-15));
#1100 = VECTOR('',#1101,1.);
#1101 = DIRECTION('',(0.,1.));
#1102 = ( GEOMETRIC_REPRESENTATION_CONTEXT(2) 
PARAMETRIC_REPRESENTATION_CONTEXT() REPRESENTATION_CONTEXT('2D SPACE',''
  ) );
#1103 = ADVANCED_FACE('',(#1104),#234,.T.);
#1104 = FACE_BOUND('',#1105,.T.);
#1105 = EDGE_LOOP('',(#1106,#1131,#1183,#1204,#1205,#1206));
#1106 = ORIENTED_EDGE('',*,*,#1107,.T.);
#1107 = EDGE_CURVE('',#1108,#1110,#1112,.T.);
#1108 = VERTEX_POINT('',#1109);
#1109 = CARTESIAN_POINT('',(-19.75,-1.,-27.44746873419));
#1110 = VERTEX_POINT('',#1111);
#1111 = CARTESIAN_POINT('',(-19.75,-1.,-19.44999999988));
#1112 = SURFACE_CURVE('',#1113,(#1117,#1124),.PCURVE_S1.);
#1113 = LINE('',#1114,#1115);
#1114 = CARTESIAN_POINT('',(-19.75,-1.,-30.));
#1115 = VECTOR('',#1116,1.);
#1116 = DIRECTION('',(0.,0.,1.));
#1117 = PCURVE('',#234,#1118);
#1118 = DEFINITIONAL_REPRESENTATION('',(#1119),#1123);
#1119 = LINE('',#1120,#1121);
#1120 = CARTESIAN_POINT('',(4.712388980385,0.));
#1121 = VECTOR('',#1122,1.);
#1122 = DIRECTION('',(0.,1.));
#1123 = ( GEOMETRIC_REPRESENTATION_CONTEXT(2) 
PARAMETRIC_REPRESENTATION_CONTEXT() REPRESENTATION_CONTEXT('2D SPACE',''
  ) );
#1124 = PCURVE('',#420,#1125);
#1125 = DEFINITIONAL_REPRESENTATION('',(#1126),#1130);
#1126 = LINE('',#1127,#1128);
#1127 = CARTESIAN_POINT('',(23.7,20.25));
#1128 = VECTOR('',#1129,1.);
#1129 = DIRECTION('',(-1.,0.));
#1130 = ( GEOMETRIC_REPRESENTATION_CONTEXT(2) 
PARAMETRIC_REPRESENTATION_CONTEXT() REPRESENTATION_CONTEXT('2D SPACE',''
  ) );
#1131 = ORIENTED_EDGE('',*,*,#1132,.T.);
#1132 = EDGE_CURVE('',#1110,#1133,#1135,.T.);
#1133 = VERTEX_POINT('',#1134);
#1134 = CARTESIAN_POINT('',(-27.45714249609,2.151436147671,
    -17.40343343622));
#1135 = SURFACE_CURVE('',#1136,(#1141,#1170),.PCURVE_S1.);
#1136 = ( BOUNDED_CURVE() B_SPLINE_CURVE(3,(#1137,#1138,#1139,#1140),
.UNSPECIFIED.,.F.,.F.) B_SPLINE_CURVE_WITH_KNOTS((4,4),(0.,1.),
.PIECEWISE_BEZIER_KNOTS.) CURVE() GEOMETRIC_REPRESENTATION_ITEM() 
RATIONAL_B_SPLINE_CURVE((1.,0.950406317449,0.950406317449,1.)) 
REPRESENTATION_ITEM('') );
#1137 = CARTESIAN_POINT('',(-19.75,-1.,-19.44999999988));
#1138 = CARTESIAN_POINT('',(-22.67035082808,-1.,-19.44999999988));
#1139 = CARTESIAN_POINT('',(-25.37345522831,0.105294332106,
    -18.73221346789));
#1140 = CARTESIAN_POINT('',(-27.45714249609,2.151436147671,
    -17.40343343622));
#1141 = PCURVE('',#234,#1142);
#1142 = DEFINITIONAL_REPRESENTATION('',(#1143),#1169);
#1143 = B_SPLINE_CURVE_WITH_KNOTS('',3,(#1144,#1145,#1146,#1147,#1148,
    #1149,#1150,#1151,#1152,#1153,#1154,#1155,#1156,#1157,#1158,#1159,
    #1160,#1161,#1162,#1163,#1164,#1165,#1166,#1167,#1168),
  .UNSPECIFIED.,.F.,.F.,(4,1,1,1,1,1,1,1,1,1,1,1,1,1,1,1,1,1,1,1,1,1,4),
  (0.,4.545454545455E-02,9.090909090909E-02,0.136363636364,
    0.181818181818,0.227272727273,0.272727272727,0.318181818182,
    0.363636363636,0.409090909091,0.454545454545,0.5,0.545454545455,
    0.590909090909,0.636363636364,0.681818181818,0.727272727273,
    0.772727272727,0.818181818182,0.863636363636,0.909090909091,
    0.954545454545,1.),.QUASI_UNIFORM_KNOTS.);
#1144 = CARTESIAN_POINT('',(4.712388980385,10.550000000118));
#1145 = CARTESIAN_POINT('',(4.700919951264,10.549997604646));
#1146 = CARTESIAN_POINT('',(4.677904096091,10.552820824395));
#1147 = CARTESIAN_POINT('',(4.643166128644,10.5656662095));
#1148 = CARTESIAN_POINT('',(4.608232906607,10.587260337961));
#1149 = CARTESIAN_POINT('',(4.573124326109,10.617700571995));
#1150 = CARTESIAN_POINT('',(4.537860841761,10.65705562803));
#1151 = CARTESIAN_POINT('',(4.502463493995,10.705360745608));
#1152 = CARTESIAN_POINT('',(4.46695381334,10.762617763472));
#1153 = CARTESIAN_POINT('',(4.431353751818,10.82879425663));
#1154 = CARTESIAN_POINT('',(4.395685601978,10.90382332177));
#1155 = CARTESIAN_POINT('',(4.359971915016,10.98760360002));
#1156 = CARTESIAN_POINT('',(4.324235415845,11.079999654487));
#1157 = CARTESIAN_POINT('',(4.288498916674,11.180842671007));
#1158 = CARTESIAN_POINT('',(4.252785229711,11.289931483083));
#1159 = CARTESIAN_POINT('',(4.217117079871,11.407033905609));
#1160 = CARTESIAN_POINT('',(4.181517018349,11.531888360225));
#1161 = CARTESIAN_POINT('',(4.146007337694,11.664205765711));
#1162 = CARTESIAN_POINT('',(4.110609989927,11.803671676));
#1163 = CARTESIAN_POINT('',(4.075346505579,11.949948594224));
#1164 = CARTESIAN_POINT('',(4.040237925081,12.102678576132));
#1165 = CARTESIAN_POINT('',(4.005304703043,12.261485532681));
#1166 = CARTESIAN_POINT('',(3.970566735596,12.425979258049));
#1167 = CARTESIAN_POINT('',(3.947550880423,12.539162045711));
#1168 = CARTESIAN_POINT('',(3.936081851302,12.596566563775));
#1169 = ( GEOMETRIC_REPRESENTATION_CONTEXT(2) 
PARAMETRIC_REPRESENTATION_CONTEXT() REPRESENTATION_CONTEXT('2D SPACE',''
  ) );
#1170 = PCURVE('',#1171,#1176);
#1171 = PLANE('',#1172);
#1172 = AXIS2_PLACEMENT_3D('',#1173,#1174,#1175);
#1173 = CARTESIAN_POINT('',(-23.20530645866,1.527494037966,
    -17.80862617986));
#1174 = DIRECTION('',(1.016912203302E-16,-0.544639035015,0.838670567945)
  );
#1175 = DIRECTION('',(0.,-0.838670567945,-0.544639035015));
#1176 = DEFINITIONAL_REPRESENTATION('',(#1177),#1182);
#1177 = ( BOUNDED_CURVE() B_SPLINE_CURVE(3,(#1178,#1179,#1180,#1181),
.UNSPECIFIED.,.F.,.F.) B_SPLINE_CURVE_WITH_KNOTS((4,4),(0.,1.),
.PIECEWISE_BEZIER_KNOTS.) CURVE() GEOMETRIC_REPRESENTATION_ITEM() 
RATIONAL_B_SPLINE_CURVE((1.,0.950406317449,0.950406317449,1.)) 
REPRESENTATION_ITEM('') );
#1178 = CARTESIAN_POINT('',(3.013691113733,3.455306458666));
#1179 = CARTESIAN_POINT('',(3.013691113733,0.534955630579));
#1180 = CARTESIAN_POINT('',(1.69577872435,-2.168148769648));
#1181 = CARTESIAN_POINT('',(-0.743965668403,-4.251836037425));
#1182 = ( GEOMETRIC_REPRESENTATION_CONTEXT(2) 
PARAMETRIC_REPRESENTATION_CONTEXT() REPRESENTATION_CONTEXT('2D SPACE',''
  ) );
#1183 = ORIENTED_EDGE('',*,*,#1184,.T.);
#1184 = EDGE_CURVE('',#1133,#217,#1185,.T.);
#1185 = SURFACE_CURVE('',#1186,(#1190,#1197),.PCURVE_S1.);
#1186 = LINE('',#1187,#1188);
#1187 = CARTESIAN_POINT('',(-27.45714249609,2.151436147671,
    -17.40343343622));
#1188 = VECTOR('',#1189,1.);
#1189 = DIRECTION('',(-0.,-0.,-1.));
#1190 = PCURVE('',#234,#1191);
#1191 = DEFINITIONAL_REPRESENTATION('',(#1192),#1196);
#1192 = LINE('',#1193,#1194);
#1193 = CARTESIAN_POINT('',(3.936081851302,12.596566563775));
#1194 = VECTOR('',#1195,1.);
#1195 = DIRECTION('',(0.,-1.));
#1196 = ( GEOMETRIC_REPRESENTATION_CONTEXT(2) 
PARAMETRIC_REPRESENTATION_CONTEXT() REPRESENTATION_CONTEXT('2D SPACE',''
  ) );
#1197 = PCURVE('',#284,#1198);
#1198 = DEFINITIONAL_REPRESENTATION('',(#1199),#1203);
#1199 = LINE('',#1200,#1201);
#1200 = CARTESIAN_POINT('',(-4.545229005567,2.087171490622));
#1201 = VECTOR('',#1202,1.);
#1202 = DIRECTION('',(0.,-1.));
#1203 = ( GEOMETRIC_REPRESENTATION_CONTEXT(2) 
PARAMETRIC_REPRESENTATION_CONTEXT() REPRESENTATION_CONTEXT('2D SPACE',''
  ) );
#1204 = ORIENTED_EDGE('',*,*,#216,.T.);
#1205 = ORIENTED_EDGE('',*,*,#1036,.F.);
#1206 = ORIENTED_EDGE('',*,*,#1207,.T.);
#1207 = EDGE_CURVE('',#1037,#1108,#1208,.T.);
#1208 = SURFACE_CURVE('',#1209,(#1214,#1243),.PCURVE_S1.);
#1209 = ( BOUNDED_CURVE() B_SPLINE_CURVE(3,(#1210,#1211,#1212,#1213),
.UNSPECIFIED.,.F.,.F.) B_SPLINE_CURVE_WITH_KNOTS((4,4),(1.570796326795,
3.14159265359),.PIECEWISE_BEZIER_KNOTS.) CURVE() 
GEOMETRIC_REPRESENTATION_ITEM() RATIONAL_B_SPLINE_CURVE((1.,
0.804737854124,0.804737854124,1.)) REPRESENTATION_ITEM('') );
#1210 = CARTESIAN_POINT('',(-30.75,10.,-20.49880748697));
#1211 = CARTESIAN_POINT('',(-30.75,3.556349186104,-24.56923900525));
#1212 = CARTESIAN_POINT('',(-26.19365081389,-1.,-27.44746873419));
#1213 = CARTESIAN_POINT('',(-19.75,-1.,-27.44746873419));
#1214 = PCURVE('',#234,#1215);
#1215 = DEFINITIONAL_REPRESENTATION('',(#1216),#1242);
#1216 = B_SPLINE_CURVE_WITH_KNOTS('',3,(#1217,#1218,#1219,#1220,#1221,
    #1222,#1223,#1224,#1225,#1226,#1227,#1228,#1229,#1230,#1231,#1232,
    #1233,#1234,#1235,#1236,#1237,#1238,#1239,#1240,#1241),
  .UNSPECIFIED.,.F.,.F.,(4,1,1,1,1,1,1,1,1,1,1,1,1,1,1,1,1,1,1,1,1,1,4),
  (1.570796326795,1.642196159831,1.713595992867,1.784995825903,
    1.856395658939,1.927795491976,1.999195325012,2.070595158048,
    2.141994991084,2.21339482412,2.284794657156,2.356194490192,
    2.427594323228,2.498994156265,2.570393989301,2.641793822337,
    2.713193655373,2.784593488409,2.855993321445,2.927393154481,
    2.998792987518,3.070192820554,3.14159265359),.QUASI_UNIFORM_KNOTS.);
#1217 = CARTESIAN_POINT('',(3.14159265359,9.501192513024));
#1218 = CARTESIAN_POINT('',(3.163018597159,9.352333833454));
#1219 = CARTESIAN_POINT('',(3.206446837197,9.05052394906));
#1220 = CARTESIAN_POINT('',(3.273224691087,8.588476555202));
#1221 = CARTESIAN_POINT('',(3.341551793592,8.119889084253));
#1222 = CARTESIAN_POINT('',(3.411316280744,7.648087840519));
#1223 = CARTESIAN_POINT('',(3.482389456056,7.176697165722));
#1224 = CARTESIAN_POINT('',(3.554624035333,6.70962561934));
#1225 = CARTESIAN_POINT('',(3.627855911353,6.25096828353));
#1226 = CARTESIAN_POINT('',(3.701905694647,5.804909892879));
#1227 = CARTESIAN_POINT('',(3.77658101792,5.375610947425));
#1228 = CARTESIAN_POINT('',(3.85167928048,4.967088355101));
#1229 = CARTESIAN_POINT('',(3.926990816987,4.583095724617));
#1230 = CARTESIAN_POINT('',(4.002302353495,4.227010896137));
#1231 = CARTESIAN_POINT('',(4.077400616054,3.90173752013));
#1232 = CARTESIAN_POINT('',(4.152075939328,3.609626676596));
#1233 = CARTESIAN_POINT('',(4.226125722622,3.352422946341));
#1234 = CARTESIAN_POINT('',(4.299357598641,3.131237273));
#1235 = CARTESIAN_POINT('',(4.371592177918,2.946547165673));
#1236 = CARTESIAN_POINT('',(4.442665353231,2.798221393413));
#1237 = CARTESIAN_POINT('',(4.512429840382,2.685569671197));
#1238 = CARTESIAN_POINT('',(4.580756942888,2.607397761094));
#1239 = CARTESIAN_POINT('',(4.647534796778,2.562118195879));
#1240 = CARTESIAN_POINT('',(4.690963036815,2.552508699748));
#1241 = CARTESIAN_POINT('',(4.712388980385,2.55253126581));
#1242 = ( GEOMETRIC_REPRESENTATION_CONTEXT(2) 
PARAMETRIC_REPRESENTATION_CONTEXT() REPRESENTATION_CONTEXT('2D SPACE',''
  ) );
#1243 = PCURVE('',#875,#1244);
#1244 = DEFINITIONAL_REPRESENTATION('',(#1245),#1271);
#1245 = B_SPLINE_CURVE_WITH_KNOTS('',3,(#1246,#1247,#1248,#1249,#1250,
    #1251,#1252,#1253,#1254,#1255,#1256,#1257,#1258,#1259,#1260,#1261,
    #1262,#1263,#1264,#1265,#1266,#1267,#1268,#1269,#1270),
  .UNSPECIFIED.,.F.,.F.,(4,1,1,1,1,1,1,1,1,1,1,1,1,1,1,1,1,1,1,1,1,1,4),
  (1.570796326795,1.642196159831,1.713595992867,1.784995825903,
    1.856395658939,1.927795491976,1.999195325012,2.070595158048,
    2.141994991084,2.21339482412,2.284794657156,2.356194490192,
    2.427594323228,2.498994156265,2.570393989301,2.641793822337,
    2.713193655373,2.784593488409,2.855993321445,2.927393154481,
    2.998792987518,3.070192820554,3.14159265359),.QUASI_UNIFORM_KNOTS.);
#1246 = CARTESIAN_POINT('',(4.712388980385,0.));
#1247 = CARTESIAN_POINT('',(4.690966425462,-8.330165963662E-06));
#1248 = CARTESIAN_POINT('',(4.64754161102,8.189714415328E-06));
#1249 = CARTESIAN_POINT('',(4.580762996172,8.10973113266E-05));
#1250 = CARTESIAN_POINT('',(4.51243508052,1.714371227585E-04));
#1251 = CARTESIAN_POINT('',(4.442669655228,1.760030412499E-04));
#1252 = CARTESIAN_POINT('',(4.371592852706,4.726933704319E-05));
#1253 = CARTESIAN_POINT('',(4.29935844443,-4.14597997978E-05));
#1254 = CARTESIAN_POINT('',(4.226118019621,1.926728146559E-04));
#1255 = CARTESIAN_POINT('',(4.152064764497,4.369273702218E-04));
#1256 = CARTESIAN_POINT('',(4.077393825567,4.628647978003E-04));
#1257 = CARTESIAN_POINT('',(4.002301147807,2.032518467154E-04));
#1258 = CARTESIAN_POINT('',(3.926992798995,-1.041261173109E-04));
#1259 = CARTESIAN_POINT('',(3.851672558136,2.132526225501E-04));
#1260 = CARTESIAN_POINT('',(3.776567666409,6.215779987397E-04));
#1261 = CARTESIAN_POINT('',(3.701896577721,7.122536014038E-04));
#1262 = CARTESIAN_POINT('',(3.627854410701,3.9518091305E-04));
#1263 = CARTESIAN_POINT('',(3.554624562803,-6.730570789698E-05));
#1264 = CARTESIAN_POINT('',(3.482388844064,4.465642883242E-05));
#1265 = CARTESIAN_POINT('',(3.411315955478,6.013947568361E-05));
#1266 = CARTESIAN_POINT('',(3.341552016955,-2.823145600032E-05));
#1267 = CARTESIAN_POINT('',(3.273224122509,5.454506228065E-05));
#1268 = CARTESIAN_POINT('',(3.206446490461,4.376366467793E-05));
#1269 = CARTESIAN_POINT('',(3.163018467525,2.02349049813E-05));
#1270 = CARTESIAN_POINT('',(3.14159265359,0.));
#1271 = ( GEOMETRIC_REPRESENTATION_CONTEXT(2) 
PARAMETRIC_REPRESENTATION_CONTEXT() REPRESENTATION_CONTEXT('2D SPACE',''
  ) );
#1272 = ADVANCED_FACE('',(#1273),#154,.T.);
#1273 = FACE_BOUND('',#1274,.T.);
#1274 = EDGE_LOOP('',(#1275,#1322,#1388,#1389));
#1275 = ORIENTED_EDGE('',*,*,#1276,.F.);
#1276 = EDGE_CURVE('',#1277,#109,#1279,.T.);
#1277 = VERTEX_POINT('',#1278);
#1278 = CARTESIAN_POINT('',(-29.0304248926,26.528692824,-9.855522308781)
  );
#1279 = SURFACE_CURVE('',#1280,(#1285,#1314),.PCURVE_S1.);
#1280 = ( BOUNDED_CURVE() B_SPLINE_CURVE(3,(#1281,#1282,#1283,#1284),
.UNSPECIFIED.,.F.,.F.) B_SPLINE_CURVE_WITH_KNOTS((4,4),(4.228864014107,
4.277543757686),.PIECEWISE_BEZIER_KNOTS.) CURVE() 
GEOMETRIC_REPRESENTATION_ITEM() RATIONAL_B_SPLINE_CURVE((1.,
0.999802533296,0.999802533296,1.)) REPRESENTATION_ITEM('') );
#1281 = CARTESIAN_POINT('',(-29.0304248926,26.528692824,-9.855522308781)
  );
#1282 = CARTESIAN_POINT('',(-29.1435928434,26.313175650791,
    -9.523654964656));
#1283 = CARTESIAN_POINT('',(-29.25148213141,26.094968092333,
    -9.187644790547));
#1284 = CARTESIAN_POINT('',(-29.35402884301,25.874199414808,
    -8.847690838919));
#1285 = PCURVE('',#154,#1286);
#1286 = DEFINITIONAL_REPRESENTATION('',(#1287),#1313);
#1287 = B_SPLINE_CURVE_WITH_KNOTS('',3,(#1288,#1289,#1290,#1291,#1292,
    #1293,#1294,#1295,#1296,#1297,#1298,#1299,#1300,#1301,#1302,#1303,
    #1304,#1305,#1306,#1307,#1308,#1309,#1310,#1311,#1312),
  .UNSPECIFIED.,.F.,.F.,(4,1,1,1,1,1,1,1,1,1,1,1,1,1,1,1,1,1,1,1,1,1,4),
  (4.228864014107,4.231076729725,4.233289445342,4.235502160959,
    4.237714876576,4.239927592193,4.242140307811,4.244353023428,
    4.246565739045,4.248778454662,4.25099117028,4.253203885897,
    4.255416601514,4.257629317131,4.259842032748,4.262054748366,
    4.264267463983,4.2664801796,4.268692895217,4.270905610834,
    4.273118326452,4.275331042069,4.277543757686),
  .QUASI_UNIFORM_KNOTS.);
#1288 = CARTESIAN_POINT('',(2.658067687313,20.144477691219));
#1289 = CARTESIAN_POINT('',(2.658805186361,20.159559591668));
#1290 = CARTESIAN_POINT('',(2.660280204316,20.189741320805));
#1291 = CARTESIAN_POINT('',(2.662492785411,20.23506736999));
#1292 = CARTESIAN_POINT('',(2.664705415256,20.280446545734));
#1293 = CARTESIAN_POINT('',(2.666918088436,20.325878518003));
#1294 = CARTESIAN_POINT('',(2.669130799534,20.371362956043));
#1295 = CARTESIAN_POINT('',(2.671343543136,20.416899528286));
#1296 = CARTESIAN_POINT('',(2.673556313824,20.462487902384));
#1297 = CARTESIAN_POINT('',(2.675769106182,20.508127745209));
#1298 = CARTESIAN_POINT('',(2.677981914793,20.553818722866));
#1299 = CARTESIAN_POINT('',(2.680194734238,20.599560500697));
#1300 = CARTESIAN_POINT('',(2.682407559102,20.645352743293));
#1301 = CARTESIAN_POINT('',(2.684620383965,20.6911951145));
#1302 = CARTESIAN_POINT('',(2.686833203411,20.737087277428));
#1303 = CARTESIAN_POINT('',(2.689046012022,20.783028894457));
#1304 = CARTESIAN_POINT('',(2.69125880438,20.829019627248));
#1305 = CARTESIAN_POINT('',(2.693471575068,20.875059136753));
#1306 = CARTESIAN_POINT('',(2.69568431867,20.921147083217));
#1307 = CARTESIAN_POINT('',(2.697897029768,20.967283126191));
#1308 = CARTESIAN_POINT('',(2.700109702948,21.013466924545));
#1309 = CARTESIAN_POINT('',(2.702322332793,21.059698136452));
#1310 = CARTESIAN_POINT('',(2.704534913888,21.105976419481));
#1311 = CARTESIAN_POINT('',(2.706009931843,21.136859760024));
#1312 = CARTESIAN_POINT('',(2.706747430891,21.152309161081));
#1313 = ( GEOMETRIC_REPRESENTATION_CONTEXT(2) 
PARAMETRIC_REPRESENTATION_CONTEXT() REPRESENTATION_CONTEXT('2D SPACE',''
  ) );
#1314 = PCURVE('',#124,#1315);
#1315 = DEFINITIONAL_REPRESENTATION('',(#1316),#1321);
#1316 = ( BOUNDED_CURVE() B_SPLINE_CURVE(3,(#1317,#1318,#1319,#1320),
.UNSPECIFIED.,.F.,.F.) B_SPLINE_CURVE_WITH_KNOTS((4,4),(4.228864014107,
4.277543757686),.PIECEWISE_BEZIER_KNOTS.) CURVE() 
GEOMETRIC_REPRESENTATION_ITEM() RATIONAL_B_SPLINE_CURVE((1.,
0.999802533296,0.999802533296,1.)) REPRESENTATION_ITEM('') );
#1317 = CARTESIAN_POINT('',(-0.224038715479,1.719575107397));
#1318 = CARTESIAN_POINT('',(-0.619745154705,1.606407156597));
#1319 = CARTESIAN_POINT('',(-1.020391352332,1.498517868583));
#1320 = CARTESIAN_POINT('',(-1.425739965507,1.395971156981));
#1321 = ( GEOMETRIC_REPRESENTATION_CONTEXT(2) 
PARAMETRIC_REPRESENTATION_CONTEXT() REPRESENTATION_CONTEXT('2D SPACE',''
  ) );
#1322 = ORIENTED_EDGE('',*,*,#1323,.T.);
#1323 = EDGE_CURVE('',#1277,#1061,#1324,.T.);
#1324 = SURFACE_CURVE('',#1325,(#1330,#1359),.PCURVE_S1.);
#1325 = ( BOUNDED_CURVE() B_SPLINE_CURVE(3,(#1326,#1327,#1328,#1329),
.UNSPECIFIED.,.F.,.F.) B_SPLINE_CURVE_WITH_KNOTS((4,4),(1.087271360518,
1.570796326795),.PIECEWISE_BEZIER_KNOTS.) CURVE() 
GEOMETRIC_REPRESENTATION_ITEM() RATIONAL_B_SPLINE_CURVE((1.,
0.980611679695,0.980611679695,1.)) REPRESENTATION_ITEM('') );
#1326 = CARTESIAN_POINT('',(-29.0304248926,26.528692824,-9.855522308781)
  );
#1327 = CARTESIAN_POINT('',(-30.16547534632,24.36710145907,
    -11.23120107764));
#1328 = CARTESIAN_POINT('',(-30.75,21.996627310156,-12.73981691118));
#1329 = CARTESIAN_POINT('',(-30.75,19.555148913482,-14.29362122842));
#1330 = PCURVE('',#154,#1331);
#1331 = DEFINITIONAL_REPRESENTATION('',(#1332),#1358);
#1332 = B_SPLINE_CURVE_WITH_KNOTS('',3,(#1333,#1334,#1335,#1336,#1337,
    #1338,#1339,#1340,#1341,#1342,#1343,#1344,#1345,#1346,#1347,#1348,
    #1349,#1350,#1351,#1352,#1353,#1354,#1355,#1356,#1357),
  .UNSPECIFIED.,.F.,.F.,(4,1,1,1,1,1,1,1,1,1,1,1,1,1,1,1,1,1,1,1,1,1,4),
  (1.087271360518,1.109249768076,1.131228175634,1.153206583192,
    1.17518499075,1.197163398308,1.219141805866,1.241120213424,
    1.263098620982,1.28507702854,1.307055436098,1.329033843656,
    1.351012251214,1.372990658772,1.39496906633,1.416947473889,
    1.438925881447,1.460904289005,1.482882696563,1.504861104121,
    1.526839511679,1.548817919237,1.570796326795),
  .QUASI_UNIFORM_KNOTS.);
#1333 = CARTESIAN_POINT('',(2.658067687313,20.144477691219));
#1334 = CARTESIAN_POINT('',(2.665322657701,20.083159594326));
#1335 = CARTESIAN_POINT('',(2.679851802861,19.959659009632));
#1336 = CARTESIAN_POINT('',(2.701698087196,19.771934619175));
#1337 = CARTESIAN_POINT('',(2.723591918623,19.581854601922));
#1338 = CARTESIAN_POINT('',(2.745528182975,19.389543048905));
#1339 = CARTESIAN_POINT('',(2.767501712701,19.1951278007));
#1340 = CARTESIAN_POINT('',(2.789507284741,18.998740764269));
#1341 = CARTESIAN_POINT('',(2.811539630286,18.800517465005));
#1342 = CARTESIAN_POINT('',(2.833593441569,18.600596783207));
#1343 = CARTESIAN_POINT('',(2.855663379635,18.399120622396));
#1344 = CARTESIAN_POINT('',(2.877744081999,18.196233579059));
#1345 = CARTESIAN_POINT('',(2.899830170451,17.992082597225));
#1346 = CARTESIAN_POINT('',(2.921916258903,17.786816614474));
#1347 = CARTESIAN_POINT('',(2.943996961267,17.580586199853));
#1348 = CARTESIAN_POINT('',(2.966066899333,17.373543185881));
#1349 = CARTESIAN_POINT('',(2.988120710616,17.16584029657));
#1350 = CARTESIAN_POINT('',(3.010153056162,16.957630772848));
#1351 = CARTESIAN_POINT('',(3.032158628202,16.749067999342));
#1352 = CARTESIAN_POINT('',(3.054132157927,16.540305126849));
#1353 = CARTESIAN_POINT('',(3.07606842228,16.331494720627));
#1354 = CARTESIAN_POINT('',(3.097962253706,16.122788330947));
#1355 = CARTESIAN_POINT('',(3.119808538041,15.914336381028));
#1356 = CARTESIAN_POINT('',(3.134337683201,15.775636731104));
#1357 = CARTESIAN_POINT('',(3.14159265359,15.706378771572));
#1358 = ( GEOMETRIC_REPRESENTATION_CONTEXT(2) 
PARAMETRIC_REPRESENTATION_CONTEXT() REPRESENTATION_CONTEXT('2D SPACE',''
  ) );
#1359 = PCURVE('',#985,#1360);
#1360 = DEFINITIONAL_REPRESENTATION('',(#1361),#1387);
#1361 = B_SPLINE_CURVE_WITH_KNOTS('',3,(#1362,#1363,#1364,#1365,#1366,
    #1367,#1368,#1369,#1370,#1371,#1372,#1373,#1374,#1375,#1376,#1377,
    #1378,#1379,#1380,#1381,#1382,#1383,#1384,#1385,#1386),
  .UNSPECIFIED.,.F.,.F.,(4,1,1,1,1,1,1,1,1,1,1,1,1,1,1,1,1,1,1,1,1,1,4),
  (1.087271360518,1.109249768076,1.131228175634,1.153206583192,
    1.17518499075,1.197163398308,1.219141805866,1.241120213424,
    1.263098620982,1.28507702854,1.307055436098,1.329033843656,
    1.351012251214,1.372990658772,1.39496906633,1.416947473889,
    1.438925881447,1.460904289005,1.482882696563,1.504861104121,
    1.526839511679,1.548817919237,1.570796326795),
  .QUASI_UNIFORM_KNOTS.);
#1362 = CARTESIAN_POINT('',(5.195913939487,-8.723277101868E-07));
#1363 = CARTESIAN_POINT('',(5.18865897,-6.401543329432E-06));
#1364 = CARTESIAN_POINT('',(5.174129872122,-1.149071611644E-05));
#1365 = CARTESIAN_POINT('',(5.152283759444,-9.224484963857E-06));
#1366 = CARTESIAN_POINT('',(5.130390176024,-9.617898245804E-06));
#1367 = CARTESIAN_POINT('',(5.108454172038,-9.299116618067E-06));
#1368 = CARTESIAN_POINT('',(5.086480847667,-9.196812182158E-06));
#1369 = CARTESIAN_POINT('',(5.064475364512,-8.968388872999E-06));
#1370 = CARTESIAN_POINT('',(5.042442953459,-9.055201324582E-06));
#1371 = CARTESIAN_POINT('',(5.02038891705,-8.033537888435E-06));
#1372 = CARTESIAN_POINT('',(4.998318654167,-1.115554016569E-05));
#1373 = CARTESIAN_POINT('',(4.976237597955,1.165392448678E-06));
#1374 = CARTESIAN_POINT('',(4.95415146634,1.260004109861E-06));
#1375 = CARTESIAN_POINT('',(4.932065289148,-8.151296876198E-06));
#1376 = CARTESIAN_POINT('',(4.909984435154,-8.050809206524E-06));
#1377 = CARTESIAN_POINT('',(4.88791437153,-7.91464971124E-06));
#1378 = CARTESIAN_POINT('',(4.865860469425,-7.803640538734E-06));
#1379 = CARTESIAN_POINT('',(4.843828064274,-7.648780912531E-06));
#1380 = CARTESIAN_POINT('',(4.821822448177,-7.665286194187E-06));
#1381 = CARTESIAN_POINT('',(4.799848879073,-7.060956148134E-06));
#1382 = CARTESIAN_POINT('',(4.77791258635,-8.788717171326E-06));
#1383 = CARTESIAN_POINT('',(4.756018771879,-1.828135093581E-06));
#1384 = CARTESIAN_POINT('',(4.734172625105,-2.419962176599E-07));
#1385 = CARTESIAN_POINT('',(4.719643750044,1.33940378009E-07));
#1386 = CARTESIAN_POINT('',(4.712388980385,0.));
#1387 = ( GEOMETRIC_REPRESENTATION_CONTEXT(2) 
PARAMETRIC_REPRESENTATION_CONTEXT() REPRESENTATION_CONTEXT('2D SPACE',''
  ) );
#1388 = ORIENTED_EDGE('',*,*,#1060,.T.);
#1389 = ORIENTED_EDGE('',*,*,#136,.F.);
#1390 = ADVANCED_FACE('',(#1391),#74,.T.);
#1391 = FACE_BOUND('',#1392,.T.);
#1392 = EDGE_LOOP('',(#1393,#1463,#1508,#1509));
#1393 = ORIENTED_EDGE('',*,*,#1394,.T.);
#1394 = EDGE_CURVE('',#1395,#1397,#1399,.T.);
#1395 = VERTEX_POINT('',#1396);
#1396 = CARTESIAN_POINT('',(30.75,19.555148913482,-14.29362122842));
#1397 = VERTEX_POINT('',#1398);
#1398 = CARTESIAN_POINT('',(29.030424892603,26.528692824,-9.855522308781
    ));
#1399 = SURFACE_CURVE('',#1400,(#1405,#1434),.PCURVE_S1.);
#1400 = ( BOUNDED_CURVE() B_SPLINE_CURVE(3,(#1401,#1402,#1403,#1404),
.UNSPECIFIED.,.F.,.F.) B_SPLINE_CURVE_WITH_KNOTS((4,4),(4.712388980385,
5.195913946662),.PIECEWISE_BEZIER_KNOTS.) CURVE() 
GEOMETRIC_REPRESENTATION_ITEM() RATIONAL_B_SPLINE_CURVE((1.,
0.980611679695,0.980611679695,1.)) REPRESENTATION_ITEM('') );
#1401 = CARTESIAN_POINT('',(30.75,19.555148913482,-14.29362122842));
#1402 = CARTESIAN_POINT('',(30.75,21.996627310156,-12.73981691118));
#1403 = CARTESIAN_POINT('',(30.165475346323,24.36710145907,
    -11.23120107764));
#1404 = CARTESIAN_POINT('',(29.030424892603,26.528692824,-9.855522308781
    ));
#1405 = PCURVE('',#74,#1406);
#1406 = DEFINITIONAL_REPRESENTATION('',(#1407),#1433);
#1407 = B_SPLINE_CURVE_WITH_KNOTS('',3,(#1408,#1409,#1410,#1411,#1412,
    #1413,#1414,#1415,#1416,#1417,#1418,#1419,#1420,#1421,#1422,#1423,
    #1424,#1425,#1426,#1427,#1428,#1429,#1430,#1431,#1432),
  .UNSPECIFIED.,.F.,.F.,(4,1,1,1,1,1,1,1,1,1,1,1,1,1,1,1,1,1,1,1,1,1,4),
  (4.712388980385,4.734367387943,4.756345795501,4.778324203059,
    4.800302610617,4.822281018175,4.844259425733,4.866237833291,
    4.888216240849,4.910194648407,4.932173055965,4.954151463523,
    4.976129871081,4.998108278639,5.020086686197,5.042065093756,
    5.064043501314,5.086021908872,5.10800031643,5.129978723988,
    5.151957131546,5.173935539104,5.195913946662),
  .QUASI_UNIFORM_KNOTS.);
#1408 = CARTESIAN_POINT('',(0.,15.706378771572));
#1409 = CARTESIAN_POINT('',(7.254970388717E-03,15.775636731104));
#1410 = CARTESIAN_POINT('',(2.17841155483E-02,15.914336381028));
#1411 = CARTESIAN_POINT('',(4.363039988358E-02,16.122788330947));
#1412 = CARTESIAN_POINT('',(6.552423131019E-02,16.331494720627));
#1413 = CARTESIAN_POINT('',(8.746049566264E-02,16.540305126849));
#1414 = CARTESIAN_POINT('',(0.109434025388,16.749067999342));
#1415 = CARTESIAN_POINT('',(0.131439597428,16.957630772848));
#1416 = CARTESIAN_POINT('',(0.153471942973,17.16584029657));
#1417 = CARTESIAN_POINT('',(0.175525754257,17.373543185881));
#1418 = CARTESIAN_POINT('',(0.197595692323,17.580586199853));
#1419 = CARTESIAN_POINT('',(0.219676394687,17.786816614474));
#1420 = CARTESIAN_POINT('',(0.241762483139,17.992082597225));
#1421 = CARTESIAN_POINT('',(0.263848571591,18.196233579059));
#1422 = CARTESIAN_POINT('',(0.285929273954,18.399120622396));
#1423 = CARTESIAN_POINT('',(0.30799921202,18.600596783207));
#1424 = CARTESIAN_POINT('',(0.330053023304,18.800517465005));
#1425 = CARTESIAN_POINT('',(0.352085368849,18.998740764269));
#1426 = CARTESIAN_POINT('',(0.374090940889,19.1951278007));
#1427 = CARTESIAN_POINT('',(0.396064470615,19.389543048905));
#1428 = CARTESIAN_POINT('',(0.418000734967,19.581854601922));
#1429 = CARTESIAN_POINT('',(0.439894566394,19.771934619175));
#1430 = CARTESIAN_POINT('',(0.461740850729,19.959659009632));
#1431 = CARTESIAN_POINT('',(0.476269995889,20.083159594326));
#1432 = CARTESIAN_POINT('',(0.483524966277,20.144477691219));
#1433 = ( GEOMETRIC_REPRESENTATION_CONTEXT(2) 
PARAMETRIC_REPRESENTATION_CONTEXT() REPRESENTATION_CONTEXT('2D SPACE',''
  ) );
#1434 = PCURVE('',#669,#1435);
#1435 = DEFINITIONAL_REPRESENTATION('',(#1436),#1462);
#1436 = B_SPLINE_CURVE_WITH_KNOTS('',3,(#1437,#1438,#1439,#1440,#1441,
    #1442,#1443,#1444,#1445,#1446,#1447,#1448,#1449,#1450,#1451,#1452,
    #1453,#1454,#1455,#1456,#1457,#1458,#1459,#1460,#1461),
  .UNSPECIFIED.,.F.,.F.,(4,1,1,1,1,1,1,1,1,1,1,1,1,1,1,1,1,1,1,1,1,1,4),
  (4.712388980385,4.734367387943,4.756345795501,4.778324203059,
    4.800302610617,4.822281018175,4.844259425733,4.866237833291,
    4.888216240849,4.910194648407,4.932173055965,4.954151463523,
    4.976129871081,4.998108278639,5.020086686197,5.042065093756,
    5.064043501314,5.086021908872,5.10800031643,5.129978723988,
    5.151957131546,5.173935539104,5.195913946662),
  .QUASI_UNIFORM_KNOTS.);
#1437 = CARTESIAN_POINT('',(1.570796326795,0.));
#1438 = CARTESIAN_POINT('',(1.563541557136,1.340244934984E-07));
#1439 = CARTESIAN_POINT('',(1.549012682075,-2.419509418508E-07));
#1440 = CARTESIAN_POINT('',(1.5271665353,-1.828413864129E-06));
#1441 = CARTESIAN_POINT('',(1.50527272083,-8.788645024525E-06));
#1442 = CARTESIAN_POINT('',(1.483336428107,-7.060966008638E-06));
#1443 = CARTESIAN_POINT('',(1.461362859002,-7.665318851088E-06));
#1444 = CARTESIAN_POINT('',(1.439357242906,-7.648640373932E-06));
#1445 = CARTESIAN_POINT('',(1.417324837755,-7.804170087369E-06));
#1446 = CARTESIAN_POINT('',(1.39527093565,-7.912672055335E-06));
#1447 = CARTESIAN_POINT('',(1.373200872025,-8.058190334901E-06));
#1448 = CARTESIAN_POINT('',(1.351120018038,-8.123750016797E-06));
#1449 = CARTESIAN_POINT('',(1.329033840818,1.15427443066E-06));
#1450 = CARTESIAN_POINT('',(1.306947709305,1.560763368929E-06));
#1451 = CARTESIAN_POINT('',(1.284866652991,-1.126148049572E-05));
#1452 = CARTESIAN_POINT('',(1.262796390137,-8.005147487008E-06));
#1453 = CARTESIAN_POINT('',(1.240742353719,-9.062822665333E-06));
#1454 = CARTESIAN_POINT('',(1.218709942668,-8.966293911851E-06));
#1455 = CARTESIAN_POINT('',(1.196704459513,-9.197570684431E-06));
#1456 = CARTESIAN_POINT('',(1.174731135141,-9.298177570581E-06));
#1457 = CARTESIAN_POINT('',(1.152795131155,-9.620895853023E-06));
#1458 = CARTESIAN_POINT('',(1.130901547737,-9.213433582797E-06));
#1459 = CARTESIAN_POINT('',(1.10905543505,-1.153192403368E-05));
#1460 = CARTESIAN_POINT('',(1.094526337196,-6.31275910997E-06));
#1461 = CARTESIAN_POINT('',(1.087271367735,-6.440254315579E-07));
#1462 = ( GEOMETRIC_REPRESENTATION_CONTEXT(2) 
PARAMETRIC_REPRESENTATION_CONTEXT() REPRESENTATION_CONTEXT('2D SPACE',''
  ) );
#1463 = ORIENTED_EDGE('',*,*,#1464,.T.);
#1464 = EDGE_CURVE('',#1397,#57,#1465,.T.);
#1465 = SURFACE_CURVE('',#1466,(#1471,#1500),.PCURVE_S1.);
#1466 = ( BOUNDED_CURVE() B_SPLINE_CURVE(3,(#1467,#1468,#1469,#1470),
.UNSPECIFIED.,.F.,.F.) B_SPLINE_CURVE_WITH_KNOTS((4,4),(4.228864014107,
4.277543757686),.PIECEWISE_BEZIER_KNOTS.) CURVE() 
GEOMETRIC_REPRESENTATION_ITEM() RATIONAL_B_SPLINE_CURVE((1.,
0.999802533296,0.999802533296,1.)) REPRESENTATION_ITEM('') );
#1467 = CARTESIAN_POINT('',(29.030424892603,26.528692824,-9.855522308781
    ));
#1468 = CARTESIAN_POINT('',(29.143592843403,26.313175650791,
    -9.523654964656));
#1469 = CARTESIAN_POINT('',(29.251482131417,26.094968092333,
    -9.187644790547));
#1470 = CARTESIAN_POINT('',(29.354028843019,25.874199414808,
    -8.847690838919));
#1471 = PCURVE('',#74,#1472);
#1472 = DEFINITIONAL_REPRESENTATION('',(#1473),#1499);
#1473 = B_SPLINE_CURVE_WITH_KNOTS('',3,(#1474,#1475,#1476,#1477,#1478,
    #1479,#1480,#1481,#1482,#1483,#1484,#1485,#1486,#1487,#1488,#1489,
    #1490,#1491,#1492,#1493,#1494,#1495,#1496,#1497,#1498),
  .UNSPECIFIED.,.F.,.F.,(4,1,1,1,1,1,1,1,1,1,1,1,1,1,1,1,1,1,1,1,1,1,4),
  (4.228864014107,4.231076729725,4.233289445342,4.235502160959,
    4.237714876576,4.239927592193,4.242140307811,4.244353023428,
    4.246565739045,4.248778454662,4.25099117028,4.253203885897,
    4.255416601514,4.257629317131,4.259842032748,4.262054748366,
    4.264267463983,4.2664801796,4.268692895217,4.270905610834,
    4.273118326452,4.275331042069,4.277543757686),
  .QUASI_UNIFORM_KNOTS.);
#1474 = CARTESIAN_POINT('',(0.483524966277,20.144477691219));
#1475 = CARTESIAN_POINT('',(0.482787467229,20.159559591668));
#1476 = CARTESIAN_POINT('',(0.481312449274,20.189741320805));
#1477 = CARTESIAN_POINT('',(0.479099868179,20.23506736999));
#1478 = CARTESIAN_POINT('',(0.476887238334,20.280446545734));
#1479 = CARTESIAN_POINT('',(0.474674565154,20.325878518003));
#1480 = CARTESIAN_POINT('',(0.472461854056,20.371362956043));
#1481 = CARTESIAN_POINT('',(0.470249110454,20.416899528286));
#1482 = CARTESIAN_POINT('',(0.468036339766,20.462487902384));
#1483 = CARTESIAN_POINT('',(0.465823547408,20.508127745209));
#1484 = CARTESIAN_POINT('',(0.463610738797,20.553818722866));
#1485 = CARTESIAN_POINT('',(0.461397919351,20.599560500697));
#1486 = CARTESIAN_POINT('',(0.459185094488,20.645352743293));
#1487 = CARTESIAN_POINT('',(0.456972269624,20.6911951145));
#1488 = CARTESIAN_POINT('',(0.454759450179,20.737087277428));
#1489 = CARTESIAN_POINT('',(0.452546641568,20.783028894457));
#1490 = CARTESIAN_POINT('',(0.45033384921,20.829019627248));
#1491 = CARTESIAN_POINT('',(0.448121078522,20.875059136753));
#1492 = CARTESIAN_POINT('',(0.44590833492,20.921147083217));
#1493 = CARTESIAN_POINT('',(0.443695623822,20.967283126191));
#1494 = CARTESIAN_POINT('',(0.441482950642,21.013466924545));
#1495 = CARTESIAN_POINT('',(0.439270320797,21.059698136452));
#1496 = CARTESIAN_POINT('',(0.437057739702,21.105976419481));
#1497 = CARTESIAN_POINT('',(0.435582721747,21.136859760024));
#1498 = CARTESIAN_POINT('',(0.434845222699,21.152309161081));
#1499 = ( GEOMETRIC_REPRESENTATION_CONTEXT(2) 
PARAMETRIC_REPRESENTATION_CONTEXT() REPRESENTATION_CONTEXT('2D SPACE',''
  ) );
#1500 = PCURVE('',#124,#1501);
#1501 = DEFINITIONAL_REPRESENTATION('',(#1502),#1507);
#1502 = ( BOUNDED_CURVE() B_SPLINE_CURVE(3,(#1503,#1504,#1505,#1506),
.UNSPECIFIED.,.F.,.F.) B_SPLINE_CURVE_WITH_KNOTS((4,4),(4.228864014107,
4.277543757686),.PIECEWISE_BEZIER_KNOTS.) CURVE() 
GEOMETRIC_REPRESENTATION_ITEM() RATIONAL_B_SPLINE_CURVE((1.,
0.999802533296,0.999802533296,1.)) REPRESENTATION_ITEM('') );
#1503 = CARTESIAN_POINT('',(-0.224038715479,59.780424892603));
#1504 = CARTESIAN_POINT('',(-0.619745154705,59.893592843403));
#1505 = CARTESIAN_POINT('',(-1.020391352332,60.001482131417));
#1506 = CARTESIAN_POINT('',(-1.425739965507,60.104028843019));
#1507 = ( GEOMETRIC_REPRESENTATION_CONTEXT(2) 
PARAMETRIC_REPRESENTATION_CONTEXT() REPRESENTATION_CONTEXT('2D SPACE',''
  ) );
#1508 = ORIENTED_EDGE('',*,*,#56,.T.);
#1509 = ORIENTED_EDGE('',*,*,#1510,.F.);
#1510 = EDGE_CURVE('',#1395,#24,#1511,.T.);
#1511 = SURFACE_CURVE('',#1512,(#1516,#1523),.PCURVE_S1.);
#1512 = LINE('',#1513,#1514);
#1513 = CARTESIAN_POINT('',(30.75,19.555148913482,-30.));
#1514 = VECTOR('',#1515,1.);
#1515 = DIRECTION('',(0.,0.,1.));
#1516 = PCURVE('',#74,#1517);
#1517 = DEFINITIONAL_REPRESENTATION('',(#1518),#1522);
#1518 = LINE('',#1519,#1520);
#1519 = CARTESIAN_POINT('',(0.,0.));
#1520 = VECTOR('',#1521,1.);
#1521 = DIRECTION('',(0.,1.));
#1522 = ( GEOMETRIC_REPRESENTATION_CONTEXT(2) 
PARAMETRIC_REPRESENTATION_CONTEXT() REPRESENTATION_CONTEXT('2D SPACE',''
  ) );
#1523 = PCURVE('',#44,#1524);
#1524 = DEFINITIONAL_REPRESENTATION('',(#1525),#1529);
#1525 = LINE('',#1526,#1527);
#1526 = CARTESIAN_POINT('',(0.,9.555148913482));
#1527 = VECTOR('',#1528,1.);
#1528 = DIRECTION('',(-1.,0.));
#1529 = ( GEOMETRIC_REPRESENTATION_CONTEXT(2) 
PARAMETRIC_REPRESENTATION_CONTEXT() REPRESENTATION_CONTEXT('2D SPACE',''
  ) );
#1530 = ADVANCED_FACE('',(#1531),#44,.T.);
#1531 = FACE_BOUND('',#1532,.T.);
#1532 = EDGE_LOOP('',(#1533,#1534,#1557,#1578));
#1533 = ORIENTED_EDGE('',*,*,#21,.F.);
#1534 = ORIENTED_EDGE('',*,*,#1535,.F.);
#1535 = EDGE_CURVE('',#1536,#22,#1538,.T.);
#1536 = VERTEX_POINT('',#1537);
#1537 = CARTESIAN_POINT('',(30.75,10.,-20.49880748697));
#1538 = SURFACE_CURVE('',#1539,(#1543,#1550),.PCURVE_S1.);
#1539 = LINE('',#1540,#1541);
#1540 = CARTESIAN_POINT('',(30.75,10.,-30.));
#1541 = VECTOR('',#1542,1.);
#1542 = DIRECTION('',(0.,0.,1.));
#1543 = PCURVE('',#44,#1544);
#1544 = DEFINITIONAL_REPRESENTATION('',(#1545),#1549);
#1545 = LINE('',#1546,#1547);
#1546 = CARTESIAN_POINT('',(0.,-7.638334409421E-14));
#1547 = VECTOR('',#1548,1.);
#1548 = DIRECTION('',(-1.,0.));
#1549 = ( GEOMETRIC_REPRESENTATION_CONTEXT(2) 
PARAMETRIC_REPRESENTATION_CONTEXT() REPRESENTATION_CONTEXT('2D SPACE',''
  ) );
#1550 = PCURVE('',#584,#1551);
#1551 = DEFINITIONAL_REPRESENTATION('',(#1552),#1556);
#1552 = LINE('',#1553,#1554);
#1553 = CARTESIAN_POINT('',(6.28318530718,0.));
#1554 = VECTOR('',#1555,1.);
#1555 = DIRECTION('',(0.,1.));
#1556 = ( GEOMETRIC_REPRESENTATION_CONTEXT(2) 
PARAMETRIC_REPRESENTATION_CONTEXT() REPRESENTATION_CONTEXT('2D SPACE',''
  ) );
#1557 = ORIENTED_EDGE('',*,*,#1558,.T.);
#1558 = EDGE_CURVE('',#1536,#1395,#1559,.T.);
#1559 = SURFACE_CURVE('',#1560,(#1564,#1571),.PCURVE_S1.);
#1560 = LINE('',#1561,#1562);
#1561 = CARTESIAN_POINT('',(30.75,5.66011436877,-23.3171621695));
#1562 = VECTOR('',#1563,1.);
#1563 = DIRECTION('',(-0.,0.838670567945,0.544639035015));
#1564 = PCURVE('',#44,#1565);
#1565 = DEFINITIONAL_REPRESENTATION('',(#1566),#1570);
#1566 = LINE('',#1567,#1568);
#1567 = CARTESIAN_POINT('',(-6.682837830494,-4.33988563123));
#1568 = VECTOR('',#1569,1.);
#1569 = DIRECTION('',(-0.544639035015,0.838670567945));
#1570 = ( GEOMETRIC_REPRESENTATION_CONTEXT(2) 
PARAMETRIC_REPRESENTATION_CONTEXT() REPRESENTATION_CONTEXT('2D SPACE',''
  ) );
#1571 = PCURVE('',#733,#1572);
#1572 = DEFINITIONAL_REPRESENTATION('',(#1573),#1577);
#1573 = LINE('',#1574,#1575);
#1574 = CARTESIAN_POINT('',(1.570796326795,-8.13609817737));
#1575 = VECTOR('',#1576,1.);
#1576 = DIRECTION('',(0.,-1.));
#1577 = ( GEOMETRIC_REPRESENTATION_CONTEXT(2) 
PARAMETRIC_REPRESENTATION_CONTEXT() REPRESENTATION_CONTEXT('2D SPACE',''
  ) );
#1578 = ORIENTED_EDGE('',*,*,#1510,.T.);
#1579 = ADVANCED_FACE('',(#1580),#584,.T.);
#1580 = FACE_BOUND('',#1581,.T.);
#1581 = EDGE_LOOP('',(#1582,#1583,#1606,#1658,#1681,#1747));
#1582 = ORIENTED_EDGE('',*,*,#568,.F.);
#1583 = ORIENTED_EDGE('',*,*,#1584,.F.);
#1584 = EDGE_CURVE('',#1585,#541,#1587,.T.);
#1585 = VERTEX_POINT('',#1586);
#1586 = CARTESIAN_POINT('',(27.457142496091,2.151436147671,
    -17.40343343622));
#1587 = SURFACE_CURVE('',#1588,(#1592,#1599),.PCURVE_S1.);
#1588 = LINE('',#1589,#1590);
#1589 = CARTESIAN_POINT('',(27.457142496091,2.151436147671,
    -17.40343343622));
#1590 = VECTOR('',#1591,1.);
#1591 = DIRECTION('',(-0.,-0.,-1.));
#1592 = PCURVE('',#584,#1593);
#1593 = DEFINITIONAL_REPRESENTATION('',(#1594),#1598);
#1594 = LINE('',#1595,#1596);
#1595 = CARTESIAN_POINT('',(5.488696109467,12.596566563775));
#1596 = VECTOR('',#1597,1.);
#1597 = DIRECTION('',(0.,-1.));
#1598 = ( GEOMETRIC_REPRESENTATION_CONTEXT(2) 
PARAMETRIC_REPRESENTATION_CONTEXT() REPRESENTATION_CONTEXT('2D SPACE',''
  ) );
#1599 = PCURVE('',#556,#1600);
#1600 = DEFINITIONAL_REPRESENTATION('',(#1601),#1605);
#1601 = LINE('',#1602,#1603);
#1602 = CARTESIAN_POINT('',(-31.38049780047,-14.40994068516));
#1603 = VECTOR('',#1604,1.);
#1604 = DIRECTION('',(0.,-1.));
#1605 = ( GEOMETRIC_REPRESENTATION_CONTEXT(2) 
PARAMETRIC_REPRESENTATION_CONTEXT() REPRESENTATION_CONTEXT('2D SPACE',''
  ) );
#1606 = ORIENTED_EDGE('',*,*,#1607,.T.);
#1607 = EDGE_CURVE('',#1585,#1608,#1610,.T.);
#1608 = VERTEX_POINT('',#1609);
#1609 = CARTESIAN_POINT('',(19.75,-1.,-19.44999999988));
#1610 = SURFACE_CURVE('',#1611,(#1616,#1645),.PCURVE_S1.);
#1611 = ( BOUNDED_CURVE() B_SPLINE_CURVE(3,(#1612,#1613,#1614,#1615),
.UNSPECIFIED.,.F.,.F.) B_SPLINE_CURVE_WITH_KNOTS((4,4),(0.,1.),
.PIECEWISE_BEZIER_KNOTS.) CURVE() GEOMETRIC_REPRESENTATION_ITEM() 
RATIONAL_B_SPLINE_CURVE((1.,0.950406317449,0.950406317449,1.)) 
REPRESENTATION_ITEM('') );
#1612 = CARTESIAN_POINT('',(27.457142496091,2.151436147671,
    -17.40343343622));
#1613 = CARTESIAN_POINT('',(25.373455228314,0.105294332106,
    -18.73221346789));
#1614 = CARTESIAN_POINT('',(22.670350828087,-1.,-19.44999999988));
#1615 = CARTESIAN_POINT('',(19.75,-1.,-19.44999999988));
#1616 = PCURVE('',#584,#1617);
#1617 = DEFINITIONAL_REPRESENTATION('',(#1618),#1644);
#1618 = B_SPLINE_CURVE_WITH_KNOTS('',3,(#1619,#1620,#1621,#1622,#1623,
    #1624,#1625,#1626,#1627,#1628,#1629,#1630,#1631,#1632,#1633,#1634,
    #1635,#1636,#1637,#1638,#1639,#1640,#1641,#1642,#1643),
  .UNSPECIFIED.,.F.,.F.,(4,1,1,1,1,1,1,1,1,1,1,1,1,1,1,1,1,1,1,1,1,1,4),
  (0.,4.545454545455E-02,9.090909090909E-02,0.136363636364,
    0.181818181818,0.227272727273,0.272727272727,0.318181818182,
    0.363636363636,0.409090909091,0.454545454545,0.5,0.545454545455,
    0.590909090909,0.636363636364,0.681818181818,0.727272727273,
    0.772727272727,0.818181818182,0.863636363636,0.909090909091,
    0.954545454545,1.),.QUASI_UNIFORM_KNOTS.);
#1619 = CARTESIAN_POINT('',(5.488696109467,12.596566563775));
#1620 = CARTESIAN_POINT('',(5.477227080346,12.539162045711));
#1621 = CARTESIAN_POINT('',(5.454211225173,12.425979258049));
#1622 = CARTESIAN_POINT('',(5.419473257726,12.261485532681));
#1623 = CARTESIAN_POINT('',(5.384540035688,12.102678576132));
#1624 = CARTESIAN_POINT('',(5.34943145519,11.949948594224));
#1625 = CARTESIAN_POINT('',(5.314167970842,11.803671676));
#1626 = CARTESIAN_POINT('',(5.278770623075,11.664205765711));
#1627 = CARTESIAN_POINT('',(5.243260942421,11.531888360225));
#1628 = CARTESIAN_POINT('',(5.207660880898,11.407033905609));
#1629 = CARTESIAN_POINT('',(5.171992731058,11.289931483083));
#1630 = CARTESIAN_POINT('',(5.136279044096,11.180842671007));
#1631 = CARTESIAN_POINT('',(5.100542544925,11.079999654487));
#1632 = CARTESIAN_POINT('',(5.064806045754,10.98760360002));
#1633 = CARTESIAN_POINT('',(5.029092358792,10.90382332177));
#1634 = CARTESIAN_POINT('',(4.993424208951,10.82879425663));
#1635 = CARTESIAN_POINT('',(4.957824147429,10.762617763472));
#1636 = CARTESIAN_POINT('',(4.922314466775,10.705360745608));
#1637 = CARTESIAN_POINT('',(4.886917119008,10.65705562803));
#1638 = CARTESIAN_POINT('',(4.85165363466,10.617700571995));
#1639 = CARTESIAN_POINT('',(4.816545054163,10.587260337961));
#1640 = CARTESIAN_POINT('',(4.781611832125,10.5656662095));
#1641 = CARTESIAN_POINT('',(4.746873864679,10.552820824395));
#1642 = CARTESIAN_POINT('',(4.723858009506,10.549997604646));
#1643 = CARTESIAN_POINT('',(4.712388980385,10.550000000118));
#1644 = ( GEOMETRIC_REPRESENTATION_CONTEXT(2) 
PARAMETRIC_REPRESENTATION_CONTEXT() REPRESENTATION_CONTEXT('2D SPACE',''
  ) );
#1645 = PCURVE('',#1646,#1651);
#1646 = PLANE('',#1647);
#1647 = AXIS2_PLACEMENT_3D('',#1648,#1649,#1650);
#1648 = CARTESIAN_POINT('',(23.205306458666,1.527494037966,
    -17.80862617986));
#1649 = DIRECTION('',(4.365518434471E-16,-0.544639035015,0.838670567945)
  );
#1650 = DIRECTION('',(0.,-0.838670567945,-0.544639035015));
#1651 = DEFINITIONAL_REPRESENTATION('',(#1652),#1657);
#1652 = ( BOUNDED_CURVE() B_SPLINE_CURVE(3,(#1653,#1654,#1655,#1656),
.UNSPECIFIED.,.F.,.F.) B_SPLINE_CURVE_WITH_KNOTS((4,4),(0.,1.),
.PIECEWISE_BEZIER_KNOTS.) CURVE() GEOMETRIC_REPRESENTATION_ITEM() 
RATIONAL_B_SPLINE_CURVE((1.,0.950406317449,0.950406317449,1.)) 
REPRESENTATION_ITEM('') );
#1653 = CARTESIAN_POINT('',(-0.743965668403,4.251836037425));
#1654 = CARTESIAN_POINT('',(1.69577872435,2.168148769648));
#1655 = CARTESIAN_POINT('',(3.013691113733,-0.534955630579));
#1656 = CARTESIAN_POINT('',(3.013691113733,-3.455306458666));
#1657 = ( GEOMETRIC_REPRESENTATION_CONTEXT(2) 
PARAMETRIC_REPRESENTATION_CONTEXT() REPRESENTATION_CONTEXT('2D SPACE',''
  ) );
#1658 = ORIENTED_EDGE('',*,*,#1659,.F.);
#1659 = EDGE_CURVE('',#1660,#1608,#1662,.T.);
#1660 = VERTEX_POINT('',#1661);
#1661 = CARTESIAN_POINT('',(19.75,-1.,-27.44746873419));
#1662 = SURFACE_CURVE('',#1663,(#1667,#1674),.PCURVE_S1.);
#1663 = LINE('',#1664,#1665);
#1664 = CARTESIAN_POINT('',(19.75,-1.,-30.));
#1665 = VECTOR('',#1666,1.);
#1666 = DIRECTION('',(0.,0.,1.));
#1667 = PCURVE('',#584,#1668);
#1668 = DEFINITIONAL_REPRESENTATION('',(#1669),#1673);
#1669 = LINE('',#1670,#1671);
#1670 = CARTESIAN_POINT('',(4.712388980385,0.));
#1671 = VECTOR('',#1672,1.);
#1672 = DIRECTION('',(0.,1.));
#1673 = ( GEOMETRIC_REPRESENTATION_CONTEXT(2) 
PARAMETRIC_REPRESENTATION_CONTEXT() REPRESENTATION_CONTEXT('2D SPACE',''
  ) );
#1674 = PCURVE('',#420,#1675);
#1675 = DEFINITIONAL_REPRESENTATION('',(#1676),#1680);
#1676 = LINE('',#1677,#1678);
#1677 = CARTESIAN_POINT('',(23.7,59.75));
#1678 = VECTOR('',#1679,1.);
#1679 = DIRECTION('',(-1.,0.));
#1680 = ( GEOMETRIC_REPRESENTATION_CONTEXT(2) 
PARAMETRIC_REPRESENTATION_CONTEXT() REPRESENTATION_CONTEXT('2D SPACE',''
  ) );
#1681 = ORIENTED_EDGE('',*,*,#1682,.T.);
#1682 = EDGE_CURVE('',#1660,#1536,#1683,.T.);
#1683 = SURFACE_CURVE('',#1684,(#1689,#1718),.PCURVE_S1.);
#1684 = ( BOUNDED_CURVE() B_SPLINE_CURVE(3,(#1685,#1686,#1687,#1688),
.UNSPECIFIED.,.F.,.F.) B_SPLINE_CURVE_WITH_KNOTS((4,4),(3.14159265359,
4.712388980385),.PIECEWISE_BEZIER_KNOTS.) CURVE() 
GEOMETRIC_REPRESENTATION_ITEM() RATIONAL_B_SPLINE_CURVE((1.,
0.804737854124,0.804737854124,1.)) REPRESENTATION_ITEM('') );
#1685 = CARTESIAN_POINT('',(19.75,-1.,-27.44746873419));
#1686 = CARTESIAN_POINT('',(26.193650813896,-1.,-27.44746873419));
#1687 = CARTESIAN_POINT('',(30.75,3.556349186104,-24.56923900525));
#1688 = CARTESIAN_POINT('',(30.75,10.,-20.49880748697));
#1689 = PCURVE('',#584,#1690);
#1690 = DEFINITIONAL_REPRESENTATION('',(#1691),#1717);
#1691 = B_SPLINE_CURVE_WITH_KNOTS('',3,(#1692,#1693,#1694,#1695,#1696,
    #1697,#1698,#1699,#1700,#1701,#1702,#1703,#1704,#1705,#1706,#1707,
    #1708,#1709,#1710,#1711,#1712,#1713,#1714,#1715,#1716),
  .UNSPECIFIED.,.F.,.F.,(4,1,1,1,1,1,1,1,1,1,1,1,1,1,1,1,1,1,1,1,1,1,4),
  (3.14159265359,3.212992486626,3.284392319662,3.355792152698,
    3.427191985734,3.49859181877,3.569991651807,3.641391484843,
    3.712791317879,3.784191150915,3.855590983951,3.926990816987,
    3.998390650023,4.06979048306,4.141190316096,4.212590149132,
    4.283989982168,4.355389815204,4.42678964824,4.498189481276,
    4.569589314312,4.640989147349,4.712388980385),
  .QUASI_UNIFORM_KNOTS.);
#1692 = CARTESIAN_POINT('',(4.712388980385,2.55253126581));
#1693 = CARTESIAN_POINT('',(4.733814923954,2.552508699748));
#1694 = CARTESIAN_POINT('',(4.777243163992,2.562118195879));
#1695 = CARTESIAN_POINT('',(4.844021017882,2.607397761094));
#1696 = CARTESIAN_POINT('',(4.912348120387,2.685569671197));
#1697 = CARTESIAN_POINT('',(4.982112607539,2.798221393413));
#1698 = CARTESIAN_POINT('',(5.053185782851,2.946547165673));
#1699 = CARTESIAN_POINT('',(5.125420362128,3.131237273));
#1700 = CARTESIAN_POINT('',(5.198652238148,3.352422946341));
#1701 = CARTESIAN_POINT('',(5.272702021442,3.609626676596));
#1702 = CARTESIAN_POINT('',(5.347377344715,3.90173752013));
#1703 = CARTESIAN_POINT('',(5.422475607275,4.227010896137));
#1704 = CARTESIAN_POINT('',(5.497787143782,4.583095724616));
#1705 = CARTESIAN_POINT('',(5.57309868029,4.967088355101));
#1706 = CARTESIAN_POINT('',(5.648196942849,5.375610947424));
#1707 = CARTESIAN_POINT('',(5.722872266123,5.804909892879));
#1708 = CARTESIAN_POINT('',(5.796922049417,6.25096828353));
#1709 = CARTESIAN_POINT('',(5.870153925436,6.70962561934));
#1710 = CARTESIAN_POINT('',(5.942388504713,7.176697165722));
#1711 = CARTESIAN_POINT('',(6.013461680026,7.648087840519));
#1712 = CARTESIAN_POINT('',(6.083226167177,8.119889084253));
#1713 = CARTESIAN_POINT('',(6.151553269682,8.588476555202));
#1714 = CARTESIAN_POINT('',(6.218331123573,9.05052394906));
#1715 = CARTESIAN_POINT('',(6.26175936361,9.352333833454));
#1716 = CARTESIAN_POINT('',(6.28318530718,9.501192513023));
#1717 = ( GEOMETRIC_REPRESENTATION_CONTEXT(2) 
PARAMETRIC_REPRESENTATION_CONTEXT() REPRESENTATION_CONTEXT('2D SPACE',''
  ) );
#1718 = PCURVE('',#763,#1719);
#1719 = DEFINITIONAL_REPRESENTATION('',(#1720),#1746);
#1720 = B_SPLINE_CURVE_WITH_KNOTS('',3,(#1721,#1722,#1723,#1724,#1725,
    #1726,#1727,#1728,#1729,#1730,#1731,#1732,#1733,#1734,#1735,#1736,
    #1737,#1738,#1739,#1740,#1741,#1742,#1743,#1744,#1745),
  .UNSPECIFIED.,.F.,.F.,(4,1,1,1,1,1,1,1,1,1,1,1,1,1,1,1,1,1,1,1,1,1,4),
  (3.14159265359,3.212992486626,3.284392319662,3.355792152698,
    3.427191985734,3.49859181877,3.569991651807,3.641391484843,
    3.712791317879,3.784191150915,3.855590983951,3.926990816987,
    3.998390650023,4.06979048306,4.141190316096,4.212590149132,
    4.283989982168,4.355389815204,4.42678964824,4.498189481276,
    4.569589314312,4.640989147349,4.712388980385),
  .QUASI_UNIFORM_KNOTS.);
#1721 = CARTESIAN_POINT('',(3.14159265359,0.));
#1722 = CARTESIAN_POINT('',(3.120166839655,2.023490498529E-05));
#1723 = CARTESIAN_POINT('',(3.076738816719,4.376366467057E-05));
#1724 = CARTESIAN_POINT('',(3.009961184671,5.454506231249E-05));
#1725 = CARTESIAN_POINT('',(2.941633290224,-2.823145616407E-05));
#1726 = CARTESIAN_POINT('',(2.871869351701,6.01394762165E-05));
#1727 = CARTESIAN_POINT('',(2.800796463116,4.46564300628E-05));
#1728 = CARTESIAN_POINT('',(2.728560744377,-6.730570857355E-05));
#1729 = CARTESIAN_POINT('',(2.655330896479,3.951809114791E-04));
#1730 = CARTESIAN_POINT('',(2.581288729458,7.12253600092E-04));
#1731 = CARTESIAN_POINT('',(2.50661764077,6.215779980323E-04));
#1732 = CARTESIAN_POINT('',(2.431512749043,2.132526225326E-04));
#1733 = CARTESIAN_POINT('',(2.356192508185,-1.041261172952E-04));
#1734 = CARTESIAN_POINT('',(2.280884159372,2.03251846626E-04));
#1735 = CARTESIAN_POINT('',(2.205791481612,4.628647982081E-04));
#1736 = CARTESIAN_POINT('',(2.131120542683,4.369273710543E-04));
#1737 = CARTESIAN_POINT('',(2.057067287558,1.926728156309E-04));
#1738 = CARTESIAN_POINT('',(1.98382686275,-4.145979925098E-05));
#1739 = CARTESIAN_POINT('',(1.911592454474,4.726933585562E-05));
#1740 = CARTESIAN_POINT('',(1.840515651952,1.760030372182E-04));
#1741 = CARTESIAN_POINT('',(1.77075022666,1.714371161428E-04));
#1742 = CARTESIAN_POINT('',(1.702422311008,8.109730372193E-05));
#1743 = CARTESIAN_POINT('',(1.63564369616,8.189708368248E-06));
#1744 = CARTESIAN_POINT('',(1.592218881718,-8.330168510764E-06));
#1745 = CARTESIAN_POINT('',(1.570796326795,0.));
#1746 = ( GEOMETRIC_REPRESENTATION_CONTEXT(2) 
PARAMETRIC_REPRESENTATION_CONTEXT() REPRESENTATION_CONTEXT('2D SPACE',''
  ) );
#1747 = ORIENTED_EDGE('',*,*,#1535,.T.);
#1748 = ADVANCED_FACE('',(#1749),#420,.T.);
#1749 = FACE_BOUND('',#1750,.T.);
#1750 = EDGE_LOOP('',(#1751,#1752,#1775,#1796,#1797,#1818,#1819,#1842));
#1751 = ORIENTED_EDGE('',*,*,#404,.F.);
#1752 = ORIENTED_EDGE('',*,*,#1753,.F.);
#1753 = EDGE_CURVE('',#1754,#377,#1756,.T.);
#1754 = VERTEX_POINT('',#1755);
#1755 = CARTESIAN_POINT('',(-15.1,-1.,-19.45));
#1756 = SURFACE_CURVE('',#1757,(#1761,#1768),.PCURVE_S1.);
#1757 = LINE('',#1758,#1759);
#1758 = CARTESIAN_POINT('',(-15.1,-1.,-19.45));
#1759 = VECTOR('',#1760,1.);
#1760 = DIRECTION('',(-0.,-0.,-1.));
#1761 = PCURVE('',#420,#1762);
#1762 = DEFINITIONAL_REPRESENTATION('',(#1763),#1767);
#1763 = LINE('',#1764,#1765);
#1764 = CARTESIAN_POINT('',(13.15,24.9));
#1765 = VECTOR('',#1766,1.);
#1766 = DIRECTION('',(1.,0.));
#1767 = ( GEOMETRIC_REPRESENTATION_CONTEXT(2) 
PARAMETRIC_REPRESENTATION_CONTEXT() REPRESENTATION_CONTEXT('2D SPACE',''
  ) );
#1768 = PCURVE('',#392,#1769);
#1769 = DEFINITIONAL_REPRESENTATION('',(#1770),#1774);
#1770 = LINE('',#1771,#1772);
#1771 = CARTESIAN_POINT('',(-0.,-1.998401444325E-15));
#1772 = VECTOR('',#1773,1.);
#1773 = DIRECTION('',(1.,-0.));
#1774 = ( GEOMETRIC_REPRESENTATION_CONTEXT(2) 
PARAMETRIC_REPRESENTATION_CONTEXT() REPRESENTATION_CONTEXT('2D SPACE',''
  ) );
#1775 = ORIENTED_EDGE('',*,*,#1776,.T.);
#1776 = EDGE_CURVE('',#1754,#1110,#1777,.T.);
#1777 = SURFACE_CURVE('',#1778,(#1782,#1789),.PCURVE_S1.);
#1778 = LINE('',#1779,#1780);
#1779 = CARTESIAN_POINT('',(-30.76,-1.,-19.45));
#1780 = VECTOR('',#1781,1.);
#1781 = DIRECTION('',(-1.,-5.129558665523E-16,-3.331174347143E-16));
#1782 = PCURVE('',#420,#1783);
#1783 = DEFINITIONAL_REPRESENTATION('',(#1784),#1788);
#1784 = LINE('',#1785,#1786);
#1785 = CARTESIAN_POINT('',(13.15,9.24));
#1786 = VECTOR('',#1787,1.);
#1787 = DIRECTION('',(3.331174347143E-16,-1.));
#1788 = ( GEOMETRIC_REPRESENTATION_CONTEXT(2) 
PARAMETRIC_REPRESENTATION_CONTEXT() REPRESENTATION_CONTEXT('2D SPACE',''
  ) );
#1789 = PCURVE('',#1171,#1790);
#1790 = DEFINITIONAL_REPRESENTATION('',(#1791),#1795);
#1791 = LINE('',#1792,#1793);
#1792 = CARTESIAN_POINT('',(3.013691113797,-7.554693541334));
#1793 = VECTOR('',#1794,1.);
#1794 = DIRECTION('',(6.116297461218E-16,-1.));
#1795 = ( GEOMETRIC_REPRESENTATION_CONTEXT(2) 
PARAMETRIC_REPRESENTATION_CONTEXT() REPRESENTATION_CONTEXT('2D SPACE',''
  ) );
#1796 = ORIENTED_EDGE('',*,*,#1107,.F.);
#1797 = ORIENTED_EDGE('',*,*,#1798,.T.);
#1798 = EDGE_CURVE('',#1108,#1660,#1799,.T.);
#1799 = SURFACE_CURVE('',#1800,(#1804,#1811),.PCURVE_S1.);
#1800 = LINE('',#1801,#1802);
#1801 = CARTESIAN_POINT('',(-40.,-1.,-27.44746873419));
#1802 = VECTOR('',#1803,1.);
#1803 = DIRECTION('',(1.,-0.,-0.));
#1804 = PCURVE('',#420,#1805);
#1805 = DEFINITIONAL_REPRESENTATION('',(#1806),#1810);
#1806 = LINE('',#1807,#1808);
#1807 = CARTESIAN_POINT('',(21.14746873419,0.));
#1808 = VECTOR('',#1809,1.);
#1809 = DIRECTION('',(0.,1.));
#1810 = ( GEOMETRIC_REPRESENTATION_CONTEXT(2) 
PARAMETRIC_REPRESENTATION_CONTEXT() REPRESENTATION_CONTEXT('2D SPACE',''
  ) );
#1811 = PCURVE('',#845,#1812);
#1812 = DEFINITIONAL_REPRESENTATION('',(#1813),#1817);
#1813 = LINE('',#1814,#1815);
#1814 = CARTESIAN_POINT('',(4.712388980385,9.25));
#1815 = VECTOR('',#1816,1.);
#1816 = DIRECTION('',(0.,-1.));
#1817 = ( GEOMETRIC_REPRESENTATION_CONTEXT(2) 
PARAMETRIC_REPRESENTATION_CONTEXT() REPRESENTATION_CONTEXT('2D SPACE',''
  ) );
#1818 = ORIENTED_EDGE('',*,*,#1659,.T.);
#1819 = ORIENTED_EDGE('',*,*,#1820,.T.);
#1820 = EDGE_CURVE('',#1608,#1821,#1823,.T.);
#1821 = VERTEX_POINT('',#1822);
#1822 = CARTESIAN_POINT('',(15.1,-1.,-19.45));
#1823 = SURFACE_CURVE('',#1824,(#1828,#1835),.PCURVE_S1.);
#1824 = LINE('',#1825,#1826);
#1825 = CARTESIAN_POINT('',(-30.76,-1.,-19.45));
#1826 = VECTOR('',#1827,1.);
#1827 = DIRECTION('',(-1.,5.129558665523E-16,3.331174347143E-16));
#1828 = PCURVE('',#420,#1829);
#1829 = DEFINITIONAL_REPRESENTATION('',(#1830),#1834);
#1830 = LINE('',#1831,#1832);
#1831 = CARTESIAN_POINT('',(13.15,9.24));
#1832 = VECTOR('',#1833,1.);
#1833 = DIRECTION('',(-3.331174347143E-16,-1.));
#1834 = ( GEOMETRIC_REPRESENTATION_CONTEXT(2) 
PARAMETRIC_REPRESENTATION_CONTEXT() REPRESENTATION_CONTEXT('2D SPACE',''
  ) );
#1835 = PCURVE('',#1646,#1836);
#1836 = DEFINITIONAL_REPRESENTATION('',(#1837),#1841);
#1837 = LINE('',#1838,#1839);
#1838 = CARTESIAN_POINT('',(3.013691113797,-53.96530645866));
#1839 = VECTOR('',#1840,1.);
#1840 = DIRECTION('',(-6.116297461218E-16,-1.));
#1841 = ( GEOMETRIC_REPRESENTATION_CONTEXT(2) 
PARAMETRIC_REPRESENTATION_CONTEXT() REPRESENTATION_CONTEXT('2D SPACE',''
  ) );
#1842 = ORIENTED_EDGE('',*,*,#1843,.T.);
#1843 = EDGE_CURVE('',#1821,#405,#1844,.T.);
#1844 = SURFACE_CURVE('',#1845,(#1849,#1856),.PCURVE_S1.);
#1845 = LINE('',#1846,#1847);
#1846 = CARTESIAN_POINT('',(15.1,-1.,-19.45));
#1847 = VECTOR('',#1848,1.);
#1848 = DIRECTION('',(-0.,-0.,-1.));
#1849 = PCURVE('',#420,#1850);
#1850 = DEFINITIONAL_REPRESENTATION('',(#1851),#1855);
#1851 = LINE('',#1852,#1853);
#1852 = CARTESIAN_POINT('',(13.15,55.1));
#1853 = VECTOR('',#1854,1.);
#1854 = DIRECTION('',(1.,0.));
#1855 = ( GEOMETRIC_REPRESENTATION_CONTEXT(2) 
PARAMETRIC_REPRESENTATION_CONTEXT() REPRESENTATION_CONTEXT('2D SPACE',''
  ) );
#1856 = PCURVE('',#448,#1857);
#1857 = DEFINITIONAL_REPRESENTATION('',(#1858),#1862);
#1858 = LINE('',#1859,#1860);
#1859 = CARTESIAN_POINT('',(0.,-1.998401444325E-15));
#1860 = VECTOR('',#1861,1.);
#1861 = DIRECTION('',(-1.,0.));
#1862 = ( GEOMETRIC_REPRESENTATION_CONTEXT(2) 
PARAMETRIC_REPRESENTATION_CONTEXT() REPRESENTATION_CONTEXT('2D SPACE',''
  ) );
#1863 = ADVANCED_FACE('',(#1864),#845,.T.);
#1864 = FACE_BOUND('',#1865,.T.);
#1865 = EDGE_LOOP('',(#1866,#1867,#1911,#1912));
#1866 = ORIENTED_EDGE('',*,*,#829,.F.);
#1867 = ORIENTED_EDGE('',*,*,#1868,.T.);
#1868 = EDGE_CURVE('',#746,#1660,#1869,.T.);
#1869 = SURFACE_CURVE('',#1870,(#1875,#1882),.PCURVE_S1.);
#1870 = CIRCLE('',#1871,0.3);
#1871 = AXIS2_PLACEMENT_3D('',#1872,#1873,#1874);
#1872 = CARTESIAN_POINT('',(19.75,-0.7,-27.44746873419));
#1873 = DIRECTION('',(-1.,1.156482317318E-14,7.510283982649E-15));
#1874 = DIRECTION('',(-1.156482317318E-14,-1.,1.12103877146E-44));
#1875 = PCURVE('',#845,#1876);
#1876 = DEFINITIONAL_REPRESENTATION('',(#1877),#1881);
#1877 = LINE('',#1878,#1879);
#1878 = CARTESIAN_POINT('',(-1.570796326795,-50.5));
#1879 = VECTOR('',#1880,1.);
#1880 = DIRECTION('',(1.,3.309845522173E-15));
#1881 = ( GEOMETRIC_REPRESENTATION_CONTEXT(2) 
PARAMETRIC_REPRESENTATION_CONTEXT() REPRESENTATION_CONTEXT('2D SPACE',''
  ) );
#1882 = PCURVE('',#763,#1883);
#1883 = DEFINITIONAL_REPRESENTATION('',(#1884),#1910);
#1884 = B_SPLINE_CURVE_WITH_KNOTS('',3,(#1885,#1886,#1887,#1888,#1889,
    #1890,#1891,#1892,#1893,#1894,#1895,#1896,#1897,#1898,#1899,#1900,
    #1901,#1902,#1903,#1904,#1905,#1906,#1907,#1908,#1909),
  .UNSPECIFIED.,.F.,.F.,(4,1,1,1,1,1,1,1,1,1,1,1,1,1,1,1,1,1,1,1,1,1,4),
  (4.136430327227,4.234010099043,4.331589870859,4.429169642675,
    4.526749414491,4.624329186307,4.721908958123,4.819488729939,
    4.917068501755,5.014648273571,5.112228045387,5.209807817203,
    5.307387589019,5.404967360835,5.502547132651,5.600126904467,
    5.697706676283,5.795286448099,5.892866219915,5.990445991731,
    6.088025763547,6.185605535364,6.28318530718),.QUASI_UNIFORM_KNOTS.);
#1885 = CARTESIAN_POINT('',(3.14159265359,1.));
#1886 = CARTESIAN_POINT('',(3.14159265359,0.981500004265));
#1887 = CARTESIAN_POINT('',(3.14159265359,0.945551465842));
#1888 = CARTESIAN_POINT('',(3.14159265359,0.894360248229));
#1889 = CARTESIAN_POINT('',(3.14159265359,0.845453751338));
#1890 = CARTESIAN_POINT('',(3.14159265359,0.798469456513));
#1891 = CARTESIAN_POINT('',(3.14159265359,0.753083785257));
#1892 = CARTESIAN_POINT('',(3.14159265359,0.709011329611));
#1893 = CARTESIAN_POINT('',(3.14159265359,0.665994642718));
#1894 = CARTESIAN_POINT('',(3.14159265359,0.62379842543));
#1895 = CARTESIAN_POINT('',(3.14159265359,0.58220391053));
#1896 = CARTESIAN_POINT('',(3.14159265359,0.541004192025));
#1897 = CARTESIAN_POINT('',(3.14159265359,0.5));
#1898 = CARTESIAN_POINT('',(3.14159265359,0.458995807975));
#1899 = CARTESIAN_POINT('',(3.14159265359,0.41779608947));
#1900 = CARTESIAN_POINT('',(3.14159265359,0.37620157457));
#1901 = CARTESIAN_POINT('',(3.14159265359,0.334005357282));
#1902 = CARTESIAN_POINT('',(3.14159265359,0.290988670389));
#1903 = CARTESIAN_POINT('',(3.14159265359,0.246916214743));
#1904 = CARTESIAN_POINT('',(3.14159265359,0.201530543487));
#1905 = CARTESIAN_POINT('',(3.14159265359,0.154546248662));
#1906 = CARTESIAN_POINT('',(3.14159265359,0.105639751771));
#1907 = CARTESIAN_POINT('',(3.14159265359,5.444853415799E-02));
#1908 = CARTESIAN_POINT('',(3.14159265359,1.849999573458E-02));
#1909 = CARTESIAN_POINT('',(3.14159265359,0.));
#1910 = ( GEOMETRIC_REPRESENTATION_CONTEXT(2) 
PARAMETRIC_REPRESENTATION_CONTEXT() REPRESENTATION_CONTEXT('2D SPACE',''
  ) );
#1911 = ORIENTED_EDGE('',*,*,#1798,.F.);
#1912 = ORIENTED_EDGE('',*,*,#1913,.F.);
#1913 = EDGE_CURVE('',#830,#1108,#1914,.T.);
#1914 = SURFACE_CURVE('',#1915,(#1920,#1927),.PCURVE_S1.);
#1915 = CIRCLE('',#1916,0.3);
#1916 = AXIS2_PLACEMENT_3D('',#1917,#1918,#1919);
#1917 = CARTESIAN_POINT('',(-19.75,-0.7,-27.44746873419));
#1918 = DIRECTION('',(-1.,0.,-0.));
#1919 = DIRECTION('',(-0.,0.,1.));
#1920 = PCURVE('',#845,#1921);
#1921 = DEFINITIONAL_REPRESENTATION('',(#1922),#1926);
#1922 = LINE('',#1923,#1924);
#1923 = CARTESIAN_POINT('',(2.84217094304E-14,-11.));
#1924 = VECTOR('',#1925,1.);
#1925 = DIRECTION('',(1.,0.));
#1926 = ( GEOMETRIC_REPRESENTATION_CONTEXT(2) 
PARAMETRIC_REPRESENTATION_CONTEXT() REPRESENTATION_CONTEXT('2D SPACE',''
  ) );
#1927 = PCURVE('',#875,#1928);
#1928 = DEFINITIONAL_REPRESENTATION('',(#1929),#1955);
#1929 = B_SPLINE_CURVE_WITH_KNOTS('',3,(#1930,#1931,#1932,#1933,#1934,
    #1935,#1936,#1937,#1938,#1939,#1940,#1941,#1942,#1943,#1944,#1945,
    #1946,#1947,#1948,#1949,#1950,#1951,#1952,#1953,#1954),
  .UNSPECIFIED.,.F.,.F.,(4,1,1,1,1,1,1,1,1,1,1,1,1,1,1,1,1,1,1,1,1,1,4),
  (2.565634000432,2.663213772248,2.760793544064,2.85837331588,
    2.955953087696,3.053532859512,3.151112631328,3.248692403144,
    3.34627217496,3.443851946776,3.541431718592,3.639011490408,
    3.736591262224,3.83417103404,3.931750805856,4.029330577672,
    4.126910349488,4.224490121304,4.322069893121,4.419649664937,
    4.517229436753,4.614809208569,4.712388980385),
  .QUASI_UNIFORM_KNOTS.);
#1930 = CARTESIAN_POINT('',(3.14159265359,1.));
#1931 = CARTESIAN_POINT('',(3.14159265359,0.981500004265));
#1932 = CARTESIAN_POINT('',(3.14159265359,0.945551465842));
#1933 = CARTESIAN_POINT('',(3.14159265359,0.894360248229));
#1934 = CARTESIAN_POINT('',(3.14159265359,0.845453751338));
#1935 = CARTESIAN_POINT('',(3.14159265359,0.798469456513));
#1936 = CARTESIAN_POINT('',(3.14159265359,0.753083785257));
#1937 = CARTESIAN_POINT('',(3.14159265359,0.709011329611));
#1938 = CARTESIAN_POINT('',(3.14159265359,0.665994642718));
#1939 = CARTESIAN_POINT('',(3.14159265359,0.62379842543));
#1940 = CARTESIAN_POINT('',(3.14159265359,0.58220391053));
#1941 = CARTESIAN_POINT('',(3.14159265359,0.541004192025));
#1942 = CARTESIAN_POINT('',(3.14159265359,0.5));
#1943 = CARTESIAN_POINT('',(3.14159265359,0.458995807975));
#1944 = CARTESIAN_POINT('',(3.14159265359,0.41779608947));
#1945 = CARTESIAN_POINT('',(3.14159265359,0.37620157457));
#1946 = CARTESIAN_POINT('',(3.14159265359,0.334005357282));
#1947 = CARTESIAN_POINT('',(3.14159265359,0.290988670389));
#1948 = CARTESIAN_POINT('',(3.14159265359,0.246916214743));
#1949 = CARTESIAN_POINT('',(3.14159265359,0.201530543487));
#1950 = CARTESIAN_POINT('',(3.14159265359,0.154546248662));
#1951 = CARTESIAN_POINT('',(3.14159265359,0.105639751771));
#1952 = CARTESIAN_POINT('',(3.14159265359,5.444853415799E-02));
#1953 = CARTESIAN_POINT('',(3.14159265359,1.849999573458E-02));
#1954 = CARTESIAN_POINT('',(3.14159265359,0.));
#1955 = ( GEOMETRIC_REPRESENTATION_CONTEXT(2) 
PARAMETRIC_REPRESENTATION_CONTEXT() REPRESENTATION_CONTEXT('2D SPACE',''
  ) );
#1956 = ADVANCED_FACE('',(#1957),#875,.T.);
#1957 = FACE_BOUND('',#1958,.T.);
#1958 = EDGE_LOOP('',(#1959,#2003,#2004,#2005));
#1959 = ORIENTED_EDGE('',*,*,#1960,.F.);
#1960 = EDGE_CURVE('',#858,#1037,#1961,.T.);
#1961 = SURFACE_CURVE('',#1962,(#1967,#1996),.PCURVE_S1.);
#1962 = CIRCLE('',#1963,0.3);
#1963 = AXIS2_PLACEMENT_3D('',#1964,#1965,#1966);
#1964 = CARTESIAN_POINT('',(-30.45,10.,-20.49880748697));
#1965 = DIRECTION('',(4.849538409419E-15,0.838670567945,0.544639035015)
  );
#1966 = DIRECTION('',(-7.88860905221E-30,-0.544639035015,0.838670567945)
  );
#1967 = PCURVE('',#875,#1968);
#1968 = DEFINITIONAL_REPRESENTATION('',(#1969),#1995);
#1969 = B_SPLINE_CURVE_WITH_KNOTS('',3,(#1970,#1971,#1972,#1973,#1974,
    #1975,#1976,#1977,#1978,#1979,#1980,#1981,#1982,#1983,#1984,#1985,
    #1986,#1987,#1988,#1989,#1990,#1991,#1992,#1993,#1994),
  .UNSPECIFIED.,.F.,.F.,(4,1,1,1,1,1,1,1,1,1,1,1,1,1,1,1,1,1,1,1,1,1,4),
  (3.14159265359,3.212992486626,3.284392319662,3.355792152698,
    3.427191985734,3.49859181877,3.569991651807,3.641391484843,
    3.712791317879,3.784191150915,3.855590983951,3.926990816987,
    3.998390650023,4.06979048306,4.141190316096,4.212590149132,
    4.283989982168,4.355389815204,4.42678964824,4.498189481276,
    4.569589314312,4.640989147349,4.712388980385),
  .QUASI_UNIFORM_KNOTS.);
#1970 = CARTESIAN_POINT('',(4.712388980385,1.));
#1971 = CARTESIAN_POINT('',(4.712388980385,0.983172198663));
#1972 = CARTESIAN_POINT('',(4.712388980385,0.950009297011));
#1973 = CARTESIAN_POINT('',(4.712388980385,0.901574474096));
#1974 = CARTESIAN_POINT('',(4.712388980385,0.854275086925));
#1975 = CARTESIAN_POINT('',(4.712388980385,0.807956362777));
#1976 = CARTESIAN_POINT('',(4.712388980385,0.762473275577));
#1977 = CARTESIAN_POINT('',(4.712388980385,0.717690577461));
#1978 = CARTESIAN_POINT('',(4.712388980385,0.673480563786));
#1979 = CARTESIAN_POINT('',(4.712388980385,0.629721689409));
#1980 = CARTESIAN_POINT('',(4.712388980385,0.586297147708));
#1981 = CARTESIAN_POINT('',(4.712388980385,0.543093605115));
#1982 = CARTESIAN_POINT('',(4.712388980385,0.5));
#1983 = CARTESIAN_POINT('',(4.712388980385,0.456906394885));
#1984 = CARTESIAN_POINT('',(4.712388980385,0.413702852292));
#1985 = CARTESIAN_POINT('',(4.712388980385,0.370278310591));
#1986 = CARTESIAN_POINT('',(4.712388980385,0.326519436214));
#1987 = CARTESIAN_POINT('',(4.712388980385,0.282309422539));
#1988 = CARTESIAN_POINT('',(4.712388980385,0.237526724423));
#1989 = CARTESIAN_POINT('',(4.712388980385,0.192043637223));
#1990 = CARTESIAN_POINT('',(4.712388980385,0.145724913075));
#1991 = CARTESIAN_POINT('',(4.712388980385,9.842552590406E-02));
#1992 = CARTESIAN_POINT('',(4.712388980385,4.999070298881E-02));
#1993 = CARTESIAN_POINT('',(4.712388980385,1.682780133705E-02));
#1994 = CARTESIAN_POINT('',(4.712388980385,0.));
#1995 = ( GEOMETRIC_REPRESENTATION_CONTEXT(2) 
PARAMETRIC_REPRESENTATION_CONTEXT() REPRESENTATION_CONTEXT('2D SPACE',''
  ) );
#1996 = PCURVE('',#957,#1997);
#1997 = DEFINITIONAL_REPRESENTATION('',(#1998),#2002);
#1998 = LINE('',#1999,#2000);
#1999 = CARTESIAN_POINT('',(9.424777960769,-13.31081849915));
#2000 = VECTOR('',#2001,1.);
#2001 = DIRECTION('',(-1.,0.));
#2002 = ( GEOMETRIC_REPRESENTATION_CONTEXT(2) 
PARAMETRIC_REPRESENTATION_CONTEXT() REPRESENTATION_CONTEXT('2D SPACE',''
  ) );
#2003 = ORIENTED_EDGE('',*,*,#857,.F.);
#2004 = ORIENTED_EDGE('',*,*,#1913,.T.);
#2005 = ORIENTED_EDGE('',*,*,#1207,.F.);
#2006 = ADVANCED_FACE('',(#2007),#957,.T.);
#2007 = FACE_BOUND('',#2008,.T.);
#2008 = EDGE_LOOP('',(#2009,#2053,#2054,#2055));
#2009 = ORIENTED_EDGE('',*,*,#2010,.F.);
#2010 = EDGE_CURVE('',#942,#1061,#2011,.T.);
#2011 = SURFACE_CURVE('',#2012,(#2017,#2024),.PCURVE_S1.);
#2012 = CIRCLE('',#2013,0.3);
#2013 = AXIS2_PLACEMENT_3D('',#2014,#2015,#2016);
#2014 = CARTESIAN_POINT('',(-30.45,19.555148913482,-14.29362122842));
#2015 = DIRECTION('',(0.,0.838670567945,0.544639035015));
#2016 = DIRECTION('',(0.,-0.544639035015,0.838670567945));
#2017 = PCURVE('',#957,#2018);
#2018 = DEFINITIONAL_REPRESENTATION('',(#2019),#2023);
#2019 = LINE('',#2020,#2021);
#2020 = CARTESIAN_POINT('',(9.424777960769,-24.70402732117));
#2021 = VECTOR('',#2022,1.);
#2022 = DIRECTION('',(-1.,0.));
#2023 = ( GEOMETRIC_REPRESENTATION_CONTEXT(2) 
PARAMETRIC_REPRESENTATION_CONTEXT() REPRESENTATION_CONTEXT('2D SPACE',''
  ) );
#2024 = PCURVE('',#985,#2025);
#2025 = DEFINITIONAL_REPRESENTATION('',(#2026),#2052);
#2026 = B_SPLINE_CURVE_WITH_KNOTS('',3,(#2027,#2028,#2029,#2030,#2031,
    #2032,#2033,#2034,#2035,#2036,#2037,#2038,#2039,#2040,#2041,#2042,
    #2043,#2044,#2045,#2046,#2047,#2048,#2049,#2050,#2051),
  .UNSPECIFIED.,.F.,.F.,(4,1,1,1,1,1,1,1,1,1,1,1,1,1,1,1,1,1,1,1,1,1,4),
  (3.14159265359,3.212992486626,3.284392319662,3.355792152698,
    3.427191985734,3.49859181877,3.569991651807,3.641391484843,
    3.712791317879,3.784191150915,3.855590983951,3.926990816987,
    3.998390650023,4.06979048306,4.141190316096,4.212590149132,
    4.283989982168,4.355389815204,4.42678964824,4.498189481276,
    4.569589314312,4.640989147349,4.712388980385),
  .QUASI_UNIFORM_KNOTS.);
#2027 = CARTESIAN_POINT('',(4.712388980385,1.));
#2028 = CARTESIAN_POINT('',(4.712388980385,0.983172198663));
#2029 = CARTESIAN_POINT('',(4.712388980385,0.950009297011));
#2030 = CARTESIAN_POINT('',(4.712388980385,0.901574474096));
#2031 = CARTESIAN_POINT('',(4.712388980385,0.854275086925));
#2032 = CARTESIAN_POINT('',(4.712388980385,0.807956362777));
#2033 = CARTESIAN_POINT('',(4.712388980385,0.762473275577));
#2034 = CARTESIAN_POINT('',(4.712388980385,0.717690577461));
#2035 = CARTESIAN_POINT('',(4.712388980385,0.673480563786));
#2036 = CARTESIAN_POINT('',(4.712388980385,0.629721689409));
#2037 = CARTESIAN_POINT('',(4.712388980385,0.586297147708));
#2038 = CARTESIAN_POINT('',(4.712388980385,0.543093605115));
#2039 = CARTESIAN_POINT('',(4.712388980385,0.5));
#2040 = CARTESIAN_POINT('',(4.712388980385,0.456906394885));
#2041 = CARTESIAN_POINT('',(4.712388980385,0.413702852292));
#2042 = CARTESIAN_POINT('',(4.712388980385,0.370278310591));
#2043 = CARTESIAN_POINT('',(4.712388980385,0.326519436214));
#2044 = CARTESIAN_POINT('',(4.712388980385,0.282309422539));
#2045 = CARTESIAN_POINT('',(4.712388980385,0.237526724423));
#2046 = CARTESIAN_POINT('',(4.712388980385,0.192043637223));
#2047 = CARTESIAN_POINT('',(4.712388980385,0.145724913075));
#2048 = CARTESIAN_POINT('',(4.712388980385,9.842552590405E-02));
#2049 = CARTESIAN_POINT('',(4.712388980385,4.999070298881E-02));
#2050 = CARTESIAN_POINT('',(4.712388980385,1.682780133706E-02));
#2051 = CARTESIAN_POINT('',(4.712388980385,0.));
#2052 = ( GEOMETRIC_REPRESENTATION_CONTEXT(2) 
PARAMETRIC_REPRESENTATION_CONTEXT() REPRESENTATION_CONTEXT('2D SPACE',''
  ) );
#2053 = ORIENTED_EDGE('',*,*,#941,.F.);
#2054 = ORIENTED_EDGE('',*,*,#1960,.T.);
#2055 = ORIENTED_EDGE('',*,*,#1083,.F.);
#2056 = ADVANCED_FACE('',(#2057),#985,.T.);
#2057 = FACE_BOUND('',#2058,.T.);
#2058 = EDGE_LOOP('',(#2059,#2108,#2109,#2110));
#2059 = ORIENTED_EDGE('',*,*,#2060,.F.);
#2060 = EDGE_CURVE('',#622,#1277,#2061,.T.);
#2061 = SURFACE_CURVE('',#2062,(#2069,#2098),.PCURVE_S1.);
#2062 = B_SPLINE_CURVE_WITH_KNOTS('',3,(#2063,#2064,#2065,#2066,#2067,
    #2068),.UNSPECIFIED.,.F.,.F.,(4,2,4),(0.,2.072572714987E-04,
    4.145145429974E-04),.UNSPECIFIED.);
#2063 = CARTESIAN_POINT('',(-28.71283091779,26.650713053804,
    -10.04341698553));
#2064 = CARTESIAN_POINT('',(-28.78288784823,26.650713053804,
    -10.04341698553));
#2065 = CARTESIAN_POINT('',(-28.85177649173,26.639592563268,
    -10.02629293177));
#2066 = CARTESIAN_POINT('',(-28.96626351259,26.597145510452,
    -9.960930202327));
#2067 = CARTESIAN_POINT('',(-29.0111125686,26.565471235616,
    -9.912156096254));
#2068 = CARTESIAN_POINT('',(-29.0304248926,26.528692824,-9.855522308781)
  );
#2069 = PCURVE('',#985,#2070);
#2070 = DEFINITIONAL_REPRESENTATION('',(#2071),#2097);
#2071 = B_SPLINE_CURVE_WITH_KNOTS('',3,(#2072,#2073,#2074,#2075,#2076,
    #2077,#2078,#2079,#2080,#2081,#2082,#2083,#2084,#2085,#2086,#2087,
    #2088,#2089,#2090,#2091,#2092,#2093,#2094,#2095,#2096),
  .UNSPECIFIED.,.F.,.F.,(4,1,1,1,1,1,1,1,1,1,1,1,1,1,1,1,1,1,1,1,1,1,4),
  (0.,1.884157013625E-05,3.768314027249E-05,5.652471040874E-05,
    7.536628054499E-05,9.420785068124E-05,1.130494208175E-04,
    1.318909909537E-04,1.5073256109E-04,1.695741312262E-04,
    1.884157013625E-04,2.072572714987E-04,2.26098841635E-04,
    2.449404117712E-04,2.637819819075E-04,2.826235520437E-04,
    3.0146512218E-04,3.203066923162E-04,3.391482624524E-04,
    3.579898325887E-04,3.768314027249E-04,3.956729728612E-04,
    4.145145429974E-04),.QUASI_UNIFORM_KNOTS.);
#2072 = CARTESIAN_POINT('',(5.2034665045,0.99999910819));
#2073 = CARTESIAN_POINT('',(5.203312647256,0.984111527893));
#2074 = CARTESIAN_POINT('',(5.203005695294,0.952696449831));
#2075 = CARTESIAN_POINT('',(5.202548671649,0.906515117144));
#2076 = CARTESIAN_POINT('',(5.202096172246,0.861132115741));
#2077 = CARTESIAN_POINT('',(5.201649305732,0.816418457244));
#2078 = CARTESIAN_POINT('',(5.201209173575,0.772251149046));
#2079 = CARTESIAN_POINT('',(5.200776869645,0.728512483672));
#2080 = CARTESIAN_POINT('',(5.200353479606,0.685087589161));
#2081 = CARTESIAN_POINT('',(5.199940085861,0.641862746194));
#2082 = CARTESIAN_POINT('',(5.199537750752,0.598723189227));
#2083 = CARTESIAN_POINT('',(5.199147581468,0.555552793665));
#2084 = CARTESIAN_POINT('',(5.198770490147,0.512227127274));
#2085 = CARTESIAN_POINT('',(5.198408091741,0.468631376194));
#2086 = CARTESIAN_POINT('',(5.198062276879,0.424703079013));
#2087 = CARTESIAN_POINT('',(5.197734223737,0.380366063884));
#2088 = CARTESIAN_POINT('',(5.197425296296,0.335546986644));
#2089 = CARTESIAN_POINT('',(5.197136804934,0.290166954372));
#2090 = CARTESIAN_POINT('',(5.196870071947,0.244139648635));
#2091 = CARTESIAN_POINT('',(5.19662641547,0.197367361984));
#2092 = CARTESIAN_POINT('',(5.19640715531,0.149737510474));
#2093 = CARTESIAN_POINT('',(5.196213613187,0.101117528244));
#2094 = CARTESIAN_POINT('',(5.196047113892,5.135342034879E-02));
#2095 = CARTESIAN_POINT('',(5.195955030534,1.728598546486E-02));
#2096 = CARTESIAN_POINT('',(5.195913939487,-8.723277101868E-07));
#2097 = ( GEOMETRIC_REPRESENTATION_CONTEXT(2) 
PARAMETRIC_REPRESENTATION_CONTEXT() REPRESENTATION_CONTEXT('2D SPACE',''
  ) );
#2098 = PCURVE('',#124,#2099);
#2099 = DEFINITIONAL_REPRESENTATION('',(#2100),#2107);
#2100 = B_SPLINE_CURVE_WITH_KNOTS('',3,(#2101,#2102,#2103,#2104,#2105,
    #2106),.UNSPECIFIED.,.F.,.F.,(4,2,4),(0.,2.072572714987E-04,
    4.145145429974E-04),.UNSPECIFIED.);
#2101 = CARTESIAN_POINT('',(0.,2.037169082208));
#2102 = CARTESIAN_POINT('',(-7.105427357601E-15,1.967112151769));
#2103 = CARTESIAN_POINT('',(-2.04180931247E-02,1.898223508262));
#2104 = CARTESIAN_POINT('',(-9.835421243936E-02,1.783736487402));
#2105 = CARTESIAN_POINT('',(-0.156510666162,1.738887431395));
#2106 = CARTESIAN_POINT('',(-0.224038715479,1.719575107397));
#2107 = ( GEOMETRIC_REPRESENTATION_CONTEXT(2) 
PARAMETRIC_REPRESENTATION_CONTEXT() REPRESENTATION_CONTEXT('2D SPACE',''
  ) );
#2108 = ORIENTED_EDGE('',*,*,#969,.F.);
#2109 = ORIENTED_EDGE('',*,*,#2010,.T.);
#2110 = ORIENTED_EDGE('',*,*,#1323,.F.);
#2111 = ADVANCED_FACE('',(#2112),#669,.T.);
#2112 = FACE_BOUND('',#2113,.T.);
#2113 = EDGE_LOOP('',(#2114,#2163,#2164,#2208));
#2114 = ORIENTED_EDGE('',*,*,#2115,.F.);
#2115 = EDGE_CURVE('',#1397,#624,#2116,.T.);
#2116 = SURFACE_CURVE('',#2117,(#2124,#2153),.PCURVE_S1.);
#2117 = B_SPLINE_CURVE_WITH_KNOTS('',3,(#2118,#2119,#2120,#2121,#2122,
    #2123),.UNSPECIFIED.,.F.,.F.,(4,2,4),(1.734723475977E-18,
    2.07335540601E-04,4.14671081202E-04),.UNSPECIFIED.);
#2118 = CARTESIAN_POINT('',(29.030424892603,26.528692824,-9.855522308781
    ));
#2119 = CARTESIAN_POINT('',(29.011130822632,26.565436472625,
    -9.912102565942));
#2120 = CARTESIAN_POINT('',(28.966847783811,26.596894798735,
    -9.960544140139));
#2121 = CARTESIAN_POINT('',(28.851593032248,26.639694552267,
    -10.02644998106));
#2122 = CARTESIAN_POINT('',(28.78284270047,26.650713053804,
    -10.04341698553));
#2123 = CARTESIAN_POINT('',(28.712830917792,26.650713053804,
    -10.04341698553));
#2124 = PCURVE('',#669,#2125);
#2125 = DEFINITIONAL_REPRESENTATION('',(#2126),#2152);
#2126 = B_SPLINE_CURVE_WITH_KNOTS('',3,(#2127,#2128,#2129,#2130,#2131,
    #2132,#2133,#2134,#2135,#2136,#2137,#2138,#2139,#2140,#2141,#2142,
    #2143,#2144,#2145,#2146,#2147,#2148,#2149,#2150,#2151),
  .UNSPECIFIED.,.F.,.F.,(4,1,1,1,1,1,1,1,1,1,1,1,1,1,1,1,1,1,1,1,1,1,4),
  (1.734723475977E-18,1.884868550918E-05,3.769737101836E-05,
    5.654605652754E-05,7.539474203672E-05,9.42434275459E-05,
    1.130921130551E-04,1.319407985643E-04,1.507894840734E-04,
    1.696381695826E-04,1.884868550918E-04,2.07335540601E-04,
    2.261842261102E-04,2.450329116193E-04,2.638815971285E-04,
    2.827302826377E-04,3.015789681469E-04,3.204276536561E-04,
    3.392763391652E-04,3.581250246744E-04,3.769737101836E-04,
    3.958223956928E-04,4.14671081202E-04),.QUASI_UNIFORM_KNOTS.);
#2127 = CARTESIAN_POINT('',(1.087271367735,-6.440254315579E-07));
#2128 = CARTESIAN_POINT('',(1.08723031549,1.726993439155E-02));
#2129 = CARTESIAN_POINT('',(1.087138521764,5.128472731353E-02));
#2130 = CARTESIAN_POINT('',(1.086972935902,0.100924122364));
#2131 = CARTESIAN_POINT('',(1.086780629162,0.149387216108));
#2132 = CARTESIAN_POINT('',(1.086562769073,0.196844816893));
#2133 = CARTESIAN_POINT('',(1.08632051947,0.243447392471));
#2134 = CARTESIAN_POINT('',(1.086055042137,0.28932641528));
#2135 = CARTESIAN_POINT('',(1.085767494461,0.334599240812));
#2136 = CARTESIAN_POINT('',(1.085459044217,0.379371087013));
#2137 = CARTESIAN_POINT('',(1.085130819457,0.423742947429));
#2138 = CARTESIAN_POINT('',(1.084784100473,0.467797057066));
#2139 = CARTESIAN_POINT('',(1.084419608043,0.511665034304));
#2140 = CARTESIAN_POINT('',(1.08404016411,0.555286963041));
#2141 = CARTESIAN_POINT('',(1.083648416528,0.598648789813));
#2142 = CARTESIAN_POINT('',(1.08324492008,0.641923008619));
#2143 = CARTESIAN_POINT('',(1.082830796785,0.685226422927));
#2144 = CARTESIAN_POINT('',(1.082407023698,0.728686981171));
#2145 = CARTESIAN_POINT('',(1.081974624309,0.772427839936));
#2146 = CARTESIAN_POINT('',(1.081534617801,0.816573711437));
#2147 = CARTESIAN_POINT('',(1.081088033051,0.861251237506));
#2148 = CARTESIAN_POINT('',(1.080635905544,0.906591515273));
#2149 = CARTESIAN_POINT('',(1.080179277642,0.952730711518));
#2150 = CARTESIAN_POINT('',(1.079872560729,0.984121640827));
#2151 = CARTESIAN_POINT('',(1.079718802679,0.999999108191));
#2152 = ( GEOMETRIC_REPRESENTATION_CONTEXT(2) 
PARAMETRIC_REPRESENTATION_CONTEXT() REPRESENTATION_CONTEXT('2D SPACE',''
  ) );
#2153 = PCURVE('',#124,#2154);
#2154 = DEFINITIONAL_REPRESENTATION('',(#2155),#2162);
#2155 = B_SPLINE_CURVE_WITH_KNOTS('',3,(#2156,#2157,#2158,#2159,#2160,
    #2161),.UNSPECIFIED.,.F.,.F.,(4,2,4),(1.734723475977E-18,
    2.07335540601E-04,4.14671081202E-04),.UNSPECIFIED.);
#2156 = CARTESIAN_POINT('',(-0.224038715479,59.780424892603));
#2157 = CARTESIAN_POINT('',(-0.156574493741,59.761130822632));
#2158 = CARTESIAN_POINT('',(-9.881453882156E-02,59.716847783811));
#2159 = CARTESIAN_POINT('',(-2.023083332087E-02,59.601593032248));
#2160 = CARTESIAN_POINT('',(-3.552713678801E-15,59.53284270047));
#2161 = CARTESIAN_POINT('',(0.,59.462830917792));
#2162 = ( GEOMETRIC_REPRESENTATION_CONTEXT(2) 
PARAMETRIC_REPRESENTATION_CONTEXT() REPRESENTATION_CONTEXT('2D SPACE',''
  ) );
#2163 = ORIENTED_EDGE('',*,*,#1394,.F.);
#2164 = ORIENTED_EDGE('',*,*,#2165,.F.);
#2165 = EDGE_CURVE('',#652,#1395,#2166,.T.);
#2166 = SURFACE_CURVE('',#2167,(#2172,#2201),.PCURVE_S1.);
#2167 = CIRCLE('',#2168,0.3);
#2168 = AXIS2_PLACEMENT_3D('',#2169,#2170,#2171);
#2169 = CARTESIAN_POINT('',(30.45,19.555148913482,-14.29362122842));
#2170 = DIRECTION('',(0.,-0.838670567945,-0.544639035015));
#2171 = DIRECTION('',(0.,0.544639035015,-0.838670567945));
#2172 = PCURVE('',#669,#2173);
#2173 = DEFINITIONAL_REPRESENTATION('',(#2174),#2200);
#2174 = B_SPLINE_CURVE_WITH_KNOTS('',3,(#2175,#2176,#2177,#2178,#2179,
    #2180,#2181,#2182,#2183,#2184,#2185,#2186,#2187,#2188,#2189,#2190,
    #2191,#2192,#2193,#2194,#2195,#2196,#2197,#2198,#2199),
  .UNSPECIFIED.,.F.,.F.,(4,1,1,1,1,1,1,1,1,1,1,1,1,1,1,1,1,1,1,1,1,1,4),
  (0.,7.139983303613E-02,0.142799666072,0.214199499108,0.285599332145,
    0.356999165181,0.428398998217,0.499798831253,0.571198664289,
    0.642598497325,0.713998330361,0.785398163397,0.856797996434,
    0.92819782947,0.999597662506,1.070997495542,1.142397328578,
    1.213797161614,1.28519699465,1.356596827687,1.427996660723,
    1.499396493759,1.570796326795),.QUASI_UNIFORM_KNOTS.);
#2175 = CARTESIAN_POINT('',(1.570796326795,1.));
#2176 = CARTESIAN_POINT('',(1.570796326795,0.983172198663));
#2177 = CARTESIAN_POINT('',(1.570796326795,0.950009297011));
#2178 = CARTESIAN_POINT('',(1.570796326795,0.901574474096));
#2179 = CARTESIAN_POINT('',(1.570796326795,0.854275086925));
#2180 = CARTESIAN_POINT('',(1.570796326795,0.807956362777));
#2181 = CARTESIAN_POINT('',(1.570796326795,0.762473275577));
#2182 = CARTESIAN_POINT('',(1.570796326795,0.717690577461));
#2183 = CARTESIAN_POINT('',(1.570796326795,0.673480563786));
#2184 = CARTESIAN_POINT('',(1.570796326795,0.629721689409));
#2185 = CARTESIAN_POINT('',(1.570796326795,0.586297147708));
#2186 = CARTESIAN_POINT('',(1.570796326795,0.543093605115));
#2187 = CARTESIAN_POINT('',(1.570796326795,0.5));
#2188 = CARTESIAN_POINT('',(1.570796326795,0.456906394885));
#2189 = CARTESIAN_POINT('',(1.570796326795,0.413702852292));
#2190 = CARTESIAN_POINT('',(1.570796326795,0.370278310591));
#2191 = CARTESIAN_POINT('',(1.570796326795,0.326519436214));
#2192 = CARTESIAN_POINT('',(1.570796326795,0.282309422539));
#2193 = CARTESIAN_POINT('',(1.570796326795,0.237526724423));
#2194 = CARTESIAN_POINT('',(1.570796326795,0.192043637223));
#2195 = CARTESIAN_POINT('',(1.570796326795,0.145724913075));
#2196 = CARTESIAN_POINT('',(1.570796326795,9.842552590404E-02));
#2197 = CARTESIAN_POINT('',(1.570796326795,4.99907029888E-02));
#2198 = CARTESIAN_POINT('',(1.570796326795,1.682780133705E-02));
#2199 = CARTESIAN_POINT('',(1.570796326795,0.));
#2200 = ( GEOMETRIC_REPRESENTATION_CONTEXT(2) 
PARAMETRIC_REPRESENTATION_CONTEXT() REPRESENTATION_CONTEXT('2D SPACE',''
  ) );
#2201 = PCURVE('',#733,#2202);
#2202 = DEFINITIONAL_REPRESENTATION('',(#2203),#2207);
#2203 = LINE('',#2204,#2205);
#2204 = CARTESIAN_POINT('',(0.,-24.70402732117));
#2205 = VECTOR('',#2206,1.);
#2206 = DIRECTION('',(1.,-2.261727773485E-15));
#2207 = ( GEOMETRIC_REPRESENTATION_CONTEXT(2) 
PARAMETRIC_REPRESENTATION_CONTEXT() REPRESENTATION_CONTEXT('2D SPACE',''
  ) );
#2208 = ORIENTED_EDGE('',*,*,#651,.F.);
#2209 = ADVANCED_FACE('',(#2210),#733,.T.);
#2210 = FACE_BOUND('',#2211,.T.);
#2211 = EDGE_LOOP('',(#2212,#2256,#2257,#2258));
#2212 = ORIENTED_EDGE('',*,*,#2213,.F.);
#2213 = EDGE_CURVE('',#718,#1536,#2214,.T.);
#2214 = SURFACE_CURVE('',#2215,(#2220,#2227),.PCURVE_S1.);
#2215 = CIRCLE('',#2216,0.3);
#2216 = AXIS2_PLACEMENT_3D('',#2217,#2218,#2219);
#2217 = CARTESIAN_POINT('',(30.45,10.,-20.49880748697));
#2218 = DIRECTION('',(0.,-0.838670567945,-0.544639035015));
#2219 = DIRECTION('',(0.,0.544639035015,-0.838670567945));
#2220 = PCURVE('',#733,#2221);
#2221 = DEFINITIONAL_REPRESENTATION('',(#2222),#2226);
#2222 = LINE('',#2223,#2224);
#2223 = CARTESIAN_POINT('',(0.,-13.31081849915));
#2224 = VECTOR('',#2225,1.);
#2225 = DIRECTION('',(1.,1.130863886743E-15));
#2226 = ( GEOMETRIC_REPRESENTATION_CONTEXT(2) 
PARAMETRIC_REPRESENTATION_CONTEXT() REPRESENTATION_CONTEXT('2D SPACE',''
  ) );
#2227 = PCURVE('',#763,#2228);
#2228 = DEFINITIONAL_REPRESENTATION('',(#2229),#2255);
#2229 = B_SPLINE_CURVE_WITH_KNOTS('',3,(#2230,#2231,#2232,#2233,#2234,
    #2235,#2236,#2237,#2238,#2239,#2240,#2241,#2242,#2243,#2244,#2245,
    #2246,#2247,#2248,#2249,#2250,#2251,#2252,#2253,#2254),
  .UNSPECIFIED.,.F.,.F.,(4,1,1,1,1,1,1,1,1,1,1,1,1,1,1,1,1,1,1,1,1,1,4),
  (0.,7.139983303613E-02,0.142799666072,0.214199499108,0.285599332145,
    0.356999165181,0.428398998217,0.499798831253,0.571198664289,
    0.642598497325,0.713998330361,0.785398163397,0.856797996434,
    0.92819782947,0.999597662506,1.070997495542,1.142397328578,
    1.213797161614,1.28519699465,1.356596827687,1.427996660723,
    1.499396493759,1.570796326795),.QUASI_UNIFORM_KNOTS.);
#2230 = CARTESIAN_POINT('',(1.570796326795,1.));
#2231 = CARTESIAN_POINT('',(1.570796326795,0.983172198663));
#2232 = CARTESIAN_POINT('',(1.570796326795,0.950009297011));
#2233 = CARTESIAN_POINT('',(1.570796326795,0.901574474096));
#2234 = CARTESIAN_POINT('',(1.570796326795,0.854275086925));
#2235 = CARTESIAN_POINT('',(1.570796326795,0.807956362777));
#2236 = CARTESIAN_POINT('',(1.570796326795,0.762473275577));
#2237 = CARTESIAN_POINT('',(1.570796326795,0.717690577461));
#2238 = CARTESIAN_POINT('',(1.570796326795,0.673480563786));
#2239 = CARTESIAN_POINT('',(1.570796326795,0.629721689409));
#2240 = CARTESIAN_POINT('',(1.570796326795,0.586297147708));
#2241 = CARTESIAN_POINT('',(1.570796326795,0.543093605115));
#2242 = CARTESIAN_POINT('',(1.570796326795,0.5));
#2243 = CARTESIAN_POINT('',(1.570796326795,0.456906394885));
#2244 = CARTESIAN_POINT('',(1.570796326795,0.413702852292));
#2245 = CARTESIAN_POINT('',(1.570796326795,0.370278310591));
#2246 = CARTESIAN_POINT('',(1.570796326795,0.326519436214));
#2247 = CARTESIAN_POINT('',(1.570796326795,0.282309422539));
#2248 = CARTESIAN_POINT('',(1.570796326795,0.237526724423));
#2249 = CARTESIAN_POINT('',(1.570796326795,0.192043637223));
#2250 = CARTESIAN_POINT('',(1.570796326795,0.145724913075));
#2251 = CARTESIAN_POINT('',(1.570796326795,9.842552590406E-02));
#2252 = CARTESIAN_POINT('',(1.570796326795,4.999070298882E-02));
#2253 = CARTESIAN_POINT('',(1.570796326795,1.682780133706E-02));
#2254 = CARTESIAN_POINT('',(1.570796326795,0.));
#2255 = ( GEOMETRIC_REPRESENTATION_CONTEXT(2) 
PARAMETRIC_REPRESENTATION_CONTEXT() REPRESENTATION_CONTEXT('2D SPACE',''
  ) );
#2256 = ORIENTED_EDGE('',*,*,#717,.F.);
#2257 = ORIENTED_EDGE('',*,*,#2165,.T.);
#2258 = ORIENTED_EDGE('',*,*,#1558,.F.);
#2259 = ADVANCED_FACE('',(#2260),#763,.T.);
#2260 = FACE_BOUND('',#2261,.T.);
#2261 = EDGE_LOOP('',(#2262,#2263,#2264,#2265));
#2262 = ORIENTED_EDGE('',*,*,#1868,.F.);
#2263 = ORIENTED_EDGE('',*,*,#745,.F.);
#2264 = ORIENTED_EDGE('',*,*,#2213,.T.);
#2265 = ORIENTED_EDGE('',*,*,#1682,.F.);
#2266 = ADVANCED_FACE('',(#2267),#314,.F.);
#2267 = FACE_BOUND('',#2268,.F.);
#2268 = EDGE_LOOP('',(#2269,#2292,#2339,#2360));
#2269 = ORIENTED_EDGE('',*,*,#2270,.F.);
#2270 = EDGE_CURVE('',#2271,#297,#2273,.T.);
#2271 = VERTEX_POINT('',#2272);
#2272 = CARTESIAN_POINT('',(-19.75,0.85,-18.24859595258));
#2273 = SURFACE_CURVE('',#2274,(#2278,#2285),.PCURVE_S1.);
#2274 = LINE('',#2275,#2276);
#2275 = CARTESIAN_POINT('',(-19.75,0.85,-18.24859595258));
#2276 = VECTOR('',#2277,1.);
#2277 = DIRECTION('',(-0.,-0.,-1.));
#2278 = PCURVE('',#314,#2279);
#2279 = DEFINITIONAL_REPRESENTATION('',(#2280),#2284);
#2280 = LINE('',#2281,#2282);
#2281 = CARTESIAN_POINT('',(4.712388980385,0.));
#2282 = VECTOR('',#2283,1.);
#2283 = DIRECTION('',(0.,1.));
#2284 = ( GEOMETRIC_REPRESENTATION_CONTEXT(2) 
PARAMETRIC_REPRESENTATION_CONTEXT() REPRESENTATION_CONTEXT('2D SPACE',''
  ) );
#2285 = PCURVE('',#364,#2286);
#2286 = DEFINITIONAL_REPRESENTATION('',(#2287),#2291);
#2287 = LINE('',#2288,#2289);
#2288 = CARTESIAN_POINT('',(-11.01,0.));
#2289 = VECTOR('',#2290,1.);
#2290 = DIRECTION('',(0.,-1.));
#2291 = ( GEOMETRIC_REPRESENTATION_CONTEXT(2) 
PARAMETRIC_REPRESENTATION_CONTEXT() REPRESENTATION_CONTEXT('2D SPACE',''
  ) );
#2292 = ORIENTED_EDGE('',*,*,#2293,.T.);
#2293 = EDGE_CURVE('',#2271,#2294,#2296,.T.);
#2294 = VERTEX_POINT('',#2295);
#2295 = CARTESIAN_POINT('',(-26.14892996102,3.459648682739,
    -16.55387028243));
#2296 = SURFACE_CURVE('',#2297,(#2302,#2331),.PCURVE_S1.);
#2297 = ( BOUNDED_CURVE() B_SPLINE_CURVE(3,(#2298,#2299,#2300,#2301),
.UNSPECIFIED.,.F.,.F.) B_SPLINE_CURVE_WITH_KNOTS((4,4),(0.,1.),
.PIECEWISE_BEZIER_KNOTS.) CURVE() GEOMETRIC_REPRESENTATION_ITEM() 
RATIONAL_B_SPLINE_CURVE((1.,0.950637957161,0.950637957161,1.)) 
REPRESENTATION_ITEM('') );
#2298 = CARTESIAN_POINT('',(-19.75,0.85,-18.24859595258));
#2299 = CARTESIAN_POINT('',(-22.17314923547,0.85,-18.24859595246));
#2300 = CARTESIAN_POINT('',(-24.4168810764,1.765051716247,
    -17.65435441976));
#2301 = CARTESIAN_POINT('',(-26.14892996102,3.459648682739,
    -16.55387028243));
#2302 = PCURVE('',#314,#2303);
#2303 = DEFINITIONAL_REPRESENTATION('',(#2304),#2330);
#2304 = B_SPLINE_CURVE_WITH_KNOTS('',3,(#2305,#2306,#2307,#2308,#2309,
    #2310,#2311,#2312,#2313,#2314,#2315,#2316,#2317,#2318,#2319,#2320,
    #2321,#2322,#2323,#2324,#2325,#2326,#2327,#2328,#2329),
  .UNSPECIFIED.,.F.,.F.,(4,1,1,1,1,1,1,1,1,1,1,1,1,1,1,1,1,1,1,1,1,1,4),
  (0.,4.545454545455E-02,9.090909090909E-02,0.136363636364,
    0.181818181818,0.227272727273,0.272727272727,0.318181818182,
    0.363636363636,0.409090909091,0.454545454545,0.5,0.545454545455,
    0.590909090909,0.636363636364,0.681818181818,0.727272727273,
    0.772727272727,0.818181818182,0.863636363636,0.909090909091,
    0.954545454545,1.),.QUASI_UNIFORM_KNOTS.);
#2305 = CARTESIAN_POINT('',(4.712388980385,0.));
#2306 = CARTESIAN_POINT('',(4.723832226506,1.975196783021E-06));
#2307 = CARTESIAN_POINT('',(4.746795977193,-2.335868469231E-03));
#2308 = CARTESIAN_POINT('',(4.781454295815,-1.297227960279E-02));
#2309 = CARTESIAN_POINT('',(4.816306497138,-3.085221623791E-02));
#2310 = CARTESIAN_POINT('',(4.851332816288,-5.605590080232E-02));
#2311 = CARTESIAN_POINT('',(4.886512936406,-8.863994740742E-02));
#2312 = CARTESIAN_POINT('',(4.921825961667,-0.128633383625));
#2313 = CARTESIAN_POINT('',(4.957250511934,-0.176037717351));
#2314 = CARTESIAN_POINT('',(4.992764790591,-0.230826228089));
#2315 = CARTESIAN_POINT('',(5.028346664569,-0.292943791397));
#2316 = CARTESIAN_POINT('',(5.063973745257,-0.36230689751));
#2317 = CARTESIAN_POINT('',(5.09962347242,-0.438803960925));
#2318 = CARTESIAN_POINT('',(5.135273199583,-0.52229589495));
#2319 = CARTESIAN_POINT('',(5.170900280271,-0.61261695205));
#2320 = CARTESIAN_POINT('',(5.206482154249,-0.709575817433));
#2321 = CARTESIAN_POINT('',(5.241996432907,-0.812956941879));
#2322 = CARTESIAN_POINT('',(5.277420983174,-0.922522092065));
#2323 = CARTESIAN_POINT('',(5.312734008435,-1.03801210434));
#2324 = CARTESIAN_POINT('',(5.347914128554,-1.159148782889));
#2325 = CARTESIAN_POINT('',(5.382940447704,-1.285637037066));
#2326 = CARTESIAN_POINT('',(5.417792649027,-1.417166767659));
#2327 = CARTESIAN_POINT('',(5.452450967649,-1.553416187489));
#2328 = CARTESIAN_POINT('',(5.475414718337,-1.647172154529));
#2329 = CARTESIAN_POINT('',(5.486857964459,-1.694725670149));
#2330 = ( GEOMETRIC_REPRESENTATION_CONTEXT(2) 
PARAMETRIC_REPRESENTATION_CONTEXT() REPRESENTATION_CONTEXT('2D SPACE',''
  ) );
#2331 = PCURVE('',#1171,#2332);
#2332 = DEFINITIONAL_REPRESENTATION('',(#2333),#2338);
#2333 = ( BOUNDED_CURVE() B_SPLINE_CURVE(3,(#2334,#2335,#2336,#2337),
.UNSPECIFIED.,.F.,.F.) B_SPLINE_CURVE_WITH_KNOTS((4,4),(0.,1.),
.PIECEWISE_BEZIER_KNOTS.) CURVE() GEOMETRIC_REPRESENTATION_ITEM() 
RATIONAL_B_SPLINE_CURVE((1.,0.950637957161,0.950637957161,1.)) 
REPRESENTATION_ITEM('') );
#2334 = CARTESIAN_POINT('',(0.807819022051,3.455306458666));
#2335 = CARTESIAN_POINT('',(0.807819021986,1.032157223188));
#2336 = CARTESIAN_POINT('',(-0.283255055513,-1.211574617739));
#2337 = CARTESIAN_POINT('',(-2.303830274446,-2.943623502357));
#2338 = ( GEOMETRIC_REPRESENTATION_CONTEXT(2) 
PARAMETRIC_REPRESENTATION_CONTEXT() REPRESENTATION_CONTEXT('2D SPACE',''
  ) );
#2339 = ORIENTED_EDGE('',*,*,#2340,.T.);
#2340 = EDGE_CURVE('',#2294,#269,#2341,.T.);
#2341 = SURFACE_CURVE('',#2342,(#2346,#2353),.PCURVE_S1.);
#2342 = LINE('',#2343,#2344);
#2343 = CARTESIAN_POINT('',(-26.14892996102,3.459648682739,
    -16.55387028243));
#2344 = VECTOR('',#2345,1.);
#2345 = DIRECTION('',(-0.,-0.,-1.));
#2346 = PCURVE('',#314,#2347);
#2347 = DEFINITIONAL_REPRESENTATION('',(#2348),#2352);
#2348 = LINE('',#2349,#2350);
#2349 = CARTESIAN_POINT('',(5.486857964459,-1.694725670149));
#2350 = VECTOR('',#2351,1.);
#2351 = DIRECTION('',(0.,1.));
#2352 = ( GEOMETRIC_REPRESENTATION_CONTEXT(2) 
PARAMETRIC_REPRESENTATION_CONTEXT() REPRESENTATION_CONTEXT('2D SPACE',''
  ) );
#2353 = PCURVE('',#284,#2354);
#2354 = DEFINITIONAL_REPRESENTATION('',(#2355),#2359);
#2355 = LINE('',#2356,#2357);
#2356 = CARTESIAN_POINT('',(-6.395320915126,2.936734644412));
#2357 = VECTOR('',#2358,1.);
#2358 = DIRECTION('',(0.,-1.));
#2359 = ( GEOMETRIC_REPRESENTATION_CONTEXT(2) 
PARAMETRIC_REPRESENTATION_CONTEXT() REPRESENTATION_CONTEXT('2D SPACE',''
  ) );
#2360 = ORIENTED_EDGE('',*,*,#296,.F.);
#2361 = ADVANCED_FACE('',(#2362),#284,.T.);
#2362 = FACE_BOUND('',#2363,.T.);
#2363 = EDGE_LOOP('',(#2364,#2365,#2366,#2387));
#2364 = ORIENTED_EDGE('',*,*,#268,.F.);
#2365 = ORIENTED_EDGE('',*,*,#1184,.F.);
#2366 = ORIENTED_EDGE('',*,*,#2367,.T.);
#2367 = EDGE_CURVE('',#1133,#2294,#2368,.T.);
#2368 = SURFACE_CURVE('',#2369,(#2373,#2380),.PCURVE_S1.);
#2369 = LINE('',#2370,#2371);
#2370 = CARTESIAN_POINT('',(-30.67110474797,-1.062526104211,
    -19.49060492684));
#2371 = VECTOR('',#2372,1.);
#2372 = DIRECTION('',(0.642594670326,0.642594670326,0.417305858258));
#2373 = PCURVE('',#284,#2374);
#2374 = DEFINITIONAL_REPRESENTATION('',(#2375),#2379);
#2375 = LINE('',#2376,#2377);
#2376 = CARTESIAN_POINT('',(0.,0.));
#2377 = VECTOR('',#2378,1.);
#2378 = DIRECTION('',(-0.908766097884,0.417305858258));
#2379 = ( GEOMETRIC_REPRESENTATION_CONTEXT(2) 
PARAMETRIC_REPRESENTATION_CONTEXT() REPRESENTATION_CONTEXT('2D SPACE',''
  ) );
#2380 = PCURVE('',#1171,#2381);
#2381 = DEFINITIONAL_REPRESENTATION('',(#2382),#2386);
#2382 = LINE('',#2383,#2384);
#2383 = CARTESIAN_POINT('',(3.088244945302,-7.465798289307));
#2384 = VECTOR('',#2385,1.);
#2385 = DIRECTION('',(-0.766206297069,0.642594670326));
#2386 = ( GEOMETRIC_REPRESENTATION_CONTEXT(2) 
PARAMETRIC_REPRESENTATION_CONTEXT() REPRESENTATION_CONTEXT('2D SPACE',''
  ) );
#2387 = ORIENTED_EDGE('',*,*,#2340,.T.);
#2388 = ADVANCED_FACE('',(#2389),#392,.T.);
#2389 = FACE_BOUND('',#2390,.T.);
#2390 = EDGE_LOOP('',(#2391,#2392,#2415,#2436));
#2391 = ORIENTED_EDGE('',*,*,#376,.F.);
#2392 = ORIENTED_EDGE('',*,*,#2393,.F.);
#2393 = EDGE_CURVE('',#2394,#349,#2396,.T.);
#2394 = VERTEX_POINT('',#2395);
#2395 = CARTESIAN_POINT('',(-15.1,0.85,-18.24859595258));
#2396 = SURFACE_CURVE('',#2397,(#2401,#2408),.PCURVE_S1.);
#2397 = LINE('',#2398,#2399);
#2398 = CARTESIAN_POINT('',(-15.1,0.85,-18.24859595258));
#2399 = VECTOR('',#2400,1.);
#2400 = DIRECTION('',(-0.,-0.,-1.));
#2401 = PCURVE('',#392,#2402);
#2402 = DEFINITIONAL_REPRESENTATION('',(#2403),#2407);
#2403 = LINE('',#2404,#2405);
#2404 = CARTESIAN_POINT('',(-1.201404047415,1.85));
#2405 = VECTOR('',#2406,1.);
#2406 = DIRECTION('',(1.,-0.));
#2407 = ( GEOMETRIC_REPRESENTATION_CONTEXT(2) 
PARAMETRIC_REPRESENTATION_CONTEXT() REPRESENTATION_CONTEXT('2D SPACE',''
  ) );
#2408 = PCURVE('',#364,#2409);
#2409 = DEFINITIONAL_REPRESENTATION('',(#2410),#2414);
#2410 = LINE('',#2411,#2412);
#2411 = CARTESIAN_POINT('',(-15.66,0.));
#2412 = VECTOR('',#2413,1.);
#2413 = DIRECTION('',(0.,-1.));
#2414 = ( GEOMETRIC_REPRESENTATION_CONTEXT(2) 
PARAMETRIC_REPRESENTATION_CONTEXT() REPRESENTATION_CONTEXT('2D SPACE',''
  ) );
#2415 = ORIENTED_EDGE('',*,*,#2416,.T.);
#2416 = EDGE_CURVE('',#2394,#1754,#2417,.T.);
#2417 = SURFACE_CURVE('',#2418,(#2422,#2429),.PCURVE_S1.);
#2418 = LINE('',#2419,#2420);
#2419 = CARTESIAN_POINT('',(-15.1,-1.,-19.45));
#2420 = VECTOR('',#2421,1.);
#2421 = DIRECTION('',(0.,-0.838670567945,-0.544639035015));
#2422 = PCURVE('',#392,#2423);
#2423 = DEFINITIONAL_REPRESENTATION('',(#2424),#2428);
#2424 = LINE('',#2425,#2426);
#2425 = CARTESIAN_POINT('',(0.,0.));
#2426 = VECTOR('',#2427,1.);
#2427 = DIRECTION('',(0.544639035015,-0.838670567945));
#2428 = ( GEOMETRIC_REPRESENTATION_CONTEXT(2) 
PARAMETRIC_REPRESENTATION_CONTEXT() REPRESENTATION_CONTEXT('2D SPACE',''
  ) );
#2429 = PCURVE('',#1171,#2430);
#2430 = DEFINITIONAL_REPRESENTATION('',(#2431),#2435);
#2431 = LINE('',#2432,#2433);
#2432 = CARTESIAN_POINT('',(3.013691113797,8.105306458666));
#2433 = VECTOR('',#2434,1.);
#2434 = DIRECTION('',(1.,2.711709361697E-31));
#2435 = ( GEOMETRIC_REPRESENTATION_CONTEXT(2) 
PARAMETRIC_REPRESENTATION_CONTEXT() REPRESENTATION_CONTEXT('2D SPACE',''
  ) );
#2436 = ORIENTED_EDGE('',*,*,#1753,.T.);
#2437 = ADVANCED_FACE('',(#2438),#364,.T.);
#2438 = FACE_BOUND('',#2439,.T.);
#2439 = EDGE_LOOP('',(#2440,#2441,#2442,#2463));
#2440 = ORIENTED_EDGE('',*,*,#348,.F.);
#2441 = ORIENTED_EDGE('',*,*,#2270,.F.);
#2442 = ORIENTED_EDGE('',*,*,#2443,.T.);
#2443 = EDGE_CURVE('',#2271,#2394,#2444,.T.);
#2444 = SURFACE_CURVE('',#2445,(#2449,#2456),.PCURVE_S1.);
#2445 = LINE('',#2446,#2447);
#2446 = CARTESIAN_POINT('',(-30.76,0.85,-18.24859595258));
#2447 = VECTOR('',#2448,1.);
#2448 = DIRECTION('',(1.,1.86529406019E-16,1.211336126234E-16));
#2449 = PCURVE('',#364,#2450);
#2450 = DEFINITIONAL_REPRESENTATION('',(#2451),#2455);
#2451 = LINE('',#2452,#2453);
#2452 = CARTESIAN_POINT('',(0.,0.));
#2453 = VECTOR('',#2454,1.);
#2454 = DIRECTION('',(-1.,1.211336126234E-16));
#2455 = ( GEOMETRIC_REPRESENTATION_CONTEXT(2) 
PARAMETRIC_REPRESENTATION_CONTEXT() REPRESENTATION_CONTEXT('2D SPACE',''
  ) );
#2456 = PCURVE('',#1171,#2457);
#2457 = DEFINITIONAL_REPRESENTATION('',(#2458),#2462);
#2458 = LINE('',#2459,#2460);
#2459 = CARTESIAN_POINT('',(0.807819022051,-7.554693541334));
#2460 = VECTOR('',#2461,1.);
#2461 = DIRECTION('',(-2.224108167716E-16,1.));
#2462 = ( GEOMETRIC_REPRESENTATION_CONTEXT(2) 
PARAMETRIC_REPRESENTATION_CONTEXT() REPRESENTATION_CONTEXT('2D SPACE',''
  ) );
#2463 = ORIENTED_EDGE('',*,*,#2393,.T.);
#2464 = ADVANCED_FACE('',(#2465),#1171,.T.);
#2465 = FACE_BOUND('',#2466,.T.);
#2466 = EDGE_LOOP('',(#2467,#2468,#2469,#2470,#2471,#2472));
#2467 = ORIENTED_EDGE('',*,*,#2293,.T.);
#2468 = ORIENTED_EDGE('',*,*,#2367,.F.);
#2469 = ORIENTED_EDGE('',*,*,#1132,.F.);
#2470 = ORIENTED_EDGE('',*,*,#1776,.F.);
#2471 = ORIENTED_EDGE('',*,*,#2416,.F.);
#2472 = ORIENTED_EDGE('',*,*,#2443,.F.);
#2473 = ADVANCED_FACE('',(#2474),#506,.F.);
#2474 = FACE_BOUND('',#2475,.F.);
#2475 = EDGE_LOOP('',(#2476,#2499,#2546,#2567));
#2476 = ORIENTED_EDGE('',*,*,#2477,.F.);
#2477 = EDGE_CURVE('',#2478,#489,#2480,.T.);
#2478 = VERTEX_POINT('',#2479);
#2479 = CARTESIAN_POINT('',(26.148929961023,3.459648682739,
    -16.55387028243));
#2480 = SURFACE_CURVE('',#2481,(#2485,#2492),.PCURVE_S1.);
#2481 = LINE('',#2482,#2483);
#2482 = CARTESIAN_POINT('',(26.148929961023,3.459648682739,
    -16.55387028243));
#2483 = VECTOR('',#2484,1.);
#2484 = DIRECTION('',(-0.,-0.,-1.));
#2485 = PCURVE('',#506,#2486);
#2486 = DEFINITIONAL_REPRESENTATION('',(#2487),#2491);
#2487 = LINE('',#2488,#2489);
#2488 = CARTESIAN_POINT('',(3.937919996311,0.));
#2489 = VECTOR('',#2490,1.);
#2490 = DIRECTION('',(0.,1.));
#2491 = ( GEOMETRIC_REPRESENTATION_CONTEXT(2) 
PARAMETRIC_REPRESENTATION_CONTEXT() REPRESENTATION_CONTEXT('2D SPACE',''
  ) );
#2492 = PCURVE('',#556,#2493);
#2493 = DEFINITIONAL_REPRESENTATION('',(#2494),#2498);
#2494 = LINE('',#2495,#2496);
#2495 = CARTESIAN_POINT('',(-29.53040589091,-13.56037753137));
#2496 = VECTOR('',#2497,1.);
#2497 = DIRECTION('',(0.,-1.));
#2498 = ( GEOMETRIC_REPRESENTATION_CONTEXT(2) 
PARAMETRIC_REPRESENTATION_CONTEXT() REPRESENTATION_CONTEXT('2D SPACE',''
  ) );
#2499 = ORIENTED_EDGE('',*,*,#2500,.T.);
#2500 = EDGE_CURVE('',#2478,#2501,#2503,.T.);
#2501 = VERTEX_POINT('',#2502);
#2502 = CARTESIAN_POINT('',(19.75,0.85,-18.24859595258));
#2503 = SURFACE_CURVE('',#2504,(#2509,#2538),.PCURVE_S1.);
#2504 = ( BOUNDED_CURVE() B_SPLINE_CURVE(3,(#2505,#2506,#2507,#2508),
.UNSPECIFIED.,.F.,.F.) B_SPLINE_CURVE_WITH_KNOTS((4,4),(0.,1.),
.PIECEWISE_BEZIER_KNOTS.) CURVE() GEOMETRIC_REPRESENTATION_ITEM() 
RATIONAL_B_SPLINE_CURVE((1.,0.950637957161,0.950637957161,1.)) 
REPRESENTATION_ITEM('') );
#2505 = CARTESIAN_POINT('',(26.148929961023,3.459648682739,
    -16.55387028243));
#2506 = CARTESIAN_POINT('',(24.416881076405,1.765051716247,
    -17.65435441976));
#2507 = CARTESIAN_POINT('',(22.173149235478,0.85,-18.24859595246));
#2508 = CARTESIAN_POINT('',(19.75,0.85,-18.24859595258));
#2509 = PCURVE('',#506,#2510);
#2510 = DEFINITIONAL_REPRESENTATION('',(#2511),#2537);
#2511 = B_SPLINE_CURVE_WITH_KNOTS('',3,(#2512,#2513,#2514,#2515,#2516,
    #2517,#2518,#2519,#2520,#2521,#2522,#2523,#2524,#2525,#2526,#2527,
    #2528,#2529,#2530,#2531,#2532,#2533,#2534,#2535,#2536),
  .UNSPECIFIED.,.F.,.F.,(4,1,1,1,1,1,1,1,1,1,1,1,1,1,1,1,1,1,1,1,1,1,4),
  (0.,4.545454545455E-02,9.090909090909E-02,0.136363636364,
    0.181818181818,0.227272727273,0.272727272727,0.318181818182,
    0.363636363636,0.409090909091,0.454545454545,0.5,0.545454545455,
    0.590909090909,0.636363636364,0.681818181818,0.727272727273,
    0.772727272727,0.818181818182,0.863636363636,0.909090909091,
    0.954545454545,1.),.QUASI_UNIFORM_KNOTS.);
#2512 = CARTESIAN_POINT('',(3.937919996311,0.));
#2513 = CARTESIAN_POINT('',(3.949363242432,4.755351562006E-02));
#2514 = CARTESIAN_POINT('',(3.97232699312,0.14130948266));
#2515 = CARTESIAN_POINT('',(4.006985311742,0.27755890249));
#2516 = CARTESIAN_POINT('',(4.041837513066,0.409088633082));
#2517 = CARTESIAN_POINT('',(4.076863832216,0.53557688726));
#2518 = CARTESIAN_POINT('',(4.112043952335,0.656713565809));
#2519 = CARTESIAN_POINT('',(4.147356977596,0.772203578084));
#2520 = CARTESIAN_POINT('',(4.182781527862,0.88176872827));
#2521 = CARTESIAN_POINT('',(4.21829580652,0.985149852716));
#2522 = CARTESIAN_POINT('',(4.253877680498,1.082108718099));
#2523 = CARTESIAN_POINT('',(4.289504761186,1.172429775199));
#2524 = CARTESIAN_POINT('',(4.325154488349,1.255921709224));
#2525 = CARTESIAN_POINT('',(4.360804215512,1.332418772639));
#2526 = CARTESIAN_POINT('',(4.3964312962,1.401781878751));
#2527 = CARTESIAN_POINT('',(4.432013170178,1.463899442059));
#2528 = CARTESIAN_POINT('',(4.467527448836,1.518687952798));
#2529 = CARTESIAN_POINT('',(4.502951999102,1.566092286524));
#2530 = CARTESIAN_POINT('',(4.538265024363,1.606085722741));
#2531 = CARTESIAN_POINT('',(4.573445144482,1.638669769347));
#2532 = CARTESIAN_POINT('',(4.608471463631,1.663873453911));
#2533 = CARTESIAN_POINT('',(4.643323664954,1.681753390546));
#2534 = CARTESIAN_POINT('',(4.677981983576,1.69238980168));
#2535 = CARTESIAN_POINT('',(4.700945734263,1.694727645346));
#2536 = CARTESIAN_POINT('',(4.712388980385,1.694725670149));
#2537 = ( GEOMETRIC_REPRESENTATION_CONTEXT(2) 
PARAMETRIC_REPRESENTATION_CONTEXT() REPRESENTATION_CONTEXT('2D SPACE',''
  ) );
#2538 = PCURVE('',#1646,#2539);
#2539 = DEFINITIONAL_REPRESENTATION('',(#2540),#2545);
#2540 = ( BOUNDED_CURVE() B_SPLINE_CURVE(3,(#2541,#2542,#2543,#2544),
.UNSPECIFIED.,.F.,.F.) B_SPLINE_CURVE_WITH_KNOTS((4,4),(0.,1.),
.PIECEWISE_BEZIER_KNOTS.) CURVE() GEOMETRIC_REPRESENTATION_ITEM() 
RATIONAL_B_SPLINE_CURVE((1.,0.950637957161,0.950637957161,1.)) 
REPRESENTATION_ITEM('') );
#2541 = CARTESIAN_POINT('',(-2.303830274446,2.943623502357));
#2542 = CARTESIAN_POINT('',(-0.283255055513,1.211574617739));
#2543 = CARTESIAN_POINT('',(0.807819021986,-1.032157223188));
#2544 = CARTESIAN_POINT('',(0.807819022051,-3.455306458666));
#2545 = ( GEOMETRIC_REPRESENTATION_CONTEXT(2) 
PARAMETRIC_REPRESENTATION_CONTEXT() REPRESENTATION_CONTEXT('2D SPACE',''
  ) );
#2546 = ORIENTED_EDGE('',*,*,#2547,.T.);
#2547 = EDGE_CURVE('',#2501,#461,#2548,.T.);
#2548 = SURFACE_CURVE('',#2549,(#2553,#2560),.PCURVE_S1.);
#2549 = LINE('',#2550,#2551);
#2550 = CARTESIAN_POINT('',(19.75,0.85,-18.24859595258));
#2551 = VECTOR('',#2552,1.);
#2552 = DIRECTION('',(-0.,-0.,-1.));
#2553 = PCURVE('',#506,#2554);
#2554 = DEFINITIONAL_REPRESENTATION('',(#2555),#2559);
#2555 = LINE('',#2556,#2557);
#2556 = CARTESIAN_POINT('',(4.712388980385,1.694725670149));
#2557 = VECTOR('',#2558,1.);
#2558 = DIRECTION('',(0.,1.));
#2559 = ( GEOMETRIC_REPRESENTATION_CONTEXT(2) 
PARAMETRIC_REPRESENTATION_CONTEXT() REPRESENTATION_CONTEXT('2D SPACE',''
  ) );
#2560 = PCURVE('',#476,#2561);
#2561 = DEFINITIONAL_REPRESENTATION('',(#2562),#2566);
#2562 = LINE('',#2563,#2564);
#2563 = CARTESIAN_POINT('',(-50.51,-7.105427357601E-15));
#2564 = VECTOR('',#2565,1.);
#2565 = DIRECTION('',(0.,-1.));
#2566 = ( GEOMETRIC_REPRESENTATION_CONTEXT(2) 
PARAMETRIC_REPRESENTATION_CONTEXT() REPRESENTATION_CONTEXT('2D SPACE',''
  ) );
#2567 = ORIENTED_EDGE('',*,*,#488,.F.);
#2568 = ADVANCED_FACE('',(#2569),#476,.T.);
#2569 = FACE_BOUND('',#2570,.T.);
#2570 = EDGE_LOOP('',(#2571,#2572,#2595,#2616));
#2571 = ORIENTED_EDGE('',*,*,#460,.F.);
#2572 = ORIENTED_EDGE('',*,*,#2573,.F.);
#2573 = EDGE_CURVE('',#2574,#433,#2576,.T.);
#2574 = VERTEX_POINT('',#2575);
#2575 = CARTESIAN_POINT('',(15.1,0.85,-18.24859595258));
#2576 = SURFACE_CURVE('',#2577,(#2581,#2588),.PCURVE_S1.);
#2577 = LINE('',#2578,#2579);
#2578 = CARTESIAN_POINT('',(15.1,0.85,-18.24859595258));
#2579 = VECTOR('',#2580,1.);
#2580 = DIRECTION('',(-0.,-0.,-1.));
#2581 = PCURVE('',#476,#2582);
#2582 = DEFINITIONAL_REPRESENTATION('',(#2583),#2587);
#2583 = LINE('',#2584,#2585);
#2584 = CARTESIAN_POINT('',(-45.86,-7.105427357601E-15));
#2585 = VECTOR('',#2586,1.);
#2586 = DIRECTION('',(0.,-1.));
#2587 = ( GEOMETRIC_REPRESENTATION_CONTEXT(2) 
PARAMETRIC_REPRESENTATION_CONTEXT() REPRESENTATION_CONTEXT('2D SPACE',''
  ) );
#2588 = PCURVE('',#448,#2589);
#2589 = DEFINITIONAL_REPRESENTATION('',(#2590),#2594);
#2590 = LINE('',#2591,#2592);
#2591 = CARTESIAN_POINT('',(1.201404047415,1.85));
#2592 = VECTOR('',#2593,1.);
#2593 = DIRECTION('',(-1.,0.));
#2594 = ( GEOMETRIC_REPRESENTATION_CONTEXT(2) 
PARAMETRIC_REPRESENTATION_CONTEXT() REPRESENTATION_CONTEXT('2D SPACE',''
  ) );
#2595 = ORIENTED_EDGE('',*,*,#2596,.T.);
#2596 = EDGE_CURVE('',#2574,#2501,#2597,.T.);
#2597 = SURFACE_CURVE('',#2598,(#2602,#2609),.PCURVE_S1.);
#2598 = LINE('',#2599,#2600);
#2599 = CARTESIAN_POINT('',(-30.76,0.85,-18.24859595258));
#2600 = VECTOR('',#2601,1.);
#2601 = DIRECTION('',(1.,-1.86529406019E-16,-1.211336126234E-16));
#2602 = PCURVE('',#476,#2603);
#2603 = DEFINITIONAL_REPRESENTATION('',(#2604),#2608);
#2604 = LINE('',#2605,#2606);
#2605 = CARTESIAN_POINT('',(0.,0.));
#2606 = VECTOR('',#2607,1.);
#2607 = DIRECTION('',(-1.,-1.211336126234E-16));
#2608 = ( GEOMETRIC_REPRESENTATION_CONTEXT(2) 
PARAMETRIC_REPRESENTATION_CONTEXT() REPRESENTATION_CONTEXT('2D SPACE',''
  ) );
#2609 = PCURVE('',#1646,#2610);
#2610 = DEFINITIONAL_REPRESENTATION('',(#2611),#2615);
#2611 = LINE('',#2612,#2613);
#2612 = CARTESIAN_POINT('',(0.807819022051,-53.96530645866));
#2613 = VECTOR('',#2614,1.);
#2614 = DIRECTION('',(2.224108167716E-16,1.));
#2615 = ( GEOMETRIC_REPRESENTATION_CONTEXT(2) 
PARAMETRIC_REPRESENTATION_CONTEXT() REPRESENTATION_CONTEXT('2D SPACE',''
  ) );
#2616 = ORIENTED_EDGE('',*,*,#2547,.T.);
#2617 = ADVANCED_FACE('',(#2618),#448,.T.);
#2618 = FACE_BOUND('',#2619,.T.);
#2619 = EDGE_LOOP('',(#2620,#2621,#2622,#2643));
#2620 = ORIENTED_EDGE('',*,*,#432,.F.);
#2621 = ORIENTED_EDGE('',*,*,#1843,.F.);
#2622 = ORIENTED_EDGE('',*,*,#2623,.T.);
#2623 = EDGE_CURVE('',#1821,#2574,#2624,.T.);
#2624 = SURFACE_CURVE('',#2625,(#2629,#2636),.PCURVE_S1.);
#2625 = LINE('',#2626,#2627);
#2626 = CARTESIAN_POINT('',(15.1,-1.,-19.45));
#2627 = VECTOR('',#2628,1.);
#2628 = DIRECTION('',(0.,0.838670567945,0.544639035015));
#2629 = PCURVE('',#448,#2630);
#2630 = DEFINITIONAL_REPRESENTATION('',(#2631),#2635);
#2631 = LINE('',#2632,#2633);
#2632 = CARTESIAN_POINT('',(0.,0.));
#2633 = VECTOR('',#2634,1.);
#2634 = DIRECTION('',(0.544639035015,0.838670567945));
#2635 = ( GEOMETRIC_REPRESENTATION_CONTEXT(2) 
PARAMETRIC_REPRESENTATION_CONTEXT() REPRESENTATION_CONTEXT('2D SPACE',''
  ) );
#2636 = PCURVE('',#1646,#2637);
#2637 = DEFINITIONAL_REPRESENTATION('',(#2638),#2642);
#2638 = LINE('',#2639,#2640);
#2639 = CARTESIAN_POINT('',(3.013691113797,-8.105306458666));
#2640 = VECTOR('',#2641,1.);
#2641 = DIRECTION('',(-1.,2.465190328816E-31));
#2642 = ( GEOMETRIC_REPRESENTATION_CONTEXT(2) 
PARAMETRIC_REPRESENTATION_CONTEXT() REPRESENTATION_CONTEXT('2D SPACE',''
  ) );
#2643 = ORIENTED_EDGE('',*,*,#2573,.T.);
#2644 = ADVANCED_FACE('',(#2645),#556,.T.);
#2645 = FACE_BOUND('',#2646,.T.);
#2646 = EDGE_LOOP('',(#2647,#2648,#2649,#2670));
#2647 = ORIENTED_EDGE('',*,*,#540,.F.);
#2648 = ORIENTED_EDGE('',*,*,#2477,.F.);
#2649 = ORIENTED_EDGE('',*,*,#2650,.T.);
#2650 = EDGE_CURVE('',#2478,#1585,#2651,.T.);
#2651 = SURFACE_CURVE('',#2652,(#2656,#2663),.PCURVE_S1.);
#2652 = LINE('',#2653,#2654);
#2653 = CARTESIAN_POINT('',(5.267779704365,24.340798939397,
    -2.993492751064));
#2654 = VECTOR('',#2655,1.);
#2655 = DIRECTION('',(0.642594670326,-0.642594670326,-0.417305858258));
#2656 = PCURVE('',#556,#2657);
#2657 = DEFINITIONAL_REPRESENTATION('',(#2658),#2662);
#2658 = LINE('',#2659,#2660);
#2659 = CARTESIAN_POINT('',(0.,0.));
#2660 = VECTOR('',#2661,1.);
#2661 = DIRECTION('',(-0.908766097884,-0.417305858258));
#2662 = ( GEOMETRIC_REPRESENTATION_CONTEXT(2) 
PARAMETRIC_REPRESENTATION_CONTEXT() REPRESENTATION_CONTEXT('2D SPACE',''
  ) );
#2663 = PCURVE('',#1646,#2664);
#2664 = DEFINITIONAL_REPRESENTATION('',(#2665),#2669);
#2665 = LINE('',#2666,#2667);
#2666 = CARTESIAN_POINT('',(-27.20174735267,-17.9375267543));
#2667 = VECTOR('',#2668,1.);
#2668 = DIRECTION('',(0.766206297069,0.642594670326));
#2669 = ( GEOMETRIC_REPRESENTATION_CONTEXT(2) 
PARAMETRIC_REPRESENTATION_CONTEXT() REPRESENTATION_CONTEXT('2D SPACE',''
  ) );
#2670 = ORIENTED_EDGE('',*,*,#1584,.T.);
#2671 = ADVANCED_FACE('',(#2672),#1646,.T.);
#2672 = FACE_BOUND('',#2673,.T.);
#2673 = EDGE_LOOP('',(#2674,#2675,#2676,#2677,#2678,#2679));
#2674 = ORIENTED_EDGE('',*,*,#2500,.T.);
#2675 = ORIENTED_EDGE('',*,*,#2596,.F.);
#2676 = ORIENTED_EDGE('',*,*,#2623,.F.);
#2677 = ORIENTED_EDGE('',*,*,#1820,.F.);
#2678 = ORIENTED_EDGE('',*,*,#1607,.F.);
#2679 = ORIENTED_EDGE('',*,*,#2650,.F.);
#2680 = ADVANCED_FACE('',(#2681),#124,.F.);
#2681 = FACE_BOUND('',#2682,.T.);
#2682 = EDGE_LOOP('',(#2683,#2684,#2685,#2686,#2687,#2688));
#2683 = ORIENTED_EDGE('',*,*,#1276,.T.);
#2684 = ORIENTED_EDGE('',*,*,#108,.F.);
#2685 = ORIENTED_EDGE('',*,*,#1464,.F.);
#2686 = ORIENTED_EDGE('',*,*,#2115,.T.);
#2687 = ORIENTED_EDGE('',*,*,#621,.F.);
#2688 = ORIENTED_EDGE('',*,*,#2060,.T.);
#2689 = ( GEOMETRIC_REPRESENTATION_CONTEXT(3) 
GLOBAL_UNCERTAINTY_ASSIGNED_CONTEXT((#2693)) 
GLOBAL_UNIT_ASSIGNED_CONTEXT((#2690,#2691,#2692)) REPRESENTATION_CONTEXT
('Context #1','3D Context with UNIT and UNCERTAINTY') );
#2690 = ( LENGTH_UNIT() NAMED_UNIT(*) SI_UNIT(.MILLI.,.METRE.) );
#2691 = ( NAMED_UNIT(*) PLANE_ANGLE_UNIT() SI_UNIT($,.RADIAN.) );
#2692 = ( NAMED_UNIT(*) SI_UNIT($,.STERADIAN.) SOLID_ANGLE_UNIT() );
#2693 = UNCERTAINTY_MEASURE_WITH_UNIT(LENGTH_MEASURE(1.E-04),#2690,
  'distance_accuracy_value','confusion accuracy');
#2694 = PRODUCT_RELATED_PRODUCT_CATEGORY('part',$,(#7));
ENDSEC;
END-ISO-10303-21;
