ISO-10303-21;
HEADER;
FILE_DESCRIPTION(('Open CASCADE Model'),'2;1');
FILE_NAME('Open CASCADE Shape Model','2026-09-08T23:21:14',('Author'),(
    'Open CASCADE'),'Open CASCADE STEP processor 7.9','Open CASCADE 7.9'
  ,'Unknown');
FILE_SCHEMA(('AUTOMOTIVE_DESIGN { 1 0 10303 214 1 1 1 1 }'));
ENDSEC;
DATA;
#1 = APPLICATION_PROTOCOL_DEFINITION('international standard',
  'automotive_design',2000,#2);
#2 = APPLICATION_CONTEXT(
  'core data for automotive mechanical design processes');
#3 = SHAPE_DEFINITION_REPRESENTATION(#4,#10);
#4 = PRODUCT_DEFINITION_SHAPE('','',#5);
#5 = PRODUCT_DEFINITION('design','',#6,#9);
#6 = PRODUCT_DEFINITION_FORMATION('','',#7);
#7 = PRODUCT('Open CASCADE STEP translator 7.9 3',
  'Open CASCADE STEP translator 7.9 3','',(#8));
#8 = PRODUCT_CONTEXT('',#2,'mechanical');
#9 = PRODUCT_DEFINITION_CONTEXT('part definition',#2,'design');
#10 = ADVANCED_BREP_SHAPE_REPRESENTATION('',(#11,#15),#15391);
#11 = AXIS2_PLACEMENT_3D('',#12,#13,#14);
#12 = CARTESIAN_POINT('',(0.,0.,0.));
#13 = DIRECTION('',(0.,0.,1.));
#14 = DIRECTION('',(1.,0.,-0.));
#15 = MANIFOLD_SOLID_BREP('',#16);
#16 = CLOSED_SHELL('',(#17,#134,#246,#519,#636,#753,#1288,#1796,#2274,
    #2395,#2515,#2635,#2751,#2867,#2979,#3091,#3203,#3315,#3427,#3539,
    #3656,#3773,#3880,#4000,#4545,#4616,#4665,#4695,#4725,#4751,#4777,
    #4803,#4829,#4855,#4881,#4907,#4933,#4963,#4993,#5019,#5160,#5256,
    #5397,#5457,#5485,#5513,#5594,#5622,#5650,#5678,#5706,#5734,#5762,
    #5794,#5826,#5858,#5890,#5922,#6042,#6157,#6272,#6387,#6502,#6617,
    #6732,#6847,#6923,#6972,#7021,#7092,#7141,#7190,#7261,#7310,#7359,
    #7430,#7479,#7528,#7599,#7648,#7697,#7768,#7817,#7866,#7937,#7986,
    #8035,#8106,#8155,#8204,#8375,#8505,#8799,#9036,#9151,#9237,#9323,
    #9372,#9487,#9636,#9712,#9761,#9837,#9886,#9967,#10043,#10097,#10185
    ,#10239,#10294,#10326,#10460,#10761,#10837,#10914,#11050,#11101,
    #11214,#11382,#11550,#11580,#11630,#11800,#11960,#12039,#12280,
    #12370,#12470,#12612,#12973,#13071,#13078,#13179,#13239,#13293,
    #13347,#13354,#13456,#13509,#13720,#13876,#13925,#13996,#14023,
    #14174,#14181,#14188,#14283,#14310,#14359,#14386,#14395,#14490,
    #14539,#14566,#14593,#14602,#14707,#14778,#14825,#14872,#14880,
    #14888,#14916,#14921,#14949,#14954,#15121,#15148,#15294,#15377,
    #15384));
#17 = ADVANCED_FACE('',(#18),#33,.T.);
#18 = FACE_BOUND('',#19,.T.);
#19 = EDGE_LOOP('',(#20,#56,#84,#113));
#20 = ORIENTED_EDGE('',*,*,#21,.T.);
#21 = EDGE_CURVE('',#22,#24,#26,.T.);
#22 = VERTEX_POINT('',#23);
#23 = CARTESIAN_POINT('',(23.8705,25.674235832114,-1.));
#24 = VERTEX_POINT('',#25);
#25 = CARTESIAN_POINT('',(25.0705,25.674235832114,-1.));
#26 = SURFACE_CURVE('',#27,(#32,#44),.PCURVE_S1.);
#27 = CIRCLE('',#28,0.6);
#28 = AXIS2_PLACEMENT_3D('',#29,#30,#31);
#29 = CARTESIAN_POINT('',(24.4705,25.674235832114,-1.));
#30 = DIRECTION('',(0.,5.480694194524E-17,-1.));
#31 = DIRECTION('',(0.,1.,5.480694194524E-17));
#32 = PCURVE('',#33,#38);
#33 = CYLINDRICAL_SURFACE('',#34,0.6);
#34 = AXIS2_PLACEMENT_3D('',#35,#36,#37);
#35 = CARTESIAN_POINT('',(24.4705,25.674235832114,-1.));
#36 = DIRECTION('',(-0.,-0.,-1.));
#37 = DIRECTION('',(-1.,0.,0.));
#38 = DEFINITIONAL_REPRESENTATION('',(#39),#43);
#39 = LINE('',#40,#41);
#40 = CARTESIAN_POINT('',(-4.712388980385,0.));
#41 = VECTOR('',#42,1.);
#42 = DIRECTION('',(1.,0.));
#43 = ( GEOMETRIC_REPRESENTATION_CONTEXT(2) 
PARAMETRIC_REPRESENTATION_CONTEXT() REPRESENTATION_CONTEXT('2D SPACE',''
  ) );
#44 = PCURVE('',#45,#50);
#45 = PLANE('',#46);
#46 = AXIS2_PLACEMENT_3D('',#47,#48,#49);
#47 = CARTESIAN_POINT('',(24.4705,25.674235832114,-1.));
#48 = DIRECTION('',(0.,5.480694194524E-17,-1.));
#49 = DIRECTION('',(0.,1.,5.480694194524E-17));
#50 = DEFINITIONAL_REPRESENTATION('',(#51),#55);
#51 = CIRCLE('',#52,0.6);
#52 = AXIS2_PLACEMENT_2D('',#53,#54);
#53 = CARTESIAN_POINT('',(0.,0.));
#54 = DIRECTION('',(1.,0.));
#55 = ( GEOMETRIC_REPRESENTATION_CONTEXT(2) 
PARAMETRIC_REPRESENTATION_CONTEXT() REPRESENTATION_CONTEXT('2D SPACE',''
  ) );
#56 = ORIENTED_EDGE('',*,*,#57,.T.);
#57 = EDGE_CURVE('',#24,#58,#60,.T.);
#58 = VERTEX_POINT('',#59);
#59 = CARTESIAN_POINT('',(25.0705,25.674235832114,-2.));
#60 = SURFACE_CURVE('',#61,(#65,#72),.PCURVE_S1.);
#61 = LINE('',#62,#63);
#62 = CARTESIAN_POINT('',(25.0705,25.674235832114,-1.));
#63 = VECTOR('',#64,1.);
#64 = DIRECTION('',(-0.,-0.,-1.));
#65 = PCURVE('',#33,#66);
#66 = DEFINITIONAL_REPRESENTATION('',(#67),#71);
#67 = LINE('',#68,#69);
#68 = CARTESIAN_POINT('',(3.14159265359,0.));
#69 = VECTOR('',#70,1.);
#70 = DIRECTION('',(0.,1.));
#71 = ( GEOMETRIC_REPRESENTATION_CONTEXT(2) 
PARAMETRIC_REPRESENTATION_CONTEXT() REPRESENTATION_CONTEXT('2D SPACE',''
  ) );
#72 = PCURVE('',#73,#78);
#73 = CYLINDRICAL_SURFACE('',#74,0.6);
#74 = AXIS2_PLACEMENT_3D('',#75,#76,#77);
#75 = CARTESIAN_POINT('',(24.4705,25.674235832114,-1.));
#76 = DIRECTION('',(-0.,-0.,-1.));
#77 = DIRECTION('',(-1.,0.,0.));
#78 = DEFINITIONAL_REPRESENTATION('',(#79),#83);
#79 = LINE('',#80,#81);
#80 = CARTESIAN_POINT('',(3.14159265359,0.));
#81 = VECTOR('',#82,1.);
#82 = DIRECTION('',(0.,1.));
#83 = ( GEOMETRIC_REPRESENTATION_CONTEXT(2) 
PARAMETRIC_REPRESENTATION_CONTEXT() REPRESENTATION_CONTEXT('2D SPACE',''
  ) );
#84 = ORIENTED_EDGE('',*,*,#85,.F.);
#85 = EDGE_CURVE('',#86,#58,#88,.T.);
#86 = VERTEX_POINT('',#87);
#87 = CARTESIAN_POINT('',(23.8705,25.674235832114,-2.));
#88 = SURFACE_CURVE('',#89,(#94,#101),.PCURVE_S1.);
#89 = CIRCLE('',#90,0.6);
#90 = AXIS2_PLACEMENT_3D('',#91,#92,#93);
#91 = CARTESIAN_POINT('',(24.4705,25.674235832114,-2.));
#92 = DIRECTION('',(0.,5.480694194524E-17,-1.));
#93 = DIRECTION('',(0.,1.,5.480694194524E-17));
#94 = PCURVE('',#33,#95);
#95 = DEFINITIONAL_REPRESENTATION('',(#96),#100);
#96 = LINE('',#97,#98);
#97 = CARTESIAN_POINT('',(-4.712388980385,1.));
#98 = VECTOR('',#99,1.);
#99 = DIRECTION('',(1.,0.));
#100 = ( GEOMETRIC_REPRESENTATION_CONTEXT(2) 
PARAMETRIC_REPRESENTATION_CONTEXT() REPRESENTATION_CONTEXT('2D SPACE',''
  ) );
#101 = PCURVE('',#102,#107);
#102 = PLANE('',#103);
#103 = AXIS2_PLACEMENT_3D('',#104,#105,#106);
#104 = CARTESIAN_POINT('',(-30.75,21.174235832114,-2.));
#105 = DIRECTION('',(0.,5.480694194524E-17,-1.));
#106 = DIRECTION('',(0.,1.,5.480694194524E-17));
#107 = DEFINITIONAL_REPRESENTATION('',(#108),#112);
#108 = CIRCLE('',#109,0.6);
#109 = AXIS2_PLACEMENT_2D('',#110,#111);
#110 = CARTESIAN_POINT('',(4.5,55.2205));
#111 = DIRECTION('',(1.,0.));
#112 = ( GEOMETRIC_REPRESENTATION_CONTEXT(2) 
PARAMETRIC_REPRESENTATION_CONTEXT() REPRESENTATION_CONTEXT('2D SPACE',''
  ) );
#113 = ORIENTED_EDGE('',*,*,#114,.F.);
#114 = EDGE_CURVE('',#22,#86,#115,.T.);
#115 = SURFACE_CURVE('',#116,(#120,#127),.PCURVE_S1.);
#116 = LINE('',#117,#118);
#117 = CARTESIAN_POINT('',(23.8705,25.674235832114,-1.));
#118 = VECTOR('',#119,1.);
#119 = DIRECTION('',(-0.,-0.,-1.));
#120 = PCURVE('',#33,#121);
#121 = DEFINITIONAL_REPRESENTATION('',(#122),#126);
#122 = LINE('',#123,#124);
#123 = CARTESIAN_POINT('',(0.,0.));
#124 = VECTOR('',#125,1.);
#125 = DIRECTION('',(0.,1.));
#126 = ( GEOMETRIC_REPRESENTATION_CONTEXT(2) 
PARAMETRIC_REPRESENTATION_CONTEXT() REPRESENTATION_CONTEXT('2D SPACE',''
  ) );
#127 = PCURVE('',#73,#128);
#128 = DEFINITIONAL_REPRESENTATION('',(#129),#133);
#129 = LINE('',#130,#131);
#130 = CARTESIAN_POINT('',(6.28318530718,0.));
#131 = VECTOR('',#132,1.);
#132 = DIRECTION('',(0.,1.));
#133 = ( GEOMETRIC_REPRESENTATION_CONTEXT(2) 
PARAMETRIC_REPRESENTATION_CONTEXT() REPRESENTATION_CONTEXT('2D SPACE',''
  ) );
#134 = ADVANCED_FACE('',(#135),#150,.T.);
#135 = FACE_BOUND('',#136,.T.);
#136 = EDGE_LOOP('',(#137,#173,#201,#225));
#137 = ORIENTED_EDGE('',*,*,#138,.T.);
#138 = EDGE_CURVE('',#139,#141,#143,.T.);
#139 = VERTEX_POINT('',#140);
#140 = CARTESIAN_POINT('',(-25.0705,25.674235832114,-1.));
#141 = VERTEX_POINT('',#142);
#142 = CARTESIAN_POINT('',(-23.8705,25.674235832114,-1.));
#143 = SURFACE_CURVE('',#144,(#149,#161),.PCURVE_S1.);
#144 = CIRCLE('',#145,0.6);
#145 = AXIS2_PLACEMENT_3D('',#146,#147,#148);
#146 = CARTESIAN_POINT('',(-24.4705,25.674235832114,-1.));
#147 = DIRECTION('',(0.,5.480694194524E-17,-1.));
#148 = DIRECTION('',(0.,1.,5.480694194524E-17));
#149 = PCURVE('',#150,#155);
#150 = CYLINDRICAL_SURFACE('',#151,0.6);
#151 = AXIS2_PLACEMENT_3D('',#152,#153,#154);
#152 = CARTESIAN_POINT('',(-24.4705,25.674235832114,-1.));
#153 = DIRECTION('',(-0.,-0.,-1.));
#154 = DIRECTION('',(-1.,0.,0.));
#155 = DEFINITIONAL_REPRESENTATION('',(#156),#160);
#156 = LINE('',#157,#158);
#157 = CARTESIAN_POINT('',(-4.712388980385,0.));
#158 = VECTOR('',#159,1.);
#159 = DIRECTION('',(1.,0.));
#160 = ( GEOMETRIC_REPRESENTATION_CONTEXT(2) 
PARAMETRIC_REPRESENTATION_CONTEXT() REPRESENTATION_CONTEXT('2D SPACE',''
  ) );
#161 = PCURVE('',#162,#167);
#162 = PLANE('',#163);
#163 = AXIS2_PLACEMENT_3D('',#164,#165,#166);
#164 = CARTESIAN_POINT('',(-24.4705,25.674235832114,-1.));
#165 = DIRECTION('',(0.,5.480694194524E-17,-1.));
#166 = DIRECTION('',(0.,1.,5.480694194524E-17));
#167 = DEFINITIONAL_REPRESENTATION('',(#168),#172);
#168 = CIRCLE('',#169,0.6);
#169 = AXIS2_PLACEMENT_2D('',#170,#171);
#170 = CARTESIAN_POINT('',(0.,0.));
#171 = DIRECTION('',(1.,0.));
#172 = ( GEOMETRIC_REPRESENTATION_CONTEXT(2) 
PARAMETRIC_REPRESENTATION_CONTEXT() REPRESENTATION_CONTEXT('2D SPACE',''
  ) );
#173 = ORIENTED_EDGE('',*,*,#174,.T.);
#174 = EDGE_CURVE('',#141,#175,#177,.T.);
#175 = VERTEX_POINT('',#176);
#176 = CARTESIAN_POINT('',(-23.8705,25.674235832114,-2.));
#177 = SURFACE_CURVE('',#178,(#182,#189),.PCURVE_S1.);
#178 = LINE('',#179,#180);
#179 = CARTESIAN_POINT('',(-23.8705,25.674235832114,-1.));
#180 = VECTOR('',#181,1.);
#181 = DIRECTION('',(-0.,-0.,-1.));
#182 = PCURVE('',#150,#183);
#183 = DEFINITIONAL_REPRESENTATION('',(#184),#188);
#184 = LINE('',#185,#186);
#185 = CARTESIAN_POINT('',(3.14159265359,0.));
#186 = VECTOR('',#187,1.);
#187 = DIRECTION('',(0.,1.));
#188 = ( GEOMETRIC_REPRESENTATION_CONTEXT(2) 
PARAMETRIC_REPRESENTATION_CONTEXT() REPRESENTATION_CONTEXT('2D SPACE',''
  ) );
#189 = PCURVE('',#190,#195);
#190 = CYLINDRICAL_SURFACE('',#191,0.6);
#191 = AXIS2_PLACEMENT_3D('',#192,#193,#194);
#192 = CARTESIAN_POINT('',(-24.4705,25.674235832114,-1.));
#193 = DIRECTION('',(-0.,-0.,-1.));
#194 = DIRECTION('',(-1.,0.,0.));
#195 = DEFINITIONAL_REPRESENTATION('',(#196),#200);
#196 = LINE('',#197,#198);
#197 = CARTESIAN_POINT('',(3.14159265359,0.));
#198 = VECTOR('',#199,1.);
#199 = DIRECTION('',(0.,1.));
#200 = ( GEOMETRIC_REPRESENTATION_CONTEXT(2) 
PARAMETRIC_REPRESENTATION_CONTEXT() REPRESENTATION_CONTEXT('2D SPACE',''
  ) );
#201 = ORIENTED_EDGE('',*,*,#202,.F.);
#202 = EDGE_CURVE('',#203,#175,#205,.T.);
#203 = VERTEX_POINT('',#204);
#204 = CARTESIAN_POINT('',(-25.0705,25.674235832114,-2.));
#205 = SURFACE_CURVE('',#206,(#211,#218),.PCURVE_S1.);
#206 = CIRCLE('',#207,0.6);
#207 = AXIS2_PLACEMENT_3D('',#208,#209,#210);
#208 = CARTESIAN_POINT('',(-24.4705,25.674235832114,-2.));
#209 = DIRECTION('',(0.,5.480694194524E-17,-1.));
#210 = DIRECTION('',(0.,1.,5.480694194524E-17));
#211 = PCURVE('',#150,#212);
#212 = DEFINITIONAL_REPRESENTATION('',(#213),#217);
#213 = LINE('',#214,#215);
#214 = CARTESIAN_POINT('',(-4.712388980385,1.));
#215 = VECTOR('',#216,1.);
#216 = DIRECTION('',(1.,0.));
#217 = ( GEOMETRIC_REPRESENTATION_CONTEXT(2) 
PARAMETRIC_REPRESENTATION_CONTEXT() REPRESENTATION_CONTEXT('2D SPACE',''
  ) );
#218 = PCURVE('',#102,#219);
#219 = DEFINITIONAL_REPRESENTATION('',(#220),#224);
#220 = CIRCLE('',#221,0.6);
#221 = AXIS2_PLACEMENT_2D('',#222,#223);
#222 = CARTESIAN_POINT('',(4.5,6.2795));
#223 = DIRECTION('',(1.,0.));
#224 = ( GEOMETRIC_REPRESENTATION_CONTEXT(2) 
PARAMETRIC_REPRESENTATION_CONTEXT() REPRESENTATION_CONTEXT('2D SPACE',''
  ) );
#225 = ORIENTED_EDGE('',*,*,#226,.F.);
#226 = EDGE_CURVE('',#139,#203,#227,.T.);
#227 = SURFACE_CURVE('',#228,(#232,#239),.PCURVE_S1.);
#228 = LINE('',#229,#230);
#229 = CARTESIAN_POINT('',(-25.0705,25.674235832114,-1.));
#230 = VECTOR('',#231,1.);
#231 = DIRECTION('',(-0.,-0.,-1.));
#232 = PCURVE('',#150,#233);
#233 = DEFINITIONAL_REPRESENTATION('',(#234),#238);
#234 = LINE('',#235,#236);
#235 = CARTESIAN_POINT('',(0.,0.));
#236 = VECTOR('',#237,1.);
#237 = DIRECTION('',(0.,1.));
#238 = ( GEOMETRIC_REPRESENTATION_CONTEXT(2) 
PARAMETRIC_REPRESENTATION_CONTEXT() REPRESENTATION_CONTEXT('2D SPACE',''
  ) );
#239 = PCURVE('',#190,#240);
#240 = DEFINITIONAL_REPRESENTATION('',(#241),#245);
#241 = LINE('',#242,#243);
#242 = CARTESIAN_POINT('',(6.28318530718,0.));
#243 = VECTOR('',#244,1.);
#244 = DIRECTION('',(0.,1.));
#245 = ( GEOMETRIC_REPRESENTATION_CONTEXT(2) 
PARAMETRIC_REPRESENTATION_CONTEXT() REPRESENTATION_CONTEXT('2D SPACE',''
  ) );
#246 = ADVANCED_FACE('',(#247),#262,.T.);
#247 = FACE_BOUND('',#248,.T.);
#248 = EDGE_LOOP('',(#249,#337,#418,#470));
#249 = ORIENTED_EDGE('',*,*,#250,.F.);
#250 = EDGE_CURVE('',#251,#253,#255,.T.);
#251 = VERTEX_POINT('',#252);
#252 = CARTESIAN_POINT('',(0.,41.43052276529,-0.282409622989));
#253 = VERTEX_POINT('',#254);
#254 = CARTESIAN_POINT('',(-0.709104171378,41.300595297074,
    -0.35412912475));
#255 = SURFACE_CURVE('',#256,(#261,#303),.PCURVE_S1.);
#256 = ( BOUNDED_CURVE() B_SPLINE_CURVE(3,(#257,#258,#259,#260),
.UNSPECIFIED.,.F.,.F.) B_SPLINE_CURVE_WITH_KNOTS((4,4),(0.,0.36243498958
),.PIECEWISE_BEZIER_KNOTS.) CURVE() GEOMETRIC_REPRESENTATION_ITEM() 
RATIONAL_B_SPLINE_CURVE((1.,0.989083330731,0.989083330731,1.)) 
REPRESENTATION_ITEM('') );
#257 = CARTESIAN_POINT('',(0.,41.43052276529,-0.282409622989));
#258 = CARTESIAN_POINT('',(-0.242955282483,41.43052276529,
    -0.282409622989));
#259 = CARTESIAN_POINT('',(-0.481932171267,41.386735599208,
    -0.306579983407));
#260 = CARTESIAN_POINT('',(-0.709104171378,41.300595297074,
    -0.35412912475));
#261 = PCURVE('',#262,#275);
#262 = ( BOUNDED_SURFACE() B_SPLINE_SURFACE(3,2,(
    (#263,#264,#265)
    ,(#266,#267,#268)
    ,(#269,#270,#271)
    ,(#272,#273,#274
)),.UNSPECIFIED.,.F.,.F.,.F.) B_SPLINE_SURFACE_WITH_KNOTS((4,4),(3,3),(
    5.9207503176,6.28318530718),(0.,1.),.PIECEWISE_BEZIER_KNOTS.) 
GEOMETRIC_REPRESENTATION_ITEM() RATIONAL_B_SPLINE_SURFACE((
    (1.,0.868693631138,1.)
    ,(1.,0.875411270985,1.)
    ,(1.,0.87882089096,1.)
,(1.,0.878817112662,1.))) REPRESENTATION_ITEM('') SURFACE() );
#263 = CARTESIAN_POINT('',(-0.709104171378,41.300595297074,
    -0.35412912475));
#264 = CARTESIAN_POINT('',(-0.673214023419,41.314204316616,
    -0.520834416679));
#265 = CARTESIAN_POINT('',(-0.602738545672,41.183476127811,
    -0.605730295133));
#266 = CARTESIAN_POINT('',(-0.483052478538,41.386310795065,
    -0.306814473793));
#267 = CARTESIAN_POINT('',(-0.459184277087,41.390437577173,
    -0.471327958416));
#268 = CARTESIAN_POINT('',(-0.410587004169,41.256337183883,
    -0.558413772072));
#269 = CARTESIAN_POINT('',(-0.24174894851,41.43052276529,-0.282409622996
    ));
#270 = CARTESIAN_POINT('',(-0.228945961588,41.430522765279,
    -0.445296332887));
#271 = CARTESIAN_POINT('',(-0.205492316175,41.293914475784,
    -0.53401079338));
#272 = CARTESIAN_POINT('',(7.105427357601E-15,41.43052276529,
    -0.282409622989));
#273 = CARTESIAN_POINT('',(6.729621779888E-15,41.43052276529,
    -0.445296332881));
#274 = CARTESIAN_POINT('',(6.039613253961E-15,41.293914475794,
    -0.534010793373));
#275 = DEFINITIONAL_REPRESENTATION('',(#276),#302);
#276 = B_SPLINE_CURVE_WITH_KNOTS('',3,(#277,#278,#279,#280,#281,#282,
    #283,#284,#285,#286,#287,#288,#289,#290,#291,#292,#293,#294,#295,
    #296,#297,#298,#299,#300,#301),.UNSPECIFIED.,.F.,.F.,(4,1,1,1,1,1,1,
    1,1,1,1,1,1,1,1,1,1,1,1,1,1,1,4),(0.,1.647431770816E-02,
    3.294863541632E-02,4.942295312449E-02,6.589727083265E-02,
    8.237158854081E-02,9.884590624897E-02,0.115320223957,0.131794541665,
    0.148268859373,0.164743177082,0.18121749479,0.197691812498,
    0.214166130206,0.230640447914,0.247114765622,0.263589083331,
    0.280063401039,0.296537718747,0.313012036455,0.329486354163,
    0.345960671871,0.36243498958),.QUASI_UNIFORM_KNOTS.);
#277 = CARTESIAN_POINT('',(6.28318530718,0.));
#278 = CARTESIAN_POINT('',(6.277726710413,-1.08008965866E-06));
#279 = CARTESIAN_POINT('',(6.266800492262,-4.021868749517E-06));
#280 = CARTESIAN_POINT('',(6.250386623661,-8.935791110175E-06));
#281 = CARTESIAN_POINT('',(6.233950763038,-1.950452453032E-05));
#282 = CARTESIAN_POINT('',(6.217495400692,-1.639176608531E-05));
#283 = CARTESIAN_POINT('',(6.201023029078,-1.69538409704E-05));
#284 = CARTESIAN_POINT('',(6.18453610622,-1.653962977077E-05));
#285 = CARTESIAN_POINT('',(6.168037075237,-1.63949410549E-05));
#286 = CARTESIAN_POINT('',(6.151528363569,-1.618555131288E-05));
#287 = CARTESIAN_POINT('',(6.135012387822,-1.600065289328E-05));
#288 = CARTESIAN_POINT('',(6.118491557208,-1.581600445583E-05));
#289 = CARTESIAN_POINT('',(6.101968277418,-1.563786499347E-05));
#290 = CARTESIAN_POINT('',(6.085444954372,-1.546409250237E-05));
#291 = CARTESIAN_POINT('',(6.068923997947,-1.529580176959E-05));
#292 = CARTESIAN_POINT('',(6.052407825568,-1.51296221825E-05));
#293 = CARTESIAN_POINT('',(6.035898865766,-1.497699735507E-05));
#294 = CARTESIAN_POINT('',(6.019399561169,-1.479471838554E-05));
#295 = CARTESIAN_POINT('',(6.002912372718,-1.474348160483E-05));
#296 = CARTESIAN_POINT('',(5.986439778279,-1.422311548983E-05));
#297 = CARTESIAN_POINT('',(5.969984290929,-1.547310712109E-05));
#298 = CARTESIAN_POINT('',(5.95354840247,-1.013526193817E-05));
#299 = CARTESIAN_POINT('',(5.937134686678,-3.255402846773E-06));
#300 = CARTESIAN_POINT('',(5.926208731431,-3.284035379462E-07));
#301 = CARTESIAN_POINT('',(5.9207503176,0.));
#302 = ( GEOMETRIC_REPRESENTATION_CONTEXT(2) 
PARAMETRIC_REPRESENTATION_CONTEXT() REPRESENTATION_CONTEXT('2D SPACE',''
  ) );
#303 = PCURVE('',#304,#309);
#304 = CYLINDRICAL_SURFACE('',#305,2.);
#305 = AXIS2_PLACEMENT_3D('',#306,#307,#308);
#306 = CARTESIAN_POINT('',(0.,39.43052276529,-30.));
#307 = DIRECTION('',(0.,0.,1.));
#308 = DIRECTION('',(1.,0.,-0.));
#309 = DEFINITIONAL_REPRESENTATION('',(#310),#336);
#310 = B_SPLINE_CURVE_WITH_KNOTS('',3,(#311,#312,#313,#314,#315,#316,
    #317,#318,#319,#320,#321,#322,#323,#324,#325,#326,#327,#328,#329,
    #330,#331,#332,#333,#334,#335),.UNSPECIFIED.,.F.,.F.,(4,1,1,1,1,1,1,
    1,1,1,1,1,1,1,1,1,1,1,1,1,1,1,4),(0.,1.647431770816E-02,
    3.294863541632E-02,4.942295312449E-02,6.589727083265E-02,
    8.237158854081E-02,9.884590624897E-02,0.115320223957,0.131794541665,
    0.148268859373,0.164743177082,0.18121749479,0.197691812498,
    0.214166130206,0.230640447914,0.247114765622,0.263589083331,
    0.280063401039,0.296537718747,0.313012036455,0.329486354163,
    0.345960671871,0.36243498958),.QUASI_UNIFORM_KNOTS.);
#311 = CARTESIAN_POINT('',(1.570796326795,29.717590377011));
#312 = CARTESIAN_POINT('',(1.57625775761,29.717590396729));
#313 = CARTESIAN_POINT('',(1.58718875491,29.717491574179));
#314 = CARTESIAN_POINT('',(1.603607484413,29.717045807452));
#315 = CARTESIAN_POINT('',(1.620046280485,29.716301467393));
#316 = CARTESIAN_POINT('',(1.636502953472,29.715257840777));
#317 = CARTESIAN_POINT('',(1.65297530102,29.713914432007));
#318 = CARTESIAN_POINT('',(1.669461107606,29.71227099501));
#319 = CARTESIAN_POINT('',(1.685958146892,29.710327526619));
#320 = CARTESIAN_POINT('',(1.702464183361,29.708084269644));
#321 = CARTESIAN_POINT('',(1.718976974162,29.705541712719));
#322 = CARTESIAN_POINT('',(1.735494270922,29.702700590377));
#323 = CARTESIAN_POINT('',(1.752013821585,29.699561882426));
#324 = CARTESIAN_POINT('',(1.768533372247,29.696126812875));
#325 = CARTESIAN_POINT('',(1.785050669007,29.692396848342));
#326 = CARTESIAN_POINT('',(1.801563459808,29.688373695974));
#327 = CARTESIAN_POINT('',(1.818069496277,29.684059300865));
#328 = CARTESIAN_POINT('',(1.834566535564,29.679455843036));
#329 = CARTESIAN_POINT('',(1.851052342149,29.674565733774));
#330 = CARTESIAN_POINT('',(1.867524689698,29.66939161214));
#331 = CARTESIAN_POINT('',(1.883981362684,29.663936338685));
#332 = CARTESIAN_POINT('',(1.900420158756,29.658202997465));
#333 = CARTESIAN_POINT('',(1.916838888259,29.652194865097));
#334 = CARTESIAN_POINT('',(1.92776988556,29.648008622245));
#335 = CARTESIAN_POINT('',(1.933231316374,29.64587087525));
#336 = ( GEOMETRIC_REPRESENTATION_CONTEXT(2) 
PARAMETRIC_REPRESENTATION_CONTEXT() REPRESENTATION_CONTEXT('2D SPACE',''
  ) );
#337 = ORIENTED_EDGE('',*,*,#338,.T.);
#338 = EDGE_CURVE('',#251,#339,#341,.T.);
#339 = VERTEX_POINT('',#340);
#340 = CARTESIAN_POINT('',(0.,41.293914475794,-0.534010793373));
#341 = SURFACE_CURVE('',#342,(#347,#376),.PCURVE_S1.);
#342 = CIRCLE('',#343,0.3);
#343 = AXIS2_PLACEMENT_3D('',#344,#345,#346);
#344 = CARTESIAN_POINT('',(0.,41.13052276529,-0.282409622989));
#345 = DIRECTION('',(-1.,0.,0.));
#346 = DIRECTION('',(0.,0.,1.));
#347 = PCURVE('',#262,#348);
#348 = DEFINITIONAL_REPRESENTATION('',(#349),#375);
#349 = B_SPLINE_CURVE_WITH_KNOTS('',3,(#350,#351,#352,#353,#354,#355,
    #356,#357,#358,#359,#360,#361,#362,#363,#364,#365,#366,#367,#368,
    #369,#370,#371,#372,#373,#374),.UNSPECIFIED.,.F.,.F.,(4,1,1,1,1,1,1,
    1,1,1,1,1,1,1,1,1,1,1,1,1,1,1,4),(1.570796326795,1.616016221051,
    1.661236115307,1.706456009564,1.75167590382,1.796895798076,
    1.842115692332,1.887335586588,1.932555480845,1.977775375101,
    2.022995269357,2.068215163613,2.113435057869,2.158654952126,
    2.203874846382,2.249094740638,2.294314634894,2.339534529151,
    2.384754423407,2.429974317663,2.475194211919,2.520414106175,
    2.565634000432),.QUASI_UNIFORM_KNOTS.);
#350 = CARTESIAN_POINT('',(6.28318530718,0.));
#351 = CARTESIAN_POINT('',(6.28318530718,1.579467087071E-02));
#352 = CARTESIAN_POINT('',(6.28318530718,4.720329028674E-02));
#353 = CARTESIAN_POINT('',(6.28318530718,9.382838051435E-02));
#354 = CARTESIAN_POINT('',(6.28318530718,0.140020721282));
#355 = CARTESIAN_POINT('',(6.28318530718,0.185832737277));
#356 = CARTESIAN_POINT('',(6.28318530718,0.231315428496));
#357 = CARTESIAN_POINT('',(6.28318530718,0.276518340056));
#358 = CARTESIAN_POINT('',(6.28318530718,0.321489855504));
#359 = CARTESIAN_POINT('',(6.28318530718,0.366277389394));
#360 = CARTESIAN_POINT('',(6.28318530718,0.410927595387));
#361 = CARTESIAN_POINT('',(6.28318530718,0.455486561148));
#362 = CARTESIAN_POINT('',(6.28318530718,0.5));
#363 = CARTESIAN_POINT('',(6.28318530718,0.544513438852));
#364 = CARTESIAN_POINT('',(6.28318530718,0.589072404613));
#365 = CARTESIAN_POINT('',(6.28318530718,0.633722610606));
#366 = CARTESIAN_POINT('',(6.28318530718,0.678510144496));
#367 = CARTESIAN_POINT('',(6.28318530718,0.723481659944));
#368 = CARTESIAN_POINT('',(6.28318530718,0.768684571504));
#369 = CARTESIAN_POINT('',(6.28318530718,0.814167262723));
#370 = CARTESIAN_POINT('',(6.28318530718,0.859979278718));
#371 = CARTESIAN_POINT('',(6.28318530718,0.906171619486));
#372 = CARTESIAN_POINT('',(6.28318530718,0.952796709713));
#373 = CARTESIAN_POINT('',(6.28318530718,0.984205329129));
#374 = CARTESIAN_POINT('',(6.28318530718,1.));
#375 = ( GEOMETRIC_REPRESENTATION_CONTEXT(2) 
PARAMETRIC_REPRESENTATION_CONTEXT() REPRESENTATION_CONTEXT('2D SPACE',''
  ) );
#376 = PCURVE('',#377,#390);
#377 = ( BOUNDED_SURFACE() B_SPLINE_SURFACE(3,2,(
    (#378,#379,#380)
    ,(#381,#382,#383)
    ,(#384,#385,#386)
    ,(#387,#388,#389
)),.UNSPECIFIED.,.F.,.F.,.F.) B_SPLINE_SURFACE_WITH_KNOTS((4,4),(3,3),(
    0.,0.36243498958),(0.,1.),.PIECEWISE_BEZIER_KNOTS.) 
GEOMETRIC_REPRESENTATION_ITEM() RATIONAL_B_SPLINE_SURFACE((
    (1.,0.878817112662,1.)
    ,(1.,0.87882089096,1.)
    ,(1.,0.875411270985,1.)
,(1.,0.868693631138,1.))) REPRESENTATION_ITEM('') SURFACE() );
#378 = CARTESIAN_POINT('',(0.,41.43052276529,-0.282409622989));
#379 = CARTESIAN_POINT('',(0.,41.43052276529,-0.445296332881));
#380 = CARTESIAN_POINT('',(0.,41.293914475794,-0.534010793373));
#381 = CARTESIAN_POINT('',(0.24174894851,41.43052276529,-0.282409622996)
  );
#382 = CARTESIAN_POINT('',(0.228945961588,41.430522765279,
    -0.445296332887));
#383 = CARTESIAN_POINT('',(0.205492316175,41.293914475784,-0.53401079338
    ));
#384 = CARTESIAN_POINT('',(0.483052478538,41.386310795065,
    -0.306814473793));
#385 = CARTESIAN_POINT('',(0.459184277087,41.390437577173,
    -0.471327958416));
#386 = CARTESIAN_POINT('',(0.410587004169,41.256337183883,
    -0.558413772072));
#387 = CARTESIAN_POINT('',(0.709104171378,41.300595297074,-0.35412912475
    ));
#388 = CARTESIAN_POINT('',(0.673214023419,41.314204316616,
    -0.520834416679));
#389 = CARTESIAN_POINT('',(0.602738545672,41.183476127811,
    -0.605730295133));
#390 = DEFINITIONAL_REPRESENTATION('',(#391),#417);
#391 = B_SPLINE_CURVE_WITH_KNOTS('',3,(#392,#393,#394,#395,#396,#397,
    #398,#399,#400,#401,#402,#403,#404,#405,#406,#407,#408,#409,#410,
    #411,#412,#413,#414,#415,#416),.UNSPECIFIED.,.F.,.F.,(4,1,1,1,1,1,1,
    1,1,1,1,1,1,1,1,1,1,1,1,1,1,1,4),(1.570796326795,1.616016221051,
    1.661236115307,1.706456009564,1.75167590382,1.796895798076,
    1.842115692332,1.887335586588,1.932555480845,1.977775375101,
    2.022995269357,2.068215163613,2.113435057869,2.158654952126,
    2.203874846382,2.249094740638,2.294314634894,2.339534529151,
    2.384754423407,2.429974317663,2.475194211919,2.520414106175,
    2.565634000432),.QUASI_UNIFORM_KNOTS.);
#392 = CARTESIAN_POINT('',(0.,0.));
#393 = CARTESIAN_POINT('',(0.,1.579467087071E-02));
#394 = CARTESIAN_POINT('',(0.,4.720329028674E-02));
#395 = CARTESIAN_POINT('',(0.,9.382838051435E-02));
#396 = CARTESIAN_POINT('',(0.,0.140020721282));
#397 = CARTESIAN_POINT('',(0.,0.185832737277));
#398 = CARTESIAN_POINT('',(0.,0.231315428496));
#399 = CARTESIAN_POINT('',(0.,0.276518340056));
#400 = CARTESIAN_POINT('',(0.,0.321489855504));
#401 = CARTESIAN_POINT('',(0.,0.366277389394));
#402 = CARTESIAN_POINT('',(0.,0.410927595387));
#403 = CARTESIAN_POINT('',(0.,0.455486561148));
#404 = CARTESIAN_POINT('',(0.,0.5));
#405 = CARTESIAN_POINT('',(0.,0.544513438852));
#406 = CARTESIAN_POINT('',(0.,0.589072404613));
#407 = CARTESIAN_POINT('',(0.,0.633722610606));
#408 = CARTESIAN_POINT('',(0.,0.678510144496));
#409 = CARTESIAN_POINT('',(0.,0.723481659944));
#410 = CARTESIAN_POINT('',(0.,0.768684571504));
#411 = CARTESIAN_POINT('',(0.,0.814167262723));
#412 = CARTESIAN_POINT('',(0.,0.859979278718));
#413 = CARTESIAN_POINT('',(0.,0.906171619486));
#414 = CARTESIAN_POINT('',(0.,0.952796709713));
#415 = CARTESIAN_POINT('',(-0.,0.984205329129));
#416 = CARTESIAN_POINT('',(0.,1.));
#417 = ( GEOMETRIC_REPRESENTATION_CONTEXT(2) 
PARAMETRIC_REPRESENTATION_CONTEXT() REPRESENTATION_CONTEXT('2D SPACE',''
  ) );
#418 = ORIENTED_EDGE('',*,*,#419,.F.);
#419 = EDGE_CURVE('',#420,#339,#422,.T.);
#420 = VERTEX_POINT('',#421);
#421 = CARTESIAN_POINT('',(-0.602738545672,41.183476127811,
    -0.605730295133));
#422 = SURFACE_CURVE('',#423,(#428,#457),.PCURVE_S1.);
#423 = ( BOUNDED_CURVE() B_SPLINE_CURVE(3,(#424,#425,#426,#427),
.UNSPECIFIED.,.F.,.F.) B_SPLINE_CURVE_WITH_KNOTS((4,4),(5.9207503176,
6.28318530718),.PIECEWISE_BEZIER_KNOTS.) CURVE() 
GEOMETRIC_REPRESENTATION_ITEM() RATIONAL_B_SPLINE_CURVE((1.,
0.989083330731,0.989083330731,1.)) REPRESENTATION_ITEM('') );
#424 = CARTESIAN_POINT('',(-0.602738545672,41.183476127811,
    -0.605730295133));
#425 = CARTESIAN_POINT('',(-0.409642345577,41.256695384624,
    -0.55818115379));
#426 = CARTESIAN_POINT('',(-0.20651199011,41.293914475794,
    -0.534010793373));
#427 = CARTESIAN_POINT('',(0.,41.293914475794,-0.534010793373));
#428 = PCURVE('',#262,#429);
#429 = DEFINITIONAL_REPRESENTATION('',(#430),#456);
#430 = B_SPLINE_CURVE_WITH_KNOTS('',3,(#431,#432,#433,#434,#435,#436,
    #437,#438,#439,#440,#441,#442,#443,#444,#445,#446,#447,#448,#449,
    #450,#451,#452,#453,#454,#455),.UNSPECIFIED.,.F.,.F.,(4,1,1,1,1,1,1,
    1,1,1,1,1,1,1,1,1,1,1,1,1,1,1,4),(5.9207503176,5.937224635308,
    5.953698953016,5.970173270725,5.986647588433,6.003121906141,
    6.019596223849,6.036070541557,6.052544859265,6.069019176973,
    6.085493494682,6.10196781239,6.118442130098,6.134916447806,
    6.151390765514,6.167865083222,6.184339400931,6.200813718639,
    6.217288036347,6.233762354055,6.250236671763,6.266710989471,
    6.28318530718),.QUASI_UNIFORM_KNOTS.);
#431 = CARTESIAN_POINT('',(5.9207503176,1.));
#432 = CARTESIAN_POINT('',(5.926208513596,0.999999982479));
#433 = CARTESIAN_POINT('',(5.937134100584,0.999994937456));
#434 = CARTESIAN_POINT('',(5.953547451119,0.99997572035));
#435 = CARTESIAN_POINT('',(5.969983144658,0.999948324127));
#436 = CARTESIAN_POINT('',(5.986438596558,0.999915903966));
#437 = CARTESIAN_POINT('',(6.00291124876,0.999881367484));
#438 = CARTESIAN_POINT('',(6.019398572168,0.999847317223));
#439 = CARTESIAN_POINT('',(6.035898063534,0.999816028846));
#440 = CARTESIAN_POINT('',(6.052407243228,0.999789422543));
#441 = CARTESIAN_POINT('',(6.068923652203,0.999769039627));
#442 = CARTESIAN_POINT('',(6.085444848685,0.999756021664));
#443 = CARTESIAN_POINT('',(6.101968404485,0.999751093357));
#444 = CARTESIAN_POINT('',(6.118491901044,0.999754549289));
#445 = CARTESIAN_POINT('',(6.135012925255,0.999766244869));
#446 = CARTESIAN_POINT('',(6.151529065139,0.999785591636));
#447 = CARTESIAN_POINT('',(6.168037905438,0.999811557097));
#448 = CARTESIAN_POINT('',(6.184537023206,0.999842669032));
#449 = CARTESIAN_POINT('',(6.201023983483,0.999877024554));
#450 = CARTESIAN_POINT('',(6.217496335021,0.999912302617));
#451 = CARTESIAN_POINT('',(6.233951606581,0.999945784189));
#452 = CARTESIAN_POINT('',(6.250387302111,0.999974363331));
#453 = CARTESIAN_POINT('',(6.266800901461,0.999994610365));
#454 = CARTESIAN_POINT('',(6.277726861853,0.999999974907));
#455 = CARTESIAN_POINT('',(6.28318530718,1.));
#456 = ( GEOMETRIC_REPRESENTATION_CONTEXT(2) 
PARAMETRIC_REPRESENTATION_CONTEXT() REPRESENTATION_CONTEXT('2D SPACE',''
  ) );
#457 = PCURVE('',#458,#463);
#458 = PLANE('',#459);
#459 = AXIS2_PLACEMENT_3D('',#460,#461,#462);
#460 = CARTESIAN_POINT('',(-30.75,-1.,-28.));
#461 = DIRECTION('',(0.,0.544639035015,-0.838670567945));
#462 = DIRECTION('',(0.,0.838670567945,0.544639035015));
#463 = DEFINITIONAL_REPRESENTATION('',(#464),#469);
#464 = ( BOUNDED_CURVE() B_SPLINE_CURVE(3,(#465,#466,#467,#468),
.UNSPECIFIED.,.F.,.F.) B_SPLINE_CURVE_WITH_KNOTS((4,4),(5.9207503176,
6.28318530718),.PIECEWISE_BEZIER_KNOTS.) CURVE() 
GEOMETRIC_REPRESENTATION_ITEM() RATIONAL_B_SPLINE_CURVE((1.,
0.989083330731,0.989083330731,1.)) REPRESENTATION_ITEM('') );
#465 = CARTESIAN_POINT('',(50.298028499023,30.147261454328));
#466 = CARTESIAN_POINT('',(50.385332453177,30.340357654423));
#467 = CARTESIAN_POINT('',(50.42971113128,30.54348800989));
#468 = CARTESIAN_POINT('',(50.42971113128,30.75));
#469 = ( GEOMETRIC_REPRESENTATION_CONTEXT(2) 
PARAMETRIC_REPRESENTATION_CONTEXT() REPRESENTATION_CONTEXT('2D SPACE',''
  ) );
#470 = ORIENTED_EDGE('',*,*,#471,.T.);
#471 = EDGE_CURVE('',#420,#253,#472,.T.);
#472 = SURFACE_CURVE('',#473,(#478,#507),.PCURVE_S1.);
#473 = CIRCLE('',#474,0.3);
#474 = AXIS2_PLACEMENT_3D('',#475,#476,#477);
#475 = CARTESIAN_POINT('',(-0.602738545672,41.020084417306,
    -0.35412912475));
#476 = DIRECTION('',(0.911194891369,0.345511784932,0.224377976674));
#477 = DIRECTION('',(-0.354552085689,0.935036265892,6.661338147751E-16)
  );
#478 = PCURVE('',#262,#479);
#479 = DEFINITIONAL_REPRESENTATION('',(#480),#506);
#480 = B_SPLINE_CURVE_WITH_KNOTS('',3,(#481,#482,#483,#484,#485,#486,
    #487,#488,#489,#490,#491,#492,#493,#494,#495,#496,#497,#498,#499,
    #500,#501,#502,#503,#504,#505),.UNSPECIFIED.,.F.,.F.,(4,1,1,1,1,1,1,
    1,1,1,1,1,1,1,1,1,1,1,1,1,1,1,4),(5.246710503283,5.293822994369,
    5.340935485456,5.388047976542,5.435160467628,5.482272958714,
    5.5293854498,5.576497940887,5.623610431973,5.670722923059,
    5.717835414145,5.764947905231,5.812060396318,5.859172887404,
    5.90628537849,5.953397869576,6.000510360662,6.047622851749,
    6.094735342835,6.141847833921,6.188960325007,6.236072816093,
    6.28318530718),.QUASI_UNIFORM_KNOTS.);
#481 = CARTESIAN_POINT('',(5.9207503176,1.));
#482 = CARTESIAN_POINT('',(5.9207503176,0.984148616822));
#483 = CARTESIAN_POINT('',(5.9207503176,0.952643012991));
#484 = CARTESIAN_POINT('',(5.9207503176,0.905916355219));
#485 = CARTESIAN_POINT('',(5.9207503176,0.859660800838));
#486 = CARTESIAN_POINT('',(5.9207503176,0.813818872701));
#487 = CARTESIAN_POINT('',(5.9207503176,0.768334781582));
#488 = CARTESIAN_POINT('',(5.9207503176,0.723154460138));
#489 = CARTESIAN_POINT('',(5.9207503176,0.678225213101));
#490 = CARTESIAN_POINT('',(5.9207503176,0.6334954884));
#491 = CARTESIAN_POINT('',(5.9207503176,0.588914630594));
#492 = CARTESIAN_POINT('',(5.9207503176,0.544432650649));
#493 = CARTESIAN_POINT('',(5.9207503176,0.5));
#494 = CARTESIAN_POINT('',(5.9207503176,0.455567349351));
#495 = CARTESIAN_POINT('',(5.9207503176,0.411085369406));
#496 = CARTESIAN_POINT('',(5.9207503176,0.3665045116));
#497 = CARTESIAN_POINT('',(5.9207503176,0.321774786899));
#498 = CARTESIAN_POINT('',(5.9207503176,0.276845539862));
#499 = CARTESIAN_POINT('',(5.9207503176,0.231665218418));
#500 = CARTESIAN_POINT('',(5.9207503176,0.186181127299));
#501 = CARTESIAN_POINT('',(5.9207503176,0.140339199162));
#502 = CARTESIAN_POINT('',(5.9207503176,9.408364478107E-02));
#503 = CARTESIAN_POINT('',(5.9207503176,4.7356987009E-02));
#504 = CARTESIAN_POINT('',(5.9207503176,1.585138317809E-02));
#505 = CARTESIAN_POINT('',(5.9207503176,0.));
#506 = ( GEOMETRIC_REPRESENTATION_CONTEXT(2) 
PARAMETRIC_REPRESENTATION_CONTEXT() REPRESENTATION_CONTEXT('2D SPACE',''
  ) );
#507 = PCURVE('',#508,#513);
#508 = CYLINDRICAL_SURFACE('',#509,0.3);
#509 = AXIS2_PLACEMENT_3D('',#510,#511,#512);
#510 = CARTESIAN_POINT('',(-44.51466876546,24.369322287551,
    -11.16726048433));
#511 = DIRECTION('',(0.911194891369,0.345511784932,0.224377976674));
#512 = DIRECTION('',(-0.354552085689,0.935036265892,1.387778780781E-16)
  );
#513 = DEFINITIONAL_REPRESENTATION('',(#514),#518);
#514 = LINE('',#515,#516);
#515 = CARTESIAN_POINT('',(3.01980662698E-14,48.191589566329));
#516 = VECTOR('',#517,1.);
#517 = DIRECTION('',(1.,0.));
#518 = ( GEOMETRIC_REPRESENTATION_CONTEXT(2) 
PARAMETRIC_REPRESENTATION_CONTEXT() REPRESENTATION_CONTEXT('2D SPACE',''
  ) );
#519 = ADVANCED_FACE('',(#520),#534,.F.);
#520 = FACE_BOUND('',#521,.F.);
#521 = EDGE_LOOP('',(#522,#557,#586,#609));
#522 = ORIENTED_EDGE('',*,*,#523,.T.);
#523 = EDGE_CURVE('',#524,#526,#528,.T.);
#524 = VERTEX_POINT('',#525);
#525 = CARTESIAN_POINT('',(6.,-8.,-23.85));
#526 = VERTEX_POINT('',#527);
#527 = CARTESIAN_POINT('',(10.,-8.,-23.85));
#528 = SURFACE_CURVE('',#529,(#533,#545),.PCURVE_S1.);
#529 = LINE('',#530,#531);
#530 = CARTESIAN_POINT('',(-30.75,-8.,-23.85));
#531 = VECTOR('',#532,1.);
#532 = DIRECTION('',(1.,-0.,-0.));
#533 = PCURVE('',#534,#539);
#534 = CYLINDRICAL_SURFACE('',#535,2.55);
#535 = AXIS2_PLACEMENT_3D('',#536,#537,#538);
#536 = CARTESIAN_POINT('',(-30.75,-8.,-21.3));
#537 = DIRECTION('',(1.,-0.,-0.));
#538 = DIRECTION('',(0.,0.,-1.));
#539 = DEFINITIONAL_REPRESENTATION('',(#540),#544);
#540 = LINE('',#541,#542);
#541 = CARTESIAN_POINT('',(6.28318530718,0.));
#542 = VECTOR('',#543,1.);
#543 = DIRECTION('',(0.,1.));
#544 = ( GEOMETRIC_REPRESENTATION_CONTEXT(2) 
PARAMETRIC_REPRESENTATION_CONTEXT() REPRESENTATION_CONTEXT('2D SPACE',''
  ) );
#545 = PCURVE('',#546,#551);
#546 = CYLINDRICAL_SURFACE('',#547,2.55);
#547 = AXIS2_PLACEMENT_3D('',#548,#549,#550);
#548 = CARTESIAN_POINT('',(-30.75,-8.,-21.3));
#549 = DIRECTION('',(1.,-0.,-0.));
#550 = DIRECTION('',(0.,0.,-1.));
#551 = DEFINITIONAL_REPRESENTATION('',(#552),#556);
#552 = LINE('',#553,#554);
#553 = CARTESIAN_POINT('',(0.,0.));
#554 = VECTOR('',#555,1.);
#555 = DIRECTION('',(0.,1.));
#556 = ( GEOMETRIC_REPRESENTATION_CONTEXT(2) 
PARAMETRIC_REPRESENTATION_CONTEXT() REPRESENTATION_CONTEXT('2D SPACE',''
  ) );
#557 = ORIENTED_EDGE('',*,*,#558,.T.);
#558 = EDGE_CURVE('',#526,#559,#561,.T.);
#559 = VERTEX_POINT('',#560);
#560 = CARTESIAN_POINT('',(10.,-8.,-18.75));
#561 = SURFACE_CURVE('',#562,(#567,#574),.PCURVE_S1.);
#562 = CIRCLE('',#563,2.55);
#563 = AXIS2_PLACEMENT_3D('',#564,#565,#566);
#564 = CARTESIAN_POINT('',(10.,-8.,-21.3));
#565 = DIRECTION('',(-1.,0.,0.));
#566 = DIRECTION('',(0.,0.,1.));
#567 = PCURVE('',#534,#568);
#568 = DEFINITIONAL_REPRESENTATION('',(#569),#573);
#569 = LINE('',#570,#571);
#570 = CARTESIAN_POINT('',(9.424777960769,40.75));
#571 = VECTOR('',#572,1.);
#572 = DIRECTION('',(-1.,0.));
#573 = ( GEOMETRIC_REPRESENTATION_CONTEXT(2) 
PARAMETRIC_REPRESENTATION_CONTEXT() REPRESENTATION_CONTEXT('2D SPACE',''
  ) );
#574 = PCURVE('',#575,#580);
#575 = PLANE('',#576);
#576 = AXIS2_PLACEMENT_3D('',#577,#578,#579);
#577 = CARTESIAN_POINT('',(10.,-13.,-6.3));
#578 = DIRECTION('',(-1.,0.,-0.));
#579 = DIRECTION('',(0.,0.,1.));
#580 = DEFINITIONAL_REPRESENTATION('',(#581),#585);
#581 = CIRCLE('',#582,2.55);
#582 = AXIS2_PLACEMENT_2D('',#583,#584);
#583 = CARTESIAN_POINT('',(-15.,5.));
#584 = DIRECTION('',(1.,0.));
#585 = ( GEOMETRIC_REPRESENTATION_CONTEXT(2) 
PARAMETRIC_REPRESENTATION_CONTEXT() REPRESENTATION_CONTEXT('2D SPACE',''
  ) );
#586 = ORIENTED_EDGE('',*,*,#587,.F.);
#587 = EDGE_CURVE('',#588,#559,#590,.T.);
#588 = VERTEX_POINT('',#589);
#589 = CARTESIAN_POINT('',(6.,-8.,-18.75));
#590 = SURFACE_CURVE('',#591,(#595,#602),.PCURVE_S1.);
#591 = LINE('',#592,#593);
#592 = CARTESIAN_POINT('',(-30.75,-8.,-18.75));
#593 = VECTOR('',#594,1.);
#594 = DIRECTION('',(1.,-0.,-0.));
#595 = PCURVE('',#534,#596);
#596 = DEFINITIONAL_REPRESENTATION('',(#597),#601);
#597 = LINE('',#598,#599);
#598 = CARTESIAN_POINT('',(3.14159265359,0.));
#599 = VECTOR('',#600,1.);
#600 = DIRECTION('',(0.,1.));
#601 = ( GEOMETRIC_REPRESENTATION_CONTEXT(2) 
PARAMETRIC_REPRESENTATION_CONTEXT() REPRESENTATION_CONTEXT('2D SPACE',''
  ) );
#602 = PCURVE('',#546,#603);
#603 = DEFINITIONAL_REPRESENTATION('',(#604),#608);
#604 = LINE('',#605,#606);
#605 = CARTESIAN_POINT('',(3.14159265359,0.));
#606 = VECTOR('',#607,1.);
#607 = DIRECTION('',(0.,1.));
#608 = ( GEOMETRIC_REPRESENTATION_CONTEXT(2) 
PARAMETRIC_REPRESENTATION_CONTEXT() REPRESENTATION_CONTEXT('2D SPACE',''
  ) );
#609 = ORIENTED_EDGE('',*,*,#610,.T.);
#610 = EDGE_CURVE('',#588,#524,#611,.T.);
#611 = SURFACE_CURVE('',#612,(#617,#624),.PCURVE_S1.);
#612 = CIRCLE('',#613,2.55);
#613 = AXIS2_PLACEMENT_3D('',#614,#615,#616);
#614 = CARTESIAN_POINT('',(6.,-8.,-21.3));
#615 = DIRECTION('',(1.,-0.,0.));
#616 = DIRECTION('',(0.,0.,-1.));
#617 = PCURVE('',#534,#618);
#618 = DEFINITIONAL_REPRESENTATION('',(#619),#623);
#619 = LINE('',#620,#621);
#620 = CARTESIAN_POINT('',(0.,36.75));
#621 = VECTOR('',#622,1.);
#622 = DIRECTION('',(1.,0.));
#623 = ( GEOMETRIC_REPRESENTATION_CONTEXT(2) 
PARAMETRIC_REPRESENTATION_CONTEXT() REPRESENTATION_CONTEXT('2D SPACE',''
  ) );
#624 = PCURVE('',#625,#630);
#625 = PLANE('',#626);
#626 = AXIS2_PLACEMENT_3D('',#627,#628,#629);
#627 = CARTESIAN_POINT('',(6.,-13.,-6.3));
#628 = DIRECTION('',(1.,-0.,0.));
#629 = DIRECTION('',(0.,0.,-1.));
#630 = DEFINITIONAL_REPRESENTATION('',(#631),#635);
#631 = CIRCLE('',#632,2.55);
#632 = AXIS2_PLACEMENT_2D('',#633,#634);
#633 = CARTESIAN_POINT('',(15.,5.));
#634 = DIRECTION('',(1.,0.));
#635 = ( GEOMETRIC_REPRESENTATION_CONTEXT(2) 
PARAMETRIC_REPRESENTATION_CONTEXT() REPRESENTATION_CONTEXT('2D SPACE',''
  ) );
#636 = ADVANCED_FACE('',(#637),#651,.F.);
#637 = FACE_BOUND('',#638,.F.);
#638 = EDGE_LOOP('',(#639,#674,#703,#726));
#639 = ORIENTED_EDGE('',*,*,#640,.T.);
#640 = EDGE_CURVE('',#641,#643,#645,.T.);
#641 = VERTEX_POINT('',#642);
#642 = CARTESIAN_POINT('',(-10.,-8.,-23.85));
#643 = VERTEX_POINT('',#644);
#644 = CARTESIAN_POINT('',(-6.,-8.,-23.85));
#645 = SURFACE_CURVE('',#646,(#650,#662),.PCURVE_S1.);
#646 = LINE('',#647,#648);
#647 = CARTESIAN_POINT('',(-30.75,-8.,-23.85));
#648 = VECTOR('',#649,1.);
#649 = DIRECTION('',(1.,-0.,-0.));
#650 = PCURVE('',#651,#656);
#651 = CYLINDRICAL_SURFACE('',#652,2.55);
#652 = AXIS2_PLACEMENT_3D('',#653,#654,#655);
#653 = CARTESIAN_POINT('',(-30.75,-8.,-21.3));
#654 = DIRECTION('',(1.,-0.,-0.));
#655 = DIRECTION('',(0.,0.,-1.));
#656 = DEFINITIONAL_REPRESENTATION('',(#657),#661);
#657 = LINE('',#658,#659);
#658 = CARTESIAN_POINT('',(6.28318530718,0.));
#659 = VECTOR('',#660,1.);
#660 = DIRECTION('',(0.,1.));
#661 = ( GEOMETRIC_REPRESENTATION_CONTEXT(2) 
PARAMETRIC_REPRESENTATION_CONTEXT() REPRESENTATION_CONTEXT('2D SPACE',''
  ) );
#662 = PCURVE('',#663,#668);
#663 = CYLINDRICAL_SURFACE('',#664,2.55);
#664 = AXIS2_PLACEMENT_3D('',#665,#666,#667);
#665 = CARTESIAN_POINT('',(-30.75,-8.,-21.3));
#666 = DIRECTION('',(1.,-0.,-0.));
#667 = DIRECTION('',(0.,0.,-1.));
#668 = DEFINITIONAL_REPRESENTATION('',(#669),#673);
#669 = LINE('',#670,#671);
#670 = CARTESIAN_POINT('',(0.,0.));
#671 = VECTOR('',#672,1.);
#672 = DIRECTION('',(0.,1.));
#673 = ( GEOMETRIC_REPRESENTATION_CONTEXT(2) 
PARAMETRIC_REPRESENTATION_CONTEXT() REPRESENTATION_CONTEXT('2D SPACE',''
  ) );
#674 = ORIENTED_EDGE('',*,*,#675,.T.);
#675 = EDGE_CURVE('',#643,#676,#678,.T.);
#676 = VERTEX_POINT('',#677);
#677 = CARTESIAN_POINT('',(-6.,-8.,-18.75));
#678 = SURFACE_CURVE('',#679,(#684,#691),.PCURVE_S1.);
#679 = CIRCLE('',#680,2.55);
#680 = AXIS2_PLACEMENT_3D('',#681,#682,#683);
#681 = CARTESIAN_POINT('',(-6.,-8.,-21.3));
#682 = DIRECTION('',(-1.,0.,0.));
#683 = DIRECTION('',(0.,0.,1.));
#684 = PCURVE('',#651,#685);
#685 = DEFINITIONAL_REPRESENTATION('',(#686),#690);
#686 = LINE('',#687,#688);
#687 = CARTESIAN_POINT('',(9.424777960769,24.75));
#688 = VECTOR('',#689,1.);
#689 = DIRECTION('',(-1.,0.));
#690 = ( GEOMETRIC_REPRESENTATION_CONTEXT(2) 
PARAMETRIC_REPRESENTATION_CONTEXT() REPRESENTATION_CONTEXT('2D SPACE',''
  ) );
#691 = PCURVE('',#692,#697);
#692 = PLANE('',#693);
#693 = AXIS2_PLACEMENT_3D('',#694,#695,#696);
#694 = CARTESIAN_POINT('',(-6.,-13.,-6.3));
#695 = DIRECTION('',(-1.,0.,-0.));
#696 = DIRECTION('',(0.,0.,1.));
#697 = DEFINITIONAL_REPRESENTATION('',(#698),#702);
#698 = CIRCLE('',#699,2.55);
#699 = AXIS2_PLACEMENT_2D('',#700,#701);
#700 = CARTESIAN_POINT('',(-15.,5.));
#701 = DIRECTION('',(1.,0.));
#702 = ( GEOMETRIC_REPRESENTATION_CONTEXT(2) 
PARAMETRIC_REPRESENTATION_CONTEXT() REPRESENTATION_CONTEXT('2D SPACE',''
  ) );
#703 = ORIENTED_EDGE('',*,*,#704,.F.);
#704 = EDGE_CURVE('',#705,#676,#707,.T.);
#705 = VERTEX_POINT('',#706);
#706 = CARTESIAN_POINT('',(-10.,-8.,-18.75));
#707 = SURFACE_CURVE('',#708,(#712,#719),.PCURVE_S1.);
#708 = LINE('',#709,#710);
#709 = CARTESIAN_POINT('',(-30.75,-8.,-18.75));
#710 = VECTOR('',#711,1.);
#711 = DIRECTION('',(1.,-0.,-0.));
#712 = PCURVE('',#651,#713);
#713 = DEFINITIONAL_REPRESENTATION('',(#714),#718);
#714 = LINE('',#715,#716);
#715 = CARTESIAN_POINT('',(3.14159265359,0.));
#716 = VECTOR('',#717,1.);
#717 = DIRECTION('',(0.,1.));
#718 = ( GEOMETRIC_REPRESENTATION_CONTEXT(2) 
PARAMETRIC_REPRESENTATION_CONTEXT() REPRESENTATION_CONTEXT('2D SPACE',''
  ) );
#719 = PCURVE('',#663,#720);
#720 = DEFINITIONAL_REPRESENTATION('',(#721),#725);
#721 = LINE('',#722,#723);
#722 = CARTESIAN_POINT('',(3.14159265359,0.));
#723 = VECTOR('',#724,1.);
#724 = DIRECTION('',(0.,1.));
#725 = ( GEOMETRIC_REPRESENTATION_CONTEXT(2) 
PARAMETRIC_REPRESENTATION_CONTEXT() REPRESENTATION_CONTEXT('2D SPACE',''
  ) );
#726 = ORIENTED_EDGE('',*,*,#727,.T.);
#727 = EDGE_CURVE('',#705,#641,#728,.T.);
#728 = SURFACE_CURVE('',#729,(#734,#741),.PCURVE_S1.);
#729 = CIRCLE('',#730,2.55);
#730 = AXIS2_PLACEMENT_3D('',#731,#732,#733);
#731 = CARTESIAN_POINT('',(-10.,-8.,-21.3));
#732 = DIRECTION('',(1.,-0.,0.));
#733 = DIRECTION('',(0.,0.,-1.));
#734 = PCURVE('',#651,#735);
#735 = DEFINITIONAL_REPRESENTATION('',(#736),#740);
#736 = LINE('',#737,#738);
#737 = CARTESIAN_POINT('',(0.,20.75));
#738 = VECTOR('',#739,1.);
#739 = DIRECTION('',(1.,0.));
#740 = ( GEOMETRIC_REPRESENTATION_CONTEXT(2) 
PARAMETRIC_REPRESENTATION_CONTEXT() REPRESENTATION_CONTEXT('2D SPACE',''
  ) );
#741 = PCURVE('',#742,#747);
#742 = PLANE('',#743);
#743 = AXIS2_PLACEMENT_3D('',#744,#745,#746);
#744 = CARTESIAN_POINT('',(-10.,-13.,-6.3));
#745 = DIRECTION('',(1.,-0.,0.));
#746 = DIRECTION('',(0.,0.,-1.));
#747 = DEFINITIONAL_REPRESENTATION('',(#748),#752);
#748 = CIRCLE('',#749,2.55);
#749 = AXIS2_PLACEMENT_2D('',#750,#751);
#750 = CARTESIAN_POINT('',(15.,5.));
#751 = DIRECTION('',(1.,0.));
#752 = ( GEOMETRIC_REPRESENTATION_CONTEXT(2) 
PARAMETRIC_REPRESENTATION_CONTEXT() REPRESENTATION_CONTEXT('2D SPACE',''
  ) );
#753 = ADVANCED_FACE('',(#754),#768,.F.);
#754 = FACE_BOUND('',#755,.F.);
#755 = EDGE_LOOP('',(#756,#905,#1081,#1102));
#756 = ORIENTED_EDGE('',*,*,#757,.T.);
#757 = EDGE_CURVE('',#758,#760,#762,.T.);
#758 = VERTEX_POINT('',#759);
#759 = CARTESIAN_POINT('',(28.8705,17.590161405488,-4.167551378376));
#760 = VERTEX_POINT('',#761);
#761 = CARTESIAN_POINT('',(28.870499999976,17.590053481035,
    -10.16737125127));
#762 = SURFACE_CURVE('',#763,(#767,#836),.PCURVE_S1.);
#763 = LINE('',#764,#765);
#764 = CARTESIAN_POINT('',(28.8705,17.590161405487,-4.167551378375));
#765 = VECTOR('',#766,1.);
#766 = DIRECTION('',(0.,0.,-1.));
#767 = PCURVE('',#768,#831);
#768 = B_SPLINE_SURFACE_WITH_KNOTS('',3,1,(
    (#769,#770)
    ,(#771,#772)
    ,(#773,#774)
    ,(#775,#776)
    ,(#777,#778)
    ,(#779,#780)
    ,(#781,#782)
    ,(#783,#784)
    ,(#785,#786)
    ,(#787,#788)
    ,(#789,#790)
    ,(#791,#792)
    ,(#793,#794)
    ,(#795,#796)
    ,(#797,#798)
    ,(#799,#800)
    ,(#801,#802)
    ,(#803,#804)
    ,(#805,#806)
    ,(#807,#808)
    ,(#809,#810)
    ,(#811,#812)
    ,(#813,#814)
    ,(#815,#816)
    ,(#817,#818)
    ,(#819,#820)
    ,(#821,#822)
    ,(#823,#824)
    ,(#825,#826)
    ,(#827,#828)
    ,(#829,#830
    )),.UNSPECIFIED.,.F.,.F.,.F.,(4,3,3,3,3,3,3,3,3,3,4),(2,2),(
    0.499999999918,0.557925838985,0.624988376536,0.67580435889,
    0.72703989252,0.771924792934,0.813917381321,0.857761723108,
    0.906911687943,0.963490609612,1.),(0.,1.),.UNSPECIFIED.);
#769 = CARTESIAN_POINT('',(27.670510785947,17.592035837657,
    -4.166427610774));
#770 = CARTESIAN_POINT('',(27.670510785947,17.592035837657,
    -10.16642761094));
#771 = CARTESIAN_POINT('',(27.670757072676,17.659547042568,
    -4.125968776174));
#772 = CARTESIAN_POINT('',(27.670757072676,17.659547042568,
    -10.12596877634));
#773 = CARTESIAN_POINT('',(27.682478401716,17.727536165077,
    -4.084938163015));
#774 = CARTESIAN_POINT('',(27.682478401716,17.727536165077,
    -10.08493816318));
#775 = CARTESIAN_POINT('',(27.705362429871,17.791704271465,
    -4.045962009463));
#776 = CARTESIAN_POINT('',(27.705362429871,17.791704271465,
    -10.04596200963));
#777 = CARTESIAN_POINT('',(27.731786491685,17.865798832017,
    -4.000956458701));
#778 = CARTESIAN_POINT('',(27.731786491685,17.865798832017,
    -10.00095645887));
#779 = CARTESIAN_POINT('',(27.774093726973,17.937150821453,
    -3.957260306434));
#780 = CARTESIAN_POINT('',(27.774093726973,17.937150821453,
    -9.957260306607));
#781 = CARTESIAN_POINT('',(27.830198194594,17.997757185836,
    -3.919938840025));
#782 = CARTESIAN_POINT('',(27.830198194594,17.997757185836,
    -9.919938840198));
#783 = CARTESIAN_POINT('',(27.872929867757,18.043917705029,
    -3.891513141107));
#784 = CARTESIAN_POINT('',(27.872929867757,18.043917705029,
    -9.891513141279));
#785 = CARTESIAN_POINT('',(27.924829225912,18.08502411837,
    -3.866065337937));
#786 = CARTESIAN_POINT('',(27.924829225912,18.08502411837,-9.86606533811
    ));
#787 = CARTESIAN_POINT('',(27.982894714195,18.116738275064,
    -3.846382321955));
#788 = CARTESIAN_POINT('',(27.982894714195,18.116738275064,
    -9.846382322128));
#789 = CARTESIAN_POINT('',(28.04124182936,18.148606250477,
    -3.826603840206));
#790 = CARTESIAN_POINT('',(28.04124182936,18.148606250477,
    -9.826603840379));
#791 = CARTESIAN_POINT('',(28.107787530337,18.171788283505,
    -3.812157046858));
#792 = CARTESIAN_POINT('',(28.107787530337,18.171788283505,
    -9.812157047031));
#793 = CARTESIAN_POINT('',(28.175955376732,18.182665679068,
    -3.80537700047));
#794 = CARTESIAN_POINT('',(28.175955376732,18.182665679068,
    -9.805377000643));
#795 = CARTESIAN_POINT('',(28.235865298402,18.192225375473,
    -3.799418296045));
#796 = CARTESIAN_POINT('',(28.235865298402,18.192225375473,
    -9.799418296217));
#797 = CARTESIAN_POINT('',(28.298787936584,18.19256065115,
    -3.799208947451));
#798 = CARTESIAN_POINT('',(28.298787936584,18.19256065115,
    -9.799208947624));
#799 = CARTESIAN_POINT('',(28.358831179833,18.183623790703,
    -3.804779776279));
#800 = CARTESIAN_POINT('',(28.358831179833,18.183623790703,
    -9.804779776452));
#801 = CARTESIAN_POINT('',(28.415166569222,18.175238808714,
    -3.810006589394));
#802 = CARTESIAN_POINT('',(28.415166569222,18.175238808714,
    -9.810006589567));
#803 = CARTESIAN_POINT('',(28.470453423813,18.158566181121,
    -3.820397626088));
#804 = CARTESIAN_POINT('',(28.470453423813,18.158566181121,
    -9.82039762626));
#805 = CARTESIAN_POINT('',(28.52077259317,18.135471985898,-3.8347483382)
  );
#806 = CARTESIAN_POINT('',(28.52077259317,18.135471985898,
    -9.834748338372));
#807 = CARTESIAN_POINT('',(28.573354609127,18.111339247675,
    -3.849744399997));
#808 = CARTESIAN_POINT('',(28.573354609127,18.111339247675,
    -9.84974440017));
#809 = CARTESIAN_POINT('',(28.621812834539,18.079700621418,
    -3.869368225592));
#810 = CARTESIAN_POINT('',(28.621812834539,18.079700621418,
    -9.869368225765));
#811 = CARTESIAN_POINT('',(28.663662935304,18.043397443661,
    -3.891791153065));
#812 = CARTESIAN_POINT('',(28.663662935304,18.043397443661,
    -9.891791153237));
#813 = CARTESIAN_POINT('',(28.710556888887,18.002718938675,
    -3.91691653391));
#814 = CARTESIAN_POINT('',(28.710556888887,18.002718938675,
    -9.916916534083));
#815 = CARTESIAN_POINT('',(28.750290009239,17.955303349919,
    -3.94609736686));
#816 = CARTESIAN_POINT('',(28.750290009239,17.955303349919,
    -9.946097367033));
#817 = CARTESIAN_POINT('',(28.781426773966,17.904730685049,
    -3.977048552034));
#818 = CARTESIAN_POINT('',(28.781426773966,17.904730685049,
    -9.977048552206));
#819 = CARTESIAN_POINT('',(28.817222401604,17.846591045424,
    -4.012630832631));
#820 = CARTESIAN_POINT('',(28.817222401604,17.846591045424,
    -10.0126308328));
#821 = CARTESIAN_POINT('',(28.842544710946,17.782930673073,
    -4.051375202467));
#822 = CARTESIAN_POINT('',(28.842544710946,17.782930673073,
    -10.05137520264));
#823 = CARTESIAN_POINT('',(28.856687780046,17.718160962221,
    -4.090522379873));
#824 = CARTESIAN_POINT('',(28.856687780046,17.718160962221,
    -10.09052238004));
#825 = CARTESIAN_POINT('',(28.865874301391,17.67609029658,
    -4.115950126728));
#826 = CARTESIAN_POINT('',(28.865874301391,17.67609029658,-10.1159501269
    ));
#827 = CARTESIAN_POINT('',(28.8705,17.633059399056,-4.14184796326));
#828 = CARTESIAN_POINT('',(28.8705,17.633059399056,-10.14184796343));
#829 = CARTESIAN_POINT('',(28.8705,17.590161405487,-4.167551378202));
#830 = CARTESIAN_POINT('',(28.8705,17.590161405487,-10.16755137837));
#831 = DEFINITIONAL_REPRESENTATION('',(#832),#835);
#832 = B_SPLINE_CURVE_WITH_KNOTS('',1,(#833,#834),.UNSPECIFIED.,.F.,.F.,
  (2,2),(1.225686219186E-12,5.999819872905),.PIECEWISE_BEZIER_KNOTS.);
#833 = CARTESIAN_POINT('',(1.,2.899677766912E-11));
#834 = CARTESIAN_POINT('',(1.,0.999969978817));
#835 = ( GEOMETRIC_REPRESENTATION_CONTEXT(2) 
PARAMETRIC_REPRESENTATION_CONTEXT() REPRESENTATION_CONTEXT('2D SPACE',''
  ) );
#836 = PCURVE('',#837,#900);
#837 = B_SPLINE_SURFACE_WITH_KNOTS('',3,1,(
    (#838,#839)
    ,(#840,#841)
    ,(#842,#843)
    ,(#844,#845)
    ,(#846,#847)
    ,(#848,#849)
    ,(#850,#851)
    ,(#852,#853)
    ,(#854,#855)
    ,(#856,#857)
    ,(#858,#859)
    ,(#860,#861)
    ,(#862,#863)
    ,(#864,#865)
    ,(#866,#867)
    ,(#868,#869)
    ,(#870,#871)
    ,(#872,#873)
    ,(#874,#875)
    ,(#876,#877)
    ,(#878,#879)
    ,(#880,#881)
    ,(#882,#883)
    ,(#884,#885)
    ,(#886,#887)
    ,(#888,#889)
    ,(#890,#891)
    ,(#892,#893)
    ,(#894,#895)
    ,(#896,#897)
    ,(#898,#899
    )),.UNSPECIFIED.,.F.,.F.,.F.,(4,3,3,3,3,3,3,3,3,3,4),(2,2),(0.,
    7.573067920593E-02,0.141587430077,0.199312779085,0.248130866986,
    0.291871191627,0.335104420823,0.381401935536,0.433393585093,
    0.492526834108,0.5),(0.,1.),.UNSPECIFIED.);
#838 = CARTESIAN_POINT('',(28.8705,17.590161405487,-4.167551378202));
#839 = CARTESIAN_POINT('',(28.8705,17.590161405487,-10.16755137837));
#840 = CARTESIAN_POINT('',(28.8705,17.502776880677,-4.219910020503));
#841 = CARTESIAN_POINT('',(28.8705,17.502776880677,-10.21991002067));
#842 = CARTESIAN_POINT('',(28.85089728327,17.413438327188,-4.27293566052
    ));
#843 = CARTESIAN_POINT('',(28.85089728327,17.413438327188,
    -10.27293566069));
#844 = CARTESIAN_POINT('',(28.81222497575,17.332219453394,
    -4.320741829271));
#845 = CARTESIAN_POINT('',(28.81222497575,17.332219453394,
    -10.32074182944));
#846 = CARTESIAN_POINT('',(28.778534413667,17.26146315036,
    -4.362389633593));
#847 = CARTESIAN_POINT('',(28.778534413667,17.26146315036,
    -10.36238963376));
#848 = CARTESIAN_POINT('',(28.729031203819,17.194415240804,
    -4.401526422981));
#849 = CARTESIAN_POINT('',(28.729031203819,17.194415240804,
    -10.40152642315));
#850 = CARTESIAN_POINT('',(28.666819635228,17.139683052246,
    -4.43330937858));
#851 = CARTESIAN_POINT('',(28.666819635228,17.139683052246,
    -10.43330937875));
#852 = CARTESIAN_POINT('',(28.612245573236,17.091670151768,
    -4.461190446819));
#853 = CARTESIAN_POINT('',(28.612245573236,17.091670151768,
    -10.46119044699));
#854 = CARTESIAN_POINT('',(28.545804895808,17.051602699334,
    -4.484311805002));
#855 = CARTESIAN_POINT('',(28.545804895808,17.051602699334,
    -10.48431180517));
#856 = CARTESIAN_POINT('',(28.473921778009,17.025697429463,
    -4.499233439939));
#857 = CARTESIAN_POINT('',(28.473921778009,17.025697429463,
    -10.49923344011));
#858 = CARTESIAN_POINT('',(28.412906477773,17.003708708504,
    -4.511899112541));
#859 = CARTESIAN_POINT('',(28.412906477773,17.003708708504,
    -10.51189911271));
#860 = CARTESIAN_POINT('',(28.346014734244,16.991275808903,
    -4.519036174337));
#861 = CARTESIAN_POINT('',(28.346014734244,16.991275808903,
    -10.51903617451));
#862 = CARTESIAN_POINT('',(28.279943930365,16.990235733274,
    -4.519633746305));
#863 = CARTESIAN_POINT('',(28.279943930365,16.990235733274,
    -10.51963374647));
#864 = CARTESIAN_POINT('',(28.220544811493,16.989300682203,
    -4.520170976764));
#865 = CARTESIAN_POINT('',(28.220544811493,16.989300682203,
    -10.52017097693));
#866 = CARTESIAN_POINT('',(28.160153481465,16.997485207687,
    -4.515472974714));
#867 = CARTESIAN_POINT('',(28.160153481465,16.997485207687,
    -10.51547297488));
#868 = CARTESIAN_POINT('',(28.103799429829,17.013783994489,
    -4.506092746952));
#869 = CARTESIAN_POINT('',(28.103799429829,17.013783994489,
    -10.50609274712));
#870 = CARTESIAN_POINT('',(28.048010207771,17.029919420599,
    -4.496806536034));
#871 = CARTESIAN_POINT('',(28.048010207771,17.029919420599,
    -10.4968065362));
#872 = CARTESIAN_POINT('',(27.994743514839,17.054333536598,
    -4.482740751757));
#873 = CARTESIAN_POINT('',(27.994743514839,17.054333536598,
    -10.48274075193));
#874 = CARTESIAN_POINT('',(27.947426116825,17.084569409894,
    -4.465251360743));
#875 = CARTESIAN_POINT('',(27.947426116825,17.084569409894,
    -10.46525136091));
#876 = CARTESIAN_POINT('',(27.896743257987,17.116955816636,
    -4.446518032768));
#877 = CARTESIAN_POINT('',(27.896743257987,17.116955816636,
    -10.44651803294));
#878 = CARTESIAN_POINT('',(27.851636281494,17.156722252087,
    -4.423448168627));
#879 = CARTESIAN_POINT('',(27.851636281494,17.156722252087,
    -10.4234481688));
#880 = CARTESIAN_POINT('',(27.814238264949,17.200513835076,
    -4.397908890709));
#881 = CARTESIAN_POINT('',(27.814238264949,17.200513835076,
    -10.39790889088));
#882 = CARTESIAN_POINT('',(27.77226855764,17.24965868527,-4.36924758409)
  );
#883 = CARTESIAN_POINT('',(27.77226855764,17.24965868527,-10.36924758426
    ));
#884 = CARTESIAN_POINT('',(27.738974203452,17.304974392822,
    -4.336830904472));
#885 = CARTESIAN_POINT('',(27.738974203452,17.304974392822,
    -10.33683090464));
#886 = CARTESIAN_POINT('',(27.715415227265,17.362387624997,
    -4.302965899799));
#887 = CARTESIAN_POINT('',(27.715415227265,17.362387624997,
    -10.30296589997));
#888 = CARTESIAN_POINT('',(27.688657682464,17.427595769863,
    -4.264503091716));
#889 = CARTESIAN_POINT('',(27.688657682464,17.427595769863,
    -10.26450309188));
#890 = CARTESIAN_POINT('',(27.673771531127,17.497072490733,
    -4.223247723074));
#891 = CARTESIAN_POINT('',(27.673771531127,17.497072490733,
    -10.22324772324));
#892 = CARTESIAN_POINT('',(27.670989115206,17.565939534923,
    -4.182052524902));
#893 = CARTESIAN_POINT('',(27.670989115206,17.565939534923,
    -10.18205252507));
#894 = CARTESIAN_POINT('',(27.67063823136,17.574624193885,
    -4.176857496551));
#895 = CARTESIAN_POINT('',(27.67063823136,17.574624193885,
    -10.17685749672));
#896 = CARTESIAN_POINT('',(27.670479011841,17.583326038622,
    -4.171647311993));
#897 = CARTESIAN_POINT('',(27.670479011841,17.583326038622,
    -10.17164731216));
#898 = CARTESIAN_POINT('',(27.670510785948,17.592035837945,
    -4.166427610601));
#899 = CARTESIAN_POINT('',(27.670510785948,17.592035837945,
    -10.16642761077));
#900 = DEFINITIONAL_REPRESENTATION('',(#901),#904);
#901 = B_SPLINE_CURVE_WITH_KNOTS('',1,(#902,#903),.UNSPECIFIED.,.F.,.F.,
  (2,2),(1.225686219186E-12,5.999819872905),.PIECEWISE_BEZIER_KNOTS.);
#902 = CARTESIAN_POINT('',(5.1106229181E-16,2.899686247348E-11));
#903 = CARTESIAN_POINT('',(3.064639728008E-16,0.999969978817));
#904 = ( GEOMETRIC_REPRESENTATION_CONTEXT(2) 
PARAMETRIC_REPRESENTATION_CONTEXT() REPRESENTATION_CONTEXT('2D SPACE',''
  ) );
#905 = ORIENTED_EDGE('',*,*,#906,.F.);
#906 = EDGE_CURVE('',#907,#760,#909,.T.);
#907 = VERTEX_POINT('',#908);
#908 = CARTESIAN_POINT('',(27.670509559638,17.591830707494,
    -10.16608525983));
#909 = SURFACE_CURVE('',#910,(#942,#993),.PCURVE_S1.);
#910 = B_SPLINE_CURVE_WITH_KNOTS('',3,(#911,#912,#913,#914,#915,#916,
    #917,#918,#919,#920,#921,#922,#923,#924,#925,#926,#927,#928,#929,
    #930,#931,#932,#933,#934,#935,#936,#937,#938,#939,#940,#941),
  .UNSPECIFIED.,.F.,.F.,(4,3,3,3,3,3,3,3,3,3,4),(0.5,0.557925838985,
    0.624988376536,0.67580435889,0.72703989252,0.771924792934,
    0.813917381321,0.857761723108,0.906911687943,0.963490609612,1.),
  .UNSPECIFIED.);
#911 = CARTESIAN_POINT('',(27.670509559638,17.591830707494,
    -10.16608525983));
#912 = CARTESIAN_POINT('',(27.670757072709,17.659547042761,
    -10.12596877623));
#913 = CARTESIAN_POINT('',(27.682478401749,17.727536165168,
    -10.08493816313));
#914 = CARTESIAN_POINT('',(27.705362429871,17.791704271465,
    -10.04596200963));
#915 = CARTESIAN_POINT('',(27.731786491685,17.865798832017,
    -10.00095645887));
#916 = CARTESIAN_POINT('',(27.774093726973,17.937150821453,
    -9.957260306607));
#917 = CARTESIAN_POINT('',(27.830198194594,17.997757185836,
    -9.919938840198));
#918 = CARTESIAN_POINT('',(27.872929867757,18.043917705029,
    -9.891513141279));
#919 = CARTESIAN_POINT('',(27.924829225912,18.08502411837,-9.86606533811
    ));
#920 = CARTESIAN_POINT('',(27.982894714195,18.116738275064,
    -9.846382322128));
#921 = CARTESIAN_POINT('',(28.04124182936,18.148606250477,
    -9.826603840379));
#922 = CARTESIAN_POINT('',(28.107787530337,18.171788283505,
    -9.812157047031));
#923 = CARTESIAN_POINT('',(28.175955376732,18.182665679068,
    -9.805377000643));
#924 = CARTESIAN_POINT('',(28.235865298402,18.192225375473,
    -9.799418296217));
#925 = CARTESIAN_POINT('',(28.298787936584,18.19256065115,
    -9.799208947624));
#926 = CARTESIAN_POINT('',(28.358831179833,18.183623790703,
    -9.804779776452));
#927 = CARTESIAN_POINT('',(28.415166569222,18.175238808714,
    -9.810006589567));
#928 = CARTESIAN_POINT('',(28.470453423813,18.158566181121,
    -9.82039762626));
#929 = CARTESIAN_POINT('',(28.52077259317,18.135471985898,
    -9.834748338372));
#930 = CARTESIAN_POINT('',(28.573354609127,18.111339247675,
    -9.84974440017));
#931 = CARTESIAN_POINT('',(28.621812834539,18.079700621418,
    -9.869368225765));
#932 = CARTESIAN_POINT('',(28.663662935304,18.043397443661,
    -9.891791153237));
#933 = CARTESIAN_POINT('',(28.710556888887,18.002718938675,
    -9.916916534083));
#934 = CARTESIAN_POINT('',(28.750290009239,17.955303349919,
    -9.946097367033));
#935 = CARTESIAN_POINT('',(28.781426773966,17.904730685049,
    -9.977048552206));
#936 = CARTESIAN_POINT('',(28.817222401604,17.846591045424,
    -10.0126308328));
#937 = CARTESIAN_POINT('',(28.842544710946,17.782930673073,
    -10.05137520264));
#938 = CARTESIAN_POINT('',(28.856687780046,17.718160962221,
    -10.09052238004));
#939 = CARTESIAN_POINT('',(28.865874301391,17.67609029658,-10.1159501269
    ));
#940 = CARTESIAN_POINT('',(28.8705,17.633059399056,-10.14184796343));
#941 = CARTESIAN_POINT('',(28.870499999976,17.590053481035,
    -10.16737125127));
#942 = PCURVE('',#768,#943);
#943 = DEFINITIONAL_REPRESENTATION('',(#944),#992);
#944 = B_SPLINE_CURVE_WITH_KNOTS('',3,(#945,#946,#947,#948,#949,#950,
    #951,#952,#953,#954,#955,#956,#957,#958,#959,#960,#961,#962,#963,
    #964,#965,#966,#967,#968,#969,#970,#971,#972,#973,#974,#975,#976,
    #977,#978,#979,#980,#981,#982,#983,#984,#985,#986,#987,#988,#989,
    #990,#991),.UNSPECIFIED.,.F.,.F.,(4,1,1,1,1,1,1,1,1,1,1,1,1,1,1,1,1,
    1,1,1,1,1,1,1,1,1,1,1,1,1,1,1,1,1,1,1,1,1,1,1,1,1,1,1,4),(0.5,
    0.511363636364,0.522727272727,0.534090909091,0.545454545455,
    0.556818181818,0.568181818182,0.579545454545,0.590909090909,
    0.602272727273,0.613636363636,0.625,0.636363636364,0.647727272727,
    0.659090909091,0.670454545455,0.681818181818,0.693181818182,
    0.704545454545,0.715909090909,0.727272727273,0.738636363636,0.75,
    0.761363636364,0.772727272727,0.784090909091,0.795454545455,
    0.806818181818,0.818181818182,0.829545454545,0.840909090909,
    0.852272727273,0.863636363636,0.875,0.886363636364,0.897727272727,
    0.909090909091,0.920454545455,0.931818181818,0.943181818182,
    0.954545454545,0.965909090909,0.977272727273,0.988636363636,1.),
  .QUASI_UNIFORM_KNOTS.);
#945 = CARTESIAN_POINT('',(0.499998591563,0.999942449642));
#946 = CARTESIAN_POINT('',(0.503763056869,0.999945437584));
#947 = CARTESIAN_POINT('',(0.511324809591,0.999958527579));
#948 = CARTESIAN_POINT('',(0.522718447842,0.999985451163));
#949 = CARTESIAN_POINT('',(0.534087113476,0.999995613133));
#950 = CARTESIAN_POINT('',(0.545454660886,0.9999999509));
#951 = CARTESIAN_POINT('',(0.55681815027,1.000000012307));
#952 = CARTESIAN_POINT('',(0.568181826635,0.999999996702));
#953 = CARTESIAN_POINT('',(0.57954545228,1.000000000884));
#954 = CARTESIAN_POINT('',(0.590909091516,0.999999999763));
#955 = CARTESIAN_POINT('',(0.60227272711,1.000000000063));
#956 = CARTESIAN_POINT('',(0.61363636368,0.999999999983));
#957 = CARTESIAN_POINT('',(0.624999999988,1.000000000005));
#958 = CARTESIAN_POINT('',(0.636363636367,0.999999999999));
#959 = CARTESIAN_POINT('',(0.647727272726,1.));
#960 = CARTESIAN_POINT('',(0.659090909091,1.));
#961 = CARTESIAN_POINT('',(0.670454545455,1.));
#962 = CARTESIAN_POINT('',(0.681818181818,1.));
#963 = CARTESIAN_POINT('',(0.693181818182,1.));
#964 = CARTESIAN_POINT('',(0.704545454545,1.));
#965 = CARTESIAN_POINT('',(0.715909090909,1.));
#966 = CARTESIAN_POINT('',(0.727272727273,1.));
#967 = CARTESIAN_POINT('',(0.738636363636,1.));
#968 = CARTESIAN_POINT('',(0.75,1.));
#969 = CARTESIAN_POINT('',(0.761363636364,1.));
#970 = CARTESIAN_POINT('',(0.772727272727,1.));
#971 = CARTESIAN_POINT('',(0.784090909091,1.));
#972 = CARTESIAN_POINT('',(0.795454545455,1.));
#973 = CARTESIAN_POINT('',(0.806818181818,1.));
#974 = CARTESIAN_POINT('',(0.818181818182,1.));
#975 = CARTESIAN_POINT('',(0.829545454545,1.));
#976 = CARTESIAN_POINT('',(0.840909090909,1.));
#977 = CARTESIAN_POINT('',(0.852272727273,1.));
#978 = CARTESIAN_POINT('',(0.863636363635,1.));
#979 = CARTESIAN_POINT('',(0.875000000007,1.000000000001));
#980 = CARTESIAN_POINT('',(0.886363636338,0.999999999997));
#981 = CARTESIAN_POINT('',(0.897727272824,1.00000000001));
#982 = CARTESIAN_POINT('',(0.909090908731,0.999999999962));
#983 = CARTESIAN_POINT('',(0.920454546798,1.00000000014));
#984 = CARTESIAN_POINT('',(0.931818176803,0.999999999476));
#985 = CARTESIAN_POINT('',(0.943181836898,1.000000001957));
#986 = CARTESIAN_POINT('',(0.954545384697,0.999999992698));
#987 = CARTESIAN_POINT('',(0.965909351587,1.000000027251));
#988 = CARTESIAN_POINT('',(0.977271806543,0.999999827743));
#989 = CARTESIAN_POINT('',(0.988649551281,0.999987536551));
#990 = CARTESIAN_POINT('',(0.996221820163,0.999975900946));
#991 = CARTESIAN_POINT('',(1.000001408354,0.999969483061));
#992 = ( GEOMETRIC_REPRESENTATION_CONTEXT(2) 
PARAMETRIC_REPRESENTATION_CONTEXT() REPRESENTATION_CONTEXT('2D SPACE',''
  ) );
#993 = PCURVE('',#994,#1031);
#994 = B_SPLINE_SURFACE_WITH_KNOTS('',5,5,(
    (#995,#996,#997,#998,#999,#1000)
    ,(#1001,#1002,#1003,#1004,#1005,#1006)
    ,(#1007,#1008,#1009,#1010,#1011,#1012)
    ,(#1013,#1014,#1015,#1016,#1017,#1018)
    ,(#1019,#1020,#1021,#1022,#1023,#1024)
    ,(#1025,#1026,#1027,#1028,#1029,#1030
    )),.UNSPECIFIED.,.F.,.F.,.F.,(6,6),(6,6),(-0.611809845221,
    0.612198944699),(-0.711965146264,0.71477582665),
  .PIECEWISE_BEZIER_KNOTS.);
#995 = CARTESIAN_POINT('',(28.887684283236,16.983707668486,
    -10.5272892855));
#996 = CARTESIAN_POINT('',(28.88559530979,17.229516558822,
    -10.38237099702));
#997 = CARTESIAN_POINT('',(28.883506336287,17.475066919883,
    -10.23702121578));
#998 = CARTESIAN_POINT('',(28.881417362605,17.719787747191,
    -10.09028691897));
#999 = CARTESIAN_POINT('',(28.879328388759,17.963746604684,
    -9.942280872741));
#1000 = CARTESIAN_POINT('',(28.877239414861,18.207464427934,
    -9.793872533458));
#1001 = CARTESIAN_POINT('',(28.642889085074,16.98119071975,
    -10.52657535398));
#1002 = CARTESIAN_POINT('',(28.640800111618,17.226955865892,
    -10.38158405519));
#1003 = CARTESIAN_POINT('',(28.638711138083,17.472355755373,
    -10.23598313258));
#1004 = CARTESIAN_POINT('',(28.636622164406,17.717098826946,
    -10.08928596208));
#1005 = CARTESIAN_POINT('',(28.634533190593,17.961212321697,
    -9.941538009861));
#1006 = CARTESIAN_POINT('',(28.632444216706,18.204983599398,
    -9.793218887587));
#1007 = CARTESIAN_POINT('',(28.398093886987,16.979026186841,
    -10.52644961456));
#1008 = CARTESIAN_POINT('',(28.396004913535,17.224809191261,
    -10.38148812175));
#1009 = CARTESIAN_POINT('',(28.393915939988,17.470150746896,
    -10.23578983828));
#1010 = CARTESIAN_POINT('',(28.391826966314,17.714911619629,
    -10.08912237843));
#1011 = CARTESIAN_POINT('',(28.389737992517,17.959096520941,
    -9.9414936058));
#1012 = CARTESIAN_POINT('',(28.387649018628,18.202856714228,
    -9.793155983322));
#1013 = CARTESIAN_POINT('',(28.153298689042,16.977513851218,
    -10.52741241108));
#1014 = CARTESIAN_POINT('',(28.151209715585,17.223276568486,
    -10.38241705842));
#1015 = CARTESIAN_POINT('',(28.149120742039,17.4686246665,
    -10.23672969437));
#1016 = CARTESIAN_POINT('',(28.147031768367,17.713391346029,
    -10.09007192623));
#1017 = CARTESIAN_POINT('',(28.144942794574,17.957594246943,
    -9.942473195454));
#1018 = CARTESIAN_POINT('',(28.142853820692,18.201388839681,
    -9.794192986643));
#1019 = CARTESIAN_POINT('',(27.908503491227,16.976604394789,
    -10.52938143021));
#1020 = CARTESIAN_POINT('',(27.906414517756,17.222300812038,
    -10.38427542093));
#1021 = CARTESIAN_POINT('',(27.904325544208,17.467641938471,
    -10.23857642111));
#1022 = CARTESIAN_POINT('',(27.902236570538,17.712417960024,
    -10.09193424508));
#1023 = CARTESIAN_POINT('',(27.900147596746,17.956629188759,
    -9.944349413672));
#1024 = CARTESIAN_POINT('',(27.898058622879,18.200491696242,
    -9.796182556514));
#1025 = CARTESIAN_POINT('',(27.663708293474,16.975986180506,
    -10.53183654083));
#1026 = CARTESIAN_POINT('',(27.661619320002,17.221677393618,
    -10.38672184569));
#1027 = CARTESIAN_POINT('',(27.659530346468,17.46707981753,
    -10.24112515312));
#1028 = CARTESIAN_POINT('',(27.657441372797,17.711853500234,
    -10.09447907348));
#1029 = CARTESIAN_POINT('',(27.655352398993,17.95600655943,
    -9.946797155448));
#1030 = CARTESIAN_POINT('',(27.653263425127,18.19987658208,
    -9.79864284132));
#1031 = DEFINITIONAL_REPRESENTATION('',(#1032),#1080);
#1032 = B_SPLINE_CURVE_WITH_KNOTS('',3,(#1033,#1034,#1035,#1036,#1037,
    #1038,#1039,#1040,#1041,#1042,#1043,#1044,#1045,#1046,#1047,#1048,
    #1049,#1050,#1051,#1052,#1053,#1054,#1055,#1056,#1057,#1058,#1059,
    #1060,#1061,#1062,#1063,#1064,#1065,#1066,#1067,#1068,#1069,#1070,
    #1071,#1072,#1073,#1074,#1075,#1076,#1077,#1078,#1079),
  .UNSPECIFIED.,.F.,.F.,(4,1,1,1,1,1,1,1,1,1,1,1,1,1,1,1,1,1,1,1,1,1,1,1
    ,1,1,1,1,1,1,1,1,1,1,1,1,1,1,1,1,1,1,1,1,4),(0.5,0.511363636364,
    0.522727272727,0.534090909091,0.545454545455,0.556818181818,
    0.568181818182,0.579545454545,0.590909090909,0.602272727273,
    0.613636363636,0.625,0.636363636364,0.647727272727,0.659090909091,
    0.670454545455,0.681818181818,0.693181818182,0.704545454545,
    0.715909090909,0.727272727273,0.738636363636,0.75,0.761363636364,
    0.772727272727,0.784090909091,0.795454545455,0.806818181818,
    0.818181818182,0.829545454545,0.840909090909,0.852272727273,
    0.863636363636,0.875,0.886363636364,0.897727272727,0.909090909091,
    0.920454545455,0.931818181818,0.943181818182,0.954545454545,
    0.965909090909,0.977272727273,0.988636363636,1.),
  .QUASI_UNIFORM_KNOTS.);
#1033 = CARTESIAN_POINT('',(0.600157232428,4.227556250857E-03));
#1034 = CARTESIAN_POINT('',(0.599996220337,1.966697779359E-02));
#1035 = CARTESIAN_POINT('',(0.598790416555,5.059347317783E-02));
#1036 = CARTESIAN_POINT('',(0.594346257177,9.689810720602E-02));
#1037 = CARTESIAN_POINT('',(0.587282613991,0.142889911955));
#1038 = CARTESIAN_POINT('',(0.577615160081,0.188339957196));
#1039 = CARTESIAN_POINT('',(0.565360685132,0.233023587815));
#1040 = CARTESIAN_POINT('',(0.550531791659,0.276700043895));
#1041 = CARTESIAN_POINT('',(0.53299068737,0.319695932284));
#1042 = CARTESIAN_POINT('',(0.512844493506,0.361598756447));
#1043 = CARTESIAN_POINT('',(0.490154366531,0.402157502109));
#1044 = CARTESIAN_POINT('',(0.464946206751,0.441133006369));
#1045 = CARTESIAN_POINT('',(0.437432882917,0.478077201187));
#1046 = CARTESIAN_POINT('',(0.407113717977,0.513366915836));
#1047 = CARTESIAN_POINT('',(0.374277264511,0.546499655393));
#1048 = CARTESIAN_POINT('',(0.339114574841,0.577166273457));
#1049 = CARTESIAN_POINT('',(0.30179657312,0.605039829872));
#1050 = CARTESIAN_POINT('',(0.262672160093,0.629671196247));
#1051 = CARTESIAN_POINT('',(0.22137163296,0.651109251575));
#1052 = CARTESIAN_POINT('',(0.178347571051,0.669099371242));
#1053 = CARTESIAN_POINT('',(0.133977101629,0.683364413419));
#1054 = CARTESIAN_POINT('',(8.889440580782E-02,0.693595776541));
#1055 = CARTESIAN_POINT('',(4.276210013406E-02,0.699636532767));
#1056 = CARTESIAN_POINT('',(-3.920789134525E-03,0.701489906998));
#1057 = CARTESIAN_POINT('',(-5.060668043144E-02,0.699147138785));
#1058 = CARTESIAN_POINT('',(-9.654291791748E-02,0.692632123298));
#1059 = CARTESIAN_POINT('',(-0.141910782687,0.681838626985));
#1060 = CARTESIAN_POINT('',(-0.186296127333,0.667049455435));
#1061 = CARTESIAN_POINT('',(-0.22924705233,0.648519894514));
#1062 = CARTESIAN_POINT('',(-0.270201138018,0.626550230622));
#1063 = CARTESIAN_POINT('',(-0.309382482649,0.60114805858));
#1064 = CARTESIAN_POINT('',(-0.3465160053,0.572701308492));
#1065 = CARTESIAN_POINT('',(-0.381365792994,0.541543172695));
#1066 = CARTESIAN_POINT('',(-0.413608888977,0.508081201646));
#1067 = CARTESIAN_POINT('',(-0.443500837306,0.472253672425));
#1068 = CARTESIAN_POINT('',(-0.470912257869,0.434410695137));
#1069 = CARTESIAN_POINT('',(-0.495758706453,0.394836836413));
#1070 = CARTESIAN_POINT('',(-0.517882346697,0.353937292598));
#1071 = CARTESIAN_POINT('',(-0.537366255209,0.311720663088));
#1072 = CARTESIAN_POINT('',(-0.554288920164,0.268242128293));
#1073 = CARTESIAN_POINT('',(-0.568587282231,0.223813083866));
#1074 = CARTESIAN_POINT('',(-0.580240273326,0.178651531524));
#1075 = CARTESIAN_POINT('',(-0.589200390997,0.133092836047));
#1076 = CARTESIAN_POINT('',(-0.595560181473,8.666509274304E-02));
#1077 = CARTESIAN_POINT('',(-0.599236329592,4.000417593671E-02));
#1078 = CARTESIAN_POINT('',(-0.599904345983,8.82219997369E-03));
#1079 = CARTESIAN_POINT('',(-0.599789832729,-6.742762995866E-03));
#1080 = ( GEOMETRIC_REPRESENTATION_CONTEXT(2) 
PARAMETRIC_REPRESENTATION_CONTEXT() REPRESENTATION_CONTEXT('2D SPACE',''
  ) );
#1081 = ORIENTED_EDGE('',*,*,#1082,.F.);
#1082 = EDGE_CURVE('',#1083,#907,#1085,.T.);
#1083 = VERTEX_POINT('',#1084);
#1084 = CARTESIAN_POINT('',(27.670510785948,17.592035966299,
    -4.166427825003));
#1085 = SURFACE_CURVE('',#1086,(#1090,#1096),.PCURVE_S1.);
#1086 = LINE('',#1087,#1088);
#1087 = CARTESIAN_POINT('',(27.670510785948,17.592035837945,
    -4.166427610774));
#1088 = VECTOR('',#1089,1.);
#1089 = DIRECTION('',(0.,0.,-1.));
#1090 = PCURVE('',#768,#1091);
#1091 = DEFINITIONAL_REPRESENTATION('',(#1092),#1095);
#1092 = B_SPLINE_CURVE_WITH_KNOTS('',1,(#1093,#1094),.UNSPECIFIED.,.F.,
  .F.,(2,2),(2.142293027418E-07,5.999657649059),
  .PIECEWISE_BEZIER_KNOTS.);
#1093 = CARTESIAN_POINT('',(0.5,3.573367592997E-08));
#1094 = CARTESIAN_POINT('',(0.5,0.99994294151));
#1095 = ( GEOMETRIC_REPRESENTATION_CONTEXT(2) 
PARAMETRIC_REPRESENTATION_CONTEXT() REPRESENTATION_CONTEXT('2D SPACE',''
  ) );
#1096 = PCURVE('',#837,#1097);
#1097 = DEFINITIONAL_REPRESENTATION('',(#1098),#1101);
#1098 = B_SPLINE_CURVE_WITH_KNOTS('',1,(#1099,#1100),.UNSPECIFIED.,.F.,
  .F.,(2,2),(2.142293027418E-07,5.999657649059),
  .PIECEWISE_BEZIER_KNOTS.);
#1099 = CARTESIAN_POINT('',(0.5,3.573367666783E-08));
#1100 = CARTESIAN_POINT('',(0.5,0.99994294151));
#1101 = ( GEOMETRIC_REPRESENTATION_CONTEXT(2) 
PARAMETRIC_REPRESENTATION_CONTEXT() REPRESENTATION_CONTEXT('2D SPACE',''
  ) );
#1102 = ORIENTED_EDGE('',*,*,#1103,.T.);
#1103 = EDGE_CURVE('',#1083,#758,#1104,.T.);
#1104 = SURFACE_CURVE('',#1105,(#1135,#1208),.PCURVE_S1.);
#1105 = B_SPLINE_CURVE_WITH_KNOTS('',3,(#1106,#1107,#1108,#1109,#1110,
    #1111,#1112,#1113,#1114,#1115,#1116,#1117,#1118,#1119,#1120,#1121,
    #1122,#1123,#1124,#1125,#1126,#1127,#1128,#1129,#1130,#1131,#1132,
    #1133,#1134),.UNSPECIFIED.,.F.,.F.,(4,2,2,2,2,2,2,2,2,2,1,2,2,2,4),(
    0.499999999996,0.562499999996,0.593749999996,0.624999999997,
    0.656249999997,0.687499999997,0.749999999998,0.781249999998,
    0.796874999998,0.812499999998,0.843749999999,0.859374999999,
    0.874999999999,0.937499999999,1.),.UNSPECIFIED.);
#1106 = CARTESIAN_POINT('',(27.670510785948,17.592035966299,
    -4.166427825003));
#1107 = CARTESIAN_POINT('',(27.669914423411,17.663483295907,
    -4.123613168771));
#1108 = CARTESIAN_POINT('',(27.683836098925,17.736193975856,
    -4.079718246308));
#1109 = CARTESIAN_POINT('',(27.724567542564,17.842140445142,
    -4.015300284358));
#1110 = CARTESIAN_POINT('',(27.741292543516,17.875713322301,
    -3.99481107099));
#1111 = CARTESIAN_POINT('',(27.781038251586,17.939369372557,
    -3.955845381585));
#1112 = CARTESIAN_POINT('',(27.802761995316,17.968048144219,
    -3.938233739296));
#1113 = CARTESIAN_POINT('',(27.857693042479,18.027529577428,
    -3.901604930098));
#1114 = CARTESIAN_POINT('',(27.887578109119,18.054016401582,
    -3.885240949664));
#1115 = CARTESIAN_POINT('',(27.952187328545,18.100475696022,
    -3.856481092034));
#1116 = CARTESIAN_POINT('',(27.985103924906,18.119634855733,
    -3.844590661079));
#1117 = CARTESIAN_POINT('',(28.101957681714,18.172213239578,
    -3.811914894061));
#1118 = CARTESIAN_POINT('',(28.183985425003,18.189860065361,
    -3.800891580712));
#1119 = CARTESIAN_POINT('',(28.31221137873,18.190201971638,
    -3.80067836232));
#1120 = CARTESIAN_POINT('',(28.354098294559,18.185900056864,
    -3.803362293578));
#1121 = CARTESIAN_POINT('',(28.415646065204,18.172824441897,
    -3.811509613671));
#1122 = CARTESIAN_POINT('',(28.435948221566,18.167362136256,
    -3.81491205388));
#1123 = CARTESIAN_POINT('',(28.476124999922,18.154230448554,
    -3.823085576744));
#1124 = CARTESIAN_POINT('',(28.497163998369,18.146041526152,
    -3.828179550199));
#1125 = CARTESIAN_POINT('',(28.552653433448,18.121282351455,
    -3.843567208388));
#1126 = CARTESIAN_POINT('',(28.604728032069,18.0914596409,
    -3.862077965691));
#1127 = CARTESIAN_POINT('',(28.651680376019,18.054047382906,
    -3.885214436893));
#1128 = CARTESIAN_POINT('',(28.681843659833,18.027420154291,
    -3.901658058497));
#1129 = CARTESIAN_POINT('',(28.697336550202,18.012209064286,
    -3.911039064222));
#1130 = CARTESIAN_POINT('',(28.762151426308,17.942487583726,
    -3.953975069083));
#1131 = CARTESIAN_POINT('',(28.802435845229,17.877663123146,
    -3.993703201851));
#1132 = CARTESIAN_POINT('',(28.857940978942,17.734919957348,
    -4.080491321247));
#1133 = CARTESIAN_POINT('',(28.871378174913,17.6628759337,
    -4.123982634586));
#1134 = CARTESIAN_POINT('',(28.8705,17.590161405488,-4.167551378376));
#1135 = PCURVE('',#768,#1136);
#1136 = DEFINITIONAL_REPRESENTATION('',(#1137),#1207);
#1137 = B_SPLINE_CURVE_WITH_KNOTS('',3,(#1138,#1139,#1140,#1141,#1142,
    #1143,#1144,#1145,#1146,#1147,#1148,#1149,#1150,#1151,#1152,#1153,
    #1154,#1155,#1156,#1157,#1158,#1159,#1160,#1161,#1162,#1163,#1164,
    #1165,#1166,#1167,#1168,#1169,#1170,#1171,#1172,#1173,#1174,#1175,
    #1176,#1177,#1178,#1179,#1180,#1181,#1182,#1183,#1184,#1185,#1186,
    #1187,#1188,#1189,#1190,#1191,#1192,#1193,#1194,#1195,#1196,#1197,
    #1198,#1199,#1200,#1201,#1202,#1203,#1204,#1205,#1206),
  .UNSPECIFIED.,.F.,.F.,(4,1,1,1,1,1,1,1,1,1,1,1,1,1,1,1,1,1,1,1,1,1,1,1
    ,1,1,1,1,1,1,1,1,1,1,1,1,1,1,1,1,1,1,1,1,1,1,1,1,1,1,1,1,1,1,1,1,1,1
    ,1,1,1,1,1,1,1,1,4),(0.499999999996,0.507575757571,0.515151515147,
    0.522727272723,0.530303030299,0.537878787875,0.54545454545,
    0.553030303026,0.560606060602,0.568181818178,0.575757575754,
    0.58333333333,0.590909090905,0.598484848481,0.606060606057,
    0.613636363633,0.621212121209,0.628787878785,0.63636363636,
    0.643939393936,0.651515151512,0.659090909088,0.666666666664,
    0.67424242424,0.681818181815,0.689393939391,0.696969696967,
    0.704545454543,0.712121212119,0.719696969694,0.72727272727,
    0.734848484846,0.742424242422,0.749999999998,0.757575757574,
    0.765151515149,0.772727272725,0.780303030301,0.787878787877,
    0.795454545453,0.803030303029,0.810606060604,0.81818181818,
    0.825757575756,0.833333333332,0.840909090908,0.848484848483,
    0.856060606059,0.863636363635,0.871212121211,0.878787878787,
    0.886363636363,0.893939393938,0.901515151514,0.90909090909,
    0.916666666666,0.924242424242,0.931818181818,0.939393939393,
    0.946969696969,0.954545454545,0.962121212121,0.969696969697,
    0.977272727273,0.984848484848,0.992424242424,1.),
  .QUASI_UNIFORM_KNOTS.);
#1138 = CARTESIAN_POINT('',(0.500000036709,4.855368450669E-08));
#1139 = CARTESIAN_POINT('',(0.502476515857,-2.659775074671E-07));
#1140 = CARTESIAN_POINT('',(0.507433881888,-9.538162468472E-07));
#1141 = CARTESIAN_POINT('',(0.514891820151,-1.860722738929E-06));
#1142 = CARTESIAN_POINT('',(0.522381047038,-1.603292797147E-06));
#1143 = CARTESIAN_POINT('',(0.529908395084,-1.726106072193E-06));
#1144 = CARTESIAN_POINT('',(0.537481285782,-1.492282913792E-06));
#1145 = CARTESIAN_POINT('',(0.545107210711,-2.304762272351E-06));
#1146 = CARTESIAN_POINT('',(0.552789060284,7.113320034823E-07));
#1147 = CARTESIAN_POINT('',(0.560552518754,1.33879962858E-06));
#1148 = CARTESIAN_POINT('',(0.568328038287,-2.472181775112E-06));
#1149 = CARTESIAN_POINT('',(0.575985585838,-1.450072527844E-06));
#1150 = CARTESIAN_POINT('',(0.583578085192,-1.727528113225E-06));
#1151 = CARTESIAN_POINT('',(0.591122265566,-1.63981501897E-06));
#1152 = CARTESIAN_POINT('',(0.598626752787,-1.713211810609E-06));
#1153 = CARTESIAN_POINT('',(0.605987579204,-1.507337738307E-06));
#1154 = CARTESIAN_POINT('',(0.613402091532,-2.257437235877E-06));
#1155 = CARTESIAN_POINT('',(0.621000559087,5.370866821019E-07));
#1156 = CARTESIAN_POINT('',(0.62898027615,-2.257126877419E-06));
#1157 = CARTESIAN_POINT('',(0.636739832039,-1.508579172137E-06));
#1158 = CARTESIAN_POINT('',(0.644398906771,-1.708556433745E-06));
#1159 = CARTESIAN_POINT('',(0.651958057471,-1.657195092595E-06));
#1160 = CARTESIAN_POINT('',(0.659476790203,-1.662663195587E-06));
#1161 = CARTESIAN_POINT('',(0.666825732136,-1.692152124768E-06));
#1162 = CARTESIAN_POINT('',(0.674170780877,-1.568728305053E-06));
#1163 = CARTESIAN_POINT('',(0.681655023143,-2.032934654731E-06));
#1164 = CARTESIAN_POINT('',(0.68946528859,-2.99533075735E-07));
#1165 = CARTESIAN_POINT('',(0.697213224894,-2.022124239326E-06));
#1166 = CARTESIAN_POINT('',(0.704834744077,-1.611969966672E-06));
#1167 = CARTESIAN_POINT('',(0.712395532459,-1.5299958937E-06));
#1168 = CARTESIAN_POINT('',(0.719917587902,-2.268046458242E-06));
#1169 = CARTESIAN_POINT('',(0.727462717951,6.021817269549E-07));
#1170 = CARTESIAN_POINT('',(0.734960496986,1.837255776841E-06));
#1171 = CARTESIAN_POINT('',(0.74245292729,1.585484321503E-06));
#1172 = CARTESIAN_POINT('',(0.749999793733,-4.668803178651E-08));
#1173 = CARTESIAN_POINT('',(0.757547896633,-2.100732281168E-06));
#1174 = CARTESIAN_POINT('',(0.765037290178,-1.550382843255E-06));
#1175 = CARTESIAN_POINT('',(0.772556927146,-1.697736345526E-06));
#1176 = CARTESIAN_POINT('',(0.780040403056,-1.658671774353E-06));
#1177 = CARTESIAN_POINT('',(0.787548824338,-1.667576556773E-06));
#1178 = CARTESIAN_POINT('',(0.795068998324,-1.671021998267E-06));
#1179 = CARTESIAN_POINT('',(0.802821571803,-1.648335449872E-06));
#1180 = CARTESIAN_POINT('',(0.81071212225,2.222273792926E-06));
#1181 = CARTESIAN_POINT('',(0.818054620966,-2.707822545218E-06));
#1182 = CARTESIAN_POINT('',(0.825478982967,-1.390983611765E-06));
#1183 = CARTESIAN_POINT('',(0.832882352412,-1.728243007435E-06));
#1184 = CARTESIAN_POINT('',(0.840328277334,-1.696044358209E-06));
#1185 = CARTESIAN_POINT('',(0.847840392793,-1.487579559441E-06));
#1186 = CARTESIAN_POINT('',(0.855443551569,-2.353637403738E-06));
#1187 = CARTESIAN_POINT('',(0.863204166189,9.021291746807E-07));
#1188 = CARTESIAN_POINT('',(0.871321738366,2.828987499846E-06));
#1189 = CARTESIAN_POINT('',(0.878692383726,-1.579461433482E-06));
#1190 = CARTESIAN_POINT('',(0.886116856813,-1.750367071809E-06));
#1191 = CARTESIAN_POINT('',(0.893567750226,-1.019411861979E-06));
#1192 = CARTESIAN_POINT('',(0.901068606233,8.133276209444E-07));
#1193 = CARTESIAN_POINT('',(0.90864471392,2.286705579789E-06));
#1194 = CARTESIAN_POINT('',(0.916274078696,2.874342349542E-06));
#1195 = CARTESIAN_POINT('',(0.923941694388,2.772700933895E-06));
#1196 = CARTESIAN_POINT('',(0.93165494105,2.005360226243E-06));
#1197 = CARTESIAN_POINT('',(0.939456622619,-5.149597317568E-07));
#1198 = CARTESIAN_POINT('',(0.947199726914,-1.975133145829E-06));
#1199 = CARTESIAN_POINT('',(0.954868329461,-1.58450768464E-06));
#1200 = CARTESIAN_POINT('',(0.962517843689,-1.686836115324E-06));
#1201 = CARTESIAN_POINT('',(0.970059911823,-1.668147853775E-06));
#1202 = CARTESIAN_POINT('',(0.977561826494,-1.640572469289E-06));
#1203 = CARTESIAN_POINT('',(0.98503901904,-1.76956226878E-06));
#1204 = CARTESIAN_POINT('',(0.992510455693,-1.281178455304E-06));
#1205 = CARTESIAN_POINT('',(0.997499979012,-5.255106607926E-07));
#1206 = CARTESIAN_POINT('',(1.,0.));
#1207 = ( GEOMETRIC_REPRESENTATION_CONTEXT(2) 
PARAMETRIC_REPRESENTATION_CONTEXT() REPRESENTATION_CONTEXT('2D SPACE',''
  ) );
#1208 = PCURVE('',#1209,#1216);
#1209 = B_SPLINE_SURFACE_WITH_KNOTS('',2,1,(
    (#1210,#1211)
    ,(#1212,#1213)
    ,(#1214,#1215
    )),.UNSPECIFIED.,.F.,.F.,.F.,(3,3),(2,2),(0.500154885705,
    0.501393915946),(0.,1.),.PIECEWISE_BEZIER_KNOTS.);
#1210 = CARTESIAN_POINT('',(-30.75,4.199999999976,-8.299999999906));
#1211 = CARTESIAN_POINT('',(30.75,4.199999999976,-8.299999999906));
#1212 = CARTESIAN_POINT('',(-30.75,12.096606681938,-8.299999999905));
#1213 = CARTESIAN_POINT('',(30.75,12.096606681938,-8.299999999905));
#1214 = CARTESIAN_POINT('',(-30.75,20.590161405456,-2.188299892635));
#1215 = CARTESIAN_POINT('',(30.75,20.590161405456,-2.188299892635));
#1216 = DEFINITIONAL_REPRESENTATION('',(#1217),#1287);
#1217 = B_SPLINE_CURVE_WITH_KNOTS('',3,(#1218,#1219,#1220,#1221,#1222,
    #1223,#1224,#1225,#1226,#1227,#1228,#1229,#1230,#1231,#1232,#1233,
    #1234,#1235,#1236,#1237,#1238,#1239,#1240,#1241,#1242,#1243,#1244,
    #1245,#1246,#1247,#1248,#1249,#1250,#1251,#1252,#1253,#1254,#1255,
    #1256,#1257,#1258,#1259,#1260,#1261,#1262,#1263,#1264,#1265,#1266,
    #1267,#1268,#1269,#1270,#1271,#1272,#1273,#1274,#1275,#1276,#1277,
    #1278,#1279,#1280,#1281,#1282,#1283,#1284,#1285,#1286),
  .UNSPECIFIED.,.F.,.F.,(4,1,1,1,1,1,1,1,1,1,1,1,1,1,1,1,1,1,1,1,1,1,1,1
    ,1,1,1,1,1,1,1,1,1,1,1,1,1,1,1,1,1,1,1,1,1,1,1,1,1,1,1,1,1,1,1,1,1,1
    ,1,1,1,1,1,1,1,1,4),(0.499999999996,0.507575757571,0.515151515147,
    0.522727272723,0.530303030299,0.537878787875,0.54545454545,
    0.553030303026,0.560606060602,0.568181818178,0.575757575754,
    0.58333333333,0.590909090905,0.598484848481,0.606060606057,
    0.613636363633,0.621212121209,0.628787878785,0.63636363636,
    0.643939393936,0.651515151512,0.659090909088,0.666666666664,
    0.67424242424,0.681818181815,0.689393939391,0.696969696967,
    0.704545454543,0.712121212119,0.719696969694,0.72727272727,
    0.734848484846,0.742424242422,0.749999999998,0.757575757574,
    0.765151515149,0.772727272725,0.780303030301,0.787878787877,
    0.795454545453,0.803030303029,0.810606060604,0.81818181818,
    0.825757575756,0.833333333332,0.840909090908,0.848484848483,
    0.856060606059,0.863636363635,0.871212121211,0.878787878787,
    0.886363636363,0.893939393938,0.901515151514,0.90909090909,
    0.916666666666,0.924242424242,0.931818181818,0.939393939393,
    0.946969696969,0.954545454545,0.962121212121,0.969696969697,
    0.977272727273,0.984848484848,0.992424242424,1.),
  .QUASI_UNIFORM_KNOTS.);
#1218 = CARTESIAN_POINT('',(0.501173860965,0.94992700465));
#1219 = CARTESIAN_POINT('',(0.501174500625,0.949925829261));
#1220 = CARTESIAN_POINT('',(0.501175782624,0.949930415215));
#1221 = CARTESIAN_POINT('',(0.501177711009,0.94995788102));
#1222 = CARTESIAN_POINT('',(0.501179642123,0.950005710295));
#1223 = CARTESIAN_POINT('',(0.501181573329,0.950073679958));
#1224 = CARTESIAN_POINT('',(0.501183501957,0.950161565729));
#1225 = CARTESIAN_POINT('',(0.501185425484,0.950269147792));
#1226 = CARTESIAN_POINT('',(0.501187340868,0.950396189678));
#1227 = CARTESIAN_POINT('',(0.501189247027,0.950542517061));
#1228 = CARTESIAN_POINT('',(0.501191135601,0.950707723699));
#1229 = CARTESIAN_POINT('',(0.501192972783,0.950890812092));
#1230 = CARTESIAN_POINT('',(0.501194765823,0.951091961426));
#1231 = CARTESIAN_POINT('',(0.501196513529,0.951311276631));
#1232 = CARTESIAN_POINT('',(0.501198213415,0.951548158802));
#1233 = CARTESIAN_POINT('',(0.501199840238,0.9517975046));
#1234 = CARTESIAN_POINT('',(0.501201431043,0.952066805765));
#1235 = CARTESIAN_POINT('',(0.501203005683,0.952360225535));
#1236 = CARTESIAN_POINT('',(0.501204607013,0.952686068456));
#1237 = CARTESIAN_POINT('',(0.501206115344,0.95302444001));
#1238 = CARTESIAN_POINT('',(0.5012075413,0.953377120479));
#1239 = CARTESIAN_POINT('',(0.501208881299,0.953743272966));
#1240 = CARTESIAN_POINT('',(0.501210139048,0.954124464782));
#1241 = CARTESIAN_POINT('',(0.501211295154,0.954511288812));
#1242 = CARTESIAN_POINT('',(0.501212367832,0.954912542282));
#1243 = CARTESIAN_POINT('',(0.501213367455,0.955333682092));
#1244 = CARTESIAN_POINT('',(0.501214326556,0.95578930738));
#1245 = CARTESIAN_POINT('',(0.501215183242,0.956255290215));
#1246 = CARTESIAN_POINT('',(0.501215923926,0.95672584267));
#1247 = CARTESIAN_POINT('',(0.501216552285,0.957202366085));
#1248 = CARTESIAN_POINT('',(0.501217067356,0.957684345595));
#1249 = CARTESIAN_POINT('',(0.501217469399,0.958171741893));
#1250 = CARTESIAN_POINT('',(0.501217758355,0.958664529642));
#1251 = CARTESIAN_POINT('',(0.50121793415,0.959162152069));
#1252 = CARTESIAN_POINT('',(0.501217997014,0.959666164173));
#1253 = CARTESIAN_POINT('',(0.501217945912,0.960170205304));
#1254 = CARTESIAN_POINT('',(0.501217779913,0.960668011484));
#1255 = CARTESIAN_POINT('',(0.501217499174,0.961161312649));
#1256 = CARTESIAN_POINT('',(0.501217104036,0.961649453034));
#1257 = CARTESIAN_POINT('',(0.501216592949,0.962133325768));
#1258 = CARTESIAN_POINT('',(0.501215971719,0.962610014096));
#1259 = CARTESIAN_POINT('',(0.501215218712,0.963090291909));
#1260 = CARTESIAN_POINT('',(0.501214349855,0.963566033178));
#1261 = CARTESIAN_POINT('',(0.501213452961,0.963994710842));
#1262 = CARTESIAN_POINT('',(0.501212456054,0.964417336023));
#1263 = CARTESIAN_POINT('',(0.501211374648,0.964825038332));
#1264 = CARTESIAN_POINT('',(0.501210204722,0.965220167235));
#1265 = CARTESIAN_POINT('',(0.501208946838,0.965602195258));
#1266 = CARTESIAN_POINT('',(0.501207602725,0.96597088283));
#1267 = CARTESIAN_POINT('',(0.501206164917,0.966327715709));
#1268 = CARTESIAN_POINT('',(0.501204585909,0.966682512511));
#1269 = CARTESIAN_POINT('',(0.50120309547,0.966987869821));
#1270 = CARTESIAN_POINT('',(0.501201540317,0.967278151008));
#1271 = CARTESIAN_POINT('',(0.501199930972,0.967551174517));
#1272 = CARTESIAN_POINT('',(0.5011982671,0.967807311701));
#1273 = CARTESIAN_POINT('',(0.501196551225,0.968046253373));
#1274 = CARTESIAN_POINT('',(0.501194785306,0.968267859591));
#1275 = CARTESIAN_POINT('',(0.501192970719,0.968471993982));
#1276 = CARTESIAN_POINT('',(0.501191111737,0.968658336649));
#1277 = CARTESIAN_POINT('',(0.501189201645,0.968827298222));
#1278 = CARTESIAN_POINT('',(0.501187281935,0.968976074017));
#1279 = CARTESIAN_POINT('',(0.501185358989,0.969104240648));
#1280 = CARTESIAN_POINT('',(0.501183431097,0.969211911561));
#1281 = CARTESIAN_POINT('',(0.501181498717,0.969299056357));
#1282 = CARTESIAN_POINT('',(0.501179561726,0.969365683183));
#1283 = CARTESIAN_POINT('',(0.501177620157,0.969411789855));
#1284 = CARTESIAN_POINT('',(0.501175674002,0.969437376959));
#1285 = CARTESIAN_POINT('',(0.501174373508,0.96944075521));
#1286 = CARTESIAN_POINT('',(0.501173722497,0.96943902439));
#1287 = ( GEOMETRIC_REPRESENTATION_CONTEXT(2) 
PARAMETRIC_REPRESENTATION_CONTEXT() REPRESENTATION_CONTEXT('2D SPACE',''
  ) );
#1288 = ADVANCED_FACE('',(#1289),#1303,.F.);
#1289 = FACE_BOUND('',#1290,.F.);
#1290 = EDGE_LOOP('',(#1291,#1440,#1541,#1562));
#1291 = ORIENTED_EDGE('',*,*,#1292,.T.);
#1292 = EDGE_CURVE('',#1293,#1295,#1297,.T.);
#1293 = VERTEX_POINT('',#1294);
#1294 = CARTESIAN_POINT('',(28.8705,12.592662733731,-6.640117382443));
#1295 = VERTEX_POINT('',#1296);
#1296 = CARTESIAN_POINT('',(28.8705,12.592662733729,-12.64011738243));
#1297 = SURFACE_CURVE('',#1298,(#1302,#1371),.PCURVE_S1.);
#1298 = LINE('',#1299,#1300);
#1299 = CARTESIAN_POINT('',(28.8705,12.592662733729,-6.640117382442));
#1300 = VECTOR('',#1301,1.);
#1301 = DIRECTION('',(0.,0.,-1.));
#1302 = PCURVE('',#1303,#1366);
#1303 = B_SPLINE_SURFACE_WITH_KNOTS('',3,1,(
    (#1304,#1305)
    ,(#1306,#1307)
    ,(#1308,#1309)
    ,(#1310,#1311)
    ,(#1312,#1313)
    ,(#1314,#1315)
    ,(#1316,#1317)
    ,(#1318,#1319)
    ,(#1320,#1321)
    ,(#1322,#1323)
    ,(#1324,#1325)
    ,(#1326,#1327)
    ,(#1328,#1329)
    ,(#1330,#1331)
    ,(#1332,#1333)
    ,(#1334,#1335)
    ,(#1336,#1337)
    ,(#1338,#1339)
    ,(#1340,#1341)
    ,(#1342,#1343)
    ,(#1344,#1345)
    ,(#1346,#1347)
    ,(#1348,#1349)
    ,(#1350,#1351)
    ,(#1352,#1353)
    ,(#1354,#1355)
    ,(#1356,#1357)
    ,(#1358,#1359)
    ,(#1360,#1361)
    ,(#1362,#1363)
    ,(#1364,#1365
    )),.UNSPECIFIED.,.F.,.F.,.F.,(4,3,3,3,3,3,3,3,3,3,4),(2,2),(
    0.49999999983,0.539155966076,0.598790123101,0.657041729058,
    0.711419549366,0.761626708982,0.809618786851,0.85807412531,
    0.909184636886,0.964069726338,1.),(0.,1.),.UNSPECIFIED.);
#1304 = CARTESIAN_POINT('',(27.670548357586,12.59551558453,
    -6.639007595949));
#1305 = CARTESIAN_POINT('',(27.670548357586,12.59551558453,
    -12.63900759619));
#1306 = CARTESIAN_POINT('',(27.670803993245,12.643101253762,
    -6.620533831813));
#1307 = CARTESIAN_POINT('',(27.670803993245,12.643101253762,
    -12.62053383205));
#1308 = CARTESIAN_POINT('',(27.676680086229,12.690763700216,
    -6.60188458037));
#1309 = CARTESIAN_POINT('',(27.676680086229,12.690763700216,
    -12.60188458061));
#1310 = CARTESIAN_POINT('',(27.688062147745,12.736767377165,
    -6.583743382505));
#1311 = CARTESIAN_POINT('',(27.688062147745,12.736767377165,
    -12.58374338274));
#1312 = CARTESIAN_POINT('',(27.705376761653,12.806749067532,
    -6.556146638591));
#1313 = CARTESIAN_POINT('',(27.705376761653,12.806749067532,
    -12.55614663883));
#1314 = CARTESIAN_POINT('',(27.735977113534,12.874896703006,
    -6.528936538062));
#1315 = CARTESIAN_POINT('',(27.735977113534,12.874896703006,
    -12.5289365383));
#1316 = CARTESIAN_POINT('',(27.777800201166,12.935076092445,
    -6.504686104172));
#1317 = CARTESIAN_POINT('',(27.777800201166,12.935076092445,
    -12.50468610441));
#1318 = CARTESIAN_POINT('',(27.818624169917,12.993817846174,
    -6.481014993038));
#1319 = CARTESIAN_POINT('',(27.818624169917,12.993817846174,
    -12.48101499327));
#1320 = CARTESIAN_POINT('',(27.871471331058,13.046717759171,
    -6.459464528717));
#1321 = CARTESIAN_POINT('',(27.871471331058,13.046717759171,
    -12.45946452895));
#1322 = CARTESIAN_POINT('',(27.932095691212,13.088124663441,
    -6.442503786017));
#1323 = CARTESIAN_POINT('',(27.932095691212,13.088124663441,
    -12.44250378625));
#1324 = CARTESIAN_POINT('',(27.988718381601,13.126798396485,
    -6.426662581587));
#1325 = CARTESIAN_POINT('',(27.988718381601,13.126798396485,
    -12.42666258182));
#1326 = CARTESIAN_POINT('',(28.053918498398,13.156572046327,
    -6.414371944699));
#1327 = CARTESIAN_POINT('',(28.053918498398,13.156572046327,
    -12.41437194494));
#1328 = CARTESIAN_POINT('',(28.121741660896,13.17392941654,
    -6.407197630771));
#1329 = CARTESIAN_POINT('',(28.121741660896,13.17392941654,
    -12.40719763101));
#1330 = CARTESIAN_POINT('',(28.184466337264,13.189981977186,
    -6.400562633188));
#1331 = CARTESIAN_POINT('',(28.184466337264,13.189981977186,
    -12.40056263342));
#1332 = CARTESIAN_POINT('',(28.251264629322,13.195872396467,
    -6.398118053626));
#1333 = CARTESIAN_POINT('',(28.251264629322,13.195872396467,
    -12.39811805386));
#1334 = CARTESIAN_POINT('',(28.316129272072,13.190925192462,
    -6.40016652014));
#1335 = CARTESIAN_POINT('',(28.316129272072,13.190925192462,
    -12.40016652038));
#1336 = CARTESIAN_POINT('',(28.378229090415,13.186188860664,
    -6.402127671748));
#1337 = CARTESIAN_POINT('',(28.378229090415,13.186188860664,
    -12.40212767198));
#1338 = CARTESIAN_POINT('',(28.440244660811,13.171435077552,
    -6.408240205593));
#1339 = CARTESIAN_POINT('',(28.440244660811,13.171435077552,
    -12.40824020583));
#1340 = CARTESIAN_POINT('',(28.497247297685,13.148167605888,
    -6.417831375727));
#1341 = CARTESIAN_POINT('',(28.497247297685,13.148167605888,
    -12.41783137596));
#1342 = CARTESIAN_POINT('',(28.554841407982,13.124658705198,
    -6.427522066208));
#1343 = CARTESIAN_POINT('',(28.554841407982,13.124658705198,
    -12.42752206644));
#1344 = CARTESIAN_POINT('',(28.608821910214,13.09190973737,
    -6.440986188978));
#1345 = CARTESIAN_POINT('',(28.608821910214,13.09190973737,
    -12.44098618921));
#1346 = CARTESIAN_POINT('',(28.655531530147,13.052826531516,
    -6.456935291163));
#1347 = CARTESIAN_POINT('',(28.655531530147,13.052826531516,
    -12.4569352914));
#1348 = CARTESIAN_POINT('',(28.704793749605,13.011607496409,
    -6.473755984054));
#1349 = CARTESIAN_POINT('',(28.704793749605,13.011607496409,
    -12.47375598429));
#1350 = CARTESIAN_POINT('',(28.747241226242,12.962346566354,
    -6.493742734003));
#1351 = CARTESIAN_POINT('',(28.747241226242,12.962346566354,
    -12.49374273424));
#1352 = CARTESIAN_POINT('',(28.780364845415,12.908950323447,
    -6.515199153246));
#1353 = CARTESIAN_POINT('',(28.780364845415,12.908950323447,
    -12.51519915348));
#1354 = CARTESIAN_POINT('',(28.815906503386,12.851656131275,
    -6.538221900549));
#1355 = CARTESIAN_POINT('',(28.815906503386,12.851656131275,
    -12.53822190079));
#1356 = CARTESIAN_POINT('',(28.841644865057,12.788152388712,
    -6.563514353646));
#1357 = CARTESIAN_POINT('',(28.841644865057,12.788152388712,
    -12.56351435388));
#1358 = CARTESIAN_POINT('',(28.856118223758,12.723243344855,
    -6.589072497453));
#1359 = CARTESIAN_POINT('',(28.856118223758,12.723243344855,
    -12.58907249769));
#1360 = CARTESIAN_POINT('',(28.865662050919,12.68044189783,
    -6.605925704236));
#1361 = CARTESIAN_POINT('',(28.865662050919,12.68044189783,
    -12.60592570447));
#1362 = CARTESIAN_POINT('',(28.8705,12.636460165592,-6.623121381336));
#1363 = CARTESIAN_POINT('',(28.8705,12.636460165592,-12.62312138157));
#1364 = CARTESIAN_POINT('',(28.8705,12.592662733729,-6.640117382201));
#1365 = CARTESIAN_POINT('',(28.8705,12.592662733729,-12.64011738244));
#1366 = DEFINITIONAL_REPRESENTATION('',(#1367),#1370);
#1367 = B_SPLINE_CURVE_WITH_KNOTS('',1,(#1368,#1369),.UNSPECIFIED.,.F.,
  .F.,(2,2),(1.251443393357E-12,5.999999999987),
  .PIECEWISE_BEZIER_KNOTS.);
#1368 = CARTESIAN_POINT('',(1.,4.037460488799E-11));
#1369 = CARTESIAN_POINT('',(1.,0.999999999998));
#1370 = ( GEOMETRIC_REPRESENTATION_CONTEXT(2) 
PARAMETRIC_REPRESENTATION_CONTEXT() REPRESENTATION_CONTEXT('2D SPACE',''
  ) );
#1371 = PCURVE('',#1372,#1435);
#1372 = B_SPLINE_SURFACE_WITH_KNOTS('',3,1,(
    (#1373,#1374)
    ,(#1375,#1376)
    ,(#1377,#1378)
    ,(#1379,#1380)
    ,(#1381,#1382)
    ,(#1383,#1384)
    ,(#1385,#1386)
    ,(#1387,#1388)
    ,(#1389,#1390)
    ,(#1391,#1392)
    ,(#1393,#1394)
    ,(#1395,#1396)
    ,(#1397,#1398)
    ,(#1399,#1400)
    ,(#1401,#1402)
    ,(#1403,#1404)
    ,(#1405,#1406)
    ,(#1407,#1408)
    ,(#1409,#1410)
    ,(#1411,#1412)
    ,(#1413,#1414)
    ,(#1415,#1416)
    ,(#1417,#1418)
    ,(#1419,#1420)
    ,(#1421,#1422)
    ,(#1423,#1424)
    ,(#1425,#1426)
    ,(#1427,#1428)
    ,(#1429,#1430)
    ,(#1431,#1432)
    ,(#1433,#1434
    )),.UNSPECIFIED.,.F.,.F.,.F.,(4,3,3,3,3,3,3,3,3,3,4),(2,2),(0.,
    5.845471272786E-02,0.117049964215,0.17329240145,0.22584421651,
    0.275585100244,0.324303679808,0.373867113688,0.425793628866,
    0.480951015692,0.5),(0.,1.),.UNSPECIFIED.);
#1373 = CARTESIAN_POINT('',(28.8705,12.592662733729,-6.640117382201));
#1374 = CARTESIAN_POINT('',(28.8705,12.592662733729,-12.64011738244));
#1375 = CARTESIAN_POINT('',(28.8705,12.52208716437,-6.667504888429));
#1376 = CARTESIAN_POINT('',(28.8705,12.52208716437,-12.66750488867));
#1377 = CARTESIAN_POINT('',(28.857740925843,12.450405380153,
    -6.694977596942));
#1378 = CARTESIAN_POINT('',(28.857740925843,12.450405380153,
    -12.69497759718));
#1379 = CARTESIAN_POINT('',(28.832877165555,12.383540942268,
    -6.720313872483));
#1380 = CARTESIAN_POINT('',(28.832877165555,12.383540942268,
    -12.72031387272));
#1381 = CARTESIAN_POINT('',(28.807979763755,12.316586034526,
    -6.745684428865));
#1382 = CARTESIAN_POINT('',(28.807979763755,12.316586034526,
    -12.7456844291));
#1383 = CARTESIAN_POINT('',(28.770144631472,12.252535389114,
    -6.769644962454));
#1384 = CARTESIAN_POINT('',(28.770144631472,12.252535389114,
    -12.76964496269));
#1385 = CARTESIAN_POINT('',(28.722065876697,12.197582667154,
    -6.790019876118));
#1386 = CARTESIAN_POINT('',(28.722065876697,12.197582667154,
    -12.79001987635));
#1387 = CARTESIAN_POINT('',(28.675923861265,12.144843586106,
    -6.809574034396));
#1388 = CARTESIAN_POINT('',(28.675923861265,12.144843586106,
    -12.80957403463));
#1389 = CARTESIAN_POINT('',(28.618888058049,12.098938250612,
    -6.826406414989));
#1390 = CARTESIAN_POINT('',(28.618888058049,12.098938250612,
    -12.82640641523));
#1391 = CARTESIAN_POINT('',(28.555831571939,12.064850367398,
    -6.838846557326));
#1392 = CARTESIAN_POINT('',(28.555831571939,12.064850367398,
    -12.83884655756));
#1393 = CARTESIAN_POINT('',(28.496852146178,12.032966513707,
    -6.850482354001));
#1394 = CARTESIAN_POINT('',(28.496852146178,12.032966513707,
    -12.85048235424));
#1395 = CARTESIAN_POINT('',(28.43083763165,12.010504869192,
    -6.858617111999));
#1396 = CARTESIAN_POINT('',(28.43083763165,12.010504869192,
    -12.85861711224));
#1397 = CARTESIAN_POINT('',(28.363722004352,11.999948925972,
    -6.862439308837));
#1398 = CARTESIAN_POINT('',(28.363722004352,11.999948925972,
    -12.86243930907));
#1399 = CARTESIAN_POINT('',(28.300113996311,11.989944660971,
    -6.866061748752));
#1400 = CARTESIAN_POINT('',(28.300113996311,11.989944660971,
    -12.86606174899));
#1401 = CARTESIAN_POINT('',(28.233719711218,11.9903412044,
    -6.865918678704));
#1402 = CARTESIAN_POINT('',(28.233719711218,11.9903412044,
    -12.86591867894));
#1403 = CARTESIAN_POINT('',(28.170250601129,12.001096965595,
    -6.862023586696));
#1404 = CARTESIAN_POINT('',(28.170250601129,12.001096965595,
    -12.86202358693));
#1405 = CARTESIAN_POINT('',(28.10802714172,12.011641633217,
    -6.858204940127));
#1406 = CARTESIAN_POINT('',(28.10802714172,12.011641633217,
    -12.85820494036));
#1407 = CARTESIAN_POINT('',(28.046936659331,12.032390173104,
    -6.850687964037));
#1408 = CARTESIAN_POINT('',(28.046936659331,12.032390173104,
    -12.85068796427));
#1409 = CARTESIAN_POINT('',(27.991736113578,12.061352376569,
    -6.84012285653));
#1410 = CARTESIAN_POINT('',(27.991736113578,12.061352376569,
    -12.84012285677));
#1411 = CARTESIAN_POINT('',(27.935556697096,12.090828166499,
    -6.829370398077));
#1412 = CARTESIAN_POINT('',(27.935556697096,12.090828166499,
    -12.82937039831));
#1413 = CARTESIAN_POINT('',(27.884003583647,12.129532557251,
    -6.81519290799));
#1414 = CARTESIAN_POINT('',(27.884003583647,12.129532557251,
    -12.81519290823));
#1415 = CARTESIAN_POINT('',(27.840611336747,12.174098835131,
    -6.798714917342));
#1416 = CARTESIAN_POINT('',(27.840611336747,12.174098835131,
    -12.79871491758));
#1417 = CARTESIAN_POINT('',(27.795157370522,12.220782614705,
    -6.781453999001));
#1418 = CARTESIAN_POINT('',(27.795157370522,12.220782614705,
    -12.78145399924));
#1419 = CARTESIAN_POINT('',(27.757471387848,12.275053577092,
    -6.761236707503));
#1420 = CARTESIAN_POINT('',(27.757471387848,12.275053577092,
    -12.76123670774));
#1421 = CARTESIAN_POINT('',(27.729803243542,12.332572331074,
    -6.739570042927));
#1422 = CARTESIAN_POINT('',(27.729803243542,12.332572331074,
    -12.73957004316));
#1423 = CARTESIAN_POINT('',(27.700432019984,12.393631582583,
    -6.716569712946));
#1424 = CARTESIAN_POINT('',(27.700432019984,12.393631582583,
    -12.71656971318));
#1425 = CARTESIAN_POINT('',(27.681567957709,12.459905062063,
    -6.691346781629));
#1426 = CARTESIAN_POINT('',(27.681567957709,12.459905062063,
    -12.69134678187));
#1427 = CARTESIAN_POINT('',(27.674179069756,12.526320076615,
    -6.665766196722));
#1428 = CARTESIAN_POINT('',(27.674179069756,12.526320076615,
    -12.66576619696));
#1429 = CARTESIAN_POINT('',(27.67162983674,12.549233855915,
    -6.656940664109));
#1430 = CARTESIAN_POINT('',(27.67162983674,12.549233855915,
    -12.65694066435));
#1431 = CARTESIAN_POINT('',(27.670423993385,12.572365635006,
    -6.647994896416));
#1432 = CARTESIAN_POINT('',(27.670423993385,12.572365635006,
    -12.64799489665));
#1433 = CARTESIAN_POINT('',(27.67054835759,12.595515585151,
    -6.639007595708));
#1434 = CARTESIAN_POINT('',(27.67054835759,12.595515585151,
    -12.63900759594));
#1435 = DEFINITIONAL_REPRESENTATION('',(#1436),#1439);
#1436 = B_SPLINE_CURVE_WITH_KNOTS('',1,(#1437,#1438),.UNSPECIFIED.,.F.,
  .F.,(2,2),(1.251443393357E-12,5.999999999987),
  .PIECEWISE_BEZIER_KNOTS.);
#1437 = CARTESIAN_POINT('',(-6.763475944791E-17,4.037460778041E-11));
#1438 = CARTESIAN_POINT('',(-2.406503288123E-16,0.999999999998));
#1439 = ( GEOMETRIC_REPRESENTATION_CONTEXT(2) 
PARAMETRIC_REPRESENTATION_CONTEXT() REPRESENTATION_CONTEXT('2D SPACE',''
  ) );
#1440 = ORIENTED_EDGE('',*,*,#1441,.F.);
#1441 = EDGE_CURVE('',#1442,#1295,#1444,.T.);
#1442 = VERTEX_POINT('',#1443);
#1443 = CARTESIAN_POINT('',(27.670549786852,12.595516005881,
    -12.6390086993));
#1444 = SURFACE_CURVE('',#1445,(#1477,#1483),.PCURVE_S1.);
#1445 = B_SPLINE_CURVE_WITH_KNOTS('',3,(#1446,#1447,#1448,#1449,#1450,
    #1451,#1452,#1453,#1454,#1455,#1456,#1457,#1458,#1459,#1460,#1461,
    #1462,#1463,#1464,#1465,#1466,#1467,#1468,#1469,#1470,#1471,#1472,
    #1473,#1474,#1475,#1476),.UNSPECIFIED.,.F.,.F.,(4,3,3,3,3,3,3,3,3,3,
    4),(0.5,0.539155966076,0.598790123101,0.657041729057,0.711419549366,
    0.761626708981,0.809618786851,0.85807412531,0.909184636886,
    0.964069726338,1.),.UNSPECIFIED.);
#1446 = CARTESIAN_POINT('',(27.670549786852,12.595516005881,
    -12.6390086993));
#1447 = CARTESIAN_POINT('',(27.670803993297,12.643101254178,
    -12.62053383189));
#1448 = CARTESIAN_POINT('',(27.676680086279,12.690763700416,
    -12.60188458053));
#1449 = CARTESIAN_POINT('',(27.688062147745,12.736767377165,
    -12.58374338274));
#1450 = CARTESIAN_POINT('',(27.705376761653,12.806749067532,
    -12.55614663883));
#1451 = CARTESIAN_POINT('',(27.735977113534,12.874896703006,
    -12.5289365383));
#1452 = CARTESIAN_POINT('',(27.777800201166,12.935076092445,
    -12.50468610441));
#1453 = CARTESIAN_POINT('',(27.818624169917,12.993817846174,
    -12.48101499327));
#1454 = CARTESIAN_POINT('',(27.871471331058,13.046717759171,
    -12.45946452895));
#1455 = CARTESIAN_POINT('',(27.932095691212,13.088124663441,
    -12.44250378625));
#1456 = CARTESIAN_POINT('',(27.988718381601,13.126798396485,
    -12.42666258182));
#1457 = CARTESIAN_POINT('',(28.053918498398,13.156572046327,
    -12.41437194494));
#1458 = CARTESIAN_POINT('',(28.121741660896,13.17392941654,
    -12.40719763101));
#1459 = CARTESIAN_POINT('',(28.184466337264,13.189981977186,
    -12.40056263342));
#1460 = CARTESIAN_POINT('',(28.251264629322,13.195872396467,
    -12.39811805386));
#1461 = CARTESIAN_POINT('',(28.316129272072,13.190925192462,
    -12.40016652038));
#1462 = CARTESIAN_POINT('',(28.378229090415,13.186188860664,
    -12.40212767198));
#1463 = CARTESIAN_POINT('',(28.440244660811,13.171435077552,
    -12.40824020583));
#1464 = CARTESIAN_POINT('',(28.497247297685,13.148167605888,
    -12.41783137596));
#1465 = CARTESIAN_POINT('',(28.554841407982,13.124658705198,
    -12.42752206644));
#1466 = CARTESIAN_POINT('',(28.608821910214,13.09190973737,
    -12.44098618921));
#1467 = CARTESIAN_POINT('',(28.655531530147,13.052826531516,
    -12.4569352914));
#1468 = CARTESIAN_POINT('',(28.704793749605,13.011607496409,
    -12.47375598429));
#1469 = CARTESIAN_POINT('',(28.747241226242,12.962346566354,
    -12.49374273424));
#1470 = CARTESIAN_POINT('',(28.780364845415,12.908950323447,
    -12.51519915348));
#1471 = CARTESIAN_POINT('',(28.815906503386,12.851656131275,
    -12.53822190079));
#1472 = CARTESIAN_POINT('',(28.841644865057,12.788152388712,
    -12.56351435388));
#1473 = CARTESIAN_POINT('',(28.856118223758,12.723243344855,
    -12.58907249769));
#1474 = CARTESIAN_POINT('',(28.865662050919,12.68044189783,
    -12.60592570447));
#1475 = CARTESIAN_POINT('',(28.8705,12.636460165592,-12.62312138157));
#1476 = CARTESIAN_POINT('',(28.8705,12.592662733729,-12.64011738243));
#1477 = PCURVE('',#1303,#1478);
#1478 = DEFINITIONAL_REPRESENTATION('',(#1479),#1482);
#1479 = B_SPLINE_CURVE_WITH_KNOTS('',1,(#1480,#1481),.UNSPECIFIED.,.F.,
  .F.,(2,2),(0.5,1.),.PIECEWISE_BEZIER_KNOTS.);
#1480 = CARTESIAN_POINT('',(0.500000117502,1.000000211612));
#1481 = CARTESIAN_POINT('',(1.,0.999999999998));
#1482 = ( GEOMETRIC_REPRESENTATION_CONTEXT(2) 
PARAMETRIC_REPRESENTATION_CONTEXT() REPRESENTATION_CONTEXT('2D SPACE',''
  ) );
#1483 = PCURVE('',#1484,#1491);
#1484 = B_SPLINE_SURFACE_WITH_KNOTS('',2,1,(
    (#1485,#1486)
    ,(#1487,#1488)
    ,(#1489,#1490
    )),.UNSPECIFIED.,.F.,.F.,.F.,(3,3),(2,2),(0.500754654512,
    0.500846395596),(0.,1.),.PIECEWISE_BEZIER_KNOTS.);
#1485 = CARTESIAN_POINT('',(27.663336114916,11.984786780266,
    -12.86792430713));
#1486 = CARTESIAN_POINT('',(28.877700028405,11.984786780266,
    -12.86792430713));
#1487 = CARTESIAN_POINT('',(27.663336114916,12.590867878786,
    -12.64887294064));
#1488 = CARTESIAN_POINT('',(28.877700028405,12.590867878786,
    -12.64887294064));
#1489 = CARTESIAN_POINT('',(27.663336114916,13.200221634048,
    -12.39631531369));
#1490 = CARTESIAN_POINT('',(28.877700028405,13.200221634048,
    -12.39631531369));
#1491 = DEFINITIONAL_REPRESENTATION('',(#1492),#1540);
#1492 = B_SPLINE_CURVE_WITH_KNOTS('',3,(#1493,#1494,#1495,#1496,#1497,
    #1498,#1499,#1500,#1501,#1502,#1503,#1504,#1505,#1506,#1507,#1508,
    #1509,#1510,#1511,#1512,#1513,#1514,#1515,#1516,#1517,#1518,#1519,
    #1520,#1521,#1522,#1523,#1524,#1525,#1526,#1527,#1528,#1529,#1530,
    #1531,#1532,#1533,#1534,#1535,#1536,#1537,#1538,#1539),
  .UNSPECIFIED.,.F.,.F.,(4,1,1,1,1,1,1,1,1,1,1,1,1,1,1,1,1,1,1,1,1,1,1,1
    ,1,1,1,1,1,1,1,1,1,1,1,1,1,1,1,1,1,1,1,1,4),(0.5,0.511363636364,
    0.522727272727,0.534090909091,0.545454545455,0.556818181818,
    0.568181818182,0.579545454545,0.590909090909,0.602272727273,
    0.613636363636,0.625,0.636363636364,0.647727272727,0.659090909091,
    0.670454545455,0.681818181818,0.693181818182,0.704545454545,
    0.715909090909,0.727272727273,0.738636363636,0.75,0.761363636364,
    0.772727272727,0.784090909091,0.795454545455,0.806818181818,
    0.818181818182,0.829545454545,0.840909090909,0.852272727273,
    0.863636363636,0.875,0.886363636364,0.897727272727,0.909090909091,
    0.920454545455,0.931818181818,0.943181818182,0.954545454545,
    0.965909090909,0.977272727273,0.988636363636,1.),
  .QUASI_UNIFORM_KNOTS.);
#1493 = CARTESIAN_POINT('',(0.50080081417,5.940288455875E-03));
#1494 = CARTESIAN_POINT('',(0.500801856555,6.001039967294E-03));
#1495 = CARTESIAN_POINT('',(0.500803942135,6.902471040358E-03));
#1496 = CARTESIAN_POINT('',(0.500807053274,1.057955299093E-02));
#1497 = CARTESIAN_POINT('',(0.500810129523,1.657011882713E-02));
#1498 = CARTESIAN_POINT('',(0.500813146199,2.485082635335E-02));
#1499 = CARTESIAN_POINT('',(0.500816123838,3.54864178663E-02));
#1500 = CARTESIAN_POINT('',(0.500819040456,4.839393739047E-02));
#1501 = CARTESIAN_POINT('',(0.500821877125,6.350270378541E-02));
#1502 = CARTESIAN_POINT('',(0.500824616412,8.075522252021E-02));
#1503 = CARTESIAN_POINT('',(0.500827232149,0.100028977791));
#1504 = CARTESIAN_POINT('',(0.500829736993,0.121489418096));
#1505 = CARTESIAN_POINT('',(0.500832117386,0.145015335051));
#1506 = CARTESIAN_POINT('',(0.500834352603,0.170435956676));
#1507 = CARTESIAN_POINT('',(0.500836425554,0.197621118164));
#1508 = CARTESIAN_POINT('',(0.500838311953,0.226327789607));
#1509 = CARTESIAN_POINT('',(0.500840016,0.2567777316));
#1510 = CARTESIAN_POINT('',(0.500841528242,0.288778072895));
#1511 = CARTESIAN_POINT('',(0.500842832772,0.322036689303));
#1512 = CARTESIAN_POINT('',(0.500843916045,0.356304018174));
#1513 = CARTESIAN_POINT('',(0.500844761457,0.391259503651));
#1514 = CARTESIAN_POINT('',(0.500845370611,0.42717417385));
#1515 = CARTESIAN_POINT('',(0.500845739639,0.463617098161));
#1516 = CARTESIAN_POINT('',(0.500845864956,0.500293597817));
#1517 = CARTESIAN_POINT('',(0.500845743707,0.536748482968));
#1518 = CARTESIAN_POINT('',(0.50084536956,0.573032356257));
#1519 = CARTESIAN_POINT('',(0.500844750301,0.609019184367));
#1520 = CARTESIAN_POINT('',(0.500843894987,0.644337538638));
#1521 = CARTESIAN_POINT('',(0.500842813711,0.678652369537));
#1522 = CARTESIAN_POINT('',(0.500841510872,0.711735632806));
#1523 = CARTESIAN_POINT('',(0.50083998811,0.743734272256));
#1524 = CARTESIAN_POINT('',(0.500838266214,0.774319997133));
#1525 = CARTESIAN_POINT('',(0.500836360323,0.803298031563));
#1526 = CARTESIAN_POINT('',(0.500834290345,0.830377347749));
#1527 = CARTESIAN_POINT('',(0.500832047986,0.855742403696));
#1528 = CARTESIAN_POINT('',(0.500829655201,0.879234269293));
#1529 = CARTESIAN_POINT('',(0.50082712979,0.900728895286));
#1530 = CARTESIAN_POINT('',(0.500824494654,0.920063894322));
#1531 = CARTESIAN_POINT('',(0.500821756651,0.93719535059));
#1532 = CARTESIAN_POINT('',(0.500818911989,0.952221226848));
#1533 = CARTESIAN_POINT('',(0.500815986595,0.965032693306));
#1534 = CARTESIAN_POINT('',(0.500812995674,0.975583266531));
#1535 = CARTESIAN_POINT('',(0.500809968015,0.983783115848));
#1536 = CARTESIAN_POINT('',(0.500806865581,0.989710659593));
#1537 = CARTESIAN_POINT('',(0.500803738266,0.993273223267));
#1538 = CARTESIAN_POINT('',(0.500801644308,0.99407094667));
#1539 = CARTESIAN_POINT('',(0.500800598775,0.99407094667));
#1540 = ( GEOMETRIC_REPRESENTATION_CONTEXT(2) 
PARAMETRIC_REPRESENTATION_CONTEXT() REPRESENTATION_CONTEXT('2D SPACE',''
  ) );
#1541 = ORIENTED_EDGE('',*,*,#1542,.F.);
#1542 = EDGE_CURVE('',#1543,#1442,#1545,.T.);
#1543 = VERTEX_POINT('',#1544);
#1544 = CARTESIAN_POINT('',(27.670548357589,12.595516012431,
    -6.639008696769));
#1545 = SURFACE_CURVE('',#1546,(#1550,#1556),.PCURVE_S1.);
#1546 = LINE('',#1547,#1548);
#1547 = CARTESIAN_POINT('',(27.67054835759,12.595515585151,
    -6.639007595949));
#1548 = VECTOR('',#1549,1.);
#1549 = DIRECTION('',(0.,0.,-1.));
#1550 = PCURVE('',#1303,#1551);
#1551 = DEFINITIONAL_REPRESENTATION('',(#1552),#1555);
#1552 = B_SPLINE_CURVE_WITH_KNOTS('',1,(#1553,#1554),.UNSPECIFIED.,.F.,
  .F.,(2,2),(1.100820593791E-06,6.000001103357),
  .PIECEWISE_BEZIER_KNOTS.);
#1553 = CARTESIAN_POINT('',(0.5,1.835102648946E-07));
#1554 = CARTESIAN_POINT('',(0.5,1.000000183893));
#1555 = ( GEOMETRIC_REPRESENTATION_CONTEXT(2) 
PARAMETRIC_REPRESENTATION_CONTEXT() REPRESENTATION_CONTEXT('2D SPACE',''
  ) );
#1556 = PCURVE('',#1372,#1557);
#1557 = DEFINITIONAL_REPRESENTATION('',(#1558),#1561);
#1558 = B_SPLINE_CURVE_WITH_KNOTS('',1,(#1559,#1560),.UNSPECIFIED.,.F.,
  .F.,(2,2),(1.100820593791E-06,6.000001103357),
  .PIECEWISE_BEZIER_KNOTS.);
#1559 = CARTESIAN_POINT('',(0.5,1.835102651028E-07));
#1560 = CARTESIAN_POINT('',(0.5,1.000000183893));
#1561 = ( GEOMETRIC_REPRESENTATION_CONTEXT(2) 
PARAMETRIC_REPRESENTATION_CONTEXT() REPRESENTATION_CONTEXT('2D SPACE',''
  ) );
#1562 = ORIENTED_EDGE('',*,*,#1563,.T.);
#1563 = EDGE_CURVE('',#1543,#1293,#1564,.T.);
#1564 = SURFACE_CURVE('',#1565,(#1606,#1701),.PCURVE_S1.);
#1565 = B_SPLINE_CURVE_WITH_KNOTS('',3,(#1566,#1567,#1568,#1569,#1570,
    #1571,#1572,#1573,#1574,#1575,#1576,#1577,#1578,#1579,#1580,#1581,
    #1582,#1583,#1584,#1585,#1586,#1587,#1588,#1589,#1590,#1591,#1592,
    #1593,#1594,#1595,#1596,#1597,#1598,#1599,#1600,#1601,#1602,#1603,
    #1604,#1605),.UNSPECIFIED.,.F.,.F.,(4,2,2,2,2,2,2,2,2,1,2,2,1,2,2,1,
    1,2,2,2,2,4),(0.5,0.53125,0.5625,0.625,0.6875,0.71875,0.75,0.8125,
    0.875,0.90625,0.921875,0.9375,0.953125,0.9609375,0.96875,0.9765625,
    0.98046875,0.982421875,0.984375,0.98828125,0.9921875,1.),
  .UNSPECIFIED.);
#1566 = CARTESIAN_POINT('',(27.670548357589,12.595516012431,
    -6.639008696769));
#1567 = CARTESIAN_POINT('',(27.670355489092,12.627317723591,
    -6.626665053014));
#1568 = CARTESIAN_POINT('',(27.674975286329,12.672861924971,
    -6.608883046759));
#1569 = CARTESIAN_POINT('',(27.688708795183,12.744564635913,
    -6.580695268886));
#1570 = CARTESIAN_POINT('',(27.700175506369,12.782449589975,
    -6.565710611437));
#1571 = CARTESIAN_POINT('',(27.74278778437,12.888324076544,
    -6.523586586482));
#1572 = CARTESIAN_POINT('',(27.784346628147,12.952989010641,
    -6.497532089744));
#1573 = CARTESIAN_POINT('',(27.895295334919,13.067621092813,
    -6.45096444071));
#1574 = CARTESIAN_POINT('',(27.959335540614,13.111898573178,
    -6.432775956537));
#1575 = CARTESIAN_POINT('',(28.071736524941,13.160224449808,
    -6.412863851999));
#1576 = CARTESIAN_POINT('',(28.110183374216,13.172322514893,
    -6.407863170602));
#1577 = CARTESIAN_POINT('',(28.189036781764,13.188493672412,
    -6.401174616417));
#1578 = CARTESIAN_POINT('',(28.230579176146,13.192568410365,
    -6.399486062137));
#1579 = CARTESIAN_POINT('',(28.35133090614,13.192743347174,
    -6.399413613952));
#1580 = CARTESIAN_POINT('',(28.434723007862,13.175107241909,
    -6.406731896386));
#1581 = CARTESIAN_POINT('',(28.580241084924,13.112645965588,
    -6.43246767743));
#1582 = CARTESIAN_POINT('',(28.648211869098,13.065153752016,
    -6.45196900206));
#1583 = CARTESIAN_POINT('',(28.72910359557,12.981481566327,
    -6.485956247255));
#1584 = CARTESIAN_POINT('',(28.764977146294,12.936386580749,
    -6.504198115585));
#1585 = CARTESIAN_POINT('',(28.793992228251,12.886409115267,
    -6.524252364816));
#1586 = CARTESIAN_POINT('',(28.811811512052,12.852006548741,
    -6.538017046112));
#1587 = CARTESIAN_POINT('',(28.820424260381,12.833111490925,
    -6.545555130711));
#1588 = CARTESIAN_POINT('',(28.834265018814,12.798844449478,
    -6.559186246418));
#1589 = CARTESIAN_POINT('',(28.843488213612,12.772304211111,
    -6.569715000849));
#1590 = CARTESIAN_POINT('',(28.850975347368,12.744504927585,
    -6.580692762069));
#1591 = CARTESIAN_POINT('',(28.85558097853,12.725692388946,
    -6.588109975228));
#1592 = CARTESIAN_POINT('',(28.85798895814,12.714640310348,
    -6.592459815604));
#1593 = CARTESIAN_POINT('',(28.861226887216,12.698280446617,
    -6.598889601014));
#1594 = CARTESIAN_POINT('',(28.863460885193,12.685061949772,
    -6.604078239133));
#1595 = CARTESIAN_POINT('',(28.865726930713,12.667980905702,
    -6.6107666952));
#1596 = CARTESIAN_POINT('',(28.866625174768,12.660304929366,
    -6.613768534309));
#1597 = CARTESIAN_POINT('',(28.867207800069,12.655108613456,
    -6.6157997573));
#1598 = CARTESIAN_POINT('',(28.867609556478,12.651317356771,
    -6.617280907719));
#1599 = CARTESIAN_POINT('',(28.86807924484,12.646746698804,
    -6.619065985904));
#1600 = CARTESIAN_POINT('',(28.868406562034,12.642843919615,
    -6.620589663434));
#1601 = CARTESIAN_POINT('',(28.869089579659,12.63332727971,
    -6.62430154378));
#1602 = CARTESIAN_POINT('',(28.869533165117,12.626176357858,
    -6.627088134359));
#1603 = CARTESIAN_POINT('',(28.870379186188,12.611379911236,
    -6.63284848613));
#1604 = CARTESIAN_POINT('',(28.870607462141,12.601852795429,
    -6.636551093512));
#1605 = CARTESIAN_POINT('',(28.8705,12.592662733731,-6.640117382443));
#1606 = PCURVE('',#1303,#1607);
#1607 = DEFINITIONAL_REPRESENTATION('',(#1608),#1700);
#1608 = B_SPLINE_CURVE_WITH_KNOTS('',3,(#1609,#1610,#1611,#1612,#1613,
    #1614,#1615,#1616,#1617,#1618,#1619,#1620,#1621,#1622,#1623,#1624,
    #1625,#1626,#1627,#1628,#1629,#1630,#1631,#1632,#1633,#1634,#1635,
    #1636,#1637,#1638,#1639,#1640,#1641,#1642,#1643,#1644,#1645,#1646,
    #1647,#1648,#1649,#1650,#1651,#1652,#1653,#1654,#1655,#1656,#1657,
    #1658,#1659,#1660,#1661,#1662,#1663,#1664,#1665,#1666,#1667,#1668,
    #1669,#1670,#1671,#1672,#1673,#1674,#1675,#1676,#1677,#1678,#1679,
    #1680,#1681,#1682,#1683,#1684,#1685,#1686,#1687,#1688,#1689,#1690,
    #1691,#1692,#1693,#1694,#1695,#1696,#1697,#1698,#1699),
  .UNSPECIFIED.,.F.,.F.,(4,1,1,1,1,1,1,1,1,1,1,1,1,1,1,1,1,1,1,1,1,1,1,1
    ,1,1,1,1,1,1,1,1,1,1,1,1,1,1,1,1,1,1,1,1,1,1,1,1,1,1,1,1,1,1,1,1,1,1
    ,1,1,1,1,1,1,1,1,1,1,1,1,1,1,1,1,1,1,1,1,1,1,1,1,1,1,1,1,1,1,4),(0.5
    ,0.505681818182,0.511363636364,0.517045454545,0.522727272727,
    0.528409090909,0.534090909091,0.539772727273,0.545454545455,
    0.551136363636,0.556818181818,0.5625,0.568181818182,0.573863636364,
    0.579545454545,0.585227272727,0.590909090909,0.596590909091,
    0.602272727273,0.607954545455,0.613636363636,0.619318181818,0.625,
    0.630681818182,0.636363636364,0.642045454545,0.647727272727,
    0.653409090909,0.659090909091,0.664772727273,0.670454545455,
    0.676136363636,0.681818181818,0.6875,0.693181818182,0.698863636364,
    0.704545454545,0.710227272727,0.715909090909,0.721590909091,
    0.727272727273,0.732954545455,0.738636363636,0.744318181818,0.75,
    0.755681818182,0.761363636364,0.767045454545,0.772727272727,
    0.778409090909,0.784090909091,0.789772727273,0.795454545455,
    0.801136363636,0.806818181818,0.8125,0.818181818182,0.823863636364,
    0.829545454545,0.835227272727,0.840909090909,0.846590909091,
    0.852272727273,0.857954545455,0.863636363636,0.869318181818,0.875,
    0.880681818182,0.886363636364,0.892045454545,0.897727272727,
    0.903409090909,0.909090909091,0.914772727273,0.920454545455,
    0.926136363636,0.931818181818,0.9375,0.943181818182,0.948863636364,
    0.954545454545,0.960227272727,0.965909090909,0.971590909091,
    0.977272727273,0.982954545455,0.988636363636,0.994318181818,1.),
  .QUASI_UNIFORM_KNOTS.);
#1609 = CARTESIAN_POINT('',(0.500000117193,2.111560092659E-07));
#1610 = CARTESIAN_POINT('',(0.501585684014,1.021917138681E-07));
#1611 = CARTESIAN_POINT('',(0.505005696112,-1.188346683048E-07));
#1612 = CARTESIAN_POINT('',(0.510658573766,-2.208546148879E-07));
#1613 = CARTESIAN_POINT('',(0.516614291317,7.464047915565E-07));
#1614 = CARTESIAN_POINT('',(0.522639682278,1.519389737978E-06));
#1615 = CARTESIAN_POINT('',(0.528533183736,9.110900734741E-07));
#1616 = CARTESIAN_POINT('',(0.533973442358,-6.493363047258E-07));
#1617 = CARTESIAN_POINT('',(0.539605983395,-5.907405729406E-07));
#1618 = CARTESIAN_POINT('',(0.545323373157,1.838933661361E-07));
#1619 = CARTESIAN_POINT('',(0.551072282025,1.045419370648E-06));
#1620 = CARTESIAN_POINT('',(0.556818442953,1.339103114152E-06));
#1621 = CARTESIAN_POINT('',(0.562509066393,5.397896754242E-07));
#1622 = CARTESIAN_POINT('',(0.568146723136,-8.00423410438E-07));
#1623 = CARTESIAN_POINT('',(0.573781892561,-1.898932152484E-06));
#1624 = CARTESIAN_POINT('',(0.579411901974,-1.603847979224E-06));
#1625 = CARTESIAN_POINT('',(0.585046848965,-1.685675930218E-06));
#1626 = CARTESIAN_POINT('',(0.590694746902,-1.653448299501E-06));
#1627 = CARTESIAN_POINT('',(0.596362345931,-1.700530871374E-06));
#1628 = CARTESIAN_POINT('',(0.602064139554,-3.984234044864E-07));
#1629 = CARTESIAN_POINT('',(0.607766384739,2.402259793559E-07));
#1630 = CARTESIAN_POINT('',(0.613483575968,8.093462782998E-07));
#1631 = CARTESIAN_POINT('',(0.619219584544,9.685284168487E-07));
#1632 = CARTESIAN_POINT('',(0.625001802661,5.484301713431E-07));
#1633 = CARTESIAN_POINT('',(0.630773768249,-1.849496045971E-06));
#1634 = CARTESIAN_POINT('',(0.636485300981,-1.617708461775E-06));
#1635 = CARTESIAN_POINT('',(0.642165998405,-1.679670106528E-06));
#1636 = CARTESIAN_POINT('',(0.647825190683,-1.663611111713E-06));
#1637 = CARTESIAN_POINT('',(0.653476024693,-1.66588544622E-06));
#1638 = CARTESIAN_POINT('',(0.659137084083,-1.672847103005E-06));
#1639 = CARTESIAN_POINT('',(0.66477924266,-1.642726141356E-06));
#1640 = CARTESIAN_POINT('',(0.670420632792,-1.756248331168E-06));
#1641 = CARTESIAN_POINT('',(0.676077072669,-1.332280533572E-06));
#1642 = CARTESIAN_POINT('',(0.681759329777,3.70278527968E-07));
#1643 = CARTESIAN_POINT('',(0.687498899125,2.172575762868E-07));
#1644 = CARTESIAN_POINT('',(0.693244950229,-1.741684617922E-06));
#1645 = CARTESIAN_POINT('',(0.698945983812,-1.646317307973E-06));
#1646 = CARTESIAN_POINT('',(0.704629643659,-1.673046149784E-06));
#1647 = CARTESIAN_POINT('',(0.710310001586,-1.661498092489E-06));
#1648 = CARTESIAN_POINT('',(0.715975903172,-1.680961479858E-06));
#1649 = CARTESIAN_POINT('',(0.721612489177,-1.614655987677E-06));
#1650 = CARTESIAN_POINT('',(0.727293303732,-1.860414569033E-06));
#1651 = CARTESIAN_POINT('',(0.732990011439,-9.436857357892E-07));
#1652 = CARTESIAN_POINT('',(0.738686749943,9.603137785611E-07));
#1653 = CARTESIAN_POINT('',(0.744368751185,1.178209063569E-06));
#1654 = CARTESIAN_POINT('',(0.75000108037,-5.236957006187E-07));
#1655 = CARTESIAN_POINT('',(0.755626927136,3.428410911077E-07));
#1656 = CARTESIAN_POINT('',(0.761320459377,4.397132008449E-06));
#1657 = CARTESIAN_POINT('',(0.767025134231,7.528049321639E-06));
#1658 = CARTESIAN_POINT('',(0.772732304634,9.785157714403E-06));
#1659 = CARTESIAN_POINT('',(0.778440668293,1.087903924741E-05));
#1660 = CARTESIAN_POINT('',(0.784146236348,1.078757095794E-05));
#1661 = CARTESIAN_POINT('',(0.789845604179,9.585502895802E-06));
#1662 = CARTESIAN_POINT('',(0.795535473247,7.491793709856E-06));
#1663 = CARTESIAN_POINT('',(0.801211306488,4.818436238992E-06));
#1664 = CARTESIAN_POINT('',(0.806873199537,2.093028163426E-06));
#1665 = CARTESIAN_POINT('',(0.812503779873,-4.198030504276E-07));
#1666 = CARTESIAN_POINT('',(0.818111681788,-4.168917615759E-07));
#1667 = CARTESIAN_POINT('',(0.823754916182,1.409291428351E-06));
#1668 = CARTESIAN_POINT('',(0.829415526781,4.072585112711E-06));
#1669 = CARTESIAN_POINT('',(0.835095632284,6.842304431813E-06));
#1670 = CARTESIAN_POINT('',(0.840791596193,9.095739178516E-06));
#1671 = CARTESIAN_POINT('',(0.846501476649,1.034942602259E-05));
#1672 = CARTESIAN_POINT('',(0.852221156742,1.026707767475E-05));
#1673 = CARTESIAN_POINT('',(0.857952411165,8.580034309815E-06));
#1674 = CARTESIAN_POINT('',(0.863674496357,5.380442630831E-06));
#1675 = CARTESIAN_POINT('',(0.869359396546,1.982097984841E-06));
#1676 = CARTESIAN_POINT('',(0.875005218057,-2.141957287376E-08));
#1677 = CARTESIAN_POINT('',(0.880619406733,-1.141141887434E-06));
#1678 = CARTESIAN_POINT('',(0.88622495947,-1.818060835184E-06));
#1679 = CARTESIAN_POINT('',(0.89182824437,-1.586614771428E-06));
#1680 = CARTESIAN_POINT('',(0.897441078959,-1.835480078702E-06));
#1681 = CARTESIAN_POINT('',(0.903072853569,-1.071464913364E-06));
#1682 = CARTESIAN_POINT('',(0.908734496147,-3.0563499763E-08));
#1683 = CARTESIAN_POINT('',(0.914436443881,7.3583521349E-07));
#1684 = CARTESIAN_POINT('',(0.920137223201,1.164335296593E-06));
#1685 = CARTESIAN_POINT('',(0.925920805195,1.937033346538E-06));
#1686 = CARTESIAN_POINT('',(0.93187058962,1.973118375899E-06));
#1687 = CARTESIAN_POINT('',(0.937533954044,1.273033492446E-07));
#1688 = CARTESIAN_POINT('',(0.942992429019,-2.848228504238E-07));
#1689 = CARTESIAN_POINT('',(0.948576188335,2.573252312859E-07));
#1690 = CARTESIAN_POINT('',(0.954265170103,9.433942733629E-07));
#1691 = CARTESIAN_POINT('',(0.959868722372,1.169810578359E-06));
#1692 = CARTESIAN_POINT('',(0.966227487577,7.809483674809E-07));
#1693 = CARTESIAN_POINT('',(0.971253081855,-6.061095441365E-07));
#1694 = CARTESIAN_POINT('',(0.976542444512,6.290299473341E-07));
#1695 = CARTESIAN_POINT('',(0.983259286895,2.054618303796E-07));
#1696 = CARTESIAN_POINT('',(0.987466526642,2.979156939641E-07));
#1697 = CARTESIAN_POINT('',(0.994582046389,-1.910450907236E-07));
#1698 = CARTESIAN_POINT('',(0.99849125532,-1.732159004717E-07));
#1699 = CARTESIAN_POINT('',(1.,0.));
#1700 = ( GEOMETRIC_REPRESENTATION_CONTEXT(2) 
PARAMETRIC_REPRESENTATION_CONTEXT() REPRESENTATION_CONTEXT('2D SPACE',''
  ) );
#1701 = PCURVE('',#1209,#1702);
#1702 = DEFINITIONAL_REPRESENTATION('',(#1703),#1795);
#1703 = B_SPLINE_CURVE_WITH_KNOTS('',3,(#1704,#1705,#1706,#1707,#1708,
    #1709,#1710,#1711,#1712,#1713,#1714,#1715,#1716,#1717,#1718,#1719,
    #1720,#1721,#1722,#1723,#1724,#1725,#1726,#1727,#1728,#1729,#1730,
    #1731,#1732,#1733,#1734,#1735,#1736,#1737,#1738,#1739,#1740,#1741,
    #1742,#1743,#1744,#1745,#1746,#1747,#1748,#1749,#1750,#1751,#1752,
    #1753,#1754,#1755,#1756,#1757,#1758,#1759,#1760,#1761,#1762,#1763,
    #1764,#1765,#1766,#1767,#1768,#1769,#1770,#1771,#1772,#1773,#1774,
    #1775,#1776,#1777,#1778,#1779,#1780,#1781,#1782,#1783,#1784,#1785,
    #1786,#1787,#1788,#1789,#1790,#1791,#1792,#1793,#1794),
  .UNSPECIFIED.,.F.,.F.,(4,1,1,1,1,1,1,1,1,1,1,1,1,1,1,1,1,1,1,1,1,1,1,1
    ,1,1,1,1,1,1,1,1,1,1,1,1,1,1,1,1,1,1,1,1,1,1,1,1,1,1,1,1,1,1,1,1,1,1
    ,1,1,1,1,1,1,1,1,1,1,1,1,1,1,1,1,1,1,1,1,1,1,1,1,1,1,1,1,1,1,4),(0.5
    ,0.505681818182,0.511363636364,0.517045454545,0.522727272727,
    0.528409090909,0.534090909091,0.539772727273,0.545454545455,
    0.551136363636,0.556818181818,0.5625,0.568181818182,0.573863636364,
    0.579545454545,0.585227272727,0.590909090909,0.596590909091,
    0.602272727273,0.607954545455,0.613636363636,0.619318181818,0.625,
    0.630681818182,0.636363636364,0.642045454545,0.647727272727,
    0.653409090909,0.659090909091,0.664772727273,0.670454545455,
    0.676136363636,0.681818181818,0.6875,0.693181818182,0.698863636364,
    0.704545454545,0.710227272727,0.715909090909,0.721590909091,
    0.727272727273,0.732954545455,0.738636363636,0.744318181818,0.75,
    0.755681818182,0.761363636364,0.767045454545,0.772727272727,
    0.778409090909,0.784090909091,0.789772727273,0.795454545455,
    0.801136363636,0.806818181818,0.8125,0.818181818182,0.823863636364,
    0.829545454545,0.835227272727,0.840909090909,0.846590909091,
    0.852272727273,0.857954545455,0.863636363636,0.869318181818,0.875,
    0.880681818182,0.886363636364,0.892045454545,0.897727272727,
    0.903409090909,0.909090909091,0.914772727273,0.920454545455,
    0.926136363636,0.931818181818,0.9375,0.943181818182,0.948863636364,
    0.954545454545,0.960227272727,0.965909090909,0.971590909091,
    0.977272727273,0.982954545455,0.988636363636,0.994318181818,1.),
  .QUASI_UNIFORM_KNOTS.);
#1704 = CARTESIAN_POINT('',(0.50080081417,0.949927615571));
#1705 = CARTESIAN_POINT('',(0.500801250599,0.949927045375));
#1706 = CARTESIAN_POINT('',(0.50080219206,0.949931079521));
#1707 = CARTESIAN_POINT('',(0.500803745989,0.949951143811));
#1708 = CARTESIAN_POINT('',(0.500805378217,0.949983734732));
#1709 = CARTESIAN_POINT('',(0.500807023107,0.950027281519));
#1710 = CARTESIAN_POINT('',(0.500808623768,0.950080526603));
#1711 = CARTESIAN_POINT('',(0.500810091148,0.950141043961));
#1712 = CARTESIAN_POINT('',(0.500811594547,0.950216511321));
#1713 = CARTESIAN_POINT('',(0.500813106175,0.95030500322));
#1714 = CARTESIAN_POINT('',(0.50081461731,0.95040563064));
#1715 = CARTESIAN_POINT('',(0.500816115035,0.950517321922));
#1716 = CARTESIAN_POINT('',(0.500817584261,0.950638699526));
#1717 = CARTESIAN_POINT('',(0.500819022906,0.950769792074));
#1718 = CARTESIAN_POINT('',(0.500820441052,0.95091178193));
#1719 = CARTESIAN_POINT('',(0.500821835388,0.951064423382));
#1720 = CARTESIAN_POINT('',(0.500823206189,0.951227853285));
#1721 = CARTESIAN_POINT('',(0.500824552774,0.951402106308));
#1722 = CARTESIAN_POINT('',(0.500825874712,0.951587243304));
#1723 = CARTESIAN_POINT('',(0.500827171527,0.95178332256));
#1724 = CARTESIAN_POINT('',(0.500828442672,0.951990386459));
#1725 = CARTESIAN_POINT('',(0.500829687926,0.952208543559));
#1726 = CARTESIAN_POINT('',(0.500830905841,0.952437653619));
#1727 = CARTESIAN_POINT('',(0.500832099552,0.95267850542));
#1728 = CARTESIAN_POINT('',(0.500833255091,0.952928420461));
#1729 = CARTESIAN_POINT('',(0.500834359322,0.953184834802));
#1730 = CARTESIAN_POINT('',(0.500835416207,0.953448651829));
#1731 = CARTESIAN_POINT('',(0.500836425124,0.95371984575));
#1732 = CARTESIAN_POINT('',(0.500837386677,0.95399864016));
#1733 = CARTESIAN_POINT('',(0.500838301133,0.954285190278));
#1734 = CARTESIAN_POINT('',(0.500839168866,0.954579675442));
#1735 = CARTESIAN_POINT('',(0.500839990158,0.954882246898));
#1736 = CARTESIAN_POINT('',(0.500840765527,0.95519314413));
#1737 = CARTESIAN_POINT('',(0.500841494632,0.955512281764));
#1738 = CARTESIAN_POINT('',(0.500842180327,0.955840785628));
#1739 = CARTESIAN_POINT('',(0.500842813523,0.956175261594));
#1740 = CARTESIAN_POINT('',(0.500843384807,0.956512143452));
#1741 = CARTESIAN_POINT('',(0.500843896707,0.956852390743));
#1742 = CARTESIAN_POINT('',(0.500844348546,0.957195731514));
#1743 = CARTESIAN_POINT('',(0.500844740506,0.957542294032));
#1744 = CARTESIAN_POINT('',(0.500845072528,0.957891837188));
#1745 = CARTESIAN_POINT('',(0.500845344653,0.958247694818));
#1746 = CARTESIAN_POINT('',(0.500845556846,0.958607262897));
#1747 = CARTESIAN_POINT('',(0.500845709173,0.958968632083));
#1748 = CARTESIAN_POINT('',(0.500845801334,0.959330054952));
#1749 = CARTESIAN_POINT('',(0.500845834384,0.959688441725));
#1750 = CARTESIAN_POINT('',(0.500845804301,0.960045910128));
#1751 = CARTESIAN_POINT('',(0.500845708506,0.960405588828));
#1752 = CARTESIAN_POINT('',(0.500845549489,0.960765382569));
#1753 = CARTESIAN_POINT('',(0.500845328376,0.961124595932));
#1754 = CARTESIAN_POINT('',(0.500845046657,0.961482158066));
#1755 = CARTESIAN_POINT('',(0.50084470572,0.961837100017));
#1756 = CARTESIAN_POINT('',(0.500844306984,0.962188420672));
#1757 = CARTESIAN_POINT('',(0.500843851822,0.962535145659));
#1758 = CARTESIAN_POINT('',(0.500843341757,0.962876225796));
#1759 = CARTESIAN_POINT('',(0.50084277774,0.963210884402));
#1760 = CARTESIAN_POINT('',(0.500842162859,0.963537329607));
#1761 = CARTESIAN_POINT('',(0.500841492211,0.963857557793));
#1762 = CARTESIAN_POINT('',(0.500840762195,0.964173878272));
#1763 = CARTESIAN_POINT('',(0.500839977195,0.964484812131));
#1764 = CARTESIAN_POINT('',(0.500839139457,0.964789895539));
#1765 = CARTESIAN_POINT('',(0.500838251798,0.965088392565));
#1766 = CARTESIAN_POINT('',(0.500837316884,0.965379640599));
#1767 = CARTESIAN_POINT('',(0.500836337423,0.965662955846));
#1768 = CARTESIAN_POINT('',(0.500835316107,0.965937665927));
#1769 = CARTESIAN_POINT('',(0.500834255656,0.966203073988));
#1770 = CARTESIAN_POINT('',(0.500833158705,0.966458569652));
#1771 = CARTESIAN_POINT('',(0.500832028214,0.966703221119));
#1772 = CARTESIAN_POINT('',(0.500830865932,0.966937295799));
#1773 = CARTESIAN_POINT('',(0.500829670907,0.967161739268));
#1774 = CARTESIAN_POINT('',(0.500828443388,0.967376298681));
#1775 = CARTESIAN_POINT('',(0.500827183333,0.967581039838));
#1776 = CARTESIAN_POINT('',(0.500825890668,0.967775952388));
#1777 = CARTESIAN_POINT('',(0.500824565722,0.967961011932));
#1778 = CARTESIAN_POINT('',(0.500823207247,0.968136326421));
#1779 = CARTESIAN_POINT('',(0.500821819907,0.968301488446));
#1780 = CARTESIAN_POINT('',(0.500820386297,0.968458019694));
#1781 = CARTESIAN_POINT('',(0.500818886885,0.968607605485));
#1782 = CARTESIAN_POINT('',(0.500817440584,0.968739937116));
#1783 = CARTESIAN_POINT('',(0.50081602808,0.968856513328));
#1784 = CARTESIAN_POINT('',(0.500814567109,0.968964552189));
#1785 = CARTESIAN_POINT('',(0.500813064506,0.969062772476));
#1786 = CARTESIAN_POINT('',(0.500811575198,0.969149081019));
#1787 = CARTESIAN_POINT('',(0.500809872638,0.969233131722));
#1788 = CARTESIAN_POINT('',(0.500808507002,0.969291248452));
#1789 = CARTESIAN_POINT('',(0.50080706262,0.969340668747));
#1790 = CARTESIAN_POINT('',(0.500805218199,0.969389347948));
#1791 = CARTESIAN_POINT('',(0.50080405884,0.969411428665));
#1792 = CARTESIAN_POINT('',(0.500802095169,0.969437478108));
#1793 = CARTESIAN_POINT('',(0.500801015473,0.969441629298));
#1794 = CARTESIAN_POINT('',(0.500800598775,0.96943902439));
#1795 = ( GEOMETRIC_REPRESENTATION_CONTEXT(2) 
PARAMETRIC_REPRESENTATION_CONTEXT() REPRESENTATION_CONTEXT('2D SPACE',''
  ) );
#1796 = ADVANCED_FACE('',(#1797),#1811,.F.);
#1797 = FACE_BOUND('',#1798,.F.);
#1798 = EDGE_LOOP('',(#1799,#1948,#2124,#2145));
#1799 = ORIENTED_EDGE('',*,*,#1800,.T.);
#1800 = EDGE_CURVE('',#1801,#1803,#1805,.T.);
#1801 = VERTEX_POINT('',#1802);
#1802 = CARTESIAN_POINT('',(28.8705,7.595164061972,-8.022048358308));
#1803 = VERTEX_POINT('',#1804);
#1804 = CARTESIAN_POINT('',(28.870500000132,7.595130649044,
    -14.02184264405));
#1805 = SURFACE_CURVE('',#1806,(#1810,#1879),.PCURVE_S1.);
#1806 = LINE('',#1807,#1808);
#1807 = CARTESIAN_POINT('',(28.8705,7.595164061972,-8.022048358309));
#1808 = VECTOR('',#1809,1.);
#1809 = DIRECTION('',(0.,0.,-1.));
#1810 = PCURVE('',#1811,#1874);
#1811 = B_SPLINE_SURFACE_WITH_KNOTS('',3,1,(
    (#1812,#1813)
    ,(#1814,#1815)
    ,(#1816,#1817)
    ,(#1818,#1819)
    ,(#1820,#1821)
    ,(#1822,#1823)
    ,(#1824,#1825)
    ,(#1826,#1827)
    ,(#1828,#1829)
    ,(#1830,#1831)
    ,(#1832,#1833)
    ,(#1834,#1835)
    ,(#1836,#1837)
    ,(#1838,#1839)
    ,(#1840,#1841)
    ,(#1842,#1843)
    ,(#1844,#1845)
    ,(#1846,#1847)
    ,(#1848,#1849)
    ,(#1850,#1851)
    ,(#1852,#1853)
    ,(#1854,#1855)
    ,(#1856,#1857)
    ,(#1858,#1859)
    ,(#1860,#1861)
    ,(#1862,#1863)
    ,(#1864,#1865)
    ,(#1866,#1867)
    ,(#1868,#1869)
    ,(#1870,#1871)
    ,(#1872,#1873
    )),.UNSPECIFIED.,.F.,.F.,.F.,(4,3,3,3,3,3,3,3,3,3,4),(2,2),(
    0.499999999778,0.536781012813,0.591549777369,0.64622324633,
    0.700252386793,0.753381797961,0.805879983301,0.858389447142,
    0.911528028575,0.965540698693,1.),(0.,1.),.UNSPECIFIED.);
#1812 = CARTESIAN_POINT('',(27.670546468661,7.5965056323,-8.021827838154
    ));
#1813 = CARTESIAN_POINT('',(27.670546468661,7.5965056323,-14.02182783828
    ));
#1814 = CARTESIAN_POINT('',(27.670682027912,7.642481342716,
    -8.014355039304));
#1815 = CARTESIAN_POINT('',(27.670682027912,7.642481342716,
    -14.01435503943));
#1816 = CARTESIAN_POINT('',(27.676057916913,7.688575064662,
    -8.006717532189));
#1817 = CARTESIAN_POINT('',(27.676057916913,7.688575064662,
    -14.00671753232));
#1818 = CARTESIAN_POINT('',(27.686555457987,7.733036364677,
    -7.999209401197));
#1819 = CARTESIAN_POINT('',(27.686555457987,7.733036364677,
    -13.99920940133));
#1820 = CARTESIAN_POINT('',(27.702183148183,7.799225905398,
    -7.988032046018));
#1821 = CARTESIAN_POINT('',(27.702183148183,7.799225905398,
    -13.98803204615));
#1822 = CARTESIAN_POINT('',(27.729600110033,7.863630315343,
    -7.976835047909));
#1823 = CARTESIAN_POINT('',(27.729600110033,7.863630315343,
    -13.97683504804));
#1824 = CARTESIAN_POINT('',(27.76660545897,7.920879108477,
    -7.966666807881));
#1825 = CARTESIAN_POINT('',(27.76660545897,7.920879108477,
    -13.96666680801));
#1826 = CARTESIAN_POINT('',(27.803539646828,7.978017812504,
    -7.956518121321));
#1827 = CARTESIAN_POINT('',(27.803539646828,7.978017812504,
    -13.95651812145));
#1828 = CARTESIAN_POINT('',(27.851075934524,8.029625136606,
    -7.947117254056));
#1829 = CARTESIAN_POINT('',(27.851075934524,8.029625136606,
    -13.94711725419));
#1830 = CARTESIAN_POINT('',(27.905315183974,8.07123133678,
    -7.939436792114));
#1831 = CARTESIAN_POINT('',(27.905315183974,8.07123133678,
    -13.93943679224));
#1832 = CARTESIAN_POINT('',(27.958916209669,8.112347964078,
    -7.931846704824));
#1833 = CARTESIAN_POINT('',(27.958916209669,8.112347964078,
    -13.93184670495));
#1834 = CARTESIAN_POINT('',(28.02058694036,8.144844895521,
    -7.925732306471));
#1835 = CARTESIAN_POINT('',(28.02058694036,8.144844895521,-13.9257323066
    ));
#1836 = CARTESIAN_POINT('',(28.085131196664,8.165811419581,
    -7.921769950113));
#1837 = CARTESIAN_POINT('',(28.085131196664,8.165811419581,
    -13.92176995024));
#1838 = CARTESIAN_POINT('',(28.148617391637,8.186434243526,
    -7.917872547885));
#1839 = CARTESIAN_POINT('',(28.148617391637,8.186434243526,
    -13.91787254802));
#1840 = CARTESIAN_POINT('',(28.216662689966,8.196473013703,
    -7.915953639803));
#1841 = CARTESIAN_POINT('',(28.216662689966,8.196473013703,
    -13.91595363993));
#1842 = CARTESIAN_POINT('',(28.283511838934,8.195022955416,
    -7.916229641504));
#1843 = CARTESIAN_POINT('',(28.283511838934,8.195022955416,
    -13.91622964163));
#1844 = CARTESIAN_POINT('',(28.349590353006,8.193589613356,
    -7.916502461465));
#1845 = CARTESIAN_POINT('',(28.349590353006,8.193589613356,
    -13.9165024616));
#1846 = CARTESIAN_POINT('',(28.416319335443,8.180900073069,
    -7.918925225306));
#1847 = CARTESIAN_POINT('',(28.416319335443,8.180900073069,
    -13.91892522544));
#1848 = CARTESIAN_POINT('',(28.478195929554,8.158069383354,
    -7.923231689112));
#1849 = CARTESIAN_POINT('',(28.478195929554,8.158069383354,
    -13.92323168924));
#1850 = CARTESIAN_POINT('',(28.540099651234,8.135228684344,
    -7.927540040932));
#1851 = CARTESIAN_POINT('',(28.540099651234,8.135228684344,
    -13.92754004106));
#1852 = CARTESIAN_POINT('',(28.598832120729,8.101634149706,
    -7.933843004079));
#1853 = CARTESIAN_POINT('',(28.598832120729,8.101634149706,
    -13.93384300421));
#1854 = CARTESIAN_POINT('',(28.64972979098,8.060120797198,
    -7.941484922108));
#1855 = CARTESIAN_POINT('',(28.64972979098,8.060120797198,
    -13.94148492224));
#1856 = CARTESIAN_POINT('',(28.701235842241,8.018111234643,
    -7.949218184157));
#1857 = CARTESIAN_POINT('',(28.701235842241,8.018111234643,
    -13.94921818429));
#1858 = CARTESIAN_POINT('',(28.746118802064,7.966869358275,
    -7.958522738254));
#1859 = CARTESIAN_POINT('',(28.746118802064,7.966869358275,
    -13.95852273839));
#1860 = CARTESIAN_POINT('',(28.780902677973,7.910582999762,
    -7.968493085623));
#1861 = CARTESIAN_POINT('',(28.780902677973,7.910582999762,
    -13.96849308575));
#1862 = CARTESIAN_POINT('',(28.816250331978,7.853384350276,
    -7.978625032677));
#1863 = CARTESIAN_POINT('',(28.816250331978,7.853384350276,
    -13.97862503281));
#1864 = CARTESIAN_POINT('',(28.84213357249,7.789424206199,
    -7.989713244334));
#1865 = CARTESIAN_POINT('',(28.84213357249,7.789424206199,
    -13.98971324446));
#1866 = CARTESIAN_POINT('',(28.856528685199,7.723890050506,
    -8.00075197911));
#1867 = CARTESIAN_POINT('',(28.856528685199,7.723890050506,
    -14.00075197924));
#1868 = CARTESIAN_POINT('',(28.865788445823,7.681734729695,
    -8.007852725292));
#1869 = CARTESIAN_POINT('',(28.865788445823,7.681734729695,
    -14.00785272542));
#1870 = CARTESIAN_POINT('',(28.8705,7.638338725838,-8.015035282108));
#1871 = CARTESIAN_POINT('',(28.8705,7.638338725838,-14.01503528224));
#1872 = CARTESIAN_POINT('',(28.8705,7.595164061972,-8.022048358174));
#1873 = CARTESIAN_POINT('',(28.8705,7.595164061972,-14.0220483583));
#1874 = DEFINITIONAL_REPRESENTATION('',(#1875),#1878);
#1875 = B_SPLINE_CURVE_WITH_KNOTS('',1,(#1876,#1877),.UNSPECIFIED.,.F.,
  .F.,(2,2),(-2.771116669464E-13,5.999794285744),
  .PIECEWISE_BEZIER_KNOTS.);
#1876 = CARTESIAN_POINT('',(1.,2.248816442866E-11));
#1877 = CARTESIAN_POINT('',(1.,0.999965714291));
#1878 = ( GEOMETRIC_REPRESENTATION_CONTEXT(2) 
PARAMETRIC_REPRESENTATION_CONTEXT() REPRESENTATION_CONTEXT('2D SPACE',''
  ) );
#1879 = PCURVE('',#1880,#1943);
#1880 = B_SPLINE_SURFACE_WITH_KNOTS('',3,1,(
    (#1881,#1882)
    ,(#1883,#1884)
    ,(#1885,#1886)
    ,(#1887,#1888)
    ,(#1889,#1890)
    ,(#1891,#1892)
    ,(#1893,#1894)
    ,(#1895,#1896)
    ,(#1897,#1898)
    ,(#1899,#1900)
    ,(#1901,#1902)
    ,(#1903,#1904)
    ,(#1905,#1906)
    ,(#1907,#1908)
    ,(#1909,#1910)
    ,(#1911,#1912)
    ,(#1913,#1914)
    ,(#1915,#1916)
    ,(#1917,#1918)
    ,(#1919,#1920)
    ,(#1921,#1922)
    ,(#1923,#1924)
    ,(#1925,#1926)
    ,(#1927,#1928)
    ,(#1929,#1930)
    ,(#1931,#1932)
    ,(#1933,#1934)
    ,(#1935,#1936)
    ,(#1937,#1938)
    ,(#1939,#1940)
    ,(#1941,#1942
    )),.UNSPECIFIED.,.F.,.F.,.F.,(4,3,3,3,3,3,3,3,3,3,4),(2,2),(0.,
    5.442374373406E-02,0.108873847527,0.162921314819,0.216391820908,
    0.269446218396,0.322325940717,0.375287619426,0.428577398331,
    0.482390498518,0.5),(0.,1.),.UNSPECIFIED.);
#1881 = CARTESIAN_POINT('',(28.8705,7.595164061972,-8.022048358174));
#1882 = CARTESIAN_POINT('',(28.8705,7.595164061972,-14.0220483583));
#1883 = CARTESIAN_POINT('',(28.8705,7.527553265444,-8.033030717187));
#1884 = CARTESIAN_POINT('',(28.8705,7.527553265444,-14.03303071732));
#1885 = CARTESIAN_POINT('',(28.858753999801,7.458953380356,
    -8.043835786409));
#1886 = CARTESIAN_POINT('',(28.858753999801,7.458953380356,
    -14.04383578654));
#1887 = CARTESIAN_POINT('',(28.836141854938,7.395040870056,
    -8.053619136979));
#1888 = CARTESIAN_POINT('',(28.836141854938,7.395040870056,
    -14.05361913711));
#1889 = CARTESIAN_POINT('',(28.813523374771,7.331110453219,
    -8.063405228575));
#1890 = CARTESIAN_POINT('',(28.813523374771,7.331110453219,
    -14.06340522871));
#1891 = CARTESIAN_POINT('',(28.779390093978,7.270099831554,
    -8.072444204222));
#1892 = CARTESIAN_POINT('',(28.779390093978,7.270099831554,
    -14.07244420435));
#1893 = CARTESIAN_POINT('',(28.736501271875,7.217218543922,
    -8.080097947609));
#1894 = CARTESIAN_POINT('',(28.736501271875,7.217218543922,
    -14.08009794774));
#1895 = CARTESIAN_POINT('',(28.693929202937,7.16472780829,
    -8.087695164673));
#1896 = CARTESIAN_POINT('',(28.693929202937,7.16472780829,-14.0876951648
    ));
#1897 = CARTESIAN_POINT('',(28.641532721036,7.118785988301,
    -8.094146423346));
#1898 = CARTESIAN_POINT('',(28.641532721036,7.118785988301,
    -14.09414642348));
#1899 = CARTESIAN_POINT('',(28.583672777413,7.083380111963,
    -8.099048150861));
#1900 = CARTESIAN_POINT('',(28.583672777413,7.083380111963,
    -14.09904815099));
#1901 = CARTESIAN_POINT('',(28.5264211643,7.048346487541,-8.10389834237)
  );
#1902 = CARTESIAN_POINT('',(28.5264211643,7.048346487541,-14.1038983425)
  );
#1903 = CARTESIAN_POINT('',(28.462223045299,7.022654437266,
    -8.107373178897));
#1904 = CARTESIAN_POINT('',(28.462223045299,7.022654437266,
    -14.10737317903));
#1905 = CARTESIAN_POINT('',(28.39645382475,7.008533314374,
    -8.109278413391));
#1906 = CARTESIAN_POINT('',(28.39645382475,7.008533314374,
    -14.10927841352));
#1907 = CARTESIAN_POINT('',(28.33118566344,6.994519772491,
    -8.111169132959));
#1908 = CARTESIAN_POINT('',(28.33118566344,6.994519772491,
    -14.11116913309));
#1909 = CARTESIAN_POINT('',(28.262562530519,6.991512134113,
    -8.111569709414));
#1910 = CARTESIAN_POINT('',(28.262562530519,6.991512134113,
    -14.11156970954));
#1911 = CARTESIAN_POINT('',(28.196301917882,6.999769533437,
    -8.110459021962));
#1912 = CARTESIAN_POINT('',(28.196301917882,6.999769533437,
    -14.11045902209));
#1913 = CARTESIAN_POINT('',(28.130251100058,7.008000788126,
    -8.109351851176));
#1914 = CARTESIAN_POINT('',(28.130251100058,7.008000788126,
    -14.10935185131));
#1915 = CARTESIAN_POINT('',(28.064730526622,7.027648110971,
    -8.106711151756));
#1916 = CARTESIAN_POINT('',(28.064730526622,7.027648110971,
    -14.10671115189));
#1917 = CARTESIAN_POINT('',(28.005134092542,7.057036813859,
    -8.102678893866));
#1918 = CARTESIAN_POINT('',(28.005134092542,7.057036813859,-14.102678894
    ));
#1919 = CARTESIAN_POINT('',(27.945440803692,7.086473278599,
    -8.098640082843));
#1920 = CARTESIAN_POINT('',(27.945440803692,7.086473278599,
    -14.09864008297));
#1921 = CARTESIAN_POINT('',(27.890057154359,7.126480844311,
    -8.09308981242));
#1922 = CARTESIAN_POINT('',(27.890057154359,7.126480844311,
    -14.09308981255));
#1923 = CARTESIAN_POINT('',(27.843458301089,7.173695928668,
    -8.086352686343));
#1924 = CARTESIAN_POINT('',(27.843458301089,7.173695928668,
    -14.08635268647));
#1925 = CARTESIAN_POINT('',(27.796570245273,7.221204040035,
    -8.079573748206));
#1926 = CARTESIAN_POINT('',(27.796570245273,7.221204040035,
    -14.07957374834));
#1927 = CARTESIAN_POINT('',(27.757295435612,7.277294505274,
    -8.071402666673));
#1928 = CARTESIAN_POINT('',(27.757295435612,7.277294505274,
    -14.0714026668));
#1929 = CARTESIAN_POINT('',(27.728725690908,7.3373257444,-8.062375793309
    ));
#1930 = CARTESIAN_POINT('',(27.728725690908,7.3373257444,-14.06237579344
    ));
#1931 = CARTESIAN_POINT('',(27.699877533116,7.397941989898,
    -8.053260952771));
#1932 = CARTESIAN_POINT('',(27.699877533116,7.397941989898,
    -14.0532609529));
#1933 = CARTESIAN_POINT('',(27.68115237006,7.464219353759,
    -8.043021140149));
#1934 = CARTESIAN_POINT('',(27.68115237006,7.464219353759,
    -14.04302114028));
#1935 = CARTESIAN_POINT('',(27.673968306279,7.530744046556,
    -8.032415470902));
#1936 = CARTESIAN_POINT('',(27.673968306279,7.530744046556,
    -14.03241547103));
#1937 = CARTESIAN_POINT('',(27.671617838719,7.552509461936,
    -8.028945529339));
#1938 = CARTESIAN_POINT('',(27.671617838719,7.552509461936,
    -14.02894552947));
#1939 = CARTESIAN_POINT('',(27.670481567462,7.574494022413,
    -8.025405560642));
#1940 = CARTESIAN_POINT('',(27.670481567462,7.574494022413,
    -14.02540556077));
#1941 = CARTESIAN_POINT('',(27.670546468663,7.596505633132,
    -8.021827838019));
#1942 = CARTESIAN_POINT('',(27.670546468663,7.596505633132,
    -14.02182783815));
#1943 = DEFINITIONAL_REPRESENTATION('',(#1944),#1947);
#1944 = B_SPLINE_CURVE_WITH_KNOTS('',1,(#1945,#1946),.UNSPECIFIED.,.F.,
  .F.,(2,2),(-2.771116669464E-13,5.999794285744),
  .PIECEWISE_BEZIER_KNOTS.);
#1945 = CARTESIAN_POINT('',(2.642318679394E-17,2.248815139893E-11));
#1946 = CARTESIAN_POINT('',(1.337609416362E-16,0.999965714291));
#1947 = ( GEOMETRIC_REPRESENTATION_CONTEXT(2) 
PARAMETRIC_REPRESENTATION_CONTEXT() REPRESENTATION_CONTEXT('2D SPACE',''
  ) );
#1948 = ORIENTED_EDGE('',*,*,#1949,.F.);
#1949 = EDGE_CURVE('',#1950,#1803,#1952,.T.);
#1950 = VERTEX_POINT('',#1951);
#1951 = CARTESIAN_POINT('',(27.670546354465,7.596441016828,
    -14.02143009566));
#1952 = SURFACE_CURVE('',#1953,(#1985,#2036),.PCURVE_S1.);
#1953 = B_SPLINE_CURVE_WITH_KNOTS('',3,(#1954,#1955,#1956,#1957,#1958,
    #1959,#1960,#1961,#1962,#1963,#1964,#1965,#1966,#1967,#1968,#1969,
    #1970,#1971,#1972,#1973,#1974,#1975,#1976,#1977,#1978,#1979,#1980,
    #1981,#1982,#1983,#1984),.UNSPECIFIED.,.F.,.F.,(4,3,3,3,3,3,3,3,3,3,
    4),(0.5,0.536781012812,0.591549777368,0.646223246329,0.700252386792,
    0.75338179796,0.805879983301,0.858389447142,0.911528028574,
    0.965540698693,1.),.UNSPECIFIED.);
#1954 = CARTESIAN_POINT('',(27.670546354465,7.596441016828,
    -14.02143009566));
#1955 = CARTESIAN_POINT('',(27.670682027977,7.642481343275,
    -14.01435503934));
#1956 = CARTESIAN_POINT('',(27.676057916977,7.688575064932,
    -14.00671753227));
#1957 = CARTESIAN_POINT('',(27.686555457987,7.733036364677,
    -13.99920940133));
#1958 = CARTESIAN_POINT('',(27.702183148183,7.799225905398,
    -13.98803204615));
#1959 = CARTESIAN_POINT('',(27.729600110033,7.863630315343,
    -13.97683504804));
#1960 = CARTESIAN_POINT('',(27.76660545897,7.920879108477,
    -13.96666680801));
#1961 = CARTESIAN_POINT('',(27.803539646828,7.978017812504,
    -13.95651812145));
#1962 = CARTESIAN_POINT('',(27.851075934524,8.029625136606,
    -13.94711725419));
#1963 = CARTESIAN_POINT('',(27.905315183974,8.07123133678,
    -13.93943679224));
#1964 = CARTESIAN_POINT('',(27.958916209669,8.112347964078,
    -13.93184670495));
#1965 = CARTESIAN_POINT('',(28.02058694036,8.144844895521,-13.9257323066
    ));
#1966 = CARTESIAN_POINT('',(28.085131196664,8.165811419581,
    -13.92176995024));
#1967 = CARTESIAN_POINT('',(28.148617391637,8.186434243526,
    -13.91787254802));
#1968 = CARTESIAN_POINT('',(28.216662689966,8.196473013703,
    -13.91595363993));
#1969 = CARTESIAN_POINT('',(28.283511838934,8.195022955416,
    -13.91622964163));
#1970 = CARTESIAN_POINT('',(28.349590353006,8.193589613356,
    -13.9165024616));
#1971 = CARTESIAN_POINT('',(28.416319335443,8.180900073069,
    -13.91892522544));
#1972 = CARTESIAN_POINT('',(28.478195929554,8.158069383354,
    -13.92323168924));
#1973 = CARTESIAN_POINT('',(28.540099651234,8.135228684344,
    -13.92754004106));
#1974 = CARTESIAN_POINT('',(28.598832120729,8.101634149706,
    -13.93384300421));
#1975 = CARTESIAN_POINT('',(28.64972979098,8.060120797198,
    -13.94148492224));
#1976 = CARTESIAN_POINT('',(28.701235842241,8.018111234643,
    -13.94921818429));
#1977 = CARTESIAN_POINT('',(28.746118802064,7.966869358275,
    -13.95852273839));
#1978 = CARTESIAN_POINT('',(28.780902677973,7.910582999762,
    -13.96849308575));
#1979 = CARTESIAN_POINT('',(28.816250331978,7.853384350276,
    -13.97862503281));
#1980 = CARTESIAN_POINT('',(28.84213357249,7.789424206199,
    -13.98971324446));
#1981 = CARTESIAN_POINT('',(28.856528685199,7.723890050506,
    -14.00075197924));
#1982 = CARTESIAN_POINT('',(28.865788445823,7.681734729695,
    -14.00785272542));
#1983 = CARTESIAN_POINT('',(28.8705,7.638338725838,-14.01503528224));
#1984 = CARTESIAN_POINT('',(28.870500000132,7.595130649044,
    -14.02184264405));
#1985 = PCURVE('',#1811,#1986);
#1986 = DEFINITIONAL_REPRESENTATION('',(#1987),#2035);
#1987 = B_SPLINE_CURVE_WITH_KNOTS('',3,(#1988,#1989,#1990,#1991,#1992,
    #1993,#1994,#1995,#1996,#1997,#1998,#1999,#2000,#2001,#2002,#2003,
    #2004,#2005,#2006,#2007,#2008,#2009,#2010,#2011,#2012,#2013,#2014,
    #2015,#2016,#2017,#2018,#2019,#2020,#2021,#2022,#2023,#2024,#2025,
    #2026,#2027,#2028,#2029,#2030,#2031,#2032,#2033,#2034),
  .UNSPECIFIED.,.F.,.F.,(4,1,1,1,1,1,1,1,1,1,1,1,1,1,1,1,1,1,1,1,1,1,1,1
    ,1,1,1,1,1,1,1,1,1,1,1,1,1,1,1,1,1,1,1,1,4),(0.5,0.511363636364,
    0.522727272727,0.534090909091,0.545454545455,0.556818181818,
    0.568181818182,0.579545454545,0.590909090909,0.602272727273,
    0.613636363636,0.625,0.636363636364,0.647727272727,0.659090909091,
    0.670454545455,0.681818181818,0.693181818182,0.704545454545,
    0.715909090909,0.727272727273,0.738636363636,0.75,0.761363636364,
    0.772727272727,0.784090909091,0.795454545455,0.806818181818,
    0.818181818182,0.829545454545,0.840909090909,0.852272727273,
    0.863636363636,0.875,0.886363636364,0.897727272727,0.909090909091,
    0.920454545455,0.931818181818,0.943181818182,0.954545454545,
    0.965909090909,0.977272727273,0.988636363636,1.),
  .QUASI_UNIFORM_KNOTS.);
#1988 = CARTESIAN_POINT('',(0.49999832079,0.999933539003));
#1989 = CARTESIAN_POINT('',(0.503782032964,0.99995359133));
#1990 = CARTESIAN_POINT('',(0.511356299584,0.99998173232));
#1991 = CARTESIAN_POINT('',(0.522727709923,0.999998803693));
#1992 = CARTESIAN_POINT('',(0.534090781299,1.000000277765));
#1993 = CARTESIAN_POINT('',(0.545454579698,0.999999925573));
#1994 = CARTESIAN_POINT('',(0.556818172644,1.000000019943));
#1995 = CARTESIAN_POINT('',(0.568181820641,0.999999994656));
#1996 = CARTESIAN_POINT('',(0.579545453888,1.000000001432));
#1997 = CARTESIAN_POINT('',(0.590909091087,0.999999999616));
#1998 = CARTESIAN_POINT('',(0.602272727226,1.000000000103));
#1999 = CARTESIAN_POINT('',(0.61363636365,0.999999999972));
#2000 = CARTESIAN_POINT('',(0.624999999998,1.000000000007));
#2001 = CARTESIAN_POINT('',(0.636363636366,0.999999999998));
#2002 = CARTESIAN_POINT('',(0.647727272728,1.000000000001));
#2003 = CARTESIAN_POINT('',(0.659090909092,1.));
#2004 = CARTESIAN_POINT('',(0.670454545455,1.));
#2005 = CARTESIAN_POINT('',(0.681818181819,1.));
#2006 = CARTESIAN_POINT('',(0.693181818183,1.));
#2007 = CARTESIAN_POINT('',(0.704545454546,1.));
#2008 = CARTESIAN_POINT('',(0.71590909091,1.));
#2009 = CARTESIAN_POINT('',(0.727272727273,1.));
#2010 = CARTESIAN_POINT('',(0.738636363637,1.));
#2011 = CARTESIAN_POINT('',(0.750000000001,1.));
#2012 = CARTESIAN_POINT('',(0.761363636364,1.));
#2013 = CARTESIAN_POINT('',(0.772727272728,1.));
#2014 = CARTESIAN_POINT('',(0.784090909091,1.));
#2015 = CARTESIAN_POINT('',(0.795454545455,1.));
#2016 = CARTESIAN_POINT('',(0.806818181819,1.));
#2017 = CARTESIAN_POINT('',(0.818181818182,1.));
#2018 = CARTESIAN_POINT('',(0.829545454546,1.));
#2019 = CARTESIAN_POINT('',(0.840909090909,1.));
#2020 = CARTESIAN_POINT('',(0.852272727273,1.));
#2021 = CARTESIAN_POINT('',(0.863636363636,1.));
#2022 = CARTESIAN_POINT('',(0.875000000003,1.));
#2023 = CARTESIAN_POINT('',(0.886363636355,0.999999999999));
#2024 = CARTESIAN_POINT('',(0.89772727276,1.000000000004));
#2025 = CARTESIAN_POINT('',(0.909090908969,0.999999999984));
#2026 = CARTESIAN_POINT('',(0.920454545912,1.000000000061));
#2027 = CARTESIAN_POINT('',(0.931818180113,0.999999999771));
#2028 = CARTESIAN_POINT('',(0.943181824547,1.000000000854));
#2029 = CARTESIAN_POINT('',(0.954545430792,0.999999996812));
#2030 = CARTESIAN_POINT('',(0.965909179557,1.000000011896));
#2031 = CARTESIAN_POINT('',(0.977272396496,0.999999955344));
#2032 = CARTESIAN_POINT('',(0.988639677076,0.999991833439));
#2033 = CARTESIAN_POINT('',(0.996215264416,0.999976697857));
#2034 = CARTESIAN_POINT('',(1.000001678988,0.999965543439));
#2035 = ( GEOMETRIC_REPRESENTATION_CONTEXT(2) 
PARAMETRIC_REPRESENTATION_CONTEXT() REPRESENTATION_CONTEXT('2D SPACE',''
  ) );
#2036 = PCURVE('',#2037,#2074);
#2037 = B_SPLINE_SURFACE_WITH_KNOTS('',5,5,(
    (#2038,#2039,#2040,#2041,#2042,#2043)
    ,(#2044,#2045,#2046,#2047,#2048,#2049)
    ,(#2050,#2051,#2052,#2053,#2054,#2055)
    ,(#2056,#2057,#2058,#2059,#2060,#2061)
    ,(#2062,#2063,#2064,#2065,#2066,#2067)
    ,(#2068,#2069,#2070,#2071,#2072,#2073
    )),.UNSPECIFIED.,.F.,.F.,.F.,(6,6),(6,6),(-0.612118156229,
    0.611842103292),(-0.61958236424,0.620378967363),
  .PIECEWISE_BEZIER_KNOTS.);
#2038 = CARTESIAN_POINT('',(28.886941557569,6.988264641921,
    -14.11643422364));
#2039 = CARTESIAN_POINT('',(28.885154554796,7.233492268256,
    -14.07944469897));
#2040 = CARTESIAN_POINT('',(28.883367552486,7.478602727127,
    -14.04173373172));
#2041 = CARTESIAN_POINT('',(28.881580551557,7.72336430292,
    -14.00187456478));
#2042 = CARTESIAN_POINT('',(28.879793551917,7.967800032638,
    -13.96000904536));
#2043 = CARTESIAN_POINT('',(28.878006552718,8.212124523301,
    -13.91745858671));
#2044 = CARTESIAN_POINT('',(28.642155862815,6.986093651698,
    -14.11407017784));
#2045 = CARTESIAN_POINT('',(28.640368860098,7.231307146569,
    -14.07699364062));
#2046 = CARTESIAN_POINT('',(28.638581858021,7.476358845981,
    -14.03892087006));
#2047 = CARTESIAN_POINT('',(28.636794857062,7.721128066574,
    -13.99910877493));
#2048 = CARTESIAN_POINT('',(28.635007857182,7.965624405255,
    -13.95761644688));
#2049 = CARTESIAN_POINT('',(28.633220857913,8.209966731757,
    -13.91517580996));
#2050 = CARTESIAN_POINT('',(28.397370167473,6.98407138341,
    -14.11262186695));
#2051 = CARTESIAN_POINT('',(28.395583164699,7.229299222032,
    -14.0756336494));
#2052 = CARTESIAN_POINT('',(28.393796162698,7.474331856352,
    -14.03744348816));
#2053 = CARTESIAN_POINT('',(28.392009161711,7.719107999208,
    -13.99767401592));
#2054 = CARTESIAN_POINT('',(28.390222161738,7.963628063394,
    -13.95632777441));
#2055 = CARTESIAN_POINT('',(28.388435162514,8.207958862371,
    -13.91381615834));
#2056 = CARTESIAN_POINT('',(28.152584470994,6.982336501685,
    -14.11294309938));
#2057 = CARTESIAN_POINT('',(28.150797468241,7.2275589922,-14.07592195161
    ));
#2058 = CARTESIAN_POINT('',(28.149010466219,7.472596779056,
    -14.03776351639));
#2059 = CARTESIAN_POINT('',(28.147223465222,7.717375408235,
    -13.99800935335));
#2060 = CARTESIAN_POINT('',(28.145436465228,7.961900894745,
    -13.95669649905));
#2061 = CARTESIAN_POINT('',(28.14364946596,8.206242687022,
    -13.91425257271));
#2062 = CARTESIAN_POINT('',(27.907798773421,6.980877898085,
    -14.11496547647));
#2063 = CARTESIAN_POINT('',(27.90601177079,7.226069669622,-14.0777551808
    ));
#2064 = CARTESIAN_POINT('',(27.904224768784,7.471103288756,
    -14.03957108341));
#2065 = CARTESIAN_POINT('',(27.902437767772,7.715885985034,
    -13.99984196296));
#2066 = CARTESIAN_POINT('',(27.900650767755,7.960416966397,
    -13.95856294247));
#2067 = CARTESIAN_POINT('',(27.898863768362,8.204790471971,
    -13.91631428641));
#2068 = CARTESIAN_POINT('',(27.663013075344,6.979546856034,
    -14.11777329628));
#2069 = CARTESIAN_POINT('',(27.661226072723,7.224735968326,
    -14.08054662668));
#2070 = CARTESIAN_POINT('',(27.659439070615,7.469795430306,
    -14.04252165307));
#2071 = CARTESIAN_POINT('',(27.6576520696,7.714578722901,-14.00279620436
    ));
#2072 = CARTESIAN_POINT('',(27.655865069681,7.959085034572,
    -13.96136528363));
#2073 = CARTESIAN_POINT('',(27.654078070272,8.203462551486,
    -13.91914132684));
#2074 = DEFINITIONAL_REPRESENTATION('',(#2075),#2123);
#2075 = B_SPLINE_CURVE_WITH_KNOTS('',3,(#2076,#2077,#2078,#2079,#2080,
    #2081,#2082,#2083,#2084,#2085,#2086,#2087,#2088,#2089,#2090,#2091,
    #2092,#2093,#2094,#2095,#2096,#2097,#2098,#2099,#2100,#2101,#2102,
    #2103,#2104,#2105,#2106,#2107,#2108,#2109,#2110,#2111,#2112,#2113,
    #2114,#2115,#2116,#2117,#2118,#2119,#2120,#2121,#2122),
  .UNSPECIFIED.,.F.,.F.,(4,1,1,1,1,1,1,1,1,1,1,1,1,1,1,1,1,1,1,1,1,1,1,1
    ,1,1,1,1,1,1,1,1,1,1,1,1,1,1,1,1,1,1,1,1,4),(0.5,0.511363636364,
    0.522727272727,0.534090909091,0.545454545455,0.556818181818,
    0.568181818182,0.579545454545,0.590909090909,0.602272727273,
    0.613636363636,0.625,0.636363636364,0.647727272727,0.659090909091,
    0.670454545455,0.681818181818,0.693181818182,0.704545454545,
    0.715909090909,0.727272727273,0.738636363636,0.75,0.761363636364,
    0.772727272727,0.784090909091,0.795454545455,0.806818181818,
    0.818181818182,0.829545454545,0.840909090909,0.852272727273,
    0.863636363636,0.875,0.886363636364,0.897727272727,0.909090909091,
    0.920454545455,0.931818181818,0.943181818182,0.954545454545,
    0.965909090909,0.977272727273,0.988636363636,1.),
  .QUASI_UNIFORM_KNOTS.);
#2076 = CARTESIAN_POINT('',(0.599814241906,4.707637283059E-03));
#2077 = CARTESIAN_POINT('',(0.599669945916,1.909761884337E-02));
#2078 = CARTESIAN_POINT('',(0.59838019654,4.789675701823E-02));
#2079 = CARTESIAN_POINT('',(0.593463601963,9.084613476614E-02));
#2080 = CARTESIAN_POINT('',(0.585596540347,0.133212216902));
#2081 = CARTESIAN_POINT('',(0.574775508888,0.1747559273));
#2082 = CARTESIAN_POINT('',(0.560978897302,0.215687303567));
#2083 = CARTESIAN_POINT('',(0.544360763333,0.255601222418));
#2084 = CARTESIAN_POINT('',(0.525023108326,0.29424903428));
#2085 = CARTESIAN_POINT('',(0.503124447409,0.331277052538));
#2086 = CARTESIAN_POINT('',(0.478649250308,0.366595237364));
#2087 = CARTESIAN_POINT('',(0.451589904678,0.400285201258));
#2088 = CARTESIAN_POINT('',(0.422221917771,0.432011905793));
#2089 = CARTESIAN_POINT('',(0.39071803423,0.46157254369));
#2090 = CARTESIAN_POINT('',(0.357382968906,0.488645778401));
#2091 = CARTESIAN_POINT('',(0.322074595556,0.513268793035));
#2092 = CARTESIAN_POINT('',(0.28493966627,0.535394508217));
#2093 = CARTESIAN_POINT('',(0.246313905908,0.554824629801));
#2094 = CARTESIAN_POINT('',(0.206455259625,0.571413143285));
#2095 = CARTESIAN_POINT('',(0.165743784211,0.584956094652));
#2096 = CARTESIAN_POINT('',(0.123917168842,0.595508931244));
#2097 = CARTESIAN_POINT('',(8.133116910898E-02,0.60302835377));
#2098 = CARTESIAN_POINT('',(3.831444492043E-02,0.607459004194));
#2099 = CARTESIAN_POINT('',(-4.774055326493E-03,0.608753412342));
#2100 = CARTESIAN_POINT('',(-4.766944200182E-02,0.606844534809));
#2101 = CARTESIAN_POINT('',(-9.058328382419E-02,0.601754941061));
#2102 = CARTESIAN_POINT('',(-0.133057203708,0.593570628541));
#2103 = CARTESIAN_POINT('',(-0.174815625385,0.582350779921));
#2104 = CARTESIAN_POINT('',(-0.215413333561,0.568204702508));
#2105 = CARTESIAN_POINT('',(-0.254914971049,0.551062669209));
#2106 = CARTESIAN_POINT('',(-0.29324157917,0.531032371618));
#2107 = CARTESIAN_POINT('',(-0.330052096215,0.508314091258));
#2108 = CARTESIAN_POINT('',(-0.365095752671,0.483070902572));
#2109 = CARTESIAN_POINT('',(-0.398022679121,0.455522059344));
#2110 = CARTESIAN_POINT('',(-0.429038807603,0.425506803082));
#2111 = CARTESIAN_POINT('',(-0.457918286336,0.393312689463));
#2112 = CARTESIAN_POINT('',(-0.484468001667,0.359177308577));
#2113 = CARTESIAN_POINT('',(-0.508473159438,0.32337808508));
#2114 = CARTESIAN_POINT('',(-0.529772936656,0.286083031674));
#2115 = CARTESIAN_POINT('',(-0.548502971334,0.247143553853));
#2116 = CARTESIAN_POINT('',(-0.564493769106,0.206972498114));
#2117 = CARTESIAN_POINT('',(-0.577662925833,0.165772895193));
#2118 = CARTESIAN_POINT('',(-0.587843827092,0.124095174432));
#2119 = CARTESIAN_POINT('',(-0.595133921005,8.124122012849E-02));
#2120 = CARTESIAN_POINT('',(-0.5993935136,3.803877321534E-02));
#2121 = CARTESIAN_POINT('',(-0.600209980679,9.125214525475E-03));
#2122 = CARTESIAN_POINT('',(-0.600105224097,-5.298630261049E-03));
#2123 = ( GEOMETRIC_REPRESENTATION_CONTEXT(2) 
PARAMETRIC_REPRESENTATION_CONTEXT() REPRESENTATION_CONTEXT('2D SPACE',''
  ) );
#2124 = ORIENTED_EDGE('',*,*,#2125,.F.);
#2125 = EDGE_CURVE('',#2126,#1950,#2128,.T.);
#2126 = VERTEX_POINT('',#2127);
#2127 = CARTESIAN_POINT('',(27.670546468664,7.596505835455,
    -8.021829085288));
#2128 = SURFACE_CURVE('',#2129,(#2133,#2139),.PCURVE_S1.);
#2129 = LINE('',#2130,#2131);
#2130 = CARTESIAN_POINT('',(27.670546468663,7.596505633132,
    -8.021827838154));
#2131 = VECTOR('',#2132,1.);
#2132 = DIRECTION('',(0.,0.,-1.));
#2133 = PCURVE('',#1811,#2134);
#2134 = DEFINITIONAL_REPRESENTATION('',(#2135),#2138);
#2135 = B_SPLINE_CURVE_WITH_KNOTS('',1,(#2136,#2137),.UNSPECIFIED.,.F.,
  .F.,(2,2),(1.247134624904E-06,5.999602257513),
  .PIECEWISE_BEZIER_KNOTS.);
#2136 = CARTESIAN_POINT('',(0.5,2.078783054636E-07));
#2137 = CARTESIAN_POINT('',(0.5,0.999933709585));
#2138 = ( GEOMETRIC_REPRESENTATION_CONTEXT(2) 
PARAMETRIC_REPRESENTATION_CONTEXT() REPRESENTATION_CONTEXT('2D SPACE',''
  ) );
#2139 = PCURVE('',#1880,#2140);
#2140 = DEFINITIONAL_REPRESENTATION('',(#2141),#2144);
#2141 = B_SPLINE_CURVE_WITH_KNOTS('',1,(#2142,#2143),.UNSPECIFIED.,.F.,
  .F.,(2,2),(1.247134624904E-06,5.999602257513),
  .PIECEWISE_BEZIER_KNOTS.);
#2142 = CARTESIAN_POINT('',(0.5,2.078783046752E-07));
#2143 = CARTESIAN_POINT('',(0.5,0.999933709585));
#2144 = ( GEOMETRIC_REPRESENTATION_CONTEXT(2) 
PARAMETRIC_REPRESENTATION_CONTEXT() REPRESENTATION_CONTEXT('2D SPACE',''
  ) );
#2145 = ORIENTED_EDGE('',*,*,#2146,.T.);
#2146 = EDGE_CURVE('',#2126,#1801,#2147,.T.);
#2147 = SURFACE_CURVE('',#2148,(#2172,#2223),.PCURVE_S1.);
#2148 = B_SPLINE_CURVE_WITH_KNOTS('',3,(#2149,#2150,#2151,#2152,#2153,
    #2154,#2155,#2156,#2157,#2158,#2159,#2160,#2161,#2162,#2163,#2164,
    #2165,#2166,#2167,#2168,#2169,#2170,#2171),.UNSPECIFIED.,.F.,.F.,(4,
    2,1,2,2,2,2,2,2,2,2,4),(0.49999999993,0.515624999932,0.531249999934,
    0.562499999938,0.593749999943,0.624999999947,0.687499999956,
    0.749999999965,0.812499999974,0.874999999982,0.937499999991,1.),
  .UNSPECIFIED.);
#2149 = CARTESIAN_POINT('',(27.670546468664,7.596505835455,
    -8.021829085288));
#2150 = CARTESIAN_POINT('',(27.670375244854,7.616918629198,
    -8.018513333815));
#2151 = CARTESIAN_POINT('',(27.671215651667,7.634725321584,
    -8.015594161147));
#2152 = CARTESIAN_POINT('',(27.674854913923,7.672853548712,
    -8.00929643444));
#2153 = CARTESIAN_POINT('',(27.683283886562,7.729954806968,
    -7.999788556549));
#2154 = CARTESIAN_POINT('',(27.700623096964,7.786782582714,
    -7.99009922325));
#2155 = CARTESIAN_POINT('',(27.731662255512,7.86230943936,
    -7.977023071921));
#2156 = CARTESIAN_POINT('',(27.749261269687,7.895087232234,
    -7.971256664586));
#2157 = CARTESIAN_POINT('',(27.792350142987,7.959746857459,
    -7.959752493771));
#2158 = CARTESIAN_POINT('',(27.817218006256,7.99011520188,
    -7.954276764184));
#2159 = CARTESIAN_POINT('',(27.901791875918,8.075328371957,
    -7.938755005934));
#2160 = CARTESIAN_POINT('',(27.965862928382,8.118064103421,
    -7.930762928171));
#2161 = CARTESIAN_POINT('',(28.114091116049,8.180088956825,
    -7.919089275546));
#2162 = CARTESIAN_POINT('',(28.190108426791,8.195076267613,
    -7.916219494369));
#2163 = CARTESIAN_POINT('',(28.351358613924,8.195244584948,
    -7.916187456054));
#2164 = CARTESIAN_POINT('',(28.427300165879,8.179827966309,
    -7.919138615061));
#2165 = CARTESIAN_POINT('',(28.575596837071,8.118019031105,
    -7.930771191439));
#2166 = CARTESIAN_POINT('',(28.639665917022,8.074742419188,
    -7.938862713669));
#2167 = CARTESIAN_POINT('',(28.752299837059,7.961552189943,
    -7.959478595301));
#2168 = CARTESIAN_POINT('',(28.793937169017,7.898982466085,
    -7.970675825416));
#2169 = CARTESIAN_POINT('',(28.856269663968,7.748933990678,
    -7.996649982171));
#2170 = CARTESIAN_POINT('',(28.871401858471,7.672667912115,
    -8.009459021236));
#2171 = CARTESIAN_POINT('',(28.8705,7.595164061972,-8.022048358308));
#2172 = PCURVE('',#1811,#2173);
#2173 = DEFINITIONAL_REPRESENTATION('',(#2174),#2222);
#2174 = B_SPLINE_CURVE_WITH_KNOTS('',3,(#2175,#2176,#2177,#2178,#2179,
    #2180,#2181,#2182,#2183,#2184,#2185,#2186,#2187,#2188,#2189,#2190,
    #2191,#2192,#2193,#2194,#2195,#2196,#2197,#2198,#2199,#2200,#2201,
    #2202,#2203,#2204,#2205,#2206,#2207,#2208,#2209,#2210,#2211,#2212,
    #2213,#2214,#2215,#2216,#2217,#2218,#2219,#2220,#2221),
  .UNSPECIFIED.,.F.,.F.,(4,1,1,1,1,1,1,1,1,1,1,1,1,1,1,1,1,1,1,1,1,1,1,1
    ,1,1,1,1,1,1,1,1,1,1,1,1,1,1,1,1,1,1,1,1,4),(0.49999999993,
    0.511363636295,0.52272727266,0.534090909025,0.545454545391,
    0.556818181756,0.568181818121,0.579545454486,0.590909090851,
    0.602272727217,0.613636363582,0.624999999947,0.636363636312,
    0.647727272678,0.659090909043,0.670454545408,0.681818181773,
    0.693181818139,0.704545454504,0.715909090869,0.727272727234,
    0.7386363636,0.749999999965,0.76136363633,0.772727272695,
    0.78409090906,0.795454545426,0.806818181791,0.818181818156,
    0.829545454521,0.840909090887,0.852272727252,0.863636363617,
    0.874999999982,0.886363636348,0.897727272713,0.909090909078,
    0.920454545443,0.931818181809,0.943181818174,0.954545454539,
    0.965909090904,0.97727272727,0.988636363635,1.),
  .QUASI_UNIFORM_KNOTS.);
#2175 = CARTESIAN_POINT('',(0.500000053953,2.133591259352E-07));
#2176 = CARTESIAN_POINT('',(0.503764471197,4.399341864705E-07));
#2177 = CARTESIAN_POINT('',(0.511184337006,7.445018946479E-08));
#2178 = CARTESIAN_POINT('',(0.522215661839,-1.382325709741E-06));
#2179 = CARTESIAN_POINT('',(0.533497288324,-1.756703936389E-06));
#2180 = CARTESIAN_POINT('',(0.544956790174,-6.103198542551E-07));
#2181 = CARTESIAN_POINT('',(0.556548830797,1.116456485839E-06));
#2182 = CARTESIAN_POINT('',(0.568459920622,-2.990327646444E-07));
#2183 = CARTESIAN_POINT('',(0.579645562195,-2.099154341855E-06));
#2184 = CARTESIAN_POINT('',(0.590760606498,-1.30434986771E-06));
#2185 = CARTESIAN_POINT('',(0.602139094639,-8.979520683408E-07));
#2186 = CARTESIAN_POINT('',(0.613472079516,1.670857383723E-07));
#2187 = CARTESIAN_POINT('',(0.625004728886,6.936492134473E-07));
#2188 = CARTESIAN_POINT('',(0.636509205407,-1.94846119997E-06));
#2189 = CARTESIAN_POINT('',(0.647860063209,-1.629431558459E-06));
#2190 = CARTESIAN_POINT('',(0.659124162543,-1.533812565967E-06));
#2191 = CARTESIAN_POINT('',(0.670361894183,-2.235318177448E-06));
#2192 = CARTESIAN_POINT('',(0.681699092396,4.750852759828E-07));
#2193 = CARTESIAN_POINT('',(0.693295553132,-1.074007044449E-06));
#2194 = CARTESIAN_POINT('',(0.704718932018,-1.81178965756E-06));
#2195 = CARTESIAN_POINT('',(0.715978043469,-1.678834325085E-06));
#2196 = CARTESIAN_POINT('',(0.727192176875,-1.472873041873E-06));
#2197 = CARTESIAN_POINT('',(0.738461507278,-2.429673507196E-06));
#2198 = CARTESIAN_POINT('',(0.749992975595,1.191567070884E-06));
#2199 = CARTESIAN_POINT('',(0.761566590123,-2.421433765395E-06));
#2200 = CARTESIAN_POINT('',(0.772838912838,-1.50583200908E-06));
#2201 = CARTESIAN_POINT('',(0.784048825745,-1.555238198058E-06));
#2202 = CARTESIAN_POINT('',(0.795283535038,-2.27321519846E-06));
#2203 = CARTESIAN_POINT('',(0.806686465343,6.480989921255E-07));
#2204 = CARTESIAN_POINT('',(0.818311584848,-1.422426593394E-06));
#2205 = CARTESIAN_POINT('',(0.829653636941,-1.761833809524E-06));
#2206 = CARTESIAN_POINT('',(0.840897366303,-1.530238168284E-06));
#2207 = CARTESIAN_POINT('',(0.852140142612,-2.117213517113E-06));
#2208 = CARTESIAN_POINT('',(0.86349748029,-9.077630366595E-10));
#2209 = CARTESIAN_POINT('',(0.875011658775,7.856998920491E-07));
#2210 = CARTESIAN_POINT('',(0.886455723639,-2.347062554451E-06));
#2211 = CARTESIAN_POINT('',(0.897642458839,-1.39744967402E-06));
#2212 = CARTESIAN_POINT('',(0.908828820273,-2.063138749242E-06));
#2213 = CARTESIAN_POINT('',(0.920139343994,-3.499953287864E-07));
#2214 = CARTESIAN_POINT('',(0.931579907101,1.180159798177E-06));
#2215 = CARTESIAN_POINT('',(0.943417489675,-3.199460802962E-07));
#2216 = CARTESIAN_POINT('',(0.954963092762,-2.046630494424E-06));
#2217 = CARTESIAN_POINT('',(0.966430707457,-1.493531941781E-06));
#2218 = CARTESIAN_POINT('',(0.977630675302,-1.979241738226E-06));
#2219 = CARTESIAN_POINT('',(0.988794950079,-5.895011050882E-07));
#2220 = CARTESIAN_POINT('',(0.996251012068,-3.413482605193E-08));
#2221 = CARTESIAN_POINT('',(1.,0.));
#2222 = ( GEOMETRIC_REPRESENTATION_CONTEXT(2) 
PARAMETRIC_REPRESENTATION_CONTEXT() REPRESENTATION_CONTEXT('2D SPACE',''
  ) );
#2223 = PCURVE('',#1209,#2224);
#2224 = DEFINITIONAL_REPRESENTATION('',(#2225),#2273);
#2225 = B_SPLINE_CURVE_WITH_KNOTS('',3,(#2226,#2227,#2228,#2229,#2230,
    #2231,#2232,#2233,#2234,#2235,#2236,#2237,#2238,#2239,#2240,#2241,
    #2242,#2243,#2244,#2245,#2246,#2247,#2248,#2249,#2250,#2251,#2252,
    #2253,#2254,#2255,#2256,#2257,#2258,#2259,#2260,#2261,#2262,#2263,
    #2264,#2265,#2266,#2267,#2268,#2269,#2270,#2271,#2272),
  .UNSPECIFIED.,.F.,.F.,(4,1,1,1,1,1,1,1,1,1,1,1,1,1,1,1,1,1,1,1,1,1,1,1
    ,1,1,1,1,1,1,1,1,1,1,1,1,1,1,1,1,1,1,1,1,4),(0.49999999993,
    0.511363636295,0.52272727266,0.534090909025,0.545454545391,
    0.556818181756,0.568181818121,0.579545454486,0.590909090851,
    0.602272727217,0.613636363582,0.624999999947,0.636363636312,
    0.647727272678,0.659090909043,0.670454545408,0.681818181773,
    0.693181818139,0.704545454504,0.715909090869,0.727272727234,
    0.7386363636,0.749999999965,0.76136363633,0.772727272695,
    0.78409090906,0.795454545426,0.806818181791,0.818181818156,
    0.829545454521,0.840909090887,0.852272727252,0.863636363617,
    0.874999999982,0.886363636348,0.897727272713,0.909090909078,
    0.920454545443,0.931818181809,0.943181818174,0.954545454539,
    0.965909090904,0.97727272727,0.988636363635,1.),
  .QUASI_UNIFORM_KNOTS.);
#2226 = CARTESIAN_POINT('',(0.500419221376,0.949927584856));
#2227 = CARTESIAN_POINT('',(0.500420311388,0.949925659274));
#2228 = CARTESIAN_POINT('',(0.500422462781,0.949938881803));
#2229 = CARTESIAN_POINT('',(0.50042564396,0.950009878989));
#2230 = CARTESIAN_POINT('',(0.500428852809,0.950131870602));
#2231 = CARTESIAN_POINT('',(0.500432045315,0.950305077117));
#2232 = CARTESIAN_POINT('',(0.500435227188,0.95052895662));
#2233 = CARTESIAN_POINT('',(0.500438419601,0.950805456298));
#2234 = CARTESIAN_POINT('',(0.500441321532,0.951110227145));
#2235 = CARTESIAN_POINT('',(0.500444079906,0.951455800572));
#2236 = CARTESIAN_POINT('',(0.50044677874,0.951849630991));
#2237 = CARTESIAN_POINT('',(0.500449341911,0.952284657296));
#2238 = CARTESIAN_POINT('',(0.500451800587,0.952765256494));
#2239 = CARTESIAN_POINT('',(0.500454090457,0.953279613914));
#2240 = CARTESIAN_POINT('',(0.50045615903,0.95381775867));
#2241 = CARTESIAN_POINT('',(0.500458028639,0.954384059215));
#2242 = CARTESIAN_POINT('',(0.500459702204,0.954979296827));
#2243 = CARTESIAN_POINT('',(0.500461185304,0.955604262142));
#2244 = CARTESIAN_POINT('',(0.500462492133,0.956263295535));
#2245 = CARTESIAN_POINT('',(0.500463549911,0.956926865578));
#2246 = CARTESIAN_POINT('',(0.500464369078,0.957599522593));
#2247 = CARTESIAN_POINT('',(0.500464950961,0.958282397523));
#2248 = CARTESIAN_POINT('',(0.500465298801,0.958975931889));
#2249 = CARTESIAN_POINT('',(0.500465417113,0.959686744281));
#2250 = CARTESIAN_POINT('',(0.500465303234,0.960397434435));
#2251 = CARTESIAN_POINT('',(0.500464951415,0.961090711444));
#2252 = CARTESIAN_POINT('',(0.500464363352,0.961773301529));
#2253 = CARTESIAN_POINT('',(0.50046353827,0.962445759901));
#2254 = CARTESIAN_POINT('',(0.500462477671,0.963109308679));
#2255 = CARTESIAN_POINT('',(0.500461176243,0.963768673353));
#2256 = CARTESIAN_POINT('',(0.50045968886,0.964393814917));
#2257 = CARTESIAN_POINT('',(0.500458007451,0.964989085372));
#2258 = CARTESIAN_POINT('',(0.500456129521,0.965555301852));
#2259 = CARTESIAN_POINT('',(0.500454057064,0.966093031506));
#2260 = CARTESIAN_POINT('',(0.5004517684,0.966607376286));
#2261 = CARTESIAN_POINT('',(0.500449331926,0.967085548916));
#2262 = CARTESIAN_POINT('',(0.500446800686,0.967515860587));
#2263 = CARTESIAN_POINT('',(0.500444138001,0.967904530823));
#2264 = CARTESIAN_POINT('',(0.500441329348,0.968253177474));
#2265 = CARTESIAN_POINT('',(0.500438361069,0.96856391675));
#2266 = CARTESIAN_POINT('',(0.500435193629,0.968841473106));
#2267 = CARTESIAN_POINT('',(0.500432020833,0.969065875084));
#2268 = CARTESIAN_POINT('',(0.500428824627,0.969238951142));
#2269 = CARTESIAN_POINT('',(0.500425609849,0.969360211302));
#2270 = CARTESIAN_POINT('',(0.500422375201,0.969429787021));
#2271 = CARTESIAN_POINT('',(0.500420205758,0.969441690638));
#2272 = CARTESIAN_POINT('',(0.500419117765,0.96943902439));
#2273 = ( GEOMETRIC_REPRESENTATION_CONTEXT(2) 
PARAMETRIC_REPRESENTATION_CONTEXT() REPRESENTATION_CONTEXT('2D SPACE',''
  ) );
#2274 = ADVANCED_FACE('',(#2275),#2289,.F.);
#2275 = FACE_BOUND('',#2276,.F.);
#2276 = EDGE_LOOP('',(#2277,#2312,#2345,#2368));
#2277 = ORIENTED_EDGE('',*,*,#2278,.T.);
#2278 = EDGE_CURVE('',#2279,#2281,#2283,.T.);
#2279 = VERTEX_POINT('',#2280);
#2280 = CARTESIAN_POINT('',(26.730396850964,2.944055508026,-14.3));
#2281 = VERTEX_POINT('',#2282);
#2282 = CARTESIAN_POINT('',(26.730396850964,2.944055508026,-8.3));
#2283 = SURFACE_CURVE('',#2284,(#2288,#2300),.PCURVE_S1.);
#2284 = LINE('',#2285,#2286);
#2285 = CARTESIAN_POINT('',(26.730396850964,2.944055508026,-14.3));
#2286 = VECTOR('',#2287,1.);
#2287 = DIRECTION('',(-0.,-0.,1.));
#2288 = PCURVE('',#2289,#2294);
#2289 = CYLINDRICAL_SURFACE('',#2290,0.6);
#2290 = AXIS2_PLACEMENT_3D('',#2291,#2292,#2293);
#2291 = CARTESIAN_POINT('',(26.130396850964,2.944055508026,-14.3));
#2292 = DIRECTION('',(-0.,-0.,1.));
#2293 = DIRECTION('',(1.,0.,0.));
#2294 = DEFINITIONAL_REPRESENTATION('',(#2295),#2299);
#2295 = LINE('',#2296,#2297);
#2296 = CARTESIAN_POINT('',(6.28318530718,0.));
#2297 = VECTOR('',#2298,1.);
#2298 = DIRECTION('',(0.,1.));
#2299 = ( GEOMETRIC_REPRESENTATION_CONTEXT(2) 
PARAMETRIC_REPRESENTATION_CONTEXT() REPRESENTATION_CONTEXT('2D SPACE',''
  ) );
#2300 = PCURVE('',#2301,#2306);
#2301 = CYLINDRICAL_SURFACE('',#2302,0.6);
#2302 = AXIS2_PLACEMENT_3D('',#2303,#2304,#2305);
#2303 = CARTESIAN_POINT('',(26.130396850964,2.944055508026,-14.3));
#2304 = DIRECTION('',(-0.,-0.,1.));
#2305 = DIRECTION('',(1.,0.,0.));
#2306 = DEFINITIONAL_REPRESENTATION('',(#2307),#2311);
#2307 = LINE('',#2308,#2309);
#2308 = CARTESIAN_POINT('',(0.,0.));
#2309 = VECTOR('',#2310,1.);
#2310 = DIRECTION('',(0.,1.));
#2311 = ( GEOMETRIC_REPRESENTATION_CONTEXT(2) 
PARAMETRIC_REPRESENTATION_CONTEXT() REPRESENTATION_CONTEXT('2D SPACE',''
  ) );
#2312 = ORIENTED_EDGE('',*,*,#2313,.F.);
#2313 = EDGE_CURVE('',#2314,#2281,#2316,.T.);
#2314 = VERTEX_POINT('',#2315);
#2315 = CARTESIAN_POINT('',(25.530396850964,2.944055508026,-8.3));
#2316 = SURFACE_CURVE('',#2317,(#2322,#2329),.PCURVE_S1.);
#2317 = CIRCLE('',#2318,0.6);
#2318 = AXIS2_PLACEMENT_3D('',#2319,#2320,#2321);
#2319 = CARTESIAN_POINT('',(26.130396850964,2.944055508026,-8.3));
#2320 = DIRECTION('',(0.,0.,1.));
#2321 = DIRECTION('',(1.,0.,-0.));
#2322 = PCURVE('',#2289,#2323);
#2323 = DEFINITIONAL_REPRESENTATION('',(#2324),#2328);
#2324 = LINE('',#2325,#2326);
#2325 = CARTESIAN_POINT('',(0.,6.));
#2326 = VECTOR('',#2327,1.);
#2327 = DIRECTION('',(1.,0.));
#2328 = ( GEOMETRIC_REPRESENTATION_CONTEXT(2) 
PARAMETRIC_REPRESENTATION_CONTEXT() REPRESENTATION_CONTEXT('2D SPACE',''
  ) );
#2329 = PCURVE('',#2330,#2335);
#2330 = PLANE('',#2331);
#2331 = AXIS2_PLACEMENT_3D('',#2332,#2333,#2334);
#2332 = CARTESIAN_POINT('',(-30.75,0.,-8.3));
#2333 = DIRECTION('',(0.,0.,-1.));
#2334 = DIRECTION('',(-1.,0.,-0.));
#2335 = DEFINITIONAL_REPRESENTATION('',(#2336),#2344);
#2336 = ( BOUNDED_CURVE() B_SPLINE_CURVE(2,(#2337,#2338,#2339,#2340,
#2341,#2342,#2343),.UNSPECIFIED.,.T.,.F.) B_SPLINE_CURVE_WITH_KNOTS((1,2
    ,2,2,2,1),(-2.094395102393,0.,2.094395102393,4.188790204786,
6.28318530718,8.377580409573),.UNSPECIFIED.) CURVE() 
GEOMETRIC_REPRESENTATION_ITEM() RATIONAL_B_SPLINE_CURVE((1.,0.5,1.,0.5,
1.,0.5,1.)) REPRESENTATION_ITEM('') );
#2337 = CARTESIAN_POINT('',(-57.48039685096,2.944055508026));
#2338 = CARTESIAN_POINT('',(-57.48039685096,3.983285992567));
#2339 = CARTESIAN_POINT('',(-56.58039685096,3.463670750296));
#2340 = CARTESIAN_POINT('',(-55.68039685096,2.944055508026));
#2341 = CARTESIAN_POINT('',(-56.58039685096,2.424440265755));
#2342 = CARTESIAN_POINT('',(-57.48039685096,1.904825023484));
#2343 = CARTESIAN_POINT('',(-57.48039685096,2.944055508026));
#2344 = ( GEOMETRIC_REPRESENTATION_CONTEXT(2) 
PARAMETRIC_REPRESENTATION_CONTEXT() REPRESENTATION_CONTEXT('2D SPACE',''
  ) );
#2345 = ORIENTED_EDGE('',*,*,#2346,.F.);
#2346 = EDGE_CURVE('',#2347,#2314,#2349,.T.);
#2347 = VERTEX_POINT('',#2348);
#2348 = CARTESIAN_POINT('',(25.530396850964,2.944055508026,-14.3));
#2349 = SURFACE_CURVE('',#2350,(#2354,#2361),.PCURVE_S1.);
#2350 = LINE('',#2351,#2352);
#2351 = CARTESIAN_POINT('',(25.530396850964,2.944055508026,-14.3));
#2352 = VECTOR('',#2353,1.);
#2353 = DIRECTION('',(-0.,-0.,1.));
#2354 = PCURVE('',#2289,#2355);
#2355 = DEFINITIONAL_REPRESENTATION('',(#2356),#2360);
#2356 = LINE('',#2357,#2358);
#2357 = CARTESIAN_POINT('',(3.14159265359,0.));
#2358 = VECTOR('',#2359,1.);
#2359 = DIRECTION('',(0.,1.));
#2360 = ( GEOMETRIC_REPRESENTATION_CONTEXT(2) 
PARAMETRIC_REPRESENTATION_CONTEXT() REPRESENTATION_CONTEXT('2D SPACE',''
  ) );
#2361 = PCURVE('',#2301,#2362);
#2362 = DEFINITIONAL_REPRESENTATION('',(#2363),#2367);
#2363 = LINE('',#2364,#2365);
#2364 = CARTESIAN_POINT('',(3.14159265359,0.));
#2365 = VECTOR('',#2366,1.);
#2366 = DIRECTION('',(0.,1.));
#2367 = ( GEOMETRIC_REPRESENTATION_CONTEXT(2) 
PARAMETRIC_REPRESENTATION_CONTEXT() REPRESENTATION_CONTEXT('2D SPACE',''
  ) );
#2368 = ORIENTED_EDGE('',*,*,#2369,.T.);
#2369 = EDGE_CURVE('',#2347,#2279,#2370,.T.);
#2370 = SURFACE_CURVE('',#2371,(#2376,#2383),.PCURVE_S1.);
#2371 = CIRCLE('',#2372,0.6);
#2372 = AXIS2_PLACEMENT_3D('',#2373,#2374,#2375);
#2373 = CARTESIAN_POINT('',(26.130396850964,2.944055508026,-14.3));
#2374 = DIRECTION('',(0.,0.,1.));
#2375 = DIRECTION('',(1.,0.,-0.));
#2376 = PCURVE('',#2289,#2377);
#2377 = DEFINITIONAL_REPRESENTATION('',(#2378),#2382);
#2378 = LINE('',#2379,#2380);
#2379 = CARTESIAN_POINT('',(0.,0.));
#2380 = VECTOR('',#2381,1.);
#2381 = DIRECTION('',(1.,0.));
#2382 = ( GEOMETRIC_REPRESENTATION_CONTEXT(2) 
PARAMETRIC_REPRESENTATION_CONTEXT() REPRESENTATION_CONTEXT('2D SPACE',''
  ) );
#2383 = PCURVE('',#2384,#2389);
#2384 = PLANE('',#2385);
#2385 = AXIS2_PLACEMENT_3D('',#2386,#2387,#2388);
#2386 = CARTESIAN_POINT('',(26.130396850964,2.944055508026,-14.3));
#2387 = DIRECTION('',(0.,0.,1.));
#2388 = DIRECTION('',(1.,0.,-0.));
#2389 = DEFINITIONAL_REPRESENTATION('',(#2390),#2394);
#2390 = CIRCLE('',#2391,0.6);
#2391 = AXIS2_PLACEMENT_2D('',#2392,#2393);
#2392 = CARTESIAN_POINT('',(0.,0.));
#2393 = DIRECTION('',(1.,0.));
#2394 = ( GEOMETRIC_REPRESENTATION_CONTEXT(2) 
PARAMETRIC_REPRESENTATION_CONTEXT() REPRESENTATION_CONTEXT('2D SPACE',''
  ) );
#2395 = ADVANCED_FACE('',(#2396),#2410,.F.);
#2396 = FACE_BOUND('',#2397,.F.);
#2397 = EDGE_LOOP('',(#2398,#2433,#2461,#2484));
#2398 = ORIENTED_EDGE('',*,*,#2399,.T.);
#2399 = EDGE_CURVE('',#2400,#2402,#2404,.T.);
#2400 = VERTEX_POINT('',#2401);
#2401 = CARTESIAN_POINT('',(-25.53039685096,2.944055508026,-14.3));
#2402 = VERTEX_POINT('',#2403);
#2403 = CARTESIAN_POINT('',(-25.53039685096,2.944055508026,-8.3));
#2404 = SURFACE_CURVE('',#2405,(#2409,#2421),.PCURVE_S1.);
#2405 = LINE('',#2406,#2407);
#2406 = CARTESIAN_POINT('',(-25.53039685096,2.944055508026,-14.3));
#2407 = VECTOR('',#2408,1.);
#2408 = DIRECTION('',(-0.,-0.,1.));
#2409 = PCURVE('',#2410,#2415);
#2410 = CYLINDRICAL_SURFACE('',#2411,0.6);
#2411 = AXIS2_PLACEMENT_3D('',#2412,#2413,#2414);
#2412 = CARTESIAN_POINT('',(-26.13039685096,2.944055508026,-14.3));
#2413 = DIRECTION('',(-0.,-0.,1.));
#2414 = DIRECTION('',(1.,0.,0.));
#2415 = DEFINITIONAL_REPRESENTATION('',(#2416),#2420);
#2416 = LINE('',#2417,#2418);
#2417 = CARTESIAN_POINT('',(6.28318530718,0.));
#2418 = VECTOR('',#2419,1.);
#2419 = DIRECTION('',(0.,1.));
#2420 = ( GEOMETRIC_REPRESENTATION_CONTEXT(2) 
PARAMETRIC_REPRESENTATION_CONTEXT() REPRESENTATION_CONTEXT('2D SPACE',''
  ) );
#2421 = PCURVE('',#2422,#2427);
#2422 = CYLINDRICAL_SURFACE('',#2423,0.6);
#2423 = AXIS2_PLACEMENT_3D('',#2424,#2425,#2426);
#2424 = CARTESIAN_POINT('',(-26.13039685096,2.944055508026,-14.3));
#2425 = DIRECTION('',(-0.,-0.,1.));
#2426 = DIRECTION('',(1.,0.,0.));
#2427 = DEFINITIONAL_REPRESENTATION('',(#2428),#2432);
#2428 = LINE('',#2429,#2430);
#2429 = CARTESIAN_POINT('',(0.,0.));
#2430 = VECTOR('',#2431,1.);
#2431 = DIRECTION('',(0.,1.));
#2432 = ( GEOMETRIC_REPRESENTATION_CONTEXT(2) 
PARAMETRIC_REPRESENTATION_CONTEXT() REPRESENTATION_CONTEXT('2D SPACE',''
  ) );
#2433 = ORIENTED_EDGE('',*,*,#2434,.F.);
#2434 = EDGE_CURVE('',#2435,#2402,#2437,.T.);
#2435 = VERTEX_POINT('',#2436);
#2436 = CARTESIAN_POINT('',(-26.73039685096,2.944055508026,-8.3));
#2437 = SURFACE_CURVE('',#2438,(#2443,#2450),.PCURVE_S1.);
#2438 = CIRCLE('',#2439,0.6);
#2439 = AXIS2_PLACEMENT_3D('',#2440,#2441,#2442);
#2440 = CARTESIAN_POINT('',(-26.13039685096,2.944055508026,-8.3));
#2441 = DIRECTION('',(0.,0.,1.));
#2442 = DIRECTION('',(-1.,0.,0.));
#2443 = PCURVE('',#2410,#2444);
#2444 = DEFINITIONAL_REPRESENTATION('',(#2445),#2449);
#2445 = LINE('',#2446,#2447);
#2446 = CARTESIAN_POINT('',(3.14159265359,6.));
#2447 = VECTOR('',#2448,1.);
#2448 = DIRECTION('',(1.,0.));
#2449 = ( GEOMETRIC_REPRESENTATION_CONTEXT(2) 
PARAMETRIC_REPRESENTATION_CONTEXT() REPRESENTATION_CONTEXT('2D SPACE',''
  ) );
#2450 = PCURVE('',#2330,#2451);
#2451 = DEFINITIONAL_REPRESENTATION('',(#2452),#2460);
#2452 = ( BOUNDED_CURVE() B_SPLINE_CURVE(2,(#2453,#2454,#2455,#2456,
#2457,#2458,#2459),.UNSPECIFIED.,.T.,.F.) B_SPLINE_CURVE_WITH_KNOTS((1,2
    ,2,2,2,1),(-2.094395102393,0.,2.094395102393,4.188790204786,
6.28318530718,8.377580409573),.UNSPECIFIED.) CURVE() 
GEOMETRIC_REPRESENTATION_ITEM() RATIONAL_B_SPLINE_CURVE((1.,0.5,1.,0.5,
1.,0.5,1.)) REPRESENTATION_ITEM('') );
#2453 = CARTESIAN_POINT('',(-4.019603149036,2.944055508026));
#2454 = CARTESIAN_POINT('',(-4.019603149036,1.904825023484));
#2455 = CARTESIAN_POINT('',(-4.919603149036,2.424440265755));
#2456 = CARTESIAN_POINT('',(-5.819603149036,2.944055508026));
#2457 = CARTESIAN_POINT('',(-4.919603149036,3.463670750296));
#2458 = CARTESIAN_POINT('',(-4.019603149036,3.983285992567));
#2459 = CARTESIAN_POINT('',(-4.019603149036,2.944055508026));
#2460 = ( GEOMETRIC_REPRESENTATION_CONTEXT(2) 
PARAMETRIC_REPRESENTATION_CONTEXT() REPRESENTATION_CONTEXT('2D SPACE',''
  ) );
#2461 = ORIENTED_EDGE('',*,*,#2462,.F.);
#2462 = EDGE_CURVE('',#2463,#2435,#2465,.T.);
#2463 = VERTEX_POINT('',#2464);
#2464 = CARTESIAN_POINT('',(-26.73039685096,2.944055508026,-14.3));
#2465 = SURFACE_CURVE('',#2466,(#2470,#2477),.PCURVE_S1.);
#2466 = LINE('',#2467,#2468);
#2467 = CARTESIAN_POINT('',(-26.73039685096,2.944055508026,-14.3));
#2468 = VECTOR('',#2469,1.);
#2469 = DIRECTION('',(-0.,-0.,1.));
#2470 = PCURVE('',#2410,#2471);
#2471 = DEFINITIONAL_REPRESENTATION('',(#2472),#2476);
#2472 = LINE('',#2473,#2474);
#2473 = CARTESIAN_POINT('',(3.14159265359,0.));
#2474 = VECTOR('',#2475,1.);
#2475 = DIRECTION('',(0.,1.));
#2476 = ( GEOMETRIC_REPRESENTATION_CONTEXT(2) 
PARAMETRIC_REPRESENTATION_CONTEXT() REPRESENTATION_CONTEXT('2D SPACE',''
  ) );
#2477 = PCURVE('',#2422,#2478);
#2478 = DEFINITIONAL_REPRESENTATION('',(#2479),#2483);
#2479 = LINE('',#2480,#2481);
#2480 = CARTESIAN_POINT('',(3.14159265359,0.));
#2481 = VECTOR('',#2482,1.);
#2482 = DIRECTION('',(0.,1.));
#2483 = ( GEOMETRIC_REPRESENTATION_CONTEXT(2) 
PARAMETRIC_REPRESENTATION_CONTEXT() REPRESENTATION_CONTEXT('2D SPACE',''
  ) );
#2484 = ORIENTED_EDGE('',*,*,#2485,.T.);
#2485 = EDGE_CURVE('',#2463,#2400,#2486,.T.);
#2486 = SURFACE_CURVE('',#2487,(#2492,#2499),.PCURVE_S1.);
#2487 = CIRCLE('',#2488,0.6);
#2488 = AXIS2_PLACEMENT_3D('',#2489,#2490,#2491);
#2489 = CARTESIAN_POINT('',(-26.13039685096,2.944055508026,-14.3));
#2490 = DIRECTION('',(0.,0.,1.));
#2491 = DIRECTION('',(-1.,0.,0.));
#2492 = PCURVE('',#2410,#2493);
#2493 = DEFINITIONAL_REPRESENTATION('',(#2494),#2498);
#2494 = LINE('',#2495,#2496);
#2495 = CARTESIAN_POINT('',(3.14159265359,0.));
#2496 = VECTOR('',#2497,1.);
#2497 = DIRECTION('',(1.,0.));
#2498 = ( GEOMETRIC_REPRESENTATION_CONTEXT(2) 
PARAMETRIC_REPRESENTATION_CONTEXT() REPRESENTATION_CONTEXT('2D SPACE',''
  ) );
#2499 = PCURVE('',#2500,#2505);
#2500 = PLANE('',#2501);
#2501 = AXIS2_PLACEMENT_3D('',#2502,#2503,#2504);
#2502 = CARTESIAN_POINT('',(-26.13039685096,2.944055508026,-14.3));
#2503 = DIRECTION('',(-0.,0.,-1.));
#2504 = DIRECTION('',(-1.,0.,0.));
#2505 = DEFINITIONAL_REPRESENTATION('',(#2506),#2514);
#2506 = ( BOUNDED_CURVE() B_SPLINE_CURVE(2,(#2507,#2508,#2509,#2510,
#2511,#2512,#2513),.UNSPECIFIED.,.T.,.F.) B_SPLINE_CURVE_WITH_KNOTS((1,2
    ,2,2,2,1),(-2.094395102393,0.,2.094395102393,4.188790204786,
6.28318530718,8.377580409573),.UNSPECIFIED.) CURVE() 
GEOMETRIC_REPRESENTATION_ITEM() RATIONAL_B_SPLINE_CURVE((1.,0.5,1.,0.5,
1.,0.5,1.)) REPRESENTATION_ITEM('') );
#2507 = CARTESIAN_POINT('',(0.6,0.));
#2508 = CARTESIAN_POINT('',(0.6,-1.039230484541));
#2509 = CARTESIAN_POINT('',(-0.3,-0.519615242271));
#2510 = CARTESIAN_POINT('',(-1.2,-1.469576158977E-16));
#2511 = CARTESIAN_POINT('',(-0.3,0.519615242271));
#2512 = CARTESIAN_POINT('',(0.6,1.039230484541));
#2513 = CARTESIAN_POINT('',(0.6,0.));
#2514 = ( GEOMETRIC_REPRESENTATION_CONTEXT(2) 
PARAMETRIC_REPRESENTATION_CONTEXT() REPRESENTATION_CONTEXT('2D SPACE',''
  ) );
#2515 = ADVANCED_FACE('',(#2516),#2530,.F.);
#2516 = FACE_BOUND('',#2517,.F.);
#2517 = EDGE_LOOP('',(#2518,#2553,#2581,#2604));
#2518 = ORIENTED_EDGE('',*,*,#2519,.T.);
#2519 = EDGE_CURVE('',#2520,#2522,#2524,.T.);
#2520 = VERTEX_POINT('',#2521);
#2521 = CARTESIAN_POINT('',(-26.8705,25.674235832114,-8.));
#2522 = VERTEX_POINT('',#2523);
#2523 = CARTESIAN_POINT('',(-26.8705,25.674235832114,-2.));
#2524 = SURFACE_CURVE('',#2525,(#2529,#2541),.PCURVE_S1.);
#2525 = LINE('',#2526,#2527);
#2526 = CARTESIAN_POINT('',(-26.8705,25.674235832114,-8.));
#2527 = VECTOR('',#2528,1.);
#2528 = DIRECTION('',(-0.,-0.,1.));
#2529 = PCURVE('',#2530,#2535);
#2530 = CYLINDRICAL_SURFACE('',#2531,0.6);
#2531 = AXIS2_PLACEMENT_3D('',#2532,#2533,#2534);
#2532 = CARTESIAN_POINT('',(-27.4705,25.674235832114,-8.));
#2533 = DIRECTION('',(-0.,-0.,1.));
#2534 = DIRECTION('',(1.,0.,0.));
#2535 = DEFINITIONAL_REPRESENTATION('',(#2536),#2540);
#2536 = LINE('',#2537,#2538);
#2537 = CARTESIAN_POINT('',(6.28318530718,0.));
#2538 = VECTOR('',#2539,1.);
#2539 = DIRECTION('',(0.,1.));
#2540 = ( GEOMETRIC_REPRESENTATION_CONTEXT(2) 
PARAMETRIC_REPRESENTATION_CONTEXT() REPRESENTATION_CONTEXT('2D SPACE',''
  ) );
#2541 = PCURVE('',#2542,#2547);
#2542 = CYLINDRICAL_SURFACE('',#2543,0.6);
#2543 = AXIS2_PLACEMENT_3D('',#2544,#2545,#2546);
#2544 = CARTESIAN_POINT('',(-27.4705,25.674235832114,-8.));
#2545 = DIRECTION('',(-0.,-0.,1.));
#2546 = DIRECTION('',(1.,0.,0.));
#2547 = DEFINITIONAL_REPRESENTATION('',(#2548),#2552);
#2548 = LINE('',#2549,#2550);
#2549 = CARTESIAN_POINT('',(0.,0.));
#2550 = VECTOR('',#2551,1.);
#2551 = DIRECTION('',(0.,1.));
#2552 = ( GEOMETRIC_REPRESENTATION_CONTEXT(2) 
PARAMETRIC_REPRESENTATION_CONTEXT() REPRESENTATION_CONTEXT('2D SPACE',''
  ) );
#2553 = ORIENTED_EDGE('',*,*,#2554,.F.);
#2554 = EDGE_CURVE('',#2555,#2522,#2557,.T.);
#2555 = VERTEX_POINT('',#2556);
#2556 = CARTESIAN_POINT('',(-28.0705,25.674235832114,-2.));
#2557 = SURFACE_CURVE('',#2558,(#2563,#2570),.PCURVE_S1.);
#2558 = CIRCLE('',#2559,0.6);
#2559 = AXIS2_PLACEMENT_3D('',#2560,#2561,#2562);
#2560 = CARTESIAN_POINT('',(-27.4705,25.674235832114,-2.));
#2561 = DIRECTION('',(0.,0.,1.));
#2562 = DIRECTION('',(-1.,0.,0.));
#2563 = PCURVE('',#2530,#2564);
#2564 = DEFINITIONAL_REPRESENTATION('',(#2565),#2569);
#2565 = LINE('',#2566,#2567);
#2566 = CARTESIAN_POINT('',(3.14159265359,6.));
#2567 = VECTOR('',#2568,1.);
#2568 = DIRECTION('',(1.,0.));
#2569 = ( GEOMETRIC_REPRESENTATION_CONTEXT(2) 
PARAMETRIC_REPRESENTATION_CONTEXT() REPRESENTATION_CONTEXT('2D SPACE',''
  ) );
#2570 = PCURVE('',#102,#2571);
#2571 = DEFINITIONAL_REPRESENTATION('',(#2572),#2580);
#2572 = ( BOUNDED_CURVE() B_SPLINE_CURVE(2,(#2573,#2574,#2575,#2576,
#2577,#2578,#2579),.UNSPECIFIED.,.T.,.F.) B_SPLINE_CURVE_WITH_KNOTS((1,2
    ,2,2,2,1),(-2.094395102393,0.,2.094395102393,4.188790204786,
6.28318530718,8.377580409573),.UNSPECIFIED.) CURVE() 
GEOMETRIC_REPRESENTATION_ITEM() RATIONAL_B_SPLINE_CURVE((1.,0.5,1.,0.5,
1.,0.5,1.)) REPRESENTATION_ITEM('') );
#2573 = CARTESIAN_POINT('',(4.5,2.6795));
#2574 = CARTESIAN_POINT('',(3.460769515459,2.6795));
#2575 = CARTESIAN_POINT('',(3.980384757729,3.5795));
#2576 = CARTESIAN_POINT('',(4.5,4.4795));
#2577 = CARTESIAN_POINT('',(5.019615242271,3.5795));
#2578 = CARTESIAN_POINT('',(5.539230484541,2.6795));
#2579 = CARTESIAN_POINT('',(4.5,2.6795));
#2580 = ( GEOMETRIC_REPRESENTATION_CONTEXT(2) 
PARAMETRIC_REPRESENTATION_CONTEXT() REPRESENTATION_CONTEXT('2D SPACE',''
  ) );
#2581 = ORIENTED_EDGE('',*,*,#2582,.F.);
#2582 = EDGE_CURVE('',#2583,#2555,#2585,.T.);
#2583 = VERTEX_POINT('',#2584);
#2584 = CARTESIAN_POINT('',(-28.0705,25.674235832114,-8.));
#2585 = SURFACE_CURVE('',#2586,(#2590,#2597),.PCURVE_S1.);
#2586 = LINE('',#2587,#2588);
#2587 = CARTESIAN_POINT('',(-28.0705,25.674235832114,-8.));
#2588 = VECTOR('',#2589,1.);
#2589 = DIRECTION('',(-0.,-0.,1.));
#2590 = PCURVE('',#2530,#2591);
#2591 = DEFINITIONAL_REPRESENTATION('',(#2592),#2596);
#2592 = LINE('',#2593,#2594);
#2593 = CARTESIAN_POINT('',(3.14159265359,0.));
#2594 = VECTOR('',#2595,1.);
#2595 = DIRECTION('',(0.,1.));
#2596 = ( GEOMETRIC_REPRESENTATION_CONTEXT(2) 
PARAMETRIC_REPRESENTATION_CONTEXT() REPRESENTATION_CONTEXT('2D SPACE',''
  ) );
#2597 = PCURVE('',#2542,#2598);
#2598 = DEFINITIONAL_REPRESENTATION('',(#2599),#2603);
#2599 = LINE('',#2600,#2601);
#2600 = CARTESIAN_POINT('',(3.14159265359,0.));
#2601 = VECTOR('',#2602,1.);
#2602 = DIRECTION('',(0.,1.));
#2603 = ( GEOMETRIC_REPRESENTATION_CONTEXT(2) 
PARAMETRIC_REPRESENTATION_CONTEXT() REPRESENTATION_CONTEXT('2D SPACE',''
  ) );
#2604 = ORIENTED_EDGE('',*,*,#2605,.T.);
#2605 = EDGE_CURVE('',#2583,#2520,#2606,.T.);
#2606 = SURFACE_CURVE('',#2607,(#2612,#2619),.PCURVE_S1.);
#2607 = CIRCLE('',#2608,0.6);
#2608 = AXIS2_PLACEMENT_3D('',#2609,#2610,#2611);
#2609 = CARTESIAN_POINT('',(-27.4705,25.674235832114,-8.));
#2610 = DIRECTION('',(0.,0.,1.));
#2611 = DIRECTION('',(-1.,0.,0.));
#2612 = PCURVE('',#2530,#2613);
#2613 = DEFINITIONAL_REPRESENTATION('',(#2614),#2618);
#2614 = LINE('',#2615,#2616);
#2615 = CARTESIAN_POINT('',(3.14159265359,0.));
#2616 = VECTOR('',#2617,1.);
#2617 = DIRECTION('',(1.,0.));
#2618 = ( GEOMETRIC_REPRESENTATION_CONTEXT(2) 
PARAMETRIC_REPRESENTATION_CONTEXT() REPRESENTATION_CONTEXT('2D SPACE',''
  ) );
#2619 = PCURVE('',#2620,#2625);
#2620 = PLANE('',#2621);
#2621 = AXIS2_PLACEMENT_3D('',#2622,#2623,#2624);
#2622 = CARTESIAN_POINT('',(-27.4705,25.674235832114,-8.));
#2623 = DIRECTION('',(-0.,0.,-1.));
#2624 = DIRECTION('',(-1.,0.,0.));
#2625 = DEFINITIONAL_REPRESENTATION('',(#2626),#2634);
#2626 = ( BOUNDED_CURVE() B_SPLINE_CURVE(2,(#2627,#2628,#2629,#2630,
#2631,#2632,#2633),.UNSPECIFIED.,.T.,.F.) B_SPLINE_CURVE_WITH_KNOTS((1,2
    ,2,2,2,1),(-2.094395102393,0.,2.094395102393,4.188790204786,
6.28318530718,8.377580409573),.UNSPECIFIED.) CURVE() 
GEOMETRIC_REPRESENTATION_ITEM() RATIONAL_B_SPLINE_CURVE((1.,0.5,1.,0.5,
1.,0.5,1.)) REPRESENTATION_ITEM('') );
#2627 = CARTESIAN_POINT('',(0.6,0.));
#2628 = CARTESIAN_POINT('',(0.6,-1.039230484541));
#2629 = CARTESIAN_POINT('',(-0.3,-0.519615242271));
#2630 = CARTESIAN_POINT('',(-1.2,-1.469576158977E-16));
#2631 = CARTESIAN_POINT('',(-0.3,0.519615242271));
#2632 = CARTESIAN_POINT('',(0.6,1.039230484541));
#2633 = CARTESIAN_POINT('',(0.6,0.));
#2634 = ( GEOMETRIC_REPRESENTATION_CONTEXT(2) 
PARAMETRIC_REPRESENTATION_CONTEXT() REPRESENTATION_CONTEXT('2D SPACE',''
  ) );
#2635 = ADVANCED_FACE('',(#2636),#2650,.F.);
#2636 = FACE_BOUND('',#2637,.F.);
#2637 = EDGE_LOOP('',(#2638,#2673,#2701,#2724));
#2638 = ORIENTED_EDGE('',*,*,#2639,.T.);
#2639 = EDGE_CURVE('',#2640,#2642,#2644,.T.);
#2640 = VERTEX_POINT('',#2641);
#2641 = CARTESIAN_POINT('',(28.0705,22.674235832114,-8.));
#2642 = VERTEX_POINT('',#2643);
#2643 = CARTESIAN_POINT('',(28.0705,22.674235832114,-2.));
#2644 = SURFACE_CURVE('',#2645,(#2649,#2661),.PCURVE_S1.);
#2645 = LINE('',#2646,#2647);
#2646 = CARTESIAN_POINT('',(28.0705,22.674235832114,-8.));
#2647 = VECTOR('',#2648,1.);
#2648 = DIRECTION('',(-0.,-0.,1.));
#2649 = PCURVE('',#2650,#2655);
#2650 = CYLINDRICAL_SURFACE('',#2651,0.6);
#2651 = AXIS2_PLACEMENT_3D('',#2652,#2653,#2654);
#2652 = CARTESIAN_POINT('',(27.4705,22.674235832114,-8.));
#2653 = DIRECTION('',(-0.,-0.,1.));
#2654 = DIRECTION('',(1.,0.,0.));
#2655 = DEFINITIONAL_REPRESENTATION('',(#2656),#2660);
#2656 = LINE('',#2657,#2658);
#2657 = CARTESIAN_POINT('',(6.28318530718,0.));
#2658 = VECTOR('',#2659,1.);
#2659 = DIRECTION('',(0.,1.));
#2660 = ( GEOMETRIC_REPRESENTATION_CONTEXT(2) 
PARAMETRIC_REPRESENTATION_CONTEXT() REPRESENTATION_CONTEXT('2D SPACE',''
  ) );
#2661 = PCURVE('',#2662,#2667);
#2662 = CYLINDRICAL_SURFACE('',#2663,0.6);
#2663 = AXIS2_PLACEMENT_3D('',#2664,#2665,#2666);
#2664 = CARTESIAN_POINT('',(27.4705,22.674235832114,-8.));
#2665 = DIRECTION('',(-0.,-0.,1.));
#2666 = DIRECTION('',(1.,0.,0.));
#2667 = DEFINITIONAL_REPRESENTATION('',(#2668),#2672);
#2668 = LINE('',#2669,#2670);
#2669 = CARTESIAN_POINT('',(0.,0.));
#2670 = VECTOR('',#2671,1.);
#2671 = DIRECTION('',(0.,1.));
#2672 = ( GEOMETRIC_REPRESENTATION_CONTEXT(2) 
PARAMETRIC_REPRESENTATION_CONTEXT() REPRESENTATION_CONTEXT('2D SPACE',''
  ) );
#2673 = ORIENTED_EDGE('',*,*,#2674,.F.);
#2674 = EDGE_CURVE('',#2675,#2642,#2677,.T.);
#2675 = VERTEX_POINT('',#2676);
#2676 = CARTESIAN_POINT('',(26.8705,22.674235832114,-2.));
#2677 = SURFACE_CURVE('',#2678,(#2683,#2690),.PCURVE_S1.);
#2678 = CIRCLE('',#2679,0.6);
#2679 = AXIS2_PLACEMENT_3D('',#2680,#2681,#2682);
#2680 = CARTESIAN_POINT('',(27.4705,22.674235832114,-2.));
#2681 = DIRECTION('',(0.,0.,1.));
#2682 = DIRECTION('',(1.,0.,-0.));
#2683 = PCURVE('',#2650,#2684);
#2684 = DEFINITIONAL_REPRESENTATION('',(#2685),#2689);
#2685 = LINE('',#2686,#2687);
#2686 = CARTESIAN_POINT('',(0.,6.));
#2687 = VECTOR('',#2688,1.);
#2688 = DIRECTION('',(1.,0.));
#2689 = ( GEOMETRIC_REPRESENTATION_CONTEXT(2) 
PARAMETRIC_REPRESENTATION_CONTEXT() REPRESENTATION_CONTEXT('2D SPACE',''
  ) );
#2690 = PCURVE('',#102,#2691);
#2691 = DEFINITIONAL_REPRESENTATION('',(#2692),#2700);
#2692 = ( BOUNDED_CURVE() B_SPLINE_CURVE(2,(#2693,#2694,#2695,#2696,
#2697,#2698,#2699),.UNSPECIFIED.,.T.,.F.) B_SPLINE_CURVE_WITH_KNOTS((1,2
    ,2,2,2,1),(-2.094395102393,0.,2.094395102393,4.188790204786,
6.28318530718,8.377580409573),.UNSPECIFIED.) CURVE() 
GEOMETRIC_REPRESENTATION_ITEM() RATIONAL_B_SPLINE_CURVE((1.,0.5,1.,0.5,
1.,0.5,1.)) REPRESENTATION_ITEM('') );
#2693 = CARTESIAN_POINT('',(1.5,58.8205));
#2694 = CARTESIAN_POINT('',(2.539230484541,58.8205));
#2695 = CARTESIAN_POINT('',(2.019615242271,57.9205));
#2696 = CARTESIAN_POINT('',(1.5,57.0205));
#2697 = CARTESIAN_POINT('',(0.980384757729,57.9205));
#2698 = CARTESIAN_POINT('',(0.460769515459,58.8205));
#2699 = CARTESIAN_POINT('',(1.5,58.8205));
#2700 = ( GEOMETRIC_REPRESENTATION_CONTEXT(2) 
PARAMETRIC_REPRESENTATION_CONTEXT() REPRESENTATION_CONTEXT('2D SPACE',''
  ) );
#2701 = ORIENTED_EDGE('',*,*,#2702,.F.);
#2702 = EDGE_CURVE('',#2703,#2675,#2705,.T.);
#2703 = VERTEX_POINT('',#2704);
#2704 = CARTESIAN_POINT('',(26.8705,22.674235832114,-8.));
#2705 = SURFACE_CURVE('',#2706,(#2710,#2717),.PCURVE_S1.);
#2706 = LINE('',#2707,#2708);
#2707 = CARTESIAN_POINT('',(26.8705,22.674235832114,-8.));
#2708 = VECTOR('',#2709,1.);
#2709 = DIRECTION('',(-0.,-0.,1.));
#2710 = PCURVE('',#2650,#2711);
#2711 = DEFINITIONAL_REPRESENTATION('',(#2712),#2716);
#2712 = LINE('',#2713,#2714);
#2713 = CARTESIAN_POINT('',(3.14159265359,0.));
#2714 = VECTOR('',#2715,1.);
#2715 = DIRECTION('',(0.,1.));
#2716 = ( GEOMETRIC_REPRESENTATION_CONTEXT(2) 
PARAMETRIC_REPRESENTATION_CONTEXT() REPRESENTATION_CONTEXT('2D SPACE',''
  ) );
#2717 = PCURVE('',#2662,#2718);
#2718 = DEFINITIONAL_REPRESENTATION('',(#2719),#2723);
#2719 = LINE('',#2720,#2721);
#2720 = CARTESIAN_POINT('',(3.14159265359,0.));
#2721 = VECTOR('',#2722,1.);
#2722 = DIRECTION('',(0.,1.));
#2723 = ( GEOMETRIC_REPRESENTATION_CONTEXT(2) 
PARAMETRIC_REPRESENTATION_CONTEXT() REPRESENTATION_CONTEXT('2D SPACE',''
  ) );
#2724 = ORIENTED_EDGE('',*,*,#2725,.T.);
#2725 = EDGE_CURVE('',#2703,#2640,#2726,.T.);
#2726 = SURFACE_CURVE('',#2727,(#2732,#2739),.PCURVE_S1.);
#2727 = CIRCLE('',#2728,0.6);
#2728 = AXIS2_PLACEMENT_3D('',#2729,#2730,#2731);
#2729 = CARTESIAN_POINT('',(27.4705,22.674235832114,-8.));
#2730 = DIRECTION('',(0.,0.,1.));
#2731 = DIRECTION('',(1.,0.,-0.));
#2732 = PCURVE('',#2650,#2733);
#2733 = DEFINITIONAL_REPRESENTATION('',(#2734),#2738);
#2734 = LINE('',#2735,#2736);
#2735 = CARTESIAN_POINT('',(0.,0.));
#2736 = VECTOR('',#2737,1.);
#2737 = DIRECTION('',(1.,0.));
#2738 = ( GEOMETRIC_REPRESENTATION_CONTEXT(2) 
PARAMETRIC_REPRESENTATION_CONTEXT() REPRESENTATION_CONTEXT('2D SPACE',''
  ) );
#2739 = PCURVE('',#2740,#2745);
#2740 = PLANE('',#2741);
#2741 = AXIS2_PLACEMENT_3D('',#2742,#2743,#2744);
#2742 = CARTESIAN_POINT('',(27.4705,22.674235832114,-8.));
#2743 = DIRECTION('',(0.,0.,1.));
#2744 = DIRECTION('',(1.,0.,-0.));
#2745 = DEFINITIONAL_REPRESENTATION('',(#2746),#2750);
#2746 = CIRCLE('',#2747,0.6);
#2747 = AXIS2_PLACEMENT_2D('',#2748,#2749);
#2748 = CARTESIAN_POINT('',(0.,0.));
#2749 = DIRECTION('',(1.,0.));
#2750 = ( GEOMETRIC_REPRESENTATION_CONTEXT(2) 
PARAMETRIC_REPRESENTATION_CONTEXT() REPRESENTATION_CONTEXT('2D SPACE',''
  ) );
#2751 = ADVANCED_FACE('',(#2752),#2766,.F.);
#2752 = FACE_BOUND('',#2753,.F.);
#2753 = EDGE_LOOP('',(#2754,#2789,#2817,#2840));
#2754 = ORIENTED_EDGE('',*,*,#2755,.T.);
#2755 = EDGE_CURVE('',#2756,#2758,#2760,.T.);
#2756 = VERTEX_POINT('',#2757);
#2757 = CARTESIAN_POINT('',(28.0705,25.674235832114,-8.));
#2758 = VERTEX_POINT('',#2759);
#2759 = CARTESIAN_POINT('',(28.0705,25.674235832114,-2.));
#2760 = SURFACE_CURVE('',#2761,(#2765,#2777),.PCURVE_S1.);
#2761 = LINE('',#2762,#2763);
#2762 = CARTESIAN_POINT('',(28.0705,25.674235832114,-8.));
#2763 = VECTOR('',#2764,1.);
#2764 = DIRECTION('',(-0.,-0.,1.));
#2765 = PCURVE('',#2766,#2771);
#2766 = CYLINDRICAL_SURFACE('',#2767,0.6);
#2767 = AXIS2_PLACEMENT_3D('',#2768,#2769,#2770);
#2768 = CARTESIAN_POINT('',(27.4705,25.674235832114,-8.));
#2769 = DIRECTION('',(-0.,-0.,1.));
#2770 = DIRECTION('',(1.,0.,0.));
#2771 = DEFINITIONAL_REPRESENTATION('',(#2772),#2776);
#2772 = LINE('',#2773,#2774);
#2773 = CARTESIAN_POINT('',(6.28318530718,0.));
#2774 = VECTOR('',#2775,1.);
#2775 = DIRECTION('',(0.,1.));
#2776 = ( GEOMETRIC_REPRESENTATION_CONTEXT(2) 
PARAMETRIC_REPRESENTATION_CONTEXT() REPRESENTATION_CONTEXT('2D SPACE',''
  ) );
#2777 = PCURVE('',#2778,#2783);
#2778 = CYLINDRICAL_SURFACE('',#2779,0.6);
#2779 = AXIS2_PLACEMENT_3D('',#2780,#2781,#2782);
#2780 = CARTESIAN_POINT('',(27.4705,25.674235832114,-8.));
#2781 = DIRECTION('',(-0.,-0.,1.));
#2782 = DIRECTION('',(1.,0.,0.));
#2783 = DEFINITIONAL_REPRESENTATION('',(#2784),#2788);
#2784 = LINE('',#2785,#2786);
#2785 = CARTESIAN_POINT('',(0.,0.));
#2786 = VECTOR('',#2787,1.);
#2787 = DIRECTION('',(0.,1.));
#2788 = ( GEOMETRIC_REPRESENTATION_CONTEXT(2) 
PARAMETRIC_REPRESENTATION_CONTEXT() REPRESENTATION_CONTEXT('2D SPACE',''
  ) );
#2789 = ORIENTED_EDGE('',*,*,#2790,.F.);
#2790 = EDGE_CURVE('',#2791,#2758,#2793,.T.);
#2791 = VERTEX_POINT('',#2792);
#2792 = CARTESIAN_POINT('',(26.8705,25.674235832114,-2.));
#2793 = SURFACE_CURVE('',#2794,(#2799,#2806),.PCURVE_S1.);
#2794 = CIRCLE('',#2795,0.6);
#2795 = AXIS2_PLACEMENT_3D('',#2796,#2797,#2798);
#2796 = CARTESIAN_POINT('',(27.4705,25.674235832114,-2.));
#2797 = DIRECTION('',(0.,0.,1.));
#2798 = DIRECTION('',(1.,0.,-0.));
#2799 = PCURVE('',#2766,#2800);
#2800 = DEFINITIONAL_REPRESENTATION('',(#2801),#2805);
#2801 = LINE('',#2802,#2803);
#2802 = CARTESIAN_POINT('',(0.,6.));
#2803 = VECTOR('',#2804,1.);
#2804 = DIRECTION('',(1.,0.));
#2805 = ( GEOMETRIC_REPRESENTATION_CONTEXT(2) 
PARAMETRIC_REPRESENTATION_CONTEXT() REPRESENTATION_CONTEXT('2D SPACE',''
  ) );
#2806 = PCURVE('',#102,#2807);
#2807 = DEFINITIONAL_REPRESENTATION('',(#2808),#2816);
#2808 = ( BOUNDED_CURVE() B_SPLINE_CURVE(2,(#2809,#2810,#2811,#2812,
#2813,#2814,#2815),.UNSPECIFIED.,.T.,.F.) B_SPLINE_CURVE_WITH_KNOTS((1,2
    ,2,2,2,1),(-2.094395102393,0.,2.094395102393,4.188790204786,
6.28318530718,8.377580409573),.UNSPECIFIED.) CURVE() 
GEOMETRIC_REPRESENTATION_ITEM() RATIONAL_B_SPLINE_CURVE((1.,0.5,1.,0.5,
1.,0.5,1.)) REPRESENTATION_ITEM('') );
#2809 = CARTESIAN_POINT('',(4.5,58.8205));
#2810 = CARTESIAN_POINT('',(5.539230484541,58.8205));
#2811 = CARTESIAN_POINT('',(5.019615242271,57.9205));
#2812 = CARTESIAN_POINT('',(4.5,57.0205));
#2813 = CARTESIAN_POINT('',(3.980384757729,57.9205));
#2814 = CARTESIAN_POINT('',(3.460769515459,58.8205));
#2815 = CARTESIAN_POINT('',(4.5,58.8205));
#2816 = ( GEOMETRIC_REPRESENTATION_CONTEXT(2) 
PARAMETRIC_REPRESENTATION_CONTEXT() REPRESENTATION_CONTEXT('2D SPACE',''
  ) );
#2817 = ORIENTED_EDGE('',*,*,#2818,.F.);
#2818 = EDGE_CURVE('',#2819,#2791,#2821,.T.);
#2819 = VERTEX_POINT('',#2820);
#2820 = CARTESIAN_POINT('',(26.8705,25.674235832114,-8.));
#2821 = SURFACE_CURVE('',#2822,(#2826,#2833),.PCURVE_S1.);
#2822 = LINE('',#2823,#2824);
#2823 = CARTESIAN_POINT('',(26.8705,25.674235832114,-8.));
#2824 = VECTOR('',#2825,1.);
#2825 = DIRECTION('',(-0.,-0.,1.));
#2826 = PCURVE('',#2766,#2827);
#2827 = DEFINITIONAL_REPRESENTATION('',(#2828),#2832);
#2828 = LINE('',#2829,#2830);
#2829 = CARTESIAN_POINT('',(3.14159265359,0.));
#2830 = VECTOR('',#2831,1.);
#2831 = DIRECTION('',(0.,1.));
#2832 = ( GEOMETRIC_REPRESENTATION_CONTEXT(2) 
PARAMETRIC_REPRESENTATION_CONTEXT() REPRESENTATION_CONTEXT('2D SPACE',''
  ) );
#2833 = PCURVE('',#2778,#2834);
#2834 = DEFINITIONAL_REPRESENTATION('',(#2835),#2839);
#2835 = LINE('',#2836,#2837);
#2836 = CARTESIAN_POINT('',(3.14159265359,0.));
#2837 = VECTOR('',#2838,1.);
#2838 = DIRECTION('',(0.,1.));
#2839 = ( GEOMETRIC_REPRESENTATION_CONTEXT(2) 
PARAMETRIC_REPRESENTATION_CONTEXT() REPRESENTATION_CONTEXT('2D SPACE',''
  ) );
#2840 = ORIENTED_EDGE('',*,*,#2841,.T.);
#2841 = EDGE_CURVE('',#2819,#2756,#2842,.T.);
#2842 = SURFACE_CURVE('',#2843,(#2848,#2855),.PCURVE_S1.);
#2843 = CIRCLE('',#2844,0.6);
#2844 = AXIS2_PLACEMENT_3D('',#2845,#2846,#2847);
#2845 = CARTESIAN_POINT('',(27.4705,25.674235832114,-8.));
#2846 = DIRECTION('',(0.,0.,1.));
#2847 = DIRECTION('',(1.,0.,-0.));
#2848 = PCURVE('',#2766,#2849);
#2849 = DEFINITIONAL_REPRESENTATION('',(#2850),#2854);
#2850 = LINE('',#2851,#2852);
#2851 = CARTESIAN_POINT('',(0.,0.));
#2852 = VECTOR('',#2853,1.);
#2853 = DIRECTION('',(1.,0.));
#2854 = ( GEOMETRIC_REPRESENTATION_CONTEXT(2) 
PARAMETRIC_REPRESENTATION_CONTEXT() REPRESENTATION_CONTEXT('2D SPACE',''
  ) );
#2855 = PCURVE('',#2856,#2861);
#2856 = PLANE('',#2857);
#2857 = AXIS2_PLACEMENT_3D('',#2858,#2859,#2860);
#2858 = CARTESIAN_POINT('',(27.4705,25.674235832114,-8.));
#2859 = DIRECTION('',(0.,0.,1.));
#2860 = DIRECTION('',(1.,0.,-0.));
#2861 = DEFINITIONAL_REPRESENTATION('',(#2862),#2866);
#2862 = CIRCLE('',#2863,0.6);
#2863 = AXIS2_PLACEMENT_2D('',#2864,#2865);
#2864 = CARTESIAN_POINT('',(0.,0.));
#2865 = DIRECTION('',(1.,0.));
#2866 = ( GEOMETRIC_REPRESENTATION_CONTEXT(2) 
PARAMETRIC_REPRESENTATION_CONTEXT() REPRESENTATION_CONTEXT('2D SPACE',''
  ) );
#2867 = ADVANCED_FACE('',(#2868),#2882,.F.);
#2868 = FACE_BOUND('',#2869,.F.);
#2869 = EDGE_LOOP('',(#2870,#2905,#2929,#2952));
#2870 = ORIENTED_EDGE('',*,*,#2871,.T.);
#2871 = EDGE_CURVE('',#2872,#2874,#2876,.T.);
#2872 = VERTEX_POINT('',#2873);
#2873 = CARTESIAN_POINT('',(17.313729199648,32.645656635972,-4.));
#2874 = VERTEX_POINT('',#2875);
#2875 = CARTESIAN_POINT('',(17.313729199648,32.645656635972,-2.));
#2876 = SURFACE_CURVE('',#2877,(#2881,#2893),.PCURVE_S1.);
#2877 = LINE('',#2878,#2879);
#2878 = CARTESIAN_POINT('',(17.313729199648,32.645656635972,-4.));
#2879 = VECTOR('',#2880,1.);
#2880 = DIRECTION('',(-0.,-0.,1.));
#2881 = PCURVE('',#2882,#2887);
#2882 = CYLINDRICAL_SURFACE('',#2883,0.6);
#2883 = AXIS2_PLACEMENT_3D('',#2884,#2885,#2886);
#2884 = CARTESIAN_POINT('',(16.713729199648,32.645656635972,-4.));
#2885 = DIRECTION('',(-0.,-0.,1.));
#2886 = DIRECTION('',(1.,0.,0.));
#2887 = DEFINITIONAL_REPRESENTATION('',(#2888),#2892);
#2888 = LINE('',#2889,#2890);
#2889 = CARTESIAN_POINT('',(6.28318530718,0.));
#2890 = VECTOR('',#2891,1.);
#2891 = DIRECTION('',(0.,1.));
#2892 = ( GEOMETRIC_REPRESENTATION_CONTEXT(2) 
PARAMETRIC_REPRESENTATION_CONTEXT() REPRESENTATION_CONTEXT('2D SPACE',''
  ) );
#2893 = PCURVE('',#2894,#2899);
#2894 = CYLINDRICAL_SURFACE('',#2895,0.6);
#2895 = AXIS2_PLACEMENT_3D('',#2896,#2897,#2898);
#2896 = CARTESIAN_POINT('',(16.713729199648,32.645656635972,-4.));
#2897 = DIRECTION('',(-0.,-0.,1.));
#2898 = DIRECTION('',(1.,0.,0.));
#2899 = DEFINITIONAL_REPRESENTATION('',(#2900),#2904);
#2900 = LINE('',#2901,#2902);
#2901 = CARTESIAN_POINT('',(0.,0.));
#2902 = VECTOR('',#2903,1.);
#2903 = DIRECTION('',(0.,1.));
#2904 = ( GEOMETRIC_REPRESENTATION_CONTEXT(2) 
PARAMETRIC_REPRESENTATION_CONTEXT() REPRESENTATION_CONTEXT('2D SPACE',''
  ) );
#2905 = ORIENTED_EDGE('',*,*,#2906,.T.);
#2906 = EDGE_CURVE('',#2874,#2907,#2909,.T.);
#2907 = VERTEX_POINT('',#2908);
#2908 = CARTESIAN_POINT('',(16.113729199648,32.645656635972,-2.));
#2909 = SURFACE_CURVE('',#2910,(#2915,#2922),.PCURVE_S1.);
#2910 = CIRCLE('',#2911,0.6);
#2911 = AXIS2_PLACEMENT_3D('',#2912,#2913,#2914);
#2912 = CARTESIAN_POINT('',(16.713729199648,32.645656635972,-2.));
#2913 = DIRECTION('',(0.,5.480694194524E-17,-1.));
#2914 = DIRECTION('',(0.,1.,5.480694194524E-17));
#2915 = PCURVE('',#2882,#2916);
#2916 = DEFINITIONAL_REPRESENTATION('',(#2917),#2921);
#2917 = LINE('',#2918,#2919);
#2918 = CARTESIAN_POINT('',(7.853981633974,2.));
#2919 = VECTOR('',#2920,1.);
#2920 = DIRECTION('',(-1.,0.));
#2921 = ( GEOMETRIC_REPRESENTATION_CONTEXT(2) 
PARAMETRIC_REPRESENTATION_CONTEXT() REPRESENTATION_CONTEXT('2D SPACE',''
  ) );
#2922 = PCURVE('',#102,#2923);
#2923 = DEFINITIONAL_REPRESENTATION('',(#2924),#2928);
#2924 = CIRCLE('',#2925,0.6);
#2925 = AXIS2_PLACEMENT_2D('',#2926,#2927);
#2926 = CARTESIAN_POINT('',(11.471420803857,47.463729199648));
#2927 = DIRECTION('',(1.,0.));
#2928 = ( GEOMETRIC_REPRESENTATION_CONTEXT(2) 
PARAMETRIC_REPRESENTATION_CONTEXT() REPRESENTATION_CONTEXT('2D SPACE',''
  ) );
#2929 = ORIENTED_EDGE('',*,*,#2930,.F.);
#2930 = EDGE_CURVE('',#2931,#2907,#2933,.T.);
#2931 = VERTEX_POINT('',#2932);
#2932 = CARTESIAN_POINT('',(16.113729199648,32.645656635972,-4.));
#2933 = SURFACE_CURVE('',#2934,(#2938,#2945),.PCURVE_S1.);
#2934 = LINE('',#2935,#2936);
#2935 = CARTESIAN_POINT('',(16.113729199648,32.645656635972,-4.));
#2936 = VECTOR('',#2937,1.);
#2937 = DIRECTION('',(-0.,-0.,1.));
#2938 = PCURVE('',#2882,#2939);
#2939 = DEFINITIONAL_REPRESENTATION('',(#2940),#2944);
#2940 = LINE('',#2941,#2942);
#2941 = CARTESIAN_POINT('',(3.14159265359,0.));
#2942 = VECTOR('',#2943,1.);
#2943 = DIRECTION('',(0.,1.));
#2944 = ( GEOMETRIC_REPRESENTATION_CONTEXT(2) 
PARAMETRIC_REPRESENTATION_CONTEXT() REPRESENTATION_CONTEXT('2D SPACE',''
  ) );
#2945 = PCURVE('',#2894,#2946);
#2946 = DEFINITIONAL_REPRESENTATION('',(#2947),#2951);
#2947 = LINE('',#2948,#2949);
#2948 = CARTESIAN_POINT('',(3.14159265359,0.));
#2949 = VECTOR('',#2950,1.);
#2950 = DIRECTION('',(0.,1.));
#2951 = ( GEOMETRIC_REPRESENTATION_CONTEXT(2) 
PARAMETRIC_REPRESENTATION_CONTEXT() REPRESENTATION_CONTEXT('2D SPACE',''
  ) );
#2952 = ORIENTED_EDGE('',*,*,#2953,.F.);
#2953 = EDGE_CURVE('',#2872,#2931,#2954,.T.);
#2954 = SURFACE_CURVE('',#2955,(#2960,#2967),.PCURVE_S1.);
#2955 = CIRCLE('',#2956,0.6);
#2956 = AXIS2_PLACEMENT_3D('',#2957,#2958,#2959);
#2957 = CARTESIAN_POINT('',(16.713729199648,32.645656635972,-4.));
#2958 = DIRECTION('',(0.,5.480694194524E-17,-1.));
#2959 = DIRECTION('',(0.,1.,5.480694194524E-17));
#2960 = PCURVE('',#2882,#2961);
#2961 = DEFINITIONAL_REPRESENTATION('',(#2962),#2966);
#2962 = LINE('',#2963,#2964);
#2963 = CARTESIAN_POINT('',(7.853981633974,0.));
#2964 = VECTOR('',#2965,1.);
#2965 = DIRECTION('',(-1.,0.));
#2966 = ( GEOMETRIC_REPRESENTATION_CONTEXT(2) 
PARAMETRIC_REPRESENTATION_CONTEXT() REPRESENTATION_CONTEXT('2D SPACE',''
  ) );
#2967 = PCURVE('',#2968,#2973);
#2968 = PLANE('',#2969);
#2969 = AXIS2_PLACEMENT_3D('',#2970,#2971,#2972);
#2970 = CARTESIAN_POINT('',(16.713729199648,32.645656635972,-4.));
#2971 = DIRECTION('',(0.,5.480694194524E-17,-1.));
#2972 = DIRECTION('',(0.,1.,5.480694194524E-17));
#2973 = DEFINITIONAL_REPRESENTATION('',(#2974),#2978);
#2974 = CIRCLE('',#2975,0.6);
#2975 = AXIS2_PLACEMENT_2D('',#2976,#2977);
#2976 = CARTESIAN_POINT('',(0.,0.));
#2977 = DIRECTION('',(1.,0.));
#2978 = ( GEOMETRIC_REPRESENTATION_CONTEXT(2) 
PARAMETRIC_REPRESENTATION_CONTEXT() REPRESENTATION_CONTEXT('2D SPACE',''
  ) );
#2979 = ADVANCED_FACE('',(#2980),#2994,.F.);
#2980 = FACE_BOUND('',#2981,.F.);
#2981 = EDGE_LOOP('',(#2982,#3017,#3041,#3064));
#2982 = ORIENTED_EDGE('',*,*,#2983,.T.);
#2983 = EDGE_CURVE('',#2984,#2986,#2988,.T.);
#2984 = VERTEX_POINT('',#2985);
#2985 = CARTESIAN_POINT('',(-11.11372919964,32.645656635972,-4.));
#2986 = VERTEX_POINT('',#2987);
#2987 = CARTESIAN_POINT('',(-11.11372919964,32.645656635972,-2.));
#2988 = SURFACE_CURVE('',#2989,(#2993,#3005),.PCURVE_S1.);
#2989 = LINE('',#2990,#2991);
#2990 = CARTESIAN_POINT('',(-11.11372919964,32.645656635972,-4.));
#2991 = VECTOR('',#2992,1.);
#2992 = DIRECTION('',(-0.,-0.,1.));
#2993 = PCURVE('',#2994,#2999);
#2994 = CYLINDRICAL_SURFACE('',#2995,0.6);
#2995 = AXIS2_PLACEMENT_3D('',#2996,#2997,#2998);
#2996 = CARTESIAN_POINT('',(-11.71372919964,32.645656635972,-4.));
#2997 = DIRECTION('',(-0.,-0.,1.));
#2998 = DIRECTION('',(1.,0.,0.));
#2999 = DEFINITIONAL_REPRESENTATION('',(#3000),#3004);
#3000 = LINE('',#3001,#3002);
#3001 = CARTESIAN_POINT('',(6.28318530718,0.));
#3002 = VECTOR('',#3003,1.);
#3003 = DIRECTION('',(0.,1.));
#3004 = ( GEOMETRIC_REPRESENTATION_CONTEXT(2) 
PARAMETRIC_REPRESENTATION_CONTEXT() REPRESENTATION_CONTEXT('2D SPACE',''
  ) );
#3005 = PCURVE('',#3006,#3011);
#3006 = CYLINDRICAL_SURFACE('',#3007,0.6);
#3007 = AXIS2_PLACEMENT_3D('',#3008,#3009,#3010);
#3008 = CARTESIAN_POINT('',(-11.71372919964,32.645656635972,-4.));
#3009 = DIRECTION('',(-0.,-0.,1.));
#3010 = DIRECTION('',(1.,0.,0.));
#3011 = DEFINITIONAL_REPRESENTATION('',(#3012),#3016);
#3012 = LINE('',#3013,#3014);
#3013 = CARTESIAN_POINT('',(0.,0.));
#3014 = VECTOR('',#3015,1.);
#3015 = DIRECTION('',(0.,1.));
#3016 = ( GEOMETRIC_REPRESENTATION_CONTEXT(2) 
PARAMETRIC_REPRESENTATION_CONTEXT() REPRESENTATION_CONTEXT('2D SPACE',''
  ) );
#3017 = ORIENTED_EDGE('',*,*,#3018,.T.);
#3018 = EDGE_CURVE('',#2986,#3019,#3021,.T.);
#3019 = VERTEX_POINT('',#3020);
#3020 = CARTESIAN_POINT('',(-12.31372919964,32.645656635972,-2.));
#3021 = SURFACE_CURVE('',#3022,(#3027,#3034),.PCURVE_S1.);
#3022 = CIRCLE('',#3023,0.6);
#3023 = AXIS2_PLACEMENT_3D('',#3024,#3025,#3026);
#3024 = CARTESIAN_POINT('',(-11.71372919964,32.645656635972,-2.));
#3025 = DIRECTION('',(0.,5.480694194524E-17,-1.));
#3026 = DIRECTION('',(0.,1.,5.480694194524E-17));
#3027 = PCURVE('',#2994,#3028);
#3028 = DEFINITIONAL_REPRESENTATION('',(#3029),#3033);
#3029 = LINE('',#3030,#3031);
#3030 = CARTESIAN_POINT('',(7.853981633974,2.));
#3031 = VECTOR('',#3032,1.);
#3032 = DIRECTION('',(-1.,0.));
#3033 = ( GEOMETRIC_REPRESENTATION_CONTEXT(2) 
PARAMETRIC_REPRESENTATION_CONTEXT() REPRESENTATION_CONTEXT('2D SPACE',''
  ) );
#3034 = PCURVE('',#102,#3035);
#3035 = DEFINITIONAL_REPRESENTATION('',(#3036),#3040);
#3036 = CIRCLE('',#3037,0.6);
#3037 = AXIS2_PLACEMENT_2D('',#3038,#3039);
#3038 = CARTESIAN_POINT('',(11.471420803857,19.036270800352));
#3039 = DIRECTION('',(1.,0.));
#3040 = ( GEOMETRIC_REPRESENTATION_CONTEXT(2) 
PARAMETRIC_REPRESENTATION_CONTEXT() REPRESENTATION_CONTEXT('2D SPACE',''
  ) );
#3041 = ORIENTED_EDGE('',*,*,#3042,.F.);
#3042 = EDGE_CURVE('',#3043,#3019,#3045,.T.);
#3043 = VERTEX_POINT('',#3044);
#3044 = CARTESIAN_POINT('',(-12.31372919964,32.645656635972,-4.));
#3045 = SURFACE_CURVE('',#3046,(#3050,#3057),.PCURVE_S1.);
#3046 = LINE('',#3047,#3048);
#3047 = CARTESIAN_POINT('',(-12.31372919964,32.645656635972,-4.));
#3048 = VECTOR('',#3049,1.);
#3049 = DIRECTION('',(-0.,-0.,1.));
#3050 = PCURVE('',#2994,#3051);
#3051 = DEFINITIONAL_REPRESENTATION('',(#3052),#3056);
#3052 = LINE('',#3053,#3054);
#3053 = CARTESIAN_POINT('',(3.14159265359,0.));
#3054 = VECTOR('',#3055,1.);
#3055 = DIRECTION('',(0.,1.));
#3056 = ( GEOMETRIC_REPRESENTATION_CONTEXT(2) 
PARAMETRIC_REPRESENTATION_CONTEXT() REPRESENTATION_CONTEXT('2D SPACE',''
  ) );
#3057 = PCURVE('',#3006,#3058);
#3058 = DEFINITIONAL_REPRESENTATION('',(#3059),#3063);
#3059 = LINE('',#3060,#3061);
#3060 = CARTESIAN_POINT('',(3.14159265359,0.));
#3061 = VECTOR('',#3062,1.);
#3062 = DIRECTION('',(0.,1.));
#3063 = ( GEOMETRIC_REPRESENTATION_CONTEXT(2) 
PARAMETRIC_REPRESENTATION_CONTEXT() REPRESENTATION_CONTEXT('2D SPACE',''
  ) );
#3064 = ORIENTED_EDGE('',*,*,#3065,.F.);
#3065 = EDGE_CURVE('',#2984,#3043,#3066,.T.);
#3066 = SURFACE_CURVE('',#3067,(#3072,#3079),.PCURVE_S1.);
#3067 = CIRCLE('',#3068,0.6);
#3068 = AXIS2_PLACEMENT_3D('',#3069,#3070,#3071);
#3069 = CARTESIAN_POINT('',(-11.71372919964,32.645656635972,-4.));
#3070 = DIRECTION('',(0.,5.480694194524E-17,-1.));
#3071 = DIRECTION('',(0.,1.,5.480694194524E-17));
#3072 = PCURVE('',#2994,#3073);
#3073 = DEFINITIONAL_REPRESENTATION('',(#3074),#3078);
#3074 = LINE('',#3075,#3076);
#3075 = CARTESIAN_POINT('',(7.853981633974,0.));
#3076 = VECTOR('',#3077,1.);
#3077 = DIRECTION('',(-1.,0.));
#3078 = ( GEOMETRIC_REPRESENTATION_CONTEXT(2) 
PARAMETRIC_REPRESENTATION_CONTEXT() REPRESENTATION_CONTEXT('2D SPACE',''
  ) );
#3079 = PCURVE('',#3080,#3085);
#3080 = PLANE('',#3081);
#3081 = AXIS2_PLACEMENT_3D('',#3082,#3083,#3084);
#3082 = CARTESIAN_POINT('',(-11.71372919964,32.645656635972,-4.));
#3083 = DIRECTION('',(0.,5.480694194524E-17,-1.));
#3084 = DIRECTION('',(0.,1.,5.480694194524E-17));
#3085 = DEFINITIONAL_REPRESENTATION('',(#3086),#3090);
#3086 = CIRCLE('',#3087,0.6);
#3087 = AXIS2_PLACEMENT_2D('',#3088,#3089);
#3088 = CARTESIAN_POINT('',(0.,0.));
#3089 = DIRECTION('',(1.,0.));
#3090 = ( GEOMETRIC_REPRESENTATION_CONTEXT(2) 
PARAMETRIC_REPRESENTATION_CONTEXT() REPRESENTATION_CONTEXT('2D SPACE',''
  ) );
#3091 = ADVANCED_FACE('',(#3092),#3106,.F.);
#3092 = FACE_BOUND('',#3093,.F.);
#3093 = EDGE_LOOP('',(#3094,#3129,#3153,#3176));
#3094 = ORIENTED_EDGE('',*,*,#3095,.T.);
#3095 = EDGE_CURVE('',#3096,#3098,#3100,.T.);
#3096 = VERTEX_POINT('',#3097);
#3097 = CARTESIAN_POINT('',(-6.113729199648,32.645656635972,-4.));
#3098 = VERTEX_POINT('',#3099);
#3099 = CARTESIAN_POINT('',(-6.113729199648,32.645656635972,-2.));
#3100 = SURFACE_CURVE('',#3101,(#3105,#3117),.PCURVE_S1.);
#3101 = LINE('',#3102,#3103);
#3102 = CARTESIAN_POINT('',(-6.113729199648,32.645656635972,-4.));
#3103 = VECTOR('',#3104,1.);
#3104 = DIRECTION('',(-0.,-0.,1.));
#3105 = PCURVE('',#3106,#3111);
#3106 = CYLINDRICAL_SURFACE('',#3107,0.6);
#3107 = AXIS2_PLACEMENT_3D('',#3108,#3109,#3110);
#3108 = CARTESIAN_POINT('',(-6.713729199648,32.645656635972,-4.));
#3109 = DIRECTION('',(-0.,-0.,1.));
#3110 = DIRECTION('',(1.,0.,0.));
#3111 = DEFINITIONAL_REPRESENTATION('',(#3112),#3116);
#3112 = LINE('',#3113,#3114);
#3113 = CARTESIAN_POINT('',(6.28318530718,0.));
#3114 = VECTOR('',#3115,1.);
#3115 = DIRECTION('',(0.,1.));
#3116 = ( GEOMETRIC_REPRESENTATION_CONTEXT(2) 
PARAMETRIC_REPRESENTATION_CONTEXT() REPRESENTATION_CONTEXT('2D SPACE',''
  ) );
#3117 = PCURVE('',#3118,#3123);
#3118 = CYLINDRICAL_SURFACE('',#3119,0.6);
#3119 = AXIS2_PLACEMENT_3D('',#3120,#3121,#3122);
#3120 = CARTESIAN_POINT('',(-6.713729199648,32.645656635972,-4.));
#3121 = DIRECTION('',(-0.,-0.,1.));
#3122 = DIRECTION('',(1.,0.,0.));
#3123 = DEFINITIONAL_REPRESENTATION('',(#3124),#3128);
#3124 = LINE('',#3125,#3126);
#3125 = CARTESIAN_POINT('',(0.,0.));
#3126 = VECTOR('',#3127,1.);
#3127 = DIRECTION('',(0.,1.));
#3128 = ( GEOMETRIC_REPRESENTATION_CONTEXT(2) 
PARAMETRIC_REPRESENTATION_CONTEXT() REPRESENTATION_CONTEXT('2D SPACE',''
  ) );
#3129 = ORIENTED_EDGE('',*,*,#3130,.T.);
#3130 = EDGE_CURVE('',#3098,#3131,#3133,.T.);
#3131 = VERTEX_POINT('',#3132);
#3132 = CARTESIAN_POINT('',(-7.313729199648,32.645656635972,-2.));
#3133 = SURFACE_CURVE('',#3134,(#3139,#3146),.PCURVE_S1.);
#3134 = CIRCLE('',#3135,0.6);
#3135 = AXIS2_PLACEMENT_3D('',#3136,#3137,#3138);
#3136 = CARTESIAN_POINT('',(-6.713729199648,32.645656635972,-2.));
#3137 = DIRECTION('',(0.,5.480694194524E-17,-1.));
#3138 = DIRECTION('',(0.,1.,5.480694194524E-17));
#3139 = PCURVE('',#3106,#3140);
#3140 = DEFINITIONAL_REPRESENTATION('',(#3141),#3145);
#3141 = LINE('',#3142,#3143);
#3142 = CARTESIAN_POINT('',(7.853981633974,2.));
#3143 = VECTOR('',#3144,1.);
#3144 = DIRECTION('',(-1.,0.));
#3145 = ( GEOMETRIC_REPRESENTATION_CONTEXT(2) 
PARAMETRIC_REPRESENTATION_CONTEXT() REPRESENTATION_CONTEXT('2D SPACE',''
  ) );
#3146 = PCURVE('',#102,#3147);
#3147 = DEFINITIONAL_REPRESENTATION('',(#3148),#3152);
#3148 = CIRCLE('',#3149,0.6);
#3149 = AXIS2_PLACEMENT_2D('',#3150,#3151);
#3150 = CARTESIAN_POINT('',(11.471420803857,24.036270800352));
#3151 = DIRECTION('',(1.,0.));
#3152 = ( GEOMETRIC_REPRESENTATION_CONTEXT(2) 
PARAMETRIC_REPRESENTATION_CONTEXT() REPRESENTATION_CONTEXT('2D SPACE',''
  ) );
#3153 = ORIENTED_EDGE('',*,*,#3154,.F.);
#3154 = EDGE_CURVE('',#3155,#3131,#3157,.T.);
#3155 = VERTEX_POINT('',#3156);
#3156 = CARTESIAN_POINT('',(-7.313729199648,32.645656635972,-4.));
#3157 = SURFACE_CURVE('',#3158,(#3162,#3169),.PCURVE_S1.);
#3158 = LINE('',#3159,#3160);
#3159 = CARTESIAN_POINT('',(-7.313729199648,32.645656635972,-4.));
#3160 = VECTOR('',#3161,1.);
#3161 = DIRECTION('',(-0.,-0.,1.));
#3162 = PCURVE('',#3106,#3163);
#3163 = DEFINITIONAL_REPRESENTATION('',(#3164),#3168);
#3164 = LINE('',#3165,#3166);
#3165 = CARTESIAN_POINT('',(3.14159265359,0.));
#3166 = VECTOR('',#3167,1.);
#3167 = DIRECTION('',(0.,1.));
#3168 = ( GEOMETRIC_REPRESENTATION_CONTEXT(2) 
PARAMETRIC_REPRESENTATION_CONTEXT() REPRESENTATION_CONTEXT('2D SPACE',''
  ) );
#3169 = PCURVE('',#3118,#3170);
#3170 = DEFINITIONAL_REPRESENTATION('',(#3171),#3175);
#3171 = LINE('',#3172,#3173);
#3172 = CARTESIAN_POINT('',(3.14159265359,0.));
#3173 = VECTOR('',#3174,1.);
#3174 = DIRECTION('',(0.,1.));
#3175 = ( GEOMETRIC_REPRESENTATION_CONTEXT(2) 
PARAMETRIC_REPRESENTATION_CONTEXT() REPRESENTATION_CONTEXT('2D SPACE',''
  ) );
#3176 = ORIENTED_EDGE('',*,*,#3177,.F.);
#3177 = EDGE_CURVE('',#3096,#3155,#3178,.T.);
#3178 = SURFACE_CURVE('',#3179,(#3184,#3191),.PCURVE_S1.);
#3179 = CIRCLE('',#3180,0.6);
#3180 = AXIS2_PLACEMENT_3D('',#3181,#3182,#3183);
#3181 = CARTESIAN_POINT('',(-6.713729199648,32.645656635972,-4.));
#3182 = DIRECTION('',(0.,5.480694194524E-17,-1.));
#3183 = DIRECTION('',(0.,1.,5.480694194524E-17));
#3184 = PCURVE('',#3106,#3185);
#3185 = DEFINITIONAL_REPRESENTATION('',(#3186),#3190);
#3186 = LINE('',#3187,#3188);
#3187 = CARTESIAN_POINT('',(7.853981633974,0.));
#3188 = VECTOR('',#3189,1.);
#3189 = DIRECTION('',(-1.,0.));
#3190 = ( GEOMETRIC_REPRESENTATION_CONTEXT(2) 
PARAMETRIC_REPRESENTATION_CONTEXT() REPRESENTATION_CONTEXT('2D SPACE',''
  ) );
#3191 = PCURVE('',#3192,#3197);
#3192 = PLANE('',#3193);
#3193 = AXIS2_PLACEMENT_3D('',#3194,#3195,#3196);
#3194 = CARTESIAN_POINT('',(-6.713729199648,32.645656635972,-4.));
#3195 = DIRECTION('',(0.,5.480694194524E-17,-1.));
#3196 = DIRECTION('',(0.,1.,5.480694194524E-17));
#3197 = DEFINITIONAL_REPRESENTATION('',(#3198),#3202);
#3198 = CIRCLE('',#3199,0.6);
#3199 = AXIS2_PLACEMENT_2D('',#3200,#3201);
#3200 = CARTESIAN_POINT('',(0.,0.));
#3201 = DIRECTION('',(1.,0.));
#3202 = ( GEOMETRIC_REPRESENTATION_CONTEXT(2) 
PARAMETRIC_REPRESENTATION_CONTEXT() REPRESENTATION_CONTEXT('2D SPACE',''
  ) );
#3203 = ADVANCED_FACE('',(#3204),#3218,.F.);
#3204 = FACE_BOUND('',#3205,.F.);
#3205 = EDGE_LOOP('',(#3206,#3241,#3265,#3288));
#3206 = ORIENTED_EDGE('',*,*,#3207,.T.);
#3207 = EDGE_CURVE('',#3208,#3210,#3212,.T.);
#3208 = VERTEX_POINT('',#3209);
#3209 = CARTESIAN_POINT('',(-16.11372919964,32.645656635972,-4.));
#3210 = VERTEX_POINT('',#3211);
#3211 = CARTESIAN_POINT('',(-16.11372919964,32.645656635972,-2.));
#3212 = SURFACE_CURVE('',#3213,(#3217,#3229),.PCURVE_S1.);
#3213 = LINE('',#3214,#3215);
#3214 = CARTESIAN_POINT('',(-16.11372919964,32.645656635972,-4.));
#3215 = VECTOR('',#3216,1.);
#3216 = DIRECTION('',(-0.,-0.,1.));
#3217 = PCURVE('',#3218,#3223);
#3218 = CYLINDRICAL_SURFACE('',#3219,0.6);
#3219 = AXIS2_PLACEMENT_3D('',#3220,#3221,#3222);
#3220 = CARTESIAN_POINT('',(-16.71372919964,32.645656635972,-4.));
#3221 = DIRECTION('',(-0.,-0.,1.));
#3222 = DIRECTION('',(1.,0.,0.));
#3223 = DEFINITIONAL_REPRESENTATION('',(#3224),#3228);
#3224 = LINE('',#3225,#3226);
#3225 = CARTESIAN_POINT('',(6.28318530718,0.));
#3226 = VECTOR('',#3227,1.);
#3227 = DIRECTION('',(0.,1.));
#3228 = ( GEOMETRIC_REPRESENTATION_CONTEXT(2) 
PARAMETRIC_REPRESENTATION_CONTEXT() REPRESENTATION_CONTEXT('2D SPACE',''
  ) );
#3229 = PCURVE('',#3230,#3235);
#3230 = CYLINDRICAL_SURFACE('',#3231,0.6);
#3231 = AXIS2_PLACEMENT_3D('',#3232,#3233,#3234);
#3232 = CARTESIAN_POINT('',(-16.71372919964,32.645656635972,-4.));
#3233 = DIRECTION('',(-0.,-0.,1.));
#3234 = DIRECTION('',(1.,0.,0.));
#3235 = DEFINITIONAL_REPRESENTATION('',(#3236),#3240);
#3236 = LINE('',#3237,#3238);
#3237 = CARTESIAN_POINT('',(0.,0.));
#3238 = VECTOR('',#3239,1.);
#3239 = DIRECTION('',(0.,1.));
#3240 = ( GEOMETRIC_REPRESENTATION_CONTEXT(2) 
PARAMETRIC_REPRESENTATION_CONTEXT() REPRESENTATION_CONTEXT('2D SPACE',''
  ) );
#3241 = ORIENTED_EDGE('',*,*,#3242,.T.);
#3242 = EDGE_CURVE('',#3210,#3243,#3245,.T.);
#3243 = VERTEX_POINT('',#3244);
#3244 = CARTESIAN_POINT('',(-17.31372919964,32.645656635972,-2.));
#3245 = SURFACE_CURVE('',#3246,(#3251,#3258),.PCURVE_S1.);
#3246 = CIRCLE('',#3247,0.6);
#3247 = AXIS2_PLACEMENT_3D('',#3248,#3249,#3250);
#3248 = CARTESIAN_POINT('',(-16.71372919964,32.645656635972,-2.));
#3249 = DIRECTION('',(0.,5.480694194524E-17,-1.));
#3250 = DIRECTION('',(0.,1.,5.480694194524E-17));
#3251 = PCURVE('',#3218,#3252);
#3252 = DEFINITIONAL_REPRESENTATION('',(#3253),#3257);
#3253 = LINE('',#3254,#3255);
#3254 = CARTESIAN_POINT('',(7.853981633974,2.));
#3255 = VECTOR('',#3256,1.);
#3256 = DIRECTION('',(-1.,0.));
#3257 = ( GEOMETRIC_REPRESENTATION_CONTEXT(2) 
PARAMETRIC_REPRESENTATION_CONTEXT() REPRESENTATION_CONTEXT('2D SPACE',''
  ) );
#3258 = PCURVE('',#102,#3259);
#3259 = DEFINITIONAL_REPRESENTATION('',(#3260),#3264);
#3260 = CIRCLE('',#3261,0.6);
#3261 = AXIS2_PLACEMENT_2D('',#3262,#3263);
#3262 = CARTESIAN_POINT('',(11.471420803857,14.036270800352));
#3263 = DIRECTION('',(1.,0.));
#3264 = ( GEOMETRIC_REPRESENTATION_CONTEXT(2) 
PARAMETRIC_REPRESENTATION_CONTEXT() REPRESENTATION_CONTEXT('2D SPACE',''
  ) );
#3265 = ORIENTED_EDGE('',*,*,#3266,.F.);
#3266 = EDGE_CURVE('',#3267,#3243,#3269,.T.);
#3267 = VERTEX_POINT('',#3268);
#3268 = CARTESIAN_POINT('',(-17.31372919964,32.645656635972,-4.));
#3269 = SURFACE_CURVE('',#3270,(#3274,#3281),.PCURVE_S1.);
#3270 = LINE('',#3271,#3272);
#3271 = CARTESIAN_POINT('',(-17.31372919964,32.645656635972,-4.));
#3272 = VECTOR('',#3273,1.);
#3273 = DIRECTION('',(-0.,-0.,1.));
#3274 = PCURVE('',#3218,#3275);
#3275 = DEFINITIONAL_REPRESENTATION('',(#3276),#3280);
#3276 = LINE('',#3277,#3278);
#3277 = CARTESIAN_POINT('',(3.14159265359,0.));
#3278 = VECTOR('',#3279,1.);
#3279 = DIRECTION('',(0.,1.));
#3280 = ( GEOMETRIC_REPRESENTATION_CONTEXT(2) 
PARAMETRIC_REPRESENTATION_CONTEXT() REPRESENTATION_CONTEXT('2D SPACE',''
  ) );
#3281 = PCURVE('',#3230,#3282);
#3282 = DEFINITIONAL_REPRESENTATION('',(#3283),#3287);
#3283 = LINE('',#3284,#3285);
#3284 = CARTESIAN_POINT('',(3.14159265359,0.));
#3285 = VECTOR('',#3286,1.);
#3286 = DIRECTION('',(0.,1.));
#3287 = ( GEOMETRIC_REPRESENTATION_CONTEXT(2) 
PARAMETRIC_REPRESENTATION_CONTEXT() REPRESENTATION_CONTEXT('2D SPACE',''
  ) );
#3288 = ORIENTED_EDGE('',*,*,#3289,.F.);
#3289 = EDGE_CURVE('',#3208,#3267,#3290,.T.);
#3290 = SURFACE_CURVE('',#3291,(#3296,#3303),.PCURVE_S1.);
#3291 = CIRCLE('',#3292,0.6);
#3292 = AXIS2_PLACEMENT_3D('',#3293,#3294,#3295);
#3293 = CARTESIAN_POINT('',(-16.71372919964,32.645656635972,-4.));
#3294 = DIRECTION('',(0.,5.480694194524E-17,-1.));
#3295 = DIRECTION('',(0.,1.,5.480694194524E-17));
#3296 = PCURVE('',#3218,#3297);
#3297 = DEFINITIONAL_REPRESENTATION('',(#3298),#3302);
#3298 = LINE('',#3299,#3300);
#3299 = CARTESIAN_POINT('',(7.853981633974,0.));
#3300 = VECTOR('',#3301,1.);
#3301 = DIRECTION('',(-1.,0.));
#3302 = ( GEOMETRIC_REPRESENTATION_CONTEXT(2) 
PARAMETRIC_REPRESENTATION_CONTEXT() REPRESENTATION_CONTEXT('2D SPACE',''
  ) );
#3303 = PCURVE('',#3304,#3309);
#3304 = PLANE('',#3305);
#3305 = AXIS2_PLACEMENT_3D('',#3306,#3307,#3308);
#3306 = CARTESIAN_POINT('',(-16.71372919964,32.645656635972,-4.));
#3307 = DIRECTION('',(0.,5.480694194524E-17,-1.));
#3308 = DIRECTION('',(0.,1.,5.480694194524E-17));
#3309 = DEFINITIONAL_REPRESENTATION('',(#3310),#3314);
#3310 = CIRCLE('',#3311,0.6);
#3311 = AXIS2_PLACEMENT_2D('',#3312,#3313);
#3312 = CARTESIAN_POINT('',(0.,0.));
#3313 = DIRECTION('',(1.,0.));
#3314 = ( GEOMETRIC_REPRESENTATION_CONTEXT(2) 
PARAMETRIC_REPRESENTATION_CONTEXT() REPRESENTATION_CONTEXT('2D SPACE',''
  ) );
#3315 = ADVANCED_FACE('',(#3316),#3330,.F.);
#3316 = FACE_BOUND('',#3317,.F.);
#3317 = EDGE_LOOP('',(#3318,#3353,#3377,#3400));
#3318 = ORIENTED_EDGE('',*,*,#3319,.T.);
#3319 = EDGE_CURVE('',#3320,#3322,#3324,.T.);
#3320 = VERTEX_POINT('',#3321);
#3321 = CARTESIAN_POINT('',(12.313729199648,32.645656635972,-4.));
#3322 = VERTEX_POINT('',#3323);
#3323 = CARTESIAN_POINT('',(12.313729199648,32.645656635972,-2.));
#3324 = SURFACE_CURVE('',#3325,(#3329,#3341),.PCURVE_S1.);
#3325 = LINE('',#3326,#3327);
#3326 = CARTESIAN_POINT('',(12.313729199648,32.645656635972,-4.));
#3327 = VECTOR('',#3328,1.);
#3328 = DIRECTION('',(-0.,-0.,1.));
#3329 = PCURVE('',#3330,#3335);
#3330 = CYLINDRICAL_SURFACE('',#3331,0.6);
#3331 = AXIS2_PLACEMENT_3D('',#3332,#3333,#3334);
#3332 = CARTESIAN_POINT('',(11.713729199648,32.645656635972,-4.));
#3333 = DIRECTION('',(-0.,-0.,1.));
#3334 = DIRECTION('',(1.,0.,0.));
#3335 = DEFINITIONAL_REPRESENTATION('',(#3336),#3340);
#3336 = LINE('',#3337,#3338);
#3337 = CARTESIAN_POINT('',(6.28318530718,0.));
#3338 = VECTOR('',#3339,1.);
#3339 = DIRECTION('',(0.,1.));
#3340 = ( GEOMETRIC_REPRESENTATION_CONTEXT(2) 
PARAMETRIC_REPRESENTATION_CONTEXT() REPRESENTATION_CONTEXT('2D SPACE',''
  ) );
#3341 = PCURVE('',#3342,#3347);
#3342 = CYLINDRICAL_SURFACE('',#3343,0.6);
#3343 = AXIS2_PLACEMENT_3D('',#3344,#3345,#3346);
#3344 = CARTESIAN_POINT('',(11.713729199648,32.645656635972,-4.));
#3345 = DIRECTION('',(-0.,-0.,1.));
#3346 = DIRECTION('',(1.,0.,0.));
#3347 = DEFINITIONAL_REPRESENTATION('',(#3348),#3352);
#3348 = LINE('',#3349,#3350);
#3349 = CARTESIAN_POINT('',(0.,0.));
#3350 = VECTOR('',#3351,1.);
#3351 = DIRECTION('',(0.,1.));
#3352 = ( GEOMETRIC_REPRESENTATION_CONTEXT(2) 
PARAMETRIC_REPRESENTATION_CONTEXT() REPRESENTATION_CONTEXT('2D SPACE',''
  ) );
#3353 = ORIENTED_EDGE('',*,*,#3354,.T.);
#3354 = EDGE_CURVE('',#3322,#3355,#3357,.T.);
#3355 = VERTEX_POINT('',#3356);
#3356 = CARTESIAN_POINT('',(11.113729199648,32.645656635972,-2.));
#3357 = SURFACE_CURVE('',#3358,(#3363,#3370),.PCURVE_S1.);
#3358 = CIRCLE('',#3359,0.6);
#3359 = AXIS2_PLACEMENT_3D('',#3360,#3361,#3362);
#3360 = CARTESIAN_POINT('',(11.713729199648,32.645656635972,-2.));
#3361 = DIRECTION('',(0.,5.480694194524E-17,-1.));
#3362 = DIRECTION('',(0.,1.,5.480694194524E-17));
#3363 = PCURVE('',#3330,#3364);
#3364 = DEFINITIONAL_REPRESENTATION('',(#3365),#3369);
#3365 = LINE('',#3366,#3367);
#3366 = CARTESIAN_POINT('',(7.853981633974,2.));
#3367 = VECTOR('',#3368,1.);
#3368 = DIRECTION('',(-1.,0.));
#3369 = ( GEOMETRIC_REPRESENTATION_CONTEXT(2) 
PARAMETRIC_REPRESENTATION_CONTEXT() REPRESENTATION_CONTEXT('2D SPACE',''
  ) );
#3370 = PCURVE('',#102,#3371);
#3371 = DEFINITIONAL_REPRESENTATION('',(#3372),#3376);
#3372 = CIRCLE('',#3373,0.6);
#3373 = AXIS2_PLACEMENT_2D('',#3374,#3375);
#3374 = CARTESIAN_POINT('',(11.471420803857,42.463729199648));
#3375 = DIRECTION('',(1.,0.));
#3376 = ( GEOMETRIC_REPRESENTATION_CONTEXT(2) 
PARAMETRIC_REPRESENTATION_CONTEXT() REPRESENTATION_CONTEXT('2D SPACE',''
  ) );
#3377 = ORIENTED_EDGE('',*,*,#3378,.F.);
#3378 = EDGE_CURVE('',#3379,#3355,#3381,.T.);
#3379 = VERTEX_POINT('',#3380);
#3380 = CARTESIAN_POINT('',(11.113729199648,32.645656635972,-4.));
#3381 = SURFACE_CURVE('',#3382,(#3386,#3393),.PCURVE_S1.);
#3382 = LINE('',#3383,#3384);
#3383 = CARTESIAN_POINT('',(11.113729199648,32.645656635972,-4.));
#3384 = VECTOR('',#3385,1.);
#3385 = DIRECTION('',(-0.,-0.,1.));
#3386 = PCURVE('',#3330,#3387);
#3387 = DEFINITIONAL_REPRESENTATION('',(#3388),#3392);
#3388 = LINE('',#3389,#3390);
#3389 = CARTESIAN_POINT('',(3.14159265359,0.));
#3390 = VECTOR('',#3391,1.);
#3391 = DIRECTION('',(0.,1.));
#3392 = ( GEOMETRIC_REPRESENTATION_CONTEXT(2) 
PARAMETRIC_REPRESENTATION_CONTEXT() REPRESENTATION_CONTEXT('2D SPACE',''
  ) );
#3393 = PCURVE('',#3342,#3394);
#3394 = DEFINITIONAL_REPRESENTATION('',(#3395),#3399);
#3395 = LINE('',#3396,#3397);
#3396 = CARTESIAN_POINT('',(3.14159265359,0.));
#3397 = VECTOR('',#3398,1.);
#3398 = DIRECTION('',(0.,1.));
#3399 = ( GEOMETRIC_REPRESENTATION_CONTEXT(2) 
PARAMETRIC_REPRESENTATION_CONTEXT() REPRESENTATION_CONTEXT('2D SPACE',''
  ) );
#3400 = ORIENTED_EDGE('',*,*,#3401,.F.);
#3401 = EDGE_CURVE('',#3320,#3379,#3402,.T.);
#3402 = SURFACE_CURVE('',#3403,(#3408,#3415),.PCURVE_S1.);
#3403 = CIRCLE('',#3404,0.6);
#3404 = AXIS2_PLACEMENT_3D('',#3405,#3406,#3407);
#3405 = CARTESIAN_POINT('',(11.713729199648,32.645656635972,-4.));
#3406 = DIRECTION('',(0.,5.480694194524E-17,-1.));
#3407 = DIRECTION('',(0.,1.,5.480694194524E-17));
#3408 = PCURVE('',#3330,#3409);
#3409 = DEFINITIONAL_REPRESENTATION('',(#3410),#3414);
#3410 = LINE('',#3411,#3412);
#3411 = CARTESIAN_POINT('',(7.853981633974,0.));
#3412 = VECTOR('',#3413,1.);
#3413 = DIRECTION('',(-1.,0.));
#3414 = ( GEOMETRIC_REPRESENTATION_CONTEXT(2) 
PARAMETRIC_REPRESENTATION_CONTEXT() REPRESENTATION_CONTEXT('2D SPACE',''
  ) );
#3415 = PCURVE('',#3416,#3421);
#3416 = PLANE('',#3417);
#3417 = AXIS2_PLACEMENT_3D('',#3418,#3419,#3420);
#3418 = CARTESIAN_POINT('',(11.713729199648,32.645656635972,-4.));
#3419 = DIRECTION('',(0.,5.480694194524E-17,-1.));
#3420 = DIRECTION('',(0.,1.,5.480694194524E-17));
#3421 = DEFINITIONAL_REPRESENTATION('',(#3422),#3426);
#3422 = CIRCLE('',#3423,0.6);
#3423 = AXIS2_PLACEMENT_2D('',#3424,#3425);
#3424 = CARTESIAN_POINT('',(0.,0.));
#3425 = DIRECTION('',(1.,0.));
#3426 = ( GEOMETRIC_REPRESENTATION_CONTEXT(2) 
PARAMETRIC_REPRESENTATION_CONTEXT() REPRESENTATION_CONTEXT('2D SPACE',''
  ) );
#3427 = ADVANCED_FACE('',(#3428),#3442,.F.);
#3428 = FACE_BOUND('',#3429,.F.);
#3429 = EDGE_LOOP('',(#3430,#3465,#3489,#3512));
#3430 = ORIENTED_EDGE('',*,*,#3431,.T.);
#3431 = EDGE_CURVE('',#3432,#3434,#3436,.T.);
#3432 = VERTEX_POINT('',#3433);
#3433 = CARTESIAN_POINT('',(7.313729199648,32.645656635972,-4.));
#3434 = VERTEX_POINT('',#3435);
#3435 = CARTESIAN_POINT('',(7.313729199648,32.645656635972,-2.));
#3436 = SURFACE_CURVE('',#3437,(#3441,#3453),.PCURVE_S1.);
#3437 = LINE('',#3438,#3439);
#3438 = CARTESIAN_POINT('',(7.313729199648,32.645656635972,-4.));
#3439 = VECTOR('',#3440,1.);
#3440 = DIRECTION('',(-0.,-0.,1.));
#3441 = PCURVE('',#3442,#3447);
#3442 = CYLINDRICAL_SURFACE('',#3443,0.6);
#3443 = AXIS2_PLACEMENT_3D('',#3444,#3445,#3446);
#3444 = CARTESIAN_POINT('',(6.713729199648,32.645656635972,-4.));
#3445 = DIRECTION('',(-0.,-0.,1.));
#3446 = DIRECTION('',(1.,0.,0.));
#3447 = DEFINITIONAL_REPRESENTATION('',(#3448),#3452);
#3448 = LINE('',#3449,#3450);
#3449 = CARTESIAN_POINT('',(6.28318530718,0.));
#3450 = VECTOR('',#3451,1.);
#3451 = DIRECTION('',(0.,1.));
#3452 = ( GEOMETRIC_REPRESENTATION_CONTEXT(2) 
PARAMETRIC_REPRESENTATION_CONTEXT() REPRESENTATION_CONTEXT('2D SPACE',''
  ) );
#3453 = PCURVE('',#3454,#3459);
#3454 = CYLINDRICAL_SURFACE('',#3455,0.6);
#3455 = AXIS2_PLACEMENT_3D('',#3456,#3457,#3458);
#3456 = CARTESIAN_POINT('',(6.713729199648,32.645656635972,-4.));
#3457 = DIRECTION('',(-0.,-0.,1.));
#3458 = DIRECTION('',(1.,0.,0.));
#3459 = DEFINITIONAL_REPRESENTATION('',(#3460),#3464);
#3460 = LINE('',#3461,#3462);
#3461 = CARTESIAN_POINT('',(0.,0.));
#3462 = VECTOR('',#3463,1.);
#3463 = DIRECTION('',(0.,1.));
#3464 = ( GEOMETRIC_REPRESENTATION_CONTEXT(2) 
PARAMETRIC_REPRESENTATION_CONTEXT() REPRESENTATION_CONTEXT('2D SPACE',''
  ) );
#3465 = ORIENTED_EDGE('',*,*,#3466,.T.);
#3466 = EDGE_CURVE('',#3434,#3467,#3469,.T.);
#3467 = VERTEX_POINT('',#3468);
#3468 = CARTESIAN_POINT('',(6.113729199648,32.645656635972,-2.));
#3469 = SURFACE_CURVE('',#3470,(#3475,#3482),.PCURVE_S1.);
#3470 = CIRCLE('',#3471,0.6);
#3471 = AXIS2_PLACEMENT_3D('',#3472,#3473,#3474);
#3472 = CARTESIAN_POINT('',(6.713729199648,32.645656635972,-2.));
#3473 = DIRECTION('',(0.,5.480694194524E-17,-1.));
#3474 = DIRECTION('',(0.,1.,5.480694194524E-17));
#3475 = PCURVE('',#3442,#3476);
#3476 = DEFINITIONAL_REPRESENTATION('',(#3477),#3481);
#3477 = LINE('',#3478,#3479);
#3478 = CARTESIAN_POINT('',(7.853981633974,2.));
#3479 = VECTOR('',#3480,1.);
#3480 = DIRECTION('',(-1.,0.));
#3481 = ( GEOMETRIC_REPRESENTATION_CONTEXT(2) 
PARAMETRIC_REPRESENTATION_CONTEXT() REPRESENTATION_CONTEXT('2D SPACE',''
  ) );
#3482 = PCURVE('',#102,#3483);
#3483 = DEFINITIONAL_REPRESENTATION('',(#3484),#3488);
#3484 = CIRCLE('',#3485,0.6);
#3485 = AXIS2_PLACEMENT_2D('',#3486,#3487);
#3486 = CARTESIAN_POINT('',(11.471420803857,37.463729199648));
#3487 = DIRECTION('',(1.,0.));
#3488 = ( GEOMETRIC_REPRESENTATION_CONTEXT(2) 
PARAMETRIC_REPRESENTATION_CONTEXT() REPRESENTATION_CONTEXT('2D SPACE',''
  ) );
#3489 = ORIENTED_EDGE('',*,*,#3490,.F.);
#3490 = EDGE_CURVE('',#3491,#3467,#3493,.T.);
#3491 = VERTEX_POINT('',#3492);
#3492 = CARTESIAN_POINT('',(6.113729199648,32.645656635972,-4.));
#3493 = SURFACE_CURVE('',#3494,(#3498,#3505),.PCURVE_S1.);
#3494 = LINE('',#3495,#3496);
#3495 = CARTESIAN_POINT('',(6.113729199648,32.645656635972,-4.));
#3496 = VECTOR('',#3497,1.);
#3497 = DIRECTION('',(-0.,-0.,1.));
#3498 = PCURVE('',#3442,#3499);
#3499 = DEFINITIONAL_REPRESENTATION('',(#3500),#3504);
#3500 = LINE('',#3501,#3502);
#3501 = CARTESIAN_POINT('',(3.14159265359,0.));
#3502 = VECTOR('',#3503,1.);
#3503 = DIRECTION('',(0.,1.));
#3504 = ( GEOMETRIC_REPRESENTATION_CONTEXT(2) 
PARAMETRIC_REPRESENTATION_CONTEXT() REPRESENTATION_CONTEXT('2D SPACE',''
  ) );
#3505 = PCURVE('',#3454,#3506);
#3506 = DEFINITIONAL_REPRESENTATION('',(#3507),#3511);
#3507 = LINE('',#3508,#3509);
#3508 = CARTESIAN_POINT('',(3.14159265359,0.));
#3509 = VECTOR('',#3510,1.);
#3510 = DIRECTION('',(0.,1.));
#3511 = ( GEOMETRIC_REPRESENTATION_CONTEXT(2) 
PARAMETRIC_REPRESENTATION_CONTEXT() REPRESENTATION_CONTEXT('2D SPACE',''
  ) );
#3512 = ORIENTED_EDGE('',*,*,#3513,.F.);
#3513 = EDGE_CURVE('',#3432,#3491,#3514,.T.);
#3514 = SURFACE_CURVE('',#3515,(#3520,#3527),.PCURVE_S1.);
#3515 = CIRCLE('',#3516,0.6);
#3516 = AXIS2_PLACEMENT_3D('',#3517,#3518,#3519);
#3517 = CARTESIAN_POINT('',(6.713729199648,32.645656635972,-4.));
#3518 = DIRECTION('',(0.,5.480694194524E-17,-1.));
#3519 = DIRECTION('',(0.,1.,5.480694194524E-17));
#3520 = PCURVE('',#3442,#3521);
#3521 = DEFINITIONAL_REPRESENTATION('',(#3522),#3526);
#3522 = LINE('',#3523,#3524);
#3523 = CARTESIAN_POINT('',(7.853981633974,0.));
#3524 = VECTOR('',#3525,1.);
#3525 = DIRECTION('',(-1.,0.));
#3526 = ( GEOMETRIC_REPRESENTATION_CONTEXT(2) 
PARAMETRIC_REPRESENTATION_CONTEXT() REPRESENTATION_CONTEXT('2D SPACE',''
  ) );
#3527 = PCURVE('',#3528,#3533);
#3528 = PLANE('',#3529);
#3529 = AXIS2_PLACEMENT_3D('',#3530,#3531,#3532);
#3530 = CARTESIAN_POINT('',(6.713729199648,32.645656635972,-4.));
#3531 = DIRECTION('',(0.,5.480694194524E-17,-1.));
#3532 = DIRECTION('',(0.,1.,5.480694194524E-17));
#3533 = DEFINITIONAL_REPRESENTATION('',(#3534),#3538);
#3534 = CIRCLE('',#3535,0.6);
#3535 = AXIS2_PLACEMENT_2D('',#3536,#3537);
#3536 = CARTESIAN_POINT('',(0.,0.));
#3537 = DIRECTION('',(1.,0.));
#3538 = ( GEOMETRIC_REPRESENTATION_CONTEXT(2) 
PARAMETRIC_REPRESENTATION_CONTEXT() REPRESENTATION_CONTEXT('2D SPACE',''
  ) );
#3539 = ADVANCED_FACE('',(#3540),#3554,.F.);
#3540 = FACE_BOUND('',#3541,.F.);
#3541 = EDGE_LOOP('',(#3542,#3577,#3606,#3629));
#3542 = ORIENTED_EDGE('',*,*,#3543,.T.);
#3543 = EDGE_CURVE('',#3544,#3546,#3548,.T.);
#3544 = VERTEX_POINT('',#3545);
#3545 = CARTESIAN_POINT('',(17.,-8.,-15.4));
#3546 = VERTEX_POINT('',#3547);
#3547 = CARTESIAN_POINT('',(19.,-8.,-15.4));
#3548 = SURFACE_CURVE('',#3549,(#3553,#3565),.PCURVE_S1.);
#3549 = LINE('',#3550,#3551);
#3550 = CARTESIAN_POINT('',(17.,-8.,-15.4));
#3551 = VECTOR('',#3552,1.);
#3552 = DIRECTION('',(1.,-0.,-0.));
#3553 = PCURVE('',#3554,#3559);
#3554 = CYLINDRICAL_SURFACE('',#3555,4.1);
#3555 = AXIS2_PLACEMENT_3D('',#3556,#3557,#3558);
#3556 = CARTESIAN_POINT('',(17.,-8.,-11.3));
#3557 = DIRECTION('',(1.,-0.,-0.));
#3558 = DIRECTION('',(0.,0.,-1.));
#3559 = DEFINITIONAL_REPRESENTATION('',(#3560),#3564);
#3560 = LINE('',#3561,#3562);
#3561 = CARTESIAN_POINT('',(6.28318530718,0.));
#3562 = VECTOR('',#3563,1.);
#3563 = DIRECTION('',(0.,1.));
#3564 = ( GEOMETRIC_REPRESENTATION_CONTEXT(2) 
PARAMETRIC_REPRESENTATION_CONTEXT() REPRESENTATION_CONTEXT('2D SPACE',''
  ) );
#3565 = PCURVE('',#3566,#3571);
#3566 = CYLINDRICAL_SURFACE('',#3567,4.1);
#3567 = AXIS2_PLACEMENT_3D('',#3568,#3569,#3570);
#3568 = CARTESIAN_POINT('',(17.,-8.,-11.3));
#3569 = DIRECTION('',(1.,-0.,-0.));
#3570 = DIRECTION('',(0.,0.,-1.));
#3571 = DEFINITIONAL_REPRESENTATION('',(#3572),#3576);
#3572 = LINE('',#3573,#3574);
#3573 = CARTESIAN_POINT('',(0.,0.));
#3574 = VECTOR('',#3575,1.);
#3575 = DIRECTION('',(0.,1.));
#3576 = ( GEOMETRIC_REPRESENTATION_CONTEXT(2) 
PARAMETRIC_REPRESENTATION_CONTEXT() REPRESENTATION_CONTEXT('2D SPACE',''
  ) );
#3577 = ORIENTED_EDGE('',*,*,#3578,.T.);
#3578 = EDGE_CURVE('',#3546,#3579,#3581,.T.);
#3579 = VERTEX_POINT('',#3580);
#3580 = CARTESIAN_POINT('',(19.,-8.,-7.2));
#3581 = SURFACE_CURVE('',#3582,(#3587,#3594),.PCURVE_S1.);
#3582 = CIRCLE('',#3583,4.1);
#3583 = AXIS2_PLACEMENT_3D('',#3584,#3585,#3586);
#3584 = CARTESIAN_POINT('',(19.,-8.,-11.3));
#3585 = DIRECTION('',(-1.,0.,0.));
#3586 = DIRECTION('',(0.,0.,1.));
#3587 = PCURVE('',#3554,#3588);
#3588 = DEFINITIONAL_REPRESENTATION('',(#3589),#3593);
#3589 = LINE('',#3590,#3591);
#3590 = CARTESIAN_POINT('',(9.424777960769,2.));
#3591 = VECTOR('',#3592,1.);
#3592 = DIRECTION('',(-1.,0.));
#3593 = ( GEOMETRIC_REPRESENTATION_CONTEXT(2) 
PARAMETRIC_REPRESENTATION_CONTEXT() REPRESENTATION_CONTEXT('2D SPACE',''
  ) );
#3594 = PCURVE('',#3595,#3600);
#3595 = PLANE('',#3596);
#3596 = AXIS2_PLACEMENT_3D('',#3597,#3598,#3599);
#3597 = CARTESIAN_POINT('',(19.,-13.,-6.3));
#3598 = DIRECTION('',(-1.,0.,0.));
#3599 = DIRECTION('',(0.,0.,1.));
#3600 = DEFINITIONAL_REPRESENTATION('',(#3601),#3605);
#3601 = CIRCLE('',#3602,4.1);
#3602 = AXIS2_PLACEMENT_2D('',#3603,#3604);
#3603 = CARTESIAN_POINT('',(-5.,5.));
#3604 = DIRECTION('',(1.,0.));
#3605 = ( GEOMETRIC_REPRESENTATION_CONTEXT(2) 
PARAMETRIC_REPRESENTATION_CONTEXT() REPRESENTATION_CONTEXT('2D SPACE',''
  ) );
#3606 = ORIENTED_EDGE('',*,*,#3607,.F.);
#3607 = EDGE_CURVE('',#3608,#3579,#3610,.T.);
#3608 = VERTEX_POINT('',#3609);
#3609 = CARTESIAN_POINT('',(17.,-8.,-7.2));
#3610 = SURFACE_CURVE('',#3611,(#3615,#3622),.PCURVE_S1.);
#3611 = LINE('',#3612,#3613);
#3612 = CARTESIAN_POINT('',(17.,-8.,-7.2));
#3613 = VECTOR('',#3614,1.);
#3614 = DIRECTION('',(1.,-0.,-0.));
#3615 = PCURVE('',#3554,#3616);
#3616 = DEFINITIONAL_REPRESENTATION('',(#3617),#3621);
#3617 = LINE('',#3618,#3619);
#3618 = CARTESIAN_POINT('',(3.14159265359,0.));
#3619 = VECTOR('',#3620,1.);
#3620 = DIRECTION('',(0.,1.));
#3621 = ( GEOMETRIC_REPRESENTATION_CONTEXT(2) 
PARAMETRIC_REPRESENTATION_CONTEXT() REPRESENTATION_CONTEXT('2D SPACE',''
  ) );
#3622 = PCURVE('',#3566,#3623);
#3623 = DEFINITIONAL_REPRESENTATION('',(#3624),#3628);
#3624 = LINE('',#3625,#3626);
#3625 = CARTESIAN_POINT('',(3.14159265359,0.));
#3626 = VECTOR('',#3627,1.);
#3627 = DIRECTION('',(0.,1.));
#3628 = ( GEOMETRIC_REPRESENTATION_CONTEXT(2) 
PARAMETRIC_REPRESENTATION_CONTEXT() REPRESENTATION_CONTEXT('2D SPACE',''
  ) );
#3629 = ORIENTED_EDGE('',*,*,#3630,.F.);
#3630 = EDGE_CURVE('',#3544,#3608,#3631,.T.);
#3631 = SURFACE_CURVE('',#3632,(#3637,#3644),.PCURVE_S1.);
#3632 = CIRCLE('',#3633,4.1);
#3633 = AXIS2_PLACEMENT_3D('',#3634,#3635,#3636);
#3634 = CARTESIAN_POINT('',(17.,-8.,-11.3));
#3635 = DIRECTION('',(-1.,0.,0.));
#3636 = DIRECTION('',(0.,0.,1.));
#3637 = PCURVE('',#3554,#3638);
#3638 = DEFINITIONAL_REPRESENTATION('',(#3639),#3643);
#3639 = LINE('',#3640,#3641);
#3640 = CARTESIAN_POINT('',(9.424777960769,0.));
#3641 = VECTOR('',#3642,1.);
#3642 = DIRECTION('',(-1.,0.));
#3643 = ( GEOMETRIC_REPRESENTATION_CONTEXT(2) 
PARAMETRIC_REPRESENTATION_CONTEXT() REPRESENTATION_CONTEXT('2D SPACE',''
  ) );
#3644 = PCURVE('',#3645,#3650);
#3645 = PLANE('',#3646);
#3646 = AXIS2_PLACEMENT_3D('',#3647,#3648,#3649);
#3647 = CARTESIAN_POINT('',(17.,-8.,-11.3));
#3648 = DIRECTION('',(-1.,0.,0.));
#3649 = DIRECTION('',(0.,0.,1.));
#3650 = DEFINITIONAL_REPRESENTATION('',(#3651),#3655);
#3651 = CIRCLE('',#3652,4.1);
#3652 = AXIS2_PLACEMENT_2D('',#3653,#3654);
#3653 = CARTESIAN_POINT('',(0.,0.));
#3654 = DIRECTION('',(1.,0.));
#3655 = ( GEOMETRIC_REPRESENTATION_CONTEXT(2) 
PARAMETRIC_REPRESENTATION_CONTEXT() REPRESENTATION_CONTEXT('2D SPACE',''
  ) );
#3656 = ADVANCED_FACE('',(#3657),#3671,.F.);
#3657 = FACE_BOUND('',#3658,.F.);
#3658 = EDGE_LOOP('',(#3659,#3694,#3723,#3746));
#3659 = ORIENTED_EDGE('',*,*,#3660,.T.);
#3660 = EDGE_CURVE('',#3661,#3663,#3665,.T.);
#3661 = VERTEX_POINT('',#3662);
#3662 = CARTESIAN_POINT('',(-17.,-8.,-7.2));
#3663 = VERTEX_POINT('',#3664);
#3664 = CARTESIAN_POINT('',(-19.,-8.,-7.2));
#3665 = SURFACE_CURVE('',#3666,(#3670,#3682),.PCURVE_S1.);
#3666 = LINE('',#3667,#3668);
#3667 = CARTESIAN_POINT('',(-17.,-8.,-7.2));
#3668 = VECTOR('',#3669,1.);
#3669 = DIRECTION('',(-1.,0.,0.));
#3670 = PCURVE('',#3671,#3676);
#3671 = CYLINDRICAL_SURFACE('',#3672,4.1);
#3672 = AXIS2_PLACEMENT_3D('',#3673,#3674,#3675);
#3673 = CARTESIAN_POINT('',(-17.,-8.,-11.3));
#3674 = DIRECTION('',(-1.,0.,0.));
#3675 = DIRECTION('',(0.,0.,1.));
#3676 = DEFINITIONAL_REPRESENTATION('',(#3677),#3681);
#3677 = LINE('',#3678,#3679);
#3678 = CARTESIAN_POINT('',(6.28318530718,0.));
#3679 = VECTOR('',#3680,1.);
#3680 = DIRECTION('',(0.,1.));
#3681 = ( GEOMETRIC_REPRESENTATION_CONTEXT(2) 
PARAMETRIC_REPRESENTATION_CONTEXT() REPRESENTATION_CONTEXT('2D SPACE',''
  ) );
#3682 = PCURVE('',#3683,#3688);
#3683 = CYLINDRICAL_SURFACE('',#3684,4.1);
#3684 = AXIS2_PLACEMENT_3D('',#3685,#3686,#3687);
#3685 = CARTESIAN_POINT('',(-17.,-8.,-11.3));
#3686 = DIRECTION('',(-1.,0.,0.));
#3687 = DIRECTION('',(0.,0.,1.));
#3688 = DEFINITIONAL_REPRESENTATION('',(#3689),#3693);
#3689 = LINE('',#3690,#3691);
#3690 = CARTESIAN_POINT('',(0.,0.));
#3691 = VECTOR('',#3692,1.);
#3692 = DIRECTION('',(0.,1.));
#3693 = ( GEOMETRIC_REPRESENTATION_CONTEXT(2) 
PARAMETRIC_REPRESENTATION_CONTEXT() REPRESENTATION_CONTEXT('2D SPACE',''
  ) );
#3694 = ORIENTED_EDGE('',*,*,#3695,.T.);
#3695 = EDGE_CURVE('',#3663,#3696,#3698,.T.);
#3696 = VERTEX_POINT('',#3697);
#3697 = CARTESIAN_POINT('',(-19.,-8.,-15.4));
#3698 = SURFACE_CURVE('',#3699,(#3704,#3711),.PCURVE_S1.);
#3699 = CIRCLE('',#3700,4.1);
#3700 = AXIS2_PLACEMENT_3D('',#3701,#3702,#3703);
#3701 = CARTESIAN_POINT('',(-19.,-8.,-11.3));
#3702 = DIRECTION('',(1.,-0.,0.));
#3703 = DIRECTION('',(0.,0.,-1.));
#3704 = PCURVE('',#3671,#3705);
#3705 = DEFINITIONAL_REPRESENTATION('',(#3706),#3710);
#3706 = LINE('',#3707,#3708);
#3707 = CARTESIAN_POINT('',(9.424777960769,2.));
#3708 = VECTOR('',#3709,1.);
#3709 = DIRECTION('',(-1.,0.));
#3710 = ( GEOMETRIC_REPRESENTATION_CONTEXT(2) 
PARAMETRIC_REPRESENTATION_CONTEXT() REPRESENTATION_CONTEXT('2D SPACE',''
  ) );
#3711 = PCURVE('',#3712,#3717);
#3712 = PLANE('',#3713);
#3713 = AXIS2_PLACEMENT_3D('',#3714,#3715,#3716);
#3714 = CARTESIAN_POINT('',(-19.,-13.,-6.3));
#3715 = DIRECTION('',(1.,-0.,0.));
#3716 = DIRECTION('',(0.,0.,-1.));
#3717 = DEFINITIONAL_REPRESENTATION('',(#3718),#3722);
#3718 = CIRCLE('',#3719,4.1);
#3719 = AXIS2_PLACEMENT_2D('',#3720,#3721);
#3720 = CARTESIAN_POINT('',(5.,5.));
#3721 = DIRECTION('',(1.,0.));
#3722 = ( GEOMETRIC_REPRESENTATION_CONTEXT(2) 
PARAMETRIC_REPRESENTATION_CONTEXT() REPRESENTATION_CONTEXT('2D SPACE',''
  ) );
#3723 = ORIENTED_EDGE('',*,*,#3724,.F.);
#3724 = EDGE_CURVE('',#3725,#3696,#3727,.T.);
#3725 = VERTEX_POINT('',#3726);
#3726 = CARTESIAN_POINT('',(-17.,-8.,-15.4));
#3727 = SURFACE_CURVE('',#3728,(#3732,#3739),.PCURVE_S1.);
#3728 = LINE('',#3729,#3730);
#3729 = CARTESIAN_POINT('',(-17.,-8.,-15.4));
#3730 = VECTOR('',#3731,1.);
#3731 = DIRECTION('',(-1.,0.,0.));
#3732 = PCURVE('',#3671,#3733);
#3733 = DEFINITIONAL_REPRESENTATION('',(#3734),#3738);
#3734 = LINE('',#3735,#3736);
#3735 = CARTESIAN_POINT('',(3.14159265359,0.));
#3736 = VECTOR('',#3737,1.);
#3737 = DIRECTION('',(0.,1.));
#3738 = ( GEOMETRIC_REPRESENTATION_CONTEXT(2) 
PARAMETRIC_REPRESENTATION_CONTEXT() REPRESENTATION_CONTEXT('2D SPACE',''
  ) );
#3739 = PCURVE('',#3683,#3740);
#3740 = DEFINITIONAL_REPRESENTATION('',(#3741),#3745);
#3741 = LINE('',#3742,#3743);
#3742 = CARTESIAN_POINT('',(3.14159265359,0.));
#3743 = VECTOR('',#3744,1.);
#3744 = DIRECTION('',(0.,1.));
#3745 = ( GEOMETRIC_REPRESENTATION_CONTEXT(2) 
PARAMETRIC_REPRESENTATION_CONTEXT() REPRESENTATION_CONTEXT('2D SPACE',''
  ) );
#3746 = ORIENTED_EDGE('',*,*,#3747,.F.);
#3747 = EDGE_CURVE('',#3661,#3725,#3748,.T.);
#3748 = SURFACE_CURVE('',#3749,(#3754,#3761),.PCURVE_S1.);
#3749 = CIRCLE('',#3750,4.1);
#3750 = AXIS2_PLACEMENT_3D('',#3751,#3752,#3753);
#3751 = CARTESIAN_POINT('',(-17.,-8.,-11.3));
#3752 = DIRECTION('',(1.,-0.,0.));
#3753 = DIRECTION('',(0.,0.,-1.));
#3754 = PCURVE('',#3671,#3755);
#3755 = DEFINITIONAL_REPRESENTATION('',(#3756),#3760);
#3756 = LINE('',#3757,#3758);
#3757 = CARTESIAN_POINT('',(9.424777960769,0.));
#3758 = VECTOR('',#3759,1.);
#3759 = DIRECTION('',(-1.,0.));
#3760 = ( GEOMETRIC_REPRESENTATION_CONTEXT(2) 
PARAMETRIC_REPRESENTATION_CONTEXT() REPRESENTATION_CONTEXT('2D SPACE',''
  ) );
#3761 = PCURVE('',#3762,#3767);
#3762 = PLANE('',#3763);
#3763 = AXIS2_PLACEMENT_3D('',#3764,#3765,#3766);
#3764 = CARTESIAN_POINT('',(-17.,-8.,-11.3));
#3765 = DIRECTION('',(1.,-0.,0.));
#3766 = DIRECTION('',(0.,0.,-1.));
#3767 = DEFINITIONAL_REPRESENTATION('',(#3768),#3772);
#3768 = CIRCLE('',#3769,4.1);
#3769 = AXIS2_PLACEMENT_2D('',#3770,#3771);
#3770 = CARTESIAN_POINT('',(0.,0.));
#3771 = DIRECTION('',(1.,0.));
#3772 = ( GEOMETRIC_REPRESENTATION_CONTEXT(2) 
PARAMETRIC_REPRESENTATION_CONTEXT() REPRESENTATION_CONTEXT('2D SPACE',''
  ) );
#3773 = ADVANCED_FACE('',(#3774),#3788,.F.);
#3774 = FACE_BOUND('',#3775,.F.);
#3775 = EDGE_LOOP('',(#3776,#3811,#3835,#3858));
#3776 = ORIENTED_EDGE('',*,*,#3777,.T.);
#3777 = EDGE_CURVE('',#3778,#3780,#3782,.T.);
#3778 = VERTEX_POINT('',#3779);
#3779 = CARTESIAN_POINT('',(-17.,-8.,-14.55));
#3780 = VERTEX_POINT('',#3781);
#3781 = CARTESIAN_POINT('',(17.,-8.,-14.55));
#3782 = SURFACE_CURVE('',#3783,(#3787,#3799),.PCURVE_S1.);
#3783 = LINE('',#3784,#3785);
#3784 = CARTESIAN_POINT('',(-30.75,-8.,-14.55));
#3785 = VECTOR('',#3786,1.);
#3786 = DIRECTION('',(1.,-0.,-0.));
#3787 = PCURVE('',#3788,#3793);
#3788 = CYLINDRICAL_SURFACE('',#3789,3.25);
#3789 = AXIS2_PLACEMENT_3D('',#3790,#3791,#3792);
#3790 = CARTESIAN_POINT('',(-30.75,-8.,-11.3));
#3791 = DIRECTION('',(1.,-0.,-0.));
#3792 = DIRECTION('',(0.,0.,-1.));
#3793 = DEFINITIONAL_REPRESENTATION('',(#3794),#3798);
#3794 = LINE('',#3795,#3796);
#3795 = CARTESIAN_POINT('',(6.28318530718,0.));
#3796 = VECTOR('',#3797,1.);
#3797 = DIRECTION('',(0.,1.));
#3798 = ( GEOMETRIC_REPRESENTATION_CONTEXT(2) 
PARAMETRIC_REPRESENTATION_CONTEXT() REPRESENTATION_CONTEXT('2D SPACE',''
  ) );
#3799 = PCURVE('',#3800,#3805);
#3800 = CYLINDRICAL_SURFACE('',#3801,3.25);
#3801 = AXIS2_PLACEMENT_3D('',#3802,#3803,#3804);
#3802 = CARTESIAN_POINT('',(-30.75,-8.,-11.3));
#3803 = DIRECTION('',(1.,-0.,-0.));
#3804 = DIRECTION('',(0.,0.,-1.));
#3805 = DEFINITIONAL_REPRESENTATION('',(#3806),#3810);
#3806 = LINE('',#3807,#3808);
#3807 = CARTESIAN_POINT('',(0.,0.));
#3808 = VECTOR('',#3809,1.);
#3809 = DIRECTION('',(0.,1.));
#3810 = ( GEOMETRIC_REPRESENTATION_CONTEXT(2) 
PARAMETRIC_REPRESENTATION_CONTEXT() REPRESENTATION_CONTEXT('2D SPACE',''
  ) );
#3811 = ORIENTED_EDGE('',*,*,#3812,.T.);
#3812 = EDGE_CURVE('',#3780,#3813,#3815,.T.);
#3813 = VERTEX_POINT('',#3814);
#3814 = CARTESIAN_POINT('',(17.,-8.,-8.05));
#3815 = SURFACE_CURVE('',#3816,(#3821,#3828),.PCURVE_S1.);
#3816 = CIRCLE('',#3817,3.25);
#3817 = AXIS2_PLACEMENT_3D('',#3818,#3819,#3820);
#3818 = CARTESIAN_POINT('',(17.,-8.,-11.3));
#3819 = DIRECTION('',(-1.,0.,0.));
#3820 = DIRECTION('',(0.,0.,1.));
#3821 = PCURVE('',#3788,#3822);
#3822 = DEFINITIONAL_REPRESENTATION('',(#3823),#3827);
#3823 = LINE('',#3824,#3825);
#3824 = CARTESIAN_POINT('',(9.424777960769,47.75));
#3825 = VECTOR('',#3826,1.);
#3826 = DIRECTION('',(-1.,0.));
#3827 = ( GEOMETRIC_REPRESENTATION_CONTEXT(2) 
PARAMETRIC_REPRESENTATION_CONTEXT() REPRESENTATION_CONTEXT('2D SPACE',''
  ) );
#3828 = PCURVE('',#3645,#3829);
#3829 = DEFINITIONAL_REPRESENTATION('',(#3830),#3834);
#3830 = CIRCLE('',#3831,3.25);
#3831 = AXIS2_PLACEMENT_2D('',#3832,#3833);
#3832 = CARTESIAN_POINT('',(0.,0.));
#3833 = DIRECTION('',(1.,0.));
#3834 = ( GEOMETRIC_REPRESENTATION_CONTEXT(2) 
PARAMETRIC_REPRESENTATION_CONTEXT() REPRESENTATION_CONTEXT('2D SPACE',''
  ) );
#3835 = ORIENTED_EDGE('',*,*,#3836,.F.);
#3836 = EDGE_CURVE('',#3837,#3813,#3839,.T.);
#3837 = VERTEX_POINT('',#3838);
#3838 = CARTESIAN_POINT('',(-17.,-8.,-8.05));
#3839 = SURFACE_CURVE('',#3840,(#3844,#3851),.PCURVE_S1.);
#3840 = LINE('',#3841,#3842);
#3841 = CARTESIAN_POINT('',(-30.75,-8.,-8.05));
#3842 = VECTOR('',#3843,1.);
#3843 = DIRECTION('',(1.,-0.,-0.));
#3844 = PCURVE('',#3788,#3845);
#3845 = DEFINITIONAL_REPRESENTATION('',(#3846),#3850);
#3846 = LINE('',#3847,#3848);
#3847 = CARTESIAN_POINT('',(3.14159265359,0.));
#3848 = VECTOR('',#3849,1.);
#3849 = DIRECTION('',(0.,1.));
#3850 = ( GEOMETRIC_REPRESENTATION_CONTEXT(2) 
PARAMETRIC_REPRESENTATION_CONTEXT() REPRESENTATION_CONTEXT('2D SPACE',''
  ) );
#3851 = PCURVE('',#3800,#3852);
#3852 = DEFINITIONAL_REPRESENTATION('',(#3853),#3857);
#3853 = LINE('',#3854,#3855);
#3854 = CARTESIAN_POINT('',(3.14159265359,0.));
#3855 = VECTOR('',#3856,1.);
#3856 = DIRECTION('',(0.,1.));
#3857 = ( GEOMETRIC_REPRESENTATION_CONTEXT(2) 
PARAMETRIC_REPRESENTATION_CONTEXT() REPRESENTATION_CONTEXT('2D SPACE',''
  ) );
#3858 = ORIENTED_EDGE('',*,*,#3859,.T.);
#3859 = EDGE_CURVE('',#3837,#3778,#3860,.T.);
#3860 = SURFACE_CURVE('',#3861,(#3866,#3873),.PCURVE_S1.);
#3861 = CIRCLE('',#3862,3.25);
#3862 = AXIS2_PLACEMENT_3D('',#3863,#3864,#3865);
#3863 = CARTESIAN_POINT('',(-17.,-8.,-11.3));
#3864 = DIRECTION('',(1.,-0.,0.));
#3865 = DIRECTION('',(0.,0.,-1.));
#3866 = PCURVE('',#3788,#3867);
#3867 = DEFINITIONAL_REPRESENTATION('',(#3868),#3872);
#3868 = LINE('',#3869,#3870);
#3869 = CARTESIAN_POINT('',(0.,13.75));
#3870 = VECTOR('',#3871,1.);
#3871 = DIRECTION('',(1.,0.));
#3872 = ( GEOMETRIC_REPRESENTATION_CONTEXT(2) 
PARAMETRIC_REPRESENTATION_CONTEXT() REPRESENTATION_CONTEXT('2D SPACE',''
  ) );
#3873 = PCURVE('',#3762,#3874);
#3874 = DEFINITIONAL_REPRESENTATION('',(#3875),#3879);
#3875 = CIRCLE('',#3876,3.25);
#3876 = AXIS2_PLACEMENT_2D('',#3877,#3878);
#3877 = CARTESIAN_POINT('',(0.,0.));
#3878 = DIRECTION('',(1.,0.));
#3879 = ( GEOMETRIC_REPRESENTATION_CONTEXT(2) 
PARAMETRIC_REPRESENTATION_CONTEXT() REPRESENTATION_CONTEXT('2D SPACE',''
  ) );
#3880 = ADVANCED_FACE('',(#3881),#3895,.F.);
#3881 = FACE_BOUND('',#3882,.T.);
#3882 = EDGE_LOOP('',(#3883,#3918,#3946,#3974));
#3883 = ORIENTED_EDGE('',*,*,#3884,.F.);
#3884 = EDGE_CURVE('',#3885,#3887,#3889,.T.);
#3885 = VERTEX_POINT('',#3886);
#3886 = CARTESIAN_POINT('',(-13.,21.65689444701,-7.586440707837));
#3887 = VERTEX_POINT('',#3888);
#3888 = CARTESIAN_POINT('',(-13.,26.,-4.765994983667));
#3889 = SURFACE_CURVE('',#3890,(#3894,#3906),.PCURVE_S1.);
#3890 = LINE('',#3891,#3892);
#3891 = CARTESIAN_POINT('',(-13.,-1.,-22.3));
#3892 = VECTOR('',#3893,1.);
#3893 = DIRECTION('',(0.,0.838670567945,0.544639035015));
#3894 = PCURVE('',#3895,#3900);
#3895 = PLANE('',#3896);
#3896 = AXIS2_PLACEMENT_3D('',#3897,#3898,#3899);
#3897 = CARTESIAN_POINT('',(-13.,-1.,-22.3));
#3898 = DIRECTION('',(-1.,0.,0.));
#3899 = DIRECTION('',(0.,0.,1.));
#3900 = DEFINITIONAL_REPRESENTATION('',(#3901),#3905);
#3901 = LINE('',#3902,#3903);
#3902 = CARTESIAN_POINT('',(0.,0.));
#3903 = VECTOR('',#3904,1.);
#3904 = DIRECTION('',(0.544639035015,0.838670567945));
#3905 = ( GEOMETRIC_REPRESENTATION_CONTEXT(2) 
PARAMETRIC_REPRESENTATION_CONTEXT() REPRESENTATION_CONTEXT('2D SPACE',''
  ) );
#3906 = PCURVE('',#3907,#3912);
#3907 = PLANE('',#3908);
#3908 = AXIS2_PLACEMENT_3D('',#3909,#3910,#3911);
#3909 = CARTESIAN_POINT('',(0.,11.716491089538,-14.04181412762));
#3910 = DIRECTION('',(0.,0.544639035015,-0.838670567945));
#3911 = DIRECTION('',(0.,0.838670567945,0.544639035015));
#3912 = DEFINITIONAL_REPRESENTATION('',(#3913),#3917);
#3913 = LINE('',#3914,#3915);
#3914 = CARTESIAN_POINT('',(-15.16267718884,-13.));
#3915 = VECTOR('',#3916,1.);
#3916 = DIRECTION('',(1.,0.));
#3917 = ( GEOMETRIC_REPRESENTATION_CONTEXT(2) 
PARAMETRIC_REPRESENTATION_CONTEXT() REPRESENTATION_CONTEXT('2D SPACE',''
  ) );
#3918 = ORIENTED_EDGE('',*,*,#3919,.T.);
#3919 = EDGE_CURVE('',#3885,#3920,#3922,.T.);
#3920 = VERTEX_POINT('',#3921);
#3921 = CARTESIAN_POINT('',(-13.,23.483988296164,-10.39991208871));
#3922 = SURFACE_CURVE('',#3923,(#3927,#3934),.PCURVE_S1.);
#3923 = LINE('',#3924,#3925);
#3924 = CARTESIAN_POINT('',(-13.,21.65689861818,-7.586440707837));
#3925 = VECTOR('',#3926,1.);
#3926 = DIRECTION('',(-0.,0.544639035015,-0.838670567945));
#3927 = PCURVE('',#3895,#3928);
#3928 = DEFINITIONAL_REPRESENTATION('',(#3929),#3933);
#3929 = LINE('',#3930,#3931);
#3930 = CARTESIAN_POINT('',(14.713559292163,22.65689861818));
#3931 = VECTOR('',#3932,1.);
#3932 = DIRECTION('',(-0.838670567945,0.544639035015));
#3933 = ( GEOMETRIC_REPRESENTATION_CONTEXT(2) 
PARAMETRIC_REPRESENTATION_CONTEXT() REPRESENTATION_CONTEXT('2D SPACE',''
  ) );
#3934 = PCURVE('',#3935,#3940);
#3935 = PLANE('',#3936);
#3936 = AXIS2_PLACEMENT_3D('',#3937,#3938,#3939);
#3937 = CARTESIAN_POINT('',(-13.,21.65689861818,-7.586440707837));
#3938 = DIRECTION('',(0.,0.838670567945,0.544639035015));
#3939 = DIRECTION('',(0.,-0.544639035015,0.838670567945));
#3940 = DEFINITIONAL_REPRESENTATION('',(#3941),#3945);
#3941 = LINE('',#3942,#3943);
#3942 = CARTESIAN_POINT('',(0.,0.));
#3943 = VECTOR('',#3944,1.);
#3944 = DIRECTION('',(-1.,0.));
#3945 = ( GEOMETRIC_REPRESENTATION_CONTEXT(2) 
PARAMETRIC_REPRESENTATION_CONTEXT() REPRESENTATION_CONTEXT('2D SPACE',''
  ) );
#3946 = ORIENTED_EDGE('',*,*,#3947,.T.);
#3947 = EDGE_CURVE('',#3920,#3948,#3950,.T.);
#3948 = VERTEX_POINT('',#3949);
#3949 = CARTESIAN_POINT('',(-13.,26.,-8.765994983667));
#3950 = SURFACE_CURVE('',#3951,(#3955,#3962),.PCURVE_S1.);
#3951 = LINE('',#3952,#3953);
#3952 = CARTESIAN_POINT('',(-13.,-1.,-26.3));
#3953 = VECTOR('',#3954,1.);
#3954 = DIRECTION('',(0.,0.838670567945,0.544639035015));
#3955 = PCURVE('',#3895,#3956);
#3956 = DEFINITIONAL_REPRESENTATION('',(#3957),#3961);
#3957 = LINE('',#3958,#3959);
#3958 = CARTESIAN_POINT('',(-4.,0.));
#3959 = VECTOR('',#3960,1.);
#3960 = DIRECTION('',(0.544639035015,0.838670567945));
#3961 = ( GEOMETRIC_REPRESENTATION_CONTEXT(2) 
PARAMETRIC_REPRESENTATION_CONTEXT() REPRESENTATION_CONTEXT('2D SPACE',''
  ) );
#3962 = PCURVE('',#3963,#3968);
#3963 = PLANE('',#3964);
#3964 = AXIS2_PLACEMENT_3D('',#3965,#3966,#3967);
#3965 = CARTESIAN_POINT('',(-30.76,-1.,-26.3));
#3966 = DIRECTION('',(0.,0.544639035015,-0.838670567945));
#3967 = DIRECTION('',(0.,0.838670567945,0.544639035015));
#3968 = DEFINITIONAL_REPRESENTATION('',(#3969),#3973);
#3969 = LINE('',#3970,#3971);
#3970 = CARTESIAN_POINT('',(0.,17.76));
#3971 = VECTOR('',#3972,1.);
#3972 = DIRECTION('',(1.,0.));
#3973 = ( GEOMETRIC_REPRESENTATION_CONTEXT(2) 
PARAMETRIC_REPRESENTATION_CONTEXT() REPRESENTATION_CONTEXT('2D SPACE',''
  ) );
#3974 = ORIENTED_EDGE('',*,*,#3975,.F.);
#3975 = EDGE_CURVE('',#3887,#3948,#3976,.T.);
#3976 = SURFACE_CURVE('',#3977,(#3981,#3988),.PCURVE_S1.);
#3977 = LINE('',#3978,#3979);
#3978 = CARTESIAN_POINT('',(-13.,26.,-4.765994983667));
#3979 = VECTOR('',#3980,1.);
#3980 = DIRECTION('',(0.,0.,-1.));
#3981 = PCURVE('',#3895,#3982);
#3982 = DEFINITIONAL_REPRESENTATION('',(#3983),#3987);
#3983 = LINE('',#3984,#3985);
#3984 = CARTESIAN_POINT('',(17.534005016333,27.));
#3985 = VECTOR('',#3986,1.);
#3986 = DIRECTION('',(-1.,0.));
#3987 = ( GEOMETRIC_REPRESENTATION_CONTEXT(2) 
PARAMETRIC_REPRESENTATION_CONTEXT() REPRESENTATION_CONTEXT('2D SPACE',''
  ) );
#3988 = PCURVE('',#3989,#3994);
#3989 = PLANE('',#3990);
#3990 = AXIS2_PLACEMENT_3D('',#3991,#3992,#3993);
#3991 = CARTESIAN_POINT('',(-30.76,26.,-4.765994983667));
#3992 = DIRECTION('',(-0.,1.,0.));
#3993 = DIRECTION('',(0.,0.,1.));
#3994 = DEFINITIONAL_REPRESENTATION('',(#3995),#3999);
#3995 = LINE('',#3996,#3997);
#3996 = CARTESIAN_POINT('',(-3.552713678801E-15,17.76));
#3997 = VECTOR('',#3998,1.);
#3998 = DIRECTION('',(-1.,0.));
#3999 = ( GEOMETRIC_REPRESENTATION_CONTEXT(2) 
PARAMETRIC_REPRESENTATION_CONTEXT() REPRESENTATION_CONTEXT('2D SPACE',''
  ) );
#4000 = ADVANCED_FACE('',(#4001),#3963,.T.);
#4001 = FACE_BOUND('',#4002,.T.);
#4002 = EDGE_LOOP('',(#4003,#4026,#4054,#4082,#4110,#4138,#4166,#4194,
    #4222,#4250,#4278,#4306,#4358,#4386,#4438,#4466,#4518,#4544));
#4003 = ORIENTED_EDGE('',*,*,#4004,.F.);
#4004 = EDGE_CURVE('',#4005,#3920,#4007,.T.);
#4005 = VERTEX_POINT('',#4006);
#4006 = CARTESIAN_POINT('',(-28.75,23.483988296164,-10.39991208871));
#4007 = SURFACE_CURVE('',#4008,(#4012,#4019),.PCURVE_S1.);
#4008 = LINE('',#4009,#4010);
#4009 = CARTESIAN_POINT('',(-13.,23.483988296164,-10.39991208871));
#4010 = VECTOR('',#4011,1.);
#4011 = DIRECTION('',(1.,-0.,-0.));
#4012 = PCURVE('',#3963,#4013);
#4013 = DEFINITIONAL_REPRESENTATION('',(#4014),#4018);
#4014 = LINE('',#4015,#4016);
#4015 = CARTESIAN_POINT('',(29.193808906571,17.76));
#4016 = VECTOR('',#4017,1.);
#4017 = DIRECTION('',(0.,1.));
#4018 = ( GEOMETRIC_REPRESENTATION_CONTEXT(2) 
PARAMETRIC_REPRESENTATION_CONTEXT() REPRESENTATION_CONTEXT('2D SPACE',''
  ) );
#4019 = PCURVE('',#3935,#4020);
#4020 = DEFINITIONAL_REPRESENTATION('',(#4021),#4025);
#4021 = LINE('',#4022,#4023);
#4022 = CARTESIAN_POINT('',(-3.35468,0.));
#4023 = VECTOR('',#4024,1.);
#4024 = DIRECTION('',(0.,1.));
#4025 = ( GEOMETRIC_REPRESENTATION_CONTEXT(2) 
PARAMETRIC_REPRESENTATION_CONTEXT() REPRESENTATION_CONTEXT('2D SPACE',''
  ) );
#4026 = ORIENTED_EDGE('',*,*,#4027,.F.);
#4027 = EDGE_CURVE('',#4028,#4005,#4030,.T.);
#4028 = VERTEX_POINT('',#4029);
#4029 = CARTESIAN_POINT('',(-28.75,12.581270912873,-17.4802195439));
#4030 = SURFACE_CURVE('',#4031,(#4035,#4042),.PCURVE_S1.);
#4031 = LINE('',#4032,#4033);
#4032 = CARTESIAN_POINT('',(-28.75,23.483988296164,-10.39991208871));
#4033 = VECTOR('',#4034,1.);
#4034 = DIRECTION('',(2.668805347657E-16,0.838670567945,0.544639035015)
  );
#4035 = PCURVE('',#3963,#4036);
#4036 = DEFINITIONAL_REPRESENTATION('',(#4037),#4041);
#4037 = LINE('',#4038,#4039);
#4038 = CARTESIAN_POINT('',(29.193808906571,2.01));
#4039 = VECTOR('',#4040,1.);
#4040 = DIRECTION('',(1.,2.668805347657E-16));
#4041 = ( GEOMETRIC_REPRESENTATION_CONTEXT(2) 
PARAMETRIC_REPRESENTATION_CONTEXT() REPRESENTATION_CONTEXT('2D SPACE',''
  ) );
#4042 = PCURVE('',#4043,#4048);
#4043 = PLANE('',#4044);
#4044 = AXIS2_PLACEMENT_3D('',#4045,#4046,#4047);
#4045 = CARTESIAN_POINT('',(-28.75,21.65689861818,-7.586440707837));
#4046 = DIRECTION('',(-1.,2.238248496655E-16,1.453535569191E-16));
#4047 = DIRECTION('',(-2.238248496655E-16,-1.,0.));
#4048 = DEFINITIONAL_REPRESENTATION('',(#4049),#4053);
#4049 = LINE('',#4050,#4051);
#4050 = CARTESIAN_POINT('',(-1.827089677984,-2.813471380875));
#4051 = VECTOR('',#4052,1.);
#4052 = DIRECTION('',(-0.838670567945,0.544639035015));
#4053 = ( GEOMETRIC_REPRESENTATION_CONTEXT(2) 
PARAMETRIC_REPRESENTATION_CONTEXT() REPRESENTATION_CONTEXT('2D SPACE',''
  ) );
#4054 = ORIENTED_EDGE('',*,*,#4055,.F.);
#4055 = EDGE_CURVE('',#4056,#4028,#4058,.T.);
#4056 = VERTEX_POINT('',#4057);
#4057 = CARTESIAN_POINT('',(-13.,12.581270912873,-17.4802195439));
#4058 = SURFACE_CURVE('',#4059,(#4063,#4070),.PCURVE_S1.);
#4059 = LINE('',#4060,#4061);
#4060 = CARTESIAN_POINT('',(-28.75,12.581270912873,-17.4802195439));
#4061 = VECTOR('',#4062,1.);
#4062 = DIRECTION('',(-1.,-0.,-0.));
#4063 = PCURVE('',#3963,#4064);
#4064 = DEFINITIONAL_REPRESENTATION('',(#4065),#4069);
#4065 = LINE('',#4066,#4067);
#4066 = CARTESIAN_POINT('',(16.193808906571,2.01));
#4067 = VECTOR('',#4068,1.);
#4068 = DIRECTION('',(0.,-1.));
#4069 = ( GEOMETRIC_REPRESENTATION_CONTEXT(2) 
PARAMETRIC_REPRESENTATION_CONTEXT() REPRESENTATION_CONTEXT('2D SPACE',''
  ) );
#4070 = PCURVE('',#4071,#4076);
#4071 = PLANE('',#4072);
#4072 = AXIS2_PLACEMENT_3D('',#4073,#4074,#4075);
#4073 = CARTESIAN_POINT('',(-28.75,10.754181234889,-14.66674816303));
#4074 = DIRECTION('',(0.,-0.838670567945,-0.544639035015));
#4075 = DIRECTION('',(0.,0.544639035015,-0.838670567945));
#4076 = DEFINITIONAL_REPRESENTATION('',(#4077),#4081);
#4077 = LINE('',#4078,#4079);
#4078 = CARTESIAN_POINT('',(3.35468,0.));
#4079 = VECTOR('',#4080,1.);
#4080 = DIRECTION('',(0.,-1.));
#4081 = ( GEOMETRIC_REPRESENTATION_CONTEXT(2) 
PARAMETRIC_REPRESENTATION_CONTEXT() REPRESENTATION_CONTEXT('2D SPACE',''
  ) );
#4082 = ORIENTED_EDGE('',*,*,#4083,.F.);
#4083 = EDGE_CURVE('',#4084,#4056,#4086,.T.);
#4084 = VERTEX_POINT('',#4085);
#4085 = CARTESIAN_POINT('',(-13.,2.,-24.3517772204));
#4086 = SURFACE_CURVE('',#4087,(#4091,#4098),.PCURVE_S1.);
#4087 = LINE('',#4088,#4089);
#4088 = CARTESIAN_POINT('',(-13.,-1.,-26.3));
#4089 = VECTOR('',#4090,1.);
#4090 = DIRECTION('',(0.,0.838670567945,0.544639035015));
#4091 = PCURVE('',#3963,#4092);
#4092 = DEFINITIONAL_REPRESENTATION('',(#4093),#4097);
#4093 = LINE('',#4094,#4095);
#4094 = CARTESIAN_POINT('',(0.,17.76));
#4095 = VECTOR('',#4096,1.);
#4096 = DIRECTION('',(1.,0.));
#4097 = ( GEOMETRIC_REPRESENTATION_CONTEXT(2) 
PARAMETRIC_REPRESENTATION_CONTEXT() REPRESENTATION_CONTEXT('2D SPACE',''
  ) );
#4098 = PCURVE('',#4099,#4104);
#4099 = PLANE('',#4100);
#4100 = AXIS2_PLACEMENT_3D('',#4101,#4102,#4103);
#4101 = CARTESIAN_POINT('',(-13.,-1.,-22.3));
#4102 = DIRECTION('',(-1.,0.,0.));
#4103 = DIRECTION('',(0.,0.,1.));
#4104 = DEFINITIONAL_REPRESENTATION('',(#4105),#4109);
#4105 = LINE('',#4106,#4107);
#4106 = CARTESIAN_POINT('',(-4.,0.));
#4107 = VECTOR('',#4108,1.);
#4108 = DIRECTION('',(0.544639035015,0.838670567945));
#4109 = ( GEOMETRIC_REPRESENTATION_CONTEXT(2) 
PARAMETRIC_REPRESENTATION_CONTEXT() REPRESENTATION_CONTEXT('2D SPACE',''
  ) );
#4110 = ORIENTED_EDGE('',*,*,#4111,.F.);
#4111 = EDGE_CURVE('',#4112,#4084,#4114,.T.);
#4112 = VERTEX_POINT('',#4113);
#4113 = CARTESIAN_POINT('',(-5.,2.,-24.3517772204));
#4114 = SURFACE_CURVE('',#4115,(#4119,#4126),.PCURVE_S1.);
#4115 = LINE('',#4116,#4117);
#4116 = CARTESIAN_POINT('',(-30.76,2.,-24.3517772204));
#4117 = VECTOR('',#4118,1.);
#4118 = DIRECTION('',(-1.,-1.334402673828E-16,-8.665712287672E-17));
#4119 = PCURVE('',#3963,#4120);
#4120 = DEFINITIONAL_REPRESENTATION('',(#4121),#4125);
#4121 = LINE('',#4122,#4123);
#4122 = CARTESIAN_POINT('',(3.577089878508,0.));
#4123 = VECTOR('',#4124,1.);
#4124 = DIRECTION('',(-1.591092766135E-16,-1.));
#4125 = ( GEOMETRIC_REPRESENTATION_CONTEXT(2) 
PARAMETRIC_REPRESENTATION_CONTEXT() REPRESENTATION_CONTEXT('2D SPACE',''
  ) );
#4126 = PCURVE('',#4127,#4132);
#4127 = PLANE('',#4128);
#4128 = AXIS2_PLACEMENT_3D('',#4129,#4130,#4131);
#4129 = CARTESIAN_POINT('',(-30.76,2.,-20.3517772204));
#4130 = DIRECTION('',(1.334402673828E-16,-1.,0.));
#4131 = DIRECTION('',(1.,1.334402673828E-16,0.));
#4132 = DEFINITIONAL_REPRESENTATION('',(#4133),#4137);
#4133 = LINE('',#4134,#4135);
#4134 = CARTESIAN_POINT('',(0.,-4.));
#4135 = VECTOR('',#4136,1.);
#4136 = DIRECTION('',(-1.,-8.665712287672E-17));
#4137 = ( GEOMETRIC_REPRESENTATION_CONTEXT(2) 
PARAMETRIC_REPRESENTATION_CONTEXT() REPRESENTATION_CONTEXT('2D SPACE',''
  ) );
#4138 = ORIENTED_EDGE('',*,*,#4139,.F.);
#4139 = EDGE_CURVE('',#4140,#4112,#4142,.T.);
#4140 = VERTEX_POINT('',#4141);
#4141 = CARTESIAN_POINT('',(-5.,-1.,-26.3));
#4142 = SURFACE_CURVE('',#4143,(#4147,#4154),.PCURVE_S1.);
#4143 = LINE('',#4144,#4145);
#4144 = CARTESIAN_POINT('',(-5.,-1.,-26.3));
#4145 = VECTOR('',#4146,1.);
#4146 = DIRECTION('',(0.,0.838670567945,0.544639035015));
#4147 = PCURVE('',#3963,#4148);
#4148 = DEFINITIONAL_REPRESENTATION('',(#4149),#4153);
#4149 = LINE('',#4150,#4151);
#4150 = CARTESIAN_POINT('',(-5.586668247651E-16,25.76));
#4151 = VECTOR('',#4152,1.);
#4152 = DIRECTION('',(1.,0.));
#4153 = ( GEOMETRIC_REPRESENTATION_CONTEXT(2) 
PARAMETRIC_REPRESENTATION_CONTEXT() REPRESENTATION_CONTEXT('2D SPACE',''
  ) );
#4154 = PCURVE('',#4155,#4160);
#4155 = PLANE('',#4156);
#4156 = AXIS2_PLACEMENT_3D('',#4157,#4158,#4159);
#4157 = CARTESIAN_POINT('',(-5.,0.,0.));
#4158 = DIRECTION('',(1.,-0.,0.));
#4159 = DIRECTION('',(0.,0.,-1.));
#4160 = DEFINITIONAL_REPRESENTATION('',(#4161),#4165);
#4161 = LINE('',#4162,#4163);
#4162 = CARTESIAN_POINT('',(26.3,-1.));
#4163 = VECTOR('',#4164,1.);
#4164 = DIRECTION('',(-0.544639035015,0.838670567945));
#4165 = ( GEOMETRIC_REPRESENTATION_CONTEXT(2) 
PARAMETRIC_REPRESENTATION_CONTEXT() REPRESENTATION_CONTEXT('2D SPACE',''
  ) );
#4166 = ORIENTED_EDGE('',*,*,#4167,.F.);
#4167 = EDGE_CURVE('',#4168,#4140,#4170,.T.);
#4168 = VERTEX_POINT('',#4169);
#4169 = CARTESIAN_POINT('',(-6.,-1.,-26.3));
#4170 = SURFACE_CURVE('',#4171,(#4175,#4182),.PCURVE_S1.);
#4171 = LINE('',#4172,#4173);
#4172 = CARTESIAN_POINT('',(-40.,-1.,-26.3));
#4173 = VECTOR('',#4174,1.);
#4174 = DIRECTION('',(1.,0.,0.));
#4175 = PCURVE('',#3963,#4176);
#4176 = DEFINITIONAL_REPRESENTATION('',(#4177),#4181);
#4177 = LINE('',#4178,#4179);
#4178 = CARTESIAN_POINT('',(-1.303555924452E-15,-9.24));
#4179 = VECTOR('',#4180,1.);
#4180 = DIRECTION('',(0.,1.));
#4181 = ( GEOMETRIC_REPRESENTATION_CONTEXT(2) 
PARAMETRIC_REPRESENTATION_CONTEXT() REPRESENTATION_CONTEXT('2D SPACE',''
  ) );
#4182 = PCURVE('',#4183,#4188);
#4183 = PLANE('',#4184);
#4184 = AXIS2_PLACEMENT_3D('',#4185,#4186,#4187);
#4185 = CARTESIAN_POINT('',(-40.,-1.,-6.3));
#4186 = DIRECTION('',(0.,-1.,0.));
#4187 = DIRECTION('',(0.,-0.,-1.));
#4188 = DEFINITIONAL_REPRESENTATION('',(#4189),#4193);
#4189 = LINE('',#4190,#4191);
#4190 = CARTESIAN_POINT('',(20.,0.));
#4191 = VECTOR('',#4192,1.);
#4192 = DIRECTION('',(0.,1.));
#4193 = ( GEOMETRIC_REPRESENTATION_CONTEXT(2) 
PARAMETRIC_REPRESENTATION_CONTEXT() REPRESENTATION_CONTEXT('2D SPACE',''
  ) );
#4194 = ORIENTED_EDGE('',*,*,#4195,.F.);
#4195 = EDGE_CURVE('',#4196,#4168,#4198,.T.);
#4196 = VERTEX_POINT('',#4197);
#4197 = CARTESIAN_POINT('',(-10.,-1.,-26.3));
#4198 = SURFACE_CURVE('',#4199,(#4203,#4210),.PCURVE_S1.);
#4199 = LINE('',#4200,#4201);
#4200 = CARTESIAN_POINT('',(-40.,-1.,-26.3));
#4201 = VECTOR('',#4202,1.);
#4202 = DIRECTION('',(1.,0.,0.));
#4203 = PCURVE('',#3963,#4204);
#4204 = DEFINITIONAL_REPRESENTATION('',(#4205),#4209);
#4205 = LINE('',#4206,#4207);
#4206 = CARTESIAN_POINT('',(0.,-9.24));
#4207 = VECTOR('',#4208,1.);
#4208 = DIRECTION('',(0.,1.));
#4209 = ( GEOMETRIC_REPRESENTATION_CONTEXT(2) 
PARAMETRIC_REPRESENTATION_CONTEXT() REPRESENTATION_CONTEXT('2D SPACE',''
  ) );
#4210 = PCURVE('',#4211,#4216);
#4211 = PLANE('',#4212);
#4212 = AXIS2_PLACEMENT_3D('',#4213,#4214,#4215);
#4213 = CARTESIAN_POINT('',(-40.,-13.,-26.3));
#4214 = DIRECTION('',(0.,0.,1.));
#4215 = DIRECTION('',(1.,0.,-0.));
#4216 = DEFINITIONAL_REPRESENTATION('',(#4217),#4221);
#4217 = LINE('',#4218,#4219);
#4218 = CARTESIAN_POINT('',(0.,12.));
#4219 = VECTOR('',#4220,1.);
#4220 = DIRECTION('',(1.,0.));
#4221 = ( GEOMETRIC_REPRESENTATION_CONTEXT(2) 
PARAMETRIC_REPRESENTATION_CONTEXT() REPRESENTATION_CONTEXT('2D SPACE',''
  ) );
#4222 = ORIENTED_EDGE('',*,*,#4223,.F.);
#4223 = EDGE_CURVE('',#4224,#4196,#4226,.T.);
#4224 = VERTEX_POINT('',#4225);
#4225 = CARTESIAN_POINT('',(-15.,-1.,-26.3));
#4226 = SURFACE_CURVE('',#4227,(#4231,#4238),.PCURVE_S1.);
#4227 = LINE('',#4228,#4229);
#4228 = CARTESIAN_POINT('',(-40.,-1.,-26.3));
#4229 = VECTOR('',#4230,1.);
#4230 = DIRECTION('',(1.,0.,0.));
#4231 = PCURVE('',#3963,#4232);
#4232 = DEFINITIONAL_REPRESENTATION('',(#4233),#4237);
#4233 = LINE('',#4234,#4235);
#4234 = CARTESIAN_POINT('',(-1.303555924452E-15,-9.24));
#4235 = VECTOR('',#4236,1.);
#4236 = DIRECTION('',(0.,1.));
#4237 = ( GEOMETRIC_REPRESENTATION_CONTEXT(2) 
PARAMETRIC_REPRESENTATION_CONTEXT() REPRESENTATION_CONTEXT('2D SPACE',''
  ) );
#4238 = PCURVE('',#4239,#4244);
#4239 = PLANE('',#4240);
#4240 = AXIS2_PLACEMENT_3D('',#4241,#4242,#4243);
#4241 = CARTESIAN_POINT('',(-40.,-1.,-6.3));
#4242 = DIRECTION('',(0.,-1.,0.));
#4243 = DIRECTION('',(0.,-0.,-1.));
#4244 = DEFINITIONAL_REPRESENTATION('',(#4245),#4249);
#4245 = LINE('',#4246,#4247);
#4246 = CARTESIAN_POINT('',(20.,0.));
#4247 = VECTOR('',#4248,1.);
#4248 = DIRECTION('',(0.,1.));
#4249 = ( GEOMETRIC_REPRESENTATION_CONTEXT(2) 
PARAMETRIC_REPRESENTATION_CONTEXT() REPRESENTATION_CONTEXT('2D SPACE',''
  ) );
#4250 = ORIENTED_EDGE('',*,*,#4251,.F.);
#4251 = EDGE_CURVE('',#4252,#4224,#4254,.T.);
#4252 = VERTEX_POINT('',#4253);
#4253 = CARTESIAN_POINT('',(-15.,1.,-25.0011848136));
#4254 = SURFACE_CURVE('',#4255,(#4259,#4266),.PCURVE_S1.);
#4255 = LINE('',#4256,#4257);
#4256 = CARTESIAN_POINT('',(-15.,-1.,-26.3));
#4257 = VECTOR('',#4258,1.);
#4258 = DIRECTION('',(0.,-0.838670567945,-0.544639035015));
#4259 = PCURVE('',#3963,#4260);
#4260 = DEFINITIONAL_REPRESENTATION('',(#4261),#4265);
#4261 = LINE('',#4262,#4263);
#4262 = CARTESIAN_POINT('',(0.,15.76));
#4263 = VECTOR('',#4264,1.);
#4264 = DIRECTION('',(-1.,0.));
#4265 = ( GEOMETRIC_REPRESENTATION_CONTEXT(2) 
PARAMETRIC_REPRESENTATION_CONTEXT() REPRESENTATION_CONTEXT('2D SPACE',''
  ) );
#4266 = PCURVE('',#4267,#4272);
#4267 = PLANE('',#4268);
#4268 = AXIS2_PLACEMENT_3D('',#4269,#4270,#4271);
#4269 = CARTESIAN_POINT('',(-15.,-1.,-20.3));
#4270 = DIRECTION('',(1.,0.,0.));
#4271 = DIRECTION('',(0.,0.,-1.));
#4272 = DEFINITIONAL_REPRESENTATION('',(#4273),#4277);
#4273 = LINE('',#4274,#4275);
#4274 = CARTESIAN_POINT('',(6.,0.));
#4275 = VECTOR('',#4276,1.);
#4276 = DIRECTION('',(0.544639035015,-0.838670567945));
#4277 = ( GEOMETRIC_REPRESENTATION_CONTEXT(2) 
PARAMETRIC_REPRESENTATION_CONTEXT() REPRESENTATION_CONTEXT('2D SPACE',''
  ) );
#4278 = ORIENTED_EDGE('',*,*,#4279,.F.);
#4279 = EDGE_CURVE('',#4280,#4252,#4282,.T.);
#4280 = VERTEX_POINT('',#4281);
#4281 = CARTESIAN_POINT('',(-19.75,1.,-25.0011848136));
#4282 = SURFACE_CURVE('',#4283,(#4287,#4294),.PCURVE_S1.);
#4283 = LINE('',#4284,#4285);
#4284 = CARTESIAN_POINT('',(-30.76,1.,-25.0011848136));
#4285 = VECTOR('',#4286,1.);
#4286 = DIRECTION('',(1.,7.760605024107E-16,5.039795830462E-16));
#4287 = PCURVE('',#3963,#4288);
#4288 = DEFINITIONAL_REPRESENTATION('',(#4289),#4293);
#4289 = LINE('',#4290,#4291);
#4290 = CARTESIAN_POINT('',(2.384726585672,-3.552713678801E-15));
#4291 = VECTOR('',#4292,1.);
#4292 = DIRECTION('',(9.253460560943E-16,1.));
#4293 = ( GEOMETRIC_REPRESENTATION_CONTEXT(2) 
PARAMETRIC_REPRESENTATION_CONTEXT() REPRESENTATION_CONTEXT('2D SPACE',''
  ) );
#4294 = PCURVE('',#4295,#4300);
#4295 = PLANE('',#4296);
#4296 = AXIS2_PLACEMENT_3D('',#4297,#4298,#4299);
#4297 = CARTESIAN_POINT('',(-30.76,1.,-19.0011848136));
#4298 = DIRECTION('',(-7.760605024107E-16,1.,0.));
#4299 = DIRECTION('',(-1.,-7.760605024107E-16,0.));
#4300 = DEFINITIONAL_REPRESENTATION('',(#4301),#4305);
#4301 = LINE('',#4302,#4303);
#4302 = CARTESIAN_POINT('',(-0.,-6.));
#4303 = VECTOR('',#4304,1.);
#4304 = DIRECTION('',(-1.,5.039795830462E-16));
#4305 = ( GEOMETRIC_REPRESENTATION_CONTEXT(2) 
PARAMETRIC_REPRESENTATION_CONTEXT() REPRESENTATION_CONTEXT('2D SPACE',''
  ) );
#4306 = ORIENTED_EDGE('',*,*,#4307,.T.);
#4307 = EDGE_CURVE('',#4280,#4308,#4310,.T.);
#4308 = VERTEX_POINT('',#4309);
#4309 = CARTESIAN_POINT('',(-26.11396103065,3.636038969349,
    -23.28932109094));
#4310 = SURFACE_CURVE('',#4311,(#4316,#4324),.PCURVE_S1.);
#4311 = ( BOUNDED_CURVE() B_SPLINE_CURVE(3,(#4312,#4313,#4314,#4315),
.UNSPECIFIED.,.F.,.F.) B_SPLINE_CURVE_WITH_KNOTS((4,4),(0.,1.),
.PIECEWISE_BEZIER_KNOTS.) CURVE() GEOMETRIC_REPRESENTATION_ITEM() 
RATIONAL_B_SPLINE_CURVE((1.,0.949253021675,0.949253021675,1.)) 
REPRESENTATION_ITEM('') );
#4312 = CARTESIAN_POINT('',(-19.75,1.,-25.0011848136));
#4313 = CARTESIAN_POINT('',(-22.16884991857,1.,-25.00118481348));
#4314 = CARTESIAN_POINT('',(-24.40357585055,1.925653789211,
    -24.4000582141));
#4315 = CARTESIAN_POINT('',(-26.11396103065,3.636038969349,
    -23.28932109094));
#4316 = PCURVE('',#3963,#4317);
#4317 = DEFINITIONAL_REPRESENTATION('',(#4318),#4323);
#4318 = ( BOUNDED_CURVE() B_SPLINE_CURVE(3,(#4319,#4320,#4321,#4322),
.UNSPECIFIED.,.F.,.F.) B_SPLINE_CURVE_WITH_KNOTS((4,4),(0.,1.),
.PIECEWISE_BEZIER_KNOTS.) CURVE() GEOMETRIC_REPRESENTATION_ITEM() 
RATIONAL_B_SPLINE_CURVE((1.,0.949253021675,0.949253021675,1.)) 
REPRESENTATION_ITEM('') );
#4319 = CARTESIAN_POINT('',(2.384726585672,11.01));
#4320 = CARTESIAN_POINT('',(2.384726585736,8.591150081429));
#4321 = CARTESIAN_POINT('',(3.488442185866,6.356424149443));
#4322 = CARTESIAN_POINT('',(5.527842691209,4.646038969349));
#4323 = ( GEOMETRIC_REPRESENTATION_CONTEXT(2) 
PARAMETRIC_REPRESENTATION_CONTEXT() REPRESENTATION_CONTEXT('2D SPACE',''
  ) );
#4324 = PCURVE('',#4325,#4330);
#4325 = CYLINDRICAL_SURFACE('',#4326,9.);
#4326 = AXIS2_PLACEMENT_3D('',#4327,#4328,#4329);
#4327 = CARTESIAN_POINT('',(-19.75,10.,-19.0011848136));
#4328 = DIRECTION('',(0.,0.,-1.));
#4329 = DIRECTION('',(-1.,0.,0.));
#4330 = DEFINITIONAL_REPRESENTATION('',(#4331),#4357);
#4331 = B_SPLINE_CURVE_WITH_KNOTS('',3,(#4332,#4333,#4334,#4335,#4336,
    #4337,#4338,#4339,#4340,#4341,#4342,#4343,#4344,#4345,#4346,#4347,
    #4348,#4349,#4350,#4351,#4352,#4353,#4354,#4355,#4356),
  .UNSPECIFIED.,.F.,.F.,(4,1,1,1,1,1,1,1,1,1,1,1,1,1,1,1,1,1,1,1,1,1,4),
  (0.,4.545454545455E-02,9.090909090909E-02,0.136363636364,
    0.181818181818,0.227272727273,0.272727272727,0.318181818182,
    0.363636363636,0.409090909091,0.454545454545,0.5,0.545454545455,
    0.590909090909,0.636363636364,0.681818181818,0.727272727273,
    0.772727272727,0.818181818182,0.863636363636,0.909090909091,
    0.954545454545,1.),.QUASI_UNIFORM_KNOTS.);
#4332 = CARTESIAN_POINT('',(4.712388980385,6.));
#4333 = CARTESIAN_POINT('',(4.723985383223,6.00000204606));
#4334 = CARTESIAN_POINT('',(4.74725868448,5.997640471517));
#4335 = CARTESIAN_POINT('',(4.782390300488,5.986892719111));
#4336 = CARTESIAN_POINT('',(4.817724050036,5.968821214128));
#4337 = CARTESIAN_POINT('',(4.85323938038,5.943342494417));
#4338 = CARTESIAN_POINT('',(4.888915147277,5.910397626082));
#4339 = CARTESIAN_POINT('',(4.924729585817,5.869956357319));
#4340 = CARTESIAN_POINT('',(4.960660411533,5.822017074808));
#4341 = CARTESIAN_POINT('',(4.996684892965,5.766607555424));
#4342 = CARTESIAN_POINT('',(5.032779937391,5.703785156709));
#4343 = CARTESIAN_POINT('',(5.06892217762,5.633636796692));
#4344 = CARTESIAN_POINT('',(5.105088062082,5.556278622536));
#4345 = CARTESIAN_POINT('',(5.141253946544,5.471855395051));
#4346 = CARTESIAN_POINT('',(5.177396186773,5.380539588542));
#4347 = CARTESIAN_POINT('',(5.213491231199,5.282530219752));
#4348 = CARTESIAN_POINT('',(5.249515712631,5.178051421389));
#4349 = CARTESIAN_POINT('',(5.285446538347,5.067350783926));
#4350 = CARTESIAN_POINT('',(5.321260976887,4.950697482132));
#4351 = CARTESIAN_POINT('',(5.356936743785,4.828380247426));
#4352 = CARTESIAN_POINT('',(5.392452074129,4.700705096));
#4353 = CARTESIAN_POINT('',(5.427785823678,4.567993298453));
#4354 = CARTESIAN_POINT('',(5.462917439686,4.430577935692));
#4355 = CARTESIAN_POINT('',(5.486190740944,4.336062898757));
#4356 = CARTESIAN_POINT('',(5.497787143782,4.28813627734));
#4357 = ( GEOMETRIC_REPRESENTATION_CONTEXT(2) 
PARAMETRIC_REPRESENTATION_CONTEXT() REPRESENTATION_CONTEXT('2D SPACE',''
  ) );
#4358 = ORIENTED_EDGE('',*,*,#4359,.F.);
#4359 = EDGE_CURVE('',#4360,#4308,#4362,.T.);
#4360 = VERTEX_POINT('',#4361);
#4361 = CARTESIAN_POINT('',(-27.52817459302,2.221825406974,
    -24.20772211675));
#4362 = SURFACE_CURVE('',#4363,(#4367,#4374),.PCURVE_S1.);
#4363 = LINE('',#4364,#4365);
#4364 = CARTESIAN_POINT('',(-30.7541292791,-1.004129279103,
    -26.3026815852));
#4365 = VECTOR('',#4366,1.);
#4366 = DIRECTION('',(0.642594670326,0.642594670326,0.417305858258));
#4367 = PCURVE('',#3963,#4368);
#4368 = DEFINITIONAL_REPRESENTATION('',(#4369),#4373);
#4369 = LINE('',#4370,#4371);
#4370 = CARTESIAN_POINT('',(-4.923600828675E-03,5.870720896688E-03));
#4371 = VECTOR('',#4372,1.);
#4372 = DIRECTION('',(0.766206297069,0.642594670326));
#4373 = ( GEOMETRIC_REPRESENTATION_CONTEXT(2) 
PARAMETRIC_REPRESENTATION_CONTEXT() REPRESENTATION_CONTEXT('2D SPACE',''
  ) );
#4374 = PCURVE('',#4375,#4380);
#4375 = PLANE('',#4376);
#4376 = AXIS2_PLACEMENT_3D('',#4377,#4378,#4379);
#4377 = CARTESIAN_POINT('',(-30.7541292791,-1.004129279103,
    -20.3026815852));
#4378 = DIRECTION('',(-0.707106781187,0.707106781187,0.));
#4379 = DIRECTION('',(-0.707106781187,-0.707106781187,0.));
#4380 = DEFINITIONAL_REPRESENTATION('',(#4381),#4385);
#4381 = LINE('',#4382,#4383);
#4382 = CARTESIAN_POINT('',(-0.,-6.));
#4383 = VECTOR('',#4384,1.);
#4384 = DIRECTION('',(-0.908766097884,0.417305858258));
#4385 = ( GEOMETRIC_REPRESENTATION_CONTEXT(2) 
PARAMETRIC_REPRESENTATION_CONTEXT() REPRESENTATION_CONTEXT('2D SPACE',''
  ) );
#4386 = ORIENTED_EDGE('',*,*,#4387,.T.);
#4387 = EDGE_CURVE('',#4360,#4388,#4390,.T.);
#4388 = VERTEX_POINT('',#4389);
#4389 = CARTESIAN_POINT('',(-30.75,10.,-19.15651647482));
#4390 = SURFACE_CURVE('',#4391,(#4396,#4404),.PCURVE_S1.);
#4391 = ( BOUNDED_CURVE() B_SPLINE_CURVE(3,(#4392,#4393,#4394,#4395),
.UNSPECIFIED.,.F.,.F.) B_SPLINE_CURVE_WITH_KNOTS((4,4),(3.926990816987,
4.712388980385),.PIECEWISE_BEZIER_KNOTS.) CURVE() 
GEOMETRIC_REPRESENTATION_ITEM() RATIONAL_B_SPLINE_CURVE((1.,
0.949253021674,0.949253021674,1.)) REPRESENTATION_ITEM('') );
#4392 = CARTESIAN_POINT('',(-27.52817459302,2.221825406974,
    -24.20772211675));
#4393 = CARTESIAN_POINT('',(-29.61864536873,4.312296182628,
    -22.85015452168));
#4394 = CARTESIAN_POINT('',(-30.75,7.043627877288,-21.07640697963));
#4395 = CARTESIAN_POINT('',(-30.75,10.,-19.15651647482));
#4396 = PCURVE('',#3963,#4397);
#4397 = DEFINITIONAL_REPRESENTATION('',(#4398),#4403);
#4398 = ( BOUNDED_CURVE() B_SPLINE_CURVE(3,(#4399,#4400,#4401,#4402),
.UNSPECIFIED.,.F.,.F.) B_SPLINE_CURVE_WITH_KNOTS((4,4),(3.926990816987,
4.712388980385),.PIECEWISE_BEZIER_KNOTS.) CURVE() 
GEOMETRIC_REPRESENTATION_ITEM() RATIONAL_B_SPLINE_CURVE((1.,
0.949253021674,0.949253021674,1.)) REPRESENTATION_ITEM('') );
#4399 = CARTESIAN_POINT('',(3.841586351203,3.231825406974));
#4400 = CARTESIAN_POINT('',(6.334186968838,1.141354631268));
#4401 = CARTESIAN_POINT('',(9.590926622111,9.999999999987E-03));
#4402 = CARTESIAN_POINT('',(13.115996221196,1.E-02));
#4403 = ( GEOMETRIC_REPRESENTATION_CONTEXT(2) 
PARAMETRIC_REPRESENTATION_CONTEXT() REPRESENTATION_CONTEXT('2D SPACE',''
  ) );
#4404 = PCURVE('',#4405,#4410);
#4405 = CYLINDRICAL_SURFACE('',#4406,11.);
#4406 = AXIS2_PLACEMENT_3D('',#4407,#4408,#4409);
#4407 = CARTESIAN_POINT('',(-19.75,10.,-30.));
#4408 = DIRECTION('',(0.,0.,1.));
#4409 = DIRECTION('',(1.,0.,-0.));
#4410 = DEFINITIONAL_REPRESENTATION('',(#4411),#4437);
#4411 = B_SPLINE_CURVE_WITH_KNOTS('',3,(#4412,#4413,#4414,#4415,#4416,
    #4417,#4418,#4419,#4420,#4421,#4422,#4423,#4424,#4425,#4426,#4427,
    #4428,#4429,#4430,#4431,#4432,#4433,#4434,#4435,#4436),
  .UNSPECIFIED.,.F.,.F.,(4,1,1,1,1,1,1,1,1,1,1,1,1,1,1,1,1,1,1,1,1,1,4),
  (3.926990816987,3.962690733505,3.998390650023,4.034090566541,
    4.06979048306,4.105490399578,4.141190316096,4.176890232614,
    4.212590149132,4.24829006565,4.283989982168,4.319689898686,
    4.355389815204,4.391089731722,4.42678964824,4.462489564758,
    4.498189481276,4.533889397794,4.569589314312,4.60528923083,
    4.640989147349,4.676689063867,4.712388980385),
  .QUASI_UNIFORM_KNOTS.);
#4412 = CARTESIAN_POINT('',(3.926990816987,5.792277883246));
#4413 = CARTESIAN_POINT('',(3.915394414149,5.850851328392));
#4414 = CARTESIAN_POINT('',(3.892121112891,5.970451648885));
#4415 = CARTESIAN_POINT('',(3.856989496884,6.156981068846));
#4416 = CARTESIAN_POINT('',(3.821655747335,6.350420670486));
#4417 = CARTESIAN_POINT('',(3.786140416992,6.550507617846));
#4418 = CARTESIAN_POINT('',(3.750464650094,6.756951113112));
#4419 = CARTESIAN_POINT('',(3.714650211554,6.969429426231));
#4420 = CARTESIAN_POINT('',(3.678719385838,7.187592451844));
#4421 = CARTESIAN_POINT('',(3.642694904405,7.411063186702));
#4422 = CARTESIAN_POINT('',(3.606599859979,7.639439878676));
#4423 = CARTESIAN_POINT('',(3.57045761975,7.872298351435));
#4424 = CARTESIAN_POINT('',(3.534291735288,8.109194603867));
#4425 = CARTESIAN_POINT('',(3.498125850826,8.349667617409));
#4426 = CARTESIAN_POINT('',(3.461983610597,8.593242343236));
#4427 = CARTESIAN_POINT('',(3.425888566171,8.839432826599));
#4428 = CARTESIAN_POINT('',(3.389864084739,9.087745424723));
#4429 = CARTESIAN_POINT('',(3.353933259023,9.337682077959));
#4430 = CARTESIAN_POINT('',(3.318118820483,9.588743572718));
#4431 = CARTESIAN_POINT('',(3.282443053585,9.840432813413));
#4432 = CARTESIAN_POINT('',(3.246927723242,10.092257830614));
#4433 = CARTESIAN_POINT('',(3.211593973693,10.343735343792));
#4434 = CARTESIAN_POINT('',(3.176462357686,10.594391637472));
#4435 = CARTESIAN_POINT('',(3.153189056428,10.760645663905));
#4436 = CARTESIAN_POINT('',(3.14159265359,10.843483525173));
#4437 = ( GEOMETRIC_REPRESENTATION_CONTEXT(2) 
PARAMETRIC_REPRESENTATION_CONTEXT() REPRESENTATION_CONTEXT('2D SPACE',''
  ) );
#4438 = ORIENTED_EDGE('',*,*,#4439,.T.);
#4439 = EDGE_CURVE('',#4388,#4440,#4442,.T.);
#4440 = VERTEX_POINT('',#4441);
#4441 = CARTESIAN_POINT('',(-30.75,19.555148913482,-12.95133021627));
#4442 = SURFACE_CURVE('',#4443,(#4447,#4454),.PCURVE_S1.);
#4443 = LINE('',#4444,#4445);
#4444 = CARTESIAN_POINT('',(-30.75,5.046992440278,-22.37303719327));
#4445 = VECTOR('',#4446,1.);
#4446 = DIRECTION('',(-0.,0.838670567945,0.544639035015));
#4447 = PCURVE('',#3963,#4448);
#4448 = DEFINITIONAL_REPRESENTATION('',(#4449),#4453);
#4449 = LINE('',#4450,#4451);
#4450 = CARTESIAN_POINT('',(7.210211817844,1.E-02));
#4451 = VECTOR('',#4452,1.);
#4452 = DIRECTION('',(1.,0.));
#4453 = ( GEOMETRIC_REPRESENTATION_CONTEXT(2) 
PARAMETRIC_REPRESENTATION_CONTEXT() REPRESENTATION_CONTEXT('2D SPACE',''
  ) );
#4454 = PCURVE('',#4455,#4460);
#4455 = PLANE('',#4456);
#4456 = AXIS2_PLACEMENT_3D('',#4457,#4458,#4459);
#4457 = CARTESIAN_POINT('',(-30.75,10.,-30.));
#4458 = DIRECTION('',(1.,0.,0.));
#4459 = DIRECTION('',(0.,0.,-1.));
#4460 = DEFINITIONAL_REPRESENTATION('',(#4461),#4465);
#4461 = LINE('',#4462,#4463);
#4462 = CARTESIAN_POINT('',(-7.626962806725,-4.953007559722));
#4463 = VECTOR('',#4464,1.);
#4464 = DIRECTION('',(-0.544639035015,0.838670567945));
#4465 = ( GEOMETRIC_REPRESENTATION_CONTEXT(2) 
PARAMETRIC_REPRESENTATION_CONTEXT() REPRESENTATION_CONTEXT('2D SPACE',''
  ) );
#4466 = ORIENTED_EDGE('',*,*,#4467,.F.);
#4467 = EDGE_CURVE('',#4468,#4440,#4470,.T.);
#4468 = VERTEX_POINT('',#4469);
#4469 = CARTESIAN_POINT('',(-29.29488443924,26.,-8.765994983667));
#4470 = SURFACE_CURVE('',#4471,(#4476,#4484),.PCURVE_S1.);
#4471 = ( BOUNDED_CURVE() B_SPLINE_CURVE(3,(#4472,#4473,#4474,#4475),
.UNSPECIFIED.,.F.,.F.) B_SPLINE_CURVE_WITH_KNOTS((4,4),(1.126683721382,
1.570796326795),.PIECEWISE_BEZIER_KNOTS.) CURVE() 
GEOMETRIC_REPRESENTATION_ITEM() RATIONAL_B_SPLINE_CURVE((1.,0.9836310935
,0.9836310935,1.)) REPRESENTATION_ITEM('') );
#4472 = CARTESIAN_POINT('',(-29.29488443924,26.,-8.765994983667));
#4473 = CARTESIAN_POINT('',(-30.25688980507,23.978191996196,
    -10.07897245332));
#4474 = CARTESIAN_POINT('',(-30.75,21.794158053286,-11.49730067965));
#4475 = CARTESIAN_POINT('',(-30.75,19.555148913482,-12.95133021627));
#4476 = PCURVE('',#3963,#4477);
#4477 = DEFINITIONAL_REPRESENTATION('',(#4478),#4483);
#4478 = ( BOUNDED_CURVE() B_SPLINE_CURVE(3,(#4479,#4480,#4481,#4482),
.UNSPECIFIED.,.F.,.F.) B_SPLINE_CURVE_WITH_KNOTS((4,4),(1.126683721382,
1.570796326795),.PIECEWISE_BEZIER_KNOTS.) CURVE() 
GEOMETRIC_REPRESENTATION_ITEM() RATIONAL_B_SPLINE_CURVE((1.,0.9836310935
,0.9836310935,1.)) REPRESENTATION_ITEM('') );
#4479 = CARTESIAN_POINT('',(32.193808906571,1.465115560751));
#4480 = CARTESIAN_POINT('',(29.783079257673,0.503110194925));
#4481 = CARTESIAN_POINT('',(27.178917353839,1.E-02));
#4482 = CARTESIAN_POINT('',(24.509205043213,1.E-02));
#4483 = ( GEOMETRIC_REPRESENTATION_CONTEXT(2) 
PARAMETRIC_REPRESENTATION_CONTEXT() REPRESENTATION_CONTEXT('2D SPACE',''
  ) );
#4484 = PCURVE('',#4485,#4490);
#4485 = CYLINDRICAL_SURFACE('',#4486,15.);
#4486 = AXIS2_PLACEMENT_3D('',#4487,#4488,#4489);
#4487 = CARTESIAN_POINT('',(-15.75,19.555148913482,-30.));
#4488 = DIRECTION('',(0.,0.,1.));
#4489 = DIRECTION('',(1.,0.,-0.));
#4490 = DEFINITIONAL_REPRESENTATION('',(#4491),#4517);
#4491 = B_SPLINE_CURVE_WITH_KNOTS('',3,(#4492,#4493,#4494,#4495,#4496,
    #4497,#4498,#4499,#4500,#4501,#4502,#4503,#4504,#4505,#4506,#4507,
    #4508,#4509,#4510,#4511,#4512,#4513,#4514,#4515,#4516),
  .UNSPECIFIED.,.F.,.F.,(4,1,1,1,1,1,1,1,1,1,1,1,1,1,1,1,1,1,1,1,1,1,4),
  (1.126683721382,1.146870657992,1.167057594601,1.187244531211,
    1.207431467821,1.22761840443,1.24780534104,1.26799227765,
    1.288179214259,1.308366150869,1.328553087479,1.348740024088,
    1.368926960698,1.389113897308,1.409300833917,1.429487770527,
    1.449674707137,1.469861643746,1.490048580356,1.510235516966,
    1.530422453576,1.550609390185,1.570796326795),
  .QUASI_UNIFORM_KNOTS.);
#4492 = CARTESIAN_POINT('',(2.697480048177,21.234005016333));
#4493 = CARTESIAN_POINT('',(2.704153859365,21.175301395123));
#4494 = CARTESIAN_POINT('',(2.717516393788,21.057202871172));
#4495 = CARTESIAN_POINT('',(2.737600989666,20.878079716966));
#4496 = CARTESIAN_POINT('',(2.75772245564,20.697078469245));
#4497 = CARTESIAN_POINT('',(2.777876805417,20.514300608191));
#4498 = CARTESIAN_POINT('',(2.798060017738,20.329850144188));
#4499 = CARTESIAN_POINT('',(2.818268035027,20.143833826744));
#4500 = CARTESIAN_POINT('',(2.838496769812,19.956360835921));
#4501 = CARTESIAN_POINT('',(2.858742109191,19.767542600741));
#4502 = CARTESIAN_POINT('',(2.878999919922,19.577492572948));
#4503 = CARTESIAN_POINT('',(2.899266053426,19.386326003209));
#4504 = CARTESIAN_POINT('',(2.919536350883,19.194159708316));
#4505 = CARTESIAN_POINT('',(2.93980664834,19.001111833696));
#4506 = CARTESIAN_POINT('',(2.960072781845,18.807301611343));
#4507 = CARTESIAN_POINT('',(2.980330592575,18.612849114433));
#4508 = CARTESIAN_POINT('',(3.000575931954,18.417875009723));
#4509 = CARTESIAN_POINT('',(3.020804666739,18.222500308441));
#4510 = CARTESIAN_POINT('',(3.041012684028,18.026846118114));
#4511 = CARTESIAN_POINT('',(3.06119589635,17.831033391322));
#4512 = CARTESIAN_POINT('',(3.081350246127,17.635182691354));
#4513 = CARTESIAN_POINT('',(3.1014717121,17.439413905244));
#4514 = CARTESIAN_POINT('',(3.121556307978,17.243846168504));
#4515 = CARTESIAN_POINT('',(3.134918842402,17.113680069418));
#4516 = CARTESIAN_POINT('',(3.14159265359,17.048669783721));
#4517 = ( GEOMETRIC_REPRESENTATION_CONTEXT(2) 
PARAMETRIC_REPRESENTATION_CONTEXT() REPRESENTATION_CONTEXT('2D SPACE',''
  ) );
#4518 = ORIENTED_EDGE('',*,*,#4519,.T.);
#4519 = EDGE_CURVE('',#4468,#3948,#4520,.T.);
#4520 = SURFACE_CURVE('',#4521,(#4525,#4532),.PCURVE_S1.);
#4521 = LINE('',#4522,#4523);
#4522 = CARTESIAN_POINT('',(-30.76,26.,-8.765994983667));
#4523 = VECTOR('',#4524,1.);
#4524 = DIRECTION('',(1.,0.,0.));
#4525 = PCURVE('',#3963,#4526);
#4526 = DEFINITIONAL_REPRESENTATION('',(#4527),#4531);
#4527 = LINE('',#4528,#4529);
#4528 = CARTESIAN_POINT('',(32.193808906571,0.));
#4529 = VECTOR('',#4530,1.);
#4530 = DIRECTION('',(0.,1.));
#4531 = ( GEOMETRIC_REPRESENTATION_CONTEXT(2) 
PARAMETRIC_REPRESENTATION_CONTEXT() REPRESENTATION_CONTEXT('2D SPACE',''
  ) );
#4532 = PCURVE('',#4533,#4538);
#4533 = PLANE('',#4534);
#4534 = AXIS2_PLACEMENT_3D('',#4535,#4536,#4537);
#4535 = CARTESIAN_POINT('',(-30.76,26.,-8.765994983667));
#4536 = DIRECTION('',(0.,-0.838670567945,-0.544639035015));
#4537 = DIRECTION('',(0.,0.544639035015,-0.838670567945));
#4538 = DEFINITIONAL_REPRESENTATION('',(#4539),#4543);
#4539 = LINE('',#4540,#4541);
#4540 = CARTESIAN_POINT('',(0.,0.));
#4541 = VECTOR('',#4542,1.);
#4542 = DIRECTION('',(0.,1.));
#4543 = ( GEOMETRIC_REPRESENTATION_CONTEXT(2) 
PARAMETRIC_REPRESENTATION_CONTEXT() REPRESENTATION_CONTEXT('2D SPACE',''
  ) );
#4544 = ORIENTED_EDGE('',*,*,#3947,.F.);
#4545 = ADVANCED_FACE('',(#4546),#4127,.F.);
#4546 = FACE_BOUND('',#4547,.T.);
#4547 = EDGE_LOOP('',(#4548,#4571,#4572,#4595));
#4548 = ORIENTED_EDGE('',*,*,#4549,.F.);
#4549 = EDGE_CURVE('',#4112,#4550,#4552,.T.);
#4550 = VERTEX_POINT('',#4551);
#4551 = CARTESIAN_POINT('',(-5.,2.,-20.3517772204));
#4552 = SURFACE_CURVE('',#4553,(#4557,#4564),.PCURVE_S1.);
#4553 = LINE('',#4554,#4555);
#4554 = CARTESIAN_POINT('',(-5.,2.,-20.3517772204));
#4555 = VECTOR('',#4556,1.);
#4556 = DIRECTION('',(-0.,-0.,1.));
#4557 = PCURVE('',#4127,#4558);
#4558 = DEFINITIONAL_REPRESENTATION('',(#4559),#4563);
#4559 = LINE('',#4560,#4561);
#4560 = CARTESIAN_POINT('',(25.76,0.));
#4561 = VECTOR('',#4562,1.);
#4562 = DIRECTION('',(0.,1.));
#4563 = ( GEOMETRIC_REPRESENTATION_CONTEXT(2) 
PARAMETRIC_REPRESENTATION_CONTEXT() REPRESENTATION_CONTEXT('2D SPACE',''
  ) );
#4564 = PCURVE('',#4155,#4565);
#4565 = DEFINITIONAL_REPRESENTATION('',(#4566),#4570);
#4566 = LINE('',#4567,#4568);
#4567 = CARTESIAN_POINT('',(20.351777220407,2.));
#4568 = VECTOR('',#4569,1.);
#4569 = DIRECTION('',(-1.,0.));
#4570 = ( GEOMETRIC_REPRESENTATION_CONTEXT(2) 
PARAMETRIC_REPRESENTATION_CONTEXT() REPRESENTATION_CONTEXT('2D SPACE',''
  ) );
#4571 = ORIENTED_EDGE('',*,*,#4111,.T.);
#4572 = ORIENTED_EDGE('',*,*,#4573,.F.);
#4573 = EDGE_CURVE('',#4574,#4084,#4576,.T.);
#4574 = VERTEX_POINT('',#4575);
#4575 = CARTESIAN_POINT('',(-13.,2.,-20.3517772204));
#4576 = SURFACE_CURVE('',#4577,(#4581,#4588),.PCURVE_S1.);
#4577 = LINE('',#4578,#4579);
#4578 = CARTESIAN_POINT('',(-13.,2.,-20.3517772204));
#4579 = VECTOR('',#4580,1.);
#4580 = DIRECTION('',(0.,0.,-1.));
#4581 = PCURVE('',#4127,#4582);
#4582 = DEFINITIONAL_REPRESENTATION('',(#4583),#4587);
#4583 = LINE('',#4584,#4585);
#4584 = CARTESIAN_POINT('',(17.76,0.));
#4585 = VECTOR('',#4586,1.);
#4586 = DIRECTION('',(0.,-1.));
#4587 = ( GEOMETRIC_REPRESENTATION_CONTEXT(2) 
PARAMETRIC_REPRESENTATION_CONTEXT() REPRESENTATION_CONTEXT('2D SPACE',''
  ) );
#4588 = PCURVE('',#4099,#4589);
#4589 = DEFINITIONAL_REPRESENTATION('',(#4590),#4594);
#4590 = LINE('',#4591,#4592);
#4591 = CARTESIAN_POINT('',(1.948222779593,3.));
#4592 = VECTOR('',#4593,1.);
#4593 = DIRECTION('',(-1.,0.));
#4594 = ( GEOMETRIC_REPRESENTATION_CONTEXT(2) 
PARAMETRIC_REPRESENTATION_CONTEXT() REPRESENTATION_CONTEXT('2D SPACE',''
  ) );
#4595 = ORIENTED_EDGE('',*,*,#4596,.F.);
#4596 = EDGE_CURVE('',#4550,#4574,#4597,.T.);
#4597 = SURFACE_CURVE('',#4598,(#4602,#4609),.PCURVE_S1.);
#4598 = LINE('',#4599,#4600);
#4599 = CARTESIAN_POINT('',(-30.76,2.,-20.3517772204));
#4600 = VECTOR('',#4601,1.);
#4601 = DIRECTION('',(-1.,-1.334402673828E-16,-8.665712287672E-17));
#4602 = PCURVE('',#4127,#4603);
#4603 = DEFINITIONAL_REPRESENTATION('',(#4604),#4608);
#4604 = LINE('',#4605,#4606);
#4605 = CARTESIAN_POINT('',(0.,0.));
#4606 = VECTOR('',#4607,1.);
#4607 = DIRECTION('',(-1.,-8.665712287672E-17));
#4608 = ( GEOMETRIC_REPRESENTATION_CONTEXT(2) 
PARAMETRIC_REPRESENTATION_CONTEXT() REPRESENTATION_CONTEXT('2D SPACE',''
  ) );
#4609 = PCURVE('',#3907,#4610);
#4610 = DEFINITIONAL_REPRESENTATION('',(#4611),#4615);
#4611 = LINE('',#4612,#4613);
#4612 = CARTESIAN_POINT('',(-11.58558731033,-30.76));
#4613 = VECTOR('',#4614,1.);
#4614 = DIRECTION('',(-1.591092766135E-16,-1.));
#4615 = ( GEOMETRIC_REPRESENTATION_CONTEXT(2) 
PARAMETRIC_REPRESENTATION_CONTEXT() REPRESENTATION_CONTEXT('2D SPACE',''
  ) );
#4616 = ADVANCED_FACE('',(#4617),#3800,.F.);
#4617 = FACE_BOUND('',#4618,.F.);
#4618 = EDGE_LOOP('',(#4619,#4641,#4642,#4664));
#4619 = ORIENTED_EDGE('',*,*,#4620,.T.);
#4620 = EDGE_CURVE('',#3813,#3780,#4621,.T.);
#4621 = SURFACE_CURVE('',#4622,(#4627,#4634),.PCURVE_S1.);
#4622 = CIRCLE('',#4623,3.25);
#4623 = AXIS2_PLACEMENT_3D('',#4624,#4625,#4626);
#4624 = CARTESIAN_POINT('',(17.,-8.,-11.3));
#4625 = DIRECTION('',(-1.,0.,0.));
#4626 = DIRECTION('',(0.,0.,1.));
#4627 = PCURVE('',#3800,#4628);
#4628 = DEFINITIONAL_REPRESENTATION('',(#4629),#4633);
#4629 = LINE('',#4630,#4631);
#4630 = CARTESIAN_POINT('',(3.14159265359,47.75));
#4631 = VECTOR('',#4632,1.);
#4632 = DIRECTION('',(-1.,0.));
#4633 = ( GEOMETRIC_REPRESENTATION_CONTEXT(2) 
PARAMETRIC_REPRESENTATION_CONTEXT() REPRESENTATION_CONTEXT('2D SPACE',''
  ) );
#4634 = PCURVE('',#3645,#4635);
#4635 = DEFINITIONAL_REPRESENTATION('',(#4636),#4640);
#4636 = CIRCLE('',#4637,3.25);
#4637 = AXIS2_PLACEMENT_2D('',#4638,#4639);
#4638 = CARTESIAN_POINT('',(0.,0.));
#4639 = DIRECTION('',(1.,0.));
#4640 = ( GEOMETRIC_REPRESENTATION_CONTEXT(2) 
PARAMETRIC_REPRESENTATION_CONTEXT() REPRESENTATION_CONTEXT('2D SPACE',''
  ) );
#4641 = ORIENTED_EDGE('',*,*,#3777,.F.);
#4642 = ORIENTED_EDGE('',*,*,#4643,.T.);
#4643 = EDGE_CURVE('',#3778,#3837,#4644,.T.);
#4644 = SURFACE_CURVE('',#4645,(#4650,#4657),.PCURVE_S1.);
#4645 = CIRCLE('',#4646,3.25);
#4646 = AXIS2_PLACEMENT_3D('',#4647,#4648,#4649);
#4647 = CARTESIAN_POINT('',(-17.,-8.,-11.3));
#4648 = DIRECTION('',(1.,-0.,0.));
#4649 = DIRECTION('',(0.,0.,-1.));
#4650 = PCURVE('',#3800,#4651);
#4651 = DEFINITIONAL_REPRESENTATION('',(#4652),#4656);
#4652 = LINE('',#4653,#4654);
#4653 = CARTESIAN_POINT('',(0.,13.75));
#4654 = VECTOR('',#4655,1.);
#4655 = DIRECTION('',(1.,0.));
#4656 = ( GEOMETRIC_REPRESENTATION_CONTEXT(2) 
PARAMETRIC_REPRESENTATION_CONTEXT() REPRESENTATION_CONTEXT('2D SPACE',''
  ) );
#4657 = PCURVE('',#3762,#4658);
#4658 = DEFINITIONAL_REPRESENTATION('',(#4659),#4663);
#4659 = CIRCLE('',#4660,3.25);
#4660 = AXIS2_PLACEMENT_2D('',#4661,#4662);
#4661 = CARTESIAN_POINT('',(0.,0.));
#4662 = DIRECTION('',(1.,0.));
#4663 = ( GEOMETRIC_REPRESENTATION_CONTEXT(2) 
PARAMETRIC_REPRESENTATION_CONTEXT() REPRESENTATION_CONTEXT('2D SPACE',''
  ) );
#4664 = ORIENTED_EDGE('',*,*,#3836,.T.);
#4665 = ADVANCED_FACE('',(#4666,#4691),#3762,.F.);
#4666 = FACE_BOUND('',#4667,.T.);
#4667 = EDGE_LOOP('',(#4668,#4669));
#4668 = ORIENTED_EDGE('',*,*,#3747,.F.);
#4669 = ORIENTED_EDGE('',*,*,#4670,.F.);
#4670 = EDGE_CURVE('',#3725,#3661,#4671,.T.);
#4671 = SURFACE_CURVE('',#4672,(#4677,#4684),.PCURVE_S1.);
#4672 = CIRCLE('',#4673,4.1);
#4673 = AXIS2_PLACEMENT_3D('',#4674,#4675,#4676);
#4674 = CARTESIAN_POINT('',(-17.,-8.,-11.3));
#4675 = DIRECTION('',(1.,-0.,0.));
#4676 = DIRECTION('',(0.,0.,-1.));
#4677 = PCURVE('',#3762,#4678);
#4678 = DEFINITIONAL_REPRESENTATION('',(#4679),#4683);
#4679 = CIRCLE('',#4680,4.1);
#4680 = AXIS2_PLACEMENT_2D('',#4681,#4682);
#4681 = CARTESIAN_POINT('',(0.,0.));
#4682 = DIRECTION('',(1.,0.));
#4683 = ( GEOMETRIC_REPRESENTATION_CONTEXT(2) 
PARAMETRIC_REPRESENTATION_CONTEXT() REPRESENTATION_CONTEXT('2D SPACE',''
  ) );
#4684 = PCURVE('',#3683,#4685);
#4685 = DEFINITIONAL_REPRESENTATION('',(#4686),#4690);
#4686 = LINE('',#4687,#4688);
#4687 = CARTESIAN_POINT('',(3.14159265359,0.));
#4688 = VECTOR('',#4689,1.);
#4689 = DIRECTION('',(-1.,0.));
#4690 = ( GEOMETRIC_REPRESENTATION_CONTEXT(2) 
PARAMETRIC_REPRESENTATION_CONTEXT() REPRESENTATION_CONTEXT('2D SPACE',''
  ) );
#4691 = FACE_BOUND('',#4692,.T.);
#4692 = EDGE_LOOP('',(#4693,#4694));
#4693 = ORIENTED_EDGE('',*,*,#4643,.T.);
#4694 = ORIENTED_EDGE('',*,*,#3859,.T.);
#4695 = ADVANCED_FACE('',(#4696,#4721),#3645,.F.);
#4696 = FACE_BOUND('',#4697,.T.);
#4697 = EDGE_LOOP('',(#4698,#4699));
#4698 = ORIENTED_EDGE('',*,*,#3630,.F.);
#4699 = ORIENTED_EDGE('',*,*,#4700,.F.);
#4700 = EDGE_CURVE('',#3608,#3544,#4701,.T.);
#4701 = SURFACE_CURVE('',#4702,(#4707,#4714),.PCURVE_S1.);
#4702 = CIRCLE('',#4703,4.1);
#4703 = AXIS2_PLACEMENT_3D('',#4704,#4705,#4706);
#4704 = CARTESIAN_POINT('',(17.,-8.,-11.3));
#4705 = DIRECTION('',(-1.,0.,0.));
#4706 = DIRECTION('',(0.,0.,1.));
#4707 = PCURVE('',#3645,#4708);
#4708 = DEFINITIONAL_REPRESENTATION('',(#4709),#4713);
#4709 = CIRCLE('',#4710,4.1);
#4710 = AXIS2_PLACEMENT_2D('',#4711,#4712);
#4711 = CARTESIAN_POINT('',(0.,0.));
#4712 = DIRECTION('',(1.,0.));
#4713 = ( GEOMETRIC_REPRESENTATION_CONTEXT(2) 
PARAMETRIC_REPRESENTATION_CONTEXT() REPRESENTATION_CONTEXT('2D SPACE',''
  ) );
#4714 = PCURVE('',#3566,#4715);
#4715 = DEFINITIONAL_REPRESENTATION('',(#4716),#4720);
#4716 = LINE('',#4717,#4718);
#4717 = CARTESIAN_POINT('',(3.14159265359,0.));
#4718 = VECTOR('',#4719,1.);
#4719 = DIRECTION('',(-1.,0.));
#4720 = ( GEOMETRIC_REPRESENTATION_CONTEXT(2) 
PARAMETRIC_REPRESENTATION_CONTEXT() REPRESENTATION_CONTEXT('2D SPACE',''
  ) );
#4721 = FACE_BOUND('',#4722,.T.);
#4722 = EDGE_LOOP('',(#4723,#4724));
#4723 = ORIENTED_EDGE('',*,*,#3812,.T.);
#4724 = ORIENTED_EDGE('',*,*,#4620,.T.);
#4725 = ADVANCED_FACE('',(#4726),#3528,.F.);
#4726 = FACE_BOUND('',#4727,.T.);
#4727 = EDGE_LOOP('',(#4728,#4729));
#4728 = ORIENTED_EDGE('',*,*,#3513,.F.);
#4729 = ORIENTED_EDGE('',*,*,#4730,.F.);
#4730 = EDGE_CURVE('',#3491,#3432,#4731,.T.);
#4731 = SURFACE_CURVE('',#4732,(#4737,#4744),.PCURVE_S1.);
#4732 = CIRCLE('',#4733,0.6);
#4733 = AXIS2_PLACEMENT_3D('',#4734,#4735,#4736);
#4734 = CARTESIAN_POINT('',(6.713729199648,32.645656635972,-4.));
#4735 = DIRECTION('',(0.,5.480694194524E-17,-1.));
#4736 = DIRECTION('',(0.,1.,5.480694194524E-17));
#4737 = PCURVE('',#3528,#4738);
#4738 = DEFINITIONAL_REPRESENTATION('',(#4739),#4743);
#4739 = CIRCLE('',#4740,0.6);
#4740 = AXIS2_PLACEMENT_2D('',#4741,#4742);
#4741 = CARTESIAN_POINT('',(0.,0.));
#4742 = DIRECTION('',(1.,0.));
#4743 = ( GEOMETRIC_REPRESENTATION_CONTEXT(2) 
PARAMETRIC_REPRESENTATION_CONTEXT() REPRESENTATION_CONTEXT('2D SPACE',''
  ) );
#4744 = PCURVE('',#3454,#4745);
#4745 = DEFINITIONAL_REPRESENTATION('',(#4746),#4750);
#4746 = LINE('',#4747,#4748);
#4747 = CARTESIAN_POINT('',(7.853981633974,0.));
#4748 = VECTOR('',#4749,1.);
#4749 = DIRECTION('',(-1.,0.));
#4750 = ( GEOMETRIC_REPRESENTATION_CONTEXT(2) 
PARAMETRIC_REPRESENTATION_CONTEXT() REPRESENTATION_CONTEXT('2D SPACE',''
  ) );
#4751 = ADVANCED_FACE('',(#4752),#3416,.F.);
#4752 = FACE_BOUND('',#4753,.T.);
#4753 = EDGE_LOOP('',(#4754,#4755));
#4754 = ORIENTED_EDGE('',*,*,#3401,.F.);
#4755 = ORIENTED_EDGE('',*,*,#4756,.F.);
#4756 = EDGE_CURVE('',#3379,#3320,#4757,.T.);
#4757 = SURFACE_CURVE('',#4758,(#4763,#4770),.PCURVE_S1.);
#4758 = CIRCLE('',#4759,0.6);
#4759 = AXIS2_PLACEMENT_3D('',#4760,#4761,#4762);
#4760 = CARTESIAN_POINT('',(11.713729199648,32.645656635972,-4.));
#4761 = DIRECTION('',(0.,5.480694194524E-17,-1.));
#4762 = DIRECTION('',(0.,1.,5.480694194524E-17));
#4763 = PCURVE('',#3416,#4764);
#4764 = DEFINITIONAL_REPRESENTATION('',(#4765),#4769);
#4765 = CIRCLE('',#4766,0.6);
#4766 = AXIS2_PLACEMENT_2D('',#4767,#4768);
#4767 = CARTESIAN_POINT('',(0.,0.));
#4768 = DIRECTION('',(1.,0.));
#4769 = ( GEOMETRIC_REPRESENTATION_CONTEXT(2) 
PARAMETRIC_REPRESENTATION_CONTEXT() REPRESENTATION_CONTEXT('2D SPACE',''
  ) );
#4770 = PCURVE('',#3342,#4771);
#4771 = DEFINITIONAL_REPRESENTATION('',(#4772),#4776);
#4772 = LINE('',#4773,#4774);
#4773 = CARTESIAN_POINT('',(7.853981633974,0.));
#4774 = VECTOR('',#4775,1.);
#4775 = DIRECTION('',(-1.,0.));
#4776 = ( GEOMETRIC_REPRESENTATION_CONTEXT(2) 
PARAMETRIC_REPRESENTATION_CONTEXT() REPRESENTATION_CONTEXT('2D SPACE',''
  ) );
#4777 = ADVANCED_FACE('',(#4778),#3304,.F.);
#4778 = FACE_BOUND('',#4779,.T.);
#4779 = EDGE_LOOP('',(#4780,#4781));
#4780 = ORIENTED_EDGE('',*,*,#3289,.F.);
#4781 = ORIENTED_EDGE('',*,*,#4782,.F.);
#4782 = EDGE_CURVE('',#3267,#3208,#4783,.T.);
#4783 = SURFACE_CURVE('',#4784,(#4789,#4796),.PCURVE_S1.);
#4784 = CIRCLE('',#4785,0.6);
#4785 = AXIS2_PLACEMENT_3D('',#4786,#4787,#4788);
#4786 = CARTESIAN_POINT('',(-16.71372919964,32.645656635972,-4.));
#4787 = DIRECTION('',(0.,5.480694194524E-17,-1.));
#4788 = DIRECTION('',(0.,1.,5.480694194524E-17));
#4789 = PCURVE('',#3304,#4790);
#4790 = DEFINITIONAL_REPRESENTATION('',(#4791),#4795);
#4791 = CIRCLE('',#4792,0.6);
#4792 = AXIS2_PLACEMENT_2D('',#4793,#4794);
#4793 = CARTESIAN_POINT('',(0.,0.));
#4794 = DIRECTION('',(1.,0.));
#4795 = ( GEOMETRIC_REPRESENTATION_CONTEXT(2) 
PARAMETRIC_REPRESENTATION_CONTEXT() REPRESENTATION_CONTEXT('2D SPACE',''
  ) );
#4796 = PCURVE('',#3230,#4797);
#4797 = DEFINITIONAL_REPRESENTATION('',(#4798),#4802);
#4798 = LINE('',#4799,#4800);
#4799 = CARTESIAN_POINT('',(7.853981633974,0.));
#4800 = VECTOR('',#4801,1.);
#4801 = DIRECTION('',(-1.,0.));
#4802 = ( GEOMETRIC_REPRESENTATION_CONTEXT(2) 
PARAMETRIC_REPRESENTATION_CONTEXT() REPRESENTATION_CONTEXT('2D SPACE',''
  ) );
#4803 = ADVANCED_FACE('',(#4804),#3192,.F.);
#4804 = FACE_BOUND('',#4805,.T.);
#4805 = EDGE_LOOP('',(#4806,#4807));
#4806 = ORIENTED_EDGE('',*,*,#3177,.F.);
#4807 = ORIENTED_EDGE('',*,*,#4808,.F.);
#4808 = EDGE_CURVE('',#3155,#3096,#4809,.T.);
#4809 = SURFACE_CURVE('',#4810,(#4815,#4822),.PCURVE_S1.);
#4810 = CIRCLE('',#4811,0.6);
#4811 = AXIS2_PLACEMENT_3D('',#4812,#4813,#4814);
#4812 = CARTESIAN_POINT('',(-6.713729199648,32.645656635972,-4.));
#4813 = DIRECTION('',(0.,5.480694194524E-17,-1.));
#4814 = DIRECTION('',(0.,1.,5.480694194524E-17));
#4815 = PCURVE('',#3192,#4816);
#4816 = DEFINITIONAL_REPRESENTATION('',(#4817),#4821);
#4817 = CIRCLE('',#4818,0.6);
#4818 = AXIS2_PLACEMENT_2D('',#4819,#4820);
#4819 = CARTESIAN_POINT('',(0.,0.));
#4820 = DIRECTION('',(1.,0.));
#4821 = ( GEOMETRIC_REPRESENTATION_CONTEXT(2) 
PARAMETRIC_REPRESENTATION_CONTEXT() REPRESENTATION_CONTEXT('2D SPACE',''
  ) );
#4822 = PCURVE('',#3118,#4823);
#4823 = DEFINITIONAL_REPRESENTATION('',(#4824),#4828);
#4824 = LINE('',#4825,#4826);
#4825 = CARTESIAN_POINT('',(7.853981633974,0.));
#4826 = VECTOR('',#4827,1.);
#4827 = DIRECTION('',(-1.,0.));
#4828 = ( GEOMETRIC_REPRESENTATION_CONTEXT(2) 
PARAMETRIC_REPRESENTATION_CONTEXT() REPRESENTATION_CONTEXT('2D SPACE',''
  ) );
#4829 = ADVANCED_FACE('',(#4830),#3080,.F.);
#4830 = FACE_BOUND('',#4831,.T.);
#4831 = EDGE_LOOP('',(#4832,#4833));
#4832 = ORIENTED_EDGE('',*,*,#3065,.F.);
#4833 = ORIENTED_EDGE('',*,*,#4834,.F.);
#4834 = EDGE_CURVE('',#3043,#2984,#4835,.T.);
#4835 = SURFACE_CURVE('',#4836,(#4841,#4848),.PCURVE_S1.);
#4836 = CIRCLE('',#4837,0.6);
#4837 = AXIS2_PLACEMENT_3D('',#4838,#4839,#4840);
#4838 = CARTESIAN_POINT('',(-11.71372919964,32.645656635972,-4.));
#4839 = DIRECTION('',(0.,5.480694194524E-17,-1.));
#4840 = DIRECTION('',(0.,1.,5.480694194524E-17));
#4841 = PCURVE('',#3080,#4842);
#4842 = DEFINITIONAL_REPRESENTATION('',(#4843),#4847);
#4843 = CIRCLE('',#4844,0.6);
#4844 = AXIS2_PLACEMENT_2D('',#4845,#4846);
#4845 = CARTESIAN_POINT('',(0.,0.));
#4846 = DIRECTION('',(1.,0.));
#4847 = ( GEOMETRIC_REPRESENTATION_CONTEXT(2) 
PARAMETRIC_REPRESENTATION_CONTEXT() REPRESENTATION_CONTEXT('2D SPACE',''
  ) );
#4848 = PCURVE('',#3006,#4849);
#4849 = DEFINITIONAL_REPRESENTATION('',(#4850),#4854);
#4850 = LINE('',#4851,#4852);
#4851 = CARTESIAN_POINT('',(7.853981633974,0.));
#4852 = VECTOR('',#4853,1.);
#4853 = DIRECTION('',(-1.,0.));
#4854 = ( GEOMETRIC_REPRESENTATION_CONTEXT(2) 
PARAMETRIC_REPRESENTATION_CONTEXT() REPRESENTATION_CONTEXT('2D SPACE',''
  ) );
#4855 = ADVANCED_FACE('',(#4856),#2968,.F.);
#4856 = FACE_BOUND('',#4857,.T.);
#4857 = EDGE_LOOP('',(#4858,#4859));
#4858 = ORIENTED_EDGE('',*,*,#2953,.F.);
#4859 = ORIENTED_EDGE('',*,*,#4860,.F.);
#4860 = EDGE_CURVE('',#2931,#2872,#4861,.T.);
#4861 = SURFACE_CURVE('',#4862,(#4867,#4874),.PCURVE_S1.);
#4862 = CIRCLE('',#4863,0.6);
#4863 = AXIS2_PLACEMENT_3D('',#4864,#4865,#4866);
#4864 = CARTESIAN_POINT('',(16.713729199648,32.645656635972,-4.));
#4865 = DIRECTION('',(0.,5.480694194524E-17,-1.));
#4866 = DIRECTION('',(0.,1.,5.480694194524E-17));
#4867 = PCURVE('',#2968,#4868);
#4868 = DEFINITIONAL_REPRESENTATION('',(#4869),#4873);
#4869 = CIRCLE('',#4870,0.6);
#4870 = AXIS2_PLACEMENT_2D('',#4871,#4872);
#4871 = CARTESIAN_POINT('',(0.,0.));
#4872 = DIRECTION('',(1.,0.));
#4873 = ( GEOMETRIC_REPRESENTATION_CONTEXT(2) 
PARAMETRIC_REPRESENTATION_CONTEXT() REPRESENTATION_CONTEXT('2D SPACE',''
  ) );
#4874 = PCURVE('',#2894,#4875);
#4875 = DEFINITIONAL_REPRESENTATION('',(#4876),#4880);
#4876 = LINE('',#4877,#4878);
#4877 = CARTESIAN_POINT('',(7.853981633974,0.));
#4878 = VECTOR('',#4879,1.);
#4879 = DIRECTION('',(-1.,0.));
#4880 = ( GEOMETRIC_REPRESENTATION_CONTEXT(2) 
PARAMETRIC_REPRESENTATION_CONTEXT() REPRESENTATION_CONTEXT('2D SPACE',''
  ) );
#4881 = ADVANCED_FACE('',(#4882),#2856,.T.);
#4882 = FACE_BOUND('',#4883,.T.);
#4883 = EDGE_LOOP('',(#4884,#4906));
#4884 = ORIENTED_EDGE('',*,*,#4885,.T.);
#4885 = EDGE_CURVE('',#2756,#2819,#4886,.T.);
#4886 = SURFACE_CURVE('',#4887,(#4892,#4899),.PCURVE_S1.);
#4887 = CIRCLE('',#4888,0.6);
#4888 = AXIS2_PLACEMENT_3D('',#4889,#4890,#4891);
#4889 = CARTESIAN_POINT('',(27.4705,25.674235832114,-8.));
#4890 = DIRECTION('',(0.,0.,1.));
#4891 = DIRECTION('',(1.,0.,-0.));
#4892 = PCURVE('',#2856,#4893);
#4893 = DEFINITIONAL_REPRESENTATION('',(#4894),#4898);
#4894 = CIRCLE('',#4895,0.6);
#4895 = AXIS2_PLACEMENT_2D('',#4896,#4897);
#4896 = CARTESIAN_POINT('',(0.,0.));
#4897 = DIRECTION('',(1.,0.));
#4898 = ( GEOMETRIC_REPRESENTATION_CONTEXT(2) 
PARAMETRIC_REPRESENTATION_CONTEXT() REPRESENTATION_CONTEXT('2D SPACE',''
  ) );
#4899 = PCURVE('',#2778,#4900);
#4900 = DEFINITIONAL_REPRESENTATION('',(#4901),#4905);
#4901 = LINE('',#4902,#4903);
#4902 = CARTESIAN_POINT('',(0.,0.));
#4903 = VECTOR('',#4904,1.);
#4904 = DIRECTION('',(1.,0.));
#4905 = ( GEOMETRIC_REPRESENTATION_CONTEXT(2) 
PARAMETRIC_REPRESENTATION_CONTEXT() REPRESENTATION_CONTEXT('2D SPACE',''
  ) );
#4906 = ORIENTED_EDGE('',*,*,#2841,.T.);
#4907 = ADVANCED_FACE('',(#4908),#2740,.T.);
#4908 = FACE_BOUND('',#4909,.T.);
#4909 = EDGE_LOOP('',(#4910,#4932));
#4910 = ORIENTED_EDGE('',*,*,#4911,.T.);
#4911 = EDGE_CURVE('',#2640,#2703,#4912,.T.);
#4912 = SURFACE_CURVE('',#4913,(#4918,#4925),.PCURVE_S1.);
#4913 = CIRCLE('',#4914,0.6);
#4914 = AXIS2_PLACEMENT_3D('',#4915,#4916,#4917);
#4915 = CARTESIAN_POINT('',(27.4705,22.674235832114,-8.));
#4916 = DIRECTION('',(0.,0.,1.));
#4917 = DIRECTION('',(1.,0.,-0.));
#4918 = PCURVE('',#2740,#4919);
#4919 = DEFINITIONAL_REPRESENTATION('',(#4920),#4924);
#4920 = CIRCLE('',#4921,0.6);
#4921 = AXIS2_PLACEMENT_2D('',#4922,#4923);
#4922 = CARTESIAN_POINT('',(0.,0.));
#4923 = DIRECTION('',(1.,0.));
#4924 = ( GEOMETRIC_REPRESENTATION_CONTEXT(2) 
PARAMETRIC_REPRESENTATION_CONTEXT() REPRESENTATION_CONTEXT('2D SPACE',''
  ) );
#4925 = PCURVE('',#2662,#4926);
#4926 = DEFINITIONAL_REPRESENTATION('',(#4927),#4931);
#4927 = LINE('',#4928,#4929);
#4928 = CARTESIAN_POINT('',(0.,0.));
#4929 = VECTOR('',#4930,1.);
#4930 = DIRECTION('',(1.,0.));
#4931 = ( GEOMETRIC_REPRESENTATION_CONTEXT(2) 
PARAMETRIC_REPRESENTATION_CONTEXT() REPRESENTATION_CONTEXT('2D SPACE',''
  ) );
#4932 = ORIENTED_EDGE('',*,*,#2725,.T.);
#4933 = ADVANCED_FACE('',(#4934),#2620,.F.);
#4934 = FACE_BOUND('',#4935,.T.);
#4935 = EDGE_LOOP('',(#4936,#4962));
#4936 = ORIENTED_EDGE('',*,*,#4937,.T.);
#4937 = EDGE_CURVE('',#2520,#2583,#4938,.T.);
#4938 = SURFACE_CURVE('',#4939,(#4944,#4955),.PCURVE_S1.);
#4939 = CIRCLE('',#4940,0.6);
#4940 = AXIS2_PLACEMENT_3D('',#4941,#4942,#4943);
#4941 = CARTESIAN_POINT('',(-27.4705,25.674235832114,-8.));
#4942 = DIRECTION('',(0.,0.,1.));
#4943 = DIRECTION('',(-1.,0.,0.));
#4944 = PCURVE('',#2620,#4945);
#4945 = DEFINITIONAL_REPRESENTATION('',(#4946),#4954);
#4946 = ( BOUNDED_CURVE() B_SPLINE_CURVE(2,(#4947,#4948,#4949,#4950,
#4951,#4952,#4953),.UNSPECIFIED.,.T.,.F.) B_SPLINE_CURVE_WITH_KNOTS((1,2
    ,2,2,2,1),(-2.094395102393,0.,2.094395102393,4.188790204786,
6.28318530718,8.377580409573),.UNSPECIFIED.) CURVE() 
GEOMETRIC_REPRESENTATION_ITEM() RATIONAL_B_SPLINE_CURVE((1.,0.5,1.,0.5,
1.,0.5,1.)) REPRESENTATION_ITEM('') );
#4947 = CARTESIAN_POINT('',(0.6,0.));
#4948 = CARTESIAN_POINT('',(0.6,-1.039230484541));
#4949 = CARTESIAN_POINT('',(-0.3,-0.519615242271));
#4950 = CARTESIAN_POINT('',(-1.2,-1.469576158977E-16));
#4951 = CARTESIAN_POINT('',(-0.3,0.519615242271));
#4952 = CARTESIAN_POINT('',(0.6,1.039230484541));
#4953 = CARTESIAN_POINT('',(0.6,0.));
#4954 = ( GEOMETRIC_REPRESENTATION_CONTEXT(2) 
PARAMETRIC_REPRESENTATION_CONTEXT() REPRESENTATION_CONTEXT('2D SPACE',''
  ) );
#4955 = PCURVE('',#2542,#4956);
#4956 = DEFINITIONAL_REPRESENTATION('',(#4957),#4961);
#4957 = LINE('',#4958,#4959);
#4958 = CARTESIAN_POINT('',(-3.14159265359,0.));
#4959 = VECTOR('',#4960,1.);
#4960 = DIRECTION('',(1.,0.));
#4961 = ( GEOMETRIC_REPRESENTATION_CONTEXT(2) 
PARAMETRIC_REPRESENTATION_CONTEXT() REPRESENTATION_CONTEXT('2D SPACE',''
  ) );
#4962 = ORIENTED_EDGE('',*,*,#2605,.T.);
#4963 = ADVANCED_FACE('',(#4964),#2500,.F.);
#4964 = FACE_BOUND('',#4965,.T.);
#4965 = EDGE_LOOP('',(#4966,#4992));
#4966 = ORIENTED_EDGE('',*,*,#4967,.T.);
#4967 = EDGE_CURVE('',#2400,#2463,#4968,.T.);
#4968 = SURFACE_CURVE('',#4969,(#4974,#4985),.PCURVE_S1.);
#4969 = CIRCLE('',#4970,0.6);
#4970 = AXIS2_PLACEMENT_3D('',#4971,#4972,#4973);
#4971 = CARTESIAN_POINT('',(-26.13039685096,2.944055508026,-14.3));
#4972 = DIRECTION('',(0.,0.,1.));
#4973 = DIRECTION('',(-1.,0.,0.));
#4974 = PCURVE('',#2500,#4975);
#4975 = DEFINITIONAL_REPRESENTATION('',(#4976),#4984);
#4976 = ( BOUNDED_CURVE() B_SPLINE_CURVE(2,(#4977,#4978,#4979,#4980,
#4981,#4982,#4983),.UNSPECIFIED.,.T.,.F.) B_SPLINE_CURVE_WITH_KNOTS((1,2
    ,2,2,2,1),(-2.094395102393,0.,2.094395102393,4.188790204786,
6.28318530718,8.377580409573),.UNSPECIFIED.) CURVE() 
GEOMETRIC_REPRESENTATION_ITEM() RATIONAL_B_SPLINE_CURVE((1.,0.5,1.,0.5,
1.,0.5,1.)) REPRESENTATION_ITEM('') );
#4977 = CARTESIAN_POINT('',(0.6,0.));
#4978 = CARTESIAN_POINT('',(0.6,-1.039230484541));
#4979 = CARTESIAN_POINT('',(-0.3,-0.519615242271));
#4980 = CARTESIAN_POINT('',(-1.2,-1.469576158977E-16));
#4981 = CARTESIAN_POINT('',(-0.3,0.519615242271));
#4982 = CARTESIAN_POINT('',(0.6,1.039230484541));
#4983 = CARTESIAN_POINT('',(0.6,0.));
#4984 = ( GEOMETRIC_REPRESENTATION_CONTEXT(2) 
PARAMETRIC_REPRESENTATION_CONTEXT() REPRESENTATION_CONTEXT('2D SPACE',''
  ) );
#4985 = PCURVE('',#2422,#4986);
#4986 = DEFINITIONAL_REPRESENTATION('',(#4987),#4991);
#4987 = LINE('',#4988,#4989);
#4988 = CARTESIAN_POINT('',(-3.14159265359,0.));
#4989 = VECTOR('',#4990,1.);
#4990 = DIRECTION('',(1.,0.));
#4991 = ( GEOMETRIC_REPRESENTATION_CONTEXT(2) 
PARAMETRIC_REPRESENTATION_CONTEXT() REPRESENTATION_CONTEXT('2D SPACE',''
  ) );
#4992 = ORIENTED_EDGE('',*,*,#2485,.T.);
#4993 = ADVANCED_FACE('',(#4994),#2384,.T.);
#4994 = FACE_BOUND('',#4995,.T.);
#4995 = EDGE_LOOP('',(#4996,#5018));
#4996 = ORIENTED_EDGE('',*,*,#4997,.T.);
#4997 = EDGE_CURVE('',#2279,#2347,#4998,.T.);
#4998 = SURFACE_CURVE('',#4999,(#5004,#5011),.PCURVE_S1.);
#4999 = CIRCLE('',#5000,0.6);
#5000 = AXIS2_PLACEMENT_3D('',#5001,#5002,#5003);
#5001 = CARTESIAN_POINT('',(26.130396850964,2.944055508026,-14.3));
#5002 = DIRECTION('',(0.,0.,1.));
#5003 = DIRECTION('',(1.,0.,-0.));
#5004 = PCURVE('',#2384,#5005);
#5005 = DEFINITIONAL_REPRESENTATION('',(#5006),#5010);
#5006 = CIRCLE('',#5007,0.6);
#5007 = AXIS2_PLACEMENT_2D('',#5008,#5009);
#5008 = CARTESIAN_POINT('',(0.,0.));
#5009 = DIRECTION('',(1.,0.));
#5010 = ( GEOMETRIC_REPRESENTATION_CONTEXT(2) 
PARAMETRIC_REPRESENTATION_CONTEXT() REPRESENTATION_CONTEXT('2D SPACE',''
  ) );
#5011 = PCURVE('',#2301,#5012);
#5012 = DEFINITIONAL_REPRESENTATION('',(#5013),#5017);
#5013 = LINE('',#5014,#5015);
#5014 = CARTESIAN_POINT('',(0.,0.));
#5015 = VECTOR('',#5016,1.);
#5016 = DIRECTION('',(1.,0.));
#5017 = ( GEOMETRIC_REPRESENTATION_CONTEXT(2) 
PARAMETRIC_REPRESENTATION_CONTEXT() REPRESENTATION_CONTEXT('2D SPACE',''
  ) );
#5018 = ORIENTED_EDGE('',*,*,#2369,.T.);
#5019 = ADVANCED_FACE('',(#5020),#2037,.F.);
#5020 = FACE_BOUND('',#5021,.F.);
#5021 = EDGE_LOOP('',(#5022,#5023));
#5022 = ORIENTED_EDGE('',*,*,#1949,.T.);
#5023 = ORIENTED_EDGE('',*,*,#5024,.T.);
#5024 = EDGE_CURVE('',#1803,#1950,#5025,.T.);
#5025 = SURFACE_CURVE('',#5026,(#5058,#5109),.PCURVE_S1.);
#5026 = B_SPLINE_CURVE_WITH_KNOTS('',3,(#5027,#5028,#5029,#5030,#5031,
    #5032,#5033,#5034,#5035,#5036,#5037,#5038,#5039,#5040,#5041,#5042,
    #5043,#5044,#5045,#5046,#5047,#5048,#5049,#5050,#5051,#5052,#5053,
    #5054,#5055,#5056,#5057),.UNSPECIFIED.,.F.,.F.,(4,3,3,3,3,3,3,3,3,3,
    4),(0.,5.442374373392E-02,0.108873847526,0.162921314819,
    0.216391820907,0.269446218395,0.322325940717,0.375287619425,
    0.428577398329,0.482390498516,0.5),.UNSPECIFIED.);
#5027 = CARTESIAN_POINT('',(28.870500000132,7.595130649044,
    -14.02184264405));
#5028 = CARTESIAN_POINT('',(28.8705,7.527553265444,-14.03303071732));
#5029 = CARTESIAN_POINT('',(28.858753999801,7.458953380356,
    -14.04383578654));
#5030 = CARTESIAN_POINT('',(28.836141854938,7.395040870056,
    -14.05361913711));
#5031 = CARTESIAN_POINT('',(28.813523374771,7.331110453219,
    -14.06340522871));
#5032 = CARTESIAN_POINT('',(28.779390093978,7.270099831554,
    -14.07244420435));
#5033 = CARTESIAN_POINT('',(28.736501271875,7.217218543922,
    -14.08009794774));
#5034 = CARTESIAN_POINT('',(28.693929202937,7.16472780829,-14.0876951648
    ));
#5035 = CARTESIAN_POINT('',(28.641532721036,7.118785988301,
    -14.09414642348));
#5036 = CARTESIAN_POINT('',(28.583672777413,7.083380111963,
    -14.09904815099));
#5037 = CARTESIAN_POINT('',(28.5264211643,7.048346487541,-14.1038983425)
  );
#5038 = CARTESIAN_POINT('',(28.462223045299,7.022654437266,
    -14.10737317903));
#5039 = CARTESIAN_POINT('',(28.39645382475,7.008533314374,
    -14.10927841352));
#5040 = CARTESIAN_POINT('',(28.33118566344,6.994519772491,
    -14.11116913309));
#5041 = CARTESIAN_POINT('',(28.262562530519,6.991512134113,
    -14.11156970954));
#5042 = CARTESIAN_POINT('',(28.196301917882,6.999769533437,
    -14.11045902209));
#5043 = CARTESIAN_POINT('',(28.130251100058,7.008000788126,
    -14.10935185131));
#5044 = CARTESIAN_POINT('',(28.064730526622,7.027648110971,
    -14.10671115189));
#5045 = CARTESIAN_POINT('',(28.005134092542,7.057036813859,-14.102678894
    ));
#5046 = CARTESIAN_POINT('',(27.945440803692,7.086473278599,
    -14.09864008297));
#5047 = CARTESIAN_POINT('',(27.890057154359,7.126480844311,
    -14.09308981255));
#5048 = CARTESIAN_POINT('',(27.843458301089,7.173695928668,
    -14.08635268647));
#5049 = CARTESIAN_POINT('',(27.796570245273,7.221204040035,
    -14.07957374834));
#5050 = CARTESIAN_POINT('',(27.757295435612,7.277294505274,
    -14.0714026668));
#5051 = CARTESIAN_POINT('',(27.728725690908,7.3373257444,-14.06237579344
    ));
#5052 = CARTESIAN_POINT('',(27.699877533116,7.397941989898,
    -14.0532609529));
#5053 = CARTESIAN_POINT('',(27.68115237006,7.464219353759,
    -14.04302114028));
#5054 = CARTESIAN_POINT('',(27.673968306279,7.530744046556,
    -14.03241547103));
#5055 = CARTESIAN_POINT('',(27.671617838719,7.552509461938,
    -14.02894552947));
#5056 = CARTESIAN_POINT('',(27.670481567462,7.574494022416,
    -14.02540556077));
#5057 = CARTESIAN_POINT('',(27.670546354465,7.596441016828,
    -14.02143009566));
#5058 = PCURVE('',#2037,#5059);
#5059 = DEFINITIONAL_REPRESENTATION('',(#5060),#5108);
#5060 = B_SPLINE_CURVE_WITH_KNOTS('',3,(#5061,#5062,#5063,#5064,#5065,
    #5066,#5067,#5068,#5069,#5070,#5071,#5072,#5073,#5074,#5075,#5076,
    #5077,#5078,#5079,#5080,#5081,#5082,#5083,#5084,#5085,#5086,#5087,
    #5088,#5089,#5090,#5091,#5092,#5093,#5094,#5095,#5096,#5097,#5098,
    #5099,#5100,#5101,#5102,#5103,#5104,#5105,#5106,#5107),
  .UNSPECIFIED.,.F.,.F.,(4,1,1,1,1,1,1,1,1,1,1,1,1,1,1,1,1,1,1,1,1,1,1,1
    ,1,1,1,1,1,1,1,1,1,1,1,1,1,1,1,1,1,1,1,1,4),(0.,1.136363636364E-02,
    2.272727272727E-02,3.409090909091E-02,4.545454545455E-02,
    5.681818181818E-02,6.818181818182E-02,7.954545454545E-02,
    9.090909090909E-02,0.102272727273,0.113636363636,0.125,
    0.136363636364,0.147727272727,0.159090909091,0.170454545455,
    0.181818181818,0.193181818182,0.204545454545,0.215909090909,
    0.227272727273,0.238636363636,0.25,0.261363636364,0.272727272727,
    0.284090909091,0.295454545455,0.306818181818,0.318181818182,
    0.329545454545,0.340909090909,0.352272727273,0.363636363636,0.375,
    0.386363636364,0.397727272727,0.409090909091,0.420454545455,
    0.431818181818,0.443181818182,0.454545454545,0.465909090909,
    0.477272727273,0.488636363636,0.5),.QUASI_UNIFORM_KNOTS.);
#5061 = CARTESIAN_POINT('',(-0.600105224097,-5.298630261049E-03));
#5062 = CARTESIAN_POINT('',(-0.600002684352,-1.960030210148E-02));
#5063 = CARTESIAN_POINT('',(-0.59877269377,-4.82785433587E-02));
#5064 = CARTESIAN_POINT('',(-0.593902584858,-9.121031352057E-02));
#5065 = CARTESIAN_POINT('',(-0.586060369767,-0.133735530369));
#5066 = CARTESIAN_POINT('',(-0.57528714216,-0.175570602292));
#5067 = CARTESIAN_POINT('',(-0.561668194798,-0.216292875678));
#5068 = CARTESIAN_POINT('',(-0.545105864243,-0.256050459843));
#5069 = CARTESIAN_POINT('',(-0.525716545514,-0.294684533854));
#5070 = CARTESIAN_POINT('',(-0.503665624651,-0.331871554556));
#5071 = CARTESIAN_POINT('',(-0.479090584642,-0.367354954136));
#5072 = CARTESIAN_POINT('',(-0.452191501508,-0.400774971164));
#5073 = CARTESIAN_POINT('',(-0.422783239628,-0.432328274527));
#5074 = CARTESIAN_POINT('',(-0.391134943819,-0.461783379342));
#5075 = CARTESIAN_POINT('',(-0.35748248746,-0.488922188874));
#5076 = CARTESIAN_POINT('',(-0.322082233507,-0.513520494943));
#5077 = CARTESIAN_POINT('',(-0.285141838267,-0.535365100046));
#5078 = CARTESIAN_POINT('',(-0.246464823095,-0.554593216022));
#5079 = CARTESIAN_POINT('',(-0.206465431945,-0.571027957364));
#5080 = CARTESIAN_POINT('',(-0.165407348917,-0.584560318028));
#5081 = CARTESIAN_POINT('',(-0.123684548003,-0.595045272233));
#5082 = CARTESIAN_POINT('',(-8.132036617627E-02,-0.602413916406));
#5083 = CARTESIAN_POINT('',(-3.830287797963E-02,-0.606721779701));
#5084 = CARTESIAN_POINT('',(4.929993035619E-03,-0.607938253246));
#5085 = CARTESIAN_POINT('',(4.80960523581E-02,-0.606053345668));
#5086 = CARTESIAN_POINT('',(9.073910393428E-02,-0.601060455006));
#5087 = CARTESIAN_POINT('',(0.13307877683,-0.592903580321));
#5088 = CARTESIAN_POINT('',(0.174846617857,-0.581690163351));
#5089 = CARTESIAN_POINT('',(0.215708639004,-0.56751981974));
#5090 = CARTESIAN_POINT('',(0.255346759798,-0.550499388638));
#5091 = CARTESIAN_POINT('',(0.293444784412,-0.530714578893));
#5092 = CARTESIAN_POINT('',(0.330232752319,-0.508074289726));
#5093 = CARTESIAN_POINT('',(0.365356595841,-0.482837903155));
#5094 = CARTESIAN_POINT('',(0.398590028648,-0.455177936056));
#5095 = CARTESIAN_POINT('',(0.429609433981,-0.425355797291));
#5096 = CARTESIAN_POINT('',(0.458352694768,-0.393364161042));
#5097 = CARTESIAN_POINT('',(0.484879004614,-0.359228163689));
#5098 = CARTESIAN_POINT('',(0.508943471913,-0.323293449258));
#5099 = CARTESIAN_POINT('',(0.530399333914,-0.285788894222));
#5100 = CARTESIAN_POINT('',(0.549010744082,-0.247090539254));
#5101 = CARTESIAN_POINT('',(0.564851050835,-0.206999452411));
#5102 = CARTESIAN_POINT('',(0.577879711162,-0.165770783172));
#5103 = CARTESIAN_POINT('',(0.588007766373,-0.123729254554));
#5104 = CARTESIAN_POINT('',(0.595164114251,-8.117683934228E-02));
#5105 = CARTESIAN_POINT('',(0.599254577942,-3.843691716529E-02));
#5106 = CARTESIAN_POINT('',(0.599963841937,-9.714267201878E-03));
#5107 = CARTESIAN_POINT('',(0.599814241906,4.707637283059E-03));
#5108 = ( GEOMETRIC_REPRESENTATION_CONTEXT(2) 
PARAMETRIC_REPRESENTATION_CONTEXT() REPRESENTATION_CONTEXT('2D SPACE',''
  ) );
#5109 = PCURVE('',#1880,#5110);
#5110 = DEFINITIONAL_REPRESENTATION('',(#5111),#5159);
#5111 = B_SPLINE_CURVE_WITH_KNOTS('',3,(#5112,#5113,#5114,#5115,#5116,
    #5117,#5118,#5119,#5120,#5121,#5122,#5123,#5124,#5125,#5126,#5127,
    #5128,#5129,#5130,#5131,#5132,#5133,#5134,#5135,#5136,#5137,#5138,
    #5139,#5140,#5141,#5142,#5143,#5144,#5145,#5146,#5147,#5148,#5149,
    #5150,#5151,#5152,#5153,#5154,#5155,#5156,#5157,#5158),
  .UNSPECIFIED.,.F.,.F.,(4,1,1,1,1,1,1,1,1,1,1,1,1,1,1,1,1,1,1,1,1,1,1,1
    ,1,1,1,1,1,1,1,1,1,1,1,1,1,1,1,1,1,1,1,1,4),(0.,1.136363636364E-02,
    2.272727272727E-02,3.409090909091E-02,4.545454545455E-02,
    5.681818181818E-02,6.818181818182E-02,7.954545454545E-02,
    9.090909090909E-02,0.102272727273,0.113636363636,0.125,
    0.136363636364,0.147727272727,0.159090909091,0.170454545455,
    0.181818181818,0.193181818182,0.204545454545,0.215909090909,
    0.227272727273,0.238636363636,0.25,0.261363636364,0.272727272727,
    0.284090909091,0.295454545455,0.306818181818,0.318181818182,
    0.329545454545,0.340909090909,0.352272727273,0.363636363636,0.375,
    0.386363636364,0.397727272727,0.409090909091,0.420454545455,
    0.431818181818,0.443181818182,0.454545454545,0.465909090909,
    0.477272727273,0.488636363636,0.5),.QUASI_UNIFORM_KNOTS.);
#5112 = CARTESIAN_POINT('',(8.965295056776E-06,0.999964809724));
#5113 = CARTESIAN_POINT('',(3.794952671388E-03,0.999972161775));
#5114 = CARTESIAN_POINT('',(1.136772796949E-02,0.999983793835));
#5115 = CARTESIAN_POINT('',(2.272878240802E-02,0.999993949689));
#5116 = CARTESIAN_POINT('',(3.409121693044E-02,0.999998744595));
#5117 = CARTESIAN_POINT('',(4.545452454809E-02,1.000000083948));
#5118 = CARTESIAN_POINT('',(5.681818742023E-02,0.999999977506));
#5119 = CARTESIAN_POINT('',(6.818181668098E-02,1.000000006027));
#5120 = CARTESIAN_POINT('',(7.954545494787E-02,0.999999998385));
#5121 = CARTESIAN_POINT('',(9.090909080157E-02,1.000000000433));
#5122 = CARTESIAN_POINT('',(0.102272727302,0.999999999884));
#5123 = CARTESIAN_POINT('',(0.113636363629,1.000000000031));
#5124 = CARTESIAN_POINT('',(0.125000000002,0.999999999992));
#5125 = CARTESIAN_POINT('',(0.136363636363,1.000000000002));
#5126 = CARTESIAN_POINT('',(0.147727272728,0.999999999999));
#5127 = CARTESIAN_POINT('',(0.159090909091,1.));
#5128 = CARTESIAN_POINT('',(0.170454545455,1.));
#5129 = CARTESIAN_POINT('',(0.181818181819,1.));
#5130 = CARTESIAN_POINT('',(0.193181818182,1.));
#5131 = CARTESIAN_POINT('',(0.204545454546,1.));
#5132 = CARTESIAN_POINT('',(0.21590909091,1.));
#5133 = CARTESIAN_POINT('',(0.227272727273,1.));
#5134 = CARTESIAN_POINT('',(0.238636363637,1.));
#5135 = CARTESIAN_POINT('',(0.250000000001,1.));
#5136 = CARTESIAN_POINT('',(0.261363636364,1.));
#5137 = CARTESIAN_POINT('',(0.272727272728,1.));
#5138 = CARTESIAN_POINT('',(0.284090909092,1.));
#5139 = CARTESIAN_POINT('',(0.295454545455,1.));
#5140 = CARTESIAN_POINT('',(0.306818181819,1.));
#5141 = CARTESIAN_POINT('',(0.318181818183,1.));
#5142 = CARTESIAN_POINT('',(0.329545454546,1.));
#5143 = CARTESIAN_POINT('',(0.34090909091,1.));
#5144 = CARTESIAN_POINT('',(0.352272727274,1.000000000001));
#5145 = CARTESIAN_POINT('',(0.363636363636,0.999999999996));
#5146 = CARTESIAN_POINT('',(0.375000000005,1.000000000015));
#5147 = CARTESIAN_POINT('',(0.38636363635,0.999999999943));
#5148 = CARTESIAN_POINT('',(0.397727272783,1.000000000214));
#5149 = CARTESIAN_POINT('',(0.40909090889,0.999999999201));
#5150 = CARTESIAN_POINT('',(0.42045454621,1.000000002981));
#5151 = CARTESIAN_POINT('',(0.431818179003,0.999999988874));
#5152 = CARTESIAN_POINT('',(0.443181828693,1.000000041522));
#5153 = CARTESIAN_POINT('',(0.454545415322,0.999999845038));
#5154 = CARTESIAN_POINT('',(0.465909237299,1.000000578325));
#5155 = CARTESIAN_POINT('',(0.477272180945,0.99999784166));
#5156 = CARTESIAN_POINT('',(0.488638402567,1.000008055033));
#5157 = CARTESIAN_POINT('',(0.49620465095,0.999970504966));
#5158 = CARTESIAN_POINT('',(0.499982768812,0.999931959173));
#5159 = ( GEOMETRIC_REPRESENTATION_CONTEXT(2) 
PARAMETRIC_REPRESENTATION_CONTEXT() REPRESENTATION_CONTEXT('2D SPACE',''
  ) );
#5160 = ADVANCED_FACE('',(#5161),#1484,.F.);
#5161 = FACE_BOUND('',#5162,.F.);
#5162 = EDGE_LOOP('',(#5163,#5164));
#5163 = ORIENTED_EDGE('',*,*,#1441,.T.);
#5164 = ORIENTED_EDGE('',*,*,#5165,.T.);
#5165 = EDGE_CURVE('',#1295,#1442,#5166,.T.);
#5166 = SURFACE_CURVE('',#5167,(#5199,#5250),.PCURVE_S1.);
#5167 = B_SPLINE_CURVE_WITH_KNOTS('',3,(#5168,#5169,#5170,#5171,#5172,
    #5173,#5174,#5175,#5176,#5177,#5178,#5179,#5180,#5181,#5182,#5183,
    #5184,#5185,#5186,#5187,#5188,#5189,#5190,#5191,#5192,#5193,#5194,
    #5195,#5196,#5197,#5198),.UNSPECIFIED.,.F.,.F.,(4,3,3,3,3,3,3,3,3,3,
    4),(0.,5.845471272779E-02,0.117049964215,0.17329240145,0.22584421651
    ,0.275585100243,0.324303679808,0.373867113687,0.425793628865,
    0.480951015691,0.5),.UNSPECIFIED.);
#5168 = CARTESIAN_POINT('',(28.8705,12.592662733729,-12.64011738243));
#5169 = CARTESIAN_POINT('',(28.8705,12.52208716437,-12.66750488867));
#5170 = CARTESIAN_POINT('',(28.857740925843,12.450405380153,
    -12.69497759718));
#5171 = CARTESIAN_POINT('',(28.832877165555,12.383540942268,
    -12.72031387272));
#5172 = CARTESIAN_POINT('',(28.807979763755,12.316586034526,
    -12.7456844291));
#5173 = CARTESIAN_POINT('',(28.770144631472,12.252535389114,
    -12.76964496269));
#5174 = CARTESIAN_POINT('',(28.722065876697,12.197582667154,
    -12.79001987635));
#5175 = CARTESIAN_POINT('',(28.675923861265,12.144843586106,
    -12.80957403463));
#5176 = CARTESIAN_POINT('',(28.618888058049,12.098938250612,
    -12.82640641523));
#5177 = CARTESIAN_POINT('',(28.555831571939,12.064850367398,
    -12.83884655756));
#5178 = CARTESIAN_POINT('',(28.496852146178,12.032966513707,
    -12.85048235424));
#5179 = CARTESIAN_POINT('',(28.43083763165,12.010504869192,
    -12.85861711224));
#5180 = CARTESIAN_POINT('',(28.363722004352,11.999948925972,
    -12.86243930907));
#5181 = CARTESIAN_POINT('',(28.300113996311,11.989944660971,
    -12.86606174899));
#5182 = CARTESIAN_POINT('',(28.233719711218,11.9903412044,
    -12.86591867894));
#5183 = CARTESIAN_POINT('',(28.170250601129,12.001096965595,
    -12.86202358693));
#5184 = CARTESIAN_POINT('',(28.10802714172,12.011641633217,
    -12.85820494036));
#5185 = CARTESIAN_POINT('',(28.046936659331,12.032390173104,
    -12.85068796427));
#5186 = CARTESIAN_POINT('',(27.991736113578,12.061352376569,
    -12.84012285677));
#5187 = CARTESIAN_POINT('',(27.935556697096,12.090828166499,
    -12.82937039831));
#5188 = CARTESIAN_POINT('',(27.884003583647,12.129532557251,
    -12.81519290823));
#5189 = CARTESIAN_POINT('',(27.840611336747,12.174098835131,
    -12.79871491758));
#5190 = CARTESIAN_POINT('',(27.795157370522,12.220782614705,
    -12.78145399924));
#5191 = CARTESIAN_POINT('',(27.757471387848,12.275053577092,
    -12.76123670774));
#5192 = CARTESIAN_POINT('',(27.729803243542,12.332572331074,
    -12.73957004316));
#5193 = CARTESIAN_POINT('',(27.700432019984,12.393631582583,
    -12.71656971318));
#5194 = CARTESIAN_POINT('',(27.681567957709,12.459905062063,
    -12.69134678187));
#5195 = CARTESIAN_POINT('',(27.674179069756,12.526320076615,
    -12.66576619696));
#5196 = CARTESIAN_POINT('',(27.67162983674,12.549233855916,
    -12.65694066435));
#5197 = CARTESIAN_POINT('',(27.670423993385,12.572365635008,
    -12.64799489665));
#5198 = CARTESIAN_POINT('',(27.670549786852,12.595516005881,
    -12.6390086993));
#5199 = PCURVE('',#1484,#5200);
#5200 = DEFINITIONAL_REPRESENTATION('',(#5201),#5249);
#5201 = B_SPLINE_CURVE_WITH_KNOTS('',3,(#5202,#5203,#5204,#5205,#5206,
    #5207,#5208,#5209,#5210,#5211,#5212,#5213,#5214,#5215,#5216,#5217,
    #5218,#5219,#5220,#5221,#5222,#5223,#5224,#5225,#5226,#5227,#5228,
    #5229,#5230,#5231,#5232,#5233,#5234,#5235,#5236,#5237,#5238,#5239,
    #5240,#5241,#5242,#5243,#5244,#5245,#5246,#5247,#5248),
  .UNSPECIFIED.,.F.,.F.,(4,1,1,1,1,1,1,1,1,1,1,1,1,1,1,1,1,1,1,1,1,1,1,1
    ,1,1,1,1,1,1,1,1,1,1,1,1,1,1,1,1,1,1,1,1,4),(0.,1.136363636364E-02,
    2.272727272727E-02,3.409090909091E-02,4.545454545455E-02,
    5.681818181818E-02,6.818181818182E-02,7.954545454545E-02,
    9.090909090909E-02,0.102272727273,0.113636363636,0.125,
    0.136363636364,0.147727272727,0.159090909091,0.170454545455,
    0.181818181818,0.193181818182,0.204545454545,0.215909090909,
    0.227272727273,0.238636363636,0.25,0.261363636364,0.272727272727,
    0.284090909091,0.295454545455,0.306818181818,0.318181818182,
    0.329545454545,0.340909090909,0.352272727273,0.363636363636,0.375,
    0.386363636364,0.397727272727,0.409090909091,0.420454545455,
    0.431818181818,0.443181818182,0.454545454545,0.465909090909,
    0.477272727273,0.488636363636,0.5),.QUASI_UNIFORM_KNOTS.);
#5202 = CARTESIAN_POINT('',(0.500800598775,0.99407094667));
#5203 = CARTESIAN_POINT('',(0.500799563203,0.99407094667));
#5204 = CARTESIAN_POINT('',(0.500797485578,0.993276832415));
#5205 = CARTESIAN_POINT('',(0.500794369336,0.989726859557));
#5206 = CARTESIAN_POINT('',(0.500791273056,0.983842476118));
#5207 = CARTESIAN_POINT('',(0.500788216049,0.97564509939));
#5208 = CARTESIAN_POINT('',(0.500785219696,0.965167191469));
#5209 = CARTESIAN_POINT('',(0.500782297911,0.952400008832));
#5210 = CARTESIAN_POINT('',(0.500779436338,0.937282420812));
#5211 = CARTESIAN_POINT('',(0.500776663546,0.919949190398));
#5212 = CARTESIAN_POINT('',(0.500773997748,0.900484949033));
#5213 = CARTESIAN_POINT('',(0.50077146069,0.878998958166));
#5214 = CARTESIAN_POINT('',(0.50076907062,0.855552090766));
#5215 = CARTESIAN_POINT('',(0.500766815007,0.829990591357));
#5216 = CARTESIAN_POINT('',(0.500764718769,0.802586220472));
#5217 = CARTESIAN_POINT('',(0.500762798623,0.773509411273));
#5218 = CARTESIAN_POINT('',(0.500761075077,0.742998239019));
#5219 = CARTESIAN_POINT('',(0.50075956176,0.711121537958));
#5220 = CARTESIAN_POINT('',(0.500758253571,0.677758911514));
#5221 = CARTESIAN_POINT('',(0.500757166268,0.643318045199));
#5222 = CARTESIAN_POINT('',(0.500756309693,0.608037415634));
#5223 = CARTESIAN_POINT('',(0.500755697405,0.57233407165));
#5224 = CARTESIAN_POINT('',(0.500755333004,0.536023018715));
#5225 = CARTESIAN_POINT('',(0.500755214416,0.499355609419));
#5226 = CARTESIAN_POINT('',(0.500755342152,0.462682936635));
#5227 = CARTESIAN_POINT('',(0.500755715035,0.426368161716));
#5228 = CARTESIAN_POINT('',(0.500756335792,0.390626431815));
#5229 = CARTESIAN_POINT('',(0.500757201738,0.355328694225));
#5230 = CARTESIAN_POINT('',(0.500758299108,0.320882409257));
#5231 = CARTESIAN_POINT('',(0.500759617365,0.287542766428));
#5232 = CARTESIAN_POINT('',(0.500761143337,0.255671127881));
#5233 = CARTESIAN_POINT('',(0.500762883091,0.225070286142));
#5234 = CARTESIAN_POINT('',(0.500764815048,0.19598925037));
#5235 = CARTESIAN_POINT('',(0.500766922851,0.168612997872));
#5236 = CARTESIAN_POINT('',(0.500769182614,0.143215476223));
#5237 = CARTESIAN_POINT('',(0.50077159596,0.119772604085));
#5238 = CARTESIAN_POINT('',(0.500774153543,9.82673832183E-02));
#5239 = CARTESIAN_POINT('',(0.500776831306,7.885416679107E-02));
#5240 = CARTESIAN_POINT('',(0.500779610548,6.16315651834E-02));
#5241 = CARTESIAN_POINT('',(0.500782466107,4.674980852026E-02));
#5242 = CARTESIAN_POINT('',(0.500785413124,3.408633396279E-02));
#5243 = CARTESIAN_POINT('',(0.500788428539,2.369225477581E-02));
#5244 = CARTESIAN_POINT('',(0.500791492967,1.560735758041E-02));
#5245 = CARTESIAN_POINT('',(0.500794586073,9.872326034873E-03));
#5246 = CARTESIAN_POINT('',(0.500797688004,6.535582292463E-03));
#5247 = CARTESIAN_POINT('',(0.500799769559,5.87942585621E-03));
#5248 = CARTESIAN_POINT('',(0.50080081417,5.940288455875E-03));
#5249 = ( GEOMETRIC_REPRESENTATION_CONTEXT(2) 
PARAMETRIC_REPRESENTATION_CONTEXT() REPRESENTATION_CONTEXT('2D SPACE',''
  ) );
#5250 = PCURVE('',#1372,#5251);
#5251 = DEFINITIONAL_REPRESENTATION('',(#5252),#5255);
#5252 = B_SPLINE_CURVE_WITH_KNOTS('',1,(#5253,#5254),.UNSPECIFIED.,.F.,
  .F.,(2,2),(0.,0.5),.PIECEWISE_BEZIER_KNOTS.);
#5253 = CARTESIAN_POINT('',(-1.02155407227E-14,0.999999999998));
#5254 = CARTESIAN_POINT('',(0.500000117502,1.000000211612));
#5255 = ( GEOMETRIC_REPRESENTATION_CONTEXT(2) 
PARAMETRIC_REPRESENTATION_CONTEXT() REPRESENTATION_CONTEXT('2D SPACE',''
  ) );
#5256 = ADVANCED_FACE('',(#5257),#994,.F.);
#5257 = FACE_BOUND('',#5258,.F.);
#5258 = EDGE_LOOP('',(#5259,#5260));
#5259 = ORIENTED_EDGE('',*,*,#906,.T.);
#5260 = ORIENTED_EDGE('',*,*,#5261,.T.);
#5261 = EDGE_CURVE('',#760,#907,#5262,.T.);
#5262 = SURFACE_CURVE('',#5263,(#5295,#5346),.PCURVE_S1.);
#5263 = B_SPLINE_CURVE_WITH_KNOTS('',3,(#5264,#5265,#5266,#5267,#5268,
    #5269,#5270,#5271,#5272,#5273,#5274,#5275,#5276,#5277,#5278,#5279,
    #5280,#5281,#5282,#5283,#5284,#5285,#5286,#5287,#5288,#5289,#5290,
    #5291,#5292,#5293,#5294),.UNSPECIFIED.,.F.,.F.,(4,3,3,3,3,3,3,3,3,3,
    4),(0.,7.573067920593E-02,0.141587430077,0.199312779085,
    0.248130866986,0.291871191627,0.335104420823,0.381401935536,
    0.433393585093,0.492526834108,0.5),.UNSPECIFIED.);
#5264 = CARTESIAN_POINT('',(28.870499999976,17.590053481035,
    -10.16737125127));
#5265 = CARTESIAN_POINT('',(28.8705,17.502776880677,-10.21991002067));
#5266 = CARTESIAN_POINT('',(28.85089728327,17.413438327188,
    -10.27293566069));
#5267 = CARTESIAN_POINT('',(28.81222497575,17.332219453394,
    -10.32074182944));
#5268 = CARTESIAN_POINT('',(28.778534413667,17.26146315036,
    -10.36238963376));
#5269 = CARTESIAN_POINT('',(28.729031203819,17.194415240804,
    -10.40152642315));
#5270 = CARTESIAN_POINT('',(28.666819635228,17.139683052246,
    -10.43330937875));
#5271 = CARTESIAN_POINT('',(28.612245573236,17.091670151768,
    -10.46119044699));
#5272 = CARTESIAN_POINT('',(28.545804895808,17.051602699334,
    -10.48431180517));
#5273 = CARTESIAN_POINT('',(28.473921778009,17.025697429463,
    -10.49923344011));
#5274 = CARTESIAN_POINT('',(28.412906477773,17.003708708504,
    -10.51189911271));
#5275 = CARTESIAN_POINT('',(28.346014734244,16.991275808903,
    -10.51903617451));
#5276 = CARTESIAN_POINT('',(28.279943930365,16.990235733274,
    -10.51963374647));
#5277 = CARTESIAN_POINT('',(28.220544811493,16.989300682203,
    -10.52017097693));
#5278 = CARTESIAN_POINT('',(28.160153481465,16.997485207687,
    -10.51547297488));
#5279 = CARTESIAN_POINT('',(28.103799429829,17.013783994489,
    -10.50609274712));
#5280 = CARTESIAN_POINT('',(28.048010207771,17.029919420599,
    -10.4968065362));
#5281 = CARTESIAN_POINT('',(27.994743514839,17.054333536598,
    -10.48274075193));
#5282 = CARTESIAN_POINT('',(27.947426116825,17.084569409894,
    -10.46525136091));
#5283 = CARTESIAN_POINT('',(27.896743257987,17.116955816636,
    -10.44651803294));
#5284 = CARTESIAN_POINT('',(27.851636281494,17.156722252087,
    -10.4234481688));
#5285 = CARTESIAN_POINT('',(27.814238264949,17.200513835076,
    -10.39790889088));
#5286 = CARTESIAN_POINT('',(27.77226855764,17.24965868527,
    -10.36924758426));
#5287 = CARTESIAN_POINT('',(27.738974203452,17.304974392822,
    -10.33683090464));
#5288 = CARTESIAN_POINT('',(27.715415227265,17.362387624997,
    -10.30296589997));
#5289 = CARTESIAN_POINT('',(27.688657682464,17.427595769863,
    -10.26450309188));
#5290 = CARTESIAN_POINT('',(27.673771531127,17.497072490733,
    -10.22324772324));
#5291 = CARTESIAN_POINT('',(27.670989115206,17.565939534923,
    -10.18205252507));
#5292 = CARTESIAN_POINT('',(27.67063823136,17.574624193885,
    -10.17685749672));
#5293 = CARTESIAN_POINT('',(27.670479011841,17.583326038622,
    -10.17164731216));
#5294 = CARTESIAN_POINT('',(27.670509559638,17.591830707494,
    -10.16608525983));
#5295 = PCURVE('',#994,#5296);
#5296 = DEFINITIONAL_REPRESENTATION('',(#5297),#5345);
#5297 = B_SPLINE_CURVE_WITH_KNOTS('',3,(#5298,#5299,#5300,#5301,#5302,
    #5303,#5304,#5305,#5306,#5307,#5308,#5309,#5310,#5311,#5312,#5313,
    #5314,#5315,#5316,#5317,#5318,#5319,#5320,#5321,#5322,#5323,#5324,
    #5325,#5326,#5327,#5328,#5329,#5330,#5331,#5332,#5333,#5334,#5335,
    #5336,#5337,#5338,#5339,#5340,#5341,#5342,#5343,#5344),
  .UNSPECIFIED.,.F.,.F.,(4,1,1,1,1,1,1,1,1,1,1,1,1,1,1,1,1,1,1,1,1,1,1,1
    ,1,1,1,1,1,1,1,1,1,1,1,1,1,1,1,1,1,1,1,1,4),(0.,1.136363636364E-02,
    2.272727272727E-02,3.409090909091E-02,4.545454545455E-02,
    5.681818181818E-02,6.818181818182E-02,7.954545454545E-02,
    9.090909090909E-02,0.102272727273,0.113636363636,0.125,
    0.136363636364,0.147727272727,0.159090909091,0.170454545455,
    0.181818181818,0.193181818182,0.204545454545,0.215909090909,
    0.227272727273,0.238636363636,0.25,0.261363636364,0.272727272727,
    0.284090909091,0.295454545455,0.306818181818,0.318181818182,
    0.329545454545,0.340909090909,0.352272727273,0.363636363636,0.375,
    0.386363636364,0.397727272727,0.409090909091,0.420454545455,
    0.431818181818,0.443181818182,0.454545454545,0.465909090909,
    0.477272727273,0.488636363636,0.5),.QUASI_UNIFORM_KNOTS.);
#5298 = CARTESIAN_POINT('',(-0.599789832729,-6.742762995865E-03));
#5299 = CARTESIAN_POINT('',(-0.599678200634,-2.20282308145E-02));
#5300 = CARTESIAN_POINT('',(-0.59857144236,-5.268357304258E-02));
#5301 = CARTESIAN_POINT('',(-0.594273344658,-9.868356441621E-02));
#5302 = CARTESIAN_POINT('',(-0.587350061297,-0.14446377376));
#5303 = CARTESIAN_POINT('',(-0.577813482589,-0.189789255135));
#5304 = CARTESIAN_POINT('',(-0.565678761475,-0.234418258224));
#5305 = CARTESIAN_POINT('',(-0.550948856674,-0.278134379102));
#5306 = CARTESIAN_POINT('',(-0.533672211824,-0.320626585896));
#5307 = CARTESIAN_POINT('',(-0.513581303659,-0.362257476789));
#5308 = CARTESIAN_POINT('',(-0.490809790922,-0.402647332761));
#5309 = CARTESIAN_POINT('',(-0.465446124645,-0.441513058948));
#5310 = CARTESIAN_POINT('',(-0.437590480574,-0.478545073695));
#5311 = CARTESIAN_POINT('',(-0.407341326419,-0.513443103809));
#5312 = CARTESIAN_POINT('',(-0.374792226064,-0.545896118315));
#5313 = CARTESIAN_POINT('',(-0.339574054214,-0.576063467435));
#5314 = CARTESIAN_POINT('',(-0.302092744452,-0.603543138232));
#5315 = CARTESIAN_POINT('',(-0.262613132927,-0.628033284039));
#5316 = CARTESIAN_POINT('',(-0.221448573304,-0.649205995578));
#5317 = CARTESIAN_POINT('',(-0.178859410952,-0.666737419395));
#5318 = CARTESIAN_POINT('',(-0.134445254866,-0.680640835474));
#5319 = CARTESIAN_POINT('',(-8.894494047792E-02,-0.690702482236));
#5320 = CARTESIAN_POINT('',(-4.276141550623E-02,-0.696786071076));
#5321 = CARTESIAN_POINT('',(3.408224737875E-03,-0.698721285225));
#5322 = CARTESIAN_POINT('',(4.991613480258E-02,-0.696399901147));
#5323 = CARTESIAN_POINT('',(9.615873436215E-02,-0.689968204113));
#5324 = CARTESIAN_POINT('',(0.141657468129,-0.679540347233));
#5325 = CARTESIAN_POINT('',(0.185760839426,-0.665260530306));
#5326 = CARTESIAN_POINT('',(0.228696142095,-0.647093981002));
#5327 = CARTESIAN_POINT('',(0.270059386063,-0.625387715555));
#5328 = CARTESIAN_POINT('',(0.309503196733,-0.600433831916));
#5329 = CARTESIAN_POINT('',(0.346594370811,-0.572566856442));
#5330 = CARTESIAN_POINT('',(0.381588230526,-0.541758215145));
#5331 = CARTESIAN_POINT('',(0.414248588214,-0.508401035622));
#5332 = CARTESIAN_POINT('',(0.44441945877,-0.47280377641));
#5333 = CARTESIAN_POINT('',(0.471840293437,-0.435390702297));
#5334 = CARTESIAN_POINT('',(0.496721342258,-0.396059574167));
#5335 = CARTESIAN_POINT('',(0.519010893167,-0.355097055543));
#5336 = CARTESIAN_POINT('',(0.538642213524,-0.31279680074));
#5337 = CARTESIAN_POINT('',(0.555548234541,-0.269459524404));
#5338 = CARTESIAN_POINT('',(0.569678229625,-0.225350689603));
#5339 = CARTESIAN_POINT('',(0.581192523158,-0.180259268811));
#5340 = CARTESIAN_POINT('',(0.590044897649,-0.134527846172));
#5341 = CARTESIAN_POINT('',(0.596237586892,-8.836706687411E-02));
#5342 = CARTESIAN_POINT('',(0.599759023787,-4.203573540515E-02));
#5343 = CARTESIAN_POINT('',(0.600322590184,-1.116654284947E-02));
#5344 = CARTESIAN_POINT('',(0.600157232428,4.227556250857E-03));
#5345 = ( GEOMETRIC_REPRESENTATION_CONTEXT(2) 
PARAMETRIC_REPRESENTATION_CONTEXT() REPRESENTATION_CONTEXT('2D SPACE',''
  ) );
#5346 = PCURVE('',#837,#5347);
#5347 = DEFINITIONAL_REPRESENTATION('',(#5348),#5396);
#5348 = B_SPLINE_CURVE_WITH_KNOTS('',3,(#5349,#5350,#5351,#5352,#5353,
    #5354,#5355,#5356,#5357,#5358,#5359,#5360,#5361,#5362,#5363,#5364,
    #5365,#5366,#5367,#5368,#5369,#5370,#5371,#5372,#5373,#5374,#5375,
    #5376,#5377,#5378,#5379,#5380,#5381,#5382,#5383,#5384,#5385,#5386,
    #5387,#5388,#5389,#5390,#5391,#5392,#5393,#5394,#5395),
  .UNSPECIFIED.,.F.,.F.,(4,1,1,1,1,1,1,1,1,1,1,1,1,1,1,1,1,1,1,1,1,1,1,1
    ,1,1,1,1,1,1,1,1,1,1,1,1,1,1,1,1,1,1,1,1,4),(0.,1.136363636364E-02,
    2.272727272727E-02,3.409090909091E-02,4.545454545455E-02,
    5.681818181818E-02,6.818181818182E-02,7.954545454545E-02,
    9.090909090909E-02,0.102272727273,0.113636363636,0.125,
    0.136363636364,0.147727272727,0.159090909091,0.170454545455,
    0.181818181818,0.193181818182,0.204545454545,0.215909090909,
    0.227272727273,0.238636363636,0.25,0.261363636364,0.272727272727,
    0.284090909091,0.295454545455,0.306818181818,0.318181818182,
    0.329545454545,0.340909090909,0.352272727273,0.363636363636,0.375,
    0.386363636364,0.397727272727,0.409090909091,0.420454545455,
    0.431818181818,0.443181818182,0.454545454545,0.465909090909,
    0.477272727273,0.488636363636,0.5),.QUASI_UNIFORM_KNOTS.);
#5349 = CARTESIAN_POINT('',(3.11768272577E-05,0.999959201251));
#5350 = CARTESIAN_POINT('',(3.814303056016E-03,0.999965338185));
#5351 = CARTESIAN_POINT('',(1.138200156448E-02,0.999975779492));
#5352 = CARTESIAN_POINT('',(2.273723445407E-02,0.999986748055));
#5353 = CARTESIAN_POINT('',(3.409551254044E-02,0.999993812109));
#5354 = CARTESIAN_POINT('',(4.545615005801E-02,0.99999781443));
#5355 = CARTESIAN_POINT('',(5.681846060726E-02,0.999999612417));
#5356 = CARTESIAN_POINT('',(6.818178800633E-02,1.000000041706));
#5357 = CARTESIAN_POINT('',(7.954546263096E-02,0.999999988825));
#5358 = CARTESIAN_POINT('',(9.090908874259E-02,1.000000002994));
#5359 = CARTESIAN_POINT('',(0.102272727853,0.999999999198));
#5360 = CARTESIAN_POINT('',(0.113636363481,1.000000000215));
#5361 = CARTESIAN_POINT('',(0.125000000042,0.999999999942));
#5362 = CARTESIAN_POINT('',(0.136363636352,1.000000000015));
#5363 = CARTESIAN_POINT('',(0.14772727273,0.999999999996));
#5364 = CARTESIAN_POINT('',(0.15909090909,1.000000000001));
#5365 = CARTESIAN_POINT('',(0.170454545455,1.));
#5366 = CARTESIAN_POINT('',(0.181818181818,1.));
#5367 = CARTESIAN_POINT('',(0.193181818182,1.));
#5368 = CARTESIAN_POINT('',(0.204545454545,1.));
#5369 = CARTESIAN_POINT('',(0.215909090909,1.));
#5370 = CARTESIAN_POINT('',(0.227272727273,1.));
#5371 = CARTESIAN_POINT('',(0.238636363636,1.));
#5372 = CARTESIAN_POINT('',(0.25,1.));
#5373 = CARTESIAN_POINT('',(0.261363636364,1.));
#5374 = CARTESIAN_POINT('',(0.272727272727,1.));
#5375 = CARTESIAN_POINT('',(0.284090909091,1.));
#5376 = CARTESIAN_POINT('',(0.295454545455,1.));
#5377 = CARTESIAN_POINT('',(0.306818181818,1.));
#5378 = CARTESIAN_POINT('',(0.318181818182,1.));
#5379 = CARTESIAN_POINT('',(0.329545454546,1.));
#5380 = CARTESIAN_POINT('',(0.340909090909,0.999999999999));
#5381 = CARTESIAN_POINT('',(0.352272727274,1.000000000002));
#5382 = CARTESIAN_POINT('',(0.363636363631,0.999999999993));
#5383 = CARTESIAN_POINT('',(0.37500000002,1.000000000027));
#5384 = CARTESIAN_POINT('',(0.386363636288,0.9999999999));
#5385 = CARTESIAN_POINT('',(0.397727273009,1.000000000372));
#5386 = CARTESIAN_POINT('',(0.409090908041,0.999999998612));
#5387 = CARTESIAN_POINT('',(0.420454549373,1.00000000518));
#5388 = CARTESIAN_POINT('',(0.431818167193,0.999999980668));
#5389 = CARTESIAN_POINT('',(0.443181872765,1.000000072146));
#5390 = CARTESIAN_POINT('',(0.454545250837,0.999999730746));
#5391 = CARTESIAN_POINT('',(0.465909851158,1.000001004871));
#5392 = CARTESIAN_POINT('',(0.477269889987,0.999996249771));
#5393 = CARTESIAN_POINT('',(0.488646952532,1.000013996045));
#5394 = CARTESIAN_POINT('',(0.496189305312,0.999969842714));
#5395 = CARTESIAN_POINT('',(0.499941330543,0.999922452693));
#5396 = ( GEOMETRIC_REPRESENTATION_CONTEXT(2) 
PARAMETRIC_REPRESENTATION_CONTEXT() REPRESENTATION_CONTEXT('2D SPACE',''
  ) );
#5397 = ADVANCED_FACE('',(#5398),#5412,.T.);
#5398 = FACE_BOUND('',#5399,.T.);
#5399 = EDGE_LOOP('',(#5400,#5435));
#5400 = ORIENTED_EDGE('',*,*,#5401,.F.);
#5401 = EDGE_CURVE('',#5402,#5404,#5406,.T.);
#5402 = VERTEX_POINT('',#5403);
#5403 = CARTESIAN_POINT('',(0.709104171378,41.300595297074,
    3.688901468242E-15));
#5404 = VERTEX_POINT('',#5405);
#5405 = CARTESIAN_POINT('',(-0.709104171378,41.300595297074,
    3.688901468242E-15));
#5406 = SURFACE_CURVE('',#5407,(#5411,#5423),.PCURVE_S1.);
#5407 = LINE('',#5408,#5409);
#5408 = CARTESIAN_POINT('',(-40.,41.300595297074,2.361844477136E-15));
#5409 = VECTOR('',#5410,1.);
#5410 = DIRECTION('',(-1.,0.,0.));
#5411 = PCURVE('',#5412,#5417);
#5412 = PLANE('',#5413);
#5413 = AXIS2_PLACEMENT_3D('',#5414,#5415,#5416);
#5414 = CARTESIAN_POINT('',(-40.,41.5,2.385244779468E-15));
#5415 = DIRECTION('',(0.,-1.173508046126E-16,1.));
#5416 = DIRECTION('',(0.,-1.,-1.173508046126E-16));
#5417 = DEFINITIONAL_REPRESENTATION('',(#5418),#5422);
#5418 = LINE('',#5419,#5420);
#5419 = CARTESIAN_POINT('',(0.199404702926,0.));
#5420 = VECTOR('',#5421,1.);
#5421 = DIRECTION('',(-0.,-1.));
#5422 = ( GEOMETRIC_REPRESENTATION_CONTEXT(2) 
PARAMETRIC_REPRESENTATION_CONTEXT() REPRESENTATION_CONTEXT('2D SPACE',''
  ) );
#5423 = PCURVE('',#5424,#5429);
#5424 = PLANE('',#5425);
#5425 = AXIS2_PLACEMENT_3D('',#5426,#5427,#5428);
#5426 = CARTESIAN_POINT('',(-30.75,41.300595297074,3.688901468242E-15));
#5427 = DIRECTION('',(0.,0.421682753838,-0.906743434007));
#5428 = DIRECTION('',(0.,0.906743434007,0.421682753838));
#5429 = DEFINITIONAL_REPRESENTATION('',(#5430),#5434);
#5430 = LINE('',#5431,#5432);
#5431 = CARTESIAN_POINT('',(-9.950550141871E-17,-9.25));
#5432 = VECTOR('',#5433,1.);
#5433 = DIRECTION('',(0.,-1.));
#5434 = ( GEOMETRIC_REPRESENTATION_CONTEXT(2) 
PARAMETRIC_REPRESENTATION_CONTEXT() REPRESENTATION_CONTEXT('2D SPACE',''
  ) );
#5435 = ORIENTED_EDGE('',*,*,#5436,.T.);
#5436 = EDGE_CURVE('',#5402,#5404,#5437,.T.);
#5437 = SURFACE_CURVE('',#5438,(#5443,#5450),.PCURVE_S1.);
#5438 = CIRCLE('',#5439,2.);
#5439 = AXIS2_PLACEMENT_3D('',#5440,#5441,#5442);
#5440 = CARTESIAN_POINT('',(0.,39.43052276529,0.));
#5441 = DIRECTION('',(0.,0.,1.));
#5442 = DIRECTION('',(1.,0.,-0.));
#5443 = PCURVE('',#5412,#5444);
#5444 = DEFINITIONAL_REPRESENTATION('',(#5445),#5449);
#5445 = CIRCLE('',#5446,2.);
#5446 = AXIS2_PLACEMENT_2D('',#5447,#5448);
#5447 = CARTESIAN_POINT('',(2.06947723471,40.));
#5448 = DIRECTION('',(0.,1.));
#5449 = ( GEOMETRIC_REPRESENTATION_CONTEXT(2) 
PARAMETRIC_REPRESENTATION_CONTEXT() REPRESENTATION_CONTEXT('2D SPACE',''
  ) );
#5450 = PCURVE('',#304,#5451);
#5451 = DEFINITIONAL_REPRESENTATION('',(#5452),#5456);
#5452 = LINE('',#5453,#5454);
#5453 = CARTESIAN_POINT('',(6.661338147751E-16,30.));
#5454 = VECTOR('',#5455,1.);
#5455 = DIRECTION('',(1.,0.));
#5456 = ( GEOMETRIC_REPRESENTATION_CONTEXT(2) 
PARAMETRIC_REPRESENTATION_CONTEXT() REPRESENTATION_CONTEXT('2D SPACE',''
  ) );
#5457 = ADVANCED_FACE('',(#5458),#3683,.F.);
#5458 = FACE_BOUND('',#5459,.F.);
#5459 = EDGE_LOOP('',(#5460,#5482,#5483,#5484));
#5460 = ORIENTED_EDGE('',*,*,#5461,.T.);
#5461 = EDGE_CURVE('',#3696,#3663,#5462,.T.);
#5462 = SURFACE_CURVE('',#5463,(#5468,#5475),.PCURVE_S1.);
#5463 = CIRCLE('',#5464,4.1);
#5464 = AXIS2_PLACEMENT_3D('',#5465,#5466,#5467);
#5465 = CARTESIAN_POINT('',(-19.,-8.,-11.3));
#5466 = DIRECTION('',(1.,-0.,0.));
#5467 = DIRECTION('',(0.,0.,-1.));
#5468 = PCURVE('',#3683,#5469);
#5469 = DEFINITIONAL_REPRESENTATION('',(#5470),#5474);
#5470 = LINE('',#5471,#5472);
#5471 = CARTESIAN_POINT('',(3.14159265359,2.));
#5472 = VECTOR('',#5473,1.);
#5473 = DIRECTION('',(-1.,0.));
#5474 = ( GEOMETRIC_REPRESENTATION_CONTEXT(2) 
PARAMETRIC_REPRESENTATION_CONTEXT() REPRESENTATION_CONTEXT('2D SPACE',''
  ) );
#5475 = PCURVE('',#3712,#5476);
#5476 = DEFINITIONAL_REPRESENTATION('',(#5477),#5481);
#5477 = CIRCLE('',#5478,4.1);
#5478 = AXIS2_PLACEMENT_2D('',#5479,#5480);
#5479 = CARTESIAN_POINT('',(5.,5.));
#5480 = DIRECTION('',(1.,0.));
#5481 = ( GEOMETRIC_REPRESENTATION_CONTEXT(2) 
PARAMETRIC_REPRESENTATION_CONTEXT() REPRESENTATION_CONTEXT('2D SPACE',''
  ) );
#5482 = ORIENTED_EDGE('',*,*,#3660,.F.);
#5483 = ORIENTED_EDGE('',*,*,#4670,.F.);
#5484 = ORIENTED_EDGE('',*,*,#3724,.T.);
#5485 = ADVANCED_FACE('',(#5486),#3566,.F.);
#5486 = FACE_BOUND('',#5487,.F.);
#5487 = EDGE_LOOP('',(#5488,#5510,#5511,#5512));
#5488 = ORIENTED_EDGE('',*,*,#5489,.T.);
#5489 = EDGE_CURVE('',#3579,#3546,#5490,.T.);
#5490 = SURFACE_CURVE('',#5491,(#5496,#5503),.PCURVE_S1.);
#5491 = CIRCLE('',#5492,4.1);
#5492 = AXIS2_PLACEMENT_3D('',#5493,#5494,#5495);
#5493 = CARTESIAN_POINT('',(19.,-8.,-11.3));
#5494 = DIRECTION('',(-1.,0.,0.));
#5495 = DIRECTION('',(0.,0.,1.));
#5496 = PCURVE('',#3566,#5497);
#5497 = DEFINITIONAL_REPRESENTATION('',(#5498),#5502);
#5498 = LINE('',#5499,#5500);
#5499 = CARTESIAN_POINT('',(3.14159265359,2.));
#5500 = VECTOR('',#5501,1.);
#5501 = DIRECTION('',(-1.,0.));
#5502 = ( GEOMETRIC_REPRESENTATION_CONTEXT(2) 
PARAMETRIC_REPRESENTATION_CONTEXT() REPRESENTATION_CONTEXT('2D SPACE',''
  ) );
#5503 = PCURVE('',#3595,#5504);
#5504 = DEFINITIONAL_REPRESENTATION('',(#5505),#5509);
#5505 = CIRCLE('',#5506,4.1);
#5506 = AXIS2_PLACEMENT_2D('',#5507,#5508);
#5507 = CARTESIAN_POINT('',(-5.,5.));
#5508 = DIRECTION('',(1.,0.));
#5509 = ( GEOMETRIC_REPRESENTATION_CONTEXT(2) 
PARAMETRIC_REPRESENTATION_CONTEXT() REPRESENTATION_CONTEXT('2D SPACE',''
  ) );
#5510 = ORIENTED_EDGE('',*,*,#3543,.F.);
#5511 = ORIENTED_EDGE('',*,*,#4700,.F.);
#5512 = ORIENTED_EDGE('',*,*,#3607,.T.);
#5513 = ADVANCED_FACE('',(#5514),#5424,.F.);
#5514 = FACE_BOUND('',#5515,.T.);
#5515 = EDGE_LOOP('',(#5516,#5517,#5545,#5568));
#5516 = ORIENTED_EDGE('',*,*,#5401,.T.);
#5517 = ORIENTED_EDGE('',*,*,#5518,.T.);
#5518 = EDGE_CURVE('',#5404,#5519,#5521,.T.);
#5519 = VERTEX_POINT('',#5520);
#5520 = CARTESIAN_POINT('',(-12.05077364674,37.,-2.));
#5521 = SURFACE_CURVE('',#5522,(#5526,#5533),.PCURVE_S1.);
#5522 = LINE('',#5523,#5524);
#5523 = CARTESIAN_POINT('',(-5.211893383812,39.59320343975,
    -0.794025821721));
#5524 = VECTOR('',#5525,1.);
#5525 = DIRECTION('',(-0.92257923747,-0.349828562582,-0.162688436561));
#5526 = PCURVE('',#5424,#5527);
#5527 = DEFINITIONAL_REPRESENTATION('',(#5528),#5532);
#5528 = LINE('',#5529,#5530);
#5529 = CARTESIAN_POINT('',(-1.882993351028,25.538106616188));
#5530 = VECTOR('',#5531,1.);
#5531 = DIRECTION('',(-0.385807660096,-0.92257923747));
#5532 = ( GEOMETRIC_REPRESENTATION_CONTEXT(2) 
PARAMETRIC_REPRESENTATION_CONTEXT() REPRESENTATION_CONTEXT('2D SPACE',''
  ) );
#5533 = PCURVE('',#5534,#5539);
#5534 = PLANE('',#5535);
#5535 = AXIS2_PLACEMENT_3D('',#5536,#5537,#5538);
#5536 = CARTESIAN_POINT('',(-0.709104171378,41.300595297074,-30.));
#5537 = DIRECTION('',(-0.354552085689,0.935036265892,0.));
#5538 = DIRECTION('',(-0.935036265892,-0.354552085689,0.));
#5539 = DEFINITIONAL_REPRESENTATION('',(#5540),#5544);
#5540 = LINE('',#5541,#5542);
#5541 = CARTESIAN_POINT('',(4.815630555397,29.205974178279));
#5542 = VECTOR('',#5543,1.);
#5543 = DIRECTION('',(0.986677491691,-0.162688436561));
#5544 = ( GEOMETRIC_REPRESENTATION_CONTEXT(2) 
PARAMETRIC_REPRESENTATION_CONTEXT() REPRESENTATION_CONTEXT('2D SPACE',''
  ) );
#5545 = ORIENTED_EDGE('',*,*,#5546,.T.);
#5546 = EDGE_CURVE('',#5519,#5547,#5549,.T.);
#5547 = VERTEX_POINT('',#5548);
#5548 = CARTESIAN_POINT('',(12.050773646748,37.,-2.));
#5549 = SURFACE_CURVE('',#5550,(#5554,#5561),.PCURVE_S1.);
#5550 = LINE('',#5551,#5552);
#5551 = CARTESIAN_POINT('',(-30.75,37.,-2.));
#5552 = VECTOR('',#5553,1.);
#5553 = DIRECTION('',(1.,-0.,-0.));
#5554 = PCURVE('',#5424,#5555);
#5555 = DEFINITIONAL_REPRESENTATION('',(#5556),#5560);
#5556 = LINE('',#5557,#5558);
#5557 = CARTESIAN_POINT('',(-4.742902055621,0.));
#5558 = VECTOR('',#5559,1.);
#5559 = DIRECTION('',(0.,1.));
#5560 = ( GEOMETRIC_REPRESENTATION_CONTEXT(2) 
PARAMETRIC_REPRESENTATION_CONTEXT() REPRESENTATION_CONTEXT('2D SPACE',''
  ) );
#5561 = PCURVE('',#102,#5562);
#5562 = DEFINITIONAL_REPRESENTATION('',(#5563),#5567);
#5563 = LINE('',#5564,#5565);
#5564 = CARTESIAN_POINT('',(15.825764167886,0.));
#5565 = VECTOR('',#5566,1.);
#5566 = DIRECTION('',(0.,1.));
#5567 = ( GEOMETRIC_REPRESENTATION_CONTEXT(2) 
PARAMETRIC_REPRESENTATION_CONTEXT() REPRESENTATION_CONTEXT('2D SPACE',''
  ) );
#5568 = ORIENTED_EDGE('',*,*,#5569,.F.);
#5569 = EDGE_CURVE('',#5402,#5547,#5570,.T.);
#5570 = SURFACE_CURVE('',#5571,(#5575,#5582),.PCURVE_S1.);
#5571 = LINE('',#5572,#5573);
#5572 = CARTESIAN_POINT('',(5.211893383812,39.59320343975,
    -0.794025821721));
#5573 = VECTOR('',#5574,1.);
#5574 = DIRECTION('',(0.92257923747,-0.349828562582,-0.162688436561));
#5575 = PCURVE('',#5424,#5576);
#5576 = DEFINITIONAL_REPRESENTATION('',(#5577),#5581);
#5577 = LINE('',#5578,#5579);
#5578 = CARTESIAN_POINT('',(-1.882993351028,35.961893383812));
#5579 = VECTOR('',#5580,1.);
#5580 = DIRECTION('',(-0.385807660096,0.92257923747));
#5581 = ( GEOMETRIC_REPRESENTATION_CONTEXT(2) 
PARAMETRIC_REPRESENTATION_CONTEXT() REPRESENTATION_CONTEXT('2D SPACE',''
  ) );
#5582 = PCURVE('',#5583,#5588);
#5583 = PLANE('',#5584);
#5584 = AXIS2_PLACEMENT_3D('',#5585,#5586,#5587);
#5585 = CARTESIAN_POINT('',(0.709104171378,41.300595297074,-30.));
#5586 = DIRECTION('',(-0.354552085689,-0.935036265892,0.));
#5587 = DIRECTION('',(0.935036265892,-0.354552085689,0.));
#5588 = DEFINITIONAL_REPRESENTATION('',(#5589),#5593);
#5589 = LINE('',#5590,#5591);
#5590 = CARTESIAN_POINT('',(4.815630555397,29.205974178279));
#5591 = VECTOR('',#5592,1.);
#5592 = DIRECTION('',(0.986677491691,-0.162688436561));
#5593 = ( GEOMETRIC_REPRESENTATION_CONTEXT(2) 
PARAMETRIC_REPRESENTATION_CONTEXT() REPRESENTATION_CONTEXT('2D SPACE',''
  ) );
#5594 = ADVANCED_FACE('',(#5595),#3454,.F.);
#5595 = FACE_BOUND('',#5596,.F.);
#5596 = EDGE_LOOP('',(#5597,#5619,#5620,#5621));
#5597 = ORIENTED_EDGE('',*,*,#5598,.T.);
#5598 = EDGE_CURVE('',#3467,#3434,#5599,.T.);
#5599 = SURFACE_CURVE('',#5600,(#5605,#5612),.PCURVE_S1.);
#5600 = CIRCLE('',#5601,0.6);
#5601 = AXIS2_PLACEMENT_3D('',#5602,#5603,#5604);
#5602 = CARTESIAN_POINT('',(6.713729199648,32.645656635972,-2.));
#5603 = DIRECTION('',(0.,5.480694194524E-17,-1.));
#5604 = DIRECTION('',(0.,1.,5.480694194524E-17));
#5605 = PCURVE('',#3454,#5606);
#5606 = DEFINITIONAL_REPRESENTATION('',(#5607),#5611);
#5607 = LINE('',#5608,#5609);
#5608 = CARTESIAN_POINT('',(7.853981633974,2.));
#5609 = VECTOR('',#5610,1.);
#5610 = DIRECTION('',(-1.,0.));
#5611 = ( GEOMETRIC_REPRESENTATION_CONTEXT(2) 
PARAMETRIC_REPRESENTATION_CONTEXT() REPRESENTATION_CONTEXT('2D SPACE',''
  ) );
#5612 = PCURVE('',#102,#5613);
#5613 = DEFINITIONAL_REPRESENTATION('',(#5614),#5618);
#5614 = CIRCLE('',#5615,0.6);
#5615 = AXIS2_PLACEMENT_2D('',#5616,#5617);
#5616 = CARTESIAN_POINT('',(11.471420803857,37.463729199648));
#5617 = DIRECTION('',(1.,0.));
#5618 = ( GEOMETRIC_REPRESENTATION_CONTEXT(2) 
PARAMETRIC_REPRESENTATION_CONTEXT() REPRESENTATION_CONTEXT('2D SPACE',''
  ) );
#5619 = ORIENTED_EDGE('',*,*,#3431,.F.);
#5620 = ORIENTED_EDGE('',*,*,#4730,.F.);
#5621 = ORIENTED_EDGE('',*,*,#3490,.T.);
#5622 = ADVANCED_FACE('',(#5623),#3342,.F.);
#5623 = FACE_BOUND('',#5624,.F.);
#5624 = EDGE_LOOP('',(#5625,#5647,#5648,#5649));
#5625 = ORIENTED_EDGE('',*,*,#5626,.T.);
#5626 = EDGE_CURVE('',#3355,#3322,#5627,.T.);
#5627 = SURFACE_CURVE('',#5628,(#5633,#5640),.PCURVE_S1.);
#5628 = CIRCLE('',#5629,0.6);
#5629 = AXIS2_PLACEMENT_3D('',#5630,#5631,#5632);
#5630 = CARTESIAN_POINT('',(11.713729199648,32.645656635972,-2.));
#5631 = DIRECTION('',(0.,5.480694194524E-17,-1.));
#5632 = DIRECTION('',(0.,1.,5.480694194524E-17));
#5633 = PCURVE('',#3342,#5634);
#5634 = DEFINITIONAL_REPRESENTATION('',(#5635),#5639);
#5635 = LINE('',#5636,#5637);
#5636 = CARTESIAN_POINT('',(7.853981633974,2.));
#5637 = VECTOR('',#5638,1.);
#5638 = DIRECTION('',(-1.,0.));
#5639 = ( GEOMETRIC_REPRESENTATION_CONTEXT(2) 
PARAMETRIC_REPRESENTATION_CONTEXT() REPRESENTATION_CONTEXT('2D SPACE',''
  ) );
#5640 = PCURVE('',#102,#5641);
#5641 = DEFINITIONAL_REPRESENTATION('',(#5642),#5646);
#5642 = CIRCLE('',#5643,0.6);
#5643 = AXIS2_PLACEMENT_2D('',#5644,#5645);
#5644 = CARTESIAN_POINT('',(11.471420803857,42.463729199648));
#5645 = DIRECTION('',(1.,0.));
#5646 = ( GEOMETRIC_REPRESENTATION_CONTEXT(2) 
PARAMETRIC_REPRESENTATION_CONTEXT() REPRESENTATION_CONTEXT('2D SPACE',''
  ) );
#5647 = ORIENTED_EDGE('',*,*,#3319,.F.);
#5648 = ORIENTED_EDGE('',*,*,#4756,.F.);
#5649 = ORIENTED_EDGE('',*,*,#3378,.T.);
#5650 = ADVANCED_FACE('',(#5651),#3230,.F.);
#5651 = FACE_BOUND('',#5652,.F.);
#5652 = EDGE_LOOP('',(#5653,#5675,#5676,#5677));
#5653 = ORIENTED_EDGE('',*,*,#5654,.T.);
#5654 = EDGE_CURVE('',#3243,#3210,#5655,.T.);
#5655 = SURFACE_CURVE('',#5656,(#5661,#5668),.PCURVE_S1.);
#5656 = CIRCLE('',#5657,0.6);
#5657 = AXIS2_PLACEMENT_3D('',#5658,#5659,#5660);
#5658 = CARTESIAN_POINT('',(-16.71372919964,32.645656635972,-2.));
#5659 = DIRECTION('',(0.,5.480694194524E-17,-1.));
#5660 = DIRECTION('',(0.,1.,5.480694194524E-17));
#5661 = PCURVE('',#3230,#5662);
#5662 = DEFINITIONAL_REPRESENTATION('',(#5663),#5667);
#5663 = LINE('',#5664,#5665);
#5664 = CARTESIAN_POINT('',(7.853981633974,2.));
#5665 = VECTOR('',#5666,1.);
#5666 = DIRECTION('',(-1.,0.));
#5667 = ( GEOMETRIC_REPRESENTATION_CONTEXT(2) 
PARAMETRIC_REPRESENTATION_CONTEXT() REPRESENTATION_CONTEXT('2D SPACE',''
  ) );
#5668 = PCURVE('',#102,#5669);
#5669 = DEFINITIONAL_REPRESENTATION('',(#5670),#5674);
#5670 = CIRCLE('',#5671,0.6);
#5671 = AXIS2_PLACEMENT_2D('',#5672,#5673);
#5672 = CARTESIAN_POINT('',(11.471420803857,14.036270800352));
#5673 = DIRECTION('',(1.,0.));
#5674 = ( GEOMETRIC_REPRESENTATION_CONTEXT(2) 
PARAMETRIC_REPRESENTATION_CONTEXT() REPRESENTATION_CONTEXT('2D SPACE',''
  ) );
#5675 = ORIENTED_EDGE('',*,*,#3207,.F.);
#5676 = ORIENTED_EDGE('',*,*,#4782,.F.);
#5677 = ORIENTED_EDGE('',*,*,#3266,.T.);
#5678 = ADVANCED_FACE('',(#5679),#3118,.F.);
#5679 = FACE_BOUND('',#5680,.F.);
#5680 = EDGE_LOOP('',(#5681,#5703,#5704,#5705));
#5681 = ORIENTED_EDGE('',*,*,#5682,.T.);
#5682 = EDGE_CURVE('',#3131,#3098,#5683,.T.);
#5683 = SURFACE_CURVE('',#5684,(#5689,#5696),.PCURVE_S1.);
#5684 = CIRCLE('',#5685,0.6);
#5685 = AXIS2_PLACEMENT_3D('',#5686,#5687,#5688);
#5686 = CARTESIAN_POINT('',(-6.713729199648,32.645656635972,-2.));
#5687 = DIRECTION('',(0.,5.480694194524E-17,-1.));
#5688 = DIRECTION('',(0.,1.,5.480694194524E-17));
#5689 = PCURVE('',#3118,#5690);
#5690 = DEFINITIONAL_REPRESENTATION('',(#5691),#5695);
#5691 = LINE('',#5692,#5693);
#5692 = CARTESIAN_POINT('',(7.853981633974,2.));
#5693 = VECTOR('',#5694,1.);
#5694 = DIRECTION('',(-1.,0.));
#5695 = ( GEOMETRIC_REPRESENTATION_CONTEXT(2) 
PARAMETRIC_REPRESENTATION_CONTEXT() REPRESENTATION_CONTEXT('2D SPACE',''
  ) );
#5696 = PCURVE('',#102,#5697);
#5697 = DEFINITIONAL_REPRESENTATION('',(#5698),#5702);
#5698 = CIRCLE('',#5699,0.6);
#5699 = AXIS2_PLACEMENT_2D('',#5700,#5701);
#5700 = CARTESIAN_POINT('',(11.471420803857,24.036270800352));
#5701 = DIRECTION('',(1.,0.));
#5702 = ( GEOMETRIC_REPRESENTATION_CONTEXT(2) 
PARAMETRIC_REPRESENTATION_CONTEXT() REPRESENTATION_CONTEXT('2D SPACE',''
  ) );
#5703 = ORIENTED_EDGE('',*,*,#3095,.F.);
#5704 = ORIENTED_EDGE('',*,*,#4808,.F.);
#5705 = ORIENTED_EDGE('',*,*,#3154,.T.);
#5706 = ADVANCED_FACE('',(#5707),#3006,.F.);
#5707 = FACE_BOUND('',#5708,.F.);
#5708 = EDGE_LOOP('',(#5709,#5731,#5732,#5733));
#5709 = ORIENTED_EDGE('',*,*,#5710,.T.);
#5710 = EDGE_CURVE('',#3019,#2986,#5711,.T.);
#5711 = SURFACE_CURVE('',#5712,(#5717,#5724),.PCURVE_S1.);
#5712 = CIRCLE('',#5713,0.6);
#5713 = AXIS2_PLACEMENT_3D('',#5714,#5715,#5716);
#5714 = CARTESIAN_POINT('',(-11.71372919964,32.645656635972,-2.));
#5715 = DIRECTION('',(0.,5.480694194524E-17,-1.));
#5716 = DIRECTION('',(0.,1.,5.480694194524E-17));
#5717 = PCURVE('',#3006,#5718);
#5718 = DEFINITIONAL_REPRESENTATION('',(#5719),#5723);
#5719 = LINE('',#5720,#5721);
#5720 = CARTESIAN_POINT('',(7.853981633974,2.));
#5721 = VECTOR('',#5722,1.);
#5722 = DIRECTION('',(-1.,0.));
#5723 = ( GEOMETRIC_REPRESENTATION_CONTEXT(2) 
PARAMETRIC_REPRESENTATION_CONTEXT() REPRESENTATION_CONTEXT('2D SPACE',''
  ) );
#5724 = PCURVE('',#102,#5725);
#5725 = DEFINITIONAL_REPRESENTATION('',(#5726),#5730);
#5726 = CIRCLE('',#5727,0.6);
#5727 = AXIS2_PLACEMENT_2D('',#5728,#5729);
#5728 = CARTESIAN_POINT('',(11.471420803857,19.036270800352));
#5729 = DIRECTION('',(1.,0.));
#5730 = ( GEOMETRIC_REPRESENTATION_CONTEXT(2) 
PARAMETRIC_REPRESENTATION_CONTEXT() REPRESENTATION_CONTEXT('2D SPACE',''
  ) );
#5731 = ORIENTED_EDGE('',*,*,#2983,.F.);
#5732 = ORIENTED_EDGE('',*,*,#4834,.F.);
#5733 = ORIENTED_EDGE('',*,*,#3042,.T.);
#5734 = ADVANCED_FACE('',(#5735),#2894,.F.);
#5735 = FACE_BOUND('',#5736,.F.);
#5736 = EDGE_LOOP('',(#5737,#5759,#5760,#5761));
#5737 = ORIENTED_EDGE('',*,*,#5738,.T.);
#5738 = EDGE_CURVE('',#2907,#2874,#5739,.T.);
#5739 = SURFACE_CURVE('',#5740,(#5745,#5752),.PCURVE_S1.);
#5740 = CIRCLE('',#5741,0.6);
#5741 = AXIS2_PLACEMENT_3D('',#5742,#5743,#5744);
#5742 = CARTESIAN_POINT('',(16.713729199648,32.645656635972,-2.));
#5743 = DIRECTION('',(0.,5.480694194524E-17,-1.));
#5744 = DIRECTION('',(0.,1.,5.480694194524E-17));
#5745 = PCURVE('',#2894,#5746);
#5746 = DEFINITIONAL_REPRESENTATION('',(#5747),#5751);
#5747 = LINE('',#5748,#5749);
#5748 = CARTESIAN_POINT('',(7.853981633974,2.));
#5749 = VECTOR('',#5750,1.);
#5750 = DIRECTION('',(-1.,0.));
#5751 = ( GEOMETRIC_REPRESENTATION_CONTEXT(2) 
PARAMETRIC_REPRESENTATION_CONTEXT() REPRESENTATION_CONTEXT('2D SPACE',''
  ) );
#5752 = PCURVE('',#102,#5753);
#5753 = DEFINITIONAL_REPRESENTATION('',(#5754),#5758);
#5754 = CIRCLE('',#5755,0.6);
#5755 = AXIS2_PLACEMENT_2D('',#5756,#5757);
#5756 = CARTESIAN_POINT('',(11.471420803857,47.463729199648));
#5757 = DIRECTION('',(1.,0.));
#5758 = ( GEOMETRIC_REPRESENTATION_CONTEXT(2) 
PARAMETRIC_REPRESENTATION_CONTEXT() REPRESENTATION_CONTEXT('2D SPACE',''
  ) );
#5759 = ORIENTED_EDGE('',*,*,#2871,.F.);
#5760 = ORIENTED_EDGE('',*,*,#4860,.F.);
#5761 = ORIENTED_EDGE('',*,*,#2930,.T.);
#5762 = ADVANCED_FACE('',(#5763),#2778,.F.);
#5763 = FACE_BOUND('',#5764,.F.);
#5764 = EDGE_LOOP('',(#5765,#5791,#5792,#5793));
#5765 = ORIENTED_EDGE('',*,*,#5766,.F.);
#5766 = EDGE_CURVE('',#2758,#2791,#5767,.T.);
#5767 = SURFACE_CURVE('',#5768,(#5773,#5780),.PCURVE_S1.);
#5768 = CIRCLE('',#5769,0.6);
#5769 = AXIS2_PLACEMENT_3D('',#5770,#5771,#5772);
#5770 = CARTESIAN_POINT('',(27.4705,25.674235832114,-2.));
#5771 = DIRECTION('',(0.,0.,1.));
#5772 = DIRECTION('',(1.,0.,-0.));
#5773 = PCURVE('',#2778,#5774);
#5774 = DEFINITIONAL_REPRESENTATION('',(#5775),#5779);
#5775 = LINE('',#5776,#5777);
#5776 = CARTESIAN_POINT('',(0.,6.));
#5777 = VECTOR('',#5778,1.);
#5778 = DIRECTION('',(1.,0.));
#5779 = ( GEOMETRIC_REPRESENTATION_CONTEXT(2) 
PARAMETRIC_REPRESENTATION_CONTEXT() REPRESENTATION_CONTEXT('2D SPACE',''
  ) );
#5780 = PCURVE('',#102,#5781);
#5781 = DEFINITIONAL_REPRESENTATION('',(#5782),#5790);
#5782 = ( BOUNDED_CURVE() B_SPLINE_CURVE(2,(#5783,#5784,#5785,#5786,
#5787,#5788,#5789),.UNSPECIFIED.,.T.,.F.) B_SPLINE_CURVE_WITH_KNOTS((1,2
    ,2,2,2,1),(-2.094395102393,0.,2.094395102393,4.188790204786,
6.28318530718,8.377580409573),.UNSPECIFIED.) CURVE() 
GEOMETRIC_REPRESENTATION_ITEM() RATIONAL_B_SPLINE_CURVE((1.,0.5,1.,0.5,
1.,0.5,1.)) REPRESENTATION_ITEM('') );
#5783 = CARTESIAN_POINT('',(4.5,58.8205));
#5784 = CARTESIAN_POINT('',(5.539230484541,58.8205));
#5785 = CARTESIAN_POINT('',(5.019615242271,57.9205));
#5786 = CARTESIAN_POINT('',(4.5,57.0205));
#5787 = CARTESIAN_POINT('',(3.980384757729,57.9205));
#5788 = CARTESIAN_POINT('',(3.460769515459,58.8205));
#5789 = CARTESIAN_POINT('',(4.5,58.8205));
#5790 = ( GEOMETRIC_REPRESENTATION_CONTEXT(2) 
PARAMETRIC_REPRESENTATION_CONTEXT() REPRESENTATION_CONTEXT('2D SPACE',''
  ) );
#5791 = ORIENTED_EDGE('',*,*,#2755,.F.);
#5792 = ORIENTED_EDGE('',*,*,#4885,.T.);
#5793 = ORIENTED_EDGE('',*,*,#2818,.T.);
#5794 = ADVANCED_FACE('',(#5795),#2662,.F.);
#5795 = FACE_BOUND('',#5796,.F.);
#5796 = EDGE_LOOP('',(#5797,#5823,#5824,#5825));
#5797 = ORIENTED_EDGE('',*,*,#5798,.F.);
#5798 = EDGE_CURVE('',#2642,#2675,#5799,.T.);
#5799 = SURFACE_CURVE('',#5800,(#5805,#5812),.PCURVE_S1.);
#5800 = CIRCLE('',#5801,0.6);
#5801 = AXIS2_PLACEMENT_3D('',#5802,#5803,#5804);
#5802 = CARTESIAN_POINT('',(27.4705,22.674235832114,-2.));
#5803 = DIRECTION('',(0.,0.,1.));
#5804 = DIRECTION('',(1.,0.,-0.));
#5805 = PCURVE('',#2662,#5806);
#5806 = DEFINITIONAL_REPRESENTATION('',(#5807),#5811);
#5807 = LINE('',#5808,#5809);
#5808 = CARTESIAN_POINT('',(0.,6.));
#5809 = VECTOR('',#5810,1.);
#5810 = DIRECTION('',(1.,0.));
#5811 = ( GEOMETRIC_REPRESENTATION_CONTEXT(2) 
PARAMETRIC_REPRESENTATION_CONTEXT() REPRESENTATION_CONTEXT('2D SPACE',''
  ) );
#5812 = PCURVE('',#102,#5813);
#5813 = DEFINITIONAL_REPRESENTATION('',(#5814),#5822);
#5814 = ( BOUNDED_CURVE() B_SPLINE_CURVE(2,(#5815,#5816,#5817,#5818,
#5819,#5820,#5821),.UNSPECIFIED.,.T.,.F.) B_SPLINE_CURVE_WITH_KNOTS((1,2
    ,2,2,2,1),(-2.094395102393,0.,2.094395102393,4.188790204786,
6.28318530718,8.377580409573),.UNSPECIFIED.) CURVE() 
GEOMETRIC_REPRESENTATION_ITEM() RATIONAL_B_SPLINE_CURVE((1.,0.5,1.,0.5,
1.,0.5,1.)) REPRESENTATION_ITEM('') );
#5815 = CARTESIAN_POINT('',(1.5,58.8205));
#5816 = CARTESIAN_POINT('',(2.539230484541,58.8205));
#5817 = CARTESIAN_POINT('',(2.019615242271,57.9205));
#5818 = CARTESIAN_POINT('',(1.5,57.0205));
#5819 = CARTESIAN_POINT('',(0.980384757729,57.9205));
#5820 = CARTESIAN_POINT('',(0.460769515459,58.8205));
#5821 = CARTESIAN_POINT('',(1.5,58.8205));
#5822 = ( GEOMETRIC_REPRESENTATION_CONTEXT(2) 
PARAMETRIC_REPRESENTATION_CONTEXT() REPRESENTATION_CONTEXT('2D SPACE',''
  ) );
#5823 = ORIENTED_EDGE('',*,*,#2639,.F.);
#5824 = ORIENTED_EDGE('',*,*,#4911,.T.);
#5825 = ORIENTED_EDGE('',*,*,#2702,.T.);
#5826 = ADVANCED_FACE('',(#5827),#2542,.F.);
#5827 = FACE_BOUND('',#5828,.F.);
#5828 = EDGE_LOOP('',(#5829,#5855,#5856,#5857));
#5829 = ORIENTED_EDGE('',*,*,#5830,.F.);
#5830 = EDGE_CURVE('',#2522,#2555,#5831,.T.);
#5831 = SURFACE_CURVE('',#5832,(#5837,#5844),.PCURVE_S1.);
#5832 = CIRCLE('',#5833,0.6);
#5833 = AXIS2_PLACEMENT_3D('',#5834,#5835,#5836);
#5834 = CARTESIAN_POINT('',(-27.4705,25.674235832114,-2.));
#5835 = DIRECTION('',(0.,0.,1.));
#5836 = DIRECTION('',(-1.,0.,0.));
#5837 = PCURVE('',#2542,#5838);
#5838 = DEFINITIONAL_REPRESENTATION('',(#5839),#5843);
#5839 = LINE('',#5840,#5841);
#5840 = CARTESIAN_POINT('',(-3.14159265359,6.));
#5841 = VECTOR('',#5842,1.);
#5842 = DIRECTION('',(1.,0.));
#5843 = ( GEOMETRIC_REPRESENTATION_CONTEXT(2) 
PARAMETRIC_REPRESENTATION_CONTEXT() REPRESENTATION_CONTEXT('2D SPACE',''
  ) );
#5844 = PCURVE('',#102,#5845);
#5845 = DEFINITIONAL_REPRESENTATION('',(#5846),#5854);
#5846 = ( BOUNDED_CURVE() B_SPLINE_CURVE(2,(#5847,#5848,#5849,#5850,
#5851,#5852,#5853),.UNSPECIFIED.,.T.,.F.) B_SPLINE_CURVE_WITH_KNOTS((1,2
    ,2,2,2,1),(-2.094395102393,0.,2.094395102393,4.188790204786,
6.28318530718,8.377580409573),.UNSPECIFIED.) CURVE() 
GEOMETRIC_REPRESENTATION_ITEM() RATIONAL_B_SPLINE_CURVE((1.,0.5,1.,0.5,
1.,0.5,1.)) REPRESENTATION_ITEM('') );
#5847 = CARTESIAN_POINT('',(4.5,2.6795));
#5848 = CARTESIAN_POINT('',(3.460769515459,2.6795));
#5849 = CARTESIAN_POINT('',(3.980384757729,3.5795));
#5850 = CARTESIAN_POINT('',(4.5,4.4795));
#5851 = CARTESIAN_POINT('',(5.019615242271,3.5795));
#5852 = CARTESIAN_POINT('',(5.539230484541,2.6795));
#5853 = CARTESIAN_POINT('',(4.5,2.6795));
#5854 = ( GEOMETRIC_REPRESENTATION_CONTEXT(2) 
PARAMETRIC_REPRESENTATION_CONTEXT() REPRESENTATION_CONTEXT('2D SPACE',''
  ) );
#5855 = ORIENTED_EDGE('',*,*,#2519,.F.);
#5856 = ORIENTED_EDGE('',*,*,#4937,.T.);
#5857 = ORIENTED_EDGE('',*,*,#2582,.T.);
#5858 = ADVANCED_FACE('',(#5859),#2422,.F.);
#5859 = FACE_BOUND('',#5860,.F.);
#5860 = EDGE_LOOP('',(#5861,#5887,#5888,#5889));
#5861 = ORIENTED_EDGE('',*,*,#5862,.F.);
#5862 = EDGE_CURVE('',#2402,#2435,#5863,.T.);
#5863 = SURFACE_CURVE('',#5864,(#5869,#5876),.PCURVE_S1.);
#5864 = CIRCLE('',#5865,0.6);
#5865 = AXIS2_PLACEMENT_3D('',#5866,#5867,#5868);
#5866 = CARTESIAN_POINT('',(-26.13039685096,2.944055508026,-8.3));
#5867 = DIRECTION('',(0.,0.,1.));
#5868 = DIRECTION('',(-1.,0.,0.));
#5869 = PCURVE('',#2422,#5870);
#5870 = DEFINITIONAL_REPRESENTATION('',(#5871),#5875);
#5871 = LINE('',#5872,#5873);
#5872 = CARTESIAN_POINT('',(-3.14159265359,6.));
#5873 = VECTOR('',#5874,1.);
#5874 = DIRECTION('',(1.,0.));
#5875 = ( GEOMETRIC_REPRESENTATION_CONTEXT(2) 
PARAMETRIC_REPRESENTATION_CONTEXT() REPRESENTATION_CONTEXT('2D SPACE',''
  ) );
#5876 = PCURVE('',#2330,#5877);
#5877 = DEFINITIONAL_REPRESENTATION('',(#5878),#5886);
#5878 = ( BOUNDED_CURVE() B_SPLINE_CURVE(2,(#5879,#5880,#5881,#5882,
#5883,#5884,#5885),.UNSPECIFIED.,.T.,.F.) B_SPLINE_CURVE_WITH_KNOTS((1,2
    ,2,2,2,1),(-2.094395102393,0.,2.094395102393,4.188790204786,
6.28318530718,8.377580409573),.UNSPECIFIED.) CURVE() 
GEOMETRIC_REPRESENTATION_ITEM() RATIONAL_B_SPLINE_CURVE((1.,0.5,1.,0.5,
1.,0.5,1.)) REPRESENTATION_ITEM('') );
#5879 = CARTESIAN_POINT('',(-4.019603149036,2.944055508026));
#5880 = CARTESIAN_POINT('',(-4.019603149036,1.904825023484));
#5881 = CARTESIAN_POINT('',(-4.919603149036,2.424440265755));
#5882 = CARTESIAN_POINT('',(-5.819603149036,2.944055508026));
#5883 = CARTESIAN_POINT('',(-4.919603149036,3.463670750296));
#5884 = CARTESIAN_POINT('',(-4.019603149036,3.983285992567));
#5885 = CARTESIAN_POINT('',(-4.019603149036,2.944055508026));
#5886 = ( GEOMETRIC_REPRESENTATION_CONTEXT(2) 
PARAMETRIC_REPRESENTATION_CONTEXT() REPRESENTATION_CONTEXT('2D SPACE',''
  ) );
#5887 = ORIENTED_EDGE('',*,*,#2399,.F.);
#5888 = ORIENTED_EDGE('',*,*,#4967,.T.);
#5889 = ORIENTED_EDGE('',*,*,#2462,.T.);
#5890 = ADVANCED_FACE('',(#5891),#2301,.F.);
#5891 = FACE_BOUND('',#5892,.F.);
#5892 = EDGE_LOOP('',(#5893,#5919,#5920,#5921));
#5893 = ORIENTED_EDGE('',*,*,#5894,.F.);
#5894 = EDGE_CURVE('',#2281,#2314,#5895,.T.);
#5895 = SURFACE_CURVE('',#5896,(#5901,#5908),.PCURVE_S1.);
#5896 = CIRCLE('',#5897,0.6);
#5897 = AXIS2_PLACEMENT_3D('',#5898,#5899,#5900);
#5898 = CARTESIAN_POINT('',(26.130396850964,2.944055508026,-8.3));
#5899 = DIRECTION('',(0.,0.,1.));
#5900 = DIRECTION('',(1.,0.,-0.));
#5901 = PCURVE('',#2301,#5902);
#5902 = DEFINITIONAL_REPRESENTATION('',(#5903),#5907);
#5903 = LINE('',#5904,#5905);
#5904 = CARTESIAN_POINT('',(0.,6.));
#5905 = VECTOR('',#5906,1.);
#5906 = DIRECTION('',(1.,0.));
#5907 = ( GEOMETRIC_REPRESENTATION_CONTEXT(2) 
PARAMETRIC_REPRESENTATION_CONTEXT() REPRESENTATION_CONTEXT('2D SPACE',''
  ) );
#5908 = PCURVE('',#2330,#5909);
#5909 = DEFINITIONAL_REPRESENTATION('',(#5910),#5918);
#5910 = ( BOUNDED_CURVE() B_SPLINE_CURVE(2,(#5911,#5912,#5913,#5914,
#5915,#5916,#5917),.UNSPECIFIED.,.T.,.F.) B_SPLINE_CURVE_WITH_KNOTS((1,2
    ,2,2,2,1),(-2.094395102393,0.,2.094395102393,4.188790204786,
6.28318530718,8.377580409573),.UNSPECIFIED.) CURVE() 
GEOMETRIC_REPRESENTATION_ITEM() RATIONAL_B_SPLINE_CURVE((1.,0.5,1.,0.5,
1.,0.5,1.)) REPRESENTATION_ITEM('') );
#5911 = CARTESIAN_POINT('',(-57.48039685096,2.944055508026));
#5912 = CARTESIAN_POINT('',(-57.48039685096,3.983285992567));
#5913 = CARTESIAN_POINT('',(-56.58039685096,3.463670750296));
#5914 = CARTESIAN_POINT('',(-55.68039685096,2.944055508026));
#5915 = CARTESIAN_POINT('',(-56.58039685096,2.424440265755));
#5916 = CARTESIAN_POINT('',(-57.48039685096,1.904825023484));
#5917 = CARTESIAN_POINT('',(-57.48039685096,2.944055508026));
#5918 = ( GEOMETRIC_REPRESENTATION_CONTEXT(2) 
PARAMETRIC_REPRESENTATION_CONTEXT() REPRESENTATION_CONTEXT('2D SPACE',''
  ) );
#5919 = ORIENTED_EDGE('',*,*,#2278,.F.);
#5920 = ORIENTED_EDGE('',*,*,#4997,.T.);
#5921 = ORIENTED_EDGE('',*,*,#2346,.T.);
#5922 = ADVANCED_FACE('',(#5923),#5937,.F.);
#5923 = FACE_BOUND('',#5924,.T.);
#5924 = EDGE_LOOP('',(#5925,#5960,#5988,#6016));
#5925 = ORIENTED_EDGE('',*,*,#5926,.T.);
#5926 = EDGE_CURVE('',#5927,#5929,#5931,.T.);
#5927 = VERTEX_POINT('',#5928);
#5928 = CARTESIAN_POINT('',(16.667424305044,0.,-7.3));
#5929 = VERTEX_POINT('',#5930);
#5930 = CARTESIAN_POINT('',(13.667424305044,0.,-7.3));
#5931 = SURFACE_CURVE('',#5932,(#5936,#5948),.PCURVE_S1.);
#5932 = LINE('',#5933,#5934);
#5933 = CARTESIAN_POINT('',(13.667424305044,0.,-7.3));
#5934 = VECTOR('',#5935,1.);
#5935 = DIRECTION('',(-1.,-0.,-0.));
#5936 = PCURVE('',#5937,#5942);
#5937 = PLANE('',#5938);
#5938 = AXIS2_PLACEMENT_3D('',#5939,#5940,#5941);
#5939 = CARTESIAN_POINT('',(13.667424305044,1.,-7.3));
#5940 = DIRECTION('',(0.,0.,1.));
#5941 = DIRECTION('',(1.,0.,-0.));
#5942 = DEFINITIONAL_REPRESENTATION('',(#5943),#5947);
#5943 = LINE('',#5944,#5945);
#5944 = CARTESIAN_POINT('',(0.,-1.));
#5945 = VECTOR('',#5946,1.);
#5946 = DIRECTION('',(-1.,0.));
#5947 = ( GEOMETRIC_REPRESENTATION_CONTEXT(2) 
PARAMETRIC_REPRESENTATION_CONTEXT() REPRESENTATION_CONTEXT('2D SPACE',''
  ) );
#5948 = PCURVE('',#5949,#5954);
#5949 = PLANE('',#5950);
#5950 = AXIS2_PLACEMENT_3D('',#5951,#5952,#5953);
#5951 = CARTESIAN_POINT('',(-30.75,0.,-6.3));
#5952 = DIRECTION('',(0.,-1.,-0.));
#5953 = DIRECTION('',(0.,0.,-1.));
#5954 = DEFINITIONAL_REPRESENTATION('',(#5955),#5959);
#5955 = LINE('',#5956,#5957);
#5956 = CARTESIAN_POINT('',(1.,44.417424305044));
#5957 = VECTOR('',#5958,1.);
#5958 = DIRECTION('',(0.,-1.));
#5959 = ( GEOMETRIC_REPRESENTATION_CONTEXT(2) 
PARAMETRIC_REPRESENTATION_CONTEXT() REPRESENTATION_CONTEXT('2D SPACE',''
  ) );
#5960 = ORIENTED_EDGE('',*,*,#5961,.F.);
#5961 = EDGE_CURVE('',#5962,#5929,#5964,.T.);
#5962 = VERTEX_POINT('',#5963);
#5963 = CARTESIAN_POINT('',(13.667424305044,1.,-7.3));
#5964 = SURFACE_CURVE('',#5965,(#5969,#5976),.PCURVE_S1.);
#5965 = LINE('',#5966,#5967);
#5966 = CARTESIAN_POINT('',(13.667424305044,1.,-7.3));
#5967 = VECTOR('',#5968,1.);
#5968 = DIRECTION('',(-0.,-1.,-0.));
#5969 = PCURVE('',#5937,#5970);
#5970 = DEFINITIONAL_REPRESENTATION('',(#5971),#5975);
#5971 = LINE('',#5972,#5973);
#5972 = CARTESIAN_POINT('',(0.,0.));
#5973 = VECTOR('',#5974,1.);
#5974 = DIRECTION('',(0.,-1.));
#5975 = ( GEOMETRIC_REPRESENTATION_CONTEXT(2) 
PARAMETRIC_REPRESENTATION_CONTEXT() REPRESENTATION_CONTEXT('2D SPACE',''
  ) );
#5976 = PCURVE('',#5977,#5982);
#5977 = PLANE('',#5978);
#5978 = AXIS2_PLACEMENT_3D('',#5979,#5980,#5981);
#5979 = CARTESIAN_POINT('',(13.667424305044,1.,-7.3));
#5980 = DIRECTION('',(1.,0.,0.));
#5981 = DIRECTION('',(0.,0.,-1.));
#5982 = DEFINITIONAL_REPRESENTATION('',(#5983),#5987);
#5983 = LINE('',#5984,#5985);
#5984 = CARTESIAN_POINT('',(0.,0.));
#5985 = VECTOR('',#5986,1.);
#5986 = DIRECTION('',(0.,-1.));
#5987 = ( GEOMETRIC_REPRESENTATION_CONTEXT(2) 
PARAMETRIC_REPRESENTATION_CONTEXT() REPRESENTATION_CONTEXT('2D SPACE',''
  ) );
#5988 = ORIENTED_EDGE('',*,*,#5989,.F.);
#5989 = EDGE_CURVE('',#5990,#5962,#5992,.T.);
#5990 = VERTEX_POINT('',#5991);
#5991 = CARTESIAN_POINT('',(16.667424305044,1.,-7.3));
#5992 = SURFACE_CURVE('',#5993,(#5997,#6004),.PCURVE_S1.);
#5993 = LINE('',#5994,#5995);
#5994 = CARTESIAN_POINT('',(13.667424305044,1.,-7.3));
#5995 = VECTOR('',#5996,1.);
#5996 = DIRECTION('',(-1.,-0.,-0.));
#5997 = PCURVE('',#5937,#5998);
#5998 = DEFINITIONAL_REPRESENTATION('',(#5999),#6003);
#5999 = LINE('',#6000,#6001);
#6000 = CARTESIAN_POINT('',(0.,0.));
#6001 = VECTOR('',#6002,1.);
#6002 = DIRECTION('',(-1.,0.));
#6003 = ( GEOMETRIC_REPRESENTATION_CONTEXT(2) 
PARAMETRIC_REPRESENTATION_CONTEXT() REPRESENTATION_CONTEXT('2D SPACE',''
  ) );
#6004 = PCURVE('',#6005,#6010);
#6005 = PLANE('',#6006);
#6006 = AXIS2_PLACEMENT_3D('',#6007,#6008,#6009);
#6007 = CARTESIAN_POINT('',(0.,1.,0.));
#6008 = DIRECTION('',(0.,-1.,0.));
#6009 = DIRECTION('',(0.,-0.,-1.));
#6010 = DEFINITIONAL_REPRESENTATION('',(#6011),#6015);
#6011 = LINE('',#6012,#6013);
#6012 = CARTESIAN_POINT('',(7.3,13.667424305044));
#6013 = VECTOR('',#6014,1.);
#6014 = DIRECTION('',(0.,-1.));
#6015 = ( GEOMETRIC_REPRESENTATION_CONTEXT(2) 
PARAMETRIC_REPRESENTATION_CONTEXT() REPRESENTATION_CONTEXT('2D SPACE',''
  ) );
#6016 = ORIENTED_EDGE('',*,*,#6017,.T.);
#6017 = EDGE_CURVE('',#5990,#5927,#6018,.T.);
#6018 = SURFACE_CURVE('',#6019,(#6023,#6030),.PCURVE_S1.);
#6019 = LINE('',#6020,#6021);
#6020 = CARTESIAN_POINT('',(16.667424305044,1.,-7.3));
#6021 = VECTOR('',#6022,1.);
#6022 = DIRECTION('',(-0.,-1.,-0.));
#6023 = PCURVE('',#5937,#6024);
#6024 = DEFINITIONAL_REPRESENTATION('',(#6025),#6029);
#6025 = LINE('',#6026,#6027);
#6026 = CARTESIAN_POINT('',(3.,0.));
#6027 = VECTOR('',#6028,1.);
#6028 = DIRECTION('',(0.,-1.));
#6029 = ( GEOMETRIC_REPRESENTATION_CONTEXT(2) 
PARAMETRIC_REPRESENTATION_CONTEXT() REPRESENTATION_CONTEXT('2D SPACE',''
  ) );
#6030 = PCURVE('',#6031,#6036);
#6031 = PLANE('',#6032);
#6032 = AXIS2_PLACEMENT_3D('',#6033,#6034,#6035);
#6033 = CARTESIAN_POINT('',(16.667424305044,1.,-7.3));
#6034 = DIRECTION('',(-1.,0.,0.));
#6035 = DIRECTION('',(0.,0.,1.));
#6036 = DEFINITIONAL_REPRESENTATION('',(#6037),#6041);
#6037 = LINE('',#6038,#6039);
#6038 = CARTESIAN_POINT('',(0.,0.));
#6039 = VECTOR('',#6040,1.);
#6040 = DIRECTION('',(0.,-1.));
#6041 = ( GEOMETRIC_REPRESENTATION_CONTEXT(2) 
PARAMETRIC_REPRESENTATION_CONTEXT() REPRESENTATION_CONTEXT('2D SPACE',''
  ) );
#6042 = ADVANCED_FACE('',(#6043),#6057,.F.);
#6043 = FACE_BOUND('',#6044,.T.);
#6044 = EDGE_LOOP('',(#6045,#6075,#6103,#6131));
#6045 = ORIENTED_EDGE('',*,*,#6046,.T.);
#6046 = EDGE_CURVE('',#6047,#6049,#6051,.T.);
#6047 = VERTEX_POINT('',#6048);
#6048 = CARTESIAN_POINT('',(10.667424305044,0.,-7.3));
#6049 = VERTEX_POINT('',#6050);
#6050 = CARTESIAN_POINT('',(7.667424305044,0.,-7.3));
#6051 = SURFACE_CURVE('',#6052,(#6056,#6068),.PCURVE_S1.);
#6052 = LINE('',#6053,#6054);
#6053 = CARTESIAN_POINT('',(7.667424305044,0.,-7.3));
#6054 = VECTOR('',#6055,1.);
#6055 = DIRECTION('',(-1.,-0.,-0.));
#6056 = PCURVE('',#6057,#6062);
#6057 = PLANE('',#6058);
#6058 = AXIS2_PLACEMENT_3D('',#6059,#6060,#6061);
#6059 = CARTESIAN_POINT('',(7.667424305044,1.,-7.3));
#6060 = DIRECTION('',(0.,0.,1.));
#6061 = DIRECTION('',(1.,0.,-0.));
#6062 = DEFINITIONAL_REPRESENTATION('',(#6063),#6067);
#6063 = LINE('',#6064,#6065);
#6064 = CARTESIAN_POINT('',(0.,-1.));
#6065 = VECTOR('',#6066,1.);
#6066 = DIRECTION('',(-1.,0.));
#6067 = ( GEOMETRIC_REPRESENTATION_CONTEXT(2) 
PARAMETRIC_REPRESENTATION_CONTEXT() REPRESENTATION_CONTEXT('2D SPACE',''
  ) );
#6068 = PCURVE('',#5949,#6069);
#6069 = DEFINITIONAL_REPRESENTATION('',(#6070),#6074);
#6070 = LINE('',#6071,#6072);
#6071 = CARTESIAN_POINT('',(1.,38.417424305044));
#6072 = VECTOR('',#6073,1.);
#6073 = DIRECTION('',(0.,-1.));
#6074 = ( GEOMETRIC_REPRESENTATION_CONTEXT(2) 
PARAMETRIC_REPRESENTATION_CONTEXT() REPRESENTATION_CONTEXT('2D SPACE',''
  ) );
#6075 = ORIENTED_EDGE('',*,*,#6076,.F.);
#6076 = EDGE_CURVE('',#6077,#6049,#6079,.T.);
#6077 = VERTEX_POINT('',#6078);
#6078 = CARTESIAN_POINT('',(7.667424305044,1.,-7.3));
#6079 = SURFACE_CURVE('',#6080,(#6084,#6091),.PCURVE_S1.);
#6080 = LINE('',#6081,#6082);
#6081 = CARTESIAN_POINT('',(7.667424305044,1.,-7.3));
#6082 = VECTOR('',#6083,1.);
#6083 = DIRECTION('',(-0.,-1.,-0.));
#6084 = PCURVE('',#6057,#6085);
#6085 = DEFINITIONAL_REPRESENTATION('',(#6086),#6090);
#6086 = LINE('',#6087,#6088);
#6087 = CARTESIAN_POINT('',(0.,0.));
#6088 = VECTOR('',#6089,1.);
#6089 = DIRECTION('',(0.,-1.));
#6090 = ( GEOMETRIC_REPRESENTATION_CONTEXT(2) 
PARAMETRIC_REPRESENTATION_CONTEXT() REPRESENTATION_CONTEXT('2D SPACE',''
  ) );
#6091 = PCURVE('',#6092,#6097);
#6092 = PLANE('',#6093);
#6093 = AXIS2_PLACEMENT_3D('',#6094,#6095,#6096);
#6094 = CARTESIAN_POINT('',(7.667424305044,1.,-7.3));
#6095 = DIRECTION('',(1.,0.,0.));
#6096 = DIRECTION('',(0.,0.,-1.));
#6097 = DEFINITIONAL_REPRESENTATION('',(#6098),#6102);
#6098 = LINE('',#6099,#6100);
#6099 = CARTESIAN_POINT('',(0.,0.));
#6100 = VECTOR('',#6101,1.);
#6101 = DIRECTION('',(0.,-1.));
#6102 = ( GEOMETRIC_REPRESENTATION_CONTEXT(2) 
PARAMETRIC_REPRESENTATION_CONTEXT() REPRESENTATION_CONTEXT('2D SPACE',''
  ) );
#6103 = ORIENTED_EDGE('',*,*,#6104,.F.);
#6104 = EDGE_CURVE('',#6105,#6077,#6107,.T.);
#6105 = VERTEX_POINT('',#6106);
#6106 = CARTESIAN_POINT('',(10.667424305044,1.,-7.3));
#6107 = SURFACE_CURVE('',#6108,(#6112,#6119),.PCURVE_S1.);
#6108 = LINE('',#6109,#6110);
#6109 = CARTESIAN_POINT('',(7.667424305044,1.,-7.3));
#6110 = VECTOR('',#6111,1.);
#6111 = DIRECTION('',(-1.,-0.,-0.));
#6112 = PCURVE('',#6057,#6113);
#6113 = DEFINITIONAL_REPRESENTATION('',(#6114),#6118);
#6114 = LINE('',#6115,#6116);
#6115 = CARTESIAN_POINT('',(0.,0.));
#6116 = VECTOR('',#6117,1.);
#6117 = DIRECTION('',(-1.,0.));
#6118 = ( GEOMETRIC_REPRESENTATION_CONTEXT(2) 
PARAMETRIC_REPRESENTATION_CONTEXT() REPRESENTATION_CONTEXT('2D SPACE',''
  ) );
#6119 = PCURVE('',#6120,#6125);
#6120 = PLANE('',#6121);
#6121 = AXIS2_PLACEMENT_3D('',#6122,#6123,#6124);
#6122 = CARTESIAN_POINT('',(0.,1.,0.));
#6123 = DIRECTION('',(0.,-1.,0.));
#6124 = DIRECTION('',(0.,-0.,-1.));
#6125 = DEFINITIONAL_REPRESENTATION('',(#6126),#6130);
#6126 = LINE('',#6127,#6128);
#6127 = CARTESIAN_POINT('',(7.3,7.667424305044));
#6128 = VECTOR('',#6129,1.);
#6129 = DIRECTION('',(0.,-1.));
#6130 = ( GEOMETRIC_REPRESENTATION_CONTEXT(2) 
PARAMETRIC_REPRESENTATION_CONTEXT() REPRESENTATION_CONTEXT('2D SPACE',''
  ) );
#6131 = ORIENTED_EDGE('',*,*,#6132,.T.);
#6132 = EDGE_CURVE('',#6105,#6047,#6133,.T.);
#6133 = SURFACE_CURVE('',#6134,(#6138,#6145),.PCURVE_S1.);
#6134 = LINE('',#6135,#6136);
#6135 = CARTESIAN_POINT('',(10.667424305044,1.,-7.3));
#6136 = VECTOR('',#6137,1.);
#6137 = DIRECTION('',(-0.,-1.,-0.));
#6138 = PCURVE('',#6057,#6139);
#6139 = DEFINITIONAL_REPRESENTATION('',(#6140),#6144);
#6140 = LINE('',#6141,#6142);
#6141 = CARTESIAN_POINT('',(3.,0.));
#6142 = VECTOR('',#6143,1.);
#6143 = DIRECTION('',(0.,-1.));
#6144 = ( GEOMETRIC_REPRESENTATION_CONTEXT(2) 
PARAMETRIC_REPRESENTATION_CONTEXT() REPRESENTATION_CONTEXT('2D SPACE',''
  ) );
#6145 = PCURVE('',#6146,#6151);
#6146 = PLANE('',#6147);
#6147 = AXIS2_PLACEMENT_3D('',#6148,#6149,#6150);
#6148 = CARTESIAN_POINT('',(10.667424305044,1.,-7.3));
#6149 = DIRECTION('',(-1.,0.,0.));
#6150 = DIRECTION('',(0.,0.,1.));
#6151 = DEFINITIONAL_REPRESENTATION('',(#6152),#6156);
#6152 = LINE('',#6153,#6154);
#6153 = CARTESIAN_POINT('',(0.,0.));
#6154 = VECTOR('',#6155,1.);
#6155 = DIRECTION('',(0.,-1.));
#6156 = ( GEOMETRIC_REPRESENTATION_CONTEXT(2) 
PARAMETRIC_REPRESENTATION_CONTEXT() REPRESENTATION_CONTEXT('2D SPACE',''
  ) );
#6157 = ADVANCED_FACE('',(#6158),#6172,.F.);
#6158 = FACE_BOUND('',#6159,.T.);
#6159 = EDGE_LOOP('',(#6160,#6190,#6218,#6246));
#6160 = ORIENTED_EDGE('',*,*,#6161,.T.);
#6161 = EDGE_CURVE('',#6162,#6164,#6166,.T.);
#6162 = VERTEX_POINT('',#6163);
#6163 = CARTESIAN_POINT('',(4.667424305044,0.,-7.3));
#6164 = VERTEX_POINT('',#6165);
#6165 = CARTESIAN_POINT('',(1.667424305044,0.,-7.3));
#6166 = SURFACE_CURVE('',#6167,(#6171,#6183),.PCURVE_S1.);
#6167 = LINE('',#6168,#6169);
#6168 = CARTESIAN_POINT('',(1.667424305044,0.,-7.3));
#6169 = VECTOR('',#6170,1.);
#6170 = DIRECTION('',(-1.,-0.,-0.));
#6171 = PCURVE('',#6172,#6177);
#6172 = PLANE('',#6173);
#6173 = AXIS2_PLACEMENT_3D('',#6174,#6175,#6176);
#6174 = CARTESIAN_POINT('',(1.667424305044,1.,-7.3));
#6175 = DIRECTION('',(0.,0.,1.));
#6176 = DIRECTION('',(1.,0.,-0.));
#6177 = DEFINITIONAL_REPRESENTATION('',(#6178),#6182);
#6178 = LINE('',#6179,#6180);
#6179 = CARTESIAN_POINT('',(0.,-1.));
#6180 = VECTOR('',#6181,1.);
#6181 = DIRECTION('',(-1.,0.));
#6182 = ( GEOMETRIC_REPRESENTATION_CONTEXT(2) 
PARAMETRIC_REPRESENTATION_CONTEXT() REPRESENTATION_CONTEXT('2D SPACE',''
  ) );
#6183 = PCURVE('',#5949,#6184);
#6184 = DEFINITIONAL_REPRESENTATION('',(#6185),#6189);
#6185 = LINE('',#6186,#6187);
#6186 = CARTESIAN_POINT('',(1.,32.417424305044));
#6187 = VECTOR('',#6188,1.);
#6188 = DIRECTION('',(0.,-1.));
#6189 = ( GEOMETRIC_REPRESENTATION_CONTEXT(2) 
PARAMETRIC_REPRESENTATION_CONTEXT() REPRESENTATION_CONTEXT('2D SPACE',''
  ) );
#6190 = ORIENTED_EDGE('',*,*,#6191,.F.);
#6191 = EDGE_CURVE('',#6192,#6164,#6194,.T.);
#6192 = VERTEX_POINT('',#6193);
#6193 = CARTESIAN_POINT('',(1.667424305044,1.,-7.3));
#6194 = SURFACE_CURVE('',#6195,(#6199,#6206),.PCURVE_S1.);
#6195 = LINE('',#6196,#6197);
#6196 = CARTESIAN_POINT('',(1.667424305044,1.,-7.3));
#6197 = VECTOR('',#6198,1.);
#6198 = DIRECTION('',(-0.,-1.,-0.));
#6199 = PCURVE('',#6172,#6200);
#6200 = DEFINITIONAL_REPRESENTATION('',(#6201),#6205);
#6201 = LINE('',#6202,#6203);
#6202 = CARTESIAN_POINT('',(0.,0.));
#6203 = VECTOR('',#6204,1.);
#6204 = DIRECTION('',(0.,-1.));
#6205 = ( GEOMETRIC_REPRESENTATION_CONTEXT(2) 
PARAMETRIC_REPRESENTATION_CONTEXT() REPRESENTATION_CONTEXT('2D SPACE',''
  ) );
#6206 = PCURVE('',#6207,#6212);
#6207 = PLANE('',#6208);
#6208 = AXIS2_PLACEMENT_3D('',#6209,#6210,#6211);
#6209 = CARTESIAN_POINT('',(1.667424305044,1.,-7.3));
#6210 = DIRECTION('',(1.,0.,0.));
#6211 = DIRECTION('',(0.,0.,-1.));
#6212 = DEFINITIONAL_REPRESENTATION('',(#6213),#6217);
#6213 = LINE('',#6214,#6215);
#6214 = CARTESIAN_POINT('',(0.,0.));
#6215 = VECTOR('',#6216,1.);
#6216 = DIRECTION('',(0.,-1.));
#6217 = ( GEOMETRIC_REPRESENTATION_CONTEXT(2) 
PARAMETRIC_REPRESENTATION_CONTEXT() REPRESENTATION_CONTEXT('2D SPACE',''
  ) );
#6218 = ORIENTED_EDGE('',*,*,#6219,.F.);
#6219 = EDGE_CURVE('',#6220,#6192,#6222,.T.);
#6220 = VERTEX_POINT('',#6221);
#6221 = CARTESIAN_POINT('',(4.667424305044,1.,-7.3));
#6222 = SURFACE_CURVE('',#6223,(#6227,#6234),.PCURVE_S1.);
#6223 = LINE('',#6224,#6225);
#6224 = CARTESIAN_POINT('',(1.667424305044,1.,-7.3));
#6225 = VECTOR('',#6226,1.);
#6226 = DIRECTION('',(-1.,-0.,-0.));
#6227 = PCURVE('',#6172,#6228);
#6228 = DEFINITIONAL_REPRESENTATION('',(#6229),#6233);
#6229 = LINE('',#6230,#6231);
#6230 = CARTESIAN_POINT('',(0.,0.));
#6231 = VECTOR('',#6232,1.);
#6232 = DIRECTION('',(-1.,0.));
#6233 = ( GEOMETRIC_REPRESENTATION_CONTEXT(2) 
PARAMETRIC_REPRESENTATION_CONTEXT() REPRESENTATION_CONTEXT('2D SPACE',''
  ) );
#6234 = PCURVE('',#6235,#6240);
#6235 = PLANE('',#6236);
#6236 = AXIS2_PLACEMENT_3D('',#6237,#6238,#6239);
#6237 = CARTESIAN_POINT('',(0.,1.,0.));
#6238 = DIRECTION('',(0.,-1.,0.));
#6239 = DIRECTION('',(0.,-0.,-1.));
#6240 = DEFINITIONAL_REPRESENTATION('',(#6241),#6245);
#6241 = LINE('',#6242,#6243);
#6242 = CARTESIAN_POINT('',(7.3,1.667424305044));
#6243 = VECTOR('',#6244,1.);
#6244 = DIRECTION('',(0.,-1.));
#6245 = ( GEOMETRIC_REPRESENTATION_CONTEXT(2) 
PARAMETRIC_REPRESENTATION_CONTEXT() REPRESENTATION_CONTEXT('2D SPACE',''
  ) );
#6246 = ORIENTED_EDGE('',*,*,#6247,.T.);
#6247 = EDGE_CURVE('',#6220,#6162,#6248,.T.);
#6248 = SURFACE_CURVE('',#6249,(#6253,#6260),.PCURVE_S1.);
#6249 = LINE('',#6250,#6251);
#6250 = CARTESIAN_POINT('',(4.667424305044,1.,-7.3));
#6251 = VECTOR('',#6252,1.);
#6252 = DIRECTION('',(-0.,-1.,-0.));
#6253 = PCURVE('',#6172,#6254);
#6254 = DEFINITIONAL_REPRESENTATION('',(#6255),#6259);
#6255 = LINE('',#6256,#6257);
#6256 = CARTESIAN_POINT('',(3.,0.));
#6257 = VECTOR('',#6258,1.);
#6258 = DIRECTION('',(0.,-1.));
#6259 = ( GEOMETRIC_REPRESENTATION_CONTEXT(2) 
PARAMETRIC_REPRESENTATION_CONTEXT() REPRESENTATION_CONTEXT('2D SPACE',''
  ) );
#6260 = PCURVE('',#6261,#6266);
#6261 = PLANE('',#6262);
#6262 = AXIS2_PLACEMENT_3D('',#6263,#6264,#6265);
#6263 = CARTESIAN_POINT('',(4.667424305044,1.,-7.3));
#6264 = DIRECTION('',(-1.,0.,0.));
#6265 = DIRECTION('',(0.,0.,1.));
#6266 = DEFINITIONAL_REPRESENTATION('',(#6267),#6271);
#6267 = LINE('',#6268,#6269);
#6268 = CARTESIAN_POINT('',(0.,0.));
#6269 = VECTOR('',#6270,1.);
#6270 = DIRECTION('',(0.,-1.));
#6271 = ( GEOMETRIC_REPRESENTATION_CONTEXT(2) 
PARAMETRIC_REPRESENTATION_CONTEXT() REPRESENTATION_CONTEXT('2D SPACE',''
  ) );
#6272 = ADVANCED_FACE('',(#6273),#6287,.F.);
#6273 = FACE_BOUND('',#6274,.T.);
#6274 = EDGE_LOOP('',(#6275,#6305,#6333,#6361));
#6275 = ORIENTED_EDGE('',*,*,#6276,.T.);
#6276 = EDGE_CURVE('',#6277,#6279,#6281,.T.);
#6277 = VERTEX_POINT('',#6278);
#6278 = CARTESIAN_POINT('',(-1.332575694956,0.,-7.3));
#6279 = VERTEX_POINT('',#6280);
#6280 = CARTESIAN_POINT('',(-4.332575694956,0.,-7.3));
#6281 = SURFACE_CURVE('',#6282,(#6286,#6298),.PCURVE_S1.);
#6282 = LINE('',#6283,#6284);
#6283 = CARTESIAN_POINT('',(-4.332575694956,0.,-7.3));
#6284 = VECTOR('',#6285,1.);
#6285 = DIRECTION('',(-1.,-0.,-0.));
#6286 = PCURVE('',#6287,#6292);
#6287 = PLANE('',#6288);
#6288 = AXIS2_PLACEMENT_3D('',#6289,#6290,#6291);
#6289 = CARTESIAN_POINT('',(-4.332575694956,1.,-7.3));
#6290 = DIRECTION('',(0.,0.,1.));
#6291 = DIRECTION('',(1.,0.,-0.));
#6292 = DEFINITIONAL_REPRESENTATION('',(#6293),#6297);
#6293 = LINE('',#6294,#6295);
#6294 = CARTESIAN_POINT('',(0.,-1.));
#6295 = VECTOR('',#6296,1.);
#6296 = DIRECTION('',(-1.,0.));
#6297 = ( GEOMETRIC_REPRESENTATION_CONTEXT(2) 
PARAMETRIC_REPRESENTATION_CONTEXT() REPRESENTATION_CONTEXT('2D SPACE',''
  ) );
#6298 = PCURVE('',#5949,#6299);
#6299 = DEFINITIONAL_REPRESENTATION('',(#6300),#6304);
#6300 = LINE('',#6301,#6302);
#6301 = CARTESIAN_POINT('',(1.,26.417424305044));
#6302 = VECTOR('',#6303,1.);
#6303 = DIRECTION('',(0.,-1.));
#6304 = ( GEOMETRIC_REPRESENTATION_CONTEXT(2) 
PARAMETRIC_REPRESENTATION_CONTEXT() REPRESENTATION_CONTEXT('2D SPACE',''
  ) );
#6305 = ORIENTED_EDGE('',*,*,#6306,.F.);
#6306 = EDGE_CURVE('',#6307,#6279,#6309,.T.);
#6307 = VERTEX_POINT('',#6308);
#6308 = CARTESIAN_POINT('',(-4.332575694956,1.,-7.3));
#6309 = SURFACE_CURVE('',#6310,(#6314,#6321),.PCURVE_S1.);
#6310 = LINE('',#6311,#6312);
#6311 = CARTESIAN_POINT('',(-4.332575694956,1.,-7.3));
#6312 = VECTOR('',#6313,1.);
#6313 = DIRECTION('',(-0.,-1.,-0.));
#6314 = PCURVE('',#6287,#6315);
#6315 = DEFINITIONAL_REPRESENTATION('',(#6316),#6320);
#6316 = LINE('',#6317,#6318);
#6317 = CARTESIAN_POINT('',(0.,0.));
#6318 = VECTOR('',#6319,1.);
#6319 = DIRECTION('',(0.,-1.));
#6320 = ( GEOMETRIC_REPRESENTATION_CONTEXT(2) 
PARAMETRIC_REPRESENTATION_CONTEXT() REPRESENTATION_CONTEXT('2D SPACE',''
  ) );
#6321 = PCURVE('',#6322,#6327);
#6322 = PLANE('',#6323);
#6323 = AXIS2_PLACEMENT_3D('',#6324,#6325,#6326);
#6324 = CARTESIAN_POINT('',(-4.332575694956,1.,-7.3));
#6325 = DIRECTION('',(1.,0.,0.));
#6326 = DIRECTION('',(0.,0.,-1.));
#6327 = DEFINITIONAL_REPRESENTATION('',(#6328),#6332);
#6328 = LINE('',#6329,#6330);
#6329 = CARTESIAN_POINT('',(0.,0.));
#6330 = VECTOR('',#6331,1.);
#6331 = DIRECTION('',(0.,-1.));
#6332 = ( GEOMETRIC_REPRESENTATION_CONTEXT(2) 
PARAMETRIC_REPRESENTATION_CONTEXT() REPRESENTATION_CONTEXT('2D SPACE',''
  ) );
#6333 = ORIENTED_EDGE('',*,*,#6334,.F.);
#6334 = EDGE_CURVE('',#6335,#6307,#6337,.T.);
#6335 = VERTEX_POINT('',#6336);
#6336 = CARTESIAN_POINT('',(-1.332575694956,1.,-7.3));
#6337 = SURFACE_CURVE('',#6338,(#6342,#6349),.PCURVE_S1.);
#6338 = LINE('',#6339,#6340);
#6339 = CARTESIAN_POINT('',(-4.332575694956,1.,-7.3));
#6340 = VECTOR('',#6341,1.);
#6341 = DIRECTION('',(-1.,-0.,-0.));
#6342 = PCURVE('',#6287,#6343);
#6343 = DEFINITIONAL_REPRESENTATION('',(#6344),#6348);
#6344 = LINE('',#6345,#6346);
#6345 = CARTESIAN_POINT('',(0.,0.));
#6346 = VECTOR('',#6347,1.);
#6347 = DIRECTION('',(-1.,0.));
#6348 = ( GEOMETRIC_REPRESENTATION_CONTEXT(2) 
PARAMETRIC_REPRESENTATION_CONTEXT() REPRESENTATION_CONTEXT('2D SPACE',''
  ) );
#6349 = PCURVE('',#6350,#6355);
#6350 = PLANE('',#6351);
#6351 = AXIS2_PLACEMENT_3D('',#6352,#6353,#6354);
#6352 = CARTESIAN_POINT('',(0.,1.,0.));
#6353 = DIRECTION('',(0.,-1.,0.));
#6354 = DIRECTION('',(0.,-0.,-1.));
#6355 = DEFINITIONAL_REPRESENTATION('',(#6356),#6360);
#6356 = LINE('',#6357,#6358);
#6357 = CARTESIAN_POINT('',(7.3,-4.332575694956));
#6358 = VECTOR('',#6359,1.);
#6359 = DIRECTION('',(0.,-1.));
#6360 = ( GEOMETRIC_REPRESENTATION_CONTEXT(2) 
PARAMETRIC_REPRESENTATION_CONTEXT() REPRESENTATION_CONTEXT('2D SPACE',''
  ) );
#6361 = ORIENTED_EDGE('',*,*,#6362,.T.);
#6362 = EDGE_CURVE('',#6335,#6277,#6363,.T.);
#6363 = SURFACE_CURVE('',#6364,(#6368,#6375),.PCURVE_S1.);
#6364 = LINE('',#6365,#6366);
#6365 = CARTESIAN_POINT('',(-1.332575694956,1.,-7.3));
#6366 = VECTOR('',#6367,1.);
#6367 = DIRECTION('',(-0.,-1.,-0.));
#6368 = PCURVE('',#6287,#6369);
#6369 = DEFINITIONAL_REPRESENTATION('',(#6370),#6374);
#6370 = LINE('',#6371,#6372);
#6371 = CARTESIAN_POINT('',(3.,0.));
#6372 = VECTOR('',#6373,1.);
#6373 = DIRECTION('',(0.,-1.));
#6374 = ( GEOMETRIC_REPRESENTATION_CONTEXT(2) 
PARAMETRIC_REPRESENTATION_CONTEXT() REPRESENTATION_CONTEXT('2D SPACE',''
  ) );
#6375 = PCURVE('',#6376,#6381);
#6376 = PLANE('',#6377);
#6377 = AXIS2_PLACEMENT_3D('',#6378,#6379,#6380);
#6378 = CARTESIAN_POINT('',(-1.332575694956,1.,-7.3));
#6379 = DIRECTION('',(-1.,0.,0.));
#6380 = DIRECTION('',(0.,0.,1.));
#6381 = DEFINITIONAL_REPRESENTATION('',(#6382),#6386);
#6382 = LINE('',#6383,#6384);
#6383 = CARTESIAN_POINT('',(0.,0.));
#6384 = VECTOR('',#6385,1.);
#6385 = DIRECTION('',(0.,-1.));
#6386 = ( GEOMETRIC_REPRESENTATION_CONTEXT(2) 
PARAMETRIC_REPRESENTATION_CONTEXT() REPRESENTATION_CONTEXT('2D SPACE',''
  ) );
#6387 = ADVANCED_FACE('',(#6388),#6402,.F.);
#6388 = FACE_BOUND('',#6389,.T.);
#6389 = EDGE_LOOP('',(#6390,#6420,#6448,#6476));
#6390 = ORIENTED_EDGE('',*,*,#6391,.T.);
#6391 = EDGE_CURVE('',#6392,#6394,#6396,.T.);
#6392 = VERTEX_POINT('',#6393);
#6393 = CARTESIAN_POINT('',(-7.332575694956,0.,-7.3));
#6394 = VERTEX_POINT('',#6395);
#6395 = CARTESIAN_POINT('',(-10.33257569495,0.,-7.3));
#6396 = SURFACE_CURVE('',#6397,(#6401,#6413),.PCURVE_S1.);
#6397 = LINE('',#6398,#6399);
#6398 = CARTESIAN_POINT('',(-10.33257569495,0.,-7.3));
#6399 = VECTOR('',#6400,1.);
#6400 = DIRECTION('',(-1.,-0.,-0.));
#6401 = PCURVE('',#6402,#6407);
#6402 = PLANE('',#6403);
#6403 = AXIS2_PLACEMENT_3D('',#6404,#6405,#6406);
#6404 = CARTESIAN_POINT('',(-10.33257569495,1.,-7.3));
#6405 = DIRECTION('',(0.,0.,1.));
#6406 = DIRECTION('',(1.,0.,-0.));
#6407 = DEFINITIONAL_REPRESENTATION('',(#6408),#6412);
#6408 = LINE('',#6409,#6410);
#6409 = CARTESIAN_POINT('',(0.,-1.));
#6410 = VECTOR('',#6411,1.);
#6411 = DIRECTION('',(-1.,0.));
#6412 = ( GEOMETRIC_REPRESENTATION_CONTEXT(2) 
PARAMETRIC_REPRESENTATION_CONTEXT() REPRESENTATION_CONTEXT('2D SPACE',''
  ) );
#6413 = PCURVE('',#5949,#6414);
#6414 = DEFINITIONAL_REPRESENTATION('',(#6415),#6419);
#6415 = LINE('',#6416,#6417);
#6416 = CARTESIAN_POINT('',(1.,20.417424305044));
#6417 = VECTOR('',#6418,1.);
#6418 = DIRECTION('',(0.,-1.));
#6419 = ( GEOMETRIC_REPRESENTATION_CONTEXT(2) 
PARAMETRIC_REPRESENTATION_CONTEXT() REPRESENTATION_CONTEXT('2D SPACE',''
  ) );
#6420 = ORIENTED_EDGE('',*,*,#6421,.F.);
#6421 = EDGE_CURVE('',#6422,#6394,#6424,.T.);
#6422 = VERTEX_POINT('',#6423);
#6423 = CARTESIAN_POINT('',(-10.33257569495,1.,-7.3));
#6424 = SURFACE_CURVE('',#6425,(#6429,#6436),.PCURVE_S1.);
#6425 = LINE('',#6426,#6427);
#6426 = CARTESIAN_POINT('',(-10.33257569495,1.,-7.3));
#6427 = VECTOR('',#6428,1.);
#6428 = DIRECTION('',(-0.,-1.,-0.));
#6429 = PCURVE('',#6402,#6430);
#6430 = DEFINITIONAL_REPRESENTATION('',(#6431),#6435);
#6431 = LINE('',#6432,#6433);
#6432 = CARTESIAN_POINT('',(0.,0.));
#6433 = VECTOR('',#6434,1.);
#6434 = DIRECTION('',(0.,-1.));
#6435 = ( GEOMETRIC_REPRESENTATION_CONTEXT(2) 
PARAMETRIC_REPRESENTATION_CONTEXT() REPRESENTATION_CONTEXT('2D SPACE',''
  ) );
#6436 = PCURVE('',#6437,#6442);
#6437 = PLANE('',#6438);
#6438 = AXIS2_PLACEMENT_3D('',#6439,#6440,#6441);
#6439 = CARTESIAN_POINT('',(-10.33257569495,1.,-7.3));
#6440 = DIRECTION('',(1.,0.,0.));
#6441 = DIRECTION('',(0.,0.,-1.));
#6442 = DEFINITIONAL_REPRESENTATION('',(#6443),#6447);
#6443 = LINE('',#6444,#6445);
#6444 = CARTESIAN_POINT('',(0.,0.));
#6445 = VECTOR('',#6446,1.);
#6446 = DIRECTION('',(0.,-1.));
#6447 = ( GEOMETRIC_REPRESENTATION_CONTEXT(2) 
PARAMETRIC_REPRESENTATION_CONTEXT() REPRESENTATION_CONTEXT('2D SPACE',''
  ) );
#6448 = ORIENTED_EDGE('',*,*,#6449,.F.);
#6449 = EDGE_CURVE('',#6450,#6422,#6452,.T.);
#6450 = VERTEX_POINT('',#6451);
#6451 = CARTESIAN_POINT('',(-7.332575694956,1.,-7.3));
#6452 = SURFACE_CURVE('',#6453,(#6457,#6464),.PCURVE_S1.);
#6453 = LINE('',#6454,#6455);
#6454 = CARTESIAN_POINT('',(-10.33257569495,1.,-7.3));
#6455 = VECTOR('',#6456,1.);
#6456 = DIRECTION('',(-1.,-0.,-0.));
#6457 = PCURVE('',#6402,#6458);
#6458 = DEFINITIONAL_REPRESENTATION('',(#6459),#6463);
#6459 = LINE('',#6460,#6461);
#6460 = CARTESIAN_POINT('',(0.,0.));
#6461 = VECTOR('',#6462,1.);
#6462 = DIRECTION('',(-1.,0.));
#6463 = ( GEOMETRIC_REPRESENTATION_CONTEXT(2) 
PARAMETRIC_REPRESENTATION_CONTEXT() REPRESENTATION_CONTEXT('2D SPACE',''
  ) );
#6464 = PCURVE('',#6465,#6470);
#6465 = PLANE('',#6466);
#6466 = AXIS2_PLACEMENT_3D('',#6467,#6468,#6469);
#6467 = CARTESIAN_POINT('',(0.,1.,0.));
#6468 = DIRECTION('',(0.,-1.,0.));
#6469 = DIRECTION('',(0.,-0.,-1.));
#6470 = DEFINITIONAL_REPRESENTATION('',(#6471),#6475);
#6471 = LINE('',#6472,#6473);
#6472 = CARTESIAN_POINT('',(7.3,-10.33257569495));
#6473 = VECTOR('',#6474,1.);
#6474 = DIRECTION('',(0.,-1.));
#6475 = ( GEOMETRIC_REPRESENTATION_CONTEXT(2) 
PARAMETRIC_REPRESENTATION_CONTEXT() REPRESENTATION_CONTEXT('2D SPACE',''
  ) );
#6476 = ORIENTED_EDGE('',*,*,#6477,.T.);
#6477 = EDGE_CURVE('',#6450,#6392,#6478,.T.);
#6478 = SURFACE_CURVE('',#6479,(#6483,#6490),.PCURVE_S1.);
#6479 = LINE('',#6480,#6481);
#6480 = CARTESIAN_POINT('',(-7.332575694956,1.,-7.3));
#6481 = VECTOR('',#6482,1.);
#6482 = DIRECTION('',(-0.,-1.,-0.));
#6483 = PCURVE('',#6402,#6484);
#6484 = DEFINITIONAL_REPRESENTATION('',(#6485),#6489);
#6485 = LINE('',#6486,#6487);
#6486 = CARTESIAN_POINT('',(3.,0.));
#6487 = VECTOR('',#6488,1.);
#6488 = DIRECTION('',(0.,-1.));
#6489 = ( GEOMETRIC_REPRESENTATION_CONTEXT(2) 
PARAMETRIC_REPRESENTATION_CONTEXT() REPRESENTATION_CONTEXT('2D SPACE',''
  ) );
#6490 = PCURVE('',#6491,#6496);
#6491 = PLANE('',#6492);
#6492 = AXIS2_PLACEMENT_3D('',#6493,#6494,#6495);
#6493 = CARTESIAN_POINT('',(-7.332575694956,1.,-7.3));
#6494 = DIRECTION('',(-1.,0.,0.));
#6495 = DIRECTION('',(0.,0.,1.));
#6496 = DEFINITIONAL_REPRESENTATION('',(#6497),#6501);
#6497 = LINE('',#6498,#6499);
#6498 = CARTESIAN_POINT('',(0.,0.));
#6499 = VECTOR('',#6500,1.);
#6500 = DIRECTION('',(0.,-1.));
#6501 = ( GEOMETRIC_REPRESENTATION_CONTEXT(2) 
PARAMETRIC_REPRESENTATION_CONTEXT() REPRESENTATION_CONTEXT('2D SPACE',''
  ) );
#6502 = ADVANCED_FACE('',(#6503),#6517,.F.);
#6503 = FACE_BOUND('',#6504,.T.);
#6504 = EDGE_LOOP('',(#6505,#6535,#6563,#6591));
#6505 = ORIENTED_EDGE('',*,*,#6506,.T.);
#6506 = EDGE_CURVE('',#6507,#6509,#6511,.T.);
#6507 = VERTEX_POINT('',#6508);
#6508 = CARTESIAN_POINT('',(-13.33257569495,0.,-7.3));
#6509 = VERTEX_POINT('',#6510);
#6510 = CARTESIAN_POINT('',(-16.33257569495,0.,-7.3));
#6511 = SURFACE_CURVE('',#6512,(#6516,#6528),.PCURVE_S1.);
#6512 = LINE('',#6513,#6514);
#6513 = CARTESIAN_POINT('',(-16.33257569495,0.,-7.3));
#6514 = VECTOR('',#6515,1.);
#6515 = DIRECTION('',(-1.,-0.,-0.));
#6516 = PCURVE('',#6517,#6522);
#6517 = PLANE('',#6518);
#6518 = AXIS2_PLACEMENT_3D('',#6519,#6520,#6521);
#6519 = CARTESIAN_POINT('',(-16.33257569495,1.,-7.3));
#6520 = DIRECTION('',(0.,0.,1.));
#6521 = DIRECTION('',(1.,0.,-0.));
#6522 = DEFINITIONAL_REPRESENTATION('',(#6523),#6527);
#6523 = LINE('',#6524,#6525);
#6524 = CARTESIAN_POINT('',(0.,-1.));
#6525 = VECTOR('',#6526,1.);
#6526 = DIRECTION('',(-1.,0.));
#6527 = ( GEOMETRIC_REPRESENTATION_CONTEXT(2) 
PARAMETRIC_REPRESENTATION_CONTEXT() REPRESENTATION_CONTEXT('2D SPACE',''
  ) );
#6528 = PCURVE('',#5949,#6529);
#6529 = DEFINITIONAL_REPRESENTATION('',(#6530),#6534);
#6530 = LINE('',#6531,#6532);
#6531 = CARTESIAN_POINT('',(1.,14.417424305044));
#6532 = VECTOR('',#6533,1.);
#6533 = DIRECTION('',(0.,-1.));
#6534 = ( GEOMETRIC_REPRESENTATION_CONTEXT(2) 
PARAMETRIC_REPRESENTATION_CONTEXT() REPRESENTATION_CONTEXT('2D SPACE',''
  ) );
#6535 = ORIENTED_EDGE('',*,*,#6536,.F.);
#6536 = EDGE_CURVE('',#6537,#6509,#6539,.T.);
#6537 = VERTEX_POINT('',#6538);
#6538 = CARTESIAN_POINT('',(-16.33257569495,1.,-7.3));
#6539 = SURFACE_CURVE('',#6540,(#6544,#6551),.PCURVE_S1.);
#6540 = LINE('',#6541,#6542);
#6541 = CARTESIAN_POINT('',(-16.33257569495,1.,-7.3));
#6542 = VECTOR('',#6543,1.);
#6543 = DIRECTION('',(-0.,-1.,-0.));
#6544 = PCURVE('',#6517,#6545);
#6545 = DEFINITIONAL_REPRESENTATION('',(#6546),#6550);
#6546 = LINE('',#6547,#6548);
#6547 = CARTESIAN_POINT('',(0.,0.));
#6548 = VECTOR('',#6549,1.);
#6549 = DIRECTION('',(0.,-1.));
#6550 = ( GEOMETRIC_REPRESENTATION_CONTEXT(2) 
PARAMETRIC_REPRESENTATION_CONTEXT() REPRESENTATION_CONTEXT('2D SPACE',''
  ) );
#6551 = PCURVE('',#6552,#6557);
#6552 = PLANE('',#6553);
#6553 = AXIS2_PLACEMENT_3D('',#6554,#6555,#6556);
#6554 = CARTESIAN_POINT('',(-16.33257569495,1.,-7.3));
#6555 = DIRECTION('',(1.,0.,0.));
#6556 = DIRECTION('',(0.,0.,-1.));
#6557 = DEFINITIONAL_REPRESENTATION('',(#6558),#6562);
#6558 = LINE('',#6559,#6560);
#6559 = CARTESIAN_POINT('',(0.,0.));
#6560 = VECTOR('',#6561,1.);
#6561 = DIRECTION('',(0.,-1.));
#6562 = ( GEOMETRIC_REPRESENTATION_CONTEXT(2) 
PARAMETRIC_REPRESENTATION_CONTEXT() REPRESENTATION_CONTEXT('2D SPACE',''
  ) );
#6563 = ORIENTED_EDGE('',*,*,#6564,.F.);
#6564 = EDGE_CURVE('',#6565,#6537,#6567,.T.);
#6565 = VERTEX_POINT('',#6566);
#6566 = CARTESIAN_POINT('',(-13.33257569495,1.,-7.3));
#6567 = SURFACE_CURVE('',#6568,(#6572,#6579),.PCURVE_S1.);
#6568 = LINE('',#6569,#6570);
#6569 = CARTESIAN_POINT('',(-16.33257569495,1.,-7.3));
#6570 = VECTOR('',#6571,1.);
#6571 = DIRECTION('',(-1.,-0.,-0.));
#6572 = PCURVE('',#6517,#6573);
#6573 = DEFINITIONAL_REPRESENTATION('',(#6574),#6578);
#6574 = LINE('',#6575,#6576);
#6575 = CARTESIAN_POINT('',(0.,0.));
#6576 = VECTOR('',#6577,1.);
#6577 = DIRECTION('',(-1.,0.));
#6578 = ( GEOMETRIC_REPRESENTATION_CONTEXT(2) 
PARAMETRIC_REPRESENTATION_CONTEXT() REPRESENTATION_CONTEXT('2D SPACE',''
  ) );
#6579 = PCURVE('',#6580,#6585);
#6580 = PLANE('',#6581);
#6581 = AXIS2_PLACEMENT_3D('',#6582,#6583,#6584);
#6582 = CARTESIAN_POINT('',(0.,1.,0.));
#6583 = DIRECTION('',(0.,-1.,0.));
#6584 = DIRECTION('',(0.,-0.,-1.));
#6585 = DEFINITIONAL_REPRESENTATION('',(#6586),#6590);
#6586 = LINE('',#6587,#6588);
#6587 = CARTESIAN_POINT('',(7.3,-16.33257569495));
#6588 = VECTOR('',#6589,1.);
#6589 = DIRECTION('',(0.,-1.));
#6590 = ( GEOMETRIC_REPRESENTATION_CONTEXT(2) 
PARAMETRIC_REPRESENTATION_CONTEXT() REPRESENTATION_CONTEXT('2D SPACE',''
  ) );
#6591 = ORIENTED_EDGE('',*,*,#6592,.T.);
#6592 = EDGE_CURVE('',#6565,#6507,#6593,.T.);
#6593 = SURFACE_CURVE('',#6594,(#6598,#6605),.PCURVE_S1.);
#6594 = LINE('',#6595,#6596);
#6595 = CARTESIAN_POINT('',(-13.33257569495,1.,-7.3));
#6596 = VECTOR('',#6597,1.);
#6597 = DIRECTION('',(-0.,-1.,-0.));
#6598 = PCURVE('',#6517,#6599);
#6599 = DEFINITIONAL_REPRESENTATION('',(#6600),#6604);
#6600 = LINE('',#6601,#6602);
#6601 = CARTESIAN_POINT('',(3.,0.));
#6602 = VECTOR('',#6603,1.);
#6603 = DIRECTION('',(0.,-1.));
#6604 = ( GEOMETRIC_REPRESENTATION_CONTEXT(2) 
PARAMETRIC_REPRESENTATION_CONTEXT() REPRESENTATION_CONTEXT('2D SPACE',''
  ) );
#6605 = PCURVE('',#6606,#6611);
#6606 = PLANE('',#6607);
#6607 = AXIS2_PLACEMENT_3D('',#6608,#6609,#6610);
#6608 = CARTESIAN_POINT('',(-13.33257569495,1.,-7.3));
#6609 = DIRECTION('',(-1.,0.,0.));
#6610 = DIRECTION('',(0.,0.,1.));
#6611 = DEFINITIONAL_REPRESENTATION('',(#6612),#6616);
#6612 = LINE('',#6613,#6614);
#6613 = CARTESIAN_POINT('',(0.,0.));
#6614 = VECTOR('',#6615,1.);
#6615 = DIRECTION('',(0.,-1.));
#6616 = ( GEOMETRIC_REPRESENTATION_CONTEXT(2) 
PARAMETRIC_REPRESENTATION_CONTEXT() REPRESENTATION_CONTEXT('2D SPACE',''
  ) );
#6617 = ADVANCED_FACE('',(#6618),#6632,.F.);
#6618 = FACE_BOUND('',#6619,.T.);
#6619 = EDGE_LOOP('',(#6620,#6650,#6678,#6706));
#6620 = ORIENTED_EDGE('',*,*,#6621,.T.);
#6621 = EDGE_CURVE('',#6622,#6624,#6626,.T.);
#6622 = VERTEX_POINT('',#6623);
#6623 = CARTESIAN_POINT('',(-19.33257569495,0.,-7.3));
#6624 = VERTEX_POINT('',#6625);
#6625 = CARTESIAN_POINT('',(-22.33257569495,0.,-7.3));
#6626 = SURFACE_CURVE('',#6627,(#6631,#6643),.PCURVE_S1.);
#6627 = LINE('',#6628,#6629);
#6628 = CARTESIAN_POINT('',(-22.33257569495,0.,-7.3));
#6629 = VECTOR('',#6630,1.);
#6630 = DIRECTION('',(-1.,-0.,-0.));
#6631 = PCURVE('',#6632,#6637);
#6632 = PLANE('',#6633);
#6633 = AXIS2_PLACEMENT_3D('',#6634,#6635,#6636);
#6634 = CARTESIAN_POINT('',(-22.33257569495,1.,-7.3));
#6635 = DIRECTION('',(0.,0.,1.));
#6636 = DIRECTION('',(1.,0.,-0.));
#6637 = DEFINITIONAL_REPRESENTATION('',(#6638),#6642);
#6638 = LINE('',#6639,#6640);
#6639 = CARTESIAN_POINT('',(0.,-1.));
#6640 = VECTOR('',#6641,1.);
#6641 = DIRECTION('',(-1.,0.));
#6642 = ( GEOMETRIC_REPRESENTATION_CONTEXT(2) 
PARAMETRIC_REPRESENTATION_CONTEXT() REPRESENTATION_CONTEXT('2D SPACE',''
  ) );
#6643 = PCURVE('',#5949,#6644);
#6644 = DEFINITIONAL_REPRESENTATION('',(#6645),#6649);
#6645 = LINE('',#6646,#6647);
#6646 = CARTESIAN_POINT('',(1.,8.417424305044));
#6647 = VECTOR('',#6648,1.);
#6648 = DIRECTION('',(0.,-1.));
#6649 = ( GEOMETRIC_REPRESENTATION_CONTEXT(2) 
PARAMETRIC_REPRESENTATION_CONTEXT() REPRESENTATION_CONTEXT('2D SPACE',''
  ) );
#6650 = ORIENTED_EDGE('',*,*,#6651,.F.);
#6651 = EDGE_CURVE('',#6652,#6624,#6654,.T.);
#6652 = VERTEX_POINT('',#6653);
#6653 = CARTESIAN_POINT('',(-22.33257569495,1.,-7.3));
#6654 = SURFACE_CURVE('',#6655,(#6659,#6666),.PCURVE_S1.);
#6655 = LINE('',#6656,#6657);
#6656 = CARTESIAN_POINT('',(-22.33257569495,1.,-7.3));
#6657 = VECTOR('',#6658,1.);
#6658 = DIRECTION('',(-0.,-1.,-0.));
#6659 = PCURVE('',#6632,#6660);
#6660 = DEFINITIONAL_REPRESENTATION('',(#6661),#6665);
#6661 = LINE('',#6662,#6663);
#6662 = CARTESIAN_POINT('',(0.,0.));
#6663 = VECTOR('',#6664,1.);
#6664 = DIRECTION('',(0.,-1.));
#6665 = ( GEOMETRIC_REPRESENTATION_CONTEXT(2) 
PARAMETRIC_REPRESENTATION_CONTEXT() REPRESENTATION_CONTEXT('2D SPACE',''
  ) );
#6666 = PCURVE('',#6667,#6672);
#6667 = PLANE('',#6668);
#6668 = AXIS2_PLACEMENT_3D('',#6669,#6670,#6671);
#6669 = CARTESIAN_POINT('',(-22.33257569495,1.,-7.3));
#6670 = DIRECTION('',(1.,0.,0.));
#6671 = DIRECTION('',(0.,0.,-1.));
#6672 = DEFINITIONAL_REPRESENTATION('',(#6673),#6677);
#6673 = LINE('',#6674,#6675);
#6674 = CARTESIAN_POINT('',(0.,0.));
#6675 = VECTOR('',#6676,1.);
#6676 = DIRECTION('',(0.,-1.));
#6677 = ( GEOMETRIC_REPRESENTATION_CONTEXT(2) 
PARAMETRIC_REPRESENTATION_CONTEXT() REPRESENTATION_CONTEXT('2D SPACE',''
  ) );
#6678 = ORIENTED_EDGE('',*,*,#6679,.F.);
#6679 = EDGE_CURVE('',#6680,#6652,#6682,.T.);
#6680 = VERTEX_POINT('',#6681);
#6681 = CARTESIAN_POINT('',(-19.33257569495,1.,-7.3));
#6682 = SURFACE_CURVE('',#6683,(#6687,#6694),.PCURVE_S1.);
#6683 = LINE('',#6684,#6685);
#6684 = CARTESIAN_POINT('',(-22.33257569495,1.,-7.3));
#6685 = VECTOR('',#6686,1.);
#6686 = DIRECTION('',(-1.,-0.,-0.));
#6687 = PCURVE('',#6632,#6688);
#6688 = DEFINITIONAL_REPRESENTATION('',(#6689),#6693);
#6689 = LINE('',#6690,#6691);
#6690 = CARTESIAN_POINT('',(0.,0.));
#6691 = VECTOR('',#6692,1.);
#6692 = DIRECTION('',(-1.,0.));
#6693 = ( GEOMETRIC_REPRESENTATION_CONTEXT(2) 
PARAMETRIC_REPRESENTATION_CONTEXT() REPRESENTATION_CONTEXT('2D SPACE',''
  ) );
#6694 = PCURVE('',#6695,#6700);
#6695 = PLANE('',#6696);
#6696 = AXIS2_PLACEMENT_3D('',#6697,#6698,#6699);
#6697 = CARTESIAN_POINT('',(0.,1.,0.));
#6698 = DIRECTION('',(0.,1.,0.));
#6699 = DIRECTION('',(0.,-0.,1.));
#6700 = DEFINITIONAL_REPRESENTATION('',(#6701),#6705);
#6701 = LINE('',#6702,#6703);
#6702 = CARTESIAN_POINT('',(-7.3,-22.33257569495));
#6703 = VECTOR('',#6704,1.);
#6704 = DIRECTION('',(0.,-1.));
#6705 = ( GEOMETRIC_REPRESENTATION_CONTEXT(2) 
PARAMETRIC_REPRESENTATION_CONTEXT() REPRESENTATION_CONTEXT('2D SPACE',''
  ) );
#6706 = ORIENTED_EDGE('',*,*,#6707,.T.);
#6707 = EDGE_CURVE('',#6680,#6622,#6708,.T.);
#6708 = SURFACE_CURVE('',#6709,(#6713,#6720),.PCURVE_S1.);
#6709 = LINE('',#6710,#6711);
#6710 = CARTESIAN_POINT('',(-19.33257569495,1.,-7.3));
#6711 = VECTOR('',#6712,1.);
#6712 = DIRECTION('',(-0.,-1.,-0.));
#6713 = PCURVE('',#6632,#6714);
#6714 = DEFINITIONAL_REPRESENTATION('',(#6715),#6719);
#6715 = LINE('',#6716,#6717);
#6716 = CARTESIAN_POINT('',(3.,0.));
#6717 = VECTOR('',#6718,1.);
#6718 = DIRECTION('',(0.,-1.));
#6719 = ( GEOMETRIC_REPRESENTATION_CONTEXT(2) 
PARAMETRIC_REPRESENTATION_CONTEXT() REPRESENTATION_CONTEXT('2D SPACE',''
  ) );
#6720 = PCURVE('',#6721,#6726);
#6721 = PLANE('',#6722);
#6722 = AXIS2_PLACEMENT_3D('',#6723,#6724,#6725);
#6723 = CARTESIAN_POINT('',(-19.33257569495,1.,-7.3));
#6724 = DIRECTION('',(-1.,0.,0.));
#6725 = DIRECTION('',(0.,0.,1.));
#6726 = DEFINITIONAL_REPRESENTATION('',(#6727),#6731);
#6727 = LINE('',#6728,#6729);
#6728 = CARTESIAN_POINT('',(0.,0.));
#6729 = VECTOR('',#6730,1.);
#6730 = DIRECTION('',(0.,-1.));
#6731 = ( GEOMETRIC_REPRESENTATION_CONTEXT(2) 
PARAMETRIC_REPRESENTATION_CONTEXT() REPRESENTATION_CONTEXT('2D SPACE',''
  ) );
#6732 = ADVANCED_FACE('',(#6733),#6747,.F.);
#6733 = FACE_BOUND('',#6734,.T.);
#6734 = EDGE_LOOP('',(#6735,#6765,#6793,#6821));
#6735 = ORIENTED_EDGE('',*,*,#6736,.T.);
#6736 = EDGE_CURVE('',#6737,#6739,#6741,.T.);
#6737 = VERTEX_POINT('',#6738);
#6738 = CARTESIAN_POINT('',(22.667424305044,0.,-7.3));
#6739 = VERTEX_POINT('',#6740);
#6740 = CARTESIAN_POINT('',(19.667424305044,0.,-7.3));
#6741 = SURFACE_CURVE('',#6742,(#6746,#6758),.PCURVE_S1.);
#6742 = LINE('',#6743,#6744);
#6743 = CARTESIAN_POINT('',(19.667424305044,0.,-7.3));
#6744 = VECTOR('',#6745,1.);
#6745 = DIRECTION('',(-1.,-0.,-0.));
#6746 = PCURVE('',#6747,#6752);
#6747 = PLANE('',#6748);
#6748 = AXIS2_PLACEMENT_3D('',#6749,#6750,#6751);
#6749 = CARTESIAN_POINT('',(19.667424305044,1.,-7.3));
#6750 = DIRECTION('',(0.,0.,1.));
#6751 = DIRECTION('',(1.,0.,-0.));
#6752 = DEFINITIONAL_REPRESENTATION('',(#6753),#6757);
#6753 = LINE('',#6754,#6755);
#6754 = CARTESIAN_POINT('',(0.,-1.));
#6755 = VECTOR('',#6756,1.);
#6756 = DIRECTION('',(-1.,0.));
#6757 = ( GEOMETRIC_REPRESENTATION_CONTEXT(2) 
PARAMETRIC_REPRESENTATION_CONTEXT() REPRESENTATION_CONTEXT('2D SPACE',''
  ) );
#6758 = PCURVE('',#5949,#6759);
#6759 = DEFINITIONAL_REPRESENTATION('',(#6760),#6764);
#6760 = LINE('',#6761,#6762);
#6761 = CARTESIAN_POINT('',(1.,50.417424305044));
#6762 = VECTOR('',#6763,1.);
#6763 = DIRECTION('',(0.,-1.));
#6764 = ( GEOMETRIC_REPRESENTATION_CONTEXT(2) 
PARAMETRIC_REPRESENTATION_CONTEXT() REPRESENTATION_CONTEXT('2D SPACE',''
  ) );
#6765 = ORIENTED_EDGE('',*,*,#6766,.F.);
#6766 = EDGE_CURVE('',#6767,#6739,#6769,.T.);
#6767 = VERTEX_POINT('',#6768);
#6768 = CARTESIAN_POINT('',(19.667424305044,1.,-7.3));
#6769 = SURFACE_CURVE('',#6770,(#6774,#6781),.PCURVE_S1.);
#6770 = LINE('',#6771,#6772);
#6771 = CARTESIAN_POINT('',(19.667424305044,1.,-7.3));
#6772 = VECTOR('',#6773,1.);
#6773 = DIRECTION('',(-0.,-1.,-0.));
#6774 = PCURVE('',#6747,#6775);
#6775 = DEFINITIONAL_REPRESENTATION('',(#6776),#6780);
#6776 = LINE('',#6777,#6778);
#6777 = CARTESIAN_POINT('',(0.,0.));
#6778 = VECTOR('',#6779,1.);
#6779 = DIRECTION('',(0.,-1.));
#6780 = ( GEOMETRIC_REPRESENTATION_CONTEXT(2) 
PARAMETRIC_REPRESENTATION_CONTEXT() REPRESENTATION_CONTEXT('2D SPACE',''
  ) );
#6781 = PCURVE('',#6782,#6787);
#6782 = PLANE('',#6783);
#6783 = AXIS2_PLACEMENT_3D('',#6784,#6785,#6786);
#6784 = CARTESIAN_POINT('',(19.667424305044,1.,-7.3));
#6785 = DIRECTION('',(1.,0.,0.));
#6786 = DIRECTION('',(0.,0.,-1.));
#6787 = DEFINITIONAL_REPRESENTATION('',(#6788),#6792);
#6788 = LINE('',#6789,#6790);
#6789 = CARTESIAN_POINT('',(0.,0.));
#6790 = VECTOR('',#6791,1.);
#6791 = DIRECTION('',(0.,-1.));
#6792 = ( GEOMETRIC_REPRESENTATION_CONTEXT(2) 
PARAMETRIC_REPRESENTATION_CONTEXT() REPRESENTATION_CONTEXT('2D SPACE',''
  ) );
#6793 = ORIENTED_EDGE('',*,*,#6794,.F.);
#6794 = EDGE_CURVE('',#6795,#6767,#6797,.T.);
#6795 = VERTEX_POINT('',#6796);
#6796 = CARTESIAN_POINT('',(22.667424305044,1.,-7.3));
#6797 = SURFACE_CURVE('',#6798,(#6802,#6809),.PCURVE_S1.);
#6798 = LINE('',#6799,#6800);
#6799 = CARTESIAN_POINT('',(19.667424305044,1.,-7.3));
#6800 = VECTOR('',#6801,1.);
#6801 = DIRECTION('',(-1.,-0.,-0.));
#6802 = PCURVE('',#6747,#6803);
#6803 = DEFINITIONAL_REPRESENTATION('',(#6804),#6808);
#6804 = LINE('',#6805,#6806);
#6805 = CARTESIAN_POINT('',(0.,0.));
#6806 = VECTOR('',#6807,1.);
#6807 = DIRECTION('',(-1.,0.));
#6808 = ( GEOMETRIC_REPRESENTATION_CONTEXT(2) 
PARAMETRIC_REPRESENTATION_CONTEXT() REPRESENTATION_CONTEXT('2D SPACE',''
  ) );
#6809 = PCURVE('',#6810,#6815);
#6810 = PLANE('',#6811);
#6811 = AXIS2_PLACEMENT_3D('',#6812,#6813,#6814);
#6812 = CARTESIAN_POINT('',(0.,1.,0.));
#6813 = DIRECTION('',(0.,-1.,0.));
#6814 = DIRECTION('',(0.,-0.,-1.));
#6815 = DEFINITIONAL_REPRESENTATION('',(#6816),#6820);
#6816 = LINE('',#6817,#6818);
#6817 = CARTESIAN_POINT('',(7.3,19.667424305044));
#6818 = VECTOR('',#6819,1.);
#6819 = DIRECTION('',(0.,-1.));
#6820 = ( GEOMETRIC_REPRESENTATION_CONTEXT(2) 
PARAMETRIC_REPRESENTATION_CONTEXT() REPRESENTATION_CONTEXT('2D SPACE',''
  ) );
#6821 = ORIENTED_EDGE('',*,*,#6822,.T.);
#6822 = EDGE_CURVE('',#6795,#6737,#6823,.T.);
#6823 = SURFACE_CURVE('',#6824,(#6828,#6835),.PCURVE_S1.);
#6824 = LINE('',#6825,#6826);
#6825 = CARTESIAN_POINT('',(22.667424305044,1.,-7.3));
#6826 = VECTOR('',#6827,1.);
#6827 = DIRECTION('',(-0.,-1.,-0.));
#6828 = PCURVE('',#6747,#6829);
#6829 = DEFINITIONAL_REPRESENTATION('',(#6830),#6834);
#6830 = LINE('',#6831,#6832);
#6831 = CARTESIAN_POINT('',(3.,0.));
#6832 = VECTOR('',#6833,1.);
#6833 = DIRECTION('',(0.,-1.));
#6834 = ( GEOMETRIC_REPRESENTATION_CONTEXT(2) 
PARAMETRIC_REPRESENTATION_CONTEXT() REPRESENTATION_CONTEXT('2D SPACE',''
  ) );
#6835 = PCURVE('',#6836,#6841);
#6836 = PLANE('',#6837);
#6837 = AXIS2_PLACEMENT_3D('',#6838,#6839,#6840);
#6838 = CARTESIAN_POINT('',(22.667424305044,1.,-7.3));
#6839 = DIRECTION('',(-1.,0.,0.));
#6840 = DIRECTION('',(0.,0.,1.));
#6841 = DEFINITIONAL_REPRESENTATION('',(#6842),#6846);
#6842 = LINE('',#6843,#6844);
#6843 = CARTESIAN_POINT('',(0.,0.));
#6844 = VECTOR('',#6845,1.);
#6845 = DIRECTION('',(0.,-1.));
#6846 = ( GEOMETRIC_REPRESENTATION_CONTEXT(2) 
PARAMETRIC_REPRESENTATION_CONTEXT() REPRESENTATION_CONTEXT('2D SPACE',''
  ) );
#6847 = ADVANCED_FACE('',(#6848),#6667,.F.);
#6848 = FACE_BOUND('',#6849,.T.);
#6849 = EDGE_LOOP('',(#6850,#6873,#6901,#6922));
#6850 = ORIENTED_EDGE('',*,*,#6851,.T.);
#6851 = EDGE_CURVE('',#6624,#6852,#6854,.T.);
#6852 = VERTEX_POINT('',#6853);
#6853 = CARTESIAN_POINT('',(-22.33257569495,0.,-6.3));
#6854 = SURFACE_CURVE('',#6855,(#6859,#6866),.PCURVE_S1.);
#6855 = LINE('',#6856,#6857);
#6856 = CARTESIAN_POINT('',(-22.33257569495,0.,-7.3));
#6857 = VECTOR('',#6858,1.);
#6858 = DIRECTION('',(0.,0.,1.));
#6859 = PCURVE('',#6667,#6860);
#6860 = DEFINITIONAL_REPRESENTATION('',(#6861),#6865);
#6861 = LINE('',#6862,#6863);
#6862 = CARTESIAN_POINT('',(0.,-1.));
#6863 = VECTOR('',#6864,1.);
#6864 = DIRECTION('',(-1.,0.));
#6865 = ( GEOMETRIC_REPRESENTATION_CONTEXT(2) 
PARAMETRIC_REPRESENTATION_CONTEXT() REPRESENTATION_CONTEXT('2D SPACE',''
  ) );
#6866 = PCURVE('',#5949,#6867);
#6867 = DEFINITIONAL_REPRESENTATION('',(#6868),#6872);
#6868 = LINE('',#6869,#6870);
#6869 = CARTESIAN_POINT('',(1.,8.417424305044));
#6870 = VECTOR('',#6871,1.);
#6871 = DIRECTION('',(-1.,0.));
#6872 = ( GEOMETRIC_REPRESENTATION_CONTEXT(2) 
PARAMETRIC_REPRESENTATION_CONTEXT() REPRESENTATION_CONTEXT('2D SPACE',''
  ) );
#6873 = ORIENTED_EDGE('',*,*,#6874,.F.);
#6874 = EDGE_CURVE('',#6875,#6852,#6877,.T.);
#6875 = VERTEX_POINT('',#6876);
#6876 = CARTESIAN_POINT('',(-22.33257569495,1.,-6.3));
#6877 = SURFACE_CURVE('',#6878,(#6882,#6889),.PCURVE_S1.);
#6878 = LINE('',#6879,#6880);
#6879 = CARTESIAN_POINT('',(-22.33257569495,1.,-6.3));
#6880 = VECTOR('',#6881,1.);
#6881 = DIRECTION('',(-0.,-1.,-0.));
#6882 = PCURVE('',#6667,#6883);
#6883 = DEFINITIONAL_REPRESENTATION('',(#6884),#6888);
#6884 = LINE('',#6885,#6886);
#6885 = CARTESIAN_POINT('',(-1.,0.));
#6886 = VECTOR('',#6887,1.);
#6887 = DIRECTION('',(0.,-1.));
#6888 = ( GEOMETRIC_REPRESENTATION_CONTEXT(2) 
PARAMETRIC_REPRESENTATION_CONTEXT() REPRESENTATION_CONTEXT('2D SPACE',''
  ) );
#6889 = PCURVE('',#6890,#6895);
#6890 = PLANE('',#6891);
#6891 = AXIS2_PLACEMENT_3D('',#6892,#6893,#6894);
#6892 = CARTESIAN_POINT('',(-40.,-1.,-6.3));
#6893 = DIRECTION('',(0.,0.,1.));
#6894 = DIRECTION('',(1.,0.,-0.));
#6895 = DEFINITIONAL_REPRESENTATION('',(#6896),#6900);
#6896 = LINE('',#6897,#6898);
#6897 = CARTESIAN_POINT('',(17.667424305044,2.));
#6898 = VECTOR('',#6899,1.);
#6899 = DIRECTION('',(0.,-1.));
#6900 = ( GEOMETRIC_REPRESENTATION_CONTEXT(2) 
PARAMETRIC_REPRESENTATION_CONTEXT() REPRESENTATION_CONTEXT('2D SPACE',''
  ) );
#6901 = ORIENTED_EDGE('',*,*,#6902,.F.);
#6902 = EDGE_CURVE('',#6652,#6875,#6903,.T.);
#6903 = SURFACE_CURVE('',#6904,(#6908,#6915),.PCURVE_S1.);
#6904 = LINE('',#6905,#6906);
#6905 = CARTESIAN_POINT('',(-22.33257569495,1.,-7.3));
#6906 = VECTOR('',#6907,1.);
#6907 = DIRECTION('',(0.,0.,1.));
#6908 = PCURVE('',#6667,#6909);
#6909 = DEFINITIONAL_REPRESENTATION('',(#6910),#6914);
#6910 = LINE('',#6911,#6912);
#6911 = CARTESIAN_POINT('',(0.,0.));
#6912 = VECTOR('',#6913,1.);
#6913 = DIRECTION('',(-1.,0.));
#6914 = ( GEOMETRIC_REPRESENTATION_CONTEXT(2) 
PARAMETRIC_REPRESENTATION_CONTEXT() REPRESENTATION_CONTEXT('2D SPACE',''
  ) );
#6915 = PCURVE('',#6695,#6916);
#6916 = DEFINITIONAL_REPRESENTATION('',(#6917),#6921);
#6917 = LINE('',#6918,#6919);
#6918 = CARTESIAN_POINT('',(-7.3,-22.33257569495));
#6919 = VECTOR('',#6920,1.);
#6920 = DIRECTION('',(1.,0.));
#6921 = ( GEOMETRIC_REPRESENTATION_CONTEXT(2) 
PARAMETRIC_REPRESENTATION_CONTEXT() REPRESENTATION_CONTEXT('2D SPACE',''
  ) );
#6922 = ORIENTED_EDGE('',*,*,#6651,.T.);
#6923 = ADVANCED_FACE('',(#6924),#6695,.T.);
#6924 = FACE_BOUND('',#6925,.T.);
#6925 = EDGE_LOOP('',(#6926,#6927,#6950,#6971));
#6926 = ORIENTED_EDGE('',*,*,#6902,.T.);
#6927 = ORIENTED_EDGE('',*,*,#6928,.T.);
#6928 = EDGE_CURVE('',#6875,#6929,#6931,.T.);
#6929 = VERTEX_POINT('',#6930);
#6930 = CARTESIAN_POINT('',(-19.33257569495,1.,-6.3));
#6931 = SURFACE_CURVE('',#6932,(#6936,#6943),.PCURVE_S1.);
#6932 = LINE('',#6933,#6934);
#6933 = CARTESIAN_POINT('',(-22.33257569495,1.,-6.3));
#6934 = VECTOR('',#6935,1.);
#6935 = DIRECTION('',(1.,0.,0.));
#6936 = PCURVE('',#6695,#6937);
#6937 = DEFINITIONAL_REPRESENTATION('',(#6938),#6942);
#6938 = LINE('',#6939,#6940);
#6939 = CARTESIAN_POINT('',(-6.3,-22.33257569495));
#6940 = VECTOR('',#6941,1.);
#6941 = DIRECTION('',(0.,1.));
#6942 = ( GEOMETRIC_REPRESENTATION_CONTEXT(2) 
PARAMETRIC_REPRESENTATION_CONTEXT() REPRESENTATION_CONTEXT('2D SPACE',''
  ) );
#6943 = PCURVE('',#6890,#6944);
#6944 = DEFINITIONAL_REPRESENTATION('',(#6945),#6949);
#6945 = LINE('',#6946,#6947);
#6946 = CARTESIAN_POINT('',(17.667424305044,2.));
#6947 = VECTOR('',#6948,1.);
#6948 = DIRECTION('',(1.,0.));
#6949 = ( GEOMETRIC_REPRESENTATION_CONTEXT(2) 
PARAMETRIC_REPRESENTATION_CONTEXT() REPRESENTATION_CONTEXT('2D SPACE',''
  ) );
#6950 = ORIENTED_EDGE('',*,*,#6951,.T.);
#6951 = EDGE_CURVE('',#6929,#6680,#6952,.T.);
#6952 = SURFACE_CURVE('',#6953,(#6957,#6964),.PCURVE_S1.);
#6953 = LINE('',#6954,#6955);
#6954 = CARTESIAN_POINT('',(-19.33257569495,1.,-7.3));
#6955 = VECTOR('',#6956,1.);
#6956 = DIRECTION('',(-0.,-0.,-1.));
#6957 = PCURVE('',#6695,#6958);
#6958 = DEFINITIONAL_REPRESENTATION('',(#6959),#6963);
#6959 = LINE('',#6960,#6961);
#6960 = CARTESIAN_POINT('',(-7.3,-19.33257569495));
#6961 = VECTOR('',#6962,1.);
#6962 = DIRECTION('',(-1.,0.));
#6963 = ( GEOMETRIC_REPRESENTATION_CONTEXT(2) 
PARAMETRIC_REPRESENTATION_CONTEXT() REPRESENTATION_CONTEXT('2D SPACE',''
  ) );
#6964 = PCURVE('',#6721,#6965);
#6965 = DEFINITIONAL_REPRESENTATION('',(#6966),#6970);
#6966 = LINE('',#6967,#6968);
#6967 = CARTESIAN_POINT('',(0.,0.));
#6968 = VECTOR('',#6969,1.);
#6969 = DIRECTION('',(-1.,0.));
#6970 = ( GEOMETRIC_REPRESENTATION_CONTEXT(2) 
PARAMETRIC_REPRESENTATION_CONTEXT() REPRESENTATION_CONTEXT('2D SPACE',''
  ) );
#6971 = ORIENTED_EDGE('',*,*,#6679,.T.);
#6972 = ADVANCED_FACE('',(#6973),#6721,.F.);
#6973 = FACE_BOUND('',#6974,.T.);
#6974 = EDGE_LOOP('',(#6975,#6998,#6999,#7000));
#6975 = ORIENTED_EDGE('',*,*,#6976,.T.);
#6976 = EDGE_CURVE('',#6977,#6622,#6979,.T.);
#6977 = VERTEX_POINT('',#6978);
#6978 = CARTESIAN_POINT('',(-19.33257569495,0.,-6.3));
#6979 = SURFACE_CURVE('',#6980,(#6984,#6991),.PCURVE_S1.);
#6980 = LINE('',#6981,#6982);
#6981 = CARTESIAN_POINT('',(-19.33257569495,0.,-7.3));
#6982 = VECTOR('',#6983,1.);
#6983 = DIRECTION('',(-0.,-0.,-1.));
#6984 = PCURVE('',#6721,#6985);
#6985 = DEFINITIONAL_REPRESENTATION('',(#6986),#6990);
#6986 = LINE('',#6987,#6988);
#6987 = CARTESIAN_POINT('',(0.,-1.));
#6988 = VECTOR('',#6989,1.);
#6989 = DIRECTION('',(-1.,0.));
#6990 = ( GEOMETRIC_REPRESENTATION_CONTEXT(2) 
PARAMETRIC_REPRESENTATION_CONTEXT() REPRESENTATION_CONTEXT('2D SPACE',''
  ) );
#6991 = PCURVE('',#5949,#6992);
#6992 = DEFINITIONAL_REPRESENTATION('',(#6993),#6997);
#6993 = LINE('',#6994,#6995);
#6994 = CARTESIAN_POINT('',(1.,11.417424305044));
#6995 = VECTOR('',#6996,1.);
#6996 = DIRECTION('',(1.,0.));
#6997 = ( GEOMETRIC_REPRESENTATION_CONTEXT(2) 
PARAMETRIC_REPRESENTATION_CONTEXT() REPRESENTATION_CONTEXT('2D SPACE',''
  ) );
#6998 = ORIENTED_EDGE('',*,*,#6707,.F.);
#6999 = ORIENTED_EDGE('',*,*,#6951,.F.);
#7000 = ORIENTED_EDGE('',*,*,#7001,.T.);
#7001 = EDGE_CURVE('',#6929,#6977,#7002,.T.);
#7002 = SURFACE_CURVE('',#7003,(#7007,#7014),.PCURVE_S1.);
#7003 = LINE('',#7004,#7005);
#7004 = CARTESIAN_POINT('',(-19.33257569495,1.,-6.3));
#7005 = VECTOR('',#7006,1.);
#7006 = DIRECTION('',(-0.,-1.,-0.));
#7007 = PCURVE('',#6721,#7008);
#7008 = DEFINITIONAL_REPRESENTATION('',(#7009),#7013);
#7009 = LINE('',#7010,#7011);
#7010 = CARTESIAN_POINT('',(1.,0.));
#7011 = VECTOR('',#7012,1.);
#7012 = DIRECTION('',(0.,-1.));
#7013 = ( GEOMETRIC_REPRESENTATION_CONTEXT(2) 
PARAMETRIC_REPRESENTATION_CONTEXT() REPRESENTATION_CONTEXT('2D SPACE',''
  ) );
#7014 = PCURVE('',#6890,#7015);
#7015 = DEFINITIONAL_REPRESENTATION('',(#7016),#7020);
#7016 = LINE('',#7017,#7018);
#7017 = CARTESIAN_POINT('',(20.667424305044,2.));
#7018 = VECTOR('',#7019,1.);
#7019 = DIRECTION('',(0.,-1.));
#7020 = ( GEOMETRIC_REPRESENTATION_CONTEXT(2) 
PARAMETRIC_REPRESENTATION_CONTEXT() REPRESENTATION_CONTEXT('2D SPACE',''
  ) );
#7021 = ADVANCED_FACE('',(#7022),#6552,.F.);
#7022 = FACE_BOUND('',#7023,.T.);
#7023 = EDGE_LOOP('',(#7024,#7047,#7070,#7091));
#7024 = ORIENTED_EDGE('',*,*,#7025,.T.);
#7025 = EDGE_CURVE('',#6509,#7026,#7028,.T.);
#7026 = VERTEX_POINT('',#7027);
#7027 = CARTESIAN_POINT('',(-16.33257569495,0.,-6.3));
#7028 = SURFACE_CURVE('',#7029,(#7033,#7040),.PCURVE_S1.);
#7029 = LINE('',#7030,#7031);
#7030 = CARTESIAN_POINT('',(-16.33257569495,0.,-7.3));
#7031 = VECTOR('',#7032,1.);
#7032 = DIRECTION('',(0.,0.,1.));
#7033 = PCURVE('',#6552,#7034);
#7034 = DEFINITIONAL_REPRESENTATION('',(#7035),#7039);
#7035 = LINE('',#7036,#7037);
#7036 = CARTESIAN_POINT('',(0.,-1.));
#7037 = VECTOR('',#7038,1.);
#7038 = DIRECTION('',(-1.,0.));
#7039 = ( GEOMETRIC_REPRESENTATION_CONTEXT(2) 
PARAMETRIC_REPRESENTATION_CONTEXT() REPRESENTATION_CONTEXT('2D SPACE',''
  ) );
#7040 = PCURVE('',#5949,#7041);
#7041 = DEFINITIONAL_REPRESENTATION('',(#7042),#7046);
#7042 = LINE('',#7043,#7044);
#7043 = CARTESIAN_POINT('',(1.,14.417424305044));
#7044 = VECTOR('',#7045,1.);
#7045 = DIRECTION('',(-1.,0.));
#7046 = ( GEOMETRIC_REPRESENTATION_CONTEXT(2) 
PARAMETRIC_REPRESENTATION_CONTEXT() REPRESENTATION_CONTEXT('2D SPACE',''
  ) );
#7047 = ORIENTED_EDGE('',*,*,#7048,.F.);
#7048 = EDGE_CURVE('',#7049,#7026,#7051,.T.);
#7049 = VERTEX_POINT('',#7050);
#7050 = CARTESIAN_POINT('',(-16.33257569495,1.,-6.3));
#7051 = SURFACE_CURVE('',#7052,(#7056,#7063),.PCURVE_S1.);
#7052 = LINE('',#7053,#7054);
#7053 = CARTESIAN_POINT('',(-16.33257569495,1.,-6.3));
#7054 = VECTOR('',#7055,1.);
#7055 = DIRECTION('',(-0.,-1.,-0.));
#7056 = PCURVE('',#6552,#7057);
#7057 = DEFINITIONAL_REPRESENTATION('',(#7058),#7062);
#7058 = LINE('',#7059,#7060);
#7059 = CARTESIAN_POINT('',(-1.,0.));
#7060 = VECTOR('',#7061,1.);
#7061 = DIRECTION('',(0.,-1.));
#7062 = ( GEOMETRIC_REPRESENTATION_CONTEXT(2) 
PARAMETRIC_REPRESENTATION_CONTEXT() REPRESENTATION_CONTEXT('2D SPACE',''
  ) );
#7063 = PCURVE('',#6890,#7064);
#7064 = DEFINITIONAL_REPRESENTATION('',(#7065),#7069);
#7065 = LINE('',#7066,#7067);
#7066 = CARTESIAN_POINT('',(23.667424305044,2.));
#7067 = VECTOR('',#7068,1.);
#7068 = DIRECTION('',(0.,-1.));
#7069 = ( GEOMETRIC_REPRESENTATION_CONTEXT(2) 
PARAMETRIC_REPRESENTATION_CONTEXT() REPRESENTATION_CONTEXT('2D SPACE',''
  ) );
#7070 = ORIENTED_EDGE('',*,*,#7071,.F.);
#7071 = EDGE_CURVE('',#6537,#7049,#7072,.T.);
#7072 = SURFACE_CURVE('',#7073,(#7077,#7084),.PCURVE_S1.);
#7073 = LINE('',#7074,#7075);
#7074 = CARTESIAN_POINT('',(-16.33257569495,1.,-7.3));
#7075 = VECTOR('',#7076,1.);
#7076 = DIRECTION('',(0.,0.,1.));
#7077 = PCURVE('',#6552,#7078);
#7078 = DEFINITIONAL_REPRESENTATION('',(#7079),#7083);
#7079 = LINE('',#7080,#7081);
#7080 = CARTESIAN_POINT('',(0.,0.));
#7081 = VECTOR('',#7082,1.);
#7082 = DIRECTION('',(-1.,0.));
#7083 = ( GEOMETRIC_REPRESENTATION_CONTEXT(2) 
PARAMETRIC_REPRESENTATION_CONTEXT() REPRESENTATION_CONTEXT('2D SPACE',''
  ) );
#7084 = PCURVE('',#6580,#7085);
#7085 = DEFINITIONAL_REPRESENTATION('',(#7086),#7090);
#7086 = LINE('',#7087,#7088);
#7087 = CARTESIAN_POINT('',(7.3,-16.33257569495));
#7088 = VECTOR('',#7089,1.);
#7089 = DIRECTION('',(-1.,0.));
#7090 = ( GEOMETRIC_REPRESENTATION_CONTEXT(2) 
PARAMETRIC_REPRESENTATION_CONTEXT() REPRESENTATION_CONTEXT('2D SPACE',''
  ) );
#7091 = ORIENTED_EDGE('',*,*,#6536,.T.);
#7092 = ADVANCED_FACE('',(#7093),#6580,.F.);
#7093 = FACE_BOUND('',#7094,.T.);
#7094 = EDGE_LOOP('',(#7095,#7096,#7097,#7120));
#7095 = ORIENTED_EDGE('',*,*,#6564,.T.);
#7096 = ORIENTED_EDGE('',*,*,#7071,.T.);
#7097 = ORIENTED_EDGE('',*,*,#7098,.T.);
#7098 = EDGE_CURVE('',#7049,#7099,#7101,.T.);
#7099 = VERTEX_POINT('',#7100);
#7100 = CARTESIAN_POINT('',(-13.33257569495,1.,-6.3));
#7101 = SURFACE_CURVE('',#7102,(#7106,#7113),.PCURVE_S1.);
#7102 = LINE('',#7103,#7104);
#7103 = CARTESIAN_POINT('',(-13.33257569495,1.,-6.3));
#7104 = VECTOR('',#7105,1.);
#7105 = DIRECTION('',(1.,-0.,-0.));
#7106 = PCURVE('',#6580,#7107);
#7107 = DEFINITIONAL_REPRESENTATION('',(#7108),#7112);
#7108 = LINE('',#7109,#7110);
#7109 = CARTESIAN_POINT('',(6.3,-13.33257569495));
#7110 = VECTOR('',#7111,1.);
#7111 = DIRECTION('',(0.,1.));
#7112 = ( GEOMETRIC_REPRESENTATION_CONTEXT(2) 
PARAMETRIC_REPRESENTATION_CONTEXT() REPRESENTATION_CONTEXT('2D SPACE',''
  ) );
#7113 = PCURVE('',#6890,#7114);
#7114 = DEFINITIONAL_REPRESENTATION('',(#7115),#7119);
#7115 = LINE('',#7116,#7117);
#7116 = CARTESIAN_POINT('',(26.667424305044,2.));
#7117 = VECTOR('',#7118,1.);
#7118 = DIRECTION('',(1.,-0.));
#7119 = ( GEOMETRIC_REPRESENTATION_CONTEXT(2) 
PARAMETRIC_REPRESENTATION_CONTEXT() REPRESENTATION_CONTEXT('2D SPACE',''
  ) );
#7120 = ORIENTED_EDGE('',*,*,#7121,.T.);
#7121 = EDGE_CURVE('',#7099,#6565,#7122,.T.);
#7122 = SURFACE_CURVE('',#7123,(#7127,#7134),.PCURVE_S1.);
#7123 = LINE('',#7124,#7125);
#7124 = CARTESIAN_POINT('',(-13.33257569495,1.,-7.3));
#7125 = VECTOR('',#7126,1.);
#7126 = DIRECTION('',(-0.,-0.,-1.));
#7127 = PCURVE('',#6580,#7128);
#7128 = DEFINITIONAL_REPRESENTATION('',(#7129),#7133);
#7129 = LINE('',#7130,#7131);
#7130 = CARTESIAN_POINT('',(7.3,-13.33257569495));
#7131 = VECTOR('',#7132,1.);
#7132 = DIRECTION('',(1.,0.));
#7133 = ( GEOMETRIC_REPRESENTATION_CONTEXT(2) 
PARAMETRIC_REPRESENTATION_CONTEXT() REPRESENTATION_CONTEXT('2D SPACE',''
  ) );
#7134 = PCURVE('',#6606,#7135);
#7135 = DEFINITIONAL_REPRESENTATION('',(#7136),#7140);
#7136 = LINE('',#7137,#7138);
#7137 = CARTESIAN_POINT('',(0.,0.));
#7138 = VECTOR('',#7139,1.);
#7139 = DIRECTION('',(-1.,0.));
#7140 = ( GEOMETRIC_REPRESENTATION_CONTEXT(2) 
PARAMETRIC_REPRESENTATION_CONTEXT() REPRESENTATION_CONTEXT('2D SPACE',''
  ) );
#7141 = ADVANCED_FACE('',(#7142),#6606,.F.);
#7142 = FACE_BOUND('',#7143,.T.);
#7143 = EDGE_LOOP('',(#7144,#7167,#7168,#7169));
#7144 = ORIENTED_EDGE('',*,*,#7145,.T.);
#7145 = EDGE_CURVE('',#7146,#6507,#7148,.T.);
#7146 = VERTEX_POINT('',#7147);
#7147 = CARTESIAN_POINT('',(-13.33257569495,0.,-6.3));
#7148 = SURFACE_CURVE('',#7149,(#7153,#7160),.PCURVE_S1.);
#7149 = LINE('',#7150,#7151);
#7150 = CARTESIAN_POINT('',(-13.33257569495,0.,-7.3));
#7151 = VECTOR('',#7152,1.);
#7152 = DIRECTION('',(-0.,-0.,-1.));
#7153 = PCURVE('',#6606,#7154);
#7154 = DEFINITIONAL_REPRESENTATION('',(#7155),#7159);
#7155 = LINE('',#7156,#7157);
#7156 = CARTESIAN_POINT('',(0.,-1.));
#7157 = VECTOR('',#7158,1.);
#7158 = DIRECTION('',(-1.,0.));
#7159 = ( GEOMETRIC_REPRESENTATION_CONTEXT(2) 
PARAMETRIC_REPRESENTATION_CONTEXT() REPRESENTATION_CONTEXT('2D SPACE',''
  ) );
#7160 = PCURVE('',#5949,#7161);
#7161 = DEFINITIONAL_REPRESENTATION('',(#7162),#7166);
#7162 = LINE('',#7163,#7164);
#7163 = CARTESIAN_POINT('',(1.,17.417424305044));
#7164 = VECTOR('',#7165,1.);
#7165 = DIRECTION('',(1.,0.));
#7166 = ( GEOMETRIC_REPRESENTATION_CONTEXT(2) 
PARAMETRIC_REPRESENTATION_CONTEXT() REPRESENTATION_CONTEXT('2D SPACE',''
  ) );
#7167 = ORIENTED_EDGE('',*,*,#6592,.F.);
#7168 = ORIENTED_EDGE('',*,*,#7121,.F.);
#7169 = ORIENTED_EDGE('',*,*,#7170,.T.);
#7170 = EDGE_CURVE('',#7099,#7146,#7171,.T.);
#7171 = SURFACE_CURVE('',#7172,(#7176,#7183),.PCURVE_S1.);
#7172 = LINE('',#7173,#7174);
#7173 = CARTESIAN_POINT('',(-13.33257569495,1.,-6.3));
#7174 = VECTOR('',#7175,1.);
#7175 = DIRECTION('',(-0.,-1.,-0.));
#7176 = PCURVE('',#6606,#7177);
#7177 = DEFINITIONAL_REPRESENTATION('',(#7178),#7182);
#7178 = LINE('',#7179,#7180);
#7179 = CARTESIAN_POINT('',(1.,0.));
#7180 = VECTOR('',#7181,1.);
#7181 = DIRECTION('',(0.,-1.));
#7182 = ( GEOMETRIC_REPRESENTATION_CONTEXT(2) 
PARAMETRIC_REPRESENTATION_CONTEXT() REPRESENTATION_CONTEXT('2D SPACE',''
  ) );
#7183 = PCURVE('',#6890,#7184);
#7184 = DEFINITIONAL_REPRESENTATION('',(#7185),#7189);
#7185 = LINE('',#7186,#7187);
#7186 = CARTESIAN_POINT('',(26.667424305044,2.));
#7187 = VECTOR('',#7188,1.);
#7188 = DIRECTION('',(0.,-1.));
#7189 = ( GEOMETRIC_REPRESENTATION_CONTEXT(2) 
PARAMETRIC_REPRESENTATION_CONTEXT() REPRESENTATION_CONTEXT('2D SPACE',''
  ) );
#7190 = ADVANCED_FACE('',(#7191),#6437,.F.);
#7191 = FACE_BOUND('',#7192,.T.);
#7192 = EDGE_LOOP('',(#7193,#7216,#7239,#7260));
#7193 = ORIENTED_EDGE('',*,*,#7194,.T.);
#7194 = EDGE_CURVE('',#6394,#7195,#7197,.T.);
#7195 = VERTEX_POINT('',#7196);
#7196 = CARTESIAN_POINT('',(-10.33257569495,0.,-6.3));
#7197 = SURFACE_CURVE('',#7198,(#7202,#7209),.PCURVE_S1.);
#7198 = LINE('',#7199,#7200);
#7199 = CARTESIAN_POINT('',(-10.33257569495,0.,-7.3));
#7200 = VECTOR('',#7201,1.);
#7201 = DIRECTION('',(0.,0.,1.));
#7202 = PCURVE('',#6437,#7203);
#7203 = DEFINITIONAL_REPRESENTATION('',(#7204),#7208);
#7204 = LINE('',#7205,#7206);
#7205 = CARTESIAN_POINT('',(0.,-1.));
#7206 = VECTOR('',#7207,1.);
#7207 = DIRECTION('',(-1.,0.));
#7208 = ( GEOMETRIC_REPRESENTATION_CONTEXT(2) 
PARAMETRIC_REPRESENTATION_CONTEXT() REPRESENTATION_CONTEXT('2D SPACE',''
  ) );
#7209 = PCURVE('',#5949,#7210);
#7210 = DEFINITIONAL_REPRESENTATION('',(#7211),#7215);
#7211 = LINE('',#7212,#7213);
#7212 = CARTESIAN_POINT('',(1.,20.417424305044));
#7213 = VECTOR('',#7214,1.);
#7214 = DIRECTION('',(-1.,0.));
#7215 = ( GEOMETRIC_REPRESENTATION_CONTEXT(2) 
PARAMETRIC_REPRESENTATION_CONTEXT() REPRESENTATION_CONTEXT('2D SPACE',''
  ) );
#7216 = ORIENTED_EDGE('',*,*,#7217,.F.);
#7217 = EDGE_CURVE('',#7218,#7195,#7220,.T.);
#7218 = VERTEX_POINT('',#7219);
#7219 = CARTESIAN_POINT('',(-10.33257569495,1.,-6.3));
#7220 = SURFACE_CURVE('',#7221,(#7225,#7232),.PCURVE_S1.);
#7221 = LINE('',#7222,#7223);
#7222 = CARTESIAN_POINT('',(-10.33257569495,1.,-6.3));
#7223 = VECTOR('',#7224,1.);
#7224 = DIRECTION('',(-0.,-1.,-0.));
#7225 = PCURVE('',#6437,#7226);
#7226 = DEFINITIONAL_REPRESENTATION('',(#7227),#7231);
#7227 = LINE('',#7228,#7229);
#7228 = CARTESIAN_POINT('',(-1.,0.));
#7229 = VECTOR('',#7230,1.);
#7230 = DIRECTION('',(0.,-1.));
#7231 = ( GEOMETRIC_REPRESENTATION_CONTEXT(2) 
PARAMETRIC_REPRESENTATION_CONTEXT() REPRESENTATION_CONTEXT('2D SPACE',''
  ) );
#7232 = PCURVE('',#6890,#7233);
#7233 = DEFINITIONAL_REPRESENTATION('',(#7234),#7238);
#7234 = LINE('',#7235,#7236);
#7235 = CARTESIAN_POINT('',(29.667424305044,2.));
#7236 = VECTOR('',#7237,1.);
#7237 = DIRECTION('',(0.,-1.));
#7238 = ( GEOMETRIC_REPRESENTATION_CONTEXT(2) 
PARAMETRIC_REPRESENTATION_CONTEXT() REPRESENTATION_CONTEXT('2D SPACE',''
  ) );
#7239 = ORIENTED_EDGE('',*,*,#7240,.F.);
#7240 = EDGE_CURVE('',#6422,#7218,#7241,.T.);
#7241 = SURFACE_CURVE('',#7242,(#7246,#7253),.PCURVE_S1.);
#7242 = LINE('',#7243,#7244);
#7243 = CARTESIAN_POINT('',(-10.33257569495,1.,-7.3));
#7244 = VECTOR('',#7245,1.);
#7245 = DIRECTION('',(0.,0.,1.));
#7246 = PCURVE('',#6437,#7247);
#7247 = DEFINITIONAL_REPRESENTATION('',(#7248),#7252);
#7248 = LINE('',#7249,#7250);
#7249 = CARTESIAN_POINT('',(0.,0.));
#7250 = VECTOR('',#7251,1.);
#7251 = DIRECTION('',(-1.,0.));
#7252 = ( GEOMETRIC_REPRESENTATION_CONTEXT(2) 
PARAMETRIC_REPRESENTATION_CONTEXT() REPRESENTATION_CONTEXT('2D SPACE',''
  ) );
#7253 = PCURVE('',#6465,#7254);
#7254 = DEFINITIONAL_REPRESENTATION('',(#7255),#7259);
#7255 = LINE('',#7256,#7257);
#7256 = CARTESIAN_POINT('',(7.3,-10.33257569495));
#7257 = VECTOR('',#7258,1.);
#7258 = DIRECTION('',(-1.,0.));
#7259 = ( GEOMETRIC_REPRESENTATION_CONTEXT(2) 
PARAMETRIC_REPRESENTATION_CONTEXT() REPRESENTATION_CONTEXT('2D SPACE',''
  ) );
#7260 = ORIENTED_EDGE('',*,*,#6421,.T.);
#7261 = ADVANCED_FACE('',(#7262),#6465,.F.);
#7262 = FACE_BOUND('',#7263,.T.);
#7263 = EDGE_LOOP('',(#7264,#7265,#7288,#7309));
#7264 = ORIENTED_EDGE('',*,*,#7240,.T.);
#7265 = ORIENTED_EDGE('',*,*,#7266,.T.);
#7266 = EDGE_CURVE('',#7218,#7267,#7269,.T.);
#7267 = VERTEX_POINT('',#7268);
#7268 = CARTESIAN_POINT('',(-7.332575694956,1.,-6.3));
#7269 = SURFACE_CURVE('',#7270,(#7274,#7281),.PCURVE_S1.);
#7270 = LINE('',#7271,#7272);
#7271 = CARTESIAN_POINT('',(-7.332575694956,1.,-6.3));
#7272 = VECTOR('',#7273,1.);
#7273 = DIRECTION('',(1.,-0.,-0.));
#7274 = PCURVE('',#6465,#7275);
#7275 = DEFINITIONAL_REPRESENTATION('',(#7276),#7280);
#7276 = LINE('',#7277,#7278);
#7277 = CARTESIAN_POINT('',(6.3,-7.332575694956));
#7278 = VECTOR('',#7279,1.);
#7279 = DIRECTION('',(0.,1.));
#7280 = ( GEOMETRIC_REPRESENTATION_CONTEXT(2) 
PARAMETRIC_REPRESENTATION_CONTEXT() REPRESENTATION_CONTEXT('2D SPACE',''
  ) );
#7281 = PCURVE('',#6890,#7282);
#7282 = DEFINITIONAL_REPRESENTATION('',(#7283),#7287);
#7283 = LINE('',#7284,#7285);
#7284 = CARTESIAN_POINT('',(32.667424305044,2.));
#7285 = VECTOR('',#7286,1.);
#7286 = DIRECTION('',(1.,-0.));
#7287 = ( GEOMETRIC_REPRESENTATION_CONTEXT(2) 
PARAMETRIC_REPRESENTATION_CONTEXT() REPRESENTATION_CONTEXT('2D SPACE',''
  ) );
#7288 = ORIENTED_EDGE('',*,*,#7289,.T.);
#7289 = EDGE_CURVE('',#7267,#6450,#7290,.T.);
#7290 = SURFACE_CURVE('',#7291,(#7295,#7302),.PCURVE_S1.);
#7291 = LINE('',#7292,#7293);
#7292 = CARTESIAN_POINT('',(-7.332575694956,1.,-7.3));
#7293 = VECTOR('',#7294,1.);
#7294 = DIRECTION('',(-0.,-0.,-1.));
#7295 = PCURVE('',#6465,#7296);
#7296 = DEFINITIONAL_REPRESENTATION('',(#7297),#7301);
#7297 = LINE('',#7298,#7299);
#7298 = CARTESIAN_POINT('',(7.3,-7.332575694956));
#7299 = VECTOR('',#7300,1.);
#7300 = DIRECTION('',(1.,0.));
#7301 = ( GEOMETRIC_REPRESENTATION_CONTEXT(2) 
PARAMETRIC_REPRESENTATION_CONTEXT() REPRESENTATION_CONTEXT('2D SPACE',''
  ) );
#7302 = PCURVE('',#6491,#7303);
#7303 = DEFINITIONAL_REPRESENTATION('',(#7304),#7308);
#7304 = LINE('',#7305,#7306);
#7305 = CARTESIAN_POINT('',(0.,0.));
#7306 = VECTOR('',#7307,1.);
#7307 = DIRECTION('',(-1.,0.));
#7308 = ( GEOMETRIC_REPRESENTATION_CONTEXT(2) 
PARAMETRIC_REPRESENTATION_CONTEXT() REPRESENTATION_CONTEXT('2D SPACE',''
  ) );
#7309 = ORIENTED_EDGE('',*,*,#6449,.T.);
#7310 = ADVANCED_FACE('',(#7311),#6491,.F.);
#7311 = FACE_BOUND('',#7312,.T.);
#7312 = EDGE_LOOP('',(#7313,#7336,#7337,#7338));
#7313 = ORIENTED_EDGE('',*,*,#7314,.T.);
#7314 = EDGE_CURVE('',#7315,#6392,#7317,.T.);
#7315 = VERTEX_POINT('',#7316);
#7316 = CARTESIAN_POINT('',(-7.332575694956,0.,-6.3));
#7317 = SURFACE_CURVE('',#7318,(#7322,#7329),.PCURVE_S1.);
#7318 = LINE('',#7319,#7320);
#7319 = CARTESIAN_POINT('',(-7.332575694956,0.,-7.3));
#7320 = VECTOR('',#7321,1.);
#7321 = DIRECTION('',(-0.,-0.,-1.));
#7322 = PCURVE('',#6491,#7323);
#7323 = DEFINITIONAL_REPRESENTATION('',(#7324),#7328);
#7324 = LINE('',#7325,#7326);
#7325 = CARTESIAN_POINT('',(0.,-1.));
#7326 = VECTOR('',#7327,1.);
#7327 = DIRECTION('',(-1.,0.));
#7328 = ( GEOMETRIC_REPRESENTATION_CONTEXT(2) 
PARAMETRIC_REPRESENTATION_CONTEXT() REPRESENTATION_CONTEXT('2D SPACE',''
  ) );
#7329 = PCURVE('',#5949,#7330);
#7330 = DEFINITIONAL_REPRESENTATION('',(#7331),#7335);
#7331 = LINE('',#7332,#7333);
#7332 = CARTESIAN_POINT('',(1.,23.417424305044));
#7333 = VECTOR('',#7334,1.);
#7334 = DIRECTION('',(1.,0.));
#7335 = ( GEOMETRIC_REPRESENTATION_CONTEXT(2) 
PARAMETRIC_REPRESENTATION_CONTEXT() REPRESENTATION_CONTEXT('2D SPACE',''
  ) );
#7336 = ORIENTED_EDGE('',*,*,#6477,.F.);
#7337 = ORIENTED_EDGE('',*,*,#7289,.F.);
#7338 = ORIENTED_EDGE('',*,*,#7339,.T.);
#7339 = EDGE_CURVE('',#7267,#7315,#7340,.T.);
#7340 = SURFACE_CURVE('',#7341,(#7345,#7352),.PCURVE_S1.);
#7341 = LINE('',#7342,#7343);
#7342 = CARTESIAN_POINT('',(-7.332575694956,1.,-6.3));
#7343 = VECTOR('',#7344,1.);
#7344 = DIRECTION('',(-0.,-1.,-0.));
#7345 = PCURVE('',#6491,#7346);
#7346 = DEFINITIONAL_REPRESENTATION('',(#7347),#7351);
#7347 = LINE('',#7348,#7349);
#7348 = CARTESIAN_POINT('',(1.,0.));
#7349 = VECTOR('',#7350,1.);
#7350 = DIRECTION('',(0.,-1.));
#7351 = ( GEOMETRIC_REPRESENTATION_CONTEXT(2) 
PARAMETRIC_REPRESENTATION_CONTEXT() REPRESENTATION_CONTEXT('2D SPACE',''
  ) );
#7352 = PCURVE('',#6890,#7353);
#7353 = DEFINITIONAL_REPRESENTATION('',(#7354),#7358);
#7354 = LINE('',#7355,#7356);
#7355 = CARTESIAN_POINT('',(32.667424305044,2.));
#7356 = VECTOR('',#7357,1.);
#7357 = DIRECTION('',(0.,-1.));
#7358 = ( GEOMETRIC_REPRESENTATION_CONTEXT(2) 
PARAMETRIC_REPRESENTATION_CONTEXT() REPRESENTATION_CONTEXT('2D SPACE',''
  ) );
#7359 = ADVANCED_FACE('',(#7360),#6322,.F.);
#7360 = FACE_BOUND('',#7361,.T.);
#7361 = EDGE_LOOP('',(#7362,#7385,#7408,#7429));
#7362 = ORIENTED_EDGE('',*,*,#7363,.T.);
#7363 = EDGE_CURVE('',#6279,#7364,#7366,.T.);
#7364 = VERTEX_POINT('',#7365);
#7365 = CARTESIAN_POINT('',(-4.332575694956,0.,-6.3));
#7366 = SURFACE_CURVE('',#7367,(#7371,#7378),.PCURVE_S1.);
#7367 = LINE('',#7368,#7369);
#7368 = CARTESIAN_POINT('',(-4.332575694956,0.,-7.3));
#7369 = VECTOR('',#7370,1.);
#7370 = DIRECTION('',(0.,0.,1.));
#7371 = PCURVE('',#6322,#7372);
#7372 = DEFINITIONAL_REPRESENTATION('',(#7373),#7377);
#7373 = LINE('',#7374,#7375);
#7374 = CARTESIAN_POINT('',(0.,-1.));
#7375 = VECTOR('',#7376,1.);
#7376 = DIRECTION('',(-1.,0.));
#7377 = ( GEOMETRIC_REPRESENTATION_CONTEXT(2) 
PARAMETRIC_REPRESENTATION_CONTEXT() REPRESENTATION_CONTEXT('2D SPACE',''
  ) );
#7378 = PCURVE('',#5949,#7379);
#7379 = DEFINITIONAL_REPRESENTATION('',(#7380),#7384);
#7380 = LINE('',#7381,#7382);
#7381 = CARTESIAN_POINT('',(1.,26.417424305044));
#7382 = VECTOR('',#7383,1.);
#7383 = DIRECTION('',(-1.,0.));
#7384 = ( GEOMETRIC_REPRESENTATION_CONTEXT(2) 
PARAMETRIC_REPRESENTATION_CONTEXT() REPRESENTATION_CONTEXT('2D SPACE',''
  ) );
#7385 = ORIENTED_EDGE('',*,*,#7386,.F.);
#7386 = EDGE_CURVE('',#7387,#7364,#7389,.T.);
#7387 = VERTEX_POINT('',#7388);
#7388 = CARTESIAN_POINT('',(-4.332575694956,1.,-6.3));
#7389 = SURFACE_CURVE('',#7390,(#7394,#7401),.PCURVE_S1.);
#7390 = LINE('',#7391,#7392);
#7391 = CARTESIAN_POINT('',(-4.332575694956,1.,-6.3));
#7392 = VECTOR('',#7393,1.);
#7393 = DIRECTION('',(-0.,-1.,-0.));
#7394 = PCURVE('',#6322,#7395);
#7395 = DEFINITIONAL_REPRESENTATION('',(#7396),#7400);
#7396 = LINE('',#7397,#7398);
#7397 = CARTESIAN_POINT('',(-1.,0.));
#7398 = VECTOR('',#7399,1.);
#7399 = DIRECTION('',(0.,-1.));
#7400 = ( GEOMETRIC_REPRESENTATION_CONTEXT(2) 
PARAMETRIC_REPRESENTATION_CONTEXT() REPRESENTATION_CONTEXT('2D SPACE',''
  ) );
#7401 = PCURVE('',#6890,#7402);
#7402 = DEFINITIONAL_REPRESENTATION('',(#7403),#7407);
#7403 = LINE('',#7404,#7405);
#7404 = CARTESIAN_POINT('',(35.667424305044,2.));
#7405 = VECTOR('',#7406,1.);
#7406 = DIRECTION('',(0.,-1.));
#7407 = ( GEOMETRIC_REPRESENTATION_CONTEXT(2) 
PARAMETRIC_REPRESENTATION_CONTEXT() REPRESENTATION_CONTEXT('2D SPACE',''
  ) );
#7408 = ORIENTED_EDGE('',*,*,#7409,.F.);
#7409 = EDGE_CURVE('',#6307,#7387,#7410,.T.);
#7410 = SURFACE_CURVE('',#7411,(#7415,#7422),.PCURVE_S1.);
#7411 = LINE('',#7412,#7413);
#7412 = CARTESIAN_POINT('',(-4.332575694956,1.,-7.3));
#7413 = VECTOR('',#7414,1.);
#7414 = DIRECTION('',(0.,0.,1.));
#7415 = PCURVE('',#6322,#7416);
#7416 = DEFINITIONAL_REPRESENTATION('',(#7417),#7421);
#7417 = LINE('',#7418,#7419);
#7418 = CARTESIAN_POINT('',(0.,0.));
#7419 = VECTOR('',#7420,1.);
#7420 = DIRECTION('',(-1.,0.));
#7421 = ( GEOMETRIC_REPRESENTATION_CONTEXT(2) 
PARAMETRIC_REPRESENTATION_CONTEXT() REPRESENTATION_CONTEXT('2D SPACE',''
  ) );
#7422 = PCURVE('',#6350,#7423);
#7423 = DEFINITIONAL_REPRESENTATION('',(#7424),#7428);
#7424 = LINE('',#7425,#7426);
#7425 = CARTESIAN_POINT('',(7.3,-4.332575694956));
#7426 = VECTOR('',#7427,1.);
#7427 = DIRECTION('',(-1.,0.));
#7428 = ( GEOMETRIC_REPRESENTATION_CONTEXT(2) 
PARAMETRIC_REPRESENTATION_CONTEXT() REPRESENTATION_CONTEXT('2D SPACE',''
  ) );
#7429 = ORIENTED_EDGE('',*,*,#6306,.T.);
#7430 = ADVANCED_FACE('',(#7431),#6350,.F.);
#7431 = FACE_BOUND('',#7432,.T.);
#7432 = EDGE_LOOP('',(#7433,#7434,#7457,#7478));
#7433 = ORIENTED_EDGE('',*,*,#7409,.T.);
#7434 = ORIENTED_EDGE('',*,*,#7435,.T.);
#7435 = EDGE_CURVE('',#7387,#7436,#7438,.T.);
#7436 = VERTEX_POINT('',#7437);
#7437 = CARTESIAN_POINT('',(-1.332575694956,1.,-6.3));
#7438 = SURFACE_CURVE('',#7439,(#7443,#7450),.PCURVE_S1.);
#7439 = LINE('',#7440,#7441);
#7440 = CARTESIAN_POINT('',(-1.332575694956,1.,-6.3));
#7441 = VECTOR('',#7442,1.);
#7442 = DIRECTION('',(1.,-0.,-0.));
#7443 = PCURVE('',#6350,#7444);
#7444 = DEFINITIONAL_REPRESENTATION('',(#7445),#7449);
#7445 = LINE('',#7446,#7447);
#7446 = CARTESIAN_POINT('',(6.3,-1.332575694956));
#7447 = VECTOR('',#7448,1.);
#7448 = DIRECTION('',(0.,1.));
#7449 = ( GEOMETRIC_REPRESENTATION_CONTEXT(2) 
PARAMETRIC_REPRESENTATION_CONTEXT() REPRESENTATION_CONTEXT('2D SPACE',''
  ) );
#7450 = PCURVE('',#6890,#7451);
#7451 = DEFINITIONAL_REPRESENTATION('',(#7452),#7456);
#7452 = LINE('',#7453,#7454);
#7453 = CARTESIAN_POINT('',(38.667424305044,2.));
#7454 = VECTOR('',#7455,1.);
#7455 = DIRECTION('',(1.,-0.));
#7456 = ( GEOMETRIC_REPRESENTATION_CONTEXT(2) 
PARAMETRIC_REPRESENTATION_CONTEXT() REPRESENTATION_CONTEXT('2D SPACE',''
  ) );
#7457 = ORIENTED_EDGE('',*,*,#7458,.T.);
#7458 = EDGE_CURVE('',#7436,#6335,#7459,.T.);
#7459 = SURFACE_CURVE('',#7460,(#7464,#7471),.PCURVE_S1.);
#7460 = LINE('',#7461,#7462);
#7461 = CARTESIAN_POINT('',(-1.332575694956,1.,-7.3));
#7462 = VECTOR('',#7463,1.);
#7463 = DIRECTION('',(-0.,-0.,-1.));
#7464 = PCURVE('',#6350,#7465);
#7465 = DEFINITIONAL_REPRESENTATION('',(#7466),#7470);
#7466 = LINE('',#7467,#7468);
#7467 = CARTESIAN_POINT('',(7.3,-1.332575694956));
#7468 = VECTOR('',#7469,1.);
#7469 = DIRECTION('',(1.,0.));
#7470 = ( GEOMETRIC_REPRESENTATION_CONTEXT(2) 
PARAMETRIC_REPRESENTATION_CONTEXT() REPRESENTATION_CONTEXT('2D SPACE',''
  ) );
#7471 = PCURVE('',#6376,#7472);
#7472 = DEFINITIONAL_REPRESENTATION('',(#7473),#7477);
#7473 = LINE('',#7474,#7475);
#7474 = CARTESIAN_POINT('',(0.,0.));
#7475 = VECTOR('',#7476,1.);
#7476 = DIRECTION('',(-1.,0.));
#7477 = ( GEOMETRIC_REPRESENTATION_CONTEXT(2) 
PARAMETRIC_REPRESENTATION_CONTEXT() REPRESENTATION_CONTEXT('2D SPACE',''
  ) );
#7478 = ORIENTED_EDGE('',*,*,#6334,.T.);
#7479 = ADVANCED_FACE('',(#7480),#6376,.F.);
#7480 = FACE_BOUND('',#7481,.T.);
#7481 = EDGE_LOOP('',(#7482,#7505,#7506,#7507));
#7482 = ORIENTED_EDGE('',*,*,#7483,.T.);
#7483 = EDGE_CURVE('',#7484,#6277,#7486,.T.);
#7484 = VERTEX_POINT('',#7485);
#7485 = CARTESIAN_POINT('',(-1.332575694956,0.,-6.3));
#7486 = SURFACE_CURVE('',#7487,(#7491,#7498),.PCURVE_S1.);
#7487 = LINE('',#7488,#7489);
#7488 = CARTESIAN_POINT('',(-1.332575694956,0.,-7.3));
#7489 = VECTOR('',#7490,1.);
#7490 = DIRECTION('',(-0.,-0.,-1.));
#7491 = PCURVE('',#6376,#7492);
#7492 = DEFINITIONAL_REPRESENTATION('',(#7493),#7497);
#7493 = LINE('',#7494,#7495);
#7494 = CARTESIAN_POINT('',(0.,-1.));
#7495 = VECTOR('',#7496,1.);
#7496 = DIRECTION('',(-1.,0.));
#7497 = ( GEOMETRIC_REPRESENTATION_CONTEXT(2) 
PARAMETRIC_REPRESENTATION_CONTEXT() REPRESENTATION_CONTEXT('2D SPACE',''
  ) );
#7498 = PCURVE('',#5949,#7499);
#7499 = DEFINITIONAL_REPRESENTATION('',(#7500),#7504);
#7500 = LINE('',#7501,#7502);
#7501 = CARTESIAN_POINT('',(1.,29.417424305044));
#7502 = VECTOR('',#7503,1.);
#7503 = DIRECTION('',(1.,0.));
#7504 = ( GEOMETRIC_REPRESENTATION_CONTEXT(2) 
PARAMETRIC_REPRESENTATION_CONTEXT() REPRESENTATION_CONTEXT('2D SPACE',''
  ) );
#7505 = ORIENTED_EDGE('',*,*,#6362,.F.);
#7506 = ORIENTED_EDGE('',*,*,#7458,.F.);
#7507 = ORIENTED_EDGE('',*,*,#7508,.T.);
#7508 = EDGE_CURVE('',#7436,#7484,#7509,.T.);
#7509 = SURFACE_CURVE('',#7510,(#7514,#7521),.PCURVE_S1.);
#7510 = LINE('',#7511,#7512);
#7511 = CARTESIAN_POINT('',(-1.332575694956,1.,-6.3));
#7512 = VECTOR('',#7513,1.);
#7513 = DIRECTION('',(-0.,-1.,-0.));
#7514 = PCURVE('',#6376,#7515);
#7515 = DEFINITIONAL_REPRESENTATION('',(#7516),#7520);
#7516 = LINE('',#7517,#7518);
#7517 = CARTESIAN_POINT('',(1.,0.));
#7518 = VECTOR('',#7519,1.);
#7519 = DIRECTION('',(0.,-1.));
#7520 = ( GEOMETRIC_REPRESENTATION_CONTEXT(2) 
PARAMETRIC_REPRESENTATION_CONTEXT() REPRESENTATION_CONTEXT('2D SPACE',''
  ) );
#7521 = PCURVE('',#6890,#7522);
#7522 = DEFINITIONAL_REPRESENTATION('',(#7523),#7527);
#7523 = LINE('',#7524,#7525);
#7524 = CARTESIAN_POINT('',(38.667424305044,2.));
#7525 = VECTOR('',#7526,1.);
#7526 = DIRECTION('',(0.,-1.));
#7527 = ( GEOMETRIC_REPRESENTATION_CONTEXT(2) 
PARAMETRIC_REPRESENTATION_CONTEXT() REPRESENTATION_CONTEXT('2D SPACE',''
  ) );
#7528 = ADVANCED_FACE('',(#7529),#6207,.F.);
#7529 = FACE_BOUND('',#7530,.T.);
#7530 = EDGE_LOOP('',(#7531,#7554,#7577,#7598));
#7531 = ORIENTED_EDGE('',*,*,#7532,.T.);
#7532 = EDGE_CURVE('',#6164,#7533,#7535,.T.);
#7533 = VERTEX_POINT('',#7534);
#7534 = CARTESIAN_POINT('',(1.667424305044,0.,-6.3));
#7535 = SURFACE_CURVE('',#7536,(#7540,#7547),.PCURVE_S1.);
#7536 = LINE('',#7537,#7538);
#7537 = CARTESIAN_POINT('',(1.667424305044,0.,-7.3));
#7538 = VECTOR('',#7539,1.);
#7539 = DIRECTION('',(0.,0.,1.));
#7540 = PCURVE('',#6207,#7541);
#7541 = DEFINITIONAL_REPRESENTATION('',(#7542),#7546);
#7542 = LINE('',#7543,#7544);
#7543 = CARTESIAN_POINT('',(0.,-1.));
#7544 = VECTOR('',#7545,1.);
#7545 = DIRECTION('',(-1.,0.));
#7546 = ( GEOMETRIC_REPRESENTATION_CONTEXT(2) 
PARAMETRIC_REPRESENTATION_CONTEXT() REPRESENTATION_CONTEXT('2D SPACE',''
  ) );
#7547 = PCURVE('',#5949,#7548);
#7548 = DEFINITIONAL_REPRESENTATION('',(#7549),#7553);
#7549 = LINE('',#7550,#7551);
#7550 = CARTESIAN_POINT('',(1.,32.417424305044));
#7551 = VECTOR('',#7552,1.);
#7552 = DIRECTION('',(-1.,0.));
#7553 = ( GEOMETRIC_REPRESENTATION_CONTEXT(2) 
PARAMETRIC_REPRESENTATION_CONTEXT() REPRESENTATION_CONTEXT('2D SPACE',''
  ) );
#7554 = ORIENTED_EDGE('',*,*,#7555,.F.);
#7555 = EDGE_CURVE('',#7556,#7533,#7558,.T.);
#7556 = VERTEX_POINT('',#7557);
#7557 = CARTESIAN_POINT('',(1.667424305044,1.,-6.3));
#7558 = SURFACE_CURVE('',#7559,(#7563,#7570),.PCURVE_S1.);
#7559 = LINE('',#7560,#7561);
#7560 = CARTESIAN_POINT('',(1.667424305044,1.,-6.3));
#7561 = VECTOR('',#7562,1.);
#7562 = DIRECTION('',(-0.,-1.,-0.));
#7563 = PCURVE('',#6207,#7564);
#7564 = DEFINITIONAL_REPRESENTATION('',(#7565),#7569);
#7565 = LINE('',#7566,#7567);
#7566 = CARTESIAN_POINT('',(-1.,0.));
#7567 = VECTOR('',#7568,1.);
#7568 = DIRECTION('',(0.,-1.));
#7569 = ( GEOMETRIC_REPRESENTATION_CONTEXT(2) 
PARAMETRIC_REPRESENTATION_CONTEXT() REPRESENTATION_CONTEXT('2D SPACE',''
  ) );
#7570 = PCURVE('',#6890,#7571);
#7571 = DEFINITIONAL_REPRESENTATION('',(#7572),#7576);
#7572 = LINE('',#7573,#7574);
#7573 = CARTESIAN_POINT('',(41.667424305044,2.));
#7574 = VECTOR('',#7575,1.);
#7575 = DIRECTION('',(0.,-1.));
#7576 = ( GEOMETRIC_REPRESENTATION_CONTEXT(2) 
PARAMETRIC_REPRESENTATION_CONTEXT() REPRESENTATION_CONTEXT('2D SPACE',''
  ) );
#7577 = ORIENTED_EDGE('',*,*,#7578,.F.);
#7578 = EDGE_CURVE('',#6192,#7556,#7579,.T.);
#7579 = SURFACE_CURVE('',#7580,(#7584,#7591),.PCURVE_S1.);
#7580 = LINE('',#7581,#7582);
#7581 = CARTESIAN_POINT('',(1.667424305044,1.,-7.3));
#7582 = VECTOR('',#7583,1.);
#7583 = DIRECTION('',(0.,0.,1.));
#7584 = PCURVE('',#6207,#7585);
#7585 = DEFINITIONAL_REPRESENTATION('',(#7586),#7590);
#7586 = LINE('',#7587,#7588);
#7587 = CARTESIAN_POINT('',(0.,0.));
#7588 = VECTOR('',#7589,1.);
#7589 = DIRECTION('',(-1.,0.));
#7590 = ( GEOMETRIC_REPRESENTATION_CONTEXT(2) 
PARAMETRIC_REPRESENTATION_CONTEXT() REPRESENTATION_CONTEXT('2D SPACE',''
  ) );
#7591 = PCURVE('',#6235,#7592);
#7592 = DEFINITIONAL_REPRESENTATION('',(#7593),#7597);
#7593 = LINE('',#7594,#7595);
#7594 = CARTESIAN_POINT('',(7.3,1.667424305044));
#7595 = VECTOR('',#7596,1.);
#7596 = DIRECTION('',(-1.,0.));
#7597 = ( GEOMETRIC_REPRESENTATION_CONTEXT(2) 
PARAMETRIC_REPRESENTATION_CONTEXT() REPRESENTATION_CONTEXT('2D SPACE',''
  ) );
#7598 = ORIENTED_EDGE('',*,*,#6191,.T.);
#7599 = ADVANCED_FACE('',(#7600),#6235,.F.);
#7600 = FACE_BOUND('',#7601,.T.);
#7601 = EDGE_LOOP('',(#7602,#7603,#7626,#7647));
#7602 = ORIENTED_EDGE('',*,*,#7578,.T.);
#7603 = ORIENTED_EDGE('',*,*,#7604,.T.);
#7604 = EDGE_CURVE('',#7556,#7605,#7607,.T.);
#7605 = VERTEX_POINT('',#7606);
#7606 = CARTESIAN_POINT('',(4.667424305044,1.,-6.3));
#7607 = SURFACE_CURVE('',#7608,(#7612,#7619),.PCURVE_S1.);
#7608 = LINE('',#7609,#7610);
#7609 = CARTESIAN_POINT('',(4.667424305044,1.,-6.3));
#7610 = VECTOR('',#7611,1.);
#7611 = DIRECTION('',(1.,-0.,-0.));
#7612 = PCURVE('',#6235,#7613);
#7613 = DEFINITIONAL_REPRESENTATION('',(#7614),#7618);
#7614 = LINE('',#7615,#7616);
#7615 = CARTESIAN_POINT('',(6.3,4.667424305044));
#7616 = VECTOR('',#7617,1.);
#7617 = DIRECTION('',(0.,1.));
#7618 = ( GEOMETRIC_REPRESENTATION_CONTEXT(2) 
PARAMETRIC_REPRESENTATION_CONTEXT() REPRESENTATION_CONTEXT('2D SPACE',''
  ) );
#7619 = PCURVE('',#6890,#7620);
#7620 = DEFINITIONAL_REPRESENTATION('',(#7621),#7625);
#7621 = LINE('',#7622,#7623);
#7622 = CARTESIAN_POINT('',(44.667424305044,2.));
#7623 = VECTOR('',#7624,1.);
#7624 = DIRECTION('',(1.,-0.));
#7625 = ( GEOMETRIC_REPRESENTATION_CONTEXT(2) 
PARAMETRIC_REPRESENTATION_CONTEXT() REPRESENTATION_CONTEXT('2D SPACE',''
  ) );
#7626 = ORIENTED_EDGE('',*,*,#7627,.T.);
#7627 = EDGE_CURVE('',#7605,#6220,#7628,.T.);
#7628 = SURFACE_CURVE('',#7629,(#7633,#7640),.PCURVE_S1.);
#7629 = LINE('',#7630,#7631);
#7630 = CARTESIAN_POINT('',(4.667424305044,1.,-7.3));
#7631 = VECTOR('',#7632,1.);
#7632 = DIRECTION('',(-0.,-0.,-1.));
#7633 = PCURVE('',#6235,#7634);
#7634 = DEFINITIONAL_REPRESENTATION('',(#7635),#7639);
#7635 = LINE('',#7636,#7637);
#7636 = CARTESIAN_POINT('',(7.3,4.667424305044));
#7637 = VECTOR('',#7638,1.);
#7638 = DIRECTION('',(1.,0.));
#7639 = ( GEOMETRIC_REPRESENTATION_CONTEXT(2) 
PARAMETRIC_REPRESENTATION_CONTEXT() REPRESENTATION_CONTEXT('2D SPACE',''
  ) );
#7640 = PCURVE('',#6261,#7641);
#7641 = DEFINITIONAL_REPRESENTATION('',(#7642),#7646);
#7642 = LINE('',#7643,#7644);
#7643 = CARTESIAN_POINT('',(0.,0.));
#7644 = VECTOR('',#7645,1.);
#7645 = DIRECTION('',(-1.,0.));
#7646 = ( GEOMETRIC_REPRESENTATION_CONTEXT(2) 
PARAMETRIC_REPRESENTATION_CONTEXT() REPRESENTATION_CONTEXT('2D SPACE',''
  ) );
#7647 = ORIENTED_EDGE('',*,*,#6219,.T.);
#7648 = ADVANCED_FACE('',(#7649),#6261,.F.);
#7649 = FACE_BOUND('',#7650,.T.);
#7650 = EDGE_LOOP('',(#7651,#7674,#7675,#7676));
#7651 = ORIENTED_EDGE('',*,*,#7652,.T.);
#7652 = EDGE_CURVE('',#7653,#6162,#7655,.T.);
#7653 = VERTEX_POINT('',#7654);
#7654 = CARTESIAN_POINT('',(4.667424305044,0.,-6.3));
#7655 = SURFACE_CURVE('',#7656,(#7660,#7667),.PCURVE_S1.);
#7656 = LINE('',#7657,#7658);
#7657 = CARTESIAN_POINT('',(4.667424305044,0.,-7.3));
#7658 = VECTOR('',#7659,1.);
#7659 = DIRECTION('',(-0.,-0.,-1.));
#7660 = PCURVE('',#6261,#7661);
#7661 = DEFINITIONAL_REPRESENTATION('',(#7662),#7666);
#7662 = LINE('',#7663,#7664);
#7663 = CARTESIAN_POINT('',(0.,-1.));
#7664 = VECTOR('',#7665,1.);
#7665 = DIRECTION('',(-1.,0.));
#7666 = ( GEOMETRIC_REPRESENTATION_CONTEXT(2) 
PARAMETRIC_REPRESENTATION_CONTEXT() REPRESENTATION_CONTEXT('2D SPACE',''
  ) );
#7667 = PCURVE('',#5949,#7668);
#7668 = DEFINITIONAL_REPRESENTATION('',(#7669),#7673);
#7669 = LINE('',#7670,#7671);
#7670 = CARTESIAN_POINT('',(1.,35.417424305044));
#7671 = VECTOR('',#7672,1.);
#7672 = DIRECTION('',(1.,0.));
#7673 = ( GEOMETRIC_REPRESENTATION_CONTEXT(2) 
PARAMETRIC_REPRESENTATION_CONTEXT() REPRESENTATION_CONTEXT('2D SPACE',''
  ) );
#7674 = ORIENTED_EDGE('',*,*,#6247,.F.);
#7675 = ORIENTED_EDGE('',*,*,#7627,.F.);
#7676 = ORIENTED_EDGE('',*,*,#7677,.T.);
#7677 = EDGE_CURVE('',#7605,#7653,#7678,.T.);
#7678 = SURFACE_CURVE('',#7679,(#7683,#7690),.PCURVE_S1.);
#7679 = LINE('',#7680,#7681);
#7680 = CARTESIAN_POINT('',(4.667424305044,1.,-6.3));
#7681 = VECTOR('',#7682,1.);
#7682 = DIRECTION('',(-0.,-1.,-0.));
#7683 = PCURVE('',#6261,#7684);
#7684 = DEFINITIONAL_REPRESENTATION('',(#7685),#7689);
#7685 = LINE('',#7686,#7687);
#7686 = CARTESIAN_POINT('',(1.,0.));
#7687 = VECTOR('',#7688,1.);
#7688 = DIRECTION('',(0.,-1.));
#7689 = ( GEOMETRIC_REPRESENTATION_CONTEXT(2) 
PARAMETRIC_REPRESENTATION_CONTEXT() REPRESENTATION_CONTEXT('2D SPACE',''
  ) );
#7690 = PCURVE('',#6890,#7691);
#7691 = DEFINITIONAL_REPRESENTATION('',(#7692),#7696);
#7692 = LINE('',#7693,#7694);
#7693 = CARTESIAN_POINT('',(44.667424305044,2.));
#7694 = VECTOR('',#7695,1.);
#7695 = DIRECTION('',(0.,-1.));
#7696 = ( GEOMETRIC_REPRESENTATION_CONTEXT(2) 
PARAMETRIC_REPRESENTATION_CONTEXT() REPRESENTATION_CONTEXT('2D SPACE',''
  ) );
#7697 = ADVANCED_FACE('',(#7698),#6092,.F.);
#7698 = FACE_BOUND('',#7699,.T.);
#7699 = EDGE_LOOP('',(#7700,#7723,#7746,#7767));
#7700 = ORIENTED_EDGE('',*,*,#7701,.T.);
#7701 = EDGE_CURVE('',#6049,#7702,#7704,.T.);
#7702 = VERTEX_POINT('',#7703);
#7703 = CARTESIAN_POINT('',(7.667424305044,0.,-6.3));
#7704 = SURFACE_CURVE('',#7705,(#7709,#7716),.PCURVE_S1.);
#7705 = LINE('',#7706,#7707);
#7706 = CARTESIAN_POINT('',(7.667424305044,0.,-7.3));
#7707 = VECTOR('',#7708,1.);
#7708 = DIRECTION('',(0.,0.,1.));
#7709 = PCURVE('',#6092,#7710);
#7710 = DEFINITIONAL_REPRESENTATION('',(#7711),#7715);
#7711 = LINE('',#7712,#7713);
#7712 = CARTESIAN_POINT('',(0.,-1.));
#7713 = VECTOR('',#7714,1.);
#7714 = DIRECTION('',(-1.,0.));
#7715 = ( GEOMETRIC_REPRESENTATION_CONTEXT(2) 
PARAMETRIC_REPRESENTATION_CONTEXT() REPRESENTATION_CONTEXT('2D SPACE',''
  ) );
#7716 = PCURVE('',#5949,#7717);
#7717 = DEFINITIONAL_REPRESENTATION('',(#7718),#7722);
#7718 = LINE('',#7719,#7720);
#7719 = CARTESIAN_POINT('',(1.,38.417424305044));
#7720 = VECTOR('',#7721,1.);
#7721 = DIRECTION('',(-1.,0.));
#7722 = ( GEOMETRIC_REPRESENTATION_CONTEXT(2) 
PARAMETRIC_REPRESENTATION_CONTEXT() REPRESENTATION_CONTEXT('2D SPACE',''
  ) );
#7723 = ORIENTED_EDGE('',*,*,#7724,.F.);
#7724 = EDGE_CURVE('',#7725,#7702,#7727,.T.);
#7725 = VERTEX_POINT('',#7726);
#7726 = CARTESIAN_POINT('',(7.667424305044,1.,-6.3));
#7727 = SURFACE_CURVE('',#7728,(#7732,#7739),.PCURVE_S1.);
#7728 = LINE('',#7729,#7730);
#7729 = CARTESIAN_POINT('',(7.667424305044,1.,-6.3));
#7730 = VECTOR('',#7731,1.);
#7731 = DIRECTION('',(-0.,-1.,-0.));
#7732 = PCURVE('',#6092,#7733);
#7733 = DEFINITIONAL_REPRESENTATION('',(#7734),#7738);
#7734 = LINE('',#7735,#7736);
#7735 = CARTESIAN_POINT('',(-1.,0.));
#7736 = VECTOR('',#7737,1.);
#7737 = DIRECTION('',(0.,-1.));
#7738 = ( GEOMETRIC_REPRESENTATION_CONTEXT(2) 
PARAMETRIC_REPRESENTATION_CONTEXT() REPRESENTATION_CONTEXT('2D SPACE',''
  ) );
#7739 = PCURVE('',#6890,#7740);
#7740 = DEFINITIONAL_REPRESENTATION('',(#7741),#7745);
#7741 = LINE('',#7742,#7743);
#7742 = CARTESIAN_POINT('',(47.667424305044,2.));
#7743 = VECTOR('',#7744,1.);
#7744 = DIRECTION('',(0.,-1.));
#7745 = ( GEOMETRIC_REPRESENTATION_CONTEXT(2) 
PARAMETRIC_REPRESENTATION_CONTEXT() REPRESENTATION_CONTEXT('2D SPACE',''
  ) );
#7746 = ORIENTED_EDGE('',*,*,#7747,.F.);
#7747 = EDGE_CURVE('',#6077,#7725,#7748,.T.);
#7748 = SURFACE_CURVE('',#7749,(#7753,#7760),.PCURVE_S1.);
#7749 = LINE('',#7750,#7751);
#7750 = CARTESIAN_POINT('',(7.667424305044,1.,-7.3));
#7751 = VECTOR('',#7752,1.);
#7752 = DIRECTION('',(0.,0.,1.));
#7753 = PCURVE('',#6092,#7754);
#7754 = DEFINITIONAL_REPRESENTATION('',(#7755),#7759);
#7755 = LINE('',#7756,#7757);
#7756 = CARTESIAN_POINT('',(0.,0.));
#7757 = VECTOR('',#7758,1.);
#7758 = DIRECTION('',(-1.,0.));
#7759 = ( GEOMETRIC_REPRESENTATION_CONTEXT(2) 
PARAMETRIC_REPRESENTATION_CONTEXT() REPRESENTATION_CONTEXT('2D SPACE',''
  ) );
#7760 = PCURVE('',#6120,#7761);
#7761 = DEFINITIONAL_REPRESENTATION('',(#7762),#7766);
#7762 = LINE('',#7763,#7764);
#7763 = CARTESIAN_POINT('',(7.3,7.667424305044));
#7764 = VECTOR('',#7765,1.);
#7765 = DIRECTION('',(-1.,0.));
#7766 = ( GEOMETRIC_REPRESENTATION_CONTEXT(2) 
PARAMETRIC_REPRESENTATION_CONTEXT() REPRESENTATION_CONTEXT('2D SPACE',''
  ) );
#7767 = ORIENTED_EDGE('',*,*,#6076,.T.);
#7768 = ADVANCED_FACE('',(#7769),#6120,.F.);
#7769 = FACE_BOUND('',#7770,.T.);
#7770 = EDGE_LOOP('',(#7771,#7772,#7795,#7816));
#7771 = ORIENTED_EDGE('',*,*,#7747,.T.);
#7772 = ORIENTED_EDGE('',*,*,#7773,.T.);
#7773 = EDGE_CURVE('',#7725,#7774,#7776,.T.);
#7774 = VERTEX_POINT('',#7775);
#7775 = CARTESIAN_POINT('',(10.667424305044,1.,-6.3));
#7776 = SURFACE_CURVE('',#7777,(#7781,#7788),.PCURVE_S1.);
#7777 = LINE('',#7778,#7779);
#7778 = CARTESIAN_POINT('',(10.667424305044,1.,-6.3));
#7779 = VECTOR('',#7780,1.);
#7780 = DIRECTION('',(1.,-0.,-0.));
#7781 = PCURVE('',#6120,#7782);
#7782 = DEFINITIONAL_REPRESENTATION('',(#7783),#7787);
#7783 = LINE('',#7784,#7785);
#7784 = CARTESIAN_POINT('',(6.3,10.667424305044));
#7785 = VECTOR('',#7786,1.);
#7786 = DIRECTION('',(0.,1.));
#7787 = ( GEOMETRIC_REPRESENTATION_CONTEXT(2) 
PARAMETRIC_REPRESENTATION_CONTEXT() REPRESENTATION_CONTEXT('2D SPACE',''
  ) );
#7788 = PCURVE('',#6890,#7789);
#7789 = DEFINITIONAL_REPRESENTATION('',(#7790),#7794);
#7790 = LINE('',#7791,#7792);
#7791 = CARTESIAN_POINT('',(50.667424305044,2.));
#7792 = VECTOR('',#7793,1.);
#7793 = DIRECTION('',(1.,-0.));
#7794 = ( GEOMETRIC_REPRESENTATION_CONTEXT(2) 
PARAMETRIC_REPRESENTATION_CONTEXT() REPRESENTATION_CONTEXT('2D SPACE',''
  ) );
#7795 = ORIENTED_EDGE('',*,*,#7796,.T.);
#7796 = EDGE_CURVE('',#7774,#6105,#7797,.T.);
#7797 = SURFACE_CURVE('',#7798,(#7802,#7809),.PCURVE_S1.);
#7798 = LINE('',#7799,#7800);
#7799 = CARTESIAN_POINT('',(10.667424305044,1.,-7.3));
#7800 = VECTOR('',#7801,1.);
#7801 = DIRECTION('',(-0.,-0.,-1.));
#7802 = PCURVE('',#6120,#7803);
#7803 = DEFINITIONAL_REPRESENTATION('',(#7804),#7808);
#7804 = LINE('',#7805,#7806);
#7805 = CARTESIAN_POINT('',(7.3,10.667424305044));
#7806 = VECTOR('',#7807,1.);
#7807 = DIRECTION('',(1.,0.));
#7808 = ( GEOMETRIC_REPRESENTATION_CONTEXT(2) 
PARAMETRIC_REPRESENTATION_CONTEXT() REPRESENTATION_CONTEXT('2D SPACE',''
  ) );
#7809 = PCURVE('',#6146,#7810);
#7810 = DEFINITIONAL_REPRESENTATION('',(#7811),#7815);
#7811 = LINE('',#7812,#7813);
#7812 = CARTESIAN_POINT('',(0.,0.));
#7813 = VECTOR('',#7814,1.);
#7814 = DIRECTION('',(-1.,0.));
#7815 = ( GEOMETRIC_REPRESENTATION_CONTEXT(2) 
PARAMETRIC_REPRESENTATION_CONTEXT() REPRESENTATION_CONTEXT('2D SPACE',''
  ) );
#7816 = ORIENTED_EDGE('',*,*,#6104,.T.);
#7817 = ADVANCED_FACE('',(#7818),#6146,.F.);
#7818 = FACE_BOUND('',#7819,.T.);
#7819 = EDGE_LOOP('',(#7820,#7843,#7844,#7845));
#7820 = ORIENTED_EDGE('',*,*,#7821,.T.);
#7821 = EDGE_CURVE('',#7822,#6047,#7824,.T.);
#7822 = VERTEX_POINT('',#7823);
#7823 = CARTESIAN_POINT('',(10.667424305044,0.,-6.3));
#7824 = SURFACE_CURVE('',#7825,(#7829,#7836),.PCURVE_S1.);
#7825 = LINE('',#7826,#7827);
#7826 = CARTESIAN_POINT('',(10.667424305044,0.,-7.3));
#7827 = VECTOR('',#7828,1.);
#7828 = DIRECTION('',(-0.,-0.,-1.));
#7829 = PCURVE('',#6146,#7830);
#7830 = DEFINITIONAL_REPRESENTATION('',(#7831),#7835);
#7831 = LINE('',#7832,#7833);
#7832 = CARTESIAN_POINT('',(0.,-1.));
#7833 = VECTOR('',#7834,1.);
#7834 = DIRECTION('',(-1.,0.));
#7835 = ( GEOMETRIC_REPRESENTATION_CONTEXT(2) 
PARAMETRIC_REPRESENTATION_CONTEXT() REPRESENTATION_CONTEXT('2D SPACE',''
  ) );
#7836 = PCURVE('',#5949,#7837);
#7837 = DEFINITIONAL_REPRESENTATION('',(#7838),#7842);
#7838 = LINE('',#7839,#7840);
#7839 = CARTESIAN_POINT('',(1.,41.417424305044));
#7840 = VECTOR('',#7841,1.);
#7841 = DIRECTION('',(1.,0.));
#7842 = ( GEOMETRIC_REPRESENTATION_CONTEXT(2) 
PARAMETRIC_REPRESENTATION_CONTEXT() REPRESENTATION_CONTEXT('2D SPACE',''
  ) );
#7843 = ORIENTED_EDGE('',*,*,#6132,.F.);
#7844 = ORIENTED_EDGE('',*,*,#7796,.F.);
#7845 = ORIENTED_EDGE('',*,*,#7846,.T.);
#7846 = EDGE_CURVE('',#7774,#7822,#7847,.T.);
#7847 = SURFACE_CURVE('',#7848,(#7852,#7859),.PCURVE_S1.);
#7848 = LINE('',#7849,#7850);
#7849 = CARTESIAN_POINT('',(10.667424305044,1.,-6.3));
#7850 = VECTOR('',#7851,1.);
#7851 = DIRECTION('',(-0.,-1.,-0.));
#7852 = PCURVE('',#6146,#7853);
#7853 = DEFINITIONAL_REPRESENTATION('',(#7854),#7858);
#7854 = LINE('',#7855,#7856);
#7855 = CARTESIAN_POINT('',(1.,0.));
#7856 = VECTOR('',#7857,1.);
#7857 = DIRECTION('',(0.,-1.));
#7858 = ( GEOMETRIC_REPRESENTATION_CONTEXT(2) 
PARAMETRIC_REPRESENTATION_CONTEXT() REPRESENTATION_CONTEXT('2D SPACE',''
  ) );
#7859 = PCURVE('',#6890,#7860);
#7860 = DEFINITIONAL_REPRESENTATION('',(#7861),#7865);
#7861 = LINE('',#7862,#7863);
#7862 = CARTESIAN_POINT('',(50.667424305044,2.));
#7863 = VECTOR('',#7864,1.);
#7864 = DIRECTION('',(0.,-1.));
#7865 = ( GEOMETRIC_REPRESENTATION_CONTEXT(2) 
PARAMETRIC_REPRESENTATION_CONTEXT() REPRESENTATION_CONTEXT('2D SPACE',''
  ) );
#7866 = ADVANCED_FACE('',(#7867),#5977,.F.);
#7867 = FACE_BOUND('',#7868,.T.);
#7868 = EDGE_LOOP('',(#7869,#7892,#7915,#7936));
#7869 = ORIENTED_EDGE('',*,*,#7870,.T.);
#7870 = EDGE_CURVE('',#5929,#7871,#7873,.T.);
#7871 = VERTEX_POINT('',#7872);
#7872 = CARTESIAN_POINT('',(13.667424305044,0.,-6.3));
#7873 = SURFACE_CURVE('',#7874,(#7878,#7885),.PCURVE_S1.);
#7874 = LINE('',#7875,#7876);
#7875 = CARTESIAN_POINT('',(13.667424305044,0.,-7.3));
#7876 = VECTOR('',#7877,1.);
#7877 = DIRECTION('',(0.,0.,1.));
#7878 = PCURVE('',#5977,#7879);
#7879 = DEFINITIONAL_REPRESENTATION('',(#7880),#7884);
#7880 = LINE('',#7881,#7882);
#7881 = CARTESIAN_POINT('',(0.,-1.));
#7882 = VECTOR('',#7883,1.);
#7883 = DIRECTION('',(-1.,0.));
#7884 = ( GEOMETRIC_REPRESENTATION_CONTEXT(2) 
PARAMETRIC_REPRESENTATION_CONTEXT() REPRESENTATION_CONTEXT('2D SPACE',''
  ) );
#7885 = PCURVE('',#5949,#7886);
#7886 = DEFINITIONAL_REPRESENTATION('',(#7887),#7891);
#7887 = LINE('',#7888,#7889);
#7888 = CARTESIAN_POINT('',(1.,44.417424305044));
#7889 = VECTOR('',#7890,1.);
#7890 = DIRECTION('',(-1.,0.));
#7891 = ( GEOMETRIC_REPRESENTATION_CONTEXT(2) 
PARAMETRIC_REPRESENTATION_CONTEXT() REPRESENTATION_CONTEXT('2D SPACE',''
  ) );
#7892 = ORIENTED_EDGE('',*,*,#7893,.F.);
#7893 = EDGE_CURVE('',#7894,#7871,#7896,.T.);
#7894 = VERTEX_POINT('',#7895);
#7895 = CARTESIAN_POINT('',(13.667424305044,1.,-6.3));
#7896 = SURFACE_CURVE('',#7897,(#7901,#7908),.PCURVE_S1.);
#7897 = LINE('',#7898,#7899);
#7898 = CARTESIAN_POINT('',(13.667424305044,1.,-6.3));
#7899 = VECTOR('',#7900,1.);
#7900 = DIRECTION('',(-0.,-1.,-0.));
#7901 = PCURVE('',#5977,#7902);
#7902 = DEFINITIONAL_REPRESENTATION('',(#7903),#7907);
#7903 = LINE('',#7904,#7905);
#7904 = CARTESIAN_POINT('',(-1.,0.));
#7905 = VECTOR('',#7906,1.);
#7906 = DIRECTION('',(0.,-1.));
#7907 = ( GEOMETRIC_REPRESENTATION_CONTEXT(2) 
PARAMETRIC_REPRESENTATION_CONTEXT() REPRESENTATION_CONTEXT('2D SPACE',''
  ) );
#7908 = PCURVE('',#6890,#7909);
#7909 = DEFINITIONAL_REPRESENTATION('',(#7910),#7914);
#7910 = LINE('',#7911,#7912);
#7911 = CARTESIAN_POINT('',(53.667424305044,2.));
#7912 = VECTOR('',#7913,1.);
#7913 = DIRECTION('',(0.,-1.));
#7914 = ( GEOMETRIC_REPRESENTATION_CONTEXT(2) 
PARAMETRIC_REPRESENTATION_CONTEXT() REPRESENTATION_CONTEXT('2D SPACE',''
  ) );
#7915 = ORIENTED_EDGE('',*,*,#7916,.F.);
#7916 = EDGE_CURVE('',#5962,#7894,#7917,.T.);
#7917 = SURFACE_CURVE('',#7918,(#7922,#7929),.PCURVE_S1.);
#7918 = LINE('',#7919,#7920);
#7919 = CARTESIAN_POINT('',(13.667424305044,1.,-7.3));
#7920 = VECTOR('',#7921,1.);
#7921 = DIRECTION('',(0.,0.,1.));
#7922 = PCURVE('',#5977,#7923);
#7923 = DEFINITIONAL_REPRESENTATION('',(#7924),#7928);
#7924 = LINE('',#7925,#7926);
#7925 = CARTESIAN_POINT('',(0.,0.));
#7926 = VECTOR('',#7927,1.);
#7927 = DIRECTION('',(-1.,0.));
#7928 = ( GEOMETRIC_REPRESENTATION_CONTEXT(2) 
PARAMETRIC_REPRESENTATION_CONTEXT() REPRESENTATION_CONTEXT('2D SPACE',''
  ) );
#7929 = PCURVE('',#6005,#7930);
#7930 = DEFINITIONAL_REPRESENTATION('',(#7931),#7935);
#7931 = LINE('',#7932,#7933);
#7932 = CARTESIAN_POINT('',(7.3,13.667424305044));
#7933 = VECTOR('',#7934,1.);
#7934 = DIRECTION('',(-1.,0.));
#7935 = ( GEOMETRIC_REPRESENTATION_CONTEXT(2) 
PARAMETRIC_REPRESENTATION_CONTEXT() REPRESENTATION_CONTEXT('2D SPACE',''
  ) );
#7936 = ORIENTED_EDGE('',*,*,#5961,.T.);
#7937 = ADVANCED_FACE('',(#7938),#6005,.F.);
#7938 = FACE_BOUND('',#7939,.T.);
#7939 = EDGE_LOOP('',(#7940,#7941,#7964,#7985));
#7940 = ORIENTED_EDGE('',*,*,#7916,.T.);
#7941 = ORIENTED_EDGE('',*,*,#7942,.T.);
#7942 = EDGE_CURVE('',#7894,#7943,#7945,.T.);
#7943 = VERTEX_POINT('',#7944);
#7944 = CARTESIAN_POINT('',(16.667424305044,1.,-6.3));
#7945 = SURFACE_CURVE('',#7946,(#7950,#7957),.PCURVE_S1.);
#7946 = LINE('',#7947,#7948);
#7947 = CARTESIAN_POINT('',(16.667424305044,1.,-6.3));
#7948 = VECTOR('',#7949,1.);
#7949 = DIRECTION('',(1.,-0.,-0.));
#7950 = PCURVE('',#6005,#7951);
#7951 = DEFINITIONAL_REPRESENTATION('',(#7952),#7956);
#7952 = LINE('',#7953,#7954);
#7953 = CARTESIAN_POINT('',(6.3,16.667424305044));
#7954 = VECTOR('',#7955,1.);
#7955 = DIRECTION('',(0.,1.));
#7956 = ( GEOMETRIC_REPRESENTATION_CONTEXT(2) 
PARAMETRIC_REPRESENTATION_CONTEXT() REPRESENTATION_CONTEXT('2D SPACE',''
  ) );
#7957 = PCURVE('',#6890,#7958);
#7958 = DEFINITIONAL_REPRESENTATION('',(#7959),#7963);
#7959 = LINE('',#7960,#7961);
#7960 = CARTESIAN_POINT('',(56.667424305044,2.));
#7961 = VECTOR('',#7962,1.);
#7962 = DIRECTION('',(1.,-0.));
#7963 = ( GEOMETRIC_REPRESENTATION_CONTEXT(2) 
PARAMETRIC_REPRESENTATION_CONTEXT() REPRESENTATION_CONTEXT('2D SPACE',''
  ) );
#7964 = ORIENTED_EDGE('',*,*,#7965,.T.);
#7965 = EDGE_CURVE('',#7943,#5990,#7966,.T.);
#7966 = SURFACE_CURVE('',#7967,(#7971,#7978),.PCURVE_S1.);
#7967 = LINE('',#7968,#7969);
#7968 = CARTESIAN_POINT('',(16.667424305044,1.,-7.3));
#7969 = VECTOR('',#7970,1.);
#7970 = DIRECTION('',(-0.,-0.,-1.));
#7971 = PCURVE('',#6005,#7972);
#7972 = DEFINITIONAL_REPRESENTATION('',(#7973),#7977);
#7973 = LINE('',#7974,#7975);
#7974 = CARTESIAN_POINT('',(7.3,16.667424305044));
#7975 = VECTOR('',#7976,1.);
#7976 = DIRECTION('',(1.,0.));
#7977 = ( GEOMETRIC_REPRESENTATION_CONTEXT(2) 
PARAMETRIC_REPRESENTATION_CONTEXT() REPRESENTATION_CONTEXT('2D SPACE',''
  ) );
#7978 = PCURVE('',#6031,#7979);
#7979 = DEFINITIONAL_REPRESENTATION('',(#7980),#7984);
#7980 = LINE('',#7981,#7982);
#7981 = CARTESIAN_POINT('',(0.,0.));
#7982 = VECTOR('',#7983,1.);
#7983 = DIRECTION('',(-1.,0.));
#7984 = ( GEOMETRIC_REPRESENTATION_CONTEXT(2) 
PARAMETRIC_REPRESENTATION_CONTEXT() REPRESENTATION_CONTEXT('2D SPACE',''
  ) );
#7985 = ORIENTED_EDGE('',*,*,#5989,.T.);
#7986 = ADVANCED_FACE('',(#7987),#6031,.F.);
#7987 = FACE_BOUND('',#7988,.T.);
#7988 = EDGE_LOOP('',(#7989,#8012,#8013,#8014));
#7989 = ORIENTED_EDGE('',*,*,#7990,.T.);
#7990 = EDGE_CURVE('',#7991,#5927,#7993,.T.);
#7991 = VERTEX_POINT('',#7992);
#7992 = CARTESIAN_POINT('',(16.667424305044,0.,-6.3));
#7993 = SURFACE_CURVE('',#7994,(#7998,#8005),.PCURVE_S1.);
#7994 = LINE('',#7995,#7996);
#7995 = CARTESIAN_POINT('',(16.667424305044,0.,-7.3));
#7996 = VECTOR('',#7997,1.);
#7997 = DIRECTION('',(-0.,-0.,-1.));
#7998 = PCURVE('',#6031,#7999);
#7999 = DEFINITIONAL_REPRESENTATION('',(#8000),#8004);
#8000 = LINE('',#8001,#8002);
#8001 = CARTESIAN_POINT('',(0.,-1.));
#8002 = VECTOR('',#8003,1.);
#8003 = DIRECTION('',(-1.,0.));
#8004 = ( GEOMETRIC_REPRESENTATION_CONTEXT(2) 
PARAMETRIC_REPRESENTATION_CONTEXT() REPRESENTATION_CONTEXT('2D SPACE',''
  ) );
#8005 = PCURVE('',#5949,#8006);
#8006 = DEFINITIONAL_REPRESENTATION('',(#8007),#8011);
#8007 = LINE('',#8008,#8009);
#8008 = CARTESIAN_POINT('',(1.,47.417424305044));
#8009 = VECTOR('',#8010,1.);
#8010 = DIRECTION('',(1.,0.));
#8011 = ( GEOMETRIC_REPRESENTATION_CONTEXT(2) 
PARAMETRIC_REPRESENTATION_CONTEXT() REPRESENTATION_CONTEXT('2D SPACE',''
  ) );
#8012 = ORIENTED_EDGE('',*,*,#6017,.F.);
#8013 = ORIENTED_EDGE('',*,*,#7965,.F.);
#8014 = ORIENTED_EDGE('',*,*,#8015,.T.);
#8015 = EDGE_CURVE('',#7943,#7991,#8016,.T.);
#8016 = SURFACE_CURVE('',#8017,(#8021,#8028),.PCURVE_S1.);
#8017 = LINE('',#8018,#8019);
#8018 = CARTESIAN_POINT('',(16.667424305044,1.,-6.3));
#8019 = VECTOR('',#8020,1.);
#8020 = DIRECTION('',(-0.,-1.,-0.));
#8021 = PCURVE('',#6031,#8022);
#8022 = DEFINITIONAL_REPRESENTATION('',(#8023),#8027);
#8023 = LINE('',#8024,#8025);
#8024 = CARTESIAN_POINT('',(1.,0.));
#8025 = VECTOR('',#8026,1.);
#8026 = DIRECTION('',(0.,-1.));
#8027 = ( GEOMETRIC_REPRESENTATION_CONTEXT(2) 
PARAMETRIC_REPRESENTATION_CONTEXT() REPRESENTATION_CONTEXT('2D SPACE',''
  ) );
#8028 = PCURVE('',#6890,#8029);
#8029 = DEFINITIONAL_REPRESENTATION('',(#8030),#8034);
#8030 = LINE('',#8031,#8032);
#8031 = CARTESIAN_POINT('',(56.667424305044,2.));
#8032 = VECTOR('',#8033,1.);
#8033 = DIRECTION('',(0.,-1.));
#8034 = ( GEOMETRIC_REPRESENTATION_CONTEXT(2) 
PARAMETRIC_REPRESENTATION_CONTEXT() REPRESENTATION_CONTEXT('2D SPACE',''
  ) );
#8035 = ADVANCED_FACE('',(#8036),#6782,.F.);
#8036 = FACE_BOUND('',#8037,.T.);
#8037 = EDGE_LOOP('',(#8038,#8061,#8084,#8105));
#8038 = ORIENTED_EDGE('',*,*,#8039,.T.);
#8039 = EDGE_CURVE('',#6739,#8040,#8042,.T.);
#8040 = VERTEX_POINT('',#8041);
#8041 = CARTESIAN_POINT('',(19.667424305044,0.,-6.3));
#8042 = SURFACE_CURVE('',#8043,(#8047,#8054),.PCURVE_S1.);
#8043 = LINE('',#8044,#8045);
#8044 = CARTESIAN_POINT('',(19.667424305044,0.,-7.3));
#8045 = VECTOR('',#8046,1.);
#8046 = DIRECTION('',(0.,0.,1.));
#8047 = PCURVE('',#6782,#8048);
#8048 = DEFINITIONAL_REPRESENTATION('',(#8049),#8053);
#8049 = LINE('',#8050,#8051);
#8050 = CARTESIAN_POINT('',(0.,-1.));
#8051 = VECTOR('',#8052,1.);
#8052 = DIRECTION('',(-1.,0.));
#8053 = ( GEOMETRIC_REPRESENTATION_CONTEXT(2) 
PARAMETRIC_REPRESENTATION_CONTEXT() REPRESENTATION_CONTEXT('2D SPACE',''
  ) );
#8054 = PCURVE('',#5949,#8055);
#8055 = DEFINITIONAL_REPRESENTATION('',(#8056),#8060);
#8056 = LINE('',#8057,#8058);
#8057 = CARTESIAN_POINT('',(1.,50.417424305044));
#8058 = VECTOR('',#8059,1.);
#8059 = DIRECTION('',(-1.,0.));
#8060 = ( GEOMETRIC_REPRESENTATION_CONTEXT(2) 
PARAMETRIC_REPRESENTATION_CONTEXT() REPRESENTATION_CONTEXT('2D SPACE',''
  ) );
#8061 = ORIENTED_EDGE('',*,*,#8062,.F.);
#8062 = EDGE_CURVE('',#8063,#8040,#8065,.T.);
#8063 = VERTEX_POINT('',#8064);
#8064 = CARTESIAN_POINT('',(19.667424305044,1.,-6.3));
#8065 = SURFACE_CURVE('',#8066,(#8070,#8077),.PCURVE_S1.);
#8066 = LINE('',#8067,#8068);
#8067 = CARTESIAN_POINT('',(19.667424305044,1.,-6.3));
#8068 = VECTOR('',#8069,1.);
#8069 = DIRECTION('',(-0.,-1.,-0.));
#8070 = PCURVE('',#6782,#8071);
#8071 = DEFINITIONAL_REPRESENTATION('',(#8072),#8076);
#8072 = LINE('',#8073,#8074);
#8073 = CARTESIAN_POINT('',(-1.,0.));
#8074 = VECTOR('',#8075,1.);
#8075 = DIRECTION('',(0.,-1.));
#8076 = ( GEOMETRIC_REPRESENTATION_CONTEXT(2) 
PARAMETRIC_REPRESENTATION_CONTEXT() REPRESENTATION_CONTEXT('2D SPACE',''
  ) );
#8077 = PCURVE('',#6890,#8078);
#8078 = DEFINITIONAL_REPRESENTATION('',(#8079),#8083);
#8079 = LINE('',#8080,#8081);
#8080 = CARTESIAN_POINT('',(59.667424305044,2.));
#8081 = VECTOR('',#8082,1.);
#8082 = DIRECTION('',(0.,-1.));
#8083 = ( GEOMETRIC_REPRESENTATION_CONTEXT(2) 
PARAMETRIC_REPRESENTATION_CONTEXT() REPRESENTATION_CONTEXT('2D SPACE',''
  ) );
#8084 = ORIENTED_EDGE('',*,*,#8085,.F.);
#8085 = EDGE_CURVE('',#6767,#8063,#8086,.T.);
#8086 = SURFACE_CURVE('',#8087,(#8091,#8098),.PCURVE_S1.);
#8087 = LINE('',#8088,#8089);
#8088 = CARTESIAN_POINT('',(19.667424305044,1.,-7.3));
#8089 = VECTOR('',#8090,1.);
#8090 = DIRECTION('',(0.,0.,1.));
#8091 = PCURVE('',#6782,#8092);
#8092 = DEFINITIONAL_REPRESENTATION('',(#8093),#8097);
#8093 = LINE('',#8094,#8095);
#8094 = CARTESIAN_POINT('',(0.,0.));
#8095 = VECTOR('',#8096,1.);
#8096 = DIRECTION('',(-1.,0.));
#8097 = ( GEOMETRIC_REPRESENTATION_CONTEXT(2) 
PARAMETRIC_REPRESENTATION_CONTEXT() REPRESENTATION_CONTEXT('2D SPACE',''
  ) );
#8098 = PCURVE('',#6810,#8099);
#8099 = DEFINITIONAL_REPRESENTATION('',(#8100),#8104);
#8100 = LINE('',#8101,#8102);
#8101 = CARTESIAN_POINT('',(7.3,19.667424305044));
#8102 = VECTOR('',#8103,1.);
#8103 = DIRECTION('',(-1.,0.));
#8104 = ( GEOMETRIC_REPRESENTATION_CONTEXT(2) 
PARAMETRIC_REPRESENTATION_CONTEXT() REPRESENTATION_CONTEXT('2D SPACE',''
  ) );
#8105 = ORIENTED_EDGE('',*,*,#6766,.T.);
#8106 = ADVANCED_FACE('',(#8107),#6810,.F.);
#8107 = FACE_BOUND('',#8108,.T.);
#8108 = EDGE_LOOP('',(#8109,#8110,#8133,#8154));
#8109 = ORIENTED_EDGE('',*,*,#8085,.T.);
#8110 = ORIENTED_EDGE('',*,*,#8111,.T.);
#8111 = EDGE_CURVE('',#8063,#8112,#8114,.T.);
#8112 = VERTEX_POINT('',#8113);
#8113 = CARTESIAN_POINT('',(22.667424305044,1.,-6.3));
#8114 = SURFACE_CURVE('',#8115,(#8119,#8126),.PCURVE_S1.);
#8115 = LINE('',#8116,#8117);
#8116 = CARTESIAN_POINT('',(22.667424305044,1.,-6.3));
#8117 = VECTOR('',#8118,1.);
#8118 = DIRECTION('',(1.,-0.,-0.));
#8119 = PCURVE('',#6810,#8120);
#8120 = DEFINITIONAL_REPRESENTATION('',(#8121),#8125);
#8121 = LINE('',#8122,#8123);
#8122 = CARTESIAN_POINT('',(6.3,22.667424305044));
#8123 = VECTOR('',#8124,1.);
#8124 = DIRECTION('',(0.,1.));
#8125 = ( GEOMETRIC_REPRESENTATION_CONTEXT(2) 
PARAMETRIC_REPRESENTATION_CONTEXT() REPRESENTATION_CONTEXT('2D SPACE',''
  ) );
#8126 = PCURVE('',#6890,#8127);
#8127 = DEFINITIONAL_REPRESENTATION('',(#8128),#8132);
#8128 = LINE('',#8129,#8130);
#8129 = CARTESIAN_POINT('',(62.667424305044,2.));
#8130 = VECTOR('',#8131,1.);
#8131 = DIRECTION('',(1.,-0.));
#8132 = ( GEOMETRIC_REPRESENTATION_CONTEXT(2) 
PARAMETRIC_REPRESENTATION_CONTEXT() REPRESENTATION_CONTEXT('2D SPACE',''
  ) );
#8133 = ORIENTED_EDGE('',*,*,#8134,.T.);
#8134 = EDGE_CURVE('',#8112,#6795,#8135,.T.);
#8135 = SURFACE_CURVE('',#8136,(#8140,#8147),.PCURVE_S1.);
#8136 = LINE('',#8137,#8138);
#8137 = CARTESIAN_POINT('',(22.667424305044,1.,-7.3));
#8138 = VECTOR('',#8139,1.);
#8139 = DIRECTION('',(-0.,-0.,-1.));
#8140 = PCURVE('',#6810,#8141);
#8141 = DEFINITIONAL_REPRESENTATION('',(#8142),#8146);
#8142 = LINE('',#8143,#8144);
#8143 = CARTESIAN_POINT('',(7.3,22.667424305044));
#8144 = VECTOR('',#8145,1.);
#8145 = DIRECTION('',(1.,0.));
#8146 = ( GEOMETRIC_REPRESENTATION_CONTEXT(2) 
PARAMETRIC_REPRESENTATION_CONTEXT() REPRESENTATION_CONTEXT('2D SPACE',''
  ) );
#8147 = PCURVE('',#6836,#8148);
#8148 = DEFINITIONAL_REPRESENTATION('',(#8149),#8153);
#8149 = LINE('',#8150,#8151);
#8150 = CARTESIAN_POINT('',(0.,0.));
#8151 = VECTOR('',#8152,1.);
#8152 = DIRECTION('',(-1.,0.));
#8153 = ( GEOMETRIC_REPRESENTATION_CONTEXT(2) 
PARAMETRIC_REPRESENTATION_CONTEXT() REPRESENTATION_CONTEXT('2D SPACE',''
  ) );
#8154 = ORIENTED_EDGE('',*,*,#6794,.T.);
#8155 = ADVANCED_FACE('',(#8156),#6836,.F.);
#8156 = FACE_BOUND('',#8157,.T.);
#8157 = EDGE_LOOP('',(#8158,#8181,#8182,#8183));
#8158 = ORIENTED_EDGE('',*,*,#8159,.T.);
#8159 = EDGE_CURVE('',#8160,#6737,#8162,.T.);
#8160 = VERTEX_POINT('',#8161);
#8161 = CARTESIAN_POINT('',(22.667424305044,0.,-6.3));
#8162 = SURFACE_CURVE('',#8163,(#8167,#8174),.PCURVE_S1.);
#8163 = LINE('',#8164,#8165);
#8164 = CARTESIAN_POINT('',(22.667424305044,0.,-7.3));
#8165 = VECTOR('',#8166,1.);
#8166 = DIRECTION('',(-0.,-0.,-1.));
#8167 = PCURVE('',#6836,#8168);
#8168 = DEFINITIONAL_REPRESENTATION('',(#8169),#8173);
#8169 = LINE('',#8170,#8171);
#8170 = CARTESIAN_POINT('',(0.,-1.));
#8171 = VECTOR('',#8172,1.);
#8172 = DIRECTION('',(-1.,0.));
#8173 = ( GEOMETRIC_REPRESENTATION_CONTEXT(2) 
PARAMETRIC_REPRESENTATION_CONTEXT() REPRESENTATION_CONTEXT('2D SPACE',''
  ) );
#8174 = PCURVE('',#5949,#8175);
#8175 = DEFINITIONAL_REPRESENTATION('',(#8176),#8180);
#8176 = LINE('',#8177,#8178);
#8177 = CARTESIAN_POINT('',(1.,53.417424305044));
#8178 = VECTOR('',#8179,1.);
#8179 = DIRECTION('',(1.,0.));
#8180 = ( GEOMETRIC_REPRESENTATION_CONTEXT(2) 
PARAMETRIC_REPRESENTATION_CONTEXT() REPRESENTATION_CONTEXT('2D SPACE',''
  ) );
#8181 = ORIENTED_EDGE('',*,*,#6822,.F.);
#8182 = ORIENTED_EDGE('',*,*,#8134,.F.);
#8183 = ORIENTED_EDGE('',*,*,#8184,.T.);
#8184 = EDGE_CURVE('',#8112,#8160,#8185,.T.);
#8185 = SURFACE_CURVE('',#8186,(#8190,#8197),.PCURVE_S1.);
#8186 = LINE('',#8187,#8188);
#8187 = CARTESIAN_POINT('',(22.667424305044,1.,-6.3));
#8188 = VECTOR('',#8189,1.);
#8189 = DIRECTION('',(-0.,-1.,-0.));
#8190 = PCURVE('',#6836,#8191);
#8191 = DEFINITIONAL_REPRESENTATION('',(#8192),#8196);
#8192 = LINE('',#8193,#8194);
#8193 = CARTESIAN_POINT('',(1.,0.));
#8194 = VECTOR('',#8195,1.);
#8195 = DIRECTION('',(0.,-1.));
#8196 = ( GEOMETRIC_REPRESENTATION_CONTEXT(2) 
PARAMETRIC_REPRESENTATION_CONTEXT() REPRESENTATION_CONTEXT('2D SPACE',''
  ) );
#8197 = PCURVE('',#6890,#8198);
#8198 = DEFINITIONAL_REPRESENTATION('',(#8199),#8203);
#8199 = LINE('',#8200,#8201);
#8200 = CARTESIAN_POINT('',(62.667424305044,2.));
#8201 = VECTOR('',#8202,1.);
#8202 = DIRECTION('',(0.,-1.));
#8203 = ( GEOMETRIC_REPRESENTATION_CONTEXT(2) 
PARAMETRIC_REPRESENTATION_CONTEXT() REPRESENTATION_CONTEXT('2D SPACE',''
  ) );
#8204 = ADVANCED_FACE('',(#8205),#8219,.T.);
#8205 = FACE_BOUND('',#8206,.T.);
#8206 = EDGE_LOOP('',(#8207,#8242,#8270,#8293,#8321,#8349));
#8207 = ORIENTED_EDGE('',*,*,#8208,.F.);
#8208 = EDGE_CURVE('',#8209,#8211,#8213,.T.);
#8209 = VERTEX_POINT('',#8210);
#8210 = CARTESIAN_POINT('',(19.,-13.,-11.3));
#8211 = VERTEX_POINT('',#8212);
#8212 = CARTESIAN_POINT('',(10.,-13.,-11.3));
#8213 = SURFACE_CURVE('',#8214,(#8218,#8230),.PCURVE_S1.);
#8214 = LINE('',#8215,#8216);
#8215 = CARTESIAN_POINT('',(0.,-13.,-11.3));
#8216 = VECTOR('',#8217,1.);
#8217 = DIRECTION('',(-1.,0.,0.));
#8218 = PCURVE('',#8219,#8224);
#8219 = CYLINDRICAL_SURFACE('',#8220,5.);
#8220 = AXIS2_PLACEMENT_3D('',#8221,#8222,#8223);
#8221 = CARTESIAN_POINT('',(0.,-8.,-11.3));
#8222 = DIRECTION('',(1.,-0.,0.));
#8223 = DIRECTION('',(0.,0.,-1.));
#8224 = DEFINITIONAL_REPRESENTATION('',(#8225),#8229);
#8225 = LINE('',#8226,#8227);
#8226 = CARTESIAN_POINT('',(4.712388980385,0.));
#8227 = VECTOR('',#8228,1.);
#8228 = DIRECTION('',(0.,-1.));
#8229 = ( GEOMETRIC_REPRESENTATION_CONTEXT(2) 
PARAMETRIC_REPRESENTATION_CONTEXT() REPRESENTATION_CONTEXT('2D SPACE',''
  ) );
#8230 = PCURVE('',#8231,#8236);
#8231 = CYLINDRICAL_SURFACE('',#8232,5.);
#8232 = AXIS2_PLACEMENT_3D('',#8233,#8234,#8235);
#8233 = CARTESIAN_POINT('',(0.,-8.,-11.3));
#8234 = DIRECTION('',(1.,-0.,0.));
#8235 = DIRECTION('',(0.,0.,-1.));
#8236 = DEFINITIONAL_REPRESENTATION('',(#8237),#8241);
#8237 = LINE('',#8238,#8239);
#8238 = CARTESIAN_POINT('',(4.712388980385,0.));
#8239 = VECTOR('',#8240,1.);
#8240 = DIRECTION('',(0.,-1.));
#8241 = ( GEOMETRIC_REPRESENTATION_CONTEXT(2) 
PARAMETRIC_REPRESENTATION_CONTEXT() REPRESENTATION_CONTEXT('2D SPACE',''
  ) );
#8242 = ORIENTED_EDGE('',*,*,#8243,.F.);
#8243 = EDGE_CURVE('',#8244,#8209,#8246,.T.);
#8244 = VERTEX_POINT('',#8245);
#8245 = CARTESIAN_POINT('',(19.,-8.,-6.3));
#8246 = SURFACE_CURVE('',#8247,(#8252,#8259),.PCURVE_S1.);
#8247 = CIRCLE('',#8248,5.);
#8248 = AXIS2_PLACEMENT_3D('',#8249,#8250,#8251);
#8249 = CARTESIAN_POINT('',(19.,-8.,-11.3));
#8250 = DIRECTION('',(1.,0.,-0.));
#8251 = DIRECTION('',(0.,0.,1.));
#8252 = PCURVE('',#8219,#8253);
#8253 = DEFINITIONAL_REPRESENTATION('',(#8254),#8258);
#8254 = LINE('',#8255,#8256);
#8255 = CARTESIAN_POINT('',(3.14159265359,19.));
#8256 = VECTOR('',#8257,1.);
#8257 = DIRECTION('',(1.,0.));
#8258 = ( GEOMETRIC_REPRESENTATION_CONTEXT(2) 
PARAMETRIC_REPRESENTATION_CONTEXT() REPRESENTATION_CONTEXT('2D SPACE',''
  ) );
#8259 = PCURVE('',#3595,#8260);
#8260 = DEFINITIONAL_REPRESENTATION('',(#8261),#8269);
#8261 = ( BOUNDED_CURVE() B_SPLINE_CURVE(2,(#8262,#8263,#8264,#8265,
#8266,#8267,#8268),.UNSPECIFIED.,.T.,.F.) B_SPLINE_CURVE_WITH_KNOTS((1,2
    ,2,2,2,1),(-2.094395102393,0.,2.094395102393,4.188790204786,
6.28318530718,8.377580409573),.UNSPECIFIED.) CURVE() 
GEOMETRIC_REPRESENTATION_ITEM() RATIONAL_B_SPLINE_CURVE((1.,0.5,1.,0.5,
1.,0.5,1.)) REPRESENTATION_ITEM('') );
#8262 = CARTESIAN_POINT('',(-8.881784197001E-16,5.));
#8263 = CARTESIAN_POINT('',(-8.881784197001E-16,-3.660254037844));
#8264 = CARTESIAN_POINT('',(-7.5,0.669872981078));
#8265 = CARTESIAN_POINT('',(-15.,5.));
#8266 = CARTESIAN_POINT('',(-7.5,9.330127018922));
#8267 = CARTESIAN_POINT('',(-8.881784197001E-15,13.660254037844));
#8268 = CARTESIAN_POINT('',(-8.881784197001E-16,5.));
#8269 = ( GEOMETRIC_REPRESENTATION_CONTEXT(2) 
PARAMETRIC_REPRESENTATION_CONTEXT() REPRESENTATION_CONTEXT('2D SPACE',''
  ) );
#8270 = ORIENTED_EDGE('',*,*,#8271,.F.);
#8271 = EDGE_CURVE('',#8272,#8244,#8274,.T.);
#8272 = VERTEX_POINT('',#8273);
#8273 = CARTESIAN_POINT('',(-19.,-8.,-6.3));
#8274 = SURFACE_CURVE('',#8275,(#8279,#8286),.PCURVE_S1.);
#8275 = LINE('',#8276,#8277);
#8276 = CARTESIAN_POINT('',(0.,-8.,-6.3));
#8277 = VECTOR('',#8278,1.);
#8278 = DIRECTION('',(1.,-0.,-0.));
#8279 = PCURVE('',#8219,#8280);
#8280 = DEFINITIONAL_REPRESENTATION('',(#8281),#8285);
#8281 = LINE('',#8282,#8283);
#8282 = CARTESIAN_POINT('',(3.14159265359,0.));
#8283 = VECTOR('',#8284,1.);
#8284 = DIRECTION('',(0.,1.));
#8285 = ( GEOMETRIC_REPRESENTATION_CONTEXT(2) 
PARAMETRIC_REPRESENTATION_CONTEXT() REPRESENTATION_CONTEXT('2D SPACE',''
  ) );
#8286 = PCURVE('',#6890,#8287);
#8287 = DEFINITIONAL_REPRESENTATION('',(#8288),#8292);
#8288 = LINE('',#8289,#8290);
#8289 = CARTESIAN_POINT('',(40.,-7.));
#8290 = VECTOR('',#8291,1.);
#8291 = DIRECTION('',(1.,-0.));
#8292 = ( GEOMETRIC_REPRESENTATION_CONTEXT(2) 
PARAMETRIC_REPRESENTATION_CONTEXT() REPRESENTATION_CONTEXT('2D SPACE',''
  ) );
#8293 = ORIENTED_EDGE('',*,*,#8294,.F.);
#8294 = EDGE_CURVE('',#8295,#8272,#8297,.T.);
#8295 = VERTEX_POINT('',#8296);
#8296 = CARTESIAN_POINT('',(-19.,-13.,-11.3));
#8297 = SURFACE_CURVE('',#8298,(#8303,#8310),.PCURVE_S1.);
#8298 = CIRCLE('',#8299,5.);
#8299 = AXIS2_PLACEMENT_3D('',#8300,#8301,#8302);
#8300 = CARTESIAN_POINT('',(-19.,-8.,-11.3));
#8301 = DIRECTION('',(-1.,0.,-0.));
#8302 = DIRECTION('',(0.,1.040834085586E-15,-1.));
#8303 = PCURVE('',#8219,#8304);
#8304 = DEFINITIONAL_REPRESENTATION('',(#8305),#8309);
#8305 = LINE('',#8306,#8307);
#8306 = CARTESIAN_POINT('',(6.28318530718,-19.));
#8307 = VECTOR('',#8308,1.);
#8308 = DIRECTION('',(-1.,0.));
#8309 = ( GEOMETRIC_REPRESENTATION_CONTEXT(2) 
PARAMETRIC_REPRESENTATION_CONTEXT() REPRESENTATION_CONTEXT('2D SPACE',''
  ) );
#8310 = PCURVE('',#3712,#8311);
#8311 = DEFINITIONAL_REPRESENTATION('',(#8312),#8320);
#8312 = ( BOUNDED_CURVE() B_SPLINE_CURVE(2,(#8313,#8314,#8315,#8316,
#8317,#8318,#8319),.UNSPECIFIED.,.T.,.F.) B_SPLINE_CURVE_WITH_KNOTS((1,2
    ,2,2,2,1),(-2.094395102393,0.,2.094395102393,4.188790204786,
6.28318530718,8.377580409573),.UNSPECIFIED.) CURVE() 
GEOMETRIC_REPRESENTATION_ITEM() RATIONAL_B_SPLINE_CURVE((1.,0.5,1.,0.5,
1.,0.5,1.)) REPRESENTATION_ITEM('') );
#8313 = CARTESIAN_POINT('',(10.,5.));
#8314 = CARTESIAN_POINT('',(10.,-3.660254037844));
#8315 = CARTESIAN_POINT('',(2.5,0.669872981078));
#8316 = CARTESIAN_POINT('',(-5.,5.));
#8317 = CARTESIAN_POINT('',(2.5,9.330127018922));
#8318 = CARTESIAN_POINT('',(10.,13.660254037844));
#8319 = CARTESIAN_POINT('',(10.,5.));
#8320 = ( GEOMETRIC_REPRESENTATION_CONTEXT(2) 
PARAMETRIC_REPRESENTATION_CONTEXT() REPRESENTATION_CONTEXT('2D SPACE',''
  ) );
#8321 = ORIENTED_EDGE('',*,*,#8322,.F.);
#8322 = EDGE_CURVE('',#8323,#8295,#8325,.T.);
#8323 = VERTEX_POINT('',#8324);
#8324 = CARTESIAN_POINT('',(-10.,-13.,-11.3));
#8325 = SURFACE_CURVE('',#8326,(#8330,#8337),.PCURVE_S1.);
#8326 = LINE('',#8327,#8328);
#8327 = CARTESIAN_POINT('',(0.,-13.,-11.3));
#8328 = VECTOR('',#8329,1.);
#8329 = DIRECTION('',(-1.,0.,0.));
#8330 = PCURVE('',#8219,#8331);
#8331 = DEFINITIONAL_REPRESENTATION('',(#8332),#8336);
#8332 = LINE('',#8333,#8334);
#8333 = CARTESIAN_POINT('',(4.712388980385,0.));
#8334 = VECTOR('',#8335,1.);
#8335 = DIRECTION('',(0.,-1.));
#8336 = ( GEOMETRIC_REPRESENTATION_CONTEXT(2) 
PARAMETRIC_REPRESENTATION_CONTEXT() REPRESENTATION_CONTEXT('2D SPACE',''
  ) );
#8337 = PCURVE('',#8338,#8343);
#8338 = CYLINDRICAL_SURFACE('',#8339,5.);
#8339 = AXIS2_PLACEMENT_3D('',#8340,#8341,#8342);
#8340 = CARTESIAN_POINT('',(0.,-8.,-11.3));
#8341 = DIRECTION('',(1.,-0.,0.));
#8342 = DIRECTION('',(0.,0.,-1.));
#8343 = DEFINITIONAL_REPRESENTATION('',(#8344),#8348);
#8344 = LINE('',#8345,#8346);
#8345 = CARTESIAN_POINT('',(4.712388980385,0.));
#8346 = VECTOR('',#8347,1.);
#8347 = DIRECTION('',(0.,-1.));
#8348 = ( GEOMETRIC_REPRESENTATION_CONTEXT(2) 
PARAMETRIC_REPRESENTATION_CONTEXT() REPRESENTATION_CONTEXT('2D SPACE',''
  ) );
#8349 = ORIENTED_EDGE('',*,*,#8350,.F.);
#8350 = EDGE_CURVE('',#8211,#8323,#8351,.T.);
#8351 = SURFACE_CURVE('',#8352,(#8356,#8363),.PCURVE_S1.);
#8352 = LINE('',#8353,#8354);
#8353 = CARTESIAN_POINT('',(0.,-13.,-11.3));
#8354 = VECTOR('',#8355,1.);
#8355 = DIRECTION('',(-1.,0.,0.));
#8356 = PCURVE('',#8219,#8357);
#8357 = DEFINITIONAL_REPRESENTATION('',(#8358),#8362);
#8358 = LINE('',#8359,#8360);
#8359 = CARTESIAN_POINT('',(4.712388980385,0.));
#8360 = VECTOR('',#8361,1.);
#8361 = DIRECTION('',(0.,-1.));
#8362 = ( GEOMETRIC_REPRESENTATION_CONTEXT(2) 
PARAMETRIC_REPRESENTATION_CONTEXT() REPRESENTATION_CONTEXT('2D SPACE',''
  ) );
#8363 = PCURVE('',#8364,#8369);
#8364 = PLANE('',#8365);
#8365 = AXIS2_PLACEMENT_3D('',#8366,#8367,#8368);
#8366 = CARTESIAN_POINT('',(0.,-13.,0.));
#8367 = DIRECTION('',(0.,1.,-0.));
#8368 = DIRECTION('',(0.,0.,1.));
#8369 = DEFINITIONAL_REPRESENTATION('',(#8370),#8374);
#8370 = LINE('',#8371,#8372);
#8371 = CARTESIAN_POINT('',(-11.3,0.));
#8372 = VECTOR('',#8373,1.);
#8373 = DIRECTION('',(0.,-1.));
#8374 = ( GEOMETRIC_REPRESENTATION_CONTEXT(2) 
PARAMETRIC_REPRESENTATION_CONTEXT() REPRESENTATION_CONTEXT('2D SPACE',''
  ) );
#8375 = ADVANCED_FACE('',(#8376),#1880,.F.);
#8376 = FACE_BOUND('',#8377,.F.);
#8377 = EDGE_LOOP('',(#8378,#8379,#8380,#8504));
#8378 = ORIENTED_EDGE('',*,*,#5024,.F.);
#8379 = ORIENTED_EDGE('',*,*,#1800,.F.);
#8380 = ORIENTED_EDGE('',*,*,#8381,.T.);
#8381 = EDGE_CURVE('',#1801,#2126,#8382,.T.);
#8382 = SURFACE_CURVE('',#8383,(#8402,#8453),.PCURVE_S1.);
#8383 = B_SPLINE_CURVE_WITH_KNOTS('',3,(#8384,#8385,#8386,#8387,#8388,
    #8389,#8390,#8391,#8392,#8393,#8394,#8395,#8396,#8397,#8398,#8399,
    #8400,#8401),.UNSPECIFIED.,.F.,.F.,(4,2,2,2,2,2,2,2,4),(0.,
    6.24999999912E-02,0.124999999982,0.249999999965,0.312499999956,
    0.374999999947,0.437499999938,0.468749999934,0.49999999993),
  .UNSPECIFIED.);
#8384 = CARTESIAN_POINT('',(28.8705,7.595164061972,-8.022048358308));
#8385 = CARTESIAN_POINT('',(28.86955723655,7.514144922537,-8.03520870136
    ));
#8386 = CARTESIAN_POINT('',(28.855277478774,7.439929708796,
    -8.046825881922));
#8387 = CARTESIAN_POINT('',(28.795375106384,7.293677141086,
    -8.069019882292));
#8388 = CARTESIAN_POINT('',(28.752228526666,7.228779596882,
    -8.078497012093));
#8389 = CARTESIAN_POINT('',(28.583202606865,7.058706459474,
    -8.102751923878));
#8390 = CARTESIAN_POINT('',(28.430822664205,6.995277548043,
    -8.111062755595));
#8391 = CARTESIAN_POINT('',(28.189337844615,6.995186743321,
    -8.111074950098));
#8392 = CARTESIAN_POINT('',(28.113436963267,7.010669382284,
    -8.109012733907));
#8393 = CARTESIAN_POINT('',(27.964433408671,7.072678228957,
    -8.100549688703));
#8394 = CARTESIAN_POINT('',(27.900900011638,7.115850202486,
    -8.094604625011));
#8395 = CARTESIAN_POINT('',(27.787536532577,7.230004462985,
    -8.078320062294));
#8396 = CARTESIAN_POINT('',(27.745685673109,7.293836329085,
    -8.068999572085));
#8397 = CARTESIAN_POINT('',(27.699983203851,7.404961749051,
    -8.052130344048));
#8398 = CARTESIAN_POINT('',(27.6896730116,7.440026967105,-8.046719501861
    ));
#8399 = CARTESIAN_POINT('',(27.6747827144,7.516220897146,-8.034759833291
    ));
#8400 = CARTESIAN_POINT('',(27.670888916289,7.55568085607,
    -8.028464329456));
#8401 = CARTESIAN_POINT('',(27.670546468664,7.596505835455,
    -8.021829085288));
#8402 = PCURVE('',#1880,#8403);
#8403 = DEFINITIONAL_REPRESENTATION('',(#8404),#8452);
#8404 = B_SPLINE_CURVE_WITH_KNOTS('',3,(#8405,#8406,#8407,#8408,#8409,
    #8410,#8411,#8412,#8413,#8414,#8415,#8416,#8417,#8418,#8419,#8420,
    #8421,#8422,#8423,#8424,#8425,#8426,#8427,#8428,#8429,#8430,#8431,
    #8432,#8433,#8434,#8435,#8436,#8437,#8438,#8439,#8440,#8441,#8442,
    #8443,#8444,#8445,#8446,#8447,#8448,#8449,#8450,#8451),
  .UNSPECIFIED.,.F.,.F.,(4,1,1,1,1,1,1,1,1,1,1,1,1,1,1,1,1,1,1,1,1,1,1,1
    ,1,1,1,1,1,1,1,1,1,1,1,1,1,1,1,1,1,1,1,1,4),(0.,1.136363636204E-02,
    2.272727272407E-02,3.409090908611E-02,4.545454544814E-02,
    5.681818181018E-02,6.818181817221E-02,7.954545453425E-02,
    9.090909089628E-02,0.102272727258,0.11363636362,0.124999999982,
    0.136363636344,0.147727272706,0.159090909068,0.170454545431,
    0.181818181793,0.193181818155,0.204545454517,0.215909090879,
    0.227272727241,0.238636363603,0.249999999965,0.261363636327,
    0.272727272689,0.284090909051,0.295454545413,0.306818181775,
    0.318181818137,0.329545454499,0.340909090861,0.352272727223,
    0.363636363585,0.374999999947,0.386363636309,0.397727272671,
    0.409090909033,0.420454545395,0.431818181757,0.443181818119,
    0.454545454481,0.465909090843,0.477272727205,0.488636363568,
    0.49999999993),.QUASI_UNIFORM_KNOTS.);
#8405 = CARTESIAN_POINT('',(0.,0.));
#8406 = CARTESIAN_POINT('',(3.953418211905E-03,-1.107256826508E-07));
#8407 = CARTESIAN_POINT('',(1.171776986586E-02,-4.004881242374E-08));
#8408 = CARTESIAN_POINT('',(2.307125793882E-02,4.134458472145E-07));
#8409 = CARTESIAN_POINT('',(3.426512249214E-02,8.320043488126E-07));
#8410 = CARTESIAN_POINT('',(4.543627596043E-02,3.204967402047E-07));
#8411 = CARTESIAN_POINT('',(5.674458680238E-02,-6.646917783952E-07));
#8412 = CARTESIAN_POINT('',(6.825362116592E-02,8.208283038163E-07));
#8413 = CARTESIAN_POINT('',(7.956719108056E-02,2.690504265683E-06));
#8414 = CARTESIAN_POINT('',(9.082664995858E-02,3.114440193058E-06));
#8415 = CARTESIAN_POINT('',(0.102104797272,1.603387446631E-06));
#8416 = CARTESIAN_POINT('',(0.113504580643,-1.335072476067E-07));
#8417 = CARTESIAN_POINT('',(0.124999308503,-2.249120997642E-07));
#8418 = CARTESIAN_POINT('',(0.136498111169,1.499774919432E-06));
#8419 = CARTESIAN_POINT('',(0.147875195263,3.084895618513E-06));
#8420 = CARTESIAN_POINT('',(0.159232528257,4.215746709934E-06));
#8421 = CARTESIAN_POINT('',(0.170591810217,6.226745552245E-06));
#8422 = CARTESIAN_POINT('',(0.181852501871,7.917747183127E-06));
#8423 = CARTESIAN_POINT('',(0.193092795494,7.787875984057E-06));
#8424 = CARTESIAN_POINT('',(0.20434861619,5.712778130234E-06));
#8425 = CARTESIAN_POINT('',(0.215688544277,2.619254975289E-06));
#8426 = CARTESIAN_POINT('',(0.227090293174,8.254636584267E-07));
#8427 = CARTESIAN_POINT('',(0.238483984268,-3.696241161141E-07));
#8428 = CARTESIAN_POINT('',(0.250008853496,-6.59330669826E-07));
#8429 = CARTESIAN_POINT('',(0.261480601383,1.618166295887E-06));
#8430 = CARTESIAN_POINT('',(0.272825133442,3.792473872137E-06));
#8431 = CARTESIAN_POINT('',(0.284071615376,4.652229208156E-06));
#8432 = CARTESIAN_POINT('',(0.295318140608,2.691410900397E-06));
#8433 = CARTESIAN_POINT('',(0.306675983697,-6.129450681749E-07));
#8434 = CARTESIAN_POINT('',(0.318321629558,3.714053661439E-07));
#8435 = CARTESIAN_POINT('',(0.329740445993,4.326374010057E-06));
#8436 = CARTESIAN_POINT('',(0.340969942897,6.602498872392E-06));
#8437 = CARTESIAN_POINT('',(0.352165142073,5.229667176082E-06));
#8438 = CARTESIAN_POINT('',(0.363425280969,1.345734050431E-06));
#8439 = CARTESIAN_POINT('',(0.375000214617,-9.798378030938E-07));
#8440 = CARTESIAN_POINT('',(0.386573860254,2.573870501736E-06));
#8441 = CARTESIAN_POINT('',(0.397825268296,4.927412929164E-06));
#8442 = CARTESIAN_POINT('',(0.409014111049,4.365618271141E-06));
#8443 = CARTESIAN_POINT('',(0.420242844934,1.558084161149E-06));
#8444 = CARTESIAN_POINT('',(0.431664341136,-8.577501584209E-07));
#8445 = CARTESIAN_POINT('',(0.44334425508,1.19887740562E-06));
#8446 = CARTESIAN_POINT('',(0.454322153927,1.874721432531E-06));
#8447 = CARTESIAN_POINT('',(0.465279744355,-4.802684296712E-07));
#8448 = CARTESIAN_POINT('',(0.476640078363,-1.248015114449E-06));
#8449 = CARTESIAN_POINT('',(0.488202506279,-5.754649732482E-07));
#8450 = CARTESIAN_POINT('',(0.496050134751,2.572750415194E-08));
#8451 = CARTESIAN_POINT('',(0.500000053953,2.133591253761E-07));
#8452 = ( GEOMETRIC_REPRESENTATION_CONTEXT(2) 
PARAMETRIC_REPRESENTATION_CONTEXT() REPRESENTATION_CONTEXT('2D SPACE',''
  ) );
#8453 = PCURVE('',#1209,#8454);
#8454 = DEFINITIONAL_REPRESENTATION('',(#8455),#8503);
#8455 = B_SPLINE_CURVE_WITH_KNOTS('',3,(#8456,#8457,#8458,#8459,#8460,
    #8461,#8462,#8463,#8464,#8465,#8466,#8467,#8468,#8469,#8470,#8471,
    #8472,#8473,#8474,#8475,#8476,#8477,#8478,#8479,#8480,#8481,#8482,
    #8483,#8484,#8485,#8486,#8487,#8488,#8489,#8490,#8491,#8492,#8493,
    #8494,#8495,#8496,#8497,#8498,#8499,#8500,#8501,#8502),
  .UNSPECIFIED.,.F.,.F.,(4,1,1,1,1,1,1,1,1,1,1,1,1,1,1,1,1,1,1,1,1,1,1,1
    ,1,1,1,1,1,1,1,1,1,1,1,1,1,1,1,1,1,1,1,1,4),(0.,1.136363636204E-02,
    2.272727272407E-02,3.409090908611E-02,4.545454544814E-02,
    5.681818181018E-02,6.818181817221E-02,7.954545453425E-02,
    9.090909089628E-02,0.102272727258,0.11363636362,0.124999999982,
    0.136363636344,0.147727272706,0.159090909068,0.170454545431,
    0.181818181793,0.193181818155,0.204545454517,0.215909090879,
    0.227272727241,0.238636363603,0.249999999965,0.261363636327,
    0.272727272689,0.284090909051,0.295454545413,0.306818181775,
    0.318181818137,0.329545454499,0.340909090861,0.352272727223,
    0.363636363585,0.374999999947,0.386363636309,0.397727272671,
    0.409090909033,0.420454545395,0.431818181757,0.443181818119,
    0.454545454481,0.465909090843,0.477272727205,0.488636363568,
    0.49999999993),.QUASI_UNIFORM_KNOTS.);
#8456 = CARTESIAN_POINT('',(0.500419117765,0.96943902439));
#8457 = CARTESIAN_POINT('',(0.50041798042,0.969436237211));
#8458 = CARTESIAN_POINT('',(0.500415740235,0.969416325659));
#8459 = CARTESIAN_POINT('',(0.500412467526,0.969342070923));
#8460 = CARTESIAN_POINT('',(0.50040926683,0.969222080699));
#8461 = CARTESIAN_POINT('',(0.500406121237,0.96905490977));
#8462 = CARTESIAN_POINT('',(0.500403018666,0.968839473725));
#8463 = CARTESIAN_POINT('',(0.50039992888,0.96857334206));
#8464 = CARTESIAN_POINT('',(0.500396973377,0.968265268156));
#8465 = CARTESIAN_POINT('',(0.500394141288,0.967914497507));
#8466 = CARTESIAN_POINT('',(0.50039143479,0.967521112842));
#8467 = CARTESIAN_POINT('',(0.500388856072,0.967085537755));
#8468 = CARTESIAN_POINT('',(0.500386394192,0.966605995138));
#8469 = CARTESIAN_POINT('',(0.500384090679,0.96608916983));
#8470 = CARTESIAN_POINT('',(0.500381991951,0.965544030436));
#8471 = CARTESIAN_POINT('',(0.500380091647,0.964971062855));
#8472 = CARTESIAN_POINT('',(0.500378397534,0.964373026351));
#8473 = CARTESIAN_POINT('',(0.500376913575,0.963752069432));
#8474 = CARTESIAN_POINT('',(0.50037564473,0.963110510267));
#8475 = CARTESIAN_POINT('',(0.500374595681,0.962450599134));
#8476 = CARTESIAN_POINT('',(0.500373771142,0.961774688217));
#8477 = CARTESIAN_POINT('',(0.500373175866,0.961084789961));
#8478 = CARTESIAN_POINT('',(0.500372814305,0.960384173866));
#8479 = CARTESIAN_POINT('',(0.500372691964,0.959671420952));
#8480 = CARTESIAN_POINT('',(0.500372810306,0.958962609104));
#8481 = CARTESIAN_POINT('',(0.500373166251,0.958269641111));
#8482 = CARTESIAN_POINT('',(0.500373760566,0.957587014996));
#8483 = CARTESIAN_POINT('',(0.500374593419,0.956913594901));
#8484 = CARTESIAN_POINT('',(0.500375663388,0.956248185262));
#8485 = CARTESIAN_POINT('',(0.500376975867,0.955585463217));
#8486 = CARTESIAN_POINT('',(0.500378472421,0.954959754044));
#8487 = CARTESIAN_POINT('',(0.500380163979,0.954365097815));
#8488 = CARTESIAN_POINT('',(0.500382054946,0.953799739255));
#8489 = CARTESIAN_POINT('',(0.500384145569,0.953262175314));
#8490 = CARTESIAN_POINT('',(0.500386459124,0.952745689387));
#8491 = CARTESIAN_POINT('',(0.500388930786,0.952264166856));
#8492 = CARTESIAN_POINT('',(0.500391500839,0.951831893377));
#8493 = CARTESIAN_POINT('',(0.500394197212,0.951442519276));
#8494 = CARTESIAN_POINT('',(0.500397026197,0.951095025139));
#8495 = CARTESIAN_POINT('',(0.500399992868,0.95078770584));
#8496 = CARTESIAN_POINT('',(0.500403128664,0.95051626885));
#8497 = CARTESIAN_POINT('',(0.500406164596,0.950306611173));
#8498 = CARTESIAN_POINT('',(0.500409256721,0.950145047827));
#8499 = CARTESIAN_POINT('',(0.500412498472,0.950023533042));
#8500 = CARTESIAN_POINT('',(0.500415809649,0.949948998337));
#8501 = CARTESIAN_POINT('',(0.500418075504,0.949929581728));
#8502 = CARTESIAN_POINT('',(0.500419221376,0.949927584856));
#8503 = ( GEOMETRIC_REPRESENTATION_CONTEXT(2) 
PARAMETRIC_REPRESENTATION_CONTEXT() REPRESENTATION_CONTEXT('2D SPACE',''
  ) );
#8504 = ORIENTED_EDGE('',*,*,#2125,.T.);
#8505 = ADVANCED_FACE('',(#8506),#1372,.F.);
#8506 = FACE_BOUND('',#8507,.F.);
#8507 = EDGE_LOOP('',(#8508,#8509,#8510,#8798));
#8508 = ORIENTED_EDGE('',*,*,#5165,.F.);
#8509 = ORIENTED_EDGE('',*,*,#1292,.F.);
#8510 = ORIENTED_EDGE('',*,*,#8511,.T.);
#8511 = EDGE_CURVE('',#1293,#1543,#8512,.T.);
#8512 = SURFACE_CURVE('',#8513,(#8564,#8681),.PCURVE_S1.);
#8513 = B_SPLINE_CURVE_WITH_KNOTS('',3,(#8514,#8515,#8516,#8517,#8518,
    #8519,#8520,#8521,#8522,#8523,#8524,#8525,#8526,#8527,#8528,#8529,
    #8530,#8531,#8532,#8533,#8534,#8535,#8536,#8537,#8538,#8539,#8540,
    #8541,#8542,#8543,#8544,#8545,#8546,#8547,#8548,#8549,#8550,#8551,
    #8552,#8553,#8554,#8555,#8556,#8557,#8558,#8559,#8560,#8561,#8562,
    #8563),.UNSPECIFIED.,.F.,.F.,(4,2,2,1,2,2,2,2,2,2,2,2,2,2,2,2,2,2,1,
    2,2,1,2,2,1,2,4),(0.,3.906250000001E-03,7.812500000002E-03,
    1.171875E-02,1.3671875E-02,1.5625E-02,2.34375E-02,3.125E-02,6.25E-02
    ,0.125,0.1875,0.25,0.28125,0.3125,0.375,0.40625,0.421875,0.4375,
    0.453125,0.4609375,0.46875,0.4765625,0.48046875,0.484375,0.4921875,
    0.49609375,0.5),.UNSPECIFIED.);
#8514 = CARTESIAN_POINT('',(28.8705,12.592662733731,-6.640117382443));
#8515 = CARTESIAN_POINT('',(28.870441585002,12.587667137809,
    -6.642055969915));
#8516 = CARTESIAN_POINT('',(28.870355530612,12.582807501512,
    -6.643940164488));
#8517 = CARTESIAN_POINT('',(28.870128143047,12.573360095548,
    -6.647600306684));
#8518 = CARTESIAN_POINT('',(28.869933302759,12.567362592652,
    -6.649921570348));
#8519 = CARTESIAN_POINT('',(28.869702371853,12.561278336715,
    -6.652275095295));
#8520 = CARTESIAN_POINT('',(28.869360742871,12.555449631342,
    -6.654528928424));
#8521 = CARTESIAN_POINT('',(28.868766467686,12.547722950947,
    -6.657512774313));
#8522 = CARTESIAN_POINT('',(28.868314140629,12.542150104559,
    -6.659663757933));
#8523 = CARTESIAN_POINT('',(28.867959617191,12.538013148233,
    -6.661259569566));
#8524 = CARTESIAN_POINT('',(28.86704952209,12.527670869203,
    -6.665247377192));
#8525 = CARTESIAN_POINT('',(28.866009049557,12.518824340247,
    -6.668653985692));
#8526 = CARTESIAN_POINT('',(28.863303311586,12.499986275468,
    -6.675895785094));
#8527 = CARTESIAN_POINT('',(28.861369253708,12.488558967193,
    -6.680281040325));
#8528 = CARTESIAN_POINT('',(28.852824906456,12.442918775743,
    -6.697766431304));
#8529 = CARTESIAN_POINT('',(28.841483875079,12.40475710815,
    -6.712291660733));
#8530 = CARTESIAN_POINT('',(28.799641672924,12.299637716213,
    -6.752059904464));
#8531 = CARTESIAN_POINT('',(28.756284405237,12.231962410742,
    -6.777316501309));
#8532 = CARTESIAN_POINT('',(28.647435017267,12.119321511067,
    -6.818972114918));
#8533 = CARTESIAN_POINT('',(28.58204445922,12.073399972377,
    -6.83574775338));
#8534 = CARTESIAN_POINT('',(28.431096000865,12.008811056459,
    -6.859251625995));
#8535 = CARTESIAN_POINT('',(28.351575229449,11.99268873696,
    -6.865066988418));
#8536 = CARTESIAN_POINT('',(28.228814107819,11.992746573397,
    -6.865046064822));
#8537 = CARTESIAN_POINT('',(28.188611726006,11.996843036909,
    -6.86356517654));
#8538 = CARTESIAN_POINT('',(28.109642946509,12.01319167253,
    -6.857641861417));
#8539 = CARTESIAN_POINT('',(28.069277129277,12.026130385004,
    -6.852949582673));
#8540 = CARTESIAN_POINT('',(27.959930171059,12.073066850603,
    -6.835868044171));
#8541 = CARTESIAN_POINT('',(27.890997240611,12.1217115132,
    -6.818091926595));
#8542 = CARTESIAN_POINT('',(27.810972525296,12.20489195734,
    -6.787325493146));
#8543 = CARTESIAN_POINT('',(27.785743937082,12.237251413235,
    -6.775299742586));
#8544 = CARTESIAN_POINT('',(27.754899497786,12.28523306042,
    -6.75735873585));
#8545 = CARTESIAN_POINT('',(27.745371299646,12.301801956394,
    -6.751146598199));
#8546 = CARTESIAN_POINT('',(27.727821466617,12.336090535169,
    -6.73825094116));
#8547 = CARTESIAN_POINT('',(27.719350260599,12.354941852653,
    -6.731139189081));
#8548 = CARTESIAN_POINT('',(27.705712696332,12.389269547948,
    -6.718148918005));
#8549 = CARTESIAN_POINT('',(27.696626727001,12.415919096748,
    -6.708035230125));
#8550 = CARTESIAN_POINT('',(27.689254063475,12.443925271043,
    -6.697355241692));
#8551 = CARTESIAN_POINT('',(27.684719689081,12.462897639607,
    -6.690108244169));
#8552 = CARTESIAN_POINT('',(27.682335091599,12.474131515273,
    -6.68580924993));
#8553 = CARTESIAN_POINT('',(27.679177741644,12.490513371931,
    -6.679531062869));
#8554 = CARTESIAN_POINT('',(27.677016002995,12.503703060494,
    -6.674469681083));
#8555 = CARTESIAN_POINT('',(27.675163675071,12.518248168779,
    -6.66887431736));
#8556 = CARTESIAN_POINT('',(27.673997547727,12.528246171643,
    -6.665024801826));
#8557 = CARTESIAN_POINT('',(27.673297506854,12.534955640522,
    -6.662438776928));
#8558 = CARTESIAN_POINT('',(27.672208658167,12.546177020534,
    -6.658110654423));
#8559 = CARTESIAN_POINT('',(27.671365958861,12.558889907027,
    -6.653201850725));
#8560 = CARTESIAN_POINT('',(27.670892483626,12.573840810625,
    -6.64741427122));
#8561 = CARTESIAN_POINT('',(27.670658883262,12.58430551945,
    -6.643359550583));
#8562 = CARTESIAN_POINT('',(27.670572466152,12.591541279307,
    -6.640552890631));
#8563 = CARTESIAN_POINT('',(27.670548357589,12.595516012431,
    -6.639008696769));
#8564 = PCURVE('',#1372,#8565);
#8565 = DEFINITIONAL_REPRESENTATION('',(#8566),#8680);
#8566 = B_SPLINE_CURVE_WITH_KNOTS('',3,(#8567,#8568,#8569,#8570,#8571,
    #8572,#8573,#8574,#8575,#8576,#8577,#8578,#8579,#8580,#8581,#8582,
    #8583,#8584,#8585,#8586,#8587,#8588,#8589,#8590,#8591,#8592,#8593,
    #8594,#8595,#8596,#8597,#8598,#8599,#8600,#8601,#8602,#8603,#8604,
    #8605,#8606,#8607,#8608,#8609,#8610,#8611,#8612,#8613,#8614,#8615,
    #8616,#8617,#8618,#8619,#8620,#8621,#8622,#8623,#8624,#8625,#8626,
    #8627,#8628,#8629,#8630,#8631,#8632,#8633,#8634,#8635,#8636,#8637,
    #8638,#8639,#8640,#8641,#8642,#8643,#8644,#8645,#8646,#8647,#8648,
    #8649,#8650,#8651,#8652,#8653,#8654,#8655,#8656,#8657,#8658,#8659,
    #8660,#8661,#8662,#8663,#8664,#8665,#8666,#8667,#8668,#8669,#8670,
    #8671,#8672,#8673,#8674,#8675,#8676,#8677,#8678,#8679),
  .UNSPECIFIED.,.F.,.F.,(4,1,1,1,1,1,1,1,1,1,1,1,1,1,1,1,1,1,1,1,1,1,1,1
    ,1,1,1,1,1,1,1,1,1,1,1,1,1,1,1,1,1,1,1,1,1,1,1,1,1,1,1,1,1,1,1,1,1,1
    ,1,1,1,1,1,1,1,1,1,1,1,1,1,1,1,1,1,1,1,1,1,1,1,1,1,1,1,1,1,1,1,1,1,1
    ,1,1,1,1,1,1,1,1,1,1,1,1,1,1,1,1,1,1,4),(0.,4.545454545455E-03,
    9.090909090909E-03,1.363636363636E-02,1.818181818182E-02,
    2.272727272727E-02,2.727272727273E-02,3.181818181818E-02,
    3.636363636364E-02,4.090909090909E-02,4.545454545455E-02,5.E-02,
    5.454545454545E-02,5.909090909091E-02,6.363636363636E-02,
    6.818181818182E-02,7.272727272727E-02,7.727272727273E-02,
    8.181818181818E-02,8.636363636364E-02,9.090909090909E-02,
    9.545454545455E-02,1.E-01,0.104545454545,0.109090909091,
    0.113636363636,0.118181818182,0.122727272727,0.127272727273,
    0.131818181818,0.136363636364,0.140909090909,0.145454545455,0.15,
    0.154545454545,0.159090909091,0.163636363636,0.168181818182,
    0.172727272727,0.177272727273,0.181818181818,0.186363636364,
    0.190909090909,0.195454545455,0.2,0.204545454545,0.209090909091,
    0.213636363636,0.218181818182,0.222727272727,0.227272727273,
    0.231818181818,0.236363636364,0.240909090909,0.245454545455,0.25,
    0.254545454545,0.259090909091,0.263636363636,0.268181818182,
    0.272727272727,0.277272727273,0.281818181818,0.286363636364,
    0.290909090909,0.295454545455,0.3,0.304545454545,0.309090909091,
    0.313636363636,0.318181818182,0.322727272727,0.327272727273,
    0.331818181818,0.336363636364,0.340909090909,0.345454545455,0.35,
    0.354545454545,0.359090909091,0.363636363636,0.368181818182,
    0.372727272727,0.377272727273,0.381818181818,0.386363636364,
    0.390909090909,0.395454545455,0.4,0.404545454545,0.409090909091,
    0.413636363636,0.418181818182,0.422727272727,0.427272727273,
    0.431818181818,0.436363636364,0.440909090909,0.445454545455,0.45,
    0.454545454545,0.459090909091,0.463636363636,0.468181818182,
    0.472727272727,0.477272727273,0.481818181818,0.486363636364,
    0.490909090909,0.495454545455,0.5),.QUASI_UNIFORM_KNOTS.);
#8567 = CARTESIAN_POINT('',(0.,0.));
#8568 = CARTESIAN_POINT('',(1.785749194182E-03,-1.848209510407E-07));
#8569 = CARTESIAN_POINT('',(4.801881480939E-03,-1.969753527266E-07));
#8570 = CARTESIAN_POINT('',(8.618419825622E-03,3.818971764934E-07));
#8571 = CARTESIAN_POINT('',(1.297958175781E-02,-1.277592140019E-07));
#8572 = CARTESIAN_POINT('',(1.81091918629E-02,8.243838114155E-07));
#8573 = CARTESIAN_POINT('',(2.205848055179E-02,8.615471412519E-07));
#8574 = CARTESIAN_POINT('',(2.708211748132E-02,-1.913035496912E-07));
#8575 = CARTESIAN_POINT('',(3.187385175704E-02,7.542429081141E-07));
#8576 = CARTESIAN_POINT('',(3.624460125979E-02,1.084737927951E-06));
#8577 = CARTESIAN_POINT('',(4.080870866624E-02,5.907189458661E-07));
#8578 = CARTESIAN_POINT('',(4.537559844648E-02,-1.936910833873E-07));
#8579 = CARTESIAN_POINT('',(4.997050984201E-02,-8.964605460932E-07));
#8580 = CARTESIAN_POINT('',(5.455709400041E-02,-1.147369740351E-06));
#8581 = CARTESIAN_POINT('',(5.912683219285E-02,-7.687876922074E-07));
#8582 = CARTESIAN_POINT('',(6.36222960339E-02,3.478605759078E-07));
#8583 = CARTESIAN_POINT('',(6.811363876581E-02,9.992535357452E-07));
#8584 = CARTESIAN_POINT('',(7.262262780645E-02,1.188865443301E-06));
#8585 = CARTESIAN_POINT('',(7.714217624203E-02,9.990464324841E-07));
#8586 = CARTESIAN_POINT('',(8.167286225239E-02,5.204911671627E-07));
#8587 = CARTESIAN_POINT('',(8.621317161817E-02,-1.757564855171E-07));
#8588 = CARTESIAN_POINT('',(9.076205346817E-02,-8.824240764323E-07));
#8589 = CARTESIAN_POINT('',(9.531848989535E-02,-1.876404285448E-06));
#8590 = CARTESIAN_POINT('',(9.988068633643E-02,-1.611958781373E-06));
#8591 = CARTESIAN_POINT('',(0.104448114641,-1.675760588658E-06));
#8592 = CARTESIAN_POINT('',(0.109019776854,-1.684998863593E-06));
#8593 = CARTESIAN_POINT('',(0.113593068105,-1.584243956568E-06));
#8594 = CARTESIAN_POINT('',(0.118172121111,-1.978025309734E-06));
#8595 = CARTESIAN_POINT('',(0.122732395273,-3.756443476422E-07));
#8596 = CARTESIAN_POINT('',(0.12726914732,4.784670459052E-07));
#8597 = CARTESIAN_POINT('',(0.131791861881,1.90021389869E-06));
#8598 = CARTESIAN_POINT('',(0.136304038031,3.325924529343E-06));
#8599 = CARTESIAN_POINT('',(0.14080993309,4.543188124542E-06));
#8600 = CARTESIAN_POINT('',(0.145313665524,5.322824718932E-06));
#8601 = CARTESIAN_POINT('',(0.149819430977,5.531044060523E-06));
#8602 = CARTESIAN_POINT('',(0.154331462415,5.112328667887E-06));
#8603 = CARTESIAN_POINT('',(0.158853907556,4.107754741882E-06));
#8604 = CARTESIAN_POINT('',(0.163391288513,2.661142710533E-06));
#8605 = CARTESIAN_POINT('',(0.167946699433,1.040048500098E-06));
#8606 = CARTESIAN_POINT('',(0.172528442076,-3.880665768074E-07));
#8607 = CARTESIAN_POINT('',(0.177125130649,-1.012673348618E-06));
#8608 = CARTESIAN_POINT('',(0.181725427926,-9.399518279311E-07));
#8609 = CARTESIAN_POINT('',(0.186341759297,-3.89566893247E-07));
#8610 = CARTESIAN_POINT('',(0.190968666641,6.971258026523E-07));
#8611 = CARTESIAN_POINT('',(0.1955561014,2.026605705295E-06));
#8612 = CARTESIAN_POINT('',(0.200122233083,3.114068665355E-06));
#8613 = CARTESIAN_POINT('',(0.204669551447,3.694367857084E-06));
#8614 = CARTESIAN_POINT('',(0.209204653282,3.625745949765E-06));
#8615 = CARTESIAN_POINT('',(0.21373284096,2.917072142921E-06));
#8616 = CARTESIAN_POINT('',(0.218259883915,1.733206670214E-06));
#8617 = CARTESIAN_POINT('',(0.222790307471,3.637578685715E-07));
#8618 = CARTESIAN_POINT('',(0.227332382398,-6.401227568511E-07));
#8619 = CARTESIAN_POINT('',(0.231860654764,-1.017169014445E-06));
#8620 = CARTESIAN_POINT('',(0.236386516505,-1.148480339342E-06));
#8621 = CARTESIAN_POINT('',(0.240914334065,-1.116278757071E-06));
#8622 = CARTESIAN_POINT('',(0.245448130766,-9.115130649886E-07));
#8623 = CARTESIAN_POINT('',(0.250000439128,-2.840205536063E-07));
#8624 = CARTESIAN_POINT('',(0.254550111842,8.711147873939E-07));
#8625 = CARTESIAN_POINT('',(0.259077145881,1.893264800424E-06));
#8626 = CARTESIAN_POINT('',(0.263595220214,2.602690805826E-06));
#8627 = CARTESIAN_POINT('',(0.268109524895,2.919801418227E-06));
#8628 = CARTESIAN_POINT('',(0.272625550171,2.984814067729E-06));
#8629 = CARTESIAN_POINT('',(0.277156012251,3.05251792543E-06));
#8630 = CARTESIAN_POINT('',(0.28166719149,3.711698824197E-06));
#8631 = CARTESIAN_POINT('',(0.286216047275,2.434700829377E-06));
#8632 = CARTESIAN_POINT('',(0.290803806936,2.681513556934E-07));
#8633 = CARTESIAN_POINT('',(0.295407436387,-1.890021505694E-06));
#8634 = CARTESIAN_POINT('',(0.300010937913,-1.568814454037E-06));
#8635 = CARTESIAN_POINT('',(0.3045930921,-1.834720677757E-06));
#8636 = CARTESIAN_POINT('',(0.309142638013,-1.092302834535E-06));
#8637 = CARTESIAN_POINT('',(0.313614816385,6.874632210241E-07));
#8638 = CARTESIAN_POINT('',(0.318108253261,-1.144722591868E-06));
#8639 = CARTESIAN_POINT('',(0.322643580836,-1.806521697448E-06));
#8640 = CARTESIAN_POINT('',(0.327210773382,-1.629190617938E-06));
#8641 = CARTESIAN_POINT('',(0.331784034403,-1.676715830399E-06));
#8642 = CARTESIAN_POINT('',(0.336364344797,-1.663946060063E-06));
#8643 = CARTESIAN_POINT('',(0.34094669413,-1.667499928946E-06));
#8644 = CARTESIAN_POINT('',(0.345527630295,-1.66605422375E-06));
#8645 = CARTESIAN_POINT('',(0.350103248148,-1.668283175654E-06));
#8646 = CARTESIAN_POINT('',(0.354669784036,-1.660813073234E-06));
#8647 = CARTESIAN_POINT('',(0.359223326188,-1.688464531008E-06));
#8648 = CARTESIAN_POINT('',(0.363760442322,-1.585328802332E-06));
#8649 = CARTESIAN_POINT('',(0.368276017654,-1.970220259262E-06));
#8650 = CARTESIAN_POINT('',(0.372771337111,-5.337901602177E-07));
#8651 = CARTESIAN_POINT('',(0.377226507638,5.318834080768E-07));
#8652 = CARTESIAN_POINT('',(0.381758746971,-5.875595198946E-07));
#8653 = CARTESIAN_POINT('',(0.386332538885,-1.957459881754E-06));
#8654 = CARTESIAN_POINT('',(0.390927977663,-1.582600952688E-06));
#8655 = CARTESIAN_POINT('',(0.395518946018,-1.712136307092E-06));
#8656 = CARTESIAN_POINT('',(0.400081465758,-1.568853818543E-06));
#8657 = CARTESIAN_POINT('',(0.404592122072,1.04288632665E-08));
#8658 = CARTESIAN_POINT('',(0.409023695575,6.879396601084E-07));
#8659 = CARTESIAN_POINT('',(0.413491366651,5.951008770197E-07));
#8660 = CARTESIAN_POINT('',(0.417991539256,-8.001580400875E-09));
#8661 = CARTESIAN_POINT('',(0.422500650484,-5.049970750801E-07));
#8662 = CARTESIAN_POINT('',(0.427167131107,-1.694438290521E-06));
#8663 = CARTESIAN_POINT('',(0.43186881906,-1.479040907038E-06));
#8664 = CARTESIAN_POINT('',(0.436436055402,1.920920237749E-08));
#8665 = CARTESIAN_POINT('',(0.440774529455,8.338862186546E-07));
#8666 = CARTESIAN_POINT('',(0.445211483718,7.848405207178E-07));
#8667 = CARTESIAN_POINT('',(0.449678437763,3.634426326859E-07));
#8668 = CARTESIAN_POINT('',(0.454212977835,-2.0585076796E-07));
#8669 = CARTESIAN_POINT('',(0.458762662446,-4.330102373439E-07));
#8670 = CARTESIAN_POINT('',(0.463528666785,-8.919305284827E-07));
#8671 = CARTESIAN_POINT('',(0.468410651064,2.781941119741E-07));
#8672 = CARTESIAN_POINT('',(0.472266101161,4.023899637602E-07));
#8673 = CARTESIAN_POINT('',(0.476662330099,-3.235712369406E-07));
#8674 = CARTESIAN_POINT('',(0.481793387807,-5.639480444991E-07));
#8675 = CARTESIAN_POINT('',(0.486062141549,4.016030759544E-07));
#8676 = CARTESIAN_POINT('',(0.489993459232,-5.700906985034E-08));
#8677 = CARTESIAN_POINT('',(0.494708164563,1.554739982523E-07));
#8678 = CARTESIAN_POINT('',(0.498171297467,2.05515978592E-07));
#8679 = CARTESIAN_POINT('',(0.500000117193,2.111560097066E-07));
#8680 = ( GEOMETRIC_REPRESENTATION_CONTEXT(2) 
PARAMETRIC_REPRESENTATION_CONTEXT() REPRESENTATION_CONTEXT('2D SPACE',''
  ) );
#8681 = PCURVE('',#1209,#8682);
#8682 = DEFINITIONAL_REPRESENTATION('',(#8683),#8797);
#8683 = B_SPLINE_CURVE_WITH_KNOTS('',3,(#8684,#8685,#8686,#8687,#8688,
    #8689,#8690,#8691,#8692,#8693,#8694,#8695,#8696,#8697,#8698,#8699,
    #8700,#8701,#8702,#8703,#8704,#8705,#8706,#8707,#8708,#8709,#8710,
    #8711,#8712,#8713,#8714,#8715,#8716,#8717,#8718,#8719,#8720,#8721,
    #8722,#8723,#8724,#8725,#8726,#8727,#8728,#8729,#8730,#8731,#8732,
    #8733,#8734,#8735,#8736,#8737,#8738,#8739,#8740,#8741,#8742,#8743,
    #8744,#8745,#8746,#8747,#8748,#8749,#8750,#8751,#8752,#8753,#8754,
    #8755,#8756,#8757,#8758,#8759,#8760,#8761,#8762,#8763,#8764,#8765,
    #8766,#8767,#8768,#8769,#8770,#8771,#8772,#8773,#8774,#8775,#8776,
    #8777,#8778,#8779,#8780,#8781,#8782,#8783,#8784,#8785,#8786,#8787,
    #8788,#8789,#8790,#8791,#8792,#8793,#8794,#8795,#8796),
  .UNSPECIFIED.,.F.,.F.,(4,1,1,1,1,1,1,1,1,1,1,1,1,1,1,1,1,1,1,1,1,1,1,1
    ,1,1,1,1,1,1,1,1,1,1,1,1,1,1,1,1,1,1,1,1,1,1,1,1,1,1,1,1,1,1,1,1,1,1
    ,1,1,1,1,1,1,1,1,1,1,1,1,1,1,1,1,1,1,1,1,1,1,1,1,1,1,1,1,1,1,1,1,1,1
    ,1,1,1,1,1,1,1,1,1,1,1,1,1,1,1,1,1,1,4),(0.,4.545454545455E-03,
    9.090909090909E-03,1.363636363636E-02,1.818181818182E-02,
    2.272727272727E-02,2.727272727273E-02,3.181818181818E-02,
    3.636363636364E-02,4.090909090909E-02,4.545454545455E-02,5.E-02,
    5.454545454545E-02,5.909090909091E-02,6.363636363636E-02,
    6.818181818182E-02,7.272727272727E-02,7.727272727273E-02,
    8.181818181818E-02,8.636363636364E-02,9.090909090909E-02,
    9.545454545455E-02,1.E-01,0.104545454545,0.109090909091,
    0.113636363636,0.118181818182,0.122727272727,0.127272727273,
    0.131818181818,0.136363636364,0.140909090909,0.145454545455,0.15,
    0.154545454545,0.159090909091,0.163636363636,0.168181818182,
    0.172727272727,0.177272727273,0.181818181818,0.186363636364,
    0.190909090909,0.195454545455,0.2,0.204545454545,0.209090909091,
    0.213636363636,0.218181818182,0.222727272727,0.227272727273,
    0.231818181818,0.236363636364,0.240909090909,0.245454545455,0.25,
    0.254545454545,0.259090909091,0.263636363636,0.268181818182,
    0.272727272727,0.277272727273,0.281818181818,0.286363636364,
    0.290909090909,0.295454545455,0.3,0.304545454545,0.309090909091,
    0.313636363636,0.318181818182,0.322727272727,0.327272727273,
    0.331818181818,0.336363636364,0.340909090909,0.345454545455,0.35,
    0.354545454545,0.359090909091,0.363636363636,0.368181818182,
    0.372727272727,0.377272727273,0.381818181818,0.386363636364,
    0.390909090909,0.395454545455,0.4,0.404545454545,0.409090909091,
    0.413636363636,0.418181818182,0.422727272727,0.427272727273,
    0.431818181818,0.436363636364,0.440909090909,0.445454545455,0.45,
    0.454545454545,0.459090909091,0.463636363636,0.468181818182,
    0.472727272727,0.477272727273,0.481818181818,0.486363636364,
    0.490909090909,0.495454545455,0.5),.QUASI_UNIFORM_KNOTS.);
#8684 = CARTESIAN_POINT('',(0.500800598775,0.96943902439));
#8685 = CARTESIAN_POINT('',(0.500800110597,0.96943706726));
#8686 = CARTESIAN_POINT('',(0.500799285046,0.969434234058));
#8687 = CARTESIAN_POINT('',(0.500798238195,0.969427527059));
#8688 = CARTESIAN_POINT('',(0.500797042787,0.969408671446));
#8689 = CARTESIAN_POINT('',(0.500795635608,0.969381944475));
#8690 = CARTESIAN_POINT('',(0.500794554571,0.969352563324));
#8691 = CARTESIAN_POINT('',(0.500793183674,0.969307060714));
#8692 = CARTESIAN_POINT('',(0.50079187936,0.969257143759));
#8693 = CARTESIAN_POINT('',(0.50079069531,0.969204177237));
#8694 = CARTESIAN_POINT('',(0.500789466586,0.96914089597));
#8695 = CARTESIAN_POINT('',(0.500788245829,0.969069972602));
#8696 = CARTESIAN_POINT('',(0.50078702726,0.96899140292));
#8697 = CARTESIAN_POINT('',(0.500785821257,0.968905952316));
#8698 = CARTESIAN_POINT('',(0.500784632036,0.968813984618));
#8699 = CARTESIAN_POINT('',(0.500783472345,0.968716700305));
#8700 = CARTESIAN_POINT('',(0.500782322406,0.968611861133));
#8701 = CARTESIAN_POINT('',(0.500781179135,0.968499146515));
#8702 = CARTESIAN_POINT('',(0.500780045331,0.968378851489));
#8703 = CARTESIAN_POINT('',(0.50077892222,0.968251106139));
#8704 = CARTESIAN_POINT('',(0.500777811451,0.968116084747));
#8705 = CARTESIAN_POINT('',(0.500776714561,0.967973949751));
#8706 = CARTESIAN_POINT('',(0.500775633121,0.967824866764));
#8707 = CARTESIAN_POINT('',(0.500774568693,0.967669000551));
#8708 = CARTESIAN_POINT('',(0.500773522843,0.967506516091));
#8709 = CARTESIAN_POINT('',(0.500772497141,0.967337578351));
#8710 = CARTESIAN_POINT('',(0.500771493149,0.967162352137));
#8711 = CARTESIAN_POINT('',(0.500770512463,0.966981002906));
#8712 = CARTESIAN_POINT('',(0.500769556555,0.966793693679));
#8713 = CARTESIAN_POINT('',(0.500768627368,0.966600596565));
#8714 = CARTESIAN_POINT('',(0.500767723235,0.966401872587));
#8715 = CARTESIAN_POINT('',(0.500766844893,0.966197535527));
#8716 = CARTESIAN_POINT('',(0.500765992865,0.965987623671));
#8717 = CARTESIAN_POINT('',(0.50076516773,0.965772168741));
#8718 = CARTESIAN_POINT('',(0.500764370054,0.965551204211));
#8719 = CARTESIAN_POINT('',(0.500763600405,0.965324763105));
#8720 = CARTESIAN_POINT('',(0.50076285935,0.965092878505));
#8721 = CARTESIAN_POINT('',(0.500762147458,0.964855583707));
#8722 = CARTESIAN_POINT('',(0.500761465294,0.964612911087));
#8723 = CARTESIAN_POINT('',(0.500760813431,0.964364896498));
#8724 = CARTESIAN_POINT('',(0.500760192415,0.9641115628));
#8725 = CARTESIAN_POINT('',(0.500759602891,0.963852981342));
#8726 = CARTESIAN_POINT('',(0.500759045129,0.963589042518));
#8727 = CARTESIAN_POINT('',(0.500758520798,0.963320312053));
#8728 = CARTESIAN_POINT('',(0.500758036407,0.963050105752));
#8729 = CARTESIAN_POINT('',(0.500757590528,0.96277777369));
#8730 = CARTESIAN_POINT('',(0.50075718355,0.962503572171));
#8731 = CARTESIAN_POINT('',(0.500756815374,0.96222751468));
#8732 = CARTESIAN_POINT('',(0.500756486031,0.961949679752));
#8733 = CARTESIAN_POINT('',(0.500756195515,0.961670128543));
#8734 = CARTESIAN_POINT('',(0.500755943828,0.961388926669));
#8735 = CARTESIAN_POINT('',(0.500755730969,0.961106139291));
#8736 = CARTESIAN_POINT('',(0.500755556937,0.960821828929));
#8737 = CARTESIAN_POINT('',(0.500755421729,0.960536069117));
#8738 = CARTESIAN_POINT('',(0.500755325338,0.960248891977));
#8739 = CARTESIAN_POINT('',(0.500755267775,0.959960484271));
#8740 = CARTESIAN_POINT('',(0.500755248973,0.959670455607));
#8741 = CARTESIAN_POINT('',(0.500755269154,0.959380569566));
#8742 = CARTESIAN_POINT('',(0.500755328556,0.959092523717));
#8743 = CARTESIAN_POINT('',(0.500755427111,0.958805866525));
#8744 = CARTESIAN_POINT('',(0.500755564864,0.958520706555));
#8745 = CARTESIAN_POINT('',(0.50075574171,0.958237061085));
#8746 = CARTESIAN_POINT('',(0.500755958023,0.957954752437));
#8747 = CARTESIAN_POINT('',(0.500756212409,0.957674474046));
#8748 = CARTESIAN_POINT('',(0.500756510358,0.957393477913));
#8749 = CARTESIAN_POINT('',(0.500756851333,0.95711203471));
#8750 = CARTESIAN_POINT('',(0.500757231812,0.956831905413));
#8751 = CARTESIAN_POINT('',(0.500757649155,0.956554419012));
#8752 = CARTESIAN_POINT('',(0.500758100176,0.956281142139));
#8753 = CARTESIAN_POINT('',(0.500758582991,0.956013122838));
#8754 = CARTESIAN_POINT('',(0.500759091059,0.955753245869));
#8755 = CARTESIAN_POINT('',(0.500759638122,0.955496419763));
#8756 = CARTESIAN_POINT('',(0.500760225128,0.95524194471));
#8757 = CARTESIAN_POINT('',(0.500760849482,0.954990561068));
#8758 = CARTESIAN_POINT('',(0.500761509535,0.954742623306));
#8759 = CARTESIAN_POINT('',(0.500762203388,0.954498589287));
#8760 = CARTESIAN_POINT('',(0.500762929208,0.954258889186));
#8761 = CARTESIAN_POINT('',(0.500763685145,0.954023960535));
#8762 = CARTESIAN_POINT('',(0.500764469354,0.953794239127));
#8763 = CARTESIAN_POINT('',(0.500765279994,0.953570160354));
#8764 = CARTESIAN_POINT('',(0.500766115206,0.953352162951));
#8765 = CARTESIAN_POINT('',(0.500766973202,0.953140672681));
#8766 = CARTESIAN_POINT('',(0.500767851942,0.952936163849));
#8767 = CARTESIAN_POINT('',(0.500768750321,0.952738929572));
#8768 = CARTESIAN_POINT('',(0.500769663757,0.952549939169));
#8769 = CARTESIAN_POINT('',(0.500770621112,0.952363912708));
#8770 = CARTESIAN_POINT('',(0.500771611597,0.95218245656));
#8771 = CARTESIAN_POINT('',(0.500772629225,0.952006366157));
#8772 = CARTESIAN_POINT('',(0.50077366674,0.951836652658));
#8773 = CARTESIAN_POINT('',(0.500774717197,0.951674275252));
#8774 = CARTESIAN_POINT('',(0.500775773713,0.951520185283));
#8775 = CARTESIAN_POINT('',(0.500776828893,0.951375417438));
#8776 = CARTESIAN_POINT('',(0.500777909087,0.951236447727));
#8777 = CARTESIAN_POINT('',(0.500779012148,0.951103667736));
#8778 = CARTESIAN_POINT('',(0.500780130756,0.950977647101));
#8779 = CARTESIAN_POINT('',(0.500781300668,0.950855345556));
#8780 = CARTESIAN_POINT('',(0.500782493469,0.950739186711));
#8781 = CARTESIAN_POINT('',(0.500783665893,0.950632864199));
#8782 = CARTESIAN_POINT('',(0.500784792078,0.950538616416));
#8783 = CARTESIAN_POINT('',(0.500785955814,0.950449452672));
#8784 = CARTESIAN_POINT('',(0.500787137951,0.950366928658));
#8785 = CARTESIAN_POINT('',(0.500788347169,0.950290483651));
#8786 = CARTESIAN_POINT('',(0.500789567899,0.950220804858));
#8787 = CARTESIAN_POINT('',(0.500790853738,0.950155704168));
#8788 = CARTESIAN_POINT('',(0.500792175484,0.950096210328));
#8789 = CARTESIAN_POINT('',(0.500793223243,0.950055872844));
#8790 = CARTESIAN_POINT('',(0.500794421417,0.950017105207));
#8791 = CARTESIAN_POINT('',(0.500795820335,0.949981151183));
#8792 = CARTESIAN_POINT('',(0.500796985253,0.949956161782));
#8793 = CARTESIAN_POINT('',(0.500798063358,0.949941726764));
#8794 = CARTESIAN_POINT('',(0.500799358289,0.949931328762));
#8795 = CARTESIAN_POINT('',(0.500800310919,0.94992827308));
#8796 = CARTESIAN_POINT('',(0.50080081417,0.949927615571));
#8797 = ( GEOMETRIC_REPRESENTATION_CONTEXT(2) 
PARAMETRIC_REPRESENTATION_CONTEXT() REPRESENTATION_CONTEXT('2D SPACE',''
  ) );
#8798 = ORIENTED_EDGE('',*,*,#1542,.T.);
#8799 = ADVANCED_FACE('',(#8800),#837,.F.);
#8800 = FACE_BOUND('',#8801,.F.);
#8801 = EDGE_LOOP('',(#8802,#8803,#8804,#9035));
#8802 = ORIENTED_EDGE('',*,*,#5261,.F.);
#8803 = ORIENTED_EDGE('',*,*,#757,.F.);
#8804 = ORIENTED_EDGE('',*,*,#8805,.T.);
#8805 = EDGE_CURVE('',#758,#1083,#8806,.T.);
#8806 = SURFACE_CURVE('',#8807,(#8845,#8940),.PCURVE_S1.);
#8807 = B_SPLINE_CURVE_WITH_KNOTS('',3,(#8808,#8809,#8810,#8811,#8812,
    #8813,#8814,#8815,#8816,#8817,#8818,#8819,#8820,#8821,#8822,#8823,
    #8824,#8825,#8826,#8827,#8828,#8829,#8830,#8831,#8832,#8833,#8834,
    #8835,#8836,#8837,#8838,#8839,#8840,#8841,#8842,#8843,#8844),
  .UNSPECIFIED.,.F.,.F.,(4,2,2,2,2,2,2,2,2,2,2,1,2,2,1,2,2,1,2,4),(0.,
    3.124999999972E-02,6.249999999944E-02,9.374999999916E-02,
    0.124999999999,0.156249999999,0.187499999998,0.249999999998,
    0.281249999997,0.296874999997,0.312499999997,0.343749999997,
    0.359374999997,0.374999999997,0.406249999996,0.421874999996,
    0.437499999996,0.468749999996,0.484374999996,0.499999999996),
  .UNSPECIFIED.);
#8808 = CARTESIAN_POINT('',(28.8705,17.590161405488,-4.167551378376));
#8809 = CARTESIAN_POINT('',(28.870043891532,17.552394769726,
    -4.190180210851));
#8810 = CARTESIAN_POINT('',(28.86650291595,17.515622141762,
    -4.212126022108));
#8811 = CARTESIAN_POINT('',(28.853251230557,17.444062134755,
    -4.254679927962));
#8812 = CARTESIAN_POINT('',(28.844114083071,17.410789665828,
    -4.274393644535));
#8813 = CARTESIAN_POINT('',(28.817375804573,17.340167717935,
    -4.316087682047));
#8814 = CARTESIAN_POINT('',(28.800742435341,17.306494278632,
    -4.335891393617));
#8815 = CARTESIAN_POINT('',(28.760947236907,17.24241826997,
    -4.373455196229));
#8816 = CARTESIAN_POINT('',(28.738567521654,17.212867157886,
    -4.390719321179));
#8817 = CARTESIAN_POINT('',(28.684151175384,17.153626181588,
    -4.425226648339));
#8818 = CARTESIAN_POINT('',(28.654376557124,17.12715802751,
    -4.440590615301));
#8819 = CARTESIAN_POINT('',(28.589694430342,17.080520003357,
    -4.467604518411));
#8820 = CARTESIAN_POINT('',(28.55598910789,17.060896246124,
    -4.478939492813));
#8821 = CARTESIAN_POINT('',(28.439960688735,17.008188423714,
    -4.509337875846));
#8822 = CARTESIAN_POINT('',(28.35779941398,16.990470182719,
    -4.519499045103));
#8823 = CARTESIAN_POINT('',(28.229586398644,16.990013507959,
    -4.519761424739));
#8824 = CARTESIAN_POINT('',(28.187693462921,16.994278701515,
    -4.517312089263));
#8825 = CARTESIAN_POINT('',(28.126121163401,17.007303704309,
    -4.509821787102));
#8826 = CARTESIAN_POINT('',(28.105808247573,17.012749930721,
    -4.506688730267));
#8827 = CARTESIAN_POINT('',(28.065604783943,17.025851962835,
    -4.499145311147));
#8828 = CARTESIAN_POINT('',(28.044643378552,17.033984496216,
    -4.494460024676));
#8829 = CARTESIAN_POINT('',(27.988817859917,17.058837072567,
    -4.480127786867));
#8830 = CARTESIAN_POINT('',(27.936424343872,17.088800479639,
    -4.46282382103));
#8831 = CARTESIAN_POINT('',(27.88917883168,17.126436018123,
    -4.441002007851));
#8832 = CARTESIAN_POINT('',(27.858825824416,17.153232157683,
    -4.425441336017));
#8833 = CARTESIAN_POINT('',(27.843190050076,17.168593147498,
    -4.416508139314));
#8834 = CARTESIAN_POINT('',(27.804186355145,17.210575921599,
    -4.392054694973));
#8835 = CARTESIAN_POINT('',(27.769662485934,17.255745475601,
    -4.365673025621));
#8836 = CARTESIAN_POINT('',(27.741858355279,17.305700706585,
    -4.336342635452));
#8837 = CARTESIAN_POINT('',(27.724815543415,17.340068370273,
    -4.3161266798));
#8838 = CARTESIAN_POINT('',(27.716434972196,17.359357238366,
    -4.304758877043));
#8839 = CARTESIAN_POINT('',(27.697167988816,17.409383464888,
    -4.275223078561));
#8840 = CARTESIAN_POINT('',(27.682596764822,17.461395246426,
    -4.244412529225));
#8841 = CARTESIAN_POINT('',(27.675069179898,17.516389291242,
    -4.211649609975));
#8842 = CARTESIAN_POINT('',(27.671616043077,17.553715180783,
    -4.189369014062));
#8843 = CARTESIAN_POINT('',(27.670659876582,17.574174294368,
    -4.17713175683));
#8844 = CARTESIAN_POINT('',(27.670510785948,17.592035966299,
    -4.166427825003));
#8845 = PCURVE('',#837,#8846);
#8846 = DEFINITIONAL_REPRESENTATION('',(#8847),#8939);
#8847 = B_SPLINE_CURVE_WITH_KNOTS('',3,(#8848,#8849,#8850,#8851,#8852,
    #8853,#8854,#8855,#8856,#8857,#8858,#8859,#8860,#8861,#8862,#8863,
    #8864,#8865,#8866,#8867,#8868,#8869,#8870,#8871,#8872,#8873,#8874,
    #8875,#8876,#8877,#8878,#8879,#8880,#8881,#8882,#8883,#8884,#8885,
    #8886,#8887,#8888,#8889,#8890,#8891,#8892,#8893,#8894,#8895,#8896,
    #8897,#8898,#8899,#8900,#8901,#8902,#8903,#8904,#8905,#8906,#8907,
    #8908,#8909,#8910,#8911,#8912,#8913,#8914,#8915,#8916,#8917,#8918,
    #8919,#8920,#8921,#8922,#8923,#8924,#8925,#8926,#8927,#8928,#8929,
    #8930,#8931,#8932,#8933,#8934,#8935,#8936,#8937,#8938),
  .UNSPECIFIED.,.F.,.F.,(4,1,1,1,1,1,1,1,1,1,1,1,1,1,1,1,1,1,1,1,1,1,1,1
    ,1,1,1,1,1,1,1,1,1,1,1,1,1,1,1,1,1,1,1,1,1,1,1,1,1,1,1,1,1,1,1,1,1,1
    ,1,1,1,1,1,1,1,1,1,1,1,1,1,1,1,1,1,1,1,1,1,1,1,1,1,1,1,1,1,1,4),(0.,
    5.681818181767E-03,1.136363636353E-02,1.70454545453E-02,
    2.272727272707E-02,2.840909090884E-02,3.40909090906E-02,
    3.977272727237E-02,4.545454545414E-02,5.11363636359E-02,
    5.681818181767E-02,6.249999999944E-02,6.818181818121E-02,
    7.386363636297E-02,7.954545454474E-02,8.522727272651E-02,
    9.090909090828E-02,9.659090909004E-02,0.102272727272,0.107954545454,
    0.113636363635,0.119318181817,0.124999999999,0.130681818181,
    0.136363636362,0.142045454544,0.147727272726,0.153409090908,
    0.159090909089,0.164772727271,0.170454545453,0.176136363635,
    0.181818181817,0.187499999998,0.19318181818,0.198863636362,
    0.204545454544,0.210227272725,0.215909090907,0.221590909089,
    0.227272727271,0.232954545452,0.238636363634,0.244318181816,
    0.249999999998,0.25568181818,0.261363636361,0.267045454543,
    0.272727272725,0.278409090907,0.284090909088,0.28977272727,
    0.295454545452,0.301136363634,0.306818181815,0.312499999997,
    0.318181818179,0.323863636361,0.329545454542,0.335227272724,
    0.340909090906,0.346590909088,0.35227272727,0.357954545451,
    0.363636363633,0.369318181815,0.374999999997,0.380681818178,
    0.38636363636,0.392045454542,0.397727272724,0.403409090905,
    0.409090909087,0.414772727269,0.420454545451,0.426136363633,
    0.431818181814,0.437499999996,0.443181818178,0.44886363636,
    0.454545454541,0.460227272723,0.465909090905,0.471590909087,
    0.477272727268,0.48295454545,0.488636363632,0.494318181814,
    0.499999999996),.QUASI_UNIFORM_KNOTS.);
#8848 = CARTESIAN_POINT('',(0.,0.));
#8849 = CARTESIAN_POINT('',(1.98360656313E-03,5.754282967818E-08));
#8850 = CARTESIAN_POINT('',(5.926587216063E-03,-4.692379261547E-07));
#8851 = CARTESIAN_POINT('',(1.177430427247E-02,-1.987613413684E-06));
#8852 = CARTESIAN_POINT('',(1.755991297134E-02,-1.580308418823E-06));
#8853 = CARTESIAN_POINT('',(2.329260163847E-02,-1.691152910737E-06));
#8854 = CARTESIAN_POINT('',(2.897736242721E-02,-1.655079937941E-06));
#8855 = CARTESIAN_POINT('',(3.462684077259E-02,-1.68852733721E-06));
#8856 = CARTESIAN_POINT('',(4.01665045384E-02,-1.590810712932E-06));
#8857 = CARTESIAN_POINT('',(4.566649531628E-02,-1.948229810776E-06));
#8858 = CARTESIAN_POINT('',(5.117979273304E-02,-6.162700436756E-07));
#8859 = CARTESIAN_POINT('',(5.675632537714E-02,-6.731734032023E-07));
#8860 = CARTESIAN_POINT('',(6.24873924725E-02,1.091930204312E-07));
#8861 = CARTESIAN_POINT('',(6.829261896021E-02,2.316267602899E-06));
#8862 = CARTESIAN_POINT('',(7.40507106652E-02,4.047712389883E-06));
#8863 = CARTESIAN_POINT('',(7.978630038778E-02,5.985417615893E-06));
#8864 = CARTESIAN_POINT('',(8.547086631441E-02,7.803016753662E-06));
#8865 = CARTESIAN_POINT('',(9.112742334824E-02,8.857375477225E-06));
#8866 = CARTESIAN_POINT('',(9.676671520404E-02,8.74649660368E-06));
#8867 = CARTESIAN_POINT('',(0.10234370472,9.030858678217E-06));
#8868 = CARTESIAN_POINT('',(0.107911413087,7.746525350191E-06));
#8869 = CARTESIAN_POINT('',(0.11351251631,4.755870308178E-06));
#8870 = CARTESIAN_POINT('',(0.119180520947,7.672361480554E-07));
#8871 = CARTESIAN_POINT('',(0.124991247017,-3.092230701468E-07));
#8872 = CARTESIAN_POINT('',(0.130853502169,2.172327703416E-06));
#8873 = CARTESIAN_POINT('',(0.13664324442,3.77462482972E-06));
#8874 = CARTESIAN_POINT('',(0.142414844459,5.576086785961E-06));
#8875 = CARTESIAN_POINT('',(0.14812488625,8.252878358062E-06));
#8876 = CARTESIAN_POINT('',(0.153784611655,1.054027911749E-05));
#8877 = CARTESIAN_POINT('',(0.159413359953,1.131519144226E-05));
#8878 = CARTESIAN_POINT('',(0.164964559032,1.297113159221E-05));
#8879 = CARTESIAN_POINT('',(0.170498480371,1.181211966983E-05));
#8880 = CARTESIAN_POINT('',(0.17606381735,7.523699354486E-06));
#8881 = CARTESIAN_POINT('',(0.181699249164,1.31127132154E-06));
#8882 = CARTESIAN_POINT('',(0.187490432971,-9.309183349379E-07));
#8883 = CARTESIAN_POINT('',(0.193338989778,2.498012460919E-06));
#8884 = CARTESIAN_POINT('',(0.199135510052,5.995423324231E-06));
#8885 = CARTESIAN_POINT('',(0.204858858134,1.213495426748E-05));
#8886 = CARTESIAN_POINT('',(0.210528462713,1.803298752757E-05));
#8887 = CARTESIAN_POINT('',(0.216160435727,2.179196458271E-05));
#8888 = CARTESIAN_POINT('',(0.221770119885,2.23230435584E-05));
#8889 = CARTESIAN_POINT('',(0.227372641818,1.939924520423E-05));
#8890 = CARTESIAN_POINT('',(0.232982340243,1.362695057468E-05));
#8891 = CARTESIAN_POINT('',(0.238614726905,6.541949313201E-06));
#8892 = CARTESIAN_POINT('',(0.244279356473,3.337837538061E-07));
#8893 = CARTESIAN_POINT('',(0.250006292878,-1.026340981955E-06));
#8894 = CARTESIAN_POINT('',(0.255695472054,3.755032880959E-06));
#8895 = CARTESIAN_POINT('',(0.261333163812,9.72020571617E-06));
#8896 = CARTESIAN_POINT('',(0.266943387815,1.46724012773E-05));
#8897 = CARTESIAN_POINT('',(0.2725402371,1.698176167371E-05));
#8898 = CARTESIAN_POINT('',(0.278141265648,1.609350751475E-05));
#8899 = CARTESIAN_POINT('',(0.283761522067,1.253375511349E-05));
#8900 = CARTESIAN_POINT('',(0.289424171185,7.242617355627E-06));
#8901 = CARTESIAN_POINT('',(0.295124178427,3.903901907238E-06));
#8902 = CARTESIAN_POINT('',(0.300893737579,-9.653682243482E-07));
#8903 = CARTESIAN_POINT('',(0.306821303505,-2.267966376354E-06));
#8904 = CARTESIAN_POINT('',(0.312533009667,3.723373005052E-08));
#8905 = CARTESIAN_POINT('',(0.318046623707,2.017158221112E-06));
#8906 = CARTESIAN_POINT('',(0.323610359019,3.926407087024E-06));
#8907 = CARTESIAN_POINT('',(0.329173643266,4.970206483396E-06));
#8908 = CARTESIAN_POINT('',(0.33477257196,5.587671783798E-06));
#8909 = CARTESIAN_POINT('',(0.340398859176,6.479973268352E-06));
#8910 = CARTESIAN_POINT('',(0.346040774321,6.581559397107E-06));
#8911 = CARTESIAN_POINT('',(0.351720541893,5.406513324618E-06));
#8912 = CARTESIAN_POINT('',(0.357427028365,3.954068788591E-06));
#8913 = CARTESIAN_POINT('',(0.363252126651,-5.022801070729E-07));
#8914 = CARTESIAN_POINT('',(0.369298003351,-2.422393318794E-06));
#8915 = CARTESIAN_POINT('',(0.375043518726,1.918533825358E-07));
#8916 = CARTESIAN_POINT('',(0.380528000154,1.791321335898E-06));
#8917 = CARTESIAN_POINT('',(0.386110041518,4.131058282176E-06));
#8918 = CARTESIAN_POINT('',(0.391672815341,5.828645374546E-06));
#8919 = CARTESIAN_POINT('',(0.39725619324,6.571417051693E-06));
#8920 = CARTESIAN_POINT('',(0.40286067609,6.165539045426E-06));
#8921 = CARTESIAN_POINT('',(0.408495726676,4.795820666778E-06));
#8922 = CARTESIAN_POINT('',(0.414176776004,2.651500799616E-06));
#8923 = CARTESIAN_POINT('',(0.419888585847,8.272046511439E-07));
#8924 = CARTESIAN_POINT('',(0.425734529002,-2.21308675004E-06));
#8925 = CARTESIAN_POINT('',(0.431830016765,-1.974857650695E-06));
#8926 = CARTESIAN_POINT('',(0.43755589456,1.125173531084E-07));
#8927 = CARTESIAN_POINT('',(0.442946518541,1.684794350555E-06));
#8928 = CARTESIAN_POINT('',(0.448451627335,1.746276391291E-06));
#8929 = CARTESIAN_POINT('',(0.453960071225,9.320582944053E-07));
#8930 = CARTESIAN_POINT('',(0.459511140238,-2.657556062108E-07));
#8931 = CARTESIAN_POINT('',(0.465103874449,-2.043311062563E-06));
#8932 = CARTESIAN_POINT('',(0.470748241646,-1.561000143249E-06));
#8933 = CARTESIAN_POINT('',(0.476455168622,-1.712688364152E-06));
#8934 = CARTESIAN_POINT('',(0.482209005294,-1.588246399856E-06));
#8935 = CARTESIAN_POINT('',(0.488105088909,-1.934326036137E-06));
#8936 = CARTESIAN_POINT('',(0.494228149957,-6.744494553099E-07));
#8937 = CARTESIAN_POINT('',(0.498140019122,-6.504851323509E-08));
#8938 = CARTESIAN_POINT('',(0.500000036709,4.855368487983E-08));
#8939 = ( GEOMETRIC_REPRESENTATION_CONTEXT(2) 
PARAMETRIC_REPRESENTATION_CONTEXT() REPRESENTATION_CONTEXT('2D SPACE',''
  ) );
#8940 = PCURVE('',#1209,#8941);
#8941 = DEFINITIONAL_REPRESENTATION('',(#8942),#9034);
#8942 = B_SPLINE_CURVE_WITH_KNOTS('',3,(#8943,#8944,#8945,#8946,#8947,
    #8948,#8949,#8950,#8951,#8952,#8953,#8954,#8955,#8956,#8957,#8958,
    #8959,#8960,#8961,#8962,#8963,#8964,#8965,#8966,#8967,#8968,#8969,
    #8970,#8971,#8972,#8973,#8974,#8975,#8976,#8977,#8978,#8979,#8980,
    #8981,#8982,#8983,#8984,#8985,#8986,#8987,#8988,#8989,#8990,#8991,
    #8992,#8993,#8994,#8995,#8996,#8997,#8998,#8999,#9000,#9001,#9002,
    #9003,#9004,#9005,#9006,#9007,#9008,#9009,#9010,#9011,#9012,#9013,
    #9014,#9015,#9016,#9017,#9018,#9019,#9020,#9021,#9022,#9023,#9024,
    #9025,#9026,#9027,#9028,#9029,#9030,#9031,#9032,#9033),
  .UNSPECIFIED.,.F.,.F.,(4,1,1,1,1,1,1,1,1,1,1,1,1,1,1,1,1,1,1,1,1,1,1,1
    ,1,1,1,1,1,1,1,1,1,1,1,1,1,1,1,1,1,1,1,1,1,1,1,1,1,1,1,1,1,1,1,1,1,1
    ,1,1,1,1,1,1,1,1,1,1,1,1,1,1,1,1,1,1,1,1,1,1,1,1,1,1,1,1,1,1,4),(0.,
    5.681818181767E-03,1.136363636353E-02,1.70454545453E-02,
    2.272727272707E-02,2.840909090884E-02,3.40909090906E-02,
    3.977272727237E-02,4.545454545414E-02,5.11363636359E-02,
    5.681818181767E-02,6.249999999944E-02,6.818181818121E-02,
    7.386363636297E-02,7.954545454474E-02,8.522727272651E-02,
    9.090909090828E-02,9.659090909004E-02,0.102272727272,0.107954545454,
    0.113636363635,0.119318181817,0.124999999999,0.130681818181,
    0.136363636362,0.142045454544,0.147727272726,0.153409090908,
    0.159090909089,0.164772727271,0.170454545453,0.176136363635,
    0.181818181817,0.187499999998,0.19318181818,0.198863636362,
    0.204545454544,0.210227272725,0.215909090907,0.221590909089,
    0.227272727271,0.232954545452,0.238636363634,0.244318181816,
    0.249999999998,0.25568181818,0.261363636361,0.267045454543,
    0.272727272725,0.278409090907,0.284090909088,0.28977272727,
    0.295454545452,0.301136363634,0.306818181815,0.312499999997,
    0.318181818179,0.323863636361,0.329545454542,0.335227272724,
    0.340909090906,0.346590909088,0.35227272727,0.357954545451,
    0.363636363633,0.369318181815,0.374999999997,0.380681818178,
    0.38636363636,0.392045454542,0.397727272724,0.403409090905,
    0.409090909087,0.414772727269,0.420454545451,0.426136363633,
    0.431818181814,0.437499999996,0.443181818178,0.44886363636,
    0.454545454541,0.460227272723,0.465909090905,0.471590909087,
    0.477272727268,0.48295454545,0.488636363632,0.494318181814,
    0.499999999996),.QUASI_UNIFORM_KNOTS.);
#8943 = CARTESIAN_POINT('',(0.501173722497,0.96943902439));
#8944 = CARTESIAN_POINT('',(0.501173215312,0.969437675954));
#8945 = CARTESIAN_POINT('',(0.501172205752,0.969431662771));
#8946 = CARTESIAN_POINT('',(0.501170705836,0.969412693328));
#8947 = CARTESIAN_POINT('',(0.501169220371,0.969383776422));
#8948 = CARTESIAN_POINT('',(0.501167749259,0.969344903965));
#8949 = CARTESIAN_POINT('',(0.501166292861,0.969296106107));
#8950 = CARTESIAN_POINT('',(0.501164849831,0.969237270336));
#8951 = CARTESIAN_POINT('',(0.501163440307,0.969170077791));
#8952 = CARTESIAN_POINT('',(0.501162048604,0.969093213665));
#8953 = CARTESIAN_POINT('',(0.501160662975,0.969005715563));
#8954 = CARTESIAN_POINT('',(0.501159273481,0.968906693885));
#8955 = CARTESIAN_POINT('',(0.50115785889,0.968794615449));
#8956 = CARTESIAN_POINT('',(0.501156441219,0.968670448593));
#8957 = CARTESIAN_POINT('',(0.501155054668,0.968536171716));
#8958 = CARTESIAN_POINT('',(0.501153690089,0.968391257434));
#8959 = CARTESIAN_POINT('',(0.501152349883,0.968235836882));
#8960 = CARTESIAN_POINT('',(0.501151033593,0.968069912903));
#8961 = CARTESIAN_POINT('',(0.501149740641,0.967893342994));
#8962 = CARTESIAN_POINT('',(0.501148482296,0.967708414171));
#8963 = CARTESIAN_POINT('',(0.501147249801,0.967513344217));
#8964 = CARTESIAN_POINT('',(0.501146036336,0.967306783541));
#8965 = CARTESIAN_POINT('',(0.501144837083,0.96708765747));
#8966 = CARTESIAN_POINT('',(0.501143637221,0.966853359033));
#8967 = CARTESIAN_POINT('',(0.501142459886,0.966607135524));
#8968 = CARTESIAN_POINT('',(0.501141335066,0.966353611392));
#8969 = CARTESIAN_POINT('',(0.501140254739,0.966091551706));
#8970 = CARTESIAN_POINT('',(0.501139221024,0.965821271738));
#8971 = CARTESIAN_POINT('',(0.501138233471,0.965542745335));
#8972 = CARTESIAN_POINT('',(0.501137291748,0.965255761837));
#8973 = CARTESIAN_POINT('',(0.501136403078,0.964963833605));
#8974 = CARTESIAN_POINT('',(0.501135561851,0.964664224854));
#8975 = CARTESIAN_POINT('',(0.501134763649,0.96435484951));
#8976 = CARTESIAN_POINT('',(0.501134005536,0.964034098511));
#8977 = CARTESIAN_POINT('',(0.501133277419,0.963697805036));
#8978 = CARTESIAN_POINT('',(0.501132596313,0.963351556289));
#8979 = CARTESIAN_POINT('',(0.501131983644,0.963003168232));
#8980 = CARTESIAN_POINT('',(0.501131433693,0.962650685502));
#8981 = CARTESIAN_POINT('',(0.501130948008,0.962294771056));
#8982 = CARTESIAN_POINT('',(0.501130526189,0.96193538588));
#8983 = CARTESIAN_POINT('',(0.50113016835,0.96157268054));
#8984 = CARTESIAN_POINT('',(0.501129874463,0.961206749243));
#8985 = CARTESIAN_POINT('',(0.501129644537,0.960837722054));
#8986 = CARTESIAN_POINT('',(0.501129478553,0.960465641969));
#8987 = CARTESIAN_POINT('',(0.501129376546,0.960090864396));
#8988 = CARTESIAN_POINT('',(0.501129338339,0.959712582164));
#8989 = CARTESIAN_POINT('',(0.501129364527,0.959334326014));
#8990 = CARTESIAN_POINT('',(0.501129455725,0.958959517542));
#8991 = CARTESIAN_POINT('',(0.501129611779,0.958587238711));
#8992 = CARTESIAN_POINT('',(0.501129832723,0.958217740072));
#8993 = CARTESIAN_POINT('',(0.50113011858,0.957850937461));
#8994 = CARTESIAN_POINT('',(0.501130469205,0.957486916979));
#8995 = CARTESIAN_POINT('',(0.501130885126,0.957125418385));
#8996 = CARTESIAN_POINT('',(0.501131364392,0.956767396547));
#8997 = CARTESIAN_POINT('',(0.501131914286,0.956409292228));
#8998 = CARTESIAN_POINT('',(0.501132542002,0.956047433071));
#8999 = CARTESIAN_POINT('',(0.501133201921,0.955704777302));
#9000 = CARTESIAN_POINT('',(0.501133891746,0.95538076234));
#9001 = CARTESIAN_POINT('',(0.501134636963,0.95506110924));
#9002 = CARTESIAN_POINT('',(0.501135430753,0.954749642865));
#9003 = CARTESIAN_POINT('',(0.501136274923,0.954445342705));
#9004 = CARTESIAN_POINT('',(0.501137169068,0.954148465937));
#9005 = CARTESIAN_POINT('',(0.501138112992,0.953859004366));
#9006 = CARTESIAN_POINT('',(0.501139107863,0.953576733594));
#9007 = CARTESIAN_POINT('',(0.501140149202,0.953302559404));
#9008 = CARTESIAN_POINT('',(0.501141253777,0.953033083066));
#9009 = CARTESIAN_POINT('',(0.501142439026,0.952764666026));
#9010 = CARTESIAN_POINT('',(0.501143596116,0.952519796701));
#9011 = CARTESIAN_POINT('',(0.501144729692,0.9522965197));
#9012 = CARTESIAN_POINT('',(0.501145909007,0.952079670201));
#9013 = CARTESIAN_POINT('',(0.501147115515,0.951873310923));
#9014 = CARTESIAN_POINT('',(0.501148354154,0.951676355811));
#9015 = CARTESIAN_POINT('',(0.501149623715,0.951489086365));
#9016 = CARTESIAN_POINT('',(0.501150924098,0.951311462638));
#9017 = CARTESIAN_POINT('',(0.5011522569,0.951143362922));
#9018 = CARTESIAN_POINT('',(0.501153615832,0.95098531399));
#9019 = CARTESIAN_POINT('',(0.501155024458,0.950835330465));
#9020 = CARTESIAN_POINT('',(0.501156508144,0.950691235654));
#9021 = CARTESIAN_POINT('',(0.501157910247,0.950566385989));
#9022 = CARTESIAN_POINT('',(0.501159246851,0.950459088137));
#9023 = CARTESIAN_POINT('',(0.501160625482,0.950359888981));
#9024 = CARTESIAN_POINT('',(0.501162017339,0.95027132146));
#9025 = CARTESIAN_POINT('',(0.501163430109,0.950192706931));
#9026 = CARTESIAN_POINT('',(0.501164861845,0.950124227028));
#9027 = CARTESIAN_POINT('',(0.501166312643,0.950065833861));
#9028 = CARTESIAN_POINT('',(0.501167784062,0.950017537356));
#9029 = CARTESIAN_POINT('',(0.501169269772,0.949979345699));
#9030 = CARTESIAN_POINT('',(0.501170793536,0.949951216216));
#9031 = CARTESIAN_POINT('',(0.501172372062,0.94993311787));
#9032 = CARTESIAN_POINT('',(0.501173380909,0.949927886788));
#9033 = CARTESIAN_POINT('',(0.501173860965,0.94992700465));
#9034 = ( GEOMETRIC_REPRESENTATION_CONTEXT(2) 
PARAMETRIC_REPRESENTATION_CONTEXT() REPRESENTATION_CONTEXT('2D SPACE',''
  ) );
#9035 = ORIENTED_EDGE('',*,*,#1082,.T.);
#9036 = ADVANCED_FACE('',(#9037),#304,.T.);
#9037 = FACE_BOUND('',#9038,.T.);
#9038 = EDGE_LOOP('',(#9039,#9062,#9128,#9129,#9150));
#9039 = ORIENTED_EDGE('',*,*,#9040,.F.);
#9040 = EDGE_CURVE('',#9041,#5402,#9043,.T.);
#9041 = VERTEX_POINT('',#9042);
#9042 = CARTESIAN_POINT('',(0.709104171378,41.300595297074,
    -0.35412912475));
#9043 = SURFACE_CURVE('',#9044,(#9048,#9055),.PCURVE_S1.);
#9044 = LINE('',#9045,#9046);
#9045 = CARTESIAN_POINT('',(0.709104171378,41.300595297074,-30.));
#9046 = VECTOR('',#9047,1.);
#9047 = DIRECTION('',(0.,0.,1.));
#9048 = PCURVE('',#304,#9049);
#9049 = DEFINITIONAL_REPRESENTATION('',(#9050),#9054);
#9050 = LINE('',#9051,#9052);
#9051 = CARTESIAN_POINT('',(1.208361337215,0.));
#9052 = VECTOR('',#9053,1.);
#9053 = DIRECTION('',(0.,1.));
#9054 = ( GEOMETRIC_REPRESENTATION_CONTEXT(2) 
PARAMETRIC_REPRESENTATION_CONTEXT() REPRESENTATION_CONTEXT('2D SPACE',''
  ) );
#9055 = PCURVE('',#5583,#9056);
#9056 = DEFINITIONAL_REPRESENTATION('',(#9057),#9061);
#9057 = LINE('',#9058,#9059);
#9058 = CARTESIAN_POINT('',(0.,0.));
#9059 = VECTOR('',#9060,1.);
#9060 = DIRECTION('',(0.,1.));
#9061 = ( GEOMETRIC_REPRESENTATION_CONTEXT(2) 
PARAMETRIC_REPRESENTATION_CONTEXT() REPRESENTATION_CONTEXT('2D SPACE',''
  ) );
#9062 = ORIENTED_EDGE('',*,*,#9063,.T.);
#9063 = EDGE_CURVE('',#9041,#251,#9064,.T.);
#9064 = SURFACE_CURVE('',#9065,(#9070,#9099),.PCURVE_S1.);
#9065 = ( BOUNDED_CURVE() B_SPLINE_CURVE(3,(#9066,#9067,#9068,#9069),
.UNSPECIFIED.,.F.,.F.) B_SPLINE_CURVE_WITH_KNOTS((4,4),(5.9207503176,
6.28318530718),.PIECEWISE_BEZIER_KNOTS.) CURVE() 
GEOMETRIC_REPRESENTATION_ITEM() RATIONAL_B_SPLINE_CURVE((1.,
0.989083330731,0.989083330731,1.)) REPRESENTATION_ITEM('') );
#9066 = CARTESIAN_POINT('',(0.709104171378,41.300595297074,
    -0.35412912475));
#9067 = CARTESIAN_POINT('',(0.481932171267,41.386735599208,
    -0.306579983407));
#9068 = CARTESIAN_POINT('',(0.242955282483,41.43052276529,
    -0.282409622989));
#9069 = CARTESIAN_POINT('',(0.,41.43052276529,-0.282409622989));
#9070 = PCURVE('',#304,#9071);
#9071 = DEFINITIONAL_REPRESENTATION('',(#9072),#9098);
#9072 = B_SPLINE_CURVE_WITH_KNOTS('',3,(#9073,#9074,#9075,#9076,#9077,
    #9078,#9079,#9080,#9081,#9082,#9083,#9084,#9085,#9086,#9087,#9088,
    #9089,#9090,#9091,#9092,#9093,#9094,#9095,#9096,#9097),
  .UNSPECIFIED.,.F.,.F.,(4,1,1,1,1,1,1,1,1,1,1,1,1,1,1,1,1,1,1,1,1,1,4),
  (5.9207503176,5.937224635308,5.953698953016,5.970173270725,
    5.986647588433,6.003121906141,6.019596223849,6.036070541557,
    6.052544859265,6.069019176973,6.085493494682,6.10196781239,
    6.118442130098,6.134916447806,6.151390765514,6.167865083222,
    6.184339400931,6.200813718639,6.217288036347,6.233762354055,
    6.250236671763,6.266710989471,6.28318530718),.QUASI_UNIFORM_KNOTS.);
#9073 = CARTESIAN_POINT('',(1.208361337215,29.64587087525));
#9074 = CARTESIAN_POINT('',(1.21382276803,29.648008622245));
#9075 = CARTESIAN_POINT('',(1.224753765331,29.652194865097));
#9076 = CARTESIAN_POINT('',(1.241172494834,29.658202997465));
#9077 = CARTESIAN_POINT('',(1.257611290906,29.663936338685));
#9078 = CARTESIAN_POINT('',(1.274067963892,29.66939161214));
#9079 = CARTESIAN_POINT('',(1.290540311441,29.674565733774));
#9080 = CARTESIAN_POINT('',(1.307026118026,29.679455843036));
#9081 = CARTESIAN_POINT('',(1.323523157313,29.684059300865));
#9082 = CARTESIAN_POINT('',(1.340029193782,29.688373695974));
#9083 = CARTESIAN_POINT('',(1.356541984582,29.692396848342));
#9084 = CARTESIAN_POINT('',(1.373059281343,29.696126812875));
#9085 = CARTESIAN_POINT('',(1.389578832005,29.699561882426));
#9086 = CARTESIAN_POINT('',(1.406098382668,29.702700590377));
#9087 = CARTESIAN_POINT('',(1.422615679428,29.705541712719));
#9088 = CARTESIAN_POINT('',(1.439128470229,29.708084269644));
#9089 = CARTESIAN_POINT('',(1.455634506698,29.710327526619));
#9090 = CARTESIAN_POINT('',(1.472131545984,29.71227099501));
#9091 = CARTESIAN_POINT('',(1.48861735257,29.713914432007));
#9092 = CARTESIAN_POINT('',(1.505089700118,29.715257840777));
#9093 = CARTESIAN_POINT('',(1.521546373105,29.716301467393));
#9094 = CARTESIAN_POINT('',(1.537985169177,29.717045807452));
#9095 = CARTESIAN_POINT('',(1.554403898679,29.717491574179));
#9096 = CARTESIAN_POINT('',(1.56533489598,29.717590396729));
#9097 = CARTESIAN_POINT('',(1.570796326795,29.717590377011));
#9098 = ( GEOMETRIC_REPRESENTATION_CONTEXT(2) 
PARAMETRIC_REPRESENTATION_CONTEXT() REPRESENTATION_CONTEXT('2D SPACE',''
  ) );
#9099 = PCURVE('',#377,#9100);
#9100 = DEFINITIONAL_REPRESENTATION('',(#9101),#9127);
#9101 = B_SPLINE_CURVE_WITH_KNOTS('',3,(#9102,#9103,#9104,#9105,#9106,
    #9107,#9108,#9109,#9110,#9111,#9112,#9113,#9114,#9115,#9116,#9117,
    #9118,#9119,#9120,#9121,#9122,#9123,#9124,#9125,#9126),
  .UNSPECIFIED.,.F.,.F.,(4,1,1,1,1,1,1,1,1,1,1,1,1,1,1,1,1,1,1,1,1,1,4),
  (5.9207503176,5.937224635308,5.953698953016,5.970173270725,
    5.986647588433,6.003121906141,6.019596223849,6.036070541557,
    6.052544859265,6.069019176973,6.085493494682,6.10196781239,
    6.118442130098,6.134916447806,6.151390765514,6.167865083222,
    6.184339400931,6.200813718639,6.217288036347,6.233762354055,
    6.250236671763,6.266710989471,6.28318530718),.QUASI_UNIFORM_KNOTS.);
#9102 = CARTESIAN_POINT('',(0.36243498958,0.));
#9103 = CARTESIAN_POINT('',(0.356976575818,-3.131347602563E-07));
#9104 = CARTESIAN_POINT('',(0.346050620538,-3.247299030666E-06));
#9105 = CARTESIAN_POINT('',(0.329636904478,-1.018652839189E-05));
#9106 = CARTESIAN_POINT('',(0.313201016313,-1.545937031621E-05));
#9107 = CARTESIAN_POINT('',(0.296745528884,-1.422679625564E-05));
#9108 = CARTESIAN_POINT('',(0.280272934466,-1.474249534648E-05));
#9109 = CARTESIAN_POINT('',(0.263785746009,-1.479498265314E-05));
#9110 = CARTESIAN_POINT('',(0.247286441414,-1.497692654303E-05));
#9111 = CARTESIAN_POINT('',(0.230777481611,-1.512964116305E-05));
#9112 = CARTESIAN_POINT('',(0.214261309233,-1.529579665944E-05));
#9113 = CARTESIAN_POINT('',(0.197740352808,-1.546409396242E-05));
#9114 = CARTESIAN_POINT('',(0.181217029762,-1.563786426345E-05));
#9115 = CARTESIAN_POINT('',(0.164693749972,-1.581600591587E-05));
#9116 = CARTESIAN_POINT('',(0.148172919357,-1.600064778314E-05));
#9117 = CARTESIAN_POINT('',(0.13165694361,-1.618557029343E-05));
#9118 = CARTESIAN_POINT('',(0.115148231943,-1.639487024287E-05));
#9119 = CARTESIAN_POINT('',(9.864920095918E-02,-1.653989403835E-05));
#9120 = CARTESIAN_POINT('',(8.216227810167E-02,-1.695285471213E-05));
#9121 = CARTESIAN_POINT('',(6.568990648564E-02,-1.639544685083E-05));
#9122 = CARTESIAN_POINT('',(4.923454414767E-02,-1.949078772652E-05));
#9123 = CARTESIAN_POINT('',(3.279868349482E-02,-8.987057559844E-06));
#9124 = CARTESIAN_POINT('',(1.638481492139E-02,-4.013764948542E-06));
#9125 = CARTESIAN_POINT('',(5.458596773598E-03,-1.064820891838E-06));
#9126 = CARTESIAN_POINT('',(0.,0.));
#9127 = ( GEOMETRIC_REPRESENTATION_CONTEXT(2) 
PARAMETRIC_REPRESENTATION_CONTEXT() REPRESENTATION_CONTEXT('2D SPACE',''
  ) );
#9128 = ORIENTED_EDGE('',*,*,#250,.T.);
#9129 = ORIENTED_EDGE('',*,*,#9130,.T.);
#9130 = EDGE_CURVE('',#253,#5404,#9131,.T.);
#9131 = SURFACE_CURVE('',#9132,(#9136,#9143),.PCURVE_S1.);
#9132 = LINE('',#9133,#9134);
#9133 = CARTESIAN_POINT('',(-0.709104171378,41.300595297074,-30.));
#9134 = VECTOR('',#9135,1.);
#9135 = DIRECTION('',(0.,0.,1.));
#9136 = PCURVE('',#304,#9137);
#9137 = DEFINITIONAL_REPRESENTATION('',(#9138),#9142);
#9138 = LINE('',#9139,#9140);
#9139 = CARTESIAN_POINT('',(1.933231316374,0.));
#9140 = VECTOR('',#9141,1.);
#9141 = DIRECTION('',(0.,1.));
#9142 = ( GEOMETRIC_REPRESENTATION_CONTEXT(2) 
PARAMETRIC_REPRESENTATION_CONTEXT() REPRESENTATION_CONTEXT('2D SPACE',''
  ) );
#9143 = PCURVE('',#5534,#9144);
#9144 = DEFINITIONAL_REPRESENTATION('',(#9145),#9149);
#9145 = LINE('',#9146,#9147);
#9146 = CARTESIAN_POINT('',(0.,0.));
#9147 = VECTOR('',#9148,1.);
#9148 = DIRECTION('',(0.,1.));
#9149 = ( GEOMETRIC_REPRESENTATION_CONTEXT(2) 
PARAMETRIC_REPRESENTATION_CONTEXT() REPRESENTATION_CONTEXT('2D SPACE',''
  ) );
#9150 = ORIENTED_EDGE('',*,*,#5436,.F.);
#9151 = ADVANCED_FACE('',(#9152),#8231,.T.);
#9152 = FACE_BOUND('',#9153,.T.);
#9153 = EDGE_LOOP('',(#9154,#9155,#9183,#9211));
#9154 = ORIENTED_EDGE('',*,*,#8208,.T.);
#9155 = ORIENTED_EDGE('',*,*,#9156,.T.);
#9156 = EDGE_CURVE('',#8211,#9157,#9159,.T.);
#9157 = VERTEX_POINT('',#9158);
#9158 = CARTESIAN_POINT('',(10.,-8.,-16.3));
#9159 = SURFACE_CURVE('',#9160,(#9165,#9172),.PCURVE_S1.);
#9160 = CIRCLE('',#9161,5.);
#9161 = AXIS2_PLACEMENT_3D('',#9162,#9163,#9164);
#9162 = CARTESIAN_POINT('',(10.,-8.,-11.3));
#9163 = DIRECTION('',(1.,-0.,0.));
#9164 = DIRECTION('',(0.,1.040834085586E-15,1.));
#9165 = PCURVE('',#8231,#9166);
#9166 = DEFINITIONAL_REPRESENTATION('',(#9167),#9171);
#9167 = LINE('',#9168,#9169);
#9168 = CARTESIAN_POINT('',(3.14159265359,10.));
#9169 = VECTOR('',#9170,1.);
#9170 = DIRECTION('',(1.,0.));
#9171 = ( GEOMETRIC_REPRESENTATION_CONTEXT(2) 
PARAMETRIC_REPRESENTATION_CONTEXT() REPRESENTATION_CONTEXT('2D SPACE',''
  ) );
#9172 = PCURVE('',#575,#9173);
#9173 = DEFINITIONAL_REPRESENTATION('',(#9174),#9182);
#9174 = ( BOUNDED_CURVE() B_SPLINE_CURVE(2,(#9175,#9176,#9177,#9178,
#9179,#9180,#9181),.UNSPECIFIED.,.T.,.F.) B_SPLINE_CURVE_WITH_KNOTS((1,2
    ,2,2,2,1),(-2.094395102393,0.,2.094395102393,4.188790204786,
6.28318530718,8.377580409573),.UNSPECIFIED.) CURVE() 
GEOMETRIC_REPRESENTATION_ITEM() RATIONAL_B_SPLINE_CURVE((1.,0.5,1.,0.5,
1.,0.5,1.)) REPRESENTATION_ITEM('') );
#9175 = CARTESIAN_POINT('',(-8.881784197001E-16,5.));
#9176 = CARTESIAN_POINT('',(7.993605777301E-15,-3.660254037844));
#9177 = CARTESIAN_POINT('',(-7.5,0.669872981078));
#9178 = CARTESIAN_POINT('',(-15.,5.));
#9179 = CARTESIAN_POINT('',(-7.5,9.330127018922));
#9180 = CARTESIAN_POINT('',(-1.7763568394E-14,13.660254037844));
#9181 = CARTESIAN_POINT('',(-8.881784197001E-16,5.));
#9182 = ( GEOMETRIC_REPRESENTATION_CONTEXT(2) 
PARAMETRIC_REPRESENTATION_CONTEXT() REPRESENTATION_CONTEXT('2D SPACE',''
  ) );
#9183 = ORIENTED_EDGE('',*,*,#9184,.F.);
#9184 = EDGE_CURVE('',#9185,#9157,#9187,.T.);
#9185 = VERTEX_POINT('',#9186);
#9186 = CARTESIAN_POINT('',(19.,-8.,-16.3));
#9187 = SURFACE_CURVE('',#9188,(#9192,#9199),.PCURVE_S1.);
#9188 = LINE('',#9189,#9190);
#9189 = CARTESIAN_POINT('',(-40.,-8.,-16.3));
#9190 = VECTOR('',#9191,1.);
#9191 = DIRECTION('',(-1.,-0.,-0.));
#9192 = PCURVE('',#8231,#9193);
#9193 = DEFINITIONAL_REPRESENTATION('',(#9194),#9198);
#9194 = LINE('',#9195,#9196);
#9195 = CARTESIAN_POINT('',(6.28318530718,-40.));
#9196 = VECTOR('',#9197,1.);
#9197 = DIRECTION('',(0.,-1.));
#9198 = ( GEOMETRIC_REPRESENTATION_CONTEXT(2) 
PARAMETRIC_REPRESENTATION_CONTEXT() REPRESENTATION_CONTEXT('2D SPACE',''
  ) );
#9199 = PCURVE('',#9200,#9205);
#9200 = PLANE('',#9201);
#9201 = AXIS2_PLACEMENT_3D('',#9202,#9203,#9204);
#9202 = CARTESIAN_POINT('',(-40.,-13.,-16.3));
#9203 = DIRECTION('',(0.,0.,1.));
#9204 = DIRECTION('',(1.,0.,-0.));
#9205 = DEFINITIONAL_REPRESENTATION('',(#9206),#9210);
#9206 = LINE('',#9207,#9208);
#9207 = CARTESIAN_POINT('',(0.,5.));
#9208 = VECTOR('',#9209,1.);
#9209 = DIRECTION('',(-1.,0.));
#9210 = ( GEOMETRIC_REPRESENTATION_CONTEXT(2) 
PARAMETRIC_REPRESENTATION_CONTEXT() REPRESENTATION_CONTEXT('2D SPACE',''
  ) );
#9211 = ORIENTED_EDGE('',*,*,#9212,.F.);
#9212 = EDGE_CURVE('',#8209,#9185,#9213,.T.);
#9213 = SURFACE_CURVE('',#9214,(#9219,#9226),.PCURVE_S1.);
#9214 = CIRCLE('',#9215,5.);
#9215 = AXIS2_PLACEMENT_3D('',#9216,#9217,#9218);
#9216 = CARTESIAN_POINT('',(19.,-8.,-11.3));
#9217 = DIRECTION('',(1.,0.,-0.));
#9218 = DIRECTION('',(0.,1.040834085586E-15,1.));
#9219 = PCURVE('',#8231,#9220);
#9220 = DEFINITIONAL_REPRESENTATION('',(#9221),#9225);
#9221 = LINE('',#9222,#9223);
#9222 = CARTESIAN_POINT('',(3.14159265359,19.));
#9223 = VECTOR('',#9224,1.);
#9224 = DIRECTION('',(1.,0.));
#9225 = ( GEOMETRIC_REPRESENTATION_CONTEXT(2) 
PARAMETRIC_REPRESENTATION_CONTEXT() REPRESENTATION_CONTEXT('2D SPACE',''
  ) );
#9226 = PCURVE('',#3595,#9227);
#9227 = DEFINITIONAL_REPRESENTATION('',(#9228),#9236);
#9228 = ( BOUNDED_CURVE() B_SPLINE_CURVE(2,(#9229,#9230,#9231,#9232,
#9233,#9234,#9235),.UNSPECIFIED.,.T.,.F.) B_SPLINE_CURVE_WITH_KNOTS((1,2
    ,2,2,2,1),(-2.094395102393,0.,2.094395102393,4.188790204786,
6.28318530718,8.377580409573),.UNSPECIFIED.) CURVE() 
GEOMETRIC_REPRESENTATION_ITEM() RATIONAL_B_SPLINE_CURVE((1.,0.5,1.,0.5,
1.,0.5,1.)) REPRESENTATION_ITEM('') );
#9229 = CARTESIAN_POINT('',(-8.881784197001E-16,5.));
#9230 = CARTESIAN_POINT('',(7.993605777301E-15,-3.660254037844));
#9231 = CARTESIAN_POINT('',(-7.5,0.669872981078));
#9232 = CARTESIAN_POINT('',(-15.,5.));
#9233 = CARTESIAN_POINT('',(-7.5,9.330127018922));
#9234 = CARTESIAN_POINT('',(-1.7763568394E-14,13.660254037844));
#9235 = CARTESIAN_POINT('',(-8.881784197001E-16,5.));
#9236 = ( GEOMETRIC_REPRESENTATION_CONTEXT(2) 
PARAMETRIC_REPRESENTATION_CONTEXT() REPRESENTATION_CONTEXT('2D SPACE',''
  ) );
#9237 = ADVANCED_FACE('',(#9238),#8338,.T.);
#9238 = FACE_BOUND('',#9239,.T.);
#9239 = EDGE_LOOP('',(#9240,#9270,#9296,#9297));
#9240 = ORIENTED_EDGE('',*,*,#9241,.F.);
#9241 = EDGE_CURVE('',#9242,#9244,#9246,.T.);
#9242 = VERTEX_POINT('',#9243);
#9243 = CARTESIAN_POINT('',(-10.,-8.,-16.3));
#9244 = VERTEX_POINT('',#9245);
#9245 = CARTESIAN_POINT('',(-19.,-8.,-16.3));
#9246 = SURFACE_CURVE('',#9247,(#9251,#9258),.PCURVE_S1.);
#9247 = LINE('',#9248,#9249);
#9248 = CARTESIAN_POINT('',(-40.,-8.,-16.3));
#9249 = VECTOR('',#9250,1.);
#9250 = DIRECTION('',(-1.,-0.,-0.));
#9251 = PCURVE('',#8338,#9252);
#9252 = DEFINITIONAL_REPRESENTATION('',(#9253),#9257);
#9253 = LINE('',#9254,#9255);
#9254 = CARTESIAN_POINT('',(6.28318530718,-40.));
#9255 = VECTOR('',#9256,1.);
#9256 = DIRECTION('',(0.,-1.));
#9257 = ( GEOMETRIC_REPRESENTATION_CONTEXT(2) 
PARAMETRIC_REPRESENTATION_CONTEXT() REPRESENTATION_CONTEXT('2D SPACE',''
  ) );
#9258 = PCURVE('',#9259,#9264);
#9259 = PLANE('',#9260);
#9260 = AXIS2_PLACEMENT_3D('',#9261,#9262,#9263);
#9261 = CARTESIAN_POINT('',(-40.,-13.,-16.3));
#9262 = DIRECTION('',(0.,0.,1.));
#9263 = DIRECTION('',(1.,0.,-0.));
#9264 = DEFINITIONAL_REPRESENTATION('',(#9265),#9269);
#9265 = LINE('',#9266,#9267);
#9266 = CARTESIAN_POINT('',(0.,5.));
#9267 = VECTOR('',#9268,1.);
#9268 = DIRECTION('',(-1.,0.));
#9269 = ( GEOMETRIC_REPRESENTATION_CONTEXT(2) 
PARAMETRIC_REPRESENTATION_CONTEXT() REPRESENTATION_CONTEXT('2D SPACE',''
  ) );
#9270 = ORIENTED_EDGE('',*,*,#9271,.T.);
#9271 = EDGE_CURVE('',#9242,#8323,#9272,.T.);
#9272 = SURFACE_CURVE('',#9273,(#9278,#9285),.PCURVE_S1.);
#9273 = CIRCLE('',#9274,5.);
#9274 = AXIS2_PLACEMENT_3D('',#9275,#9276,#9277);
#9275 = CARTESIAN_POINT('',(-10.,-8.,-11.3));
#9276 = DIRECTION('',(-1.,0.,-0.));
#9277 = DIRECTION('',(0.,0.,-1.));
#9278 = PCURVE('',#8338,#9279);
#9279 = DEFINITIONAL_REPRESENTATION('',(#9280),#9284);
#9280 = LINE('',#9281,#9282);
#9281 = CARTESIAN_POINT('',(6.28318530718,-10.));
#9282 = VECTOR('',#9283,1.);
#9283 = DIRECTION('',(-1.,0.));
#9284 = ( GEOMETRIC_REPRESENTATION_CONTEXT(2) 
PARAMETRIC_REPRESENTATION_CONTEXT() REPRESENTATION_CONTEXT('2D SPACE',''
  ) );
#9285 = PCURVE('',#742,#9286);
#9286 = DEFINITIONAL_REPRESENTATION('',(#9287),#9295);
#9287 = ( BOUNDED_CURVE() B_SPLINE_CURVE(2,(#9288,#9289,#9290,#9291,
#9292,#9293,#9294),.UNSPECIFIED.,.T.,.F.) B_SPLINE_CURVE_WITH_KNOTS((1,2
    ,2,2,2,1),(-2.094395102393,0.,2.094395102393,4.188790204786,
6.28318530718,8.377580409573),.UNSPECIFIED.) CURVE() 
GEOMETRIC_REPRESENTATION_ITEM() RATIONAL_B_SPLINE_CURVE((1.,0.5,1.,0.5,
1.,0.5,1.)) REPRESENTATION_ITEM('') );
#9288 = CARTESIAN_POINT('',(10.,5.));
#9289 = CARTESIAN_POINT('',(10.,-3.660254037844));
#9290 = CARTESIAN_POINT('',(2.5,0.669872981078));
#9291 = CARTESIAN_POINT('',(-5.,5.));
#9292 = CARTESIAN_POINT('',(2.5,9.330127018922));
#9293 = CARTESIAN_POINT('',(10.,13.660254037844));
#9294 = CARTESIAN_POINT('',(10.,5.));
#9295 = ( GEOMETRIC_REPRESENTATION_CONTEXT(2) 
PARAMETRIC_REPRESENTATION_CONTEXT() REPRESENTATION_CONTEXT('2D SPACE',''
  ) );
#9296 = ORIENTED_EDGE('',*,*,#8322,.T.);
#9297 = ORIENTED_EDGE('',*,*,#9298,.F.);
#9298 = EDGE_CURVE('',#9244,#8295,#9299,.T.);
#9299 = SURFACE_CURVE('',#9300,(#9305,#9312),.PCURVE_S1.);
#9300 = CIRCLE('',#9301,5.);
#9301 = AXIS2_PLACEMENT_3D('',#9302,#9303,#9304);
#9302 = CARTESIAN_POINT('',(-19.,-8.,-11.3));
#9303 = DIRECTION('',(-1.,0.,-0.));
#9304 = DIRECTION('',(0.,0.,-1.));
#9305 = PCURVE('',#8338,#9306);
#9306 = DEFINITIONAL_REPRESENTATION('',(#9307),#9311);
#9307 = LINE('',#9308,#9309);
#9308 = CARTESIAN_POINT('',(6.28318530718,-19.));
#9309 = VECTOR('',#9310,1.);
#9310 = DIRECTION('',(-1.,0.));
#9311 = ( GEOMETRIC_REPRESENTATION_CONTEXT(2) 
PARAMETRIC_REPRESENTATION_CONTEXT() REPRESENTATION_CONTEXT('2D SPACE',''
  ) );
#9312 = PCURVE('',#3712,#9313);
#9313 = DEFINITIONAL_REPRESENTATION('',(#9314),#9322);
#9314 = ( BOUNDED_CURVE() B_SPLINE_CURVE(2,(#9315,#9316,#9317,#9318,
#9319,#9320,#9321),.UNSPECIFIED.,.T.,.F.) B_SPLINE_CURVE_WITH_KNOTS((1,2
    ,2,2,2,1),(-2.094395102393,0.,2.094395102393,4.188790204786,
6.28318530718,8.377580409573),.UNSPECIFIED.) CURVE() 
GEOMETRIC_REPRESENTATION_ITEM() RATIONAL_B_SPLINE_CURVE((1.,0.5,1.,0.5,
1.,0.5,1.)) REPRESENTATION_ITEM('') );
#9315 = CARTESIAN_POINT('',(10.,5.));
#9316 = CARTESIAN_POINT('',(10.,-3.660254037844));
#9317 = CARTESIAN_POINT('',(2.5,0.669872981078));
#9318 = CARTESIAN_POINT('',(-5.,5.));
#9319 = CARTESIAN_POINT('',(2.5,9.330127018922));
#9320 = CARTESIAN_POINT('',(10.,13.660254037844));
#9321 = CARTESIAN_POINT('',(10.,5.));
#9322 = ( GEOMETRIC_REPRESENTATION_CONTEXT(2) 
PARAMETRIC_REPRESENTATION_CONTEXT() REPRESENTATION_CONTEXT('2D SPACE',''
  ) );
#9323 = ADVANCED_FACE('',(#9324),#663,.F.);
#9324 = FACE_BOUND('',#9325,.F.);
#9325 = EDGE_LOOP('',(#9326,#9348,#9349,#9371));
#9326 = ORIENTED_EDGE('',*,*,#9327,.T.);
#9327 = EDGE_CURVE('',#676,#643,#9328,.T.);
#9328 = SURFACE_CURVE('',#9329,(#9334,#9341),.PCURVE_S1.);
#9329 = CIRCLE('',#9330,2.55);
#9330 = AXIS2_PLACEMENT_3D('',#9331,#9332,#9333);
#9331 = CARTESIAN_POINT('',(-6.,-8.,-21.3));
#9332 = DIRECTION('',(-1.,0.,0.));
#9333 = DIRECTION('',(0.,0.,1.));
#9334 = PCURVE('',#663,#9335);
#9335 = DEFINITIONAL_REPRESENTATION('',(#9336),#9340);
#9336 = LINE('',#9337,#9338);
#9337 = CARTESIAN_POINT('',(3.14159265359,24.75));
#9338 = VECTOR('',#9339,1.);
#9339 = DIRECTION('',(-1.,0.));
#9340 = ( GEOMETRIC_REPRESENTATION_CONTEXT(2) 
PARAMETRIC_REPRESENTATION_CONTEXT() REPRESENTATION_CONTEXT('2D SPACE',''
  ) );
#9341 = PCURVE('',#692,#9342);
#9342 = DEFINITIONAL_REPRESENTATION('',(#9343),#9347);
#9343 = CIRCLE('',#9344,2.55);
#9344 = AXIS2_PLACEMENT_2D('',#9345,#9346);
#9345 = CARTESIAN_POINT('',(-15.,5.));
#9346 = DIRECTION('',(1.,0.));
#9347 = ( GEOMETRIC_REPRESENTATION_CONTEXT(2) 
PARAMETRIC_REPRESENTATION_CONTEXT() REPRESENTATION_CONTEXT('2D SPACE',''
  ) );
#9348 = ORIENTED_EDGE('',*,*,#640,.F.);
#9349 = ORIENTED_EDGE('',*,*,#9350,.T.);
#9350 = EDGE_CURVE('',#641,#705,#9351,.T.);
#9351 = SURFACE_CURVE('',#9352,(#9357,#9364),.PCURVE_S1.);
#9352 = CIRCLE('',#9353,2.55);
#9353 = AXIS2_PLACEMENT_3D('',#9354,#9355,#9356);
#9354 = CARTESIAN_POINT('',(-10.,-8.,-21.3));
#9355 = DIRECTION('',(1.,-0.,0.));
#9356 = DIRECTION('',(0.,0.,-1.));
#9357 = PCURVE('',#663,#9358);
#9358 = DEFINITIONAL_REPRESENTATION('',(#9359),#9363);
#9359 = LINE('',#9360,#9361);
#9360 = CARTESIAN_POINT('',(0.,20.75));
#9361 = VECTOR('',#9362,1.);
#9362 = DIRECTION('',(1.,0.));
#9363 = ( GEOMETRIC_REPRESENTATION_CONTEXT(2) 
PARAMETRIC_REPRESENTATION_CONTEXT() REPRESENTATION_CONTEXT('2D SPACE',''
  ) );
#9364 = PCURVE('',#742,#9365);
#9365 = DEFINITIONAL_REPRESENTATION('',(#9366),#9370);
#9366 = CIRCLE('',#9367,2.55);
#9367 = AXIS2_PLACEMENT_2D('',#9368,#9369);
#9368 = CARTESIAN_POINT('',(15.,5.));
#9369 = DIRECTION('',(1.,0.));
#9370 = ( GEOMETRIC_REPRESENTATION_CONTEXT(2) 
PARAMETRIC_REPRESENTATION_CONTEXT() REPRESENTATION_CONTEXT('2D SPACE',''
  ) );
#9371 = ORIENTED_EDGE('',*,*,#704,.T.);
#9372 = ADVANCED_FACE('',(#9373),#9387,.T.);
#9373 = FACE_BOUND('',#9374,.T.);
#9374 = EDGE_LOOP('',(#9375,#9405,#9433,#9461));
#9375 = ORIENTED_EDGE('',*,*,#9376,.F.);
#9376 = EDGE_CURVE('',#9377,#9379,#9381,.T.);
#9377 = VERTEX_POINT('',#9378);
#9378 = CARTESIAN_POINT('',(-6.,-13.,-15.3));
#9379 = VERTEX_POINT('',#9380);
#9380 = CARTESIAN_POINT('',(6.,-13.,-15.3));
#9381 = SURFACE_CURVE('',#9382,(#9386,#9398),.PCURVE_S1.);
#9382 = LINE('',#9383,#9384);
#9383 = CARTESIAN_POINT('',(-0.,-13.,-15.3));
#9384 = VECTOR('',#9385,1.);
#9385 = DIRECTION('',(1.,-0.,0.));
#9386 = PCURVE('',#9387,#9392);
#9387 = CYLINDRICAL_SURFACE('',#9388,1.);
#9388 = AXIS2_PLACEMENT_3D('',#9389,#9390,#9391);
#9389 = CARTESIAN_POINT('',(0.,-12.,-15.3));
#9390 = DIRECTION('',(1.,-0.,0.));
#9391 = DIRECTION('',(0.,0.,-1.));
#9392 = DEFINITIONAL_REPRESENTATION('',(#9393),#9397);
#9393 = LINE('',#9394,#9395);
#9394 = CARTESIAN_POINT('',(4.712388980385,0.));
#9395 = VECTOR('',#9396,1.);
#9396 = DIRECTION('',(0.,1.));
#9397 = ( GEOMETRIC_REPRESENTATION_CONTEXT(2) 
PARAMETRIC_REPRESENTATION_CONTEXT() REPRESENTATION_CONTEXT('2D SPACE',''
  ) );
#9398 = PCURVE('',#8364,#9399);
#9399 = DEFINITIONAL_REPRESENTATION('',(#9400),#9404);
#9400 = LINE('',#9401,#9402);
#9401 = CARTESIAN_POINT('',(-15.3,0.));
#9402 = VECTOR('',#9403,1.);
#9403 = DIRECTION('',(0.,1.));
#9404 = ( GEOMETRIC_REPRESENTATION_CONTEXT(2) 
PARAMETRIC_REPRESENTATION_CONTEXT() REPRESENTATION_CONTEXT('2D SPACE',''
  ) );
#9405 = ORIENTED_EDGE('',*,*,#9406,.T.);
#9406 = EDGE_CURVE('',#9377,#9407,#9409,.T.);
#9407 = VERTEX_POINT('',#9408);
#9408 = CARTESIAN_POINT('',(-6.,-12.,-16.3));
#9409 = SURFACE_CURVE('',#9410,(#9415,#9422),.PCURVE_S1.);
#9410 = CIRCLE('',#9411,1.);
#9411 = AXIS2_PLACEMENT_3D('',#9412,#9413,#9414);
#9412 = CARTESIAN_POINT('',(-6.,-12.,-15.3));
#9413 = DIRECTION('',(1.,-0.,0.));
#9414 = DIRECTION('',(0.,0.,1.));
#9415 = PCURVE('',#9387,#9416);
#9416 = DEFINITIONAL_REPRESENTATION('',(#9417),#9421);
#9417 = LINE('',#9418,#9419);
#9418 = CARTESIAN_POINT('',(3.14159265359,-6.));
#9419 = VECTOR('',#9420,1.);
#9420 = DIRECTION('',(1.,0.));
#9421 = ( GEOMETRIC_REPRESENTATION_CONTEXT(2) 
PARAMETRIC_REPRESENTATION_CONTEXT() REPRESENTATION_CONTEXT('2D SPACE',''
  ) );
#9422 = PCURVE('',#692,#9423);
#9423 = DEFINITIONAL_REPRESENTATION('',(#9424),#9432);
#9424 = ( BOUNDED_CURVE() B_SPLINE_CURVE(2,(#9425,#9426,#9427,#9428,
#9429,#9430,#9431),.UNSPECIFIED.,.T.,.F.) B_SPLINE_CURVE_WITH_KNOTS((1,2
    ,2,2,2,1),(-2.094395102393,0.,2.094395102393,4.188790204786,
6.28318530718,8.377580409573),.UNSPECIFIED.) CURVE() 
GEOMETRIC_REPRESENTATION_ITEM() RATIONAL_B_SPLINE_CURVE((1.,0.5,1.,0.5,
1.,0.5,1.)) REPRESENTATION_ITEM('') );
#9425 = CARTESIAN_POINT('',(-8.,1.));
#9426 = CARTESIAN_POINT('',(-8.,-0.732050807569));
#9427 = CARTESIAN_POINT('',(-9.5,0.133974596216));
#9428 = CARTESIAN_POINT('',(-11.,1.));
#9429 = CARTESIAN_POINT('',(-9.5,1.866025403784));
#9430 = CARTESIAN_POINT('',(-8.,2.732050807569));
#9431 = CARTESIAN_POINT('',(-8.,1.));
#9432 = ( GEOMETRIC_REPRESENTATION_CONTEXT(2) 
PARAMETRIC_REPRESENTATION_CONTEXT() REPRESENTATION_CONTEXT('2D SPACE',''
  ) );
#9433 = ORIENTED_EDGE('',*,*,#9434,.F.);
#9434 = EDGE_CURVE('',#9435,#9407,#9437,.T.);
#9435 = VERTEX_POINT('',#9436);
#9436 = CARTESIAN_POINT('',(6.,-12.,-16.3));
#9437 = SURFACE_CURVE('',#9438,(#9442,#9449),.PCURVE_S1.);
#9438 = LINE('',#9439,#9440);
#9439 = CARTESIAN_POINT('',(-40.,-12.,-16.3));
#9440 = VECTOR('',#9441,1.);
#9441 = DIRECTION('',(-1.,-0.,-0.));
#9442 = PCURVE('',#9387,#9443);
#9443 = DEFINITIONAL_REPRESENTATION('',(#9444),#9448);
#9444 = LINE('',#9445,#9446);
#9445 = CARTESIAN_POINT('',(6.28318530718,-40.));
#9446 = VECTOR('',#9447,1.);
#9447 = DIRECTION('',(0.,-1.));
#9448 = ( GEOMETRIC_REPRESENTATION_CONTEXT(2) 
PARAMETRIC_REPRESENTATION_CONTEXT() REPRESENTATION_CONTEXT('2D SPACE',''
  ) );
#9449 = PCURVE('',#9450,#9455);
#9450 = PLANE('',#9451);
#9451 = AXIS2_PLACEMENT_3D('',#9452,#9453,#9454);
#9452 = CARTESIAN_POINT('',(-40.,-13.,-16.3));
#9453 = DIRECTION('',(0.,0.,1.));
#9454 = DIRECTION('',(1.,0.,-0.));
#9455 = DEFINITIONAL_REPRESENTATION('',(#9456),#9460);
#9456 = LINE('',#9457,#9458);
#9457 = CARTESIAN_POINT('',(0.,1.));
#9458 = VECTOR('',#9459,1.);
#9459 = DIRECTION('',(-1.,0.));
#9460 = ( GEOMETRIC_REPRESENTATION_CONTEXT(2) 
PARAMETRIC_REPRESENTATION_CONTEXT() REPRESENTATION_CONTEXT('2D SPACE',''
  ) );
#9461 = ORIENTED_EDGE('',*,*,#9462,.T.);
#9462 = EDGE_CURVE('',#9435,#9379,#9463,.T.);
#9463 = SURFACE_CURVE('',#9464,(#9469,#9476),.PCURVE_S1.);
#9464 = CIRCLE('',#9465,1.);
#9465 = AXIS2_PLACEMENT_3D('',#9466,#9467,#9468);
#9466 = CARTESIAN_POINT('',(6.,-12.,-15.3));
#9467 = DIRECTION('',(-1.,0.,-0.));
#9468 = DIRECTION('',(0.,0.,-1.));
#9469 = PCURVE('',#9387,#9470);
#9470 = DEFINITIONAL_REPRESENTATION('',(#9471),#9475);
#9471 = LINE('',#9472,#9473);
#9472 = CARTESIAN_POINT('',(6.28318530718,6.));
#9473 = VECTOR('',#9474,1.);
#9474 = DIRECTION('',(-1.,0.));
#9475 = ( GEOMETRIC_REPRESENTATION_CONTEXT(2) 
PARAMETRIC_REPRESENTATION_CONTEXT() REPRESENTATION_CONTEXT('2D SPACE',''
  ) );
#9476 = PCURVE('',#625,#9477);
#9477 = DEFINITIONAL_REPRESENTATION('',(#9478),#9486);
#9478 = ( BOUNDED_CURVE() B_SPLINE_CURVE(2,(#9479,#9480,#9481,#9482,
#9483,#9484,#9485),.UNSPECIFIED.,.T.,.F.) B_SPLINE_CURVE_WITH_KNOTS((1,2
    ,2,2,2,1),(-2.094395102393,0.,2.094395102393,4.188790204786,
6.28318530718,8.377580409573),.UNSPECIFIED.) CURVE() 
GEOMETRIC_REPRESENTATION_ITEM() RATIONAL_B_SPLINE_CURVE((1.,0.5,1.,0.5,
1.,0.5,1.)) REPRESENTATION_ITEM('') );
#9479 = CARTESIAN_POINT('',(10.,1.));
#9480 = CARTESIAN_POINT('',(10.,-0.732050807569));
#9481 = CARTESIAN_POINT('',(8.5,0.133974596216));
#9482 = CARTESIAN_POINT('',(7.,1.));
#9483 = CARTESIAN_POINT('',(8.5,1.866025403784));
#9484 = CARTESIAN_POINT('',(10.,2.732050807569));
#9485 = CARTESIAN_POINT('',(10.,1.));
#9486 = ( GEOMETRIC_REPRESENTATION_CONTEXT(2) 
PARAMETRIC_REPRESENTATION_CONTEXT() REPRESENTATION_CONTEXT('2D SPACE',''
  ) );
#9487 = ADVANCED_FACE('',(#9488),#8364,.F.);
#9488 = FACE_BOUND('',#9489,.T.);
#9489 = EDGE_LOOP('',(#9490,#9513,#9514,#9537,#9565,#9586,#9587,#9610));
#9490 = ORIENTED_EDGE('',*,*,#9491,.T.);
#9491 = EDGE_CURVE('',#9492,#9377,#9494,.T.);
#9492 = VERTEX_POINT('',#9493);
#9493 = CARTESIAN_POINT('',(-6.,-13.,-21.3));
#9494 = SURFACE_CURVE('',#9495,(#9499,#9506),.PCURVE_S1.);
#9495 = LINE('',#9496,#9497);
#9496 = CARTESIAN_POINT('',(-6.,-13.,-6.3));
#9497 = VECTOR('',#9498,1.);
#9498 = DIRECTION('',(-0.,0.,1.));
#9499 = PCURVE('',#8364,#9500);
#9500 = DEFINITIONAL_REPRESENTATION('',(#9501),#9505);
#9501 = LINE('',#9502,#9503);
#9502 = CARTESIAN_POINT('',(-6.3,-6.));
#9503 = VECTOR('',#9504,1.);
#9504 = DIRECTION('',(1.,0.));
#9505 = ( GEOMETRIC_REPRESENTATION_CONTEXT(2) 
PARAMETRIC_REPRESENTATION_CONTEXT() REPRESENTATION_CONTEXT('2D SPACE',''
  ) );
#9506 = PCURVE('',#692,#9507);
#9507 = DEFINITIONAL_REPRESENTATION('',(#9508),#9512);
#9508 = LINE('',#9509,#9510);
#9509 = CARTESIAN_POINT('',(0.,0.));
#9510 = VECTOR('',#9511,1.);
#9511 = DIRECTION('',(1.,0.));
#9512 = ( GEOMETRIC_REPRESENTATION_CONTEXT(2) 
PARAMETRIC_REPRESENTATION_CONTEXT() REPRESENTATION_CONTEXT('2D SPACE',''
  ) );
#9513 = ORIENTED_EDGE('',*,*,#9376,.T.);
#9514 = ORIENTED_EDGE('',*,*,#9515,.T.);
#9515 = EDGE_CURVE('',#9379,#9516,#9518,.T.);
#9516 = VERTEX_POINT('',#9517);
#9517 = CARTESIAN_POINT('',(6.,-13.,-21.3));
#9518 = SURFACE_CURVE('',#9519,(#9523,#9530),.PCURVE_S1.);
#9519 = LINE('',#9520,#9521);
#9520 = CARTESIAN_POINT('',(6.,-13.,-6.3));
#9521 = VECTOR('',#9522,1.);
#9522 = DIRECTION('',(0.,0.,-1.));
#9523 = PCURVE('',#8364,#9524);
#9524 = DEFINITIONAL_REPRESENTATION('',(#9525),#9529);
#9525 = LINE('',#9526,#9527);
#9526 = CARTESIAN_POINT('',(-6.3,6.));
#9527 = VECTOR('',#9528,1.);
#9528 = DIRECTION('',(-1.,0.));
#9529 = ( GEOMETRIC_REPRESENTATION_CONTEXT(2) 
PARAMETRIC_REPRESENTATION_CONTEXT() REPRESENTATION_CONTEXT('2D SPACE',''
  ) );
#9530 = PCURVE('',#625,#9531);
#9531 = DEFINITIONAL_REPRESENTATION('',(#9532),#9536);
#9532 = LINE('',#9533,#9534);
#9533 = CARTESIAN_POINT('',(0.,0.));
#9534 = VECTOR('',#9535,1.);
#9535 = DIRECTION('',(1.,0.));
#9536 = ( GEOMETRIC_REPRESENTATION_CONTEXT(2) 
PARAMETRIC_REPRESENTATION_CONTEXT() REPRESENTATION_CONTEXT('2D SPACE',''
  ) );
#9537 = ORIENTED_EDGE('',*,*,#9538,.T.);
#9538 = EDGE_CURVE('',#9516,#9539,#9541,.T.);
#9539 = VERTEX_POINT('',#9540);
#9540 = CARTESIAN_POINT('',(10.,-13.,-21.3));
#9541 = SURFACE_CURVE('',#9542,(#9546,#9553),.PCURVE_S1.);
#9542 = LINE('',#9543,#9544);
#9543 = CARTESIAN_POINT('',(-0.,-13.,-21.3));
#9544 = VECTOR('',#9545,1.);
#9545 = DIRECTION('',(1.,-0.,0.));
#9546 = PCURVE('',#8364,#9547);
#9547 = DEFINITIONAL_REPRESENTATION('',(#9548),#9552);
#9548 = LINE('',#9549,#9550);
#9549 = CARTESIAN_POINT('',(-21.3,0.));
#9550 = VECTOR('',#9551,1.);
#9551 = DIRECTION('',(0.,1.));
#9552 = ( GEOMETRIC_REPRESENTATION_CONTEXT(2) 
PARAMETRIC_REPRESENTATION_CONTEXT() REPRESENTATION_CONTEXT('2D SPACE',''
  ) );
#9553 = PCURVE('',#9554,#9559);
#9554 = CYLINDRICAL_SURFACE('',#9555,5.);
#9555 = AXIS2_PLACEMENT_3D('',#9556,#9557,#9558);
#9556 = CARTESIAN_POINT('',(0.,-8.,-21.3));
#9557 = DIRECTION('',(1.,-0.,0.));
#9558 = DIRECTION('',(0.,0.,-1.));
#9559 = DEFINITIONAL_REPRESENTATION('',(#9560),#9564);
#9560 = LINE('',#9561,#9562);
#9561 = CARTESIAN_POINT('',(4.712388980385,0.));
#9562 = VECTOR('',#9563,1.);
#9563 = DIRECTION('',(0.,1.));
#9564 = ( GEOMETRIC_REPRESENTATION_CONTEXT(2) 
PARAMETRIC_REPRESENTATION_CONTEXT() REPRESENTATION_CONTEXT('2D SPACE',''
  ) );
#9565 = ORIENTED_EDGE('',*,*,#9566,.T.);
#9566 = EDGE_CURVE('',#9539,#8211,#9567,.T.);
#9567 = SURFACE_CURVE('',#9568,(#9572,#9579),.PCURVE_S1.);
#9568 = LINE('',#9569,#9570);
#9569 = CARTESIAN_POINT('',(10.,-13.,-6.3));
#9570 = VECTOR('',#9571,1.);
#9571 = DIRECTION('',(-0.,0.,1.));
#9572 = PCURVE('',#8364,#9573);
#9573 = DEFINITIONAL_REPRESENTATION('',(#9574),#9578);
#9574 = LINE('',#9575,#9576);
#9575 = CARTESIAN_POINT('',(-6.3,10.));
#9576 = VECTOR('',#9577,1.);
#9577 = DIRECTION('',(1.,0.));
#9578 = ( GEOMETRIC_REPRESENTATION_CONTEXT(2) 
PARAMETRIC_REPRESENTATION_CONTEXT() REPRESENTATION_CONTEXT('2D SPACE',''
  ) );
#9579 = PCURVE('',#575,#9580);
#9580 = DEFINITIONAL_REPRESENTATION('',(#9581),#9585);
#9581 = LINE('',#9582,#9583);
#9582 = CARTESIAN_POINT('',(0.,0.));
#9583 = VECTOR('',#9584,1.);
#9584 = DIRECTION('',(1.,0.));
#9585 = ( GEOMETRIC_REPRESENTATION_CONTEXT(2) 
PARAMETRIC_REPRESENTATION_CONTEXT() REPRESENTATION_CONTEXT('2D SPACE',''
  ) );
#9586 = ORIENTED_EDGE('',*,*,#8350,.T.);
#9587 = ORIENTED_EDGE('',*,*,#9588,.T.);
#9588 = EDGE_CURVE('',#8323,#9589,#9591,.T.);
#9589 = VERTEX_POINT('',#9590);
#9590 = CARTESIAN_POINT('',(-10.,-13.,-21.3));
#9591 = SURFACE_CURVE('',#9592,(#9596,#9603),.PCURVE_S1.);
#9592 = LINE('',#9593,#9594);
#9593 = CARTESIAN_POINT('',(-10.,-13.,-6.3));
#9594 = VECTOR('',#9595,1.);
#9595 = DIRECTION('',(0.,0.,-1.));
#9596 = PCURVE('',#8364,#9597);
#9597 = DEFINITIONAL_REPRESENTATION('',(#9598),#9602);
#9598 = LINE('',#9599,#9600);
#9599 = CARTESIAN_POINT('',(-6.3,-10.));
#9600 = VECTOR('',#9601,1.);
#9601 = DIRECTION('',(-1.,0.));
#9602 = ( GEOMETRIC_REPRESENTATION_CONTEXT(2) 
PARAMETRIC_REPRESENTATION_CONTEXT() REPRESENTATION_CONTEXT('2D SPACE',''
  ) );
#9603 = PCURVE('',#742,#9604);
#9604 = DEFINITIONAL_REPRESENTATION('',(#9605),#9609);
#9605 = LINE('',#9606,#9607);
#9606 = CARTESIAN_POINT('',(0.,0.));
#9607 = VECTOR('',#9608,1.);
#9608 = DIRECTION('',(1.,0.));
#9609 = ( GEOMETRIC_REPRESENTATION_CONTEXT(2) 
PARAMETRIC_REPRESENTATION_CONTEXT() REPRESENTATION_CONTEXT('2D SPACE',''
  ) );
#9610 = ORIENTED_EDGE('',*,*,#9611,.T.);
#9611 = EDGE_CURVE('',#9589,#9492,#9612,.T.);
#9612 = SURFACE_CURVE('',#9613,(#9617,#9624),.PCURVE_S1.);
#9613 = LINE('',#9614,#9615);
#9614 = CARTESIAN_POINT('',(-0.,-13.,-21.3));
#9615 = VECTOR('',#9616,1.);
#9616 = DIRECTION('',(1.,-0.,0.));
#9617 = PCURVE('',#8364,#9618);
#9618 = DEFINITIONAL_REPRESENTATION('',(#9619),#9623);
#9619 = LINE('',#9620,#9621);
#9620 = CARTESIAN_POINT('',(-21.3,0.));
#9621 = VECTOR('',#9622,1.);
#9622 = DIRECTION('',(0.,1.));
#9623 = ( GEOMETRIC_REPRESENTATION_CONTEXT(2) 
PARAMETRIC_REPRESENTATION_CONTEXT() REPRESENTATION_CONTEXT('2D SPACE',''
  ) );
#9624 = PCURVE('',#9625,#9630);
#9625 = CYLINDRICAL_SURFACE('',#9626,5.);
#9626 = AXIS2_PLACEMENT_3D('',#9627,#9628,#9629);
#9627 = CARTESIAN_POINT('',(0.,-8.,-21.3));
#9628 = DIRECTION('',(1.,-0.,0.));
#9629 = DIRECTION('',(0.,0.,-1.));
#9630 = DEFINITIONAL_REPRESENTATION('',(#9631),#9635);
#9631 = LINE('',#9632,#9633);
#9632 = CARTESIAN_POINT('',(4.712388980385,0.));
#9633 = VECTOR('',#9634,1.);
#9634 = DIRECTION('',(0.,1.));
#9635 = ( GEOMETRIC_REPRESENTATION_CONTEXT(2) 
PARAMETRIC_REPRESENTATION_CONTEXT() REPRESENTATION_CONTEXT('2D SPACE',''
  ) );
#9636 = ADVANCED_FACE('',(#9637),#9450,.F.);
#9637 = FACE_BOUND('',#9638,.T.);
#9638 = EDGE_LOOP('',(#9639,#9662,#9690,#9711));
#9639 = ORIENTED_EDGE('',*,*,#9640,.T.);
#9640 = EDGE_CURVE('',#9407,#9641,#9643,.T.);
#9641 = VERTEX_POINT('',#9642);
#9642 = CARTESIAN_POINT('',(-6.,-2.,-16.3));
#9643 = SURFACE_CURVE('',#9644,(#9648,#9655),.PCURVE_S1.);
#9644 = LINE('',#9645,#9646);
#9645 = CARTESIAN_POINT('',(-6.,-13.,-16.3));
#9646 = VECTOR('',#9647,1.);
#9647 = DIRECTION('',(0.,1.,0.));
#9648 = PCURVE('',#9450,#9649);
#9649 = DEFINITIONAL_REPRESENTATION('',(#9650),#9654);
#9650 = LINE('',#9651,#9652);
#9651 = CARTESIAN_POINT('',(34.,0.));
#9652 = VECTOR('',#9653,1.);
#9653 = DIRECTION('',(0.,1.));
#9654 = ( GEOMETRIC_REPRESENTATION_CONTEXT(2) 
PARAMETRIC_REPRESENTATION_CONTEXT() REPRESENTATION_CONTEXT('2D SPACE',''
  ) );
#9655 = PCURVE('',#692,#9656);
#9656 = DEFINITIONAL_REPRESENTATION('',(#9657),#9661);
#9657 = LINE('',#9658,#9659);
#9658 = CARTESIAN_POINT('',(-10.,0.));
#9659 = VECTOR('',#9660,1.);
#9660 = DIRECTION('',(0.,1.));
#9661 = ( GEOMETRIC_REPRESENTATION_CONTEXT(2) 
PARAMETRIC_REPRESENTATION_CONTEXT() REPRESENTATION_CONTEXT('2D SPACE',''
  ) );
#9662 = ORIENTED_EDGE('',*,*,#9663,.T.);
#9663 = EDGE_CURVE('',#9641,#9664,#9666,.T.);
#9664 = VERTEX_POINT('',#9665);
#9665 = CARTESIAN_POINT('',(6.,-2.,-16.3));
#9666 = SURFACE_CURVE('',#9667,(#9671,#9678),.PCURVE_S1.);
#9667 = LINE('',#9668,#9669);
#9668 = CARTESIAN_POINT('',(-40.,-2.,-16.3));
#9669 = VECTOR('',#9670,1.);
#9670 = DIRECTION('',(1.,0.,-0.));
#9671 = PCURVE('',#9450,#9672);
#9672 = DEFINITIONAL_REPRESENTATION('',(#9673),#9677);
#9673 = LINE('',#9674,#9675);
#9674 = CARTESIAN_POINT('',(0.,11.));
#9675 = VECTOR('',#9676,1.);
#9676 = DIRECTION('',(1.,0.));
#9677 = ( GEOMETRIC_REPRESENTATION_CONTEXT(2) 
PARAMETRIC_REPRESENTATION_CONTEXT() REPRESENTATION_CONTEXT('2D SPACE',''
  ) );
#9678 = PCURVE('',#9679,#9684);
#9679 = CYLINDRICAL_SURFACE('',#9680,1.);
#9680 = AXIS2_PLACEMENT_3D('',#9681,#9682,#9683);
#9681 = CARTESIAN_POINT('',(-40.,-2.,-17.3));
#9682 = DIRECTION('',(1.,0.,-0.));
#9683 = DIRECTION('',(0.,-0.,-1.));
#9684 = DEFINITIONAL_REPRESENTATION('',(#9685),#9689);
#9685 = LINE('',#9686,#9687);
#9686 = CARTESIAN_POINT('',(3.14159265359,0.));
#9687 = VECTOR('',#9688,1.);
#9688 = DIRECTION('',(0.,1.));
#9689 = ( GEOMETRIC_REPRESENTATION_CONTEXT(2) 
PARAMETRIC_REPRESENTATION_CONTEXT() REPRESENTATION_CONTEXT('2D SPACE',''
  ) );
#9690 = ORIENTED_EDGE('',*,*,#9691,.F.);
#9691 = EDGE_CURVE('',#9435,#9664,#9692,.T.);
#9692 = SURFACE_CURVE('',#9693,(#9697,#9704),.PCURVE_S1.);
#9693 = LINE('',#9694,#9695);
#9694 = CARTESIAN_POINT('',(6.,-13.,-16.3));
#9695 = VECTOR('',#9696,1.);
#9696 = DIRECTION('',(0.,1.,0.));
#9697 = PCURVE('',#9450,#9698);
#9698 = DEFINITIONAL_REPRESENTATION('',(#9699),#9703);
#9699 = LINE('',#9700,#9701);
#9700 = CARTESIAN_POINT('',(46.,0.));
#9701 = VECTOR('',#9702,1.);
#9702 = DIRECTION('',(0.,1.));
#9703 = ( GEOMETRIC_REPRESENTATION_CONTEXT(2) 
PARAMETRIC_REPRESENTATION_CONTEXT() REPRESENTATION_CONTEXT('2D SPACE',''
  ) );
#9704 = PCURVE('',#625,#9705);
#9705 = DEFINITIONAL_REPRESENTATION('',(#9706),#9710);
#9706 = LINE('',#9707,#9708);
#9707 = CARTESIAN_POINT('',(10.,0.));
#9708 = VECTOR('',#9709,1.);
#9709 = DIRECTION('',(0.,1.));
#9710 = ( GEOMETRIC_REPRESENTATION_CONTEXT(2) 
PARAMETRIC_REPRESENTATION_CONTEXT() REPRESENTATION_CONTEXT('2D SPACE',''
  ) );
#9711 = ORIENTED_EDGE('',*,*,#9434,.T.);
#9712 = ADVANCED_FACE('',(#9713),#546,.F.);
#9713 = FACE_BOUND('',#9714,.F.);
#9714 = EDGE_LOOP('',(#9715,#9737,#9738,#9760));
#9715 = ORIENTED_EDGE('',*,*,#9716,.T.);
#9716 = EDGE_CURVE('',#559,#526,#9717,.T.);
#9717 = SURFACE_CURVE('',#9718,(#9723,#9730),.PCURVE_S1.);
#9718 = CIRCLE('',#9719,2.55);
#9719 = AXIS2_PLACEMENT_3D('',#9720,#9721,#9722);
#9720 = CARTESIAN_POINT('',(10.,-8.,-21.3));
#9721 = DIRECTION('',(-1.,0.,0.));
#9722 = DIRECTION('',(0.,0.,1.));
#9723 = PCURVE('',#546,#9724);
#9724 = DEFINITIONAL_REPRESENTATION('',(#9725),#9729);
#9725 = LINE('',#9726,#9727);
#9726 = CARTESIAN_POINT('',(3.14159265359,40.75));
#9727 = VECTOR('',#9728,1.);
#9728 = DIRECTION('',(-1.,0.));
#9729 = ( GEOMETRIC_REPRESENTATION_CONTEXT(2) 
PARAMETRIC_REPRESENTATION_CONTEXT() REPRESENTATION_CONTEXT('2D SPACE',''
  ) );
#9730 = PCURVE('',#575,#9731);
#9731 = DEFINITIONAL_REPRESENTATION('',(#9732),#9736);
#9732 = CIRCLE('',#9733,2.55);
#9733 = AXIS2_PLACEMENT_2D('',#9734,#9735);
#9734 = CARTESIAN_POINT('',(-15.,5.));
#9735 = DIRECTION('',(1.,0.));
#9736 = ( GEOMETRIC_REPRESENTATION_CONTEXT(2) 
PARAMETRIC_REPRESENTATION_CONTEXT() REPRESENTATION_CONTEXT('2D SPACE',''
  ) );
#9737 = ORIENTED_EDGE('',*,*,#523,.F.);
#9738 = ORIENTED_EDGE('',*,*,#9739,.T.);
#9739 = EDGE_CURVE('',#524,#588,#9740,.T.);
#9740 = SURFACE_CURVE('',#9741,(#9746,#9753),.PCURVE_S1.);
#9741 = CIRCLE('',#9742,2.55);
#9742 = AXIS2_PLACEMENT_3D('',#9743,#9744,#9745);
#9743 = CARTESIAN_POINT('',(6.,-8.,-21.3));
#9744 = DIRECTION('',(1.,-0.,0.));
#9745 = DIRECTION('',(0.,0.,-1.));
#9746 = PCURVE('',#546,#9747);
#9747 = DEFINITIONAL_REPRESENTATION('',(#9748),#9752);
#9748 = LINE('',#9749,#9750);
#9749 = CARTESIAN_POINT('',(0.,36.75));
#9750 = VECTOR('',#9751,1.);
#9751 = DIRECTION('',(1.,0.));
#9752 = ( GEOMETRIC_REPRESENTATION_CONTEXT(2) 
PARAMETRIC_REPRESENTATION_CONTEXT() REPRESENTATION_CONTEXT('2D SPACE',''
  ) );
#9753 = PCURVE('',#625,#9754);
#9754 = DEFINITIONAL_REPRESENTATION('',(#9755),#9759);
#9755 = CIRCLE('',#9756,2.55);
#9756 = AXIS2_PLACEMENT_2D('',#9757,#9758);
#9757 = CARTESIAN_POINT('',(15.,5.));
#9758 = DIRECTION('',(1.,0.));
#9759 = ( GEOMETRIC_REPRESENTATION_CONTEXT(2) 
PARAMETRIC_REPRESENTATION_CONTEXT() REPRESENTATION_CONTEXT('2D SPACE',''
  ) );
#9760 = ORIENTED_EDGE('',*,*,#587,.T.);
#9761 = ADVANCED_FACE('',(#9762,#9833),#3712,.F.);
#9762 = FACE_BOUND('',#9763,.T.);
#9763 = EDGE_LOOP('',(#9764,#9787,#9788,#9789,#9812));
#9764 = ORIENTED_EDGE('',*,*,#9765,.F.);
#9765 = EDGE_CURVE('',#9244,#9766,#9768,.T.);
#9766 = VERTEX_POINT('',#9767);
#9767 = CARTESIAN_POINT('',(-19.,-1.,-16.3));
#9768 = SURFACE_CURVE('',#9769,(#9773,#9780),.PCURVE_S1.);
#9769 = LINE('',#9770,#9771);
#9770 = CARTESIAN_POINT('',(-19.,-13.,-16.3));
#9771 = VECTOR('',#9772,1.);
#9772 = DIRECTION('',(0.,1.,0.));
#9773 = PCURVE('',#3712,#9774);
#9774 = DEFINITIONAL_REPRESENTATION('',(#9775),#9779);
#9775 = LINE('',#9776,#9777);
#9776 = CARTESIAN_POINT('',(10.,0.));
#9777 = VECTOR('',#9778,1.);
#9778 = DIRECTION('',(0.,1.));
#9779 = ( GEOMETRIC_REPRESENTATION_CONTEXT(2) 
PARAMETRIC_REPRESENTATION_CONTEXT() REPRESENTATION_CONTEXT('2D SPACE',''
  ) );
#9780 = PCURVE('',#9259,#9781);
#9781 = DEFINITIONAL_REPRESENTATION('',(#9782),#9786);
#9782 = LINE('',#9783,#9784);
#9783 = CARTESIAN_POINT('',(21.,0.));
#9784 = VECTOR('',#9785,1.);
#9785 = DIRECTION('',(0.,1.));
#9786 = ( GEOMETRIC_REPRESENTATION_CONTEXT(2) 
PARAMETRIC_REPRESENTATION_CONTEXT() REPRESENTATION_CONTEXT('2D SPACE',''
  ) );
#9787 = ORIENTED_EDGE('',*,*,#9298,.T.);
#9788 = ORIENTED_EDGE('',*,*,#8294,.T.);
#9789 = ORIENTED_EDGE('',*,*,#9790,.T.);
#9790 = EDGE_CURVE('',#8272,#9791,#9793,.T.);
#9791 = VERTEX_POINT('',#9792);
#9792 = CARTESIAN_POINT('',(-19.,-1.,-6.3));
#9793 = SURFACE_CURVE('',#9794,(#9798,#9805),.PCURVE_S1.);
#9794 = LINE('',#9795,#9796);
#9795 = CARTESIAN_POINT('',(-19.,-13.,-6.3));
#9796 = VECTOR('',#9797,1.);
#9797 = DIRECTION('',(0.,1.,0.));
#9798 = PCURVE('',#3712,#9799);
#9799 = DEFINITIONAL_REPRESENTATION('',(#9800),#9804);
#9800 = LINE('',#9801,#9802);
#9801 = CARTESIAN_POINT('',(0.,0.));
#9802 = VECTOR('',#9803,1.);
#9803 = DIRECTION('',(0.,1.));
#9804 = ( GEOMETRIC_REPRESENTATION_CONTEXT(2) 
PARAMETRIC_REPRESENTATION_CONTEXT() REPRESENTATION_CONTEXT('2D SPACE',''
  ) );
#9805 = PCURVE('',#6890,#9806);
#9806 = DEFINITIONAL_REPRESENTATION('',(#9807),#9811);
#9807 = LINE('',#9808,#9809);
#9808 = CARTESIAN_POINT('',(21.,-12.));
#9809 = VECTOR('',#9810,1.);
#9810 = DIRECTION('',(0.,1.));
#9811 = ( GEOMETRIC_REPRESENTATION_CONTEXT(2) 
PARAMETRIC_REPRESENTATION_CONTEXT() REPRESENTATION_CONTEXT('2D SPACE',''
  ) );
#9812 = ORIENTED_EDGE('',*,*,#9813,.T.);
#9813 = EDGE_CURVE('',#9791,#9766,#9814,.T.);
#9814 = SURFACE_CURVE('',#9815,(#9819,#9826),.PCURVE_S1.);
#9815 = LINE('',#9816,#9817);
#9816 = CARTESIAN_POINT('',(-19.,-1.,-6.3));
#9817 = VECTOR('',#9818,1.);
#9818 = DIRECTION('',(0.,0.,-1.));
#9819 = PCURVE('',#3712,#9820);
#9820 = DEFINITIONAL_REPRESENTATION('',(#9821),#9825);
#9821 = LINE('',#9822,#9823);
#9822 = CARTESIAN_POINT('',(0.,12.));
#9823 = VECTOR('',#9824,1.);
#9824 = DIRECTION('',(1.,0.));
#9825 = ( GEOMETRIC_REPRESENTATION_CONTEXT(2) 
PARAMETRIC_REPRESENTATION_CONTEXT() REPRESENTATION_CONTEXT('2D SPACE',''
  ) );
#9826 = PCURVE('',#4239,#9827);
#9827 = DEFINITIONAL_REPRESENTATION('',(#9828),#9832);
#9828 = LINE('',#9829,#9830);
#9829 = CARTESIAN_POINT('',(0.,21.));
#9830 = VECTOR('',#9831,1.);
#9831 = DIRECTION('',(1.,0.));
#9832 = ( GEOMETRIC_REPRESENTATION_CONTEXT(2) 
PARAMETRIC_REPRESENTATION_CONTEXT() REPRESENTATION_CONTEXT('2D SPACE',''
  ) );
#9833 = FACE_BOUND('',#9834,.T.);
#9834 = EDGE_LOOP('',(#9835,#9836));
#9835 = ORIENTED_EDGE('',*,*,#3695,.T.);
#9836 = ORIENTED_EDGE('',*,*,#5461,.T.);
#9837 = ADVANCED_FACE('',(#9838),#9259,.F.);
#9838 = FACE_BOUND('',#9839,.T.);
#9839 = EDGE_LOOP('',(#9840,#9863,#9864,#9865));
#9840 = ORIENTED_EDGE('',*,*,#9841,.F.);
#9841 = EDGE_CURVE('',#9242,#9842,#9844,.T.);
#9842 = VERTEX_POINT('',#9843);
#9843 = CARTESIAN_POINT('',(-10.,-1.,-16.3));
#9844 = SURFACE_CURVE('',#9845,(#9849,#9856),.PCURVE_S1.);
#9845 = LINE('',#9846,#9847);
#9846 = CARTESIAN_POINT('',(-10.,-13.,-16.3));
#9847 = VECTOR('',#9848,1.);
#9848 = DIRECTION('',(0.,1.,0.));
#9849 = PCURVE('',#9259,#9850);
#9850 = DEFINITIONAL_REPRESENTATION('',(#9851),#9855);
#9851 = LINE('',#9852,#9853);
#9852 = CARTESIAN_POINT('',(30.,0.));
#9853 = VECTOR('',#9854,1.);
#9854 = DIRECTION('',(0.,1.));
#9855 = ( GEOMETRIC_REPRESENTATION_CONTEXT(2) 
PARAMETRIC_REPRESENTATION_CONTEXT() REPRESENTATION_CONTEXT('2D SPACE',''
  ) );
#9856 = PCURVE('',#742,#9857);
#9857 = DEFINITIONAL_REPRESENTATION('',(#9858),#9862);
#9858 = LINE('',#9859,#9860);
#9859 = CARTESIAN_POINT('',(10.,0.));
#9860 = VECTOR('',#9861,1.);
#9861 = DIRECTION('',(0.,1.));
#9862 = ( GEOMETRIC_REPRESENTATION_CONTEXT(2) 
PARAMETRIC_REPRESENTATION_CONTEXT() REPRESENTATION_CONTEXT('2D SPACE',''
  ) );
#9863 = ORIENTED_EDGE('',*,*,#9241,.T.);
#9864 = ORIENTED_EDGE('',*,*,#9765,.T.);
#9865 = ORIENTED_EDGE('',*,*,#9866,.T.);
#9866 = EDGE_CURVE('',#9766,#9842,#9867,.T.);
#9867 = SURFACE_CURVE('',#9868,(#9872,#9879),.PCURVE_S1.);
#9868 = LINE('',#9869,#9870);
#9869 = CARTESIAN_POINT('',(-40.,-1.,-16.3));
#9870 = VECTOR('',#9871,1.);
#9871 = DIRECTION('',(1.,0.,0.));
#9872 = PCURVE('',#9259,#9873);
#9873 = DEFINITIONAL_REPRESENTATION('',(#9874),#9878);
#9874 = LINE('',#9875,#9876);
#9875 = CARTESIAN_POINT('',(0.,12.));
#9876 = VECTOR('',#9877,1.);
#9877 = DIRECTION('',(1.,0.));
#9878 = ( GEOMETRIC_REPRESENTATION_CONTEXT(2) 
PARAMETRIC_REPRESENTATION_CONTEXT() REPRESENTATION_CONTEXT('2D SPACE',''
  ) );
#9879 = PCURVE('',#4239,#9880);
#9880 = DEFINITIONAL_REPRESENTATION('',(#9881),#9885);
#9881 = LINE('',#9882,#9883);
#9882 = CARTESIAN_POINT('',(10.,0.));
#9883 = VECTOR('',#9884,1.);
#9884 = DIRECTION('',(0.,1.));
#9885 = ( GEOMETRIC_REPRESENTATION_CONTEXT(2) 
PARAMETRIC_REPRESENTATION_CONTEXT() REPRESENTATION_CONTEXT('2D SPACE',''
  ) );
#9886 = ADVANCED_FACE('',(#9887),#9679,.F.);
#9887 = FACE_BOUND('',#9888,.F.);
#9888 = EDGE_LOOP('',(#9889,#9890,#9918,#9941));
#9889 = ORIENTED_EDGE('',*,*,#9663,.T.);
#9890 = ORIENTED_EDGE('',*,*,#9891,.T.);
#9891 = EDGE_CURVE('',#9664,#9892,#9894,.T.);
#9892 = VERTEX_POINT('',#9893);
#9893 = CARTESIAN_POINT('',(6.,-1.,-17.3));
#9894 = SURFACE_CURVE('',#9895,(#9900,#9907),.PCURVE_S1.);
#9895 = CIRCLE('',#9896,1.);
#9896 = AXIS2_PLACEMENT_3D('',#9897,#9898,#9899);
#9897 = CARTESIAN_POINT('',(6.,-2.,-17.3));
#9898 = DIRECTION('',(-1.,0.,-0.));
#9899 = DIRECTION('',(0.,0.,-1.));
#9900 = PCURVE('',#9679,#9901);
#9901 = DEFINITIONAL_REPRESENTATION('',(#9902),#9906);
#9902 = LINE('',#9903,#9904);
#9903 = CARTESIAN_POINT('',(6.28318530718,46.));
#9904 = VECTOR('',#9905,1.);
#9905 = DIRECTION('',(-1.,0.));
#9906 = ( GEOMETRIC_REPRESENTATION_CONTEXT(2) 
PARAMETRIC_REPRESENTATION_CONTEXT() REPRESENTATION_CONTEXT('2D SPACE',''
  ) );
#9907 = PCURVE('',#625,#9908);
#9908 = DEFINITIONAL_REPRESENTATION('',(#9909),#9917);
#9909 = ( BOUNDED_CURVE() B_SPLINE_CURVE(2,(#9910,#9911,#9912,#9913,
#9914,#9915,#9916),.UNSPECIFIED.,.T.,.F.) B_SPLINE_CURVE_WITH_KNOTS((1,2
    ,2,2,2,1),(-2.094395102393,0.,2.094395102393,4.188790204786,
6.28318530718,8.377580409573),.UNSPECIFIED.) CURVE() 
GEOMETRIC_REPRESENTATION_ITEM() RATIONAL_B_SPLINE_CURVE((1.,0.5,1.,0.5,
1.,0.5,1.)) REPRESENTATION_ITEM('') );
#9910 = CARTESIAN_POINT('',(12.,11.));
#9911 = CARTESIAN_POINT('',(12.,9.267949192431));
#9912 = CARTESIAN_POINT('',(10.5,10.133974596216));
#9913 = CARTESIAN_POINT('',(9.,11.));
#9914 = CARTESIAN_POINT('',(10.5,11.866025403784));
#9915 = CARTESIAN_POINT('',(12.,12.732050807569));
#9916 = CARTESIAN_POINT('',(12.,11.));
#9917 = ( GEOMETRIC_REPRESENTATION_CONTEXT(2) 
PARAMETRIC_REPRESENTATION_CONTEXT() REPRESENTATION_CONTEXT('2D SPACE',''
  ) );
#9918 = ORIENTED_EDGE('',*,*,#9919,.T.);
#9919 = EDGE_CURVE('',#9892,#9920,#9922,.T.);
#9920 = VERTEX_POINT('',#9921);
#9921 = CARTESIAN_POINT('',(-6.,-1.,-17.3));
#9922 = SURFACE_CURVE('',#9923,(#9927,#9934),.PCURVE_S1.);
#9923 = LINE('',#9924,#9925);
#9924 = CARTESIAN_POINT('',(-40.,-1.,-17.3));
#9925 = VECTOR('',#9926,1.);
#9926 = DIRECTION('',(-1.,-0.,-0.));
#9927 = PCURVE('',#9679,#9928);
#9928 = DEFINITIONAL_REPRESENTATION('',(#9929),#9933);
#9929 = LINE('',#9930,#9931);
#9930 = CARTESIAN_POINT('',(1.570796326795,0.));
#9931 = VECTOR('',#9932,1.);
#9932 = DIRECTION('',(0.,-1.));
#9933 = ( GEOMETRIC_REPRESENTATION_CONTEXT(2) 
PARAMETRIC_REPRESENTATION_CONTEXT() REPRESENTATION_CONTEXT('2D SPACE',''
  ) );
#9934 = PCURVE('',#4183,#9935);
#9935 = DEFINITIONAL_REPRESENTATION('',(#9936),#9940);
#9936 = LINE('',#9937,#9938);
#9937 = CARTESIAN_POINT('',(11.,0.));
#9938 = VECTOR('',#9939,1.);
#9939 = DIRECTION('',(0.,-1.));
#9940 = ( GEOMETRIC_REPRESENTATION_CONTEXT(2) 
PARAMETRIC_REPRESENTATION_CONTEXT() REPRESENTATION_CONTEXT('2D SPACE',''
  ) );
#9941 = ORIENTED_EDGE('',*,*,#9942,.T.);
#9942 = EDGE_CURVE('',#9920,#9641,#9943,.T.);
#9943 = SURFACE_CURVE('',#9944,(#9949,#9956),.PCURVE_S1.);
#9944 = CIRCLE('',#9945,1.);
#9945 = AXIS2_PLACEMENT_3D('',#9946,#9947,#9948);
#9946 = CARTESIAN_POINT('',(-6.,-2.,-17.3));
#9947 = DIRECTION('',(1.,-0.,0.));
#9948 = DIRECTION('',(0.,5.20417042793E-15,1.));
#9949 = PCURVE('',#9679,#9950);
#9950 = DEFINITIONAL_REPRESENTATION('',(#9951),#9955);
#9951 = LINE('',#9952,#9953);
#9952 = CARTESIAN_POINT('',(-3.14159265359,34.));
#9953 = VECTOR('',#9954,1.);
#9954 = DIRECTION('',(1.,0.));
#9955 = ( GEOMETRIC_REPRESENTATION_CONTEXT(2) 
PARAMETRIC_REPRESENTATION_CONTEXT() REPRESENTATION_CONTEXT('2D SPACE',''
  ) );
#9956 = PCURVE('',#692,#9957);
#9957 = DEFINITIONAL_REPRESENTATION('',(#9958),#9966);
#9958 = ( BOUNDED_CURVE() B_SPLINE_CURVE(2,(#9959,#9960,#9961,#9962,
#9963,#9964,#9965),.UNSPECIFIED.,.T.,.F.) B_SPLINE_CURVE_WITH_KNOTS((1,2
    ,2,2,2,1),(-2.094395102393,0.,2.094395102393,4.188790204786,
6.28318530718,8.377580409573),.UNSPECIFIED.) CURVE() 
GEOMETRIC_REPRESENTATION_ITEM() RATIONAL_B_SPLINE_CURVE((1.,0.5,1.,0.5,
1.,0.5,1.)) REPRESENTATION_ITEM('') );
#9959 = CARTESIAN_POINT('',(-10.,11.));
#9960 = CARTESIAN_POINT('',(-10.,9.267949192431));
#9961 = CARTESIAN_POINT('',(-11.5,10.133974596216));
#9962 = CARTESIAN_POINT('',(-13.,11.));
#9963 = CARTESIAN_POINT('',(-11.5,11.866025403784));
#9964 = CARTESIAN_POINT('',(-10.,12.732050807569));
#9965 = CARTESIAN_POINT('',(-10.,11.));
#9966 = ( GEOMETRIC_REPRESENTATION_CONTEXT(2) 
PARAMETRIC_REPRESENTATION_CONTEXT() REPRESENTATION_CONTEXT('2D SPACE',''
  ) );
#9967 = ADVANCED_FACE('',(#9968),#9200,.F.);
#9968 = FACE_BOUND('',#9969,.T.);
#9969 = EDGE_LOOP('',(#9970,#9993,#9994,#10017));
#9970 = ORIENTED_EDGE('',*,*,#9971,.F.);
#9971 = EDGE_CURVE('',#9185,#9972,#9974,.T.);
#9972 = VERTEX_POINT('',#9973);
#9973 = CARTESIAN_POINT('',(19.,-1.,-16.3));
#9974 = SURFACE_CURVE('',#9975,(#9979,#9986),.PCURVE_S1.);
#9975 = LINE('',#9976,#9977);
#9976 = CARTESIAN_POINT('',(19.,-13.,-16.3));
#9977 = VECTOR('',#9978,1.);
#9978 = DIRECTION('',(0.,1.,0.));
#9979 = PCURVE('',#9200,#9980);
#9980 = DEFINITIONAL_REPRESENTATION('',(#9981),#9985);
#9981 = LINE('',#9982,#9983);
#9982 = CARTESIAN_POINT('',(59.,0.));
#9983 = VECTOR('',#9984,1.);
#9984 = DIRECTION('',(0.,1.));
#9985 = ( GEOMETRIC_REPRESENTATION_CONTEXT(2) 
PARAMETRIC_REPRESENTATION_CONTEXT() REPRESENTATION_CONTEXT('2D SPACE',''
  ) );
#9986 = PCURVE('',#3595,#9987);
#9987 = DEFINITIONAL_REPRESENTATION('',(#9988),#9992);
#9988 = LINE('',#9989,#9990);
#9989 = CARTESIAN_POINT('',(-10.,0.));
#9990 = VECTOR('',#9991,1.);
#9991 = DIRECTION('',(0.,1.));
#9992 = ( GEOMETRIC_REPRESENTATION_CONTEXT(2) 
PARAMETRIC_REPRESENTATION_CONTEXT() REPRESENTATION_CONTEXT('2D SPACE',''
  ) );
#9993 = ORIENTED_EDGE('',*,*,#9184,.T.);
#9994 = ORIENTED_EDGE('',*,*,#9995,.T.);
#9995 = EDGE_CURVE('',#9157,#9996,#9998,.T.);
#9996 = VERTEX_POINT('',#9997);
#9997 = CARTESIAN_POINT('',(10.,-1.,-16.3));
#9998 = SURFACE_CURVE('',#9999,(#10003,#10010),.PCURVE_S1.);
#9999 = LINE('',#10000,#10001);
#10000 = CARTESIAN_POINT('',(10.,-13.,-16.3));
#10001 = VECTOR('',#10002,1.);
#10002 = DIRECTION('',(0.,1.,0.));
#10003 = PCURVE('',#9200,#10004);
#10004 = DEFINITIONAL_REPRESENTATION('',(#10005),#10009);
#10005 = LINE('',#10006,#10007);
#10006 = CARTESIAN_POINT('',(50.,0.));
#10007 = VECTOR('',#10008,1.);
#10008 = DIRECTION('',(0.,1.));
#10009 = ( GEOMETRIC_REPRESENTATION_CONTEXT(2) 
PARAMETRIC_REPRESENTATION_CONTEXT() REPRESENTATION_CONTEXT('2D SPACE',''
  ) );
#10010 = PCURVE('',#575,#10011);
#10011 = DEFINITIONAL_REPRESENTATION('',(#10012),#10016);
#10012 = LINE('',#10013,#10014);
#10013 = CARTESIAN_POINT('',(-10.,0.));
#10014 = VECTOR('',#10015,1.);
#10015 = DIRECTION('',(0.,1.));
#10016 = ( GEOMETRIC_REPRESENTATION_CONTEXT(2) 
PARAMETRIC_REPRESENTATION_CONTEXT() REPRESENTATION_CONTEXT('2D SPACE',''
  ) );
#10017 = ORIENTED_EDGE('',*,*,#10018,.T.);
#10018 = EDGE_CURVE('',#9996,#9972,#10019,.T.);
#10019 = SURFACE_CURVE('',#10020,(#10024,#10031),.PCURVE_S1.);
#10020 = LINE('',#10021,#10022);
#10021 = CARTESIAN_POINT('',(-40.,-1.,-16.3));
#10022 = VECTOR('',#10023,1.);
#10023 = DIRECTION('',(1.,0.,0.));
#10024 = PCURVE('',#9200,#10025);
#10025 = DEFINITIONAL_REPRESENTATION('',(#10026),#10030);
#10026 = LINE('',#10027,#10028);
#10027 = CARTESIAN_POINT('',(0.,12.));
#10028 = VECTOR('',#10029,1.);
#10029 = DIRECTION('',(1.,0.));
#10030 = ( GEOMETRIC_REPRESENTATION_CONTEXT(2) 
PARAMETRIC_REPRESENTATION_CONTEXT() REPRESENTATION_CONTEXT('2D SPACE',''
  ) );
#10031 = PCURVE('',#10032,#10037);
#10032 = PLANE('',#10033);
#10033 = AXIS2_PLACEMENT_3D('',#10034,#10035,#10036);
#10034 = CARTESIAN_POINT('',(-40.,-1.,-6.3));
#10035 = DIRECTION('',(0.,-1.,0.));
#10036 = DIRECTION('',(0.,-0.,-1.));
#10037 = DEFINITIONAL_REPRESENTATION('',(#10038),#10042);
#10038 = LINE('',#10039,#10040);
#10039 = CARTESIAN_POINT('',(10.,0.));
#10040 = VECTOR('',#10041,1.);
#10041 = DIRECTION('',(0.,1.));
#10042 = ( GEOMETRIC_REPRESENTATION_CONTEXT(2) 
PARAMETRIC_REPRESENTATION_CONTEXT() REPRESENTATION_CONTEXT('2D SPACE',''
  ) );
#10043 = ADVANCED_FACE('',(#10044,#10093),#3595,.F.);
#10044 = FACE_BOUND('',#10045,.T.);
#10045 = EDGE_LOOP('',(#10046,#10047,#10048,#10049,#10072));
#10046 = ORIENTED_EDGE('',*,*,#8243,.T.);
#10047 = ORIENTED_EDGE('',*,*,#9212,.T.);
#10048 = ORIENTED_EDGE('',*,*,#9971,.T.);
#10049 = ORIENTED_EDGE('',*,*,#10050,.T.);
#10050 = EDGE_CURVE('',#9972,#10051,#10053,.T.);
#10051 = VERTEX_POINT('',#10052);
#10052 = CARTESIAN_POINT('',(19.,-1.,-6.3));
#10053 = SURFACE_CURVE('',#10054,(#10058,#10065),.PCURVE_S1.);
#10054 = LINE('',#10055,#10056);
#10055 = CARTESIAN_POINT('',(19.,-1.,-6.3));
#10056 = VECTOR('',#10057,1.);
#10057 = DIRECTION('',(0.,0.,1.));
#10058 = PCURVE('',#3595,#10059);
#10059 = DEFINITIONAL_REPRESENTATION('',(#10060),#10064);
#10060 = LINE('',#10061,#10062);
#10061 = CARTESIAN_POINT('',(0.,12.));
#10062 = VECTOR('',#10063,1.);
#10063 = DIRECTION('',(1.,0.));
#10064 = ( GEOMETRIC_REPRESENTATION_CONTEXT(2) 
PARAMETRIC_REPRESENTATION_CONTEXT() REPRESENTATION_CONTEXT('2D SPACE',''
  ) );
#10065 = PCURVE('',#10032,#10066);
#10066 = DEFINITIONAL_REPRESENTATION('',(#10067),#10071);
#10067 = LINE('',#10068,#10069);
#10068 = CARTESIAN_POINT('',(0.,59.));
#10069 = VECTOR('',#10070,1.);
#10070 = DIRECTION('',(-1.,0.));
#10071 = ( GEOMETRIC_REPRESENTATION_CONTEXT(2) 
PARAMETRIC_REPRESENTATION_CONTEXT() REPRESENTATION_CONTEXT('2D SPACE',''
  ) );
#10072 = ORIENTED_EDGE('',*,*,#10073,.F.);
#10073 = EDGE_CURVE('',#8244,#10051,#10074,.T.);
#10074 = SURFACE_CURVE('',#10075,(#10079,#10086),.PCURVE_S1.);
#10075 = LINE('',#10076,#10077);
#10076 = CARTESIAN_POINT('',(19.,-13.,-6.3));
#10077 = VECTOR('',#10078,1.);
#10078 = DIRECTION('',(0.,1.,0.));
#10079 = PCURVE('',#3595,#10080);
#10080 = DEFINITIONAL_REPRESENTATION('',(#10081),#10085);
#10081 = LINE('',#10082,#10083);
#10082 = CARTESIAN_POINT('',(0.,0.));
#10083 = VECTOR('',#10084,1.);
#10084 = DIRECTION('',(0.,1.));
#10085 = ( GEOMETRIC_REPRESENTATION_CONTEXT(2) 
PARAMETRIC_REPRESENTATION_CONTEXT() REPRESENTATION_CONTEXT('2D SPACE',''
  ) );
#10086 = PCURVE('',#6890,#10087);
#10087 = DEFINITIONAL_REPRESENTATION('',(#10088),#10092);
#10088 = LINE('',#10089,#10090);
#10089 = CARTESIAN_POINT('',(59.,-12.));
#10090 = VECTOR('',#10091,1.);
#10091 = DIRECTION('',(0.,1.));
#10092 = ( GEOMETRIC_REPRESENTATION_CONTEXT(2) 
PARAMETRIC_REPRESENTATION_CONTEXT() REPRESENTATION_CONTEXT('2D SPACE',''
  ) );
#10093 = FACE_BOUND('',#10094,.T.);
#10094 = EDGE_LOOP('',(#10095,#10096));
#10095 = ORIENTED_EDGE('',*,*,#3578,.T.);
#10096 = ORIENTED_EDGE('',*,*,#5489,.T.);
#10097 = ADVANCED_FACE('',(#10098,#10102),#625,.F.);
#10098 = FACE_BOUND('',#10099,.T.);
#10099 = EDGE_LOOP('',(#10100,#10101));
#10100 = ORIENTED_EDGE('',*,*,#9739,.T.);
#10101 = ORIENTED_EDGE('',*,*,#610,.T.);
#10102 = FACE_BOUND('',#10103,.T.);
#10103 = EDGE_LOOP('',(#10104,#10105,#10106,#10129,#10157,#10183,#10184)
  );
#10104 = ORIENTED_EDGE('',*,*,#9691,.T.);
#10105 = ORIENTED_EDGE('',*,*,#9891,.T.);
#10106 = ORIENTED_EDGE('',*,*,#10107,.T.);
#10107 = EDGE_CURVE('',#9892,#10108,#10110,.T.);
#10108 = VERTEX_POINT('',#10109);
#10109 = CARTESIAN_POINT('',(6.,-1.,-26.3));
#10110 = SURFACE_CURVE('',#10111,(#10115,#10122),.PCURVE_S1.);
#10111 = LINE('',#10112,#10113);
#10112 = CARTESIAN_POINT('',(6.,-1.,-6.3));
#10113 = VECTOR('',#10114,1.);
#10114 = DIRECTION('',(0.,0.,-1.));
#10115 = PCURVE('',#625,#10116);
#10116 = DEFINITIONAL_REPRESENTATION('',(#10117),#10121);
#10117 = LINE('',#10118,#10119);
#10118 = CARTESIAN_POINT('',(0.,12.));
#10119 = VECTOR('',#10120,1.);
#10120 = DIRECTION('',(1.,0.));
#10121 = ( GEOMETRIC_REPRESENTATION_CONTEXT(2) 
PARAMETRIC_REPRESENTATION_CONTEXT() REPRESENTATION_CONTEXT('2D SPACE',''
  ) );
#10122 = PCURVE('',#4183,#10123);
#10123 = DEFINITIONAL_REPRESENTATION('',(#10124),#10128);
#10124 = LINE('',#10125,#10126);
#10125 = CARTESIAN_POINT('',(0.,46.));
#10126 = VECTOR('',#10127,1.);
#10127 = DIRECTION('',(1.,0.));
#10128 = ( GEOMETRIC_REPRESENTATION_CONTEXT(2) 
PARAMETRIC_REPRESENTATION_CONTEXT() REPRESENTATION_CONTEXT('2D SPACE',''
  ) );
#10129 = ORIENTED_EDGE('',*,*,#10130,.F.);
#10130 = EDGE_CURVE('',#10131,#10108,#10133,.T.);
#10131 = VERTEX_POINT('',#10132);
#10132 = CARTESIAN_POINT('',(6.,-8.,-26.3));
#10133 = SURFACE_CURVE('',#10134,(#10138,#10145),.PCURVE_S1.);
#10134 = LINE('',#10135,#10136);
#10135 = CARTESIAN_POINT('',(6.,-13.,-26.3));
#10136 = VECTOR('',#10137,1.);
#10137 = DIRECTION('',(0.,1.,0.));
#10138 = PCURVE('',#625,#10139);
#10139 = DEFINITIONAL_REPRESENTATION('',(#10140),#10144);
#10140 = LINE('',#10141,#10142);
#10141 = CARTESIAN_POINT('',(20.,0.));
#10142 = VECTOR('',#10143,1.);
#10143 = DIRECTION('',(0.,1.));
#10144 = ( GEOMETRIC_REPRESENTATION_CONTEXT(2) 
PARAMETRIC_REPRESENTATION_CONTEXT() REPRESENTATION_CONTEXT('2D SPACE',''
  ) );
#10145 = PCURVE('',#10146,#10151);
#10146 = PLANE('',#10147);
#10147 = AXIS2_PLACEMENT_3D('',#10148,#10149,#10150);
#10148 = CARTESIAN_POINT('',(-40.,-13.,-26.3));
#10149 = DIRECTION('',(0.,0.,1.));
#10150 = DIRECTION('',(1.,0.,-0.));
#10151 = DEFINITIONAL_REPRESENTATION('',(#10152),#10156);
#10152 = LINE('',#10153,#10154);
#10153 = CARTESIAN_POINT('',(46.,0.));
#10154 = VECTOR('',#10155,1.);
#10155 = DIRECTION('',(0.,1.));
#10156 = ( GEOMETRIC_REPRESENTATION_CONTEXT(2) 
PARAMETRIC_REPRESENTATION_CONTEXT() REPRESENTATION_CONTEXT('2D SPACE',''
  ) );
#10157 = ORIENTED_EDGE('',*,*,#10158,.T.);
#10158 = EDGE_CURVE('',#10131,#9516,#10159,.T.);
#10159 = SURFACE_CURVE('',#10160,(#10165,#10176),.PCURVE_S1.);
#10160 = CIRCLE('',#10161,5.);
#10161 = AXIS2_PLACEMENT_3D('',#10162,#10163,#10164);
#10162 = CARTESIAN_POINT('',(6.,-8.,-21.3));
#10163 = DIRECTION('',(-1.,0.,-0.));
#10164 = DIRECTION('',(0.,0.,-1.));
#10165 = PCURVE('',#625,#10166);
#10166 = DEFINITIONAL_REPRESENTATION('',(#10167),#10175);
#10167 = ( BOUNDED_CURVE() B_SPLINE_CURVE(2,(#10168,#10169,#10170,#10171
    ,#10172,#10173,#10174),.UNSPECIFIED.,.T.,.F.) 
B_SPLINE_CURVE_WITH_KNOTS((1,2,2,2,2,1),(-2.094395102393,0.,
    2.094395102393,4.188790204786,6.28318530718,8.377580409573),
.UNSPECIFIED.) CURVE() GEOMETRIC_REPRESENTATION_ITEM() 
RATIONAL_B_SPLINE_CURVE((1.,0.5,1.,0.5,1.,0.5,1.)) REPRESENTATION_ITEM(
  '') );
#10168 = CARTESIAN_POINT('',(20.,5.));
#10169 = CARTESIAN_POINT('',(20.,-3.660254037844));
#10170 = CARTESIAN_POINT('',(12.5,0.669872981078));
#10171 = CARTESIAN_POINT('',(5.,5.));
#10172 = CARTESIAN_POINT('',(12.5,9.330127018922));
#10173 = CARTESIAN_POINT('',(20.,13.660254037844));
#10174 = CARTESIAN_POINT('',(20.,5.));
#10175 = ( GEOMETRIC_REPRESENTATION_CONTEXT(2) 
PARAMETRIC_REPRESENTATION_CONTEXT() REPRESENTATION_CONTEXT('2D SPACE',''
  ) );
#10176 = PCURVE('',#9554,#10177);
#10177 = DEFINITIONAL_REPRESENTATION('',(#10178),#10182);
#10178 = LINE('',#10179,#10180);
#10179 = CARTESIAN_POINT('',(6.28318530718,6.));
#10180 = VECTOR('',#10181,1.);
#10181 = DIRECTION('',(-1.,0.));
#10182 = ( GEOMETRIC_REPRESENTATION_CONTEXT(2) 
PARAMETRIC_REPRESENTATION_CONTEXT() REPRESENTATION_CONTEXT('2D SPACE',''
  ) );
#10183 = ORIENTED_EDGE('',*,*,#9515,.F.);
#10184 = ORIENTED_EDGE('',*,*,#9462,.F.);
#10185 = ADVANCED_FACE('',(#10186),#9554,.T.);
#10186 = FACE_BOUND('',#10187,.T.);
#10187 = EDGE_LOOP('',(#10188,#10189,#10190,#10213));
#10188 = ORIENTED_EDGE('',*,*,#9538,.F.);
#10189 = ORIENTED_EDGE('',*,*,#10158,.F.);
#10190 = ORIENTED_EDGE('',*,*,#10191,.F.);
#10191 = EDGE_CURVE('',#10192,#10131,#10194,.T.);
#10192 = VERTEX_POINT('',#10193);
#10193 = CARTESIAN_POINT('',(10.,-8.,-26.3));
#10194 = SURFACE_CURVE('',#10195,(#10199,#10206),.PCURVE_S1.);
#10195 = LINE('',#10196,#10197);
#10196 = CARTESIAN_POINT('',(-40.,-8.,-26.3));
#10197 = VECTOR('',#10198,1.);
#10198 = DIRECTION('',(-1.,-0.,-0.));
#10199 = PCURVE('',#9554,#10200);
#10200 = DEFINITIONAL_REPRESENTATION('',(#10201),#10205);
#10201 = LINE('',#10202,#10203);
#10202 = CARTESIAN_POINT('',(6.28318530718,-40.));
#10203 = VECTOR('',#10204,1.);
#10204 = DIRECTION('',(0.,-1.));
#10205 = ( GEOMETRIC_REPRESENTATION_CONTEXT(2) 
PARAMETRIC_REPRESENTATION_CONTEXT() REPRESENTATION_CONTEXT('2D SPACE',''
  ) );
#10206 = PCURVE('',#10146,#10207);
#10207 = DEFINITIONAL_REPRESENTATION('',(#10208),#10212);
#10208 = LINE('',#10209,#10210);
#10209 = CARTESIAN_POINT('',(0.,5.));
#10210 = VECTOR('',#10211,1.);
#10211 = DIRECTION('',(-1.,0.));
#10212 = ( GEOMETRIC_REPRESENTATION_CONTEXT(2) 
PARAMETRIC_REPRESENTATION_CONTEXT() REPRESENTATION_CONTEXT('2D SPACE',''
  ) );
#10213 = ORIENTED_EDGE('',*,*,#10214,.F.);
#10214 = EDGE_CURVE('',#9539,#10192,#10215,.T.);
#10215 = SURFACE_CURVE('',#10216,(#10221,#10228),.PCURVE_S1.);
#10216 = CIRCLE('',#10217,5.);
#10217 = AXIS2_PLACEMENT_3D('',#10218,#10219,#10220);
#10218 = CARTESIAN_POINT('',(10.,-8.,-21.3));
#10219 = DIRECTION('',(1.,-0.,0.));
#10220 = DIRECTION('',(0.,0.,1.));
#10221 = PCURVE('',#9554,#10222);
#10222 = DEFINITIONAL_REPRESENTATION('',(#10223),#10227);
#10223 = LINE('',#10224,#10225);
#10224 = CARTESIAN_POINT('',(3.14159265359,10.));
#10225 = VECTOR('',#10226,1.);
#10226 = DIRECTION('',(1.,0.));
#10227 = ( GEOMETRIC_REPRESENTATION_CONTEXT(2) 
PARAMETRIC_REPRESENTATION_CONTEXT() REPRESENTATION_CONTEXT('2D SPACE',''
  ) );
#10228 = PCURVE('',#575,#10229);
#10229 = DEFINITIONAL_REPRESENTATION('',(#10230),#10238);
#10230 = ( BOUNDED_CURVE() B_SPLINE_CURVE(2,(#10231,#10232,#10233,#10234
    ,#10235,#10236,#10237),.UNSPECIFIED.,.T.,.F.) 
B_SPLINE_CURVE_WITH_KNOTS((1,2,2,2,2,1),(-2.094395102393,0.,
    2.094395102393,4.188790204786,6.28318530718,8.377580409573),
.UNSPECIFIED.) CURVE() GEOMETRIC_REPRESENTATION_ITEM() 
RATIONAL_B_SPLINE_CURVE((1.,0.5,1.,0.5,1.,0.5,1.)) REPRESENTATION_ITEM(
  '') );
#10231 = CARTESIAN_POINT('',(-10.,5.));
#10232 = CARTESIAN_POINT('',(-10.,-3.660254037844));
#10233 = CARTESIAN_POINT('',(-17.5,0.669872981078));
#10234 = CARTESIAN_POINT('',(-25.,5.));
#10235 = CARTESIAN_POINT('',(-17.5,9.330127018922));
#10236 = CARTESIAN_POINT('',(-10.,13.660254037844));
#10237 = CARTESIAN_POINT('',(-10.,5.));
#10238 = ( GEOMETRIC_REPRESENTATION_CONTEXT(2) 
PARAMETRIC_REPRESENTATION_CONTEXT() REPRESENTATION_CONTEXT('2D SPACE',''
  ) );
#10239 = ADVANCED_FACE('',(#10240,#10244),#575,.F.);
#10240 = FACE_BOUND('',#10241,.T.);
#10241 = EDGE_LOOP('',(#10242,#10243));
#10242 = ORIENTED_EDGE('',*,*,#558,.T.);
#10243 = ORIENTED_EDGE('',*,*,#9716,.T.);
#10244 = FACE_BOUND('',#10245,.T.);
#10245 = EDGE_LOOP('',(#10246,#10247,#10248,#10271,#10292,#10293));
#10246 = ORIENTED_EDGE('',*,*,#9566,.F.);
#10247 = ORIENTED_EDGE('',*,*,#10214,.T.);
#10248 = ORIENTED_EDGE('',*,*,#10249,.T.);
#10249 = EDGE_CURVE('',#10192,#10250,#10252,.T.);
#10250 = VERTEX_POINT('',#10251);
#10251 = CARTESIAN_POINT('',(10.,-1.,-26.3));
#10252 = SURFACE_CURVE('',#10253,(#10257,#10264),.PCURVE_S1.);
#10253 = LINE('',#10254,#10255);
#10254 = CARTESIAN_POINT('',(10.,-13.,-26.3));
#10255 = VECTOR('',#10256,1.);
#10256 = DIRECTION('',(0.,1.,0.));
#10257 = PCURVE('',#575,#10258);
#10258 = DEFINITIONAL_REPRESENTATION('',(#10259),#10263);
#10259 = LINE('',#10260,#10261);
#10260 = CARTESIAN_POINT('',(-20.,0.));
#10261 = VECTOR('',#10262,1.);
#10262 = DIRECTION('',(0.,1.));
#10263 = ( GEOMETRIC_REPRESENTATION_CONTEXT(2) 
PARAMETRIC_REPRESENTATION_CONTEXT() REPRESENTATION_CONTEXT('2D SPACE',''
  ) );
#10264 = PCURVE('',#10146,#10265);
#10265 = DEFINITIONAL_REPRESENTATION('',(#10266),#10270);
#10266 = LINE('',#10267,#10268);
#10267 = CARTESIAN_POINT('',(50.,0.));
#10268 = VECTOR('',#10269,1.);
#10269 = DIRECTION('',(0.,1.));
#10270 = ( GEOMETRIC_REPRESENTATION_CONTEXT(2) 
PARAMETRIC_REPRESENTATION_CONTEXT() REPRESENTATION_CONTEXT('2D SPACE',''
  ) );
#10271 = ORIENTED_EDGE('',*,*,#10272,.T.);
#10272 = EDGE_CURVE('',#10250,#9996,#10273,.T.);
#10273 = SURFACE_CURVE('',#10274,(#10278,#10285),.PCURVE_S1.);
#10274 = LINE('',#10275,#10276);
#10275 = CARTESIAN_POINT('',(10.,-1.,-6.3));
#10276 = VECTOR('',#10277,1.);
#10277 = DIRECTION('',(-0.,0.,1.));
#10278 = PCURVE('',#575,#10279);
#10279 = DEFINITIONAL_REPRESENTATION('',(#10280),#10284);
#10280 = LINE('',#10281,#10282);
#10281 = CARTESIAN_POINT('',(0.,12.));
#10282 = VECTOR('',#10283,1.);
#10283 = DIRECTION('',(1.,0.));
#10284 = ( GEOMETRIC_REPRESENTATION_CONTEXT(2) 
PARAMETRIC_REPRESENTATION_CONTEXT() REPRESENTATION_CONTEXT('2D SPACE',''
  ) );
#10285 = PCURVE('',#10032,#10286);
#10286 = DEFINITIONAL_REPRESENTATION('',(#10287),#10291);
#10287 = LINE('',#10288,#10289);
#10288 = CARTESIAN_POINT('',(0.,50.));
#10289 = VECTOR('',#10290,1.);
#10290 = DIRECTION('',(-1.,0.));
#10291 = ( GEOMETRIC_REPRESENTATION_CONTEXT(2) 
PARAMETRIC_REPRESENTATION_CONTEXT() REPRESENTATION_CONTEXT('2D SPACE',''
  ) );
#10292 = ORIENTED_EDGE('',*,*,#9995,.F.);
#10293 = ORIENTED_EDGE('',*,*,#9156,.F.);
#10294 = ADVANCED_FACE('',(#10295),#10146,.F.);
#10295 = FACE_BOUND('',#10296,.T.);
#10296 = EDGE_LOOP('',(#10297,#10298,#10299,#10300));
#10297 = ORIENTED_EDGE('',*,*,#10249,.F.);
#10298 = ORIENTED_EDGE('',*,*,#10191,.T.);
#10299 = ORIENTED_EDGE('',*,*,#10130,.T.);
#10300 = ORIENTED_EDGE('',*,*,#10301,.T.);
#10301 = EDGE_CURVE('',#10108,#10250,#10302,.T.);
#10302 = SURFACE_CURVE('',#10303,(#10307,#10314),.PCURVE_S1.);
#10303 = LINE('',#10304,#10305);
#10304 = CARTESIAN_POINT('',(-40.,-1.,-26.3));
#10305 = VECTOR('',#10306,1.);
#10306 = DIRECTION('',(1.,0.,0.));
#10307 = PCURVE('',#10146,#10308);
#10308 = DEFINITIONAL_REPRESENTATION('',(#10309),#10313);
#10309 = LINE('',#10310,#10311);
#10310 = CARTESIAN_POINT('',(0.,12.));
#10311 = VECTOR('',#10312,1.);
#10312 = DIRECTION('',(1.,0.));
#10313 = ( GEOMETRIC_REPRESENTATION_CONTEXT(2) 
PARAMETRIC_REPRESENTATION_CONTEXT() REPRESENTATION_CONTEXT('2D SPACE',''
  ) );
#10314 = PCURVE('',#10315,#10320);
#10315 = PLANE('',#10316);
#10316 = AXIS2_PLACEMENT_3D('',#10317,#10318,#10319);
#10317 = CARTESIAN_POINT('',(-30.76,-1.,-26.3));
#10318 = DIRECTION('',(0.,0.544639035015,-0.838670567945));
#10319 = DIRECTION('',(0.,0.838670567945,0.544639035015));
#10320 = DEFINITIONAL_REPRESENTATION('',(#10321),#10325);
#10321 = LINE('',#10322,#10323);
#10322 = CARTESIAN_POINT('',(0.,-9.24));
#10323 = VECTOR('',#10324,1.);
#10324 = DIRECTION('',(0.,1.));
#10325 = ( GEOMETRIC_REPRESENTATION_CONTEXT(2) 
PARAMETRIC_REPRESENTATION_CONTEXT() REPRESENTATION_CONTEXT('2D SPACE',''
  ) );
#10326 = ADVANCED_FACE('',(#10327),#10032,.T.);
#10327 = FACE_BOUND('',#10328,.T.);
#10328 = EDGE_LOOP('',(#10329,#10359,#10387,#10415,#10436,#10437,#10438,
    #10439));
#10329 = ORIENTED_EDGE('',*,*,#10330,.F.);
#10330 = EDGE_CURVE('',#10331,#10333,#10335,.T.);
#10331 = VERTEX_POINT('',#10332);
#10332 = CARTESIAN_POINT('',(15.,-1.,-20.3));
#10333 = VERTEX_POINT('',#10334);
#10334 = CARTESIAN_POINT('',(15.,-1.,-26.3));
#10335 = SURFACE_CURVE('',#10336,(#10340,#10347),.PCURVE_S1.);
#10336 = LINE('',#10337,#10338);
#10337 = CARTESIAN_POINT('',(15.,-1.,-20.3));
#10338 = VECTOR('',#10339,1.);
#10339 = DIRECTION('',(0.,0.,-1.));
#10340 = PCURVE('',#10032,#10341);
#10341 = DEFINITIONAL_REPRESENTATION('',(#10342),#10346);
#10342 = LINE('',#10343,#10344);
#10343 = CARTESIAN_POINT('',(14.,55.));
#10344 = VECTOR('',#10345,1.);
#10345 = DIRECTION('',(1.,0.));
#10346 = ( GEOMETRIC_REPRESENTATION_CONTEXT(2) 
PARAMETRIC_REPRESENTATION_CONTEXT() REPRESENTATION_CONTEXT('2D SPACE',''
  ) );
#10347 = PCURVE('',#10348,#10353);
#10348 = PLANE('',#10349);
#10349 = AXIS2_PLACEMENT_3D('',#10350,#10351,#10352);
#10350 = CARTESIAN_POINT('',(15.,-1.,-20.3));
#10351 = DIRECTION('',(-1.,0.,0.));
#10352 = DIRECTION('',(0.,0.,1.));
#10353 = DEFINITIONAL_REPRESENTATION('',(#10354),#10358);
#10354 = LINE('',#10355,#10356);
#10355 = CARTESIAN_POINT('',(0.,-1.998401444325E-15));
#10356 = VECTOR('',#10357,1.);
#10357 = DIRECTION('',(-1.,0.));
#10358 = ( GEOMETRIC_REPRESENTATION_CONTEXT(2) 
PARAMETRIC_REPRESENTATION_CONTEXT() REPRESENTATION_CONTEXT('2D SPACE',''
  ) );
#10359 = ORIENTED_EDGE('',*,*,#10360,.F.);
#10360 = EDGE_CURVE('',#10361,#10331,#10363,.T.);
#10361 = VERTEX_POINT('',#10362);
#10362 = CARTESIAN_POINT('',(19.75,-1.,-20.29999999988));
#10363 = SURFACE_CURVE('',#10364,(#10368,#10375),.PCURVE_S1.);
#10364 = LINE('',#10365,#10366);
#10365 = CARTESIAN_POINT('',(-30.76,-1.,-20.3));
#10366 = VECTOR('',#10367,1.);
#10367 = DIRECTION('',(-1.,-2.282530889443E-16,-1.482292891312E-16));
#10368 = PCURVE('',#10032,#10369);
#10369 = DEFINITIONAL_REPRESENTATION('',(#10370),#10374);
#10370 = LINE('',#10371,#10372);
#10371 = CARTESIAN_POINT('',(14.,9.24));
#10372 = VECTOR('',#10373,1.);
#10373 = DIRECTION('',(1.482292891312E-16,-1.));
#10374 = ( GEOMETRIC_REPRESENTATION_CONTEXT(2) 
PARAMETRIC_REPRESENTATION_CONTEXT() REPRESENTATION_CONTEXT('2D SPACE',''
  ) );
#10375 = PCURVE('',#10376,#10381);
#10376 = PLANE('',#10377);
#10377 = AXIS2_PLACEMENT_3D('',#10378,#10379,#10380);
#10378 = CARTESIAN_POINT('',(23.194150891271,1.685084207392,
    -18.55628592722));
#10379 = DIRECTION('',(-1.94568925374E-15,-0.544639035015,0.838670567945
    ));
#10380 = DIRECTION('',(-3.944304526105E-31,-0.838670567945,
    -0.544639035015));
#10381 = DEFINITIONAL_REPRESENTATION('',(#10382),#10386);
#10382 = LINE('',#10383,#10384);
#10383 = CARTESIAN_POINT('',(3.201595847133,-53.95415089127));
#10384 = VECTOR('',#10385,1.);
#10385 = DIRECTION('',(2.721606047336E-16,-1.));
#10386 = ( GEOMETRIC_REPRESENTATION_CONTEXT(2) 
PARAMETRIC_REPRESENTATION_CONTEXT() REPRESENTATION_CONTEXT('2D SPACE',''
  ) );
#10387 = ORIENTED_EDGE('',*,*,#10388,.T.);
#10388 = EDGE_CURVE('',#10361,#10389,#10391,.T.);
#10389 = VERTEX_POINT('',#10390);
#10390 = CARTESIAN_POINT('',(19.75,-1.,-6.3));
#10391 = SURFACE_CURVE('',#10392,(#10396,#10403),.PCURVE_S1.);
#10392 = LINE('',#10393,#10394);
#10393 = CARTESIAN_POINT('',(19.75,-1.,-30.));
#10394 = VECTOR('',#10395,1.);
#10395 = DIRECTION('',(0.,0.,1.));
#10396 = PCURVE('',#10032,#10397);
#10397 = DEFINITIONAL_REPRESENTATION('',(#10398),#10402);
#10398 = LINE('',#10399,#10400);
#10399 = CARTESIAN_POINT('',(23.7,59.75));
#10400 = VECTOR('',#10401,1.);
#10401 = DIRECTION('',(-1.,0.));
#10402 = ( GEOMETRIC_REPRESENTATION_CONTEXT(2) 
PARAMETRIC_REPRESENTATION_CONTEXT() REPRESENTATION_CONTEXT('2D SPACE',''
  ) );
#10403 = PCURVE('',#10404,#10409);
#10404 = CYLINDRICAL_SURFACE('',#10405,11.);
#10405 = AXIS2_PLACEMENT_3D('',#10406,#10407,#10408);
#10406 = CARTESIAN_POINT('',(19.75,10.,-30.));
#10407 = DIRECTION('',(0.,0.,1.));
#10408 = DIRECTION('',(1.,0.,-0.));
#10409 = DEFINITIONAL_REPRESENTATION('',(#10410),#10414);
#10410 = LINE('',#10411,#10412);
#10411 = CARTESIAN_POINT('',(4.712388980385,0.));
#10412 = VECTOR('',#10413,1.);
#10413 = DIRECTION('',(0.,1.));
#10414 = ( GEOMETRIC_REPRESENTATION_CONTEXT(2) 
PARAMETRIC_REPRESENTATION_CONTEXT() REPRESENTATION_CONTEXT('2D SPACE',''
  ) );
#10415 = ORIENTED_EDGE('',*,*,#10416,.F.);
#10416 = EDGE_CURVE('',#10051,#10389,#10417,.T.);
#10417 = SURFACE_CURVE('',#10418,(#10422,#10429),.PCURVE_S1.);
#10418 = LINE('',#10419,#10420);
#10419 = CARTESIAN_POINT('',(-40.,-1.,-6.3));
#10420 = VECTOR('',#10421,1.);
#10421 = DIRECTION('',(1.,0.,0.));
#10422 = PCURVE('',#10032,#10423);
#10423 = DEFINITIONAL_REPRESENTATION('',(#10424),#10428);
#10424 = LINE('',#10425,#10426);
#10425 = CARTESIAN_POINT('',(0.,0.));
#10426 = VECTOR('',#10427,1.);
#10427 = DIRECTION('',(0.,1.));
#10428 = ( GEOMETRIC_REPRESENTATION_CONTEXT(2) 
PARAMETRIC_REPRESENTATION_CONTEXT() REPRESENTATION_CONTEXT('2D SPACE',''
  ) );
#10429 = PCURVE('',#6890,#10430);
#10430 = DEFINITIONAL_REPRESENTATION('',(#10431),#10435);
#10431 = LINE('',#10432,#10433);
#10432 = CARTESIAN_POINT('',(0.,0.));
#10433 = VECTOR('',#10434,1.);
#10434 = DIRECTION('',(1.,0.));
#10435 = ( GEOMETRIC_REPRESENTATION_CONTEXT(2) 
PARAMETRIC_REPRESENTATION_CONTEXT() REPRESENTATION_CONTEXT('2D SPACE',''
  ) );
#10436 = ORIENTED_EDGE('',*,*,#10050,.F.);
#10437 = ORIENTED_EDGE('',*,*,#10018,.F.);
#10438 = ORIENTED_EDGE('',*,*,#10272,.F.);
#10439 = ORIENTED_EDGE('',*,*,#10440,.T.);
#10440 = EDGE_CURVE('',#10250,#10333,#10441,.T.);
#10441 = SURFACE_CURVE('',#10442,(#10446,#10453),.PCURVE_S1.);
#10442 = LINE('',#10443,#10444);
#10443 = CARTESIAN_POINT('',(-40.,-1.,-26.3));
#10444 = VECTOR('',#10445,1.);
#10445 = DIRECTION('',(1.,0.,0.));
#10446 = PCURVE('',#10032,#10447);
#10447 = DEFINITIONAL_REPRESENTATION('',(#10448),#10452);
#10448 = LINE('',#10449,#10450);
#10449 = CARTESIAN_POINT('',(20.,0.));
#10450 = VECTOR('',#10451,1.);
#10451 = DIRECTION('',(0.,1.));
#10452 = ( GEOMETRIC_REPRESENTATION_CONTEXT(2) 
PARAMETRIC_REPRESENTATION_CONTEXT() REPRESENTATION_CONTEXT('2D SPACE',''
  ) );
#10453 = PCURVE('',#10315,#10454);
#10454 = DEFINITIONAL_REPRESENTATION('',(#10455),#10459);
#10455 = LINE('',#10456,#10457);
#10456 = CARTESIAN_POINT('',(-1.303555924452E-15,-9.24));
#10457 = VECTOR('',#10458,1.);
#10458 = DIRECTION('',(0.,1.));
#10459 = ( GEOMETRIC_REPRESENTATION_CONTEXT(2) 
PARAMETRIC_REPRESENTATION_CONTEXT() REPRESENTATION_CONTEXT('2D SPACE',''
  ) );
#10460 = ADVANCED_FACE('',(#10461),#10404,.T.);
#10461 = FACE_BOUND('',#10462,.T.);
#10462 = EDGE_LOOP('',(#10463,#10493,#10540,#10568,#10642,#10670,#10693,
    #10715,#10716));
#10463 = ORIENTED_EDGE('',*,*,#10464,.T.);
#10464 = EDGE_CURVE('',#10465,#10467,#10469,.T.);
#10465 = VERTEX_POINT('',#10466);
#10466 = CARTESIAN_POINT('',(27.528174593025,2.221825406921,
    -18.20772211667));
#10467 = VERTEX_POINT('',#10468);
#10468 = CARTESIAN_POINT('',(27.528174593026,2.221825406974,
    -24.20772211675));
#10469 = SURFACE_CURVE('',#10470,(#10474,#10481),.PCURVE_S1.);
#10470 = LINE('',#10471,#10472);
#10471 = CARTESIAN_POINT('',(27.528174593026,2.221825406974,
    -18.20772211675));
#10472 = VECTOR('',#10473,1.);
#10473 = DIRECTION('',(0.,0.,-1.));
#10474 = PCURVE('',#10404,#10475);
#10475 = DEFINITIONAL_REPRESENTATION('',(#10476),#10480);
#10476 = LINE('',#10477,#10478);
#10477 = CARTESIAN_POINT('',(5.497787143782,11.792277883246));
#10478 = VECTOR('',#10479,1.);
#10479 = DIRECTION('',(0.,-1.));
#10480 = ( GEOMETRIC_REPRESENTATION_CONTEXT(2) 
PARAMETRIC_REPRESENTATION_CONTEXT() REPRESENTATION_CONTEXT('2D SPACE',''
  ) );
#10481 = PCURVE('',#10482,#10487);
#10482 = PLANE('',#10483);
#10483 = AXIS2_PLACEMENT_3D('',#10484,#10485,#10486);
#10484 = CARTESIAN_POINT('',(5.350804235496,24.399195764504,
    -3.805569409421));
#10485 = DIRECTION('',(0.707106781187,0.707106781187,0.));
#10486 = DIRECTION('',(-0.707106781187,0.707106781187,0.));
#10487 = DEFINITIONAL_REPRESENTATION('',(#10488),#10492);
#10488 = LINE('',#10489,#10490);
#10489 = CARTESIAN_POINT('',(-31.36353793739,-14.40215270733));
#10490 = VECTOR('',#10491,1.);
#10491 = DIRECTION('',(0.,-1.));
#10492 = ( GEOMETRIC_REPRESENTATION_CONTEXT(2) 
PARAMETRIC_REPRESENTATION_CONTEXT() REPRESENTATION_CONTEXT('2D SPACE',''
  ) );
#10493 = ORIENTED_EDGE('',*,*,#10494,.T.);
#10494 = EDGE_CURVE('',#10467,#10495,#10497,.T.);
#10495 = VERTEX_POINT('',#10496);
#10496 = CARTESIAN_POINT('',(30.75,10.,-19.15651647482));
#10497 = SURFACE_CURVE('',#10498,(#10503,#10532),.PCURVE_S1.);
#10498 = ( BOUNDED_CURVE() B_SPLINE_CURVE(3,(#10499,#10500,#10501,#10502
),.UNSPECIFIED.,.F.,.F.) B_SPLINE_CURVE_WITH_KNOTS((4,4),(3.926990816987
,4.712388980385),.PIECEWISE_BEZIER_KNOTS.) CURVE() 
GEOMETRIC_REPRESENTATION_ITEM() RATIONAL_B_SPLINE_CURVE((1.,
0.949253021674,0.949253021674,1.)) REPRESENTATION_ITEM('') );
#10499 = CARTESIAN_POINT('',(27.528174593026,2.221825406974,
    -24.20772211675));
#10500 = CARTESIAN_POINT('',(29.618645368732,4.312296182628,
    -22.85015452168));
#10501 = CARTESIAN_POINT('',(30.75,7.043627877288,-21.07640697963));
#10502 = CARTESIAN_POINT('',(30.75,10.,-19.15651647482));
#10503 = PCURVE('',#10404,#10504);
#10504 = DEFINITIONAL_REPRESENTATION('',(#10505),#10531);
#10505 = B_SPLINE_CURVE_WITH_KNOTS('',3,(#10506,#10507,#10508,#10509,
    #10510,#10511,#10512,#10513,#10514,#10515,#10516,#10517,#10518,
    #10519,#10520,#10521,#10522,#10523,#10524,#10525,#10526,#10527,
    #10528,#10529,#10530),.UNSPECIFIED.,.F.,.F.,(4,1,1,1,1,1,1,1,1,1,1,1
    ,1,1,1,1,1,1,1,1,1,1,4),(3.926990816987,3.962690733505,
    3.998390650023,4.034090566541,4.06979048306,4.105490399578,
    4.141190316096,4.176890232614,4.212590149132,4.24829006565,
    4.283989982168,4.319689898686,4.355389815204,4.391089731722,
    4.42678964824,4.462489564758,4.498189481276,4.533889397794,
    4.569589314312,4.60528923083,4.640989147349,4.676689063867,
    4.712388980385),.QUASI_UNIFORM_KNOTS.);
#10506 = CARTESIAN_POINT('',(5.497787143782,5.792277883246));
#10507 = CARTESIAN_POINT('',(5.50938354662,5.850851328392));
#10508 = CARTESIAN_POINT('',(5.532656847878,5.970451648885));
#10509 = CARTESIAN_POINT('',(5.567788463885,6.156981068846));
#10510 = CARTESIAN_POINT('',(5.603122213434,6.350420670485));
#10511 = CARTESIAN_POINT('',(5.638637543778,6.550507617846));
#10512 = CARTESIAN_POINT('',(5.674313310676,6.756951113112));
#10513 = CARTESIAN_POINT('',(5.710127749216,6.969429426231));
#10514 = CARTESIAN_POINT('',(5.746058574932,7.187592451844));
#10515 = CARTESIAN_POINT('',(5.782083056364,7.411063186702));
#10516 = CARTESIAN_POINT('',(5.81817810079,7.639439878676));
#10517 = CARTESIAN_POINT('',(5.854320341019,7.872298351435));
#10518 = CARTESIAN_POINT('',(5.890486225481,8.109194603867));
#10519 = CARTESIAN_POINT('',(5.926652109943,8.349667617409));
#10520 = CARTESIAN_POINT('',(5.962794350172,8.593242343236));
#10521 = CARTESIAN_POINT('',(5.998889394598,8.839432826599));
#10522 = CARTESIAN_POINT('',(6.03491387603,9.087745424723));
#10523 = CARTESIAN_POINT('',(6.070844701746,9.337682077959));
#10524 = CARTESIAN_POINT('',(6.106659140286,9.588743572717));
#10525 = CARTESIAN_POINT('',(6.142334907184,9.840432813413));
#10526 = CARTESIAN_POINT('',(6.177850237528,10.092257830614));
#10527 = CARTESIAN_POINT('',(6.213183987076,10.343735343791));
#10528 = CARTESIAN_POINT('',(6.248315603084,10.594391637472));
#10529 = CARTESIAN_POINT('',(6.271588904342,10.760645663905));
#10530 = CARTESIAN_POINT('',(6.28318530718,10.843483525173));
#10531 = ( GEOMETRIC_REPRESENTATION_CONTEXT(2) 
PARAMETRIC_REPRESENTATION_CONTEXT() REPRESENTATION_CONTEXT('2D SPACE',''
  ) );
#10532 = PCURVE('',#10315,#10533);
#10533 = DEFINITIONAL_REPRESENTATION('',(#10534),#10539);
#10534 = ( BOUNDED_CURVE() B_SPLINE_CURVE(3,(#10535,#10536,#10537,#10538
),.UNSPECIFIED.,.F.,.F.) B_SPLINE_CURVE_WITH_KNOTS((4,4),(3.926990816987
,4.712388980385),.PIECEWISE_BEZIER_KNOTS.) CURVE() 
GEOMETRIC_REPRESENTATION_ITEM() RATIONAL_B_SPLINE_CURVE((1.,
0.949253021674,0.949253021674,1.)) REPRESENTATION_ITEM('') );
#10535 = CARTESIAN_POINT('',(3.841586351203,58.288174593026));
#10536 = CARTESIAN_POINT('',(6.334186968838,60.378645368732));
#10537 = CARTESIAN_POINT('',(9.590926622111,61.51));
#10538 = CARTESIAN_POINT('',(13.115996221195,61.51));
#10539 = ( GEOMETRIC_REPRESENTATION_CONTEXT(2) 
PARAMETRIC_REPRESENTATION_CONTEXT() REPRESENTATION_CONTEXT('2D SPACE',''
  ) );
#10540 = ORIENTED_EDGE('',*,*,#10541,.T.);
#10541 = EDGE_CURVE('',#10495,#10542,#10544,.T.);
#10542 = VERTEX_POINT('',#10543);
#10543 = CARTESIAN_POINT('',(30.75,10.00000000001,-7.497835144918));
#10544 = SURFACE_CURVE('',#10545,(#10549,#10556),.PCURVE_S1.);
#10545 = LINE('',#10546,#10547);
#10546 = CARTESIAN_POINT('',(30.75,10.,-30.));
#10547 = VECTOR('',#10548,1.);
#10548 = DIRECTION('',(0.,0.,1.));
#10549 = PCURVE('',#10404,#10550);
#10550 = DEFINITIONAL_REPRESENTATION('',(#10551),#10555);
#10551 = LINE('',#10552,#10553);
#10552 = CARTESIAN_POINT('',(6.28318530718,0.));
#10553 = VECTOR('',#10554,1.);
#10554 = DIRECTION('',(0.,1.));
#10555 = ( GEOMETRIC_REPRESENTATION_CONTEXT(2) 
PARAMETRIC_REPRESENTATION_CONTEXT() REPRESENTATION_CONTEXT('2D SPACE',''
  ) );
#10556 = PCURVE('',#10557,#10562);
#10557 = PLANE('',#10558);
#10558 = AXIS2_PLACEMENT_3D('',#10559,#10560,#10561);
#10559 = CARTESIAN_POINT('',(30.75,10.,-30.));
#10560 = DIRECTION('',(1.,0.,0.));
#10561 = DIRECTION('',(0.,0.,-1.));
#10562 = DEFINITIONAL_REPRESENTATION('',(#10563),#10567);
#10563 = LINE('',#10564,#10565);
#10564 = CARTESIAN_POINT('',(0.,-7.638334409421E-14));
#10565 = VECTOR('',#10566,1.);
#10566 = DIRECTION('',(-1.,0.));
#10567 = ( GEOMETRIC_REPRESENTATION_CONTEXT(2) 
PARAMETRIC_REPRESENTATION_CONTEXT() REPRESENTATION_CONTEXT('2D SPACE',''
  ) );
#10568 = ORIENTED_EDGE('',*,*,#10569,.F.);
#10569 = EDGE_CURVE('',#10570,#10542,#10572,.T.);
#10570 = VERTEX_POINT('',#10571);
#10571 = CARTESIAN_POINT('',(29.096657156438,4.2,-8.3));
#10572 = SURFACE_CURVE('',#10573,(#10584,#10613),.PCURVE_S1.);
#10573 = B_SPLINE_CURVE_WITH_KNOTS('',3,(#10574,#10575,#10576,#10577,
    #10578,#10579,#10580,#10581,#10582,#10583),.UNSPECIFIED.,.F.,.F.,(4,
    2,2,2,4),(7.019884347899E-15,3.070568052601E-03,3.83821006575E-03,
    4.605852078899E-03,6.141136105196E-03),.UNSPECIFIED.);
#10574 = CARTESIAN_POINT('',(29.096657156438,4.2,-8.3));
#10575 = CARTESIAN_POINT('',(29.644176677561,5.082323663858,
    -8.299999999934));
#10576 = CARTESIAN_POINT('',(30.055103299871,6.01817611472,
    -8.242695317035));
#10577 = CARTESIAN_POINT('',(30.40395791243,7.250670896868,
    -8.076659178334));
#10578 = CARTESIAN_POINT('',(30.465378085687,7.500874627359,
    -8.038608668647));
#10579 = CARTESIAN_POINT('',(30.569623966651,7.99982691557,
    -7.953948428868));
#10580 = CARTESIAN_POINT('',(30.612748093834,8.249487006144,
    -7.90723543458));
#10581 = CARTESIAN_POINT('',(30.715958218023,8.998936601599,
    -7.754044867305));
#10582 = CARTESIAN_POINT('',(30.75,9.499181625424,-7.634519387811));
#10583 = CARTESIAN_POINT('',(30.75,10.00000000001,-7.497835144918));
#10584 = PCURVE('',#10404,#10585);
#10585 = DEFINITIONAL_REPRESENTATION('',(#10586),#10612);
#10586 = B_SPLINE_CURVE_WITH_KNOTS('',3,(#10587,#10588,#10589,#10590,
    #10591,#10592,#10593,#10594,#10595,#10596,#10597,#10598,#10599,
    #10600,#10601,#10602,#10603,#10604,#10605,#10606,#10607,#10608,
    #10609,#10610,#10611),.UNSPECIFIED.,.F.,.F.,(4,1,1,1,1,1,1,1,1,1,1,1
    ,1,1,1,1,1,1,1,1,1,1,4),(7.019884347899E-15,2.791425502429E-04,
    5.582851004787E-04,8.374276507146E-04,1.11657020095E-03,
    1.395712751186E-03,1.674855301422E-03,1.953997851658E-03,
    2.233140401894E-03,2.51228295213E-03,2.791425502366E-03,
    3.070568052601E-03,3.349710602837E-03,3.628853153073E-03,
    3.907995703309E-03,4.187138253545E-03,4.466280803781E-03,
    4.745423354016E-03,5.024565904252E-03,5.303708454488E-03,
    5.582851004724E-03,5.86199355496E-03,6.141136105196E-03),
  .QUASI_UNIFORM_KNOTS.);
#10587 = CARTESIAN_POINT('',(5.727797653926,21.7));
#10588 = CARTESIAN_POINT('',(5.736379477318,21.700000000006));
#10589 = CARTESIAN_POINT('',(5.753503196343,21.700947184842));
#10590 = CARTESIAN_POINT('',(5.779085225326,21.705291648398));
#10591 = CARTESIAN_POINT('',(5.804579894354,21.712641929503));
#10592 = CARTESIAN_POINT('',(5.83000354743,21.723080161438));
#10593 = CARTESIAN_POINT('',(5.855372542429,21.736688469942));
#10594 = CARTESIAN_POINT('',(5.880703220475,21.75354900888));
#10595 = CARTESIAN_POINT('',(5.906011790683,21.773743827155));
#10596 = CARTESIAN_POINT('',(5.931314455762,21.797355365395));
#10597 = CARTESIAN_POINT('',(5.956626667227,21.824464602287));
#10598 = CARTESIAN_POINT('',(5.981965626136,21.855157972562));
#10599 = CARTESIAN_POINT('',(6.00734067344,21.889501548712));
#10600 = CARTESIAN_POINT('',(6.032788874421,21.927637396142));
#10601 = CARTESIAN_POINT('',(6.058237749381,21.969472019551));
#10602 = CARTESIAN_POINT('',(6.083556054194,22.014799158612));
#10603 = CARTESIAN_POINT('',(6.108740724729,22.063579374396));
#10604 = CARTESIAN_POINT('',(6.133831374438,22.115831115251));
#10605 = CARTESIAN_POINT('',(6.158838148949,22.171537619711));
#10606 = CARTESIAN_POINT('',(6.18377852248,22.230691031935));
#10607 = CARTESIAN_POINT('',(6.208667654468,22.293282327962));
#10608 = CARTESIAN_POINT('',(6.23352125783,22.359302966511));
#10609 = CARTESIAN_POINT('',(6.25835479922,22.428744276923));
#10610 = CARTESIAN_POINT('',(6.274907300304,22.477313174556));
#10611 = CARTESIAN_POINT('',(6.28318530718,22.502164855082));
#10612 = ( GEOMETRIC_REPRESENTATION_CONTEXT(2) 
PARAMETRIC_REPRESENTATION_CONTEXT() REPRESENTATION_CONTEXT('2D SPACE',''
  ) );
#10613 = PCURVE('',#1209,#10614);
#10614 = DEFINITIONAL_REPRESENTATION('',(#10615),#10641);
#10615 = B_SPLINE_CURVE_WITH_KNOTS('',3,(#10616,#10617,#10618,#10619,
    #10620,#10621,#10622,#10623,#10624,#10625,#10626,#10627,#10628,
    #10629,#10630,#10631,#10632,#10633,#10634,#10635,#10636,#10637,
    #10638,#10639,#10640),.UNSPECIFIED.,.F.,.F.,(4,1,1,1,1,1,1,1,1,1,1,1
    ,1,1,1,1,1,1,1,1,1,1,4),(7.019884347899E-15,2.791425502429E-04,
    5.582851004787E-04,8.374276507146E-04,1.11657020095E-03,
    1.395712751186E-03,1.674855301422E-03,1.953997851658E-03,
    2.233140401894E-03,2.51228295213E-03,2.791425502366E-03,
    3.070568052601E-03,3.349710602837E-03,3.628853153073E-03,
    3.907995703309E-03,4.187138253545E-03,4.466280803781E-03,
    4.745423354016E-03,5.024565904252E-03,5.303708454488E-03,
    5.582851004724E-03,5.86199355496E-03,6.141136105196E-03),
  .QUASI_UNIFORM_KNOTS.);
#10616 = CARTESIAN_POINT('',(0.500154885705,0.973116376527));
#10617 = CARTESIAN_POINT('',(0.500161178544,0.973925718022));
#10618 = CARTESIAN_POINT('',(0.500173826388,0.975507689892));
#10619 = CARTESIAN_POINT('',(0.500192982817,0.977770862504));
#10620 = CARTESIAN_POINT('',(0.500212322072,0.979924598097));
#10621 = CARTESIAN_POINT('',(0.500231842314,0.981969244814));
#10622 = CARTESIAN_POINT('',(0.500251541702,0.983905150921));
#10623 = CARTESIAN_POINT('',(0.500271418406,0.985732664218));
#10624 = CARTESIAN_POINT('',(0.500291470565,0.987452134242));
#10625 = CARTESIAN_POINT('',(0.500311696459,0.989063904056));
#10626 = CARTESIAN_POINT('',(0.500332093863,0.990568340875));
#10627 = CARTESIAN_POINT('',(0.500352662486,0.991965721785));
#10628 = CARTESIAN_POINT('',(0.500373394872,0.99325666023));
#10629 = CARTESIAN_POINT('',(0.500394310376,0.99444051436));
#10630 = CARTESIAN_POINT('',(0.5004153361,0.995512259774));
#10631 = CARTESIAN_POINT('',(0.500436349143,0.996466504567));
#10632 = CARTESIAN_POINT('',(0.50045733225,0.997304011853));
#10633 = CARTESIAN_POINT('',(0.500478303387,0.998027311459));
#10634 = CARTESIAN_POINT('',(0.500499257019,0.998637420567));
#10635 = CARTESIAN_POINT('',(0.500520193932,0.999135742633));
#10636 = CARTESIAN_POINT('',(0.500541113799,0.999522545295));
#10637 = CARTESIAN_POINT('',(0.500562016653,0.999798294542));
#10638 = CARTESIAN_POINT('',(0.50058290243,0.999963403198));
#10639 = CARTESIAN_POINT('',(0.500596814873,1.));
#10640 = CARTESIAN_POINT('',(0.500603768235,1.));
#10641 = ( GEOMETRIC_REPRESENTATION_CONTEXT(2) 
PARAMETRIC_REPRESENTATION_CONTEXT() REPRESENTATION_CONTEXT('2D SPACE',''
  ) );
#10642 = ORIENTED_EDGE('',*,*,#10643,.F.);
#10643 = EDGE_CURVE('',#10644,#10570,#10646,.T.);
#10644 = VERTEX_POINT('',#10645);
#10645 = CARTESIAN_POINT('',(24.332575694956,0.,-8.3));
#10646 = SURFACE_CURVE('',#10647,(#10652,#10659),.PCURVE_S1.);
#10647 = CIRCLE('',#10648,11.);
#10648 = AXIS2_PLACEMENT_3D('',#10649,#10650,#10651);
#10649 = CARTESIAN_POINT('',(19.75,10.,-8.3));
#10650 = DIRECTION('',(0.,-0.,1.));
#10651 = DIRECTION('',(-1.,0.,0.));
#10652 = PCURVE('',#10404,#10653);
#10653 = DEFINITIONAL_REPRESENTATION('',(#10654),#10658);
#10654 = LINE('',#10655,#10656);
#10655 = CARTESIAN_POINT('',(3.14159265359,21.7));
#10656 = VECTOR('',#10657,1.);
#10657 = DIRECTION('',(1.,0.));
#10658 = ( GEOMETRIC_REPRESENTATION_CONTEXT(2) 
PARAMETRIC_REPRESENTATION_CONTEXT() REPRESENTATION_CONTEXT('2D SPACE',''
  ) );
#10659 = PCURVE('',#2330,#10660);
#10660 = DEFINITIONAL_REPRESENTATION('',(#10661),#10669);
#10661 = ( BOUNDED_CURVE() B_SPLINE_CURVE(2,(#10662,#10663,#10664,#10665
    ,#10666,#10667,#10668),.UNSPECIFIED.,.T.,.F.) 
B_SPLINE_CURVE_WITH_KNOTS((1,2,2,2,2,1),(-2.094395102393,0.,
    2.094395102393,4.188790204786,6.28318530718,8.377580409573),
.UNSPECIFIED.) CURVE() GEOMETRIC_REPRESENTATION_ITEM() 
RATIONAL_B_SPLINE_CURVE((1.,0.5,1.,0.5,1.,0.5,1.)) REPRESENTATION_ITEM(
  '') );
#10662 = CARTESIAN_POINT('',(-39.5,10.));
#10663 = CARTESIAN_POINT('',(-39.5,-9.052558883258));
#10664 = CARTESIAN_POINT('',(-56.,0.473720558371));
#10665 = CARTESIAN_POINT('',(-72.5,10.));
#10666 = CARTESIAN_POINT('',(-56.,19.526279441629));
#10667 = CARTESIAN_POINT('',(-39.5,29.052558883258));
#10668 = CARTESIAN_POINT('',(-39.5,10.));
#10669 = ( GEOMETRIC_REPRESENTATION_CONTEXT(2) 
PARAMETRIC_REPRESENTATION_CONTEXT() REPRESENTATION_CONTEXT('2D SPACE',''
  ) );
#10670 = ORIENTED_EDGE('',*,*,#10671,.F.);
#10671 = EDGE_CURVE('',#10672,#10644,#10674,.T.);
#10672 = VERTEX_POINT('',#10673);
#10673 = CARTESIAN_POINT('',(24.332575694956,0.,-6.3));
#10674 = SURFACE_CURVE('',#10675,(#10679,#10686),.PCURVE_S1.);
#10675 = LINE('',#10676,#10677);
#10676 = CARTESIAN_POINT('',(24.332575694956,0.,-30.));
#10677 = VECTOR('',#10678,1.);
#10678 = DIRECTION('',(-0.,-0.,-1.));
#10679 = PCURVE('',#10404,#10680);
#10680 = DEFINITIONAL_REPRESENTATION('',(#10681),#10685);
#10681 = LINE('',#10682,#10683);
#10682 = CARTESIAN_POINT('',(5.142088646536,0.));
#10683 = VECTOR('',#10684,1.);
#10684 = DIRECTION('',(0.,-1.));
#10685 = ( GEOMETRIC_REPRESENTATION_CONTEXT(2) 
PARAMETRIC_REPRESENTATION_CONTEXT() REPRESENTATION_CONTEXT('2D SPACE',''
  ) );
#10686 = PCURVE('',#5949,#10687);
#10687 = DEFINITIONAL_REPRESENTATION('',(#10688),#10692);
#10688 = LINE('',#10689,#10690);
#10689 = CARTESIAN_POINT('',(23.7,55.082575694956));
#10690 = VECTOR('',#10691,1.);
#10691 = DIRECTION('',(1.,0.));
#10692 = ( GEOMETRIC_REPRESENTATION_CONTEXT(2) 
PARAMETRIC_REPRESENTATION_CONTEXT() REPRESENTATION_CONTEXT('2D SPACE',''
  ) );
#10693 = ORIENTED_EDGE('',*,*,#10694,.F.);
#10694 = EDGE_CURVE('',#10389,#10672,#10695,.T.);
#10695 = SURFACE_CURVE('',#10696,(#10701,#10708),.PCURVE_S1.);
#10696 = CIRCLE('',#10697,11.);
#10697 = AXIS2_PLACEMENT_3D('',#10698,#10699,#10700);
#10698 = CARTESIAN_POINT('',(19.75,10.,-6.3));
#10699 = DIRECTION('',(0.,0.,1.));
#10700 = DIRECTION('',(1.,0.,-0.));
#10701 = PCURVE('',#10404,#10702);
#10702 = DEFINITIONAL_REPRESENTATION('',(#10703),#10707);
#10703 = LINE('',#10704,#10705);
#10704 = CARTESIAN_POINT('',(0.,23.7));
#10705 = VECTOR('',#10706,1.);
#10706 = DIRECTION('',(1.,0.));
#10707 = ( GEOMETRIC_REPRESENTATION_CONTEXT(2) 
PARAMETRIC_REPRESENTATION_CONTEXT() REPRESENTATION_CONTEXT('2D SPACE',''
  ) );
#10708 = PCURVE('',#6890,#10709);
#10709 = DEFINITIONAL_REPRESENTATION('',(#10710),#10714);
#10710 = CIRCLE('',#10711,11.);
#10711 = AXIS2_PLACEMENT_2D('',#10712,#10713);
#10712 = CARTESIAN_POINT('',(59.75,11.));
#10713 = DIRECTION('',(1.,0.));
#10714 = ( GEOMETRIC_REPRESENTATION_CONTEXT(2) 
PARAMETRIC_REPRESENTATION_CONTEXT() REPRESENTATION_CONTEXT('2D SPACE',''
  ) );
#10715 = ORIENTED_EDGE('',*,*,#10388,.F.);
#10716 = ORIENTED_EDGE('',*,*,#10717,.F.);
#10717 = EDGE_CURVE('',#10465,#10361,#10718,.T.);
#10718 = SURFACE_CURVE('',#10719,(#10724,#10753),.PCURVE_S1.);
#10719 = ( BOUNDED_CURVE() B_SPLINE_CURVE(3,(#10720,#10721,#10722,#10723
),.UNSPECIFIED.,.F.,.F.) B_SPLINE_CURVE_WITH_KNOTS((4,4),(0.,1.),
.PIECEWISE_BEZIER_KNOTS.) CURVE() GEOMETRIC_REPRESENTATION_ITEM() 
RATIONAL_B_SPLINE_CURVE((1.,0.949253021675,0.949253021675,1.)) 
REPRESENTATION_ITEM('') );
#10720 = CARTESIAN_POINT('',(27.528174593025,2.221825406921,
    -18.20772211667));
#10721 = CARTESIAN_POINT('',(25.437703817344,0.131354631257,
    -19.56528971174));
#10722 = CARTESIAN_POINT('',(22.706372122696,-1.,-20.29999999988));
#10723 = CARTESIAN_POINT('',(19.75,-1.,-20.29999999988));
#10724 = PCURVE('',#10404,#10725);
#10725 = DEFINITIONAL_REPRESENTATION('',(#10726),#10752);
#10726 = B_SPLINE_CURVE_WITH_KNOTS('',3,(#10727,#10728,#10729,#10730,
    #10731,#10732,#10733,#10734,#10735,#10736,#10737,#10738,#10739,
    #10740,#10741,#10742,#10743,#10744,#10745,#10746,#10747,#10748,
    #10749,#10750,#10751),.UNSPECIFIED.,.F.,.F.,(4,1,1,1,1,1,1,1,1,1,1,1
    ,1,1,1,1,1,1,1,1,1,1,4),(0.,4.545454545455E-02,9.090909090909E-02,
    0.136363636364,0.181818181818,0.227272727273,0.272727272727,
    0.318181818182,0.363636363636,0.409090909091,0.454545454545,0.5,
    0.545454545455,0.590909090909,0.636363636364,0.681818181818,
    0.727272727273,0.772727272727,0.818181818182,0.863636363636,
    0.909090909091,0.954545454545,1.),.QUASI_UNIFORM_KNOTS.);
#10727 = CARTESIAN_POINT('',(5.497787143779,11.792277883329));
#10728 = CARTESIAN_POINT('',(5.486190740941,11.733700901594));
#10729 = CARTESIAN_POINT('',(5.462917439683,11.618182523108));
#10730 = CARTESIAN_POINT('',(5.427785823676,11.450230413056));
#10731 = CARTESIAN_POINT('',(5.392452074127,11.288027104931));
#10732 = CARTESIAN_POINT('',(5.356936743784,11.131979697624));
#10733 = CARTESIAN_POINT('',(5.321260976886,10.982480855197));
#10734 = CARTESIAN_POINT('',(5.285446538346,10.839904597442));
#10735 = CARTESIAN_POINT('',(5.24951571263,10.704603818315));
#10736 = CARTESIAN_POINT('',(5.213491231198,10.576907509201));
#10737 = CARTESIAN_POINT('',(5.177396186772,10.457118280677));
#10738 = CARTESIAN_POINT('',(5.141253946543,10.345510072721));
#10739 = CARTESIAN_POINT('',(5.105088062082,10.242326128017));
#10740 = CARTESIAN_POINT('',(5.06892217762,10.147777248496));
#10741 = CARTESIAN_POINT('',(5.032779937391,10.062040364034));
#10742 = CARTESIAN_POINT('',(4.996684892965,9.985257432277));
#10743 = CARTESIAN_POINT('',(4.960660411533,9.91753468637));
#10744 = CARTESIAN_POINT('',(4.924729585817,9.858942229976));
#10745 = CARTESIAN_POINT('',(4.888915147277,9.80951401261));
#10746 = CARTESIAN_POINT('',(4.853239380379,9.769248062435));
#10747 = CARTESIAN_POINT('',(4.817724050036,9.738107405023));
#10748 = CARTESIAN_POINT('',(4.782390300488,9.716020010059));
#10749 = CARTESIAN_POINT('',(4.74725868448,9.702883868246));
#10750 = CARTESIAN_POINT('',(4.723985383223,9.699997499372));
#10751 = CARTESIAN_POINT('',(4.712388980385,9.700000000118));
#10752 = ( GEOMETRIC_REPRESENTATION_CONTEXT(2) 
PARAMETRIC_REPRESENTATION_CONTEXT() REPRESENTATION_CONTEXT('2D SPACE',''
  ) );
#10753 = PCURVE('',#10376,#10754);
#10754 = DEFINITIONAL_REPRESENTATION('',(#10755),#10760);
#10755 = ( BOUNDED_CURVE() B_SPLINE_CURVE(3,(#10756,#10757,#10758,#10759
),.UNSPECIFIED.,.F.,.F.) B_SPLINE_CURVE_WITH_KNOTS((4,4),(0.,1.),
.PIECEWISE_BEZIER_KNOTS.) CURVE() GEOMETRIC_REPRESENTATION_ITEM() 
RATIONAL_B_SPLINE_CURVE((1.,0.949253021675,0.949253021675,1.)) 
REPRESENTATION_ITEM('') );
#10756 = CARTESIAN_POINT('',(-0.63999050407,4.334023701754));
#10757 = CARTESIAN_POINT('',(1.852610113578,2.243552926073));
#10758 = CARTESIAN_POINT('',(3.201595847068,-0.487778768575));
#10759 = CARTESIAN_POINT('',(3.201595847068,-3.444150891271));
#10760 = ( GEOMETRIC_REPRESENTATION_CONTEXT(2) 
PARAMETRIC_REPRESENTATION_CONTEXT() REPRESENTATION_CONTEXT('2D SPACE',''
  ) );
#10761 = ADVANCED_FACE('',(#10762),#10557,.T.);
#10762 = FACE_BOUND('',#10763,.T.);
#10763 = EDGE_LOOP('',(#10764,#10765,#10788,#10816));
#10764 = ORIENTED_EDGE('',*,*,#10541,.F.);
#10765 = ORIENTED_EDGE('',*,*,#10766,.T.);
#10766 = EDGE_CURVE('',#10495,#10767,#10769,.T.);
#10767 = VERTEX_POINT('',#10768);
#10768 = CARTESIAN_POINT('',(30.75,19.555148913482,-12.95133021627));
#10769 = SURFACE_CURVE('',#10770,(#10774,#10781),.PCURVE_S1.);
#10770 = LINE('',#10771,#10772);
#10771 = CARTESIAN_POINT('',(30.75,5.046992440278,-22.37303719327));
#10772 = VECTOR('',#10773,1.);
#10773 = DIRECTION('',(-0.,0.838670567945,0.544639035015));
#10774 = PCURVE('',#10557,#10775);
#10775 = DEFINITIONAL_REPRESENTATION('',(#10776),#10780);
#10776 = LINE('',#10777,#10778);
#10777 = CARTESIAN_POINT('',(-7.626962806725,-4.953007559722));
#10778 = VECTOR('',#10779,1.);
#10779 = DIRECTION('',(-0.544639035015,0.838670567945));
#10780 = ( GEOMETRIC_REPRESENTATION_CONTEXT(2) 
PARAMETRIC_REPRESENTATION_CONTEXT() REPRESENTATION_CONTEXT('2D SPACE',''
  ) );
#10781 = PCURVE('',#10315,#10782);
#10782 = DEFINITIONAL_REPRESENTATION('',(#10783),#10787);
#10783 = LINE('',#10784,#10785);
#10784 = CARTESIAN_POINT('',(7.210211817844,61.51));
#10785 = VECTOR('',#10786,1.);
#10786 = DIRECTION('',(1.,0.));
#10787 = ( GEOMETRIC_REPRESENTATION_CONTEXT(2) 
PARAMETRIC_REPRESENTATION_CONTEXT() REPRESENTATION_CONTEXT('2D SPACE',''
  ) );
#10788 = ORIENTED_EDGE('',*,*,#10789,.T.);
#10789 = EDGE_CURVE('',#10767,#10790,#10792,.T.);
#10790 = VERTEX_POINT('',#10791);
#10791 = CARTESIAN_POINT('',(30.75,19.555148915014,-2.91187784452));
#10792 = SURFACE_CURVE('',#10793,(#10797,#10804),.PCURVE_S1.);
#10793 = LINE('',#10794,#10795);
#10794 = CARTESIAN_POINT('',(30.75,19.555148913482,-30.));
#10795 = VECTOR('',#10796,1.);
#10796 = DIRECTION('',(0.,0.,1.));
#10797 = PCURVE('',#10557,#10798);
#10798 = DEFINITIONAL_REPRESENTATION('',(#10799),#10803);
#10799 = LINE('',#10800,#10801);
#10800 = CARTESIAN_POINT('',(0.,9.555148913482));
#10801 = VECTOR('',#10802,1.);
#10802 = DIRECTION('',(-1.,0.));
#10803 = ( GEOMETRIC_REPRESENTATION_CONTEXT(2) 
PARAMETRIC_REPRESENTATION_CONTEXT() REPRESENTATION_CONTEXT('2D SPACE',''
  ) );
#10804 = PCURVE('',#10805,#10810);
#10805 = CYLINDRICAL_SURFACE('',#10806,15.);
#10806 = AXIS2_PLACEMENT_3D('',#10807,#10808,#10809);
#10807 = CARTESIAN_POINT('',(15.75,19.555148913482,-30.));
#10808 = DIRECTION('',(0.,0.,1.));
#10809 = DIRECTION('',(1.,0.,-0.));
#10810 = DEFINITIONAL_REPRESENTATION('',(#10811),#10815);
#10811 = LINE('',#10812,#10813);
#10812 = CARTESIAN_POINT('',(0.,0.));
#10813 = VECTOR('',#10814,1.);
#10814 = DIRECTION('',(0.,1.));
#10815 = ( GEOMETRIC_REPRESENTATION_CONTEXT(2) 
PARAMETRIC_REPRESENTATION_CONTEXT() REPRESENTATION_CONTEXT('2D SPACE',''
  ) );
#10816 = ORIENTED_EDGE('',*,*,#10817,.F.);
#10817 = EDGE_CURVE('',#10542,#10790,#10818,.T.);
#10818 = SURFACE_CURVE('',#10819,(#10823,#10830),.PCURVE_S1.);
#10819 = B_SPLINE_CURVE_WITH_KNOTS('',2,(#10820,#10821,#10822),
  .UNSPECIFIED.,.F.,.F.,(3,3),(0.500603768235,0.501318260379),
  .PIECEWISE_BEZIER_KNOTS.);
#10820 = CARTESIAN_POINT('',(30.75,10.00000000001,-7.497835144918));
#10821 = CARTESIAN_POINT('',(30.75,14.678322829678,-6.221018944837));
#10822 = CARTESIAN_POINT('',(30.75,19.555148915014,-2.91187784452));
#10823 = PCURVE('',#10557,#10824);
#10824 = DEFINITIONAL_REPRESENTATION('',(#10825),#10829);
#10825 = B_SPLINE_CURVE_WITH_KNOTS('',2,(#10826,#10827,#10828),
  .UNSPECIFIED.,.F.,.F.,(3,3),(0.500603768235,0.501318260379),
  .PIECEWISE_BEZIER_KNOTS.);
#10826 = CARTESIAN_POINT('',(-22.50216485508,1.014832662349E-11));
#10827 = CARTESIAN_POINT('',(-23.77898105516,4.678322829678));
#10828 = CARTESIAN_POINT('',(-27.08812215548,9.555148915014));
#10829 = ( GEOMETRIC_REPRESENTATION_CONTEXT(2) 
PARAMETRIC_REPRESENTATION_CONTEXT() REPRESENTATION_CONTEXT('2D SPACE',''
  ) );
#10830 = PCURVE('',#1209,#10831);
#10831 = DEFINITIONAL_REPRESENTATION('',(#10832),#10836);
#10832 = LINE('',#10833,#10834);
#10833 = CARTESIAN_POINT('',(-2.22044604925E-16,1.));
#10834 = VECTOR('',#10835,1.);
#10835 = DIRECTION('',(1.,1.553863166557E-13));
#10836 = ( GEOMETRIC_REPRESENTATION_CONTEXT(2) 
PARAMETRIC_REPRESENTATION_CONTEXT() REPRESENTATION_CONTEXT('2D SPACE',''
  ) );
#10837 = ADVANCED_FACE('',(#10838),#5583,.F.);
#10838 = FACE_BOUND('',#10839,.T.);
#10839 = EDGE_LOOP('',(#10840,#10841,#10842,#10865,#10888));
#10840 = ORIENTED_EDGE('',*,*,#9040,.T.);
#10841 = ORIENTED_EDGE('',*,*,#5569,.T.);
#10842 = ORIENTED_EDGE('',*,*,#10843,.T.);
#10843 = EDGE_CURVE('',#5547,#10844,#10846,.T.);
#10844 = VERTEX_POINT('',#10845);
#10845 = CARTESIAN_POINT('',(21.068281285337,33.580692901864,-2.));
#10846 = SURFACE_CURVE('',#10847,(#10851,#10858),.PCURVE_S1.);
#10847 = LINE('',#10848,#10849);
#10848 = CARTESIAN_POINT('',(0.709104171378,41.300595297074,-2.));
#10849 = VECTOR('',#10850,1.);
#10850 = DIRECTION('',(0.935036265892,-0.354552085689,
    -1.943191557693E-17));
#10851 = PCURVE('',#5583,#10852);
#10852 = DEFINITIONAL_REPRESENTATION('',(#10853),#10857);
#10853 = LINE('',#10854,#10855);
#10854 = CARTESIAN_POINT('',(4.152395165012E-16,28.));
#10855 = VECTOR('',#10856,1.);
#10856 = DIRECTION('',(1.,-1.943191557693E-17));
#10857 = ( GEOMETRIC_REPRESENTATION_CONTEXT(2) 
PARAMETRIC_REPRESENTATION_CONTEXT() REPRESENTATION_CONTEXT('2D SPACE',''
  ) );
#10858 = PCURVE('',#102,#10859);
#10859 = DEFINITIONAL_REPRESENTATION('',(#10860),#10864);
#10860 = LINE('',#10861,#10862);
#10861 = CARTESIAN_POINT('',(20.12635946496,31.459104171378));
#10862 = VECTOR('',#10863,1.);
#10863 = DIRECTION('',(-0.354552085689,0.935036265892));
#10864 = ( GEOMETRIC_REPRESENTATION_CONTEXT(2) 
PARAMETRIC_REPRESENTATION_CONTEXT() REPRESENTATION_CONTEXT('2D SPACE',''
  ) );
#10865 = ORIENTED_EDGE('',*,*,#10866,.F.);
#10866 = EDGE_CURVE('',#10867,#10844,#10869,.T.);
#10867 = VERTEX_POINT('',#10868);
#10868 = CARTESIAN_POINT('',(21.068281285337,33.580692901864,
    -5.367492358943));
#10869 = SURFACE_CURVE('',#10870,(#10874,#10881),.PCURVE_S1.);
#10870 = LINE('',#10871,#10872);
#10871 = CARTESIAN_POINT('',(21.068281285337,33.580692901864,-30.));
#10872 = VECTOR('',#10873,1.);
#10873 = DIRECTION('',(0.,0.,1.));
#10874 = PCURVE('',#5583,#10875);
#10875 = DEFINITIONAL_REPRESENTATION('',(#10876),#10880);
#10876 = LINE('',#10877,#10878);
#10877 = CARTESIAN_POINT('',(21.773676440811,0.));
#10878 = VECTOR('',#10879,1.);
#10879 = DIRECTION('',(0.,1.));
#10880 = ( GEOMETRIC_REPRESENTATION_CONTEXT(2) 
PARAMETRIC_REPRESENTATION_CONTEXT() REPRESENTATION_CONTEXT('2D SPACE',''
  ) );
#10881 = PCURVE('',#10805,#10882);
#10882 = DEFINITIONAL_REPRESENTATION('',(#10883),#10887);
#10883 = LINE('',#10884,#10885);
#10884 = CARTESIAN_POINT('',(1.208361337215,0.));
#10885 = VECTOR('',#10886,1.);
#10886 = DIRECTION('',(0.,1.));
#10887 = ( GEOMETRIC_REPRESENTATION_CONTEXT(2) 
PARAMETRIC_REPRESENTATION_CONTEXT() REPRESENTATION_CONTEXT('2D SPACE',''
  ) );
#10888 = ORIENTED_EDGE('',*,*,#10889,.T.);
#10889 = EDGE_CURVE('',#10867,#9041,#10890,.T.);
#10890 = SURFACE_CURVE('',#10891,(#10895,#10902),.PCURVE_S1.);
#10891 = LINE('',#10892,#10893);
#10892 = CARTESIAN_POINT('',(-6.440947607339,44.011790427576,
    1.406541579639));
#10893 = VECTOR('',#10894,1.);
#10894 = DIRECTION('',(-0.911194891369,0.345511784932,0.224377976674));
#10895 = PCURVE('',#5583,#10896);
#10896 = DEFINITIONAL_REPRESENTATION('',(#10897),#10901);
#10897 = LINE('',#10898,#10899);
#10898 = CARTESIAN_POINT('',(-7.646817604337,31.406541579639));
#10899 = VECTOR('',#10900,1.);
#10900 = DIRECTION('',(-0.974502192703,0.224377976674));
#10901 = ( GEOMETRIC_REPRESENTATION_CONTEXT(2) 
PARAMETRIC_REPRESENTATION_CONTEXT() REPRESENTATION_CONTEXT('2D SPACE',''
  ) );
#10902 = PCURVE('',#10903,#10908);
#10903 = CYLINDRICAL_SURFACE('',#10904,0.3);
#10904 = AXIS2_PLACEMENT_3D('',#10905,#10906,#10907);
#10905 = CARTESIAN_POINT('',(-6.547313233046,43.731279547809,
    1.406541579639));
#10906 = DIRECTION('',(-0.911194891369,0.345511784932,0.224377976674));
#10907 = DIRECTION('',(-0.354552085689,-0.935036265892,
    -5.412337245048E-16));
#10908 = DEFINITIONAL_REPRESENTATION('',(#10909),#10913);
#10909 = LINE('',#10910,#10911);
#10910 = CARTESIAN_POINT('',(3.14159265359,3.552713678801E-15));
#10911 = VECTOR('',#10912,1.);
#10912 = DIRECTION('',(1.987564708841E-16,1.));
#10913 = ( GEOMETRIC_REPRESENTATION_CONTEXT(2) 
PARAMETRIC_REPRESENTATION_CONTEXT() REPRESENTATION_CONTEXT('2D SPACE',''
  ) );
#10914 = ADVANCED_FACE('',(#10915),#10903,.T.);
#10915 = FACE_BOUND('',#10916,.T.);
#10916 = EDGE_LOOP('',(#10917,#10982,#11005,#11049));
#10917 = ORIENTED_EDGE('',*,*,#10918,.F.);
#10918 = EDGE_CURVE('',#10919,#10867,#10921,.T.);
#10919 = VERTEX_POINT('',#10920);
#10920 = CARTESIAN_POINT('',(20.961915659631,33.463573732601,
    -5.619093529327));
#10921 = SURFACE_CURVE('',#10922,(#10927,#10934),.PCURVE_S1.);
#10922 = CIRCLE('',#10923,0.3);
#10923 = AXIS2_PLACEMENT_3D('',#10924,#10925,#10926);
#10924 = CARTESIAN_POINT('',(20.961915659631,33.300182022096,
    -5.367492358943));
#10925 = DIRECTION('',(0.911194891369,-0.345511784932,-0.224377976674));
#10926 = DIRECTION('',(0.354552085689,0.935036265892,0.));
#10927 = PCURVE('',#10903,#10928);
#10928 = DEFINITIONAL_REPRESENTATION('',(#10929),#10933);
#10929 = LINE('',#10930,#10931);
#10930 = CARTESIAN_POINT('',(9.424777960769,-30.19027998647));
#10931 = VECTOR('',#10932,1.);
#10932 = DIRECTION('',(-1.,0.));
#10933 = ( GEOMETRIC_REPRESENTATION_CONTEXT(2) 
PARAMETRIC_REPRESENTATION_CONTEXT() REPRESENTATION_CONTEXT('2D SPACE',''
  ) );
#10934 = PCURVE('',#10935,#10954);
#10935 = ( BOUNDED_SURFACE() B_SPLINE_SURFACE(3,2,(
    (#10936,#10937,#10938)
    ,(#10939,#10940,#10941)
    ,(#10942,#10943,#10944)
    ,(#10945,#10946,#10947)
    ,(#10948,#10949,#10950)
    ,(#10951,#10952,#10953
)),.UNSPECIFIED.,.F.,.F.,.F.) B_SPLINE_SURFACE_WITH_KNOTS((4,2,4),(3,3),
  (0.36243498958,0.722222388175,1.082009786771),(0.,1.),.UNSPECIFIED.) 
GEOMETRIC_REPRESENTATION_ITEM() RATIONAL_B_SPLINE_SURFACE((
    (1.,0.868693631138,1.)
    ,(1.,0.862035748332,1.)
    ,(1.,0.852107174134,1.)
    ,(1.,0.826382395417,1.)
    ,(1.,0.81058492102,1.)
,(1.,0.792381823771,1.))) REPRESENTATION_ITEM('') SURFACE() );
#10936 = CARTESIAN_POINT('',(21.068281285337,33.580692901864,
    -5.367492358943));
#10937 = CARTESIAN_POINT('',(21.032391137378,33.594301921405,
    -5.534197650872));
#10938 = CARTESIAN_POINT('',(20.961915659631,33.463573732601,
    -5.619093529327));
#10939 = CARTESIAN_POINT('',(22.750412753443,32.942853234917,
    -5.773425923444));
#10940 = CARTESIAN_POINT('',(22.717160930373,32.960423179484,
    -5.945843319053));
#10941 = CARTESIAN_POINT('',(22.610398594518,32.838493097651,
    -6.025025640024));
#10942 = CARTESIAN_POINT('',(24.315996074911,31.999420107293,
    -6.373845107461));
#10943 = CARTESIAN_POINT('',(24.282301644042,32.017034760344,
    -6.55848692177));
#10944 = CARTESIAN_POINT('',(24.144676153414,31.913926393922,
    -6.625446277843));
#10945 = CARTESIAN_POINT('',(27.015619317267,29.621031671538,
    -7.887497747016));
#10946 = CARTESIAN_POINT('',(26.975524546351,29.668801605746,
    -8.083447362956));
#10947 = CARTESIAN_POINT('',(26.79030693092,29.58310572688,
    -8.139098917402));
#10948 = CARTESIAN_POINT('',(28.148665166705,28.187106469634,
    -8.800075622938));
#10949 = CARTESIAN_POINT('',(28.107594739953,28.235642470433,
    -9.014151787705));
#10950 = CARTESIAN_POINT('',(27.900689516548,28.177863441717,
    -9.051673927669));
#10951 = CARTESIAN_POINT('',(28.993549418072,26.598471908424,
    -9.811113542855));
#10952 = CARTESIAN_POINT('',(28.939606989248,26.699899774558,
    -10.01147475559));
#10953 = CARTESIAN_POINT('',(28.728678429711,26.62099715903,
    -10.06271471323));
#10954 = DEFINITIONAL_REPRESENTATION('',(#10955),#10981);
#10955 = B_SPLINE_CURVE_WITH_KNOTS('',3,(#10956,#10957,#10958,#10959,
    #10960,#10961,#10962,#10963,#10964,#10965,#10966,#10967,#10968,
    #10969,#10970,#10971,#10972,#10973,#10974,#10975,#10976,#10977,
    #10978,#10979,#10980),.UNSPECIFIED.,.F.,.F.,(4,1,1,1,1,1,1,1,1,1,1,1
    ,1,1,1,1,1,1,1,1,1,1,4),(5.246710503283,5.293822994369,
    5.340935485456,5.388047976542,5.435160467628,5.482272958714,
    5.5293854498,5.576497940887,5.623610431973,5.670722923059,
    5.717835414145,5.764947905231,5.812060396318,5.859172887404,
    5.90628537849,5.953397869576,6.000510360662,6.047622851749,
    6.094735342835,6.141847833921,6.188960325007,6.236072816093,
    6.28318530718),.QUASI_UNIFORM_KNOTS.);
#10956 = CARTESIAN_POINT('',(0.36243498958,1.));
#10957 = CARTESIAN_POINT('',(0.36243498958,0.984148616822));
#10958 = CARTESIAN_POINT('',(0.36243498958,0.952643012991));
#10959 = CARTESIAN_POINT('',(0.36243498958,0.905916355219));
#10960 = CARTESIAN_POINT('',(0.36243498958,0.859660800838));
#10961 = CARTESIAN_POINT('',(0.36243498958,0.813818872701));
#10962 = CARTESIAN_POINT('',(0.36243498958,0.768334781582));
#10963 = CARTESIAN_POINT('',(0.36243498958,0.723154460137));
#10964 = CARTESIAN_POINT('',(0.36243498958,0.678225213101));
#10965 = CARTESIAN_POINT('',(0.36243498958,0.6334954884));
#10966 = CARTESIAN_POINT('',(0.36243498958,0.588914630594));
#10967 = CARTESIAN_POINT('',(0.36243498958,0.544432650649));
#10968 = CARTESIAN_POINT('',(0.36243498958,0.5));
#10969 = CARTESIAN_POINT('',(0.36243498958,0.455567349351));
#10970 = CARTESIAN_POINT('',(0.36243498958,0.411085369406));
#10971 = CARTESIAN_POINT('',(0.36243498958,0.3665045116));
#10972 = CARTESIAN_POINT('',(0.36243498958,0.321774786899));
#10973 = CARTESIAN_POINT('',(0.36243498958,0.276845539862));
#10974 = CARTESIAN_POINT('',(0.36243498958,0.231665218418));
#10975 = CARTESIAN_POINT('',(0.36243498958,0.186181127299));
#10976 = CARTESIAN_POINT('',(0.36243498958,0.140339199162));
#10977 = CARTESIAN_POINT('',(0.36243498958,9.408364478105E-02));
#10978 = CARTESIAN_POINT('',(0.36243498958,4.735698700897E-02));
#10979 = CARTESIAN_POINT('',(0.36243498958,1.585138317808E-02));
#10980 = CARTESIAN_POINT('',(0.36243498958,0.));
#10981 = ( GEOMETRIC_REPRESENTATION_CONTEXT(2) 
PARAMETRIC_REPRESENTATION_CONTEXT() REPRESENTATION_CONTEXT('2D SPACE',''
  ) );
#10982 = ORIENTED_EDGE('',*,*,#10983,.F.);
#10983 = EDGE_CURVE('',#10984,#10919,#10986,.T.);
#10984 = VERTEX_POINT('',#10985);
#10985 = CARTESIAN_POINT('',(0.602738545672,41.183476127811,
    -0.605730295133));
#10986 = SURFACE_CURVE('',#10987,(#10991,#10998),.PCURVE_S1.);
#10987 = LINE('',#10988,#10989);
#10988 = CARTESIAN_POINT('',(-6.547313233046,43.894671258313,
    1.154940409255));
#10989 = VECTOR('',#10990,1.);
#10990 = DIRECTION('',(0.911194891369,-0.345511784932,-0.224377976674));
#10991 = PCURVE('',#10903,#10992);
#10992 = DEFINITIONAL_REPRESENTATION('',(#10993),#10997);
#10993 = LINE('',#10994,#10995);
#10994 = CARTESIAN_POINT('',(4.178067457486,1.7763568394E-15));
#10995 = VECTOR('',#10996,1.);
#10996 = DIRECTION('',(7.950258835364E-17,-1.));
#10997 = ( GEOMETRIC_REPRESENTATION_CONTEXT(2) 
PARAMETRIC_REPRESENTATION_CONTEXT() REPRESENTATION_CONTEXT('2D SPACE',''
  ) );
#10998 = PCURVE('',#458,#10999);
#10999 = DEFINITIONAL_REPRESENTATION('',(#11000),#11004);
#11000 = LINE('',#11001,#11002);
#11001 = CARTESIAN_POINT('',(53.53075805235,24.202686766954));
#11002 = VECTOR('',#11003,1.);
#11003 = DIRECTION('',(-0.411975569595,0.911194891369));
#11004 = ( GEOMETRIC_REPRESENTATION_CONTEXT(2) 
PARAMETRIC_REPRESENTATION_CONTEXT() REPRESENTATION_CONTEXT('2D SPACE',''
  ) );
#11005 = ORIENTED_EDGE('',*,*,#11006,.T.);
#11006 = EDGE_CURVE('',#10984,#9041,#11007,.T.);
#11007 = SURFACE_CURVE('',#11008,(#11013,#11020),.PCURVE_S1.);
#11008 = CIRCLE('',#11009,0.3);
#11009 = AXIS2_PLACEMENT_3D('',#11010,#11011,#11012);
#11010 = CARTESIAN_POINT('',(0.602738545672,41.020084417306,
    -0.35412912475));
#11011 = DIRECTION('',(0.911194891369,-0.345511784932,-0.224377976674));
#11012 = DIRECTION('',(0.354552085689,0.935036265892,6.522560269673E-16)
  );
#11013 = PCURVE('',#10903,#11014);
#11014 = DEFINITIONAL_REPRESENTATION('',(#11015),#11019);
#11015 = LINE('',#11016,#11017);
#11016 = CARTESIAN_POINT('',(9.424777960769,-7.846896252869));
#11017 = VECTOR('',#11018,1.);
#11018 = DIRECTION('',(-1.,-1.713844690409E-15));
#11019 = ( GEOMETRIC_REPRESENTATION_CONTEXT(2) 
PARAMETRIC_REPRESENTATION_CONTEXT() REPRESENTATION_CONTEXT('2D SPACE',''
  ) );
#11020 = PCURVE('',#377,#11021);
#11021 = DEFINITIONAL_REPRESENTATION('',(#11022),#11048);
#11022 = B_SPLINE_CURVE_WITH_KNOTS('',3,(#11023,#11024,#11025,#11026,
    #11027,#11028,#11029,#11030,#11031,#11032,#11033,#11034,#11035,
    #11036,#11037,#11038,#11039,#11040,#11041,#11042,#11043,#11044,
    #11045,#11046,#11047),.UNSPECIFIED.,.F.,.F.,(4,1,1,1,1,1,1,1,1,1,1,1
    ,1,1,1,1,1,1,1,1,1,1,4),(5.246710503283,5.293822994369,
    5.340935485456,5.388047976542,5.435160467628,5.482272958714,
    5.5293854498,5.576497940887,5.623610431973,5.670722923059,
    5.717835414145,5.764947905231,5.812060396318,5.859172887404,
    5.90628537849,5.953397869576,6.000510360662,6.047622851749,
    6.094735342835,6.141847833921,6.188960325007,6.236072816093,
    6.28318530718),.QUASI_UNIFORM_KNOTS.);
#11023 = CARTESIAN_POINT('',(0.36243498958,1.));
#11024 = CARTESIAN_POINT('',(0.36243498958,0.984148616822));
#11025 = CARTESIAN_POINT('',(0.36243498958,0.952643012991));
#11026 = CARTESIAN_POINT('',(0.36243498958,0.905916355219));
#11027 = CARTESIAN_POINT('',(0.36243498958,0.859660800838));
#11028 = CARTESIAN_POINT('',(0.36243498958,0.813818872701));
#11029 = CARTESIAN_POINT('',(0.36243498958,0.768334781582));
#11030 = CARTESIAN_POINT('',(0.36243498958,0.723154460138));
#11031 = CARTESIAN_POINT('',(0.36243498958,0.678225213101));
#11032 = CARTESIAN_POINT('',(0.36243498958,0.6334954884));
#11033 = CARTESIAN_POINT('',(0.36243498958,0.588914630594));
#11034 = CARTESIAN_POINT('',(0.36243498958,0.544432650649));
#11035 = CARTESIAN_POINT('',(0.36243498958,0.5));
#11036 = CARTESIAN_POINT('',(0.36243498958,0.455567349351));
#11037 = CARTESIAN_POINT('',(0.36243498958,0.411085369406));
#11038 = CARTESIAN_POINT('',(0.36243498958,0.3665045116));
#11039 = CARTESIAN_POINT('',(0.36243498958,0.321774786899));
#11040 = CARTESIAN_POINT('',(0.36243498958,0.276845539862));
#11041 = CARTESIAN_POINT('',(0.36243498958,0.231665218418));
#11042 = CARTESIAN_POINT('',(0.36243498958,0.186181127299));
#11043 = CARTESIAN_POINT('',(0.36243498958,0.140339199162));
#11044 = CARTESIAN_POINT('',(0.36243498958,9.408364478107E-02));
#11045 = CARTESIAN_POINT('',(0.36243498958,4.7356987009E-02));
#11046 = CARTESIAN_POINT('',(0.36243498958,1.585138317809E-02));
#11047 = CARTESIAN_POINT('',(0.36243498958,0.));
#11048 = ( GEOMETRIC_REPRESENTATION_CONTEXT(2) 
PARAMETRIC_REPRESENTATION_CONTEXT() REPRESENTATION_CONTEXT('2D SPACE',''
  ) );
#11049 = ORIENTED_EDGE('',*,*,#10889,.F.);
#11050 = ADVANCED_FACE('',(#11051),#377,.T.);
#11051 = FACE_BOUND('',#11052,.T.);
#11052 = EDGE_LOOP('',(#11053,#11054,#11055,#11056));
#11053 = ORIENTED_EDGE('',*,*,#338,.F.);
#11054 = ORIENTED_EDGE('',*,*,#9063,.F.);
#11055 = ORIENTED_EDGE('',*,*,#11006,.F.);
#11056 = ORIENTED_EDGE('',*,*,#11057,.F.);
#11057 = EDGE_CURVE('',#339,#10984,#11058,.T.);
#11058 = SURFACE_CURVE('',#11059,(#11064,#11093),.PCURVE_S1.);
#11059 = ( BOUNDED_CURVE() B_SPLINE_CURVE(3,(#11060,#11061,#11062,#11063
),.UNSPECIFIED.,.F.,.F.) B_SPLINE_CURVE_WITH_KNOTS((4,4),(0.,
0.36243498958),.PIECEWISE_BEZIER_KNOTS.) CURVE() 
GEOMETRIC_REPRESENTATION_ITEM() RATIONAL_B_SPLINE_CURVE((1.,
0.989083330731,0.989083330731,1.)) REPRESENTATION_ITEM('') );
#11060 = CARTESIAN_POINT('',(0.,41.293914475794,-0.534010793373));
#11061 = CARTESIAN_POINT('',(0.20651199011,41.293914475794,
    -0.534010793373));
#11062 = CARTESIAN_POINT('',(0.409642345577,41.256695384624,
    -0.55818115379));
#11063 = CARTESIAN_POINT('',(0.602738545672,41.183476127811,
    -0.605730295133));
#11064 = PCURVE('',#377,#11065);
#11065 = DEFINITIONAL_REPRESENTATION('',(#11066),#11092);
#11066 = B_SPLINE_CURVE_WITH_KNOTS('',3,(#11067,#11068,#11069,#11070,
    #11071,#11072,#11073,#11074,#11075,#11076,#11077,#11078,#11079,
    #11080,#11081,#11082,#11083,#11084,#11085,#11086,#11087,#11088,
    #11089,#11090,#11091),.UNSPECIFIED.,.F.,.F.,(4,1,1,1,1,1,1,1,1,1,1,1
    ,1,1,1,1,1,1,1,1,1,1,4),(0.,1.647431770816E-02,3.294863541632E-02,
    4.942295312449E-02,6.589727083265E-02,8.237158854081E-02,
    9.884590624897E-02,0.115320223957,0.131794541665,0.148268859373,
    0.164743177082,0.18121749479,0.197691812498,0.214166130206,
    0.230640447914,0.247114765622,0.263589083331,0.280063401039,
    0.296537718747,0.313012036455,0.329486354163,0.345960671871,
    0.36243498958),.QUASI_UNIFORM_KNOTS.);
#11067 = CARTESIAN_POINT('',(0.,1.));
#11068 = CARTESIAN_POINT('',(5.458445326309E-03,0.999999974907));
#11069 = CARTESIAN_POINT('',(1.638440571873E-02,0.999994610365));
#11070 = CARTESIAN_POINT('',(3.279800506862E-02,0.999974363331));
#11071 = CARTESIAN_POINT('',(4.923370059905E-02,0.999945784189));
#11072 = CARTESIAN_POINT('',(6.568897215831E-02,0.999912302617));
#11073 = CARTESIAN_POINT('',(8.216132369629E-02,0.999877024554));
#11074 = CARTESIAN_POINT('',(9.864828397387E-02,0.999842669032));
#11075 = CARTESIAN_POINT('',(0.115147401742,0.999811557097));
#11076 = CARTESIAN_POINT('',(0.131656242041,0.999785591636));
#11077 = CARTESIAN_POINT('',(0.148172381925,0.999766244869));
#11078 = CARTESIAN_POINT('',(0.164693406136,0.999754549289));
#11079 = CARTESIAN_POINT('',(0.181216902694,0.999751093357));
#11080 = CARTESIAN_POINT('',(0.197740458494,0.999756021664));
#11081 = CARTESIAN_POINT('',(0.214261654976,0.999769039627));
#11082 = CARTESIAN_POINT('',(0.230778063952,0.999789422543));
#11083 = CARTESIAN_POINT('',(0.247287243645,0.999816028846));
#11084 = CARTESIAN_POINT('',(0.263786735012,0.999847317223));
#11085 = CARTESIAN_POINT('',(0.280274058419,0.999881367484));
#11086 = CARTESIAN_POINT('',(0.296746710621,0.999915903966));
#11087 = CARTESIAN_POINT('',(0.313202162522,0.999948324127));
#11088 = CARTESIAN_POINT('',(0.32963785606,0.99997572035));
#11089 = CARTESIAN_POINT('',(0.346051206595,0.999994937456));
#11090 = CARTESIAN_POINT('',(0.356976793583,0.999999982479));
#11091 = CARTESIAN_POINT('',(0.36243498958,1.));
#11092 = ( GEOMETRIC_REPRESENTATION_CONTEXT(2) 
PARAMETRIC_REPRESENTATION_CONTEXT() REPRESENTATION_CONTEXT('2D SPACE',''
  ) );
#11093 = PCURVE('',#458,#11094);
#11094 = DEFINITIONAL_REPRESENTATION('',(#11095),#11100);
#11095 = ( BOUNDED_CURVE() B_SPLINE_CURVE(3,(#11096,#11097,#11098,#11099
),.UNSPECIFIED.,.F.,.F.) B_SPLINE_CURVE_WITH_KNOTS((4,4),(0.,
0.36243498958),.PIECEWISE_BEZIER_KNOTS.) CURVE() 
GEOMETRIC_REPRESENTATION_ITEM() RATIONAL_B_SPLINE_CURVE((1.,
0.989083330731,0.989083330731,1.)) REPRESENTATION_ITEM('') );
#11096 = CARTESIAN_POINT('',(50.42971113128,30.75));
#11097 = CARTESIAN_POINT('',(50.42971113128,30.95651199011));
#11098 = CARTESIAN_POINT('',(50.385332453177,31.159642345577));
#11099 = CARTESIAN_POINT('',(50.298028499023,31.352738545672));
#11100 = ( GEOMETRIC_REPRESENTATION_CONTEXT(2) 
PARAMETRIC_REPRESENTATION_CONTEXT() REPRESENTATION_CONTEXT('2D SPACE',''
  ) );
#11101 = ADVANCED_FACE('',(#11102),#508,.T.);
#11102 = FACE_BOUND('',#11103,.T.);
#11103 = EDGE_LOOP('',(#11104,#11105,#11128,#11193));
#11104 = ORIENTED_EDGE('',*,*,#471,.F.);
#11105 = ORIENTED_EDGE('',*,*,#11106,.F.);
#11106 = EDGE_CURVE('',#11107,#420,#11109,.T.);
#11107 = VERTEX_POINT('',#11108);
#11108 = CARTESIAN_POINT('',(-20.96191565963,33.463573732601,
    -5.619093529327));
#11109 = SURFACE_CURVE('',#11110,(#11114,#11121),.PCURVE_S1.);
#11110 = LINE('',#11111,#11112);
#11111 = CARTESIAN_POINT('',(-44.51466876546,24.532713998055,
    -11.41886165472));
#11112 = VECTOR('',#11113,1.);
#11113 = DIRECTION('',(0.911194891369,0.345511784932,0.224377976674));
#11114 = PCURVE('',#508,#11115);
#11115 = DEFINITIONAL_REPRESENTATION('',(#11116),#11120);
#11116 = LINE('',#11117,#11118);
#11117 = CARTESIAN_POINT('',(5.246710503283,-3.552713678801E-15));
#11118 = VECTOR('',#11119,1.);
#11119 = DIRECTION('',(9.142797660669E-16,1.));
#11120 = ( GEOMETRIC_REPRESENTATION_CONTEXT(2) 
PARAMETRIC_REPRESENTATION_CONTEXT() REPRESENTATION_CONTEXT('2D SPACE',''
  ) );
#11121 = PCURVE('',#458,#11122);
#11122 = DEFINITIONAL_REPRESENTATION('',(#11123),#11127);
#11123 = LINE('',#11124,#11125);
#11124 = CARTESIAN_POINT('',(30.44427093776,-13.76466876546));
#11125 = VECTOR('',#11126,1.);
#11126 = DIRECTION('',(0.411975569595,0.911194891369));
#11127 = ( GEOMETRIC_REPRESENTATION_CONTEXT(2) 
PARAMETRIC_REPRESENTATION_CONTEXT() REPRESENTATION_CONTEXT('2D SPACE',''
  ) );
#11128 = ORIENTED_EDGE('',*,*,#11129,.T.);
#11129 = EDGE_CURVE('',#11107,#11130,#11132,.T.);
#11130 = VERTEX_POINT('',#11131);
#11131 = CARTESIAN_POINT('',(-21.06828128533,33.580692901864,
    -5.367492358943));
#11132 = SURFACE_CURVE('',#11133,(#11138,#11145),.PCURVE_S1.);
#11133 = CIRCLE('',#11134,0.3);
#11134 = AXIS2_PLACEMENT_3D('',#11135,#11136,#11137);
#11135 = CARTESIAN_POINT('',(-20.96191565963,33.300182022096,
    -5.367492358943));
#11136 = DIRECTION('',(0.911194891369,0.345511784932,0.224377976674));
#11137 = DIRECTION('',(-0.354552085689,0.935036265892,0.));
#11138 = PCURVE('',#508,#11139);
#11139 = DEFINITIONAL_REPRESENTATION('',(#11140),#11144);
#11140 = LINE('',#11141,#11142);
#11141 = CARTESIAN_POINT('',(2.30926389122E-14,25.848205832725));
#11142 = VECTOR('',#11143,1.);
#11143 = DIRECTION('',(1.,0.));
#11144 = ( GEOMETRIC_REPRESENTATION_CONTEXT(2) 
PARAMETRIC_REPRESENTATION_CONTEXT() REPRESENTATION_CONTEXT('2D SPACE',''
  ) );
#11145 = PCURVE('',#11146,#11165);
#11146 = ( BOUNDED_SURFACE() B_SPLINE_SURFACE(3,2,(
    (#11147,#11148,#11149)
    ,(#11150,#11151,#11152)
    ,(#11153,#11154,#11155)
    ,(#11156,#11157,#11158)
    ,(#11159,#11160,#11161)
    ,(#11162,#11163,#11164
)),.UNSPECIFIED.,.F.,.F.,.F.) B_SPLINE_SURFACE_WITH_KNOTS((4,2,4),(3,3),
  (5.201175520408,5.560962919004,5.9207503176),(0.,1.),.UNSPECIFIED.) 
GEOMETRIC_REPRESENTATION_ITEM() RATIONAL_B_SPLINE_SURFACE((
    (1.,0.792381823771,1.)
    ,(1.,0.810584921022,1.)
    ,(1.,0.826382395415,1.)
    ,(1.,0.852107174136,1.)
    ,(1.,0.862035748331,1.)
,(1.,0.868693631138,1.))) REPRESENTATION_ITEM('') SURFACE() );
#11147 = CARTESIAN_POINT('',(-28.99354941807,26.598471908424,
    -9.811113542855));
#11148 = CARTESIAN_POINT('',(-28.93960698924,26.699899774558,
    -10.01147475559));
#11149 = CARTESIAN_POINT('',(-28.72867842971,26.62099715903,
    -10.06271471323));
#11150 = CARTESIAN_POINT('',(-28.1486651667,28.187106469627,
    -8.800075622926));
#11151 = CARTESIAN_POINT('',(-28.10759473998,28.235642470436,
    -9.014151787697));
#11152 = CARTESIAN_POINT('',(-27.90068951656,28.177863441723,
    -9.051673927665));
#11153 = CARTESIAN_POINT('',(-27.01561931726,29.62103167154,
    -7.887497747016));
#11154 = CARTESIAN_POINT('',(-26.97552454635,29.668801605749,
    -8.083447362958));
#11155 = CARTESIAN_POINT('',(-26.79030693091,29.583105726881,
    -8.139098917401));
#11156 = CARTESIAN_POINT('',(-24.31599607491,31.999420107291,
    -6.373845107461));
#11157 = CARTESIAN_POINT('',(-24.28230164404,32.017034760336,
    -6.558486921772));
#11158 = CARTESIAN_POINT('',(-24.14467615341,31.913926393921,
    -6.625446277844));
#11159 = CARTESIAN_POINT('',(-22.75041275344,32.942853234917,
    -5.773425923443));
#11160 = CARTESIAN_POINT('',(-22.71716093038,32.960423179501,
    -5.945843319043));
#11161 = CARTESIAN_POINT('',(-22.61039859452,32.83849309766,
    -6.025025640018));
#11162 = CARTESIAN_POINT('',(-21.06828128533,33.580692901864,
    -5.367492358943));
#11163 = CARTESIAN_POINT('',(-21.03239113737,33.594301921405,
    -5.534197650872));
#11164 = CARTESIAN_POINT('',(-20.96191565963,33.463573732601,
    -5.619093529327));
#11165 = DEFINITIONAL_REPRESENTATION('',(#11166),#11192);
#11166 = B_SPLINE_CURVE_WITH_KNOTS('',3,(#11167,#11168,#11169,#11170,
    #11171,#11172,#11173,#11174,#11175,#11176,#11177,#11178,#11179,
    #11180,#11181,#11182,#11183,#11184,#11185,#11186,#11187,#11188,
    #11189,#11190,#11191),.UNSPECIFIED.,.F.,.F.,(4,1,1,1,1,1,1,1,1,1,1,1
    ,1,1,1,1,1,1,1,1,1,1,4),(5.246710503283,5.293822994369,
    5.340935485456,5.388047976542,5.435160467628,5.482272958714,
    5.5293854498,5.576497940887,5.623610431973,5.670722923059,
    5.717835414145,5.764947905231,5.812060396318,5.859172887404,
    5.90628537849,5.953397869576,6.000510360662,6.047622851749,
    6.094735342835,6.141847833921,6.188960325007,6.236072816093,
    6.28318530718),.QUASI_UNIFORM_KNOTS.);
#11167 = CARTESIAN_POINT('',(5.9207503176,1.));
#11168 = CARTESIAN_POINT('',(5.9207503176,0.984148616822));
#11169 = CARTESIAN_POINT('',(5.9207503176,0.952643012991));
#11170 = CARTESIAN_POINT('',(5.9207503176,0.905916355219));
#11171 = CARTESIAN_POINT('',(5.9207503176,0.859660800838));
#11172 = CARTESIAN_POINT('',(5.9207503176,0.813818872701));
#11173 = CARTESIAN_POINT('',(5.9207503176,0.768334781582));
#11174 = CARTESIAN_POINT('',(5.9207503176,0.723154460138));
#11175 = CARTESIAN_POINT('',(5.9207503176,0.678225213101));
#11176 = CARTESIAN_POINT('',(5.9207503176,0.6334954884));
#11177 = CARTESIAN_POINT('',(5.9207503176,0.588914630594));
#11178 = CARTESIAN_POINT('',(5.9207503176,0.544432650649));
#11179 = CARTESIAN_POINT('',(5.9207503176,0.5));
#11180 = CARTESIAN_POINT('',(5.9207503176,0.455567349351));
#11181 = CARTESIAN_POINT('',(5.9207503176,0.411085369406));
#11182 = CARTESIAN_POINT('',(5.9207503176,0.3665045116));
#11183 = CARTESIAN_POINT('',(5.9207503176,0.321774786899));
#11184 = CARTESIAN_POINT('',(5.9207503176,0.276845539862));
#11185 = CARTESIAN_POINT('',(5.9207503176,0.231665218418));
#11186 = CARTESIAN_POINT('',(5.9207503176,0.186181127299));
#11187 = CARTESIAN_POINT('',(5.9207503176,0.140339199162));
#11188 = CARTESIAN_POINT('',(5.9207503176,9.408364478107E-02));
#11189 = CARTESIAN_POINT('',(5.9207503176,4.735698700899E-02));
#11190 = CARTESIAN_POINT('',(5.9207503176,1.585138317809E-02));
#11191 = CARTESIAN_POINT('',(5.9207503176,0.));
#11192 = ( GEOMETRIC_REPRESENTATION_CONTEXT(2) 
PARAMETRIC_REPRESENTATION_CONTEXT() REPRESENTATION_CONTEXT('2D SPACE',''
  ) );
#11193 = ORIENTED_EDGE('',*,*,#11194,.F.);
#11194 = EDGE_CURVE('',#253,#11130,#11195,.T.);
#11195 = SURFACE_CURVE('',#11196,(#11200,#11207),.PCURVE_S1.);
#11196 = LINE('',#11197,#11198);
#11197 = CARTESIAN_POINT('',(-6.770263722592,39.002292184171,
    -1.846664617739));
#11198 = VECTOR('',#11199,1.);
#11199 = DIRECTION('',(-0.911194891369,-0.345511784932,-0.224377976674)
  );
#11200 = PCURVE('',#508,#11201);
#11201 = DEFINITIONAL_REPRESENTATION('',(#11202),#11206);
#11202 = LINE('',#11203,#11204);
#11203 = CARTESIAN_POINT('',(6.28318530718,41.539709042606));
#11204 = VECTOR('',#11205,1.);
#11205 = DIRECTION('',(0.,-1.));
#11206 = ( GEOMETRIC_REPRESENTATION_CONTEXT(2) 
PARAMETRIC_REPRESENTATION_CONTEXT() REPRESENTATION_CONTEXT('2D SPACE',''
  ) );
#11207 = PCURVE('',#5534,#11208);
#11208 = DEFINITIONAL_REPRESENTATION('',(#11209),#11213);
#11209 = LINE('',#11210,#11211);
#11210 = CARTESIAN_POINT('',(6.482272155969,28.153335382261));
#11211 = VECTOR('',#11212,1.);
#11212 = DIRECTION('',(0.974502192703,-0.224377976674));
#11213 = ( GEOMETRIC_REPRESENTATION_CONTEXT(2) 
PARAMETRIC_REPRESENTATION_CONTEXT() REPRESENTATION_CONTEXT('2D SPACE',''
  ) );
#11214 = ADVANCED_FACE('',(#11215),#11146,.T.);
#11215 = FACE_BOUND('',#11216,.T.);
#11216 = EDGE_LOOP('',(#11217,#11264,#11315,#11381));
#11217 = ORIENTED_EDGE('',*,*,#11218,.F.);
#11218 = EDGE_CURVE('',#11219,#11107,#11221,.T.);
#11219 = VERTEX_POINT('',#11220);
#11220 = CARTESIAN_POINT('',(-28.64476703625,26.776513638996,
    -9.961721130281));
#11221 = SURFACE_CURVE('',#11222,(#11227,#11256),.PCURVE_S1.);
#11222 = ( BOUNDED_CURVE() B_SPLINE_CURVE(3,(#11223,#11224,#11225,#11226
),.UNSPECIFIED.,.F.,.F.) B_SPLINE_CURVE_WITH_KNOTS((4,4),(5.213196695352
,5.9207503176),.PIECEWISE_BEZIER_KNOTS.) CURVE() 
GEOMETRIC_REPRESENTATION_ITEM() RATIONAL_B_SPLINE_CURVE((1.,
0.958713970622,0.958713970622,1.)) REPRESENTATION_ITEM('') );
#11223 = CARTESIAN_POINT('',(-28.64476703625,26.776513638996,
    -9.961721130281));
#11224 = CARTESIAN_POINT('',(-26.94444296453,29.882969663182,
    -7.944365000241));
#11225 = CARTESIAN_POINT('',(-24.2732078127,32.207980145459,
    -6.434485538786));
#11226 = CARTESIAN_POINT('',(-20.96191565963,33.463573732601,
    -5.619093529327));
#11227 = PCURVE('',#11146,#11228);
#11228 = DEFINITIONAL_REPRESENTATION('',(#11229),#11255);
#11229 = B_SPLINE_CURVE_WITH_KNOTS('',3,(#11230,#11231,#11232,#11233,
    #11234,#11235,#11236,#11237,#11238,#11239,#11240,#11241,#11242,
    #11243,#11244,#11245,#11246,#11247,#11248,#11249,#11250,#11251,
    #11252,#11253,#11254),.UNSPECIFIED.,.F.,.F.,(4,1,1,1,1,1,1,1,1,1,1,1
    ,1,1,1,1,1,1,1,1,1,1,4),(5.213196695352,5.245358223636,5.27751975192
    ,5.309681280204,5.341842808488,5.374004336772,5.406165865056,
    5.43832739334,5.470488921624,5.502650449908,5.534811978192,
    5.566973506476,5.59913503476,5.631296563044,5.663458091328,
    5.695619619612,5.727781147896,5.75994267618,5.792104204464,
    5.824265732748,5.856427261032,5.888588789316,5.9207503176),
  .QUASI_UNIFORM_KNOTS.);
#11230 = CARTESIAN_POINT('',(5.213194398906,0.999971189322));
#11231 = CARTESIAN_POINT('',(5.22369097362,0.999920511342));
#11232 = CARTESIAN_POINT('',(5.244744690299,0.99971045235));
#11233 = CARTESIAN_POINT('',(5.276490790956,0.999217580917));
#11234 = CARTESIAN_POINT('',(5.308386232062,0.998705627723));
#11235 = CARTESIAN_POINT('',(5.340414860214,0.998296981342));
#11236 = CARTESIAN_POINT('',(5.372560517355,0.998082101097));
#11237 = CARTESIAN_POINT('',(5.404807000993,0.998110090815));
#11238 = CARTESIAN_POINT('',(5.437137997983,0.998383339878));
#11239 = CARTESIAN_POINT('',(5.469537052206,0.998852772891));
#11240 = CARTESIAN_POINT('',(5.501987381021,0.999411943771));
#11241 = CARTESIAN_POINT('',(5.534472232258,0.999901572486));
#11242 = CARTESIAN_POINT('',(5.566973176924,1.000079621345));
#11243 = CARTESIAN_POINT('',(5.599476469292,0.99972498259));
#11244 = CARTESIAN_POINT('',(5.63196378353,0.999123211223));
#11245 = CARTESIAN_POINT('',(5.664416263476,0.99847265262));
#11246 = CARTESIAN_POINT('',(5.696816226477,0.997943200993));
#11247 = CARTESIAN_POINT('',(5.729146625754,0.997651767405));
#11248 = CARTESIAN_POINT('',(5.761391078232,0.997660684298));
#11249 = CARTESIAN_POINT('',(5.793533715001,0.997971685459));
#11250 = CARTESIAN_POINT('',(5.825559065784,0.998524377795));
#11251 = CARTESIAN_POINT('',(5.857451925511,0.999194389175));
#11252 = CARTESIAN_POINT('',(5.889197240134,0.9998023766));
#11253 = CARTESIAN_POINT('',(5.910252368672,0.999995519786));
#11254 = CARTESIAN_POINT('',(5.9207503176,1.));
#11255 = ( GEOMETRIC_REPRESENTATION_CONTEXT(2) 
PARAMETRIC_REPRESENTATION_CONTEXT() REPRESENTATION_CONTEXT('2D SPACE',''
  ) );
#11256 = PCURVE('',#458,#11257);
#11257 = DEFINITIONAL_REPRESENTATION('',(#11258),#11263);
#11258 = ( BOUNDED_CURVE() B_SPLINE_CURVE(3,(#11259,#11260,#11261,#11262
),.UNSPECIFIED.,.F.,.F.) B_SPLINE_CURVE_WITH_KNOTS((4,4),(5.213196695352
,5.9207503176),.PIECEWISE_BEZIER_KNOTS.) CURVE() 
GEOMETRIC_REPRESENTATION_ITEM() RATIONAL_B_SPLINE_CURVE((1.,
0.958713970622,0.958713970622,1.)) REPRESENTATION_ITEM('') );
#11259 = CARTESIAN_POINT('',(33.119695266096,2.105232963741));
#11260 = CARTESIAN_POINT('',(36.823719400144,3.805557035464));
#11261 = CARTESIAN_POINT('',(39.595976554671,6.476792187295));
#11262 = CARTESIAN_POINT('',(41.093100258698,9.788084340369));
#11263 = ( GEOMETRIC_REPRESENTATION_CONTEXT(2) 
PARAMETRIC_REPRESENTATION_CONTEXT() REPRESENTATION_CONTEXT('2D SPACE',''
  ) );
#11264 = ORIENTED_EDGE('',*,*,#11265,.T.);
#11265 = EDGE_CURVE('',#11219,#11266,#11268,.T.);
#11266 = VERTEX_POINT('',#11267);
#11267 = CARTESIAN_POINT('',(-28.96319972734,26.655244192086,
    -9.774982557804));
#11268 = SURFACE_CURVE('',#11269,(#11276,#11305),.PCURVE_S1.);
#11269 = B_SPLINE_CURVE_WITH_KNOTS('',3,(#11270,#11271,#11272,#11273,
    #11274,#11275),.UNSPECIFIED.,.F.,.F.,(4,2,4),(7.152448122691E-18,
    2.070518543011E-04,4.141037086022E-04),.UNSPECIFIED.);
#11270 = CARTESIAN_POINT('',(-28.64476703625,26.776513638996,
    -9.961721130281));
#11271 = CARTESIAN_POINT('',(-28.71475395313,26.776513638996,
    -9.961721130281));
#11272 = CARTESIAN_POINT('',(-28.78361188249,26.765502506169,
    -9.944765472629));
#11273 = CARTESIAN_POINT('',(-28.89828961453,26.723408264185,
    -9.879946024219));
#11274 = CARTESIAN_POINT('',(-28.94348949486,26.691924719349,
    -9.83146561659));
#11275 = CARTESIAN_POINT('',(-28.96319972734,26.655244192086,
    -9.774982557804));
#11276 = PCURVE('',#11146,#11277);
#11277 = DEFINITIONAL_REPRESENTATION('',(#11278),#11304);
#11278 = B_SPLINE_CURVE_WITH_KNOTS('',3,(#11279,#11280,#11281,#11282,
    #11283,#11284,#11285,#11286,#11287,#11288,#11289,#11290,#11291,
    #11292,#11293,#11294,#11295,#11296,#11297,#11298,#11299,#11300,
    #11301,#11302,#11303),.UNSPECIFIED.,.F.,.F.,(4,1,1,1,1,1,1,1,1,1,1,1
    ,1,1,1,1,1,1,1,1,1,1,4),(7.152448122691E-18,1.882289584556E-05,
    3.764579169112E-05,5.646868753667E-05,7.529158338223E-05,
    9.411447922778E-05,1.129373750733E-04,1.317602709189E-04,
    1.505831667644E-04,1.6940606261E-04,1.882289584556E-04,
    2.070518543011E-04,2.258747501467E-04,2.446976459922E-04,
    2.635205418378E-04,2.823434376833E-04,3.011663335289E-04,
    3.199892293744E-04,3.3881212522E-04,3.576350210656E-04,
    3.764579169111E-04,3.952808127567E-04,4.141037086022E-04),
  .QUASI_UNIFORM_KNOTS.);
#11279 = CARTESIAN_POINT('',(5.213194398906,0.999971189322));
#11280 = CARTESIAN_POINT('',(5.213037516227,0.984112738935));
#11281 = CARTESIAN_POINT('',(5.212724516224,0.952751156267));
#11282 = CARTESIAN_POINT('',(5.212258441809,0.906637743291));
#11283 = CARTESIAN_POINT('',(5.211796925797,0.861312427502));
#11284 = CARTESIAN_POINT('',(5.211341089498,0.816647891983));
#11285 = CARTESIAN_POINT('',(5.210892046939,0.772522621447));
#11286 = CARTESIAN_POINT('',(5.210450904379,0.728820192546));
#11287 = CARTESIAN_POINT('',(5.210018759911,0.685426906921));
#11288 = CARTESIAN_POINT('',(5.209596707703,0.642230049216));
#11289 = CARTESIAN_POINT('',(5.209185823884,0.599116085486));
#11290 = CARTESIAN_POINT('',(5.208787221453,0.555969042257));
#11291 = CARTESIAN_POINT('',(5.208401847754,0.512668599722));
#11292 = CARTESIAN_POINT('',(5.20803124289,0.469089355601));
#11293 = CARTESIAN_POINT('',(5.207677261015,0.425159689752));
#11294 = CARTESIAN_POINT('',(5.207341153505,0.380808675922));
#11295 = CARTESIAN_POINT('',(5.207024327813,0.335963942594));
#11296 = CARTESIAN_POINT('',(5.206728145482,0.290548314192));
#11297 = CARTESIAN_POINT('',(5.206453977699,0.244476603319));
#11298 = CARTESIAN_POINT('',(5.206203191947,0.197651987352));
#11299 = CARTESIAN_POINT('',(5.205977157146,0.149962504582));
#11300 = CARTESIAN_POINT('',(5.205777244186,0.101275672346));
#11301 = CARTESIAN_POINT('',(5.205604826857,5.143814942539E-02));
#11302 = CARTESIAN_POINT('',(5.205509133128,1.731542214721E-02));
#11303 = CARTESIAN_POINT('',(5.205466328888,-9.901818491458E-07));
#11304 = ( GEOMETRIC_REPRESENTATION_CONTEXT(2) 
PARAMETRIC_REPRESENTATION_CONTEXT() REPRESENTATION_CONTEXT('2D SPACE',''
  ) );
#11305 = PCURVE('',#4533,#11306);
#11306 = DEFINITIONAL_REPRESENTATION('',(#11307),#11314);
#11307 = B_SPLINE_CURVE_WITH_KNOTS('',3,(#11308,#11309,#11310,#11311,
    #11312,#11313),.UNSPECIFIED.,.F.,.F.,(4,2,4),(7.152448122691E-18,
    2.070518543011E-04,4.141037086022E-04),.UNSPECIFIED.);
#11308 = CARTESIAN_POINT('',(1.425739965507,2.115232963741));
#11309 = CARTESIAN_POINT('',(1.425739965507,2.045246046868));
#11310 = CARTESIAN_POINT('',(1.405522661717,1.976388117506));
#11311 = CARTESIAN_POINT('',(1.328234330771,1.861710385469));
#11312 = CARTESIAN_POINT('',(1.270428072292,1.816510505134));
#11313 = CARTESIAN_POINT('',(1.203079746328,1.796800272654));
#11314 = ( GEOMETRIC_REPRESENTATION_CONTEXT(2) 
PARAMETRIC_REPRESENTATION_CONTEXT() REPRESENTATION_CONTEXT('2D SPACE',''
  ) );
#11315 = ORIENTED_EDGE('',*,*,#11316,.F.);
#11316 = EDGE_CURVE('',#11130,#11266,#11317,.T.);
#11317 = SURFACE_CURVE('',#11318,(#11323,#11352),.PCURVE_S1.);
#11318 = ( BOUNDED_CURVE() B_SPLINE_CURVE(3,(#11319,#11320,#11321,#11322
),.UNSPECIFIED.,.F.,.F.) B_SPLINE_CURVE_WITH_KNOTS((4,4),(0.36243498958,
1.07771808818),.PIECEWISE_BEZIER_KNOTS.) CURVE() 
GEOMETRIC_REPRESENTATION_ITEM() RATIONAL_B_SPLINE_CURVE((1.,
0.957816694304,0.957816694304,1.)) REPRESENTATION_ITEM('') );
#11319 = CARTESIAN_POINT('',(-21.06828128533,33.580692901864,
    -5.367492358943));
#11320 = CARTESIAN_POINT('',(-24.48568251867,32.28486430236,
    -6.192182872303));
#11321 = CARTESIAN_POINT('',(-27.23322231028,29.874713260948,
    -7.726049851608));
#11322 = CARTESIAN_POINT('',(-28.96319972734,26.655244192086,
    -9.774982557804));
#11323 = PCURVE('',#11146,#11324);
#11324 = DEFINITIONAL_REPRESENTATION('',(#11325),#11351);
#11325 = B_SPLINE_CURVE_WITH_KNOTS('',3,(#11326,#11327,#11328,#11329,
    #11330,#11331,#11332,#11333,#11334,#11335,#11336,#11337,#11338,
    #11339,#11340,#11341,#11342,#11343,#11344,#11345,#11346,#11347,
    #11348,#11349,#11350),.UNSPECIFIED.,.F.,.F.,(4,1,1,1,1,1,1,1,1,1,1,1
    ,1,1,1,1,1,1,1,1,1,1,4),(0.36243498958,0.394947857698,0.427460725816
    ,0.459973593934,0.492486462052,0.52499933017,0.557512198289,
    0.590025066407,0.622537934525,0.655050802643,0.687563670761,
    0.72007653888,0.752589406998,0.785102275116,0.817615143234,
    0.850128011352,0.88264087947,0.915153747589,0.947666615707,
    0.980179483825,1.012692351943,1.045205220061,1.07771808818),
  .QUASI_UNIFORM_KNOTS.);
#11326 = CARTESIAN_POINT('',(5.9207503176,0.));
#11327 = CARTESIAN_POINT('',(5.910142628142,-8.453716874194E-06));
#11328 = CARTESIAN_POINT('',(5.888866070093,-1.624798740102E-05));
#11329 = CARTESIAN_POINT('',(5.856783243223,-1.28278681608E-05));
#11330 = CARTESIAN_POINT('',(5.824547984415,-1.347108850427E-05));
#11331 = CARTESIAN_POINT('',(5.792175815606,-1.303836311584E-05));
#11332 = CARTESIAN_POINT('',(5.759682423694,-1.288979902425E-05));
#11333 = CARTESIAN_POINT('',(5.727083788597,-1.271053728549E-05));
#11334 = CARTESIAN_POINT('',(5.694396327825,-1.239375054844E-05));
#11335 = CARTESIAN_POINT('',(5.661637001457,-1.268218701652E-05));
#11336 = CARTESIAN_POINT('',(5.628823491578,-1.07182059769E-05));
#11337 = CARTESIAN_POINT('',(5.59597403915,-1.720133826821E-05));
#11338 = CARTESIAN_POINT('',(5.563108478574,7.792674551688E-06));
#11339 = CARTESIAN_POINT('',(5.530244704812,-1.690075847136E-05));
#11340 = CARTESIAN_POINT('',(5.497397715594,-1.011326518257E-05));
#11341 = CARTESIAN_POINT('',(5.464586437981,-1.177169446192E-05));
#11342 = CARTESIAN_POINT('',(5.431828179198,-1.117720621348E-05));
#11343 = CARTESIAN_POINT('',(5.399140246539,-1.118980228374E-05));
#11344 = CARTESIAN_POINT('',(5.366539638514,-1.106350180777E-05));
#11345 = CARTESIAN_POINT('',(5.334043231192,-1.092054961513E-05));
#11346 = CARTESIAN_POINT('',(5.301667811106,-1.101891426525E-05));
#11347 = CARTESIAN_POINT('',(5.269430130076,-1.020765265189E-05));
#11348 = CARTESIAN_POINT('',(5.237346934415,-1.200769390263E-05));
#11349 = CARTESIAN_POINT('',(5.216072306688,-6.635837664208E-06));
#11350 = CARTESIAN_POINT('',(5.205466328888,-9.901818458079E-07));
#11351 = ( GEOMETRIC_REPRESENTATION_CONTEXT(2) 
PARAMETRIC_REPRESENTATION_CONTEXT() REPRESENTATION_CONTEXT('2D SPACE',''
  ) );
#11352 = PCURVE('',#4485,#11353);
#11353 = DEFINITIONAL_REPRESENTATION('',(#11354),#11380);
#11354 = B_SPLINE_CURVE_WITH_KNOTS('',3,(#11355,#11356,#11357,#11358,
    #11359,#11360,#11361,#11362,#11363,#11364,#11365,#11366,#11367,
    #11368,#11369,#11370,#11371,#11372,#11373,#11374,#11375,#11376,
    #11377,#11378,#11379),.UNSPECIFIED.,.F.,.F.,(4,1,1,1,1,1,1,1,1,1,1,1
    ,1,1,1,1,1,1,1,1,1,1,4),(0.36243498958,0.394947857698,0.427460725816
    ,0.459973593934,0.492486462052,0.52499933017,0.557512198289,
    0.590025066407,0.622537934525,0.655050802643,0.687563670761,
    0.72007653888,0.752589406998,0.785102275116,0.817615143234,
    0.850128011352,0.88264087947,0.915153747589,0.947666615707,
    0.980179483825,1.012692351943,1.045205220061,1.07771808818),
  .QUASI_UNIFORM_KNOTS.);
#11355 = CARTESIAN_POINT('',(1.933231316374,24.632507641057));
#11356 = CARTESIAN_POINT('',(1.943839335393,24.596605590325));
#11357 = CARTESIAN_POINT('',(1.965116551498,24.521571698822));
#11358 = CARTESIAN_POINT('',(1.997200564896,24.399383324571));
#11359 = CARTESIAN_POINT('',(2.0294376079,24.267596875985));
#11360 = CARTESIAN_POINT('',(2.061811872215,24.126295112349));
#11361 = CARTESIAN_POINT('',(2.094307176833,23.975589605942));
#11362 = CARTESIAN_POINT('',(2.126906950657,23.815624741494));
#11363 = CARTESIAN_POINT('',(2.159594297442,23.646576438923));
#11364 = CARTESIAN_POINT('',(2.192352042003,23.468651959892));
#11365 = CARTESIAN_POINT('',(2.225162784307,23.28208909283));
#11366 = CARTESIAN_POINT('',(2.258008953829,23.087155177302));
#11367 = CARTESIAN_POINT('',(2.290872865674,22.884145853191));
#11368 = CARTESIAN_POINT('',(2.32373677752,22.67338357927));
#11369 = CARTESIAN_POINT('',(2.356582947042,22.455215927851));
#11370 = CARTESIAN_POINT('',(2.389393689346,22.23001367678));
#11371 = CARTESIAN_POINT('',(2.422151433907,21.998168719992));
#11372 = CARTESIAN_POINT('',(2.454838780692,21.76009182185));
#11373 = CARTESIAN_POINT('',(2.487438554516,21.516210240169));
#11374 = CARTESIAN_POINT('',(2.519933859134,21.266965252939));
#11375 = CARTESIAN_POINT('',(2.552308123449,21.01280959318));
#11376 = CARTESIAN_POINT('',(2.584545166453,20.754204914717));
#11377 = CARTESIAN_POINT('',(2.616629179851,20.49161897156));
#11378 = CARTESIAN_POINT('',(2.637906395956,20.314222213749));
#11379 = CARTESIAN_POINT('',(2.648514414974,20.225017442196));
#11380 = ( GEOMETRIC_REPRESENTATION_CONTEXT(2) 
PARAMETRIC_REPRESENTATION_CONTEXT() REPRESENTATION_CONTEXT('2D SPACE',''
  ) );
#11381 = ORIENTED_EDGE('',*,*,#11129,.F.);
#11382 = ADVANCED_FACE('',(#11383),#10935,.T.);
#11383 = FACE_BOUND('',#11384,.T.);
#11384 = EDGE_LOOP('',(#11385,#11453,#11504,#11549));
#11385 = ORIENTED_EDGE('',*,*,#11386,.F.);
#11386 = EDGE_CURVE('',#11387,#10867,#11389,.T.);
#11387 = VERTEX_POINT('',#11388);
#11388 = CARTESIAN_POINT('',(28.963199727346,26.655244192086,
    -9.774982557804));
#11389 = SURFACE_CURVE('',#11390,(#11395,#11424),.PCURVE_S1.);
#11390 = ( BOUNDED_CURVE() B_SPLINE_CURVE(3,(#11391,#11392,#11393,#11394
),.UNSPECIFIED.,.F.,.F.) B_SPLINE_CURVE_WITH_KNOTS((4,4),(5.205467219,
5.9207503176),.PIECEWISE_BEZIER_KNOTS.) CURVE() 
GEOMETRIC_REPRESENTATION_ITEM() RATIONAL_B_SPLINE_CURVE((1.,
0.957816694304,0.957816694304,1.)) REPRESENTATION_ITEM('') );
#11391 = CARTESIAN_POINT('',(28.963199727346,26.655244192086,
    -9.774982557804));
#11392 = CARTESIAN_POINT('',(27.233222310284,29.874713260948,
    -7.726049851608));
#11393 = CARTESIAN_POINT('',(24.485682518674,32.28486430236,
    -6.192182872303));
#11394 = CARTESIAN_POINT('',(21.068281285337,33.580692901864,
    -5.367492358943));
#11395 = PCURVE('',#10935,#11396);
#11396 = DEFINITIONAL_REPRESENTATION('',(#11397),#11423);
#11397 = B_SPLINE_CURVE_WITH_KNOTS('',3,(#11398,#11399,#11400,#11401,
    #11402,#11403,#11404,#11405,#11406,#11407,#11408,#11409,#11410,
    #11411,#11412,#11413,#11414,#11415,#11416,#11417,#11418,#11419,
    #11420,#11421,#11422),.UNSPECIFIED.,.F.,.F.,(4,1,1,1,1,1,1,1,1,1,1,1
    ,1,1,1,1,1,1,1,1,1,1,4),(5.205467219,5.237980087118,5.270492955236,
    5.303005823355,5.335518691473,5.368031559591,5.400544427709,
    5.433057295827,5.465570163945,5.498083032064,5.530595900182,
    5.5631087683,5.595621636418,5.628134504536,5.660647372655,
    5.693160240773,5.725673108891,5.758185977009,5.790698845127,
    5.823211713245,5.855724581364,5.888237449482,5.9207503176),
  .QUASI_UNIFORM_KNOTS.);
#11398 = CARTESIAN_POINT('',(1.077718978345,-7.035404973042E-07));
#11399 = CARTESIAN_POINT('',(1.067113000511,-6.524366052534E-06));
#11400 = CARTESIAN_POINT('',(1.045838372754,-1.205942809436E-05));
#11401 = CARTESIAN_POINT('',(1.013755177105,-1.019379048819E-05));
#11402 = CARTESIAN_POINT('',(0.981517496076,-1.102262862151E-05));
#11403 = CARTESIAN_POINT('',(0.949142075976,-1.091955435289E-05));
#11404 = CARTESIAN_POINT('',(0.916645668669,-1.106376849947E-05));
#11405 = CARTESIAN_POINT('',(0.884045060639,-1.118973082345E-05));
#11406 = CARTESIAN_POINT('',(0.851357127982,-1.117722536189E-05));
#11407 = CARTESIAN_POINT('',(0.818598869198,-1.17716893291E-05));
#11408 = CARTESIAN_POINT('',(0.785787591585,-1.011326656598E-05));
#11409 = CARTESIAN_POINT('',(0.752940602368,-1.690075806957E-05));
#11410 = CARTESIAN_POINT('',(0.720076828605,7.792674329032E-06));
#11411 = CARTESIAN_POINT('',(0.687211268035,-1.720133822135E-05));
#11412 = CARTESIAN_POINT('',(0.6543618156,-1.071820598943E-05));
#11413 = CARTESIAN_POINT('',(0.621548305722,-1.268218701298E-05));
#11414 = CARTESIAN_POINT('',(0.588788979355,-1.23937505481E-05));
#11415 = CARTESIAN_POINT('',(0.556101518582,-1.27105372905E-05));
#11416 = CARTESIAN_POINT('',(0.523502883486,-1.288979900505E-05));
#11417 = CARTESIAN_POINT('',(0.491009491571,-1.303836312124E-05));
#11418 = CARTESIAN_POINT('',(0.458637322772,-1.347108850307E-05));
#11419 = CARTESIAN_POINT('',(0.426402063956,-1.28278681614E-05));
#11420 = CARTESIAN_POINT('',(0.394319237086,-1.624798740106E-05));
#11421 = CARTESIAN_POINT('',(0.373042679038,-8.453716874253E-06));
#11422 = CARTESIAN_POINT('',(0.36243498958,0.));
#11423 = ( GEOMETRIC_REPRESENTATION_CONTEXT(2) 
PARAMETRIC_REPRESENTATION_CONTEXT() REPRESENTATION_CONTEXT('2D SPACE',''
  ) );
#11424 = PCURVE('',#10805,#11425);
#11425 = DEFINITIONAL_REPRESENTATION('',(#11426),#11452);
#11426 = B_SPLINE_CURVE_WITH_KNOTS('',3,(#11427,#11428,#11429,#11430,
    #11431,#11432,#11433,#11434,#11435,#11436,#11437,#11438,#11439,
    #11440,#11441,#11442,#11443,#11444,#11445,#11446,#11447,#11448,
    #11449,#11450,#11451),.UNSPECIFIED.,.F.,.F.,(4,1,1,1,1,1,1,1,1,1,1,1
    ,1,1,1,1,1,1,1,1,1,1,4),(5.205467219,5.237980087118,5.270492955236,
    5.303005823355,5.335518691473,5.368031559591,5.400544427709,
    5.433057295827,5.465570163945,5.498083032064,5.530595900182,
    5.5631087683,5.595621636418,5.628134504536,5.660647372655,
    5.693160240773,5.725673108891,5.758185977009,5.790698845127,
    5.823211713245,5.855724581364,5.888237449482,5.9207503176),
  .QUASI_UNIFORM_KNOTS.);
#11427 = CARTESIAN_POINT('',(0.493078238615,20.225017442196));
#11428 = CARTESIAN_POINT('',(0.503686257634,20.314222213749));
#11429 = CARTESIAN_POINT('',(0.524963473739,20.49161897156));
#11430 = CARTESIAN_POINT('',(0.557047487137,20.754204914717));
#11431 = CARTESIAN_POINT('',(0.589284530141,21.01280959318));
#11432 = CARTESIAN_POINT('',(0.621658794456,21.266965252939));
#11433 = CARTESIAN_POINT('',(0.654154099074,21.516210240169));
#11434 = CARTESIAN_POINT('',(0.686753872898,21.76009182185));
#11435 = CARTESIAN_POINT('',(0.719441219683,21.998168719992));
#11436 = CARTESIAN_POINT('',(0.752198964244,22.23001367678));
#11437 = CARTESIAN_POINT('',(0.785009706548,22.455215927851));
#11438 = CARTESIAN_POINT('',(0.81785587607,22.67338357927));
#11439 = CARTESIAN_POINT('',(0.850719787915,22.884145853191));
#11440 = CARTESIAN_POINT('',(0.883583699761,23.087155177302));
#11441 = CARTESIAN_POINT('',(0.916429869283,23.28208909283));
#11442 = CARTESIAN_POINT('',(0.949240611587,23.468651959892));
#11443 = CARTESIAN_POINT('',(0.981998356148,23.646576438923));
#11444 = CARTESIAN_POINT('',(1.014685702932,23.815624741494));
#11445 = CARTESIAN_POINT('',(1.047285476756,23.975589605942));
#11446 = CARTESIAN_POINT('',(1.079780781375,24.126295112349));
#11447 = CARTESIAN_POINT('',(1.11215504569,24.267596875985));
#11448 = CARTESIAN_POINT('',(1.144392088694,24.399383324571));
#11449 = CARTESIAN_POINT('',(1.176476102092,24.521571698822));
#11450 = CARTESIAN_POINT('',(1.197753318197,24.596605590325));
#11451 = CARTESIAN_POINT('',(1.208361337215,24.632507641057));
#11452 = ( GEOMETRIC_REPRESENTATION_CONTEXT(2) 
PARAMETRIC_REPRESENTATION_CONTEXT() REPRESENTATION_CONTEXT('2D SPACE',''
  ) );
#11453 = ORIENTED_EDGE('',*,*,#11454,.T.);
#11454 = EDGE_CURVE('',#11387,#11455,#11457,.T.);
#11455 = VERTEX_POINT('',#11456);
#11456 = CARTESIAN_POINT('',(28.644767036259,26.776513638996,
    -9.961721130281));
#11457 = SURFACE_CURVE('',#11458,(#11465,#11494),.PCURVE_S1.);
#11458 = B_SPLINE_CURVE_WITH_KNOTS('',3,(#11459,#11460,#11461,#11462,
    #11463,#11464),.UNSPECIFIED.,.F.,.F.,(4,2,4),(1.734723475977E-18,
    2.071140386642E-04,4.142280773283E-04),.UNSPECIFIED.);
#11459 = CARTESIAN_POINT('',(28.963199727346,26.655244192086,
    -9.774982557804));
#11460 = CARTESIAN_POINT('',(28.943510888319,26.691884906366,
    -9.831404309973));
#11461 = CARTESIAN_POINT('',(28.898915736335,26.72314278673,
    -9.879537224787));
#11462 = CARTESIAN_POINT('',(28.783409961495,26.765612143487,
    -9.944934299293));
#11463 = CARTESIAN_POINT('',(28.714701818911,26.776513638996,
    -9.961721130281));
#11464 = CARTESIAN_POINT('',(28.644767036259,26.776513638996,
    -9.961721130281));
#11465 = PCURVE('',#10935,#11466);
#11466 = DEFINITIONAL_REPRESENTATION('',(#11467),#11493);
#11467 = B_SPLINE_CURVE_WITH_KNOTS('',3,(#11468,#11469,#11470,#11471,
    #11472,#11473,#11474,#11475,#11476,#11477,#11478,#11479,#11480,
    #11481,#11482,#11483,#11484,#11485,#11486,#11487,#11488,#11489,
    #11490,#11491,#11492),.UNSPECIFIED.,.F.,.F.,(4,1,1,1,1,1,1,1,1,1,1,1
    ,1,1,1,1,1,1,1,1,1,1,4),(1.734723475977E-18,1.882854896947E-05,
    3.765709793894E-05,5.648564690841E-05,7.531419587788E-05,
    9.414274484734E-05,1.129712938168E-04,1.317998427863E-04,
    1.506283917558E-04,1.694569407252E-04,1.882854896947E-04,
    2.071140386642E-04,2.259425876336E-04,2.447711366031E-04,
    2.635996855726E-04,2.82428234542E-04,3.012567835115E-04,
    3.20085332481E-04,3.389138814504E-04,3.577424304199E-04,
    3.765709793894E-04,3.953995283588E-04,4.142280773283E-04),
  .QUASI_UNIFORM_KNOTS.);
#11468 = CARTESIAN_POINT('',(1.077718978345,-7.035404973042E-07));
#11469 = CARTESIAN_POINT('',(1.07767622052,1.729695326148E-02));
#11470 = CARTESIAN_POINT('',(1.077580850087,5.136129826937E-02));
#11471 = CARTESIAN_POINT('',(1.077409437556,0.101063840514));
#11472 = CARTESIAN_POINT('',(1.077210877771,0.149582477551));
#11473 = CARTESIAN_POINT('',(1.076986372805,0.197088291053));
#11474 = CARTESIAN_POINT('',(1.076737121151,0.243732659655));
#11475 = CARTESIAN_POINT('',(1.076464319199,0.28964751732));
#11476 = CARTESIAN_POINT('',(1.076169158931,0.334950489831));
#11477 = CARTESIAN_POINT('',(1.075852842874,0.379746791305));
#11478 = CARTESIAN_POINT('',(1.075516533423,0.424137077848));
#11479 = CARTESIAN_POINT('',(1.07516154711,0.468203100635));
#11480 = CARTESIAN_POINT('',(1.074788634387,0.512075019107));
#11481 = CARTESIAN_POINT('',(1.074400672056,0.555693460258));
#11482 = CARTESIAN_POINT('',(1.07400033342,0.599045963637));
#11483 = CARTESIAN_POINT('',(1.073588173765,0.642304294633));
#11484 = CARTESIAN_POINT('',(1.073165322379,0.685585166637));
#11485 = CARTESIAN_POINT('',(1.072732761847,0.729016227284));
#11486 = CARTESIAN_POINT('',(1.072291521739,0.772720292836));
#11487 = CARTESIAN_POINT('',(1.071842627249,0.816821589584));
#11488 = CARTESIAN_POINT('',(1.07138711337,0.86144609626));
#11489 = CARTESIAN_POINT('',(1.070926021766,0.906723993686));
#11490 = CARTESIAN_POINT('',(1.070460401054,0.95279027247));
#11491 = CARTESIAN_POINT('',(1.070147674041,0.984124417884));
#11492 = CARTESIAN_POINT('',(1.069990908274,0.999971189317));
#11493 = ( GEOMETRIC_REPRESENTATION_CONTEXT(2) 
PARAMETRIC_REPRESENTATION_CONTEXT() REPRESENTATION_CONTEXT('2D SPACE',''
  ) );
#11494 = PCURVE('',#4533,#11495);
#11495 = DEFINITIONAL_REPRESENTATION('',(#11496),#11503);
#11496 = B_SPLINE_CURVE_WITH_KNOTS('',3,(#11497,#11498,#11499,#11500,
    #11501,#11502),.UNSPECIFIED.,.F.,.F.,(4,2,4),(1.734723475977E-18,
    2.071140386642E-04,4.142280773283E-04),.UNSPECIFIED.);
#11497 = CARTESIAN_POINT('',(1.203079746328,59.723199727346));
#11498 = CARTESIAN_POINT('',(1.270354972532,59.703510888319));
#11499 = CARTESIAN_POINT('',(1.327746893334,59.658915736335));
#11500 = CARTESIAN_POINT('',(1.405723964434,59.543409961495));
#11501 = CARTESIAN_POINT('',(1.425739965507,59.474701818911));
#11502 = CARTESIAN_POINT('',(1.425739965507,59.404767036259));
#11503 = ( GEOMETRIC_REPRESENTATION_CONTEXT(2) 
PARAMETRIC_REPRESENTATION_CONTEXT() REPRESENTATION_CONTEXT('2D SPACE',''
  ) );
#11504 = ORIENTED_EDGE('',*,*,#11505,.F.);
#11505 = EDGE_CURVE('',#10919,#11455,#11506,.T.);
#11506 = SURFACE_CURVE('',#11507,(#11512,#11541),.PCURVE_S1.);
#11507 = ( BOUNDED_CURVE() B_SPLINE_CURVE(3,(#11508,#11509,#11510,#11511
),.UNSPECIFIED.,.F.,.F.) B_SPLINE_CURVE_WITH_KNOTS((4,4),(0.36243498958,
1.069988611827),.PIECEWISE_BEZIER_KNOTS.) CURVE() 
GEOMETRIC_REPRESENTATION_ITEM() RATIONAL_B_SPLINE_CURVE((1.,
0.958713970622,0.958713970622,1.)) REPRESENTATION_ITEM('') );
#11508 = CARTESIAN_POINT('',(20.961915659631,33.463573732601,
    -5.619093529327));
#11509 = CARTESIAN_POINT('',(24.273207812705,32.207980145459,
    -6.434485538786));
#11510 = CARTESIAN_POINT('',(26.944442964536,29.882969663182,
    -7.944365000241));
#11511 = CARTESIAN_POINT('',(28.644767036259,26.776513638996,
    -9.961721130281));
#11512 = PCURVE('',#10935,#11513);
#11513 = DEFINITIONAL_REPRESENTATION('',(#11514),#11540);
#11514 = B_SPLINE_CURVE_WITH_KNOTS('',3,(#11515,#11516,#11517,#11518,
    #11519,#11520,#11521,#11522,#11523,#11524,#11525,#11526,#11527,
    #11528,#11529,#11530,#11531,#11532,#11533,#11534,#11535,#11536,
    #11537,#11538,#11539),.UNSPECIFIED.,.F.,.F.,(4,1,1,1,1,1,1,1,1,1,1,1
    ,1,1,1,1,1,1,1,1,1,1,4),(0.36243498958,0.394596517864,0.426758046148
    ,0.458919574432,0.491081102716,0.523242631,0.555404159284,
    0.587565687568,0.619727215852,0.651888744135,0.684050272419,
    0.716211800703,0.748373328987,0.780534857271,0.812696385555,
    0.844857913839,0.877019442123,0.909180970407,0.941342498691,
    0.973504026975,1.005665555259,1.037827083543,1.069988611827),
  .QUASI_UNIFORM_KNOTS.);
#11515 = CARTESIAN_POINT('',(0.36243498958,1.));
#11516 = CARTESIAN_POINT('',(0.372932938507,0.999995519783));
#11517 = CARTESIAN_POINT('',(0.393988067046,0.999802376591));
#11518 = CARTESIAN_POINT('',(0.425733381669,0.999194389161));
#11519 = CARTESIAN_POINT('',(0.457626241396,0.998524377779));
#11520 = CARTESIAN_POINT('',(0.489651592179,0.997971685442));
#11521 = CARTESIAN_POINT('',(0.521794228948,0.997660684283));
#11522 = CARTESIAN_POINT('',(0.554038681426,0.997651767393));
#11523 = CARTESIAN_POINT('',(0.586369080702,0.997943200983));
#11524 = CARTESIAN_POINT('',(0.618769043703,0.998472652614));
#11525 = CARTESIAN_POINT('',(0.651221523649,0.99912321122));
#11526 = CARTESIAN_POINT('',(0.683708837888,0.999724982589));
#11527 = CARTESIAN_POINT('',(0.716212130255,1.000079621345));
#11528 = CARTESIAN_POINT('',(0.748713074922,0.999901572486));
#11529 = CARTESIAN_POINT('',(0.781197926159,0.999411943768));
#11530 = CARTESIAN_POINT('',(0.813648254974,0.998852772884));
#11531 = CARTESIAN_POINT('',(0.846047309197,0.998383339865));
#11532 = CARTESIAN_POINT('',(0.878378306187,0.998110090797));
#11533 = CARTESIAN_POINT('',(0.910624789825,0.998082101074));
#11534 = CARTESIAN_POINT('',(0.942770446966,0.998296981316));
#11535 = CARTESIAN_POINT('',(0.974799075118,0.998705627696));
#11536 = CARTESIAN_POINT('',(1.006694516224,0.999217580893));
#11537 = CARTESIAN_POINT('',(1.03844061688,0.999710452333));
#11538 = CARTESIAN_POINT('',(1.059494333559,0.999920511332));
#11539 = CARTESIAN_POINT('',(1.069990908274,0.999971189317));
#11540 = ( GEOMETRIC_REPRESENTATION_CONTEXT(2) 
PARAMETRIC_REPRESENTATION_CONTEXT() REPRESENTATION_CONTEXT('2D SPACE',''
  ) );
#11541 = PCURVE('',#458,#11542);
#11542 = DEFINITIONAL_REPRESENTATION('',(#11543),#11548);
#11543 = ( BOUNDED_CURVE() B_SPLINE_CURVE(3,(#11544,#11545,#11546,#11547
),.UNSPECIFIED.,.F.,.F.) B_SPLINE_CURVE_WITH_KNOTS((4,4),(0.36243498958,
1.069988611827),.PIECEWISE_BEZIER_KNOTS.) CURVE() 
GEOMETRIC_REPRESENTATION_ITEM() RATIONAL_B_SPLINE_CURVE((1.,
0.958713970622,0.958713970622,1.)) REPRESENTATION_ITEM('') );
#11544 = CARTESIAN_POINT('',(41.093100258698,51.711915659631));
#11545 = CARTESIAN_POINT('',(39.595976554671,55.023207812705));
#11546 = CARTESIAN_POINT('',(36.823719400144,57.694442964536));
#11547 = CARTESIAN_POINT('',(33.119695266096,59.394767036259));
#11548 = ( GEOMETRIC_REPRESENTATION_CONTEXT(2) 
PARAMETRIC_REPRESENTATION_CONTEXT() REPRESENTATION_CONTEXT('2D SPACE',''
  ) );
#11549 = ORIENTED_EDGE('',*,*,#10918,.T.);
#11550 = ADVANCED_FACE('',(#11551),#458,.T.);
#11551 = FACE_BOUND('',#11552,.T.);
#11552 = EDGE_LOOP('',(#11553,#11554,#11575,#11576,#11577,#11578,#11579)
  );
#11553 = ORIENTED_EDGE('',*,*,#11505,.T.);
#11554 = ORIENTED_EDGE('',*,*,#11555,.T.);
#11555 = EDGE_CURVE('',#11455,#11219,#11556,.T.);
#11556 = SURFACE_CURVE('',#11557,(#11561,#11568),.PCURVE_S1.);
#11557 = LINE('',#11558,#11559);
#11558 = CARTESIAN_POINT('',(-30.75,26.776513638996,-9.961721130281));
#11559 = VECTOR('',#11560,1.);
#11560 = DIRECTION('',(-1.,0.,0.));
#11561 = PCURVE('',#458,#11562);
#11562 = DEFINITIONAL_REPRESENTATION('',(#11563),#11567);
#11563 = LINE('',#11564,#11565);
#11564 = CARTESIAN_POINT('',(33.119695266096,0.));
#11565 = VECTOR('',#11566,1.);
#11566 = DIRECTION('',(0.,-1.));
#11567 = ( GEOMETRIC_REPRESENTATION_CONTEXT(2) 
PARAMETRIC_REPRESENTATION_CONTEXT() REPRESENTATION_CONTEXT('2D SPACE',''
  ) );
#11568 = PCURVE('',#4533,#11569);
#11569 = DEFINITIONAL_REPRESENTATION('',(#11570),#11574);
#11570 = LINE('',#11571,#11572);
#11571 = CARTESIAN_POINT('',(1.425739965507,9.999999999998E-03));
#11572 = VECTOR('',#11573,1.);
#11573 = DIRECTION('',(0.,-1.));
#11574 = ( GEOMETRIC_REPRESENTATION_CONTEXT(2) 
PARAMETRIC_REPRESENTATION_CONTEXT() REPRESENTATION_CONTEXT('2D SPACE',''
  ) );
#11575 = ORIENTED_EDGE('',*,*,#11218,.T.);
#11576 = ORIENTED_EDGE('',*,*,#11106,.T.);
#11577 = ORIENTED_EDGE('',*,*,#419,.T.);
#11578 = ORIENTED_EDGE('',*,*,#11057,.T.);
#11579 = ORIENTED_EDGE('',*,*,#10983,.T.);
#11580 = ADVANCED_FACE('',(#11581),#5534,.T.);
#11581 = FACE_BOUND('',#11582,.T.);
#11582 = EDGE_LOOP('',(#11583,#11584,#11585,#11586,#11609));
#11583 = ORIENTED_EDGE('',*,*,#5518,.F.);
#11584 = ORIENTED_EDGE('',*,*,#9130,.F.);
#11585 = ORIENTED_EDGE('',*,*,#11194,.T.);
#11586 = ORIENTED_EDGE('',*,*,#11587,.T.);
#11587 = EDGE_CURVE('',#11130,#11588,#11590,.T.);
#11588 = VERTEX_POINT('',#11589);
#11589 = CARTESIAN_POINT('',(-21.06828128533,33.580692901864,-2.));
#11590 = SURFACE_CURVE('',#11591,(#11595,#11602),.PCURVE_S1.);
#11591 = LINE('',#11592,#11593);
#11592 = CARTESIAN_POINT('',(-21.06828128533,33.580692901864,-30.));
#11593 = VECTOR('',#11594,1.);
#11594 = DIRECTION('',(0.,0.,1.));
#11595 = PCURVE('',#5534,#11596);
#11596 = DEFINITIONAL_REPRESENTATION('',(#11597),#11601);
#11597 = LINE('',#11598,#11599);
#11598 = CARTESIAN_POINT('',(21.773676440811,0.));
#11599 = VECTOR('',#11600,1.);
#11600 = DIRECTION('',(0.,1.));
#11601 = ( GEOMETRIC_REPRESENTATION_CONTEXT(2) 
PARAMETRIC_REPRESENTATION_CONTEXT() REPRESENTATION_CONTEXT('2D SPACE',''
  ) );
#11602 = PCURVE('',#4485,#11603);
#11603 = DEFINITIONAL_REPRESENTATION('',(#11604),#11608);
#11604 = LINE('',#11605,#11606);
#11605 = CARTESIAN_POINT('',(1.933231316374,0.));
#11606 = VECTOR('',#11607,1.);
#11607 = DIRECTION('',(0.,1.));
#11608 = ( GEOMETRIC_REPRESENTATION_CONTEXT(2) 
PARAMETRIC_REPRESENTATION_CONTEXT() REPRESENTATION_CONTEXT('2D SPACE',''
  ) );
#11609 = ORIENTED_EDGE('',*,*,#11610,.F.);
#11610 = EDGE_CURVE('',#5519,#11588,#11611,.T.);
#11611 = SURFACE_CURVE('',#11612,(#11616,#11623),.PCURVE_S1.);
#11612 = LINE('',#11613,#11614);
#11613 = CARTESIAN_POINT('',(-0.709104171378,41.300595297074,-2.));
#11614 = VECTOR('',#11615,1.);
#11615 = DIRECTION('',(-0.935036265892,-0.354552085689,
    -1.943191557693E-17));
#11616 = PCURVE('',#5534,#11617);
#11617 = DEFINITIONAL_REPRESENTATION('',(#11618),#11622);
#11618 = LINE('',#11619,#11620);
#11619 = CARTESIAN_POINT('',(4.152395165012E-16,28.));
#11620 = VECTOR('',#11621,1.);
#11621 = DIRECTION('',(1.,-1.943191557693E-17));
#11622 = ( GEOMETRIC_REPRESENTATION_CONTEXT(2) 
PARAMETRIC_REPRESENTATION_CONTEXT() REPRESENTATION_CONTEXT('2D SPACE',''
  ) );
#11623 = PCURVE('',#102,#11624);
#11624 = DEFINITIONAL_REPRESENTATION('',(#11625),#11629);
#11625 = LINE('',#11626,#11627);
#11626 = CARTESIAN_POINT('',(20.12635946496,30.040895828622));
#11627 = VECTOR('',#11628,1.);
#11628 = DIRECTION('',(-0.354552085689,-0.935036265892));
#11629 = ( GEOMETRIC_REPRESENTATION_CONTEXT(2) 
PARAMETRIC_REPRESENTATION_CONTEXT() REPRESENTATION_CONTEXT('2D SPACE',''
  ) );
#11630 = ADVANCED_FACE('',(#11631,#11656,#11681,#11685,#11689,#11693,
    #11697,#11701,#11705,#11709,#11713,#11717),#102,.F.);
#11631 = FACE_BOUND('',#11632,.T.);
#11632 = EDGE_LOOP('',(#11633,#11634));
#11633 = ORIENTED_EDGE('',*,*,#85,.T.);
#11634 = ORIENTED_EDGE('',*,*,#11635,.T.);
#11635 = EDGE_CURVE('',#58,#86,#11636,.T.);
#11636 = SURFACE_CURVE('',#11637,(#11642,#11649),.PCURVE_S1.);
#11637 = CIRCLE('',#11638,0.6);
#11638 = AXIS2_PLACEMENT_3D('',#11639,#11640,#11641);
#11639 = CARTESIAN_POINT('',(24.4705,25.674235832114,-2.));
#11640 = DIRECTION('',(0.,5.480694194524E-17,-1.));
#11641 = DIRECTION('',(0.,1.,5.480694194524E-17));
#11642 = PCURVE('',#102,#11643);
#11643 = DEFINITIONAL_REPRESENTATION('',(#11644),#11648);
#11644 = CIRCLE('',#11645,0.6);
#11645 = AXIS2_PLACEMENT_2D('',#11646,#11647);
#11646 = CARTESIAN_POINT('',(4.5,55.2205));
#11647 = DIRECTION('',(1.,0.));
#11648 = ( GEOMETRIC_REPRESENTATION_CONTEXT(2) 
PARAMETRIC_REPRESENTATION_CONTEXT() REPRESENTATION_CONTEXT('2D SPACE',''
  ) );
#11649 = PCURVE('',#73,#11650);
#11650 = DEFINITIONAL_REPRESENTATION('',(#11651),#11655);
#11651 = LINE('',#11652,#11653);
#11652 = CARTESIAN_POINT('',(1.570796326795,1.));
#11653 = VECTOR('',#11654,1.);
#11654 = DIRECTION('',(1.,0.));
#11655 = ( GEOMETRIC_REPRESENTATION_CONTEXT(2) 
PARAMETRIC_REPRESENTATION_CONTEXT() REPRESENTATION_CONTEXT('2D SPACE',''
  ) );
#11656 = FACE_BOUND('',#11657,.T.);
#11657 = EDGE_LOOP('',(#11658,#11659));
#11658 = ORIENTED_EDGE('',*,*,#202,.T.);
#11659 = ORIENTED_EDGE('',*,*,#11660,.T.);
#11660 = EDGE_CURVE('',#175,#203,#11661,.T.);
#11661 = SURFACE_CURVE('',#11662,(#11667,#11674),.PCURVE_S1.);
#11662 = CIRCLE('',#11663,0.6);
#11663 = AXIS2_PLACEMENT_3D('',#11664,#11665,#11666);
#11664 = CARTESIAN_POINT('',(-24.4705,25.674235832114,-2.));
#11665 = DIRECTION('',(0.,5.480694194524E-17,-1.));
#11666 = DIRECTION('',(0.,1.,5.480694194524E-17));
#11667 = PCURVE('',#102,#11668);
#11668 = DEFINITIONAL_REPRESENTATION('',(#11669),#11673);
#11669 = CIRCLE('',#11670,0.6);
#11670 = AXIS2_PLACEMENT_2D('',#11671,#11672);
#11671 = CARTESIAN_POINT('',(4.5,6.2795));
#11672 = DIRECTION('',(1.,0.));
#11673 = ( GEOMETRIC_REPRESENTATION_CONTEXT(2) 
PARAMETRIC_REPRESENTATION_CONTEXT() REPRESENTATION_CONTEXT('2D SPACE',''
  ) );
#11674 = PCURVE('',#190,#11675);
#11675 = DEFINITIONAL_REPRESENTATION('',(#11676),#11680);
#11676 = LINE('',#11677,#11678);
#11677 = CARTESIAN_POINT('',(1.570796326795,1.));
#11678 = VECTOR('',#11679,1.);
#11679 = DIRECTION('',(1.,0.));
#11680 = ( GEOMETRIC_REPRESENTATION_CONTEXT(2) 
PARAMETRIC_REPRESENTATION_CONTEXT() REPRESENTATION_CONTEXT('2D SPACE',''
  ) );
#11681 = FACE_BOUND('',#11682,.T.);
#11682 = EDGE_LOOP('',(#11683,#11684));
#11683 = ORIENTED_EDGE('',*,*,#5830,.F.);
#11684 = ORIENTED_EDGE('',*,*,#2554,.F.);
#11685 = FACE_BOUND('',#11686,.T.);
#11686 = EDGE_LOOP('',(#11687,#11688));
#11687 = ORIENTED_EDGE('',*,*,#5798,.F.);
#11688 = ORIENTED_EDGE('',*,*,#2674,.F.);
#11689 = FACE_BOUND('',#11690,.T.);
#11690 = EDGE_LOOP('',(#11691,#11692));
#11691 = ORIENTED_EDGE('',*,*,#5766,.F.);
#11692 = ORIENTED_EDGE('',*,*,#2790,.F.);
#11693 = FACE_BOUND('',#11694,.T.);
#11694 = EDGE_LOOP('',(#11695,#11696));
#11695 = ORIENTED_EDGE('',*,*,#2906,.T.);
#11696 = ORIENTED_EDGE('',*,*,#5738,.T.);
#11697 = FACE_BOUND('',#11698,.T.);
#11698 = EDGE_LOOP('',(#11699,#11700));
#11699 = ORIENTED_EDGE('',*,*,#3018,.T.);
#11700 = ORIENTED_EDGE('',*,*,#5710,.T.);
#11701 = FACE_BOUND('',#11702,.T.);
#11702 = EDGE_LOOP('',(#11703,#11704));
#11703 = ORIENTED_EDGE('',*,*,#3130,.T.);
#11704 = ORIENTED_EDGE('',*,*,#5682,.T.);
#11705 = FACE_BOUND('',#11706,.T.);
#11706 = EDGE_LOOP('',(#11707,#11708));
#11707 = ORIENTED_EDGE('',*,*,#3242,.T.);
#11708 = ORIENTED_EDGE('',*,*,#5654,.T.);
#11709 = FACE_BOUND('',#11710,.T.);
#11710 = EDGE_LOOP('',(#11711,#11712));
#11711 = ORIENTED_EDGE('',*,*,#3354,.T.);
#11712 = ORIENTED_EDGE('',*,*,#5626,.T.);
#11713 = FACE_BOUND('',#11714,.T.);
#11714 = EDGE_LOOP('',(#11715,#11716));
#11715 = ORIENTED_EDGE('',*,*,#3466,.T.);
#11716 = ORIENTED_EDGE('',*,*,#5598,.T.);
#11717 = FACE_BOUND('',#11718,.T.);
#11718 = EDGE_LOOP('',(#11719,#11720,#11721,#11722,#11750,#11778));
#11719 = ORIENTED_EDGE('',*,*,#10843,.F.);
#11720 = ORIENTED_EDGE('',*,*,#5546,.F.);
#11721 = ORIENTED_EDGE('',*,*,#11610,.T.);
#11722 = ORIENTED_EDGE('',*,*,#11723,.T.);
#11723 = EDGE_CURVE('',#11588,#11724,#11726,.T.);
#11724 = VERTEX_POINT('',#11725);
#11725 = CARTESIAN_POINT('',(-30.66236257438,21.174235832114,-2.));
#11726 = SURFACE_CURVE('',#11727,(#11732,#11743),.PCURVE_S1.);
#11727 = CIRCLE('',#11728,15.);
#11728 = AXIS2_PLACEMENT_3D('',#11729,#11730,#11731);
#11729 = CARTESIAN_POINT('',(-15.75,19.555148913482,-2.));
#11730 = DIRECTION('',(0.,-5.480694194524E-17,1.));
#11731 = DIRECTION('',(0.,1.,5.480694194524E-17));
#11732 = PCURVE('',#102,#11733);
#11733 = DEFINITIONAL_REPRESENTATION('',(#11734),#11742);
#11734 = ( BOUNDED_CURVE() B_SPLINE_CURVE(2,(#11735,#11736,#11737,#11738
    ,#11739,#11740,#11741),.UNSPECIFIED.,.T.,.F.) 
B_SPLINE_CURVE_WITH_KNOTS((1,2,2,2,2,1),(-2.094395102393,0.,
    2.094395102393,4.188790204786,6.28318530718,8.377580409573),
.UNSPECIFIED.) CURVE() GEOMETRIC_REPRESENTATION_ITEM() 
RATIONAL_B_SPLINE_CURVE((1.,0.5,1.,0.5,1.,0.5,1.)) REPRESENTATION_ITEM(
  '') );
#11735 = CARTESIAN_POINT('',(13.380913081368,15.));
#11736 = CARTESIAN_POINT('',(13.380913081368,-10.98076211353));
#11737 = CARTESIAN_POINT('',(-9.119086918632,2.009618943233));
#11738 = CARTESIAN_POINT('',(-31.61908691863,15.));
#11739 = CARTESIAN_POINT('',(-9.119086918632,27.990381056767));
#11740 = CARTESIAN_POINT('',(13.380913081368,40.980762113533));
#11741 = CARTESIAN_POINT('',(13.380913081368,15.));
#11742 = ( GEOMETRIC_REPRESENTATION_CONTEXT(2) 
PARAMETRIC_REPRESENTATION_CONTEXT() REPRESENTATION_CONTEXT('2D SPACE',''
  ) );
#11743 = PCURVE('',#4485,#11744);
#11744 = DEFINITIONAL_REPRESENTATION('',(#11745),#11749);
#11745 = LINE('',#11746,#11747);
#11746 = CARTESIAN_POINT('',(1.570796326795,28.));
#11747 = VECTOR('',#11748,1.);
#11748 = DIRECTION('',(1.,-3.229118820265E-15));
#11749 = ( GEOMETRIC_REPRESENTATION_CONTEXT(2) 
PARAMETRIC_REPRESENTATION_CONTEXT() REPRESENTATION_CONTEXT('2D SPACE',''
  ) );
#11750 = ORIENTED_EDGE('',*,*,#11751,.T.);
#11751 = EDGE_CURVE('',#11724,#11752,#11754,.T.);
#11752 = VERTEX_POINT('',#11753);
#11753 = CARTESIAN_POINT('',(30.662362574385,21.174235832114,-2.));
#11754 = SURFACE_CURVE('',#11755,(#11759,#11766),.PCURVE_S1.);
#11755 = LINE('',#11756,#11757);
#11756 = CARTESIAN_POINT('',(-30.75,21.174235832114,-2.));
#11757 = VECTOR('',#11758,1.);
#11758 = DIRECTION('',(1.,-0.,-0.));
#11759 = PCURVE('',#102,#11760);
#11760 = DEFINITIONAL_REPRESENTATION('',(#11761),#11765);
#11761 = LINE('',#11762,#11763);
#11762 = CARTESIAN_POINT('',(0.,0.));
#11763 = VECTOR('',#11764,1.);
#11764 = DIRECTION('',(0.,1.));
#11765 = ( GEOMETRIC_REPRESENTATION_CONTEXT(2) 
PARAMETRIC_REPRESENTATION_CONTEXT() REPRESENTATION_CONTEXT('2D SPACE',''
  ) );
#11766 = PCURVE('',#11767,#11772);
#11767 = CYLINDRICAL_SURFACE('',#11768,1.);
#11768 = AXIS2_PLACEMENT_3D('',#11769,#11770,#11771);
#11769 = CARTESIAN_POINT('',(-30.75,21.174235832114,-3.));
#11770 = DIRECTION('',(1.,-0.,-0.));
#11771 = DIRECTION('',(0.,0.,-1.));
#11772 = DEFINITIONAL_REPRESENTATION('',(#11773),#11777);
#11773 = LINE('',#11774,#11775);
#11774 = CARTESIAN_POINT('',(3.14159265359,0.));
#11775 = VECTOR('',#11776,1.);
#11776 = DIRECTION('',(0.,1.));
#11777 = ( GEOMETRIC_REPRESENTATION_CONTEXT(2) 
PARAMETRIC_REPRESENTATION_CONTEXT() REPRESENTATION_CONTEXT('2D SPACE',''
  ) );
#11778 = ORIENTED_EDGE('',*,*,#11779,.F.);
#11779 = EDGE_CURVE('',#10844,#11752,#11780,.T.);
#11780 = SURFACE_CURVE('',#11781,(#11786,#11793),.PCURVE_S1.);
#11781 = CIRCLE('',#11782,15.);
#11782 = AXIS2_PLACEMENT_3D('',#11783,#11784,#11785);
#11783 = CARTESIAN_POINT('',(15.75,19.555148913482,-2.));
#11784 = DIRECTION('',(0.,5.480694194524E-17,-1.));
#11785 = DIRECTION('',(0.,1.,5.480694194524E-17));
#11786 = PCURVE('',#102,#11787);
#11787 = DEFINITIONAL_REPRESENTATION('',(#11788),#11792);
#11788 = CIRCLE('',#11789,15.);
#11789 = AXIS2_PLACEMENT_2D('',#11790,#11791);
#11790 = CARTESIAN_POINT('',(-1.619086918632,46.5));
#11791 = DIRECTION('',(1.,0.));
#11792 = ( GEOMETRIC_REPRESENTATION_CONTEXT(2) 
PARAMETRIC_REPRESENTATION_CONTEXT() REPRESENTATION_CONTEXT('2D SPACE',''
  ) );
#11793 = PCURVE('',#10805,#11794);
#11794 = DEFINITIONAL_REPRESENTATION('',(#11795),#11799);
#11795 = LINE('',#11796,#11797);
#11796 = CARTESIAN_POINT('',(1.570796326795,28.));
#11797 = VECTOR('',#11798,1.);
#11798 = DIRECTION('',(-1.,-3.229118820265E-15));
#11799 = ( GEOMETRIC_REPRESENTATION_CONTEXT(2) 
PARAMETRIC_REPRESENTATION_CONTEXT() REPRESENTATION_CONTEXT('2D SPACE',''
  ) );
#11800 = ADVANCED_FACE('',(#11801),#11767,.T.);
#11801 = FACE_BOUND('',#11802,.T.);
#11802 = EDGE_LOOP('',(#11803,#11804,#11872,#11894));
#11803 = ORIENTED_EDGE('',*,*,#11751,.F.);
#11804 = ORIENTED_EDGE('',*,*,#11805,.T.);
#11805 = EDGE_CURVE('',#11724,#11806,#11808,.T.);
#11806 = VERTEX_POINT('',#11807);
#11807 = CARTESIAN_POINT('',(-30.71424903366,20.590161405445,
    -2.188299892661));
#11808 = SURFACE_CURVE('',#11809,(#11814,#11843),.PCURVE_S1.);
#11809 = B_SPLINE_CURVE_WITH_KNOTS('',3,(#11810,#11811,#11812,#11813),
  .UNSPECIFIED.,.F.,.F.,(4,4),(0.,6.222491860619E-04),
  .PIECEWISE_BEZIER_KNOTS.);
#11810 = CARTESIAN_POINT('',(-30.66236257438,21.174235832114,-2.));
#11811 = CARTESIAN_POINT('',(-30.68507151953,20.965078423807,-2.));
#11812 = CARTESIAN_POINT('',(-30.70245510257,20.76067849897,
    -2.065601037917));
#11813 = CARTESIAN_POINT('',(-30.71424903366,20.590161405445,
    -2.188299892661));
#11814 = PCURVE('',#11767,#11815);
#11815 = DEFINITIONAL_REPRESENTATION('',(#11816),#11842);
#11816 = B_SPLINE_CURVE_WITH_KNOTS('',3,(#11817,#11818,#11819,#11820,
    #11821,#11822,#11823,#11824,#11825,#11826,#11827,#11828,#11829,
    #11830,#11831,#11832,#11833,#11834,#11835,#11836,#11837,#11838,
    #11839,#11840,#11841),.UNSPECIFIED.,.F.,.F.,(4,1,1,1,1,1,1,1,1,1,1,1
    ,1,1,1,1,1,1,1,1,1,1,4),(0.,2.82840539119E-05,5.656810782381E-05,
    8.485216173571E-05,1.131362156476E-04,1.414202695595E-04,
    1.697043234714E-04,1.979883773833E-04,2.262724312952E-04,
    2.545564852071E-04,2.82840539119E-04,3.111245930309E-04,
    3.394086469429E-04,3.676927008548E-04,3.959767547667E-04,
    4.242608086786E-04,4.525448625905E-04,4.808289165024E-04,
    5.091129704143E-04,5.373970243262E-04,5.656810782381E-04,
    5.9396513215E-04,6.222491860619E-04),.QUASI_UNIFORM_KNOTS.);
#11817 = CARTESIAN_POINT('',(3.14159265359,8.763742561515E-02));
#11818 = CARTESIAN_POINT('',(3.151099789086,8.660520083571E-02));
#11819 = CARTESIAN_POINT('',(3.17009447541,8.456275690536E-02));
#11820 = CARTESIAN_POINT('',(3.198534137113,8.156525681911E-02));
#11821 = CARTESIAN_POINT('',(3.226927903515,7.863407146578E-02));
#11822 = CARTESIAN_POINT('',(3.255281945182,7.576934976903E-02));
#11823 = CARTESIAN_POINT('',(3.283602264775,7.297124065252E-02));
#11824 = CARTESIAN_POINT('',(3.311894692688,7.023989303989E-02));
#11825 = CARTESIAN_POINT('',(3.340164921091,6.757545585483E-02));
#11826 = CARTESIAN_POINT('',(3.368418528771,6.497807802094E-02));
#11827 = CARTESIAN_POINT('',(3.396661009328,6.244790846192E-02));
#11828 = CARTESIAN_POINT('',(3.424897799134,5.99850961014E-02));
#11829 = CARTESIAN_POINT('',(3.453134305818,5.758978986305E-02));
#11830 = CARTESIAN_POINT('',(3.481375936863,5.526213867053E-02));
#11831 = CARTESIAN_POINT('',(3.509628128219,5.300229144747E-02));
#11832 = CARTESIAN_POINT('',(3.537896372765,5.081039711754E-02));
#11833 = CARTESIAN_POINT('',(3.566186248425,4.86866046044E-02));
#11834 = CARTESIAN_POINT('',(3.594503445877,4.663106283171E-02));
#11835 = CARTESIAN_POINT('',(3.622853795372,4.46439207231E-02));
#11836 = CARTESIAN_POINT('',(3.651243293588,4.272532720224E-02));
#11837 = CARTESIAN_POINT('',(3.67967812633,4.087543119281E-02));
#11838 = CARTESIAN_POINT('',(3.708164701849,3.909438161841E-02));
#11839 = CARTESIAN_POINT('',(3.736709638781,3.738232740273E-02));
#11840 = CARTESIAN_POINT('',(3.755783157467,3.628705411387E-02));
#11841 = CARTESIAN_POINT('',(3.765331953081,3.57509663371E-02));
#11842 = ( GEOMETRIC_REPRESENTATION_CONTEXT(2) 
PARAMETRIC_REPRESENTATION_CONTEXT() REPRESENTATION_CONTEXT('2D SPACE',''
  ) );
#11843 = PCURVE('',#4485,#11844);
#11844 = DEFINITIONAL_REPRESENTATION('',(#11845),#11871);
#11845 = B_SPLINE_CURVE_WITH_KNOTS('',3,(#11846,#11847,#11848,#11849,
    #11850,#11851,#11852,#11853,#11854,#11855,#11856,#11857,#11858,
    #11859,#11860,#11861,#11862,#11863,#11864,#11865,#11866,#11867,
    #11868,#11869,#11870),.UNSPECIFIED.,.F.,.F.,(4,1,1,1,1,1,1,1,1,1,1,1
    ,1,1,1,1,1,1,1,1,1,1,4),(0.,2.82840539119E-05,5.656810782381E-05,
    8.485216173571E-05,1.131362156476E-04,1.414202695595E-04,
    1.697043234714E-04,1.979883773833E-04,2.262724312952E-04,
    2.545564852071E-04,2.82840539119E-04,3.111245930309E-04,
    3.394086469429E-04,3.676927008548E-04,3.959767547667E-04,
    4.242608086786E-04,4.525448625905E-04,4.808289165024E-04,
    5.091129704143E-04,5.373970243262E-04,5.656810782381E-04,
    5.9396513215E-04,6.222491860619E-04),.QUASI_UNIFORM_KNOTS.);
#11846 = CARTESIAN_POINT('',(3.033442821911,28.));
#11847 = CARTESIAN_POINT('',(3.034080356978,28.));
#11848 = CARTESIAN_POINT('',(3.035353966035,27.999728921331));
#11849 = CARTESIAN_POINT('',(3.037258915152,27.998513858767));
#11850 = CARTESIAN_POINT('',(3.03915731882,27.99649514309));
#11851 = CARTESIAN_POINT('',(3.041048095147,27.993677565746));
#11852 = CARTESIAN_POINT('',(3.042930161693,27.990065918182));
#11853 = CARTESIAN_POINT('',(3.044802435427,27.985664991846));
#11854 = CARTESIAN_POINT('',(3.046663832795,27.980479578183));
#11855 = CARTESIAN_POINT('',(3.048513269754,27.974514468642));
#11856 = CARTESIAN_POINT('',(3.050349661817,27.967774454669));
#11857 = CARTESIAN_POINT('',(3.052171924093,27.960264327711));
#11858 = CARTESIAN_POINT('',(3.053978971328,27.951988879214));
#11859 = CARTESIAN_POINT('',(3.055769717942,27.942952900626));
#11860 = CARTESIAN_POINT('',(3.057543078068,27.933161183393));
#11861 = CARTESIAN_POINT('',(3.059297965589,27.922618518963));
#11862 = CARTESIAN_POINT('',(3.061033294168,27.911329698782));
#11863 = CARTESIAN_POINT('',(3.062747977278,27.899299514297));
#11864 = CARTESIAN_POINT('',(3.064440928237,27.886532756956));
#11865 = CARTESIAN_POINT('',(3.066111060228,27.873034218204));
#11866 = CARTESIAN_POINT('',(3.067757286324,27.858808689489));
#11867 = CARTESIAN_POINT('',(3.069378519507,27.843860962258));
#11868 = CARTESIAN_POINT('',(3.070973672693,27.828195827958));
#11869 = CARTESIAN_POINT('',(3.072018996709,27.817277328009));
#11870 = CARTESIAN_POINT('',(3.072536949667,27.811700107339));
#11871 = ( GEOMETRIC_REPRESENTATION_CONTEXT(2) 
PARAMETRIC_REPRESENTATION_CONTEXT() REPRESENTATION_CONTEXT('2D SPACE',''
  ) );
#11872 = ORIENTED_EDGE('',*,*,#11873,.T.);
#11873 = EDGE_CURVE('',#11806,#11874,#11876,.T.);
#11874 = VERTEX_POINT('',#11875);
#11875 = CARTESIAN_POINT('',(30.714249033663,20.590161405445,
    -2.188299892661));
#11876 = SURFACE_CURVE('',#11877,(#11881,#11888),.PCURVE_S1.);
#11877 = LINE('',#11878,#11879);
#11878 = CARTESIAN_POINT('',(-30.75,20.590161405445,-2.188299892661));
#11879 = VECTOR('',#11880,1.);
#11880 = DIRECTION('',(1.,-0.,-0.));
#11881 = PCURVE('',#11767,#11882);
#11882 = DEFINITIONAL_REPRESENTATION('',(#11883),#11887);
#11883 = LINE('',#11884,#11885);
#11884 = CARTESIAN_POINT('',(3.765331953081,0.));
#11885 = VECTOR('',#11886,1.);
#11886 = DIRECTION('',(0.,1.));
#11887 = ( GEOMETRIC_REPRESENTATION_CONTEXT(2) 
PARAMETRIC_REPRESENTATION_CONTEXT() REPRESENTATION_CONTEXT('2D SPACE',''
  ) );
#11888 = PCURVE('',#1209,#11889);
#11889 = DEFINITIONAL_REPRESENTATION('',(#11890),#11893);
#11890 = B_SPLINE_CURVE_WITH_KNOTS('',1,(#11891,#11892),.UNSPECIFIED.,
  .F.,.F.,(2,2),(3.57509663371E-02,61.464249033663),
  .PIECEWISE_BEZIER_KNOTS.);
#11891 = CARTESIAN_POINT('',(0.501393915946,5.8131652581E-04));
#11892 = CARTESIAN_POINT('',(0.501393915946,0.999418683474));
#11893 = ( GEOMETRIC_REPRESENTATION_CONTEXT(2) 
PARAMETRIC_REPRESENTATION_CONTEXT() REPRESENTATION_CONTEXT('2D SPACE',''
  ) );
#11894 = ORIENTED_EDGE('',*,*,#11895,.F.);
#11895 = EDGE_CURVE('',#11752,#11874,#11896,.T.);
#11896 = SURFACE_CURVE('',#11897,(#11902,#11931),.PCURVE_S1.);
#11897 = B_SPLINE_CURVE_WITH_KNOTS('',3,(#11898,#11899,#11900,#11901),
  .UNSPECIFIED.,.F.,.F.,(4,4),(0.,6.222491860619E-04),
  .PIECEWISE_BEZIER_KNOTS.);
#11898 = CARTESIAN_POINT('',(30.662362574385,21.174235832114,-2.));
#11899 = CARTESIAN_POINT('',(30.685071519533,20.965078423807,-2.));
#11900 = CARTESIAN_POINT('',(30.702455102574,20.76067849897,
    -2.065601037917));
#11901 = CARTESIAN_POINT('',(30.714249033663,20.590161405445,
    -2.188299892661));
#11902 = PCURVE('',#11767,#11903);
#11903 = DEFINITIONAL_REPRESENTATION('',(#11904),#11930);
#11904 = B_SPLINE_CURVE_WITH_KNOTS('',3,(#11905,#11906,#11907,#11908,
    #11909,#11910,#11911,#11912,#11913,#11914,#11915,#11916,#11917,
    #11918,#11919,#11920,#11921,#11922,#11923,#11924,#11925,#11926,
    #11927,#11928,#11929),.UNSPECIFIED.,.F.,.F.,(4,1,1,1,1,1,1,1,1,1,1,1
    ,1,1,1,1,1,1,1,1,1,1,4),(0.,2.82840539119E-05,5.656810782381E-05,
    8.485216173571E-05,1.131362156476E-04,1.414202695595E-04,
    1.697043234714E-04,1.979883773833E-04,2.262724312952E-04,
    2.545564852071E-04,2.82840539119E-04,3.111245930309E-04,
    3.394086469429E-04,3.676927008548E-04,3.959767547667E-04,
    4.242608086786E-04,4.525448625905E-04,4.808289165024E-04,
    5.091129704143E-04,5.373970243262E-04,5.656810782381E-04,
    5.9396513215E-04,6.222491860619E-04),.QUASI_UNIFORM_KNOTS.);
#11905 = CARTESIAN_POINT('',(3.14159265359,61.412362574385));
#11906 = CARTESIAN_POINT('',(3.151099789086,61.413394799164));
#11907 = CARTESIAN_POINT('',(3.17009447541,61.415437243095));
#11908 = CARTESIAN_POINT('',(3.198534137113,61.418434743181));
#11909 = CARTESIAN_POINT('',(3.226927903515,61.421365928534));
#11910 = CARTESIAN_POINT('',(3.255281945182,61.424230650231));
#11911 = CARTESIAN_POINT('',(3.283602264775,61.427028759347));
#11912 = CARTESIAN_POINT('',(3.311894692688,61.42976010696));
#11913 = CARTESIAN_POINT('',(3.340164921091,61.432424544145));
#11914 = CARTESIAN_POINT('',(3.368418528771,61.435021921979));
#11915 = CARTESIAN_POINT('',(3.396661009328,61.437552091538));
#11916 = CARTESIAN_POINT('',(3.424897799134,61.440014903899));
#11917 = CARTESIAN_POINT('',(3.453134305818,61.442410210137));
#11918 = CARTESIAN_POINT('',(3.481375936863,61.444737861329));
#11919 = CARTESIAN_POINT('',(3.509628128219,61.446997708553));
#11920 = CARTESIAN_POINT('',(3.537896372765,61.449189602882));
#11921 = CARTESIAN_POINT('',(3.566186248425,61.451313395396));
#11922 = CARTESIAN_POINT('',(3.594503445877,61.453368937168));
#11923 = CARTESIAN_POINT('',(3.622853795372,61.455356079277));
#11924 = CARTESIAN_POINT('',(3.651243293588,61.457274672798));
#11925 = CARTESIAN_POINT('',(3.67967812633,61.459124568807));
#11926 = CARTESIAN_POINT('',(3.708164701849,61.460905618382));
#11927 = CARTESIAN_POINT('',(3.736709638781,61.462617672597));
#11928 = CARTESIAN_POINT('',(3.755783157467,61.463712945886));
#11929 = CARTESIAN_POINT('',(3.765331953081,61.464249033663));
#11930 = ( GEOMETRIC_REPRESENTATION_CONTEXT(2) 
PARAMETRIC_REPRESENTATION_CONTEXT() REPRESENTATION_CONTEXT('2D SPACE',''
  ) );
#11931 = PCURVE('',#10805,#11932);
#11932 = DEFINITIONAL_REPRESENTATION('',(#11933),#11959);
#11933 = B_SPLINE_CURVE_WITH_KNOTS('',3,(#11934,#11935,#11936,#11937,
    #11938,#11939,#11940,#11941,#11942,#11943,#11944,#11945,#11946,
    #11947,#11948,#11949,#11950,#11951,#11952,#11953,#11954,#11955,
    #11956,#11957,#11958),.UNSPECIFIED.,.F.,.F.,(4,1,1,1,1,1,1,1,1,1,1,1
    ,1,1,1,1,1,1,1,1,1,1,4),(0.,2.82840539119E-05,5.656810782381E-05,
    8.485216173571E-05,1.131362156476E-04,1.414202695595E-04,
    1.697043234714E-04,1.979883773833E-04,2.262724312952E-04,
    2.545564852071E-04,2.82840539119E-04,3.111245930309E-04,
    3.394086469429E-04,3.676927008548E-04,3.959767547667E-04,
    4.242608086786E-04,4.525448625905E-04,4.808289165024E-04,
    5.091129704143E-04,5.373970243262E-04,5.656810782381E-04,
    5.9396513215E-04,6.222491860619E-04),.QUASI_UNIFORM_KNOTS.);
#11934 = CARTESIAN_POINT('',(0.108149831679,28.));
#11935 = CARTESIAN_POINT('',(0.107512296612,28.));
#11936 = CARTESIAN_POINT('',(0.106238687555,27.999728921331));
#11937 = CARTESIAN_POINT('',(0.104333738438,27.998513858767));
#11938 = CARTESIAN_POINT('',(0.102435334769,27.99649514309));
#11939 = CARTESIAN_POINT('',(0.100544558442,27.993677565746));
#11940 = CARTESIAN_POINT('',(9.86624918967E-02,27.990065918182));
#11941 = CARTESIAN_POINT('',(9.679021816262E-02,27.985664991846));
#11942 = CARTESIAN_POINT('',(9.492882079469E-02,27.980479578183));
#11943 = CARTESIAN_POINT('',(9.307938383562E-02,27.974514468642));
#11944 = CARTESIAN_POINT('',(9.124299177263E-02,27.967774454669));
#11945 = CARTESIAN_POINT('',(8.942072949667E-02,27.960264327711));
#11946 = CARTESIAN_POINT('',(8.761368226216E-02,27.951988879214));
#11947 = CARTESIAN_POINT('',(8.582293564822E-02,27.942952900626));
#11948 = CARTESIAN_POINT('',(8.404957552142E-02,27.933161183393));
#11949 = CARTESIAN_POINT('',(8.229468800032E-02,27.922618518963));
#11950 = CARTESIAN_POINT('',(8.055935942217E-02,27.911329698782));
#11951 = CARTESIAN_POINT('',(7.884467631176E-02,27.899299514297));
#11952 = CARTESIAN_POINT('',(7.715172535282E-02,27.886532756956));
#11953 = CARTESIAN_POINT('',(7.548159336215E-02,27.873034218204));
#11954 = CARTESIAN_POINT('',(7.383536726615E-02,27.858808689489));
#11955 = CARTESIAN_POINT('',(7.221413408242E-02,27.843860962258));
#11956 = CARTESIAN_POINT('',(7.061898089644E-02,27.828195827958));
#11957 = CARTESIAN_POINT('',(6.95736568804E-02,27.817277328009));
#11958 = CARTESIAN_POINT('',(6.905570392298E-02,27.811700107339));
#11959 = ( GEOMETRIC_REPRESENTATION_CONTEXT(2) 
PARAMETRIC_REPRESENTATION_CONTEXT() REPRESENTATION_CONTEXT('2D SPACE',''
  ) );
#11960 = ADVANCED_FACE('',(#11961,#11965,#11969),#2330,.F.);
#11961 = FACE_BOUND('',#11962,.T.);
#11962 = EDGE_LOOP('',(#11963,#11964));
#11963 = ORIENTED_EDGE('',*,*,#5894,.F.);
#11964 = ORIENTED_EDGE('',*,*,#2313,.F.);
#11965 = FACE_BOUND('',#11966,.T.);
#11966 = EDGE_LOOP('',(#11967,#11968));
#11967 = ORIENTED_EDGE('',*,*,#5862,.F.);
#11968 = ORIENTED_EDGE('',*,*,#2434,.F.);
#11969 = FACE_BOUND('',#11970,.T.);
#11970 = EDGE_LOOP('',(#11971,#11972,#11994,#12018));
#11971 = ORIENTED_EDGE('',*,*,#10643,.T.);
#11972 = ORIENTED_EDGE('',*,*,#11973,.F.);
#11973 = EDGE_CURVE('',#11974,#10570,#11976,.T.);
#11974 = VERTEX_POINT('',#11975);
#11975 = CARTESIAN_POINT('',(-29.09665715643,4.2,-8.3));
#11976 = SURFACE_CURVE('',#11977,(#11981,#11988),.PCURVE_S1.);
#11977 = LINE('',#11978,#11979);
#11978 = CARTESIAN_POINT('',(-30.75,4.2,-8.3));
#11979 = VECTOR('',#11980,1.);
#11980 = DIRECTION('',(1.,-0.,-0.));
#11981 = PCURVE('',#2330,#11982);
#11982 = DEFINITIONAL_REPRESENTATION('',(#11983),#11987);
#11983 = LINE('',#11984,#11985);
#11984 = CARTESIAN_POINT('',(0.,4.2));
#11985 = VECTOR('',#11986,1.);
#11986 = DIRECTION('',(-1.,0.));
#11987 = ( GEOMETRIC_REPRESENTATION_CONTEXT(2) 
PARAMETRIC_REPRESENTATION_CONTEXT() REPRESENTATION_CONTEXT('2D SPACE',''
  ) );
#11988 = PCURVE('',#1209,#11989);
#11989 = DEFINITIONAL_REPRESENTATION('',(#11990),#11993);
#11990 = B_SPLINE_CURVE_WITH_KNOTS('',1,(#11991,#11992),.UNSPECIFIED.,
  .F.,.F.,(2,2),(1.653342843562,59.846657156438),
  .PIECEWISE_BEZIER_KNOTS.);
#11991 = CARTESIAN_POINT('',(0.500154885705,2.688362347255E-02));
#11992 = CARTESIAN_POINT('',(0.500154885705,0.973116376527));
#11993 = ( GEOMETRIC_REPRESENTATION_CONTEXT(2) 
PARAMETRIC_REPRESENTATION_CONTEXT() REPRESENTATION_CONTEXT('2D SPACE',''
  ) );
#11994 = ORIENTED_EDGE('',*,*,#11995,.F.);
#11995 = EDGE_CURVE('',#11996,#11974,#11998,.T.);
#11996 = VERTEX_POINT('',#11997);
#11997 = CARTESIAN_POINT('',(-24.33257569495,0.,-8.3));
#11998 = SURFACE_CURVE('',#11999,(#12004,#12011),.PCURVE_S1.);
#11999 = CIRCLE('',#12000,11.);
#12000 = AXIS2_PLACEMENT_3D('',#12001,#12002,#12003);
#12001 = CARTESIAN_POINT('',(-19.75,10.,-8.3));
#12002 = DIRECTION('',(0.,0.,-1.));
#12003 = DIRECTION('',(-1.,0.,0.));
#12004 = PCURVE('',#2330,#12005);
#12005 = DEFINITIONAL_REPRESENTATION('',(#12006),#12010);
#12006 = CIRCLE('',#12007,11.);
#12007 = AXIS2_PLACEMENT_2D('',#12008,#12009);
#12008 = CARTESIAN_POINT('',(-11.,10.));
#12009 = DIRECTION('',(1.,0.));
#12010 = ( GEOMETRIC_REPRESENTATION_CONTEXT(2) 
PARAMETRIC_REPRESENTATION_CONTEXT() REPRESENTATION_CONTEXT('2D SPACE',''
  ) );
#12011 = PCURVE('',#4405,#12012);
#12012 = DEFINITIONAL_REPRESENTATION('',(#12013),#12017);
#12013 = LINE('',#12014,#12015);
#12014 = CARTESIAN_POINT('',(9.424777960769,21.7));
#12015 = VECTOR('',#12016,1.);
#12016 = DIRECTION('',(-1.,0.));
#12017 = ( GEOMETRIC_REPRESENTATION_CONTEXT(2) 
PARAMETRIC_REPRESENTATION_CONTEXT() REPRESENTATION_CONTEXT('2D SPACE',''
  ) );
#12018 = ORIENTED_EDGE('',*,*,#12019,.T.);
#12019 = EDGE_CURVE('',#11996,#10644,#12020,.T.);
#12020 = SURFACE_CURVE('',#12021,(#12025,#12032),.PCURVE_S1.);
#12021 = LINE('',#12022,#12023);
#12022 = CARTESIAN_POINT('',(-30.75,0.,-8.3));
#12023 = VECTOR('',#12024,1.);
#12024 = DIRECTION('',(1.,-0.,-0.));
#12025 = PCURVE('',#2330,#12026);
#12026 = DEFINITIONAL_REPRESENTATION('',(#12027),#12031);
#12027 = LINE('',#12028,#12029);
#12028 = CARTESIAN_POINT('',(0.,0.));
#12029 = VECTOR('',#12030,1.);
#12030 = DIRECTION('',(-1.,0.));
#12031 = ( GEOMETRIC_REPRESENTATION_CONTEXT(2) 
PARAMETRIC_REPRESENTATION_CONTEXT() REPRESENTATION_CONTEXT('2D SPACE',''
  ) );
#12032 = PCURVE('',#5949,#12033);
#12033 = DEFINITIONAL_REPRESENTATION('',(#12034),#12038);
#12034 = LINE('',#12035,#12036);
#12035 = CARTESIAN_POINT('',(2.,0.));
#12036 = VECTOR('',#12037,1.);
#12037 = DIRECTION('',(0.,1.));
#12038 = ( GEOMETRIC_REPRESENTATION_CONTEXT(2) 
PARAMETRIC_REPRESENTATION_CONTEXT() REPRESENTATION_CONTEXT('2D SPACE',''
  ) );
#12039 = ADVANCED_FACE('',(#12040),#5949,.F.);
#12040 = FACE_BOUND('',#12041,.T.);
#12041 = EDGE_LOOP('',(#12042,#12043,#12044,#12045,#12066,#12067,#12068,
    #12091,#12112,#12113,#12114,#12115,#12136,#12137,#12138,#12139,
    #12160,#12161,#12162,#12163,#12184,#12185,#12186,#12187,#12208,
    #12209,#12210,#12211,#12232,#12233,#12234,#12235,#12256,#12257,
    #12258,#12259));
#12042 = ORIENTED_EDGE('',*,*,#8039,.F.);
#12043 = ORIENTED_EDGE('',*,*,#6736,.F.);
#12044 = ORIENTED_EDGE('',*,*,#8159,.F.);
#12045 = ORIENTED_EDGE('',*,*,#12046,.T.);
#12046 = EDGE_CURVE('',#8160,#10672,#12047,.T.);
#12047 = SURFACE_CURVE('',#12048,(#12052,#12059),.PCURVE_S1.);
#12048 = LINE('',#12049,#12050);
#12049 = CARTESIAN_POINT('',(-40.,0.,-6.3));
#12050 = VECTOR('',#12051,1.);
#12051 = DIRECTION('',(1.,0.,0.));
#12052 = PCURVE('',#5949,#12053);
#12053 = DEFINITIONAL_REPRESENTATION('',(#12054),#12058);
#12054 = LINE('',#12055,#12056);
#12055 = CARTESIAN_POINT('',(0.,-9.25));
#12056 = VECTOR('',#12057,1.);
#12057 = DIRECTION('',(0.,1.));
#12058 = ( GEOMETRIC_REPRESENTATION_CONTEXT(2) 
PARAMETRIC_REPRESENTATION_CONTEXT() REPRESENTATION_CONTEXT('2D SPACE',''
  ) );
#12059 = PCURVE('',#6890,#12060);
#12060 = DEFINITIONAL_REPRESENTATION('',(#12061),#12065);
#12061 = LINE('',#12062,#12063);
#12062 = CARTESIAN_POINT('',(0.,1.));
#12063 = VECTOR('',#12064,1.);
#12064 = DIRECTION('',(1.,0.));
#12065 = ( GEOMETRIC_REPRESENTATION_CONTEXT(2) 
PARAMETRIC_REPRESENTATION_CONTEXT() REPRESENTATION_CONTEXT('2D SPACE',''
  ) );
#12066 = ORIENTED_EDGE('',*,*,#10671,.T.);
#12067 = ORIENTED_EDGE('',*,*,#12019,.F.);
#12068 = ORIENTED_EDGE('',*,*,#12069,.F.);
#12069 = EDGE_CURVE('',#12070,#11996,#12072,.T.);
#12070 = VERTEX_POINT('',#12071);
#12071 = CARTESIAN_POINT('',(-24.33257569495,0.,-6.3));
#12072 = SURFACE_CURVE('',#12073,(#12077,#12084),.PCURVE_S1.);
#12073 = LINE('',#12074,#12075);
#12074 = CARTESIAN_POINT('',(-24.33257569495,0.,-30.));
#12075 = VECTOR('',#12076,1.);
#12076 = DIRECTION('',(-0.,-0.,-1.));
#12077 = PCURVE('',#5949,#12078);
#12078 = DEFINITIONAL_REPRESENTATION('',(#12079),#12083);
#12079 = LINE('',#12080,#12081);
#12080 = CARTESIAN_POINT('',(23.7,6.417424305044));
#12081 = VECTOR('',#12082,1.);
#12082 = DIRECTION('',(1.,0.));
#12083 = ( GEOMETRIC_REPRESENTATION_CONTEXT(2) 
PARAMETRIC_REPRESENTATION_CONTEXT() REPRESENTATION_CONTEXT('2D SPACE',''
  ) );
#12084 = PCURVE('',#4405,#12085);
#12085 = DEFINITIONAL_REPRESENTATION('',(#12086),#12090);
#12086 = LINE('',#12087,#12088);
#12087 = CARTESIAN_POINT('',(4.282689314233,0.));
#12088 = VECTOR('',#12089,1.);
#12089 = DIRECTION('',(0.,-1.));
#12090 = ( GEOMETRIC_REPRESENTATION_CONTEXT(2) 
PARAMETRIC_REPRESENTATION_CONTEXT() REPRESENTATION_CONTEXT('2D SPACE',''
  ) );
#12091 = ORIENTED_EDGE('',*,*,#12092,.T.);
#12092 = EDGE_CURVE('',#12070,#6852,#12093,.T.);
#12093 = SURFACE_CURVE('',#12094,(#12098,#12105),.PCURVE_S1.);
#12094 = LINE('',#12095,#12096);
#12095 = CARTESIAN_POINT('',(-40.,0.,-6.3));
#12096 = VECTOR('',#12097,1.);
#12097 = DIRECTION('',(1.,0.,0.));
#12098 = PCURVE('',#5949,#12099);
#12099 = DEFINITIONAL_REPRESENTATION('',(#12100),#12104);
#12100 = LINE('',#12101,#12102);
#12101 = CARTESIAN_POINT('',(0.,-9.25));
#12102 = VECTOR('',#12103,1.);
#12103 = DIRECTION('',(0.,1.));
#12104 = ( GEOMETRIC_REPRESENTATION_CONTEXT(2) 
PARAMETRIC_REPRESENTATION_CONTEXT() REPRESENTATION_CONTEXT('2D SPACE',''
  ) );
#12105 = PCURVE('',#6890,#12106);
#12106 = DEFINITIONAL_REPRESENTATION('',(#12107),#12111);
#12107 = LINE('',#12108,#12109);
#12108 = CARTESIAN_POINT('',(0.,1.));
#12109 = VECTOR('',#12110,1.);
#12110 = DIRECTION('',(1.,0.));
#12111 = ( GEOMETRIC_REPRESENTATION_CONTEXT(2) 
PARAMETRIC_REPRESENTATION_CONTEXT() REPRESENTATION_CONTEXT('2D SPACE',''
  ) );
#12112 = ORIENTED_EDGE('',*,*,#6851,.F.);
#12113 = ORIENTED_EDGE('',*,*,#6621,.F.);
#12114 = ORIENTED_EDGE('',*,*,#6976,.F.);
#12115 = ORIENTED_EDGE('',*,*,#12116,.T.);
#12116 = EDGE_CURVE('',#6977,#7026,#12117,.T.);
#12117 = SURFACE_CURVE('',#12118,(#12122,#12129),.PCURVE_S1.);
#12118 = LINE('',#12119,#12120);
#12119 = CARTESIAN_POINT('',(-40.,0.,-6.3));
#12120 = VECTOR('',#12121,1.);
#12121 = DIRECTION('',(1.,0.,0.));
#12122 = PCURVE('',#5949,#12123);
#12123 = DEFINITIONAL_REPRESENTATION('',(#12124),#12128);
#12124 = LINE('',#12125,#12126);
#12125 = CARTESIAN_POINT('',(0.,-9.25));
#12126 = VECTOR('',#12127,1.);
#12127 = DIRECTION('',(0.,1.));
#12128 = ( GEOMETRIC_REPRESENTATION_CONTEXT(2) 
PARAMETRIC_REPRESENTATION_CONTEXT() REPRESENTATION_CONTEXT('2D SPACE',''
  ) );
#12129 = PCURVE('',#6890,#12130);
#12130 = DEFINITIONAL_REPRESENTATION('',(#12131),#12135);
#12131 = LINE('',#12132,#12133);
#12132 = CARTESIAN_POINT('',(0.,1.));
#12133 = VECTOR('',#12134,1.);
#12134 = DIRECTION('',(1.,0.));
#12135 = ( GEOMETRIC_REPRESENTATION_CONTEXT(2) 
PARAMETRIC_REPRESENTATION_CONTEXT() REPRESENTATION_CONTEXT('2D SPACE',''
  ) );
#12136 = ORIENTED_EDGE('',*,*,#7025,.F.);
#12137 = ORIENTED_EDGE('',*,*,#6506,.F.);
#12138 = ORIENTED_EDGE('',*,*,#7145,.F.);
#12139 = ORIENTED_EDGE('',*,*,#12140,.T.);
#12140 = EDGE_CURVE('',#7146,#7195,#12141,.T.);
#12141 = SURFACE_CURVE('',#12142,(#12146,#12153),.PCURVE_S1.);
#12142 = LINE('',#12143,#12144);
#12143 = CARTESIAN_POINT('',(-40.,0.,-6.3));
#12144 = VECTOR('',#12145,1.);
#12145 = DIRECTION('',(1.,0.,0.));
#12146 = PCURVE('',#5949,#12147);
#12147 = DEFINITIONAL_REPRESENTATION('',(#12148),#12152);
#12148 = LINE('',#12149,#12150);
#12149 = CARTESIAN_POINT('',(0.,-9.25));
#12150 = VECTOR('',#12151,1.);
#12151 = DIRECTION('',(0.,1.));
#12152 = ( GEOMETRIC_REPRESENTATION_CONTEXT(2) 
PARAMETRIC_REPRESENTATION_CONTEXT() REPRESENTATION_CONTEXT('2D SPACE',''
  ) );
#12153 = PCURVE('',#6890,#12154);
#12154 = DEFINITIONAL_REPRESENTATION('',(#12155),#12159);
#12155 = LINE('',#12156,#12157);
#12156 = CARTESIAN_POINT('',(0.,1.));
#12157 = VECTOR('',#12158,1.);
#12158 = DIRECTION('',(1.,0.));
#12159 = ( GEOMETRIC_REPRESENTATION_CONTEXT(2) 
PARAMETRIC_REPRESENTATION_CONTEXT() REPRESENTATION_CONTEXT('2D SPACE',''
  ) );
#12160 = ORIENTED_EDGE('',*,*,#7194,.F.);
#12161 = ORIENTED_EDGE('',*,*,#6391,.F.);
#12162 = ORIENTED_EDGE('',*,*,#7314,.F.);
#12163 = ORIENTED_EDGE('',*,*,#12164,.T.);
#12164 = EDGE_CURVE('',#7315,#7364,#12165,.T.);
#12165 = SURFACE_CURVE('',#12166,(#12170,#12177),.PCURVE_S1.);
#12166 = LINE('',#12167,#12168);
#12167 = CARTESIAN_POINT('',(-40.,0.,-6.3));
#12168 = VECTOR('',#12169,1.);
#12169 = DIRECTION('',(1.,0.,0.));
#12170 = PCURVE('',#5949,#12171);
#12171 = DEFINITIONAL_REPRESENTATION('',(#12172),#12176);
#12172 = LINE('',#12173,#12174);
#12173 = CARTESIAN_POINT('',(0.,-9.25));
#12174 = VECTOR('',#12175,1.);
#12175 = DIRECTION('',(0.,1.));
#12176 = ( GEOMETRIC_REPRESENTATION_CONTEXT(2) 
PARAMETRIC_REPRESENTATION_CONTEXT() REPRESENTATION_CONTEXT('2D SPACE',''
  ) );
#12177 = PCURVE('',#6890,#12178);
#12178 = DEFINITIONAL_REPRESENTATION('',(#12179),#12183);
#12179 = LINE('',#12180,#12181);
#12180 = CARTESIAN_POINT('',(0.,1.));
#12181 = VECTOR('',#12182,1.);
#12182 = DIRECTION('',(1.,0.));
#12183 = ( GEOMETRIC_REPRESENTATION_CONTEXT(2) 
PARAMETRIC_REPRESENTATION_CONTEXT() REPRESENTATION_CONTEXT('2D SPACE',''
  ) );
#12184 = ORIENTED_EDGE('',*,*,#7363,.F.);
#12185 = ORIENTED_EDGE('',*,*,#6276,.F.);
#12186 = ORIENTED_EDGE('',*,*,#7483,.F.);
#12187 = ORIENTED_EDGE('',*,*,#12188,.T.);
#12188 = EDGE_CURVE('',#7484,#7533,#12189,.T.);
#12189 = SURFACE_CURVE('',#12190,(#12194,#12201),.PCURVE_S1.);
#12190 = LINE('',#12191,#12192);
#12191 = CARTESIAN_POINT('',(-40.,0.,-6.3));
#12192 = VECTOR('',#12193,1.);
#12193 = DIRECTION('',(1.,0.,0.));
#12194 = PCURVE('',#5949,#12195);
#12195 = DEFINITIONAL_REPRESENTATION('',(#12196),#12200);
#12196 = LINE('',#12197,#12198);
#12197 = CARTESIAN_POINT('',(0.,-9.25));
#12198 = VECTOR('',#12199,1.);
#12199 = DIRECTION('',(0.,1.));
#12200 = ( GEOMETRIC_REPRESENTATION_CONTEXT(2) 
PARAMETRIC_REPRESENTATION_CONTEXT() REPRESENTATION_CONTEXT('2D SPACE',''
  ) );
#12201 = PCURVE('',#6890,#12202);
#12202 = DEFINITIONAL_REPRESENTATION('',(#12203),#12207);
#12203 = LINE('',#12204,#12205);
#12204 = CARTESIAN_POINT('',(0.,1.));
#12205 = VECTOR('',#12206,1.);
#12206 = DIRECTION('',(1.,0.));
#12207 = ( GEOMETRIC_REPRESENTATION_CONTEXT(2) 
PARAMETRIC_REPRESENTATION_CONTEXT() REPRESENTATION_CONTEXT('2D SPACE',''
  ) );
#12208 = ORIENTED_EDGE('',*,*,#7532,.F.);
#12209 = ORIENTED_EDGE('',*,*,#6161,.F.);
#12210 = ORIENTED_EDGE('',*,*,#7652,.F.);
#12211 = ORIENTED_EDGE('',*,*,#12212,.T.);
#12212 = EDGE_CURVE('',#7653,#7702,#12213,.T.);
#12213 = SURFACE_CURVE('',#12214,(#12218,#12225),.PCURVE_S1.);
#12214 = LINE('',#12215,#12216);
#12215 = CARTESIAN_POINT('',(-40.,0.,-6.3));
#12216 = VECTOR('',#12217,1.);
#12217 = DIRECTION('',(1.,0.,0.));
#12218 = PCURVE('',#5949,#12219);
#12219 = DEFINITIONAL_REPRESENTATION('',(#12220),#12224);
#12220 = LINE('',#12221,#12222);
#12221 = CARTESIAN_POINT('',(0.,-9.25));
#12222 = VECTOR('',#12223,1.);
#12223 = DIRECTION('',(0.,1.));
#12224 = ( GEOMETRIC_REPRESENTATION_CONTEXT(2) 
PARAMETRIC_REPRESENTATION_CONTEXT() REPRESENTATION_CONTEXT('2D SPACE',''
  ) );
#12225 = PCURVE('',#6890,#12226);
#12226 = DEFINITIONAL_REPRESENTATION('',(#12227),#12231);
#12227 = LINE('',#12228,#12229);
#12228 = CARTESIAN_POINT('',(0.,1.));
#12229 = VECTOR('',#12230,1.);
#12230 = DIRECTION('',(1.,0.));
#12231 = ( GEOMETRIC_REPRESENTATION_CONTEXT(2) 
PARAMETRIC_REPRESENTATION_CONTEXT() REPRESENTATION_CONTEXT('2D SPACE',''
  ) );
#12232 = ORIENTED_EDGE('',*,*,#7701,.F.);
#12233 = ORIENTED_EDGE('',*,*,#6046,.F.);
#12234 = ORIENTED_EDGE('',*,*,#7821,.F.);
#12235 = ORIENTED_EDGE('',*,*,#12236,.T.);
#12236 = EDGE_CURVE('',#7822,#7871,#12237,.T.);
#12237 = SURFACE_CURVE('',#12238,(#12242,#12249),.PCURVE_S1.);
#12238 = LINE('',#12239,#12240);
#12239 = CARTESIAN_POINT('',(-40.,0.,-6.3));
#12240 = VECTOR('',#12241,1.);
#12241 = DIRECTION('',(1.,0.,0.));
#12242 = PCURVE('',#5949,#12243);
#12243 = DEFINITIONAL_REPRESENTATION('',(#12244),#12248);
#12244 = LINE('',#12245,#12246);
#12245 = CARTESIAN_POINT('',(0.,-9.25));
#12246 = VECTOR('',#12247,1.);
#12247 = DIRECTION('',(0.,1.));
#12248 = ( GEOMETRIC_REPRESENTATION_CONTEXT(2) 
PARAMETRIC_REPRESENTATION_CONTEXT() REPRESENTATION_CONTEXT('2D SPACE',''
  ) );
#12249 = PCURVE('',#6890,#12250);
#12250 = DEFINITIONAL_REPRESENTATION('',(#12251),#12255);
#12251 = LINE('',#12252,#12253);
#12252 = CARTESIAN_POINT('',(0.,1.));
#12253 = VECTOR('',#12254,1.);
#12254 = DIRECTION('',(1.,0.));
#12255 = ( GEOMETRIC_REPRESENTATION_CONTEXT(2) 
PARAMETRIC_REPRESENTATION_CONTEXT() REPRESENTATION_CONTEXT('2D SPACE',''
  ) );
#12256 = ORIENTED_EDGE('',*,*,#7870,.F.);
#12257 = ORIENTED_EDGE('',*,*,#5926,.F.);
#12258 = ORIENTED_EDGE('',*,*,#7990,.F.);
#12259 = ORIENTED_EDGE('',*,*,#12260,.T.);
#12260 = EDGE_CURVE('',#7991,#8040,#12261,.T.);
#12261 = SURFACE_CURVE('',#12262,(#12266,#12273),.PCURVE_S1.);
#12262 = LINE('',#12263,#12264);
#12263 = CARTESIAN_POINT('',(-40.,0.,-6.3));
#12264 = VECTOR('',#12265,1.);
#12265 = DIRECTION('',(1.,0.,0.));
#12266 = PCURVE('',#5949,#12267);
#12267 = DEFINITIONAL_REPRESENTATION('',(#12268),#12272);
#12268 = LINE('',#12269,#12270);
#12269 = CARTESIAN_POINT('',(0.,-9.25));
#12270 = VECTOR('',#12271,1.);
#12271 = DIRECTION('',(0.,1.));
#12272 = ( GEOMETRIC_REPRESENTATION_CONTEXT(2) 
PARAMETRIC_REPRESENTATION_CONTEXT() REPRESENTATION_CONTEXT('2D SPACE',''
  ) );
#12273 = PCURVE('',#6890,#12274);
#12274 = DEFINITIONAL_REPRESENTATION('',(#12275),#12279);
#12275 = LINE('',#12276,#12277);
#12276 = CARTESIAN_POINT('',(0.,1.));
#12277 = VECTOR('',#12278,1.);
#12278 = DIRECTION('',(1.,0.));
#12279 = ( GEOMETRIC_REPRESENTATION_CONTEXT(2) 
PARAMETRIC_REPRESENTATION_CONTEXT() REPRESENTATION_CONTEXT('2D SPACE',''
  ) );
#12280 = ADVANCED_FACE('',(#12281),#6890,.T.);
#12281 = FACE_BOUND('',#12282,.T.);
#12282 = EDGE_LOOP('',(#12283,#12284,#12312,#12333,#12334,#12335,#12336,
    #12337,#12338,#12339,#12340,#12341,#12342,#12343,#12344,#12345,
    #12346,#12347,#12348,#12349,#12350,#12351,#12352,#12353,#12354,
    #12355,#12356,#12357,#12358,#12359,#12360,#12361,#12362,#12363,
    #12364,#12365,#12366,#12367,#12368,#12369));
#12283 = ORIENTED_EDGE('',*,*,#12092,.F.);
#12284 = ORIENTED_EDGE('',*,*,#12285,.F.);
#12285 = EDGE_CURVE('',#12286,#12070,#12288,.T.);
#12286 = VERTEX_POINT('',#12287);
#12287 = CARTESIAN_POINT('',(-19.75,-1.,-6.3));
#12288 = SURFACE_CURVE('',#12289,(#12294,#12305),.PCURVE_S1.);
#12289 = CIRCLE('',#12290,11.);
#12290 = AXIS2_PLACEMENT_3D('',#12291,#12292,#12293);
#12291 = CARTESIAN_POINT('',(-19.75,10.,-6.3));
#12292 = DIRECTION('',(0.,0.,-1.));
#12293 = DIRECTION('',(1.,0.,0.));
#12294 = PCURVE('',#6890,#12295);
#12295 = DEFINITIONAL_REPRESENTATION('',(#12296),#12304);
#12296 = ( BOUNDED_CURVE() B_SPLINE_CURVE(2,(#12297,#12298,#12299,#12300
    ,#12301,#12302,#12303),.UNSPECIFIED.,.T.,.F.) 
B_SPLINE_CURVE_WITH_KNOTS((1,2,2,2,2,1),(-2.094395102393,0.,
    2.094395102393,4.188790204786,6.28318530718,8.377580409573),
.UNSPECIFIED.) CURVE() GEOMETRIC_REPRESENTATION_ITEM() 
RATIONAL_B_SPLINE_CURVE((1.,0.5,1.,0.5,1.,0.5,1.)) REPRESENTATION_ITEM(
  '') );
#12297 = CARTESIAN_POINT('',(31.25,11.));
#12298 = CARTESIAN_POINT('',(31.25,-8.052558883258));
#12299 = CARTESIAN_POINT('',(14.75,1.473720558371));
#12300 = CARTESIAN_POINT('',(-1.75,11.));
#12301 = CARTESIAN_POINT('',(14.75,20.526279441629));
#12302 = CARTESIAN_POINT('',(31.25,30.052558883258));
#12303 = CARTESIAN_POINT('',(31.25,11.));
#12304 = ( GEOMETRIC_REPRESENTATION_CONTEXT(2) 
PARAMETRIC_REPRESENTATION_CONTEXT() REPRESENTATION_CONTEXT('2D SPACE',''
  ) );
#12305 = PCURVE('',#4405,#12306);
#12306 = DEFINITIONAL_REPRESENTATION('',(#12307),#12311);
#12307 = LINE('',#12308,#12309);
#12308 = CARTESIAN_POINT('',(6.28318530718,23.7));
#12309 = VECTOR('',#12310,1.);
#12310 = DIRECTION('',(-1.,0.));
#12311 = ( GEOMETRIC_REPRESENTATION_CONTEXT(2) 
PARAMETRIC_REPRESENTATION_CONTEXT() REPRESENTATION_CONTEXT('2D SPACE',''
  ) );
#12312 = ORIENTED_EDGE('',*,*,#12313,.T.);
#12313 = EDGE_CURVE('',#12286,#9791,#12314,.T.);
#12314 = SURFACE_CURVE('',#12315,(#12319,#12326),.PCURVE_S1.);
#12315 = LINE('',#12316,#12317);
#12316 = CARTESIAN_POINT('',(-40.,-1.,-6.3));
#12317 = VECTOR('',#12318,1.);
#12318 = DIRECTION('',(1.,0.,0.));
#12319 = PCURVE('',#6890,#12320);
#12320 = DEFINITIONAL_REPRESENTATION('',(#12321),#12325);
#12321 = LINE('',#12322,#12323);
#12322 = CARTESIAN_POINT('',(0.,0.));
#12323 = VECTOR('',#12324,1.);
#12324 = DIRECTION('',(1.,0.));
#12325 = ( GEOMETRIC_REPRESENTATION_CONTEXT(2) 
PARAMETRIC_REPRESENTATION_CONTEXT() REPRESENTATION_CONTEXT('2D SPACE',''
  ) );
#12326 = PCURVE('',#4239,#12327);
#12327 = DEFINITIONAL_REPRESENTATION('',(#12328),#12332);
#12328 = LINE('',#12329,#12330);
#12329 = CARTESIAN_POINT('',(0.,0.));
#12330 = VECTOR('',#12331,1.);
#12331 = DIRECTION('',(0.,1.));
#12332 = ( GEOMETRIC_REPRESENTATION_CONTEXT(2) 
PARAMETRIC_REPRESENTATION_CONTEXT() REPRESENTATION_CONTEXT('2D SPACE',''
  ) );
#12333 = ORIENTED_EDGE('',*,*,#9790,.F.);
#12334 = ORIENTED_EDGE('',*,*,#8271,.T.);
#12335 = ORIENTED_EDGE('',*,*,#10073,.T.);
#12336 = ORIENTED_EDGE('',*,*,#10416,.T.);
#12337 = ORIENTED_EDGE('',*,*,#10694,.T.);
#12338 = ORIENTED_EDGE('',*,*,#12046,.F.);
#12339 = ORIENTED_EDGE('',*,*,#8184,.F.);
#12340 = ORIENTED_EDGE('',*,*,#8111,.F.);
#12341 = ORIENTED_EDGE('',*,*,#8062,.T.);
#12342 = ORIENTED_EDGE('',*,*,#12260,.F.);
#12343 = ORIENTED_EDGE('',*,*,#8015,.F.);
#12344 = ORIENTED_EDGE('',*,*,#7942,.F.);
#12345 = ORIENTED_EDGE('',*,*,#7893,.T.);
#12346 = ORIENTED_EDGE('',*,*,#12236,.F.);
#12347 = ORIENTED_EDGE('',*,*,#7846,.F.);
#12348 = ORIENTED_EDGE('',*,*,#7773,.F.);
#12349 = ORIENTED_EDGE('',*,*,#7724,.T.);
#12350 = ORIENTED_EDGE('',*,*,#12212,.F.);
#12351 = ORIENTED_EDGE('',*,*,#7677,.F.);
#12352 = ORIENTED_EDGE('',*,*,#7604,.F.);
#12353 = ORIENTED_EDGE('',*,*,#7555,.T.);
#12354 = ORIENTED_EDGE('',*,*,#12188,.F.);
#12355 = ORIENTED_EDGE('',*,*,#7508,.F.);
#12356 = ORIENTED_EDGE('',*,*,#7435,.F.);
#12357 = ORIENTED_EDGE('',*,*,#7386,.T.);
#12358 = ORIENTED_EDGE('',*,*,#12164,.F.);
#12359 = ORIENTED_EDGE('',*,*,#7339,.F.);
#12360 = ORIENTED_EDGE('',*,*,#7266,.F.);
#12361 = ORIENTED_EDGE('',*,*,#7217,.T.);
#12362 = ORIENTED_EDGE('',*,*,#12140,.F.);
#12363 = ORIENTED_EDGE('',*,*,#7170,.F.);
#12364 = ORIENTED_EDGE('',*,*,#7098,.F.);
#12365 = ORIENTED_EDGE('',*,*,#7048,.T.);
#12366 = ORIENTED_EDGE('',*,*,#12116,.F.);
#12367 = ORIENTED_EDGE('',*,*,#7001,.F.);
#12368 = ORIENTED_EDGE('',*,*,#6928,.F.);
#12369 = ORIENTED_EDGE('',*,*,#6874,.T.);
#12370 = ADVANCED_FACE('',(#12371),#4239,.T.);
#12371 = FACE_BOUND('',#12372,.T.);
#12372 = EDGE_LOOP('',(#12373,#12396,#12397,#12418,#12419,#12420,#12421,
    #12444));
#12373 = ORIENTED_EDGE('',*,*,#12374,.T.);
#12374 = EDGE_CURVE('',#12375,#4224,#12377,.T.);
#12375 = VERTEX_POINT('',#12376);
#12376 = CARTESIAN_POINT('',(-15.,-1.,-20.3));
#12377 = SURFACE_CURVE('',#12378,(#12382,#12389),.PCURVE_S1.);
#12378 = LINE('',#12379,#12380);
#12379 = CARTESIAN_POINT('',(-15.,-1.,-20.3));
#12380 = VECTOR('',#12381,1.);
#12381 = DIRECTION('',(0.,0.,-1.));
#12382 = PCURVE('',#4239,#12383);
#12383 = DEFINITIONAL_REPRESENTATION('',(#12384),#12388);
#12384 = LINE('',#12385,#12386);
#12385 = CARTESIAN_POINT('',(14.,25.));
#12386 = VECTOR('',#12387,1.);
#12387 = DIRECTION('',(1.,0.));
#12388 = ( GEOMETRIC_REPRESENTATION_CONTEXT(2) 
PARAMETRIC_REPRESENTATION_CONTEXT() REPRESENTATION_CONTEXT('2D SPACE',''
  ) );
#12389 = PCURVE('',#4267,#12390);
#12390 = DEFINITIONAL_REPRESENTATION('',(#12391),#12395);
#12391 = LINE('',#12392,#12393);
#12392 = CARTESIAN_POINT('',(0.,-1.998401444325E-15));
#12393 = VECTOR('',#12394,1.);
#12394 = DIRECTION('',(1.,0.));
#12395 = ( GEOMETRIC_REPRESENTATION_CONTEXT(2) 
PARAMETRIC_REPRESENTATION_CONTEXT() REPRESENTATION_CONTEXT('2D SPACE',''
  ) );
#12396 = ORIENTED_EDGE('',*,*,#4223,.T.);
#12397 = ORIENTED_EDGE('',*,*,#12398,.F.);
#12398 = EDGE_CURVE('',#9842,#4196,#12399,.T.);
#12399 = SURFACE_CURVE('',#12400,(#12404,#12411),.PCURVE_S1.);
#12400 = LINE('',#12401,#12402);
#12401 = CARTESIAN_POINT('',(-10.,-1.,-6.3));
#12402 = VECTOR('',#12403,1.);
#12403 = DIRECTION('',(0.,0.,-1.));
#12404 = PCURVE('',#4239,#12405);
#12405 = DEFINITIONAL_REPRESENTATION('',(#12406),#12410);
#12406 = LINE('',#12407,#12408);
#12407 = CARTESIAN_POINT('',(0.,30.));
#12408 = VECTOR('',#12409,1.);
#12409 = DIRECTION('',(1.,0.));
#12410 = ( GEOMETRIC_REPRESENTATION_CONTEXT(2) 
PARAMETRIC_REPRESENTATION_CONTEXT() REPRESENTATION_CONTEXT('2D SPACE',''
  ) );
#12411 = PCURVE('',#742,#12412);
#12412 = DEFINITIONAL_REPRESENTATION('',(#12413),#12417);
#12413 = LINE('',#12414,#12415);
#12414 = CARTESIAN_POINT('',(0.,12.));
#12415 = VECTOR('',#12416,1.);
#12416 = DIRECTION('',(1.,0.));
#12417 = ( GEOMETRIC_REPRESENTATION_CONTEXT(2) 
PARAMETRIC_REPRESENTATION_CONTEXT() REPRESENTATION_CONTEXT('2D SPACE',''
  ) );
#12418 = ORIENTED_EDGE('',*,*,#9866,.F.);
#12419 = ORIENTED_EDGE('',*,*,#9813,.F.);
#12420 = ORIENTED_EDGE('',*,*,#12313,.F.);
#12421 = ORIENTED_EDGE('',*,*,#12422,.F.);
#12422 = EDGE_CURVE('',#12423,#12286,#12425,.T.);
#12423 = VERTEX_POINT('',#12424);
#12424 = CARTESIAN_POINT('',(-19.75,-1.,-20.29999999988));
#12425 = SURFACE_CURVE('',#12426,(#12430,#12437),.PCURVE_S1.);
#12426 = LINE('',#12427,#12428);
#12427 = CARTESIAN_POINT('',(-19.75,-1.,-30.));
#12428 = VECTOR('',#12429,1.);
#12429 = DIRECTION('',(0.,0.,1.));
#12430 = PCURVE('',#4239,#12431);
#12431 = DEFINITIONAL_REPRESENTATION('',(#12432),#12436);
#12432 = LINE('',#12433,#12434);
#12433 = CARTESIAN_POINT('',(23.7,20.25));
#12434 = VECTOR('',#12435,1.);
#12435 = DIRECTION('',(-1.,0.));
#12436 = ( GEOMETRIC_REPRESENTATION_CONTEXT(2) 
PARAMETRIC_REPRESENTATION_CONTEXT() REPRESENTATION_CONTEXT('2D SPACE',''
  ) );
#12437 = PCURVE('',#4405,#12438);
#12438 = DEFINITIONAL_REPRESENTATION('',(#12439),#12443);
#12439 = LINE('',#12440,#12441);
#12440 = CARTESIAN_POINT('',(4.712388980385,0.));
#12441 = VECTOR('',#12442,1.);
#12442 = DIRECTION('',(0.,1.));
#12443 = ( GEOMETRIC_REPRESENTATION_CONTEXT(2) 
PARAMETRIC_REPRESENTATION_CONTEXT() REPRESENTATION_CONTEXT('2D SPACE',''
  ) );
#12444 = ORIENTED_EDGE('',*,*,#12445,.F.);
#12445 = EDGE_CURVE('',#12375,#12423,#12446,.T.);
#12446 = SURFACE_CURVE('',#12447,(#12451,#12458),.PCURVE_S1.);
#12447 = LINE('',#12448,#12449);
#12448 = CARTESIAN_POINT('',(-30.76,-1.,-20.3));
#12449 = VECTOR('',#12450,1.);
#12450 = DIRECTION('',(-1.,-5.021567956775E-16,-3.261044360887E-16));
#12451 = PCURVE('',#4239,#12452);
#12452 = DEFINITIONAL_REPRESENTATION('',(#12453),#12457);
#12453 = LINE('',#12454,#12455);
#12454 = CARTESIAN_POINT('',(14.,9.24));
#12455 = VECTOR('',#12456,1.);
#12456 = DIRECTION('',(3.261044360887E-16,-1.));
#12457 = ( GEOMETRIC_REPRESENTATION_CONTEXT(2) 
PARAMETRIC_REPRESENTATION_CONTEXT() REPRESENTATION_CONTEXT('2D SPACE',''
  ) );
#12458 = PCURVE('',#12459,#12464);
#12459 = PLANE('',#12460);
#12460 = AXIS2_PLACEMENT_3D('',#12461,#12462,#12463);
#12461 = CARTESIAN_POINT('',(-23.19415089127,1.685084207392,
    -18.55628592722));
#12462 = DIRECTION('',(1.01871968536E-16,-0.544639035015,0.838670567945)
  );
#12463 = DIRECTION('',(-1.232595164408E-32,-0.838670567945,
    -0.544639035015));
#12464 = DEFINITIONAL_REPRESENTATION('',(#12465),#12469);
#12465 = LINE('',#12466,#12467);
#12466 = CARTESIAN_POINT('',(3.201595847133,-7.565849108729));
#12467 = VECTOR('',#12468,1.);
#12468 = DIRECTION('',(5.98753330414E-16,-1.));
#12469 = ( GEOMETRIC_REPRESENTATION_CONTEXT(2) 
PARAMETRIC_REPRESENTATION_CONTEXT() REPRESENTATION_CONTEXT('2D SPACE',''
  ) );
#12470 = ADVANCED_FACE('',(#12471),#4485,.T.);
#12471 = FACE_BOUND('',#12472,.T.);
#12472 = EDGE_LOOP('',(#12473,#12518,#12519,#12542,#12608,#12609,#12610,
    #12611));
#12473 = ORIENTED_EDGE('',*,*,#12474,.T.);
#12474 = EDGE_CURVE('',#11266,#4468,#12475,.T.);
#12475 = SURFACE_CURVE('',#12476,(#12481,#12510),.PCURVE_S1.);
#12476 = ( BOUNDED_CURVE() B_SPLINE_CURVE(3,(#12477,#12478,#12479,#12480
),.UNSPECIFIED.,.F.,.F.) B_SPLINE_CURVE_WITH_KNOTS((4,4),(4.219310741769
,4.268276374972),.PIECEWISE_BEZIER_KNOTS.) CURVE() 
GEOMETRIC_REPRESENTATION_ITEM() RATIONAL_B_SPLINE_CURVE((1.,
0.999800207211,0.999800207211,1.)) REPRESENTATION_ITEM('') );
#12477 = CARTESIAN_POINT('',(-28.96319972734,26.655244192086,
    -9.774982557804));
#12478 = CARTESIAN_POINT('',(-29.07909819314,26.439558413706,
    -9.442855584483));
#12479 = CARTESIAN_POINT('',(-29.1896818576,26.221100036602,
    -9.106459183529));
#12480 = CARTESIAN_POINT('',(-29.29488443924,26.,-8.765994983667));
#12481 = PCURVE('',#4485,#12482);
#12482 = DEFINITIONAL_REPRESENTATION('',(#12483),#12509);
#12483 = B_SPLINE_CURVE_WITH_KNOTS('',3,(#12484,#12485,#12486,#12487,
    #12488,#12489,#12490,#12491,#12492,#12493,#12494,#12495,#12496,
    #12497,#12498,#12499,#12500,#12501,#12502,#12503,#12504,#12505,
    #12506,#12507,#12508),.UNSPECIFIED.,.F.,.F.,(4,1,1,1,1,1,1,1,1,1,1,1
    ,1,1,1,1,1,1,1,1,1,1,4),(4.219310741769,4.221536452369,4.22376216297
    ,4.22598787357,4.22821358417,4.23043929477,4.23266500537,
    4.23489071597,4.23711642657,4.23934213717,4.24156784777,
    4.243793558371,4.246019268971,4.248244979571,4.250470690171,
    4.252696400771,4.254922111371,4.257147821971,4.259373532571,
    4.261599243171,4.263824953772,4.266050664372,4.268276374972),
  .QUASI_UNIFORM_KNOTS.);
#12484 = CARTESIAN_POINT('',(2.648514414974,20.225017442196));
#12485 = CARTESIAN_POINT('',(2.649256244393,20.240111106523));
#12486 = CARTESIAN_POINT('',(2.65073992344,20.270316896621));
#12487 = CARTESIAN_POINT('',(2.652965497135,20.315680632818));
#12488 = CARTESIAN_POINT('',(2.655191120443,20.361099087107));
#12489 = CARTESIAN_POINT('',(2.657416787853,20.406571925374));
#12490 = CARTESIAN_POINT('',(2.659642493854,20.452098812754));
#12491 = CARTESIAN_POINT('',(2.661868232935,20.497679413534));
#12492 = CARTESIAN_POINT('',(2.664093999582,20.543313391186));
#12493 = CARTESIAN_POINT('',(2.666319788283,20.589000408372));
#12494 = CARTESIAN_POINT('',(2.668545593524,20.634740126954));
#12495 = CARTESIAN_POINT('',(2.670771409793,20.680532207998));
#12496 = CARTESIAN_POINT('',(2.672997231576,20.726376311788));
#12497 = CARTESIAN_POINT('',(2.675223053358,20.772272097828));
#12498 = CARTESIAN_POINT('',(2.677448869627,20.818219224856));
#12499 = CARTESIAN_POINT('',(2.679674674869,20.864217350851));
#12500 = CARTESIAN_POINT('',(2.68190046357,20.910266133039));
#12501 = CARTESIAN_POINT('',(2.684126230217,20.956365227904));
#12502 = CARTESIAN_POINT('',(2.686351969297,21.002514291197));
#12503 = CARTESIAN_POINT('',(2.688577675298,21.04871297794));
#12504 = CARTESIAN_POINT('',(2.690803342709,21.094960942444));
#12505 = CARTESIAN_POINT('',(2.693028966016,21.141257838295));
#12506 = CARTESIAN_POINT('',(2.695254539711,21.187603318446));
#12507 = CARTESIAN_POINT('',(2.696738218759,21.21853246275));
#12508 = CARTESIAN_POINT('',(2.697480048177,21.234005016333));
#12509 = ( GEOMETRIC_REPRESENTATION_CONTEXT(2) 
PARAMETRIC_REPRESENTATION_CONTEXT() REPRESENTATION_CONTEXT('2D SPACE',''
  ) );
#12510 = PCURVE('',#4533,#12511);
#12511 = DEFINITIONAL_REPRESENTATION('',(#12512),#12517);
#12512 = ( BOUNDED_CURVE() B_SPLINE_CURVE(3,(#12513,#12514,#12515,#12516
),.UNSPECIFIED.,.F.,.F.) B_SPLINE_CURVE_WITH_KNOTS((4,4),(4.219310741769
,4.268276374972),.PIECEWISE_BEZIER_KNOTS.) CURVE() 
GEOMETRIC_REPRESENTATION_ITEM() RATIONAL_B_SPLINE_CURVE((1.,
0.999800207211,0.999800207211,1.)) REPRESENTATION_ITEM('') );
#12513 = CARTESIAN_POINT('',(1.203079746328,1.796800272654));
#12514 = CARTESIAN_POINT('',(0.80706373478,1.680901806852));
#12515 = CARTESIAN_POINT('',(0.40595701444,1.570318142399));
#12516 = CARTESIAN_POINT('',(0.,1.465115560751));
#12517 = ( GEOMETRIC_REPRESENTATION_CONTEXT(2) 
PARAMETRIC_REPRESENTATION_CONTEXT() REPRESENTATION_CONTEXT('2D SPACE',''
  ) );
#12518 = ORIENTED_EDGE('',*,*,#4467,.T.);
#12519 = ORIENTED_EDGE('',*,*,#12520,.T.);
#12520 = EDGE_CURVE('',#4440,#12521,#12523,.T.);
#12521 = VERTEX_POINT('',#12522);
#12522 = CARTESIAN_POINT('',(-30.75,19.555148913475,-2.911877845549));
#12523 = SURFACE_CURVE('',#12524,(#12528,#12535),.PCURVE_S1.);
#12524 = LINE('',#12525,#12526);
#12525 = CARTESIAN_POINT('',(-30.75,19.555148913482,-30.));
#12526 = VECTOR('',#12527,1.);
#12527 = DIRECTION('',(0.,0.,1.));
#12528 = PCURVE('',#4485,#12529);
#12529 = DEFINITIONAL_REPRESENTATION('',(#12530),#12534);
#12530 = LINE('',#12531,#12532);
#12531 = CARTESIAN_POINT('',(3.14159265359,0.));
#12532 = VECTOR('',#12533,1.);
#12533 = DIRECTION('',(0.,1.));
#12534 = ( GEOMETRIC_REPRESENTATION_CONTEXT(2) 
PARAMETRIC_REPRESENTATION_CONTEXT() REPRESENTATION_CONTEXT('2D SPACE',''
  ) );
#12535 = PCURVE('',#4455,#12536);
#12536 = DEFINITIONAL_REPRESENTATION('',(#12537),#12541);
#12537 = LINE('',#12538,#12539);
#12538 = CARTESIAN_POINT('',(0.,9.555148913482));
#12539 = VECTOR('',#12540,1.);
#12540 = DIRECTION('',(-1.,0.));
#12541 = ( GEOMETRIC_REPRESENTATION_CONTEXT(2) 
PARAMETRIC_REPRESENTATION_CONTEXT() REPRESENTATION_CONTEXT('2D SPACE',''
  ) );
#12542 = ORIENTED_EDGE('',*,*,#12543,.F.);
#12543 = EDGE_CURVE('',#11806,#12521,#12544,.T.);
#12544 = SURFACE_CURVE('',#12545,(#12550,#12579),.PCURVE_S1.);
#12545 = B_SPLINE_CURVE_WITH_KNOTS('',3,(#12546,#12547,#12548,#12549),
  .UNSPECIFIED.,.F.,.F.,(4,4),(1.372935325578E-14,1.263366155977E-03),
  .PIECEWISE_BEZIER_KNOTS.);
#12546 = CARTESIAN_POINT('',(-30.71424903366,20.590161405445,
    -2.188299892661));
#12547 = CARTESIAN_POINT('',(-30.73786570736,20.248710660291,
    -2.433997321322));
#12548 = CARTESIAN_POINT('',(-30.75,19.903795143119,-2.675306036847));
#12549 = CARTESIAN_POINT('',(-30.75,19.555148913475,-2.911877845549));
#12550 = PCURVE('',#4485,#12551);
#12551 = DEFINITIONAL_REPRESENTATION('',(#12552),#12578);
#12552 = B_SPLINE_CURVE_WITH_KNOTS('',3,(#12553,#12554,#12555,#12556,
    #12557,#12558,#12559,#12560,#12561,#12562,#12563,#12564,#12565,
    #12566,#12567,#12568,#12569,#12570,#12571,#12572,#12573,#12574,
    #12575,#12576,#12577),.UNSPECIFIED.,.F.,.F.,(4,1,1,1,1,1,1,1,1,1,1,1
    ,1,1,1,1,1,1,1,1,1,1,4),(1.372935325578E-14,5.742573437569E-05,
    1.148514687376E-04,1.722772030996E-04,2.297029374616E-04,
    2.871286718235E-04,3.445544061855E-04,4.019801405474E-04,
    4.594058749094E-04,5.168316092714E-04,5.742573436333E-04,
    6.316830779953E-04,6.891088123572E-04,7.465345467192E-04,
    8.039602810811E-04,8.613860154431E-04,9.188117498051E-04,
    9.76237484167E-04,1.033663218529E-03,1.091088952891E-03,
    1.148514687253E-03,1.205940421615E-03,1.263366155977E-03),
  .QUASI_UNIFORM_KNOTS.);
#12553 = CARTESIAN_POINT('',(3.072536949667,27.811700107339));
#12554 = CARTESIAN_POINT('',(3.073574120901,27.8005320424));
#12555 = CARTESIAN_POINT('',(3.075649197258,27.7782140477));
#12556 = CARTESIAN_POINT('',(3.078764051988,27.744791657387));
#12557 = CARTESIAN_POINT('',(3.081881185377,27.711424065013));
#12558 = CARTESIAN_POINT('',(3.085000636136,27.678111466781));
#12559 = CARTESIAN_POINT('',(3.088122443133,27.644854058893));
#12560 = CARTESIAN_POINT('',(3.091246645417,27.611652037551));
#12561 = CARTESIAN_POINT('',(3.094373282208,27.578505598958));
#12562 = CARTESIAN_POINT('',(3.097502392894,27.545414939316));
#12563 = CARTESIAN_POINT('',(3.100634017031,27.512380254827));
#12564 = CARTESIAN_POINT('',(3.10376819434,27.479401741693));
#12565 = CARTESIAN_POINT('',(3.106904964701,27.446479596117));
#12566 = CARTESIAN_POINT('',(3.110044368155,27.413614014301));
#12567 = CARTESIAN_POINT('',(3.113186444898,27.380805192448));
#12568 = CARTESIAN_POINT('',(3.11633123528,27.348053326759));
#12569 = CARTESIAN_POINT('',(3.119478779802,27.315358613437));
#12570 = CARTESIAN_POINT('',(3.122629119112,27.282721248684));
#12571 = CARTESIAN_POINT('',(3.125782294002,27.250141428704));
#12572 = CARTESIAN_POINT('',(3.128938345409,27.217619349696));
#12573 = CARTESIAN_POINT('',(3.132097314406,27.185155207866));
#12574 = CARTESIAN_POINT('',(3.135259242208,27.152749199413));
#12575 = CARTESIAN_POINT('',(3.138424170148,27.120401520542));
#12576 = CARTESIAN_POINT('',(3.140536149875,27.098875418483));
#12577 = CARTESIAN_POINT('',(3.14159265359,27.088122154451));
#12578 = ( GEOMETRIC_REPRESENTATION_CONTEXT(2) 
PARAMETRIC_REPRESENTATION_CONTEXT() REPRESENTATION_CONTEXT('2D SPACE',''
  ) );
#12579 = PCURVE('',#1209,#12580);
#12580 = DEFINITIONAL_REPRESENTATION('',(#12581),#12607);
#12581 = B_SPLINE_CURVE_WITH_KNOTS('',3,(#12582,#12583,#12584,#12585,
    #12586,#12587,#12588,#12589,#12590,#12591,#12592,#12593,#12594,
    #12595,#12596,#12597,#12598,#12599,#12600,#12601,#12602,#12603,
    #12604,#12605,#12606),.UNSPECIFIED.,.F.,.F.,(4,1,1,1,1,1,1,1,1,1,1,1
    ,1,1,1,1,1,1,1,1,1,1,4),(1.372935325578E-14,5.742573437569E-05,
    1.148514687376E-04,1.722772030996E-04,2.297029374616E-04,
    2.871286718235E-04,3.445544061855E-04,4.019801405474E-04,
    4.594058749094E-04,5.168316092714E-04,5.742573436333E-04,
    6.316830779953E-04,6.891088123572E-04,7.465345467192E-04,
    8.039602810811E-04,8.613860154431E-04,9.188117498051E-04,
    9.76237484167E-04,1.033663218529E-03,1.091088952891E-03,
    1.148514687253E-03,1.205940421615E-03,1.263366155977E-03),
  .QUASI_UNIFORM_KNOTS.);
#12582 = CARTESIAN_POINT('',(0.501393915946,5.8131652581E-04));
#12583 = CARTESIAN_POINT('',(0.501392783891,5.638614824232E-04));
#12584 = CARTESIAN_POINT('',(0.501390518516,5.297229054976E-04));
#12585 = CARTESIAN_POINT('',(0.501387116652,4.80835542712E-04));
#12586 = CARTESIAN_POINT('',(0.501383710974,4.342746555875E-04));
#12587 = CARTESIAN_POINT('',(0.501380301468,3.900462171828E-04));
#12588 = CARTESIAN_POINT('',(0.501376888122,3.481562005565E-04));
#12589 = CARTESIAN_POINT('',(0.501373470924,3.086105787676E-04));
#12590 = CARTESIAN_POINT('',(0.50137004986,2.714153248744E-04));
#12591 = CARTESIAN_POINT('',(0.501366624918,2.365764119356E-04));
#12592 = CARTESIAN_POINT('',(0.501363196083,2.040998130102E-04));
#12593 = CARTESIAN_POINT('',(0.501359763345,1.739915011564E-04));
#12594 = CARTESIAN_POINT('',(0.501356326688,1.462574494331E-04));
#12595 = CARTESIAN_POINT('',(0.501352886101,1.209036308989E-04));
#12596 = CARTESIAN_POINT('',(0.501349441569,9.793601861254E-05));
#12597 = CARTESIAN_POINT('',(0.501345993079,7.736058563246E-05));
#12598 = CARTESIAN_POINT('',(0.501342540619,5.918330501802E-05));
#12599 = CARTESIAN_POINT('',(0.501339084173,4.341014982687E-05));
#12600 = CARTESIAN_POINT('',(0.50133562373,3.004709311837E-05));
#12601 = CARTESIAN_POINT('',(0.501332159274,1.910010795051E-05));
#12602 = CARTESIAN_POINT('',(0.501328690793,1.057516738303E-05));
#12603 = CARTESIAN_POINT('',(0.501325218273,4.478244473186E-06));
#12604 = CARTESIAN_POINT('',(0.5013217417,8.153122818109E-07));
#12605 = CARTESIAN_POINT('',(0.501319421272,2.034818062424E-15));
#12606 = CARTESIAN_POINT('',(0.501318260379,0.));
#12607 = ( GEOMETRIC_REPRESENTATION_CONTEXT(2) 
PARAMETRIC_REPRESENTATION_CONTEXT() REPRESENTATION_CONTEXT('2D SPACE',''
  ) );
#12608 = ORIENTED_EDGE('',*,*,#11805,.F.);
#12609 = ORIENTED_EDGE('',*,*,#11723,.F.);
#12610 = ORIENTED_EDGE('',*,*,#11587,.F.);
#12611 = ORIENTED_EDGE('',*,*,#11316,.T.);
#12612 = ADVANCED_FACE('',(#12613,#12793,#12797,#12801,#12805),#1209,.F.
  );
#12613 = FACE_BOUND('',#12614,.F.);
#12614 = EDGE_LOOP('',(#12615,#12639,#12662,#12684));
#12615 = ORIENTED_EDGE('',*,*,#12616,.F.);
#12616 = EDGE_CURVE('',#12617,#12619,#12621,.T.);
#12617 = VERTEX_POINT('',#12618);
#12618 = CARTESIAN_POINT('',(-28.75,18.903033883666,-3.345860888076));
#12619 = VERTEX_POINT('',#12620);
#12620 = CARTESIAN_POINT('',(-25.55,18.903033883657,-3.345860888082));
#12621 = SURFACE_CURVE('',#12622,(#12626,#12632),.PCURVE_S1.);
#12622 = LINE('',#12623,#12624);
#12623 = CARTESIAN_POINT('',(-30.75,18.903033883657,-3.345860888082));
#12624 = VECTOR('',#12625,1.);
#12625 = DIRECTION('',(1.,-0.,-0.));
#12626 = PCURVE('',#1209,#12627);
#12627 = DEFINITIONAL_REPRESENTATION('',(#12628),#12631);
#12628 = B_SPLINE_CURVE_WITH_KNOTS('',1,(#12629,#12630),.UNSPECIFIED.,
  .F.,.F.,(2,2),(2.,5.2),.PIECEWISE_BEZIER_KNOTS.);
#12629 = CARTESIAN_POINT('',(0.501270425294,3.252032520326E-02));
#12630 = CARTESIAN_POINT('',(0.501270425294,8.455284552846E-02));
#12631 = ( GEOMETRIC_REPRESENTATION_CONTEXT(2) 
PARAMETRIC_REPRESENTATION_CONTEXT() REPRESENTATION_CONTEXT('2D SPACE',''
  ) );
#12632 = PCURVE('',#3935,#12633);
#12633 = DEFINITIONAL_REPRESENTATION('',(#12634),#12638);
#12634 = LINE('',#12635,#12636);
#12635 = CARTESIAN_POINT('',(5.056311717424,-17.75));
#12636 = VECTOR('',#12637,1.);
#12637 = DIRECTION('',(0.,1.));
#12638 = ( GEOMETRIC_REPRESENTATION_CONTEXT(2) 
PARAMETRIC_REPRESENTATION_CONTEXT() REPRESENTATION_CONTEXT('2D SPACE',''
  ) );
#12639 = ORIENTED_EDGE('',*,*,#12640,.F.);
#12640 = EDGE_CURVE('',#12641,#12617,#12643,.T.);
#12641 = VERTEX_POINT('',#12642);
#12642 = CARTESIAN_POINT('',(-28.75,6.533848576155,-8.168005766205));
#12643 = SURFACE_CURVE('',#12644,(#12648,#12655),.PCURVE_S1.);
#12644 = B_SPLINE_CURVE_WITH_KNOTS('',2,(#12645,#12646,#12647),
  .UNSPECIFIED.,.F.,.F.,(3,3),(0.500336972465,0.501270425294),
  .PIECEWISE_BEZIER_KNOTS.);
#12645 = CARTESIAN_POINT('',(-28.75,6.533848576155,-8.168005766205));
#12646 = CARTESIAN_POINT('',(-28.75,12.549035742005,-7.491348161552));
#12647 = CARTESIAN_POINT('',(-28.75,18.903033883666,-3.345860888076));
#12648 = PCURVE('',#1209,#12649);
#12649 = DEFINITIONAL_REPRESENTATION('',(#12650),#12654);
#12650 = LINE('',#12651,#12652);
#12651 = CARTESIAN_POINT('',(-8.881784197001E-16,3.252032520319E-02));
#12652 = VECTOR('',#12653,1.);
#12653 = DIRECTION('',(1.,1.263708167523E-13));
#12654 = ( GEOMETRIC_REPRESENTATION_CONTEXT(2) 
PARAMETRIC_REPRESENTATION_CONTEXT() REPRESENTATION_CONTEXT('2D SPACE',''
  ) );
#12655 = PCURVE('',#4043,#12656);
#12656 = DEFINITIONAL_REPRESENTATION('',(#12657),#12661);
#12657 = B_SPLINE_CURVE_WITH_KNOTS('',2,(#12658,#12659,#12660),
  .UNSPECIFIED.,.F.,.F.,(3,3),(0.500336972465,0.501270425294),
  .PIECEWISE_BEZIER_KNOTS.);
#12658 = CARTESIAN_POINT('',(15.123050042025,-0.581565058368));
#12659 = CARTESIAN_POINT('',(9.107862876174,9.509254628477E-02));
#12660 = CARTESIAN_POINT('',(2.753864734513,4.240579819761));
#12661 = ( GEOMETRIC_REPRESENTATION_CONTEXT(2) 
PARAMETRIC_REPRESENTATION_CONTEXT() REPRESENTATION_CONTEXT('2D SPACE',''
  ) );
#12662 = ORIENTED_EDGE('',*,*,#12663,.F.);
#12663 = EDGE_CURVE('',#12664,#12641,#12666,.T.);
#12664 = VERTEX_POINT('',#12665);
#12665 = CARTESIAN_POINT('',(-25.55,6.533848576156,-8.168005766205));
#12666 = SURFACE_CURVE('',#12667,(#12671,#12677),.PCURVE_S1.);
#12667 = LINE('',#12668,#12669);
#12668 = CARTESIAN_POINT('',(-30.75,6.533848576155,-8.168005766205));
#12669 = VECTOR('',#12670,1.);
#12670 = DIRECTION('',(-1.,0.,0.));
#12671 = PCURVE('',#1209,#12672);
#12672 = DEFINITIONAL_REPRESENTATION('',(#12673),#12676);
#12673 = B_SPLINE_CURVE_WITH_KNOTS('',1,(#12674,#12675),.UNSPECIFIED.,
  .F.,.F.,(2,2),(-5.2,-2.),.PIECEWISE_BEZIER_KNOTS.);
#12674 = CARTESIAN_POINT('',(0.500336972465,8.455284552846E-02));
#12675 = CARTESIAN_POINT('',(0.500336972465,3.252032520326E-02));
#12676 = ( GEOMETRIC_REPRESENTATION_CONTEXT(2) 
PARAMETRIC_REPRESENTATION_CONTEXT() REPRESENTATION_CONTEXT('2D SPACE',''
  ) );
#12677 = PCURVE('',#4071,#12678);
#12678 = DEFINITIONAL_REPRESENTATION('',(#12679),#12683);
#12679 = LINE('',#12680,#12681);
#12680 = CARTESIAN_POINT('',(-7.748861883573,-2.));
#12681 = VECTOR('',#12682,1.);
#12682 = DIRECTION('',(0.,-1.));
#12683 = ( GEOMETRIC_REPRESENTATION_CONTEXT(2) 
PARAMETRIC_REPRESENTATION_CONTEXT() REPRESENTATION_CONTEXT('2D SPACE',''
  ) );
#12684 = ORIENTED_EDGE('',*,*,#12685,.F.);
#12685 = EDGE_CURVE('',#12619,#12664,#12686,.T.);
#12686 = SURFACE_CURVE('',#12687,(#12698,#12727),.PCURVE_S1.);
#12687 = B_SPLINE_CURVE_WITH_KNOTS('',3,(#12688,#12689,#12690,#12691,
    #12692,#12693,#12694,#12695,#12696,#12697),.UNSPECIFIED.,.F.,.F.,(4,
    2,2,2,4),(0.,6.688547576724E-03,8.360684470906E-03,
    1.003282136509E-02,1.337709515345E-02),.UNSPECIFIED.);
#12688 = CARTESIAN_POINT('',(-25.55,18.903033883657,-3.345860888082));
#12689 = CARTESIAN_POINT('',(-25.55,17.027093622594,-4.569765318747));
#12690 = CARTESIAN_POINT('',(-25.55,15.070204485923,-5.638865267928));
#12691 = CARTESIAN_POINT('',(-25.55,12.475529401549,-6.691130996852));
#12692 = CARTESIAN_POINT('',(-25.55,11.949817054732,-6.88672377085));
#12693 = CARTESIAN_POINT('',(-25.55,10.891872258101,-7.242739865613));
#12694 = CARTESIAN_POINT('',(-25.55,10.358563426701,-7.403614443372));
#12695 = CARTESIAN_POINT('',(-25.55,8.744652529987,-7.830985084909));
#12696 = CARTESIAN_POINT('',(-25.55,7.650118404924,-8.042434865802));
#12697 = CARTESIAN_POINT('',(-25.55,6.533848576156,-8.168005766205));
#12698 = PCURVE('',#1209,#12699);
#12699 = DEFINITIONAL_REPRESENTATION('',(#12700),#12726);
#12700 = B_SPLINE_CURVE_WITH_KNOTS('',3,(#12701,#12702,#12703,#12704,
    #12705,#12706,#12707,#12708,#12709,#12710,#12711,#12712,#12713,
    #12714,#12715,#12716,#12717,#12718,#12719,#12720,#12721,#12722,
    #12723,#12724,#12725),.UNSPECIFIED.,.F.,.F.,(4,1,1,1,1,1,1,1,1,1,1,1
    ,1,1,1,1,1,1,1,1,1,1,4),(0.,6.080497797022E-04,1.216099559404E-03,
    1.824149339107E-03,2.432199118809E-03,3.040248898511E-03,
    3.648298678213E-03,4.256348457916E-03,4.864398237618E-03,
    5.47244801732E-03,6.080497797022E-03,6.688547576724E-03,
    7.296597356427E-03,7.904647136129E-03,8.512696915831E-03,
    9.120746695533E-03,9.728796475236E-03,1.033684625494E-02,
    1.094489603464E-02,1.155294581434E-02,1.216099559404E-02,
    1.276904537375E-02,1.337709515345E-02),.QUASI_UNIFORM_KNOTS.);
#12701 = CARTESIAN_POINT('',(0.501270425294,8.455284552846E-02));
#12702 = CARTESIAN_POINT('',(0.50125789837,8.455284552846E-02));
#12703 = CARTESIAN_POINT('',(0.501232717044,8.455284552846E-02));
#12704 = CARTESIAN_POINT('',(0.501194550477,8.455284552846E-02));
#12705 = CARTESIAN_POINT('',(0.50115597758,8.455284552846E-02));
#12706 = CARTESIAN_POINT('',(0.501116985244,8.455284552846E-02));
#12707 = CARTESIAN_POINT('',(0.501077559445,8.455284552846E-02));
#12708 = CARTESIAN_POINT('',(0.501037685138,8.455284552846E-02));
#12709 = CARTESIAN_POINT('',(0.50099734624,8.455284552846E-02));
#12710 = CARTESIAN_POINT('',(0.500956525913,8.455284552846E-02));
#12711 = CARTESIAN_POINT('',(0.500915205677,8.455284552846E-02));
#12712 = CARTESIAN_POINT('',(0.500873369088,8.455284552846E-02));
#12713 = CARTESIAN_POINT('',(0.500830988497,8.455284552846E-02));
#12714 = CARTESIAN_POINT('',(0.500788075169,8.455284552846E-02));
#12715 = CARTESIAN_POINT('',(0.50074472425,8.455284552846E-02));
#12716 = CARTESIAN_POINT('',(0.500701021783,8.455284552846E-02));
#12717 = CARTESIAN_POINT('',(0.500656958591,8.455284552846E-02));
#12718 = CARTESIAN_POINT('',(0.500612504486,8.455284552846E-02));
#12719 = CARTESIAN_POINT('',(0.500567654486,8.455284552846E-02));
#12720 = CARTESIAN_POINT('',(0.500522396411,8.455284552846E-02));
#12721 = CARTESIAN_POINT('',(0.50047671936,8.455284552846E-02));
#12722 = CARTESIAN_POINT('',(0.50043061117,8.455284552846E-02));
#12723 = CARTESIAN_POINT('',(0.50038405929,8.455284552846E-02));
#12724 = CARTESIAN_POINT('',(0.500352720246,8.455284552846E-02));
#12725 = CARTESIAN_POINT('',(0.500336972465,8.455284552846E-02));
#12726 = ( GEOMETRIC_REPRESENTATION_CONTEXT(2) 
PARAMETRIC_REPRESENTATION_CONTEXT() REPRESENTATION_CONTEXT('2D SPACE',''
  ) );
#12727 = PCURVE('',#12728,#12765);
#12728 = ( BOUNDED_SURFACE() B_SPLINE_SURFACE(3,2,(
    (#12729,#12730,#12731)
    ,(#12732,#12733,#12734)
    ,(#12735,#12736,#12737)
    ,(#12738,#12739,#12740)
    ,(#12741,#12742,#12743)
    ,(#12744,#12745,#12746)
    ,(#12747,#12748,#12749)
    ,(#12750,#12751,#12752)
    ,(#12753,#12754,#12755)
    ,(#12756,#12757,#12758)
    ,(#12759,#12760,#12761)
    ,(#12762,#12763,#12764
)),.UNSPECIFIED.,.F.,.F.,.F.) B_SPLINE_SURFACE_WITH_KNOTS((4,2,2,2,2,4),
  (3,3),(3.773969174176E-02,4.133969533883E-02,4.493969893591E-02,
    4.673970073445E-02,4.853970253299E-02,5.213970613007E-02),(0.,1.),
.UNSPECIFIED.) GEOMETRIC_REPRESENTATION_ITEM() RATIONAL_B_SPLINE_SURFACE
((
    (1.,0.707106781187,1.)
    ,(1.,0.707106781187,1.)
    ,(1.,0.707106781187,1.)
    ,(1.,0.707106781187,1.)
    ,(1.,0.707106781187,1.)
    ,(1.,0.707106781187,1.)
    ,(1.,0.707106781187,1.)
    ,(1.,0.707106781187,1.)
    ,(1.,0.707106781187,1.)
    ,(1.,0.707106781187,1.)
    ,(1.,0.707106781187,1.)
,(1.,0.707106781187,1.))) REPRESENTATION_ITEM('') SURFACE() );
#12729 = CARTESIAN_POINT('',(-27.55,20.067229270079,-4.974231890717));
#12730 = CARTESIAN_POINT('',(-27.55,18.971188934173,-3.301301652462));
#12731 = CARTESIAN_POINT('',(-25.55,18.971188934173,-3.301301652462));
#12732 = CARTESIAN_POINT('',(-27.55,19.064733928579,-5.631028736303));
#12733 = CARTESIAN_POINT('',(-27.55,18.013730760967,-3.928591856312));
#12734 = CARTESIAN_POINT('',(-25.55,18.013730768611,-3.928591867799));
#12735 = CARTESIAN_POINT('',(-27.55,18.03595177168,-6.247511052949));
#12736 = CARTESIAN_POINT('',(-27.55,17.035337357843,-4.514591718501));
#12737 = CARTESIAN_POINT('',(-25.55,17.035337358534,-4.514591719792));
#12738 = CARTESIAN_POINT('',(-27.55,15.914303607266,-7.382191135329));
#12739 = CARTESIAN_POINT('',(-27.55,15.02850936781,-5.587864746443));
#12740 = CARTESIAN_POINT('',(-25.55,15.02850936712,-5.587864745152));
#12741 = CARTESIAN_POINT('',(-27.55,14.82151619492,-7.90050987923));
#12742 = CARTESIAN_POINT('',(-27.55,14.000167447477,-6.075227668627));
#12743 = CARTESIAN_POINT('',(-25.55,14.000167449512,-6.075227673676));
#12744 = CARTESIAN_POINT('',(-27.55,13.122167235378,-8.585710176194));
#12745 = CARTESIAN_POINT('',(-27.55,12.410966270794,-6.716014902604));
#12746 = CARTESIAN_POINT('',(-25.55,12.410966269776,-6.71601490008));
#12747 = CARTESIAN_POINT('',(-27.55,12.547752387149,-8.797637465002));
#12748 = CARTESIAN_POINT('',(-27.55,11.87539464192,-6.91355453938));
#12749 = CARTESIAN_POINT('',(-25.55,11.87539464228,-6.91355454046));
#12750 = CARTESIAN_POINT('',(-27.55,11.394747247867,-9.181483776719));
#12751 = CARTESIAN_POINT('',(-27.55,10.803641869101,-7.270351170345));
#12752 = CARTESIAN_POINT('',(-25.55,10.803641868741,-7.270351169265));
#12753 = CARTESIAN_POINT('',(-27.55,10.814372664859,-9.354140522242));
#12754 = CARTESIAN_POINT('',(-27.55,10.265792137622,-7.430299433127));
#12755 = CARTESIAN_POINT('',(-25.55,10.265792137739,-7.430299433575));
#12756 = CARTESIAN_POINT('',(-27.55,9.060949954579,-9.810913478589));
#12757 = CARTESIAN_POINT('',(-27.55,8.645569117534,-7.852373388734));
#12758 = CARTESIAN_POINT('',(-25.55,8.6455691173,-7.852373387837));
#12759 = CARTESIAN_POINT('',(-27.55,7.875628166853,-10.03399483855));
#12760 = CARTESIAN_POINT('',(-27.55,7.55660502315,-8.056899518726));
#12761 = CARTESIAN_POINT('',(-25.55,7.556605021876,-8.056899506062));
#12762 = CARTESIAN_POINT('',(-27.55,6.671804753616,-10.16494241285));
#12763 = CARTESIAN_POINT('',(-27.55,6.455527702774,-8.176670741961));
#12764 = CARTESIAN_POINT('',(-25.55,6.455527702774,-8.176670741961));
#12765 = DEFINITIONAL_REPRESENTATION('',(#12766),#12792);
#12766 = B_SPLINE_CURVE_WITH_KNOTS('',3,(#12767,#12768,#12769,#12770,
    #12771,#12772,#12773,#12774,#12775,#12776,#12777,#12778,#12779,
    #12780,#12781,#12782,#12783,#12784,#12785,#12786,#12787,#12788,
    #12789,#12790,#12791),.UNSPECIFIED.,.F.,.F.,(4,1,1,1,1,1,1,1,1,1,1,1
    ,1,1,1,1,1,1,1,1,1,1,4),(0.,6.080497797022E-04,1.216099559404E-03,
    1.824149339107E-03,2.432199118809E-03,3.040248898511E-03,
    3.648298678213E-03,4.256348457916E-03,4.864398237618E-03,
    5.47244801732E-03,6.080497797022E-03,6.688547576724E-03,
    7.296597356427E-03,7.904647136129E-03,8.512696915831E-03,
    9.120746695533E-03,9.728796475236E-03,1.033684625494E-02,
    1.094489603464E-02,1.155294581434E-02,1.216099559404E-02,
    1.276904537375E-02,1.337709515345E-02),.QUASI_UNIFORM_KNOTS.);
#12767 = CARTESIAN_POINT('',(3.782506723562E-02,1.));
#12768 = CARTESIAN_POINT('',(3.803858558784E-02,1.));
#12769 = CARTESIAN_POINT('',(3.846566567073E-02,1.));
#12770 = CARTESIAN_POINT('',(3.910641237899E-02,1.));
#12771 = CARTESIAN_POINT('',(3.974728070743E-02,1.));
#12772 = CARTESIAN_POINT('',(4.038827063573E-02,1.));
#12773 = CARTESIAN_POINT('',(4.102938529594E-02,1.));
#12774 = CARTESIAN_POINT('',(4.167063367491E-02,1.));
#12775 = CARTESIAN_POINT('',(4.231202703269E-02,1.));
#12776 = CARTESIAN_POINT('',(4.295355412618E-02,1.));
#12777 = CARTESIAN_POINT('',(4.359519699221E-02,1.));
#12778 = CARTESIAN_POINT('',(4.423695242931E-02,1.));
#12779 = CARTESIAN_POINT('',(4.48787351742E-02,1.));
#12780 = CARTESIAN_POINT('',(4.552074187968E-02,1.));
#12781 = CARTESIAN_POINT('',(4.616432154844E-02,1.));
#12782 = CARTESIAN_POINT('',(4.680986467367E-02,1.));
#12783 = CARTESIAN_POINT('',(4.745790852966E-02,1.));
#12784 = CARTESIAN_POINT('',(4.810802500032E-02,1.));
#12785 = CARTESIAN_POINT('',(4.876033990761E-02,1.));
#12786 = CARTESIAN_POINT('',(4.941482765E-02,1.));
#12787 = CARTESIAN_POINT('',(5.007146628857E-02,1.));
#12788 = CARTESIAN_POINT('',(5.073022616469E-02,1.));
#12789 = CARTESIAN_POINT('',(5.139107792824E-02,1.));
#12790 = CARTESIAN_POINT('',(5.183301836928E-02,1.));
#12791 = CARTESIAN_POINT('',(5.205432641453E-02,1.));
#12792 = ( GEOMETRIC_REPRESENTATION_CONTEXT(2) 
PARAMETRIC_REPRESENTATION_CONTEXT() REPRESENTATION_CONTEXT('2D SPACE',''
  ) );
#12793 = FACE_BOUND('',#12794,.F.);
#12794 = EDGE_LOOP('',(#12795,#12796));
#12795 = ORIENTED_EDGE('',*,*,#1103,.F.);
#12796 = ORIENTED_EDGE('',*,*,#8805,.F.);
#12797 = FACE_BOUND('',#12798,.F.);
#12798 = EDGE_LOOP('',(#12799,#12800));
#12799 = ORIENTED_EDGE('',*,*,#1563,.F.);
#12800 = ORIENTED_EDGE('',*,*,#8511,.F.);
#12801 = FACE_BOUND('',#12802,.F.);
#12802 = EDGE_LOOP('',(#12803,#12804));
#12803 = ORIENTED_EDGE('',*,*,#2146,.F.);
#12804 = ORIENTED_EDGE('',*,*,#8381,.F.);
#12805 = FACE_BOUND('',#12806,.F.);
#12806 = EDGE_LOOP('',(#12807,#12808,#12882,#12903,#12904,#12905,#12971,
    #12972));
#12807 = ORIENTED_EDGE('',*,*,#11973,.F.);
#12808 = ORIENTED_EDGE('',*,*,#12809,.T.);
#12809 = EDGE_CURVE('',#11974,#12810,#12812,.T.);
#12810 = VERTEX_POINT('',#12811);
#12811 = CARTESIAN_POINT('',(-30.75,10.00000000001,-7.497835144918));
#12812 = SURFACE_CURVE('',#12813,(#12824,#12853),.PCURVE_S1.);
#12813 = B_SPLINE_CURVE_WITH_KNOTS('',3,(#12814,#12815,#12816,#12817,
    #12818,#12819,#12820,#12821,#12822,#12823),.UNSPECIFIED.,.F.,.F.,(4,
    2,2,2,4),(7.019884347899E-15,3.070568052601E-03,3.83821006575E-03,
    4.605852078899E-03,6.141136105196E-03),.UNSPECIFIED.);
#12814 = CARTESIAN_POINT('',(-29.09665715643,4.2,-8.3));
#12815 = CARTESIAN_POINT('',(-29.64417667756,5.082323663858,
    -8.299999999934));
#12816 = CARTESIAN_POINT('',(-30.05510329987,6.01817611472,
    -8.242695317035));
#12817 = CARTESIAN_POINT('',(-30.40395791243,7.250670896868,
    -8.076659178334));
#12818 = CARTESIAN_POINT('',(-30.46537808568,7.500874627359,
    -8.038608668647));
#12819 = CARTESIAN_POINT('',(-30.56962396665,7.99982691557,
    -7.953948428868));
#12820 = CARTESIAN_POINT('',(-30.61274809383,8.249487006144,
    -7.90723543458));
#12821 = CARTESIAN_POINT('',(-30.71595821802,8.998936601599,
    -7.754044867305));
#12822 = CARTESIAN_POINT('',(-30.75,9.499181625424,-7.634519387811));
#12823 = CARTESIAN_POINT('',(-30.75,10.00000000001,-7.497835144918));
#12824 = PCURVE('',#1209,#12825);
#12825 = DEFINITIONAL_REPRESENTATION('',(#12826),#12852);
#12826 = B_SPLINE_CURVE_WITH_KNOTS('',3,(#12827,#12828,#12829,#12830,
    #12831,#12832,#12833,#12834,#12835,#12836,#12837,#12838,#12839,
    #12840,#12841,#12842,#12843,#12844,#12845,#12846,#12847,#12848,
    #12849,#12850,#12851),.UNSPECIFIED.,.F.,.F.,(4,1,1,1,1,1,1,1,1,1,1,1
    ,1,1,1,1,1,1,1,1,1,1,4),(7.019884347899E-15,2.791425502429E-04,
    5.582851004787E-04,8.374276507146E-04,1.11657020095E-03,
    1.395712751186E-03,1.674855301422E-03,1.953997851658E-03,
    2.233140401894E-03,2.51228295213E-03,2.791425502366E-03,
    3.070568052601E-03,3.349710602837E-03,3.628853153073E-03,
    3.907995703309E-03,4.187138253545E-03,4.466280803781E-03,
    4.745423354016E-03,5.024565904252E-03,5.303708454488E-03,
    5.582851004724E-03,5.86199355496E-03,6.141136105196E-03),
  .QUASI_UNIFORM_KNOTS.);
#12827 = CARTESIAN_POINT('',(0.500154885705,2.688362347255E-02));
#12828 = CARTESIAN_POINT('',(0.500161178544,2.607428197791E-02));
#12829 = CARTESIAN_POINT('',(0.500173826388,2.449231010812E-02));
#12830 = CARTESIAN_POINT('',(0.500192982817,2.222913749646E-02));
#12831 = CARTESIAN_POINT('',(0.500212322072,2.007540190282E-02));
#12832 = CARTESIAN_POINT('',(0.500231842314,1.803075518573E-02));
#12833 = CARTESIAN_POINT('',(0.500251541702,1.609484907916E-02));
#12834 = CARTESIAN_POINT('',(0.500271418406,1.426733578171E-02));
#12835 = CARTESIAN_POINT('',(0.500291470565,1.254786575813E-02));
#12836 = CARTESIAN_POINT('',(0.500311696459,1.09360959439E-02));
#12837 = CARTESIAN_POINT('',(0.500332093863,9.431659125382E-03));
#12838 = CARTESIAN_POINT('',(0.500352662486,8.03427821475E-03));
#12839 = CARTESIAN_POINT('',(0.500373394872,6.743339770001E-03));
#12840 = CARTESIAN_POINT('',(0.500394310376,5.55948564004E-03));
#12841 = CARTESIAN_POINT('',(0.5004153361,4.487740226398E-03));
#12842 = CARTESIAN_POINT('',(0.500436349143,3.533495433325E-03));
#12843 = CARTESIAN_POINT('',(0.50045733225,2.695988146602E-03));
#12844 = CARTESIAN_POINT('',(0.500478303387,1.972688540746E-03));
#12845 = CARTESIAN_POINT('',(0.500499257019,1.362579433167E-03));
#12846 = CARTESIAN_POINT('',(0.500520193932,8.642573669298E-04));
#12847 = CARTESIAN_POINT('',(0.500541113799,4.774547053609E-04));
#12848 = CARTESIAN_POINT('',(0.500562016653,2.017054581345E-04));
#12849 = CARTESIAN_POINT('',(0.50058290243,3.659680188527E-05));
#12850 = CARTESIAN_POINT('',(0.500596814873,1.857520812832E-15));
#12851 = CARTESIAN_POINT('',(0.500603768235,0.));
#12852 = ( GEOMETRIC_REPRESENTATION_CONTEXT(2) 
PARAMETRIC_REPRESENTATION_CONTEXT() REPRESENTATION_CONTEXT('2D SPACE',''
  ) );
#12853 = PCURVE('',#4405,#12854);
#12854 = DEFINITIONAL_REPRESENTATION('',(#12855),#12881);
#12855 = B_SPLINE_CURVE_WITH_KNOTS('',3,(#12856,#12857,#12858,#12859,
    #12860,#12861,#12862,#12863,#12864,#12865,#12866,#12867,#12868,
    #12869,#12870,#12871,#12872,#12873,#12874,#12875,#12876,#12877,
    #12878,#12879,#12880),.UNSPECIFIED.,.F.,.F.,(4,1,1,1,1,1,1,1,1,1,1,1
    ,1,1,1,1,1,1,1,1,1,1,4),(7.019884347899E-15,2.791425502429E-04,
    5.582851004787E-04,8.374276507146E-04,1.11657020095E-03,
    1.395712751186E-03,1.674855301422E-03,1.953997851658E-03,
    2.233140401894E-03,2.51228295213E-03,2.791425502366E-03,
    3.070568052601E-03,3.349710602837E-03,3.628853153073E-03,
    3.907995703309E-03,4.187138253545E-03,4.466280803781E-03,
    4.745423354016E-03,5.024565904252E-03,5.303708454488E-03,
    5.582851004724E-03,5.86199355496E-03,6.141136105196E-03),
  .QUASI_UNIFORM_KNOTS.);
#12856 = CARTESIAN_POINT('',(3.696980306843,21.7));
#12857 = CARTESIAN_POINT('',(3.688398483452,21.700000000006));
#12858 = CARTESIAN_POINT('',(3.671274764426,21.700947184842));
#12859 = CARTESIAN_POINT('',(3.645692735444,21.705291648398));
#12860 = CARTESIAN_POINT('',(3.620198066416,21.712641929503));
#12861 = CARTESIAN_POINT('',(3.594774413339,21.723080161438));
#12862 = CARTESIAN_POINT('',(3.569405418341,21.736688469942));
#12863 = CARTESIAN_POINT('',(3.544074740294,21.75354900888));
#12864 = CARTESIAN_POINT('',(3.518766170086,21.773743827155));
#12865 = CARTESIAN_POINT('',(3.493463505007,21.797355365395));
#12866 = CARTESIAN_POINT('',(3.468151293543,21.824464602287));
#12867 = CARTESIAN_POINT('',(3.442812334633,21.855157972562));
#12868 = CARTESIAN_POINT('',(3.417437287329,21.889501548712));
#12869 = CARTESIAN_POINT('',(3.391989086348,21.927637396142));
#12870 = CARTESIAN_POINT('',(3.366540211388,21.969472019551));
#12871 = CARTESIAN_POINT('',(3.341221906575,22.014799158612));
#12872 = CARTESIAN_POINT('',(3.31603723604,22.063579374396));
#12873 = CARTESIAN_POINT('',(3.290946586331,22.115831115251));
#12874 = CARTESIAN_POINT('',(3.26593981182,22.171537619711));
#12875 = CARTESIAN_POINT('',(3.24099943829,22.230691031935));
#12876 = CARTESIAN_POINT('',(3.216110306301,22.293282327962));
#12877 = CARTESIAN_POINT('',(3.191256702939,22.359302966511));
#12878 = CARTESIAN_POINT('',(3.16642316155,22.428744276923));
#12879 = CARTESIAN_POINT('',(3.149870660465,22.477313174556));
#12880 = CARTESIAN_POINT('',(3.141592653589,22.502164855082));
#12881 = ( GEOMETRIC_REPRESENTATION_CONTEXT(2) 
PARAMETRIC_REPRESENTATION_CONTEXT() REPRESENTATION_CONTEXT('2D SPACE',''
  ) );
#12882 = ORIENTED_EDGE('',*,*,#12883,.T.);
#12883 = EDGE_CURVE('',#12810,#12521,#12884,.T.);
#12884 = SURFACE_CURVE('',#12885,(#12889,#12896),.PCURVE_S1.);
#12885 = B_SPLINE_CURVE_WITH_KNOTS('',2,(#12886,#12887,#12888),
  .UNSPECIFIED.,.F.,.F.,(3,3),(0.500603768235,0.501318260379),
  .PIECEWISE_BEZIER_KNOTS.);
#12886 = CARTESIAN_POINT('',(-30.75,10.00000000001,-7.497835144918));
#12887 = CARTESIAN_POINT('',(-30.75,14.678322828939,-6.221018945039));
#12888 = CARTESIAN_POINT('',(-30.75,19.555148913475,-2.911877845549));
#12889 = PCURVE('',#1209,#12890);
#12890 = DEFINITIONAL_REPRESENTATION('',(#12891),#12895);
#12891 = LINE('',#12892,#12893);
#12892 = CARTESIAN_POINT('',(-2.22044604925E-16,-1.909367819098E-14));
#12893 = VECTOR('',#12894,1.);
#12894 = DIRECTION('',(1.,4.494966686702E-14));
#12895 = ( GEOMETRIC_REPRESENTATION_CONTEXT(2) 
PARAMETRIC_REPRESENTATION_CONTEXT() REPRESENTATION_CONTEXT('2D SPACE',''
  ) );
#12896 = PCURVE('',#4455,#12897);
#12897 = DEFINITIONAL_REPRESENTATION('',(#12898),#12902);
#12898 = B_SPLINE_CURVE_WITH_KNOTS('',2,(#12899,#12900,#12901),
  .UNSPECIFIED.,.F.,.F.,(3,3),(0.500603768235,0.501318260379),
  .PIECEWISE_BEZIER_KNOTS.);
#12899 = CARTESIAN_POINT('',(-22.50216485508,1.015898476453E-11));
#12900 = CARTESIAN_POINT('',(-23.77898105496,4.678322828939));
#12901 = CARTESIAN_POINT('',(-27.08812215445,9.555148913475));
#12902 = ( GEOMETRIC_REPRESENTATION_CONTEXT(2) 
PARAMETRIC_REPRESENTATION_CONTEXT() REPRESENTATION_CONTEXT('2D SPACE',''
  ) );
#12903 = ORIENTED_EDGE('',*,*,#12543,.F.);
#12904 = ORIENTED_EDGE('',*,*,#11873,.T.);
#12905 = ORIENTED_EDGE('',*,*,#12906,.T.);
#12906 = EDGE_CURVE('',#11874,#10790,#12907,.T.);
#12907 = SURFACE_CURVE('',#12908,(#12913,#12942),.PCURVE_S1.);
#12908 = B_SPLINE_CURVE_WITH_KNOTS('',3,(#12909,#12910,#12911,#12912),
  .UNSPECIFIED.,.F.,.F.,(4,4),(1.372935325578E-14,1.263366154127E-03),
  .PIECEWISE_BEZIER_KNOTS.);
#12909 = CARTESIAN_POINT('',(30.714249033663,20.590161405445,
    -2.188299892661));
#12910 = CARTESIAN_POINT('',(30.737865707331,20.248710660791,
    -2.433997320963));
#12911 = CARTESIAN_POINT('',(30.75,19.903795142609,-2.675306037193));
#12912 = CARTESIAN_POINT('',(30.75,19.555148915014,-2.91187784452));
#12913 = PCURVE('',#1209,#12914);
#12914 = DEFINITIONAL_REPRESENTATION('',(#12915),#12941);
#12915 = B_SPLINE_CURVE_WITH_KNOTS('',3,(#12916,#12917,#12918,#12919,
    #12920,#12921,#12922,#12923,#12924,#12925,#12926,#12927,#12928,
    #12929,#12930,#12931,#12932,#12933,#12934,#12935,#12936,#12937,
    #12938,#12939,#12940),.UNSPECIFIED.,.F.,.F.,(4,1,1,1,1,1,1,1,1,1,1,1
    ,1,1,1,1,1,1,1,1,1,1,4),(1.372935325578E-14,5.742573429161E-05,
    1.148514685695E-04,1.722772028474E-04,2.297029371253E-04,
    2.871286714032E-04,3.44554405681E-04,4.019801399589E-04,
    4.594058742368E-04,5.168316085147E-04,5.742573427926E-04,
    6.316830770705E-04,6.891088113484E-04,7.465345456262E-04,
    8.039602799041E-04,8.61386014182E-04,9.188117484599E-04,
    9.762374827378E-04,1.033663217016E-03,1.091088951294E-03,
    1.148514685571E-03,1.205940419849E-03,1.263366154127E-03),
  .QUASI_UNIFORM_KNOTS.);
#12916 = CARTESIAN_POINT('',(0.501393915946,0.999418683474));
#12917 = CARTESIAN_POINT('',(0.501392783891,0.999436138518));
#12918 = CARTESIAN_POINT('',(0.501390518516,0.999470277094));
#12919 = CARTESIAN_POINT('',(0.501387116652,0.999519164457));
#12920 = CARTESIAN_POINT('',(0.501383710974,0.999565725344));
#12921 = CARTESIAN_POINT('',(0.501380301468,0.999609953783));
#12922 = CARTESIAN_POINT('',(0.501376888122,0.999651843799));
#12923 = CARTESIAN_POINT('',(0.501373470924,0.999691389421));
#12924 = CARTESIAN_POINT('',(0.50137004986,0.999728584675));
#12925 = CARTESIAN_POINT('',(0.501366624918,0.999763423588));
#12926 = CARTESIAN_POINT('',(0.501363196083,0.999795900187));
#12927 = CARTESIAN_POINT('',(0.501359763345,0.999826008499));
#12928 = CARTESIAN_POINT('',(0.501356326688,0.99985374255));
#12929 = CARTESIAN_POINT('',(0.501352886101,0.999879096369));
#12930 = CARTESIAN_POINT('',(0.501349441569,0.999902063981));
#12931 = CARTESIAN_POINT('',(0.501345993079,0.999922639414));
#12932 = CARTESIAN_POINT('',(0.501342540619,0.999940816695));
#12933 = CARTESIAN_POINT('',(0.501339084173,0.99995658985));
#12934 = CARTESIAN_POINT('',(0.50133562373,0.999969952907));
#12935 = CARTESIAN_POINT('',(0.501332159274,0.999980899892));
#12936 = CARTESIAN_POINT('',(0.501328690794,0.999989424833));
#12937 = CARTESIAN_POINT('',(0.501325218273,0.999995521756));
#12938 = CARTESIAN_POINT('',(0.5013217417,0.999999184688));
#12939 = CARTESIAN_POINT('',(0.501319421273,1.));
#12940 = CARTESIAN_POINT('',(0.501318260379,1.));
#12941 = ( GEOMETRIC_REPRESENTATION_CONTEXT(2) 
PARAMETRIC_REPRESENTATION_CONTEXT() REPRESENTATION_CONTEXT('2D SPACE',''
  ) );
#12942 = PCURVE('',#10805,#12943);
#12943 = DEFINITIONAL_REPRESENTATION('',(#12944),#12970);
#12944 = B_SPLINE_CURVE_WITH_KNOTS('',3,(#12945,#12946,#12947,#12948,
    #12949,#12950,#12951,#12952,#12953,#12954,#12955,#12956,#12957,
    #12958,#12959,#12960,#12961,#12962,#12963,#12964,#12965,#12966,
    #12967,#12968,#12969),.UNSPECIFIED.,.F.,.F.,(4,1,1,1,1,1,1,1,1,1,1,1
    ,1,1,1,1,1,1,1,1,1,1,4),(1.372935325578E-14,5.742573429161E-05,
    1.148514685695E-04,1.722772028474E-04,2.297029371253E-04,
    2.871286714032E-04,3.44554405681E-04,4.019801399589E-04,
    4.594058742368E-04,5.168316085147E-04,5.742573427926E-04,
    6.316830770705E-04,6.891088113484E-04,7.465345456262E-04,
    8.039602799041E-04,8.61386014182E-04,9.188117484599E-04,
    9.762374827378E-04,1.033663217016E-03,1.091088951294E-03,
    1.148514685571E-03,1.205940419849E-03,1.263366154127E-03),
  .QUASI_UNIFORM_KNOTS.);
#12945 = CARTESIAN_POINT('',(6.905570392298E-02,27.811700107339));
#12946 = CARTESIAN_POINT('',(6.801853269007E-02,27.800532042416));
#12947 = CARTESIAN_POINT('',(6.59434563364E-02,27.778214047745));
#12948 = CARTESIAN_POINT('',(6.282860160883E-02,27.744791657463));
#12949 = CARTESIAN_POINT('',(5.971146822136E-02,27.71142406511));
#12950 = CARTESIAN_POINT('',(5.659201746389E-02,27.678111466892));
#12951 = CARTESIAN_POINT('',(5.347021046738E-02,27.644854059011));
#12952 = CARTESIAN_POINT('',(5.034600818337E-02,27.611652037672));
#12953 = CARTESIAN_POINT('',(4.721937139276E-02,27.578505599079));
#12954 = CARTESIAN_POINT('',(4.409026070666E-02,27.545414939437));
#12955 = CARTESIAN_POINT('',(4.09586365695E-02,27.512380254948));
#12956 = CARTESIAN_POINT('',(3.78244592615E-02,27.479401741818));
#12957 = CARTESIAN_POINT('',(3.468768890138E-02,27.446479596249));
#12958 = CARTESIAN_POINT('',(3.1548285449E-02,27.413614014448));
#12959 = CARTESIAN_POINT('',(2.840620870815E-02,27.380805192617));
#12960 = CARTESIAN_POINT('',(2.526141832918E-02,27.34805332696));
#12961 = CARTESIAN_POINT('',(2.211387381187E-02,27.315358613682));
#12962 = CARTESIAN_POINT('',(1.896353450808E-02,27.282721248986));
#12963 = CARTESIAN_POINT('',(1.581035962501E-02,27.250141429078));
#12964 = CARTESIAN_POINT('',(1.265430822652E-02,27.21761935016));
#12965 = CARTESIAN_POINT('',(9.495339241601E-03,27.185155208437));
#12966 = CARTESIAN_POINT('',(6.333411446685E-03,27.152749200113));
#12967 = CARTESIAN_POINT('',(3.168483545277E-03,27.120401521392));
#12968 = CARTESIAN_POINT('',(1.056503771722E-03,27.098875419449));
#12969 = CARTESIAN_POINT('',(0.,27.08812215548));
#12970 = ( GEOMETRIC_REPRESENTATION_CONTEXT(2) 
PARAMETRIC_REPRESENTATION_CONTEXT() REPRESENTATION_CONTEXT('2D SPACE',''
  ) );
#12971 = ORIENTED_EDGE('',*,*,#10817,.F.);
#12972 = ORIENTED_EDGE('',*,*,#10569,.F.);
#12973 = ADVANCED_FACE('',(#12974),#4405,.T.);
#12974 = FACE_BOUND('',#12975,.T.);
#12975 = EDGE_LOOP('',(#12976,#12977,#13000,#13045,#13046,#13047,#13048,
    #13049,#13050));
#12976 = ORIENTED_EDGE('',*,*,#4387,.F.);
#12977 = ORIENTED_EDGE('',*,*,#12978,.F.);
#12978 = EDGE_CURVE('',#12979,#4360,#12981,.T.);
#12979 = VERTEX_POINT('',#12980);
#12980 = CARTESIAN_POINT('',(-27.52817459302,2.221825406974,
    -18.20772211675));
#12981 = SURFACE_CURVE('',#12982,(#12986,#12993),.PCURVE_S1.);
#12982 = LINE('',#12983,#12984);
#12983 = CARTESIAN_POINT('',(-27.52817459302,2.221825406974,
    -18.20772211675));
#12984 = VECTOR('',#12985,1.);
#12985 = DIRECTION('',(0.,0.,-1.));
#12986 = PCURVE('',#4405,#12987);
#12987 = DEFINITIONAL_REPRESENTATION('',(#12988),#12992);
#12988 = LINE('',#12989,#12990);
#12989 = CARTESIAN_POINT('',(3.926990816987,11.792277883246));
#12990 = VECTOR('',#12991,1.);
#12991 = DIRECTION('',(0.,-1.));
#12992 = ( GEOMETRIC_REPRESENTATION_CONTEXT(2) 
PARAMETRIC_REPRESENTATION_CONTEXT() REPRESENTATION_CONTEXT('2D SPACE',''
  ) );
#12993 = PCURVE('',#4375,#12994);
#12994 = DEFINITIONAL_REPRESENTATION('',(#12995),#12999);
#12995 = LINE('',#12996,#12997);
#12996 = CARTESIAN_POINT('',(-4.562188868652,2.09495946845));
#12997 = VECTOR('',#12998,1.);
#12998 = DIRECTION('',(-0.,-1.));
#12999 = ( GEOMETRIC_REPRESENTATION_CONTEXT(2) 
PARAMETRIC_REPRESENTATION_CONTEXT() REPRESENTATION_CONTEXT('2D SPACE',''
  ) );
#13000 = ORIENTED_EDGE('',*,*,#13001,.F.);
#13001 = EDGE_CURVE('',#12423,#12979,#13002,.T.);
#13002 = SURFACE_CURVE('',#13003,(#13008,#13037),.PCURVE_S1.);
#13003 = ( BOUNDED_CURVE() B_SPLINE_CURVE(3,(#13004,#13005,#13006,#13007
),.UNSPECIFIED.,.F.,.F.) B_SPLINE_CURVE_WITH_KNOTS((4,4),(0.,1.),
.PIECEWISE_BEZIER_KNOTS.) CURVE() GEOMETRIC_REPRESENTATION_ITEM() 
RATIONAL_B_SPLINE_CURVE((1.,0.949253021675,0.949253021675,1.)) 
REPRESENTATION_ITEM('') );
#13004 = CARTESIAN_POINT('',(-19.75,-1.,-20.29999999988));
#13005 = CARTESIAN_POINT('',(-22.70637212269,-1.,-20.29999999988));
#13006 = CARTESIAN_POINT('',(-25.43770381734,0.131354631257,
    -19.56528971174));
#13007 = CARTESIAN_POINT('',(-27.52817459302,2.221825406974,
    -18.20772211675));
#13008 = PCURVE('',#4405,#13009);
#13009 = DEFINITIONAL_REPRESENTATION('',(#13010),#13036);
#13010 = B_SPLINE_CURVE_WITH_KNOTS('',3,(#13011,#13012,#13013,#13014,
    #13015,#13016,#13017,#13018,#13019,#13020,#13021,#13022,#13023,
    #13024,#13025,#13026,#13027,#13028,#13029,#13030,#13031,#13032,
    #13033,#13034,#13035),.UNSPECIFIED.,.F.,.F.,(4,1,1,1,1,1,1,1,1,1,1,1
    ,1,1,1,1,1,1,1,1,1,1,4),(0.,4.545454545455E-02,9.090909090909E-02,
    0.136363636364,0.181818181818,0.227272727273,0.272727272727,
    0.318181818182,0.363636363636,0.409090909091,0.454545454545,0.5,
    0.545454545455,0.590909090909,0.636363636364,0.681818181818,
    0.727272727273,0.772727272727,0.818181818182,0.863636363636,
    0.909090909091,0.954545454545,1.),.QUASI_UNIFORM_KNOTS.);
#13011 = CARTESIAN_POINT('',(4.712388980385,9.700000000118));
#13012 = CARTESIAN_POINT('',(4.700792577547,9.699997499372));
#13013 = CARTESIAN_POINT('',(4.677519276289,9.702883868246));
#13014 = CARTESIAN_POINT('',(4.642387660282,9.716020010059));
#13015 = CARTESIAN_POINT('',(4.607053910733,9.738107405023));
#13016 = CARTESIAN_POINT('',(4.57153858039,9.769248062434));
#13017 = CARTESIAN_POINT('',(4.535862813492,9.809514012609));
#13018 = CARTESIAN_POINT('',(4.500048374953,9.858942229974));
#13019 = CARTESIAN_POINT('',(4.464117549237,9.917534686367));
#13020 = CARTESIAN_POINT('',(4.428093067804,9.985257432273));
#13021 = CARTESIAN_POINT('',(4.391998023378,10.062040364028));
#13022 = CARTESIAN_POINT('',(4.35585578315,10.147777248488));
#13023 = CARTESIAN_POINT('',(4.319689898688,10.242326128006));
#13024 = CARTESIAN_POINT('',(4.283524014226,10.345510072707));
#13025 = CARTESIAN_POINT('',(4.247381773997,10.457118280659));
#13026 = CARTESIAN_POINT('',(4.211286729571,10.576907509178));
#13027 = CARTESIAN_POINT('',(4.175262248138,10.704603818288));
#13028 = CARTESIAN_POINT('',(4.139331422422,10.839904597409));
#13029 = CARTESIAN_POINT('',(4.103516983882,10.982480855158));
#13030 = CARTESIAN_POINT('',(4.067841216984,11.131979697577));
#13031 = CARTESIAN_POINT('',(4.03232588664,11.288027104876));
#13032 = CARTESIAN_POINT('',(3.996992137091,11.450230412992));
#13033 = CARTESIAN_POINT('',(3.961860521084,11.618182523035));
#13034 = CARTESIAN_POINT('',(3.938587219825,11.733700901514));
#13035 = CARTESIAN_POINT('',(3.926990816987,11.792277883246));
#13036 = ( GEOMETRIC_REPRESENTATION_CONTEXT(2) 
PARAMETRIC_REPRESENTATION_CONTEXT() REPRESENTATION_CONTEXT('2D SPACE',''
  ) );
#13037 = PCURVE('',#12459,#13038);
#13038 = DEFINITIONAL_REPRESENTATION('',(#13039),#13044);
#13039 = ( BOUNDED_CURVE() B_SPLINE_CURVE(3,(#13040,#13041,#13042,#13043
),.UNSPECIFIED.,.F.,.F.) B_SPLINE_CURVE_WITH_KNOTS((4,4),(0.,1.),
.PIECEWISE_BEZIER_KNOTS.) CURVE() GEOMETRIC_REPRESENTATION_ITEM() 
RATIONAL_B_SPLINE_CURVE((1.,0.949253021675,0.949253021675,1.)) 
REPRESENTATION_ITEM('') );
#13040 = CARTESIAN_POINT('',(3.201595847068,3.444150891271));
#13041 = CARTESIAN_POINT('',(3.201595847068,0.487778768575));
#13042 = CARTESIAN_POINT('',(1.852610113578,-2.243552926073));
#13043 = CARTESIAN_POINT('',(-0.63999050407,-4.334023701754));
#13044 = ( GEOMETRIC_REPRESENTATION_CONTEXT(2) 
PARAMETRIC_REPRESENTATION_CONTEXT() REPRESENTATION_CONTEXT('2D SPACE',''
  ) );
#13045 = ORIENTED_EDGE('',*,*,#12422,.T.);
#13046 = ORIENTED_EDGE('',*,*,#12285,.T.);
#13047 = ORIENTED_EDGE('',*,*,#12069,.T.);
#13048 = ORIENTED_EDGE('',*,*,#11995,.T.);
#13049 = ORIENTED_EDGE('',*,*,#12809,.T.);
#13050 = ORIENTED_EDGE('',*,*,#13051,.F.);
#13051 = EDGE_CURVE('',#4388,#12810,#13052,.T.);
#13052 = SURFACE_CURVE('',#13053,(#13057,#13064),.PCURVE_S1.);
#13053 = LINE('',#13054,#13055);
#13054 = CARTESIAN_POINT('',(-30.75,10.,-30.));
#13055 = VECTOR('',#13056,1.);
#13056 = DIRECTION('',(0.,0.,1.));
#13057 = PCURVE('',#4405,#13058);
#13058 = DEFINITIONAL_REPRESENTATION('',(#13059),#13063);
#13059 = LINE('',#13060,#13061);
#13060 = CARTESIAN_POINT('',(3.14159265359,0.));
#13061 = VECTOR('',#13062,1.);
#13062 = DIRECTION('',(0.,1.));
#13063 = ( GEOMETRIC_REPRESENTATION_CONTEXT(2) 
PARAMETRIC_REPRESENTATION_CONTEXT() REPRESENTATION_CONTEXT('2D SPACE',''
  ) );
#13064 = PCURVE('',#4455,#13065);
#13065 = DEFINITIONAL_REPRESENTATION('',(#13066),#13070);
#13066 = LINE('',#13067,#13068);
#13067 = CARTESIAN_POINT('',(0.,0.));
#13068 = VECTOR('',#13069,1.);
#13069 = DIRECTION('',(-1.,0.));
#13070 = ( GEOMETRIC_REPRESENTATION_CONTEXT(2) 
PARAMETRIC_REPRESENTATION_CONTEXT() REPRESENTATION_CONTEXT('2D SPACE',''
  ) );
#13071 = ADVANCED_FACE('',(#13072),#4455,.F.);
#13072 = FACE_BOUND('',#13073,.T.);
#13073 = EDGE_LOOP('',(#13074,#13075,#13076,#13077));
#13074 = ORIENTED_EDGE('',*,*,#4439,.F.);
#13075 = ORIENTED_EDGE('',*,*,#13051,.T.);
#13076 = ORIENTED_EDGE('',*,*,#12883,.T.);
#13077 = ORIENTED_EDGE('',*,*,#12520,.F.);
#13078 = ADVANCED_FACE('',(#13079),#10805,.T.);
#13079 = FACE_BOUND('',#13080,.T.);
#13080 = EDGE_LOOP('',(#13081,#13128,#13173,#13174,#13175,#13176,#13177,
    #13178));
#13081 = ORIENTED_EDGE('',*,*,#13082,.F.);
#13082 = EDGE_CURVE('',#13083,#10767,#13085,.T.);
#13083 = VERTEX_POINT('',#13084);
#13084 = CARTESIAN_POINT('',(29.294884439249,26.,-8.765994983667));
#13085 = SURFACE_CURVE('',#13086,(#13091,#13120),.PCURVE_S1.);
#13086 = ( BOUNDED_CURVE() B_SPLINE_CURVE(3,(#13087,#13088,#13089,#13090
),.UNSPECIFIED.,.F.,.F.) B_SPLINE_CURVE_WITH_KNOTS((4,4),(1.126683721382
,1.570796326795),.PIECEWISE_BEZIER_KNOTS.) CURVE() 
GEOMETRIC_REPRESENTATION_ITEM() RATIONAL_B_SPLINE_CURVE((1.,0.9836310935
,0.9836310935,1.)) REPRESENTATION_ITEM('') );
#13087 = CARTESIAN_POINT('',(29.294884439249,26.,-8.765994983667));
#13088 = CARTESIAN_POINT('',(30.256889805075,23.978191996196,
    -10.07897245332));
#13089 = CARTESIAN_POINT('',(30.75,21.794158053286,-11.49730067965));
#13090 = CARTESIAN_POINT('',(30.75,19.555148913482,-12.95133021627));
#13091 = PCURVE('',#10805,#13092);
#13092 = DEFINITIONAL_REPRESENTATION('',(#13093),#13119);
#13093 = B_SPLINE_CURVE_WITH_KNOTS('',3,(#13094,#13095,#13096,#13097,
    #13098,#13099,#13100,#13101,#13102,#13103,#13104,#13105,#13106,
    #13107,#13108,#13109,#13110,#13111,#13112,#13113,#13114,#13115,
    #13116,#13117,#13118),.UNSPECIFIED.,.F.,.F.,(4,1,1,1,1,1,1,1,1,1,1,1
    ,1,1,1,1,1,1,1,1,1,1,4),(1.126683721382,1.146870657992,
    1.167057594601,1.187244531211,1.207431467821,1.22761840443,
    1.24780534104,1.26799227765,1.288179214259,1.308366150869,
    1.328553087479,1.348740024088,1.368926960698,1.389113897308,
    1.409300833917,1.429487770527,1.449674707137,1.469861643746,
    1.490048580356,1.510235516966,1.530422453576,1.550609390185,
    1.570796326795),.QUASI_UNIFORM_KNOTS.);
#13094 = CARTESIAN_POINT('',(0.444112605413,21.234005016333));
#13095 = CARTESIAN_POINT('',(0.437438794225,21.175301395123));
#13096 = CARTESIAN_POINT('',(0.424076259801,21.057202871172));
#13097 = CARTESIAN_POINT('',(0.403991663924,20.878079716966));
#13098 = CARTESIAN_POINT('',(0.38387019795,20.697078469245));
#13099 = CARTESIAN_POINT('',(0.363715848173,20.514300608191));
#13100 = CARTESIAN_POINT('',(0.343532635851,20.329850144188));
#13101 = CARTESIAN_POINT('',(0.323324618562,20.143833826744));
#13102 = CARTESIAN_POINT('',(0.303095883777,19.956360835921));
#13103 = CARTESIAN_POINT('',(0.282850544398,19.767542600741));
#13104 = CARTESIAN_POINT('',(0.262592733668,19.577492572948));
#13105 = CARTESIAN_POINT('',(0.242326600163,19.386326003209));
#13106 = CARTESIAN_POINT('',(0.222056302706,19.194159708316));
#13107 = CARTESIAN_POINT('',(0.20178600525,19.001111833696));
#13108 = CARTESIAN_POINT('',(0.181519871745,18.807301611343));
#13109 = CARTESIAN_POINT('',(0.161262061015,18.612849114433));
#13110 = CARTESIAN_POINT('',(0.141016721636,18.417875009723));
#13111 = CARTESIAN_POINT('',(0.120787986851,18.222500308441));
#13112 = CARTESIAN_POINT('',(0.100579969562,18.026846118114));
#13113 = CARTESIAN_POINT('',(8.039675723972E-02,17.831033391322));
#13114 = CARTESIAN_POINT('',(6.024240746321E-02,17.635182691354));
#13115 = CARTESIAN_POINT('',(4.012094148943E-02,17.439413905244));
#13116 = CARTESIAN_POINT('',(2.003634561156E-02,17.243846168504));
#13117 = CARTESIAN_POINT('',(6.673811187771E-03,17.113680069418));
#13118 = CARTESIAN_POINT('',(0.,17.048669783721));
#13119 = ( GEOMETRIC_REPRESENTATION_CONTEXT(2) 
PARAMETRIC_REPRESENTATION_CONTEXT() REPRESENTATION_CONTEXT('2D SPACE',''
  ) );
#13120 = PCURVE('',#10315,#13121);
#13121 = DEFINITIONAL_REPRESENTATION('',(#13122),#13127);
#13122 = ( BOUNDED_CURVE() B_SPLINE_CURVE(3,(#13123,#13124,#13125,#13126
),.UNSPECIFIED.,.F.,.F.) B_SPLINE_CURVE_WITH_KNOTS((4,4),(1.126683721382
,1.570796326795),.PIECEWISE_BEZIER_KNOTS.) CURVE() 
GEOMETRIC_REPRESENTATION_ITEM() RATIONAL_B_SPLINE_CURVE((1.,0.9836310935
,0.9836310935,1.)) REPRESENTATION_ITEM('') );
#13123 = CARTESIAN_POINT('',(32.193808906571,60.054884439249));
#13124 = CARTESIAN_POINT('',(29.783079257673,61.016889805075));
#13125 = CARTESIAN_POINT('',(27.178917353839,61.51));
#13126 = CARTESIAN_POINT('',(24.509205043213,61.51));
#13127 = ( GEOMETRIC_REPRESENTATION_CONTEXT(2) 
PARAMETRIC_REPRESENTATION_CONTEXT() REPRESENTATION_CONTEXT('2D SPACE',''
  ) );
#13128 = ORIENTED_EDGE('',*,*,#13129,.F.);
#13129 = EDGE_CURVE('',#11387,#13083,#13130,.T.);
#13130 = SURFACE_CURVE('',#13131,(#13136,#13165),.PCURVE_S1.);
#13131 = ( BOUNDED_CURVE() B_SPLINE_CURVE(3,(#13132,#13133,#13134,#13135
),.UNSPECIFIED.,.F.,.F.) B_SPLINE_CURVE_WITH_KNOTS((4,4),(4.219310741769
,4.268276374972),.PIECEWISE_BEZIER_KNOTS.) CURVE() 
GEOMETRIC_REPRESENTATION_ITEM() RATIONAL_B_SPLINE_CURVE((1.,
0.999800207211,0.999800207211,1.)) REPRESENTATION_ITEM('') );
#13132 = CARTESIAN_POINT('',(28.963199727346,26.655244192086,
    -9.774982557804));
#13133 = CARTESIAN_POINT('',(29.079098193148,26.439558413706,
    -9.442855584483));
#13134 = CARTESIAN_POINT('',(29.189681857601,26.221100036602,
    -9.106459183529));
#13135 = CARTESIAN_POINT('',(29.294884439249,26.,-8.765994983667));
#13136 = PCURVE('',#10805,#13137);
#13137 = DEFINITIONAL_REPRESENTATION('',(#13138),#13164);
#13138 = B_SPLINE_CURVE_WITH_KNOTS('',3,(#13139,#13140,#13141,#13142,
    #13143,#13144,#13145,#13146,#13147,#13148,#13149,#13150,#13151,
    #13152,#13153,#13154,#13155,#13156,#13157,#13158,#13159,#13160,
    #13161,#13162,#13163),.UNSPECIFIED.,.F.,.F.,(4,1,1,1,1,1,1,1,1,1,1,1
    ,1,1,1,1,1,1,1,1,1,1,4),(4.219310741769,4.221536452369,4.22376216297
    ,4.22598787357,4.22821358417,4.23043929477,4.23266500537,
    4.23489071597,4.23711642657,4.23934213717,4.24156784777,
    4.243793558371,4.246019268971,4.248244979571,4.250470690171,
    4.252696400771,4.254922111371,4.257147821971,4.259373532571,
    4.261599243171,4.263824953772,4.266050664372,4.268276374972),
  .QUASI_UNIFORM_KNOTS.);
#13139 = CARTESIAN_POINT('',(0.493078238615,20.225017442196));
#13140 = CARTESIAN_POINT('',(0.492336409197,20.240111106523));
#13141 = CARTESIAN_POINT('',(0.490852730149,20.270316896621));
#13142 = CARTESIAN_POINT('',(0.488627156455,20.315680632818));
#13143 = CARTESIAN_POINT('',(0.486401533147,20.361099087107));
#13144 = CARTESIAN_POINT('',(0.484175865737,20.406571925374));
#13145 = CARTESIAN_POINT('',(0.481950159736,20.452098812754));
#13146 = CARTESIAN_POINT('',(0.479724420655,20.497679413534));
#13147 = CARTESIAN_POINT('',(0.477498654008,20.543313391186));
#13148 = CARTESIAN_POINT('',(0.475272865307,20.589000408372));
#13149 = CARTESIAN_POINT('',(0.473047060066,20.634740126954));
#13150 = CARTESIAN_POINT('',(0.470821243797,20.680532207998));
#13151 = CARTESIAN_POINT('',(0.468595422014,20.726376311788));
#13152 = CARTESIAN_POINT('',(0.466369600232,20.772272097828));
#13153 = CARTESIAN_POINT('',(0.464143783963,20.818219224856));
#13154 = CARTESIAN_POINT('',(0.461917978721,20.864217350851));
#13155 = CARTESIAN_POINT('',(0.45969219002,20.910266133039));
#13156 = CARTESIAN_POINT('',(0.457466423373,20.956365227904));
#13157 = CARTESIAN_POINT('',(0.455240684293,21.002514291197));
#13158 = CARTESIAN_POINT('',(0.453014978291,21.04871297794));
#13159 = CARTESIAN_POINT('',(0.450789310881,21.094960942444));
#13160 = CARTESIAN_POINT('',(0.448563687573,21.141257838295));
#13161 = CARTESIAN_POINT('',(0.446338113879,21.187603318446));
#13162 = CARTESIAN_POINT('',(0.444854434831,21.21853246275));
#13163 = CARTESIAN_POINT('',(0.444112605413,21.234005016333));
#13164 = ( GEOMETRIC_REPRESENTATION_CONTEXT(2) 
PARAMETRIC_REPRESENTATION_CONTEXT() REPRESENTATION_CONTEXT('2D SPACE',''
  ) );
#13165 = PCURVE('',#4533,#13166);
#13166 = DEFINITIONAL_REPRESENTATION('',(#13167),#13172);
#13167 = ( BOUNDED_CURVE() B_SPLINE_CURVE(3,(#13168,#13169,#13170,#13171
),.UNSPECIFIED.,.F.,.F.) B_SPLINE_CURVE_WITH_KNOTS((4,4),(4.219310741769
,4.268276374972),.PIECEWISE_BEZIER_KNOTS.) CURVE() 
GEOMETRIC_REPRESENTATION_ITEM() RATIONAL_B_SPLINE_CURVE((1.,
0.999800207211,0.999800207211,1.)) REPRESENTATION_ITEM('') );
#13168 = CARTESIAN_POINT('',(1.203079746328,59.723199727346));
#13169 = CARTESIAN_POINT('',(0.80706373478,59.839098193148));
#13170 = CARTESIAN_POINT('',(0.40595701444,59.949681857601));
#13171 = CARTESIAN_POINT('',(0.,60.054884439249));
#13172 = ( GEOMETRIC_REPRESENTATION_CONTEXT(2) 
PARAMETRIC_REPRESENTATION_CONTEXT() REPRESENTATION_CONTEXT('2D SPACE',''
  ) );
#13173 = ORIENTED_EDGE('',*,*,#11386,.T.);
#13174 = ORIENTED_EDGE('',*,*,#10866,.T.);
#13175 = ORIENTED_EDGE('',*,*,#11779,.T.);
#13176 = ORIENTED_EDGE('',*,*,#11895,.T.);
#13177 = ORIENTED_EDGE('',*,*,#12906,.T.);
#13178 = ORIENTED_EDGE('',*,*,#10789,.F.);
#13179 = ADVANCED_FACE('',(#13180,#13184),#742,.F.);
#13180 = FACE_BOUND('',#13181,.T.);
#13181 = EDGE_LOOP('',(#13182,#13183));
#13182 = ORIENTED_EDGE('',*,*,#9350,.T.);
#13183 = ORIENTED_EDGE('',*,*,#727,.T.);
#13184 = FACE_BOUND('',#13185,.T.);
#13185 = EDGE_LOOP('',(#13186,#13209,#13235,#13236,#13237,#13238));
#13186 = ORIENTED_EDGE('',*,*,#13187,.F.);
#13187 = EDGE_CURVE('',#13188,#4196,#13190,.T.);
#13188 = VERTEX_POINT('',#13189);
#13189 = CARTESIAN_POINT('',(-10.,-8.,-26.3));
#13190 = SURFACE_CURVE('',#13191,(#13195,#13202),.PCURVE_S1.);
#13191 = LINE('',#13192,#13193);
#13192 = CARTESIAN_POINT('',(-10.,-13.,-26.3));
#13193 = VECTOR('',#13194,1.);
#13194 = DIRECTION('',(0.,1.,0.));
#13195 = PCURVE('',#742,#13196);
#13196 = DEFINITIONAL_REPRESENTATION('',(#13197),#13201);
#13197 = LINE('',#13198,#13199);
#13198 = CARTESIAN_POINT('',(20.,0.));
#13199 = VECTOR('',#13200,1.);
#13200 = DIRECTION('',(0.,1.));
#13201 = ( GEOMETRIC_REPRESENTATION_CONTEXT(2) 
PARAMETRIC_REPRESENTATION_CONTEXT() REPRESENTATION_CONTEXT('2D SPACE',''
  ) );
#13202 = PCURVE('',#4211,#13203);
#13203 = DEFINITIONAL_REPRESENTATION('',(#13204),#13208);
#13204 = LINE('',#13205,#13206);
#13205 = CARTESIAN_POINT('',(30.,0.));
#13206 = VECTOR('',#13207,1.);
#13207 = DIRECTION('',(0.,1.));
#13208 = ( GEOMETRIC_REPRESENTATION_CONTEXT(2) 
PARAMETRIC_REPRESENTATION_CONTEXT() REPRESENTATION_CONTEXT('2D SPACE',''
  ) );
#13209 = ORIENTED_EDGE('',*,*,#13210,.T.);
#13210 = EDGE_CURVE('',#13188,#9589,#13211,.T.);
#13211 = SURFACE_CURVE('',#13212,(#13217,#13228),.PCURVE_S1.);
#13212 = CIRCLE('',#13213,5.);
#13213 = AXIS2_PLACEMENT_3D('',#13214,#13215,#13216);
#13214 = CARTESIAN_POINT('',(-10.,-8.,-21.3));
#13215 = DIRECTION('',(-1.,0.,-0.));
#13216 = DIRECTION('',(0.,0.,-1.));
#13217 = PCURVE('',#742,#13218);
#13218 = DEFINITIONAL_REPRESENTATION('',(#13219),#13227);
#13219 = ( BOUNDED_CURVE() B_SPLINE_CURVE(2,(#13220,#13221,#13222,#13223
    ,#13224,#13225,#13226),.UNSPECIFIED.,.T.,.F.) 
B_SPLINE_CURVE_WITH_KNOTS((1,2,2,2,2,1),(-2.094395102393,0.,
    2.094395102393,4.188790204786,6.28318530718,8.377580409573),
.UNSPECIFIED.) CURVE() GEOMETRIC_REPRESENTATION_ITEM() 
RATIONAL_B_SPLINE_CURVE((1.,0.5,1.,0.5,1.,0.5,1.)) REPRESENTATION_ITEM(
  '') );
#13220 = CARTESIAN_POINT('',(20.,5.));
#13221 = CARTESIAN_POINT('',(20.,-3.660254037844));
#13222 = CARTESIAN_POINT('',(12.5,0.669872981078));
#13223 = CARTESIAN_POINT('',(5.,5.));
#13224 = CARTESIAN_POINT('',(12.5,9.330127018922));
#13225 = CARTESIAN_POINT('',(20.,13.660254037844));
#13226 = CARTESIAN_POINT('',(20.,5.));
#13227 = ( GEOMETRIC_REPRESENTATION_CONTEXT(2) 
PARAMETRIC_REPRESENTATION_CONTEXT() REPRESENTATION_CONTEXT('2D SPACE',''
  ) );
#13228 = PCURVE('',#9625,#13229);
#13229 = DEFINITIONAL_REPRESENTATION('',(#13230),#13234);
#13230 = LINE('',#13231,#13232);
#13231 = CARTESIAN_POINT('',(6.28318530718,-10.));
#13232 = VECTOR('',#13233,1.);
#13233 = DIRECTION('',(-1.,0.));
#13234 = ( GEOMETRIC_REPRESENTATION_CONTEXT(2) 
PARAMETRIC_REPRESENTATION_CONTEXT() REPRESENTATION_CONTEXT('2D SPACE',''
  ) );
#13235 = ORIENTED_EDGE('',*,*,#9588,.F.);
#13236 = ORIENTED_EDGE('',*,*,#9271,.F.);
#13237 = ORIENTED_EDGE('',*,*,#9841,.T.);
#13238 = ORIENTED_EDGE('',*,*,#12398,.T.);
#13239 = ADVANCED_FACE('',(#13240),#9625,.T.);
#13240 = FACE_BOUND('',#13241,.T.);
#13241 = EDGE_LOOP('',(#13242,#13243,#13244,#13267));
#13242 = ORIENTED_EDGE('',*,*,#9611,.F.);
#13243 = ORIENTED_EDGE('',*,*,#13210,.F.);
#13244 = ORIENTED_EDGE('',*,*,#13245,.F.);
#13245 = EDGE_CURVE('',#13246,#13188,#13248,.T.);
#13246 = VERTEX_POINT('',#13247);
#13247 = CARTESIAN_POINT('',(-6.,-8.,-26.3));
#13248 = SURFACE_CURVE('',#13249,(#13253,#13260),.PCURVE_S1.);
#13249 = LINE('',#13250,#13251);
#13250 = CARTESIAN_POINT('',(-40.,-8.,-26.3));
#13251 = VECTOR('',#13252,1.);
#13252 = DIRECTION('',(-1.,-0.,-0.));
#13253 = PCURVE('',#9625,#13254);
#13254 = DEFINITIONAL_REPRESENTATION('',(#13255),#13259);
#13255 = LINE('',#13256,#13257);
#13256 = CARTESIAN_POINT('',(6.28318530718,-40.));
#13257 = VECTOR('',#13258,1.);
#13258 = DIRECTION('',(0.,-1.));
#13259 = ( GEOMETRIC_REPRESENTATION_CONTEXT(2) 
PARAMETRIC_REPRESENTATION_CONTEXT() REPRESENTATION_CONTEXT('2D SPACE',''
  ) );
#13260 = PCURVE('',#4211,#13261);
#13261 = DEFINITIONAL_REPRESENTATION('',(#13262),#13266);
#13262 = LINE('',#13263,#13264);
#13263 = CARTESIAN_POINT('',(0.,5.));
#13264 = VECTOR('',#13265,1.);
#13265 = DIRECTION('',(-1.,0.));
#13266 = ( GEOMETRIC_REPRESENTATION_CONTEXT(2) 
PARAMETRIC_REPRESENTATION_CONTEXT() REPRESENTATION_CONTEXT('2D SPACE',''
  ) );
#13267 = ORIENTED_EDGE('',*,*,#13268,.F.);
#13268 = EDGE_CURVE('',#9492,#13246,#13269,.T.);
#13269 = SURFACE_CURVE('',#13270,(#13275,#13282),.PCURVE_S1.);
#13270 = CIRCLE('',#13271,5.);
#13271 = AXIS2_PLACEMENT_3D('',#13272,#13273,#13274);
#13272 = CARTESIAN_POINT('',(-6.,-8.,-21.3));
#13273 = DIRECTION('',(1.,-0.,0.));
#13274 = DIRECTION('',(0.,0.,1.));
#13275 = PCURVE('',#9625,#13276);
#13276 = DEFINITIONAL_REPRESENTATION('',(#13277),#13281);
#13277 = LINE('',#13278,#13279);
#13278 = CARTESIAN_POINT('',(3.14159265359,-6.));
#13279 = VECTOR('',#13280,1.);
#13280 = DIRECTION('',(1.,0.));
#13281 = ( GEOMETRIC_REPRESENTATION_CONTEXT(2) 
PARAMETRIC_REPRESENTATION_CONTEXT() REPRESENTATION_CONTEXT('2D SPACE',''
  ) );
#13282 = PCURVE('',#692,#13283);
#13283 = DEFINITIONAL_REPRESENTATION('',(#13284),#13292);
#13284 = ( BOUNDED_CURVE() B_SPLINE_CURVE(2,(#13285,#13286,#13287,#13288
    ,#13289,#13290,#13291),.UNSPECIFIED.,.T.,.F.) 
B_SPLINE_CURVE_WITH_KNOTS((1,2,2,2,2,1),(-2.094395102393,0.,
    2.094395102393,4.188790204786,6.28318530718,8.377580409573),
.UNSPECIFIED.) CURVE() GEOMETRIC_REPRESENTATION_ITEM() 
RATIONAL_B_SPLINE_CURVE((1.,0.5,1.,0.5,1.,0.5,1.)) REPRESENTATION_ITEM(
  '') );
#13285 = CARTESIAN_POINT('',(-10.,5.));
#13286 = CARTESIAN_POINT('',(-10.,-3.660254037844));
#13287 = CARTESIAN_POINT('',(-17.5,0.669872981078));
#13288 = CARTESIAN_POINT('',(-25.,5.));
#13289 = CARTESIAN_POINT('',(-17.5,9.330127018922));
#13290 = CARTESIAN_POINT('',(-10.,13.660254037844));
#13291 = CARTESIAN_POINT('',(-10.,5.));
#13292 = ( GEOMETRIC_REPRESENTATION_CONTEXT(2) 
PARAMETRIC_REPRESENTATION_CONTEXT() REPRESENTATION_CONTEXT('2D SPACE',''
  ) );
#13293 = ADVANCED_FACE('',(#13294,#13298),#692,.F.);
#13294 = FACE_BOUND('',#13295,.T.);
#13295 = EDGE_LOOP('',(#13296,#13297));
#13296 = ORIENTED_EDGE('',*,*,#675,.T.);
#13297 = ORIENTED_EDGE('',*,*,#9327,.T.);
#13298 = FACE_BOUND('',#13299,.T.);
#13299 = EDGE_LOOP('',(#13300,#13321,#13322,#13323,#13324,#13325,#13326)
  );
#13300 = ORIENTED_EDGE('',*,*,#13301,.T.);
#13301 = EDGE_CURVE('',#4168,#9920,#13302,.T.);
#13302 = SURFACE_CURVE('',#13303,(#13307,#13314),.PCURVE_S1.);
#13303 = LINE('',#13304,#13305);
#13304 = CARTESIAN_POINT('',(-6.,-1.,-6.3));
#13305 = VECTOR('',#13306,1.);
#13306 = DIRECTION('',(-0.,0.,1.));
#13307 = PCURVE('',#692,#13308);
#13308 = DEFINITIONAL_REPRESENTATION('',(#13309),#13313);
#13309 = LINE('',#13310,#13311);
#13310 = CARTESIAN_POINT('',(0.,12.));
#13311 = VECTOR('',#13312,1.);
#13312 = DIRECTION('',(1.,0.));
#13313 = ( GEOMETRIC_REPRESENTATION_CONTEXT(2) 
PARAMETRIC_REPRESENTATION_CONTEXT() REPRESENTATION_CONTEXT('2D SPACE',''
  ) );
#13314 = PCURVE('',#4183,#13315);
#13315 = DEFINITIONAL_REPRESENTATION('',(#13316),#13320);
#13316 = LINE('',#13317,#13318);
#13317 = CARTESIAN_POINT('',(0.,34.));
#13318 = VECTOR('',#13319,1.);
#13319 = DIRECTION('',(-1.,0.));
#13320 = ( GEOMETRIC_REPRESENTATION_CONTEXT(2) 
PARAMETRIC_REPRESENTATION_CONTEXT() REPRESENTATION_CONTEXT('2D SPACE',''
  ) );
#13321 = ORIENTED_EDGE('',*,*,#9942,.T.);
#13322 = ORIENTED_EDGE('',*,*,#9640,.F.);
#13323 = ORIENTED_EDGE('',*,*,#9406,.F.);
#13324 = ORIENTED_EDGE('',*,*,#9491,.F.);
#13325 = ORIENTED_EDGE('',*,*,#13268,.T.);
#13326 = ORIENTED_EDGE('',*,*,#13327,.T.);
#13327 = EDGE_CURVE('',#13246,#4168,#13328,.T.);
#13328 = SURFACE_CURVE('',#13329,(#13333,#13340),.PCURVE_S1.);
#13329 = LINE('',#13330,#13331);
#13330 = CARTESIAN_POINT('',(-6.,-13.,-26.3));
#13331 = VECTOR('',#13332,1.);
#13332 = DIRECTION('',(0.,1.,0.));
#13333 = PCURVE('',#692,#13334);
#13334 = DEFINITIONAL_REPRESENTATION('',(#13335),#13339);
#13335 = LINE('',#13336,#13337);
#13336 = CARTESIAN_POINT('',(-20.,0.));
#13337 = VECTOR('',#13338,1.);
#13338 = DIRECTION('',(0.,1.));
#13339 = ( GEOMETRIC_REPRESENTATION_CONTEXT(2) 
PARAMETRIC_REPRESENTATION_CONTEXT() REPRESENTATION_CONTEXT('2D SPACE',''
  ) );
#13340 = PCURVE('',#4211,#13341);
#13341 = DEFINITIONAL_REPRESENTATION('',(#13342),#13346);
#13342 = LINE('',#13343,#13344);
#13343 = CARTESIAN_POINT('',(34.,0.));
#13344 = VECTOR('',#13345,1.);
#13345 = DIRECTION('',(0.,1.));
#13346 = ( GEOMETRIC_REPRESENTATION_CONTEXT(2) 
PARAMETRIC_REPRESENTATION_CONTEXT() REPRESENTATION_CONTEXT('2D SPACE',''
  ) );
#13347 = ADVANCED_FACE('',(#13348),#4211,.F.);
#13348 = FACE_BOUND('',#13349,.T.);
#13349 = EDGE_LOOP('',(#13350,#13351,#13352,#13353));
#13350 = ORIENTED_EDGE('',*,*,#13327,.F.);
#13351 = ORIENTED_EDGE('',*,*,#13245,.T.);
#13352 = ORIENTED_EDGE('',*,*,#13187,.T.);
#13353 = ORIENTED_EDGE('',*,*,#4195,.T.);
#13354 = ADVANCED_FACE('',(#13355),#4183,.T.);
#13355 = FACE_BOUND('',#13356,.T.);
#13356 = EDGE_LOOP('',(#13357,#13387,#13408,#13409,#13410,#13411,#13412,
    #13435));
#13357 = ORIENTED_EDGE('',*,*,#13358,.T.);
#13358 = EDGE_CURVE('',#13359,#13361,#13363,.T.);
#13359 = VERTEX_POINT('',#13360);
#13360 = CARTESIAN_POINT('',(5.,-1.,-22.3));
#13361 = VERTEX_POINT('',#13362);
#13362 = CARTESIAN_POINT('',(5.,-1.,-26.3));
#13363 = SURFACE_CURVE('',#13364,(#13368,#13375),.PCURVE_S1.);
#13364 = LINE('',#13365,#13366);
#13365 = CARTESIAN_POINT('',(5.,-1.,-22.3));
#13366 = VECTOR('',#13367,1.);
#13367 = DIRECTION('',(0.,-2.168404344971E-16,-1.));
#13368 = PCURVE('',#4183,#13369);
#13369 = DEFINITIONAL_REPRESENTATION('',(#13370),#13374);
#13370 = LINE('',#13371,#13372);
#13371 = CARTESIAN_POINT('',(16.,45.));
#13372 = VECTOR('',#13373,1.);
#13373 = DIRECTION('',(1.,0.));
#13374 = ( GEOMETRIC_REPRESENTATION_CONTEXT(2) 
PARAMETRIC_REPRESENTATION_CONTEXT() REPRESENTATION_CONTEXT('2D SPACE',''
  ) );
#13375 = PCURVE('',#13376,#13381);
#13376 = PLANE('',#13377);
#13377 = AXIS2_PLACEMENT_3D('',#13378,#13379,#13380);
#13378 = CARTESIAN_POINT('',(5.,0.,0.));
#13379 = DIRECTION('',(1.,-0.,0.));
#13380 = DIRECTION('',(0.,0.,-1.));
#13381 = DEFINITIONAL_REPRESENTATION('',(#13382),#13386);
#13382 = LINE('',#13383,#13384);
#13383 = CARTESIAN_POINT('',(22.3,-1.));
#13384 = VECTOR('',#13385,1.);
#13385 = DIRECTION('',(1.,-2.168404344971E-16));
#13386 = ( GEOMETRIC_REPRESENTATION_CONTEXT(2) 
PARAMETRIC_REPRESENTATION_CONTEXT() REPRESENTATION_CONTEXT('2D SPACE',''
  ) );
#13387 = ORIENTED_EDGE('',*,*,#13388,.T.);
#13388 = EDGE_CURVE('',#13361,#10108,#13389,.T.);
#13389 = SURFACE_CURVE('',#13390,(#13394,#13401),.PCURVE_S1.);
#13390 = LINE('',#13391,#13392);
#13391 = CARTESIAN_POINT('',(-40.,-1.,-26.3));
#13392 = VECTOR('',#13393,1.);
#13393 = DIRECTION('',(1.,0.,0.));
#13394 = PCURVE('',#4183,#13395);
#13395 = DEFINITIONAL_REPRESENTATION('',(#13396),#13400);
#13396 = LINE('',#13397,#13398);
#13397 = CARTESIAN_POINT('',(20.,0.));
#13398 = VECTOR('',#13399,1.);
#13399 = DIRECTION('',(0.,1.));
#13400 = ( GEOMETRIC_REPRESENTATION_CONTEXT(2) 
PARAMETRIC_REPRESENTATION_CONTEXT() REPRESENTATION_CONTEXT('2D SPACE',''
  ) );
#13401 = PCURVE('',#10315,#13402);
#13402 = DEFINITIONAL_REPRESENTATION('',(#13403),#13407);
#13403 = LINE('',#13404,#13405);
#13404 = CARTESIAN_POINT('',(-1.303555924452E-15,-9.24));
#13405 = VECTOR('',#13406,1.);
#13406 = DIRECTION('',(0.,1.));
#13407 = ( GEOMETRIC_REPRESENTATION_CONTEXT(2) 
PARAMETRIC_REPRESENTATION_CONTEXT() REPRESENTATION_CONTEXT('2D SPACE',''
  ) );
#13408 = ORIENTED_EDGE('',*,*,#10107,.F.);
#13409 = ORIENTED_EDGE('',*,*,#9919,.T.);
#13410 = ORIENTED_EDGE('',*,*,#13301,.F.);
#13411 = ORIENTED_EDGE('',*,*,#4167,.T.);
#13412 = ORIENTED_EDGE('',*,*,#13413,.F.);
#13413 = EDGE_CURVE('',#13414,#4140,#13416,.T.);
#13414 = VERTEX_POINT('',#13415);
#13415 = CARTESIAN_POINT('',(-5.,-1.,-22.3));
#13416 = SURFACE_CURVE('',#13417,(#13421,#13428),.PCURVE_S1.);
#13417 = LINE('',#13418,#13419);
#13418 = CARTESIAN_POINT('',(-5.,-1.,-22.3));
#13419 = VECTOR('',#13420,1.);
#13420 = DIRECTION('',(0.,-2.168404344971E-16,-1.));
#13421 = PCURVE('',#4183,#13422);
#13422 = DEFINITIONAL_REPRESENTATION('',(#13423),#13427);
#13423 = LINE('',#13424,#13425);
#13424 = CARTESIAN_POINT('',(16.,35.));
#13425 = VECTOR('',#13426,1.);
#13426 = DIRECTION('',(1.,0.));
#13427 = ( GEOMETRIC_REPRESENTATION_CONTEXT(2) 
PARAMETRIC_REPRESENTATION_CONTEXT() REPRESENTATION_CONTEXT('2D SPACE',''
  ) );
#13428 = PCURVE('',#4155,#13429);
#13429 = DEFINITIONAL_REPRESENTATION('',(#13430),#13434);
#13430 = LINE('',#13431,#13432);
#13431 = CARTESIAN_POINT('',(22.3,-1.));
#13432 = VECTOR('',#13433,1.);
#13433 = DIRECTION('',(1.,-2.168404344971E-16));
#13434 = ( GEOMETRIC_REPRESENTATION_CONTEXT(2) 
PARAMETRIC_REPRESENTATION_CONTEXT() REPRESENTATION_CONTEXT('2D SPACE',''
  ) );
#13435 = ORIENTED_EDGE('',*,*,#13436,.F.);
#13436 = EDGE_CURVE('',#13359,#13414,#13437,.T.);
#13437 = SURFACE_CURVE('',#13438,(#13442,#13449),.PCURVE_S1.);
#13438 = LINE('',#13439,#13440);
#13439 = CARTESIAN_POINT('',(5.,-1.,-22.3));
#13440 = VECTOR('',#13441,1.);
#13441 = DIRECTION('',(-1.,0.,0.));
#13442 = PCURVE('',#4183,#13443);
#13443 = DEFINITIONAL_REPRESENTATION('',(#13444),#13448);
#13444 = LINE('',#13445,#13446);
#13445 = CARTESIAN_POINT('',(16.,45.));
#13446 = VECTOR('',#13447,1.);
#13447 = DIRECTION('',(-0.,-1.));
#13448 = ( GEOMETRIC_REPRESENTATION_CONTEXT(2) 
PARAMETRIC_REPRESENTATION_CONTEXT() REPRESENTATION_CONTEXT('2D SPACE',''
  ) );
#13449 = PCURVE('',#3907,#13450);
#13450 = DEFINITIONAL_REPRESENTATION('',(#13451),#13455);
#13451 = LINE('',#13452,#13453);
#13452 = CARTESIAN_POINT('',(-15.16267718884,5.));
#13453 = VECTOR('',#13454,1.);
#13454 = DIRECTION('',(0.,-1.));
#13455 = ( GEOMETRIC_REPRESENTATION_CONTEXT(2) 
PARAMETRIC_REPRESENTATION_CONTEXT() REPRESENTATION_CONTEXT('2D SPACE',''
  ) );
#13456 = ADVANCED_FACE('',(#13457),#4533,.T.);
#13457 = FACE_BOUND('',#13458,.T.);
#13458 = EDGE_LOOP('',(#13459,#13460,#13461,#13484,#13505,#13506,#13507,
    #13508));
#13459 = ORIENTED_EDGE('',*,*,#11454,.F.);
#13460 = ORIENTED_EDGE('',*,*,#13129,.T.);
#13461 = ORIENTED_EDGE('',*,*,#13462,.F.);
#13462 = EDGE_CURVE('',#13463,#13083,#13465,.T.);
#13463 = VERTEX_POINT('',#13464);
#13464 = CARTESIAN_POINT('',(13.,26.,-8.765994983667));
#13465 = SURFACE_CURVE('',#13466,(#13470,#13477),.PCURVE_S1.);
#13466 = LINE('',#13467,#13468);
#13467 = CARTESIAN_POINT('',(-30.76,26.,-8.765994983667));
#13468 = VECTOR('',#13469,1.);
#13469 = DIRECTION('',(1.,0.,0.));
#13470 = PCURVE('',#4533,#13471);
#13471 = DEFINITIONAL_REPRESENTATION('',(#13472),#13476);
#13472 = LINE('',#13473,#13474);
#13473 = CARTESIAN_POINT('',(0.,0.));
#13474 = VECTOR('',#13475,1.);
#13475 = DIRECTION('',(0.,1.));
#13476 = ( GEOMETRIC_REPRESENTATION_CONTEXT(2) 
PARAMETRIC_REPRESENTATION_CONTEXT() REPRESENTATION_CONTEXT('2D SPACE',''
  ) );
#13477 = PCURVE('',#10315,#13478);
#13478 = DEFINITIONAL_REPRESENTATION('',(#13479),#13483);
#13479 = LINE('',#13480,#13481);
#13480 = CARTESIAN_POINT('',(32.193808906571,0.));
#13481 = VECTOR('',#13482,1.);
#13482 = DIRECTION('',(0.,1.));
#13483 = ( GEOMETRIC_REPRESENTATION_CONTEXT(2) 
PARAMETRIC_REPRESENTATION_CONTEXT() REPRESENTATION_CONTEXT('2D SPACE',''
  ) );
#13484 = ORIENTED_EDGE('',*,*,#13485,.F.);
#13485 = EDGE_CURVE('',#3948,#13463,#13486,.T.);
#13486 = SURFACE_CURVE('',#13487,(#13491,#13498),.PCURVE_S1.);
#13487 = LINE('',#13488,#13489);
#13488 = CARTESIAN_POINT('',(-30.76,26.,-8.765994983667));
#13489 = VECTOR('',#13490,1.);
#13490 = DIRECTION('',(1.,0.,0.));
#13491 = PCURVE('',#4533,#13492);
#13492 = DEFINITIONAL_REPRESENTATION('',(#13493),#13497);
#13493 = LINE('',#13494,#13495);
#13494 = CARTESIAN_POINT('',(-1.489778199374E-15,0.));
#13495 = VECTOR('',#13496,1.);
#13496 = DIRECTION('',(0.,1.));
#13497 = ( GEOMETRIC_REPRESENTATION_CONTEXT(2) 
PARAMETRIC_REPRESENTATION_CONTEXT() REPRESENTATION_CONTEXT('2D SPACE',''
  ) );
#13498 = PCURVE('',#3989,#13499);
#13499 = DEFINITIONAL_REPRESENTATION('',(#13500),#13504);
#13500 = LINE('',#13501,#13502);
#13501 = CARTESIAN_POINT('',(-4.,0.));
#13502 = VECTOR('',#13503,1.);
#13503 = DIRECTION('',(0.,1.));
#13504 = ( GEOMETRIC_REPRESENTATION_CONTEXT(2) 
PARAMETRIC_REPRESENTATION_CONTEXT() REPRESENTATION_CONTEXT('2D SPACE',''
  ) );
#13505 = ORIENTED_EDGE('',*,*,#4519,.F.);
#13506 = ORIENTED_EDGE('',*,*,#12474,.F.);
#13507 = ORIENTED_EDGE('',*,*,#11265,.F.);
#13508 = ORIENTED_EDGE('',*,*,#11555,.F.);
#13509 = ADVANCED_FACE('',(#13510),#10315,.T.);
#13510 = FACE_BOUND('',#13511,.T.);
#13511 = EDGE_LOOP('',(#13512,#13535,#13536,#13537,#13538,#13561,#13589,
    #13615,#13616,#13617,#13618,#13619,#13642,#13694));
#13512 = ORIENTED_EDGE('',*,*,#13513,.F.);
#13513 = EDGE_CURVE('',#10333,#13514,#13516,.T.);
#13514 = VERTEX_POINT('',#13515);
#13515 = CARTESIAN_POINT('',(15.,1.,-25.0011848136));
#13516 = SURFACE_CURVE('',#13517,(#13521,#13528),.PCURVE_S1.);
#13517 = LINE('',#13518,#13519);
#13518 = CARTESIAN_POINT('',(15.,-1.,-26.3));
#13519 = VECTOR('',#13520,1.);
#13520 = DIRECTION('',(0.,0.838670567945,0.544639035015));
#13521 = PCURVE('',#10315,#13522);
#13522 = DEFINITIONAL_REPRESENTATION('',(#13523),#13527);
#13523 = LINE('',#13524,#13525);
#13524 = CARTESIAN_POINT('',(0.,45.76));
#13525 = VECTOR('',#13526,1.);
#13526 = DIRECTION('',(1.,0.));
#13527 = ( GEOMETRIC_REPRESENTATION_CONTEXT(2) 
PARAMETRIC_REPRESENTATION_CONTEXT() REPRESENTATION_CONTEXT('2D SPACE',''
  ) );
#13528 = PCURVE('',#10348,#13529);
#13529 = DEFINITIONAL_REPRESENTATION('',(#13530),#13534);
#13530 = LINE('',#13531,#13532);
#13531 = CARTESIAN_POINT('',(-6.,0.));
#13532 = VECTOR('',#13533,1.);
#13533 = DIRECTION('',(0.544639035015,0.838670567945));
#13534 = ( GEOMETRIC_REPRESENTATION_CONTEXT(2) 
PARAMETRIC_REPRESENTATION_CONTEXT() REPRESENTATION_CONTEXT('2D SPACE',''
  ) );
#13535 = ORIENTED_EDGE('',*,*,#10440,.F.);
#13536 = ORIENTED_EDGE('',*,*,#10301,.F.);
#13537 = ORIENTED_EDGE('',*,*,#13388,.F.);
#13538 = ORIENTED_EDGE('',*,*,#13539,.T.);
#13539 = EDGE_CURVE('',#13361,#13540,#13542,.T.);
#13540 = VERTEX_POINT('',#13541);
#13541 = CARTESIAN_POINT('',(5.,2.,-24.3517772204));
#13542 = SURFACE_CURVE('',#13543,(#13547,#13554),.PCURVE_S1.);
#13543 = LINE('',#13544,#13545);
#13544 = CARTESIAN_POINT('',(5.,-1.,-26.3));
#13545 = VECTOR('',#13546,1.);
#13546 = DIRECTION('',(0.,0.838670567945,0.544639035015));
#13547 = PCURVE('',#10315,#13548);
#13548 = DEFINITIONAL_REPRESENTATION('',(#13549),#13553);
#13549 = LINE('',#13550,#13551);
#13550 = CARTESIAN_POINT('',(-5.586668247651E-16,35.76));
#13551 = VECTOR('',#13552,1.);
#13552 = DIRECTION('',(1.,0.));
#13553 = ( GEOMETRIC_REPRESENTATION_CONTEXT(2) 
PARAMETRIC_REPRESENTATION_CONTEXT() REPRESENTATION_CONTEXT('2D SPACE',''
  ) );
#13554 = PCURVE('',#13376,#13555);
#13555 = DEFINITIONAL_REPRESENTATION('',(#13556),#13560);
#13556 = LINE('',#13557,#13558);
#13557 = CARTESIAN_POINT('',(26.3,-1.));
#13558 = VECTOR('',#13559,1.);
#13559 = DIRECTION('',(-0.544639035015,0.838670567945));
#13560 = ( GEOMETRIC_REPRESENTATION_CONTEXT(2) 
PARAMETRIC_REPRESENTATION_CONTEXT() REPRESENTATION_CONTEXT('2D SPACE',''
  ) );
#13561 = ORIENTED_EDGE('',*,*,#13562,.F.);
#13562 = EDGE_CURVE('',#13563,#13540,#13565,.T.);
#13563 = VERTEX_POINT('',#13564);
#13564 = CARTESIAN_POINT('',(13.,2.,-24.3517772204));
#13565 = SURFACE_CURVE('',#13566,(#13570,#13577),.PCURVE_S1.);
#13566 = LINE('',#13567,#13568);
#13567 = CARTESIAN_POINT('',(-30.76,2.,-24.3517772204));
#13568 = VECTOR('',#13569,1.);
#13569 = DIRECTION('',(-1.,-1.334402673828E-16,-8.665712287672E-17));
#13570 = PCURVE('',#10315,#13571);
#13571 = DEFINITIONAL_REPRESENTATION('',(#13572),#13576);
#13572 = LINE('',#13573,#13574);
#13573 = CARTESIAN_POINT('',(3.577089878508,0.));
#13574 = VECTOR('',#13575,1.);
#13575 = DIRECTION('',(-1.591092766135E-16,-1.));
#13576 = ( GEOMETRIC_REPRESENTATION_CONTEXT(2) 
PARAMETRIC_REPRESENTATION_CONTEXT() REPRESENTATION_CONTEXT('2D SPACE',''
  ) );
#13577 = PCURVE('',#13578,#13583);
#13578 = PLANE('',#13579);
#13579 = AXIS2_PLACEMENT_3D('',#13580,#13581,#13582);
#13580 = CARTESIAN_POINT('',(-30.76,2.,-20.3517772204));
#13581 = DIRECTION('',(1.334402673828E-16,-1.,0.));
#13582 = DIRECTION('',(1.,1.334402673828E-16,0.));
#13583 = DEFINITIONAL_REPRESENTATION('',(#13584),#13588);
#13584 = LINE('',#13585,#13586);
#13585 = CARTESIAN_POINT('',(0.,-4.));
#13586 = VECTOR('',#13587,1.);
#13587 = DIRECTION('',(-1.,-8.665712287672E-17));
#13588 = ( GEOMETRIC_REPRESENTATION_CONTEXT(2) 
PARAMETRIC_REPRESENTATION_CONTEXT() REPRESENTATION_CONTEXT('2D SPACE',''
  ) );
#13589 = ORIENTED_EDGE('',*,*,#13590,.F.);
#13590 = EDGE_CURVE('',#13463,#13563,#13591,.T.);
#13591 = SURFACE_CURVE('',#13592,(#13596,#13603),.PCURVE_S1.);
#13592 = LINE('',#13593,#13594);
#13593 = CARTESIAN_POINT('',(13.,-1.,-26.3));
#13594 = VECTOR('',#13595,1.);
#13595 = DIRECTION('',(0.,-0.838670567945,-0.544639035015));
#13596 = PCURVE('',#10315,#13597);
#13597 = DEFINITIONAL_REPRESENTATION('',(#13598),#13602);
#13598 = LINE('',#13599,#13600);
#13599 = CARTESIAN_POINT('',(0.,43.76));
#13600 = VECTOR('',#13601,1.);
#13601 = DIRECTION('',(-1.,0.));
#13602 = ( GEOMETRIC_REPRESENTATION_CONTEXT(2) 
PARAMETRIC_REPRESENTATION_CONTEXT() REPRESENTATION_CONTEXT('2D SPACE',''
  ) );
#13603 = PCURVE('',#13604,#13609);
#13604 = PLANE('',#13605);
#13605 = AXIS2_PLACEMENT_3D('',#13606,#13607,#13608);
#13606 = CARTESIAN_POINT('',(13.,-1.,-22.3));
#13607 = DIRECTION('',(1.,0.,0.));
#13608 = DIRECTION('',(0.,0.,-1.));
#13609 = DEFINITIONAL_REPRESENTATION('',(#13610),#13614);
#13610 = LINE('',#13611,#13612);
#13611 = CARTESIAN_POINT('',(4.,0.));
#13612 = VECTOR('',#13613,1.);
#13613 = DIRECTION('',(0.544639035015,-0.838670567945));
#13614 = ( GEOMETRIC_REPRESENTATION_CONTEXT(2) 
PARAMETRIC_REPRESENTATION_CONTEXT() REPRESENTATION_CONTEXT('2D SPACE',''
  ) );
#13615 = ORIENTED_EDGE('',*,*,#13462,.T.);
#13616 = ORIENTED_EDGE('',*,*,#13082,.T.);
#13617 = ORIENTED_EDGE('',*,*,#10766,.F.);
#13618 = ORIENTED_EDGE('',*,*,#10494,.F.);
#13619 = ORIENTED_EDGE('',*,*,#13620,.F.);
#13620 = EDGE_CURVE('',#13621,#10467,#13623,.T.);
#13621 = VERTEX_POINT('',#13622);
#13622 = CARTESIAN_POINT('',(26.113961030651,3.636038969349,
    -23.28932109094));
#13623 = SURFACE_CURVE('',#13624,(#13628,#13635),.PCURVE_S1.);
#13624 = LINE('',#13625,#13626);
#13625 = CARTESIAN_POINT('',(5.350804235496,24.399195764504,
    -9.805569409421));
#13626 = VECTOR('',#13627,1.);
#13627 = DIRECTION('',(0.642594670326,-0.642594670326,-0.417305858258));
#13628 = PCURVE('',#10315,#13629);
#13629 = DEFINITIONAL_REPRESENTATION('',(#13630),#13634);
#13630 = LINE('',#13631,#13632);
#13631 = CARTESIAN_POINT('',(30.285068697149,36.110804235496));
#13632 = VECTOR('',#13633,1.);
#13633 = DIRECTION('',(-0.766206297069,0.642594670326));
#13634 = ( GEOMETRIC_REPRESENTATION_CONTEXT(2) 
PARAMETRIC_REPRESENTATION_CONTEXT() REPRESENTATION_CONTEXT('2D SPACE',''
  ) );
#13635 = PCURVE('',#10482,#13636);
#13636 = DEFINITIONAL_REPRESENTATION('',(#13637),#13641);
#13637 = LINE('',#13638,#13639);
#13638 = CARTESIAN_POINT('',(0.,-6.));
#13639 = VECTOR('',#13640,1.);
#13640 = DIRECTION('',(-0.908766097884,-0.417305858258));
#13641 = ( GEOMETRIC_REPRESENTATION_CONTEXT(2) 
PARAMETRIC_REPRESENTATION_CONTEXT() REPRESENTATION_CONTEXT('2D SPACE',''
  ) );
#13642 = ORIENTED_EDGE('',*,*,#13643,.T.);
#13643 = EDGE_CURVE('',#13621,#13644,#13646,.T.);
#13644 = VERTEX_POINT('',#13645);
#13645 = CARTESIAN_POINT('',(19.75,1.,-25.0011848136));
#13646 = SURFACE_CURVE('',#13647,(#13652,#13660),.PCURVE_S1.);
#13647 = ( BOUNDED_CURVE() B_SPLINE_CURVE(3,(#13648,#13649,#13650,#13651
),.UNSPECIFIED.,.F.,.F.) B_SPLINE_CURVE_WITH_KNOTS((4,4),(0.,1.),
.PIECEWISE_BEZIER_KNOTS.) CURVE() GEOMETRIC_REPRESENTATION_ITEM() 
RATIONAL_B_SPLINE_CURVE((1.,0.949253021675,0.949253021675,1.)) 
REPRESENTATION_ITEM('') );
#13648 = CARTESIAN_POINT('',(26.113961030651,3.636038969349,
    -23.28932109094));
#13649 = CARTESIAN_POINT('',(24.403575850557,1.925653789211,
    -24.4000582141));
#13650 = CARTESIAN_POINT('',(22.168849918571,1.,-25.00118481348));
#13651 = CARTESIAN_POINT('',(19.75,1.,-25.0011848136));
#13652 = PCURVE('',#10315,#13653);
#13653 = DEFINITIONAL_REPRESENTATION('',(#13654),#13659);
#13654 = ( BOUNDED_CURVE() B_SPLINE_CURVE(3,(#13655,#13656,#13657,#13658
),.UNSPECIFIED.,.F.,.F.) B_SPLINE_CURVE_WITH_KNOTS((4,4),(0.,1.),
.PIECEWISE_BEZIER_KNOTS.) CURVE() GEOMETRIC_REPRESENTATION_ITEM() 
RATIONAL_B_SPLINE_CURVE((1.,0.949253021675,0.949253021675,1.)) 
REPRESENTATION_ITEM('') );
#13655 = CARTESIAN_POINT('',(5.527842691209,56.873961030651));
#13656 = CARTESIAN_POINT('',(3.488442185866,55.163575850557));
#13657 = CARTESIAN_POINT('',(2.384726585736,52.928849918571));
#13658 = CARTESIAN_POINT('',(2.384726585672,50.51));
#13659 = ( GEOMETRIC_REPRESENTATION_CONTEXT(2) 
PARAMETRIC_REPRESENTATION_CONTEXT() REPRESENTATION_CONTEXT('2D SPACE',''
  ) );
#13660 = PCURVE('',#13661,#13666);
#13661 = CYLINDRICAL_SURFACE('',#13662,9.);
#13662 = AXIS2_PLACEMENT_3D('',#13663,#13664,#13665);
#13663 = CARTESIAN_POINT('',(19.75,10.,-17.28932109094));
#13664 = DIRECTION('',(0.,0.,-1.));
#13665 = DIRECTION('',(-1.,0.,0.));
#13666 = DEFINITIONAL_REPRESENTATION('',(#13667),#13693);
#13667 = B_SPLINE_CURVE_WITH_KNOTS('',3,(#13668,#13669,#13670,#13671,
    #13672,#13673,#13674,#13675,#13676,#13677,#13678,#13679,#13680,
    #13681,#13682,#13683,#13684,#13685,#13686,#13687,#13688,#13689,
    #13690,#13691,#13692),.UNSPECIFIED.,.F.,.F.,(4,1,1,1,1,1,1,1,1,1,1,1
    ,1,1,1,1,1,1,1,1,1,1,4),(0.,4.545454545455E-02,9.090909090909E-02,
    0.136363636364,0.181818181818,0.227272727273,0.272727272727,
    0.318181818182,0.363636363636,0.409090909091,0.454545454545,0.5,
    0.545454545455,0.590909090909,0.636363636364,0.681818181818,
    0.727272727273,0.772727272727,0.818181818182,0.863636363636,
    0.909090909091,0.954545454545,1.),.QUASI_UNIFORM_KNOTS.);
#13668 = CARTESIAN_POINT('',(3.926990816987,6.));
#13669 = CARTESIAN_POINT('',(3.938587219825,6.047926621416));
#13670 = CARTESIAN_POINT('',(3.961860521084,6.142441658352));
#13671 = CARTESIAN_POINT('',(3.996992137091,6.279857021112));
#13672 = CARTESIAN_POINT('',(4.03232588664,6.41256881866));
#13673 = CARTESIAN_POINT('',(4.067841216984,6.540243970085));
#13674 = CARTESIAN_POINT('',(4.103516983882,6.662561204791));
#13675 = CARTESIAN_POINT('',(4.139331422422,6.779214506586));
#13676 = CARTESIAN_POINT('',(4.175262248138,6.889915144048));
#13677 = CARTESIAN_POINT('',(4.211286729571,6.994393942412));
#13678 = CARTESIAN_POINT('',(4.247381773997,7.092403311202));
#13679 = CARTESIAN_POINT('',(4.283524014225,7.18371911771));
#13680 = CARTESIAN_POINT('',(4.319689898688,7.268142345196));
#13681 = CARTESIAN_POINT('',(4.35585578315,7.345500519351));
#13682 = CARTESIAN_POINT('',(4.391998023378,7.415648879369));
#13683 = CARTESIAN_POINT('',(4.428093067804,7.478471278083));
#13684 = CARTESIAN_POINT('',(4.464117549236,7.533880797468));
#13685 = CARTESIAN_POINT('',(4.500048374952,7.581820079979));
#13686 = CARTESIAN_POINT('',(4.535862813492,7.622261348742));
#13687 = CARTESIAN_POINT('',(4.57153858039,7.655206217076));
#13688 = CARTESIAN_POINT('',(4.607053910733,7.680684936788));
#13689 = CARTESIAN_POINT('',(4.642387660282,7.698756441771));
#13690 = CARTESIAN_POINT('',(4.677519276289,7.709504194177));
#13691 = CARTESIAN_POINT('',(4.700792577547,7.71186576872));
#13692 = CARTESIAN_POINT('',(4.712388980385,7.71186372266));
#13693 = ( GEOMETRIC_REPRESENTATION_CONTEXT(2) 
PARAMETRIC_REPRESENTATION_CONTEXT() REPRESENTATION_CONTEXT('2D SPACE',''
  ) );
#13694 = ORIENTED_EDGE('',*,*,#13695,.F.);
#13695 = EDGE_CURVE('',#13514,#13644,#13696,.T.);
#13696 = SURFACE_CURVE('',#13697,(#13701,#13708),.PCURVE_S1.);
#13697 = LINE('',#13698,#13699);
#13698 = CARTESIAN_POINT('',(-30.76,1.,-25.0011848136));
#13699 = VECTOR('',#13700,1.);
#13700 = DIRECTION('',(1.,-0.,0.));
#13701 = PCURVE('',#10315,#13702);
#13702 = DEFINITIONAL_REPRESENTATION('',(#13703),#13707);
#13703 = LINE('',#13704,#13705);
#13704 = CARTESIAN_POINT('',(2.384726585672,0.));
#13705 = VECTOR('',#13706,1.);
#13706 = DIRECTION('',(0.,1.));
#13707 = ( GEOMETRIC_REPRESENTATION_CONTEXT(2) 
PARAMETRIC_REPRESENTATION_CONTEXT() REPRESENTATION_CONTEXT('2D SPACE',''
  ) );
#13708 = PCURVE('',#13709,#13714);
#13709 = PLANE('',#13710);
#13710 = AXIS2_PLACEMENT_3D('',#13711,#13712,#13713);
#13711 = CARTESIAN_POINT('',(-30.76,1.,-19.0011848136));
#13712 = DIRECTION('',(0.,1.,0.));
#13713 = DIRECTION('',(0.,-0.,1.));
#13714 = DEFINITIONAL_REPRESENTATION('',(#13715),#13719);
#13715 = LINE('',#13716,#13717);
#13716 = CARTESIAN_POINT('',(-6.,0.));
#13717 = VECTOR('',#13718,1.);
#13718 = DIRECTION('',(0.,1.));
#13719 = ( GEOMETRIC_REPRESENTATION_CONTEXT(2) 
PARAMETRIC_REPRESENTATION_CONTEXT() REPRESENTATION_CONTEXT('2D SPACE',''
  ) );
#13720 = ADVANCED_FACE('',(#13721),#3989,.F.);
#13721 = FACE_BOUND('',#13722,.T.);
#13722 = EDGE_LOOP('',(#13723,#13748,#13776,#13804,#13832,#13853,#13854,
    #13855));
#13723 = ORIENTED_EDGE('',*,*,#13724,.F.);
#13724 = EDGE_CURVE('',#13725,#13727,#13729,.T.);
#13725 = VERTEX_POINT('',#13726);
#13726 = CARTESIAN_POINT('',(4.,26.,-4.765994983667));
#13727 = VERTEX_POINT('',#13728);
#13728 = CARTESIAN_POINT('',(13.,26.,-4.765994983667));
#13729 = SURFACE_CURVE('',#13730,(#13734,#13741),.PCURVE_S1.);
#13730 = LINE('',#13731,#13732);
#13731 = CARTESIAN_POINT('',(-30.76,26.,-4.765994983667));
#13732 = VECTOR('',#13733,1.);
#13733 = DIRECTION('',(1.,0.,0.));
#13734 = PCURVE('',#3989,#13735);
#13735 = DEFINITIONAL_REPRESENTATION('',(#13736),#13740);
#13736 = LINE('',#13737,#13738);
#13737 = CARTESIAN_POINT('',(0.,0.));
#13738 = VECTOR('',#13739,1.);
#13739 = DIRECTION('',(0.,1.));
#13740 = ( GEOMETRIC_REPRESENTATION_CONTEXT(2) 
PARAMETRIC_REPRESENTATION_CONTEXT() REPRESENTATION_CONTEXT('2D SPACE',''
  ) );
#13741 = PCURVE('',#3907,#13742);
#13742 = DEFINITIONAL_REPRESENTATION('',(#13743),#13747);
#13743 = LINE('',#13744,#13745);
#13744 = CARTESIAN_POINT('',(17.03113171773,-30.76));
#13745 = VECTOR('',#13746,1.);
#13746 = DIRECTION('',(0.,1.));
#13747 = ( GEOMETRIC_REPRESENTATION_CONTEXT(2) 
PARAMETRIC_REPRESENTATION_CONTEXT() REPRESENTATION_CONTEXT('2D SPACE',''
  ) );
#13748 = ORIENTED_EDGE('',*,*,#13749,.T.);
#13749 = EDGE_CURVE('',#13725,#13750,#13752,.T.);
#13750 = VERTEX_POINT('',#13751);
#13751 = CARTESIAN_POINT('',(4.,26.,-8.050195454576));
#13752 = SURFACE_CURVE('',#13753,(#13757,#13764),.PCURVE_S1.);
#13753 = LINE('',#13754,#13755);
#13754 = CARTESIAN_POINT('',(4.,26.,-5.904323080861));
#13755 = VECTOR('',#13756,1.);
#13756 = DIRECTION('',(-0.,-0.,-1.));
#13757 = PCURVE('',#3989,#13758);
#13758 = DEFINITIONAL_REPRESENTATION('',(#13759),#13763);
#13759 = LINE('',#13760,#13761);
#13760 = CARTESIAN_POINT('',(-1.138328097194,34.76));
#13761 = VECTOR('',#13762,1.);
#13762 = DIRECTION('',(-1.,0.));
#13763 = ( GEOMETRIC_REPRESENTATION_CONTEXT(2) 
PARAMETRIC_REPRESENTATION_CONTEXT() REPRESENTATION_CONTEXT('2D SPACE',''
  ) );
#13764 = PCURVE('',#13765,#13770);
#13765 = PLANE('',#13766);
#13766 = AXIS2_PLACEMENT_3D('',#13767,#13768,#13769);
#13767 = CARTESIAN_POINT('',(4.,0.,0.));
#13768 = DIRECTION('',(1.,-0.,0.));
#13769 = DIRECTION('',(0.,0.,-1.));
#13770 = DEFINITIONAL_REPRESENTATION('',(#13771),#13775);
#13771 = LINE('',#13772,#13773);
#13772 = CARTESIAN_POINT('',(5.904323080861,26.));
#13773 = VECTOR('',#13774,1.);
#13774 = DIRECTION('',(1.,0.));
#13775 = ( GEOMETRIC_REPRESENTATION_CONTEXT(2) 
PARAMETRIC_REPRESENTATION_CONTEXT() REPRESENTATION_CONTEXT('2D SPACE',''
  ) );
#13776 = ORIENTED_EDGE('',*,*,#13777,.T.);
#13777 = EDGE_CURVE('',#13750,#13778,#13780,.T.);
#13778 = VERTEX_POINT('',#13779);
#13779 = CARTESIAN_POINT('',(-4.,26.,-8.050195454576));
#13780 = SURFACE_CURVE('',#13781,(#13785,#13792),.PCURVE_S1.);
#13781 = LINE('',#13782,#13783);
#13782 = CARTESIAN_POINT('',(4.,26.,-8.050195454576));
#13783 = VECTOR('',#13784,1.);
#13784 = DIRECTION('',(-1.,0.,0.));
#13785 = PCURVE('',#3989,#13786);
#13786 = DEFINITIONAL_REPRESENTATION('',(#13787),#13791);
#13787 = LINE('',#13788,#13789);
#13788 = CARTESIAN_POINT('',(-3.284200470909,34.76));
#13789 = VECTOR('',#13790,1.);
#13790 = DIRECTION('',(0.,-1.));
#13791 = ( GEOMETRIC_REPRESENTATION_CONTEXT(2) 
PARAMETRIC_REPRESENTATION_CONTEXT() REPRESENTATION_CONTEXT('2D SPACE',''
  ) );
#13792 = PCURVE('',#13793,#13798);
#13793 = PLANE('',#13794);
#13794 = AXIS2_PLACEMENT_3D('',#13795,#13796,#13797);
#13795 = CARTESIAN_POINT('',(4.,26.427845806959,-7.772349138819));
#13796 = DIRECTION('',(0.,-0.544639035015,0.838670567945));
#13797 = DIRECTION('',(0.,-0.838670567945,-0.544639035015));
#13798 = DEFINITIONAL_REPRESENTATION('',(#13799),#13803);
#13799 = LINE('',#13800,#13801);
#13800 = CARTESIAN_POINT('',(0.510147635212,0.));
#13801 = VECTOR('',#13802,1.);
#13802 = DIRECTION('',(-0.,-1.));
#13803 = ( GEOMETRIC_REPRESENTATION_CONTEXT(2) 
PARAMETRIC_REPRESENTATION_CONTEXT() REPRESENTATION_CONTEXT('2D SPACE',''
  ) );
#13804 = ORIENTED_EDGE('',*,*,#13805,.F.);
#13805 = EDGE_CURVE('',#13806,#13778,#13808,.T.);
#13806 = VERTEX_POINT('',#13807);
#13807 = CARTESIAN_POINT('',(-4.,26.,-4.765994983667));
#13808 = SURFACE_CURVE('',#13809,(#13813,#13820),.PCURVE_S1.);
#13809 = LINE('',#13810,#13811);
#13810 = CARTESIAN_POINT('',(-4.,26.,-5.904323080861));
#13811 = VECTOR('',#13812,1.);
#13812 = DIRECTION('',(-0.,-0.,-1.));
#13813 = PCURVE('',#3989,#13814);
#13814 = DEFINITIONAL_REPRESENTATION('',(#13815),#13819);
#13815 = LINE('',#13816,#13817);
#13816 = CARTESIAN_POINT('',(-1.138328097194,26.76));
#13817 = VECTOR('',#13818,1.);
#13818 = DIRECTION('',(-1.,0.));
#13819 = ( GEOMETRIC_REPRESENTATION_CONTEXT(2) 
PARAMETRIC_REPRESENTATION_CONTEXT() REPRESENTATION_CONTEXT('2D SPACE',''
  ) );
#13820 = PCURVE('',#13821,#13826);
#13821 = PLANE('',#13822);
#13822 = AXIS2_PLACEMENT_3D('',#13823,#13824,#13825);
#13823 = CARTESIAN_POINT('',(-4.,0.,0.));
#13824 = DIRECTION('',(1.,-0.,0.));
#13825 = DIRECTION('',(0.,0.,-1.));
#13826 = DEFINITIONAL_REPRESENTATION('',(#13827),#13831);
#13827 = LINE('',#13828,#13829);
#13828 = CARTESIAN_POINT('',(5.904323080861,26.));
#13829 = VECTOR('',#13830,1.);
#13830 = DIRECTION('',(1.,0.));
#13831 = ( GEOMETRIC_REPRESENTATION_CONTEXT(2) 
PARAMETRIC_REPRESENTATION_CONTEXT() REPRESENTATION_CONTEXT('2D SPACE',''
  ) );
#13832 = ORIENTED_EDGE('',*,*,#13833,.F.);
#13833 = EDGE_CURVE('',#3887,#13806,#13834,.T.);
#13834 = SURFACE_CURVE('',#13835,(#13839,#13846),.PCURVE_S1.);
#13835 = LINE('',#13836,#13837);
#13836 = CARTESIAN_POINT('',(-30.76,26.,-4.765994983667));
#13837 = VECTOR('',#13838,1.);
#13838 = DIRECTION('',(1.,0.,0.));
#13839 = PCURVE('',#3989,#13840);
#13840 = DEFINITIONAL_REPRESENTATION('',(#13841),#13845);
#13841 = LINE('',#13842,#13843);
#13842 = CARTESIAN_POINT('',(0.,0.));
#13843 = VECTOR('',#13844,1.);
#13844 = DIRECTION('',(0.,1.));
#13845 = ( GEOMETRIC_REPRESENTATION_CONTEXT(2) 
PARAMETRIC_REPRESENTATION_CONTEXT() REPRESENTATION_CONTEXT('2D SPACE',''
  ) );
#13846 = PCURVE('',#3907,#13847);
#13847 = DEFINITIONAL_REPRESENTATION('',(#13848),#13852);
#13848 = LINE('',#13849,#13850);
#13849 = CARTESIAN_POINT('',(17.03113171773,-30.76));
#13850 = VECTOR('',#13851,1.);
#13851 = DIRECTION('',(0.,1.));
#13852 = ( GEOMETRIC_REPRESENTATION_CONTEXT(2) 
PARAMETRIC_REPRESENTATION_CONTEXT() REPRESENTATION_CONTEXT('2D SPACE',''
  ) );
#13853 = ORIENTED_EDGE('',*,*,#3975,.T.);
#13854 = ORIENTED_EDGE('',*,*,#13485,.T.);
#13855 = ORIENTED_EDGE('',*,*,#13856,.F.);
#13856 = EDGE_CURVE('',#13727,#13463,#13857,.T.);
#13857 = SURFACE_CURVE('',#13858,(#13862,#13869),.PCURVE_S1.);
#13858 = LINE('',#13859,#13860);
#13859 = CARTESIAN_POINT('',(13.,26.,-4.765994983667));
#13860 = VECTOR('',#13861,1.);
#13861 = DIRECTION('',(0.,0.,-1.));
#13862 = PCURVE('',#3989,#13863);
#13863 = DEFINITIONAL_REPRESENTATION('',(#13864),#13868);
#13864 = LINE('',#13865,#13866);
#13865 = CARTESIAN_POINT('',(-3.552713678801E-15,43.76));
#13866 = VECTOR('',#13867,1.);
#13867 = DIRECTION('',(-1.,0.));
#13868 = ( GEOMETRIC_REPRESENTATION_CONTEXT(2) 
PARAMETRIC_REPRESENTATION_CONTEXT() REPRESENTATION_CONTEXT('2D SPACE',''
  ) );
#13869 = PCURVE('',#13604,#13870);
#13870 = DEFINITIONAL_REPRESENTATION('',(#13871),#13875);
#13871 = LINE('',#13872,#13873);
#13872 = CARTESIAN_POINT('',(-17.53400501633,27.));
#13873 = VECTOR('',#13874,1.);
#13874 = DIRECTION('',(1.,0.));
#13875 = ( GEOMETRIC_REPRESENTATION_CONTEXT(2) 
PARAMETRIC_REPRESENTATION_CONTEXT() REPRESENTATION_CONTEXT('2D SPACE',''
  ) );
#13876 = ADVANCED_FACE('',(#13877),#4099,.F.);
#13877 = FACE_BOUND('',#13878,.T.);
#13878 = EDGE_LOOP('',(#13879,#13880,#13903,#13924));
#13879 = ORIENTED_EDGE('',*,*,#4083,.T.);
#13880 = ORIENTED_EDGE('',*,*,#13881,.F.);
#13881 = EDGE_CURVE('',#13882,#4056,#13884,.T.);
#13882 = VERTEX_POINT('',#13883);
#13883 = CARTESIAN_POINT('',(-13.,10.754181234889,-14.66674816303));
#13884 = SURFACE_CURVE('',#13885,(#13889,#13896),.PCURVE_S1.);
#13885 = LINE('',#13886,#13887);
#13886 = CARTESIAN_POINT('',(-13.,10.754181234889,-14.66674816303));
#13887 = VECTOR('',#13888,1.);
#13888 = DIRECTION('',(-0.,0.544639035015,-0.838670567945));
#13889 = PCURVE('',#4099,#13890);
#13890 = DEFINITIONAL_REPRESENTATION('',(#13891),#13895);
#13891 = LINE('',#13892,#13893);
#13892 = CARTESIAN_POINT('',(7.633251836968,11.754181234889));
#13893 = VECTOR('',#13894,1.);
#13894 = DIRECTION('',(-0.838670567945,0.544639035015));
#13895 = ( GEOMETRIC_REPRESENTATION_CONTEXT(2) 
PARAMETRIC_REPRESENTATION_CONTEXT() REPRESENTATION_CONTEXT('2D SPACE',''
  ) );
#13896 = PCURVE('',#4071,#13897);
#13897 = DEFINITIONAL_REPRESENTATION('',(#13898),#13902);
#13898 = LINE('',#13899,#13900);
#13899 = CARTESIAN_POINT('',(0.,15.75));
#13900 = VECTOR('',#13901,1.);
#13901 = DIRECTION('',(1.,0.));
#13902 = ( GEOMETRIC_REPRESENTATION_CONTEXT(2) 
PARAMETRIC_REPRESENTATION_CONTEXT() REPRESENTATION_CONTEXT('2D SPACE',''
  ) );
#13903 = ORIENTED_EDGE('',*,*,#13904,.F.);
#13904 = EDGE_CURVE('',#4574,#13882,#13905,.T.);
#13905 = SURFACE_CURVE('',#13906,(#13910,#13917),.PCURVE_S1.);
#13906 = LINE('',#13907,#13908);
#13907 = CARTESIAN_POINT('',(-13.,-1.,-22.3));
#13908 = VECTOR('',#13909,1.);
#13909 = DIRECTION('',(0.,0.838670567945,0.544639035015));
#13910 = PCURVE('',#4099,#13911);
#13911 = DEFINITIONAL_REPRESENTATION('',(#13912),#13916);
#13912 = LINE('',#13913,#13914);
#13913 = CARTESIAN_POINT('',(0.,0.));
#13914 = VECTOR('',#13915,1.);
#13915 = DIRECTION('',(0.544639035015,0.838670567945));
#13916 = ( GEOMETRIC_REPRESENTATION_CONTEXT(2) 
PARAMETRIC_REPRESENTATION_CONTEXT() REPRESENTATION_CONTEXT('2D SPACE',''
  ) );
#13917 = PCURVE('',#3907,#13918);
#13918 = DEFINITIONAL_REPRESENTATION('',(#13919),#13923);
#13919 = LINE('',#13920,#13921);
#13920 = CARTESIAN_POINT('',(-15.16267718884,-13.));
#13921 = VECTOR('',#13922,1.);
#13922 = DIRECTION('',(1.,0.));
#13923 = ( GEOMETRIC_REPRESENTATION_CONTEXT(2) 
PARAMETRIC_REPRESENTATION_CONTEXT() REPRESENTATION_CONTEXT('2D SPACE',''
  ) );
#13924 = ORIENTED_EDGE('',*,*,#4573,.T.);
#13925 = ADVANCED_FACE('',(#13926),#13578,.F.);
#13926 = FACE_BOUND('',#13927,.T.);
#13927 = EDGE_LOOP('',(#13928,#13929,#13952,#13975));
#13928 = ORIENTED_EDGE('',*,*,#13562,.T.);
#13929 = ORIENTED_EDGE('',*,*,#13930,.T.);
#13930 = EDGE_CURVE('',#13540,#13931,#13933,.T.);
#13931 = VERTEX_POINT('',#13932);
#13932 = CARTESIAN_POINT('',(5.,2.,-20.3517772204));
#13933 = SURFACE_CURVE('',#13934,(#13938,#13945),.PCURVE_S1.);
#13934 = LINE('',#13935,#13936);
#13935 = CARTESIAN_POINT('',(5.,2.,-20.3517772204));
#13936 = VECTOR('',#13937,1.);
#13937 = DIRECTION('',(-0.,-0.,1.));
#13938 = PCURVE('',#13578,#13939);
#13939 = DEFINITIONAL_REPRESENTATION('',(#13940),#13944);
#13940 = LINE('',#13941,#13942);
#13941 = CARTESIAN_POINT('',(35.76,0.));
#13942 = VECTOR('',#13943,1.);
#13943 = DIRECTION('',(0.,1.));
#13944 = ( GEOMETRIC_REPRESENTATION_CONTEXT(2) 
PARAMETRIC_REPRESENTATION_CONTEXT() REPRESENTATION_CONTEXT('2D SPACE',''
  ) );
#13945 = PCURVE('',#13376,#13946);
#13946 = DEFINITIONAL_REPRESENTATION('',(#13947),#13951);
#13947 = LINE('',#13948,#13949);
#13948 = CARTESIAN_POINT('',(20.351777220407,2.));
#13949 = VECTOR('',#13950,1.);
#13950 = DIRECTION('',(-1.,0.));
#13951 = ( GEOMETRIC_REPRESENTATION_CONTEXT(2) 
PARAMETRIC_REPRESENTATION_CONTEXT() REPRESENTATION_CONTEXT('2D SPACE',''
  ) );
#13952 = ORIENTED_EDGE('',*,*,#13953,.F.);
#13953 = EDGE_CURVE('',#13954,#13931,#13956,.T.);
#13954 = VERTEX_POINT('',#13955);
#13955 = CARTESIAN_POINT('',(13.,2.,-20.3517772204));
#13956 = SURFACE_CURVE('',#13957,(#13961,#13968),.PCURVE_S1.);
#13957 = LINE('',#13958,#13959);
#13958 = CARTESIAN_POINT('',(-30.76,2.,-20.3517772204));
#13959 = VECTOR('',#13960,1.);
#13960 = DIRECTION('',(-1.,-1.334402673828E-16,-8.665712287672E-17));
#13961 = PCURVE('',#13578,#13962);
#13962 = DEFINITIONAL_REPRESENTATION('',(#13963),#13967);
#13963 = LINE('',#13964,#13965);
#13964 = CARTESIAN_POINT('',(0.,0.));
#13965 = VECTOR('',#13966,1.);
#13966 = DIRECTION('',(-1.,-8.665712287672E-17));
#13967 = ( GEOMETRIC_REPRESENTATION_CONTEXT(2) 
PARAMETRIC_REPRESENTATION_CONTEXT() REPRESENTATION_CONTEXT('2D SPACE',''
  ) );
#13968 = PCURVE('',#3907,#13969);
#13969 = DEFINITIONAL_REPRESENTATION('',(#13970),#13974);
#13970 = LINE('',#13971,#13972);
#13971 = CARTESIAN_POINT('',(-11.58558731033,-30.76));
#13972 = VECTOR('',#13973,1.);
#13973 = DIRECTION('',(-1.591092766135E-16,-1.));
#13974 = ( GEOMETRIC_REPRESENTATION_CONTEXT(2) 
PARAMETRIC_REPRESENTATION_CONTEXT() REPRESENTATION_CONTEXT('2D SPACE',''
  ) );
#13975 = ORIENTED_EDGE('',*,*,#13976,.T.);
#13976 = EDGE_CURVE('',#13954,#13563,#13977,.T.);
#13977 = SURFACE_CURVE('',#13978,(#13982,#13989),.PCURVE_S1.);
#13978 = LINE('',#13979,#13980);
#13979 = CARTESIAN_POINT('',(13.,2.,-20.3517772204));
#13980 = VECTOR('',#13981,1.);
#13981 = DIRECTION('',(0.,0.,-1.));
#13982 = PCURVE('',#13578,#13983);
#13983 = DEFINITIONAL_REPRESENTATION('',(#13984),#13988);
#13984 = LINE('',#13985,#13986);
#13985 = CARTESIAN_POINT('',(43.76,3.552713678801E-15));
#13986 = VECTOR('',#13987,1.);
#13987 = DIRECTION('',(0.,-1.));
#13988 = ( GEOMETRIC_REPRESENTATION_CONTEXT(2) 
PARAMETRIC_REPRESENTATION_CONTEXT() REPRESENTATION_CONTEXT('2D SPACE',''
  ) );
#13989 = PCURVE('',#13604,#13990);
#13990 = DEFINITIONAL_REPRESENTATION('',(#13991),#13995);
#13991 = LINE('',#13992,#13993);
#13992 = CARTESIAN_POINT('',(-1.948222779593,3.));
#13993 = VECTOR('',#13994,1.);
#13994 = DIRECTION('',(1.,0.));
#13995 = ( GEOMETRIC_REPRESENTATION_CONTEXT(2) 
PARAMETRIC_REPRESENTATION_CONTEXT() REPRESENTATION_CONTEXT('2D SPACE',''
  ) );
#13996 = ADVANCED_FACE('',(#13997),#13604,.F.);
#13997 = FACE_BOUND('',#13998,.T.);
#13998 = EDGE_LOOP('',(#13999,#14000,#14001,#14022));
#13999 = ORIENTED_EDGE('',*,*,#13590,.T.);
#14000 = ORIENTED_EDGE('',*,*,#13976,.F.);
#14001 = ORIENTED_EDGE('',*,*,#14002,.F.);
#14002 = EDGE_CURVE('',#13727,#13954,#14003,.T.);
#14003 = SURFACE_CURVE('',#14004,(#14008,#14015),.PCURVE_S1.);
#14004 = LINE('',#14005,#14006);
#14005 = CARTESIAN_POINT('',(13.,-1.,-22.3));
#14006 = VECTOR('',#14007,1.);
#14007 = DIRECTION('',(0.,-0.838670567945,-0.544639035015));
#14008 = PCURVE('',#13604,#14009);
#14009 = DEFINITIONAL_REPRESENTATION('',(#14010),#14014);
#14010 = LINE('',#14011,#14012);
#14011 = CARTESIAN_POINT('',(0.,0.));
#14012 = VECTOR('',#14013,1.);
#14013 = DIRECTION('',(0.544639035015,-0.838670567945));
#14014 = ( GEOMETRIC_REPRESENTATION_CONTEXT(2) 
PARAMETRIC_REPRESENTATION_CONTEXT() REPRESENTATION_CONTEXT('2D SPACE',''
  ) );
#14015 = PCURVE('',#3907,#14016);
#14016 = DEFINITIONAL_REPRESENTATION('',(#14017),#14021);
#14017 = LINE('',#14018,#14019);
#14018 = CARTESIAN_POINT('',(-15.16267718884,13.));
#14019 = VECTOR('',#14020,1.);
#14020 = DIRECTION('',(-1.,0.));
#14021 = ( GEOMETRIC_REPRESENTATION_CONTEXT(2) 
PARAMETRIC_REPRESENTATION_CONTEXT() REPRESENTATION_CONTEXT('2D SPACE',''
  ) );
#14022 = ORIENTED_EDGE('',*,*,#13856,.T.);
#14023 = ADVANCED_FACE('',(#14024),#3907,.T.);
#14024 = FACE_BOUND('',#14025,.T.);
#14025 = EDGE_LOOP('',(#14026,#14049,#14077,#14098,#14099,#14100,#14126,
    #14127,#14128,#14129,#14150,#14151,#14172,#14173));
#14026 = ORIENTED_EDGE('',*,*,#14027,.T.);
#14027 = EDGE_CURVE('',#13882,#14028,#14030,.T.);
#14028 = VERTEX_POINT('',#14029);
#14029 = CARTESIAN_POINT('',(-25.55,10.754181234889,-14.66674816303));
#14030 = SURFACE_CURVE('',#14031,(#14035,#14042),.PCURVE_S1.);
#14031 = LINE('',#14032,#14033);
#14032 = CARTESIAN_POINT('',(-28.75,10.754181234889,-14.66674816303));
#14033 = VECTOR('',#14034,1.);
#14034 = DIRECTION('',(-1.,-0.,-0.));
#14035 = PCURVE('',#3907,#14036);
#14036 = DEFINITIONAL_REPRESENTATION('',(#14037),#14041);
#14037 = LINE('',#14038,#14039);
#14038 = CARTESIAN_POINT('',(-1.14742442233,-28.75));
#14039 = VECTOR('',#14040,1.);
#14040 = DIRECTION('',(0.,-1.));
#14041 = ( GEOMETRIC_REPRESENTATION_CONTEXT(2) 
PARAMETRIC_REPRESENTATION_CONTEXT() REPRESENTATION_CONTEXT('2D SPACE',''
  ) );
#14042 = PCURVE('',#4071,#14043);
#14043 = DEFINITIONAL_REPRESENTATION('',(#14044),#14048);
#14044 = LINE('',#14045,#14046);
#14045 = CARTESIAN_POINT('',(0.,0.));
#14046 = VECTOR('',#14047,1.);
#14047 = DIRECTION('',(0.,-1.));
#14048 = ( GEOMETRIC_REPRESENTATION_CONTEXT(2) 
PARAMETRIC_REPRESENTATION_CONTEXT() REPRESENTATION_CONTEXT('2D SPACE',''
  ) );
#14049 = ORIENTED_EDGE('',*,*,#14050,.T.);
#14050 = EDGE_CURVE('',#14028,#14051,#14053,.T.);
#14051 = VERTEX_POINT('',#14052);
#14052 = CARTESIAN_POINT('',(-25.55,21.65689861818,-7.586440707837));
#14053 = SURFACE_CURVE('',#14054,(#14058,#14065),.PCURVE_S1.);
#14054 = LINE('',#14055,#14056);
#14055 = CARTESIAN_POINT('',(-25.55,21.656897380879,-7.586438802561));
#14056 = VECTOR('',#14057,1.);
#14057 = DIRECTION('',(-0.,0.838670567945,0.544639035015));
#14058 = PCURVE('',#3907,#14059);
#14059 = DEFINITIONAL_REPRESENTATION('',(#14060),#14064);
#14060 = LINE('',#14061,#14062);
#14061 = CARTESIAN_POINT('',(11.85257557767,-25.55));
#14062 = VECTOR('',#14063,1.);
#14063 = DIRECTION('',(1.,0.));
#14064 = ( GEOMETRIC_REPRESENTATION_CONTEXT(2) 
PARAMETRIC_REPRESENTATION_CONTEXT() REPRESENTATION_CONTEXT('2D SPACE',''
  ) );
#14065 = PCURVE('',#14066,#14071);
#14066 = CYLINDRICAL_SURFACE('',#14067,2.);
#14067 = AXIS2_PLACEMENT_3D('',#14068,#14069,#14070);
#14068 = CARTESIAN_POINT('',(-25.55,20.567619310848,-5.90909766667));
#14069 = DIRECTION('',(-0.,0.838670567945,0.544639035015));
#14070 = DIRECTION('',(0.,-0.544639035015,0.838670567945));
#14071 = DEFINITIONAL_REPRESENTATION('',(#14072),#14076);
#14072 = LINE('',#14073,#14074);
#14073 = CARTESIAN_POINT('',(3.14159265359,1.7763568394E-15));
#14074 = VECTOR('',#14075,1.);
#14075 = DIRECTION('',(0.,1.));
#14076 = ( GEOMETRIC_REPRESENTATION_CONTEXT(2) 
PARAMETRIC_REPRESENTATION_CONTEXT() REPRESENTATION_CONTEXT('2D SPACE',''
  ) );
#14077 = ORIENTED_EDGE('',*,*,#14078,.T.);
#14078 = EDGE_CURVE('',#14051,#3885,#14079,.T.);
#14079 = SURFACE_CURVE('',#14080,(#14084,#14091),.PCURVE_S1.);
#14080 = LINE('',#14081,#14082);
#14081 = CARTESIAN_POINT('',(-13.,21.65689861818,-7.586440707837));
#14082 = VECTOR('',#14083,1.);
#14083 = DIRECTION('',(1.,-0.,-0.));
#14084 = PCURVE('',#3907,#14085);
#14085 = DEFINITIONAL_REPRESENTATION('',(#14086),#14090);
#14086 = LINE('',#14087,#14088);
#14087 = CARTESIAN_POINT('',(11.85257557767,-13.));
#14088 = VECTOR('',#14089,1.);
#14089 = DIRECTION('',(0.,1.));
#14090 = ( GEOMETRIC_REPRESENTATION_CONTEXT(2) 
PARAMETRIC_REPRESENTATION_CONTEXT() REPRESENTATION_CONTEXT('2D SPACE',''
  ) );
#14091 = PCURVE('',#3935,#14092);
#14092 = DEFINITIONAL_REPRESENTATION('',(#14093),#14097);
#14093 = LINE('',#14094,#14095);
#14094 = CARTESIAN_POINT('',(0.,0.));
#14095 = VECTOR('',#14096,1.);
#14096 = DIRECTION('',(0.,1.));
#14097 = ( GEOMETRIC_REPRESENTATION_CONTEXT(2) 
PARAMETRIC_REPRESENTATION_CONTEXT() REPRESENTATION_CONTEXT('2D SPACE',''
  ) );
#14098 = ORIENTED_EDGE('',*,*,#3884,.T.);
#14099 = ORIENTED_EDGE('',*,*,#13833,.T.);
#14100 = ORIENTED_EDGE('',*,*,#14101,.F.);
#14101 = EDGE_CURVE('',#13725,#13806,#14102,.T.);
#14102 = SURFACE_CURVE('',#14103,(#14107,#14114),.PCURVE_S1.);
#14103 = LINE('',#14104,#14105);
#14104 = CARTESIAN_POINT('',(4.,26.,-4.765994983667));
#14105 = VECTOR('',#14106,1.);
#14106 = DIRECTION('',(-1.,0.,0.));
#14107 = PCURVE('',#3907,#14108);
#14108 = DEFINITIONAL_REPRESENTATION('',(#14109),#14113);
#14109 = LINE('',#14110,#14111);
#14110 = CARTESIAN_POINT('',(17.03113171773,4.));
#14111 = VECTOR('',#14112,1.);
#14112 = DIRECTION('',(0.,-1.));
#14113 = ( GEOMETRIC_REPRESENTATION_CONTEXT(2) 
PARAMETRIC_REPRESENTATION_CONTEXT() REPRESENTATION_CONTEXT('2D SPACE',''
  ) );
#14114 = PCURVE('',#14115,#14120);
#14115 = PLANE('',#14116);
#14116 = AXIS2_PLACEMENT_3D('',#14117,#14118,#14119);
#14117 = CARTESIAN_POINT('',(4.,26.,-4.765994983667));
#14118 = DIRECTION('',(0.,-0.838670567945,-0.544639035015));
#14119 = DIRECTION('',(0.,0.544639035015,-0.838670567945));
#14120 = DEFINITIONAL_REPRESENTATION('',(#14121),#14125);
#14121 = LINE('',#14122,#14123);
#14122 = CARTESIAN_POINT('',(0.,0.));
#14123 = VECTOR('',#14124,1.);
#14124 = DIRECTION('',(0.,-1.));
#14125 = ( GEOMETRIC_REPRESENTATION_CONTEXT(2) 
PARAMETRIC_REPRESENTATION_CONTEXT() REPRESENTATION_CONTEXT('2D SPACE',''
  ) );
#14126 = ORIENTED_EDGE('',*,*,#13724,.T.);
#14127 = ORIENTED_EDGE('',*,*,#14002,.T.);
#14128 = ORIENTED_EDGE('',*,*,#13953,.T.);
#14129 = ORIENTED_EDGE('',*,*,#14130,.T.);
#14130 = EDGE_CURVE('',#13931,#13359,#14131,.T.);
#14131 = SURFACE_CURVE('',#14132,(#14136,#14143),.PCURVE_S1.);
#14132 = LINE('',#14133,#14134);
#14133 = CARTESIAN_POINT('',(5.,2.,-20.3517772204));
#14134 = VECTOR('',#14135,1.);
#14135 = DIRECTION('',(0.,-0.838670567945,-0.544639035015));
#14136 = PCURVE('',#3907,#14137);
#14137 = DEFINITIONAL_REPRESENTATION('',(#14138),#14142);
#14138 = LINE('',#14139,#14140);
#14139 = CARTESIAN_POINT('',(-11.58558731033,5.));
#14140 = VECTOR('',#14141,1.);
#14141 = DIRECTION('',(-1.,0.));
#14142 = ( GEOMETRIC_REPRESENTATION_CONTEXT(2) 
PARAMETRIC_REPRESENTATION_CONTEXT() REPRESENTATION_CONTEXT('2D SPACE',''
  ) );
#14143 = PCURVE('',#13376,#14144);
#14144 = DEFINITIONAL_REPRESENTATION('',(#14145),#14149);
#14145 = LINE('',#14146,#14147);
#14146 = CARTESIAN_POINT('',(20.351777220407,2.));
#14147 = VECTOR('',#14148,1.);
#14148 = DIRECTION('',(0.544639035015,-0.838670567945));
#14149 = ( GEOMETRIC_REPRESENTATION_CONTEXT(2) 
PARAMETRIC_REPRESENTATION_CONTEXT() REPRESENTATION_CONTEXT('2D SPACE',''
  ) );
#14150 = ORIENTED_EDGE('',*,*,#13436,.T.);
#14151 = ORIENTED_EDGE('',*,*,#14152,.F.);
#14152 = EDGE_CURVE('',#4550,#13414,#14153,.T.);
#14153 = SURFACE_CURVE('',#14154,(#14158,#14165),.PCURVE_S1.);
#14154 = LINE('',#14155,#14156);
#14155 = CARTESIAN_POINT('',(-5.,2.,-20.3517772204));
#14156 = VECTOR('',#14157,1.);
#14157 = DIRECTION('',(0.,-0.838670567945,-0.544639035015));
#14158 = PCURVE('',#3907,#14159);
#14159 = DEFINITIONAL_REPRESENTATION('',(#14160),#14164);
#14160 = LINE('',#14161,#14162);
#14161 = CARTESIAN_POINT('',(-11.58558731033,-5.));
#14162 = VECTOR('',#14163,1.);
#14163 = DIRECTION('',(-1.,0.));
#14164 = ( GEOMETRIC_REPRESENTATION_CONTEXT(2) 
PARAMETRIC_REPRESENTATION_CONTEXT() REPRESENTATION_CONTEXT('2D SPACE',''
  ) );
#14165 = PCURVE('',#4155,#14166);
#14166 = DEFINITIONAL_REPRESENTATION('',(#14167),#14171);
#14167 = LINE('',#14168,#14169);
#14168 = CARTESIAN_POINT('',(20.351777220407,2.));
#14169 = VECTOR('',#14170,1.);
#14170 = DIRECTION('',(0.544639035015,-0.838670567945));
#14171 = ( GEOMETRIC_REPRESENTATION_CONTEXT(2) 
PARAMETRIC_REPRESENTATION_CONTEXT() REPRESENTATION_CONTEXT('2D SPACE',''
  ) );
#14172 = ORIENTED_EDGE('',*,*,#4596,.T.);
#14173 = ORIENTED_EDGE('',*,*,#13904,.T.);
#14174 = ADVANCED_FACE('',(#14175),#13376,.F.);
#14175 = FACE_BOUND('',#14176,.T.);
#14176 = EDGE_LOOP('',(#14177,#14178,#14179,#14180));
#14177 = ORIENTED_EDGE('',*,*,#13930,.F.);
#14178 = ORIENTED_EDGE('',*,*,#13539,.F.);
#14179 = ORIENTED_EDGE('',*,*,#13358,.F.);
#14180 = ORIENTED_EDGE('',*,*,#14130,.F.);
#14181 = ADVANCED_FACE('',(#14182),#4155,.T.);
#14182 = FACE_BOUND('',#14183,.T.);
#14183 = EDGE_LOOP('',(#14184,#14185,#14186,#14187));
#14184 = ORIENTED_EDGE('',*,*,#4549,.T.);
#14185 = ORIENTED_EDGE('',*,*,#14152,.T.);
#14186 = ORIENTED_EDGE('',*,*,#13413,.T.);
#14187 = ORIENTED_EDGE('',*,*,#4139,.T.);
#14188 = ADVANCED_FACE('',(#14189),#4325,.T.);
#14189 = FACE_BOUND('',#14190,.T.);
#14190 = EDGE_LOOP('',(#14191,#14192,#14215,#14262));
#14191 = ORIENTED_EDGE('',*,*,#4307,.F.);
#14192 = ORIENTED_EDGE('',*,*,#14193,.F.);
#14193 = EDGE_CURVE('',#14194,#4280,#14196,.T.);
#14194 = VERTEX_POINT('',#14195);
#14195 = CARTESIAN_POINT('',(-19.75,1.,-19.0011848136));
#14196 = SURFACE_CURVE('',#14197,(#14201,#14208),.PCURVE_S1.);
#14197 = LINE('',#14198,#14199);
#14198 = CARTESIAN_POINT('',(-19.75,1.,-19.0011848136));
#14199 = VECTOR('',#14200,1.);
#14200 = DIRECTION('',(0.,0.,-1.));
#14201 = PCURVE('',#4325,#14202);
#14202 = DEFINITIONAL_REPRESENTATION('',(#14203),#14207);
#14203 = LINE('',#14204,#14205);
#14204 = CARTESIAN_POINT('',(4.712388980385,0.));
#14205 = VECTOR('',#14206,1.);
#14206 = DIRECTION('',(0.,1.));
#14207 = ( GEOMETRIC_REPRESENTATION_CONTEXT(2) 
PARAMETRIC_REPRESENTATION_CONTEXT() REPRESENTATION_CONTEXT('2D SPACE',''
  ) );
#14208 = PCURVE('',#4295,#14209);
#14209 = DEFINITIONAL_REPRESENTATION('',(#14210),#14214);
#14210 = LINE('',#14211,#14212);
#14211 = CARTESIAN_POINT('',(-11.01,7.105427357601E-15));
#14212 = VECTOR('',#14213,1.);
#14213 = DIRECTION('',(-0.,-1.));
#14214 = ( GEOMETRIC_REPRESENTATION_CONTEXT(2) 
PARAMETRIC_REPRESENTATION_CONTEXT() REPRESENTATION_CONTEXT('2D SPACE',''
  ) );
#14215 = ORIENTED_EDGE('',*,*,#14216,.T.);
#14216 = EDGE_CURVE('',#14194,#14217,#14219,.T.);
#14217 = VERTEX_POINT('',#14218);
#14218 = CARTESIAN_POINT('',(-26.11396103065,3.636038969349,
    -17.28932109094));
#14219 = SURFACE_CURVE('',#14220,(#14225,#14254),.PCURVE_S1.);
#14220 = ( BOUNDED_CURVE() B_SPLINE_CURVE(3,(#14221,#14222,#14223,#14224
),.UNSPECIFIED.,.F.,.F.) B_SPLINE_CURVE_WITH_KNOTS((4,4),(0.,1.),
.PIECEWISE_BEZIER_KNOTS.) CURVE() GEOMETRIC_REPRESENTATION_ITEM() 
RATIONAL_B_SPLINE_CURVE((1.,0.949253021675,0.949253021675,1.)) 
REPRESENTATION_ITEM('') );
#14221 = CARTESIAN_POINT('',(-19.75,1.,-19.0011848136));
#14222 = CARTESIAN_POINT('',(-22.16884991857,1.,-19.00118481348));
#14223 = CARTESIAN_POINT('',(-24.40357585055,1.925653789211,
    -18.4000582141));
#14224 = CARTESIAN_POINT('',(-26.11396103065,3.636038969349,
    -17.28932109094));
#14225 = PCURVE('',#4325,#14226);
#14226 = DEFINITIONAL_REPRESENTATION('',(#14227),#14253);
#14227 = B_SPLINE_CURVE_WITH_KNOTS('',3,(#14228,#14229,#14230,#14231,
    #14232,#14233,#14234,#14235,#14236,#14237,#14238,#14239,#14240,
    #14241,#14242,#14243,#14244,#14245,#14246,#14247,#14248,#14249,
    #14250,#14251,#14252),.UNSPECIFIED.,.F.,.F.,(4,1,1,1,1,1,1,1,1,1,1,1
    ,1,1,1,1,1,1,1,1,1,1,4),(0.,4.545454545455E-02,9.090909090909E-02,
    0.136363636364,0.181818181818,0.227272727273,0.272727272727,
    0.318181818182,0.363636363636,0.409090909091,0.454545454545,0.5,
    0.545454545455,0.590909090909,0.636363636364,0.681818181818,
    0.727272727273,0.772727272727,0.818181818182,0.863636363636,
    0.909090909091,0.954545454545,1.),.QUASI_UNIFORM_KNOTS.);
#14228 = CARTESIAN_POINT('',(4.712388980385,0.));
#14229 = CARTESIAN_POINT('',(4.723985383223,2.04605978619E-06));
#14230 = CARTESIAN_POINT('',(4.74725868448,-2.359528483097E-03));
#14231 = CARTESIAN_POINT('',(4.782390300488,-1.310728088906E-02));
#14232 = CARTESIAN_POINT('',(4.817724050036,-3.117878587183E-02));
#14233 = CARTESIAN_POINT('',(4.85323938038,-5.665750558342E-02));
#14234 = CARTESIAN_POINT('',(4.888915147277,-8.960237391821E-02));
#14235 = CARTESIAN_POINT('',(4.924729585817,-0.130043642681));
#14236 = CARTESIAN_POINT('',(4.960660411533,-0.177982925192));
#14237 = CARTESIAN_POINT('',(4.996684892965,-0.233392444576));
#14238 = CARTESIAN_POINT('',(5.032779937391,-0.296214843291));
#14239 = CARTESIAN_POINT('',(5.06892217762,-0.366363203308));
#14240 = CARTESIAN_POINT('',(5.105088062082,-0.443721377464));
#14241 = CARTESIAN_POINT('',(5.141253946544,-0.528144604949));
#14242 = CARTESIAN_POINT('',(5.177396186773,-0.619460411458));
#14243 = CARTESIAN_POINT('',(5.213491231199,-0.717469780248));
#14244 = CARTESIAN_POINT('',(5.249515712631,-0.821948578611));
#14245 = CARTESIAN_POINT('',(5.285446538347,-0.932649216074));
#14246 = CARTESIAN_POINT('',(5.321260976887,-1.049302517868));
#14247 = CARTESIAN_POINT('',(5.356936743785,-1.171619752574));
#14248 = CARTESIAN_POINT('',(5.392452074129,-1.299294904));
#14249 = CARTESIAN_POINT('',(5.427785823678,-1.432006701547));
#14250 = CARTESIAN_POINT('',(5.462917439686,-1.569422064308));
#14251 = CARTESIAN_POINT('',(5.486190740944,-1.663937101243));
#14252 = CARTESIAN_POINT('',(5.497787143782,-1.71186372266));
#14253 = ( GEOMETRIC_REPRESENTATION_CONTEXT(2) 
PARAMETRIC_REPRESENTATION_CONTEXT() REPRESENTATION_CONTEXT('2D SPACE',''
  ) );
#14254 = PCURVE('',#12459,#14255);
#14255 = DEFINITIONAL_REPRESENTATION('',(#14256),#14261);
#14256 = ( BOUNDED_CURVE() B_SPLINE_CURVE(3,(#14257,#14258,#14259,#14260
),.UNSPECIFIED.,.F.,.F.) B_SPLINE_CURVE_WITH_KNOTS((4,4),(0.,1.),
.PIECEWISE_BEZIER_KNOTS.) CURVE() GEOMETRIC_REPRESENTATION_ITEM() 
RATIONAL_B_SPLINE_CURVE((1.,0.949253021675,0.949253021675,1.)) 
REPRESENTATION_ITEM('') );
#14257 = CARTESIAN_POINT('',(0.816869261461,3.444150891271));
#14258 = CARTESIAN_POINT('',(0.816869261396,1.0253009727));
#14259 = CARTESIAN_POINT('',(-0.286846338733,-1.209424959285));
#14260 = CARTESIAN_POINT('',(-2.326246844076,-2.91981013938));
#14261 = ( GEOMETRIC_REPRESENTATION_CONTEXT(2) 
PARAMETRIC_REPRESENTATION_CONTEXT() REPRESENTATION_CONTEXT('2D SPACE',''
  ) );
#14262 = ORIENTED_EDGE('',*,*,#14263,.T.);
#14263 = EDGE_CURVE('',#14217,#4308,#14264,.T.);
#14264 = SURFACE_CURVE('',#14265,(#14269,#14276),.PCURVE_S1.);
#14265 = LINE('',#14266,#14267);
#14266 = CARTESIAN_POINT('',(-26.11396103065,3.636038969349,
    -17.28932109094));
#14267 = VECTOR('',#14268,1.);
#14268 = DIRECTION('',(0.,0.,-1.));
#14269 = PCURVE('',#4325,#14270);
#14270 = DEFINITIONAL_REPRESENTATION('',(#14271),#14275);
#14271 = LINE('',#14272,#14273);
#14272 = CARTESIAN_POINT('',(5.497787143782,-1.71186372266));
#14273 = VECTOR('',#14274,1.);
#14274 = DIRECTION('',(0.,1.));
#14275 = ( GEOMETRIC_REPRESENTATION_CONTEXT(2) 
PARAMETRIC_REPRESENTATION_CONTEXT() REPRESENTATION_CONTEXT('2D SPACE',''
  ) );
#14276 = PCURVE('',#4375,#14277);
#14277 = DEFINITIONAL_REPRESENTATION('',(#14278),#14282);
#14278 = LINE('',#14279,#14280);
#14279 = CARTESIAN_POINT('',(-6.562188868654,3.013360494259));
#14280 = VECTOR('',#14281,1.);
#14281 = DIRECTION('',(-0.,-1.));
#14282 = ( GEOMETRIC_REPRESENTATION_CONTEXT(2) 
PARAMETRIC_REPRESENTATION_CONTEXT() REPRESENTATION_CONTEXT('2D SPACE',''
  ) );
#14283 = ADVANCED_FACE('',(#14284),#4375,.F.);
#14284 = FACE_BOUND('',#14285,.T.);
#14285 = EDGE_LOOP('',(#14286,#14287,#14288,#14309));
#14286 = ORIENTED_EDGE('',*,*,#4359,.T.);
#14287 = ORIENTED_EDGE('',*,*,#14263,.F.);
#14288 = ORIENTED_EDGE('',*,*,#14289,.F.);
#14289 = EDGE_CURVE('',#12979,#14217,#14290,.T.);
#14290 = SURFACE_CURVE('',#14291,(#14295,#14302),.PCURVE_S1.);
#14291 = LINE('',#14292,#14293);
#14292 = CARTESIAN_POINT('',(-30.7541292791,-1.004129279103,
    -20.3026815852));
#14293 = VECTOR('',#14294,1.);
#14294 = DIRECTION('',(0.642594670326,0.642594670326,0.417305858258));
#14295 = PCURVE('',#4375,#14296);
#14296 = DEFINITIONAL_REPRESENTATION('',(#14297),#14301);
#14297 = LINE('',#14298,#14299);
#14298 = CARTESIAN_POINT('',(0.,0.));
#14299 = VECTOR('',#14300,1.);
#14300 = DIRECTION('',(-0.908766097884,0.417305858258));
#14301 = ( GEOMETRIC_REPRESENTATION_CONTEXT(2) 
PARAMETRIC_REPRESENTATION_CONTEXT() REPRESENTATION_CONTEXT('2D SPACE',''
  ) );
#14302 = PCURVE('',#12459,#14303);
#14303 = DEFINITIONAL_REPRESENTATION('',(#14304),#14308);
#14304 = LINE('',#14305,#14306);
#14305 = CARTESIAN_POINT('',(3.206519447961,-7.559978387832));
#14306 = VECTOR('',#14307,1.);
#14307 = DIRECTION('',(-0.766206297069,0.642594670326));
#14308 = ( GEOMETRIC_REPRESENTATION_CONTEXT(2) 
PARAMETRIC_REPRESENTATION_CONTEXT() REPRESENTATION_CONTEXT('2D SPACE',''
  ) );
#14309 = ORIENTED_EDGE('',*,*,#12978,.T.);
#14310 = ADVANCED_FACE('',(#14311),#4267,.F.);
#14311 = FACE_BOUND('',#14312,.T.);
#14312 = EDGE_LOOP('',(#14313,#14314,#14315,#14338));
#14313 = ORIENTED_EDGE('',*,*,#4251,.T.);
#14314 = ORIENTED_EDGE('',*,*,#12374,.F.);
#14315 = ORIENTED_EDGE('',*,*,#14316,.F.);
#14316 = EDGE_CURVE('',#14317,#12375,#14319,.T.);
#14317 = VERTEX_POINT('',#14318);
#14318 = CARTESIAN_POINT('',(-15.,1.,-19.0011848136));
#14319 = SURFACE_CURVE('',#14320,(#14324,#14331),.PCURVE_S1.);
#14320 = LINE('',#14321,#14322);
#14321 = CARTESIAN_POINT('',(-15.,-1.,-20.3));
#14322 = VECTOR('',#14323,1.);
#14323 = DIRECTION('',(0.,-0.838670567945,-0.544639035015));
#14324 = PCURVE('',#4267,#14325);
#14325 = DEFINITIONAL_REPRESENTATION('',(#14326),#14330);
#14326 = LINE('',#14327,#14328);
#14327 = CARTESIAN_POINT('',(0.,0.));
#14328 = VECTOR('',#14329,1.);
#14329 = DIRECTION('',(0.544639035015,-0.838670567945));
#14330 = ( GEOMETRIC_REPRESENTATION_CONTEXT(2) 
PARAMETRIC_REPRESENTATION_CONTEXT() REPRESENTATION_CONTEXT('2D SPACE',''
  ) );
#14331 = PCURVE('',#12459,#14332);
#14332 = DEFINITIONAL_REPRESENTATION('',(#14333),#14337);
#14333 = LINE('',#14334,#14335);
#14334 = CARTESIAN_POINT('',(3.201595847133,8.194150891271));
#14335 = VECTOR('',#14336,1.);
#14336 = DIRECTION('',(1.,3.389636702122E-31));
#14337 = ( GEOMETRIC_REPRESENTATION_CONTEXT(2) 
PARAMETRIC_REPRESENTATION_CONTEXT() REPRESENTATION_CONTEXT('2D SPACE',''
  ) );
#14338 = ORIENTED_EDGE('',*,*,#14339,.T.);
#14339 = EDGE_CURVE('',#14317,#4252,#14340,.T.);
#14340 = SURFACE_CURVE('',#14341,(#14345,#14352),.PCURVE_S1.);
#14341 = LINE('',#14342,#14343);
#14342 = CARTESIAN_POINT('',(-15.,1.,-19.0011848136));
#14343 = VECTOR('',#14344,1.);
#14344 = DIRECTION('',(0.,0.,-1.));
#14345 = PCURVE('',#4267,#14346);
#14346 = DEFINITIONAL_REPRESENTATION('',(#14347),#14351);
#14347 = LINE('',#14348,#14349);
#14348 = CARTESIAN_POINT('',(-1.298815186395,2.));
#14349 = VECTOR('',#14350,1.);
#14350 = DIRECTION('',(1.,0.));
#14351 = ( GEOMETRIC_REPRESENTATION_CONTEXT(2) 
PARAMETRIC_REPRESENTATION_CONTEXT() REPRESENTATION_CONTEXT('2D SPACE',''
  ) );
#14352 = PCURVE('',#4295,#14353);
#14353 = DEFINITIONAL_REPRESENTATION('',(#14354),#14358);
#14354 = LINE('',#14355,#14356);
#14355 = CARTESIAN_POINT('',(-15.76,7.105427357601E-15));
#14356 = VECTOR('',#14357,1.);
#14357 = DIRECTION('',(-0.,-1.));
#14358 = ( GEOMETRIC_REPRESENTATION_CONTEXT(2) 
PARAMETRIC_REPRESENTATION_CONTEXT() REPRESENTATION_CONTEXT('2D SPACE',''
  ) );
#14359 = ADVANCED_FACE('',(#14360),#4295,.F.);
#14360 = FACE_BOUND('',#14361,.T.);
#14361 = EDGE_LOOP('',(#14362,#14363,#14364,#14385));
#14362 = ORIENTED_EDGE('',*,*,#4279,.T.);
#14363 = ORIENTED_EDGE('',*,*,#14339,.F.);
#14364 = ORIENTED_EDGE('',*,*,#14365,.F.);
#14365 = EDGE_CURVE('',#14194,#14317,#14366,.T.);
#14366 = SURFACE_CURVE('',#14367,(#14371,#14378),.PCURVE_S1.);
#14367 = LINE('',#14368,#14369);
#14368 = CARTESIAN_POINT('',(-30.76,1.,-19.0011848136));
#14369 = VECTOR('',#14370,1.);
#14370 = DIRECTION('',(1.,7.760605024107E-16,5.039795830462E-16));
#14371 = PCURVE('',#4295,#14372);
#14372 = DEFINITIONAL_REPRESENTATION('',(#14373),#14377);
#14373 = LINE('',#14374,#14375);
#14374 = CARTESIAN_POINT('',(0.,0.));
#14375 = VECTOR('',#14376,1.);
#14376 = DIRECTION('',(-1.,5.039795830462E-16));
#14377 = ( GEOMETRIC_REPRESENTATION_CONTEXT(2) 
PARAMETRIC_REPRESENTATION_CONTEXT() REPRESENTATION_CONTEXT('2D SPACE',''
  ) );
#14378 = PCURVE('',#12459,#14379);
#14379 = DEFINITIONAL_REPRESENTATION('',(#14380),#14384);
#14380 = LINE('',#14381,#14382);
#14381 = CARTESIAN_POINT('',(0.816869261461,-7.565849108729));
#14382 = VECTOR('',#14383,1.);
#14383 = DIRECTION('',(-9.253460560943E-16,1.));
#14384 = ( GEOMETRIC_REPRESENTATION_CONTEXT(2) 
PARAMETRIC_REPRESENTATION_CONTEXT() REPRESENTATION_CONTEXT('2D SPACE',''
  ) );
#14385 = ORIENTED_EDGE('',*,*,#14193,.T.);
#14386 = ADVANCED_FACE('',(#14387),#12459,.F.);
#14387 = FACE_BOUND('',#14388,.T.);
#14388 = EDGE_LOOP('',(#14389,#14390,#14391,#14392,#14393,#14394));
#14389 = ORIENTED_EDGE('',*,*,#14216,.F.);
#14390 = ORIENTED_EDGE('',*,*,#14365,.T.);
#14391 = ORIENTED_EDGE('',*,*,#14316,.T.);
#14392 = ORIENTED_EDGE('',*,*,#12445,.T.);
#14393 = ORIENTED_EDGE('',*,*,#13001,.T.);
#14394 = ORIENTED_EDGE('',*,*,#14289,.T.);
#14395 = ADVANCED_FACE('',(#14396),#13661,.T.);
#14396 = FACE_BOUND('',#14397,.T.);
#14397 = EDGE_LOOP('',(#14398,#14399,#14422,#14469));
#14398 = ORIENTED_EDGE('',*,*,#13643,.F.);
#14399 = ORIENTED_EDGE('',*,*,#14400,.F.);
#14400 = EDGE_CURVE('',#14401,#13621,#14403,.T.);
#14401 = VERTEX_POINT('',#14402);
#14402 = CARTESIAN_POINT('',(26.113961030651,3.636038969349,
    -17.28932109094));
#14403 = SURFACE_CURVE('',#14404,(#14408,#14415),.PCURVE_S1.);
#14404 = LINE('',#14405,#14406);
#14405 = CARTESIAN_POINT('',(26.113961030651,3.636038969349,
    -17.28932109094));
#14406 = VECTOR('',#14407,1.);
#14407 = DIRECTION('',(0.,0.,-1.));
#14408 = PCURVE('',#13661,#14409);
#14409 = DEFINITIONAL_REPRESENTATION('',(#14410),#14414);
#14410 = LINE('',#14411,#14412);
#14411 = CARTESIAN_POINT('',(3.926990816987,0.));
#14412 = VECTOR('',#14413,1.);
#14413 = DIRECTION('',(0.,1.));
#14414 = ( GEOMETRIC_REPRESENTATION_CONTEXT(2) 
PARAMETRIC_REPRESENTATION_CONTEXT() REPRESENTATION_CONTEXT('2D SPACE',''
  ) );
#14415 = PCURVE('',#10482,#14416);
#14416 = DEFINITIONAL_REPRESENTATION('',(#14417),#14421);
#14417 = LINE('',#14418,#14419);
#14418 = CARTESIAN_POINT('',(-29.36353793738,-13.48375168152));
#14419 = VECTOR('',#14420,1.);
#14420 = DIRECTION('',(0.,-1.));
#14421 = ( GEOMETRIC_REPRESENTATION_CONTEXT(2) 
PARAMETRIC_REPRESENTATION_CONTEXT() REPRESENTATION_CONTEXT('2D SPACE',''
  ) );
#14422 = ORIENTED_EDGE('',*,*,#14423,.T.);
#14423 = EDGE_CURVE('',#14401,#14424,#14426,.T.);
#14424 = VERTEX_POINT('',#14425);
#14425 = CARTESIAN_POINT('',(19.75,1.,-19.0011848136));
#14426 = SURFACE_CURVE('',#14427,(#14432,#14461),.PCURVE_S1.);
#14427 = ( BOUNDED_CURVE() B_SPLINE_CURVE(3,(#14428,#14429,#14430,#14431
),.UNSPECIFIED.,.F.,.F.) B_SPLINE_CURVE_WITH_KNOTS((4,4),(0.,1.),
.PIECEWISE_BEZIER_KNOTS.) CURVE() GEOMETRIC_REPRESENTATION_ITEM() 
RATIONAL_B_SPLINE_CURVE((1.,0.949253021675,0.949253021675,1.)) 
REPRESENTATION_ITEM('') );
#14428 = CARTESIAN_POINT('',(26.113961030651,3.636038969349,
    -17.28932109094));
#14429 = CARTESIAN_POINT('',(24.403575850557,1.925653789211,
    -18.4000582141));
#14430 = CARTESIAN_POINT('',(22.168849918571,1.,-19.00118481348));
#14431 = CARTESIAN_POINT('',(19.75,1.,-19.0011848136));
#14432 = PCURVE('',#13661,#14433);
#14433 = DEFINITIONAL_REPRESENTATION('',(#14434),#14460);
#14434 = B_SPLINE_CURVE_WITH_KNOTS('',3,(#14435,#14436,#14437,#14438,
    #14439,#14440,#14441,#14442,#14443,#14444,#14445,#14446,#14447,
    #14448,#14449,#14450,#14451,#14452,#14453,#14454,#14455,#14456,
    #14457,#14458,#14459),.UNSPECIFIED.,.F.,.F.,(4,1,1,1,1,1,1,1,1,1,1,1
    ,1,1,1,1,1,1,1,1,1,1,4),(0.,4.545454545455E-02,9.090909090909E-02,
    0.136363636364,0.181818181818,0.227272727273,0.272727272727,
    0.318181818182,0.363636363636,0.409090909091,0.454545454545,0.5,
    0.545454545455,0.590909090909,0.636363636364,0.681818181818,
    0.727272727273,0.772727272727,0.818181818182,0.863636363636,
    0.909090909091,0.954545454545,1.),.QUASI_UNIFORM_KNOTS.);
#14435 = CARTESIAN_POINT('',(3.926990816987,0.));
#14436 = CARTESIAN_POINT('',(3.938587219825,4.792662141637E-02));
#14437 = CARTESIAN_POINT('',(3.961860521084,0.142441658352));
#14438 = CARTESIAN_POINT('',(3.996992137091,0.279857021112));
#14439 = CARTESIAN_POINT('',(4.03232588664,0.41256881866));
#14440 = CARTESIAN_POINT('',(4.067841216984,0.540243970085));
#14441 = CARTESIAN_POINT('',(4.103516983882,0.662561204791));
#14442 = CARTESIAN_POINT('',(4.139331422422,0.779214506586));
#14443 = CARTESIAN_POINT('',(4.175262248138,0.889915144048));
#14444 = CARTESIAN_POINT('',(4.211286729571,0.994393942412));
#14445 = CARTESIAN_POINT('',(4.247381773997,1.092403311202));
#14446 = CARTESIAN_POINT('',(4.283524014225,1.18371911771));
#14447 = CARTESIAN_POINT('',(4.319689898688,1.268142345196));
#14448 = CARTESIAN_POINT('',(4.35585578315,1.345500519351));
#14449 = CARTESIAN_POINT('',(4.391998023378,1.415648879369));
#14450 = CARTESIAN_POINT('',(4.428093067804,1.478471278083));
#14451 = CARTESIAN_POINT('',(4.464117549236,1.533880797468));
#14452 = CARTESIAN_POINT('',(4.500048374952,1.581820079979));
#14453 = CARTESIAN_POINT('',(4.535862813492,1.622261348742));
#14454 = CARTESIAN_POINT('',(4.57153858039,1.655206217076));
#14455 = CARTESIAN_POINT('',(4.607053910733,1.680684936788));
#14456 = CARTESIAN_POINT('',(4.642387660282,1.698756441771));
#14457 = CARTESIAN_POINT('',(4.677519276289,1.709504194177));
#14458 = CARTESIAN_POINT('',(4.700792577547,1.71186576872));
#14459 = CARTESIAN_POINT('',(4.712388980385,1.71186372266));
#14460 = ( GEOMETRIC_REPRESENTATION_CONTEXT(2) 
PARAMETRIC_REPRESENTATION_CONTEXT() REPRESENTATION_CONTEXT('2D SPACE',''
  ) );
#14461 = PCURVE('',#10376,#14462);
#14462 = DEFINITIONAL_REPRESENTATION('',(#14463),#14468);
#14463 = ( BOUNDED_CURVE() B_SPLINE_CURVE(3,(#14464,#14465,#14466,#14467
),.UNSPECIFIED.,.F.,.F.) B_SPLINE_CURVE_WITH_KNOTS((4,4),(0.,1.),
.PIECEWISE_BEZIER_KNOTS.) CURVE() GEOMETRIC_REPRESENTATION_ITEM() 
RATIONAL_B_SPLINE_CURVE((1.,0.949253021675,0.949253021675,1.)) 
REPRESENTATION_ITEM('') );
#14464 = CARTESIAN_POINT('',(-2.326246844076,2.91981013938));
#14465 = CARTESIAN_POINT('',(-0.286846338733,1.209424959285));
#14466 = CARTESIAN_POINT('',(0.816869261396,-1.0253009727));
#14467 = CARTESIAN_POINT('',(0.816869261461,-3.444150891271));
#14468 = ( GEOMETRIC_REPRESENTATION_CONTEXT(2) 
PARAMETRIC_REPRESENTATION_CONTEXT() REPRESENTATION_CONTEXT('2D SPACE',''
  ) );
#14469 = ORIENTED_EDGE('',*,*,#14470,.T.);
#14470 = EDGE_CURVE('',#14424,#13644,#14471,.T.);
#14471 = SURFACE_CURVE('',#14472,(#14476,#14483),.PCURVE_S1.);
#14472 = LINE('',#14473,#14474);
#14473 = CARTESIAN_POINT('',(19.75,1.,-19.0011848136));
#14474 = VECTOR('',#14475,1.);
#14475 = DIRECTION('',(0.,0.,-1.));
#14476 = PCURVE('',#13661,#14477);
#14477 = DEFINITIONAL_REPRESENTATION('',(#14478),#14482);
#14478 = LINE('',#14479,#14480);
#14479 = CARTESIAN_POINT('',(4.712388980385,1.71186372266));
#14480 = VECTOR('',#14481,1.);
#14481 = DIRECTION('',(0.,1.));
#14482 = ( GEOMETRIC_REPRESENTATION_CONTEXT(2) 
PARAMETRIC_REPRESENTATION_CONTEXT() REPRESENTATION_CONTEXT('2D SPACE',''
  ) );
#14483 = PCURVE('',#13709,#14484);
#14484 = DEFINITIONAL_REPRESENTATION('',(#14485),#14489);
#14485 = LINE('',#14486,#14487);
#14486 = CARTESIAN_POINT('',(0.,50.51));
#14487 = VECTOR('',#14488,1.);
#14488 = DIRECTION('',(-1.,0.));
#14489 = ( GEOMETRIC_REPRESENTATION_CONTEXT(2) 
PARAMETRIC_REPRESENTATION_CONTEXT() REPRESENTATION_CONTEXT('2D SPACE',''
  ) );
#14490 = ADVANCED_FACE('',(#14491),#13709,.F.);
#14491 = FACE_BOUND('',#14492,.T.);
#14492 = EDGE_LOOP('',(#14493,#14494,#14495,#14518));
#14493 = ORIENTED_EDGE('',*,*,#13695,.T.);
#14494 = ORIENTED_EDGE('',*,*,#14470,.F.);
#14495 = ORIENTED_EDGE('',*,*,#14496,.F.);
#14496 = EDGE_CURVE('',#14497,#14424,#14499,.T.);
#14497 = VERTEX_POINT('',#14498);
#14498 = CARTESIAN_POINT('',(15.,1.,-19.0011848136));
#14499 = SURFACE_CURVE('',#14500,(#14504,#14511),.PCURVE_S1.);
#14500 = LINE('',#14501,#14502);
#14501 = CARTESIAN_POINT('',(-30.76,1.,-19.0011848136));
#14502 = VECTOR('',#14503,1.);
#14503 = DIRECTION('',(1.,-0.,0.));
#14504 = PCURVE('',#13709,#14505);
#14505 = DEFINITIONAL_REPRESENTATION('',(#14506),#14510);
#14506 = LINE('',#14507,#14508);
#14507 = CARTESIAN_POINT('',(0.,0.));
#14508 = VECTOR('',#14509,1.);
#14509 = DIRECTION('',(0.,1.));
#14510 = ( GEOMETRIC_REPRESENTATION_CONTEXT(2) 
PARAMETRIC_REPRESENTATION_CONTEXT() REPRESENTATION_CONTEXT('2D SPACE',''
  ) );
#14511 = PCURVE('',#10376,#14512);
#14512 = DEFINITIONAL_REPRESENTATION('',(#14513),#14517);
#14513 = LINE('',#14514,#14515);
#14514 = CARTESIAN_POINT('',(0.816869261461,-53.95415089127));
#14515 = VECTOR('',#14516,1.);
#14516 = DIRECTION('',(-1.972152263053E-31,1.));
#14517 = ( GEOMETRIC_REPRESENTATION_CONTEXT(2) 
PARAMETRIC_REPRESENTATION_CONTEXT() REPRESENTATION_CONTEXT('2D SPACE',''
  ) );
#14518 = ORIENTED_EDGE('',*,*,#14519,.T.);
#14519 = EDGE_CURVE('',#14497,#13514,#14520,.T.);
#14520 = SURFACE_CURVE('',#14521,(#14525,#14532),.PCURVE_S1.);
#14521 = LINE('',#14522,#14523);
#14522 = CARTESIAN_POINT('',(15.,1.,-19.0011848136));
#14523 = VECTOR('',#14524,1.);
#14524 = DIRECTION('',(0.,0.,-1.));
#14525 = PCURVE('',#13709,#14526);
#14526 = DEFINITIONAL_REPRESENTATION('',(#14527),#14531);
#14527 = LINE('',#14528,#14529);
#14528 = CARTESIAN_POINT('',(0.,45.76));
#14529 = VECTOR('',#14530,1.);
#14530 = DIRECTION('',(-1.,0.));
#14531 = ( GEOMETRIC_REPRESENTATION_CONTEXT(2) 
PARAMETRIC_REPRESENTATION_CONTEXT() REPRESENTATION_CONTEXT('2D SPACE',''
  ) );
#14532 = PCURVE('',#10348,#14533);
#14533 = DEFINITIONAL_REPRESENTATION('',(#14534),#14538);
#14534 = LINE('',#14535,#14536);
#14535 = CARTESIAN_POINT('',(1.298815186395,2.));
#14536 = VECTOR('',#14537,1.);
#14537 = DIRECTION('',(-1.,0.));
#14538 = ( GEOMETRIC_REPRESENTATION_CONTEXT(2) 
PARAMETRIC_REPRESENTATION_CONTEXT() REPRESENTATION_CONTEXT('2D SPACE',''
  ) );
#14539 = ADVANCED_FACE('',(#14540),#10348,.F.);
#14540 = FACE_BOUND('',#14541,.T.);
#14541 = EDGE_LOOP('',(#14542,#14543,#14544,#14565));
#14542 = ORIENTED_EDGE('',*,*,#13513,.T.);
#14543 = ORIENTED_EDGE('',*,*,#14519,.F.);
#14544 = ORIENTED_EDGE('',*,*,#14545,.F.);
#14545 = EDGE_CURVE('',#10331,#14497,#14546,.T.);
#14546 = SURFACE_CURVE('',#14547,(#14551,#14558),.PCURVE_S1.);
#14547 = LINE('',#14548,#14549);
#14548 = CARTESIAN_POINT('',(15.,-1.,-20.3));
#14549 = VECTOR('',#14550,1.);
#14550 = DIRECTION('',(0.,0.838670567945,0.544639035015));
#14551 = PCURVE('',#10348,#14552);
#14552 = DEFINITIONAL_REPRESENTATION('',(#14553),#14557);
#14553 = LINE('',#14554,#14555);
#14554 = CARTESIAN_POINT('',(0.,0.));
#14555 = VECTOR('',#14556,1.);
#14556 = DIRECTION('',(0.544639035015,0.838670567945));
#14557 = ( GEOMETRIC_REPRESENTATION_CONTEXT(2) 
PARAMETRIC_REPRESENTATION_CONTEXT() REPRESENTATION_CONTEXT('2D SPACE',''
  ) );
#14558 = PCURVE('',#10376,#14559);
#14559 = DEFINITIONAL_REPRESENTATION('',(#14560),#14564);
#14560 = LINE('',#14561,#14562);
#14561 = CARTESIAN_POINT('',(3.201595847133,-8.194150891271));
#14562 = VECTOR('',#14563,1.);
#14563 = DIRECTION('',(-1.,3.352658847189E-30));
#14564 = ( GEOMETRIC_REPRESENTATION_CONTEXT(2) 
PARAMETRIC_REPRESENTATION_CONTEXT() REPRESENTATION_CONTEXT('2D SPACE',''
  ) );
#14565 = ORIENTED_EDGE('',*,*,#10330,.T.);
#14566 = ADVANCED_FACE('',(#14567),#10482,.F.);
#14567 = FACE_BOUND('',#14568,.T.);
#14568 = EDGE_LOOP('',(#14569,#14570,#14571,#14592));
#14569 = ORIENTED_EDGE('',*,*,#13620,.T.);
#14570 = ORIENTED_EDGE('',*,*,#10464,.F.);
#14571 = ORIENTED_EDGE('',*,*,#14572,.F.);
#14572 = EDGE_CURVE('',#14401,#10465,#14573,.T.);
#14573 = SURFACE_CURVE('',#14574,(#14578,#14585),.PCURVE_S1.);
#14574 = LINE('',#14575,#14576);
#14575 = CARTESIAN_POINT('',(5.350804235496,24.399195764504,
    -3.805569409421));
#14576 = VECTOR('',#14577,1.);
#14577 = DIRECTION('',(0.642594670326,-0.642594670326,-0.417305858258));
#14578 = PCURVE('',#10482,#14579);
#14579 = DEFINITIONAL_REPRESENTATION('',(#14580),#14584);
#14580 = LINE('',#14581,#14582);
#14581 = CARTESIAN_POINT('',(0.,0.));
#14582 = VECTOR('',#14583,1.);
#14583 = DIRECTION('',(-0.908766097884,-0.417305858258));
#14584 = ( GEOMETRIC_REPRESENTATION_CONTEXT(2) 
PARAMETRIC_REPRESENTATION_CONTEXT() REPRESENTATION_CONTEXT('2D SPACE',''
  ) );
#14585 = PCURVE('',#10376,#14586);
#14586 = DEFINITIONAL_REPRESENTATION('',(#14587),#14591);
#14587 = LINE('',#14588,#14589);
#14588 = CARTESIAN_POINT('',(-27.08347285001,-17.84334665577));
#14589 = VECTOR('',#14590,1.);
#14590 = DIRECTION('',(0.766206297069,0.642594670326));
#14591 = ( GEOMETRIC_REPRESENTATION_CONTEXT(2) 
PARAMETRIC_REPRESENTATION_CONTEXT() REPRESENTATION_CONTEXT('2D SPACE',''
  ) );
#14592 = ORIENTED_EDGE('',*,*,#14400,.T.);
#14593 = ADVANCED_FACE('',(#14594),#10376,.F.);
#14594 = FACE_BOUND('',#14595,.T.);
#14595 = EDGE_LOOP('',(#14596,#14597,#14598,#14599,#14600,#14601));
#14596 = ORIENTED_EDGE('',*,*,#14423,.F.);
#14597 = ORIENTED_EDGE('',*,*,#14572,.T.);
#14598 = ORIENTED_EDGE('',*,*,#10717,.T.);
#14599 = ORIENTED_EDGE('',*,*,#10360,.T.);
#14600 = ORIENTED_EDGE('',*,*,#14545,.T.);
#14601 = ORIENTED_EDGE('',*,*,#14496,.T.);
#14602 = ADVANCED_FACE('',(#14603),#14617,.T.);
#14603 = FACE_BOUND('',#14604,.T.);
#14604 = EDGE_LOOP('',(#14605,#14635,#14658,#14686));
#14605 = ORIENTED_EDGE('',*,*,#14606,.F.);
#14606 = EDGE_CURVE('',#14607,#14609,#14611,.T.);
#14607 = VERTEX_POINT('',#14608);
#14608 = CARTESIAN_POINT('',(4.,26.427845806959,-7.772349138819));
#14609 = VERTEX_POINT('',#14610);
#14610 = CARTESIAN_POINT('',(-4.,26.427845806959,-7.772349138819));
#14611 = SURFACE_CURVE('',#14612,(#14616,#14628),.PCURVE_S1.);
#14612 = LINE('',#14613,#14614);
#14613 = CARTESIAN_POINT('',(4.,26.427845806959,-7.772349138819));
#14614 = VECTOR('',#14615,1.);
#14615 = DIRECTION('',(-1.,0.,0.));
#14616 = PCURVE('',#14617,#14622);
#14617 = PLANE('',#14618);
#14618 = AXIS2_PLACEMENT_3D('',#14619,#14620,#14621);
#14619 = CARTESIAN_POINT('',(4.,26.427845806959,-7.772349138819));
#14620 = DIRECTION('',(0.,0.838670567945,0.544639035015));
#14621 = DIRECTION('',(0.,-0.544639035015,0.838670567945));
#14622 = DEFINITIONAL_REPRESENTATION('',(#14623),#14627);
#14623 = LINE('',#14624,#14625);
#14624 = CARTESIAN_POINT('',(0.,0.));
#14625 = VECTOR('',#14626,1.);
#14626 = DIRECTION('',(0.,-1.));
#14627 = ( GEOMETRIC_REPRESENTATION_CONTEXT(2) 
PARAMETRIC_REPRESENTATION_CONTEXT() REPRESENTATION_CONTEXT('2D SPACE',''
  ) );
#14628 = PCURVE('',#13793,#14629);
#14629 = DEFINITIONAL_REPRESENTATION('',(#14630),#14634);
#14630 = LINE('',#14631,#14632);
#14631 = CARTESIAN_POINT('',(0.,0.));
#14632 = VECTOR('',#14633,1.);
#14633 = DIRECTION('',(-0.,-1.));
#14634 = ( GEOMETRIC_REPRESENTATION_CONTEXT(2) 
PARAMETRIC_REPRESENTATION_CONTEXT() REPRESENTATION_CONTEXT('2D SPACE',''
  ) );
#14635 = ORIENTED_EDGE('',*,*,#14636,.T.);
#14636 = EDGE_CURVE('',#14607,#14637,#14639,.T.);
#14637 = VERTEX_POINT('',#14638);
#14638 = CARTESIAN_POINT('',(4.,26.754803511151,-8.275819852153));
#14639 = SURFACE_CURVE('',#14640,(#14644,#14651),.PCURVE_S1.);
#14640 = LINE('',#14641,#14642);
#14641 = CARTESIAN_POINT('',(4.,26.427845806959,-7.772349138819));
#14642 = VECTOR('',#14643,1.);
#14643 = DIRECTION('',(0.,0.544639035015,-0.838670567945));
#14644 = PCURVE('',#14617,#14645);
#14645 = DEFINITIONAL_REPRESENTATION('',(#14646),#14650);
#14646 = LINE('',#14647,#14648);
#14647 = CARTESIAN_POINT('',(0.,0.));
#14648 = VECTOR('',#14649,1.);
#14649 = DIRECTION('',(-1.,0.));
#14650 = ( GEOMETRIC_REPRESENTATION_CONTEXT(2) 
PARAMETRIC_REPRESENTATION_CONTEXT() REPRESENTATION_CONTEXT('2D SPACE',''
  ) );
#14651 = PCURVE('',#13765,#14652);
#14652 = DEFINITIONAL_REPRESENTATION('',(#14653),#14657);
#14653 = LINE('',#14654,#14655);
#14654 = CARTESIAN_POINT('',(7.772349138819,26.427845806959));
#14655 = VECTOR('',#14656,1.);
#14656 = DIRECTION('',(0.838670567945,0.544639035015));
#14657 = ( GEOMETRIC_REPRESENTATION_CONTEXT(2) 
PARAMETRIC_REPRESENTATION_CONTEXT() REPRESENTATION_CONTEXT('2D SPACE',''
  ) );
#14658 = ORIENTED_EDGE('',*,*,#14659,.T.);
#14659 = EDGE_CURVE('',#14637,#14660,#14662,.T.);
#14660 = VERTEX_POINT('',#14661);
#14661 = CARTESIAN_POINT('',(-4.,26.754803511151,-8.275819852153));
#14662 = SURFACE_CURVE('',#14663,(#14667,#14674),.PCURVE_S1.);
#14663 = LINE('',#14664,#14665);
#14664 = CARTESIAN_POINT('',(4.,26.754803511151,-8.275819852153));
#14665 = VECTOR('',#14666,1.);
#14666 = DIRECTION('',(-1.,0.,0.));
#14667 = PCURVE('',#14617,#14668);
#14668 = DEFINITIONAL_REPRESENTATION('',(#14669),#14673);
#14669 = LINE('',#14670,#14671);
#14670 = CARTESIAN_POINT('',(-0.600319997598,0.));
#14671 = VECTOR('',#14672,1.);
#14672 = DIRECTION('',(0.,-1.));
#14673 = ( GEOMETRIC_REPRESENTATION_CONTEXT(2) 
PARAMETRIC_REPRESENTATION_CONTEXT() REPRESENTATION_CONTEXT('2D SPACE',''
  ) );
#14674 = PCURVE('',#14675,#14680);
#14675 = PLANE('',#14676);
#14676 = AXIS2_PLACEMENT_3D('',#14677,#14678,#14679);
#14677 = CARTESIAN_POINT('',(4.,26.838670567945,-8.221355948652));
#14678 = DIRECTION('',(0.,-0.544639035015,0.838670567945));
#14679 = DIRECTION('',(0.,-0.838670567945,-0.544639035015));
#14680 = DEFINITIONAL_REPRESENTATION('',(#14681),#14685);
#14681 = LINE('',#14682,#14683);
#14682 = CARTESIAN_POINT('',(0.1,0.));
#14683 = VECTOR('',#14684,1.);
#14684 = DIRECTION('',(-0.,-1.));
#14685 = ( GEOMETRIC_REPRESENTATION_CONTEXT(2) 
PARAMETRIC_REPRESENTATION_CONTEXT() REPRESENTATION_CONTEXT('2D SPACE',''
  ) );
#14686 = ORIENTED_EDGE('',*,*,#14687,.F.);
#14687 = EDGE_CURVE('',#14609,#14660,#14688,.T.);
#14688 = SURFACE_CURVE('',#14689,(#14693,#14700),.PCURVE_S1.);
#14689 = LINE('',#14690,#14691);
#14690 = CARTESIAN_POINT('',(-4.,26.427845806959,-7.772349138819));
#14691 = VECTOR('',#14692,1.);
#14692 = DIRECTION('',(0.,0.544639035015,-0.838670567945));
#14693 = PCURVE('',#14617,#14694);
#14694 = DEFINITIONAL_REPRESENTATION('',(#14695),#14699);
#14695 = LINE('',#14696,#14697);
#14696 = CARTESIAN_POINT('',(0.,-8.));
#14697 = VECTOR('',#14698,1.);
#14698 = DIRECTION('',(-1.,0.));
#14699 = ( GEOMETRIC_REPRESENTATION_CONTEXT(2) 
PARAMETRIC_REPRESENTATION_CONTEXT() REPRESENTATION_CONTEXT('2D SPACE',''
  ) );
#14700 = PCURVE('',#13821,#14701);
#14701 = DEFINITIONAL_REPRESENTATION('',(#14702),#14706);
#14702 = LINE('',#14703,#14704);
#14703 = CARTESIAN_POINT('',(7.772349138819,26.427845806959));
#14704 = VECTOR('',#14705,1.);
#14705 = DIRECTION('',(0.838670567945,0.544639035015));
#14706 = ( GEOMETRIC_REPRESENTATION_CONTEXT(2) 
PARAMETRIC_REPRESENTATION_CONTEXT() REPRESENTATION_CONTEXT('2D SPACE',''
  ) );
#14707 = ADVANCED_FACE('',(#14708),#14675,.T.);
#14708 = FACE_BOUND('',#14709,.T.);
#14709 = EDGE_LOOP('',(#14710,#14711,#14734,#14757));
#14710 = ORIENTED_EDGE('',*,*,#14659,.F.);
#14711 = ORIENTED_EDGE('',*,*,#14712,.T.);
#14712 = EDGE_CURVE('',#14637,#14713,#14715,.T.);
#14713 = VERTEX_POINT('',#14714);
#14714 = CARTESIAN_POINT('',(4.,27.827090915285,-7.579468269819));
#14715 = SURFACE_CURVE('',#14716,(#14720,#14727),.PCURVE_S1.);
#14716 = LINE('',#14717,#14718);
#14717 = CARTESIAN_POINT('',(4.,26.754803511151,-8.275819852153));
#14718 = VECTOR('',#14719,1.);
#14719 = DIRECTION('',(0.,0.838670567945,0.544639035015));
#14720 = PCURVE('',#14675,#14721);
#14721 = DEFINITIONAL_REPRESENTATION('',(#14722),#14726);
#14722 = LINE('',#14723,#14724);
#14723 = CARTESIAN_POINT('',(0.1,0.));
#14724 = VECTOR('',#14725,1.);
#14725 = DIRECTION('',(-1.,0.));
#14726 = ( GEOMETRIC_REPRESENTATION_CONTEXT(2) 
PARAMETRIC_REPRESENTATION_CONTEXT() REPRESENTATION_CONTEXT('2D SPACE',''
  ) );
#14727 = PCURVE('',#13765,#14728);
#14728 = DEFINITIONAL_REPRESENTATION('',(#14729),#14733);
#14729 = LINE('',#14730,#14731);
#14730 = CARTESIAN_POINT('',(8.275819852153,26.754803511151));
#14731 = VECTOR('',#14732,1.);
#14732 = DIRECTION('',(-0.544639035015,0.838670567945));
#14733 = ( GEOMETRIC_REPRESENTATION_CONTEXT(2) 
PARAMETRIC_REPRESENTATION_CONTEXT() REPRESENTATION_CONTEXT('2D SPACE',''
  ) );
#14734 = ORIENTED_EDGE('',*,*,#14735,.T.);
#14735 = EDGE_CURVE('',#14713,#14736,#14738,.T.);
#14736 = VERTEX_POINT('',#14737);
#14737 = CARTESIAN_POINT('',(-4.,27.827090915285,-7.579468269819));
#14738 = SURFACE_CURVE('',#14739,(#14743,#14750),.PCURVE_S1.);
#14739 = LINE('',#14740,#14741);
#14740 = CARTESIAN_POINT('',(4.,27.827090915285,-7.579468269819));
#14741 = VECTOR('',#14742,1.);
#14742 = DIRECTION('',(-1.,0.,0.));
#14743 = PCURVE('',#14675,#14744);
#14744 = DEFINITIONAL_REPRESENTATION('',(#14745),#14749);
#14745 = LINE('',#14746,#14747);
#14746 = CARTESIAN_POINT('',(-1.17855614006,0.));
#14747 = VECTOR('',#14748,1.);
#14748 = DIRECTION('',(-0.,-1.));
#14749 = ( GEOMETRIC_REPRESENTATION_CONTEXT(2) 
PARAMETRIC_REPRESENTATION_CONTEXT() REPRESENTATION_CONTEXT('2D SPACE',''
  ) );
#14750 = PCURVE('',#14115,#14751);
#14751 = DEFINITIONAL_REPRESENTATION('',(#14752),#14756);
#14752 = LINE('',#14753,#14754);
#14753 = CARTESIAN_POINT('',(3.354682271782,0.));
#14754 = VECTOR('',#14755,1.);
#14755 = DIRECTION('',(0.,-1.));
#14756 = ( GEOMETRIC_REPRESENTATION_CONTEXT(2) 
PARAMETRIC_REPRESENTATION_CONTEXT() REPRESENTATION_CONTEXT('2D SPACE',''
  ) );
#14757 = ORIENTED_EDGE('',*,*,#14758,.F.);
#14758 = EDGE_CURVE('',#14660,#14736,#14759,.T.);
#14759 = SURFACE_CURVE('',#14760,(#14764,#14771),.PCURVE_S1.);
#14760 = LINE('',#14761,#14762);
#14761 = CARTESIAN_POINT('',(-4.,26.754803511151,-8.275819852153));
#14762 = VECTOR('',#14763,1.);
#14763 = DIRECTION('',(0.,0.838670567945,0.544639035015));
#14764 = PCURVE('',#14675,#14765);
#14765 = DEFINITIONAL_REPRESENTATION('',(#14766),#14770);
#14766 = LINE('',#14767,#14768);
#14767 = CARTESIAN_POINT('',(0.1,-8.));
#14768 = VECTOR('',#14769,1.);
#14769 = DIRECTION('',(-1.,0.));
#14770 = ( GEOMETRIC_REPRESENTATION_CONTEXT(2) 
PARAMETRIC_REPRESENTATION_CONTEXT() REPRESENTATION_CONTEXT('2D SPACE',''
  ) );
#14771 = PCURVE('',#13821,#14772);
#14772 = DEFINITIONAL_REPRESENTATION('',(#14773),#14777);
#14773 = LINE('',#14774,#14775);
#14774 = CARTESIAN_POINT('',(8.275819852153,26.754803511151));
#14775 = VECTOR('',#14776,1.);
#14776 = DIRECTION('',(-0.544639035015,0.838670567945));
#14777 = ( GEOMETRIC_REPRESENTATION_CONTEXT(2) 
PARAMETRIC_REPRESENTATION_CONTEXT() REPRESENTATION_CONTEXT('2D SPACE',''
  ) );
#14778 = ADVANCED_FACE('',(#14779),#14115,.T.);
#14779 = FACE_BOUND('',#14780,.T.);
#14780 = EDGE_LOOP('',(#14781,#14782,#14803,#14804));
#14781 = ORIENTED_EDGE('',*,*,#14735,.F.);
#14782 = ORIENTED_EDGE('',*,*,#14783,.T.);
#14783 = EDGE_CURVE('',#14713,#13725,#14784,.T.);
#14784 = SURFACE_CURVE('',#14785,(#14789,#14796),.PCURVE_S1.);
#14785 = LINE('',#14786,#14787);
#14786 = CARTESIAN_POINT('',(4.,26.,-4.765994983667));
#14787 = VECTOR('',#14788,1.);
#14788 = DIRECTION('',(-0.,-0.544639035015,0.838670567945));
#14789 = PCURVE('',#14115,#14790);
#14790 = DEFINITIONAL_REPRESENTATION('',(#14791),#14795);
#14791 = LINE('',#14792,#14793);
#14792 = CARTESIAN_POINT('',(0.,0.));
#14793 = VECTOR('',#14794,1.);
#14794 = DIRECTION('',(-1.,0.));
#14795 = ( GEOMETRIC_REPRESENTATION_CONTEXT(2) 
PARAMETRIC_REPRESENTATION_CONTEXT() REPRESENTATION_CONTEXT('2D SPACE',''
  ) );
#14796 = PCURVE('',#13765,#14797);
#14797 = DEFINITIONAL_REPRESENTATION('',(#14798),#14802);
#14798 = LINE('',#14799,#14800);
#14799 = CARTESIAN_POINT('',(4.765994983667,26.));
#14800 = VECTOR('',#14801,1.);
#14801 = DIRECTION('',(-0.838670567945,-0.544639035015));
#14802 = ( GEOMETRIC_REPRESENTATION_CONTEXT(2) 
PARAMETRIC_REPRESENTATION_CONTEXT() REPRESENTATION_CONTEXT('2D SPACE',''
  ) );
#14803 = ORIENTED_EDGE('',*,*,#14101,.T.);
#14804 = ORIENTED_EDGE('',*,*,#14805,.F.);
#14805 = EDGE_CURVE('',#14736,#13806,#14806,.T.);
#14806 = SURFACE_CURVE('',#14807,(#14811,#14818),.PCURVE_S1.);
#14807 = LINE('',#14808,#14809);
#14808 = CARTESIAN_POINT('',(-4.,26.,-4.765994983667));
#14809 = VECTOR('',#14810,1.);
#14810 = DIRECTION('',(-0.,-0.544639035015,0.838670567945));
#14811 = PCURVE('',#14115,#14812);
#14812 = DEFINITIONAL_REPRESENTATION('',(#14813),#14817);
#14813 = LINE('',#14814,#14815);
#14814 = CARTESIAN_POINT('',(0.,-8.));
#14815 = VECTOR('',#14816,1.);
#14816 = DIRECTION('',(-1.,0.));
#14817 = ( GEOMETRIC_REPRESENTATION_CONTEXT(2) 
PARAMETRIC_REPRESENTATION_CONTEXT() REPRESENTATION_CONTEXT('2D SPACE',''
  ) );
#14818 = PCURVE('',#13821,#14819);
#14819 = DEFINITIONAL_REPRESENTATION('',(#14820),#14824);
#14820 = LINE('',#14821,#14822);
#14821 = CARTESIAN_POINT('',(4.765994983667,26.));
#14822 = VECTOR('',#14823,1.);
#14823 = DIRECTION('',(-0.838670567945,-0.544639035015));
#14824 = ( GEOMETRIC_REPRESENTATION_CONTEXT(2) 
PARAMETRIC_REPRESENTATION_CONTEXT() REPRESENTATION_CONTEXT('2D SPACE',''
  ) );
#14825 = ADVANCED_FACE('',(#14826),#13793,.T.);
#14826 = FACE_BOUND('',#14827,.T.);
#14827 = EDGE_LOOP('',(#14828,#14829,#14850,#14851));
#14828 = ORIENTED_EDGE('',*,*,#13777,.F.);
#14829 = ORIENTED_EDGE('',*,*,#14830,.T.);
#14830 = EDGE_CURVE('',#13750,#14607,#14831,.T.);
#14831 = SURFACE_CURVE('',#14832,(#14836,#14843),.PCURVE_S1.);
#14832 = LINE('',#14833,#14834);
#14833 = CARTESIAN_POINT('',(4.,26.427845806959,-7.772349138819));
#14834 = VECTOR('',#14835,1.);
#14835 = DIRECTION('',(-0.,0.838670567945,0.544639035015));
#14836 = PCURVE('',#13793,#14837);
#14837 = DEFINITIONAL_REPRESENTATION('',(#14838),#14842);
#14838 = LINE('',#14839,#14840);
#14839 = CARTESIAN_POINT('',(0.,0.));
#14840 = VECTOR('',#14841,1.);
#14841 = DIRECTION('',(-1.,0.));
#14842 = ( GEOMETRIC_REPRESENTATION_CONTEXT(2) 
PARAMETRIC_REPRESENTATION_CONTEXT() REPRESENTATION_CONTEXT('2D SPACE',''
  ) );
#14843 = PCURVE('',#13765,#14844);
#14844 = DEFINITIONAL_REPRESENTATION('',(#14845),#14849);
#14845 = LINE('',#14846,#14847);
#14846 = CARTESIAN_POINT('',(7.772349138819,26.427845806959));
#14847 = VECTOR('',#14848,1.);
#14848 = DIRECTION('',(-0.544639035015,0.838670567945));
#14849 = ( GEOMETRIC_REPRESENTATION_CONTEXT(2) 
PARAMETRIC_REPRESENTATION_CONTEXT() REPRESENTATION_CONTEXT('2D SPACE',''
  ) );
#14850 = ORIENTED_EDGE('',*,*,#14606,.T.);
#14851 = ORIENTED_EDGE('',*,*,#14852,.F.);
#14852 = EDGE_CURVE('',#13778,#14609,#14853,.T.);
#14853 = SURFACE_CURVE('',#14854,(#14858,#14865),.PCURVE_S1.);
#14854 = LINE('',#14855,#14856);
#14855 = CARTESIAN_POINT('',(-4.,26.427845806959,-7.772349138819));
#14856 = VECTOR('',#14857,1.);
#14857 = DIRECTION('',(-0.,0.838670567945,0.544639035015));
#14858 = PCURVE('',#13793,#14859);
#14859 = DEFINITIONAL_REPRESENTATION('',(#14860),#14864);
#14860 = LINE('',#14861,#14862);
#14861 = CARTESIAN_POINT('',(-0.,-8.));
#14862 = VECTOR('',#14863,1.);
#14863 = DIRECTION('',(-1.,0.));
#14864 = ( GEOMETRIC_REPRESENTATION_CONTEXT(2) 
PARAMETRIC_REPRESENTATION_CONTEXT() REPRESENTATION_CONTEXT('2D SPACE',''
  ) );
#14865 = PCURVE('',#13821,#14866);
#14866 = DEFINITIONAL_REPRESENTATION('',(#14867),#14871);
#14867 = LINE('',#14868,#14869);
#14868 = CARTESIAN_POINT('',(7.772349138819,26.427845806959));
#14869 = VECTOR('',#14870,1.);
#14870 = DIRECTION('',(-0.544639035015,0.838670567945));
#14871 = ( GEOMETRIC_REPRESENTATION_CONTEXT(2) 
PARAMETRIC_REPRESENTATION_CONTEXT() REPRESENTATION_CONTEXT('2D SPACE',''
  ) );
#14872 = ADVANCED_FACE('',(#14873),#13765,.F.);
#14873 = FACE_BOUND('',#14874,.T.);
#14874 = EDGE_LOOP('',(#14875,#14876,#14877,#14878,#14879));
#14875 = ORIENTED_EDGE('',*,*,#14636,.F.);
#14876 = ORIENTED_EDGE('',*,*,#14830,.F.);
#14877 = ORIENTED_EDGE('',*,*,#13749,.F.);
#14878 = ORIENTED_EDGE('',*,*,#14783,.F.);
#14879 = ORIENTED_EDGE('',*,*,#14712,.F.);
#14880 = ADVANCED_FACE('',(#14881),#13821,.T.);
#14881 = FACE_BOUND('',#14882,.T.);
#14882 = EDGE_LOOP('',(#14883,#14884,#14885,#14886,#14887));
#14883 = ORIENTED_EDGE('',*,*,#14687,.T.);
#14884 = ORIENTED_EDGE('',*,*,#14758,.T.);
#14885 = ORIENTED_EDGE('',*,*,#14805,.T.);
#14886 = ORIENTED_EDGE('',*,*,#13805,.T.);
#14887 = ORIENTED_EDGE('',*,*,#14852,.T.);
#14888 = ADVANCED_FACE('',(#14889),#190,.T.);
#14889 = FACE_BOUND('',#14890,.T.);
#14890 = EDGE_LOOP('',(#14891,#14892,#14914,#14915));
#14891 = ORIENTED_EDGE('',*,*,#174,.F.);
#14892 = ORIENTED_EDGE('',*,*,#14893,.T.);
#14893 = EDGE_CURVE('',#141,#139,#14894,.T.);
#14894 = SURFACE_CURVE('',#14895,(#14900,#14907),.PCURVE_S1.);
#14895 = CIRCLE('',#14896,0.6);
#14896 = AXIS2_PLACEMENT_3D('',#14897,#14898,#14899);
#14897 = CARTESIAN_POINT('',(-24.4705,25.674235832114,-1.));
#14898 = DIRECTION('',(0.,5.480694194524E-17,-1.));
#14899 = DIRECTION('',(0.,1.,5.480694194524E-17));
#14900 = PCURVE('',#190,#14901);
#14901 = DEFINITIONAL_REPRESENTATION('',(#14902),#14906);
#14902 = LINE('',#14903,#14904);
#14903 = CARTESIAN_POINT('',(1.570796326795,0.));
#14904 = VECTOR('',#14905,1.);
#14905 = DIRECTION('',(1.,0.));
#14906 = ( GEOMETRIC_REPRESENTATION_CONTEXT(2) 
PARAMETRIC_REPRESENTATION_CONTEXT() REPRESENTATION_CONTEXT('2D SPACE',''
  ) );
#14907 = PCURVE('',#162,#14908);
#14908 = DEFINITIONAL_REPRESENTATION('',(#14909),#14913);
#14909 = CIRCLE('',#14910,0.6);
#14910 = AXIS2_PLACEMENT_2D('',#14911,#14912);
#14911 = CARTESIAN_POINT('',(0.,0.));
#14912 = DIRECTION('',(1.,0.));
#14913 = ( GEOMETRIC_REPRESENTATION_CONTEXT(2) 
PARAMETRIC_REPRESENTATION_CONTEXT() REPRESENTATION_CONTEXT('2D SPACE',''
  ) );
#14914 = ORIENTED_EDGE('',*,*,#226,.T.);
#14915 = ORIENTED_EDGE('',*,*,#11660,.F.);
#14916 = ADVANCED_FACE('',(#14917),#162,.F.);
#14917 = FACE_BOUND('',#14918,.T.);
#14918 = EDGE_LOOP('',(#14919,#14920));
#14919 = ORIENTED_EDGE('',*,*,#138,.F.);
#14920 = ORIENTED_EDGE('',*,*,#14893,.F.);
#14921 = ADVANCED_FACE('',(#14922),#73,.T.);
#14922 = FACE_BOUND('',#14923,.T.);
#14923 = EDGE_LOOP('',(#14924,#14925,#14947,#14948));
#14924 = ORIENTED_EDGE('',*,*,#57,.F.);
#14925 = ORIENTED_EDGE('',*,*,#14926,.T.);
#14926 = EDGE_CURVE('',#24,#22,#14927,.T.);
#14927 = SURFACE_CURVE('',#14928,(#14933,#14940),.PCURVE_S1.);
#14928 = CIRCLE('',#14929,0.6);
#14929 = AXIS2_PLACEMENT_3D('',#14930,#14931,#14932);
#14930 = CARTESIAN_POINT('',(24.4705,25.674235832114,-1.));
#14931 = DIRECTION('',(0.,5.480694194524E-17,-1.));
#14932 = DIRECTION('',(0.,1.,5.480694194524E-17));
#14933 = PCURVE('',#73,#14934);
#14934 = DEFINITIONAL_REPRESENTATION('',(#14935),#14939);
#14935 = LINE('',#14936,#14937);
#14936 = CARTESIAN_POINT('',(1.570796326795,0.));
#14937 = VECTOR('',#14938,1.);
#14938 = DIRECTION('',(1.,0.));
#14939 = ( GEOMETRIC_REPRESENTATION_CONTEXT(2) 
PARAMETRIC_REPRESENTATION_CONTEXT() REPRESENTATION_CONTEXT('2D SPACE',''
  ) );
#14940 = PCURVE('',#45,#14941);
#14941 = DEFINITIONAL_REPRESENTATION('',(#14942),#14946);
#14942 = CIRCLE('',#14943,0.6);
#14943 = AXIS2_PLACEMENT_2D('',#14944,#14945);
#14944 = CARTESIAN_POINT('',(0.,0.));
#14945 = DIRECTION('',(1.,0.));
#14946 = ( GEOMETRIC_REPRESENTATION_CONTEXT(2) 
PARAMETRIC_REPRESENTATION_CONTEXT() REPRESENTATION_CONTEXT('2D SPACE',''
  ) );
#14947 = ORIENTED_EDGE('',*,*,#114,.T.);
#14948 = ORIENTED_EDGE('',*,*,#11635,.F.);
#14949 = ADVANCED_FACE('',(#14950),#45,.F.);
#14950 = FACE_BOUND('',#14951,.T.);
#14951 = EDGE_LOOP('',(#14952,#14953));
#14952 = ORIENTED_EDGE('',*,*,#21,.F.);
#14953 = ORIENTED_EDGE('',*,*,#14926,.F.);
#14954 = ADVANCED_FACE('',(#14955),#3935,.F.);
#14955 = FACE_BOUND('',#14956,.T.);
#14956 = EDGE_LOOP('',(#14957,#14958,#14959,#14960,#14984,#15012,#15099,
    #15100));
#14957 = ORIENTED_EDGE('',*,*,#4004,.T.);
#14958 = ORIENTED_EDGE('',*,*,#3919,.F.);
#14959 = ORIENTED_EDGE('',*,*,#14078,.F.);
#14960 = ORIENTED_EDGE('',*,*,#14961,.T.);
#14961 = EDGE_CURVE('',#14051,#14962,#14964,.T.);
#14962 = VERTEX_POINT('',#14963);
#14963 = CARTESIAN_POINT('',(-27.55,20.567619310848,-5.90909766667));
#14964 = SURFACE_CURVE('',#14965,(#14970,#14977),.PCURVE_S1.);
#14965 = CIRCLE('',#14966,2.);
#14966 = AXIS2_PLACEMENT_3D('',#14967,#14968,#14969);
#14967 = CARTESIAN_POINT('',(-25.55,20.567619310848,-5.90909766667));
#14968 = DIRECTION('',(0.,0.838670567945,0.544639035015));
#14969 = DIRECTION('',(0.,-0.544639035015,0.838670567945));
#14970 = PCURVE('',#3935,#14971);
#14971 = DEFINITIONAL_REPRESENTATION('',(#14972),#14976);
#14972 = CIRCLE('',#14973,2.);
#14973 = AXIS2_PLACEMENT_2D('',#14974,#14975);
#14974 = CARTESIAN_POINT('',(2.000002271782,-12.55));
#14975 = DIRECTION('',(1.,0.));
#14976 = ( GEOMETRIC_REPRESENTATION_CONTEXT(2) 
PARAMETRIC_REPRESENTATION_CONTEXT() REPRESENTATION_CONTEXT('2D SPACE',''
  ) );
#14977 = PCURVE('',#14066,#14978);
#14978 = DEFINITIONAL_REPRESENTATION('',(#14979),#14983);
#14979 = LINE('',#14980,#14981);
#14980 = CARTESIAN_POINT('',(0.,-7.88860905221E-30));
#14981 = VECTOR('',#14982,1.);
#14982 = DIRECTION('',(1.,-1.130863886743E-15));
#14983 = ( GEOMETRIC_REPRESENTATION_CONTEXT(2) 
PARAMETRIC_REPRESENTATION_CONTEXT() REPRESENTATION_CONTEXT('2D SPACE',''
  ) );
#14984 = ORIENTED_EDGE('',*,*,#14985,.F.);
#14985 = EDGE_CURVE('',#14986,#14962,#14988,.T.);
#14986 = VERTEX_POINT('',#14987);
#14987 = CARTESIAN_POINT('',(-27.55,19.99231428493,-5.023205613751));
#14988 = SURFACE_CURVE('',#14989,(#14993,#15000),.PCURVE_S1.);
#14989 = LINE('',#14990,#14991);
#14990 = CARTESIAN_POINT('',(-27.55,7.911285386618,13.57994751359));
#14991 = VECTOR('',#14992,1.);
#14992 = DIRECTION('',(-0.,0.544639035015,-0.838670567945));
#14993 = PCURVE('',#3935,#14994);
#14994 = DEFINITIONAL_REPRESENTATION('',(#14995),#14999);
#14995 = LINE('',#14996,#14997);
#14996 = CARTESIAN_POINT('',(25.238024357145,-14.55));
#14997 = VECTOR('',#14998,1.);
#14998 = DIRECTION('',(-1.,0.));
#14999 = ( GEOMETRIC_REPRESENTATION_CONTEXT(2) 
PARAMETRIC_REPRESENTATION_CONTEXT() REPRESENTATION_CONTEXT('2D SPACE',''
  ) );
#15000 = PCURVE('',#15001,#15006);
#15001 = PLANE('',#15002);
#15002 = AXIS2_PLACEMENT_3D('',#15003,#15004,#15005);
#15003 = CARTESIAN_POINT('',(-27.55,7.911285386618,13.57994751359));
#15004 = DIRECTION('',(1.,0.,0.));
#15005 = DIRECTION('',(0.,0.,-1.));
#15006 = DEFINITIONAL_REPRESENTATION('',(#15007),#15011);
#15007 = LINE('',#15008,#15009);
#15008 = CARTESIAN_POINT('',(0.,0.));
#15009 = VECTOR('',#15010,1.);
#15010 = DIRECTION('',(0.838670567945,0.544639035015));
#15011 = ( GEOMETRIC_REPRESENTATION_CONTEXT(2) 
PARAMETRIC_REPRESENTATION_CONTEXT() REPRESENTATION_CONTEXT('2D SPACE',''
  ) );
#15012 = ORIENTED_EDGE('',*,*,#15013,.T.);
#15013 = EDGE_CURVE('',#14986,#12619,#15014,.T.);
#15014 = SURFACE_CURVE('',#15015,(#15030,#15048),.PCURVE_S1.);
#15015 = B_SPLINE_CURVE_WITH_KNOTS('',3,(#15016,#15017,#15018,#15019,
    #15020,#15021,#15022,#15023,#15024,#15025,#15026,#15027,#15028,
    #15029),.UNSPECIFIED.,.F.,.F.,(4,2,2,2,2,2,4),(1.734723475977E-18,
    3.905402414673E-04,7.810804829347E-04,1.171620724402E-03,
    1.562160965869E-03,2.343241448804E-03,3.124321931739E-03),
  .UNSPECIFIED.);
#15016 = CARTESIAN_POINT('',(-27.55,19.99231428493,-5.023205613751));
#15017 = CARTESIAN_POINT('',(-27.55,19.92039230546,-4.912455477437));
#15018 = CARTESIAN_POINT('',(-27.53704968137,19.849671514222,
    -4.803555008797));
#15019 = CARTESIAN_POINT('',(-27.48630788562,19.710534037776,
    -4.589302083663));
#15020 = CARTESIAN_POINT('',(-27.44790225528,19.641397982973,
    -4.482841895137));
#15021 = CARTESIAN_POINT('',(-27.34762467004,19.509543076739,
    -4.27980314472));
#15022 = CARTESIAN_POINT('',(-27.28626016652,19.447003912665,
    -4.183501277095));
#15023 = CARTESIAN_POINT('',(-27.14128443222,19.328640379053,
    -4.001237418693));
#15024 = CARTESIAN_POINT('',(-27.05689499518,19.272590843828,
    -3.914928703162));
#15025 = CARTESIAN_POINT('',(-26.78036937793,19.121875990645,
    -3.682848181219));
#15026 = CARTESIAN_POINT('',(-26.55745873335,19.040702215473,
    -3.557851528852));
#15027 = CARTESIAN_POINT('',(-26.07654977069,18.931938340776,
    -3.390369848876));
#15028 = CARTESIAN_POINT('',(-25.81410881009,18.903033883667,
    -3.345860888076));
#15029 = CARTESIAN_POINT('',(-25.55,18.903033883657,-3.345860888082));
#15030 = PCURVE('',#3935,#15031);
#15031 = DEFINITIONAL_REPRESENTATION('',(#15032),#15047);
#15032 = B_SPLINE_CURVE_WITH_KNOTS('',3,(#15033,#15034,#15035,#15036,
    #15037,#15038,#15039,#15040,#15041,#15042,#15043,#15044,#15045,
    #15046),.UNSPECIFIED.,.F.,.F.,(4,2,2,2,2,2,4),(1.734723475977E-18,
    3.905402414673E-04,7.810804829347E-04,1.171620724402E-03,
    1.562160965869E-03,2.343241448804E-03,3.124321931739E-03),
  .UNSPECIFIED.);
#15033 = CARTESIAN_POINT('',(3.056307437097,-14.55));
#15034 = CARTESIAN_POINT('',(3.188361834314,-14.55));
#15035 = CARTESIAN_POINT('',(3.318210755693,-14.53704968137));
#15036 = CARTESIAN_POINT('',(3.573678079005,-14.48630788562));
#15037 = CARTESIAN_POINT('',(3.700617299952,-14.44790225528));
#15038 = CARTESIAN_POINT('',(3.942713252973,-14.34762467004));
#15039 = CARTESIAN_POINT('',(4.05754006496,-14.28626016652));
#15040 = CARTESIAN_POINT('',(4.27486479933,-14.14128443222));
#15041 = CARTESIAN_POINT('',(4.377776143581,-14.05689499518));
#15042 = CARTESIAN_POINT('',(4.654500438928,-13.78036937793));
#15043 = CARTESIAN_POINT('',(4.803541858938,-13.55745873335));
#15044 = CARTESIAN_POINT('',(5.003240866363,-13.07654977069));
#15045 = CARTESIAN_POINT('',(5.056311717423,-12.81410881009));
#15046 = CARTESIAN_POINT('',(5.056311717424,-12.55));
#15047 = ( GEOMETRIC_REPRESENTATION_CONTEXT(2) 
PARAMETRIC_REPRESENTATION_CONTEXT() REPRESENTATION_CONTEXT('2D SPACE',''
  ) );
#15048 = PCURVE('',#12728,#15049);
#15049 = DEFINITIONAL_REPRESENTATION('',(#15050),#15098);
#15050 = B_SPLINE_CURVE_WITH_KNOTS('',3,(#15051,#15052,#15053,#15054,
    #15055,#15056,#15057,#15058,#15059,#15060,#15061,#15062,#15063,
    #15064,#15065,#15066,#15067,#15068,#15069,#15070,#15071,#15072,
    #15073,#15074,#15075,#15076,#15077,#15078,#15079,#15080,#15081,
    #15082,#15083,#15084,#15085,#15086,#15087,#15088,#15089,#15090,
    #15091,#15092,#15093,#15094,#15095,#15096,#15097),.UNSPECIFIED.,.F.,
  .F.,(4,1,1,1,1,1,1,1,1,1,1,1,1,1,1,1,1,1,1,1,1,1,1,1,1,1,1,1,1,1,1,1,1
    ,1,1,1,1,1,1,1,1,1,1,1,4),(1.734723475977E-18,7.100731663043E-05,
    1.420146332608E-04,2.130219498913E-04,2.840292665217E-04,
    3.550365831521E-04,4.260438997825E-04,4.97051216413E-04,
    5.680585330434E-04,6.390658496738E-04,7.100731663042E-04,
    7.810804829347E-04,8.520877995651E-04,9.230951161955E-04,
    9.941024328259E-04,1.065109749456E-03,1.136117066087E-03,
    1.207124382717E-03,1.278131699348E-03,1.349139015978E-03,
    1.420146332608E-03,1.491153649239E-03,1.562160965869E-03,
    1.6331682825E-03,1.70417559913E-03,1.775182915761E-03,
    1.846190232391E-03,1.917197549021E-03,1.988204865652E-03,
    2.059212182282E-03,2.130219498913E-03,2.201226815543E-03,
    2.272234132174E-03,2.343241448804E-03,2.414248765434E-03,
    2.485256082065E-03,2.556263398695E-03,2.627270715326E-03,
    2.698278031956E-03,2.769285348587E-03,2.840292665217E-03,
    2.911299981847E-03,2.982307298478E-03,3.053314615108E-03,
    3.124321931739E-03),.QUASI_UNIFORM_KNOTS.);
#15051 = CARTESIAN_POINT('',(3.782930713134E-02,1.693546208389E-07));
#15052 = CARTESIAN_POINT('',(3.782925852878E-02,8.488623845188E-03));
#15053 = CARTESIAN_POINT('',(3.782916146082E-02,2.528851226048E-02));
#15054 = CARTESIAN_POINT('',(3.782901627017E-02,5.001644390855E-02));
#15055 = CARTESIAN_POINT('',(3.782887149001E-02,7.433313783406E-02));
#15056 = CARTESIAN_POINT('',(3.782872712167E-02,9.829399843541E-02));
#15057 = CARTESIAN_POINT('',(3.782858315813E-02,0.121953012573));
#15058 = CARTESIAN_POINT('',(3.782843962317E-02,0.145355286939));
#15059 = CARTESIAN_POINT('',(3.782829606798E-02,0.168625630806));
#15060 = CARTESIAN_POINT('',(3.782815297819E-02,0.191730629435));
#15061 = CARTESIAN_POINT('',(3.782801071433E-02,0.214659420753));
#15062 = CARTESIAN_POINT('',(3.782786968396E-02,0.237394347655));
#15063 = CARTESIAN_POINT('',(3.782773026065E-02,0.259927086425));
#15064 = CARTESIAN_POINT('',(3.782759293555E-02,0.282225609767));
#15065 = CARTESIAN_POINT('',(3.782745781274E-02,0.304315756064));
#15066 = CARTESIAN_POINT('',(3.782732488624E-02,0.326246986047));
#15067 = CARTESIAN_POINT('',(3.78271941776E-02,0.348061205087));
#15068 = CARTESIAN_POINT('',(3.782706570628E-02,0.36980058762));
#15069 = CARTESIAN_POINT('',(3.782693947037E-02,0.391507609753));
#15070 = CARTESIAN_POINT('',(3.782681547038E-02,0.413243909756));
#15071 = CARTESIAN_POINT('',(3.782669416217E-02,0.434969246816));
#15072 = CARTESIAN_POINT('',(3.782657594324E-02,0.456656082556));
#15073 = CARTESIAN_POINT('',(3.782646118972E-02,0.478281692829));
#15074 = CARTESIAN_POINT('',(3.782635044265E-02,0.499791491979));
#15075 = CARTESIAN_POINT('',(3.782624362449E-02,0.521256319932));
#15076 = CARTESIAN_POINT('',(3.782614040359E-02,0.542783471135));
#15077 = CARTESIAN_POINT('',(3.782604107178E-02,0.564354499268));
#15078 = CARTESIAN_POINT('',(3.782594575422E-02,0.585983712417));
#15079 = CARTESIAN_POINT('',(3.782585462101E-02,0.607675962722));
#15080 = CARTESIAN_POINT('',(3.782576783023E-02,0.629438252361));
#15081 = CARTESIAN_POINT('',(3.78256855434E-02,0.651276793602));
#15082 = CARTESIAN_POINT('',(3.782560791982E-02,0.673198455774));
#15083 = CARTESIAN_POINT('',(3.782553512277E-02,0.695209235054));
#15084 = CARTESIAN_POINT('',(3.782546729971E-02,0.71732027545));
#15085 = CARTESIAN_POINT('',(3.782540465426E-02,0.739526696922));
#15086 = CARTESIAN_POINT('',(3.782534717706E-02,0.761887684788));
#15087 = CARTESIAN_POINT('',(3.782529478199E-02,0.78446877441));
#15088 = CARTESIAN_POINT('',(3.782524759381E-02,0.807272609653));
#15089 = CARTESIAN_POINT('',(3.782520567897E-02,0.830318974123));
#15090 = CARTESIAN_POINT('',(3.782516911769E-02,0.85362360422));
#15091 = CARTESIAN_POINT('',(3.782513798452E-02,0.877204136968));
#15092 = CARTESIAN_POINT('',(3.782511235343E-02,0.901078811373));
#15093 = CARTESIAN_POINT('',(3.782509229639E-02,0.9252671071));
#15094 = CARTESIAN_POINT('',(3.782507788356E-02,0.949789979516));
#15095 = CARTESIAN_POINT('',(3.782506918336E-02,0.974669885669));
#15096 = CARTESIAN_POINT('',(3.782506723544E-02,0.991511415673));
#15097 = CARTESIAN_POINT('',(3.782506723562E-02,1.));
#15098 = ( GEOMETRIC_REPRESENTATION_CONTEXT(2) 
PARAMETRIC_REPRESENTATION_CONTEXT() REPRESENTATION_CONTEXT('2D SPACE',''
  ) );
#15099 = ORIENTED_EDGE('',*,*,#12616,.F.);
#15100 = ORIENTED_EDGE('',*,*,#15101,.T.);
#15101 = EDGE_CURVE('',#12617,#4005,#15102,.T.);
#15102 = SURFACE_CURVE('',#15103,(#15107,#15114),.PCURVE_S1.);
#15103 = LINE('',#15104,#15105);
#15104 = CARTESIAN_POINT('',(-28.75,21.65689861818,-7.586440707837));
#15105 = VECTOR('',#15106,1.);
#15106 = DIRECTION('',(-0.,0.544639035015,-0.838670567945));
#15107 = PCURVE('',#3935,#15108);
#15108 = DEFINITIONAL_REPRESENTATION('',(#15109),#15113);
#15109 = LINE('',#15110,#15111);
#15110 = CARTESIAN_POINT('',(0.,-15.75));
#15111 = VECTOR('',#15112,1.);
#15112 = DIRECTION('',(-1.,0.));
#15113 = ( GEOMETRIC_REPRESENTATION_CONTEXT(2) 
PARAMETRIC_REPRESENTATION_CONTEXT() REPRESENTATION_CONTEXT('2D SPACE',''
  ) );
#15114 = PCURVE('',#4043,#15115);
#15115 = DEFINITIONAL_REPRESENTATION('',(#15116),#15120);
#15116 = LINE('',#15117,#15118);
#15117 = CARTESIAN_POINT('',(0.,0.));
#15118 = VECTOR('',#15119,1.);
#15119 = DIRECTION('',(-0.544639035015,-0.838670567945));
#15120 = ( GEOMETRIC_REPRESENTATION_CONTEXT(2) 
PARAMETRIC_REPRESENTATION_CONTEXT() REPRESENTATION_CONTEXT('2D SPACE',''
  ) );
#15121 = ADVANCED_FACE('',(#15122),#4043,.F.);
#15122 = FACE_BOUND('',#15123,.T.);
#15123 = EDGE_LOOP('',(#15124,#15125,#15126,#15127));
#15124 = ORIENTED_EDGE('',*,*,#4027,.T.);
#15125 = ORIENTED_EDGE('',*,*,#15101,.F.);
#15126 = ORIENTED_EDGE('',*,*,#12640,.F.);
#15127 = ORIENTED_EDGE('',*,*,#15128,.T.);
#15128 = EDGE_CURVE('',#12641,#4028,#15129,.T.);
#15129 = SURFACE_CURVE('',#15130,(#15134,#15141),.PCURVE_S1.);
#15130 = LINE('',#15131,#15132);
#15131 = CARTESIAN_POINT('',(-28.75,10.754181234889,-14.66674816303));
#15132 = VECTOR('',#15133,1.);
#15133 = DIRECTION('',(-0.,0.544639035015,-0.838670567945));
#15134 = PCURVE('',#4043,#15135);
#15135 = DEFINITIONAL_REPRESENTATION('',(#15136),#15140);
#15136 = LINE('',#15137,#15138);
#15137 = CARTESIAN_POINT('',(10.90271738329,-7.080307455195));
#15138 = VECTOR('',#15139,1.);
#15139 = DIRECTION('',(-0.544639035015,-0.838670567945));
#15140 = ( GEOMETRIC_REPRESENTATION_CONTEXT(2) 
PARAMETRIC_REPRESENTATION_CONTEXT() REPRESENTATION_CONTEXT('2D SPACE',''
  ) );
#15141 = PCURVE('',#4071,#15142);
#15142 = DEFINITIONAL_REPRESENTATION('',(#15143),#15147);
#15143 = LINE('',#15144,#15145);
#15144 = CARTESIAN_POINT('',(0.,0.));
#15145 = VECTOR('',#15146,1.);
#15146 = DIRECTION('',(1.,0.));
#15147 = ( GEOMETRIC_REPRESENTATION_CONTEXT(2) 
PARAMETRIC_REPRESENTATION_CONTEXT() REPRESENTATION_CONTEXT('2D SPACE',''
  ) );
#15148 = ADVANCED_FACE('',(#15149),#4071,.F.);
#15149 = FACE_BOUND('',#15150,.T.);
#15150 = EDGE_LOOP('',(#15151,#15152,#15153,#15154,#15247,#15270,#15292,
    #15293));
#15151 = ORIENTED_EDGE('',*,*,#4055,.T.);
#15152 = ORIENTED_EDGE('',*,*,#15128,.F.);
#15153 = ORIENTED_EDGE('',*,*,#12663,.F.);
#15154 = ORIENTED_EDGE('',*,*,#15155,.T.);
#15155 = EDGE_CURVE('',#12664,#15156,#15158,.T.);
#15156 = VERTEX_POINT('',#15157);
#15157 = CARTESIAN_POINT('',(-27.55,7.739266117683,-10.02418600517));
#15158 = SURFACE_CURVE('',#15159,(#15176,#15196),.PCURVE_S1.);
#15159 = B_SPLINE_CURVE_WITH_KNOTS('',3,(#15160,#15161,#15162,#15163,
    #15164,#15165,#15166,#15167,#15168,#15169,#15170,#15171,#15172,
    #15173,#15174,#15175),.UNSPECIFIED.,.F.,.F.,(4,2,2,2,2,2,2,4),(0.,
    4.113775491873E-04,8.227550983745E-04,1.645510196749E-03,
    2.056887745936E-03,2.468265295124E-03,2.879642844311E-03,
    3.291020393498E-03),.UNSPECIFIED.);
#15160 = CARTESIAN_POINT('',(-25.55,6.533848576156,-8.168005766205));
#15161 = CARTESIAN_POINT('',(-25.68921140703,6.533848576156,
    -8.168005766205));
#15162 = CARTESIAN_POINT('',(-25.82560816678,6.542604889422,
    -8.181489306218));
#15163 = CARTESIAN_POINT('',(-26.09308735512,6.576650297438,
    -8.2339146372));
#15164 = CARTESIAN_POINT('',(-26.22530538503,6.602407926542,
    -8.273577907808));
#15165 = CARTESIAN_POINT('',(-26.59630702261,6.700679687353,
    -8.424903149213));
#15166 = CARTESIAN_POINT('',(-26.81779721959,6.796131641525,
    -8.57188626917));
#15167 = CARTESIAN_POINT('',(-27.08658487489,6.966522178787,
    -8.834264687666));
#15168 = CARTESIAN_POINT('',(-27.16716521901,7.028780967136,
    -8.930134814534));
#15169 = CARTESIAN_POINT('',(-27.30469502644,7.158725541592,
    -9.130231911977));
#15170 = CARTESIAN_POINT('',(-27.36223586292,7.226595079413,
    -9.234741835378));
#15171 = CARTESIAN_POINT('',(-27.45558724948,7.367943359269,
    -9.452399099223));
#15172 = CARTESIAN_POINT('',(-27.49110199721,7.441413319267,
    -9.565532916517));
#15173 = CARTESIAN_POINT('',(-27.53807531958,7.58895044564,
    -9.79272016828));
#15174 = CARTESIAN_POINT('',(-27.55,7.663635606155,-9.907725230275));
#15175 = CARTESIAN_POINT('',(-27.55,7.739266117683,-10.02418600517));
#15176 = PCURVE('',#4071,#15177);
#15177 = DEFINITIONAL_REPRESENTATION('',(#15178),#15195);
#15178 = B_SPLINE_CURVE_WITH_KNOTS('',3,(#15179,#15180,#15181,#15182,
    #15183,#15184,#15185,#15186,#15187,#15188,#15189,#15190,#15191,
    #15192,#15193,#15194),.UNSPECIFIED.,.F.,.F.,(4,2,2,2,2,2,2,4),(0.,
    4.113775491873E-04,8.227550983745E-04,1.645510196749E-03,
    2.056887745936E-03,2.468265295124E-03,2.879642844311E-03,
    3.291020393498E-03),.UNSPECIFIED.);
#15179 = CARTESIAN_POINT('',(-7.748861883573,3.2));
#15180 = CARTESIAN_POINT('',(-7.748861883573,3.060788592968));
#15181 = CARTESIAN_POINT('',(-7.732784605405,2.924391833217));
#15182 = CARTESIAN_POINT('',(-7.670274565127,2.656912644873));
#15183 = CARTESIAN_POINT('',(-7.62298153718,2.524694614966));
#15184 = CARTESIAN_POINT('',(-7.442546874049,2.153692977382));
#15185 = CARTESIAN_POINT('',(-7.267289597146,1.932202780402));
#15186 = CARTESIAN_POINT('',(-6.9544392021,1.663415125107));
#15187 = CARTESIAN_POINT('',(-6.840127181942,1.582834780984));
#15188 = CARTESIAN_POINT('',(-6.601538747948,1.44530497356));
#15189 = CARTESIAN_POINT('',(-6.476924951548,1.387764137076));
#15190 = CARTESIAN_POINT('',(-6.21739841972,1.294412750517));
#15191 = CARTESIAN_POINT('',(-6.0825018088,1.258898002787));
#15192 = CARTESIAN_POINT('',(-5.811612069197,1.211924680416));
#15193 = CARTESIAN_POINT('',(-5.674484254784,1.2));
#15194 = CARTESIAN_POINT('',(-5.535620701742,1.2));
#15195 = ( GEOMETRIC_REPRESENTATION_CONTEXT(2) 
PARAMETRIC_REPRESENTATION_CONTEXT() REPRESENTATION_CONTEXT('2D SPACE',''
  ) );
#15196 = PCURVE('',#12728,#15197);
#15197 = DEFINITIONAL_REPRESENTATION('',(#15198),#15246);
#15198 = B_SPLINE_CURVE_WITH_KNOTS('',3,(#15199,#15200,#15201,#15202,
    #15203,#15204,#15205,#15206,#15207,#15208,#15209,#15210,#15211,
    #15212,#15213,#15214,#15215,#15216,#15217,#15218,#15219,#15220,
    #15221,#15222,#15223,#15224,#15225,#15226,#15227,#15228,#15229,
    #15230,#15231,#15232,#15233,#15234,#15235,#15236,#15237,#15238,
    #15239,#15240,#15241,#15242,#15243,#15244,#15245),.UNSPECIFIED.,.F.,
  .F.,(4,1,1,1,1,1,1,1,1,1,1,1,1,1,1,1,1,1,1,1,1,1,1,1,1,1,1,1,1,1,1,1,1
    ,1,1,1,1,1,1,1,1,1,1,1,4),(0.,7.479591803405E-05,1.495918360681E-04,
    2.243877541021E-04,2.991836721362E-04,3.739795901702E-04,
    4.487755082043E-04,5.235714262383E-04,5.983673442724E-04,
    6.731632623064E-04,7.479591803405E-04,8.227550983745E-04,
    8.975510164086E-04,9.723469344426E-04,1.047142852477E-03,
    1.121938770511E-03,1.196734688545E-03,1.271530606579E-03,
    1.346326524613E-03,1.421122442647E-03,1.495918360681E-03,
    1.570714278715E-03,1.645510196749E-03,1.720306114783E-03,
    1.795102032817E-03,1.869897950851E-03,1.944693868885E-03,
    2.019489786919E-03,2.094285704953E-03,2.169081622987E-03,
    2.243877541021E-03,2.318673459055E-03,2.39346937709E-03,
    2.468265295124E-03,2.543061213158E-03,2.617857131192E-03,
    2.692653049226E-03,2.76744896726E-03,2.842244885294E-03,
    2.917040803328E-03,2.991836721362E-03,3.066632639396E-03,
    3.14142855743E-03,3.216224475464E-03,3.291020393498E-03),
  .QUASI_UNIFORM_KNOTS.);
#15199 = CARTESIAN_POINT('',(5.205432641453E-02,1.));
#15200 = CARTESIAN_POINT('',(5.205432651212E-02,0.991051553389));
#15201 = CARTESIAN_POINT('',(5.205381093408E-02,0.9733596583));
#15202 = CARTESIAN_POINT('',(5.205150790489E-02,0.947366575492));
#15203 = CARTESIAN_POINT('',(5.204769227797E-02,0.921846186906));
#15204 = CARTESIAN_POINT('',(5.204238319377E-02,0.896732835541));
#15205 = CARTESIAN_POINT('',(5.203559889407E-02,0.871964371635));
#15206 = CARTESIAN_POINT('',(5.202736567546E-02,0.84748383696));
#15207 = CARTESIAN_POINT('',(5.201762797561E-02,0.823182991309));
#15208 = CARTESIAN_POINT('',(5.20064618681E-02,0.799113886112));
#15209 = CARTESIAN_POINT('',(5.199392812337E-02,0.775307537939));
#15210 = CARTESIAN_POINT('',(5.198008775929E-02,0.751792719818));
#15211 = CARTESIAN_POINT('',(5.196501906711E-02,0.728625391167));
#15212 = CARTESIAN_POINT('',(5.194873311494E-02,0.705748706923));
#15213 = CARTESIAN_POINT('',(5.193123350477E-02,0.683056206558));
#15214 = CARTESIAN_POINT('',(5.191259180605E-02,0.660555321304));
#15215 = CARTESIAN_POINT('',(5.189286148053E-02,0.638225458334));
#15216 = CARTESIAN_POINT('',(5.187210082843E-02,0.61605569628));
#15217 = CARTESIAN_POINT('',(5.185036666094E-02,0.594034314677));
#15218 = CARTESIAN_POINT('',(5.182771608018E-02,0.572151462315));
#15219 = CARTESIAN_POINT('',(5.180420513793E-02,0.550397508797));
#15220 = CARTESIAN_POINT('',(5.177989190694E-02,0.528765586327));
#15221 = CARTESIAN_POINT('',(5.175482505891E-02,0.507241740397));
#15222 = CARTESIAN_POINT('',(5.172908603907E-02,0.485840500096));
#15223 = CARTESIAN_POINT('',(5.170263138321E-02,0.464471199665));
#15224 = CARTESIAN_POINT('',(5.167545752354E-02,0.443066415718));
#15225 = CARTESIAN_POINT('',(5.164768354434E-02,0.421665219848));
#15226 = CARTESIAN_POINT('',(5.161939479475E-02,0.400280527396));
#15227 = CARTESIAN_POINT('',(5.15906801782E-02,0.378930267433));
#15228 = CARTESIAN_POINT('',(5.156163891815E-02,0.357643329033));
#15229 = CARTESIAN_POINT('',(5.153228371394E-02,0.33636922261));
#15230 = CARTESIAN_POINT('',(5.15026188803E-02,0.315067404372));
#15231 = CARTESIAN_POINT('',(5.147265427798E-02,0.293699082251));
#15232 = CARTESIAN_POINT('',(5.144239829498E-02,0.272224864637));
#15233 = CARTESIAN_POINT('',(5.141185934918E-02,0.250603495895));
#15234 = CARTESIAN_POINT('',(5.138104687483E-02,0.228799264651));
#15235 = CARTESIAN_POINT('',(5.13500386108E-02,0.206822819321));
#15236 = CARTESIAN_POINT('',(5.131890903957E-02,0.184679707226));
#15237 = CARTESIAN_POINT('',(5.128773299028E-02,0.162379343937));
#15238 = CARTESIAN_POINT('',(5.125657753228E-02,0.139926883439));
#15239 = CARTESIAN_POINT('',(5.122553080824E-02,0.117345259421));
#15240 = CARTESIAN_POINT('',(5.119451537428E-02,9.453304833378E-02));
#15241 = CARTESIAN_POINT('',(5.116353530067E-02,7.144960869807E-02));
#15242 = CARTESIAN_POINT('',(5.113258952254E-02,4.80475387361E-02));
#15243 = CARTESIAN_POINT('',(5.110167835657E-02,2.42781706373E-02));
#15244 = CARTESIAN_POINT('',(5.108109395497E-02,8.151807617411E-03));
#15245 = CARTESIAN_POINT('',(5.107080752406E-02,9.984152481577E-06));
#15246 = ( GEOMETRIC_REPRESENTATION_CONTEXT(2) 
PARAMETRIC_REPRESENTATION_CONTEXT() REPRESENTATION_CONTEXT('2D SPACE',''
  ) );
#15247 = ORIENTED_EDGE('',*,*,#15248,.T.);
#15248 = EDGE_CURVE('',#15156,#15249,#15251,.T.);
#15249 = VERTEX_POINT('',#15250);
#15250 = CARTESIAN_POINT('',(-27.55,9.664901927558,-12.98940512186));
#15251 = SURFACE_CURVE('',#15252,(#15256,#15263),.PCURVE_S1.);
#15252 = LINE('',#15253,#15254);
#15253 = CARTESIAN_POINT('',(-27.55,-2.991431996672,6.499640058395));
#15254 = VECTOR('',#15255,1.);
#15255 = DIRECTION('',(-0.,0.544639035015,-0.838670567945));
#15256 = PCURVE('',#4071,#15257);
#15257 = DEFINITIONAL_REPRESENTATION('',(#15258),#15262);
#15258 = LINE('',#15259,#15260);
#15259 = CARTESIAN_POINT('',(-25.23802435714,1.2));
#15260 = VECTOR('',#15261,1.);
#15261 = DIRECTION('',(1.,0.));
#15262 = ( GEOMETRIC_REPRESENTATION_CONTEXT(2) 
PARAMETRIC_REPRESENTATION_CONTEXT() REPRESENTATION_CONTEXT('2D SPACE',''
  ) );
#15263 = PCURVE('',#15001,#15264);
#15264 = DEFINITIONAL_REPRESENTATION('',(#15265),#15269);
#15265 = LINE('',#15266,#15267);
#15266 = CARTESIAN_POINT('',(7.080307455195,-10.90271738329));
#15267 = VECTOR('',#15268,1.);
#15268 = DIRECTION('',(0.838670567945,0.544639035015));
#15269 = ( GEOMETRIC_REPRESENTATION_CONTEXT(2) 
PARAMETRIC_REPRESENTATION_CONTEXT() REPRESENTATION_CONTEXT('2D SPACE',''
  ) );
#15270 = ORIENTED_EDGE('',*,*,#15271,.T.);
#15271 = EDGE_CURVE('',#15249,#14028,#15272,.T.);
#15272 = SURFACE_CURVE('',#15273,(#15278,#15285),.PCURVE_S1.);
#15273 = CIRCLE('',#15274,2.);
#15274 = AXIS2_PLACEMENT_3D('',#15275,#15276,#15277);
#15275 = CARTESIAN_POINT('',(-25.55,9.664901927558,-12.98940512186));
#15276 = DIRECTION('',(0.,-0.838670567945,-0.544639035015));
#15277 = DIRECTION('',(0.,0.544639035015,-0.838670567945));
#15278 = PCURVE('',#4071,#15279);
#15279 = DEFINITIONAL_REPRESENTATION('',(#15280),#15284);
#15280 = CIRCLE('',#15281,2.);
#15281 = AXIS2_PLACEMENT_2D('',#15282,#15283);
#15282 = CARTESIAN_POINT('',(-2.000002271782,3.2));
#15283 = DIRECTION('',(1.,0.));
#15284 = ( GEOMETRIC_REPRESENTATION_CONTEXT(2) 
PARAMETRIC_REPRESENTATION_CONTEXT() REPRESENTATION_CONTEXT('2D SPACE',''
  ) );
#15285 = PCURVE('',#14066,#15286);
#15286 = DEFINITIONAL_REPRESENTATION('',(#15287),#15291);
#15287 = LINE('',#15288,#15289);
#15288 = CARTESIAN_POINT('',(9.424777960769,-13.));
#15289 = VECTOR('',#15290,1.);
#15290 = DIRECTION('',(-1.,1.130863886743E-15));
#15291 = ( GEOMETRIC_REPRESENTATION_CONTEXT(2) 
PARAMETRIC_REPRESENTATION_CONTEXT() REPRESENTATION_CONTEXT('2D SPACE',''
  ) );
#15292 = ORIENTED_EDGE('',*,*,#14027,.F.);
#15293 = ORIENTED_EDGE('',*,*,#13881,.T.);
#15294 = ADVANCED_FACE('',(#15295),#15001,.F.);
#15295 = FACE_BOUND('',#15296,.T.);
#15296 = EDGE_LOOP('',(#15297,#15298,#15319,#15320));
#15297 = ORIENTED_EDGE('',*,*,#14985,.T.);
#15298 = ORIENTED_EDGE('',*,*,#15299,.T.);
#15299 = EDGE_CURVE('',#14962,#15249,#15300,.T.);
#15300 = SURFACE_CURVE('',#15301,(#15305,#15312),.PCURVE_S1.);
#15301 = LINE('',#15302,#15303);
#15302 = CARTESIAN_POINT('',(-27.55,9.664901927558,-12.98940512186));
#15303 = VECTOR('',#15304,1.);
#15304 = DIRECTION('',(0.,-0.838670567945,-0.544639035015));
#15305 = PCURVE('',#15001,#15306);
#15306 = DEFINITIONAL_REPRESENTATION('',(#15307),#15311);
#15307 = LINE('',#15308,#15309);
#15308 = CARTESIAN_POINT('',(26.569352635455,1.75361654094));
#15309 = VECTOR('',#15310,1.);
#15310 = DIRECTION('',(0.544639035015,-0.838670567945));
#15311 = ( GEOMETRIC_REPRESENTATION_CONTEXT(2) 
PARAMETRIC_REPRESENTATION_CONTEXT() REPRESENTATION_CONTEXT('2D SPACE',''
  ) );
#15312 = PCURVE('',#14066,#15313);
#15313 = DEFINITIONAL_REPRESENTATION('',(#15314),#15318);
#15314 = LINE('',#15315,#15316);
#15315 = CARTESIAN_POINT('',(4.712388980385,-13.));
#15316 = VECTOR('',#15317,1.);
#15317 = DIRECTION('',(0.,-1.));
#15318 = ( GEOMETRIC_REPRESENTATION_CONTEXT(2) 
PARAMETRIC_REPRESENTATION_CONTEXT() REPRESENTATION_CONTEXT('2D SPACE',''
  ) );
#15319 = ORIENTED_EDGE('',*,*,#15248,.F.);
#15320 = ORIENTED_EDGE('',*,*,#15321,.T.);
#15321 = EDGE_CURVE('',#15156,#14986,#15322,.T.);
#15322 = SURFACE_CURVE('',#15323,(#15334,#15348),.PCURVE_S1.);
#15323 = B_SPLINE_CURVE_WITH_KNOTS('',3,(#15324,#15325,#15326,#15327,
    #15328,#15329,#15330,#15331,#15332,#15333),.UNSPECIFIED.,.F.,.F.,(4,
    2,2,2,4),(1.734723475977E-18,3.32836470139E-03,4.992547052085E-03,
    6.65672940278E-03,1.331345880556E-02),.UNSPECIFIED.);
#15324 = CARTESIAN_POINT('',(-27.55,7.739266117683,-10.02418600517));
#15325 = CARTESIAN_POINT('',(-27.55,8.842716907936,-9.853304829657));
#15326 = CARTESIAN_POINT('',(-27.55,9.925656799449,-9.607396327977));
#15327 = CARTESIAN_POINT('',(-27.55,11.523252621725,-9.140449923739));
#15328 = CARTESIAN_POINT('',(-27.55,12.051305129215,-8.968415692081));
#15329 = CARTESIAN_POINT('',(-27.55,13.099003669333,-8.593596975455));
#15330 = CARTESIAN_POINT('',(-27.55,13.619372386833,-8.390459991538));
#15331 = CARTESIAN_POINT('',(-27.55,16.182978317264,-7.310683107049));
#15332 = CARTESIAN_POINT('',(-27.55,18.12608064189,-6.240523028964));
#15333 = CARTESIAN_POINT('',(-27.55,19.99231428493,-5.023205613751));
#15334 = PCURVE('',#15001,#15335);
#15335 = DEFINITIONAL_REPRESENTATION('',(#15336),#15347);
#15336 = B_SPLINE_CURVE_WITH_KNOTS('',3,(#15337,#15338,#15339,#15340,
    #15341,#15342,#15343,#15344,#15345,#15346),.UNSPECIFIED.,.F.,.F.,(4,
    2,2,2,4),(1.734723475977E-18,3.32836470139E-03,4.992547052085E-03,
    6.65672940278E-03,1.331345880556E-02),.UNSPECIFIED.);
#15337 = CARTESIAN_POINT('',(23.604133518762,-0.172019268935));
#15338 = CARTESIAN_POINT('',(23.433252343247,0.931431521318));
#15339 = CARTESIAN_POINT('',(23.187343841568,2.014371412831));
#15340 = CARTESIAN_POINT('',(22.720397437329,3.611967235107));
#15341 = CARTESIAN_POINT('',(22.548363205671,4.140019742597));
#15342 = CARTESIAN_POINT('',(22.173544489045,5.187718282715));
#15343 = CARTESIAN_POINT('',(21.970407505128,5.708087000215));
#15344 = CARTESIAN_POINT('',(20.890630620639,8.271692930646));
#15345 = CARTESIAN_POINT('',(19.820470542554,10.214795255272));
#15346 = CARTESIAN_POINT('',(18.603153127341,12.081028898311));
#15347 = ( GEOMETRIC_REPRESENTATION_CONTEXT(2) 
PARAMETRIC_REPRESENTATION_CONTEXT() REPRESENTATION_CONTEXT('2D SPACE',''
  ) );
#15348 = PCURVE('',#12728,#15349);
#15349 = DEFINITIONAL_REPRESENTATION('',(#15350),#15376);
#15350 = B_SPLINE_CURVE_WITH_KNOTS('',3,(#15351,#15352,#15353,#15354,
    #15355,#15356,#15357,#15358,#15359,#15360,#15361,#15362,#15363,
    #15364,#15365,#15366,#15367,#15368,#15369,#15370,#15371,#15372,
    #15373,#15374,#15375),.UNSPECIFIED.,.F.,.F.,(4,1,1,1,1,1,1,1,1,1,1,1
    ,1,1,1,1,1,1,1,1,1,1,4),(1.734723475977E-18,6.051572184346E-04,
    1.210314436869E-03,1.815471655304E-03,2.420628873738E-03,
    3.025786092173E-03,3.630943310607E-03,4.236100529042E-03,
    4.841257747476E-03,5.446414965911E-03,6.051572184346E-03,
    6.65672940278E-03,7.261886621215E-03,7.867043839649E-03,
    8.472201058084E-03,9.077358276518E-03,9.682515494953E-03,
    1.028767271339E-02,1.089282993182E-02,1.149798715026E-02,
    1.210314436869E-02,1.270830158713E-02,1.331345880556E-02),
  .QUASI_UNIFORM_KNOTS.);
#15351 = CARTESIAN_POINT('',(5.107080752406E-02,9.984152479469E-06));
#15352 = CARTESIAN_POINT('',(5.08690054139E-02,1.266408533909E-05));
#15353 = CARTESIAN_POINT('',(5.046575179699E-02,1.067050790785E-05));
#15354 = CARTESIAN_POINT('',(4.986189892934E-02,-1.978524163031E-06));
#15355 = CARTESIAN_POINT('',(4.925904926843E-02,-1.106414772053E-06));
#15356 = CARTESIAN_POINT('',(4.865717880762E-02,-1.256860038113E-06));
#15357 = CARTESIAN_POINT('',(4.805624991486E-02,-1.52718836485E-06));
#15358 = CARTESIAN_POINT('',(4.745627980191E-02,1.156242907286E-06));
#15359 = CARTESIAN_POINT('',(4.685710909248E-02,-9.069078504377E-07));
#15360 = CARTESIAN_POINT('',(4.625923211421E-02,-1.027568587699E-06));
#15361 = CARTESIAN_POINT('',(4.56623976494E-02,-2.64386108812E-06));
#15362 = CARTESIAN_POINT('',(4.506534735234E-02,3.941969650824E-06));
#15363 = CARTESIAN_POINT('',(4.446796748973E-02,9.909889268457E-06));
#15364 = CARTESIAN_POINT('',(4.386944147327E-02,-4.274314043595E-06));
#15365 = CARTESIAN_POINT('',(4.326982098267E-02,-4.73676383433E-07));
#15366 = CARTESIAN_POINT('',(4.266914384131E-02,-1.492023712029E-06));
#15367 = CARTESIAN_POINT('',(4.206744804008E-02,-1.219272057808E-06));
#15368 = CARTESIAN_POINT('',(4.146476744578E-02,-1.291931346096E-06));
#15369 = CARTESIAN_POINT('',(4.086113274978E-02,-1.274045847165E-06));
#15370 = CARTESIAN_POINT('',(4.025656292853E-02,-1.272928554598E-06));
#15371 = CARTESIAN_POINT('',(3.965108124685E-02,-1.295283223798E-06));
#15372 = CARTESIAN_POINT('',(3.904471392661E-02,-1.206981839567E-06));
#15373 = CARTESIAN_POINT('',(3.843748961272E-02,-1.537832707291E-06));
#15374 = CARTESIAN_POINT('',(3.803212296775E-02,-7.14431316181E-07));
#15375 = CARTESIAN_POINT('',(3.782930713134E-02,1.693546198896E-07));
#15376 = ( GEOMETRIC_REPRESENTATION_CONTEXT(2) 
PARAMETRIC_REPRESENTATION_CONTEXT() REPRESENTATION_CONTEXT('2D SPACE',''
  ) );
#15377 = ADVANCED_FACE('',(#15378),#14066,.T.);
#15378 = FACE_BOUND('',#15379,.T.);
#15379 = EDGE_LOOP('',(#15380,#15381,#15382,#15383));
#15380 = ORIENTED_EDGE('',*,*,#14961,.F.);
#15381 = ORIENTED_EDGE('',*,*,#14050,.F.);
#15382 = ORIENTED_EDGE('',*,*,#15271,.F.);
#15383 = ORIENTED_EDGE('',*,*,#15299,.F.);
#15384 = ADVANCED_FACE('',(#15385),#12728,.T.);
#15385 = FACE_BOUND('',#15386,.T.);
#15386 = EDGE_LOOP('',(#15387,#15388,#15389,#15390));
#15387 = ORIENTED_EDGE('',*,*,#15013,.F.);
#15388 = ORIENTED_EDGE('',*,*,#15321,.F.);
#15389 = ORIENTED_EDGE('',*,*,#15155,.F.);
#15390 = ORIENTED_EDGE('',*,*,#12685,.F.);
#15391 = ( GEOMETRIC_REPRESENTATION_CONTEXT(3) 
GLOBAL_UNCERTAINTY_ASSIGNED_CONTEXT((#15395)) 
GLOBAL_UNIT_ASSIGNED_CONTEXT((#15392,#15393,#15394)) 
REPRESENTATION_CONTEXT('Context #1',
  '3D Context with UNIT and UNCERTAINTY') );
#15392 = ( LENGTH_UNIT() NAMED_UNIT(*) SI_UNIT(.MILLI.,.METRE.) );
#15393 = ( NAMED_UNIT(*) PLANE_ANGLE_UNIT() SI_UNIT($,.RADIAN.) );
#15394 = ( NAMED_UNIT(*) SI_UNIT($,.STERADIAN.) SOLID_ANGLE_UNIT() );
#15395 = UNCERTAINTY_MEASURE_WITH_UNIT(LENGTH_MEASURE(5.E-05),#15392,
  'distance_accuracy_value','confusion accuracy');
#15396 = PRODUCT_RELATED_PRODUCT_CATEGORY('part',$,(#7));
ENDSEC;
END-ISO-10303-21;
