ISO-10303-21;
HEADER;
FILE_DESCRIPTION (( 'STEP AP203' ),
    '1' );
FILE_NAME ('onebody-32-jiegoujian.STEP',
    '2026-08-11T07:37:27',
    ( '' ),
    ( '' ),
    'SwSTEP 2.0',
    'SolidWorks 2025',
    '' );
FILE_SCHEMA (( 'CONFIG_CONTROL_DESIGN' ));
ENDSEC;

DATA;
#1 = CARTESIAN_POINT ( 'NONE',  ( 27.67048156746194110, 7.574494022413077232, -14.02540556077757650 ) ) ;
#2 = VERTEX_POINT ( 'NONE', #3495 ) ;
#3 = LINE ( 'NONE', #573, #56 ) ;
#4 = CARTESIAN_POINT ( 'NONE',  ( -16.33257569495584960, 0.000000000000000000, -7.299999999999999822 ) ) ;
#5 = CARTESIAN_POINT ( 'NONE',  ( 28.85875399980142575, 7.458953380356121876, -14.04383578654465659 ) ) ;
#6 = VECTOR ( 'NONE', #2509, 1000.000000000000000 ) ;
#7 = CARTESIAN_POINT ( 'NONE',  ( 26.61071522005001810, 1.268095404231220025, -26.52708162239913747 ) ) ;
#8 = LINE ( 'NONE', #2096, #6824 ) ;
#9 = VECTOR ( 'NONE', #4957, 1000.000000000000000 ) ;
#10 = EDGE_CURVE ( 'NONE', #5094, #3544, #5686, .T. ) ;
#11 = EDGE_LOOP ( 'NONE', ( #1340, #340, #2010, #4641 ) ) ;
#12 = CARTESIAN_POINT ( 'NONE',  ( -30.75000000000000000, 19.55514891348196826, -30.00000000000000000 ) ) ;
#13 = DIRECTION ( 'NONE',  ( 0.000000000000000000, 0.000000000000000000, 1.000000000000000000 ) ) ;
#14 = CARTESIAN_POINT ( 'NONE',  ( 0.000000000000000000, 11.71649108953815777, -14.04181412762534009 ) ) ;
#15 = PLANE ( 'NONE',  #6013 ) ;
#16 = CARTESIAN_POINT ( 'NONE',  ( 28.22054481149277549, 16.98930068220323264, -10.52017097693698844 ) ) ;
#17 = EDGE_CURVE ( 'NONE', #4557, #1138, #4719, .T. ) ;
#18 = VECTOR ( 'NONE', #4878, 1000.000000000000000 ) ;
#19 = CARTESIAN_POINT ( 'NONE',  ( -30.76000000000000156, 26.00000000000000355, -8.765994983667010132 ) ) ;
#20 = CARTESIAN_POINT ( 'NONE',  ( 28.36372200435201663, 11.99994892597211482, -12.86243930907814459 ) ) ;
#21 = FACE_OUTER_BOUND ( 'NONE', #7051, .T. ) ;
#22 = DIRECTION ( 'NONE',  ( 0.6425946703262723769, -0.6425946703262604975, -0.4173058582581295473 ) ) ;
#23 = VECTOR ( 'NONE', #2755, 1000.000000000000000 ) ;
#24 = ORIENTED_EDGE ( 'NONE', *, *, #880, .T. ) ;
#25 = ORIENTED_EDGE ( 'NONE', *, *, #121, .T. ) ;
#26 = CARTESIAN_POINT ( 'NONE',  ( 28.39379616269753370, 7.474331856352322667, -14.03744348816592158 ) ) ;
#27 = ORIENTED_EDGE ( 'NONE', *, *, #3516, .T. ) ;
#28 = CARTESIAN_POINT ( 'NONE',  ( 19.00000000000000355, -8.000000000000001776, -6.299999999999999822 ) ) ;
#29 = DIRECTION ( 'NONE',  ( -1.000000000000000000, 0.000000000000000000, 0.000000000000000000 ) ) ;
#30 = EDGE_CURVE ( 'NONE', #2408, #3879, #4604, .T. ) ;
#31 = CARTESIAN_POINT ( 'NONE',  ( 23.87050000000000338, 25.67423583211418858, -1.999999999999997780 ) ) ;
#32 = EDGE_CURVE ( 'NONE', #1457, #1867, #2660, .T. ) ;
#33 = FACE_OUTER_BOUND ( 'NONE', #317, .T. ) ;
#34 = EDGE_LOOP ( 'NONE', ( #857, #1903, #1019, #1331 ) ) ;
#35 = AXIS2_PLACEMENT_3D ( 'NONE', #1558, #2025, #1009 ) ;
#36 = CARTESIAN_POINT ( 'NONE',  ( -40.00000000000000000, -1.000000000000000000, -6.299999999999999822 ) ) ;
#37 = EDGE_LOOP ( 'NONE', ( #2200, #6169, #4321, #5277 ) ) ;
#38 = EDGE_CURVE ( 'NONE', #788, #2326, #3634, .T. ) ;
#39 = CARTESIAN_POINT ( 'NONE',  ( 28.13025110005765939, 7.008000788126322433, -14.10935185131121195 ) ) ;
#40 = ORIENTED_EDGE ( 'NONE', *, *, #1310, .T. ) ;
#41 = VECTOR ( 'NONE', #2019, 999.9999999999998863 ) ;
#42 = CARTESIAN_POINT ( 'NONE',  ( -27.45714249609124735, 2.151436147671463406, -17.40343343622502204 ) ) ;
#43 = CARTESIAN_POINT ( 'NONE',  ( 27.69987753311569634, 7.397941989897942605, -14.05326095290614141 ) ) ;
#44 = CARTESIAN_POINT ( 'NONE',  ( 28.87050000000000338, 17.59016140548750329, -4.167551378375762283 ) ) ;
#45 = VECTOR ( 'NONE', #4871, 1000.000000000000000 ) ;
#46 = CARTESIAN_POINT ( 'NONE',  ( 28.39600491353518663, 17.22480919126093823, -10.38148812175130331 ) ) ;
#47 = EDGE_CURVE ( 'NONE', #2736, #2751, #6946, .T. ) ;
#48 = ORIENTED_EDGE ( 'NONE', *, *, #3650, .F. ) ;
#49 = CIRCLE ( 'NONE', #1665, 3.249999999999999556 ) ;
#50 = DIRECTION ( 'NONE',  ( 0.000000000000000000, -0.8386705679454210527, -0.5446390350150316362 ) ) ;
#51 = CARTESIAN_POINT ( 'NONE',  ( 27.23322231028417306, 29.87471326094804525, -7.726049851608150831 ) ) ;
#52 = VECTOR ( 'NONE', #3228, 1000.000000000000000 ) ;
#53 = AXIS2_PLACEMENT_3D ( 'NONE', #702, #3444, #4517 ) ;
#54 = CARTESIAN_POINT ( 'NONE',  ( 0.000000000000000000, 41.43052276528985089, -0.2824096229890988297 ) ) ;
#55 = CARTESIAN_POINT ( 'NONE',  ( 28.87050000000004246, 17.50277688067660975, -4.219910020502982029 ) ) ;
#56 = VECTOR ( 'NONE', #2784, 1000.000000000000000 ) ;
#57 = CARTESIAN_POINT ( 'NONE',  ( -1.332575694955852263, 1.000000000000000000, -7.299999999999999822 ) ) ;
#58 = CARTESIAN_POINT ( 'NONE',  ( 27.75747138784765866, 12.27505357709158496, -12.76123670774429364 ) ) ;
#59 = CARTESIAN_POINT ( 'NONE',  ( 29.70787377985639566, 24.48642568405681885, -11.44892163730925994 ) ) ;
#60 = DIRECTION ( 'NONE',  ( 0.000000000000000000, 1.000000000000000000, 0.000000000000000000 ) ) ;
#61 = VERTEX_POINT ( 'NONE', #4711 ) ;
#62 = ORIENTED_EDGE ( 'NONE', *, *, #4257, .F. ) ;
#63 = CARTESIAN_POINT ( 'NONE',  ( 28.63858185802089196, 7.476358845981249779, -14.03892087006574663 ) ) ;
#64 = VERTEX_POINT ( 'NONE', #386 ) ;
#65 = CYLINDRICAL_SURFACE ( 'NONE', #3573, 2.550000000000000266 ) ;
#66 = CARTESIAN_POINT ( 'NONE',  ( 27.98289471419508345, 18.11673827506377066, -9.846382322127960052 ) ) ;
#67 = CARTESIAN_POINT ( 'NONE',  ( 27.89529533491906221, 13.06762109281266504, -6.450964440709933356 ) ) ;
#68 = CARTESIAN_POINT ( 'NONE',  ( 28.11409111604862687, 8.180088956824988600, -7.919089275545614370 ) ) ;
#69 = VERTEX_POINT ( 'NONE', #3059 ) ;
#70 = LINE ( 'NONE', #1723, #6833 ) ;
#71 = EDGE_LOOP ( 'NONE', ( #850, #494, #6451, #1585 ) ) ;
#72 = EDGE_CURVE ( 'NONE', #4479, #6914, #3272, .T. ) ;
#73 = CARTESIAN_POINT ( 'NONE',  ( -28.78288784823117297, 26.65071305380439526, -10.04341698553369788 ) ) ;
#74 = EDGE_LOOP ( 'NONE', ( #6297, #7066, #3453, #4953 ) ) ;
#75 = CARTESIAN_POINT ( 'NONE',  ( -19.75000000000000355, -1.000000000000004219, -28.00000000000000355 ) ) ;
#76 = VECTOR ( 'NONE', #2949, 1000.000000000000000 ) ;
#77 = CARTESIAN_POINT ( 'NONE',  ( 27.70218314818288263, 7.799225905398425418, -7.988032046017758070 ) ) ;
#78 = ADVANCED_FACE ( 'NONE', ( #7014, #2012 ), #6915, .F. ) ;
#79 = CARTESIAN_POINT ( 'NONE',  ( 21.23132333160077678, -0.9254499803684723691, -27.95158665117903141 ) ) ;
#80 = CARTESIAN_POINT ( 'NONE',  ( 28.44024466081142677, 13.17143507755224263, -12.40824020583410103 ) ) ;
#81 = EDGE_LOOP ( 'NONE', ( #3171, #1915, #3337, #3087 ) ) ;
#82 = CARTESIAN_POINT ( 'NONE',  ( 24.27320781270465844, 32.20798014545940902, -6.434485538786246295 ) ) ;
#83 = CARTESIAN_POINT ( 'NONE',  ( -28.71475395313240142, 26.77651363899621728, -9.961721130281434355 ) ) ;
#84 = DIRECTION ( 'NONE',  ( 0.000000000000000000, 5.480694194524166577E-17, -1.000000000000000000 ) ) ;
#85 = CARTESIAN_POINT ( 'NONE',  ( 27.85163628149374659, 17.15672225208713897, -4.423448168627171384 ) ) ;
#86 = DIRECTION ( 'NONE',  ( 0.000000000000000000, 0.000000000000000000, 1.000000000000000000 ) ) ;
#87 = CARTESIAN_POINT ( 'NONE',  ( 27.67162983674047183, 12.54923385591488127, -6.656940664108810246 ) ) ;
#88 = CARTESIAN_POINT ( 'NONE',  ( 27.68259676482224663, 17.46139524642615726, -4.244412529225361830 ) ) ;
#89 = CARTESIAN_POINT ( 'NONE',  ( 5.267779704365336713, 24.34079893939696149, -2.993492751064002366 ) ) ;
#90 = ORIENTED_EDGE ( 'NONE', *, *, #3194, .T. ) ;
#91 = ORIENTED_EDGE ( 'NONE', *, *, #5780, .F. ) ;
#92 = PLANE ( 'NONE',  #4294 ) ;
#93 = EDGE_LOOP ( 'NONE', ( #789, #1876, #1735, #1648 ) ) ;
#94 = EDGE_CURVE ( 'NONE', #6817, #3107, #4417, .T. ) ;
#95 = CARTESIAN_POINT ( 'NONE',  ( -19.75000000000000000, 9.999999999999994671, -19.00118481360497213 ) ) ;
#96 =( BOUNDED_CURVE ( )  B_SPLINE_CURVE ( 3, ( #4686, #5220, #833, #2563 ),
 .UNSPECIFIED., .F., .T. ) 
 B_SPLINE_CURVE_WITH_KNOTS ( ( 4, 4 ),
 ( 5.920750317600020907, 6.283185307179586232 ),
 .UNSPECIFIED. ) 
 CURVE ( )  GEOMETRIC_REPRESENTATION_ITEM ( )  RATIONAL_B_SPLINE_CURVE ( ( 1.000000000000000000, 0.9890833307310737954, 0.9890833307310737954, 1.000000000000000000 ) ) 
 REPRESENTATION_ITEM ( '' )  );
#97 = LINE ( 'NONE', #6690, #3043 ) ;
#98 = LINE ( 'NONE', #2367, #3128 ) ;
#99 = CARTESIAN_POINT ( 'NONE',  ( 28.85626966396782933, 7.748933990677651984, -7.996649982171399884 ) ) ;
#100 = VERTEX_POINT ( 'NONE', #4846 ) ;
#101 = FACE_OUTER_BOUND ( 'NONE', #5500, .T. ) ;
#102 = ORIENTED_EDGE ( 'NONE', *, *, #6641, .F. ) ;
#103 = CARTESIAN_POINT ( 'NONE',  ( -30.75000000000000355, 21.17423583211418503, -1.999999999999998224 ) ) ;
#104 = ORIENTED_EDGE ( 'NONE', *, *, #4516, .T. ) ;
#105 = CARTESIAN_POINT ( 'NONE',  ( 30.75000000000000000, 10.00000000000007461, -30.00000000000000000 ) ) ;
#106 = CARTESIAN_POINT ( 'NONE',  ( 28.78090267797338697, 7.910582999762105771, -7.968493085622550431 ) ) ;
#107 = CARTESIAN_POINT ( 'NONE',  ( 19.74999999999999289, -1.000000000000000888, -27.44746873418995392 ) ) ;
#108 = DIRECTION ( 'NONE',  ( 0.000000000000000000, 0.000000000000000000, -1.000000000000000000 ) ) ;
#109 = VERTEX_POINT ( 'NONE', #3668 ) ;
#110 = ADVANCED_FACE ( 'NONE', ( #6475 ), #2114, .F. ) ;
#111 = ORIENTED_EDGE ( 'NONE', *, *, #4359, .T. ) ;
#112 = CARTESIAN_POINT ( 'NONE',  ( 4.000000000000000000, 26.42784580695890995, -7.772349138819023118 ) ) ;
#113 = CARTESIAN_POINT ( 'NONE',  ( 1.667424305044146848, 1.000000000000000000, -7.299999999999999822 ) ) ;
#114 = VECTOR ( 'NONE', #516, 999.9999999999998863 ) ;
#115 = EDGE_CURVE ( 'NONE', #3544, #3376, #5278, .T. ) ;
#116 = AXIS2_PLACEMENT_3D ( 'NONE', #3777, #562, #7124 ) ;
#117 = DIRECTION ( 'NONE',  ( -0.000000000000000000, -0.000000000000000000, 1.000000000000000000 ) ) ;
#118 = DIRECTION ( 'NONE',  ( 0.000000000000000000, 0.8386705679454210527, 0.5446390350150316362 ) ) ;
#119 = VERTEX_POINT ( 'NONE', #2555 ) ;
#120 = AXIS2_PLACEMENT_3D ( 'NONE', #2862, #6566, #4399 ) ;
#121 = EDGE_CURVE ( 'NONE', #64, #6510, #553, .T. ) ;
#122 = VECTOR ( 'NONE', #6728, 999.9999999999998863 ) ;
#123 = CARTESIAN_POINT ( 'NONE',  ( 28.83287716555542701, 12.38354094226790103, -12.72031387272353342 ) ) ;
#124 = CARTESIAN_POINT ( 'NONE',  ( 27.88400358364677345, 12.12953255725070179, -12.81519290823117529 ) ) ;
#125 = CARTESIAN_POINT ( 'NONE',  ( 28.10580824757325402, 17.01274993072139097, -4.506688730267208065 ) ) ;
#126 = ORIENTED_EDGE ( 'NONE', *, *, #3179, .F. ) ;
#127 = CARTESIAN_POINT ( 'NONE',  ( 27.90601177078986694, 7.226069669621745462, -14.07775518080103794 ) ) ;
#128 = VERTEX_POINT ( 'NONE', #420 ) ;
#129 = EDGE_CURVE ( 'NONE', #715, #462, #4205, .T. ) ;
#130 = DIRECTION ( 'NONE',  ( -1.000000000000000000, -0.000000000000000000, -0.000000000000000000 ) ) ;
#131 = DIRECTION ( 'NONE',  ( -0.000000000000000000, -0.5446390350150317472, 0.8386705679454210527 ) ) ;
#132 = VECTOR ( 'NONE', #4163, 999.9999999999998863 ) ;
#133 = CARTESIAN_POINT ( 'NONE',  ( 21.06828128533735267, 33.58069290186368505, -30.00000000000000000 ) ) ;
#134 = CARTESIAN_POINT ( 'NONE',  ( 28.85611822375813418, 12.72324334485497310, -6.589072497452585608 ) ) ;
#135 = EDGE_LOOP ( 'NONE', ( #1300, #4386 ) ) ;
#136 = CARTESIAN_POINT ( 'NONE',  ( 28.86876646768599031, 12.54772295094661771, -6.657512774313378401 ) ) ;
#137 = ORIENTED_EDGE ( 'NONE', *, *, #3329, .F. ) ;
#138 = CARTESIAN_POINT ( 'NONE',  ( 19.75000000000000355, 9.999999999999996447, -17.28932109094523284 ) ) ;
#139 = ORIENTED_EDGE ( 'NONE', *, *, #2718, .F. ) ;
#140 = DIRECTION ( 'NONE',  ( -1.000000000000000000, 0.000000000000000000, 0.000000000000000000 ) ) ;
#141 = DIRECTION ( 'NONE',  ( 0.000000000000000000, 0.000000000000000000, 1.000000000000000000 ) ) ;
#142 = CARTESIAN_POINT ( 'NONE',  ( 28.66366293530355236, 18.04339744366134823, -9.891791153237443623 ) ) ;
#143 = DIRECTION ( 'NONE',  ( 0.000000000000000000, -0.5446390350150316362, 0.8386705679454210527 ) ) ;
#144 = EDGE_CURVE ( 'NONE', #5956, #1365, #5866, .T. ) ;
#145 = LINE ( 'NONE', #4037, #1176 ) ;
#146 = ORIENTED_EDGE ( 'NONE', *, *, #5030, .T. ) ;
#147 = AXIS2_PLACEMENT_3D ( 'NONE', #4652, #6955, #800 ) ;
#148 = ORIENTED_EDGE ( 'NONE', *, *, #197, .T. ) ;
#149 = DIRECTION ( 'NONE',  ( 0.000000000000000000, 1.000000000000000000, 0.000000000000000000 ) ) ;
#150 = DIRECTION ( 'NONE',  ( -1.000000000000000000, -0.000000000000000000, -0.000000000000000000 ) ) ;
#151 = VECTOR ( 'NONE', #1271, 1000.000000000000000 ) ;
#152 = CARTESIAN_POINT ( 'NONE',  ( 5.000000000000000000, -1.000000000000000000, -22.30000000000000426 ) ) ;
#153 = DIRECTION ( 'NONE',  ( -0.000000000000000000, -0.000000000000000000, -1.000000000000000000 ) ) ;
#154 = ORIENTED_EDGE ( 'NONE', *, *, #4862, .T. ) ;
#155 = AXIS2_PLACEMENT_3D ( 'NONE', #5276, #6804, #3124 ) ;
#156 = VECTOR ( 'NONE', #2434, 1000.000000000000000 ) ;
#157 = EDGE_CURVE ( 'NONE', #521, #5672, #1545, .T. ) ;
#158 = CARTESIAN_POINT ( 'NONE',  ( -30.75000000000000355, -8.000000000000000000, -21.30000000000000782 ) ) ;
#159 = EDGE_CURVE ( 'NONE', #5071, #5848, #3799, .T. ) ;
#160 = CARTESIAN_POINT ( 'NONE',  ( 28.72206587669725053, 12.19758266715387229, -12.79001987635873938 ) ) ;
#161 = CARTESIAN_POINT ( 'NONE',  ( 28.04464337855224443, 17.03398449621566257, -4.494460024675744236 ) ) ;
#162 = EDGE_CURVE ( 'NONE', #6310, #1411, #5792, .T. ) ;
#163 = CARTESIAN_POINT ( 'NONE',  ( -30.75000000000000000, 19.55514891348196116, -14.29362122842831972 ) ) ;
#164 = ORIENTED_EDGE ( 'NONE', *, *, #5552, .F. ) ;
#165 = ORIENTED_EDGE ( 'NONE', *, *, #1210, .F. ) ;
#166 = LINE ( 'NONE', #5164, #6564 ) ;
#167 = CARTESIAN_POINT ( 'NONE',  ( -40.00000000000000000, -1.000000000000000000, -26.30000000000000782 ) ) ;
#168 = FACE_OUTER_BOUND ( 'NONE', #712, .T. ) ;
#169 = CARTESIAN_POINT ( 'NONE',  ( 27.73166225551224429, 7.862309439360458896, -7.977023071921108155 ) ) ;
#170 = ORIENTED_EDGE ( 'NONE', *, *, #2316, .T. ) ;
#171 = ORIENTED_EDGE ( 'NONE', *, *, #2504, .T. ) ;
#172 = CARTESIAN_POINT ( 'NONE',  ( -19.75000000000000000, 9.999999999999991118, -8.300000000000002487 ) ) ;
#173 = ORIENTED_EDGE ( 'NONE', *, *, #3598, .T. ) ;
#174 = CARTESIAN_POINT ( 'NONE',  ( 7.667424305044148625, 0.000000000000000000, -6.299999999999999822 ) ) ;
#175 = ORIENTED_EDGE ( 'NONE', *, *, #198, .F. ) ;
#176 = DIRECTION ( 'NONE',  ( 0.000000000000000000, -2.168404344971008868E-16, -1.000000000000000000 ) ) ;
#177 = CARTESIAN_POINT ( 'NONE',  ( 28.85652868519915160, 7.723890050506332372, -14.00075197924530812 ) ) ;
#178 = APPROVAL_STATUS ( 'not_yet_approved' ) ;
#179 = CARTESIAN_POINT ( 'NONE',  ( -30.75000000000025580, 19.90379514311903009, -2.675306036846885949 ) ) ;
#180 = CARTESIAN_POINT ( 'NONE',  ( -13.00000000000000178, 21.65689861817951822, -7.586440707836955788 ) ) ;
#181 = DIRECTION ( 'NONE',  ( 1.000000000000000000, 1.334402673828313586E-16, 0.000000000000000000 ) ) ;
#182 = ORIENTED_EDGE ( 'NONE', *, *, #6631, .F. ) ;
#183 = VECTOR ( 'NONE', #3706, 1000.000000000000000 ) ;
#184 = ORIENTED_EDGE ( 'NONE', *, *, #115, .T. ) ;
#185 = PLANE ( 'NONE',  #2304 ) ;
#186 = CARTESIAN_POINT ( 'NONE',  ( -27.52817459302551839, 2.221825406974473616, -24.20772211675409835 ) ) ;
#187 = EDGE_CURVE ( 'NONE', #2793, #6945, #6440, .T. ) ;
#188 = DIRECTION ( 'NONE',  ( 1.000000000000000000, 0.000000000000000000, 0.000000000000000000 ) ) ;
#189 = VECTOR ( 'NONE', #5785, 1000.000000000000000 ) ;
#190 = B_SPLINE_SURFACE_WITH_KNOTS ( 'NONE', 3, 1, ( 
 ( #4819, #1948 ),
 ( #7026, #4142 ),
 ( #2087, #6348 ),
 ( #3609, #5805 ),
 ( #5835, #1985 ),
 ( #2531, #4182 ),
 ( #901, #1726 ),
 ( #4320, #1147 ),
 ( #3351, #6115 ),
 ( #6524, #1181 ),
 ( #3921, #5537 ),
 ( #5501, #2123 ),
 ( #2821, #2707 ),
 ( #1040, #1114 ),
 ( #5969, #571 ),
 ( #3887, #5429 ),
 ( #2782, #39 ),
 ( #4457, #6556 ),
 ( #3389, #534 ),
 ( #6040, #2668 ),
 ( #4352, #1623 ),
 ( #3277, #5576 ),
 ( #1075, #6662 ),
 ( #3240, #2230 ),
 ( #2744, #1588 ),
 ( #5466, #4389 ),
 ( #497, #3315 ),
 ( #4854, #4929 ),
 ( #1661, #4966 ),
 ( #6592, #1 ),
 ( #607, #2193 ) ),
 .UNSPECIFIED., .F., .F., .F.,
 ( 4, 3, 3, 3, 3, 3, 3, 3, 3, 3, 4 ),
 ( 2, 2 ),
 ( 0.000000000000000000, 0.05442374373406170390, 0.1088738475265137035, 0.1629213148193501548, 0.2163918209077839994, 0.2694462183959961399, 0.3223259407173654223, 0.3752876194258960019, 0.4285773983305525281, 0.4823904985175000437, 0.5000000000000000000 ),
 ( 0.000000000000000000, 1.000000000000000000 ),
 .UNSPECIFIED. ) ;
#191 = CYLINDRICAL_SURFACE ( 'NONE', #4513, 14.99999999999999822 ) ;
#192 = ORIENTED_EDGE ( 'NONE', *, *, #3492, .F. ) ;
#193 = PLANE ( 'NONE',  #3571 ) ;
#194 = CARTESIAN_POINT ( 'NONE',  ( -29.03042489260326775, 26.52869282400001438, -9.855522308781315743 ) ) ;
#195 = LINE ( 'NONE', #2396, #3982 ) ;
#196 = CARTESIAN_POINT ( 'NONE',  ( 25.53039685096370093, 2.944055508025526180, -14.30000000000000071 ) ) ;
#197 = EDGE_CURVE ( 'NONE', #6663, #6310, #7018, .T. ) ;
#198 = EDGE_CURVE ( 'NONE', #4291, #242, #1384, .T. ) ;
#199 = VERTEX_POINT ( 'NONE', #4992 ) ;
#200 = EDGE_CURVE ( 'NONE', #1145, #4233, #5566, .T. ) ;
#201 = LINE ( 'NONE', #6146, #1734 ) ;
#202 = CARTESIAN_POINT ( 'NONE',  ( 28.35133090613987861, 13.19274334717404962, -6.399413613951919544 ) ) ;
#203 = LINE ( 'NONE', #133, #5704 ) ;
#204 = CARTESIAN_POINT ( 'NONE',  ( 28.87050000000000338, 12.59266273372887213, -6.640117382201243146 ) ) ;
#205 = EDGE_CURVE ( 'NONE', #5848, #5071, #6332, .T. ) ;
#206 = ORIENTED_EDGE ( 'NONE', *, *, #157, .F. ) ;
#207 = EDGE_LOOP ( 'NONE', ( #6418, #725, #5561, #2148 ) ) ;
#208 = LINE ( 'NONE', #1144, #2581 ) ;
#209 = ORIENTED_EDGE ( 'NONE', *, *, #5845, .T. ) ;
#210 = FACE_OUTER_BOUND ( 'NONE', #1182, .T. ) ;
#211 = ORIENTED_EDGE ( 'NONE', *, *, #3201, .F. ) ;
#212 = EDGE_CURVE ( 'NONE', #4241, #5995, #4418, .T. ) ;
#213 = LINE ( 'NONE', #4644, #1194 ) ;
#214 = CARTESIAN_POINT ( 'NONE',  ( 28.87049999999994299, 7.638338725837958698, -8.015035282108303960 ) ) ;
#215 = CARTESIAN_POINT ( 'NONE',  ( 28.87049999999998562, 17.63305939905613684, -10.14184796343229422 ) ) ;
#216 = CARTESIAN_POINT ( 'NONE',  ( 28.18398542500336035, 18.18986006536064437, -3.800891580712437712 ) ) ;
#217 = FACE_OUTER_BOUND ( 'NONE', #6015, .T. ) ;
#218 = ORIENTED_EDGE ( 'NONE', *, *, #3425, .F. ) ;
#219 = ORIENTED_EDGE ( 'NONE', *, *, #1660, .T. ) ;
#220 = CARTESIAN_POINT ( 'NONE',  ( 13.66742430504414685, 0.000000000000000000, -6.299999999999999822 ) ) ;
#221 = CARTESIAN_POINT ( 'NONE',  ( -27.01561931726450538, 29.62103167153980721, -7.887497747016365857 ) ) ;
#222 = LINE ( 'NONE', #1883, #609 ) ;
#223 = CARTESIAN_POINT ( 'NONE',  ( -25.54999999999999716, 20.56761931084846751, -5.909097666669674176 ) ) ;
#224 = ORIENTED_EDGE ( 'NONE', *, *, #4280, .T. ) ;
#225 = CARTESIAN_POINT ( 'NONE',  ( -24.48568251867381562, 32.28486430235997773, -6.192182872303250818 ) ) ;
#226 = VECTOR ( 'NONE', #2538, 1000.000000000000000 ) ;
#227 = CARTESIAN_POINT ( 'NONE',  ( -25.68921140703200479, 6.533848576155910415, -8.168005766204966989 ) ) ;
#228 = AXIS2_PLACEMENT_3D ( 'NONE', #3192, #3702, #5314 ) ;
#229 = CARTESIAN_POINT ( 'NONE',  ( 19.00000000000000355, -1.000000000000000000, -6.299999999999999822 ) ) ;
#230 = CARTESIAN_POINT ( 'NONE',  ( -4.000000000000000000, 26.00000000000000355, -4.765994983667008356 ) ) ;
#231 = LINE ( 'NONE', #3551, #156 ) ;
#232 = AXIS2_PLACEMENT_3D ( 'NONE', #2240, #4435, #5586 ) ;
#233 = ADVANCED_FACE ( 'NONE', ( #5528 ), #65, .F. ) ;
#234 = VERTEX_POINT ( 'NONE', #4449 ) ;
#235 = VECTOR ( 'NONE', #2001, 1000.000000000000000 ) ;
#236 = B_SPLINE_CURVE_WITH_KNOTS ( 'NONE', 3,
 ( #3956, #4567, #1289, #6152, #2815, #4423, #1797, #136, #1253, #5640, #4455, #6770, #4530, #3991, #1220, #6220, #1179, #5104, #5139, #2295, #2879, #6660, #6112, #2850, #6074, #3421, #5034, #3349, #1829, #4490, #3385, #642, #605, #2914, #1691, #3491, #5605, #5682, #4024, #4999, #3455, #6696, #713, #754, #3885, #677, #5070, #2954, #2334, #6736 ),
 .UNSPECIFIED., .F., .F.,
 ( 4, 2, 2, 1, 2, 2, 2, 2, 2, 2, 2, 2, 2, 2, 2, 2, 2, 2, 1, 2, 2, 1, 2, 2, 1, 2, 4 ),
 ( 0.000000000000000000, 0.003906250000000915934, 0.007812500000001831868, 0.01171875000000274780, 0.01367187500000329597, 0.01562500000000384415, 0.02343750000000359782, 0.03125000000000335149, 0.06250000000000315026, 0.1250000000000041633, 0.1875000000000051903, 0.2500000000000062172, 0.2812500000000053846, 0.3125000000000045519, 0.3750000000000049405, 0.4062500000000042188, 0.4218750000000032196, 0.4375000000000022204, 0.4531250000000012212, 0.4609375000000010547, 0.4687500000000008882, 0.4765625000000007216, 0.4804687500000004996, 0.4843750000000003331, 0.4921875000000002220, 0.4960937500000001110, 0.5000000000000000000 ),
 .UNSPECIFIED. ) ;
#237 = CARTESIAN_POINT ( 'NONE',  ( -4.332575694955851375, 0.000000000000000000, -7.299999999999999822 ) ) ;
#238 = DIRECTION ( 'NONE',  ( 0.000000000000000000, -0.8386705679454212747, -0.5446390350150313031 ) ) ;
#239 = DIRECTION ( 'NONE',  ( 1.000000000000000000, 0.000000000000000000, 0.000000000000000000 ) ) ;
#240 = CARTESIAN_POINT ( 'NONE',  ( 19.66742430504414330, 0.000000000000000000, -7.299999999999999822 ) ) ;
#241 = EDGE_CURVE ( 'NONE', #5011, #4591, #5419, .T. ) ;
#242 = VERTEX_POINT ( 'NONE', #5459 ) ;
#243 = VERTEX_POINT ( 'NONE', #6655 ) ;
#244 = DIRECTION ( 'NONE',  ( 0.000000000000000000, 0.000000000000000000, 1.000000000000000000 ) ) ;
#245 = ORIENTED_EDGE ( 'NONE', *, *, #1741, .T. ) ;
#246 = CYLINDRICAL_SURFACE ( 'NONE', #4877, 5.000000000000000888 ) ;
#247 = VERTEX_POINT ( 'NONE', #28 ) ;
#248 = ADVANCED_FACE ( 'NONE', ( #6549 ), #1172, .F. ) ;
#249 = FACE_OUTER_BOUND ( 'NONE', #1894, .T. ) ;
#250 = AXIS2_PLACEMENT_3D ( 'NONE', #968, #5385, #2117 ) ;
#251 = B_SPLINE_SURFACE_WITH_KNOTS ( 'NONE', 5, 5, ( 
 ( #3446, #3339, #1716, #1788, #4662, #5630 ),
 ( #1683, #5492, #63, #6103, #1137, #1208 ),
 ( #5525, #1169, #26, #4480, #3375, #4415 ),
 ( #6724, #704, #2842, #3411, #3980, #3007 ),
 ( #6618, #127, #2471, #668, #5194, #5563 ),
 ( #6867, #632, #6066, #6687, #6142, #595 ) ),
 .UNSPECIFIED., .F., .F., .F.,
 ( 6, 6 ),
 ( 6, 6 ),
 ( -0.6121181562285181732, 0.6118421032917077396 ),
 ( -0.6195823642400721809, 0.6203789673632237323 ),
 .UNSPECIFIED. ) ;
#252 = CARTESIAN_POINT ( 'NONE',  ( 26.13039685096370235, 2.944055508025526180, -14.30000000000000071 ) ) ;
#253 = CYLINDRICAL_SURFACE ( 'NONE', #3362, 10.99999999999999645 ) ;
#254 = CARTESIAN_POINT ( 'NONE',  ( 27.74129254351572627, 17.87571332230115573, -3.994811070990318846 ) ) ;
#255 = EDGE_CURVE ( 'NONE', #4532, #4111, #5960, .T. ) ;
#256 = CARTESIAN_POINT ( 'NONE',  ( -29.85912877649676034, 24.50719087886572112, -11.43543656212612802 ) ) ;
#257 = CIRCLE ( 'NONE', #939, 0.5999999999999998668 ) ;
#258 = ORIENTED_EDGE ( 'NONE', *, *, #5087, .T. ) ;
#259 = EDGE_LOOP ( 'NONE', ( #6445, #825, #6677, #1436 ) ) ;
#260 = DIRECTION ( 'NONE',  ( 1.000000000000000000, 0.000000000000000000, 0.000000000000000000 ) ) ;
#261 = CARTESIAN_POINT ( 'NONE',  ( -22.61039859452114342, 32.83849309766037550, -6.025025640017552142 ) ) ;
#262 = CARTESIAN_POINT ( 'NONE',  ( 16.66742430504414330, 1.000000000000000000, -7.299999999999999822 ) ) ;
#263 = ADVANCED_FACE ( 'NONE', ( #3808 ), #3844, .T. ) ;
#264 = B_SPLINE_CURVE_WITH_KNOTS ( 'NONE', 3,
 ( #828, #2492, #5074, #6886, #6156, #681, #6949, #1977, #6984, #1442, #999, #2627, #3600, #421, #3193, #4810, #5383, #2013, #5796, #451, #3744, #2661, #7016, #2556, #4780, #1403, #1507, #2080, #4173, #2524, #4847 ),
 .UNSPECIFIED., .F., .F.,
 ( 4, 3, 3, 3, 3, 3, 3, 3, 3, 3, 4 ),
 ( 0.5000000000000000000, 0.5367810128115176882, 0.5915497773677658166, 0.6462232463285633166, 0.7002523867920595890, 0.7533817979599128911, 0.8058799833007054270, 0.8583894471418060945, 0.9115280285743589950, 0.9655406986929766511, 1.000000000000000000 ),
 .UNSPECIFIED. ) ;
#265 = CIRCLE ( 'NONE', #4401, 0.2999999999999974909 ) ;
#266 = DIRECTION ( 'NONE',  ( -0.000000000000000000, 0.5446390350150316362, -0.8386705679454210527 ) ) ;
#267 = VERTEX_POINT ( 'NONE', #2845 ) ;
#268 = CARTESIAN_POINT ( 'NONE',  ( -29.59228011985494078, 4.248101247722568807, -22.89184319985960059 ) ) ;
#269 = DIRECTION ( 'NONE',  ( -0.3545520856891586914, -0.9350362658921136383, 0.000000000000000000 ) ) ;
#270 = CARTESIAN_POINT ( 'NONE',  ( 19.74999999999993960, 0.8499999999999927613, -18.24859595258460132 ) ) ;
#271 = AXIS2_PLACEMENT_3D ( 'NONE', #3510, #5621, #2896 ) ;
#272 = LINE ( 'NONE', #2395, #7044 ) ;
#273 = CARTESIAN_POINT ( 'NONE',  ( -0.6027385456715649292, 41.18347612781095535, -0.6057302951333399799 ) ) ;
#274 = DIRECTION ( 'NONE',  ( 0.000000000000000000, 0.000000000000000000, 1.000000000000000000 ) ) ;
#275 = AXIS2_PLACEMENT_3D ( 'NONE', #3057, #3561, #5245 ) ;
#276 = ORIENTED_EDGE ( 'NONE', *, *, #4555, .F. ) ;
#277 = CIRCLE ( 'NONE', #6948, 4.099999999999999645 ) ;
#278 = DIRECTION ( 'NONE',  ( 0.000000000000000000, -0.8386705679454210527, -0.5446390350150316362 ) ) ;
#279 = AXIS2_PLACEMENT_3D ( 'NONE', #1212, #1755, #671 ) ;
#280 = CIRCLE ( 'NONE', #4304, 0.3000000000000015987 ) ;
#281 = CARTESIAN_POINT ( 'NONE',  ( 28.85558097853023085, 12.72569238894627830, -6.588109975227570914 ) ) ;
#282 = CARTESIAN_POINT ( 'NONE',  ( -5.999999999999998224, -8.000000000000001776, -26.30000000000000426 ) ) ;
#283 = EDGE_LOOP ( 'NONE', ( #5186, #3489, #2030, #4875 ) ) ;
#284 = ORIENTED_EDGE ( 'NONE', *, *, #2153, .F. ) ;
#285 = DIRECTION ( 'NONE',  ( 0.7071067811865410224, 0.7071067811865540120, -0.000000000000000000 ) ) ;
#286 = VECTOR ( 'NONE', #3494, 1000.000000000000000 ) ;
#287 = VERTEX_POINT ( 'NONE', #5028 ) ;
#288 = DIRECTION ( 'NONE',  ( 1.016912203301933947E-16, -0.5446390350150294157, 0.8386705679454224960 ) ) ;
#289 = VERTEX_POINT ( 'NONE', #4378 ) ;
#290 = CARTESIAN_POINT ( 'NONE',  ( 6.713729199648194701, 32.64565663597156231, -3.999999999999998224 ) ) ;
#291 = FACE_OUTER_BOUND ( 'NONE', #514, .T. ) ;
#292 = FACE_OUTER_BOUND ( 'NONE', #5108, .T. ) ;
#293 = CARTESIAN_POINT ( 'NONE',  ( 28.35409829455939956, 18.18590005686414202, -3.803362293577813080 ) ) ;
#294 = CARTESIAN_POINT ( 'NONE',  ( -19.00000000000000355, -13.00000000000000178, -6.299999999999999822 ) ) ;
#295 = ADVANCED_FACE ( 'NONE', ( #6068 ), #2698, .T. ) ;
#296 = VERTEX_POINT ( 'NONE', #4483 ) ;
#297 = ORIENTED_EDGE ( 'NONE', *, *, #5168, .T. ) ;
#298 = LINE ( 'NONE', #5695, #6678 ) ;
#299 = FACE_OUTER_BOUND ( 'NONE', #498, .T. ) ;
#300 = ADVANCED_FACE ( 'NONE', ( #1581 ), #6033, .F. ) ;
#301 = LINE ( 'NONE', #1486, #4180 ) ;
#302 = CARTESIAN_POINT ( 'NONE',  ( 17.00000000000000000, -8.000000000000000000, -11.30000000000000071 ) ) ;
#303 = VECTOR ( 'NONE', #2403, 1000.000000000000000 ) ;
#304 = DIRECTION ( 'NONE',  ( 0.000000000000000000, 1.000000000000000000, 0.000000000000000000 ) ) ;
#305 = DIRECTION ( 'NONE',  ( 0.000000000000000000, 1.000000000000000000, 0.000000000000000000 ) ) ;
#306 = DIRECTION ( 'NONE',  ( -1.000000000000000000, -1.334402673828313339E-16, -8.665712287671780119E-17 ) ) ;
#307 = PLANE ( 'NONE',  #5883 ) ;
#308 = PLANE ( 'NONE',  #1108 ) ;
#309 = DIRECTION ( 'NONE',  ( 0.000000000000000000, 1.000000000000000000, 0.000000000000000000 ) ) ;
#310 = ORIENTED_EDGE ( 'NONE', *, *, #3770, .T. ) ;
#311 = PLANE ( 'NONE',  #4149 ) ;
#312 = CYLINDRICAL_SURFACE ( 'NONE', #5303, 14.99999999999999822 ) ;
#313 = CARTESIAN_POINT ( 'NONE',  ( -13.00000000000000178, 21.65689861817951822, -7.586440707836955788 ) ) ;
#314 = ORIENTED_EDGE ( 'NONE', *, *, #205, .F. ) ;
#315 = VERTEX_POINT ( 'NONE', #1104 ) ;
#316 = LINE ( 'NONE', #1973, #5793 ) ;
#317 = EDGE_LOOP ( 'NONE', ( #5918, #1828, #6153, #4820 ) ) ;
#318 = CARTESIAN_POINT ( 'NONE',  ( 26.11396103065103702, 3.636038969348904359, -23.28932109094523284 ) ) ;
#319 = FACE_OUTER_BOUND ( 'NONE', #5817, .T. ) ;
#320 = DIRECTION ( 'NONE',  ( 0.000000000000000000, 0.000000000000000000, -1.000000000000000000 ) ) ;
#321 = DIRECTION ( 'NONE',  ( -1.000000000000000000, -1.334402673828313339E-16, -8.665712287671780119E-17 ) ) ;
#322 = CARTESIAN_POINT ( 'NONE',  ( 25.43770381734442054, 0.1313546312565589402, -19.56528971174446596 ) ) ;
#323 = CARTESIAN_POINT ( 'NONE',  ( -30.44999999999999929, 19.71854062398647756, -14.54522239881194068 ) ) ;
#324 = VERTEX_POINT ( 'NONE', #3308 ) ;
#325 = DIRECTION ( 'NONE',  ( 0.000000000000000000, 0.5446390350150287496, -0.8386705679454229401 ) ) ;
#326 = EDGE_LOOP ( 'NONE', ( #5439, #6781, #206, #5824 ) ) ;
#327 = FACE_OUTER_BOUND ( 'NONE', #5211, .T. ) ;
#328 = CARTESIAN_POINT ( 'NONE',  ( -24.31599607491321891, 31.99942010729081687, -6.373845107460679671 ) ) ;
#329 = LINE ( 'NONE', #1918, #3035 ) ;
#330 = CARTESIAN_POINT ( 'NONE',  ( -15.00000000000000000, -1.000000000000000000, -20.30000000000000426 ) ) ;
#331 = CARTESIAN_POINT ( 'NONE',  ( 13.66742430504414330, 1.000000000000000000, -6.299999999999999822 ) ) ;
#332 = CARTESIAN_POINT ( 'NONE',  ( -27.47050000000000125, 25.67423583211418858, -8.000000000000000000 ) ) ;
#333 = ADVANCED_FACE ( 'NONE', ( #5494 ), #2737, .F. ) ;
#334 = EDGE_CURVE ( 'NONE', #7043, #5106, #4345, .T. ) ;
#335 = FACE_OUTER_BOUND ( 'NONE', #4374, .T. ) ;
#336 = FACE_OUTER_BOUND ( 'NONE', #2613, .T. ) ;
#337 = B_SPLINE_CURVE_WITH_KNOTS ( 'NONE', 3,
 ( #858, #4169, #3596, #4742, #2445, #824, #4600, #1866, #4063, #6262 ),
 .UNSPECIFIED., .F., .F.,
 ( 4, 2, 2, 2, 4 ),
 ( 1.734723475976807094E-18, 0.003328364701390058768, 0.004992547052085084466, 0.006656729402780109731, 0.01331345880556021252 ),
 .UNSPECIFIED. ) ;
#338 = CARTESIAN_POINT ( 'NONE',  ( 24.33257569495584249, 0.000000000000000000, -6.299999999999999822 ) ) ;
#339 = EDGE_CURVE ( 'NONE', #558, #6001, #1610, .T. ) ;
#340 = ORIENTED_EDGE ( 'NONE', *, *, #1031, .T. ) ;
#341 = EDGE_CURVE ( 'NONE', #5924, #1122, #1895, .T. ) ;
#342 = CARTESIAN_POINT ( 'NONE',  ( 28.14866516670502250, 28.18710646963423727, -8.800075622937633568 ) ) ;
#343 = VECTOR ( 'NONE', #5554, 1000.000000000000000 ) ;
#344 = CARTESIAN_POINT ( 'NONE',  ( 5.350804235495735028, 24.39919576450418148, -9.805569409420744620 ) ) ;
#345 = CARTESIAN_POINT ( 'NONE',  ( -25.54999999999999716, 6.455527702773800058, -8.176670741960794686 ) ) ;
#346 = VECTOR ( 'NONE', #352, 999.9999999999998863 ) ;
#347 = EDGE_CURVE ( 'NONE', #425, #3420, #3983, .T. ) ;
#348 = ORIENTED_EDGE ( 'NONE', *, *, #334, .T. ) ;
#349 = ORIENTED_EDGE ( 'NONE', *, *, #4368, .T. ) ;
#350 = CARTESIAN_POINT ( 'NONE',  ( -15.00000000000000000, 0.9999999999999965583, -25.00118481360497213 ) ) ;
#351 = ORIENTED_EDGE ( 'NONE', *, *, #200, .T. ) ;
#352 = DIRECTION ( 'NONE',  ( 0.000000000000000000, 0.8386705679454210527, 0.5446390350150316362 ) ) ;
#353 = CARTESIAN_POINT ( 'NONE',  ( 27.77409372697326262, 17.93715082145315165, -3.957260306434302155 ) ) ;
#354 = DIRECTION ( 'NONE',  ( -1.000000000000000000, -0.000000000000000000, -0.000000000000000000 ) ) ;
#355 = DIRECTION ( 'NONE',  ( 0.000000000000000000, 1.000000000000000000, 5.782411586589357392E-17 ) ) ;
#356 = CARTESIAN_POINT ( 'NONE',  ( -26.14892996102332390, 3.459648682739361547, -23.40387028243575074 ) ) ;
#357 = FACE_OUTER_BOUND ( 'NONE', #2822, .T. ) ;
#358 = EDGE_LOOP ( 'NONE', ( #3946, #3504, #6155, #6735, #3295, #394, #351 ) ) ;
#359 = CYLINDRICAL_SURFACE ( 'NONE', #970, 0.3000000000000012657 ) ;
#360 = ORIENTED_EDGE ( 'NONE', *, *, #1255, .F. ) ;
#361 = DIRECTION ( 'NONE',  ( -1.000000000000000000, 0.000000000000000000, 0.000000000000000000 ) ) ;
#362 = CARTESIAN_POINT ( 'NONE',  ( -27.47050000000000125, 25.67423583211418858, -1.999999999999999556 ) ) ;
#363 = EDGE_CURVE ( 'NONE', #6474, #2429, #5634, .T. ) ;
#364 = AXIS2_PLACEMENT_3D ( 'NONE', #1583, #2629, #1069 ) ;
#365 = DIRECTION ( 'NONE',  ( 0.000000000000000000, 0.000000000000000000, -1.000000000000000000 ) ) ;
#366 = CARTESIAN_POINT ( 'NONE',  ( 26.87050000000000338, 25.67423583211418858, -1.999999999999999556 ) ) ;
#367 =( BOUNDED_SURFACE ( )  B_SPLINE_SURFACE ( 3, 2, ( 
 ( #3889, #75, #1663 ),
 ( #4494, #1149, #5503 ),
 ( #5971, #3353, #2266 ),
 ( #6701, #1766, #5539 ),
 ( #3242, #2856, #647 ),
 ( #4459, #1728, #6042 ),
 ( #3923, #6117, #1184 ),
 ( #2195, #3391, #4895 ),
 ( #5578, #4391, #5039 ),
 ( #1042, #1116, #5432 ),
 ( #4354, #499, #7103 ),
 ( #6558, #3819, #6008 ) ),
 .UNSPECIFIED., .F., .F., .F. ) 
 B_SPLINE_SURFACE_WITH_KNOTS ( ( 4, 2, 2, 2, 2, 4 ),
 ( 3, 3 ),
 ( 3.141592653589793116, 3.337942194439155408, 3.534291735288517255, 3.926990816987241395, 4.319689898685965090, 4.712388980384689674 ),
 ( 0.000000000000000000, 1.000000000000000000 ),
 .UNSPECIFIED. ) 
 GEOMETRIC_REPRESENTATION_ITEM ( )  RATIONAL_B_SPLINE_SURFACE ( (
 ( 1.000000000000000000, 0.4771587602596076283, 1.000000000000000000),
 ( 1.000000000000000000, 0.4771528750184428347, 1.000000000000000000),
 ( 1.000000000000000000, 0.4790081999230266230, 1.000000000000000000),
 ( 1.000000000000000000, 0.4862130714176177149, 1.000000000000000000),
 ( 1.000000000000000000, 0.4915645638800776873, 1.000000000000000000),
 ( 1.000000000000000000, 0.5120919740315331703, 1.000000000000000000),
 ( 1.000000000000000000, 0.5317440600323307676, 1.000000000000000000),
 ( 1.000000000000000000, 0.5772032291045099406, 1.000000000000000000),
 ( 1.000000000000000000, 0.6029426217206583782, 1.000000000000000000),
 ( 1.000000000000000000, 0.6552907943675003732, 1.000000000000000000),
 ( 1.000000000000000000, 0.6819225649261648758, 1.000000000000000000),
 ( 1.000000000000000000, 0.7071067811865516806, 1.000000000000000000) ) ) 
 REPRESENTATION_ITEM ( '' )  SURFACE ( )  );
#368 = ORIENTED_EDGE ( 'NONE', *, *, #6543, .F. ) ;
#369 = CARTESIAN_POINT ( 'NONE',  ( 27.67050955963804881, 17.59183070749403655, -10.16608525983273736 ) ) ;
#370 = CARTESIAN_POINT ( 'NONE',  ( 0.000000000000000000, -13.00000000000000178, -11.30000000000000071 ) ) ;
#371 = FACE_OUTER_BOUND ( 'NONE', #2361, .T. ) ;
#372 = CARTESIAN_POINT ( 'NONE',  ( -28.96319972734610815, 26.65524419208637497, -9.774982557803797434 ) ) ;
#373 = ORIENTED_EDGE ( 'NONE', *, *, #470, .F. ) ;
#374 = EDGE_CURVE ( 'NONE', #1773, #100, #3684, .T. ) ;
#375 = CIRCLE ( 'NONE', #726, 0.6000000000000033085 ) ;
#376 = CARTESIAN_POINT ( 'NONE',  ( 19.66742430504414330, 1.000000000000000000, -7.299999999999999822 ) ) ;
#377 = ADVANCED_FACE ( 'NONE', ( #706 ), #1822, .F. ) ;
#378 = DIRECTION ( 'NONE',  ( 0.000000000000000000, 1.000000000000000000, 0.000000000000000000 ) ) ;
#379 = CARTESIAN_POINT ( 'NONE',  ( -27.54999999999999716, 13.12216723537822105, -8.585710176193767751 ) ) ;
#380 = CIRCLE ( 'NONE', #4980, 0.6000000000000033085 ) ;
#381 = AXIS2_PLACEMENT_3D ( 'NONE', #904, #4758, #2090 ) ;
#382 = ORIENTED_EDGE ( 'NONE', *, *, #2178, .T. ) ;
#383 = EDGE_LOOP ( 'NONE', ( #2880, #1086, #523, #7114, #5498, #2075 ) ) ;
#384 = CARTESIAN_POINT ( 'NONE',  ( 10.00000000000000178, -1.000000000000000000, -26.30000000000000426 ) ) ;
#385 = ORIENTED_EDGE ( 'NONE', *, *, #5055, .T. ) ;
#386 = CARTESIAN_POINT ( 'NONE',  ( 29.35402884301885251, 25.87419941480817798, -8.847690838919268330 ) ) ;
#387 = VECTOR ( 'NONE', #5379, 1000.000000000000000 ) ;
#388 = AXIS2_PLACEMENT_3D ( 'NONE', #3569, #6272, #4750 ) ;
#389 = CARTESIAN_POINT ( 'NONE',  ( 27.87292986775695880, 18.04391770502885350, -9.891513141279325794 ) ) ;
#390 = DIRECTION ( 'NONE',  ( -1.000000000000000000, 0.000000000000000000, 0.000000000000000000 ) ) ;
#391 = LINE ( 'NONE', #3130, #4549 ) ;
#392 = CIRCLE ( 'NONE', #3957, 4.100000000000000533 ) ;
#393 = ORIENTED_EDGE ( 'NONE', *, *, #1255, .T. ) ;
#394 = ORIENTED_EDGE ( 'NONE', *, *, #1231, .T. ) ;
#395 = DIRECTION ( 'NONE',  ( 1.000000000000000000, 0.000000000000000000, 0.000000000000000000 ) ) ;
#396 = ORIENTED_EDGE ( 'NONE', *, *, #770, .T. ) ;
#397 = CARTESIAN_POINT ( 'NONE',  ( 30.16547534632253047, 24.36710145907031944, -11.23120107764134090 ) ) ;
#398 = DIRECTION ( 'NONE',  ( 0.000000000000000000, 0.000000000000000000, 1.000000000000000000 ) ) ;
#399 = CARTESIAN_POINT ( 'NONE',  ( -30.70245510257410260, 20.76067849896960738, -2.065601037916884319 ) ) ;
#400 = CARTESIAN_POINT ( 'NONE',  ( 19.66742430504414330, 1.000000000000000000, -7.299999999999999822 ) ) ;
#401 = CARTESIAN_POINT ( 'NONE',  ( 0.000000000000000000, 0.000000000000000000, 0.000000000000000000 ) ) ;
#402 = EDGE_CURVE ( 'NONE', #616, #1562, #166, .T. ) ;
#403 = ORIENTED_EDGE ( 'NONE', *, *, #3722, .T. ) ;
#404 = DIRECTION ( 'NONE',  ( 0.000000000000000000, 5.480694194524166577E-17, -1.000000000000000000 ) ) ;
#405 = LINE ( 'NONE', #370, #3590 ) ;
#406 = LINE ( 'NONE', #512, #959 ) ;
#407 = CARTESIAN_POINT ( 'NONE',  ( -11.71372919964819381, 32.64565663597156231, -3.999999999999998224 ) ) ;
#408 = VERTEX_POINT ( 'NONE', #6293 ) ;
#409 = EDGE_CURVE ( 'NONE', #3410, #2124, #5064, .T. ) ;
#410 = CARTESIAN_POINT ( 'NONE',  ( -25.53039685096370093, 2.944055508025524404, -14.30000000000000071 ) ) ;
#411 = VECTOR ( 'NONE', #443, 1000.000000000000000 ) ;
#412 = DIRECTION ( 'NONE',  ( 0.000000000000000000, 0.000000000000000000, -1.000000000000000000 ) ) ;
#413 = CARTESIAN_POINT ( 'NONE',  ( -25.54999999999999716, 10.80364186874145815, -7.270351169264799296 ) ) ;
#414 = EDGE_CURVE ( 'NONE', #5311, #6197, #3577, .T. ) ;
#415 = ORIENTED_EDGE ( 'NONE', *, *, #7075, .T. ) ;
#416 = ORIENTED_EDGE ( 'NONE', *, *, #4924, .T. ) ;
#417 = CARTESIAN_POINT ( 'NONE',  ( -30.75000000000000000, 10.00000000000006395, -30.00000000000000000 ) ) ;
#418 = ORIENTED_EDGE ( 'NONE', *, *, #458, .T. ) ;
#419 = ADVANCED_FACE ( 'NONE', ( #2365 ), #6837, .F. ) ;
#420 = CARTESIAN_POINT ( 'NONE',  ( -10.00000000000000178, -13.00000000000000178, -21.30000000000000782 ) ) ;
#421 = CARTESIAN_POINT ( 'NONE',  ( 28.14861739163654875, 8.186434243525646082, -13.91787254802042462 ) ) ;
#422 = EDGE_CURVE ( 'NONE', #2751, #7102, #3300, .T. ) ;
#423 = CARTESIAN_POINT ( 'NONE',  ( -10.00000000000000178, -8.000000000000000000, -23.85000000000000497 ) ) ;
#424 = CARTESIAN_POINT ( 'NONE',  ( -19.33257569495584605, 1.000000000000000000, -7.299999999999999822 ) ) ;
#425 = VERTEX_POINT ( 'NONE', #5674 ) ;
#426 = PLANE ( 'NONE',  #6255 ) ;
#427 = ORIENTED_EDGE ( 'NONE', *, *, #1744, .F. ) ;
#428 = EDGE_CURVE ( 'NONE', #1113, #1865, #817, .T. ) ;
#429 = DIRECTION ( 'NONE',  ( 1.000000000000000000, -0.000000000000000000, -0.000000000000000000 ) ) ;
#430 = EDGE_LOOP ( 'NONE', ( #5787, #148 ) ) ;
#431 = DIRECTION ( 'NONE',  ( 1.000000000000000000, 0.000000000000000000, 0.000000000000000000 ) ) ;
#432 = CARTESIAN_POINT ( 'NONE',  ( 19.74999999999992895, -1.000000000000000000, -30.00000000000000000 ) ) ;
#433 = DIRECTION ( 'NONE',  ( 0.000000000000000000, 5.480694194524166577E-17, -1.000000000000000000 ) ) ;
#434 = CARTESIAN_POINT ( 'NONE',  ( -26.13039685096370235, 2.944055508025524404, -14.30000000000000071 ) ) ;
#435 = DIRECTION ( 'NONE',  ( 0.9350362658921145265, -0.3545520856891562489, 0.000000000000000000 ) ) ;
#436 = VERTEX_POINT ( 'NONE', #237 ) ;
#437 = CARTESIAN_POINT ( 'NONE',  ( 28.34601473424375939, 16.99127580890346323, -10.51903617450974338 ) ) ;
#438 = CARTESIAN_POINT ( 'NONE',  ( -19.00000000000000355, -8.000000000000000000, -11.30000000000000071 ) ) ;
#439 = LINE ( 'NONE', #2205, #3146 ) ;
#440 = EDGE_LOOP ( 'NONE', ( #1798, #868, #5081, #5680 ) ) ;
#441 = DIRECTION ( 'NONE',  ( -0.000000000000000000, -0.000000000000000000, 1.000000000000000000 ) ) ;
#442 = FACE_OUTER_BOUND ( 'NONE', #4023, .T. ) ;
#443 = DIRECTION ( 'NONE',  ( 0.000000000000000000, -0.8386705679454211637, -0.5446390350150316362 ) ) ;
#444 = EDGE_CURVE ( 'NONE', #4303, #1100, #4487, .T. ) ;
#445 = EDGE_LOOP ( 'NONE', ( #2595, #5138, #5388, #6688 ) ) ;
#446 = ORIENTED_EDGE ( 'NONE', *, *, #1174, .F. ) ;
#447 = DIRECTION ( 'NONE',  ( -0.000000000000000000, -0.000000000000000000, 1.000000000000000000 ) ) ;
#448 = VERTEX_POINT ( 'NONE', #3522 ) ;
#449 = CARTESIAN_POINT ( 'NONE',  ( 11.71372919964819381, 32.64565663597156231, -3.999999999999998224 ) ) ;
#450 = VECTOR ( 'NONE', #6285, 1000.000000000000000 ) ;
#451 = CARTESIAN_POINT ( 'NONE',  ( 28.54009965123352899, 8.135228684343793759, -13.92754004106708621 ) ) ;
#452 = CARTESIAN_POINT ( 'NONE',  ( -30.76000000000000156, 0.8500000000000021982, -25.09859595258459208 ) ) ;
#453 = DIRECTION ( 'NONE',  ( 1.000000000000000000, -0.000000000000000000, -0.000000000000000000 ) ) ;
#454 = ORIENTED_EDGE ( 'NONE', *, *, #3153, .F. ) ;
#455 = DIRECTION ( 'NONE',  ( -0.000000000000000000, 0.000000000000000000, 1.000000000000000000 ) ) ;
#456 = VECTOR ( 'NONE', #4656, 1000.000000000000000 ) ;
#457 = ORIENTED_EDGE ( 'NONE', *, *, #3025, .T. ) ;
#458 = EDGE_CURVE ( 'NONE', #3869, #559, #1791, .T. ) ;
#459 = VECTOR ( 'NONE', #6396, 1000.000000000000000 ) ;
#460 = EDGE_CURVE ( 'NONE', #4112, #5324, #5133, .T. ) ;
#461 = CARTESIAN_POINT ( 'NONE',  ( 30.45000000000000284, -1.163391710504513732, -27.74839882961637372 ) ) ;
#462 = VERTEX_POINT ( 'NONE', #670 ) ;
#463 = LINE ( 'NONE', #6488, #1318 ) ;
#464 = FACE_OUTER_BOUND ( 'NONE', #6102, .T. ) ;
#465 = DIRECTION ( 'NONE',  ( 0.000000000000000000, 0.000000000000000000, 1.000000000000000000 ) ) ;
#466 = EDGE_CURVE ( 'NONE', #7088, #5545, #201, .T. ) ;
#467 = FACE_BOUND ( 'NONE', #1552, .T. ) ;
#468 = ORIENTED_EDGE ( 'NONE', *, *, #2852, .F. ) ;
#469 = CARTESIAN_POINT ( 'NONE',  ( -16.33257569495584960, 1.000000000000000000, -7.299999999999999822 ) ) ;
#470 = EDGE_CURVE ( 'NONE', #1482, #5137, #1859, .T. ) ;
#471 = CARTESIAN_POINT ( 'NONE',  ( 27.67075707270931062, 17.65954704276138543, -10.12596877622984337 ) ) ;
#472 = CYLINDRICAL_SURFACE ( 'NONE', #4519, 0.5999999999999998668 ) ;
#473 = CARTESIAN_POINT ( 'NONE',  ( 27.73897420345197418, 17.30497439282216021, -10.33683090464474219 ) ) ;
#474 = ORIENTED_EDGE ( 'NONE', *, *, #1256, .F. ) ;
#475 = VERTEX_POINT ( 'NONE', #2874 ) ;
#476 = VECTOR ( 'NONE', #4051, 1000.000000000000227 ) ;
#477 = FACE_OUTER_BOUND ( 'NONE', #1467, .T. ) ;
#478 = LINE ( 'NONE', #7047, #6225 ) ;
#479 = DIRECTION ( 'NONE',  ( 1.000000000000000000, -0.000000000000000000, -0.000000000000000000 ) ) ;
#480 = FACE_OUTER_BOUND ( 'NONE', #4991, .T. ) ;
#481 = B_SPLINE_CURVE_WITH_KNOTS ( 'NONE', 3,
 ( #3463, #2456, #179, #2381 ),
 .UNSPECIFIED., .F., .F.,
 ( 4, 4 ),
 ( 1.372935325577949628E-14, 0.001263366155976804314 ),
 .UNSPECIFIED. ) ;
#482 = ORIENTED_EDGE ( 'NONE', *, *, #6904, .F. ) ;
#483 = EDGE_LOOP ( 'NONE', ( #6041, #5574, #1237, #1245 ) ) ;
#484 = CIRCLE ( 'NONE', #3251, 2.550000000000000266 ) ;
#485 = FACE_OUTER_BOUND ( 'NONE', #1312, .T. ) ;
#486 = VERTEX_POINT ( 'NONE', #2327 ) ;
#487 = CARTESIAN_POINT ( 'NONE',  ( -30.75000000000000355, 21.17423583211418503, -3.000000000000000000 ) ) ;
#488 = DIRECTION ( 'NONE',  ( -0.3545520856891573591, 0.9350362658921140824, 0.000000000000000000 ) ) ;
#489 = CIRCLE ( 'NONE', #5207, 0.2999999999999992673 ) ;
#490 = CARTESIAN_POINT ( 'NONE',  ( 30.74999999999999645, 7.007539939421548070, -21.09984276050725072 ) ) ;
#491 = DIRECTION ( 'NONE',  ( -0.000000000000000000, -1.000000000000000000, -0.000000000000000000 ) ) ;
#492 = ORIENTED_EDGE ( 'NONE', *, *, #38, .F. ) ;
#493 = CARTESIAN_POINT ( 'NONE',  ( 28.86955723654964601, 7.514144922536644344, -8.035208701359612959 ) ) ;
#494 = ORIENTED_EDGE ( 'NONE', *, *, #2341, .F. ) ;
#495 = CIRCLE ( 'NONE', #4522, 0.6000000000000033085 ) ;
#496 = VECTOR ( 'NONE', #3964, 999.9999999999998863 ) ;
#497 = CARTESIAN_POINT ( 'NONE',  ( 27.68115237006035656, 7.464219353758794639, -8.043021140149051007 ) ) ;
#498 = EDGE_LOOP ( 'NONE', ( #2669, #3359, #4262, #6654 ) ) ;
#499 = CARTESIAN_POINT ( 'NONE',  ( -30.77218095900113681, 8.682186359212415994, -21.71231465957604456 ) ) ;
#500 = CARTESIAN_POINT ( 'NONE',  ( 27.52817459302486824, 2.221825406920820978, -18.20772211667057761 ) ) ;
#501 = VECTOR ( 'NONE', #5249, 999.9999999999998863 ) ;
#502 = CARTESIAN_POINT ( 'NONE',  ( 26.87050000000000338, 22.67423583211419214, -8.000000000000000000 ) ) ;
#503 = DIRECTION ( 'NONE',  ( 0.000000000000000000, 0.000000000000000000, -1.000000000000000000 ) ) ;
#504 = EDGE_CURVE ( 'NONE', #6796, #4456, #4521, .T. ) ;
#505 = CARTESIAN_POINT ( 'NONE',  ( 28.39809388698746773, 16.97902618684066667, -10.52644961456718598 ) ) ;
#506 = VECTOR ( 'NONE', #3423, 1000.000000000000000 ) ;
#507 = EDGE_CURVE ( 'NONE', #2793, #4680, #2655, .T. ) ;
#508 = VERTEX_POINT ( 'NONE', #918 ) ;
#509 = CARTESIAN_POINT ( 'NONE',  ( 27.89674325798693388, 17.11695581663639487, -10.44651803294116910 ) ) ;
#510 = DIRECTION ( 'NONE',  ( 1.000000000000000000, 0.000000000000000000, 0.000000000000000000 ) ) ;
#511 = CARTESIAN_POINT ( 'NONE',  ( -24.41688107640533545, 1.765051716246929692, -17.65435441976707054 ) ) ;
#512 = CARTESIAN_POINT ( 'NONE',  ( -30.76000000000000156, 26.00000000000000355, -8.765994983667010132 ) ) ;
#513 = CARTESIAN_POINT ( 'NONE',  ( 27.67063823135961087, 17.57462419388527053, -10.17685749672410722 ) ) ;
#514 = EDGE_LOOP ( 'NONE', ( #717, #6300, #3234, #2917 ) ) ;
#515 = ORIENTED_EDGE ( 'NONE', *, *, #2545, .T. ) ;
#516 = DIRECTION ( 'NONE',  ( 0.000000000000000000, 0.8386705679454210527, 0.5446390350150316362 ) ) ;
#517 = DIRECTION ( 'NONE',  ( 1.000000000000000000, -0.000000000000000000, -0.000000000000000000 ) ) ;
#518 = PLANE ( 'NONE',  #6979 ) ;
#519 = CARTESIAN_POINT ( 'NONE',  ( -27.47050000000000125, 25.67423583211418858, -8.000000000000000000 ) ) ;
#520 = VERTEX_POINT ( 'NONE', #1431 ) ;
#521 = VERTEX_POINT ( 'NONE', #5305 ) ;
#522 = CARTESIAN_POINT ( 'NONE',  ( 19.75000000000000000, 9.999999999999985789, -16.55387028243574932 ) ) ;
#523 = ORIENTED_EDGE ( 'NONE', *, *, #874, .F. ) ;
#524 = AXIS2_PLACEMENT_3D ( 'NONE', #4240, #865, #6344 ) ;
#525 = DIRECTION ( 'NONE',  ( -1.000000000000000000, 0.000000000000000000, 0.000000000000000000 ) ) ;
#526 = FACE_OUTER_BOUND ( 'NONE', #1587, .T. ) ;
#527 = DIRECTION ( 'NONE',  ( 0.000000000000000000, 0.8386705679454210527, 0.5446390350150316362 ) ) ;
#528 = VECTOR ( 'NONE', #1641, 999.9999999999998863 ) ;
#529 = CARTESIAN_POINT ( 'NONE',  ( 27.70537676165325536, 12.80674906753240805, -12.55614663883195270 ) ) ;
#530 = ADVANCED_FACE ( 'NONE', ( #886 ), #4904, .F. ) ;
#531 = VERTEX_POINT ( 'NONE', #4230 ) ;
#532 = CARTESIAN_POINT ( 'NONE',  ( 27.67478271440035442, 7.516220897145882596, -8.034759833290774367 ) ) ;
#533 = ORIENTED_EDGE ( 'NONE', *, *, #1741, .F. ) ;
#534 = CARTESIAN_POINT ( 'NONE',  ( 28.00513409254235953, 7.057036813858719171, -14.10267889400158303 ) ) ;
#535 = EDGE_LOOP ( 'NONE', ( #2103, #1906, #661, #4202, #2955 ) ) ;
#536 = CARTESIAN_POINT ( 'NONE',  ( -30.75000000000000355, 41.30059529707407506, 3.688901468242485134E-15 ) ) ;
#537 = CARTESIAN_POINT ( 'NONE',  ( -6.440947607339125192, 44.01179042757635074, 1.406541579638601824 ) ) ;
#538 = DIRECTION ( 'NONE',  ( 0.000000000000000000, 0.000000000000000000, 1.000000000000000000 ) ) ;
#539 = CARTESIAN_POINT ( 'NONE',  ( 30.77218095900710537, 8.682186359219839389, -21.71231465958015150 ) ) ;
#540 = ADVANCED_FACE ( 'NONE', ( #852 ), #3084, .F. ) ;
#541 = DIRECTION ( 'NONE',  ( -0.000000000000000000, 0.5446390350150316362, -0.8386705679454210527 ) ) ;
#542 = ORIENTED_EDGE ( 'NONE', *, *, #1310, .F. ) ;
#543 = CARTESIAN_POINT ( 'NONE',  ( 26.73039685096370377, 2.944055508025526180, -14.30000000000000071 ) ) ;
#544 = CARTESIAN_POINT ( 'NONE',  ( -30.71595821802318937, 8.998936601598813922, -7.754044867305483812 ) ) ;
#545 = CARTESIAN_POINT ( 'NONE',  ( 28.47045342381273869, 18.15856618112110965, -9.820397626260458424 ) ) ;
#546 = CARTESIAN_POINT ( 'NONE',  ( 0.6027385456715632639, 41.18347612781095535, -0.6057302951333379815 ) ) ;
#547 = ADVANCED_FACE ( 'NONE', ( #954 ), #3550, .T. ) ;
#548 = CARTESIAN_POINT ( 'NONE',  ( 28.77853441366672982, 17.26146315035958168, -10.36238963376548483 ) ) ;
#549 = ORIENTED_EDGE ( 'NONE', *, *, #7076, .F. ) ;
#550 = ADVANCED_FACE ( 'NONE', ( #2717 ), #311, .F. ) ;
#551 = CARTESIAN_POINT ( 'NONE',  ( 27.68156795770906342, 12.45990506206298498, -12.69134678187007026 ) ) ;
#552 = EDGE_CURVE ( 'NONE', #4398, #7088, #3345, .T. ) ;
#553 =( BOUNDED_CURVE ( )  B_SPLINE_CURVE ( 3, ( #5855, #3743, #5381, #4745 ),
 .UNSPECIFIED., .F., .T. ) 
 B_SPLINE_CURVE_WITH_KNOTS ( ( 4, 4 ),
 ( 1.135951104096226905, 1.570796326794896558 ),
 .UNSPECIFIED. ) 
 CURVE ( )  GEOMETRIC_REPRESENTATION_ITEM ( )  RATIONAL_B_SPLINE_CURVE ( ( 1.000000000000000000, 0.9843044465687409428, 0.9843044465687409428, 1.000000000000000000 ) ) 
 REPRESENTATION_ITEM ( '' )  );
#554 = CARTESIAN_POINT ( 'NONE',  ( 27.75747138784765866, 12.27505357709158496, -6.761236707503303300 ) ) ;
#555 = LINE ( 'NONE', #2763, #4558 ) ;
#556 = EDGE_CURVE ( 'NONE', #4661, #6817, #5952, .T. ) ;
#557 = CARTESIAN_POINT ( 'NONE',  ( -19.33257569495584605, 1.000000000000000000, -7.299999999999999822 ) ) ;
#558 = VERTEX_POINT ( 'NONE', #3588 ) ;
#559 = VERTEX_POINT ( 'NONE', #1498 ) ;
#560 = CARTESIAN_POINT ( 'NONE',  ( -10.00000000000000178, -13.00000000000000178, -11.30000000000000071 ) ) ;
#561 = ORIENTED_EDGE ( 'NONE', *, *, #5703, .T. ) ;
#562 = DIRECTION ( 'NONE',  ( 1.000000000000000000, 0.000000000000000000, 0.000000000000000000 ) ) ;
#563 = CARTESIAN_POINT ( 'NONE',  ( 28.81722240160394932, 17.84659104542368624, -10.01263083280418620 ) ) ;
#564 = CARTESIAN_POINT ( 'NONE',  ( -20.96191565963060555, 33.46357373260055112, -5.619093529326677938 ) ) ;
#565 = EDGE_CURVE ( 'NONE', #1867, #6510, #3694, .T. ) ;
#566 = FACE_OUTER_BOUND ( 'NONE', #1940, .T. ) ;
#567 = ORIENTED_EDGE ( 'NONE', *, *, #3984, .F. ) ;
#568 = LINE ( 'NONE', #2226, #6715 ) ;
#569 = ORIENTED_EDGE ( 'NONE', *, *, #5351, .F. ) ;
#570 = CIRCLE ( 'NONE', #2765, 5.000000000000000888 ) ;
#571 = CARTESIAN_POINT ( 'NONE',  ( 28.26256253051908729, 6.991512134112708665, -14.11156970954884926 ) ) ;
#572 = ORIENTED_EDGE ( 'NONE', *, *, #4702, .T. ) ;
#573 = CARTESIAN_POINT ( 'NONE',  ( -22.33257569495584605, 0.000000000000000000, -7.299999999999999822 ) ) ;
#574 = AXIS2_PLACEMENT_3D ( 'NONE', #1506, #6372, #3092 ) ;
#575 = LINE ( 'NONE', #4, #2996 ) ;
#576 = CARTESIAN_POINT ( 'NONE',  ( 27.75729543561214996, 7.277294505274460867, -14.07140266680786667 ) ) ;
#577 = VECTOR ( 'NONE', #5012, 1000.000000000000000 ) ;
#578 = DIRECTION ( 'NONE',  ( 0.000000000000000000, 1.000000000000000000, 0.000000000000000000 ) ) ;
#579 = CARTESIAN_POINT ( 'NONE',  ( 28.14703176836719223, 17.71339134602895982, -10.09007192623422711 ) ) ;
#580 = CIRCLE ( 'NONE', #1390, 5.000000000000000888 ) ;
#581 = ORIENTED_EDGE ( 'NONE', *, *, #1035, .T. ) ;
#582 = CARTESIAN_POINT ( 'NONE',  ( 28.64476703625909693, 26.77651363899621373, -9.961721130281441461 ) ) ;
#583 = DIRECTION ( 'NONE',  ( -1.000000000000000000, -0.000000000000000000, -0.000000000000000000 ) ) ;
#584 = PLANE ( 'NONE',  #6711 ) ;
#585 = CARTESIAN_POINT ( 'NONE',  ( 28.66681963522794518, 17.13968305224589272, -4.433309378579879834 ) ) ;
#586 = AXIS2_PLACEMENT_3D ( 'NONE', #5798, #5829, #6950 ) ;
#587 = LINE ( 'NONE', #2356, #1497 ) ;
#588 = CARTESIAN_POINT ( 'NONE',  ( 28.49685214617849383, 12.03296651370676962, -6.850482354000590135 ) ) ;
#589 = FACE_OUTER_BOUND ( 'NONE', #283, .T. ) ;
#590 = CARTESIAN_POINT ( 'NONE',  ( 20.96191565963060555, 33.30018202209605249, -5.367492358943043662 ) ) ;
#591 = AXIS2_PLACEMENT_3D ( 'NONE', #438, #2101, #4767 ) ;
#592 = EDGE_CURVE ( 'NONE', #2446, #4456, #1391, .T. ) ;
#593 = ORIENTED_EDGE ( 'NONE', *, *, #1485, .T. ) ;
#594 = EDGE_LOOP ( 'NONE', ( #6966, #5598, #6802, #24 ) ) ;
#595 = CARTESIAN_POINT ( 'NONE',  ( 27.65407807027228060, 8.203462551485639409, -13.91914132684755145 ) ) ;
#596 = ORIENTED_EDGE ( 'NONE', *, *, #3419, .T. ) ;
#597 = EDGE_CURVE ( 'NONE', #5617, #4319, #580, .T. ) ;
#598 = CARTESIAN_POINT ( 'NONE',  ( -30.75000000000000000, 10.00000000000006395, -30.00000000000000000 ) ) ;
#599 =( BOUNDED_CURVE ( )  B_SPLINE_CURVE ( 3, ( #4822, #4220, #2608, #4792 ),
 .UNSPECIFIED., .F., .T. ) 
 B_SPLINE_CURVE_WITH_KNOTS ( ( 4, 4 ),
 ( 1.087271360517657159, 1.570796326794896336 ),
 .UNSPECIFIED. ) 
 CURVE ( )  GEOMETRIC_REPRESENTATION_ITEM ( )  RATIONAL_B_SPLINE_CURVE ( ( 1.000000000000000000, 0.9806116796946160452, 0.9806116796946160452, 1.000000000000000000 ) ) 
 REPRESENTATION_ITEM ( '' )  );
#600 = CARTESIAN_POINT ( 'NONE',  ( 28.23586529840167358, 18.19222537547330631, -9.799418296217318414 ) ) ;
#601 = CARTESIAN_POINT ( 'NONE',  ( 27.95933554061448234, 13.11189857317779328, -6.432775956536636919 ) ) ;
#602 = CIRCLE ( 'NONE', #2100, 0.6000000000000033085 ) ;
#603 = CARTESIAN_POINT ( 'NONE',  ( 28.70479374960457264, 13.01160749640865966, -6.473755984054422541 ) ) ;
#604 = ORIENTED_EDGE ( 'NONE', *, *, #1125, .F. ) ;
#605 = CARTESIAN_POINT ( 'NONE',  ( 27.72782146661700509, 12.33609053516945764, -6.738250941160012886 ) ) ;
#606 = VERTEX_POINT ( 'NONE', #1268 ) ;
#607 = CARTESIAN_POINT ( 'NONE',  ( 27.67054646866343148, 7.596505633131664936, -8.021827838018646517 ) ) ;
#608 = ORIENTED_EDGE ( 'NONE', *, *, #672, .T. ) ;
#609 = VECTOR ( 'NONE', #5697, 1000.000000000000000 ) ;
#610 = CARTESIAN_POINT ( 'NONE',  ( -16.33257569495584960, 1.000000000000000000, -7.299999999999999822 ) ) ;
#611 = CARTESIAN_POINT ( 'NONE',  ( 28.54009965123352899, 8.135228684343793759, -7.927540040931895682 ) ) ;
#612 = CARTESIAN_POINT ( 'NONE',  ( 0.000000000000000000, -12.00000000000000000, -15.30000000000000071 ) ) ;
#613 = VECTOR ( 'NONE', #6299, 1000.000000000000000 ) ;
#614 = AXIS2_PLACEMENT_3D ( 'NONE', #2269, #5580, #1697 ) ;
#615 = CARTESIAN_POINT ( 'NONE',  ( 28.05391849839842067, 13.15657204632745447, -12.41437194494030294 ) ) ;
#616 = VERTEX_POINT ( 'NONE', #2753 ) ;
#617 = CIRCLE ( 'NONE', #1080, 0.5999999999999998668 ) ;
#618 = DIRECTION ( 'NONE',  ( 0.000000000000000000, 0.8386705679454287132, 0.5446390350150200899 ) ) ;
#619 = CARTESIAN_POINT ( 'NONE',  ( -11.11372919964819239, 32.64565663597156231, -3.999999999999998224 ) ) ;
#620 = APPROVAL_PERSON_ORGANIZATION ( #5772, #6836, #6897 ) ;
#621 = VECTOR ( 'NONE', #6633, 1000.000000000000000 ) ;
#622 = DIRECTION ( 'NONE',  ( -0.000000000000000000, -0.000000000000000000, 1.000000000000000000 ) ) ;
#623 = CARTESIAN_POINT ( 'NONE',  ( 27.99474351483900136, 17.05433353659770646, -4.482740751757265052 ) ) ;
#624 = AXIS2_PLACEMENT_3D ( 'NONE', #2566, #4755, #3068 ) ;
#625 = EDGE_CURVE ( 'NONE', #6945, #4489, #5403, .T. ) ;
#626 = PLANE ( 'NONE',  #4717 ) ;
#627 = CARTESIAN_POINT ( 'NONE',  ( 28.10802714172008976, 12.01164163321686118, -6.858204940127229143 ) ) ;
#628 = LINE ( 'NONE', #6508, #528 ) ;
#629 = DIRECTION ( 'NONE',  ( -0.000000000000000000, -1.000000000000000000, -0.000000000000000000 ) ) ;
#630 = ORIENTED_EDGE ( 'NONE', *, *, #4078, .T. ) ;
#631 = ORIENTED_EDGE ( 'NONE', *, *, #409, .F. ) ;
#632 = CARTESIAN_POINT ( 'NONE',  ( 27.66122607272284739, 7.224735968326371882, -14.08054662668615542 ) ) ;
#633 = ORIENTED_EDGE ( 'NONE', *, *, #241, .T. ) ;
#634 = DIRECTION ( 'NONE',  ( 1.000000000000000000, -0.000000000000000000, -0.000000000000000000 ) ) ;
#635 = VECTOR ( 'NONE', #6489, 1000.000000000000000 ) ;
#636 = CARTESIAN_POINT ( 'NONE',  ( 28.84254471094606131, 17.78293067307334141, -10.05137520264004003 ) ) ;
#637 = CARTESIAN_POINT ( 'NONE',  ( -22.33257569495584605, 1.000000000000000000, -6.299999999999999822 ) ) ;
#638 = CARTESIAN_POINT ( 'NONE',  ( 28.49724729768527354, 13.14816760588843891, -12.41783137596795505 ) ) ;
#639 = EDGE_CURVE ( 'NONE', #889, #1100, #2241, .T. ) ;
#640 = CIRCLE ( 'NONE', #4671, 0.6000000000000033085 ) ;
#641 = ORIENTED_EDGE ( 'NONE', *, *, #6957, .F. ) ;
#642 = CARTESIAN_POINT ( 'NONE',  ( 27.74537129964556925, 12.30180195639410279, -6.751146598198612736 ) ) ;
#643 = EDGE_LOOP ( 'NONE', ( #2801, #1293 ) ) ;
#644 = LINE ( 'NONE', #3531, #2824 ) ;
#645 = ORIENTED_EDGE ( 'NONE', *, *, #3467, .T. ) ;
#646 = EDGE_CURVE ( 'NONE', #1192, #2601, #1965, .T. ) ;
#647 = CARTESIAN_POINT ( 'NONE',  ( -23.19770754536171609, 0.009882391760820789101, -27.34417470655404969 ) ) ;
#648 = AXIS2_PLACEMENT_3D ( 'NONE', #6055, #5614, #683 ) ;
#649 = CARTESIAN_POINT ( 'NONE',  ( 28.64972979097959538, 8.060120797197756204, -13.94148492224287672 ) ) ;
#650 = CARTESIAN_POINT ( 'NONE',  ( 5.999999999999998224, -13.00000000000000178, -15.30000000000000071 ) ) ;
#651 = ADVANCED_FACE ( 'NONE', ( #6639 ), #2832, .T. ) ;
#652 = EDGE_CURVE ( 'NONE', #6361, #1580, #691, .T. ) ;
#653 = DIRECTION ( 'NONE',  ( 1.000000000000000000, -0.000000000000000000, -0.000000000000000000 ) ) ;
#654 = EDGE_LOOP ( 'NONE', ( #4085, #6221, #5002, #823 ) ) ;
#655 = ORIENTED_EDGE ( 'NONE', *, *, #3950, .F. ) ;
#656 = FACE_OUTER_BOUND ( 'NONE', #4518, .T. ) ;
#657 = DIRECTION ( 'NONE',  ( 1.000000000000000000, -0.000000000000000000, -0.000000000000000000 ) ) ;
#658 = FACE_OUTER_BOUND ( 'NONE', #6739, .T. ) ;
#659 = EDGE_CURVE ( 'NONE', #4661, #1789, #5620, .T. ) ;
#660 = LINE ( 'NONE', #4507, #5896 ) ;
#661 = ORIENTED_EDGE ( 'NONE', *, *, #1302, .F. ) ;
#662 = CARTESIAN_POINT ( 'NONE',  ( 27.67042399338495784, 12.57236563500781124, -12.64799489665602295 ) ) ;
#663 = APPROVAL ( #178, '未' ) ;
#664 = CARTESIAN_POINT ( 'NONE',  ( 27.72980324354168147, 12.33257233107387663, -12.73957004316838137 ) ) ;
#665 = CARTESIAN_POINT ( 'NONE',  ( 28.58969443034213498, 17.08052000335736054, -4.467604518411175896 ) ) ;
#666 = CARTESIAN_POINT ( 'NONE',  ( -30.75000000000000355, 19.71854062398646334, -14.54522239881194245 ) ) ;
#667 = ORIENTED_EDGE ( 'NONE', *, *, #953, .T. ) ;
#668 = CARTESIAN_POINT ( 'NONE',  ( 27.90243776777174034, 7.715885985033616556, -13.99984196296751016 ) ) ;
#669 = EDGE_LOOP ( 'NONE', ( #3088, #385, #4098, #2138 ) ) ;
#670 = CARTESIAN_POINT ( 'NONE',  ( 22.66742430504414330, 0.000000000000000000, -7.299999999999999822 ) ) ;
#671 = DIRECTION ( 'NONE',  ( -0.7071067811865479058, 0.7071067811865470176, 0.000000000000000000 ) ) ;
#672 = EDGE_CURVE ( 'NONE', #5924, #296, #3435, .T. ) ;
#673 = LINE ( 'NONE', #167, #3927 ) ;
#674 = CARTESIAN_POINT ( 'NONE',  ( -25.54999999999999716, 18.01373076861104749, -3.928591867798832293 ) ) ;
#675 = CARTESIAN_POINT ( 'NONE',  ( 28.31612927207187624, 13.19092519246223283, -6.400166520140337489 ) ) ;
#676 = ORIENTED_EDGE ( 'NONE', *, *, #470, .T. ) ;
#677 = CARTESIAN_POINT ( 'NONE',  ( 27.67136595886081096, 12.55888990702746710, -6.653201850725162458 ) ) ;
#678 = ORIENTED_EDGE ( 'NONE', *, *, #6985, .T. ) ;
#679 = FACE_BOUND ( 'NONE', #5163, .T. ) ;
#680 = ORIENTED_EDGE ( 'NONE', *, *, #6416, .F. ) ;
#681 = CARTESIAN_POINT ( 'NONE',  ( 27.72960011003262792, 7.863630315342545529, -13.97683504804424537 ) ) ;
#682 = CARTESIAN_POINT ( 'NONE',  ( -16.33257569495584960, 1.000000000000000000, -7.299999999999999822 ) ) ;
#683 = DIRECTION ( 'NONE',  ( 0.000000000000000000, 1.000000000000000000, 5.480694194524166577E-17 ) ) ;
#684 = CARTESIAN_POINT ( 'NONE',  ( 10.00000000000000178, -13.00000000000000178, -11.30000000000000071 ) ) ;
#685 = CARTESIAN_POINT ( 'NONE',  ( 28.70479374960457264, 13.01160749640865966, -12.47375598429541377 ) ) ;
#686 = EDGE_CURVE ( 'NONE', #6001, #3647, #5587, .T. ) ;
#687 = EDGE_CURVE ( 'NONE', #5720, #4479, #4975, .T. ) ;
#688 = VERTEX_POINT ( 'NONE', #5049 ) ;
#689 = EDGE_LOOP ( 'NONE', ( #1608, #3676 ) ) ;
#690 = CARTESIAN_POINT ( 'NONE',  ( -7.332575694955850487, 1.000000000000000000, -6.299999999999999822 ) ) ;
#691 = LINE ( 'NONE', #619, #3916 ) ;
#692 = EDGE_CURVE ( 'NONE', #4319, #3989, #3361, .T. ) ;
#693 = AXIS2_PLACEMENT_3D ( 'NONE', #1816, #1383, #4664 ) ;
#694 = AXIS2_PLACEMENT_3D ( 'NONE', #3414, #6177, #3947 ) ;
#695 = LINE ( 'NONE', #2833, #1533 ) ;
#696 = DIRECTION ( 'NONE',  ( 0.000000000000000000, 0.000000000000000000, 1.000000000000000000 ) ) ;
#697 = ORIENTED_EDGE ( 'NONE', *, *, #2576, .T. ) ;
#698 = CARTESIAN_POINT ( 'NONE',  ( 28.43083763164981548, 12.01050486919153037, -12.85861711223950543 ) ) ;
#699 = EDGE_CURVE ( 'NONE', #6603, #3034, #1057, .T. ) ;
#700 = CARTESIAN_POINT ( 'NONE',  ( 27.67417906975601127, 12.52632007661547142, -12.66576619696268047 ) ) ;
#701 = CARTESIAN_POINT ( 'NONE',  ( 28.55598910788972233, 17.06089624612388533, -4.478939492812580525 ) ) ;
#702 = CARTESIAN_POINT ( 'NONE',  ( 0.000000000000000000, 39.43052276528985089, -30.00000000000000000 ) ) ;
#703 = ORIENTED_EDGE ( 'NONE', *, *, #4161, .T. ) ;
#704 = CARTESIAN_POINT ( 'NONE',  ( 28.15079746824103069, 7.227558992200099119, -14.07592195161244852 ) ) ;
#705 = ORIENTED_EDGE ( 'NONE', *, *, #3040, .T. ) ;
#706 = FACE_OUTER_BOUND ( 'NONE', #535, .T. ) ;
#707 = LINE ( 'NONE', #637, #3697 ) ;
#708 = VECTOR ( 'NONE', #6178, 1000.000000000000000 ) ;
#709 = DIRECTION ( 'NONE',  ( -0.000000000000000000, -0.000000000000000000, 1.000000000000000000 ) ) ;
#710 = CARTESIAN_POINT ( 'NONE',  ( 28.85611822375813418, 12.72324334485497310, -12.58907249769357328 ) ) ;
#711 = ORIENTED_EDGE ( 'NONE', *, *, #1185, .T. ) ;
#712 = EDGE_LOOP ( 'NONE', ( #3482, #1265, #6513, #3396 ) ) ;
#713 = CARTESIAN_POINT ( 'NONE',  ( 27.67399754772716136, 12.52824617164279708, -6.665024801825953915 ) ) ;
#714 = EDGE_CURVE ( 'NONE', #2444, #6437, #5657, .T. ) ;
#715 = VERTEX_POINT ( 'NONE', #1776 ) ;
#716 = LINE ( 'NONE', #4603, #6847 ) ;
#717 = ORIENTED_EDGE ( 'NONE', *, *, #5530, .T. ) ;
#718 = AXIS2_PLACEMENT_3D ( 'NONE', #2568, #6453, #3205 ) ;
#719 = CARTESIAN_POINT ( 'NONE',  ( -30.44999999999999929, -1.163391710504513732, -27.74839882961637372 ) ) ;
#720 = LINE ( 'NONE', #2886, #3178 ) ;
#721 = CALENDAR_DATE ( 2026, 11, 8 ) ;
#722 = CARTESIAN_POINT ( 'NONE',  ( -6.713729199648194701, 32.64565663597156231, -3.999999999999998224 ) ) ;
#723 = FACE_OUTER_BOUND ( 'NONE', #3058, .T. ) ;
#724 = DIRECTION ( 'NONE',  ( 1.000000000000000000, -0.000000000000000000, -0.000000000000000000 ) ) ;
#725 = ORIENTED_EDGE ( 'NONE', *, *, #2705, .T. ) ;
#726 = AXIS2_PLACEMENT_3D ( 'NONE', #6928, #941, #908 ) ;
#727 = VERTEX_POINT ( 'NONE', #6053 ) ;
#728 = FACE_OUTER_BOUND ( 'NONE', #4565, .T. ) ;
#729 = CARTESIAN_POINT ( 'NONE',  ( -22.75041275344070257, 32.94285323491730111, -5.773425923443181951 ) ) ;
#730 = EDGE_CURVE ( 'NONE', #6589, #234, #1105, .T. ) ;
#731 = EDGE_CURVE ( 'NONE', #5313, #475, #2275, .T. ) ;
#732 = AXIS2_PLACEMENT_3D ( 'NONE', #4659, #5769, #4692 ) ;
#733 = AXIS2_PLACEMENT_3D ( 'NONE', #2638, #4286, #1625 ) ;
#734 = LINE ( 'NONE', #5121, #6835 ) ;
#735 = FACE_OUTER_BOUND ( 'NONE', #6521, .T. ) ;
#736 = EDGE_CURVE ( 'NONE', #3447, #6310, #1810, .T. ) ;
#737 = ORIENTED_EDGE ( 'NONE', *, *, #6168, .F. ) ;
#738 = VECTOR ( 'NONE', #5994, 1000.000000000000000 ) ;
#739 = CARTESIAN_POINT ( 'NONE',  ( -5.999999999999998224, -8.000000000000000000, -21.30000000000000782 ) ) ;
#740 = VECTOR ( 'NONE', #6230, 1000.000000000000000 ) ;
#741 = CARTESIAN_POINT ( 'NONE',  ( -27.16716521901627956, 7.028780967136219360, -8.930134814534396170 ) ) ;
#742 = EDGE_CURVE ( 'NONE', #933, #3304, #6085, .T. ) ;
#743 = CARTESIAN_POINT ( 'NONE',  ( -26.14892996102332390, 3.459648682739361547, -16.55387028243575287 ) ) ;
#744 = PLANE ( 'NONE',  #1573 ) ;
#745 = DIRECTION ( 'NONE',  ( 1.000000000000000000, -0.000000000000000000, -0.000000000000000000 ) ) ;
#746 = ORIENTED_EDGE ( 'NONE', *, *, #1614, .T. ) ;
#747 = EDGE_CURVE ( 'NONE', #1457, #1644, #4466, .T. ) ;
#748 = CARTESIAN_POINT ( 'NONE',  ( -30.75412927910331362, -1.004129279103319616, -26.30268158520413380 ) ) ;
#749 = CARTESIAN_POINT ( 'NONE',  ( 28.07173652494076777, 13.16022444980843886, -6.412863851998653608 ) ) ;
#750 = CARTESIAN_POINT ( 'NONE',  ( 25.07050000000000267, 25.67423583211418858, -0.9999999999999978906 ) ) ;
#751 = CARTESIAN_POINT ( 'NONE',  ( 28.65553153014693422, 13.05282653151618177, -6.456935291162901436 ) ) ;
#752 = EDGE_LOOP ( 'NONE', ( #1252, #2970 ) ) ;
#753 = ORIENTED_EDGE ( 'NONE', *, *, #930, .F. ) ;
#754 = CARTESIAN_POINT ( 'NONE',  ( 27.67329750685447465, 12.53495564052150080, -6.662438776927808171 ) ) ;
#755 = ORIENTED_EDGE ( 'NONE', *, *, #2576, .F. ) ;
#756 = CARTESIAN_POINT ( 'NONE',  ( -19.00000000000000355, -13.00000000000000178, -16.30000000000000071 ) ) ;
#757 = CARTESIAN_POINT ( 'NONE',  ( -13.00000000000000178, 2.000000000000002665, -20.35177722040744897 ) ) ;
#758 = CYLINDRICAL_SURFACE ( 'NONE', #2931, 0.6000000000000007550 ) ;
#759 = CC_DESIGN_PERSON_AND_ORGANIZATION_ASSIGNMENT ( #3719, #2573, ( #6226 ) ) ;
#760 = CARTESIAN_POINT ( 'NONE',  ( 28.21666268996638038, 8.196473013702961552, -7.915953639803283259 ) ) ;
#761 = APPROVAL_STATUS ( 'not_yet_approved' ) ;
#762 = DIRECTION ( 'NONE',  ( 1.000000000000000000, 0.000000000000000000, 0.000000000000000000 ) ) ;
#763 = DIRECTION ( 'NONE',  ( 1.000000000000000000, -0.000000000000000000, 0.000000000000000000 ) ) ;
#764 = DIRECTION ( 'NONE',  ( 1.000000000000000000, 0.000000000000000000, 0.000000000000000000 ) ) ;
#765 = VERTEX_POINT ( 'NONE', #3931 ) ;
#766 = AXIS2_PLACEMENT_3D ( 'NONE', #1001, #3270, #5497 ) ;
#767 = ORIENTED_EDGE ( 'NONE', *, *, #3158, .F. ) ;
#768 = CARTESIAN_POINT ( 'NONE',  ( 30.75000000000000000, 5.046992440278081915, -22.37303719327542950 ) ) ;
#769 = CARTESIAN_POINT ( 'NONE',  ( -40.00000000000000000, 0.000000000000000000, -6.299999999999999822 ) ) ;
#770 = EDGE_CURVE ( 'NONE', #2491, #6448, #5696, .T. ) ;
#771 = CARTESIAN_POINT ( 'NONE',  ( -30.75000000000000355, -1.000000000000004441, -28.00000000000000000 ) ) ;
#772 = CARTESIAN_POINT ( 'NONE',  ( -5.999999999999998224, -2.000000000000000000, -17.30000000000000426 ) ) ;
#773 = ORIENTED_EDGE ( 'NONE', *, *, #1261, .F. ) ;
#774 = DIRECTION ( 'NONE',  ( 1.000000000000000000, 0.000000000000000000, 0.000000000000000000 ) ) ;
#775 = DIRECTION ( 'NONE',  ( -0.000000000000000000, 0.000000000000000000, -1.000000000000000000 ) ) ;
#776 = EDGE_CURVE ( 'NONE', #3869, #3671, #4509, .T. ) ;
#777 = DIRECTION ( 'NONE',  ( 0.000000000000000000, -0.000000000000000000, -1.000000000000000000 ) ) ;
#778 = DIRECTION ( 'NONE',  ( -1.000000000000000000, 0.000000000000000000, 0.000000000000000000 ) ) ;
#779 = CARTESIAN_POINT ( 'NONE',  ( -29.99272834679228339, 24.42033775028732379, -11.19732046692544536 ) ) ;
#780 = ORIENTED_EDGE ( 'NONE', *, *, #1213, .F. ) ;
#781 = EDGE_CURVE ( 'NONE', #408, #5788, #5226, .T. ) ;
#782 = EDGE_CURVE ( 'NONE', #6298, #5071, #804, .T. ) ;
#783 = DIRECTION ( 'NONE',  ( 0.000000000000000000, 0.000000000000000000, 1.000000000000000000 ) ) ;
#784 = EDGE_CURVE ( 'NONE', #6617, #508, #2424, .T. ) ;
#785 = DIRECTION ( 'NONE',  ( 0.000000000000000000, 0.8386705679454210527, 0.5446390350150316362 ) ) ;
#786 = PLANE ( 'NONE',  #988 ) ;
#787 = CARTESIAN_POINT ( 'NONE',  ( 28.87050000000010286, 7.527553265444487884, -14.03303071732257479 ) ) ;
#788 = VERTEX_POINT ( 'NONE', #3576 ) ;
#789 = ORIENTED_EDGE ( 'NONE', *, *, #1402, .T. ) ;
#790 = FACE_OUTER_BOUND ( 'NONE', #2789, .T. ) ;
#791 = ORIENTED_EDGE ( 'NONE', *, *, #6109, .T. ) ;
#792 = CARTESIAN_POINT ( 'NONE',  ( -40.00000000000000000, -13.00000000000000178, -16.30000000000000071 ) ) ;
#793 = ORIENTED_EDGE ( 'NONE', *, *, #6595, .T. ) ;
#794 = CARTESIAN_POINT ( 'NONE',  ( 27.66333611491596045, 12.59086787878588787, -12.64887294064556578 ) ) ;
#795 = EDGE_CURVE ( 'NONE', #5209, #5699, #2933, .T. ) ;
#796 = DIRECTION ( 'NONE',  ( 1.000000000000000000, -0.000000000000000000, 0.000000000000000000 ) ) ;
#797 =( BOUNDED_CURVE ( )  B_SPLINE_CURVE ( 3, ( #5859, #6988, #1981, #2560 ),
 .UNSPECIFIED., .F., .T. ) 
 B_SPLINE_CURVE_WITH_KNOTS ( ( 4, 4 ),
 ( 3.141592653589786455, 4.712388980384689674 ),
 .UNSPECIFIED. ) 
 CURVE ( )  GEOMETRIC_REPRESENTATION_ITEM ( )  RATIONAL_B_SPLINE_CURVE ( ( 1.000000000000000000, 0.8047378541243634942, 0.8047378541243634942, 1.000000000000000000 ) ) 
 REPRESENTATION_ITEM ( '' )  );
#798 = FACE_OUTER_BOUND ( 'NONE', #11, .T. ) ;
#799 = CARTESIAN_POINT ( 'NONE',  ( 16.71372919964819559, 32.64565663597156231, -3.999999999999998224 ) ) ;
#800 = DIRECTION ( 'NONE',  ( 0.000000000000000000, 0.000000000000000000, 1.000000000000000000 ) ) ;
#801 = ORIENTED_EDGE ( 'NONE', *, *, #4653, .T. ) ;
#802 = ORIENTED_EDGE ( 'NONE', *, *, #652, .F. ) ;
#803 = CYLINDRICAL_SURFACE ( 'NONE', #3002, 11.00000000000000000 ) ;
#804 = LINE ( 'NONE', #3612, #4395 ) ;
#805 = CARTESIAN_POINT ( 'NONE',  ( 0.000000000000000000, 41.43052276528985089, -0.2824096229890989962 ) ) ;
#806 = CARTESIAN_POINT ( 'NONE',  ( 19.66742430504414330, 1.000000000000000000, -7.299999999999999822 ) ) ;
#807 = ORIENTED_EDGE ( 'NONE', *, *, #6371, .T. ) ;
#808 = CYLINDRICAL_SURFACE ( 'NONE', #4825, 0.2999999999999971578 ) ;
#809 = AXIS2_PLACEMENT_3D ( 'NONE', #2393, #5700, #774 ) ;
#810 = DIRECTION ( 'NONE',  ( 0.000000000000000000, 1.000000000000000000, 0.000000000000000000 ) ) ;
#811 = LINE ( 'NONE', #743, #5196 ) ;
#812 = DIRECTION ( 'NONE',  ( 0.000000000000000000, 0.000000000000000000, 1.000000000000000000 ) ) ;
#813 = CARTESIAN_POINT ( 'NONE',  ( -30.76000000000000156, 2.000000000000000444, -20.35177722040744897 ) ) ;
#814 = VECTOR ( 'NONE', #4361, 1000.000000000000000 ) ;
#815 = VERTEX_POINT ( 'NONE', #4581 ) ;
#816 = VECTOR ( 'NONE', #3896, 1000.000000000000000 ) ;
#817 = LINE ( 'NONE', #3015, #5758 ) ;
#818 = EDGE_CURVE ( 'NONE', #3538, #4278, #1345, .T. ) ;
#819 = CARTESIAN_POINT ( 'NONE',  ( 30.75000000000000000, 5.046992440278081915, -22.37303719327542950 ) ) ;
#820 = FACE_OUTER_BOUND ( 'NONE', #3273, .T. ) ;
#821 = ADVANCED_FACE ( 'NONE', ( #299 ), #6265, .T. ) ;
#822 = EDGE_LOOP ( 'NONE', ( #633, #2905, #3135, #4448 ) ) ;
#823 = ORIENTED_EDGE ( 'NONE', *, *, #1875, .T. ) ;
#824 = CARTESIAN_POINT ( 'NONE',  ( -27.54999999999999716, 13.09900366933332272, -8.593596975455197295 ) ) ;
#825 = ORIENTED_EDGE ( 'NONE', *, *, #3153, .T. ) ;
#826 = PLANE ( 'NONE',  #4027 ) ;
#827 = ORIENTED_EDGE ( 'NONE', *, *, #5112, .F. ) ;
#828 = CARTESIAN_POINT ( 'NONE',  ( 27.67054635446469035, 7.596441016828121562, -14.02143009566658449 ) ) ;
#829 = VECTOR ( 'NONE', #5677, 1000.000000000000000 ) ;
#830 = CARTESIAN_POINT ( 'NONE',  ( 24.47050000000000125, 25.67423583211418858, -0.9999999999999978906 ) ) ;
#831 = DIRECTION ( 'NONE',  ( 0.000000000000000000, 5.480694194524166577E-17, -1.000000000000000000 ) ) ;
#832 = CARTESIAN_POINT ( 'NONE',  ( 22.70637212269619454, -1.000000000000020206, -20.29999999988166692 ) ) ;
#833 = CARTESIAN_POINT ( 'NONE',  ( -0.2065119901104482403, 41.29391447579435948, -0.5340107933727252787 ) ) ;
#834 = VECTOR ( 'NONE', #1425, 1000.000000000000000 ) ;
#835 = ORIENTED_EDGE ( 'NONE', *, *, #6703, .F. ) ;
#836 = ORIENTED_EDGE ( 'NONE', *, *, #5568, .T. ) ;
#837 = CARTESIAN_POINT ( 'NONE',  ( -11.71372919964819381, 32.64565663597156231, -3.999999999999998224 ) ) ;
#838 = CARTESIAN_POINT ( 'NONE',  ( 28.87050000000000338, 12.59266273372887213, -6.640117382442239702 ) ) ;
#839 =( BOUNDED_CURVE ( )  B_SPLINE_CURVE ( 3, ( #323, #5253, #256, #932 ),
 .UNSPECIFIED., .F., .F. ) 
 B_SPLINE_CURVE_WITH_KNOTS ( ( 4, 4 ),
 ( 4.712388980384689674, 5.203466511374223558 ),
 .UNSPECIFIED. ) 
 CURVE ( )  GEOMETRIC_REPRESENTATION_ITEM ( )  RATIONAL_B_SPLINE_CURVE ( ( 1.000000000000000000, 0.9800043354670610052, 0.9800043354670610052, 1.000000000000000000 ) ) 
 REPRESENTATION_ITEM ( '' )  );
#840 = FACE_OUTER_BOUND ( 'NONE', #1041, .T. ) ;
#841 = FACE_OUTER_BOUND ( 'NONE', #5822, .T. ) ;
#842 = CARTESIAN_POINT ( 'NONE',  ( 11.11372919964819239, 32.64565663597156231, -1.999999999999997780 ) ) ;
#843 = CARTESIAN_POINT ( 'NONE',  ( -27.36223586292374321, 7.226595079413299594, -9.234741835377947794 ) ) ;
#844 = VECTOR ( 'NONE', #1091, 1000.000000000000000 ) ;
#845 = DIRECTION ( 'NONE',  ( -0.000000000000000000, -0.000000000000000000, -1.000000000000000000 ) ) ;
#846 = LINE ( 'NONE', #914, #2918 ) ;
#847 = ADVANCED_FACE ( 'NONE', ( #6894 ), #6821, .T. ) ;
#848 = CARTESIAN_POINT ( 'NONE',  ( -10.33257569495584605, 0.000000000000000000, -6.299999999999999822 ) ) ;
#849 = AXIS2_PLACEMENT_3D ( 'NONE', #172, #6626, #5573 ) ;
#850 = ORIENTED_EDGE ( 'NONE', *, *, #5978, .F. ) ;
#851 = VECTOR ( 'NONE', #745, 1000.000000000000000 ) ;
#852 = FACE_OUTER_BOUND ( 'NONE', #6275, .T. ) ;
#853 = AXIS2_PLACEMENT_3D ( 'NONE', #6809, #6188, #2991 ) ;
#854 = CARTESIAN_POINT ( 'NONE',  ( 22.17314923547797534, 0.8499999999999772182, -18.24859595246625332 ) ) ;
#855 = DIRECTION ( 'NONE',  ( 1.000000000000000000, 0.000000000000000000, 0.000000000000000000 ) ) ;
#856 = ORIENTED_EDGE ( 'NONE', *, *, #5131, .F. ) ;
#857 = ORIENTED_EDGE ( 'NONE', *, *, #5384, .F. ) ;
#858 = CARTESIAN_POINT ( 'NONE',  ( -27.54999999999999716, 7.739266117682882751, -10.02418600517171221 ) ) ;
#859 = AXIS2_PLACEMENT_3D ( 'NONE', #6891, #2635, #4245 ) ;
#860 = ORIENTED_EDGE ( 'NONE', *, *, #1323, .T. ) ;
#861 = CARTESIAN_POINT ( 'NONE',  ( 19.74999999999992895, 1.000000000000000000, -19.00118481360496503 ) ) ;
#862 = DIRECTION ( 'NONE',  ( -0.000000000000000000, -1.000000000000000000, -0.000000000000000000 ) ) ;
#863 = CARTESIAN_POINT ( 'NONE',  ( -13.00000000000000178, -1.000000000000000000, -22.30000000000000426 ) ) ;
#864 = LINE ( 'NONE', #3061, #5189 ) ;
#865 = DIRECTION ( 'NONE',  ( 0.000000000000000000, 0.000000000000000000, 1.000000000000000000 ) ) ;
#866 = CARTESIAN_POINT ( 'NONE',  ( -19.74999999999993605, 0.8499999999999929834, -25.09859595258459919 ) ) ;
#867 = FACE_BOUND ( 'NONE', #5763, .T. ) ;
#868 = ORIENTED_EDGE ( 'NONE', *, *, #2183, .F. ) ;
#869 = EDGE_CURVE ( 'NONE', #5339, #6578, #5188, .T. ) ;
#870 = DIRECTION ( 'NONE',  ( -0.000000000000000000, -0.000000000000000000, 1.000000000000000000 ) ) ;
#871 = VERTEX_POINT ( 'NONE', #1988 ) ;
#872 = CARTESIAN_POINT ( 'NONE',  ( 30.75000000000000000, 19.55514891348196471, -14.29362122842831084 ) ) ;
#873 = CARTESIAN_POINT ( 'NONE',  ( -24.14467615341598616, 31.91392639392086394, -6.625446277843594522 ) ) ;
#874 = EDGE_CURVE ( 'NONE', #4845, #1543, #4657, .T. ) ;
#875 = LINE ( 'NONE', #3074, #1651 ) ;
#876 = DIRECTION ( 'NONE',  ( 0.9111948913690722796, 0.3455117849316547973, 0.2243779766738413506 ) ) ;
#877 = VECTOR ( 'NONE', #1474, 1000.000000000000000 ) ;
#878 = DIRECTION ( 'NONE',  ( -0.000000000000000000, -0.000000000000000000, 1.000000000000000000 ) ) ;
#879 = DIRECTION ( 'NONE',  ( 0.000000000000000000, 5.480694194524166577E-17, -1.000000000000000000 ) ) ;
#880 = EDGE_CURVE ( 'NONE', #6523, #5313, #1638, .T. ) ;
#881 = VECTOR ( 'NONE', #479, 1000.000000000000000 ) ;
#882 = CARTESIAN_POINT ( 'NONE',  ( -19.74999999999992184, -1.000000000000004441, -19.44999999988165129 ) ) ;
#883 = CARTESIAN_POINT ( 'NONE',  ( -40.00000000000000000, -13.00000000000000178, -26.30000000000000426 ) ) ;
#884 = CARTESIAN_POINT ( 'NONE',  ( -19.33257569495584605, 1.000000000000000000, -7.299999999999999822 ) ) ;
#885 = ORIENTED_EDGE ( 'NONE', *, *, #5382, .F. ) ;
#886 = FACE_OUTER_BOUND ( 'NONE', #2212, .T. ) ;
#887 = CARTESIAN_POINT ( 'NONE',  ( 28.86662517476801781, 12.66030492936618579, -6.613768534308825053 ) ) ;
#888 = CARTESIAN_POINT ( 'NONE',  ( -27.54999999999999716, 7.875628166853160472, -10.03399483855851493 ) ) ;
#889 = VERTEX_POINT ( 'NONE', #1917 ) ;
#890 = ORIENTED_EDGE ( 'NONE', *, *, #6818, .F. ) ;
#891 = CARTESIAN_POINT ( 'NONE',  ( -25.54999999999999716, 11.94981705473239764, -6.886723770849644488 ) ) ;
#892 = ORIENTED_EDGE ( 'NONE', *, *, #2805, .T. ) ;
#893 = ADVANCED_FACE ( 'NONE', ( #6312 ), #5906, .T. ) ;
#894 = DIRECTION ( 'NONE',  ( -1.000000000000000000, 0.000000000000000000, 0.000000000000000000 ) ) ;
#895 = CARTESIAN_POINT ( 'NONE',  ( 27.73178649168534093, 17.86579883201670071, -4.000956458701374174 ) ) ;
#896 = DIRECTION ( 'NONE',  ( -0.9111948913690736118, -0.3455117849316503564, -0.2243779766738413783 ) ) ;
#897 = LINE ( 'NONE', #4749, #877 ) ;
#898 = CARTESIAN_POINT ( 'NONE',  ( 28.10195768171437436, 18.17221323957750911, -3.811914894060976611 ) ) ;
#899 = DIRECTION ( 'NONE',  ( 0.000000000000000000, 5.480694194524166577E-17, -1.000000000000000000 ) ) ;
#900 = VERTEX_POINT ( 'NONE', #6527 ) ;
#901 = CARTESIAN_POINT ( 'NONE',  ( 28.73650127187508474, 7.217218543922321317, -8.080097947608853914 ) ) ;
#902 = ORIENTED_EDGE ( 'NONE', *, *, #2899, .F. ) ;
#903 = LINE ( 'NONE', #4219, #3157 ) ;
#904 = CARTESIAN_POINT ( 'NONE',  ( -40.00000000000000000, -1.000000000000000000, -6.299999999999999822 ) ) ;
#905 = EDGE_CURVE ( 'NONE', #6437, #1865, #5326, .T. ) ;
#906 = DIRECTION ( 'NONE',  ( -1.000000000000000000, 0.000000000000000000, 0.000000000000000000 ) ) ;
#907 = EDGE_CURVE ( 'NONE', #475, #2849, #1591, .T. ) ;
#908 = DIRECTION ( 'NONE',  ( 0.000000000000000000, 1.000000000000000000, 0.000000000000000000 ) ) ;
#909 = APPROVAL_STATUS ( 'not_yet_approved' ) ;
#910 = ADVANCED_FACE ( 'NONE', ( #464 ), #2671, .F. ) ;
#911 = ORIENTED_EDGE ( 'NONE', *, *, #5360, .T. ) ;
#912 = CARTESIAN_POINT ( 'NONE',  ( 27.67098911520609050, 17.56593953492324545, -10.18205252507485170 ) ) ;
#913 = CARTESIAN_POINT ( 'NONE',  ( 28.23586529840167358, 18.19222537547330631, -9.799418296217316637 ) ) ;
#914 = CARTESIAN_POINT ( 'NONE',  ( -13.00000000000000178, -1.000000000000000000, -22.30000000000000426 ) ) ;
#915 = DIRECTION ( 'NONE',  ( 0.000000000000000000, 0.000000000000000000, -1.000000000000000000 ) ) ;
#916 = ORIENTED_EDGE ( 'NONE', *, *, #3554, .T. ) ;
#917 = AXIS2_PLACEMENT_3D ( 'NONE', #5212, #6884, #1400 ) ;
#918 = CARTESIAN_POINT ( 'NONE',  ( 15.00000000000000000, -1.000000000000001998, -20.30000000000000426 ) ) ;
#919 = VECTOR ( 'NONE', #1534, 1000.000000000000000 ) ;
#920 = CARTESIAN_POINT ( 'NONE',  ( -15.75000000000000000, 19.55514891348196471, -30.00000000000000000 ) ) ;
#921 = DIRECTION ( 'NONE',  ( -1.000000000000000000, 0.000000000000000000, 0.000000000000000000 ) ) ;
#922 = ORIENTED_EDGE ( 'NONE', *, *, #1124, .F. ) ;
#923 = ORIENTED_EDGE ( 'NONE', *, *, #930, .T. ) ;
#924 = DIRECTION ( 'NONE',  ( 0.000000000000000000, 0.000000000000000000, 1.000000000000000000 ) ) ;
#925 = ORIENTED_EDGE ( 'NONE', *, *, #7034, .F. ) ;
#926 = DIRECTION ( 'NONE',  ( -0.000000000000000000, -0.000000000000000000, -1.000000000000000000 ) ) ;
#927 = CARTESIAN_POINT ( 'NONE',  ( 27.70536242987050102, 17.79170427146503641, -10.04596200963623787 ) ) ;
#928 = CARTESIAN_POINT ( 'NONE',  ( 27.67050955963804881, 17.59183070749403655, -10.16608525983273736 ) ) ;
#929 = CARTESIAN_POINT ( 'NONE',  ( 15.09999999999999609, 0.8499999999999938716, -25.09859595258459919 ) ) ;
#930 = EDGE_CURVE ( 'NONE', #3403, #243, #1518, .T. ) ;
#931 = VERTEX_POINT ( 'NONE', #6961 ) ;
#932 = CARTESIAN_POINT ( 'NONE',  ( -28.71283091779231000, 26.65071305380440236, -10.04341698553369788 ) ) ;
#933 = VERTEX_POINT ( 'NONE', #7068 ) ;
#934 = VECTOR ( 'NONE', #3382, 1000.000000000000114 ) ;
#935 = DIRECTION ( 'NONE',  ( 0.000000000000000000, -0.8386705679454212747, -0.5446390350150313031 ) ) ;
#936 = ORIENTED_EDGE ( 'NONE', *, *, #159, .T. ) ;
#937 = FACE_OUTER_BOUND ( 'NONE', #2522, .T. ) ;
#938 = DIRECTION ( 'NONE',  ( 0.000000000000000000, -0.8386705679454210527, -0.5446390350150316362 ) ) ;
#939 = AXIS2_PLACEMENT_3D ( 'NONE', #6463, #5336, #7040 ) ;
#940 = DIRECTION ( 'NONE',  ( 0.000000000000000000, -0.000000000000000000, 1.000000000000000000 ) ) ;
#941 = DIRECTION ( 'NONE',  ( 0.000000000000000000, 5.480694194524166577E-17, -1.000000000000000000 ) ) ;
#942 = APPLICATION_PROTOCOL_DEFINITION ( 'international standard', 'config_control_design', 1994, #3094 ) ;
#943 = ORIENTED_EDGE ( 'NONE', *, *, #5943, .F. ) ;
#944 = PLANE ( 'NONE',  #6795 ) ;
#945 = EDGE_CURVE ( 'NONE', #3538, #4930, #599, .T. ) ;
#946 = CARTESIAN_POINT ( 'NONE',  ( -22.17314923547797179, 0.8499999999999766631, -18.24859595246625332 ) ) ;
#947 = CARTESIAN_POINT ( 'NONE',  ( -23.87050000000000338, 25.67423583211418858, -1.999999999999997780 ) ) ;
#948 = EDGE_CURVE ( 'NONE', #5670, #1762, #2385, .T. ) ;
#949 = VECTOR ( 'NONE', #3820, 1000.000000000000000 ) ;
#950 = CYLINDRICAL_SURFACE ( 'NONE', #4643, 0.6000000000000015321 ) ;
#951 = ORIENTED_EDGE ( 'NONE', *, *, #5248, .T. ) ;
#952 = AXIS2_PLACEMENT_3D ( 'NONE', #6675, #1739, #1850 ) ;
#953 = EDGE_CURVE ( 'NONE', #6083, #2326, #5289, .T. ) ;
#954 = FACE_OUTER_BOUND ( 'NONE', #6645, .T. ) ;
#955 = DIRECTION ( 'NONE',  ( -0.000000000000000000, -0.000000000000000000, 1.000000000000000000 ) ) ;
#956 = FACE_OUTER_BOUND ( 'NONE', #822, .T. ) ;
#957 = AXIS2_PLACEMENT_3D ( 'NONE', #36, #5499, #6038 ) ;
#958 = EDGE_CURVE ( 'NONE', #2289, #4775, #4006, .T. ) ;
#959 = VECTOR ( 'NONE', #4299, 1000.000000000000000 ) ;
#960 = EDGE_LOOP ( 'NONE', ( #993, #5173, #2987, #608 ) ) ;
#961 = ORIENTED_EDGE ( 'NONE', *, *, #2401, .T. ) ;
#962 = CARTESIAN_POINT ( 'NONE',  ( -26.13039685096370235, 2.944055508025524404, -14.30000000000000071 ) ) ;
#963 = VERTEX_POINT ( 'NONE', #3714 ) ;
#964 = AXIS2_PLACEMENT_3D ( 'NONE', #2300, #3854, #2709 ) ;
#965 = DIRECTION ( 'NONE',  ( -0.000000000000000000, -0.000000000000000000, 1.000000000000000000 ) ) ;
#966 = VECTOR ( 'NONE', #4118, 1000.000000000000000 ) ;
#967 = CARTESIAN_POINT ( 'NONE',  ( 27.77409372697326262, 17.93715082145315165, -9.957260306607047085 ) ) ;
#968 = CARTESIAN_POINT ( 'NONE',  ( 30.75000000000000000, 10.00000000000007461, -30.00000000000000000 ) ) ;
#969 = CARTESIAN_POINT ( 'NONE',  ( -30.76000000000000156, 26.00000000000000711, -8.765994983667004803 ) ) ;
#970 = AXIS2_PLACEMENT_3D ( 'NONE', #461, #935, #325 ) ;
#971 = EDGE_LOOP ( 'NONE', ( #6058, #1047, #5958, #6760 ) ) ;
#972 = FACE_BOUND ( 'NONE', #3807, .T. ) ;
#973 = VERTEX_POINT ( 'NONE', #3754 ) ;
#974 = CARTESIAN_POINT ( 'NONE',  ( 10.00000000000000178, -1.000000000000000000, -6.299999999999999822 ) ) ;
#975 = ORIENTED_EDGE ( 'NONE', *, *, #5877, .F. ) ;
#976 = CARTESIAN_POINT ( 'NONE',  ( 19.00000000000000355, -8.000000000000000000, -11.30000000000000071 ) ) ;
#977 = DIRECTION ( 'NONE',  ( 0.000000000000000000, 0.000000000000000000, 1.000000000000000000 ) ) ;
#978 = CARTESIAN_POINT ( 'NONE',  ( 22.60210825258859302, -0.6481831357460460241, -27.22522726048499919 ) ) ;
#979 = DIRECTION ( 'NONE',  ( -0.000000000000000000, -0.000000000000000000, -1.000000000000000000 ) ) ;
#980 = VERTEX_POINT ( 'NONE', #500 ) ;
#981 = CARTESIAN_POINT ( 'NONE',  ( 27.99474351483900136, 17.05433353659770646, -10.48274075193000954 ) ) ;
#982 = EDGE_CURVE ( 'NONE', #4390, #1093, #2057, .T. ) ;
#983 = DIRECTION ( 'NONE',  ( 0.000000000000000000, -0.5446390350150287496, 0.8386705679454228290 ) ) ;
#984 = DIRECTION ( 'NONE',  ( 1.000000000000000000, -0.000000000000000000, 0.000000000000000000 ) ) ;
#985 = ORIENTED_EDGE ( 'NONE', *, *, #1058, .T. ) ;
#986 = CARTESIAN_POINT ( 'NONE',  ( 4.000000000000000000, 26.00000000000000355, -5.904323080860730322 ) ) ;
#987 = EDGE_CURVE ( 'NONE', #871, #3593, #4896, .T. ) ;
#988 = AXIS2_PLACEMENT_3D ( 'NONE', #5135, #2440, #6732 ) ;
#989 = CARTESIAN_POINT ( 'NONE',  ( -22.33257569495584605, 1.000000000000000000, -7.299999999999999822 ) ) ;
#990 = DIRECTION ( 'NONE',  ( -0.000000000000000000, -0.000000000000000000, -1.000000000000000000 ) ) ;
#991 = EDGE_CURVE ( 'NONE', #5672, #109, #4248, .T. ) ;
#992 = EDGE_CURVE ( 'NONE', #6083, #5080, #3175, .T. ) ;
#993 = ORIENTED_EDGE ( 'NONE', *, *, #5613, .T. ) ;
#994 = ORIENTED_EDGE ( 'NONE', *, *, #2976, .T. ) ;
#995 = CARTESIAN_POINT ( 'NONE',  ( 28.78340996149451669, 26.76561214348670603, -9.944934299293162638 ) ) ;
#996 = ORIENTED_EDGE ( 'NONE', *, *, #2392, .T. ) ;
#997 = EDGE_CURVE ( 'NONE', #6617, #267, #5364, .T. ) ;
#998 = CARTESIAN_POINT ( 'NONE',  ( 22.16884991857081388, 0.9999999999999817923, -25.00118481348663124 ) ) ;
#999 = CARTESIAN_POINT ( 'NONE',  ( 27.95891620966908775, 8.112347964077805784, -13.93184670495921296 ) ) ;
#1000 = LINE ( 'NONE', #5423, #1404 ) ;
#1001 = CARTESIAN_POINT ( 'NONE',  ( 19.74999999999993250, -0.7000000000000000666, -27.44746873418995747 ) ) ;
#1002 = ORIENTED_EDGE ( 'NONE', *, *, #3776, .F. ) ;
#1003 = DIRECTION ( 'NONE',  ( -1.000000000000000000, 0.000000000000000000, 0.000000000000000000 ) ) ;
#1004 = ORIENTED_EDGE ( 'NONE', *, *, #1571, .F. ) ;
#1005 = EDGE_CURVE ( 'NONE', #2685, #5106, #4668, .T. ) ;
#1006 = DIRECTION ( 'NONE',  ( 0.000000000000000000, 0.000000000000000000, 1.000000000000000000 ) ) ;
#1007 = EDGE_LOOP ( 'NONE', ( #6186, #6368 ) ) ;
#1008 = FACE_OUTER_BOUND ( 'NONE', #2562, .T. ) ;
#1009 = DIRECTION ( 'NONE',  ( 0.000000000000000000, 1.000000000000000000, 0.000000000000000000 ) ) ;
#1010 = CARTESIAN_POINT ( 'NONE',  ( 27.67048156746177412, 7.574494022416409678, -14.02540556077703826 ) ) ;
#1011 = CARTESIAN_POINT ( 'NONE',  ( 23.19770754536299506, 0.009882391761408209838, -27.34417470655366955 ) ) ;
#1012 = CARTESIAN_POINT ( 'NONE',  ( 28.88559530978975332, 17.22951655882220479, -10.38237099702396904 ) ) ;
#1013 = ORIENTED_EDGE ( 'NONE', *, *, #4086, .T. ) ;
#1014 = CARTESIAN_POINT ( 'NONE',  ( -30.75000000000000000, 5.046992440278073921, -22.37303719327543305 ) ) ;
#1015 = CARTESIAN_POINT ( 'NONE',  ( 27.67050955963804881, 17.59183070749403655, -10.16608525983273736 ) ) ;
#1016 = CARTESIAN_POINT ( 'NONE',  ( -26.87050000000000338, 25.67423583211418858, -8.000000000000000000 ) ) ;
#1017 = CARTESIAN_POINT ( 'NONE',  ( 27.77226855764046931, 17.24965868526994939, -10.36924758426253135 ) ) ;
#1018 = ADVANCED_FACE ( 'NONE', ( #5838 ), #7029, .T. ) ;
#1019 = ORIENTED_EDGE ( 'NONE', *, *, #692, .F. ) ;
#1020 = CARTESIAN_POINT ( 'NONE',  ( 29.03042489260326775, 26.52869282400001794, -9.855522308781319296 ) ) ;
#1021 = DIRECTION ( 'NONE',  ( 0.000000000000000000, 5.480694194524166577E-17, -1.000000000000000000 ) ) ;
#1022 = DIRECTION ( 'NONE',  ( 0.000000000000000000, 5.480694194524166577E-17, -1.000000000000000000 ) ) ;
#1023 = CARTESIAN_POINT ( 'NONE',  ( 27.80276199531598635, 17.96804814421894037, -3.938233739295686320 ) ) ;
#1024 = ORIENTED_EDGE ( 'NONE', *, *, #997, .F. ) ;
#1025 = ORIENTED_EDGE ( 'NONE', *, *, #552, .T. ) ;
#1026 = CARTESIAN_POINT ( 'NONE',  ( 0.7091041713783111655, 41.30059529707407506, -30.00000000000000000 ) ) ;
#1027 = EDGE_LOOP ( 'NONE', ( #1357, #3070, #3014, #645 ) ) ;
#1028 = CARTESIAN_POINT ( 'NONE',  ( -6.547313233045869652, 43.89467125831323102, 1.154940409254973988 ) ) ;
#1029 = AXIS2_PLACEMENT_3D ( 'NONE', #6043, #1852, #5231 ) ;
#1030 = LINE ( 'NONE', #3231, #2002 ) ;
#1031 = EDGE_CURVE ( 'NONE', #100, #1773, #1308, .T. ) ;
#1032 = CARTESIAN_POINT ( 'NONE',  ( 27.45714249609124025, 2.151436147671464738, -24.25343343622501990 ) ) ;
#1033 = VECTOR ( 'NONE', #3880, 1000.000000000000000 ) ;
#1034 = CARTESIAN_POINT ( 'NONE',  ( 28.12174166089620186, 13.17392941654027538, -6.407197630771388042 ) ) ;
#1035 = EDGE_CURVE ( 'NONE', #1600, #4528, #6009, .T. ) ;
#1036 = EDGE_LOOP ( 'NONE', ( #4360, #4851 ) ) ;
#1037 = CARTESIAN_POINT ( 'NONE',  ( 30.75000000000014211, 20.59016140545586637, -2.188299892635032329 ) ) ;
#1038 = ORIENTED_EDGE ( 'NONE', *, *, #4737, .T. ) ;
#1039 = VECTOR ( 'NONE', #2947, 1000.000000000000114 ) ;
#1040 = CARTESIAN_POINT ( 'NONE',  ( 28.33118566344025879, 6.994519772491075926, -8.111169132958604422 ) ) ;
#1041 = EDGE_LOOP ( 'NONE', ( #4909, #807, #5467, #2741 ) ) ;
#1042 = CARTESIAN_POINT ( 'NONE',  ( -30.46369944276084496, 7.120773270622014373, -22.31760486846284053 ) ) ;
#1043 = CARTESIAN_POINT ( 'NONE',  ( 26.13039685096370235, 2.944055508025526180, -14.30000000000000071 ) ) ;
#1044 = CARTESIAN_POINT ( 'NONE',  ( 28.83614185493813409, 7.395040870055824556, -14.05361913711403865 ) ) ;
#1045 = PLANE ( 'NONE',  #5902 ) ;
#1046 = DIRECTION ( 'NONE',  ( 1.000000000000000000, -0.000000000000000000, -0.000000000000000000 ) ) ;
#1047 = ORIENTED_EDGE ( 'NONE', *, *, #6985, .F. ) ;
#1048 = CARTESIAN_POINT ( 'NONE',  ( 27.94742611682491784, 17.08456940989355743, -10.46525136091612218 ) ) ;
#1049 = VECTOR ( 'NONE', #3602, 1000.000000000000000 ) ;
#1050 = CARTESIAN_POINT ( 'NONE',  ( -5.000000000000000000, -1.000000000000000888, -26.30000000000000426 ) ) ;
#1051 = FACE_OUTER_BOUND ( 'NONE', #383, .T. ) ;
#1052 = CARTESIAN_POINT ( 'NONE',  ( 28.66681963522794518, 17.13968305224589272, -10.43330937875262521 ) ) ;
#1053 = ORIENTED_EDGE ( 'NONE', *, *, #159, .F. ) ;
#1054 = B_SPLINE_CURVE_WITH_KNOTS ( 'NONE', 3,
 ( #4263, #6468, #5409, #5951 ),
 .UNSPECIFIED., .F., .F.,
 ( 4, 4 ),
 ( 1.372935325577949628E-14, 0.001263366154127209184 ),
 .UNSPECIFIED. ) ;
#1055 = VECTOR ( 'NONE', #4858, 1000.000000000000000 ) ;
#1056 = CARTESIAN_POINT ( 'NONE',  ( 0.4096423455767410626, 41.25669538462443597, -0.5581811537903864640 ) ) ;
#1057 = B_SPLINE_CURVE_WITH_KNOTS ( 'NONE', 3,
 ( #2351, #83, #3864, #2863, #4544, #6750 ),
 .UNSPECIFIED., .F., .F.,
 ( 4, 2, 4 ),
 ( 7.152448122690996019E-18, 0.0002070518543011129584, 0.0004141037086022187610 ),
 .UNSPECIFIED. ) ;
#1058 = EDGE_CURVE ( 'NONE', #4528, #5854, #575, .T. ) ;
#1059 = DIRECTION ( 'NONE',  ( 0.6425946703262656046, 0.6425946703262650495, 0.4173058582581325449 ) ) ;
#1060 = CARTESIAN_POINT ( 'NONE',  ( 27.47050000000000125, 22.67423583211419214, -8.000000000000000000 ) ) ;
#1061 = CARTESIAN_POINT ( 'NONE',  ( -16.71372919964819559, 32.64565663597156231, -3.999999999999998224 ) ) ;
#1062 = ORIENTED_EDGE ( 'NONE', *, *, #2021, .F. ) ;
#1063 = VERTEX_POINT ( 'NONE', #3280 ) ;
#1064 = AXIS2_PLACEMENT_3D ( 'NONE', #3005, #5698, #1236 ) ;
#1065 = LINE ( 'NONE', #2149, #4868 ) ;
#1066 = ORIENTED_EDGE ( 'NONE', *, *, #3201, .T. ) ;
#1067 = DIRECTION ( 'NONE',  ( 1.000000000000000000, -0.000000000000000000, -0.000000000000000000 ) ) ;
#1068 = DIRECTION ( 'NONE',  ( -0.000000000000000000, -1.000000000000000000, -0.000000000000000000 ) ) ;
#1069 = DIRECTION ( 'NONE',  ( 0.000000000000000000, -0.000000000000000000, -1.000000000000000000 ) ) ;
#1070 = CARTESIAN_POINT ( 'NONE',  ( 17.00000000000000000, -8.000000000000000000, -7.200000000000001066 ) ) ;
#1071 = ORIENTED_EDGE ( 'NONE', *, *, #730, .T. ) ;
#1072 = CARTESIAN_POINT ( 'NONE',  ( -4.000000000000000000, 0.000000000000000000, 0.000000000000000000 ) ) ;
#1073 = ORIENTED_EDGE ( 'NONE', *, *, #1833, .T. ) ;
#1074 = VECTOR ( 'NONE', #763, 1000.000000000000000 ) ;
#1075 = CARTESIAN_POINT ( 'NONE',  ( 27.79657024527320530, 7.221204040034849392, -8.079573748206485106 ) ) ;
#1076 = ORIENTED_EDGE ( 'NONE', *, *, #5864, .T. ) ;
#1077 = FACE_OUTER_BOUND ( 'NONE', #4674, .T. ) ;
#1078 = DIRECTION ( 'NONE',  ( 0.000000000000000000, 0.000000000000000000, 1.000000000000000000 ) ) ;
#1079 = EDGE_CURVE ( 'NONE', #2227, #4710, #3318, .T. ) ;
#1080 = AXIS2_PLACEMENT_3D ( 'NONE', #2414, #3996, #140 ) ;
#1081 = CARTESIAN_POINT ( 'NONE',  ( 13.66742430504414330, 1.000000000000000000, -7.299999999999999822 ) ) ;
#1082 = CARTESIAN_POINT ( 'NONE',  ( 30.45000000000289475, 8.762512457634874963, -21.66015028132654763 ) ) ;
#1083 = CARTESIAN_POINT ( 'NONE',  ( 27.65953034646766540, 17.46707981752974348, -10.24112515312352478 ) ) ;
#1084 = EDGE_CURVE ( 'NONE', #234, #1171, #5504, .T. ) ;
#1085 = EDGE_CURVE ( 'NONE', #2408, #715, #4932, .T. ) ;
#1086 = ORIENTED_EDGE ( 'NONE', *, *, #2628, .F. ) ;
#1087 = FACE_OUTER_BOUND ( 'NONE', #6834, .T. ) ;
#1088 = DIRECTION ( 'NONE',  ( 0.000000000000000000, 0.000000000000000000, -1.000000000000000000 ) ) ;
#1089 = ADVANCED_FACE ( 'NONE', ( #1664 ), #4392, .T. ) ;
#1090 = DIRECTION ( 'NONE',  ( 0.000000000000000000, 0.000000000000000000, -1.000000000000000000 ) ) ;
#1091 = DIRECTION ( 'NONE',  ( -1.000000000000000000, -0.000000000000000000, -0.000000000000000000 ) ) ;
#1092 = CARTESIAN_POINT ( 'NONE',  ( 28.16015348146505204, 16.99748520768721605, -4.515472974714137777 ) ) ;
#1093 = VERTEX_POINT ( 'NONE', #6898 ) ;
#1094 = CARTESIAN_POINT ( 'NONE',  ( 28.80797976375517777, 12.31658603452584444, -12.74568442910562638 ) ) ;
#1095 = EDGE_CURVE ( 'NONE', #6333, #1877, #1315, .T. ) ;
#1096 = CARTESIAN_POINT ( 'NONE',  ( 28.85774092584315298, 12.45040538015348552, -12.69497759718315422 ) ) ;
#1097 = CARTESIAN_POINT ( 'NONE',  ( 30.59669181771321789, 22.02519248559595511, -12.72163747819621271 ) ) ;
#1098 = CARTESIAN_POINT ( 'NONE',  ( -25.81410881009868774, 18.90303388366680437, -3.345860888076328532 ) ) ;
#1099 = ORIENTED_EDGE ( 'NONE', *, *, #1281, .T. ) ;
#1100 = VERTEX_POINT ( 'NONE', #2971 ) ;
#1101 = LINE ( 'NONE', #2624, #738 ) ;
#1102 = ORIENTED_EDGE ( 'NONE', *, *, #1667, .T. ) ;
#1103 = VECTOR ( 'NONE', #5032, 1000.000000000000000 ) ;
#1104 = CARTESIAN_POINT ( 'NONE',  ( 10.66742430504414152, 0.000000000000000000, -7.299999999999999822 ) ) ;
#1105 =( BOUNDED_CURVE ( )  B_SPLINE_CURVE ( 3, ( #6125, #51, #3326, #3969 ),
 .UNSPECIFIED., .F., .T. ) 
 B_SPLINE_CURVE_WITH_KNOTS ( ( 4, 4 ),
 ( 5.205467219000029289, 5.920750317600020018 ),
 .UNSPECIFIED. ) 
 CURVE ( )  GEOMETRIC_REPRESENTATION_ITEM ( )  RATIONAL_B_SPLINE_CURVE ( ( 1.000000000000000000, 0.9578166943042385473, 0.9578166943042385473, 1.000000000000000000 ) ) 
 REPRESENTATION_ITEM ( '' )  );
#1106 = CARTESIAN_POINT ( 'NONE',  ( 28.87049999999998562, 17.63305939905613684, -10.14184796343229422 ) ) ;
#1107 = LINE ( 'NONE', #452, #4617 ) ;
#1108 = AXIS2_PLACEMENT_3D ( 'NONE', #4768, #7004, #6430 ) ;
#1109 = LINE ( 'NONE', #6479, #5931 ) ;
#1110 = VERTEX_POINT ( 'NONE', #5124 ) ;
#1111 = DIRECTION ( 'NONE',  ( 1.000000000000000000, -0.000000000000000000, 0.000000000000000000 ) ) ;
#1112 = EDGE_CURVE ( 'NONE', #6204, #3034, #3822, .T. ) ;
#1113 = VERTEX_POINT ( 'NONE', #331 ) ;
#1114 = CARTESIAN_POINT ( 'NONE',  ( 28.33118566344025879, 6.994519772491075926, -14.11116913309379406 ) ) ;
#1115 = ORIENTED_EDGE ( 'NONE', *, *, #3322, .F. ) ;
#1116 = CARTESIAN_POINT ( 'NONE',  ( -30.49049575829901215, 7.248090488362207040, -22.64362740747415259 ) ) ;
#1117 = CARTESIAN_POINT ( 'NONE',  ( -16.33257569495584960, 1.000000000000000000, -7.299999999999999822 ) ) ;
#1118 = CARTESIAN_POINT ( 'NONE',  ( 0.000000000000000000, -8.000000000000000000, -11.30000000000000071 ) ) ;
#1119 = CARTESIAN_POINT ( 'NONE',  ( 30.17150763977654293, 7.362689346474920349, -22.56920603884719512 ) ) ;
#1120 = CARTESIAN_POINT ( 'NONE',  ( 28.64080011161775019, 17.22695586589221151, -10.38158405519396688 ) ) ;
#1121 = EDGE_CURVE ( 'NONE', #2042, #4669, #6086, .T. ) ;
#1122 = VERTEX_POINT ( 'NONE', #6389 ) ;
#1123 = CARTESIAN_POINT ( 'NONE',  ( -26.11396103065106189, 3.636038969348929673, -17.28932109094521152 ) ) ;
#1124 = EDGE_CURVE ( 'NONE', #242, #4291, #5628, .T. ) ;
#1125 = EDGE_CURVE ( 'NONE', #558, #7043, #570, .T. ) ;
#1126 = DIRECTION ( 'NONE',  ( 0.000000000000000000, 1.040834085586084059E-15, -1.000000000000000000 ) ) ;
#1127 = CARTESIAN_POINT ( 'NONE',  ( 28.96684778381069236, 26.59689479873517470, -9.960544140138953395 ) ) ;
#1128 = DIRECTION ( 'NONE',  ( -0.000000000000000000, -0.000000000000000000, -1.000000000000000000 ) ) ;
#1129 = EDGE_CURVE ( 'NONE', #4319, #4756, #5773, .T. ) ;
#1130 = ORIENTED_EDGE ( 'NONE', *, *, #3746, .T. ) ;
#1131 = FACE_OUTER_BOUND ( 'NONE', #1869, .T. ) ;
#1132 = CARTESIAN_POINT ( 'NONE',  ( 27.72980324354168147, 12.33257233107387663, -6.739570042927389260 ) ) ;
#1133 = FACE_OUTER_BOUND ( 'NONE', #6883, .T. ) ;
#1134 = CARTESIAN_POINT ( 'NONE',  ( -27.05689499518873475, 19.27259084382783527, -3.914928703162120271 ) ) ;
#1135 = ORIENTED_EDGE ( 'NONE', *, *, #945, .F. ) ;
#1136 = ORIENTED_EDGE ( 'NONE', *, *, #1744, .T. ) ;
#1137 = CARTESIAN_POINT ( 'NONE',  ( 28.63500785718237296, 7.965624405254546403, -13.95761644688043290 ) ) ;
#1138 = VERTEX_POINT ( 'NONE', #842 ) ;
#1139 = DIRECTION ( 'NONE',  ( 0.000000000000000000, 0.000000000000000000, -1.000000000000000000 ) ) ;
#1140 = CARTESIAN_POINT ( 'NONE',  ( 28.85668778004632173, 17.71816096222078585, -10.09052238004602309 ) ) ;
#1141 = CARTESIAN_POINT ( 'NONE',  ( 28.72910359556981419, 12.98148156632668737, -6.485956247254872409 ) ) ;
#1142 = CARTESIAN_POINT ( 'NONE',  ( 27.67080399324540352, 12.64310125376198357, -6.620533831812508652 ) ) ;
#1143 = ORIENTED_EDGE ( 'NONE', *, *, #731, .F. ) ;
#1144 = CARTESIAN_POINT ( 'NONE',  ( 4.000000000000000000, 26.75480351115087529, -8.275819852153491141 ) ) ;
#1145 = VERTEX_POINT ( 'NONE', #4119 ) ;
#1146 = VECTOR ( 'NONE', #6597, 1000.000000000000000 ) ;
#1147 = CARTESIAN_POINT ( 'NONE',  ( 28.69392920293716998, 7.164727808289702793, -14.08769516480771600 ) ) ;
#1148 = ORIENTED_EDGE ( 'NONE', *, *, #2399, .F. ) ;
#1149 = CARTESIAN_POINT ( 'NONE',  ( -20.49347850962002227, -0.9999999999916517890, -27.99999999998663469 ) ) ;
#1150 = CARTESIAN_POINT ( 'NONE',  ( 11.71372919964819381, 32.64565663597156231, -3.999999999999998224 ) ) ;
#1151 = AXIS2_PLACEMENT_3D ( 'NONE', #3575, #3611, #6277 ) ;
#1152 = CARTESIAN_POINT ( 'NONE',  ( 16.66742430504414330, 1.000000000000000000, -7.299999999999999822 ) ) ;
#1153 = PLANE ( 'NONE',  #3601 ) ;
#1154 = VECTOR ( 'NONE', #4503, 1000.000000000000000 ) ;
#1155 = ORIENTED_EDGE ( 'NONE', *, *, #6004, .F. ) ;
#1156 = LINE ( 'NONE', #1736, #577 ) ;
#1157 = CARTESIAN_POINT ( 'NONE',  ( -19.00000000000000355, -1.000000000000000000, -6.299999999999999822 ) ) ;
#1158 = LINE ( 'NONE', #1235, #1424 ) ;
#1159 = CARTESIAN_POINT ( 'NONE',  ( 28.41290647777266187, 17.00370870850438365, -10.51189911271407418 ) ) ;
#1160 = ADVANCED_FACE ( 'NONE', ( #3545 ), #808, .T. ) ;
#1161 = VECTOR ( 'NONE', #1059, 1000.000000000000114 ) ;
#1162 = CARTESIAN_POINT ( 'NONE',  ( 28.30011399631088764, 11.98994466097131095, -12.86606174899319122 ) ) ;
#1163 = CARTESIAN_POINT ( 'NONE',  ( 27.67417906975601127, 12.52632007661547142, -6.665766196721689241 ) ) ;
#1164 = CARTESIAN_POINT ( 'NONE',  ( 29.99272834679245747, 24.42033775028664166, -11.19732046692453054 ) ) ;
#1165 = CARTESIAN_POINT ( 'NONE',  ( -27.54999999999999716, -2.991431996672252680, 6.499640058394771103 ) ) ;
#1166 = VECTOR ( 'NONE', #1385, 999.9999999999998863 ) ;
#1167 = ORIENTED_EDGE ( 'NONE', *, *, #4804, .T. ) ;
#1168 = ORIENTED_EDGE ( 'NONE', *, *, #3871, .T. ) ;
#1169 = CARTESIAN_POINT ( 'NONE',  ( 28.39558316469920740, 7.229299222031701611, -14.07563364940772388 ) ) ;
#1170 = ADVANCED_FACE ( 'NONE', ( #2473, #4087 ), #6929, .F. ) ;
#1171 = VERTEX_POINT ( 'NONE', #6284 ) ;
#1172 = CYLINDRICAL_SURFACE ( 'NONE', #1270, 4.100000000000000533 ) ;
#1173 = CARTESIAN_POINT ( 'NONE',  ( 28.29878793658433977, 18.19256065114996446, -9.799208947623693433 ) ) ;
#1174 = EDGE_CURVE ( 'NONE', #3552, #2289, #2430, .T. ) ;
#1175 = CARTESIAN_POINT ( 'NONE',  ( 27.47050000000000125, 22.67423583211419214, -1.999999999999999556 ) ) ;
#1176 = VECTOR ( 'NONE', #5581, 1000.000000000000000 ) ;
#1177 = CARTESIAN_POINT ( 'NONE',  ( 28.63966591702162034, 8.074742419188019937, -7.938862713668535243 ) ) ;
#1178 = ORIENTED_EDGE ( 'NONE', *, *, #3655, .F. ) ;
#1179 = CARTESIAN_POINT ( 'NONE',  ( 28.79964167292395771, 12.29963771621344648, -6.752059904463631135 ) ) ;
#1180 = ORIENTED_EDGE ( 'NONE', *, *, #3331, .T. ) ;
#1181 = CARTESIAN_POINT ( 'NONE',  ( 28.58367277741258050, 7.083380111963410997, -14.09904815099597819 ) ) ;
#1182 = EDGE_LOOP ( 'NONE', ( #6367, #2253, #3469, #2098 ) ) ;
#1183 = VECTOR ( 'NONE', #5299, 1000.000000000000000 ) ;
#1184 = CARTESIAN_POINT ( 'NONE',  ( -26.32564990492214463, 1.606956498035591707, -26.30702265504007542 ) ) ;
#1185 = EDGE_CURVE ( 'NONE', #4547, #5848, #4191, .T. ) ;
#1186 = CARTESIAN_POINT ( 'NONE',  ( 28.14861739163654875, 8.186434243525646082, -13.91787254802042462 ) ) ;
#1187 = CARTESIAN_POINT ( 'NONE',  ( 21.18987883176624365, -0.9290930331250235596, -27.40267705301861767 ) ) ;
#1188 = AXIS2_PLACEMENT_3D ( 'NONE', #2216, #1752, #5026 ) ;
#1189 = AXIS2_PLACEMENT_3D ( 'NONE', #7106, #7032, #503 ) ;
#1190 = DIRECTION ( 'NONE',  ( 1.000000000000000000, 0.000000000000000000, 0.000000000000000000 ) ) ;
#1191 = CC_DESIGN_PERSON_AND_ORGANIZATION_ASSIGNMENT ( #1909, #4107, ( #3729 ) ) ;
#1192 = VERTEX_POINT ( 'NONE', #3581 ) ;
#1193 = EDGE_LOOP ( 'NONE', ( #676, #468, #2192, #1322 ) ) ;
#1194 = VECTOR ( 'NONE', #2884, 1000.000000000000000 ) ;
#1195 = CARTESIAN_POINT ( 'NONE',  ( -19.00000000000000355, -8.000000000000000000, -7.200000000000001066 ) ) ;
#1196 = CARTESIAN_POINT ( 'NONE',  ( 5.999999999999998224, -13.00000000000000178, -6.299999999999999822 ) ) ;
#1197 = AXIS2_PLACEMENT_3D ( 'NONE', #5816, #984, #3184 ) ;
#1198 = CARTESIAN_POINT ( 'NONE',  ( 26.14892996102331679, 3.459648682739353998, -23.40387028243575429 ) ) ;
#1199 = CARTESIAN_POINT ( 'NONE',  ( -30.76000000000000156, 2.000000000000000444, -20.35177722040744897 ) ) ;
#1200 = ORIENTED_EDGE ( 'NONE', *, *, #6050, .F. ) ;
#1201 = EDGE_CURVE ( 'NONE', #765, #3164, #1957, .T. ) ;
#1202 = CARTESIAN_POINT ( 'NONE',  ( -40.00000000000000000, -1.000000000000000000, -6.299999999999999822 ) ) ;
#1203 = CARTESIAN_POINT ( 'NONE',  ( 27.88400358364677345, 12.12953255725070179, -6.815192907990184956 ) ) ;
#1204 = CARTESIAN_POINT ( 'NONE',  ( 27.93642434387156115, 17.08880047963886639, -4.462823821029666682 ) ) ;
#1205 = CARTESIAN_POINT ( 'NONE',  ( 19.74999999999992895, -1.000000000000000000, -27.44746873418995747 ) ) ;
#1206 = VERTEX_POINT ( 'NONE', #5664 ) ;
#1207 = ORIENTED_EDGE ( 'NONE', *, *, #3430, .F. ) ;
#1208 = CARTESIAN_POINT ( 'NONE',  ( 28.63322085791258687, 8.209966731756795255, -13.91517580996697490 ) ) ;
#1209 = ORIENTED_EDGE ( 'NONE', *, *, #1005, .T. ) ;
#1210 = EDGE_CURVE ( 'NONE', #2422, #6537, #6561, .T. ) ;
#1211 = DIRECTION ( 'NONE',  ( 0.000000000000000000, 0.000000000000000000, -1.000000000000000000 ) ) ;
#1212 = CARTESIAN_POINT ( 'NONE',  ( 5.350804235495735028, 24.39919576450418148, -3.805569409420743732 ) ) ;
#1213 = EDGE_CURVE ( 'NONE', #1171, #3101, #2034, .T. ) ;
#1214 = DIRECTION ( 'NONE',  ( 0.000000000000000000, 5.480694194524166577E-17, -1.000000000000000000 ) ) ;
#1215 = CARTESIAN_POINT ( 'NONE',  ( 27.67054835758931475, 12.59551601243145846, -6.639008696769308493 ) ) ;
#1216 = EDGE_CURVE ( 'NONE', #6197, #5311, #5974, .T. ) ;
#1217 = CARTESIAN_POINT ( 'NONE',  ( 28.87050000000000338, 7.595164061972251801, -8.022048358308493832 ) ) ;
#1218 = VECTOR ( 'NONE', #5251, 1000.000000000000000 ) ;
#1219 = EDGE_LOOP ( 'NONE', ( #4501, #5319, #3056, #2892 ) ) ;
#1220 = CARTESIAN_POINT ( 'NONE',  ( 28.85282490645630205, 12.44291877574314675, -6.697766431304481571 ) ) ;
#1221 = ORIENTED_EDGE ( 'NONE', *, *, #144, .F. ) ;
#1222 = ADVANCED_FACE ( 'NONE', ( #4622 ), #826, .T. ) ;
#1223 = CARTESIAN_POINT ( 'NONE',  ( -40.00000000000000000, 0.000000000000000000, -6.299999999999999822 ) ) ;
#1224 = ORIENTED_EDGE ( 'NONE', *, *, #1571, .T. ) ;
#1225 = LINE ( 'NONE', #4105, #2697 ) ;
#1226 = AXIS2_PLACEMENT_3D ( 'NONE', #4124, #6969, #4798 ) ;
#1227 = CARTESIAN_POINT ( 'NONE',  ( 28.87049999999994299, 7.638338725837958698, -14.01503528224349360 ) ) ;
#1228 = CARTESIAN_POINT ( 'NONE',  ( 5.267779704365336713, 24.34079893939696149, -9.843492751064001567 ) ) ;
#1229 = CARTESIAN_POINT ( 'NONE',  ( 28.65553153014693422, 13.05282653151618177, -12.45693529140389266 ) ) ;
#1230 = ORIENTED_EDGE ( 'NONE', *, *, #5919, .T. ) ;
#1231 = EDGE_CURVE ( 'NONE', #5892, #1145, #5514, .T. ) ;
#1232 = ORIENTED_EDGE ( 'NONE', *, *, #4516, .F. ) ;
#1233 = CARTESIAN_POINT ( 'NONE',  ( 29.85912877649676034, 24.50719087886572112, -11.43543656212612802 ) ) ;
#1234 = CARTESIAN_POINT ( 'NONE',  ( -15.09999999999999964, -1.000000000000000000, -19.45000000000000639 ) ) ;
#1235 = CARTESIAN_POINT ( 'NONE',  ( -40.00000000000000000, 0.000000000000000000, -6.299999999999999822 ) ) ;
#1236 = DIRECTION ( 'NONE',  ( 1.000000000000000000, 0.000000000000000000, 0.000000000000000000 ) ) ;
#1237 = ORIENTED_EDGE ( 'NONE', *, *, #444, .F. ) ;
#1238 = CARTESIAN_POINT ( 'NONE',  ( 28.85774092584315298, 12.45040538015348552, -12.69497759718315599 ) ) ;
#1239 = CARTESIAN_POINT ( 'NONE',  ( 28.04693665933139002, 12.03239017310394487, -6.850687964036617394 ) ) ;
#1240 = CARTESIAN_POINT ( 'NONE',  ( 28.18769346292079803, 16.99427870151460240, -4.517312089262648378 ) ) ;
#1241 = EDGE_CURVE ( 'NONE', #6616, #4529, #5450, .T. ) ;
#1242 = FACE_OUTER_BOUND ( 'NONE', #2915, .T. ) ;
#1243 = ORIENTED_EDGE ( 'NONE', *, *, #6032, .T. ) ;
#1244 = DIRECTION ( 'NONE',  ( 0.000000000000000000, 0.000000000000000000, 1.000000000000000000 ) ) ;
#1245 = ORIENTED_EDGE ( 'NONE', *, *, #6849, .F. ) ;
#1246 = DIRECTION ( 'NONE',  ( 0.000000000000000000, 0.000000000000000000, -1.000000000000000000 ) ) ;
#1247 = CARTESIAN_POINT ( 'NONE',  ( -6.713729199648194701, 32.64565663597156231, -1.999999999999997780 ) ) ;
#1248 = DIRECTION ( 'NONE',  ( 1.000000000000000000, 0.000000000000000000, 0.000000000000000000 ) ) ;
#1249 = EDGE_CURVE ( 'NONE', #5720, #7115, #3781, .T. ) ;
#1250 = CARTESIAN_POINT ( 'NONE',  ( 28.74724122624194678, 12.96234656635436799, -6.493742734003294714 ) ) ;
#1251 = EDGE_LOOP ( 'NONE', ( #4061, #5935, #1102, #5655, #2391, #4267, #4224, #5949 ) ) ;
#1252 = ORIENTED_EDGE ( 'NONE', *, *, #6139, .T. ) ;
#1253 = CARTESIAN_POINT ( 'NONE',  ( 28.86831414062882928, 12.54215010455896362, -6.659663757932573702 ) ) ;
#1254 = ORIENTED_EDGE ( 'NONE', *, *, #3541, .F. ) ;
#1255 = EDGE_CURVE ( 'NONE', #1463, #2554, #4305, .T. ) ;
#1256 = EDGE_CURVE ( 'NONE', #2779, #64, #1296, .T. ) ;
#1257 = CARTESIAN_POINT ( 'NONE',  ( 30.68507151953259537, 20.96507842380712816, -1.999999999999998224 ) ) ;
#1258 = ORIENTED_EDGE ( 'NONE', *, *, #1399, .F. ) ;
#1259 = DIRECTION ( 'NONE',  ( 0.000000000000000000, 0.000000000000000000, 1.000000000000000000 ) ) ;
#1260 = CARTESIAN_POINT ( 'NONE',  ( 28.28351183893352072, 8.195022955416408905, -13.91622964163883402 ) ) ;
#1261 = EDGE_CURVE ( 'NONE', #287, #3403, #2619, .T. ) ;
#1262 = CARTESIAN_POINT ( 'NONE',  ( -19.75000000000000000, 9.999999999999991118, -30.00000000000000000 ) ) ;
#1263 = PLANE ( 'NONE',  #1430 ) ;
#1264 = PLANE ( 'NONE',  #4174 ) ;
#1265 = ORIENTED_EDGE ( 'NONE', *, *, #2276, .T. ) ;
#1266 = VERTEX_POINT ( 'NONE', #3766 ) ;
#1267 = DIRECTION ( 'NONE',  ( -0.000000000000000000, 0.8386705679454210527, 0.5446390350150316362 ) ) ;
#1268 = CARTESIAN_POINT ( 'NONE',  ( 16.66742430504414330, 1.000000000000000000, -6.299999999999999822 ) ) ;
#1269 = VECTOR ( 'NONE', #3046, 1000.000000000000000 ) ;
#1270 = AXIS2_PLACEMENT_3D ( 'NONE', #1686, #6582, #1649 ) ;
#1271 = DIRECTION ( 'NONE',  ( 0.000000000000000000, 0.000000000000000000, -1.000000000000000000 ) ) ;
#1272 = LINE ( 'NONE', #1199, #6935 ) ;
#1273 = ORIENTED_EDGE ( 'NONE', *, *, #4206, .F. ) ;
#1274 = DIRECTION ( 'NONE',  ( 0.000000000000000000, 0.000000000000000000, 1.000000000000000000 ) ) ;
#1275 = DIRECTION ( 'NONE',  ( 0.000000000000000000, -0.8386705679454221629, -0.5446390350150299708 ) ) ;
#1276 = CARTESIAN_POINT ( 'NONE',  ( 27.67161604307686673, 17.55371518078312931, -4.189369014061821161 ) ) ;
#1277 = DIRECTION ( 'NONE',  ( 0.000000000000000000, -0.8386705679454210527, -0.5446390350150316362 ) ) ;
#1278 = ORIENTED_EDGE ( 'NONE', *, *, #6456, .F. ) ;
#1279 = ORIENTED_EDGE ( 'NONE', *, *, #2058, .F. ) ;
#1280 = CC_DESIGN_PERSON_AND_ORGANIZATION_ASSIGNMENT ( #4727, #1406, ( #6071 ) ) ;
#1281 = EDGE_CURVE ( 'NONE', #6174, #315, #6538, .T. ) ;
#1282 = DIRECTION ( 'NONE',  ( -0.000000000000000000, -1.000000000000000000, -0.000000000000000000 ) ) ;
#1283 = DIRECTION ( 'NONE',  ( 0.000000000000000000, -0.8386705679454229401, -0.5446390350150286386 ) ) ;
#1284 = VECTOR ( 'NONE', #2653, 999.9999999999998863 ) ;
#1285 = DIRECTION ( 'NONE',  ( 0.000000000000000000, 0.000000000000000000, 1.000000000000000000 ) ) ;
#1286 = CARTESIAN_POINT ( 'NONE',  ( 28.37822909041465280, 13.18618886066435358, -6.402127671748185200 ) ) ;
#1287 = EDGE_LOOP ( 'NONE', ( #922, #175 ) ) ;
#1288 = ORIENTED_EDGE ( 'NONE', *, *, #4082, .T. ) ;
#1289 = CARTESIAN_POINT ( 'NONE',  ( 28.87035553061198812, 12.58280750151241634, -6.643940164488224553 ) ) ;
#1290 = ORIENTED_EDGE ( 'NONE', *, *, #1185, .F. ) ;
#1291 = EDGE_CURVE ( 'NONE', #5171, #3459, #1845, .T. ) ;
#1292 = CARTESIAN_POINT ( 'NONE',  ( -30.76000000000000156, 1.000000000000000000, -19.00118481360496503 ) ) ;
#1293 = ORIENTED_EDGE ( 'NONE', *, *, #5341, .F. ) ;
#1294 = DIRECTION ( 'NONE',  ( -0.000000000000000000, -0.000000000000000000, 1.000000000000000000 ) ) ;
#1295 = CARTESIAN_POINT ( 'NONE',  ( 27.68655545798667461, 7.733036364676593166, -13.99920940133262626 ) ) ;
#1296 =( BOUNDED_CURVE ( )  B_SPLINE_CURVE ( 3, ( #1020, #2727, #5920, #2140 ),
 .UNSPECIFIED., .F., .T. ) 
 B_SPLINE_CURVE_WITH_KNOTS ( ( 4, 4 ),
 ( 4.228864014107450053, 4.277543757686020243 ),
 .UNSPECIFIED. ) 
 CURVE ( )  GEOMETRIC_REPRESENTATION_ITEM ( )  RATIONAL_B_SPLINE_CURVE ( ( 1.000000000000000000, 0.9998025332961386624, 0.9998025332961386624, 1.000000000000000000 ) ) 
 REPRESENTATION_ITEM ( '' )  );
#1297 = CARTESIAN_POINT ( 'NONE',  ( 28.52077259316987679, 18.13547198589815679, -9.834748338372483190 ) ) ;
#1298 = CARTESIAN_POINT ( 'NONE',  ( -24.33257569495584960, 0.000000000000000000, -30.00000000000000000 ) ) ;
#1299 = DIRECTION ( 'NONE',  ( 1.000000000000000000, -0.000000000000000000, 0.000000000000000000 ) ) ;
#1300 = ORIENTED_EDGE ( 'NONE', *, *, #6703, .T. ) ;
#1301 = AXIS2_PLACEMENT_3D ( 'NONE', #2969, #1813, #5052 ) ;
#1302 = EDGE_CURVE ( 'NONE', #5254, #5018, #3219, .T. ) ;
#1303 = ORIENTED_EDGE ( 'NONE', *, *, #4382, .T. ) ;
#1304 = CARTESIAN_POINT ( 'NONE',  ( 4.000000000000000000, 26.42784580695890995, -7.772349138819023118 ) ) ;
#1305 = DIRECTION ( 'NONE',  ( 1.000000000000000000, 0.000000000000000000, 0.000000000000000000 ) ) ;
#1306 = AXIS2_PLACEMENT_3D ( 'NONE', #4582, #84, #6241 ) ;
#1307 = EDGE_CURVE ( 'NONE', #100, #2601, #5754, .T. ) ;
#1308 = CIRCLE ( 'NONE', #35, 0.6000000000000033085 ) ;
#1309 = DIRECTION ( 'NONE',  ( -1.000000000000000000, 0.000000000000000000, 0.000000000000000000 ) ) ;
#1310 = EDGE_CURVE ( 'NONE', #5538, #1789, #6441, .T. ) ;
#1311 = DIRECTION ( 'NONE',  ( 1.000000000000000000, 0.000000000000000000, -0.000000000000000000 ) ) ;
#1312 = EDGE_LOOP ( 'NONE', ( #3686, #2659, #314, #1290 ) ) ;
#1313 = EDGE_CURVE ( 'NONE', #4680, #4489, #1941, .T. ) ;
#1314 = VECTOR ( 'NONE', #455, 1000.000000000000000 ) ;
#1315 = LINE ( 'NONE', #1381, #1612 ) ;
#1316 = VECTOR ( 'NONE', #22, 999.9999999999998863 ) ;
#1317 = CARTESIAN_POINT ( 'NONE',  ( -1.332575694955852263, 1.000000000000000000, -6.299999999999999822 ) ) ;
#1318 = VECTOR ( 'NONE', #3648, 1000.000000000000000 ) ;
#1319 = PLANE ( 'NONE',  #6467 ) ;
#1320 = CARTESIAN_POINT ( 'NONE',  ( 17.31372919964819346, 32.64565663597156231, -3.999999999999998224 ) ) ;
#1321 = CARTESIAN_POINT ( 'NONE',  ( -30.76000000000000156, -1.000000000000009992, -19.45000000000001350 ) ) ;
#1322 = ORIENTED_EDGE ( 'NONE', *, *, #1930, .T. ) ;
#1323 = EDGE_CURVE ( 'NONE', #6244, #2374, #2650, .T. ) ;
#1324 = DIRECTION ( 'NONE',  ( 0.000000000000000000, 0.5446390350150313031, -0.8386705679454213858 ) ) ;
#1325 = CARTESIAN_POINT ( 'NONE',  ( -16.33257569495584960, 1.000000000000000000, -6.299999999999999822 ) ) ;
#1326 = LINE ( 'NONE', #2981, #303 ) ;
#1327 = LINE ( 'NONE', #1721, #1103 ) ;
#1328 = ORIENTED_EDGE ( 'NONE', *, *, #94, .F. ) ;
#1329 = EDGE_LOOP ( 'NONE', ( #2384, #5527, #2593, #4743 ) ) ;
#1330 = LINE ( 'NONE', #4637, #3150 ) ;
#1331 = ORIENTED_EDGE ( 'NONE', *, *, #597, .F. ) ;
#1332 = LINE ( 'NONE', #1292, #3271 ) ;
#1333 = CARTESIAN_POINT ( 'NONE',  ( 11.71372919964819381, 32.64565663597156231, -1.999999999999997780 ) ) ;
#1334 = CARTESIAN_POINT ( 'NONE',  ( -17.31372919964819346, 32.64565663597156231, -3.999999999999998224 ) ) ;
#1335 = CARTESIAN_POINT ( 'NONE',  ( 19.66742430504414330, 0.000000000000000000, -7.299999999999999822 ) ) ;
#1336 = PERSON_AND_ORGANIZATION_ROLE ( 'creator' ) ;
#1337 = CARTESIAN_POINT ( 'NONE',  ( 28.57335460912654668, 18.11133924767465686, -9.849744400169695879 ) ) ;
#1338 = CARTESIAN_POINT ( 'NONE',  ( -40.00000000000000000, -1.000000000000000000, -6.299999999999999822 ) ) ;
#1339 = CARTESIAN_POINT ( 'NONE',  ( 6.713729199648194701, 32.64565663597156231, -3.999999999999998224 ) ) ;
#1340 = ORIENTED_EDGE ( 'NONE', *, *, #1307, .F. ) ;
#1341 = VECTOR ( 'NONE', #4859, 1000.000000000000000 ) ;
#1342 = ORIENTED_EDGE ( 'NONE', *, *, #6901, .T. ) ;
#1343 = LINE ( 'NONE', #6311, #6092 ) ;
#1344 = CARTESIAN_POINT ( 'NONE',  ( -30.76000000000000156, -1.000000000000012434, -20.30000000000001137 ) ) ;
#1345 =( BOUNDED_CURVE ( )  B_SPLINE_CURVE ( 3, ( #4114, #2967, #5808, #3038 ),
 .UNSPECIFIED., .F., .T. ) 
 B_SPLINE_CURVE_WITH_KNOTS ( ( 4, 4 ),
 ( 4.228864014107450053, 4.277543757686019354 ),
 .UNSPECIFIED. ) 
 CURVE ( )  GEOMETRIC_REPRESENTATION_ITEM ( )  RATIONAL_B_SPLINE_CURVE ( ( 1.000000000000000000, 0.9998025332961386624, 0.9998025332961386624, 1.000000000000000000 ) ) 
 REPRESENTATION_ITEM ( '' )  );
#1346 = CARTESIAN_POINT ( 'NONE',  ( -30.68507151953259537, 20.96507842380712816, -1.999999999999998224 ) ) ;
#1347 = CARTESIAN_POINT ( 'NONE',  ( -30.44999999999999929, 10.00000000000006217, -20.49880748697647803 ) ) ;
#1348 = VERTEX_POINT ( 'NONE', #4801 ) ;
#1349 = DIRECTION ( 'NONE',  ( -0.000000000000000000, -0.000000000000000000, 1.000000000000000000 ) ) ;
#1350 = EDGE_CURVE ( 'NONE', #2194, #4710, #1054, .T. ) ;
#1351 = LINE ( 'NONE', #4586, #450 ) ;
#1352 = ADVANCED_FACE ( 'NONE', ( #477 ), #2070, .F. ) ;
#1353 = CARTESIAN_POINT ( 'NONE',  ( -22.67035082808727608, -1.000000000000025313, -19.44999999988166550 ) ) ;
#1354 = CARTESIAN_POINT ( 'NONE',  ( 28.73856752165366046, 17.21286715788624377, -4.390719321179072487 ) ) ;
#1355 = ADVANCED_FACE ( 'NONE', ( #2687 ), #4876, .F. ) ;
#1356 = CARTESIAN_POINT ( 'NONE',  ( -29.54210941646600830, 25.58035312425024799, -10.45906413069271856 ) ) ;
#1357 = ORIENTED_EDGE ( 'NONE', *, *, #5382, .T. ) ;
#1358 = CARTESIAN_POINT ( 'NONE',  ( -28.75000000000000000, 12.54903574200525185, -7.491348161552187079 ) ) ;
#1359 = CARTESIAN_POINT ( 'NONE',  ( 28.86346088519304587, 12.68506194977234536, -6.604078239133118089 ) ) ;
#1360 = CARTESIAN_POINT ( 'NONE',  ( 20.96191565963060555, 33.46357373260055823, -5.619093529326671721 ) ) ;
#1361 = DIRECTION ( 'NONE',  ( 0.000000000000000000, 0.000000000000000000, 1.000000000000000000 ) ) ;
#1362 = ORIENTED_EDGE ( 'NONE', *, *, #6600, .T. ) ;
#1363 = EDGE_LOOP ( 'NONE', ( #6324, #4445, #2758, #4268 ) ) ;
#1364 = CARTESIAN_POINT ( 'NONE',  ( -25.55000000000000071, 15.07020448592334461, -5.638865267927648972 ) ) ;
#1365 = VERTEX_POINT ( 'NONE', #3441 ) ;
#1366 = FACE_BOUND ( 'NONE', #5882, .T. ) ;
#1367 = ORIENTED_EDGE ( 'NONE', *, *, #4431, .T. ) ;
#1368 = CARTESIAN_POINT ( 'NONE',  ( 28.87770002840491301, 12.59086787878588787, -12.64887294064556578 ) ) ;
#1369 = LINE ( 'NONE', #2525, #1514 ) ;
#1370 = CARTESIAN_POINT ( 'NONE',  ( -26.11396103065106189, 3.636038969348929673, -17.28932109094521152 ) ) ;
#1371 = CARTESIAN_POINT ( 'NONE',  ( 27.78103825158583007, 17.93936937255684327, -3.955845381585214149 ) ) ;
#1372 = CARTESIAN_POINT ( 'NONE',  ( -13.33257569495584960, 1.000000000000000000, -7.299999999999999822 ) ) ;
#1373 = ORIENTED_EDGE ( 'NONE', *, *, #3466, .F. ) ;
#1374 = ORIENTED_EDGE ( 'NONE', *, *, #6772, .T. ) ;
#1375 = DIRECTION ( 'NONE',  ( -0.000000000000000000, -0.000000000000000000, -1.000000000000000000 ) ) ;
#1376 = CARTESIAN_POINT ( 'NONE',  ( -27.90068951656802909, 28.17786344172273516, -9.051673927664992902 ) ) ;
#1377 = CARTESIAN_POINT ( 'NONE',  ( -25.43770381734444186, 0.1313546312565624097, -19.56528971174445886 ) ) ;
#1378 = CARTESIAN_POINT ( 'NONE',  ( -4.000000000000000000, 26.75480351115087529, -8.275819852153491141 ) ) ;
#1379 = ORIENTED_EDGE ( 'NONE', *, *, #6279, .F. ) ;
#1380 = DIRECTION ( 'NONE',  ( 1.000000000000000000, 0.000000000000000000, 0.000000000000000000 ) ) ;
#1381 = CARTESIAN_POINT ( 'NONE',  ( 6.113729199648194168, 32.64565663597156231, -3.999999999999998224 ) ) ;
#1382 = AXIS2_PLACEMENT_3D ( 'NONE', #158, #3833, #4981 ) ;
#1383 = DIRECTION ( 'NONE',  ( 0.000000000000000000, 0.5446390350150316362, -0.8386705679454210527 ) ) ;
#1384 = CIRCLE ( 'NONE', #2649, 0.5999999999999998668 ) ;
#1385 = DIRECTION ( 'NONE',  ( -0.000000000000000000, 0.5446390350150316362, -0.8386705679454210527 ) ) ;
#1386 = LINE ( 'NONE', #1426, #4068 ) ;
#1387 = CARTESIAN_POINT ( 'NONE',  ( 26.01791488260785101, -0.5366082894955293003, -27.69906990457360862 ) ) ;
#1388 = VECTOR ( 'NONE', #260, 1000.000000000000000 ) ;
#1389 = ORIENTED_EDGE ( 'NONE', *, *, #1814, .T. ) ;
#1390 = AXIS2_PLACEMENT_3D ( 'NONE', #1464, #3660, #5849 ) ;
#1391 = LINE ( 'NONE', #4198, #459 ) ;
#1392 = CARTESIAN_POINT ( 'NONE',  ( 28.87060746214122986, 12.60185279542935355, -6.636551093511834587 ) ) ;
#1393 = DIRECTION ( 'NONE',  ( -0.9350362658921144154, -0.3545520856891566375, -1.943191557692995886E-17 ) ) ;
#1394 = ADVANCED_FACE ( 'NONE', ( #5592 ), #2761, .F. ) ;
#1395 = ORIENTED_EDGE ( 'NONE', *, *, #4526, .F. ) ;
#1396 = ORIENTED_EDGE ( 'NONE', *, *, #4571, .T. ) ;
#1397 = CARTESIAN_POINT ( 'NONE',  ( -28.75000000000000000, 12.58127091287327026, -17.48021954390751276 ) ) ;
#1398 = ORIENTED_EDGE ( 'NONE', *, *, #10, .F. ) ;
#1399 = EDGE_CURVE ( 'NONE', #5699, #5995, #3892, .T. ) ;
#1400 = DIRECTION ( 'NONE',  ( -1.000000000000000000, 0.000000000000000000, 0.000000000000000000 ) ) ;
#1401 = ORIENTED_EDGE ( 'NONE', *, *, #1129, .F. ) ;
#1402 = EDGE_CURVE ( 'NONE', #6437, #315, #587, .T. ) ;
#1403 = CARTESIAN_POINT ( 'NONE',  ( 28.81625033197781605, 7.853384350276193082, -13.97862503281265312 ) ) ;
#1404 = VECTOR ( 'NONE', #3310, 1000.000000000000000 ) ;
#1405 = CARTESIAN_POINT ( 'NONE',  ( 0.000000000000000000, 1.000000000000000000, 0.000000000000000000 ) ) ;
#1406 = PERSON_AND_ORGANIZATION_ROLE ( 'creator' ) ;
#1407 = CARTESIAN_POINT ( 'NONE',  ( -19.33257569495584605, 0.000000000000000000, -7.299999999999999822 ) ) ;
#1408 = CARTESIAN_POINT ( 'NONE',  ( 27.85769304247949307, 18.02752957742825402, -3.901604930097953172 ) ) ;
#1409 = DIRECTION ( 'NONE',  ( 0.000000000000000000, 0.000000000000000000, 1.000000000000000000 ) ) ;
#1410 = AXIS2_PLACEMENT_3D ( 'NONE', #2032, #5370, #4259 ) ;
#1411 = VERTEX_POINT ( 'NONE', #6060 ) ;
#1412 = AXIS2_PLACEMENT_3D ( 'NONE', #1453, #3649, #6860 ) ;
#1413 = ADVANCED_FACE ( 'NONE', ( #6756 ), #626, .T. ) ;
#1414 = CYLINDRICAL_SURFACE ( 'NONE', #624, 4.099999999999999645 ) ;
#1415 = ORIENTED_EDGE ( 'NONE', *, *, #5962, .F. ) ;
#1416 = FACE_OUTER_BOUND ( 'NONE', #5103, .T. ) ;
#1417 = CARTESIAN_POINT ( 'NONE',  ( -28.14866516670900509, 28.18710646962674105, -8.800075622926218699 ) ) ;
#1418 = DIRECTION ( 'NONE',  ( 0.000000000000000000, 0.000000000000000000, 1.000000000000000000 ) ) ;
#1419 = VECTOR ( 'NONE', #6243, 1000.000000000000000 ) ;
#1420 = DIRECTION ( 'NONE',  ( 0.000000000000000000, 0.000000000000000000, 1.000000000000000000 ) ) ;
#1421 = CALENDAR_DATE ( 2026, 11, 8 ) ;
#1422 = DIRECTION ( 'NONE',  ( -0.000000000000000000, 0.000000000000000000, 1.000000000000000000 ) ) ;
#1423 = CARTESIAN_POINT ( 'NONE',  ( -26.09308735512695065, 6.576650297437813819, -8.233914637199804432 ) ) ;
#1424 = VECTOR ( 'NONE', #3363, 1000.000000000000000 ) ;
#1425 = DIRECTION ( 'NONE',  ( 0.000000000000000000, 0.000000000000000000, -1.000000000000000000 ) ) ;
#1426 = CARTESIAN_POINT ( 'NONE',  ( -40.00000000000000000, 0.000000000000000000, -6.299999999999999822 ) ) ;
#1427 = CARTESIAN_POINT ( 'NONE',  ( -15.75000000000000000, 19.55514891348196471, -1.999999999999998224 ) ) ;
#1428 = ADVANCED_FACE ( 'NONE', ( #1131 ), #2795, .F. ) ;
#1429 = EDGE_LOOP ( 'NONE', ( #4778, #2078 ) ) ;
#1430 = AXIS2_PLACEMENT_3D ( 'NONE', #180, #2236, #143 ) ;
#1431 = CARTESIAN_POINT ( 'NONE',  ( 26.73039685096370377, 2.944055508025526180, -8.300000000000000711 ) ) ;
#1432 = AXIS2_PLACEMENT_3D ( 'NONE', #3751, #3675, #3100 ) ;
#1433 = CARTESIAN_POINT ( 'NONE',  ( 7.667424305044145072, 1.000000000000000000, -7.299999999999999822 ) ) ;
#1434 = CARTESIAN_POINT ( 'NONE',  ( -25.54999999999999716, 11.87539464227953268, -6.913554540460030928 ) ) ;
#1435 = ORIENTED_EDGE ( 'NONE', *, *, #2232, .T. ) ;
#1436 = ORIENTED_EDGE ( 'NONE', *, *, #4912, .F. ) ;
#1437 = DIRECTION ( 'NONE',  ( 0.000000000000000000, -0.8386705679454210527, -0.5446390350150316362 ) ) ;
#1438 = AXIS2_PLACEMENT_3D ( 'NONE', #1405, #2453, #4239 ) ;
#1439 = ORIENTED_EDGE ( 'NONE', *, *, #1005, .F. ) ;
#1440 = DIRECTION ( 'NONE',  ( -0.000000000000000000, 0.8386705679454212747, 0.5446390350150313031 ) ) ;
#1441 = EDGE_CURVE ( 'NONE', #3642, #3659, #4441, .T. ) ;
#1442 = CARTESIAN_POINT ( 'NONE',  ( 27.90531518397427746, 8.071231336779671750, -13.93943679224943999 ) ) ;
#1443 = EDGE_CURVE ( 'NONE', #4955, #6184, #3336, .T. ) ;
#1444 = DIRECTION ( 'NONE',  ( 0.000000000000000000, -0.8386705679454211637, -0.5446390350150314141 ) ) ;
#1445 = CARTESIAN_POINT ( 'NONE',  ( -17.00000000000000000, -8.000000000000000000, -15.40000000000000036 ) ) ;
#1446 = CARTESIAN_POINT ( 'NONE',  ( 28.47612499992204960, 18.15423044855353396, -3.823085576743620262 ) ) ;
#1447 = ADVANCED_FACE ( 'NONE', ( #6132 ), #4473, .T. ) ;
#1448 = DIRECTION ( 'NONE',  ( -1.000000000000000000, 0.000000000000000000, 0.000000000000000000 ) ) ;
#1449 = ORIENTED_EDGE ( 'NONE', *, *, #5810, .T. ) ;
#1450 = FACE_BOUND ( 'NONE', #1429, .T. ) ;
#1451 = ORIENTED_EDGE ( 'NONE', *, *, #782, .F. ) ;
#1452 = DIRECTION ( 'NONE',  ( -0.000000000000000000, -0.000000000000000000, 1.000000000000000000 ) ) ;
#1453 = CARTESIAN_POINT ( 'NONE',  ( 5.999999999999998224, -12.00000000000000000, -15.30000000000000071 ) ) ;
#1454 = DIRECTION ( 'NONE',  ( 1.000000000000000000, 0.000000000000000000, 0.000000000000000000 ) ) ;
#1455 = CARTESIAN_POINT ( 'NONE',  ( 13.66742430504414330, 1.000000000000000000, -7.299999999999999822 ) ) ;
#1456 = AXIS2_PLACEMENT_3D ( 'NONE', #4348, #4276, #2082 ) ;
#1457 = VERTEX_POINT ( 'NONE', #6357 ) ;
#1458 = CARTESIAN_POINT ( 'NONE',  ( 27.81423826494930651, 17.20051383507592391, -10.39790889088141768 ) ) ;
#1459 = AXIS2_PLACEMENT_3D ( 'NONE', #3369, #5557, #1603 ) ;
#1460 = CARTESIAN_POINT ( 'NONE',  ( 28.96319972734610815, 26.65524419208637497, -9.774982557803797434 ) ) ;
#1461 = DIRECTION ( 'NONE',  ( 0.000000000000000000, 0.000000000000000000, 1.000000000000000000 ) ) ;
#1462 = CARTESIAN_POINT ( 'NONE',  ( -4.332575694955851375, 1.000000000000000000, -7.299999999999999822 ) ) ;
#1463 = VERTEX_POINT ( 'NONE', #2972 ) ;
#1464 = CARTESIAN_POINT ( 'NONE',  ( -5.999999999999998224, -8.000000000000000000, -21.30000000000000426 ) ) ;
#1465 = CARTESIAN_POINT ( 'NONE',  ( -23.87050000000000338, 25.67423583211418858, -0.9999999999999978906 ) ) ;
#1466 = LINE ( 'NONE', #3696, #411 ) ;
#1467 = EDGE_LOOP ( 'NONE', ( #4131, #4816, #5362, #2618 ) ) ;
#1468 = ORIENTED_EDGE ( 'NONE', *, *, #6600, .F. ) ;
#1469 = FACE_OUTER_BOUND ( 'NONE', #2733, .T. ) ;
#1470 = EDGE_LOOP ( 'NONE', ( #4416, #3935, #1577, #5274 ) ) ;
#1471 = CARTESIAN_POINT ( 'NONE',  ( -1.332575694955852263, 1.000000000000000000, -7.299999999999999822 ) ) ;
#1472 = CARTESIAN_POINT ( 'NONE',  ( 27.68247840171617113, 17.72753616507667473, -10.08493816318744152 ) ) ;
#1473 = FACE_OUTER_BOUND ( 'NONE', #5027, .T. ) ;
#1474 = DIRECTION ( 'NONE',  ( 1.000000000000000000, -0.000000000000000000, -0.000000000000000000 ) ) ;
#1475 = DIRECTION ( 'NONE',  ( -0.000000000000000000, -0.000000000000000000, 1.000000000000000000 ) ) ;
#1476 = ORIENTED_EDGE ( 'NONE', *, *, #4956, .F. ) ;
#1477 = CARTESIAN_POINT ( 'NONE',  ( -11.71372919964819381, 32.64565663597156231, -3.999999999999998224 ) ) ;
#1478 = ADVANCED_FACE ( 'NONE', ( #5702 ), #1925, .F. ) ;
#1479 = EDGE_CURVE ( 'NONE', #6537, #2422, #7015, .T. ) ;
#1480 = ORIENTED_EDGE ( 'NONE', *, *, #5607, .F. ) ;
#1481 = CARTESIAN_POINT ( 'NONE',  ( 19.00000000000000355, -8.000000000000000000, -11.30000000000000071 ) ) ;
#1482 = VERTEX_POINT ( 'NONE', #2510 ) ;
#1483 = CARTESIAN_POINT ( 'NONE',  ( -25.07050000000000267, 25.67423583211418858, -1.999999999999997780 ) ) ;
#1484 = DIRECTION ( 'NONE',  ( -0.000000000000000000, -0.000000000000000000, -1.000000000000000000 ) ) ;
#1485 = EDGE_CURVE ( 'NONE', #6302, #5094, #3546, .T. ) ;
#1486 = CARTESIAN_POINT ( 'NONE',  ( 7.667424305044145072, 1.000000000000000000, -7.299999999999999822 ) ) ;
#1487 = CARTESIAN_POINT ( 'NONE',  ( 15.75000000000000000, 19.55514891348196471, -30.00000000000000000 ) ) ;
#1488 = EDGE_CURVE ( 'NONE', #1618, #5313, #4050, .T. ) ;
#1489 =( NAMED_UNIT ( * ) PLANE_ANGLE_UNIT ( ) SI_UNIT ( $, .RADIAN. ) );
#1490 = ORIENTED_EDGE ( 'NONE', *, *, #1485, .F. ) ;
#1491 = CYLINDRICAL_SURFACE ( 'NONE', #3913, 3.249999999999999556 ) ;
#1492 = EDGE_CURVE ( 'NONE', #765, #2042, #3515, .T. ) ;
#1493 = CARTESIAN_POINT ( 'NONE',  ( -10.00000000000000178, -1.000000000000000000, -26.30000000000000426 ) ) ;
#1494 = DIRECTION ( 'NONE',  ( 0.000000000000000000, 0.8386705679454210527, 0.5446390350150316362 ) ) ;
#1495 = DIRECTION ( 'NONE',  ( -0.000000000000000000, -0.000000000000000000, 1.000000000000000000 ) ) ;
#1496 = ORIENTED_EDGE ( 'NONE', *, *, #5044, .F. ) ;
#1497 = VECTOR ( 'NONE', #4548, 1000.000000000000000 ) ;
#1498 = CARTESIAN_POINT ( 'NONE',  ( -26.11396103065106189, 3.636038969348929673, -23.28932109094521508 ) ) ;
#1499 = LINE ( 'NONE', #2038, #5876 ) ;
#1500 = PLANE ( 'NONE',  #5243 ) ;
#1501 = AXIS2_PLACEMENT_3D ( 'NONE', #2400, #278, #1324 ) ;
#1502 = VERTEX_POINT ( 'NONE', #270 ) ;
#1503 = ORIENTED_EDGE ( 'NONE', *, *, #5658, .T. ) ;
#1504 = CARTESIAN_POINT ( 'NONE',  ( -30.75000000000000355, 18.90303388365666137, -3.345860888081864104 ) ) ;
#1505 = ORIENTED_EDGE ( 'NONE', *, *, #4950, .T. ) ;
#1506 = CARTESIAN_POINT ( 'NONE',  ( -10.33257569495584960, 1.000000000000000000, -7.299999999999999822 ) ) ;
#1507 = CARTESIAN_POINT ( 'NONE',  ( 28.84213357248973608, 7.789424206199165646, -13.98971324446893583 ) ) ;
#1508 = CARTESIAN_POINT ( 'NONE',  ( -30.76000000000000156, 1.000000000000000000, -25.00118481360496858 ) ) ;
#1509 = DIRECTION ( 'NONE',  ( -1.000000000000000000, 0.000000000000000000, 0.000000000000000000 ) ) ;
#1510 = ORIENTED_EDGE ( 'NONE', *, *, #3962, .F. ) ;
#1511 = CARTESIAN_POINT ( 'NONE',  ( -16.11372919964819417, 32.64565663597156231, -3.999999999999998224 ) ) ;
#1512 = EDGE_CURVE ( 'NONE', #6184, #4955, #5742, .T. ) ;
#1513 = ORIENTED_EDGE ( 'NONE', *, *, #3900, .F. ) ;
#1514 = VECTOR ( 'NONE', #896, 1000.000000000000114 ) ;
#1515 = PLANE ( 'NONE',  #859 ) ;
#1516 = VERTEX_POINT ( 'NONE', #4697 ) ;
#1517 = LINE ( 'NONE', #4184, #6377 ) ;
#1518 = LINE ( 'NONE', #3789, #5998 ) ;
#1519 = LINE ( 'NONE', #1668, #1882 ) ;
#1520 = CYLINDRICAL_SURFACE ( 'NONE', #3367, 15.00000000000000000 ) ;
#1521 = ADVANCED_FACE ( 'NONE', ( #6246 ), #3478, .T. ) ;
#1522 = VERTEX_POINT ( 'NONE', #1317 ) ;
#1523 = CARTESIAN_POINT ( 'NONE',  ( 28.87049999997596572, 17.59005348103523403, -10.16737125127927932 ) ) ;
#1524 = EDGE_CURVE ( 'NONE', #1708, #4197, #2185, .T. ) ;
#1525 = ADVANCED_FACE ( 'NONE', ( #6900 ), #193, .F. ) ;
#1526 = VECTOR ( 'NONE', #2129, 1000.000000000000000 ) ;
#1527 = DIRECTION ( 'NONE',  ( -1.000000000000000000, 0.000000000000000000, 0.000000000000000000 ) ) ;
#1528 = CARTESIAN_POINT ( 'NONE',  ( -30.75412927910331362, -1.004129279103319616, -20.30268158520413024 ) ) ;
#1529 =( BOUNDED_CURVE ( )  B_SPLINE_CURVE ( 3, ( #4275, #2662, #2739, #564 ),
 .UNSPECIFIED., .F., .T. ) 
 B_SPLINE_CURVE_WITH_KNOTS ( ( 4, 4 ),
 ( 5.213196695352183774, 5.920750317600019130 ),
 .UNSPECIFIED. ) 
 CURVE ( )  GEOMETRIC_REPRESENTATION_ITEM ( )  RATIONAL_B_SPLINE_CURVE ( ( 1.000000000000000000, 0.9587139706216485369, 0.9587139706216485369, 1.000000000000000000 ) ) 
 REPRESENTATION_ITEM ( '' )  );
#1530 = CARTESIAN_POINT ( 'NONE',  ( 17.31372919964819346, 32.64565663597156231, -1.999999999999997780 ) ) ;
#1531 = EDGE_CURVE ( 'NONE', #2736, #3340, #5427, .T. ) ;
#1532 = ORIENTED_EDGE ( 'NONE', *, *, #1936, .F. ) ;
#1533 = VECTOR ( 'NONE', #5051, 1000.000000000000000 ) ;
#1534 = DIRECTION ( 'NONE',  ( 1.000000000000000000, 1.865294060190139630E-16, 1.211336126233705471E-16 ) ) ;
#1535 = LINE ( 'NONE', #5922, #1161 ) ;
#1536 = CARTESIAN_POINT ( 'NONE',  ( -27.54999999999999716, 6.671804753616421557, -10.16494241285459310 ) ) ;
#1537 = AXIS2_PLACEMENT_3D ( 'NONE', #417, #5349, #2077 ) ;
#1538 = VECTOR ( 'NONE', #2839, 1000.000000000000000 ) ;
#1539 = EDGE_CURVE ( 'NONE', #2076, #2657, #1351, .T. ) ;
#1540 = EDGE_LOOP ( 'NONE', ( #7081, #2574, #856, #2860 ) ) ;
#1541 = ORIENTED_EDGE ( 'NONE', *, *, #3027, .T. ) ;
#1542 = CYLINDRICAL_SURFACE ( 'NONE', #6484, 9.149999999999995026 ) ;
#1543 = VERTEX_POINT ( 'NONE', #5734 ) ;
#1544 = AXIS2_PLACEMENT_3D ( 'NONE', #536, #2746, #4931 ) ;
#1545 = LINE ( 'NONE', #2597, #2188 ) ;
#1546 = AXIS2_PLACEMENT_3D ( 'NONE', #401, #4795, #4152 ) ;
#1547 = VECTOR ( 'NONE', #1128, 1000.000000000000000 ) ;
#1548 = CARTESIAN_POINT ( 'NONE',  ( -23.87050000000000338, 25.67423583211418858, -0.9999999999999978906 ) ) ;
#1549 = PLANE ( 'NONE',  #4499 ) ;
#1550 = CARTESIAN_POINT ( 'NONE',  ( 27.87147133105847630, 13.04671775917064203, -6.459464528716592824 ) ) ;
#1551 = VECTOR ( 'NONE', #2015, 1000.000000000000000 ) ;
#1552 = EDGE_LOOP ( 'NONE', ( #1362, #3445 ) ) ;
#1553 = FACE_BOUND ( 'NONE', #2883, .T. ) ;
#1554 = ORIENTED_EDGE ( 'NONE', *, *, #1129, .T. ) ;
#1555 = DIRECTION ( 'NONE',  ( -0.000000000000000000, -1.000000000000000000, -0.000000000000000000 ) ) ;
#1556 = ORIENTED_EDGE ( 'NONE', *, *, #3032, .T. ) ;
#1557 = CARTESIAN_POINT ( 'NONE',  ( 10.00000000000000178, -8.000000000000001776, -16.30000000000000071 ) ) ;
#1558 = CARTESIAN_POINT ( 'NONE',  ( -6.713729199648194701, 32.64565663597156231, -3.999999999999998224 ) ) ;
#1559 = CARTESIAN_POINT ( 'NONE',  ( 19.00000000000000355, -8.000000000000000000, -15.40000000000000036 ) ) ;
#1560 = CARTESIAN_POINT ( 'NONE',  ( 29.36165027248693349, 4.460191217344714687, -23.99828517834155051 ) ) ;
#1561 = CARTESIAN_POINT ( 'NONE',  ( 28.88350633628721198, 17.47506691988326466, -10.23702121578466695 ) ) ;
#1562 = VERTEX_POINT ( 'NONE', #2475 ) ;
#1563 = CARTESIAN_POINT ( 'NONE',  ( -30.75000000000000355, -8.000000000000000000, -11.30000000000000071 ) ) ;
#1564 = CARTESIAN_POINT ( 'NONE',  ( -19.74999999999993605, 0.8499999999999929834, -18.24859595258460132 ) ) ;
#1565 = PLANE ( 'NONE',  #3496 ) ;
#1566 = CIRCLE ( 'NONE', #6287, 5.000000000000000000 ) ;
#1567 = CARTESIAN_POINT ( 'NONE',  ( 27.81423826494930651, 17.20051383507592391, -4.397908890708673191 ) ) ;
#1568 = ORIENTED_EDGE ( 'NONE', *, *, #6718, .F. ) ;
#1569 = ORIENTED_EDGE ( 'NONE', *, *, #5703, .F. ) ;
#1570 = EDGE_CURVE ( 'NONE', #4291, #448, #6205, .T. ) ;
#1571 = EDGE_CURVE ( 'NONE', #3773, #5992, #2031, .T. ) ;
#1572 = CARTESIAN_POINT ( 'NONE',  ( 10.66742430504414507, 1.000000000000000000, -7.299999999999999822 ) ) ;
#1573 = AXIS2_PLACEMENT_3D ( 'NONE', #6172, #3443, #2974 ) ;
#1574 =( BOUNDED_CURVE ( )  B_SPLINE_CURVE ( 3, ( #4235, #6030, #6580, #1647 ),
 .UNSPECIFIED., .F., .F. ) 
 B_SPLINE_CURVE_WITH_KNOTS ( ( 4, 4 ),
 ( 1.570796326794890119, 3.141592653589800221 ),
 .UNSPECIFIED. ) 
 CURVE ( )  GEOMETRIC_REPRESENTATION_ITEM ( )  RATIONAL_B_SPLINE_CURVE ( ( 1.000000000000000000, 0.8047378541243618288, 0.8047378541243618288, 1.000000000000000000 ) ) 
 REPRESENTATION_ITEM ( '' )  );
#1575 = CARTESIAN_POINT ( 'NONE',  ( 19.00000000000000355, -13.00000000000000178, -16.30000000000000071 ) ) ;
#1576 = DIRECTION ( 'NONE',  ( 1.000000000000000000, 0.000000000000000000, 0.000000000000000000 ) ) ;
#1577 = ORIENTED_EDGE ( 'NONE', *, *, #94, .T. ) ;
#1578 = ORIENTED_EDGE ( 'NONE', *, *, #5480, .F. ) ;
#1579 = CARTESIAN_POINT ( 'NONE',  ( -27.45714249612374402, 2.151436147648186914, -24.25343343624013670 ) ) ;
#1580 = VERTEX_POINT ( 'NONE', #2716 ) ;
#1581 = FACE_OUTER_BOUND ( 'NONE', #6400, .T. ) ;
#1582 = DIRECTION ( 'NONE',  ( 0.000000000000000000, 5.480694194524166577E-17, -1.000000000000000000 ) ) ;
#1583 = CARTESIAN_POINT ( 'NONE',  ( 0.000000000000000000, 1.000000000000000000, 0.000000000000000000 ) ) ;
#1584 = CARTESIAN_POINT ( 'NONE',  ( 28.05391849839842067, 13.15657204632745447, -6.414371944699312600 ) ) ;
#1585 = ORIENTED_EDGE ( 'NONE', *, *, #6936, .F. ) ;
#1586 = CARTESIAN_POINT ( 'NONE',  ( 28.58320260686485881, 7.058706459474106687, -8.102751923877839602 ) ) ;
#1587 = EDGE_LOOP ( 'NONE', ( #1066, #6028, #5653, #6612 ) ) ;
#1588 = CARTESIAN_POINT ( 'NONE',  ( 27.72872569090840500, 7.337325744399825211, -14.06237579344389133 ) ) ;
#1589 = ORIENTED_EDGE ( 'NONE', *, *, #4781, .T. ) ;
#1590 = CARTESIAN_POINT ( 'NONE',  ( -15.09999999999999964, 0.8499999999999953149, -18.24859595258460132 ) ) ;
#1591 = LINE ( 'NONE', #5972, #1055 ) ;
#1592 = CARTESIAN_POINT ( 'NONE',  ( 27.67605791691338268, 7.688575064661931080, -8.006717532189048470 ) ) ;
#1593 = CARTESIAN_POINT ( 'NONE',  ( 30.75000000000000000, 9.999999999999998224, -20.49880748697651711 ) ) ;
#1594 = FACE_OUTER_BOUND ( 'NONE', #3287, .T. ) ;
#1595 = VERTEX_POINT ( 'NONE', #3145 ) ;
#1596 = CARTESIAN_POINT ( 'NONE',  ( 28.47392177800892910, 17.02569742946269571, -10.49923344011148174 ) ) ;
#1597 = PLANE ( 'NONE',  #3932 ) ;
#1598 = CARTESIAN_POINT ( 'NONE',  ( -40.00000000000000000, 0.000000000000000000, -6.299999999999999822 ) ) ;
#1599 = CARTESIAN_POINT ( 'NONE',  ( 27.67098911520609050, 17.56593953492324545, -4.182052524902107216 ) ) ;
#1600 = VERTEX_POINT ( 'NONE', #469 ) ;
#1601 = CARTESIAN_POINT ( 'NONE',  ( 26.11396103065103702, 3.636038969348904359, -17.28932109094523284 ) ) ;
#1602 = CARTESIAN_POINT ( 'NONE',  ( -26.87050000000000338, 25.67423583211418858, -8.000000000000000000 ) ) ;
#1603 = DIRECTION ( 'NONE',  ( 0.000000000000000000, 1.000000000000000000, 0.000000000000000000 ) ) ;
#1604 = DIRECTION ( 'NONE',  ( 1.000000000000000000, -0.000000000000000000, 0.000000000000000000 ) ) ;
#1605 = ORIENTED_EDGE ( 'NONE', *, *, #3861, .F. ) ;
#1606 = ORIENTED_EDGE ( 'NONE', *, *, #7080, .F. ) ;
#1607 = CARTESIAN_POINT ( 'NONE',  ( 28.64476703625909693, 26.77651363899621373, -9.961721130281441461 ) ) ;
#1608 = ORIENTED_EDGE ( 'NONE', *, *, #5259, .F. ) ;
#1609 = EDGE_CURVE ( 'NONE', #3671, #3459, #5402, .T. ) ;
#1610 = LINE ( 'NONE', #2218, #1033 ) ;
#1611 =( BOUNDED_SURFACE ( )  B_SPLINE_SURFACE ( 3, 2, ( 
 ( #54, #6501, #2242 ),
 ( #5482, #1706, #3898 ),
 ( #4835, #7041, #3213 ),
 ( #3796, #5983, #546 ) ),
 .UNSPECIFIED., .F., .F., .F. ) 
 B_SPLINE_SURFACE_WITH_KNOTS ( ( 4, 4 ),
 ( 3, 3 ),
 ( 0.000000000000000000, 0.3624349895795647702 ),
 ( 0.000000000000000000, 1.000000000000000000 ),
 .UNSPECIFIED. ) 
 GEOMETRIC_REPRESENTATION_ITEM ( )  RATIONAL_B_SPLINE_SURFACE ( (
 ( 1.000000000000000000, 0.8788171126619658269, 1.000000000000000000),
 ( 1.000000000000000000, 0.8788208909598923535, 1.000000000000000000),
 ( 1.000000000000000000, 0.8754112709845667251, 1.000000000000000000),
 ( 1.000000000000000000, 0.8686936311380256681, 1.000000000000000000) ) ) 
 REPRESENTATION_ITEM ( '' )  SURFACE ( )  );
#1612 = VECTOR ( 'NONE', #878, 1000.000000000000000 ) ;
#1613 = CARTESIAN_POINT ( 'NONE',  ( 28.04124182936009291, 18.14860625047712617, -9.826603840378657750 ) ) ;
#1614 = EDGE_CURVE ( 'NONE', #5732, #6796, #5334, .T. ) ;
#1615 = DIRECTION ( 'NONE',  ( 0.000000000000000000, -0.5446390350150305260, 0.8386705679454218298 ) ) ;
#1616 = AXIS2_PLACEMENT_3D ( 'NONE', #6515, #6983, #3599 ) ;
#1617 = CARTESIAN_POINT ( 'NONE',  ( 27.77780020116593818, 12.93507609244470835, -6.504686104172130001 ) ) ;
#1618 = VERTEX_POINT ( 'NONE', #5296 ) ;
#1619 = DIRECTION ( 'NONE',  ( 0.000000000000000000, 0.000000000000000000, -1.000000000000000000 ) ) ;
#1620 = EDGE_LOOP ( 'NONE', ( #753, #6261, #396, #1449 ) ) ;
#1621 = ADVANCED_FACE ( 'NONE', ( #3721 ), #1491, .F. ) ;
#1622 = EDGE_CURVE ( 'NONE', #4988, #2694, #6640, .T. ) ;
#1623 = CARTESIAN_POINT ( 'NONE',  ( 27.89005715435934718, 7.126480844311330998, -14.09308981255495219 ) ) ;
#1624 = ORIENTED_EDGE ( 'NONE', *, *, #2906, .T. ) ;
#1625 = DIRECTION ( 'NONE',  ( 0.000000000000000000, 0.000000000000000000, -1.000000000000000000 ) ) ;
#1626 = CARTESIAN_POINT ( 'NONE',  ( 27.79657024527320530, 7.221204040034849392, -14.07957374834167474 ) ) ;
#1627 = CARTESIAN_POINT ( 'NONE',  ( 30.44999999999999929, 10.16339171050450929, -20.75040865736014339 ) ) ;
#1628 = CARTESIAN_POINT ( 'NONE',  ( 27.66370829347429705, 16.97598618050643182, -10.53183654083478871 ) ) ;
#1629 = ADVANCED_FACE ( 'NONE', ( #2062 ), #2575, .F. ) ;
#1630 = VERTEX_POINT ( 'NONE', #2614 ) ;
#1631 = FACE_OUTER_BOUND ( 'NONE', #2333, .T. ) ;
#1632 = CARTESIAN_POINT ( 'NONE',  ( 24.14467615341360229, 31.91392639392221042, -6.625446277842719667 ) ) ;
#1633 = VECTOR ( 'NONE', #785, 999.9999999999998863 ) ;
#1634 = CARTESIAN_POINT ( 'NONE',  ( -30.67110474797340558, -1.062526104210636868, -19.49060492684744972 ) ) ;
#1635 = DIRECTION ( 'NONE',  ( 4.365518434471315748E-16, -0.5446390350150321913, 0.8386705679454208306 ) ) ;
#1636 = CARTESIAN_POINT ( 'NONE',  ( 28.54580489580780878, 17.05160269933389472, -4.484311805001785167 ) ) ;
#1637 = ORIENTED_EDGE ( 'NONE', *, *, #5248, .F. ) ;
#1638 = CIRCLE ( 'NONE', #1412, 1.000000000000000888 ) ;
#1639 = CARTESIAN_POINT ( 'NONE',  ( -30.75000000000000000, 21.79415805328552835, -11.49730067965202096 ) ) ;
#1640 = CARTESIAN_POINT ( 'NONE',  ( 28.87050000000001049, 12.52208716437029068, -6.667504888428914533 ) ) ;
#1641 = DIRECTION ( 'NONE',  ( -0.000000000000000000, 0.8386705679454210527, 0.5446390350150316362 ) ) ;
#1642 = ADVANCED_FACE ( 'NONE', ( #6461 ), #944, .F. ) ;
#1643 = LINE ( 'NONE', #7119, #6716 ) ;
#1644 = VERTEX_POINT ( 'NONE', #4797 ) ;
#1645 = VERTEX_POINT ( 'NONE', #4831 ) ;
#1646 = VECTOR ( 'NONE', #266, 999.9999999999998863 ) ;
#1647 = CARTESIAN_POINT ( 'NONE',  ( -19.74999999999992184, -1.000000000000004441, -27.44746873418996103 ) ) ;
#1648 = ORIENTED_EDGE ( 'NONE', *, *, #714, .T. ) ;
#1649 = DIRECTION ( 'NONE',  ( 0.000000000000000000, 0.000000000000000000, 1.000000000000000000 ) ) ;
#1650 = CARTESIAN_POINT ( 'NONE',  ( 28.52077259316987679, 18.13547198589815679, -9.834748338372483190 ) ) ;
#1651 = VECTOR ( 'NONE', #7070, 1000.000000000000000 ) ;
#1652 = FACE_OUTER_BOUND ( 'NONE', #6848, .T. ) ;
#1653 = CARTESIAN_POINT ( 'NONE',  ( -0.2289459615883694121, 41.43052276527915723, -0.4452963328871884507 ) ) ;
#1654 = EDGE_LOOP ( 'NONE', ( #902, #6113, #3099, #1676 ) ) ;
#1655 = CARTESIAN_POINT ( 'NONE',  ( 27.96443340867127603, 7.072678228956926105, -8.100549688703123863 ) ) ;
#1656 = ORIENTED_EDGE ( 'NONE', *, *, #7023, .F. ) ;
#1657 = VECTOR ( 'NONE', #4312, 1000.000000000000000 ) ;
#1658 = AXIS2_PLACEMENT_3D ( 'NONE', #519, #6650, #1748 ) ;
#1659 = EDGE_CURVE ( 'NONE', #1986, #2814, #3687, .T. ) ;
#1660 = EDGE_CURVE ( 'NONE', #931, #3773, #4974, .T. ) ;
#1661 = CARTESIAN_POINT ( 'NONE',  ( 27.67161783871917891, 7.552509461936391055, -8.028945529338542997 ) ) ;
#1662 = VERTEX_POINT ( 'NONE', #1195 ) ;
#1663 = CARTESIAN_POINT ( 'NONE',  ( -19.75000000000000000, -0.5366082894954951055, -27.69906990457359086 ) ) ;
#1664 = FACE_OUTER_BOUND ( 'NONE', #5834, .T. ) ;
#1665 = AXIS2_PLACEMENT_3D ( 'NONE', #4069, #5721, #4535 ) ;
#1666 = CARTESIAN_POINT ( 'NONE',  ( 28.00513409254235953, 7.057036813858719171, -14.10267889400158126 ) ) ;
#1667 = EDGE_CURVE ( 'NONE', #3459, #3107, #3398, .T. ) ;
#1668 = CARTESIAN_POINT ( 'NONE',  ( -13.33257569495584960, 1.000000000000000000, -6.299999999999999822 ) ) ;
#1669 = CARTESIAN_POINT ( 'NONE',  ( 27.45714249609124025, 2.151436147671464738, -17.40343343622502204 ) ) ;
#1670 = ORIENTED_EDGE ( 'NONE', *, *, #466, .F. ) ;
#1671 = CARTESIAN_POINT ( 'NONE',  ( -6.113729199648194168, 32.64565663597156231, -3.999999999999998224 ) ) ;
#1672 = DIRECTION ( 'NONE',  ( -1.000000000000000000, -0.000000000000000000, -0.000000000000000000 ) ) ;
#1673 = CARTESIAN_POINT ( 'NONE',  ( 28.87049999997596572, 17.59005348103523403, -10.16737125127927932 ) ) ;
#1674 = CARTESIAN_POINT ( 'NONE',  ( 29.01113082263238141, 26.56543647262528296, -9.912102565942092269 ) ) ;
#1675 = CARTESIAN_POINT ( 'NONE',  ( 28.16015348146505204, 16.99748520768721605, -10.51547297488688315 ) ) ;
#1676 = ORIENTED_EDGE ( 'NONE', *, *, #3223, .T. ) ;
#1677 = CARTESIAN_POINT ( 'NONE',  ( 28.72206587669725053, 12.19758266715387229, -12.79001987635873938 ) ) ;
#1678 = CARTESIAN_POINT ( 'NONE',  ( -15.09999999999999964, 0.8499999999999953149, -25.09859595258459919 ) ) ;
#1679 = CARTESIAN_POINT ( 'NONE',  ( 29.50148018028557217, 25.67596147618028013, -10.67642806152235657 ) ) ;
#1680 = LINE ( 'NONE', #4340, #2927 ) ;
#1681 = ORIENTED_EDGE ( 'NONE', *, *, #422, .T. ) ;
#1682 = VERTEX_POINT ( 'NONE', #5048 ) ;
#1683 = CARTESIAN_POINT ( 'NONE',  ( 28.64215586281544645, 6.986093651698342732, -14.11407017784338436 ) ) ;
#1684 = ORIENTED_EDGE ( 'NONE', *, *, #6133, .F. ) ;
#1685 = AXIS2_PLACEMENT_3D ( 'NONE', #1118, #2162, #3319 ) ;
#1686 = CARTESIAN_POINT ( 'NONE',  ( -17.00000000000000000, -8.000000000000000000, -11.30000000000000071 ) ) ;
#1687 = CARTESIAN_POINT ( 'NONE',  ( 28.66366293530355236, 18.04339744366134823, -3.891791153064699138 ) ) ;
#1688 = CARTESIAN_POINT ( 'NONE',  ( 28.11018337421559110, 13.17232251489288863, -6.407863170602174918 ) ) ;
#1689 = CARTESIAN_POINT ( 'NONE',  ( 27.68806214774484786, 12.73676737716522567, -12.58374338274624549 ) ) ;
#1690 = ORIENTED_EDGE ( 'NONE', *, *, #686, .F. ) ;
#1691 = CARTESIAN_POINT ( 'NONE',  ( 27.70571269633183320, 12.38926954794805724, -6.718148918004606784 ) ) ;
#1692 = ORIENTED_EDGE ( 'NONE', *, *, #6647, .T. ) ;
#1693 = CARTESIAN_POINT ( 'NONE',  ( -12.99999999999999822, 26.00000000000000355, -8.765994983667010132 ) ) ;
#1694 = ORIENTED_EDGE ( 'NONE', *, *, #1839, .F. ) ;
#1695 = DIRECTION ( 'NONE',  ( 1.000000000000000000, 0.000000000000000000, 0.000000000000000000 ) ) ;
#1696 = CARTESIAN_POINT ( 'NONE',  ( 28.46222304529923974, 7.022654437266073302, -14.10737317903193855 ) ) ;
#1697 = DIRECTION ( 'NONE',  ( 1.000000000000000000, 0.000000000000000000, -0.000000000000000000 ) ) ;
#1698 = EDGE_CURVE ( 'NONE', #4532, #3352, #5863, .T. ) ;
#1699 = CARTESIAN_POINT ( 'NONE',  ( 27.90641451775565329, 17.22230081203833052, -10.38427542093804945 ) ) ;
#1700 = EDGE_CURVE ( 'NONE', #1682, #5610, #3930, .T. ) ;
#1701 = ORIENTED_EDGE ( 'NONE', *, *, #4737, .F. ) ;
#1702 = CARTESIAN_POINT ( 'NONE',  ( 29.09665715643834005, 4.200000000000000178, -8.300000000000002487 ) ) ;
#1703 = DIRECTION ( 'NONE',  ( -0.000000000000000000, -1.000000000000000000, -0.000000000000000000 ) ) ;
#1704 = PERSON_AND_ORGANIZATION ( #4292, #6492 ) ;
#1705 = ADVANCED_FACE ( 'NONE', ( #656 ), #6163, .F. ) ;
#1706 = CARTESIAN_POINT ( 'NONE',  ( 0.2289459615884078536, 41.43052276527915723, -0.4452963328871883952 ) ) ;
#1707 = CARTESIAN_POINT ( 'NONE',  ( 28.10379942982924462, 17.01378399448882917, -4.506092746951900097 ) ) ;
#1708 = VERTEX_POINT ( 'NONE', #1775 ) ;
#1709 = ADVANCED_FACE ( 'NONE', ( #6084 ), #6709, .F. ) ;
#1710 = CARTESIAN_POINT ( 'NONE',  ( -40.00000000000000000, -8.000000000000000000, -26.30000000000000426 ) ) ;
#1711 = CARTESIAN_POINT ( 'NONE',  ( 28.55583157193914801, 12.06485036739768368, -12.83884655756660820 ) ) ;
#1712 = CARTESIAN_POINT ( 'NONE',  ( 26.11396103065103702, 3.636038969348904359, -23.28932109094523284 ) ) ;
#1713 = CARTESIAN_POINT ( 'NONE',  ( -27.54999999999989768, 19.92039230546003736, -4.912455477437426055 ) ) ;
#1714 = ORIENTED_EDGE ( 'NONE', *, *, #2362, .F. ) ;
#1715 = EDGE_LOOP ( 'NONE', ( #5025, #5177, #3663, #2634 ) ) ;
#1716 = CARTESIAN_POINT ( 'NONE',  ( 28.88336755248588616, 7.478602727127062977, -14.04173373172019090 ) ) ;
#1717 = ORIENTED_EDGE ( 'NONE', *, *, #776, .T. ) ;
#1718 = CARTESIAN_POINT ( 'NONE',  ( 17.00000000000000000, -8.000000000000000000, -15.40000000000000036 ) ) ;
#1719 = CARTESIAN_POINT ( 'NONE',  ( 28.41516656922182449, 18.17523880871434372, -9.810006589566715007 ) ) ;
#1720 = CARTESIAN_POINT ( 'NONE',  ( 28.83426501881422155, 12.79884444947767363, -6.559186246417693766 ) ) ;
#1721 = CARTESIAN_POINT ( 'NONE',  ( 28.07050000000000267, 22.67423583211419214, -8.000000000000000000 ) ) ;
#1722 = EDGE_LOOP ( 'NONE', ( #4135, #6531 ) ) ;
#1723 = CARTESIAN_POINT ( 'NONE',  ( 0.000000000000000000, -8.000000000000000000, -6.299999999999999822 ) ) ;
#1724 = VERTEX_POINT ( 'NONE', #5477 ) ;
#1725 = VECTOR ( 'NONE', #4154, 1000.000000000000000 ) ;
#1726 = CARTESIAN_POINT ( 'NONE',  ( 28.73650127187508474, 7.217218543922321317, -14.08009794774404533 ) ) ;
#1727 = ORIENTED_EDGE ( 'NONE', *, *, #4026, .F. ) ;
#1728 = CARTESIAN_POINT ( 'NONE',  ( -25.39394639944302412, 0.4488401889892683072, -27.05911217993648421 ) ) ;
#1729 = VECTOR ( 'NONE', #926, 1000.000000000000000 ) ;
#1730 = CARTESIAN_POINT ( 'NONE',  ( 28.70123584224075941, 8.018111234642594454, -7.949218184156902289 ) ) ;
#1731 = CARTESIAN_POINT ( 'NONE',  ( -30.71424903366290238, 20.59016140544467532, -2.188299892660783286 ) ) ;
#1732 = ADVANCED_FACE ( 'NONE', ( #1631 ), #7109, .T. ) ;
#1733 = CARTESIAN_POINT ( 'NONE',  ( 28.74724122624194678, 12.96234656635436799, -12.49374273424428594 ) ) ;
#1734 = VECTOR ( 'NONE', #1211, 1000.000000000000000 ) ;
#1735 = ORIENTED_EDGE ( 'NONE', *, *, #6214, .F. ) ;
#1736 = CARTESIAN_POINT ( 'NONE',  ( 10.00000000000000178, -13.00000000000000178, -16.30000000000000071 ) ) ;
#1737 = DIRECTION ( 'NONE',  ( 0.000000000000000000, 0.000000000000000000, 1.000000000000000000 ) ) ;
#1738 = LINE ( 'NONE', #4007, #5786 ) ;
#1739 = DIRECTION ( 'NONE',  ( 0.000000000000000000, 0.000000000000000000, 1.000000000000000000 ) ) ;
#1740 = ORIENTED_EDGE ( 'NONE', *, *, #2232, .F. ) ;
#1741 = EDGE_CURVE ( 'NONE', #2567, #6685, #6497, .T. ) ;
#1742 = AXIS2_PLACEMENT_3D ( 'NONE', #3695, #4338, #5452 ) ;
#1743 = CARTESIAN_POINT ( 'NONE',  ( -16.71372919964819559, 32.64565663597156231, -3.999999999999998224 ) ) ;
#1744 = EDGE_CURVE ( 'NONE', #1063, #1516, #2166, .T. ) ;
#1745 = CARTESIAN_POINT ( 'NONE',  ( 28.77014463147206413, 12.25253538911379714, -12.76964496269546601 ) ) ;
#1746 = DIRECTION ( 'NONE',  ( 0.000000000000000000, -0.8386705679454210527, -0.5446390350150317472 ) ) ;
#1747 = EDGE_CURVE ( 'NONE', #2023, #7020, #1156, .T. ) ;
#1748 = DIRECTION ( 'NONE',  ( -1.000000000000000000, 0.000000000000000000, 0.000000000000000000 ) ) ;
#1749 = VECTOR ( 'NONE', #3548, 1000.000000000000000 ) ;
#1750 = ORIENTED_EDGE ( 'NONE', *, *, #4337, .T. ) ;
#1751 = ORIENTED_EDGE ( 'NONE', *, *, #639, .F. ) ;
#1752 = DIRECTION ( 'NONE',  ( 0.000000000000000000, 0.000000000000000000, 1.000000000000000000 ) ) ;
#1753 = ORIENTED_EDGE ( 'NONE', *, *, #2769, .T. ) ;
#1754 = CARTESIAN_POINT ( 'NONE',  ( 4.667424305044145960, 1.000000000000000000, -7.299999999999999822 ) ) ;
#1755 = DIRECTION ( 'NONE',  ( 0.7071067811865471286, 0.7071067811865480168, 0.000000000000000000 ) ) ;
#1756 = LINE ( 'NONE', #3952, #708 ) ;
#1757 = EDGE_CURVE ( 'NONE', #1971, #6591, #4148, .T. ) ;
#1758 = AXIS2_PLACEMENT_3D ( 'NONE', #294, #3065, #3641 ) ;
#1759 = CARTESIAN_POINT ( 'NONE',  ( 27.67037524485416711, 7.616918629198423218, -8.018513333814871302 ) ) ;
#1760 = ORIENTED_EDGE ( 'NONE', *, *, #4302, .T. ) ;
#1761 = CARTESIAN_POINT ( 'NONE',  ( 0.000000000000000000, 1.000000000000000000, 0.000000000000000000 ) ) ;
#1762 = VERTEX_POINT ( 'NONE', #543 ) ;
#1763 = DIRECTION ( 'NONE',  ( 1.000000000000000000, 0.000000000000000000, -0.000000000000000000 ) ) ;
#1764 = ORIENTED_EDGE ( 'NONE', *, *, #6641, .T. ) ;
#1765 = VECTOR ( 'NONE', #2314, 1000.000000000000000 ) ;
#1766 = CARTESIAN_POINT ( 'NONE',  ( -22.68404877943070019, -0.6273515565466429855, -27.75799927123023281 ) ) ;
#1767 = CARTESIAN_POINT ( 'NONE',  ( 28.86578844582266612, 7.681734729695060437, -8.007852725292456952 ) ) ;
#1768 = DIRECTION ( 'NONE',  ( 0.000000000000000000, 5.480694194524166577E-17, -1.000000000000000000 ) ) ;
#1769 = CIRCLE ( 'NONE', #3380, 0.5999999999999998668 ) ;
#1770 = VECTOR ( 'NONE', #4073, 1000.000000000000000 ) ;
#1771 = CARTESIAN_POINT ( 'NONE',  ( 27.87147133105847630, 13.04671775917064203, -12.45946452895758405 ) ) ;
#1772 = ORIENTED_EDGE ( 'NONE', *, *, #3897, .T. ) ;
#1773 = VERTEX_POINT ( 'NONE', #1671 ) ;
#1774 = VECTOR ( 'NONE', #176, 1000.000000000000000 ) ;
#1775 = CARTESIAN_POINT ( 'NONE',  ( -17.31372919964819346, 32.64565663597156231, -3.999999999999998224 ) ) ;
#1776 = CARTESIAN_POINT ( 'NONE',  ( 22.66742430504413974, 0.000000000000000000, -6.299999999999999822 ) ) ;
#1777 = CARTESIAN_POINT ( 'NONE',  ( -30.75000000000000355, 26.65071305380440236, -10.04341698553369788 ) ) ;
#1778 = DIRECTION ( 'NONE',  ( 0.000000000000000000, 0.000000000000000000, 1.000000000000000000 ) ) ;
#1779 = VECTOR ( 'NONE', #3645, 1000.000000000000000 ) ;
#1780 = ORIENTED_EDGE ( 'NONE', *, *, #6876, .T. ) ;
#1781 = CARTESIAN_POINT ( 'NONE',  ( 28.17025060112904100, 12.00109696559503725, -12.86202358693687842 ) ) ;
#1782 = CARTESIAN_POINT ( 'NONE',  ( 28.67592386126483106, 12.14484358610644499, -12.80957403463692756 ) ) ;
#1783 = CARTESIAN_POINT ( 'NONE',  ( 12.31372919964819701, 32.64565663597156231, -1.999999999999997780 ) ) ;
#1784 = FACE_BOUND ( 'NONE', #3752, .T. ) ;
#1785 = ADVANCED_FACE ( 'NONE', ( #1087 ), #3288, .T. ) ;
#1786 = EDGE_CURVE ( 'NONE', #4233, #1724, #7000, .T. ) ;
#1787 = VERTEX_POINT ( 'NONE', #1123 ) ;
#1788 = CARTESIAN_POINT ( 'NONE',  ( 28.88158055155692594, 7.723364302920189495, -14.00187456478841597 ) ) ;
#1789 = VERTEX_POINT ( 'NONE', #1702 ) ;
#1790 = EDGE_CURVE ( 'NONE', #5425, #521, #3220, .T. ) ;
#1791 = LINE ( 'NONE', #748, #1039 ) ;
#1792 = DIRECTION ( 'NONE',  ( -1.000000000000000000, 0.000000000000000000, 0.000000000000000000 ) ) ;
#1793 = CARTESIAN_POINT ( 'NONE',  ( 27.67121565166720742, 7.634725321584104663, -8.015594161147001628 ) ) ;
#1794 = ORIENTED_EDGE ( 'NONE', *, *, #5795, .T. ) ;
#1795 = AXIS2_PLACEMENT_3D ( 'NONE', #3670, #5356, #5760 ) ;
#1796 = ORIENTED_EDGE ( 'NONE', *, *, #2810, .T. ) ;
#1797 = CARTESIAN_POINT ( 'NONE',  ( 28.86936074287079279, 12.55544963134159175, -6.654528928423783185 ) ) ;
#1798 = ORIENTED_EDGE ( 'NONE', *, *, #5438, .F. ) ;
#1799 = FACE_OUTER_BOUND ( 'NONE', #3475, .T. ) ;
#1800 = CARTESIAN_POINT ( 'NONE',  ( 24.47050000000000125, 25.67423583211418858, -0.9999999999999978906 ) ) ;
#1801 = FACE_OUTER_BOUND ( 'NONE', #6181, .T. ) ;
#1802 = CIRCLE ( 'NONE', #2500, 0.2999999999999976019 ) ;
#1803 = CARTESIAN_POINT ( 'NONE',  ( 27.76660545896988097, 7.920879108477496544, -7.966666807880794288 ) ) ;
#1804 = CARTESIAN_POINT ( 'NONE',  ( 28.41516656922182449, 18.17523880871434372, -9.810006589566715007 ) ) ;
#1805 = CARTESIAN_POINT ( 'NONE',  ( 28.07050000000000267, 25.67423583211418858, -1.999999999999999556 ) ) ;
#1806 = CARTESIAN_POINT ( 'NONE',  ( 28.78036484541487638, 12.90895032344696602, -12.51519915348652390 ) ) ;
#1807 = ORIENTED_EDGE ( 'NONE', *, *, #5087, .F. ) ;
#1808 = ORIENTED_EDGE ( 'NONE', *, *, #2040, .F. ) ;
#1809 = DIRECTION ( 'NONE',  ( 1.000000000000000000, 0.000000000000000000, 0.000000000000000000 ) ) ;
#1810 = LINE ( 'NONE', #4436, #816 ) ;
#1811 = DIRECTION ( 'NONE',  ( 1.018719685359864686E-16, -0.5446390350150290827, 0.8386705679454228290 ) ) ;
#1812 = CC_DESIGN_PERSON_AND_ORGANIZATION_ASSIGNMENT ( #6228, #1336, ( #3729 ) ) ;
#1813 = DIRECTION ( 'NONE',  ( 0.000000000000000000, 0.000000000000000000, 1.000000000000000000 ) ) ;
#1814 = EDGE_CURVE ( 'NONE', #3024, #4317, #2274, .T. ) ;
#1815 = ORIENTED_EDGE ( 'NONE', *, *, #2366, .F. ) ;
#1816 = CARTESIAN_POINT ( 'NONE',  ( -30.76000000000000156, -1.000000000000000000, -26.30000000000000426 ) ) ;
#1817 = CARTESIAN_POINT ( 'NONE',  ( 27.79515737052203050, 12.22078261470485749, -12.78145399924203751 ) ) ;
#1818 = CARTESIAN_POINT ( 'NONE',  ( 27.80418635514543269, 17.21057592159853300, -4.392054694972843620 ) ) ;
#1819 = CARTESIAN_POINT ( 'NONE',  ( 26.11396103065103702, 3.636038969348904359, -17.28932109094523284 ) ) ;
#1820 = ORIENTED_EDGE ( 'NONE', *, *, #2545, .F. ) ;
#1821 = ORIENTED_EDGE ( 'NONE', *, *, #5480, .T. ) ;
#1822 = PLANE ( 'NONE',  #2542 ) ;
#1823 = CARTESIAN_POINT ( 'NONE',  ( 0.000000000000000000, 41.43052276528985089, -0.2824096229890989962 ) ) ;
#1824 = DIRECTION ( 'NONE',  ( 0.000000000000000000, -1.000000000000000000, 0.000000000000000000 ) ) ;
#1825 = CARTESIAN_POINT ( 'NONE',  ( 28.81590650338566917, 12.85165613127453632, -6.538221900548723653 ) ) ;
#1826 = EDGE_CURVE ( 'NONE', #1522, #6083, #6783, .T. ) ;
#1827 = VERTEX_POINT ( 'NONE', #4543 ) ;
#1828 = ORIENTED_EDGE ( 'NONE', *, *, #212, .T. ) ;
#1829 = CARTESIAN_POINT ( 'NONE',  ( 27.81097252529572472, 12.20489195733964571, -6.787325493146468602 ) ) ;
#1830 = ORIENTED_EDGE ( 'NONE', *, *, #3250, .T. ) ;
#1831 = FACE_BOUND ( 'NONE', #3210, .T. ) ;
#1832 = ORIENTED_EDGE ( 'NONE', *, *, #1622, .T. ) ;
#1833 = EDGE_CURVE ( 'NONE', #2429, #1595, #298, .T. ) ;
#1834 = CARTESIAN_POINT ( 'NONE',  ( 27.66333611491596045, 13.20022163404753002, -12.39631531369022710 ) ) ;
#1835 = EDGE_CURVE ( 'NONE', #3764, #287, #2966, .T. ) ;
#1836 = CARTESIAN_POINT ( 'NONE',  ( 28.08513119666440971, 8.165811419581281427, -13.92176995024794373 ) ) ;
#1837 = CARTESIAN_POINT ( 'NONE',  ( 28.62181283453891822, 18.07970062141755463, -9.869368225764693747 ) ) ;
#1838 = FACE_OUTER_BOUND ( 'NONE', #3236, .T. ) ;
#1839 = EDGE_CURVE ( 'NONE', #1789, #1093, #2935, .T. ) ;
#1840 = CARTESIAN_POINT ( 'NONE',  ( 28.87049999999999983, 12.63646016559187579, -12.62312138157669850 ) ) ;
#1841 = VECTOR ( 'NONE', #4134, 1000.000000000000000 ) ;
#1842 = EDGE_LOOP ( 'NONE', ( #1820, #368, #6629, #1135 ) ) ;
#1843 = EDGE_LOOP ( 'NONE', ( #2519, #5709, #3815, #3610, #4229, #1656, #5927, #3324, #2770, #923, #5193, #5577, #4353, #6264, #5237, #994 ) ) ;
#1844 = CARTESIAN_POINT ( 'NONE',  ( 30.75000000000008882, 9.499181625424307995, -7.634519387811428359 ) ) ;
#1845 =( BOUNDED_CURVE ( )  B_SPLINE_CURVE ( 3, ( #2105, #3155, #1639, #7007 ),
 .UNSPECIFIED., .F., .T. ) 
 B_SPLINE_CURVE_WITH_KNOTS ( ( 4, 4 ),
 ( 1.126683721381950720, 1.570796326794896780 ),
 .UNSPECIFIED. ) 
 CURVE ( )  GEOMETRIC_REPRESENTATION_ITEM ( )  RATIONAL_B_SPLINE_CURVE ( ( 1.000000000000000000, 0.9836310934999830113, 0.9836310934999830113, 1.000000000000000000 ) ) 
 REPRESENTATION_ITEM ( '' )  );
#1846 = VECTOR ( 'NONE', #5656, 1000.000000000000000 ) ;
#1847 = VECTOR ( 'NONE', #2771, 1000.000000000000000 ) ;
#1848 = LINE ( 'NONE', #4044, #1995 ) ;
#1849 = EDGE_CURVE ( 'NONE', #1644, #6510, #4690, .T. ) ;
#1850 = DIRECTION ( 'NONE',  ( 1.000000000000000000, 0.000000000000000000, 0.000000000000000000 ) ) ;
#1851 = ORIENTED_EDGE ( 'NONE', *, *, #2569, .F. ) ;
#1852 = DIRECTION ( 'NONE',  ( 0.000000000000000000, 0.000000000000000000, 1.000000000000000000 ) ) ;
#1853 = CARTESIAN_POINT ( 'NONE',  ( -30.76000000000000156, 2.000000000000000444, -20.35177722040744897 ) ) ;
#1854 = DIRECTION ( 'NONE',  ( 0.000000000000000000, 5.480694194524166577E-17, -1.000000000000000000 ) ) ;
#1855 = CARTESIAN_POINT ( 'NONE',  ( 27.88917883168044654, 17.12643601812268201, -4.441002007851358790 ) ) ;
#1856 = LINE ( 'NONE', #4054, #4523 ) ;
#1857 = ORIENTED_EDGE ( 'NONE', *, *, #402, .F. ) ;
#1858 = AXIS2_PLACEMENT_3D ( 'NONE', #3811, #5999, #527 ) ;
#1859 = LINE ( 'NONE', #4592, #2307 ) ;
#1860 = LINE ( 'NONE', #3557, #3477 ) ;
#1861 = CIRCLE ( 'NONE', #591, 4.099999999999999645 ) ;
#1862 = DIRECTION ( 'NONE',  ( 0.000000000000000000, 0.000000000000000000, 1.000000000000000000 ) ) ;
#1863 = CARTESIAN_POINT ( 'NONE',  ( 28.65553153014693422, 13.05282653151618177, -12.45693529140388911 ) ) ;
#1864 = ORIENTED_EDGE ( 'NONE', *, *, #6187, .F. ) ;
#1865 = VERTEX_POINT ( 'NONE', #220 ) ;
#1866 = CARTESIAN_POINT ( 'NONE',  ( -27.54999999999999361, 16.18297831726395231, -7.310683107048762785 ) ) ;
#1867 = VERTEX_POINT ( 'NONE', #5152 ) ;
#1868 = CARTESIAN_POINT ( 'NONE',  ( 30.71424903366289882, 20.59016140544467532, -2.188299892660783286 ) ) ;
#1869 = EDGE_LOOP ( 'NONE', ( #667, #492, #6037, #5063 ) ) ;
#1870 = LINE ( 'NONE', #2339, #6023 ) ;
#1871 = CARTESIAN_POINT ( 'NONE',  ( 27.80353964682823076, 7.978017812503656714, -13.95651812145638537 ) ) ;
#1872 = CARTESIAN_POINT ( 'NONE',  ( 5.000000000000000000, 0.000000000000000000, 0.000000000000000000 ) ) ;
#1873 = CARTESIAN_POINT ( 'NONE',  ( -24.41688107640533545, 1.765051716246929692, -24.50435441976707196 ) ) ;
#1874 = DIRECTION ( 'NONE',  ( 0.000000000000000000, 0.000000000000000000, -1.000000000000000000 ) ) ;
#1875 = EDGE_CURVE ( 'NONE', #1787, #559, #2423, .T. ) ;
#1876 = ORIENTED_EDGE ( 'NONE', *, *, #1281, .F. ) ;
#1877 = VERTEX_POINT ( 'NONE', #6820 ) ;
#1878 = LINE ( 'NONE', #3470, #1846 ) ;
#1879 = CARTESIAN_POINT ( 'NONE',  ( -22.71716093038454787, 32.96042317950146128, -5.945843319042588782 ) ) ;
#1880 = EDGE_CURVE ( 'NONE', #3647, #4756, #1878, .T. ) ;
#1881 = AXIS2_PLACEMENT_3D ( 'NONE', #4447, #1244, #2872 ) ;
#1882 = VECTOR ( 'NONE', #5910, 1000.000000000000000 ) ;
#1883 = CARTESIAN_POINT ( 'NONE',  ( 27.45714249609124025, 2.151436147671464738, -17.40343343622502204 ) ) ;
#1884 = CARTESIAN_POINT ( 'NONE',  ( 27.67047901184050929, 17.58332603862203669, -10.17164731216545803 ) ) ;
#1885 = ORIENTED_EDGE ( 'NONE', *, *, #2818, .T. ) ;
#1886 = AXIS2_PLACEMENT_3D ( 'NONE', #719, #5178, #2919 ) ;
#1887 = CARTESIAN_POINT ( 'NONE',  ( -28.96319972734610815, 26.65524419208637497, -9.774982557803797434 ) ) ;
#1888 = VECTOR ( 'NONE', #2305, 1000.000000000000000 ) ;
#1889 = CARTESIAN_POINT ( 'NONE',  ( -26.59630702261781821, 6.700679687352885772, -8.424903149213315956 ) ) ;
#1890 = AXIS2_PLACEMENT_3D ( 'NONE', #138, #3458, #5609 ) ;
#1891 = PLANE ( 'NONE',  #4848 ) ;
#1892 = CARTESIAN_POINT ( 'NONE',  ( 17.00000000000000000, -8.000000000000000000, -15.40000000000000036 ) ) ;
#1893 = CARTESIAN_POINT ( 'NONE',  ( 28.87050000000000338, 12.59266273372890765, -12.64011738242972349 ) ) ;
#1894 = EDGE_LOOP ( 'NONE', ( #5069, #4366, #3262, #5582 ) ) ;
#1895 = LINE ( 'NONE', #1754, #5062 ) ;
#1896 = CARTESIAN_POINT ( 'NONE',  ( -30.75000000000000355, -8.000000000000000000, -18.75000000000000711 ) ) ;
#1897 = LINE ( 'NONE', #6295, #7092 ) ;
#1898 = DIRECTION ( 'NONE',  ( -1.000000000000000000, -1.334402673828313339E-16, -8.665712287671780119E-17 ) ) ;
#1899 = ORIENTED_EDGE ( 'NONE', *, *, #869, .T. ) ;
#1900 = ORIENTED_EDGE ( 'NONE', *, *, #30, .T. ) ;
#1901 = CARTESIAN_POINT ( 'NONE',  ( -30.75000000000000355, 10.00000000001022293, -7.497835144917974759 ) ) ;
#1902 = ADVANCED_FACE ( 'NONE', ( #1416 ), #4080, .F. ) ;
#1903 = ORIENTED_EDGE ( 'NONE', *, *, #5845, .F. ) ;
#1904 = VECTOR ( 'NONE', #5394, 1000.000000000000000 ) ;
#1905 = FACE_BOUND ( 'NONE', #7073, .T. ) ;
#1906 = ORIENTED_EDGE ( 'NONE', *, *, #4309, .F. ) ;
#1907 = DIRECTION ( 'NONE',  ( -0.000000000000000000, -0.000000000000000000, 1.000000000000000000 ) ) ;
#1908 = CARTESIAN_POINT ( 'NONE',  ( -30.75000000000000355, -8.000000000000000000, -21.30000000000000782 ) ) ;
#1909 = PERSON_AND_ORGANIZATION ( #4292, #6492 ) ;
#1910 = PLANE ( 'NONE',  #524 ) ;
#1911 = CARTESIAN_POINT ( 'NONE',  ( 27.67051078594780122, 17.59203596629860300, -4.166427825003252039 ) ) ;
#1912 = DIRECTION ( 'NONE',  ( 0.000000000000000000, 1.000000000000000000, 0.000000000000000000 ) ) ;
#1913 = VERTEX_POINT ( 'NONE', #6893 ) ;
#1914 = VECTOR ( 'NONE', #6410, 1000.000000000000000 ) ;
#1915 = ORIENTED_EDGE ( 'NONE', *, *, #1833, .F. ) ;
#1916 = CARTESIAN_POINT ( 'NONE',  ( -1.332575694955852263, 1.000000000000000000, -6.299999999999999822 ) ) ;
#1917 = CARTESIAN_POINT ( 'NONE',  ( -13.00000000000000178, 10.75418123488904421, -14.66674816303236639 ) ) ;
#1918 = CARTESIAN_POINT ( 'NONE',  ( 26.87050000000000338, 25.67423583211418858, -8.000000000000000000 ) ) ;
#1919 = B_SPLINE_SURFACE_WITH_KNOTS ( 'NONE', 3, 1, ( 
 ( #2091, #4287 ),
 ( #2127, #4325 ),
 ( #1592, #3790 ),
 ( #3244, #1295 ),
 ( #77, #2415 ),
 ( #5612, #3963 ),
 ( #1803, #4070 ),
 ( #6702, #1871 ),
 ( #2857, #4608 ),
 ( #5005, #2268 ),
 ( #6742, #4460 ),
 ( #5540, #3462 ),
 ( #6811, #1836 ),
 ( #6190, #1186 ),
 ( #760, #2960 ),
 ( #6269, #1260 ),
 ( #3997, #5110 ),
 ( #3498, #3393 ),
 ( #6777, #3354 ),
 ( #611, #6665 ),
 ( #5041, #6157 ),
 ( #5579, #649 ),
 ( #1730, #2340 ),
 ( #3924, #5145 ),
 ( #106, #6118 ),
 ( #4032, #2825 ),
 ( #4537, #2303 ),
 ( #4495, #177 ),
 ( #1767, #5647 ),
 ( #214, #1227 ),
 ( #2920, #6227 ) ),
 .UNSPECIFIED., .F., .F., .F.,
 ( 4, 3, 3, 3, 3, 3, 3, 3, 3, 3, 4 ),
 ( 2, 2 ),
 ( 0.4999999997781747751, 0.5367810128127543656, 0.5915497773688562777, 0.6462232463295077833, 0.7002523867928598378, 0.7533817979605712534, 0.8058799833012236791, 0.8583894471421841255, 0.9115280285745952504, 0.9655406986930686886, 1.000000000000000000 ),
 ( 0.000000000000000000, 1.000000000000000000 ),
 .UNSPECIFIED. ) ;
#1920 = LINE ( 'NONE', #6964, #2802 ) ;
#1921 = EDGE_CURVE ( 'NONE', #558, #2685, #1343, .T. ) ;
#1922 = VERTEX_POINT ( 'NONE', #6749 ) ;
#1923 = CARTESIAN_POINT ( 'NONE',  ( 19.75000000000000000, 9.999999999999998224, -30.00000000000000000 ) ) ;
#1924 = CARTESIAN_POINT ( 'NONE',  ( 24.47050000000000125, 25.67423583211418858, -0.9999999999999978906 ) ) ;
#1925 = CYLINDRICAL_SURFACE ( 'NONE', #4367, 0.6000000000000015321 ) ;
#1926 = ADVANCED_FACE ( 'NONE', ( #5082 ), #4004, .F. ) ;
#1927 = CARTESIAN_POINT ( 'NONE',  ( 7.313729199648195234, 32.64565663597156231, -1.999999999999997780 ) ) ;
#1928 = CARTESIAN_POINT ( 'NONE',  ( -7.332575694955850487, 0.000000000000000000, -7.299999999999999822 ) ) ;
#1929 = CARTESIAN_POINT ( 'NONE',  ( -30.73684150302705120, 20.91937563339494943, -13.76539102554364291 ) ) ;
#1930 = EDGE_CURVE ( 'NONE', #6992, #1482, #3539, .T. ) ;
#1931 = ORIENTED_EDGE ( 'NONE', *, *, #5055, .F. ) ;
#1932 = ADVANCED_FACE ( 'NONE', ( #728 ), #803, .T. ) ;
#1933 = CARTESIAN_POINT ( 'NONE',  ( 21.03239113737820531, 33.59430192140524696, -5.534197650871949037 ) ) ;
#1934 = CARTESIAN_POINT ( 'NONE',  ( -4.332575694955851375, 1.000000000000000000, -7.299999999999999822 ) ) ;
#1935 = CARTESIAN_POINT ( 'NONE',  ( 16.66742430504414330, 0.000000000000000000, -7.299999999999999822 ) ) ;
#1936 = EDGE_CURVE ( 'NONE', #7020, #5684, #5118, .T. ) ;
#1937 = ORIENTED_EDGE ( 'NONE', *, *, #2224, .F. ) ;
#1938 = ORIENTED_EDGE ( 'NONE', *, *, #5663, .F. ) ;
#1939 = LINE ( 'NONE', #3665, #613 ) ;
#1940 = EDGE_LOOP ( 'NONE', ( #7091, #6481 ) ) ;
#1941 = LINE ( 'NONE', #410, #1841 ) ;
#1942 = EDGE_LOOP ( 'NONE', ( #5117, #1684, #5348, #2263 ) ) ;
#1943 = FACE_OUTER_BOUND ( 'NONE', #5901, .T. ) ;
#1944 = DIRECTION ( 'NONE',  ( 1.000000000000000000, -0.000000000000000000, 0.000000000000000000 ) ) ;
#1945 = CARTESIAN_POINT ( 'NONE',  ( -0.7091041713783110545, 41.30059529707407506, -0.3541291247497117545 ) ) ;
#1946 = CARTESIAN_POINT ( 'NONE',  ( -15.09999999999999964, -1.000000000000001998, -19.45000000000000639 ) ) ;
#1947 = ORIENTED_EDGE ( 'NONE', *, *, #5516, .F. ) ;
#1948 = CARTESIAN_POINT ( 'NONE',  ( 28.87050000000000338, 7.595164061971811265, -14.02204835830875673 ) ) ;
#1949 = ORIENTED_EDGE ( 'NONE', *, *, #7038, .F. ) ;
#1950 = DIRECTION ( 'NONE',  ( -1.000000000000000000, -0.000000000000000000, -0.000000000000000000 ) ) ;
#1951 = DIRECTION ( 'NONE',  ( -1.000000000000000000, -0.000000000000000000, -0.000000000000000000 ) ) ;
#1952 = ADVANCED_FACE ( 'NONE', ( #2502 ), #185, .F. ) ;
#1953 = CARTESIAN_POINT ( 'NONE',  ( 28.87050000000000338, 12.59266273373101797, -6.640117382443491145 ) ) ;
#1954 = CARTESIAN_POINT ( 'NONE',  ( -21.06828128533735267, 33.58069290186367795, -5.367492358943050768 ) ) ;
#1955 = DIRECTION ( 'NONE',  ( 0.000000000000000000, 0.000000000000000000, 1.000000000000000000 ) ) ;
#1956 = DIRECTION ( 'NONE',  ( 0.000000000000000000, 0.000000000000000000, -1.000000000000000000 ) ) ;
#1957 = CIRCLE ( 'NONE', #4940, 0.5999999999999998668 ) ;
#1958 = CARTESIAN_POINT ( 'NONE',  ( -25.82560816678344295, 6.542604889422173997, -8.181489306217748947 ) ) ;
#1959 = VECTOR ( 'NONE', #5097, 1000.000000000000000 ) ;
#1960 = CARTESIAN_POINT ( 'NONE',  ( 5.999999999999998224, -13.00000000000000178, -16.30000000000000071 ) ) ;
#1961 = DIRECTION ( 'NONE',  ( -0.000000000000000000, -0.000000000000000000, -1.000000000000000000 ) ) ;
#1962 = DIRECTION ( 'NONE',  ( -0.000000000000000000, -0.000000000000000000, 1.000000000000000000 ) ) ;
#1963 = ORIENTED_EDGE ( 'NONE', *, *, #4997, .F. ) ;
#1964 = EDGE_CURVE ( 'NONE', #199, #1595, #463, .T. ) ;
#1965 = CIRCLE ( 'NONE', #5981, 0.6000000000000033085 ) ;
#1966 = EDGE_CURVE ( 'NONE', #1867, #2779, #6773, .T. ) ;
#1967 = DIRECTION ( 'NONE',  ( 0.000000000000000000, -1.000000000000000000, 0.000000000000000000 ) ) ;
#1968 = EDGE_CURVE ( 'NONE', #1543, #3825, #3713, .T. ) ;
#1969 = FACE_OUTER_BOUND ( 'NONE', #1251, .T. ) ;
#1970 = CARTESIAN_POINT ( 'NONE',  ( 0.6027385456715643741, 41.02008441730644250, -0.3541291247497121986 ) ) ;
#1971 = VERTEX_POINT ( 'NONE', #4247 ) ;
#1972 = VERTEX_POINT ( 'NONE', #5905 ) ;
#1973 = CARTESIAN_POINT ( 'NONE',  ( -27.54999999999999716, 9.664901927557993488, -12.98940512186508656 ) ) ;
#1974 = ORIENTED_EDGE ( 'NONE', *, *, #776, .F. ) ;
#1975 = B_SPLINE_CURVE_WITH_KNOTS ( 'NONE', 3,
 ( #4132, #2521, #1364, #5825, #891, #6369, #6944, #3529, #2487, #4203 ),
 .UNSPECIFIED., .F., .F.,
 ( 4, 2, 2, 2, 4 ),
 ( 0.000000000000000000, 0.006688547576724430781, 0.008360684470905542162, 0.01003282136508665268, 0.01337709515344887370 ),
 .UNSPECIFIED. ) ;
#1976 = CARTESIAN_POINT ( 'NONE',  ( -30.75000000000000355, 14.67832282893869866, -6.221018945039135772 ) ) ;
#1977 = CARTESIAN_POINT ( 'NONE',  ( 27.80353964682823076, 7.978017812503656714, -13.95651812145638715 ) ) ;
#1978 = VECTOR ( 'NONE', #4231, 1000.000000000000000 ) ;
#1979 = ADVANCED_FACE ( 'NONE', ( #937 ), #5869, .F. ) ;
#1980 = FACE_OUTER_BOUND ( 'NONE', #960, .T. ) ;
#1981 = CARTESIAN_POINT ( 'NONE',  ( 30.75000000000000355, 3.556349186104009075, -24.56923900525782400 ) ) ;
#1982 = CARTESIAN_POINT ( 'NONE',  ( 28.43594822156649826, 18.16736213625618035, -3.814912053880163523 ) ) ;
#1983 = FACE_OUTER_BOUND ( 'NONE', #4936, .T. ) ;
#1984 = ORIENTED_EDGE ( 'NONE', *, *, #2063, .T. ) ;
#1985 = CARTESIAN_POINT ( 'NONE',  ( 28.81352337477052572, 7.331110453218802725, -14.06340522871057530 ) ) ;
#1986 = VERTEX_POINT ( 'NONE', #4757 ) ;
#1987 = CYLINDRICAL_SURFACE ( 'NONE', #6263, 0.6000000000000015321 ) ;
#1988 = CARTESIAN_POINT ( 'NONE',  ( -5.999999999999998224, -12.00000000000000000, -16.30000000000000071 ) ) ;
#1989 = DIRECTION ( 'NONE',  ( 0.000000000000000000, 0.000000000000000000, 1.000000000000000000 ) ) ;
#1990 = CIRCLE ( 'NONE', #6594, 1.000000000000000888 ) ;
#1991 = FACE_OUTER_BOUND ( 'NONE', #6857, .T. ) ;
#1992 = MECHANICAL_CONTEXT ( 'NONE', #6274, 'mechanical' ) ;
#1993 = CARTESIAN_POINT ( 'NONE',  ( -28.07050000000000267, 25.67423583211418858, -8.000000000000000000 ) ) ;
#1994 = CARTESIAN_POINT ( 'NONE',  ( 27.77226855764046931, 17.24965868526994939, -10.36924758426253135 ) ) ;
#1995 = VECTOR ( 'NONE', #1309, 1000.000000000000000 ) ;
#1996 = DIRECTION ( 'NONE',  ( 1.000000000000000000, -0.000000000000000000, -0.000000000000000000 ) ) ;
#1997 = DIRECTION ( 'NONE',  ( -1.000000000000000000, 5.129558665522904258E-16, 3.331174347142703358E-16 ) ) ;
#1998 = CARTESIAN_POINT ( 'NONE',  ( -28.74999999999999645, 21.65689861817951822, -7.586440707836955788 ) ) ;
#1999 = ORIENTED_EDGE ( 'NONE', *, *, #5131, .T. ) ;
#2000 = VECTOR ( 'NONE', #60, 1000.000000000000000 ) ;
#2001 = DIRECTION ( 'NONE',  ( 0.000000000000000000, 0.000000000000000000, 1.000000000000000000 ) ) ;
#2002 = VECTOR ( 'NONE', #1068, 1000.000000000000000 ) ;
#2003 = ADVANCED_FACE ( 'NONE', ( #5837 ), #7067, .F. ) ;
#2004 = CARTESIAN_POINT ( 'NONE',  ( -40.00000000000000000, -2.000000000000000000, -16.30000000000000071 ) ) ;
#2005 = CARTESIAN_POINT ( 'NONE',  ( -27.54999999999999716, 10.80364186910091640, -7.270351170344540925 ) ) ;
#2006 = EDGE_CURVE ( 'NONE', #2666, #5311, #6960, .T. ) ;
#2007 = ORIENTED_EDGE ( 'NONE', *, *, #4924, .F. ) ;
#2008 = VERTEX_POINT ( 'NONE', #2089 ) ;
#2009 = FACE_OUTER_BOUND ( 'NONE', #3711, .T. ) ;
#2010 = ORIENTED_EDGE ( 'NONE', *, *, #5526, .T. ) ;
#2011 = EDGE_CURVE ( 'NONE', #6992, #5129, #903, .T. ) ;
#2012 = FACE_BOUND ( 'NONE', #2120, .T. ) ;
#2013 = CARTESIAN_POINT ( 'NONE',  ( 28.41631933544269373, 8.180900073069434342, -13.91892522544087640 ) ) ;
#2014 = EDGE_CURVE ( 'NONE', #3764, #2491, #1517, .T. ) ;
#2015 = DIRECTION ( 'NONE',  ( 0.000000000000000000, 0.000000000000000000, 1.000000000000000000 ) ) ;
#2016 = CARTESIAN_POINT ( 'NONE',  ( -27.45714249612374402, 2.151436147648186914, -24.25343343624013670 ) ) ;
#2017 = CARTESIAN_POINT ( 'NONE',  ( 28.68184365983325179, 18.02742015429056011, -3.901658058496699777 ) ) ;
#2018 = ORIENTED_EDGE ( 'NONE', *, *, #2677, .F. ) ;
#2019 = DIRECTION ( 'NONE',  ( 0.000000000000000000, 0.8386705679454240503, 0.5446390350150270843 ) ) ;
#2020 = ORIENTED_EDGE ( 'NONE', *, *, #6239, .T. ) ;
#2021 = EDGE_CURVE ( 'NONE', #3879, #462, #6995, .T. ) ;
#2022 = CARTESIAN_POINT ( 'NONE',  ( -15.09999999999999964, 0.8499999999999953149, -18.24859595258460132 ) ) ;
#2023 = VERTEX_POINT ( 'NONE', #1557 ) ;
#2024 = DIRECTION ( 'NONE',  ( -0.000000000000000000, -1.000000000000000000, -0.000000000000000000 ) ) ;
#2025 = DIRECTION ( 'NONE',  ( 0.000000000000000000, 5.480694194524166577E-17, -1.000000000000000000 ) ) ;
#2026 = CARTESIAN_POINT ( 'NONE',  ( -30.66236257438485069, 21.17423583211418503, -1.999999999999998224 ) ) ;
#2027 = DIRECTION ( 'NONE',  ( -0.000000000000000000, -1.000000000000000000, -0.000000000000000000 ) ) ;
#2028 = CIRCLE ( 'NONE', #6161, 5.000000000000000888 ) ;
#2029 = CARTESIAN_POINT ( 'NONE',  ( -17.00000000000000000, -8.000000000000000000, -11.30000000000000071 ) ) ;
#2030 = ORIENTED_EDGE ( 'NONE', *, *, #4042, .T. ) ;
#2031 = LINE ( 'NONE', #3211, #5396 ) ;
#2032 = CARTESIAN_POINT ( 'NONE',  ( -27.54999999999999716, 7.911285386618222226, 13.57994751359018260 ) ) ;
#2033 = CARTESIAN_POINT ( 'NONE',  ( 19.66742430504414330, 1.000000000000000000, -6.299999999999999822 ) ) ;
#2034 =( BOUNDED_CURVE ( )  B_SPLINE_CURVE ( 3, ( #6788, #6245, #5158, #4663 ),
 .UNSPECIFIED., .F., .T. ) 
 B_SPLINE_CURVE_WITH_KNOTS ( ( 4, 4 ),
 ( 5.920750317600020018, 6.283185307179586232 ),
 .UNSPECIFIED. ) 
 CURVE ( )  GEOMETRIC_REPRESENTATION_ITEM ( )  RATIONAL_B_SPLINE_CURVE ( ( 1.000000000000000000, 0.9890833307310736844, 0.9890833307310736844, 1.000000000000000000 ) ) 
 REPRESENTATION_ITEM ( '' )  );
#2035 = LINE ( 'NONE', #2646, #3045 ) ;
#2036 = ORIENTED_EDGE ( 'NONE', *, *, #339, .T. ) ;
#2037 = DIRECTION ( 'NONE',  ( 0.000000000000000000, 0.000000000000000000, 1.000000000000000000 ) ) ;
#2038 = CARTESIAN_POINT ( 'NONE',  ( 27.67054646866343148, 7.596505633131664936, -8.021827838153850365 ) ) ;
#2039 = PLANE ( 'NONE',  #4901 ) ;
#2040 = EDGE_CURVE ( 'NONE', #3024, #1562, #2607, .T. ) ;
#2041 = ORIENTED_EDGE ( 'NONE', *, *, #5962, .T. ) ;
#2042 = VERTEX_POINT ( 'NONE', #1483 ) ;
#2043 = CARTESIAN_POINT ( 'NONE',  ( 5.000000000000000000, -1.000000000000000888, -26.30000000000000426 ) ) ;
#2044 = EDGE_LOOP ( 'NONE', ( #6593, #1750, #1690, #4329, #4236, #1578, #2912, #890 ) ) ;
#2045 = CARTESIAN_POINT ( 'NONE',  ( -5.211893383812346237, 39.59320343974977163, -0.7940258217209728020 ) ) ;
#2046 = CARTESIAN_POINT ( 'NONE',  ( -24.47050000000000125, 25.67423583211418858, -0.9999999999999978906 ) ) ;
#2047 = PLANE ( 'NONE',  #1438 ) ;
#2048 = DIRECTION ( 'NONE',  ( -0.000000000000000000, -0.000000000000000000, -1.000000000000000000 ) ) ;
#2049 = ORIENTED_EDGE ( 'NONE', *, *, #6822, .T. ) ;
#2050 = CARTESIAN_POINT ( 'NONE',  ( 19.66742430504414330, 1.000000000000000000, -7.299999999999999822 ) ) ;
#2051 = ORIENTED_EDGE ( 'NONE', *, *, #1085, .T. ) ;
#2052 = ADVANCED_FACE ( 'NONE', ( #1008 ), #3677, .F. ) ;
#2053 = EDGE_CURVE ( 'NONE', #5321, #4111, #392, .T. ) ;
#2054 = FACE_OUTER_BOUND ( 'NONE', #4130, .T. ) ;
#2055 = ORIENTED_EDGE ( 'NONE', *, *, #948, .T. ) ;
#2056 = DIRECTION ( 'NONE',  ( 0.000000000000000000, 0.000000000000000000, 1.000000000000000000 ) ) ;
#2057 = LINE ( 'NONE', #2710, #2734 ) ;
#2058 = EDGE_CURVE ( 'NONE', #3197, #4528, #3174, .T. ) ;
#2059 = FACE_OUTER_BOUND ( 'NONE', #5551, .T. ) ;
#2060 = PLANE ( 'NONE',  #5782 ) ;
#2061 = EDGE_LOOP ( 'NONE', ( #5716, #860, #1396, #4751, #3122 ) ) ;
#2062 = FACE_OUTER_BOUND ( 'NONE', #4030, .T. ) ;
#2063 = EDGE_CURVE ( 'NONE', #2491, #3403, #2125, .T. ) ;
#2064 = CARTESIAN_POINT ( 'NONE',  ( 29.18968185760148160, 26.22110003660222333, -9.106459183528881951 ) ) ;
#2065 = LINE ( 'NONE', #3623, #5589 ) ;
#2066 = DIRECTION ( 'NONE',  ( 1.000000000000000000, 0.000000000000000000, 0.000000000000000000 ) ) ;
#2067 = ORIENTED_EDGE ( 'NONE', *, *, #3776, .T. ) ;
#2068 = AXIS2_PLACEMENT_3D ( 'NONE', #2836, #5020, #86 ) ;
#2069 = CLOSED_SHELL ( 'NONE', ( #2812, #2313, #3973, #2794, #1902, #2363, #4039, #4172, #2447, #4208, #1979, #6480, #2003, #6868, #5802, #6971, #4253, #2092, #2281, #6099, #7087, #1621, #6741, #2978, #5707, #2853, #78, #2476, #3767, #3472, #1394, #4028, #1952, #4678, #4605, #1089, #1525, #5291, #2688, #7030, #2271, #6313, #2455, #248, #2467, #2144, #4510, #1705, #5570, #3682, #1478, #333, #3297, #4426, #4910, #5764, #910, #6011, #6766, #3856, #5308, #110, #4196, #6059, #550, #3290, #5050, #5660, #4482, #2895, #6459, #6145, #4564, #2052, #300, #540, #1428, #5015, #2724, #1352, #4147, #6672, #4818, #3553, #4297, #6502, #4471, #4243, #2257, #2651, #2528, #3371, #5959, #5701, #4120, #5484, #1355, #5398, #3438, #6234, #233, #6542, #1709, #6548, #2596, #6326, #5691, #2584, #6763, #7046, #1447, #7061, #2939, #6325, #1160, #4889, #2378, #821, #547, #3993, #1785, #2672, #263, #2515, #2237, #7037, #6635, #3209, #6585, #3685, #6989, #6189, #6421, #2719, #1170, #4619, #3547, #1413, #1521, #1629, #3090, #6342, #530, #3679, #3737, #5642, #295, #4706, #5300, #419, #4951, #2604, #1926, #5045, #2404, #3377, #1732, #2944, #4554, #2983, #377, #6583, #2591, #1642, #893, #3643, #5345, #4817, #5968, #3566, #4812, #4335 ) ) ;
#2070 = PLANE ( 'NONE',  #4593 ) ;
#2071 =( BOUNDED_CURVE ( )  B_SPLINE_CURVE ( 3, ( #6863, #6314, #1377, #3578 ),
 .UNSPECIFIED., .F., .T. ) 
 B_SPLINE_CURVE_WITH_KNOTS ( ( 4, 4 ),
 ( 0.000000000000000000, 1.000000000000000000 ),
 .UNSPECIFIED. ) 
 CURVE ( )  GEOMETRIC_REPRESENTATION_ITEM ( )  RATIONAL_B_SPLINE_CURVE ( ( 1.000000000000000000, 0.9492530216746836169, 0.9492530216746836169, 1.000000000000000000 ) ) 
 REPRESENTATION_ITEM ( '' )  );
#2072 = VECTOR ( 'NONE', #1267, 999.9999999999998863 ) ;
#2073 = CARTESIAN_POINT ( 'NONE',  ( -27.54999999999999716, 11.87539464192007621, -6.913554539380282193 ) ) ;
#2074 = AXIS2_PLACEMENT_3D ( 'NONE', #2167, #5271, #1088 ) ;
#2075 = ORIENTED_EDGE ( 'NONE', *, *, #5568, .F. ) ;
#2076 = VERTEX_POINT ( 'NONE', #3071 ) ;
#2077 = DIRECTION ( 'NONE',  ( 0.000000000000000000, 0.000000000000000000, -1.000000000000000000 ) ) ;
#2078 = ORIENTED_EDGE ( 'NONE', *, *, #4034, .T. ) ;
#2079 = CARTESIAN_POINT ( 'NONE',  ( 30.75000000000000000, 5.660114368769787241, -23.31716216950621856 ) ) ;
#2080 = CARTESIAN_POINT ( 'NONE',  ( 28.85652868519915160, 7.723890050506332372, -14.00075197924530812 ) ) ;
#2081 = PLANE ( 'NONE',  #250 ) ;
#2082 = DIRECTION ( 'NONE',  ( 0.000000000000000000, 1.000000000000000000, 5.480694194524166577E-17 ) ) ;
#2083 = ORIENTED_EDGE ( 'NONE', *, *, #3430, .T. ) ;
#2084 = CARTESIAN_POINT ( 'NONE',  ( 28.79537510638442299, 7.293677141085813886, -8.069019882291986079 ) ) ;
#2085 = ORIENTED_EDGE ( 'NONE', *, *, #5442, .F. ) ;
#2086 = VECTOR ( 'NONE', #378, 1000.000000000000000 ) ;
#2087 = CARTESIAN_POINT ( 'NONE',  ( 28.85875399980142575, 7.458953380356121876, -8.043835786409468724 ) ) ;
#2088 = ORIENTED_EDGE ( 'NONE', *, *, #4409, .T. ) ;
#2089 = CARTESIAN_POINT ( 'NONE',  ( -22.33257569495584605, 1.000000000000000000, -6.299999999999999822 ) ) ;
#2090 = DIRECTION ( 'NONE',  ( 0.000000000000000000, -0.000000000000000000, -1.000000000000000000 ) ) ;
#2091 = CARTESIAN_POINT ( 'NONE',  ( 27.67054646866098366, 7.596505632299829003, -8.021827838153850365 ) ) ;
#2092 = ADVANCED_FACE ( 'NONE', ( #3204 ), #1987, .F. ) ;
#2093 = VECTOR ( 'NONE', #6469, 1000.000000000000000 ) ;
#2094 = CARTESIAN_POINT ( 'NONE',  ( 30.46369944276138142, 7.120773270623299567, -22.31760486846333436 ) ) ;
#2095 = ADVANCED_FACE ( 'NONE', ( #327 ), #4429, .T. ) ;
#2096 = CARTESIAN_POINT ( 'NONE',  ( -27.54999999999999716, 7.911285386618222226, 13.57994751359018260 ) ) ;
#2097 = EDGE_CURVE ( 'NONE', #1110, #1063, #2233, .T. ) ;
#2098 = ORIENTED_EDGE ( 'NONE', *, *, #2631, .T. ) ;
#2099 = DIRECTION ( 'NONE',  ( 0.000000000000000000, 0.000000000000000000, -1.000000000000000000 ) ) ;
#2100 = AXIS2_PLACEMENT_3D ( 'NONE', #1477, #5762, #1912 ) ;
#2101 = DIRECTION ( 'NONE',  ( 1.000000000000000000, -0.000000000000000000, 0.000000000000000000 ) ) ;
#2102 = CARTESIAN_POINT ( 'NONE',  ( 28.78284270046997406, 26.65071305380440236, -10.04341698553369611 ) ) ;
#2103 = ORIENTED_EDGE ( 'NONE', *, *, #1814, .F. ) ;
#2104 = AXIS2_PLACEMENT_3D ( 'NONE', #6751, #1811, #6088 ) ;
#2105 = CARTESIAN_POINT ( 'NONE',  ( -29.29488443924890717, 26.00000000000000355, -8.765994983667010132 ) ) ;
#2106 = CARTESIAN_POINT ( 'NONE',  ( -19.00000000000000355, -1.000000000000000000, -16.30000000000000071 ) ) ;
#2107 = DIRECTION ( 'NONE',  ( 0.000000000000000000, 0.000000000000000000, -1.000000000000000000 ) ) ;
#2108 = AXIS2_PLACEMENT_3D ( 'NONE', #3580, #3106, #2612 ) ;
#2109 = AXIS2_PLACEMENT_3D ( 'NONE', #5880, #6360, #4261 ) ;
#2110 = ORIENTED_EDGE ( 'NONE', *, *, #2569, .T. ) ;
#2111 = EDGE_LOOP ( 'NONE', ( #4040, #104 ) ) ;
#2112 = ORIENTED_EDGE ( 'NONE', *, *, #5008, .T. ) ;
#2113 = AXIS2_PLACEMENT_3D ( 'NONE', #6419, #1452, #431 ) ;
#2114 = PLANE ( 'NONE',  #574 ) ;
#2115 = VECTOR ( 'NONE', #6753, 1000.000000000000000 ) ;
#2116 = CARTESIAN_POINT ( 'NONE',  ( 27.92482922591158001, 18.08502411836981949, -9.866065338109674343 ) ) ;
#2117 = DIRECTION ( 'NONE',  ( 0.000000000000000000, 0.000000000000000000, -1.000000000000000000 ) ) ;
#2118 = CARTESIAN_POINT ( 'NONE',  ( 27.93209569121168556, 13.08812466344133618, -12.44250378625798348 ) ) ;
#2119 = EDGE_CURVE ( 'NONE', #1600, #3215, #2160, .T. ) ;
#2120 = EDGE_LOOP ( 'NONE', ( #5096, #6844 ) ) ;
#2121 = CARTESIAN_POINT ( 'NONE',  ( 19.00000000000000355, -8.000000000000000000, -11.30000000000000071 ) ) ;
#2122 = ORIENTED_EDGE ( 'NONE', *, *, #6282, .T. ) ;
#2123 = CARTESIAN_POINT ( 'NONE',  ( 28.46222304529923974, 7.022654437266073302, -14.10737317903193855 ) ) ;
#2124 = VERTEX_POINT ( 'NONE', #4968 ) ;
#2125 = LINE ( 'NONE', #1590, #6838 ) ;
#2126 = CARTESIAN_POINT ( 'NONE',  ( 24.47050000000000125, 25.67423583211418858, -0.9999999999999978906 ) ) ;
#2127 = CARTESIAN_POINT ( 'NONE',  ( 27.67068202791162079, 7.642481342715705672, -8.014355039304113859 ) ) ;
#2128 = CARTESIAN_POINT ( 'NONE',  ( -30.76000000000000156, 0.8500000000000021982, -18.24859595258459422 ) ) ;
#2129 = DIRECTION ( 'NONE',  ( -0.000000000000000000, -1.000000000000000000, -0.000000000000000000 ) ) ;
#2130 = VERTEX_POINT ( 'NONE', #6596 ) ;
#2131 = CARTESIAN_POINT ( 'NONE',  ( 28.72903120381863218, 17.19441524080377448, -10.40152642315405451 ) ) ;
#2132 = CARTESIAN_POINT ( 'NONE',  ( -26.14892996102332390, 3.459648682739361547, -16.55387028243575287 ) ) ;
#2133 = CARTESIAN_POINT ( 'NONE',  ( 22.67035082808728674, -1.000000000000023759, -19.44999999988166550 ) ) ;
#2134 = ADVANCED_FACE ( 'NONE', ( #1077 ), #6664, .T. ) ;
#2135 = AXIS2_PLACEMENT_3D ( 'NONE', #4595, #709, #1248 ) ;
#2136 = CARTESIAN_POINT ( 'NONE',  ( 27.68865768246408621, 17.42759576986290071, -10.26450309188839327 ) ) ;
#2137 = ORIENTED_EDGE ( 'NONE', *, *, #1095, .T. ) ;
#2138 = ORIENTED_EDGE ( 'NONE', *, *, #2006, .F. ) ;
#2139 = ADVANCED_FACE ( 'NONE', ( #6630 ), #367, .T. ) ;
#2140 = CARTESIAN_POINT ( 'NONE',  ( 29.35402884301885251, 25.87419941480817798, -8.847690838919268330 ) ) ;
#2141 = VECTOR ( 'NONE', #1997, 1000.000000000000000 ) ;
#2142 = CARTESIAN_POINT ( 'NONE',  ( -11.71372919964819381, 32.64565663597156231, -1.999999999999997780 ) ) ;
#2143 = CARTESIAN_POINT ( 'NONE',  ( 30.44999999999999929, 20.92893375920046495, -13.75918390604982555 ) ) ;
#2144 = ADVANCED_FACE ( 'NONE', ( #3279 ), #5468, .F. ) ;
#2145 = CARTESIAN_POINT ( 'NONE',  ( -27.14128443222319120, 19.32864037905272880, -4.001237418693015968 ) ) ;
#2147 = ORIENTED_EDGE ( 'NONE', *, *, #736, .T. ) ;
#2146 = B_SPLINE_CURVE_WITH_KNOTS ( 'NONE', 3,
 ( #5001, #73, #6005, #3817, #4893, #7101 ),
 .UNSPECIFIED., .F., .F.,
 ( 4, 2, 4 ),
 ( 0.000000000000000000, 0.0002072572714987184973, 0.0004145145429974369947 ),
 .UNSPECIFIED. ) ;
#2148 = ORIENTED_EDGE ( 'NONE', *, *, #2506, .F. ) ;
#2149 = CARTESIAN_POINT ( 'NONE',  ( 28.87050000000000338, 17.59016140548693130, -4.167551378374536597 ) ) ;
#2150 = ORIENTED_EDGE ( 'NONE', *, *, #3040, .F. ) ;
#2151 = DIRECTION ( 'NONE',  ( 1.000000000000000000, 0.000000000000000000, 0.000000000000000000 ) ) ;
#2152 = CARTESIAN_POINT ( 'NONE',  ( 28.10778753033735100, 18.17178828350524356, -3.812157046858320797 ) ) ;
#2153 = EDGE_CURVE ( 'NONE', #1595, #4003, #3, .T. ) ;
#2154 = PLANE ( 'NONE',  #6397 ) ;
#2155 = ORIENTED_EDGE ( 'NONE', *, *, #2760, .T. ) ;
#2156 = CARTESIAN_POINT ( 'NONE',  ( 28.85527747877372207, 7.439929708796194419, -8.046825881922336166 ) ) ;
#2157 = VERTEX_POINT ( 'NONE', #42 ) ;
#2158 = CARTESIAN_POINT ( 'NONE',  ( 5.000000000000000000, -1.000000000000000888, -26.30000000000000426 ) ) ;
#2159 = ORIENTED_EDGE ( 'NONE', *, *, #5003, .T. ) ;
#2160 = LINE ( 'NONE', #610, #5800 ) ;
#2161 = DIRECTION ( 'NONE',  ( 0.000000000000000000, 1.000000000000000000, 0.000000000000000000 ) ) ;
#2162 = DIRECTION ( 'NONE',  ( 1.000000000000000000, -0.000000000000000000, 0.000000000000000000 ) ) ;
#2163 = DIRECTION ( 'NONE',  ( 1.000000000000000000, -0.000000000000000000, 0.000000000000000000 ) ) ;
#2164 = CARTESIAN_POINT ( 'NONE',  ( 27.90432554420791789, 17.46764193847078062, -10.23857642111651067 ) ) ;
#2165 = ORIENTED_EDGE ( 'NONE', *, *, #625, .T. ) ;
#2166 = LINE ( 'NONE', #5619, #6447 ) ;
#2167 = CARTESIAN_POINT ( 'NONE',  ( 5.999999999999998224, -2.000000000000000000, -17.30000000000000426 ) ) ;
#2168 = EDGE_CURVE ( 'NONE', #1516, #1827, #4572, .T. ) ;
#2169 = CARTESIAN_POINT ( 'NONE',  ( 27.70536242987050102, 17.79170427146503641, -10.04596200963623787 ) ) ;
#2170 = CARTESIAN_POINT ( 'NONE',  ( 10.66742430504414507, 1.000000000000000000, -7.299999999999999822 ) ) ;
#2171 = CARTESIAN_POINT ( 'NONE',  ( 27.99474351483900136, 17.05433353659770646, -10.48274075193000954 ) ) ;
#2172 = ORIENTED_EDGE ( 'NONE', *, *, #4994, .F. ) ;
#2173 = CARTESIAN_POINT ( 'NONE',  ( -13.00000000000000178, -1.000000000000000000, -26.30000000000000426 ) ) ;
#2174 = CARTESIAN_POINT ( 'NONE',  ( 28.87050000000000338, 12.59266273372887213, -6.640117382201243146 ) ) ;
#2175 = DIRECTION ( 'NONE',  ( 1.000000000000000000, 0.000000000000000000, 0.000000000000000000 ) ) ;
#2176 = CARTESIAN_POINT ( 'NONE',  ( 1.667424305044146848, 0.000000000000000000, -7.299999999999999822 ) ) ;
#2177 = ADVANCED_FACE ( 'NONE', ( #249 ), #5645, .T. ) ;
#2178 = EDGE_CURVE ( 'NONE', #2443, #1972, #1225, .T. ) ;
#2179 = ORIENTED_EDGE ( 'NONE', *, *, #4280, .F. ) ;
#2180 = ORIENTED_EDGE ( 'NONE', *, *, #5387, .F. ) ;
#2181 = DIRECTION ( 'NONE',  ( 0.000000000000000000, 0.8386705679454210527, 0.5446390350150316362 ) ) ;
#2182 = ORIENTED_EDGE ( 'NONE', *, *, #3950, .T. ) ;
#2183 = EDGE_CURVE ( 'NONE', #119, #2841, #49, .T. ) ;
#2184 = CARTESIAN_POINT ( 'NONE',  ( 27.67054835758950304, 12.59551558515117264, -6.639007595948714702 ) ) ;
#2185 = CIRCLE ( 'NONE', #6671, 0.6000000000000033085 ) ;
#2186 = CARTESIAN_POINT ( 'NONE',  ( 28.57335460912654668, 18.11133924767465686, -9.849744400169695879 ) ) ;
#2187 = DIRECTION ( 'NONE',  ( -1.000000000000000000, 0.000000000000000000, 0.000000000000000000 ) ) ;
#2188 = VECTOR ( 'NONE', #4779, 1000.000000000000000 ) ;
#2189 = CARTESIAN_POINT ( 'NONE',  ( 27.67054835758616704, 12.59551558453040165, -12.63900759618970326 ) ) ;
#2190 = ORIENTED_EDGE ( 'NONE', *, *, #4698, .F. ) ;
#2191 = CARTESIAN_POINT ( 'NONE',  ( 30.75000000000014566, 12.09660668193849453, -8.299999999905418591 ) ) ;
#2192 = ORIENTED_EDGE ( 'NONE', *, *, #2011, .F. ) ;
#2193 = CARTESIAN_POINT ( 'NONE',  ( 27.67054646866343148, 7.596505633131664936, -14.02182783815383615 ) ) ;
#2194 = VERTEX_POINT ( 'NONE', #2377 ) ;
#2195 = CARTESIAN_POINT ( 'NONE',  ( -28.54633526515568676, 3.239986079051641266, -24.76908446544277709 ) ) ;
#2196 = CARTESIAN_POINT ( 'NONE',  ( 22.66742430504413974, 1.000000000000000000, -6.299999999999999822 ) ) ;
#2197 = CARTESIAN_POINT ( 'NONE',  ( 28.39645382474983748, 7.008533314374121304, -14.10927841352569523 ) ) ;
#2198 = CARTESIAN_POINT ( 'NONE',  ( 26.32564990492214108, 1.606956498035115866, -26.30702265504038095 ) ) ;
#2199 = CARTESIAN_POINT ( 'NONE',  ( 28.63662216440575392, 17.71709882694554850, -10.08928596208602713 ) ) ;
#2200 = ORIENTED_EDGE ( 'NONE', *, *, #2818, .F. ) ;
#2201 = DIRECTION ( 'NONE',  ( -0.000000000000000000, -0.000000000000000000, 1.000000000000000000 ) ) ;
#2202 = CARTESIAN_POINT ( 'NONE',  ( -26.13039685096370235, 2.944055508025524404, -8.300000000000000711 ) ) ;
#2203 = VECTOR ( 'NONE', #5205, 1000.000000000000000 ) ;
#2204 = DIRECTION ( 'NONE',  ( 0.000000000000000000, 0.000000000000000000, 1.000000000000000000 ) ) ;
#2205 = CARTESIAN_POINT ( 'NONE',  ( -1.332575694955852263, 1.000000000000000000, -7.299999999999999822 ) ) ;
#2206 = CARTESIAN_POINT ( 'NONE',  ( -20.96191565963060555, 33.46357373260055112, -5.619093529326677938 ) ) ;
#2207 = VECTOR ( 'NONE', #1951, 1000.000000000000000 ) ;
#2208 = DIRECTION ( 'NONE',  ( 0.000000000000000000, -0.8386705679454210527, -0.5446390350150316362 ) ) ;
#2209 = CARTESIAN_POINT ( 'NONE',  ( 28.23371971121785506, 11.99034120439987561, -12.86591867894491692 ) ) ;
#2210 = CARTESIAN_POINT ( 'NONE',  ( 29.54210941646609712, 25.58035312425008101, -10.45906413069218388 ) ) ;
#2211 = FACE_OUTER_BOUND ( 'NONE', #5285, .T. ) ;
#2212 = EDGE_LOOP ( 'NONE', ( #5256, #1004, #6579, #258 ) ) ;
#2213 = CC_DESIGN_APPROVAL ( #4266, ( #2451 ) ) ;
#2214 = ORIENTED_EDGE ( 'NONE', *, *, #6194, .F. ) ;
#2215 = VECTOR ( 'NONE', #724, 1000.000000000000000 ) ;
#2216 = CARTESIAN_POINT ( 'NONE',  ( -27.47050000000000125, 25.67423583211418858, -1.999999999999999556 ) ) ;
#2217 = ORIENTED_EDGE ( 'NONE', *, *, #6168, .T. ) ;
#2218 = CARTESIAN_POINT ( 'NONE',  ( -10.00000000000000178, -13.00000000000000178, -16.30000000000000071 ) ) ;
#2219 = CARTESIAN_POINT ( 'NONE',  ( -44.51466876546568585, 24.36932228755061658, -11.16726048433881680 ) ) ;
#2220 = EDGE_CURVE ( 'NONE', #4489, #6945, #617, .T. ) ;
#2221 = AXIS2_PLACEMENT_3D ( 'NONE', #3615, #5871, #1454 ) ;
#2222 = FACE_OUTER_BOUND ( 'NONE', #259, .T. ) ;
#2223 = CARTESIAN_POINT ( 'NONE',  ( 27.67054835758616704, 12.59551558453040165, -6.639007595948714702 ) ) ;
#2224 = EDGE_CURVE ( 'NONE', #6663, #2, #1870, .T. ) ;
#2225 = ORIENTED_EDGE ( 'NONE', *, *, #6676, .T. ) ;
#2226 = CARTESIAN_POINT ( 'NONE',  ( -5.999999999999998224, -13.00000000000000178, -6.299999999999999822 ) ) ;
#2227 = VERTEX_POINT ( 'NONE', #6740 ) ;
#2228 = VECTOR ( 'NONE', #6002, 1000.000000000000114 ) ;
#2229 = AXIS2_PLACEMENT_3D ( 'NONE', #2903, #2322, #6173 ) ;
#2230 = CARTESIAN_POINT ( 'NONE',  ( 27.75729543561214996, 7.277294505274460867, -14.07140266680786667 ) ) ;
#2231 = ORIENTED_EDGE ( 'NONE', *, *, #4467, .T. ) ;
#2232 = EDGE_CURVE ( 'NONE', #3189, #2551, #4681, .T. ) ;
#2233 = LINE ( 'NONE', #2823, #4072 ) ;
#2234 = VECTOR ( 'NONE', #361, 1000.000000000000000 ) ;
#2235 = CARTESIAN_POINT ( 'NONE',  ( 28.64153272103635928, 7.118785988301126189, -14.09414642348088798 ) ) ;
#2236 = DIRECTION ( 'NONE',  ( 0.000000000000000000, 0.8386705679454210527, 0.5446390350150316362 ) ) ;
#2237 = ADVANCED_FACE ( 'NONE', ( #1801 ), #2958, .F. ) ;
#2238 = CARTESIAN_POINT ( 'NONE',  ( 28.87723941486069634, 18.20746442793407738, -9.793872533458340968 ) ) ;
#2239 = ORIENTED_EDGE ( 'NONE', *, *, #3987, .F. ) ;
#2240 = CARTESIAN_POINT ( 'NONE',  ( -40.00000000000000000, -13.00000000000000178, -16.30000000000000071 ) ) ;
#2241 = LINE ( 'NONE', #6200, #5066 ) ;
#2242 = CARTESIAN_POINT ( 'NONE',  ( 0.000000000000000000, 41.29391447579435948, -0.5340107933727252787 ) ) ;
#2243 = CARTESIAN_POINT ( 'NONE',  ( 28.34601473424375939, 16.99127580890346323, -10.51903617450974338 ) ) ;
#2244 = ORIENTED_EDGE ( 'NONE', *, *, #3331, .F. ) ;
#2245 = DIRECTION ( 'NONE',  ( 0.000000000000000000, 0.000000000000000000, 1.000000000000000000 ) ) ;
#2246 = CC_DESIGN_PERSON_AND_ORGANIZATION_ASSIGNMENT ( #2921, #4437, ( #2451 ) ) ;
#2247 = CARTESIAN_POINT ( 'NONE',  ( 27.70043201998400306, 12.39363158258312048, -12.71656971318705764 ) ) ;
#2248 = DIRECTION ( 'NONE',  ( -0.000000000000000000, -0.000000000000000000, 1.000000000000000000 ) ) ;
#2249 = LINE ( 'NONE', #3224, #2000 ) ;
#2250 = ORIENTED_EDGE ( 'NONE', *, *, #3871, .F. ) ;
#2251 = EDGE_LOOP ( 'NONE', ( #91, #4133, #1071, #6460, #1168, #2110, #3630, #6402 ) ) ;
#2252 = FACE_OUTER_BOUND ( 'NONE', #4424, .T. ) ;
#2253 = ORIENTED_EDGE ( 'NONE', *, *, #687, .F. ) ;
#2254 = VECTOR ( 'NONE', #1898, 1000.000000000000000 ) ;
#2255 = CARTESIAN_POINT ( 'NONE',  ( 16.71372919964819559, 32.64565663597156231, -1.999999999999997780 ) ) ;
#2256 = CARTESIAN_POINT ( 'NONE',  ( 28.87049999999998562, 17.63305939905613684, -4.141847963259549736 ) ) ;
#2257 = ADVANCED_FACE ( 'NONE', ( #5109 ), #3426, .F. ) ;
#2258 = CARTESIAN_POINT ( 'NONE',  ( 28.79399222825144022, 12.88640911526741384, -6.524252364816004679 ) ) ;
#2259 = CARTESIAN_POINT ( 'NONE',  ( 28.35135861392367573, 8.195244584947639410, -7.916187456053944693 ) ) ;
#2260 =( BOUNDED_CURVE ( )  B_SPLINE_CURVE ( 3, ( #4954, #6965, #6388, #6999 ),
 .UNSPECIFIED., .F., .T. ) 
 B_SPLINE_CURVE_WITH_KNOTS ( ( 4, 4 ),
 ( 0.000000000000000000, 1.000000000000000000 ),
 .UNSPECIFIED. ) 
 CURVE ( )  GEOMETRIC_REPRESENTATION_ITEM ( )  RATIONAL_B_SPLINE_CURVE ( ( 1.000000000000000000, 0.9506379571609331336, 0.9506379571609331336, 1.000000000000000000 ) ) 
 REPRESENTATION_ITEM ( '' )  );
#2261 = EDGE_LOOP ( 'NONE', ( #5213, #2449, #6471, #27 ) ) ;
#2262 = DIRECTION ( 'NONE',  ( 0.000000000000000000, -0.000000000000000000, -1.000000000000000000 ) ) ;
#2263 = ORIENTED_EDGE ( 'NONE', *, *, #6320, .T. ) ;
#2264 = LINE ( 'NONE', #756, #286 ) ;
#2265 = ORIENTED_EDGE ( 'NONE', *, *, #3237, .F. ) ;
#2266 = CARTESIAN_POINT ( 'NONE',  ( -21.15060940908162834, -0.4676351489897019320, -27.65427822340244646 ) ) ;
#2267 = EDGE_CURVE ( 'NONE', #980, #4508, #213, .T. ) ;
#2268 = CARTESIAN_POINT ( 'NONE',  ( 27.90531518397427746, 8.071231336779671750, -13.93943679224943999 ) ) ;
#2269 = CARTESIAN_POINT ( 'NONE',  ( -4.332575694955851375, 1.000000000000000000, -7.299999999999999822 ) ) ;
#2270 = CARTESIAN_POINT ( 'NONE',  ( 28.49724729768527354, 13.14816760588843891, -12.41783137596795861 ) ) ;
#2271 = ADVANCED_FACE ( 'NONE', ( #6852 ), #4160, .F. ) ;
#2272 = EDGE_CURVE ( 'NONE', #606, #2953, #4031, .T. ) ;
#2273 = ORIENTED_EDGE ( 'NONE', *, *, #592, .F. ) ;
#2274 = LINE ( 'NONE', #1304, #4602 ) ;
#2275 = LINE ( 'NONE', #1196, #7025 ) ;
#2276 = EDGE_CURVE ( 'NONE', #1708, #289, #3565, .T. ) ;
#2277 = CARTESIAN_POINT ( 'NONE',  ( 19.66742430504414330, 0.000000000000000000, -7.299999999999999822 ) ) ;
#2278 = CARTESIAN_POINT ( 'NONE',  ( -15.75000000000000000, 19.55514891348196471, -30.00000000000000000 ) ) ;
#2279 = VERTEX_POINT ( 'NONE', #3497 ) ;
#2280 = CARTESIAN_POINT ( 'NONE',  ( 27.79515737052203050, 12.22078261470485749, -12.78145399924203929 ) ) ;
#2281 = ADVANCED_FACE ( 'NONE', ( #5687 ), #758, .F. ) ;
#2282 = CARTESIAN_POINT ( 'NONE',  ( -13.00000000000000178, 12.58127091287327026, -17.48021954390751276 ) ) ;
#2283 = CARTESIAN_POINT ( 'NONE',  ( 28.35779941397999337, 16.99047018271916798, -4.519499045102990387 ) ) ;
#2284 = LINE ( 'NONE', #3940, #1538 ) ;
#2285 = B_SPLINE_CURVE_WITH_KNOTS ( 'NONE', 3,
 ( #2813, #1759, #1793, #5679, #2911, #5101, #169, #6767, #3954, #5136, #3525, #4996, #68, #3917, #2259, #6658, #6110, #1177, #5571, #2848, #99, #6150, #1217 ),
 .UNSPECIFIED., .F., .F.,
 ( 4, 2, 1, 2, 2, 2, 2, 2, 2, 2, 2, 4 ),
 ( 0.4999999999295574038, 0.5156249999317584765, 0.5312499999339594936, 0.5624999999383614169, 0.5937499999427633401, 0.6249999999471652634, 0.6874999999559708863, 0.7499999999647766202, 0.8124999999735822431, 0.8749999999823879770, 0.9374999999911937110, 1.000000000000000000 ),
 .UNSPECIFIED. ) ;
#2286 = EDGE_LOOP ( 'NONE', ( #6210, #4776 ) ) ;
#2287 = EDGE_LOOP ( 'NONE', ( #678, #3116 ) ) ;
#2288 = DIRECTION ( 'NONE',  ( 0.000000000000000000, 0.000000000000000000, 1.000000000000000000 ) ) ;
#2289 = VERTEX_POINT ( 'NONE', #5757 ) ;
#2290 = DIRECTION ( 'NONE',  ( 0.000000000000000000, 0.000000000000000000, -1.000000000000000000 ) ) ;
#2291 = CARTESIAN_POINT ( 'NONE',  ( -5.999999999999998224, -8.000000000000000000, -23.85000000000000497 ) ) ;
#2292 = CARTESIAN_POINT ( 'NONE',  ( 27.67497528632933523, 12.67286192497066999, -6.608883046758995405 ) ) ;
#2293 = CARTESIAN_POINT ( 'NONE',  ( 28.70479374960457264, 13.01160749640865966, -12.47375598429541022 ) ) ;
#2294 = ORIENTED_EDGE ( 'NONE', *, *, #2168, .F. ) ;
#2295 = CARTESIAN_POINT ( 'NONE',  ( 28.58204445922001824, 12.07339997237713369, -6.835747753379826541 ) ) ;
#2296 = ORIENTED_EDGE ( 'NONE', *, *, #504, .F. ) ;
#2297 = VECTOR ( 'NONE', #3181, 999.9999999999998863 ) ;
#2298 = DIRECTION ( 'NONE',  ( 0.000000000000000000, 5.480694194524166577E-17, -1.000000000000000000 ) ) ;
#2299 = ORIENTED_EDGE ( 'NONE', *, *, #686, .T. ) ;
#2300 = CARTESIAN_POINT ( 'NONE',  ( -30.76000000000000156, 0.8499999999999909850, -18.24859595258460132 ) ) ;
#2301 = VECTOR ( 'NONE', #4237, 1000.000000000000227 ) ;
#2302 = B_SPLINE_CURVE_WITH_KNOTS ( 'NONE', 3,
 ( #3335, #1713, #6027, #6063, #7086, #4949, #3370, #2145, #1134, #5990, #3261, #2799, #1098, #5454 ),
 .UNSPECIFIED., .F., .F.,
 ( 4, 2, 2, 2, 2, 2, 4 ),
 ( 1.734723475976807094E-18, 0.0003905402414673290264, 0.0007810804829346563180, 0.001171620724401983664, 0.001562160965869310901, 0.002343241448803968195, 0.003124321931738625706 ),
 .UNSPECIFIED. ) ;
#2303 = CARTESIAN_POINT ( 'NONE',  ( 28.84213357248973608, 7.789424206199165646, -13.98971324446893583 ) ) ;
#2304 = AXIS2_PLACEMENT_3D ( 'NONE', #837, #2463, #2637 ) ;
#2305 = DIRECTION ( 'NONE',  ( 1.000000000000000000, -0.000000000000000000, -0.000000000000000000 ) ) ;
#2306 = LINE ( 'NONE', #2346, #6248 ) ;
#2307 = VECTOR ( 'NONE', #130, 1000.000000000000000 ) ;
#2308 = ORIENTED_EDGE ( 'NONE', *, *, #1524, .T. ) ;
#2309 = ORIENTED_EDGE ( 'NONE', *, *, #1930, .F. ) ;
#2310 = DIRECTION ( 'NONE',  ( 0.000000000000000000, -0.5446390350150199788, 0.8386705679454286022 ) ) ;
#2311 = CARTESIAN_POINT ( 'NONE',  ( 10.66742430504414507, 1.000000000000000000, -6.299999999999999822 ) ) ;
#2312 = EDGE_CURVE ( 'NONE', #4158, #3750, #264, .T. ) ;
#2313 = ADVANCED_FACE ( 'NONE', ( #1943 ), #4136, .T. ) ;
#2314 = DIRECTION ( 'NONE',  ( 0.000000000000000000, 0.000000000000000000, 1.000000000000000000 ) ) ;
#2315 = DIRECTION ( 'NONE',  ( 1.000000000000000000, 0.000000000000000000, 0.000000000000000000 ) ) ;
#2316 = EDGE_CURVE ( 'NONE', #3483, #267, #4238, .T. ) ;
#2317 = EDGE_LOOP ( 'NONE', ( #6875, #2137, #3955, #6472 ) ) ;
#2318 = CIRCLE ( 'NONE', #2557, 0.5999999999999998668 ) ;
#2319 = CARTESIAN_POINT ( 'NONE',  ( 28.23371971121785506, 11.99034120439987561, -12.86591867894491870 ) ) ;
#2320 = CARTESIAN_POINT ( 'NONE',  ( 27.67054835758950304, 12.59551558515117264, -6.639007595707718146 ) ) ;
#2321 = CARTESIAN_POINT ( 'NONE',  ( 28.85325123055724461, 17.44406213475496514, -4.254679927961933394 ) ) ;
#2322 = DIRECTION ( 'NONE',  ( 1.000000000000000000, -0.000000000000000000, 0.000000000000000000 ) ) ;
#2323 = CIRCLE ( 'NONE', #2791, 0.3000000000000015987 ) ;
#2324 = ORIENTED_EDGE ( 'NONE', *, *, #4425, .T. ) ;
#2325 = CYLINDRICAL_SURFACE ( 'NONE', #2808, 11.00000000000000000 ) ;
#2326 = VERTEX_POINT ( 'NONE', #4272 ) ;
#2327 = CARTESIAN_POINT ( 'NONE',  ( -21.06828128533735622, 33.58069290186367795, -1.999999999999998668 ) ) ;
#2328 = CARTESIAN_POINT ( 'NONE',  ( 27.74278778436990223, 12.88832407654412293, -6.523586586482351457 ) ) ;
#2329 = DIRECTION ( 'NONE',  ( 0.000000000000000000, -0.000000000000000000, -1.000000000000000000 ) ) ;
#2330 = LOCAL_TIME ( 15, 37, 27.00000000000000000, #3603 ) ;
#2331 = VECTOR ( 'NONE', #1046, 1000.000000000000000 ) ;
#2332 = CARTESIAN_POINT ( 'NONE',  ( 28.86566205091875403, 12.68044189782959563, -12.60592570447678540 ) ) ;
#2333 = EDGE_LOOP ( 'NONE', ( #1808, #1389, #5629, #2625 ) ) ;
#2334 = CARTESIAN_POINT ( 'NONE',  ( 27.67057246615162214, 12.59154127930658085, -6.640552890630867289 ) ) ;
#2335 = EDGE_LOOP ( 'NONE', ( #3886, #3818, #348, #1439 ) ) ;
#2336 = LINE ( 'NONE', #6738, #2477 ) ;
#2337 = ORIENTED_EDGE ( 'NONE', *, *, #4093, .F. ) ;
#2338 = AXIS2_PLACEMENT_3D ( 'NONE', #1528, #6322, #3657 ) ;
#2339 = CARTESIAN_POINT ( 'NONE',  ( 5.211893383812340907, 39.59320343974977163, -0.7940258217209728020 ) ) ;
#2340 = CARTESIAN_POINT ( 'NONE',  ( 28.70123584224075941, 8.018111234642594454, -13.94921818429209104 ) ) ;
#2341 = EDGE_CURVE ( 'NONE', #5425, #2443, #4552, .T. ) ;
#2342 = CARTESIAN_POINT ( 'NONE',  ( 28.84254471094606131, 17.78293067307334141, -10.05137520264003825 ) ) ;
#2343 = LINE ( 'NONE', #3501, #496 ) ;
#2344 = VECTOR ( 'NONE', #3700, 1000.000000000000000 ) ;
#2345 = AXIS2_PLACEMENT_3D ( 'NONE', #1061, #4916, #3838 ) ;
#2346 = CARTESIAN_POINT ( 'NONE',  ( -30.76000000000000156, 26.00000000000000355, -8.765994983667010132 ) ) ;
#2347 = ORIENTED_EDGE ( 'NONE', *, *, #5613, .F. ) ;
#2348 = VERTEX_POINT ( 'NONE', #5857 ) ;
#2349 = AXIS2_PLACEMENT_3D ( 'NONE', #105, #1695, #3317 ) ;
#2350 = CARTESIAN_POINT ( 'NONE',  ( -7.332575694955850487, 1.000000000000000000, -7.299999999999999822 ) ) ;
#2351 = CARTESIAN_POINT ( 'NONE',  ( -28.64476703625910048, 26.77651363899621373, -9.961721130281441461 ) ) ;
#2352 = FACE_OUTER_BOUND ( 'NONE', #3741, .T. ) ;
#2353 = CYLINDRICAL_SURFACE ( 'NONE', #1064, 10.99999999999999645 ) ;
#2354 = AXIS2_PLACEMENT_3D ( 'NONE', #4713, #796, #5722 ) ;
#2355 = ORIENTED_EDGE ( 'NONE', *, *, #4997, .T. ) ;
#2356 = CARTESIAN_POINT ( 'NONE',  ( 10.66742430504414507, 0.000000000000000000, -7.299999999999999822 ) ) ;
#2357 = EDGE_CURVE ( 'NONE', #3164, #4669, #6442, .T. ) ;
#2358 = CARTESIAN_POINT ( 'NONE',  ( 28.17025060112904100, 12.00109696559503725, -6.862023586695886301 ) ) ;
#2359 = CARTESIAN_POINT ( 'NONE',  ( 28.84411408307141755, 17.41078966582776744, -4.274393644534740133 ) ) ;
#2360 = CARTESIAN_POINT ( 'NONE',  ( -30.44999999999999929, 19.71854062398647045, -14.54522239881194601 ) ) ;
#2361 = EDGE_LOOP ( 'NONE', ( #418, #4017, #6382, #3840 ) ) ;
#2362 = EDGE_CURVE ( 'NONE', #5094, #889, #5895, .T. ) ;
#2363 = ADVANCED_FACE ( 'NONE', ( #319 ), #3704, .F. ) ;
#2364 = ORIENTED_EDGE ( 'NONE', *, *, #3105, .T. ) ;
#2365 = FACE_OUTER_BOUND ( 'NONE', #5806, .T. ) ;
#2366 = EDGE_CURVE ( 'NONE', #3537, #3314, #3728, .T. ) ;
#2367 = CARTESIAN_POINT ( 'NONE',  ( 4.000000000000000000, 26.00000000000000355, -4.765994983667008356 ) ) ;
#2368 = LINE ( 'NONE', #6800, #6514 ) ;
#2369 = CARTESIAN_POINT ( 'NONE',  ( 28.55484140798209935, 13.12465870519847222, -12.42752206644930446 ) ) ;
#2370 = ORIENTED_EDGE ( 'NONE', *, *, #3276, .T. ) ;
#2371 = AXIS2_PLACEMENT_3D ( 'NONE', #682, #141, #2380 ) ;
#2372 = ORIENTED_EDGE ( 'NONE', *, *, #3025, .F. ) ;
#2373 = DIRECTION ( 'NONE',  ( 0.000000000000000000, -1.000000000000000000, 0.000000000000000000 ) ) ;
#2374 = VERTEX_POINT ( 'NONE', #3343 ) ;
#2375 = DIRECTION ( 'NONE',  ( 1.000000000000000000, -0.000000000000000000, 0.000000000000000000 ) ) ;
#2376 = ORIENTED_EDGE ( 'NONE', *, *, #2754, .F. ) ;
#2377 = CARTESIAN_POINT ( 'NONE',  ( 30.71424903366289882, 20.59016140544467532, -2.188299892660783286 ) ) ;
#2378 = ADVANCED_FACE ( 'NONE', ( #3914 ), #5961, .T. ) ;
#2379 = AXIS2_PLACEMENT_3D ( 'NONE', #2902, #1746, #3549 ) ;
#2380 = DIRECTION ( 'NONE',  ( 1.000000000000000000, 0.000000000000000000, -0.000000000000000000 ) ) ;
#2381 = CARTESIAN_POINT ( 'NONE',  ( -30.75000000000000355, 19.55514891347531758, -2.911877845549248889 ) ) ;
#2382 = CARTESIAN_POINT ( 'NONE',  ( -30.75000000000000355, -0.5366082894954894433, -27.69906990457358376 ) ) ;
#2383 = CARTESIAN_POINT ( 'NONE',  ( 27.93209569121168556, 13.08812466344133618, -12.44250378625798703 ) ) ;
#2384 = ORIENTED_EDGE ( 'NONE', *, *, #2754, .T. ) ;
#2385 = CIRCLE ( 'NONE', #3436, 0.5999999999999998668 ) ;
#2386 = ORIENTED_EDGE ( 'NONE', *, *, #1757, .T. ) ;
#2387 = DIRECTION ( 'NONE',  ( -0.000000000000000000, -1.000000000000000000, -0.000000000000000000 ) ) ;
#2388 = CARTESIAN_POINT ( 'NONE',  ( -29.61864536873227749, 4.312296182628225338, -22.85015452168704186 ) ) ;
#2389 = CARTESIAN_POINT ( 'NONE',  ( 28.87049999997596572, 17.59005348103523403, -10.16737125127927932 ) ) ;
#2390 = PLANE ( 'NONE',  #2474 ) ;
#2391 = ORIENTED_EDGE ( 'NONE', *, *, #5120, .F. ) ;
#2392 = EDGE_CURVE ( 'NONE', #2603, #3972, #5907, .T. ) ;
#2393 = CARTESIAN_POINT ( 'NONE',  ( 27.47050000000000125, 25.67423583211418858, -1.999999999999999556 ) ) ;
#2394 = CARTESIAN_POINT ( 'NONE',  ( -27.08658487489298494, 6.966522178786796360, -8.834264687665569937 ) ) ;
#2395 = CARTESIAN_POINT ( 'NONE',  ( 27.67051078594784386, 17.59203583794506898, -4.166427610773949297 ) ) ;
#2396 = CARTESIAN_POINT ( 'NONE',  ( 25.53039685096370093, 2.944055508025526180, -14.30000000000000071 ) ) ;
#2397 = CARTESIAN_POINT ( 'NONE',  ( -30.57773332156107671, 22.14837927877570323, -12.96726672614648557 ) ) ;
#2398 = ORIENTED_EDGE ( 'NONE', *, *, #3322, .T. ) ;
#2399 = EDGE_CURVE ( 'NONE', #3164, #765, #2816, .T. ) ;
#2400 = CARTESIAN_POINT ( 'NONE',  ( -25.54999999999999716, 9.664901927557993488, -12.98940512186508656 ) ) ;
#2401 = EDGE_CURVE ( 'NONE', #296, #5604, #1030, .T. ) ;
#2402 = LINE ( 'NONE', #2004, #4960 ) ;
#2403 = DIRECTION ( 'NONE',  ( -0.000000000000000000, -0.000000000000000000, -1.000000000000000000 ) ) ;
#2404 = ADVANCED_FACE ( 'NONE', ( #526 ), #5029, .F. ) ;
#2405 = B_SPLINE_CURVE_WITH_KNOTS ( 'NONE', 3,
 ( #7065, #1257, #4640, #1868 ),
 .UNSPECIFIED., .F., .F.,
 ( 4, 4 ),
 ( 0.000000000000000000, 0.0006222491860618974005 ),
 .UNSPECIFIED. ) ;
#2406 = CARTESIAN_POINT ( 'NONE',  ( 28.25126462932190563, 13.19587239646722665, -6.398118053626000723 ) ) ;
#2407 = ORIENTED_EDGE ( 'NONE', *, *, #1492, .F. ) ;
#2408 = VERTEX_POINT ( 'NONE', #3415 ) ;
#2409 = DIRECTION ( 'NONE',  ( -0.7071067811865540120, 0.7071067811865410224, 0.000000000000000000 ) ) ;
#2410 = ORIENTED_EDGE ( 'NONE', *, *, #5120, .T. ) ;
#2411 = EDGE_CURVE ( 'NONE', #5377, #5080, #97, .T. ) ;
#2412 = CARTESIAN_POINT ( 'NONE',  ( -24.47050000000000125, 25.67423583211418858, -0.9999999999999978906 ) ) ;
#2413 = ORIENTED_EDGE ( 'NONE', *, *, #5008, .F. ) ;
#2414 = CARTESIAN_POINT ( 'NONE',  ( -26.13039685096370235, 2.944055508025524404, -8.300000000000000711 ) ) ;
#2415 = CARTESIAN_POINT ( 'NONE',  ( 27.70218314818288263, 7.799225905398425418, -13.98803204615294682 ) ) ;
#2416 = PLANE ( 'NONE',  #2952 ) ;
#2417 = CARTESIAN_POINT ( 'NONE',  ( 28.49716399836860958, 18.14604152615242327, -3.828179550198949510 ) ) ;
#2418 = PLANE ( 'NONE',  #3141 ) ;
#2419 = VECTOR ( 'NONE', #1078, 1000.000000000000000 ) ;
#2420 = ORIENTED_EDGE ( 'NONE', *, *, #6957, .T. ) ;
#2421 = AXIS2_PLACEMENT_3D ( 'NONE', #1333, #2957, #5142 ) ;
#2422 = VERTEX_POINT ( 'NONE', #2291 ) ;
#2423 = LINE ( 'NONE', #4615, #4255 ) ;
#2424 = LINE ( 'NONE', #1344, #5776 ) ;
#2425 = AXIS2_PLACEMENT_3D ( 'NONE', #3895, #3360, #5546 ) ;
#2426 = AXIS2_PLACEMENT_3D ( 'NONE', #5710, #783, #5818 ) ;
#2427 = CARTESIAN_POINT ( 'NONE',  ( 10.00000000000000533, -8.000000000000000000, -23.85000000000000497 ) ) ;
#2428 = DIRECTION ( 'NONE',  ( 4.849538409419053445E-15, 0.8386705679454211637, 0.5446390350150315252 ) ) ;
#2429 = VERTEX_POINT ( 'NONE', #4485 ) ;
#2430 = LINE ( 'NONE', #1993, #3108 ) ;
#2431 = CARTESIAN_POINT ( 'NONE',  ( -25.07050000000000267, 25.67423583211418858, -0.9999999999999978906 ) ) ;
#2432 = CARTESIAN_POINT ( 'NONE',  ( -13.00000000000000178, 2.000000000000002665, -24.35177722040744897 ) ) ;
#2433 = CARTESIAN_POINT ( 'NONE',  ( 28.43996068873503091, 17.00818842371378636, -4.509337875846182619 ) ) ;
#2434 = DIRECTION ( 'NONE',  ( -0.000000000000000000, -1.000000000000000000, -0.000000000000000000 ) ) ;
#2435 = ORIENTED_EDGE ( 'NONE', *, *, #6393, .T. ) ;
#2436 = AXIS2_PLACEMENT_3D ( 'NONE', #4486, #2811, #5065 ) ;
#2437 = DIRECTION ( 'NONE',  ( -7.760605024106868849E-16, 1.000000000000000000, 0.000000000000000000 ) ) ;
#2438 = LINE ( 'NONE', #6878, #4841 ) ;
#2439 = VECTOR ( 'NONE', #4402, 999.9999999999998863 ) ;
#2440 = DIRECTION ( 'NONE',  ( 0.000000000000000000, -1.000000000000000000, 0.000000000000000000 ) ) ;
#2441 = LINE ( 'NONE', #4634, #2254 ) ;
#2442 = VECTOR ( 'NONE', #6996, 1000.000000000000000 ) ;
#2443 = VERTEX_POINT ( 'NONE', #6147 ) ;
#2444 = VERTEX_POINT ( 'NONE', #5600 ) ;
#2445 = CARTESIAN_POINT ( 'NONE',  ( -27.54999999999999005, 12.05130512921526353, -8.968415692081238788 ) ) ;
#2446 = VERTEX_POINT ( 'NONE', #6381 ) ;
#2447 = ADVANCED_FACE ( 'NONE', ( #6922 ), #3134, .F. ) ;
#2448 = DIRECTION ( 'NONE',  ( 1.000000000000000000, -0.000000000000000000, 0.000000000000000000 ) ) ;
#2449 = ORIENTED_EDGE ( 'NONE', *, *, #5833, .F. ) ;
#2450 = CARTESIAN_POINT ( 'NONE',  ( -5.000000000000000000, -1.000000000000000000, -22.30000000000000426 ) ) ;
#2451 = SECURITY_CLASSIFICATION ( '', '', #6305 ) ;
#2452 = AXIS2_PLACEMENT_3D ( 'NONE', #302, #3579, #3104 ) ;
#2453 = DIRECTION ( 'NONE',  ( 0.000000000000000000, -1.000000000000000000, 0.000000000000000000 ) ) ;
#2454 = PERSON_AND_ORGANIZATION ( #4292, #6492 ) ;
#2455 = ADVANCED_FACE ( 'NONE', ( #5391 ), #5286, .T. ) ;
#2456 = CARTESIAN_POINT ( 'NONE',  ( -30.73786570736515600, 20.24871066029126609, -2.433997321322390217 ) ) ;
#2457 = CARTESIAN_POINT ( 'NONE',  ( 28.31221137873023963, 18.19020197163805008, -3.800678362319765302 ) ) ;
#2458 = CYLINDRICAL_SURFACE ( 'NONE', #5441, 1.000000000000000888 ) ;
#2459 = ORIENTED_EDGE ( 'NONE', *, *, #5780, .T. ) ;
#2460 = VECTOR ( 'NONE', #4221, 1000.000000000000000 ) ;
#2461 = EDGE_CURVE ( 'NONE', #267, #5937, #6611, .T. ) ;
#2462 = EDGE_LOOP ( 'NONE', ( #767, #3526, #349, #1076, #5632, #2250 ) ) ;
#2463 = DIRECTION ( 'NONE',  ( 0.000000000000000000, 5.480694194524166577E-17, -1.000000000000000000 ) ) ;
#2464 = CARTESIAN_POINT ( 'NONE',  ( 13.66742430504414330, 1.000000000000000000, -7.299999999999999822 ) ) ;
#2465 = EDGE_CURVE ( 'NONE', #6892, #7020, #6450, .T. ) ;
#2466 = AXIS2_PLACEMENT_3D ( 'NONE', #1339, #899, #2995 ) ;
#2467 = ADVANCED_FACE ( 'NONE', ( #3172 ), #1414, .F. ) ;
#2468 = VECTOR ( 'NONE', #2527, 1000.000000000000000 ) ;
#2469 = CARTESIAN_POINT ( 'NONE',  ( 10.00000000000000533, -8.000000000000000000, -18.75000000000000711 ) ) ;
#2470 = ORIENTED_EDGE ( 'NONE', *, *, #1700, .T. ) ;
#2471 = CARTESIAN_POINT ( 'NONE',  ( 27.90422476878429592, 7.471103288755658767, -14.03957108341197113 ) ) ;
#2472 = CC_DESIGN_APPROVAL ( #663, ( #3729 ) ) ;
#2473 = FACE_BOUND ( 'NONE', #2582, .T. ) ;
#2474 = AXIS2_PLACEMENT_3D ( 'NONE', #5086, #3971, #3401 ) ;
#2475 = CARTESIAN_POINT ( 'NONE',  ( -4.000000000000000000, 26.42784580695890995, -7.772349138819023118 ) ) ;
#2476 = ADVANCED_FACE ( 'NONE', ( #4217, #1450 ), #6486, .F. ) ;
#2477 = VECTOR ( 'NONE', #3029, 1000.000000000000000 ) ;
#2478 = CARTESIAN_POINT ( 'NONE',  ( -0.7091041713783117206, 41.30059529707407506, -0.3541291247497121986 ) ) ;
#2479 = DIRECTION ( 'NONE',  ( 1.000000000000000000, 0.000000000000000000, 0.000000000000000000 ) ) ;
#2480 = FACE_OUTER_BOUND ( 'NONE', #971, .T. ) ;
#2481 = ORIENTED_EDGE ( 'NONE', *, *, #6772, .F. ) ;
#2482 = CARTESIAN_POINT ( 'NONE',  ( 26.87050000000000338, 22.67423583211419214, -8.000000000000000000 ) ) ;
#2483 = CARTESIAN_POINT ( 'NONE',  ( 28.86840656203381883, 12.64284391961512455, -6.620589663433625205 ) ) ;
#2484 = FACE_OUTER_BOUND ( 'NONE', #2891, .T. ) ;
#2485 = ORIENTED_EDGE ( 'NONE', *, *, #6862, .T. ) ;
#2486 = EDGE_LOOP ( 'NONE', ( #2678, #3397, #3853, #6754, #6073, #5781, #1554 ) ) ;
#2487 = CARTESIAN_POINT ( 'NONE',  ( -25.54999999999999361, 7.650118404923911264, -8.042434865801711297 ) ) ;
#2488 = ORIENTED_EDGE ( 'NONE', *, *, #2411, .F. ) ;
#2489 = EDGE_CURVE ( 'NONE', #6223, #2076, #2605, .T. ) ;
#2490 = CARTESIAN_POINT ( 'NONE',  ( 0.6027385456715642631, 41.18347612781095535, -0.6057302951333399799 ) ) ;
#2491 = VERTEX_POINT ( 'NONE', #2022 ) ;
#2492 = CARTESIAN_POINT ( 'NONE',  ( 27.67068202797685217, 7.642481343275032479, -14.01435503934662741 ) ) ;
#2493 = CARTESIAN_POINT ( 'NONE',  ( -28.75000000000000000, 6.533848576154955623, -8.168005766205373774 ) ) ;
#2494 = APPROVAL_DATE_TIME ( #3499, #4266 ) ;
#2495 = AXIS2_PLACEMENT_3D ( 'NONE', #4058, #2909, #239 ) ;
#2496 = FACE_OUTER_BOUND ( 'NONE', #2804, .T. ) ;
#2497 = LINE ( 'NONE', #4685, #4295 ) ;
#2498 = FACE_OUTER_BOUND ( 'NONE', #2061, .T. ) ;
#2499 = ORIENTED_EDGE ( 'NONE', *, *, #3245, .T. ) ;
#2500 = AXIS2_PLACEMENT_3D ( 'NONE', #1970, #3119, #4803 ) ;
#2501 = ORIENTED_EDGE ( 'NONE', *, *, #4698, .T. ) ;
#2502 = FACE_OUTER_BOUND ( 'NONE', #4566, .T. ) ;
#2503 = CARTESIAN_POINT ( 'NONE',  ( -28.99354941807204611, 26.59847190842430464, -9.811113542855245839 ) ) ;
#2504 = EDGE_CURVE ( 'NONE', #69, #5732, #5255, .T. ) ;
#2505 = CARTESIAN_POINT ( 'NONE',  ( -0.4819321712667555824, 41.38673559920758294, -0.3065799834067602925 ) ) ;
#2506 = EDGE_CURVE ( 'NONE', #4701, #4079, #3621, .T. ) ;
#2507 = CARTESIAN_POINT ( 'NONE',  ( -28.75000000000000000, 10.75418123488904421, -14.66674816303236639 ) ) ;
#2508 = ADVANCED_FACE ( 'NONE', ( #4688 ), #359, .T. ) ;
#2509 = DIRECTION ( 'NONE',  ( -0.000000000000000000, -0.000000000000000000, 1.000000000000000000 ) ) ;
#2510 = CARTESIAN_POINT ( 'NONE',  ( -7.332575694955854040, 0.000000000000000000, -7.299999999999999822 ) ) ;
#2511 = LINE ( 'NONE', #6321, #834 ) ;
#2512 = PLANE ( 'NONE',  #2338 ) ;
#2513 = DIRECTION ( 'NONE',  ( -0.000000000000000000, -5.480694194524166577E-17, 1.000000000000000000 ) ) ;
#2514 = ORIENTED_EDGE ( 'NONE', *, *, #4014, .T. ) ;
#2515 = ADVANCED_FACE ( 'NONE', ( #6993, #3710, #2054 ), #1515, .F. ) ;
#2516 = CARTESIAN_POINT ( 'NONE',  ( 28.10759473995286228, 28.23564247043313458, -9.014151787704864915 ) ) ;
#2517 = CARTESIAN_POINT ( 'NONE',  ( 28.86122688721624030, 12.69828044661732136, -6.598889601014431783 ) ) ;
#2518 = CARTESIAN_POINT ( 'NONE',  ( -25.54999999999999716, 14.00016744951188485, -6.075227673675874129 ) ) ;
#2519 = ORIENTED_EDGE ( 'NONE', *, *, #1849, .T. ) ;
#2520 = EDGE_LOOP ( 'NONE', ( #1451, #5925, #711, #1053 ) ) ;
#2521 = CARTESIAN_POINT ( 'NONE',  ( -25.54999999999999716, 17.02709362259417247, -4.569765318747229799 ) ) ;
#2522 = EDGE_LOOP ( 'NONE', ( #4413, #2708, #4718, #5400 ) ) ;
#2523 = CARTESIAN_POINT ( 'NONE',  ( -30.75000000000000355, 6.533848576155243393, -8.168005766205189033 ) ) ;
#2524 = CARTESIAN_POINT ( 'NONE',  ( 28.87049999999994299, 7.638338725837958698, -14.01503528224349537 ) ) ;
#2525 = CARTESIAN_POINT ( 'NONE',  ( -6.770263722591804978, 39.00229218417059229, -1.846664617738726033 ) ) ;
#2526 = CARTESIAN_POINT ( 'NONE',  ( 15.75000000000000000, 19.55514891348196471, -1.999999999999998224 ) ) ;
#2527 = DIRECTION ( 'NONE',  ( 1.000000000000000000, 0.000000000000000000, 0.000000000000000000 ) ) ;
#2528 = ADVANCED_FACE ( 'NONE', ( #5903 ), #190, .F. ) ;
#2529 = DIRECTION ( 'NONE',  ( -0.000000000000000000, -0.000000000000000000, 1.000000000000000000 ) ) ;
#2530 = ORIENTED_EDGE ( 'NONE', *, *, #422, .F. ) ;
#2531 = CARTESIAN_POINT ( 'NONE',  ( 28.77939009397773873, 7.270099831554070136, -8.072444204221513431 ) ) ;
#2532 = EDGE_LOOP ( 'NONE', ( #4214, #780, #4002, #3942 ) ) ;
#2533 = DIRECTION ( 'NONE',  ( -0.000000000000000000, -0.000000000000000000, -1.000000000000000000 ) ) ;
#2534 = CARTESIAN_POINT ( 'NONE',  ( -26.79030693091818094, 29.58310572688143480, -8.139098917400701794 ) ) ;
#2535 = FACE_OUTER_BOUND ( 'NONE', #1027, .T. ) ;
#2536 = LINE ( 'NONE', #1455, #4977 ) ;
#2537 = APPROVAL_DATE_TIME ( #3077, #6836 ) ;
#2538 = DIRECTION ( 'NONE',  ( 0.000000000000000000, 1.000000000000000000, 0.000000000000000000 ) ) ;
#2539 = AXIS2_PLACEMENT_3D ( 'NONE', #1743, #6170, #4511 ) ;
#2540 = CARTESIAN_POINT ( 'NONE',  ( -25.54999999999999716, 6.533848576155909527, -8.168005766204966989 ) ) ;
#2541 = EDGE_CURVE ( 'NONE', #1724, #6603, #4427, .T. ) ;
#2542 = AXIS2_PLACEMENT_3D ( 'NONE', #2979, #2907, #1246 ) ;
#2543 = LINE ( 'NONE', #6931, #1749 ) ;
#2544 = CARTESIAN_POINT ( 'NONE',  ( 15.75000000000000000, 19.55514891348196471, -30.00000000000000000 ) ) ;
#2545 = EDGE_CURVE ( 'NONE', #3992, #3538, #2146, .T. ) ;
#2546 = LINE ( 'NONE', #6022, #1547 ) ;
#2547 = ORIENTED_EDGE ( 'NONE', *, *, #5335, .F. ) ;
#2548 = CARTESIAN_POINT ( 'NONE',  ( -30.40395791243041046, 7.250670896867847048, -8.076659178334491429 ) ) ;
#2549 = DIRECTION ( 'NONE',  ( 1.000000000000000000, 0.000000000000000000, 0.000000000000000000 ) ) ;
#2550 = CARTESIAN_POINT ( 'NONE',  ( -27.54999999999999716, 10.81437266485903237, -9.354140522241600308 ) ) ;
#2551 = VERTEX_POINT ( 'NONE', #3852 ) ;
#2552 = VERTEX_POINT ( 'NONE', #2158 ) ;
#2553 = FACE_OUTER_BOUND ( 'NONE', #3720, .T. ) ;
#2554 = VERTEX_POINT ( 'NONE', #1693 ) ;
#2555 = CARTESIAN_POINT ( 'NONE',  ( -17.00000000000000000, -8.000000000000000000, -14.55000000000000071 ) ) ;
#2556 = CARTESIAN_POINT ( 'NONE',  ( 28.74611880206444070, 7.966869358274841773, -13.95852273838956847 ) ) ;
#2557 = AXIS2_PLACEMENT_3D ( 'NONE', #1175, #2875, #5134 ) ;
#2558 = B_SPLINE_SURFACE_WITH_KNOTS ( 'NONE', 3, 1, ( 
 ( #6057, #5513 ),
 ( #55, #4404 ),
 ( #3830, #6090 ),
 ( #4978, #5017 ),
 ( #2757, #548 ),
 ( #3364, #5984 ),
 ( #585, #1052 ),
 ( #7113, #2792 ),
 ( #1636, #6610 ),
 ( #4440, #6570 ),
 ( #3328, #1159 ),
 ( #4364, #2243 ),
 ( #4300, #5446 ),
 ( #6644, #16 ),
 ( #1092, #1675 ),
 ( #1707, #3899 ),
 ( #5550, #5406 ),
 ( #623, #2171 ),
 ( #3294, #3868 ),
 ( #5483, #2834 ),
 ( #85, #6503 ),
 ( #1567, #3763 ),
 ( #5948, #1017 ),
 ( #3214, #473 ),
 ( #2684, #4872 ),
 ( #7079, #2136 ),
 ( #4333, #6536 ),
 ( #1599, #3797 ),
 ( #3254, #513 ),
 ( #2723, #1884 ),
 ( #2897, #6825 ) ),
 .UNSPECIFIED., .F., .F., .F.,
 ( 4, 3, 3, 3, 3, 3, 3, 3, 3, 3, 4 ),
 ( 2, 2 ),
 ( 0.000000000000000000, 0.07573067920592914393, 0.1415874300766900296, 0.1993127790845631020, 0.2481308669859204896, 0.2918711916265958051, 0.3351044208234985611, 0.3814019355360331320, 0.4333935850931237010, 0.4925268341077128076, 0.5000000000000000000 ),
 ( 0.000000000000000000, 1.000000000000000000 ),
 .UNSPECIFIED. ) ;
#2559 = DIRECTION ( 'NONE',  ( -1.000000000000000000, -0.000000000000000000, -0.000000000000000000 ) ) ;
#2560 = CARTESIAN_POINT ( 'NONE',  ( 30.75000000000000000, 9.999999999999998224, -20.49880748697652066 ) ) ;
#2561 = LINE ( 'NONE', #5252, #5443 ) ;
#2562 = EDGE_LOOP ( 'NONE', ( #572, #2309, #1637, #2642 ) ) ;
#2563 = CARTESIAN_POINT ( 'NONE',  ( 0.000000000000000000, 41.29391447579435948, -0.5340107933727252787 ) ) ;
#2564 = ORIENTED_EDGE ( 'NONE', *, *, #953, .F. ) ;
#2565 = VECTOR ( 'NONE', #1737, 1000.000000000000000 ) ;
#2566 = CARTESIAN_POINT ( 'NONE',  ( 17.00000000000000000, -8.000000000000000000, -11.30000000000000071 ) ) ;
#2567 = VERTEX_POINT ( 'NONE', #6076 ) ;
#2568 = CARTESIAN_POINT ( 'NONE',  ( 26.13039685096370235, 2.944055508025526180, -14.30000000000000071 ) ) ;
#2569 = EDGE_CURVE ( 'NONE', #2130, #2194, #2405, .T. ) ;
#2570 = PLANE ( 'NONE',  #6126 ) ;
#2571 = CIRCLE ( 'NONE', #5666, 0.6000000000000033085 ) ;
#2572 = CARTESIAN_POINT ( 'NONE',  ( 16.71372919964819559, 32.64565663597156231, -3.999999999999998224 ) ) ;
#2573 = PERSON_AND_ORGANIZATION_ROLE ( 'design_owner' ) ;
#2574 = ORIENTED_EDGE ( 'NONE', *, *, #6320, .F. ) ;
#2575 = PLANE ( 'NONE',  #7022 ) ;
#2576 = EDGE_CURVE ( 'NONE', #2685, #3304, #2264, .T. ) ;
#2577 = AXIS2_PLACEMENT_3D ( 'NONE', #2128, #3858, #4326 ) ;
#2578 = DIRECTION ( 'NONE',  ( 1.000000000000000000, 0.000000000000000000, 0.000000000000000000 ) ) ;
#2579 = LINE ( 'NONE', #2616, #4289 ) ;
#2580 = CARTESIAN_POINT ( 'NONE',  ( -29.29488443924890717, 26.00000000000000355, -8.765994983667010132 ) ) ;
#2581 = VECTOR ( 'NONE', #5172, 1000.000000000000000 ) ;
#2582 = EDGE_LOOP ( 'NONE', ( #6129, #2965 ) ) ;
#2583 = VECTOR ( 'NONE', #1475, 1000.000000000000000 ) ;
#2584 = ADVANCED_FACE ( 'NONE', ( #4029 ), #6222, .T. ) ;
#2585 = CARTESIAN_POINT ( 'NONE',  ( -29.64417667756070074, 5.082323663857883034, -8.299999999933644901 ) ) ;
#2586 = AXIS2_PLACEMENT_3D ( 'NONE', #6516, #1582, #6550 ) ;
#2587 =( BOUNDED_CURVE ( )  B_SPLINE_CURVE ( 3, ( #4057, #3589, #854, #6257 ),
 .UNSPECIFIED., .F., .T. ) 
 B_SPLINE_CURVE_WITH_KNOTS ( ( 4, 4 ),
 ( 0.000000000000000000, 1.000000000000000000 ),
 .UNSPECIFIED. ) 
 CURVE ( )  GEOMETRIC_REPRESENTATION_ITEM ( )  RATIONAL_B_SPLINE_CURVE ( ( 1.000000000000000000, 0.9506379571609331336, 0.9506379571609331336, 1.000000000000000000 ) ) 
 REPRESENTATION_ITEM ( '' )  );
#2588 = CARTESIAN_POINT ( 'NONE',  ( 28.83287716555542701, 12.38354094226790103, -12.72031387272353342 ) ) ;
#2589 = CARTESIAN_POINT ( 'NONE',  ( -27.54999999999999716, 15.91430360726557147, -7.382191135329286169 ) ) ;
#2590 = EDGE_CURVE ( 'NONE', #6616, #7115, #1332, .T. ) ;
#2591 = ADVANCED_FACE ( 'NONE', ( #5685 ), #3994, .T. ) ;
#2592 = ORIENTED_EDGE ( 'NONE', *, *, #458, .F. ) ;
#2593 = ORIENTED_EDGE ( 'NONE', *, *, #6032, .F. ) ;
#2594 = CARTESIAN_POINT ( 'NONE',  ( 28.96319972734610815, 26.65524419208637497, -9.774982557803797434 ) ) ;
#2595 = ORIENTED_EDGE ( 'NONE', *, *, #948, .F. ) ;
#2596 = ADVANCED_FACE ( 'NONE', ( #6185 ), #6266, .F. ) ;
#2597 = CARTESIAN_POINT ( 'NONE',  ( -40.00000000000000000, -1.000000000000000000, -27.44746873418995392 ) ) ;
#2598 = CARTESIAN_POINT ( 'NONE',  ( 27.92482922591158001, 18.08502411836981949, -3.866065337936928081 ) ) ;
#2599 = LINE ( 'NONE', #4645, #1551 ) ;
#2600 = CARTESIAN_POINT ( 'NONE',  ( -5.000000000000000000, 2.000000000000002665, -24.35177722040744897 ) ) ;
#2601 = VERTEX_POINT ( 'NONE', #6154 ) ;
#2602 = DIRECTION ( 'NONE',  ( 1.000000000000000000, 0.000000000000000000, 0.000000000000000000 ) ) ;
#2603 = VERTEX_POINT ( 'NONE', #6774 ) ;
#2604 = ADVANCED_FACE ( 'NONE', ( #210 ), #4533, .T. ) ;
#2605 = LINE ( 'NONE', #3202, #7072 ) ;
#2606 = ORIENTED_EDGE ( 'NONE', *, *, #409, .T. ) ;
#2607 = LINE ( 'NONE', #5288, #2234 ) ;
#2608 = CARTESIAN_POINT ( 'NONE',  ( -30.74999999999999645, 21.99662731015618888, -12.73981691118893167 ) ) ;
#2609 = DIRECTION ( 'NONE',  ( -0.000000000000000000, -0.000000000000000000, -1.000000000000000000 ) ) ;
#2610 = LINE ( 'NONE', #2507, #1646 ) ;
#2611 = VECTOR ( 'NONE', #491, 1000.000000000000000 ) ;
#2612 = DIRECTION ( 'NONE',  ( 0.000000000000000000, 1.000000000000000000, 0.000000000000000000 ) ) ;
#2613 = EDGE_LOOP ( 'NONE', ( #1401, #7100, #4599, #2703 ) ) ;
#2614 = CARTESIAN_POINT ( 'NONE',  ( -12.31372919964819701, 32.64565663597156231, -3.999999999999998224 ) ) ;
#2615 = CARTESIAN_POINT ( 'NONE',  ( 30.44999999999999929, 9.999999999999998224, -20.49880748697652066 ) ) ;
#2616 = CARTESIAN_POINT ( 'NONE',  ( -40.00000000000000000, -1.000000000000000000, -16.30000000000000071 ) ) ;
#2617 = DIRECTION ( 'NONE',  ( 1.000000000000000000, -0.000000000000000000, 0.000000000000000000 ) ) ;
#2618 = ORIENTED_EDGE ( 'NONE', *, *, #2489, .T. ) ;
#2619 = LINE ( 'NONE', #6572, #919 ) ;
#2620 = CARTESIAN_POINT ( 'NONE',  ( -19.74999999999993605, 0.9999999999999937828, -25.00118481360497213 ) ) ;
#2621 = CARTESIAN_POINT ( 'NONE',  ( 4.000000000000000000, 27.82709091528521839, -7.579468269818595338 ) ) ;
#2622 = ORIENTED_EDGE ( 'NONE', *, *, #4083, .F. ) ;
#2623 = ORIENTED_EDGE ( 'NONE', *, *, #6096, .F. ) ;
#2624 = CARTESIAN_POINT ( 'NONE',  ( -40.00000000000000000, -12.00000000000000000, -16.30000000000000071 ) ) ;
#2625 = ORIENTED_EDGE ( 'NONE', *, *, #3521, .F. ) ;
#2626 = DIRECTION ( 'NONE',  ( 0.000000000000000000, 5.480694194524166577E-17, -1.000000000000000000 ) ) ;
#2627 = CARTESIAN_POINT ( 'NONE',  ( 28.02058694035992659, 8.144844895520868988, -13.92573230660596906 ) ) ;
#2628 = EDGE_CURVE ( 'NONE', #1543, #1502, #716, .T. ) ;
#2629 = DIRECTION ( 'NONE',  ( 0.000000000000000000, -1.000000000000000000, 0.000000000000000000 ) ) ;
#2630 = CARTESIAN_POINT ( 'NONE',  ( 27.70537676165325536, 12.80674906753240805, -6.556146638590965914 ) ) ;
#2631 = EDGE_CURVE ( 'NONE', #7115, #6914, #644, .T. ) ;
#2632 = ORIENTED_EDGE ( 'NONE', *, *, #5919, .F. ) ;
#2633 = FACE_OUTER_BOUND ( 'NONE', #4926, .T. ) ;
#2634 = ORIENTED_EDGE ( 'NONE', *, *, #1084, .F. ) ;
#2635 = DIRECTION ( 'NONE',  ( 0.000000000000000000, 0.000000000000000000, -1.000000000000000000 ) ) ;
#2636 = EDGE_LOOP ( 'NONE', ( #6111, #4470, #2165, #2725 ) ) ;
#2637 = DIRECTION ( 'NONE',  ( 0.000000000000000000, 1.000000000000000000, 5.480694194524166577E-17 ) ) ;
#2638 = CARTESIAN_POINT ( 'NONE',  ( -19.00000000000000355, -8.000000000000000000, -11.30000000000000071 ) ) ;
#2639 = CARTESIAN_POINT ( 'NONE',  ( 28.26256253051908729, 6.991512134112708665, -14.11156970954884748 ) ) ;
#2640 = FACE_OUTER_BOUND ( 'NONE', #2287, .T. ) ;
#2641 = CARTESIAN_POINT ( 'NONE',  ( 28.87932838875912012, 17.96374660468400108, -9.942280872740706599 ) ) ;
#2642 = ORIENTED_EDGE ( 'NONE', *, *, #3984, .T. ) ;
#2643 = CARTESIAN_POINT ( 'NONE',  ( 27.71541522726494833, 17.36238762499731081, -10.30296589997168866 ) ) ;
#2644 = DIRECTION ( 'NONE',  ( 0.000000000000000000, 0.000000000000000000, 1.000000000000000000 ) ) ;
#2645 = CARTESIAN_POINT ( 'NONE',  ( 25.37345522831404665, 0.1052943321057796533, -18.73221346789398112 ) ) ;
#2646 = CARTESIAN_POINT ( 'NONE',  ( 7.667424305044145072, 0.000000000000000000, -7.299999999999999822 ) ) ;
#2647 = ORIENTED_EDGE ( 'NONE', *, *, #47, .F. ) ;
#2648 = AXIS2_PLACEMENT_3D ( 'NONE', #5232, #4729, #1274 ) ;
#2649 = AXIS2_PLACEMENT_3D ( 'NONE', #1800, #6620, #3912 ) ;
#2650 = LINE ( 'NONE', #6338, #5856 ) ;
#2651 = ADVANCED_FACE ( 'NONE', ( #1799 ), #246, .T. ) ;
#2652 = AXIS2_PLACEMENT_3D ( 'NONE', #2752, #4937, #3863 ) ;
#2653 = DIRECTION ( 'NONE',  ( -0.000000000000000000, 0.5446390350150316362, -0.8386705679454210527 ) ) ;
#2654 = LINE ( 'NONE', #4840, #189 ) ;
#2655 = CIRCLE ( 'NONE', #2426, 0.5999999999999998668 ) ;
#2656 = ORIENTED_EDGE ( 'NONE', *, *, #4078, .F. ) ;
#2657 = VERTEX_POINT ( 'NONE', #174 ) ;
#2658 = CARTESIAN_POINT ( 'NONE',  ( -7.332575694955850487, 1.000000000000000000, -7.299999999999999822 ) ) ;
#2659 = ORIENTED_EDGE ( 'NONE', *, *, #782, .T. ) ;
#2660 = LINE ( 'NONE', #2079, #6087 ) ;
#2661 = CARTESIAN_POINT ( 'NONE',  ( 28.64972979097959538, 8.060120797197756204, -13.94148492224287672 ) ) ;
#2662 = CARTESIAN_POINT ( 'NONE',  ( -26.94444296453580989, 29.88296966318166170, -7.944365000241241148 ) ) ;
#2663 = CARTESIAN_POINT ( 'NONE',  ( 27.67668008622890241, 12.69076370021564415, -12.60188458061146299 ) ) ;
#2664 = ORIENTED_EDGE ( 'NONE', *, *, #1659, .F. ) ;
#2665 = CARTESIAN_POINT ( 'NONE',  ( -26.14892996102332390, 3.459648682739361547, -23.40387028243575074 ) ) ;
#2666 = VERTEX_POINT ( 'NONE', #2988 ) ;
#2667 = CIRCLE ( 'NONE', #5079, 0.6000000000000033085 ) ;
#2668 = CARTESIAN_POINT ( 'NONE',  ( 27.94544080369187711, 7.086473278599186187, -14.09864008297786775 ) ) ;
#2669 = ORIENTED_EDGE ( 'NONE', *, *, #2829, .F. ) ;
#2670 = CARTESIAN_POINT ( 'NONE',  ( 29.03042489260326775, 26.52869282400001794, -9.855522308781319296 ) ) ;
#2671 = CYLINDRICAL_SURFACE ( 'NONE', #718, 0.5999999999999998668 ) ;
#2672 = ADVANCED_FACE ( 'NONE', ( #2882, #1831, #5176, #1366, #4492, #6850, #4066, #679, #5072, #1905, #5036, #4103 ), #3563, .F. ) ;
#2673 = CARTESIAN_POINT ( 'NONE',  ( 27.72872569090840500, 7.337325744399825211, -14.06237579344388955 ) ) ;
#2674 = AXIS2_PLACEMENT_3D ( 'NONE', #4834, #3182, #2644 ) ;
#2675 = DIRECTION ( 'NONE',  ( -0.000000000000000000, -1.000000000000000000, -0.000000000000000000 ) ) ;
#2676 = CARTESIAN_POINT ( 'NONE',  ( 16.66742430504414330, 1.000000000000000000, -7.299999999999999822 ) ) ;
#2677 = EDGE_CURVE ( 'NONE', #2953, #1922, #3959, .T. ) ;
#2678 = ORIENTED_EDGE ( 'NONE', *, *, #3860, .T. ) ;
#2679 = DIRECTION ( 'NONE',  ( 1.000000000000000000, -0.000000000000000000, -0.000000000000000000 ) ) ;
#2680 = EDGE_CURVE ( 'NONE', #3659, #5545, #2336, .T. ) ;
#2681 = VECTOR ( 'NONE', #5437, 999.9999999999998863 ) ;
#2682 = CARTESIAN_POINT ( 'NONE',  ( 27.77409372697326262, 17.93715082145315165, -9.957260306607047085 ) ) ;
#2683 = FACE_OUTER_BOUND ( 'NONE', #93, .T. ) ;
#2684 = CARTESIAN_POINT ( 'NONE',  ( 27.71541522726494833, 17.36238762499731081, -4.302965899798943283 ) ) ;
#2685 = VERTEX_POINT ( 'NONE', #3095 ) ;
#2686 = CIRCLE ( 'NONE', #1306, 0.5999999999999998668 ) ;
#2687 = FACE_OUTER_BOUND ( 'NONE', #3765, .T. ) ;
#2688 = ADVANCED_FACE ( 'NONE', ( #3534 ), #6887, .T. ) ;
#2689 = CARTESIAN_POINT ( 'NONE',  ( 30.44999999999999929, 19.55514891348196471, -14.29362122842831084 ) ) ;
#2690 = FACE_OUTER_BOUND ( 'NONE', #4216, .T. ) ;
#2691 = CIRCLE ( 'NONE', #6137, 15.00000000000000000 ) ;
#2692 = DIRECTION ( 'NONE',  ( 0.3545520856891611339, 0.9350362658921126391, 0.000000000000000000 ) ) ;
#2693 = ORIENTED_EDGE ( 'NONE', *, *, #2276, .F. ) ;
#2694 = VERTEX_POINT ( 'NONE', #928 ) ;
#2695 = CYLINDRICAL_SURFACE ( 'NONE', #3837, 0.5999999999999998668 ) ;
#2696 = EDGE_LOOP ( 'NONE', ( #3597, #5739, #4313, #4928 ) ) ;
#2697 = VECTOR ( 'NONE', #5143, 999.9999999999998863 ) ;
#2698 = CYLINDRICAL_SURFACE ( 'NONE', #3218, 9.000000000000001776 ) ;
#2699 = DIRECTION ( 'NONE',  ( 0.000000000000000000, 0.000000000000000000, 1.000000000000000000 ) ) ;
#2700 = CARTESIAN_POINT ( 'NONE',  ( -30.67110474797340558, -1.062526104210636868, -26.34060492684745114 ) ) ;
#2701 = DIRECTION ( 'NONE',  ( -0.000000000000000000, -0.000000000000000000, 1.000000000000000000 ) ) ;
#2702 = AXIS2_PLACEMENT_3D ( 'NONE', #1481, #429, #5867 ) ;
#2703 = ORIENTED_EDGE ( 'NONE', *, *, #1880, .T. ) ;
#2704 = CARTESIAN_POINT ( 'NONE',  ( 28.43082266420500304, 6.995277548043221216, -8.111062755594543816 ) ) ;
#2705 = EDGE_CURVE ( 'NONE', #5350, #2023, #4306, .T. ) ;
#2706 = ORIENTED_EDGE ( 'NONE', *, *, #672, .F. ) ;
#2707 = CARTESIAN_POINT ( 'NONE',  ( 28.39645382474983748, 7.008533314374121304, -14.10927841352569700 ) ) ;
#2708 = ORIENTED_EDGE ( 'NONE', *, *, #1174, .T. ) ;
#2709 = DIRECTION ( 'NONE',  ( -1.000000000000000000, -1.865294060190139876E-16, 0.000000000000000000 ) ) ;
#2710 = CARTESIAN_POINT ( 'NONE',  ( 30.75000000000000000, 9.999999999999998224, -30.00000000000000000 ) ) ;
#2711 = CYLINDRICAL_SURFACE ( 'NONE', #1685, 5.000000000000000888 ) ;
#2712 = CARTESIAN_POINT ( 'NONE',  ( 29.09951435596499181, 4.774668621921166256, -24.24988634872494586 ) ) ;
#2713 = CARTESIAN_POINT ( 'NONE',  ( 28.39391593998753649, 17.47015074689598890, -10.23578983828119782 ) ) ;
#2714 = ADVANCED_FACE ( 'NONE', ( #291 ), #5180, .F. ) ;
#2715 = ORIENTED_EDGE ( 'NONE', *, *, #6109, .F. ) ;
#2716 = CARTESIAN_POINT ( 'NONE',  ( -11.11372919964819239, 32.64565663597156231, -1.999999999999997780 ) ) ;
#2717 = FACE_OUTER_BOUND ( 'NONE', #1329, .T. ) ;
#2718 = EDGE_CURVE ( 'NONE', #5137, #5788, #2599, .T. ) ;
#2719 = ADVANCED_FACE ( 'NONE', ( #4137 ), #4782, .T. ) ;
#2720 = CARTESIAN_POINT ( 'NONE',  ( 24.47050000000000125, 25.67423583211418858, -0.9999999999999978906 ) ) ;
#2721 = CARTESIAN_POINT ( 'NONE',  ( -25.54999999999999716, 20.56761931084847106, -5.909097666669673288 ) ) ;
#2722 = AXIS2_PLACEMENT_3D ( 'NONE', #2526, #831, #355 ) ;
#2723 = CARTESIAN_POINT ( 'NONE',  ( 27.67047901184050929, 17.58332603862203669, -4.171647311992712659 ) ) ;
#2724 = ADVANCED_FACE ( 'NONE', ( #1980 ), #2047, .F. ) ;
#2725 = ORIENTED_EDGE ( 'NONE', *, *, #1313, .F. ) ;
#2726 = ORIENTED_EDGE ( 'NONE', *, *, #47, .T. ) ;
#2727 = CARTESIAN_POINT ( 'NONE',  ( 29.14359284340300604, 26.31317565079073972, -9.523654964655991151 ) ) ;
#2728 = CIRCLE ( 'NONE', #6752, 0.5999999999999998668 ) ;
#2729 = CARTESIAN_POINT ( 'NONE',  ( 17.00000000000000000, -8.000000000000000000, -7.200000000000001066 ) ) ;
#2730 = CARTESIAN_POINT ( 'NONE',  ( -30.76000000000000156, 26.00000000000000711, -4.765994983667004803 ) ) ;
#2731 = FACE_OUTER_BOUND ( 'NONE', #6826, .T. ) ;
#2732 = EDGE_LOOP ( 'NONE', ( #6697, #3958, #25, #3307 ) ) ;
#2733 = EDGE_LOOP ( 'NONE', ( #6116, #1740, #2855, #1099 ) ) ;
#2734 = VECTOR ( 'NONE', #5870, 1000.000000000000000 ) ;
#2735 = CARTESIAN_POINT ( 'NONE',  ( 28.89891573633479638, 26.72314278672952881, -9.879537224787041438 ) ) ;
#2736 = VERTEX_POINT ( 'NONE', #6917 ) ;
#2737 = CYLINDRICAL_SURFACE ( 'NONE', #6797, 0.5999999999999998668 ) ;
#2738 = CARTESIAN_POINT ( 'NONE',  ( 28.86587430139116606, 17.67609029658036590, -10.11595012690076345 ) ) ;
#2739 = CARTESIAN_POINT ( 'NONE',  ( -24.27320781270466554, 32.20798014545940191, -6.434485538786253400 ) ) ;
#2740 = CARTESIAN_POINT ( 'NONE',  ( 6.729621779887935563E-15, 41.43052276528985089, -0.4452963328806277543 ) ) ;
#2741 = ORIENTED_EDGE ( 'NONE', *, *, #363, .T. ) ;
#2742 = CARTESIAN_POINT ( 'NONE',  ( 27.67088891628881697, 7.555680856069947104, -8.028464329455502480 ) ) ;
#2743 = ORIENTED_EDGE ( 'NONE', *, *, #1201, .F. ) ;
#2744 = CARTESIAN_POINT ( 'NONE',  ( 27.72872569090840500, 7.337325744399825211, -8.062375793308699912 ) ) ;
#2745 = ORIENTED_EDGE ( 'NONE', *, *, #2153, .T. ) ;
#2746 = DIRECTION ( 'NONE',  ( 0.000000000000000000, 0.4216827538383685625, -0.9067434340072664245 ) ) ;
#2747 = DIRECTION ( 'NONE',  ( -0.9111948913690738339, 0.3455117849316499679, 0.2243779766738411285 ) ) ;
#2748 = FACE_OUTER_BOUND ( 'NONE', #207, .T. ) ;
#2749 = LINE ( 'NONE', #3756, #6601 ) ;
#2750 = CARTESIAN_POINT ( 'NONE',  ( 28.15329868904196076, 16.97751385121793888, -10.52741241108086712 ) ) ;
#2751 = VERTEX_POINT ( 'NONE', #2493 ) ;
#2752 = CARTESIAN_POINT ( 'NONE',  ( -0.7091041713783117206, 41.30059529707407506, -30.00000000000000000 ) ) ;
#2753 = CARTESIAN_POINT ( 'NONE',  ( -4.000000000000000000, 26.00000000000000355, -8.050195454575856502 ) ) ;
#2754 = EDGE_CURVE ( 'NONE', #462, #4952, #4682, .T. ) ;
#2755 = DIRECTION ( 'NONE',  ( 0.000000000000000000, 0.000000000000000000, -1.000000000000000000 ) ) ;
#2756 = CARTESIAN_POINT ( 'NONE',  ( 28.71283091779230645, 26.65071305380440236, -10.04341698553369788 ) ) ;
#2757 = CARTESIAN_POINT ( 'NONE',  ( 28.77853441366672982, 17.26146315035958168, -4.362389633592740346 ) ) ;
#2758 = ORIENTED_EDGE ( 'NONE', *, *, #1441, .F. ) ;
#2759 = ADVANCED_FACE ( 'NONE', ( #4209 ), #4175, .F. ) ;
#2760 = EDGE_CURVE ( 'NONE', #6174, #3189, #2992, .T. ) ;
#2761 = PLANE ( 'NONE',  #2539 ) ;
#2762 = CARTESIAN_POINT ( 'NONE',  ( -5.999999999999998224, -1.000000000000000000, -17.30000000000000071 ) ) ;
#2763 = CARTESIAN_POINT ( 'NONE',  ( 4.000000000000000000, 26.00000000000000355, -4.765994983667008356 ) ) ;
#2764 = DIRECTION ( 'NONE',  ( 0.9111948913690722796, -0.3455117849316547973, -0.2243779766738413506 ) ) ;
#2765 = AXIS2_PLACEMENT_3D ( 'NONE', #3618, #4728, #1956 ) ;
#2766 = ORIENTED_EDGE ( 'NONE', *, *, #4042, .F. ) ;
#2767 = ORIENTED_EDGE ( 'NONE', *, *, #2312, .T. ) ;
#2768 = CARTESIAN_POINT ( 'NONE',  ( 26.13039685096370235, 2.944055508025526180, -14.30000000000000071 ) ) ;
#2769 = EDGE_CURVE ( 'NONE', #3659, #475, #5652, .T. ) ;
#2770 = ORIENTED_EDGE ( 'NONE', *, *, #1261, .T. ) ;
#2771 = DIRECTION ( 'NONE',  ( -1.000000000000000000, 0.000000000000000000, 0.000000000000000000 ) ) ;
#2772 = AXIS2_PLACEMENT_3D ( 'NONE', #6124, #2201, #6604 ) ;
#2773 = CARTESIAN_POINT ( 'NONE',  ( 27.98289471419508345, 18.11673827506377066, -3.846382321955215566 ) ) ;
#2774 = EDGE_CURVE ( 'NONE', #4422, #3869, #864, .T. ) ;
#2775 = CARTESIAN_POINT ( 'NONE',  ( -17.00000000000000000, -8.000000000000000000, -8.050000000000000711 ) ) ;
#2776 = VECTOR ( 'NONE', #862, 1000.000000000000000 ) ;
#2777 = PLANE ( 'NONE',  #1456 ) ;
#2778 =( BOUNDED_SURFACE ( )  B_SPLINE_SURFACE ( 3, 2, ( 
 ( #1945, #4138, #5932 ),
 ( #3883, #3747, #4888 ),
 ( #7097, #1653, #4383 ),
 ( #4813, #2740, #3233 ) ),
 .UNSPECIFIED., .F., .F., .F. ) 
 B_SPLINE_SURFACE_WITH_KNOTS ( ( 4, 4 ),
 ( 3, 3 ),
 ( 5.920750317600020907, 6.283185307179586232 ),
 ( 0.000000000000000000, 1.000000000000000000 ),
 .UNSPECIFIED. ) 
 GEOMETRIC_REPRESENTATION_ITEM ( )  RATIONAL_B_SPLINE_SURFACE ( (
 ( 1.000000000000000000, 0.8686936311380256681, 1.000000000000000000),
 ( 1.000000000000000000, 0.8754112709845670581, 1.000000000000000000),
 ( 1.000000000000000000, 0.8788208909598921315, 1.000000000000000000),
 ( 1.000000000000000000, 0.8788171126619658269, 1.000000000000000000) ) ) 
 REPRESENTATION_ITEM ( '' )  SURFACE ( )  );
#2779 = VERTEX_POINT ( 'NONE', #5250 ) ;
#2780 = CARTESIAN_POINT ( 'NONE',  ( -30.75000000000020961, 4.199999999975778664, -8.299999999905979919 ) ) ;
#2781 = ORIENTED_EDGE ( 'NONE', *, *, #5200, .T. ) ;
#2782 = CARTESIAN_POINT ( 'NONE',  ( 28.13025110005765939, 7.008000788126322433, -8.109351851176020531 ) ) ;
#2783 = ORIENTED_EDGE ( 'NONE', *, *, #2399, .T. ) ;
#2784 = DIRECTION ( 'NONE',  ( 0.000000000000000000, 0.000000000000000000, 1.000000000000000000 ) ) ;
#2785 = CARTESIAN_POINT ( 'NONE',  ( -17.00000000000000000, -8.000000000000000000, -7.200000000000001066 ) ) ;
#2786 = PLANE ( 'NONE',  #1189 ) ;
#2787 = CARTESIAN_POINT ( 'NONE',  ( 28.14285382069172314, 18.20138883968130727, -9.794192986643274423 ) ) ;
#2788 = AXIS2_PLACEMENT_3D ( 'NONE', #5930, #4959, #4381 ) ;
#2789 = EDGE_LOOP ( 'NONE', ( #5693, #5889, #393, #126 ) ) ;
#2790 = CARTESIAN_POINT ( 'NONE',  ( -6.713729199648194701, 32.64565663597156231, -1.999999999999997780 ) ) ;
#2791 = AXIS2_PLACEMENT_3D ( 'NONE', #2615, #7111, #6534 ) ;
#2792 = CARTESIAN_POINT ( 'NONE',  ( 28.61224557323579276, 17.09167015176790372, -10.46119044699159417 ) ) ;
#2793 = VERTEX_POINT ( 'NONE', #4748 ) ;
#2794 = ADVANCED_FACE ( 'NONE', ( #1473 ), #6304, .F. ) ;
#2795 = PLANE ( 'NONE',  #6908 ) ;
#2796 = AXIS2_PLACEMENT_3D ( 'NONE', #5622, #696, #1311 ) ;
#2797 = CARTESIAN_POINT ( 'NONE',  ( 28.72206587669725053, 12.19758266715387229, -6.790019876117747266 ) ) ;
#2798 = DIRECTION ( 'NONE',  ( 1.000000000000000000, 0.000000000000000000, 0.000000000000000000 ) ) ;
#2799 = CARTESIAN_POINT ( 'NONE',  ( -26.07654977069630320, 18.93193834077564475, -3.390369848876307657 ) ) ;
#2800 = ORIENTED_EDGE ( 'NONE', *, *, #625, .F. ) ;
#2801 = ORIENTED_EDGE ( 'NONE', *, *, #6577, .F. ) ;
#2802 = VECTOR ( 'NONE', #979, 1000.000000000000000 ) ;
#2803 = LINE ( 'NONE', #5597, #966 ) ;
#2804 = EDGE_LOOP ( 'NONE', ( #5638, #2781, #3572, #1556 ) ) ;
#2805 = EDGE_CURVE ( 'NONE', #3447, #6204, #1369, .T. ) ;
#2806 = CARTESIAN_POINT ( 'NONE',  ( -30.75000000000000355, -8.000000000000000000, -21.30000000000000782 ) ) ;
#2807 = CARTESIAN_POINT ( 'NONE',  ( 28.47045342381273869, 18.15856618112110965, -3.820397626087713494 ) ) ;
#2808 = AXIS2_PLACEMENT_3D ( 'NONE', #1923, #6317, #1380 ) ;
#2809 = CIRCLE ( 'NONE', #3724, 1.000000000000000888 ) ;
#2810 = EDGE_CURVE ( 'NONE', #1122, #5604, #3669, .T. ) ;
#2811 = DIRECTION ( 'NONE',  ( 0.9111948913690727236, 0.3455117849316535206, 0.2243779766738407122 ) ) ;
#2812 = ADVANCED_FACE ( 'NONE', ( #3567 ), #5759, .T. ) ;
#2813 = CARTESIAN_POINT ( 'NONE',  ( 27.67054646866404255, 7.596505835454902211, -8.021829085288475270 ) ) ;
#2814 = VERTEX_POINT ( 'NONE', #423 ) ;
#2815 = CARTESIAN_POINT ( 'NONE',  ( 28.86993330275923952, 12.56736259265161948, -6.649921570348091393 ) ) ;
#2816 = CIRCLE ( 'NONE', #2586, 0.5999999999999998668 ) ;
#2817 = EDGE_LOOP ( 'NONE', ( #1178, #4843, #5060, #3884 ) ) ;
#2818 = EDGE_CURVE ( 'NONE', #3022, #1110, #6443, .T. ) ;
#2819 = CC_DESIGN_APPROVAL ( #6836, ( #6071 ) ) ;
#2820 = VECTOR ( 'NONE', #4987, 1000.000000000000000 ) ;
#2821 = CARTESIAN_POINT ( 'NONE',  ( 28.39645382474983748, 7.008533314374121304, -8.109278413390507367 ) ) ;
#2822 = EDGE_LOOP ( 'NONE', ( #1200, #3574, #6077, #2766 ) ) ;
#2823 = CARTESIAN_POINT ( 'NONE',  ( 5.000000000000000000, 2.000000000000002665, -20.35177722040744897 ) ) ;
#2824 = VECTOR ( 'NONE', #5107, 1000.000000000000000 ) ;
#2825 = CARTESIAN_POINT ( 'NONE',  ( 28.81625033197781605, 7.853384350276193082, -13.97862503281265312 ) ) ;
#2826 =( BOUNDED_CURVE ( )  B_SPLINE_CURVE ( 3, ( #805, #3004, #2505, #5190 ),
 .UNSPECIFIED., .F., .T. ) 
 B_SPLINE_CURVE_WITH_KNOTS ( ( 4, 4 ),
 ( 0.000000000000000000, 0.3624349895795662690 ),
 .UNSPECIFIED. ) 
 CURVE ( )  GEOMETRIC_REPRESENTATION_ITEM ( )  RATIONAL_B_SPLINE_CURVE ( ( 1.000000000000000000, 0.9890833307310736844, 0.9890833307310736844, 1.000000000000000000 ) ) 
 REPRESENTATION_ITEM ( '' )  );
#2827 = DIRECTION ( 'NONE',  ( 1.000000000000000000, -0.000000000000000000, 0.000000000000000000 ) ) ;
#2828 = CARTESIAN_POINT ( 'NONE',  ( 28.37822909041465280, 13.18618886066435358, -12.40212767198917732 ) ) ;
#2829 = EDGE_CURVE ( 'NONE', #6603, #5955, #1529, .T. ) ;
#2830 = ORIENTED_EDGE ( 'NONE', *, *, #3650, .T. ) ;
#2831 = DIRECTION ( 'NONE',  ( 1.000000000000000000, -0.000000000000000000, 0.000000000000000000 ) ) ;
#2832 = PLANE ( 'NONE',  #2890 ) ;
#2833 = CARTESIAN_POINT ( 'NONE',  ( -28.74999999999999645, 23.48398829616374428, -10.39991208871210127 ) ) ;
#2834 = CARTESIAN_POINT ( 'NONE',  ( 27.89674325798693388, 17.11695581663639487, -10.44651803294116910 ) ) ;
#2835 = EDGE_LOOP ( 'NONE', ( #4579, #2726, #1681, #3699 ) ) ;
#2836 = CARTESIAN_POINT ( 'NONE',  ( 10.00000000000000533, -8.000000000000000000, -21.30000000000000782 ) ) ;
#2837 = CARTESIAN_POINT ( 'NONE',  ( 27.99173611357750246, 12.06135237656869030, -6.840122856529939455 ) ) ;
#2838 = CARTESIAN_POINT ( 'NONE',  ( -16.33257569495584960, 1.000000000000000000, -7.299999999999999822 ) ) ;
#2839 = DIRECTION ( 'NONE',  ( -0.000000000000000000, -1.000000000000000000, -0.000000000000000000 ) ) ;
#2840 = ORIENTED_EDGE ( 'NONE', *, *, #699, .F. ) ;
#2841 = VERTEX_POINT ( 'NONE', #2775 ) ;
#2842 = CARTESIAN_POINT ( 'NONE',  ( 28.14901046621896086, 7.472596779055673544, -14.03776351639762865 ) ) ;
#2843 = EDGE_LOOP ( 'NONE', ( #2904, #7128, #4373, #943 ) ) ;
#2844 = CIRCLE ( 'NONE', #6974, 0.6000000000000033085 ) ;
#2845 = CARTESIAN_POINT ( 'NONE',  ( 19.75000000000000000, -1.000000000000000888, -6.299999999999999822 ) ) ;
#2846 = DIRECTION ( 'NONE',  ( 1.000000000000000000, -0.000000000000000000, 0.000000000000000000 ) ) ;
#2847 = CARTESIAN_POINT ( 'NONE',  ( 5.350804235495735028, 24.39919576450418148, -3.805569409420743732 ) ) ;
#2848 = CARTESIAN_POINT ( 'NONE',  ( 28.79393716901656575, 7.898982466084791376, -7.970675825415574067 ) ) ;
#2849 = VERTEX_POINT ( 'NONE', #4811 ) ;
#2850 = CARTESIAN_POINT ( 'NONE',  ( 28.18861172600587750, 11.99684303690914611, -6.863565176539565549 ) ) ;
#2851 = ORIENTED_EDGE ( 'NONE', *, *, #1698, .T. ) ;
#2852 = EDGE_CURVE ( 'NONE', #5129, #5137, #1000, .T. ) ;
#2853 = ADVANCED_FACE ( 'NONE', ( #3195 ), #4347, .F. ) ;
#2854 = DIRECTION ( 'NONE',  ( -0.000000000000000000, -0.000000000000000000, -1.000000000000000000 ) ) ;
#2855 = ORIENTED_EDGE ( 'NONE', *, *, #2760, .F. ) ;
#2856 = CARTESIAN_POINT ( 'NONE',  ( -23.38919346846483904, -0.4079509084312801792, -27.61551882439173511 ) ) ;
#2857 = CARTESIAN_POINT ( 'NONE',  ( 27.85107593452420716, 8.029625136606062696, -7.947117254055901192 ) ) ;
#2858 = CARTESIAN_POINT ( 'NONE',  ( 1.667424305044146848, 1.000000000000000000, -6.299999999999999822 ) ) ;
#2859 = CARTESIAN_POINT ( 'NONE',  ( 27.67080399329670470, 12.64310125417807740, -12.62053383189069145 ) ) ;
#2860 = ORIENTED_EDGE ( 'NONE', *, *, #2272, .T. ) ;
#2861 = ORIENTED_EDGE ( 'NONE', *, *, #2014, .F. ) ;
#2862 = CARTESIAN_POINT ( 'NONE',  ( 17.00000000000000000, -8.000000000000000000, -11.30000000000000071 ) ) ;
#2863 = CARTESIAN_POINT ( 'NONE',  ( -28.89828961453125800, 26.72340826418485804, -9.879946024219188772 ) ) ;
#2864 = CARTESIAN_POINT ( 'NONE',  ( -30.75000000000000000, 10.00000000000006395, -30.00000000000000000 ) ) ;
#2865 = CARTESIAN_POINT ( 'NONE',  ( 28.07050000000000267, 22.67423583211419214, -8.000000000000000000 ) ) ;
#2866 = ORIENTED_EDGE ( 'NONE', *, *, #6286, .F. ) ;
#2867 = CARTESIAN_POINT ( 'NONE',  ( 28.77014463147206413, 12.25253538911379714, -12.76964496269546601 ) ) ;
#2868 = CARTESIAN_POINT ( 'NONE',  ( 27.67162983674047183, 12.54923385591488127, -12.65694066434980058 ) ) ;
#2869 = CARTESIAN_POINT ( 'NONE',  ( 28.06560478394339953, 17.02585196283517988, -4.499145311147321635 ) ) ;
#2870 = CARTESIAN_POINT ( 'NONE',  ( -29.70787377985618960, 24.48642568405701070, -11.44892163730913204 ) ) ;
#2871 = ORIENTED_EDGE ( 'NONE', *, *, #997, .T. ) ;
#2872 = DIRECTION ( 'NONE',  ( 1.000000000000000000, 0.000000000000000000, -0.000000000000000000 ) ) ;
#2873 = ORIENTED_EDGE ( 'NONE', *, *, #4912, .T. ) ;
#2874 = CARTESIAN_POINT ( 'NONE',  ( 5.999999999999998224, -13.00000000000000178, -21.30000000000000782 ) ) ;
#2875 = DIRECTION ( 'NONE',  ( 0.000000000000000000, 0.000000000000000000, 1.000000000000000000 ) ) ;
#2876 = CARTESIAN_POINT ( 'NONE',  ( -27.54999999999999716, 18.03595177168029196, -6.247511052948983235 ) ) ;
#2877 = CARTESIAN_POINT ( 'NONE',  ( 28.44024466081142677, 13.17143507755224263, -6.408240205593108918 ) ) ;
#2878 = ORIENTED_EDGE ( 'NONE', *, *, #6050, .T. ) ;
#2879 = CARTESIAN_POINT ( 'NONE',  ( 28.43109600086484434, 12.00881105645899183, -6.859251625994635226 ) ) ;
#2880 = ORIENTED_EDGE ( 'NONE', *, *, #3200, .T. ) ;
#2881 = AXIS2_PLACEMENT_3D ( 'NONE', #1202, #3404, #3582 ) ;
#2882 = FACE_BOUND ( 'NONE', #2111, .T. ) ;
#2883 = EDGE_LOOP ( 'NONE', ( #6252, #4170 ) ) ;
#2884 = DIRECTION ( 'NONE',  ( 0.000000000000000000, 0.000000000000000000, -1.000000000000000000 ) ) ;
#2885 = VECTOR ( 'NONE', #894, 1000.000000000000000 ) ;
#2886 = CARTESIAN_POINT ( 'NONE',  ( -40.00000000000000000, -8.000000000000000000, -16.30000000000000071 ) ) ;
#2887 = CARTESIAN_POINT ( 'NONE',  ( 6.000000000000001776, -8.000000000000000000, -21.30000000000000782 ) ) ;
#2888 = CARTESIAN_POINT ( 'NONE',  ( 26.87050000000000338, 22.67423583211419214, -1.999999999999999556 ) ) ;
#2889 = CARTESIAN_POINT ( 'NONE',  ( 27.67054978685249012, 12.59551600588105735, -12.63900869930550641 ) ) ;
#2890 = AXIS2_PLACEMENT_3D ( 'NONE', #1234, #3471, #4938 ) ;
#2891 = EDGE_LOOP ( 'NONE', ( #5490, #2984, #5310, #6498 ) ) ;
#2892 = ORIENTED_EDGE ( 'NONE', *, *, #3402, .F. ) ;
#2893 = CARTESIAN_POINT ( 'NONE',  ( 30.71595821802319293, 8.998936601598813922, -7.754044867305483812 ) ) ;
#2894 = CARTESIAN_POINT ( 'NONE',  ( -40.00000000000000000, -8.000000000000000000, -26.30000000000000426 ) ) ;
#2895 = ADVANCED_FACE ( 'NONE', ( #4923 ), #6587, .F. ) ;
#2896 = DIRECTION ( 'NONE',  ( 0.000000000000000000, 0.000000000000000000, -1.000000000000000000 ) ) ;
#2897 = CARTESIAN_POINT ( 'NONE',  ( 27.67051078594784386, 17.59203583794506898, -4.166427610601193265 ) ) ;
#2898 = ORIENTED_EDGE ( 'NONE', *, *, #2341, .T. ) ;
#2899 = EDGE_CURVE ( 'NONE', #3825, #4770, #1107, .T. ) ;
#2900 = CARTESIAN_POINT ( 'NONE',  ( 27.88400358364677345, 12.12953255725070179, -12.81519290823117707 ) ) ;
#2901 = CARTESIAN_POINT ( 'NONE',  ( 28.61888805804857583, 12.09893825061199024, -12.82640641522976921 ) ) ;
#2902 = CARTESIAN_POINT ( 'NONE',  ( 4.000000000000000000, 26.00000000000000355, -4.765994983667008356 ) ) ;
#2903 = CARTESIAN_POINT ( 'NONE',  ( 5.999999999999998224, -13.00000000000000178, -6.299999999999999822 ) ) ;
#2904 = ORIENTED_EDGE ( 'NONE', *, *, #1124, .T. ) ;
#2905 = ORIENTED_EDGE ( 'NONE', *, *, #5084, .T. ) ;
#2906 = EDGE_CURVE ( 'NONE', #4529, #6914, #6551, .T. ) ;
#2907 = DIRECTION ( 'NONE',  ( 1.000000000000000000, -0.000000000000000000, 0.000000000000000000 ) ) ;
#2908 = DIRECTION ( 'NONE',  ( -0.000000000000000000, -1.000000000000000000, -0.000000000000000000 ) ) ;
#2909 = DIRECTION ( 'NONE',  ( -0.000000000000000000, -0.000000000000000000, 1.000000000000000000 ) ) ;
#2910 = AXIS2_PLACEMENT_3D ( 'NONE', #223, #118, #5192 ) ;
#2911 = CARTESIAN_POINT ( 'NONE',  ( 27.68328388656197703, 7.729954806967901604, -7.999788556549399132 ) ) ;
#2912 = ORIENTED_EDGE ( 'NONE', *, *, #5157, .F. ) ;
#2913 = ORIENTED_EDGE ( 'NONE', *, *, #115, .F. ) ;
#2914 = CARTESIAN_POINT ( 'NONE',  ( 27.71935026059894369, 12.35494185265306477, -6.731139189080738383 ) ) ;
#2915 = EDGE_LOOP ( 'NONE', ( #3365, #1025, #5242, #6700, #1753, #1143, #4892 ) ) ;
#2916 = DIRECTION ( 'NONE',  ( 0.000000000000000000, 0.000000000000000000, 1.000000000000000000 ) ) ;
#2917 = ORIENTED_EDGE ( 'NONE', *, *, #1835, .T. ) ;
#2918 = VECTOR ( 'NONE', #1494, 999.9999999999998863 ) ;
#2919 = DIRECTION ( 'NONE',  ( 0.000000000000000000, 0.5446390350150287496, -0.8386705679454229401 ) ) ;
#2920 = CARTESIAN_POINT ( 'NONE',  ( 28.87050000000000338, 7.595164061971811265, -8.022048358173565319 ) ) ;
#2921 = PERSON_AND_ORGANIZATION ( #4292, #6492 ) ;
#2922 = B_SPLINE_CURVE_WITH_KNOTS ( 'NONE', 3,
 ( #2594, #3740, #2735, #995, #6546, #1607 ),
 .UNSPECIFIED., .F., .F.,
 ( 4, 2, 4 ),
 ( 1.734723475976807094E-18, 0.0002071140386641555863, 0.0004142280773283094379 ),
 .UNSPECIFIED. ) ;
#2923 = DIRECTION ( 'NONE',  ( 0.000000000000000000, 0.5446390350150316362, -0.8386705679454210527 ) ) ;
#2924 = CARTESIAN_POINT ( 'NONE',  ( 19.00000000000000355, -8.000000000000000000, -7.200000000000001066 ) ) ;
#2925 = EDGE_CURVE ( 'NONE', #3928, #6661, #5897, .T. ) ;
#2926 = CIRCLE ( 'NONE', #849, 10.99999999999999645 ) ;
#2927 = VECTOR ( 'NONE', #6541, 1000.000000000000000 ) ;
#2928 = CARTESIAN_POINT ( 'NONE',  ( 27.68806214774484786, 12.73676737716522567, -12.58374338274624904 ) ) ;
#2929 = ORIENTED_EDGE ( 'NONE', *, *, #2058, .T. ) ;
#2930 = ORIENTED_EDGE ( 'NONE', *, *, #6812, .T. ) ;
#2931 = AXIS2_PLACEMENT_3D ( 'NONE', #290, #1907, #5611 ) ;
#2932 = CARTESIAN_POINT ( 'NONE',  ( 19.75000000000000000, 9.999999999999998224, -30.00000000000000000 ) ) ;
#2933 = LINE ( 'NONE', #838, #4505 ) ;
#2934 = PLANE ( 'NONE',  #271 ) ;
#2935 = B_SPLINE_CURVE_WITH_KNOTS ( 'NONE', 3,
 ( #5225, #4145, #4580, #4041, #3037, #6350, #6199, #2893, #1844, #3507 ),
 .UNSPECIFIED., .F., .F.,
 ( 4, 2, 2, 2, 4 ),
 ( 7.019884347899449578E-15, 0.003070568052601386003, 0.003838210065749976529, 0.004605852078898569658, 0.006141136105195756784 ),
 .UNSPECIFIED. ) ;
#2936 = PLANE ( 'NONE',  #5890 ) ;
#2937 = VERTEX_POINT ( 'NONE', #31 ) ;
#2938 = DIRECTION ( 'NONE',  ( 0.000000000000000000, 0.000000000000000000, 1.000000000000000000 ) ) ;
#2939 = ADVANCED_FACE ( 'NONE', ( #2222 ), #2081, .T. ) ;
#2940 = CARTESIAN_POINT ( 'NONE',  ( 25.07050000000000267, 25.67423583211418858, -0.9999999999999978906 ) ) ;
#2941 = EDGE_CURVE ( 'NONE', #973, #6982, #3816, .T. ) ;
#2942 = CARTESIAN_POINT ( 'NONE',  ( 11.71372919964819381, 32.64565663597156231, -3.999999999999998224 ) ) ;
#2943 = LINE ( 'NONE', #230, #6519 ) ;
#2944 = ADVANCED_FACE ( 'NONE', ( #6478 ), #1549, .T. ) ;
#2945 = CARTESIAN_POINT ( 'NONE',  ( -29.50148018028168551, 25.67596147618287716, -10.67642806152066370 ) ) ;
#2946 = ORIENTED_EDGE ( 'NONE', *, *, #4734, .T. ) ;
#2947 = DIRECTION ( 'NONE',  ( 0.6425946703262656046, 0.6425946703262650495, 0.4173058582581325449 ) ) ;
#2948 = CARTESIAN_POINT ( 'NONE',  ( 28.18903678176398131, 13.18849367241190507, -6.401174616416522412 ) ) ;
#2949 = DIRECTION ( 'NONE',  ( -1.000000000000000000, -0.000000000000000000, -0.000000000000000000 ) ) ;
#2950 = CARTESIAN_POINT ( 'NONE',  ( 28.86566205091875403, 12.68044189782959563, -6.605925704235796836 ) ) ;
#2951 = VERTEX_POINT ( 'NONE', #6517 ) ;
#2952 = AXIS2_PLACEMENT_3D ( 'NONE', #1634, #3828, #4609 ) ;
#2953 = VERTEX_POINT ( 'NONE', #3779 ) ;
#2954 = CARTESIAN_POINT ( 'NONE',  ( 27.67065888326233036, 12.58430551945026465, -6.643359550583157969 ) ) ;
#2955 = ORIENTED_EDGE ( 'NONE', *, *, #6428, .F. ) ;
#2956 = DIRECTION ( 'NONE',  ( 0.000000000000000000, 0.000000000000000000, -1.000000000000000000 ) ) ;
#2957 = DIRECTION ( 'NONE',  ( 0.000000000000000000, 5.480694194524166577E-17, -1.000000000000000000 ) ) ;
#2958 = PLANE ( 'NONE',  #853 ) ;
#2959 = AXIS2_PLACEMENT_3D ( 'NONE', #1060, #6574, #2798 ) ;
#2960 = CARTESIAN_POINT ( 'NONE',  ( 28.21666268996638038, 8.196473013702961552, -13.91595363993847201 ) ) ;
#2961 = CARTESIAN_POINT ( 'NONE',  ( -30.75000000000000000, -1.163391710504513732, -27.74839882961637372 ) ) ;
#2962 = CARTESIAN_POINT ( 'NONE',  ( -30.76000000000000512, 0.9999999999999852340, -19.00118481360497924 ) ) ;
#2963 = CARTESIAN_POINT ( 'NONE',  ( 6.113729199648194168, 32.64565663597156231, -3.999999999999998224 ) ) ;
#2964 = VERTEX_POINT ( 'NONE', #5963 ) ;
#2965 = ORIENTED_EDGE ( 'NONE', *, *, #1479, .T. ) ;
#2966 = LINE ( 'NONE', #5766, #5401 ) ;
#2967 = CARTESIAN_POINT ( 'NONE',  ( -29.14359284340300249, 26.31317565079074328, -9.523654964655996480 ) ) ;
#2968 = CARTESIAN_POINT ( 'NONE',  ( 30.75000000000000711, 14.67832282967800772, -6.221018944837362952 ) ) ;
#2969 = CARTESIAN_POINT ( 'NONE',  ( 27.47050000000000125, 22.67423583211419214, -8.000000000000000000 ) ) ;
#2970 = ORIENTED_EDGE ( 'NONE', *, *, #3329, .T. ) ;
#2971 = CARTESIAN_POINT ( 'NONE',  ( -25.54999999999999716, 10.75418123488904421, -14.66674816303236639 ) ) ;
#2972 = CARTESIAN_POINT ( 'NONE',  ( -13.00000000000000178, 23.48398829616374428, -10.39991208871210127 ) ) ;
#2973 = CARTESIAN_POINT ( 'NONE',  ( -19.33257569495584605, 1.000000000000000000, -6.299999999999999822 ) ) ;
#2974 = DIRECTION ( 'NONE',  ( 0.000000000000000000, -0.000000000000000000, -1.000000000000000000 ) ) ;
#2975 = CARTESIAN_POINT ( 'NONE',  ( -29.26626669143173132, 25.62324174707182678, -10.71066465391840516 ) ) ;
#2976 = EDGE_CURVE ( 'NONE', #5726, #1644, #4744, .T. ) ;
#2977 = EDGE_LOOP ( 'NONE', ( #2372, #6819, #3709, #3772 ) ) ;
#2978 = ADVANCED_FACE ( 'NONE', ( #1652 ), #7095, .T. ) ;
#2979 = CARTESIAN_POINT ( 'NONE',  ( 4.000000000000000000, 0.000000000000000000, 0.000000000000000000 ) ) ;
#2980 = DIRECTION ( 'NONE',  ( 0.000000000000000000, 0.000000000000000000, -1.000000000000000000 ) ) ;
#2981 = CARTESIAN_POINT ( 'NONE',  ( 24.33257569495584249, 0.000000000000000000, -30.00000000000000000 ) ) ;
#2982 = CARTESIAN_POINT ( 'NONE',  ( 19.00000000000000355, -8.000000000000001776, -16.30000000000000071 ) ) ;
#2983 = ADVANCED_FACE ( 'NONE', ( #3847 ), #6035, .T. ) ;
#2984 = ORIENTED_EDGE ( 'NONE', *, *, #6812, .F. ) ;
#2985 = VERTEX_POINT ( 'NONE', #6692 ) ;
#2986 = DIRECTION ( 'NONE',  ( -1.000000000000000000, 0.000000000000000000, 0.000000000000000000 ) ) ;
#2987 = ORIENTED_EDGE ( 'NONE', *, *, #5989, .T. ) ;
#2988 = CARTESIAN_POINT ( 'NONE',  ( 28.07050000000000267, 25.67423583211418858, -8.000000000000000000 ) ) ;
#2989 = ORIENTED_EDGE ( 'NONE', *, *, #992, .F. ) ;
#2990 = EDGE_CURVE ( 'NONE', #5324, #61, #2318, .T. ) ;
#2991 = DIRECTION ( 'NONE',  ( 0.000000000000000000, 0.000000000000000000, -1.000000000000000000 ) ) ;
#2992 = LINE ( 'NONE', #6408, #1049 ) ;
#2993 = CYLINDRICAL_SURFACE ( 'NONE', #5536, 0.6000000000000007550 ) ;
#2994 = FACE_OUTER_BOUND ( 'NONE', #2335, .T. ) ;
#2995 = DIRECTION ( 'NONE',  ( 0.000000000000000000, 1.000000000000000000, 0.000000000000000000 ) ) ;
#2996 = VECTOR ( 'NONE', #5469, 1000.000000000000000 ) ;
#2997 = ORIENTED_EDGE ( 'NONE', *, *, #3509, .F. ) ;
#2998 = VECTOR ( 'NONE', #965, 1000.000000000000000 ) ;
#2999 = ORIENTED_EDGE ( 'NONE', *, *, #3121, .T. ) ;
#3000 = CARTESIAN_POINT ( 'NONE',  ( -40.00000000000000000, -1.000000000000000000, -16.30000000000000071 ) ) ;
#3001 = CARTESIAN_POINT ( 'NONE',  ( -24.28230164404442704, 32.01703476033608808, -6.558486921772318290 ) ) ;
#3002 = AXIS2_PLACEMENT_3D ( 'NONE', #2932, #4113, #1809 ) ;
#3003 = VECTOR ( 'NONE', #1703, 1000.000000000000000 ) ;
#3004 = CARTESIAN_POINT ( 'NONE',  ( -0.2429552824828808966, 41.43052276528985089, -0.2824096229890988852 ) ) ;
#3005 = CARTESIAN_POINT ( 'NONE',  ( -19.75000000000000000, 9.999999999999991118, -30.00000000000000000 ) ) ;
#3006 = ORIENTED_EDGE ( 'NONE', *, *, #1443, .T. ) ;
#3007 = CARTESIAN_POINT ( 'NONE',  ( 28.14364946596016992, 8.206242687021628512, -13.91425257271911242 ) ) ;
#3008 = DIRECTION ( 'NONE',  ( -1.000000000000000000, 0.000000000000000000, -0.000000000000000000 ) ) ;
#3009 = CARTESIAN_POINT ( 'NONE',  ( -0.000000000000000000, -13.00000000000000178, -15.30000000000000071 ) ) ;
#3010 = CARTESIAN_POINT ( 'NONE',  ( -4.000000000000000000, 26.42784580695890995, -7.772349138819023118 ) ) ;
#3011 = CYLINDRICAL_SURFACE ( 'NONE', #3069, 15.00000000000000000 ) ;
#3012 = LINE ( 'NONE', #5201, #3731 ) ;
#3013 = EDGE_CURVE ( 'NONE', #5720, #980, #3485, .T. ) ;
#3014 = ORIENTED_EDGE ( 'NONE', *, *, #6899, .F. ) ;
#3015 = CARTESIAN_POINT ( 'NONE',  ( 13.66742430504414330, 1.000000000000000000, -6.299999999999999822 ) ) ;
#3016 = LINE ( 'NONE', #6841, #4388 ) ;
#3017 = AXIS2_PLACEMENT_3D ( 'NONE', #4947, #6682, #1275 ) ;
#3018 = FACE_OUTER_BOUND ( 'NONE', #2636, .T. ) ;
#3019 = ORIENTED_EDGE ( 'NONE', *, *, #414, .T. ) ;
#3020 = ORIENTED_EDGE ( 'NONE', *, *, #6730, .F. ) ;
#3021 = CARTESIAN_POINT ( 'NONE',  ( 7.667424305044145072, 1.000000000000000000, -7.299999999999999822 ) ) ;
#3022 = VERTEX_POINT ( 'NONE', #4524 ) ;
#3023 = CARTESIAN_POINT ( 'NONE',  ( 0.2065119901104481848, 41.29391447579435948, -0.5340107933727252787 ) ) ;
#3024 = VERTEX_POINT ( 'NONE', #3882 ) ;
#3025 = EDGE_CURVE ( 'NONE', #3642, #6892, #1756, .T. ) ;
#3026 = DIRECTION ( 'NONE',  ( 0.9225792374703881693, -0.3498285625815276689, -0.1626884365611127037 ) ) ;
#3027 = EDGE_CURVE ( 'NONE', #2008, #4003, #707, .T. ) ;
#3028 = VECTOR ( 'NONE', #4358, 1000.000000000000000 ) ;
#3029 = DIRECTION ( 'NONE',  ( 0.000000000000000000, 1.000000000000000000, 0.000000000000000000 ) ) ;
#3030 = LINE ( 'NONE', #6444, #3975 ) ;
#3031 = CARTESIAN_POINT ( 'NONE',  ( 28.60472803206918613, 18.09145964090038916, -3.862077965690749348 ) ) ;
#3032 = EDGE_CURVE ( 'NONE', #4628, #3447, #7039, .T. ) ;
#3033 = LINE ( 'NONE', #2050, #4856 ) ;
#3034 = VERTEX_POINT ( 'NONE', #5099 ) ;
#3035 = VECTOR ( 'NONE', #3140, 1000.000000000000000 ) ;
#3036 = ORIENTED_EDGE ( 'NONE', *, *, #3655, .T. ) ;
#3037 = CARTESIAN_POINT ( 'NONE',  ( 30.46537808568692896, 7.500874627358883551, -8.038608668646935129 ) ) ;
#3038 = CARTESIAN_POINT ( 'NONE',  ( -29.35402884301885251, 25.87419941480817798, -8.847690838919268330 ) ) ;
#3039 = CARTESIAN_POINT ( 'NONE',  ( -13.00000000000000178, 2.000000000000002665, -20.35177722040744897 ) ) ;
#3040 = EDGE_CURVE ( 'NONE', #4756, #1827, #673, .T. ) ;
#3041 = CARTESIAN_POINT ( 'NONE',  ( -30.75000000000000355, -8.000000000000000000, -23.85000000000000497 ) ) ;
#3042 = DIRECTION ( 'NONE',  ( 0.000000000000000000, 0.000000000000000000, 1.000000000000000000 ) ) ;
#3043 = VECTOR ( 'NONE', #3948, 1000.000000000000000 ) ;
#3044 = CARTESIAN_POINT ( 'NONE',  ( -24.47050000000000125, 25.67423583211418858, -0.9999999999999978906 ) ) ;
#3045 = VECTOR ( 'NONE', #3082, 1000.000000000000000 ) ;
#3046 = DIRECTION ( 'NONE',  ( 1.000000000000000000, -0.000000000000000000, 0.000000000000000000 ) ) ;
#3047 = AXIS2_PLACEMENT_3D ( 'NONE', #6375, #1444, #3636 ) ;
#3048 = DIRECTION ( 'NONE',  ( 0.000000000000000000, 0.000000000000000000, -1.000000000000000000 ) ) ;
#3049 = CARTESIAN_POINT ( 'NONE',  ( -29.09665715643834005, 4.200000000000000178, -8.300000000000002487 ) ) ;
#3050 = CARTESIAN_POINT ( 'NONE',  ( -16.71372919964819559, 32.64565663597156231, -1.999999999999997780 ) ) ;
#3051 = ORIENTED_EDGE ( 'NONE', *, *, #5297, .F. ) ;
#3052 = CARTESIAN_POINT ( 'NONE',  ( 20.96191565963060199, 33.46357373260055112, -5.619093529326676162 ) ) ;
#3053 = CARTESIAN_POINT ( 'NONE',  ( 28.87050000000000338, 12.59266273373101797, -6.640117382443491145 ) ) ;
#3054 = LINE ( 'NONE', #313, #881 ) ;
#3055 = ORIENTED_EDGE ( 'NONE', *, *, #144, .T. ) ;
#3056 = ORIENTED_EDGE ( 'NONE', *, *, #5745, .T. ) ;
#3057 = CARTESIAN_POINT ( 'NONE',  ( 10.00000000000000178, -8.000000000000000000, -21.30000000000000426 ) ) ;
#3058 = EDGE_LOOP ( 'NONE', ( #2159, #1278, #5765, #5842 ) ) ;
#3059 = CARTESIAN_POINT ( 'NONE',  ( -19.74999999999993605, 0.9999999999999937828, -19.00118481360497213 ) ) ;
#3060 = CARTESIAN_POINT ( 'NONE',  ( -26.01791488260787943, -0.5366082894955397364, -27.69906990457361928 ) ) ;
#3061 = CARTESIAN_POINT ( 'NONE',  ( -27.52817459302551839, 2.221825406974473616, -18.20772211675409480 ) ) ;
#3062 = VECTOR ( 'NONE', #538, 1000.000000000000000 ) ;
#3063 = LINE ( 'NONE', #1407, #6747 ) ;
#3064 = LINE ( 'NONE', #1338, #2468 ) ;
#3065 = DIRECTION ( 'NONE',  ( 1.000000000000000000, -0.000000000000000000, 0.000000000000000000 ) ) ;
#3066 = EDGE_CURVE ( 'NONE', #688, #5254, #98, .T. ) ;
#3067 = ORIENTED_EDGE ( 'NONE', *, *, #1531, .T. ) ;
#3068 = DIRECTION ( 'NONE',  ( 0.000000000000000000, 0.000000000000000000, -1.000000000000000000 ) ) ;
#3069 = AXIS2_PLACEMENT_3D ( 'NONE', #2544, #5199, #2479 ) ;
#3070 = ORIENTED_EDGE ( 'NONE', *, *, #1241, .F. ) ;
#3071 = CARTESIAN_POINT ( 'NONE',  ( 4.667424305044145960, 0.000000000000000000, -6.299999999999999822 ) ) ;
#3072 = DIRECTION ( 'NONE',  ( -1.000000000000000000, -2.282530889443202028E-16, -1.482292891312300728E-16 ) ) ;
#3073 = EDGE_CURVE ( 'NONE', #2601, #1192, #5414, .T. ) ;
#3074 = CARTESIAN_POINT ( 'NONE',  ( -22.33257569495584605, 1.000000000000000000, -7.299999999999999822 ) ) ;
#3075 = PRODUCT_DEFINITION_SHAPE ( 'NONE', 'NONE',  #6071 ) ;
#3076 = LINE ( 'NONE', #4660, #3712 ) ;
#3077 = DATE_AND_TIME ( #1421, #5908 ) ;
#3078 = CARTESIAN_POINT ( 'NONE',  ( -21.06828128533735267, 33.58069290186367795, -5.367492358943050768 ) ) ;
#3079 = CARTESIAN_POINT ( 'NONE',  ( -27.49110199721294734, 7.441413319266881210, -9.565532916516794160 ) ) ;
#3080 = DIRECTION ( 'NONE',  ( 0.000000000000000000, 1.000000000000000000, 0.000000000000000000 ) ) ;
#3081 = CARTESIAN_POINT ( 'NONE',  ( -10.33257569495584960, 1.000000000000000000, -7.299999999999999822 ) ) ;
#3082 = DIRECTION ( 'NONE',  ( -1.000000000000000000, -0.000000000000000000, -0.000000000000000000 ) ) ;
#3083 = ORIENTED_EDGE ( 'NONE', *, *, #3541, .T. ) ;
#3084 = PLANE ( 'NONE',  #5517 ) ;
#3085 = CARTESIAN_POINT ( 'NONE',  ( 28.84348821361190218, 12.77230421111139336, -6.569715000849485342 ) ) ;
#3086 = CARTESIAN_POINT ( 'NONE',  ( -27.54999999999999716, 7.556605023150186895, -8.056899518726030607 ) ) ;
#3087 = ORIENTED_EDGE ( 'NONE', *, *, #3900, .T. ) ;
#3088 = ORIENTED_EDGE ( 'NONE', *, *, #6089, .F. ) ;
#3089 = DIRECTION ( 'NONE',  ( 1.000000000000000000, 0.000000000000000000, 0.000000000000000000 ) ) ;
#3090 = ADVANCED_FACE ( 'NONE', ( #3450 ), #6764, .F. ) ;
#3091 = ORIENTED_EDGE ( 'NONE', *, *, #5516, .T. ) ;
#3092 = DIRECTION ( 'NONE',  ( 1.000000000000000000, 0.000000000000000000, -0.000000000000000000 ) ) ;
#3093 = CARTESIAN_POINT ( 'NONE',  ( 27.73178649168534093, 17.86579883201670071, -10.00095645887412132 ) ) ;
#3094 = APPLICATION_CONTEXT ( 'configuration controlled 3d designs of mechanical parts and assemblies' ) ;
#3095 = CARTESIAN_POINT ( 'NONE',  ( -19.00000000000000355, -8.000000000000001776, -16.30000000000000071 ) ) ;
#3096 = CARTESIAN_POINT ( 'NONE',  ( 11.71372919964819381, 32.64565663597156231, -1.999999999999997780 ) ) ;
#3097 = DIRECTION ( 'NONE',  ( 0.000000000000000000, 1.000000000000000000, 0.000000000000000000 ) ) ;
#3098 = PLANE ( 'NONE',  #6122 ) ;
#3099 = ORIENTED_EDGE ( 'NONE', *, *, #2628, .T. ) ;
#3100 = DIRECTION ( 'NONE',  ( 0.000000000000000000, -1.000000000000000000, -1.173508046126371512E-16 ) ) ;
#3101 = VERTEX_POINT ( 'NONE', #1823 ) ;
#3102 = DIRECTION ( 'NONE',  ( -1.000000000000000000, -0.000000000000000000, -0.000000000000000000 ) ) ;
#3103 = CARTESIAN_POINT ( 'NONE',  ( -19.00000000000000355, -13.00000000000000178, -11.29999999999999893 ) ) ;
#3104 = DIRECTION ( 'NONE',  ( 0.000000000000000000, 0.000000000000000000, -1.000000000000000000 ) ) ;
#3105 = EDGE_CURVE ( 'NONE', #6663, #6310, #5635, .T. ) ;
#3106 = DIRECTION ( 'NONE',  ( 0.000000000000000000, 5.480694194524166577E-17, -1.000000000000000000 ) ) ;
#3107 = VERTEX_POINT ( 'NONE', #6657 ) ;
#3108 = VECTOR ( 'NONE', #1349, 1000.000000000000000 ) ;
#3109 = CARTESIAN_POINT ( 'NONE',  ( 27.67047901184050929, 17.58332603862209709, -10.17164731216542073 ) ) ;
#3110 = EDGE_CURVE ( 'NONE', #4241, #5209, #4451, .T. ) ;
#3111 = CLOSED_SHELL ( 'NONE', ( #4377, #4939, #4380, #6047, #6081, #4658, #2095, #1932, #1018, #847, #2139, #2177, #5740, #4497, #2508, #5304, #2714, #3732, #651, #2134, #1222, #6864, #5233, #3644, #6806, #4788, #2759 ) ) ;
#3112 = EDGE_CURVE ( 'NONE', #4458, #3825, #5743, .T. ) ;
#3113 = FACE_OUTER_BOUND ( 'NONE', #74, .T. ) ;
#3114 = CARTESIAN_POINT ( 'NONE',  ( -30.76000000000000156, -0.9999999999999785727, -19.44999999999999218 ) ) ;
#3115 = CARTESIAN_POINT ( 'NONE',  ( -27.45714249609124735, 2.151436147671463406, -17.40343343622502204 ) ) ;
#3116 = ORIENTED_EDGE ( 'NONE', *, *, #507, .T. ) ;
#3117 = CARTESIAN_POINT ( 'NONE',  ( 24.28230164404220304, 32.01703476034416695, -6.558486921770021461 ) ) ;
#3118 = CARTESIAN_POINT ( 'NONE',  ( 30.45000000000000284, -1.000000000000004441, -28.00000000000000000 ) ) ;
#3119 = DIRECTION ( 'NONE',  ( 0.9111948913690731677, -0.3455117849316529655, -0.2243779766738403514 ) ) ;
#3120 = VECTOR ( 'NONE', #6909, 1000.000000000000114 ) ;
#3121 = EDGE_CURVE ( 'NONE', #3215, #5854, #2438, .T. ) ;
#3122 = ORIENTED_EDGE ( 'NONE', *, *, #402, .T. ) ;
#3123 = ORIENTED_EDGE ( 'NONE', *, *, #1747, .F. ) ;
#3124 = DIRECTION ( 'NONE',  ( 0.000000000000000000, 1.000000000000000000, 0.000000000000000000 ) ) ;
#3125 = ORIENTED_EDGE ( 'NONE', *, *, #3194, .F. ) ;
#3126 = DIRECTION ( 'NONE',  ( 0.000000000000000000, 1.000000000000000000, 0.000000000000000000 ) ) ;
#3127 = CARTESIAN_POINT ( 'NONE',  ( 27.83019819459357436, 17.99775718583562778, -3.919938840025277038 ) ) ;
#3128 = VECTOR ( 'NONE', #131, 1000.000000000000000 ) ;
#3129 = DIRECTION ( 'NONE',  ( -0.000000000000000000, -0.000000000000000000, -1.000000000000000000 ) ) ;
#3130 = CARTESIAN_POINT ( 'NONE',  ( -5.999999999999998224, -1.000000000000000000, -6.299999999999999822 ) ) ;
#3131 = ORIENTED_EDGE ( 'NONE', *, *, #4122, .F. ) ;
#3132 = CARTESIAN_POINT ( 'NONE',  ( -12.31372919964819701, 32.64565663597156231, -1.999999999999997780 ) ) ;
#3133 = ORIENTED_EDGE ( 'NONE', *, *, #162, .F. ) ;
#3134 = CYLINDRICAL_SURFACE ( 'NONE', #6134, 0.5999999999999998668 ) ;
#3135 = ORIENTED_EDGE ( 'NONE', *, *, #5745, .F. ) ;
#3136 = APPROVAL_PERSON_ORGANIZATION ( #2454, #4266, #6642 ) ;
#3137 = CARTESIAN_POINT ( 'NONE',  ( -27.47050000000000125, 25.67423583211418858, -8.000000000000000000 ) ) ;
#3138 = CARTESIAN_POINT ( 'NONE',  ( -40.00000000000000000, 0.000000000000000000, -6.299999999999999822 ) ) ;
#3139 = EDGE_CURVE ( 'NONE', #6685, #6283, #4095, .T. ) ;
#3140 = DIRECTION ( 'NONE',  ( -0.000000000000000000, -0.000000000000000000, 1.000000000000000000 ) ) ;
#3141 = AXIS2_PLACEMENT_3D ( 'NONE', #4612, #6815, #1874 ) ;
#3142 = CARTESIAN_POINT ( 'NONE',  ( 10.66742430504414507, 1.000000000000000000, -7.299999999999999822 ) ) ;
#3143 = DIRECTION ( 'NONE',  ( -1.000000000000000000, 0.000000000000000000, 0.000000000000000000 ) ) ;
#3144 = VERTEX_POINT ( 'NONE', #1934 ) ;
#3145 = CARTESIAN_POINT ( 'NONE',  ( -22.33257569495584605, 0.000000000000000000, -7.299999999999999822 ) ) ;
#3146 = VECTOR ( 'NONE', #3829, 1000.000000000000000 ) ;
#3147 = CARTESIAN_POINT ( 'NONE',  ( 29.07909819314842537, 26.43955841370622650, -9.442855584483135445 ) ) ;
#3148 = DIRECTION ( 'NONE',  ( 0.000000000000000000, 0.000000000000000000, -1.000000000000000000 ) ) ;
#3149 = CARTESIAN_POINT ( 'NONE',  ( -17.00000000000000000, -8.000000000000000000, -11.30000000000000071 ) ) ;
#3150 = VECTOR ( 'NONE', #4677, 1000.000000000000000 ) ;
#3151 = ORIENTED_EDGE ( 'NONE', *, *, #6505, .F. ) ;
#3152 = CIRCLE ( 'NONE', #3260, 0.6000000000000033085 ) ;
#3153 = EDGE_CURVE ( 'NONE', #4390, #2227, #4631, .T. ) ;
#3154 = B_SPLINE_CURVE_WITH_KNOTS ( 'NONE', 3,
 ( #2026, #1346, #399, #5260 ),
 .UNSPECIFIED., .F., .F.,
 ( 4, 4 ),
 ( 0.000000000000000000, 0.0006222491860618975090 ),
 .UNSPECIFIED. ) ;
#3155 = CARTESIAN_POINT ( 'NONE',  ( -30.25688980507469594, 23.97819199619590336, -10.07897245332490677 ) ) ;
#3156 = CARTESIAN_POINT ( 'NONE',  ( 0.000000000000000000, 1.000000000000000000, 0.000000000000000000 ) ) ;
#3157 = VECTOR ( 'NONE', #3102, 1000.000000000000000 ) ;
#3158 = EDGE_CURVE ( 'NONE', #2, #2348, #5272, .T. ) ;
#3159 = LINE ( 'NONE', #5953, #5768 ) ;
#3160 = CARTESIAN_POINT ( 'NONE',  ( -25.54999999999999716, 7.556605021875746786, -8.056899506062222827 ) ) ;
#3161 = ORIENTED_EDGE ( 'NONE', *, *, #4571, .F. ) ;
#3162 = ORIENTED_EDGE ( 'NONE', *, *, #1921, .T. ) ;
#3163 = DIRECTION ( 'NONE',  ( -1.000000000000000000, 0.000000000000000000, 0.000000000000000000 ) ) ;
#3164 = VERTEX_POINT ( 'NONE', #1465 ) ;
#3165 = CARTESIAN_POINT ( 'NONE',  ( 0.000000000000000000, 39.43052276528985089, 0.000000000000000000 ) ) ;
#3166 = CARTESIAN_POINT ( 'NONE',  ( 27.67075707267593643, 17.65954704256778385, -10.12596877634667969 ) ) ;
#3167 = CARTESIAN_POINT ( 'NONE',  ( -19.75000000000000000, 9.999999999999991118, -6.299999999999999822 ) ) ;
#3168 = CARTESIAN_POINT ( 'NONE',  ( 22.66742430504413974, 1.000000000000000000, -7.299999999999999822 ) ) ;
#3169 = ORIENTED_EDGE ( 'NONE', *, *, #2357, .T. ) ;
#3170 = CARTESIAN_POINT ( 'NONE',  ( -44.51466876546569296, 24.53271399805512587, -11.41886165472244485 ) ) ;
#3171 = ORIENTED_EDGE ( 'NONE', *, *, #1964, .T. ) ;
#3172 = FACE_OUTER_BOUND ( 'NONE', #5270, .T. ) ;
#3173 = ORIENTED_EDGE ( 'NONE', *, *, #5673, .F. ) ;
#3174 = LINE ( 'NONE', #3753, #3843 ) ;
#3175 = LINE ( 'NONE', #5939, #6861 ) ;
#3176 = PLANE ( 'NONE',  #2577 ) ;
#3177 = DIRECTION ( 'NONE',  ( -0.3545520856891611339, 0.9350362658921126391, 0.000000000000000000 ) ) ;
#3178 = VECTOR ( 'NONE', #5075, 1000.000000000000000 ) ;
#3179 = EDGE_CURVE ( 'NONE', #3248, #2554, #1860, .T. ) ;
#3180 = ORIENTED_EDGE ( 'NONE', *, *, #1121, .F. ) ;
#3181 = DIRECTION ( 'NONE',  ( -0.000000000000000000, 0.8386705679454210527, 0.5446390350150316362 ) ) ;
#3182 = DIRECTION ( 'NONE',  ( -1.000000000000000000, 0.000000000000000000, 0.000000000000000000 ) ) ;
#3183 = LINE ( 'NONE', #1598, #45 ) ;
#3184 = DIRECTION ( 'NONE',  ( 0.000000000000000000, 0.000000000000000000, -1.000000000000000000 ) ) ;
#3185 = ORIENTED_EDGE ( 'NONE', *, *, #3032, .F. ) ;
#3186 = CARTESIAN_POINT ( 'NONE',  ( 4.667424305044145960, 1.000000000000000000, -7.299999999999999822 ) ) ;
#3187 = LINE ( 'NONE', #3768, #1284 ) ;
#3188 = CARTESIAN_POINT ( 'NONE',  ( 5.999999999999998224, -2.000000000000000000, -16.30000000000000071 ) ) ;
#3189 = VERTEX_POINT ( 'NONE', #1433 ) ;
#3190 = ORIENTED_EDGE ( 'NONE', *, *, #6371, .F. ) ;
#3191 = ORIENTED_EDGE ( 'NONE', *, *, #4425, .F. ) ;
#3192 = CARTESIAN_POINT ( 'NONE',  ( -17.00000000000000000, -8.000000000000000000, -11.30000000000000071 ) ) ;
#3193 = CARTESIAN_POINT ( 'NONE',  ( 28.21666268996638038, 8.196473013702961552, -13.91595363993847201 ) ) ;
#3194 = EDGE_CURVE ( 'NONE', #815, #6796, #3016, .T. ) ;
#3195 = FACE_OUTER_BOUND ( 'NONE', #440, .T. ) ;
#3196 = CARTESIAN_POINT ( 'NONE',  ( -22.33257569495584960, 0.000000000000000000, -6.299999999999999822 ) ) ;
#3197 = VERTEX_POINT ( 'NONE', #3628 ) ;
#3198 = CARTESIAN_POINT ( 'NONE',  ( 27.67054646866404255, 7.596505835454902211, -8.021829085288475270 ) ) ;
#3199 = EDGE_LOOP ( 'NONE', ( #6651, #1374 ) ) ;
#3200 = EDGE_CURVE ( 'NONE', #6803, #1502, #2587, .T. ) ;
#3201 = EDGE_CURVE ( 'NONE', #4479, #4508, #5240, .T. ) ;
#3202 = CARTESIAN_POINT ( 'NONE',  ( 4.667424305044145960, 1.000000000000000000, -6.299999999999999822 ) ) ;
#3203 = ORIENTED_EDGE ( 'NONE', *, *, #4694, .T. ) ;
#3204 = FACE_OUTER_BOUND ( 'NONE', #5623, .T. ) ;
#3205 = DIRECTION ( 'NONE',  ( 1.000000000000000000, 0.000000000000000000, 0.000000000000000000 ) ) ;
#3206 = FACE_OUTER_BOUND ( 'NONE', #3877, .T. ) ;
#3207 = CARTESIAN_POINT ( 'NONE',  ( 22.68404877942298725, -0.6273515565434906183, -27.75799927122533362 ) ) ;
#3208 = CARTESIAN_POINT ( 'NONE',  ( 27.90223657053809347, 17.71241796002372837, -10.09193424508108805 ) ) ;
#3209 = ADVANCED_FACE ( 'NONE', ( #1969 ), #312, .T. ) ;
#3210 = EDGE_LOOP ( 'NONE', ( #4556, #4814 ) ) ;
#3211 = CARTESIAN_POINT ( 'NONE',  ( 13.00000000000000533, 2.000000000000006217, -20.35177722040744541 ) ) ;
#3212 = FACE_OUTER_BOUND ( 'NONE', #4126, .T. ) ;
#3213 = CARTESIAN_POINT ( 'NONE',  ( 0.4105870041691341288, 41.25633718388314719, -0.5584137720716636499 ) ) ;
#3214 = CARTESIAN_POINT ( 'NONE',  ( 27.73897420345197418, 17.30497439282216021, -4.336830904471997705 ) ) ;
#3215 = VERTEX_POINT ( 'NONE', #1325 ) ;
#3216 = ORIENTED_EDGE ( 'NONE', *, *, #747, .F. ) ;
#3217 = VECTOR ( 'NONE', #4330, 1000.000000000000000 ) ;
#3218 = AXIS2_PLACEMENT_3D ( 'NONE', #95, #2290, #525 ) ;
#3219 = LINE ( 'NONE', #986, #3680 ) ;
#3220 = CIRCLE ( 'NONE', #2425, 0.3000000000000016542 ) ;
#3221 = LINE ( 'NONE', #7117, #1978 ) ;
#3222 = CARTESIAN_POINT ( 'NONE',  ( 15.09999999999999609, -1.000000000000000000, -26.30000000000000782 ) ) ;
#3223 = EDGE_CURVE ( 'NONE', #1502, #4770, #5306, .T. ) ;
#3224 = CARTESIAN_POINT ( 'NONE',  ( -10.00000000000000178, -13.00000000000000178, -26.30000000000000426 ) ) ;
#3225 = AXIS2_PLACEMENT_3D ( 'NONE', #4560, #6762, #5204 ) ;
#3226 = ORIENTED_EDGE ( 'NONE', *, *, #3945, .F. ) ;
#3227 = ORIENTED_EDGE ( 'NONE', *, *, #6533, .T. ) ;
#3228 = DIRECTION ( 'NONE',  ( 0.000000000000000000, 0.000000000000000000, 1.000000000000000000 ) ) ;
#3229 = EDGE_LOOP ( 'NONE', ( #6339, #2122, #1999, #1899 ) ) ;
#3230 = DIRECTION ( 'NONE',  ( 0.000000000000000000, 1.000000000000000000, 0.000000000000000000 ) ) ;
#3231 = CARTESIAN_POINT ( 'NONE',  ( 1.667424305044146848, 1.000000000000000000, -7.299999999999999822 ) ) ;
#3232 = CARTESIAN_POINT ( 'NONE',  ( 29.59228011985309692, 4.248101247718138573, -22.89184319986247118 ) ) ;
#3233 = CARTESIAN_POINT ( 'NONE',  ( 6.039613253960847478E-15, 41.29391447579435948, -0.5340107933727252787 ) ) ;
#3234 = ORIENTED_EDGE ( 'NONE', *, *, #3598, .F. ) ;
#3235 = CARTESIAN_POINT ( 'NONE',  ( 28.75222852666556861, 7.228779596881587999, -8.078497012092908491 ) ) ;
#3236 = EDGE_LOOP ( 'NONE', ( #5681, #1373, #3191, #5035, #2866, #1503, #482, #1794 ) ) ;
#3237 = EDGE_CURVE ( 'NONE', #3593, #4398, #2402, .T. ) ;
#3238 = VECTOR ( 'NONE', #3705, 999.9999999999998863 ) ;
#3239 = EDGE_CURVE ( 'NONE', #1986, #6537, #6799, .T. ) ;
#3240 = CARTESIAN_POINT ( 'NONE',  ( 27.75729543561214996, 7.277294505274460867, -8.071402666672675252 ) ) ;
#3241 = ORIENTED_EDGE ( 'NONE', *, *, #2119, .F. ) ;
#3242 = CARTESIAN_POINT ( 'NONE',  ( -23.29437224289515029, -0.4381871501104192546, -27.09257353617042341 ) ) ;
#3243 = DIRECTION ( 'NONE',  ( 1.000000000000000000, 0.000000000000000000, 0.000000000000000000 ) ) ;
#3244 = CARTESIAN_POINT ( 'NONE',  ( 27.68655545798667461, 7.733036364676593166, -7.999209401197436620 ) ) ;
#3245 = EDGE_CURVE ( 'NONE', #4422, #1787, #1535, .T. ) ;
#3246 = CARTESIAN_POINT ( 'NONE',  ( 29.43697913750165540, 4.573988804516621265, -24.38020934594948130 ) ) ;
#3247 = CARTESIAN_POINT ( 'NONE',  ( 28.63453319059281199, 17.96121232169697279, -9.941538009861211833 ) ) ;
#3248 = VERTEX_POINT ( 'NONE', #4839 ) ;
#3249 = CARTESIAN_POINT ( 'NONE',  ( 27.68865768246408621, 17.42759576986290071, -10.26450309188839327 ) ) ;
#3250 = EDGE_CURVE ( 'NONE', #889, #3376, #3187, .T. ) ;
#3251 = AXIS2_PLACEMENT_3D ( 'NONE', #5043, #1299, #108 ) ;
#3252 = CARTESIAN_POINT ( 'NONE',  ( 28.04124182936009291, 18.14860625047712617, -9.826603840378657750 ) ) ;
#3253 = CARTESIAN_POINT ( 'NONE',  ( 28.85159303224847704, 26.63969455226697747, -10.02644998106248408 ) ) ;
#3254 = CARTESIAN_POINT ( 'NONE',  ( 27.67063823135961087, 17.57462419388527053, -4.176857496551363624 ) ) ;
#3255 = ORIENTED_EDGE ( 'NONE', *, *, #10, .T. ) ;
#3256 = VECTOR ( 'NONE', #5659, 1000.000000000000000 ) ;
#3257 = DIRECTION ( 'NONE',  ( -0.000000000000000000, -1.000000000000000000, -0.000000000000000000 ) ) ;
#3258 = LINE ( 'NONE', #3801, #18 ) ;
#3259 = AXIS2_PLACEMENT_3D ( 'NONE', #1761, #2373, #2262 ) ;
#3260 = AXIS2_PLACEMENT_3D ( 'NONE', #4036, #1768, #5541 ) ;
#3261 = CARTESIAN_POINT ( 'NONE',  ( -26.55745873335687435, 19.04070221547346620, -3.557851528852201461 ) ) ;
#3262 = ORIENTED_EDGE ( 'NONE', *, *, #5978, .T. ) ;
#3263 = ORIENTED_EDGE ( 'NONE', *, *, #1201, .T. ) ;
#3264 = DIRECTION ( 'NONE',  ( 0.000000000000000000, 0.000000000000000000, -1.000000000000000000 ) ) ;
#3265 = ORIENTED_EDGE ( 'NONE', *, *, #1539, .T. ) ;
#3266 = VECTOR ( 'NONE', #2024, 1000.000000000000000 ) ;
#3267 = DIRECTION ( 'NONE',  ( 0.000000000000000000, 5.480694194524166577E-17, -1.000000000000000000 ) ) ;
#3268 = CARTESIAN_POINT ( 'NONE',  ( 28.71055688888727886, 18.00271893867481410, -9.916916534082570678 ) ) ;
#3269 = DIRECTION ( 'NONE',  ( 0.000000000000000000, -0.8386705679454218298, -0.5446390350150305260 ) ) ;
#3270 = DIRECTION ( 'NONE',  ( -1.000000000000000000, 1.156482317317871764E-14, 7.510283982648910024E-15 ) ) ;
#3271 = VECTOR ( 'NONE', #4569, 1000.000000000000000 ) ;
#3272 =( BOUNDED_CURVE ( )  B_SPLINE_CURVE ( 3, ( #318, #5928, #998, #5827 ),
 .UNSPECIFIED., .F., .T. ) 
 B_SPLINE_CURVE_WITH_KNOTS ( ( 4, 4 ),
 ( 0.000000000000000000, 1.000000000000000000 ),
 .UNSPECIFIED. ) 
 CURVE ( )  GEOMETRIC_REPRESENTATION_ITEM ( )  RATIONAL_B_SPLINE_CURVE ( ( 1.000000000000000000, 0.9492530216746368765, 0.9492530216746368765, 1.000000000000000000 ) ) 
 REPRESENTATION_ITEM ( '' )  );
#3273 = EDGE_LOOP ( 'NONE', ( #2501, #4022, #1900, #1243 ) ) ;
#3274 = CARTESIAN_POINT ( 'NONE',  ( 13.00000000000000533, 26.00000000000000355, -8.765994983667008356 ) ) ;
#3275 = ORIENTED_EDGE ( 'NONE', *, *, #646, .T. ) ;
#3276 = EDGE_CURVE ( 'NONE', #5956, #1138, #478, .T. ) ;
#3277 = CARTESIAN_POINT ( 'NONE',  ( 27.84345830108942366, 7.173695928668344379, -8.086352686342772600 ) ) ;
#3278 = EDGE_LOOP ( 'NONE', ( #3305, #6723, #2530, #6885 ) ) ;
#3279 = FACE_OUTER_BOUND ( 'NONE', #3851, .T. ) ;
#3280 = CARTESIAN_POINT ( 'NONE',  ( 5.000000000000000000, -1.000000000000000000, -22.30000000000000426 ) ) ;
#3281 = LINE ( 'NONE', #1081, #3062 ) ;
#3282 = EDGE_CURVE ( 'NONE', #4234, #4158, #1499, .T. ) ;
#3283 = CARTESIAN_POINT ( 'NONE',  ( 26.51001392094801545, 1.203664734843971074, -26.05542148465585228 ) ) ;
#3284 = EDGE_CURVE ( 'NONE', #2951, #2130, #3258, .T. ) ;
#3285 = CARTESIAN_POINT ( 'NONE',  ( 27.65535239899294240, 17.95600655942997648, -9.946797155447956840 ) ) ;
#3286 = EDGE_CURVE ( 'NONE', #5732, #559, #3320, .T. ) ;
#3287 = EDGE_LOOP ( 'NONE', ( #4141, #5694 ) ) ;
#3288 = PLANE ( 'NONE',  #2652 ) ;
#3289 = CARTESIAN_POINT ( 'NONE',  ( -30.56962396665061377, 7.999826915570069197, -7.953948428868302223 ) ) ;
#3290 = ADVANCED_FACE ( 'NONE', ( #442 ), #6507, .F. ) ;
#3291 = CARTESIAN_POINT ( 'NONE',  ( -19.00000000000000355, -8.000000000000000000, -11.30000000000000071 ) ) ;
#3292 = FACE_OUTER_BOUND ( 'NONE', #2532, .T. ) ;
#3293 = VECTOR ( 'NONE', #1509, 1000.000000000000000 ) ;
#3294 = CARTESIAN_POINT ( 'NONE',  ( 27.94742611682491784, 17.08456940989355743, -4.465251360743376807 ) ) ;
#3295 = ORIENTED_EDGE ( 'NONE', *, *, #6518, .T. ) ;
#3296 = EDGE_CURVE ( 'NONE', #4079, #5684, #5987, .T. ) ;
#3297 = ADVANCED_FACE ( 'NONE', ( #3735 ), #5885, .F. ) ;
#3298 = CARTESIAN_POINT ( 'NONE',  ( 28.67592386126483106, 12.14484358610644499, -12.80957403463692934 ) ) ;
#3299 = CIRCLE ( 'NONE', #1459, 0.5999999999999998668 ) ;
#3300 = B_SPLINE_CURVE_WITH_KNOTS ( 'NONE', 2,
 ( #6213, #1358, #3555 ),
 .UNSPECIFIED., .F., .F.,
 ( 3, 3 ),
 ( 0.5003369724647872552, 0.5012704252935178406 ),
 .UNSPECIFIED. ) ;
#3301 = CARTESIAN_POINT ( 'NONE',  ( 28.83287716555542701, 12.38354094226790103, -6.720313872482541306 ) ) ;
#3302 = CARTESIAN_POINT ( 'NONE',  ( 30.75000000000000000, 20.79024394941491494, -13.50758273566796674 ) ) ;
#3303 = PLANE ( 'NONE',  #6840 ) ;
#3304 = VERTEX_POINT ( 'NONE', #2106 ) ;
#3305 = ORIENTED_EDGE ( 'NONE', *, *, #4956, .T. ) ;
#3306 = CARTESIAN_POINT ( 'NONE',  ( -6.713729199648194701, 32.64565663597156231, -3.999999999999998224 ) ) ;
#3307 = ORIENTED_EDGE ( 'NONE', *, *, #565, .F. ) ;
#3308 = CARTESIAN_POINT ( 'NONE',  ( -24.33257569495584960, 0.000000000000000000, -8.300000000000000711 ) ) ;
#3309 = CARTESIAN_POINT ( 'NONE',  ( 17.00000000000000000, -8.000000000000000000, -11.30000000000000071 ) ) ;
#3310 = DIRECTION ( 'NONE',  ( -0.000000000000000000, -1.000000000000000000, -0.000000000000000000 ) ) ;
#3311 = CARTESIAN_POINT ( 'NONE',  ( -10.00000000000000178, -8.000000000000001776, -26.30000000000000426 ) ) ;
#3312 = ORIENTED_EDGE ( 'NONE', *, *, #5222, .F. ) ;
#3313 = CARTESIAN_POINT ( 'NONE',  ( 27.68967301160038019, 7.440026967105215050, -8.046719501861254287 ) ) ;
#3314 = VERTEX_POINT ( 'NONE', #4307 ) ;
#3315 = CARTESIAN_POINT ( 'NONE',  ( 27.68115237006035656, 7.464219353758794639, -14.04302114028424242 ) ) ;
#3316 = ORIENTED_EDGE ( 'NONE', *, *, #17, .F. ) ;
#3317 = DIRECTION ( 'NONE',  ( 0.000000000000000000, 0.000000000000000000, -1.000000000000000000 ) ) ;
#3318 = LINE ( 'NONE', #3855, #2419 ) ;
#3319 = DIRECTION ( 'NONE',  ( 0.000000000000000000, 0.000000000000000000, -1.000000000000000000 ) ) ;
#3320 =( BOUNDED_CURVE ( )  B_SPLINE_CURVE ( 3, ( #2620, #5343, #5375, #4802 ),
 .UNSPECIFIED., .F., .T. ) 
 B_SPLINE_CURVE_WITH_KNOTS ( ( 4, 4 ),
 ( 0.000000000000000000, 1.000000000000000000 ),
 .UNSPECIFIED. ) 
 CURVE ( )  GEOMETRIC_REPRESENTATION_ITEM ( )  RATIONAL_B_SPLINE_CURVE ( ( 1.000000000000000000, 0.9492530216746362104, 0.9492530216746362104, 1.000000000000000000 ) ) 
 REPRESENTATION_ITEM ( '' )  );
#3321 = DIRECTION ( 'NONE',  ( -1.000000000000000000, 0.000000000000000000, 0.000000000000000000 ) ) ;
#3322 = EDGE_CURVE ( 'NONE', #5378, #2194, #3159, .T. ) ;
#3323 = CARTESIAN_POINT ( 'NONE',  ( 28.38764901862766266, 18.20285671422827534, -9.793155983321941704 ) ) ;
#3324 = ORIENTED_EDGE ( 'NONE', *, *, #5530, .F. ) ;
#3325 = CARTESIAN_POINT ( 'NONE',  ( 26.94444296453580634, 29.88296966318166525, -7.944365000241235819 ) ) ;
#3326 = CARTESIAN_POINT ( 'NONE',  ( 24.48568251867381562, 32.28486430235998483, -6.192182872303250818 ) ) ;
#3327 = DIRECTION ( 'NONE',  ( -1.000000000000000000, 0.000000000000000000, 0.000000000000000000 ) ) ;
#3328 = CARTESIAN_POINT ( 'NONE',  ( 28.41290647777266187, 17.00370870850438365, -4.511899112541329693 ) ) ;
#3329 = EDGE_CURVE ( 'NONE', #6545, #1580, #2667, .T. ) ;
#3330 = DIRECTION ( 'NONE',  ( -1.000000000000000000, 0.000000000000000000, 0.000000000000000000 ) ) ;
#3331 = EDGE_CURVE ( 'NONE', #5861, #5854, #3221, .T. ) ;
#3332 = CARTESIAN_POINT ( 'NONE',  ( 28.49685214617849383, 12.03296651370676962, -12.85048235424157959 ) ) ;
#3333 = CARTESIAN_POINT ( 'NONE',  ( -16.11372919964819417, 32.64565663597156231, -1.999999999999997780 ) ) ;
#3334 = EDGE_CURVE ( 'NONE', #6685, #1867, #3587, .T. ) ;
#3335 = CARTESIAN_POINT ( 'NONE',  ( -27.54999999999999716, 19.99231428492968732, -5.023205613750910459 ) ) ;
#3336 = CIRCLE ( 'NONE', #2068, 2.550000000000000266 ) ;
#3337 = ORIENTED_EDGE ( 'NONE', *, *, #363, .F. ) ;
#3338 = ORIENTED_EDGE ( 'NONE', *, *, #7023, .T. ) ;
#3339 = CARTESIAN_POINT ( 'NONE',  ( 28.88515455479554817, 7.233492268256118685, -14.07944469897200079 ) ) ;
#3340 = VERTEX_POINT ( 'NONE', #7084 ) ;
#3341 = DIRECTION ( 'NONE',  ( 0.000000000000000000, 0.000000000000000000, 1.000000000000000000 ) ) ;
#3342 = VECTOR ( 'NONE', #50, 999.9999999999998863 ) ;
#3343 = CARTESIAN_POINT ( 'NONE',  ( -4.000000000000000000, 27.82709091528521839, -7.579468269818595338 ) ) ;
#3344 = CARTESIAN_POINT ( 'NONE',  ( 27.68870879518339478, 12.74456463591285704, -6.580695268886271876 ) ) ;
#3345 = CIRCLE ( 'NONE', #2074, 1.000000000000000888 ) ;
#3346 = EDGE_CURVE ( 'NONE', #4881, #4775, #4264, .T. ) ;
#3347 = CARTESIAN_POINT ( 'NONE',  ( 27.73597711353362882, 12.87489670300635325, -12.52893653830290788 ) ) ;
#3348 = ORIENTED_EDGE ( 'NONE', *, *, #3027, .F. ) ;
#3349 = CARTESIAN_POINT ( 'NONE',  ( 27.89099724061122032, 12.12171151320040252, -6.818091926594568086 ) ) ;
#3350 = ORIENTED_EDGE ( 'NONE', *, *, #162, .T. ) ;
#3351 = CARTESIAN_POINT ( 'NONE',  ( 28.64153272103635928, 7.118785988301126189, -8.094146423345696562 ) ) ;
#3352 = VERTEX_POINT ( 'NONE', #2729 ) ;
#3353 = CARTESIAN_POINT ( 'NONE',  ( -21.23132333161122531, -0.9254499803615424680, -27.95158665117164887 ) ) ;
#3354 = CARTESIAN_POINT ( 'NONE',  ( 28.47819592955373480, 8.158069383354282778, -13.92323168924684218 ) ) ;
#3355 = MANIFOLD_SOLID_BREP ( '\X2\570689d2\X0\13', #2069 ) ;
#3356 = CYLINDRICAL_SURFACE ( 'NONE', #6131, 1.000000000000000888 ) ;
#3357 = CARTESIAN_POINT ( 'NONE',  ( -1.332575694955852263, 1.000000000000000000, -6.299999999999999822 ) ) ;
#3358 = VECTOR ( 'NONE', #238, 999.9999999999998863 ) ;
#3359 = ORIENTED_EDGE ( 'NONE', *, *, #699, .T. ) ;
#3360 = DIRECTION ( 'NONE',  ( -1.000000000000000000, -0.000000000000000000, -0.000000000000000000 ) ) ;
#3361 = LINE ( 'NONE', #2894, #6094 ) ;
#3362 = AXIS2_PLACEMENT_3D ( 'NONE', #1262, #2204, #762 ) ;
#3363 = DIRECTION ( 'NONE',  ( 1.000000000000000000, 0.000000000000000000, 0.000000000000000000 ) ) ;
#3364 = CARTESIAN_POINT ( 'NONE',  ( 28.72903120381863218, 17.19441524080377448, -4.401526422981310915 ) ) ;
#3365 = ORIENTED_EDGE ( 'NONE', *, *, #3492, .T. ) ;
#3366 = CARTESIAN_POINT ( 'NONE',  ( 27.70043201998400306, 12.39363158258312048, -12.71656971318705764 ) ) ;
#3367 = AXIS2_PLACEMENT_3D ( 'NONE', #1487, #6896, #6387 ) ;
#3368 = CARTESIAN_POINT ( 'NONE',  ( 28.23371971121785506, 11.99034120439987561, -6.865918678703925693 ) ) ;
#3369 = CARTESIAN_POINT ( 'NONE',  ( 24.47050000000000125, 25.67423583211418858, -1.999999999999997780 ) ) ;
#3370 = CARTESIAN_POINT ( 'NONE',  ( -27.28626016652287234, 19.44700391266471229, -4.183501277095399651 ) ) ;
#3371 = ADVANCED_FACE ( 'NONE', ( #4772 ), #4045, .F. ) ;
#3372 = ORIENTED_EDGE ( 'NONE', *, *, #6899, .T. ) ;
#3373 = EDGE_LOOP ( 'NONE', ( #1155, #5046, #4808, #2265 ) ) ;
#3374 = VECTOR ( 'NONE', #2675, 1000.000000000000000 ) ;
#3375 = CARTESIAN_POINT ( 'NONE',  ( 28.39022216173772861, 7.963628063394253331, -13.95632777441068129 ) ) ;
#3376 = VERTEX_POINT ( 'NONE', #2282 ) ;
#3377 = ADVANCED_FACE ( 'NONE', ( #4474 ), #4407, .F. ) ;
#3378 = DIRECTION ( 'NONE',  ( 0.000000000000000000, 0.000000000000000000, -1.000000000000000000 ) ) ;
#3379 = CARTESIAN_POINT ( 'NONE',  ( 28.35883117983272328, 18.18362379070315171, -3.804779776279237247 ) ) ;
#3380 = AXIS2_PLACEMENT_3D ( 'NONE', #2768, #3042, #4695 ) ;
#3381 = VECTOR ( 'NONE', #5338, 1000.000000000000000 ) ;
#3382 = DIRECTION ( 'NONE',  ( 0.6425946703262657156, -0.6425946703262649384, -0.4173058582581324893 ) ) ;
#3383 = CARTESIAN_POINT ( 'NONE',  ( 28.60882191021423893, 13.09190973736971308, -6.440986188978352622 ) ) ;
#3384 = ORIENTED_EDGE ( 'NONE', *, *, #1307, .T. ) ;
#3385 = CARTESIAN_POINT ( 'NONE',  ( 27.75489949778550880, 12.28523306042033880, -6.757358735850393927 ) ) ;
#3386 = AXIS2_PLACEMENT_3D ( 'NONE', #2219, #3881, #488 ) ;
#3387 = EDGE_LOOP ( 'NONE', ( #4829, #1496, #474, #1167, #5606, #515 ) ) ;
#3388 = AXIS2_PLACEMENT_3D ( 'NONE', #3050, #5236, #309 ) ;
#3389 = CARTESIAN_POINT ( 'NONE',  ( 28.00513409254235953, 7.057036813858719171, -8.102678893866393395 ) ) ;
#3390 = VERTEX_POINT ( 'NONE', #2762 ) ;
#3391 = CARTESIAN_POINT ( 'NONE',  ( -28.62864148943355147, 3.355706343529701208, -25.17137122677601013 ) ) ;
#3392 = AXIS2_PLACEMENT_3D ( 'NONE', #6958, #5361, #1006 ) ;
#3393 = CARTESIAN_POINT ( 'NONE',  ( 28.41631933544269373, 8.180900073069434342, -13.91892522544087463 ) ) ;
#3394 = LINE ( 'NONE', #2382, #740 ) ;
#3395 = CARTESIAN_POINT ( 'NONE',  ( 28.81590650338566917, 12.85165613127453632, -12.53822190078971666 ) ) ;
#3396 = ORIENTED_EDGE ( 'NONE', *, *, #6595, .F. ) ;
#3397 = ORIENTED_EDGE ( 'NONE', *, *, #6004, .T. ) ;
#3398 = LINE ( 'NONE', #12, #814 ) ;
#3399 = DIRECTION ( 'NONE',  ( -1.000000000000000000, 0.000000000000000000, 0.000000000000000000 ) ) ;
#3400 = LINE ( 'NONE', #1777, #5436 ) ;
#3401 = DIRECTION ( 'NONE',  ( 0.000000000000000000, 0.5446390350150316362, -0.8386705679454210527 ) ) ;
#3402 = EDGE_CURVE ( 'NONE', #4278, #1645, #6962, .T. ) ;
#3403 = VERTEX_POINT ( 'NONE', #1678 ) ;
#3404 = DIRECTION ( 'NONE',  ( 0.000000000000000000, -1.000000000000000000, 0.000000000000000000 ) ) ;
#3405 = VECTOR ( 'NONE', #5206, 1000.000000000000000 ) ;
#3406 = CARTESIAN_POINT ( 'NONE',  ( 28.43083763164981548, 12.01050486919153037, -6.858617111998514204 ) ) ;
#3407 = CARTESIAN_POINT ( 'NONE',  ( 17.00000000000000000, -8.000000000000000000, -11.30000000000000071 ) ) ;
#3408 = FACE_OUTER_BOUND ( 'NONE', #7024, .T. ) ;
#3409 = ORIENTED_EDGE ( 'NONE', *, *, #4724, .T. ) ;
#3410 = VERTEX_POINT ( 'NONE', #4089 ) ;
#3411 = CARTESIAN_POINT ( 'NONE',  ( 28.14722346522249552, 7.717375408235193746, -13.99800935335258600 ) ) ;
#3412 = ORIENTED_EDGE ( 'NONE', *, *, #1839, .T. ) ;
#3413 = VECTOR ( 'NONE', #4156, 1000.000000000000000 ) ;
#3414 = CARTESIAN_POINT ( 'NONE',  ( -6.713729199648194701, 32.64565663597156231, -3.999999999999998224 ) ) ;
#3415 = CARTESIAN_POINT ( 'NONE',  ( 22.66742430504413974, 1.000000000000000000, -6.299999999999999822 ) ) ;
#3416 = DIRECTION ( 'NONE',  ( 0.000000000000000000, 0.000000000000000000, 1.000000000000000000 ) ) ;
#3417 = CARTESIAN_POINT ( 'NONE',  ( -27.54999999999999716, 19.06473392857881421, -5.631028736303075100 ) ) ;
#3418 = CARTESIAN_POINT ( 'NONE',  ( 28.84164486505683911, 12.78815238871200499, -6.563514353645566679 ) ) ;
#3419 = EDGE_CURVE ( 'NONE', #408, #3197, #5234, .T. ) ;
#3420 = VERTEX_POINT ( 'NONE', #1927 ) ;
#3421 = CARTESIAN_POINT ( 'NONE',  ( 28.06927712927749141, 12.02613038500411946, -6.852949582673221407 ) ) ;
#3422 = ORIENTED_EDGE ( 'NONE', *, *, #6328, .F. ) ;
#3423 = DIRECTION ( 'NONE',  ( 1.000000000000000000, 0.000000000000000000, 0.000000000000000000 ) ) ;
#3424 = VERTEX_POINT ( 'NONE', #2973 ) ;
#3425 = EDGE_CURVE ( 'NONE', #5684, #3483, #2543, .T. ) ;
#3426 = PLANE ( 'NONE',  #6719 ) ;
#3427 = PLANE ( 'NONE',  #2371 ) ;
#3428 = PLANE ( 'NONE',  #648 ) ;
#3429 = LINE ( 'NONE', #6779, #4411 ) ;
#3430 = EDGE_CURVE ( 'NONE', #2279, #2157, #4053, .T. ) ;
#3431 = DIRECTION ( 'NONE',  ( 0.000000000000000000, 0.000000000000000000, 1.000000000000000000 ) ) ;
#3432 = ORIENTED_EDGE ( 'NONE', *, *, #5526, .F. ) ;
#3433 = ORIENTED_EDGE ( 'NONE', *, *, #72, .T. ) ;
#3434 = CARTESIAN_POINT ( 'NONE',  ( 13.00000000000000533, -1.000000000000000000, -22.30000000000000426 ) ) ;
#3435 = LINE ( 'NONE', #113, #6449 ) ;
#3436 = AXIS2_PLACEMENT_3D ( 'NONE', #1043, #977, #3243 ) ;
#3437 = LINE ( 'NONE', #5014, #151 ) ;
#3438 = ADVANCED_FACE ( 'NONE', ( #335 ), #307, .F. ) ;
#3439 = FACE_OUTER_BOUND ( 'NONE', #7035, .T. ) ;
#3440 = ORIENTED_EDGE ( 'NONE', *, *, #2718, .T. ) ;
#3441 = CARTESIAN_POINT ( 'NONE',  ( 12.31372919964819701, 32.64565663597156231, -3.999999999999998224 ) ) ;
#3442 = CARTESIAN_POINT ( 'NONE',  ( 27.84061133674667587, 12.17409883513065338, -12.79871491758298774 ) ) ;
#3443 = DIRECTION ( 'NONE',  ( 0.000000000000000000, -1.000000000000000000, 0.000000000000000000 ) ) ;
#3444 = DIRECTION ( 'NONE',  ( 0.000000000000000000, 0.000000000000000000, 1.000000000000000000 ) ) ;
#3445 = ORIENTED_EDGE ( 'NONE', *, *, #2053, .T. ) ;
#3446 = CARTESIAN_POINT ( 'NONE',  ( 28.88694155756889970, 6.988264641921150044, -14.11643422364109490 ) ) ;
#3447 = VERTEX_POINT ( 'NONE', #2478 ) ;
#3448 = DIRECTION ( 'NONE',  ( -1.000000000000000000, -0.000000000000000000, -0.000000000000000000 ) ) ;
#3449 = EDGE_CURVE ( 'NONE', #119, #3537, #3583, .T. ) ;
#3450 = FACE_OUTER_BOUND ( 'NONE', #5151, .T. ) ;
#3451 = FACE_OUTER_BOUND ( 'NONE', #3229, .T. ) ;
#3452 = CARTESIAN_POINT ( 'NONE',  ( 28.55484140798209935, 13.12465870519847222, -6.427522066208315898 ) ) ;
#3453 = ORIENTED_EDGE ( 'NONE', *, *, #874, .T. ) ;
#3454 = ORIENTED_EDGE ( 'NONE', *, *, #646, .F. ) ;
#3455 = CARTESIAN_POINT ( 'NONE',  ( 27.67701600299458420, 12.50370306049378044, -6.674469681083087913 ) ) ;
#3456 = ORIENTED_EDGE ( 'NONE', *, *, #6282, .F. ) ;
#3457 = VECTOR ( 'NONE', #3733, 1000.000000000000000 ) ;
#3458 = DIRECTION ( 'NONE',  ( 0.000000000000000000, 0.000000000000000000, -1.000000000000000000 ) ) ;
#3459 = VERTEX_POINT ( 'NONE', #4193 ) ;
#3460 = CARTESIAN_POINT ( 'NONE',  ( 27.66333611491596045, 11.98478678026648758, -12.86792430713889956 ) ) ;
#3461 = VECTOR ( 'NONE', #4056, 1000.000000000000000 ) ;
#3462 = CARTESIAN_POINT ( 'NONE',  ( 28.02058694035992659, 8.144844895520868988, -13.92573230660596728 ) ) ;
#3463 = CARTESIAN_POINT ( 'NONE',  ( -30.71424903366290238, 20.59016140544467532, -2.188299892660783286 ) ) ;
#3464 = CARTESIAN_POINT ( 'NONE',  ( 20.49347850961395423, -1.000000000006828538, -28.00000000001213252 ) ) ;
#3465 = CARTESIAN_POINT ( 'NONE',  ( 28.12174166089620186, 13.17392941654027538, -12.40719763101238016 ) ) ;
#3466 = EDGE_CURVE ( 'NONE', #1206, #1463, #5735, .T. ) ;
#3467 = EDGE_CURVE ( 'NONE', #508, #963, #2511, .T. ) ;
#3468 = EDGE_LOOP ( 'NONE', ( #4454, #2783, #3633, #4520 ) ) ;
#3469 = ORIENTED_EDGE ( 'NONE', *, *, #1249, .T. ) ;
#3470 = CARTESIAN_POINT ( 'NONE',  ( -40.00000000000000000, -1.000000000000000000, -26.30000000000000426 ) ) ;
#3471 = DIRECTION ( 'NONE',  ( 1.000000000000000000, 0.000000000000000000, -0.000000000000000000 ) ) ;
#3472 = ADVANCED_FACE ( 'NONE', ( #5814 ), #5198, .F. ) ;
#3473 = DIRECTION ( 'NONE',  ( -1.000000000000000000, -0.000000000000000000, -0.000000000000000000 ) ) ;
#3474 = DIRECTION ( 'NONE',  ( -1.000000000000000000, -1.334402673828313339E-16, -8.665712287671780119E-17 ) ) ;
#3475 = EDGE_LOOP ( 'NONE', ( #3775, #6439, #6236, #4055, #5535, #4874 ) ) ;
#3476 = CARTESIAN_POINT ( 'NONE',  ( 17.31372919964819346, 32.64565663597156231, -3.999999999999998224 ) ) ;
#3477 = VECTOR ( 'NONE', #6330, 1000.000000000000000 ) ;
#3478 = PLANE ( 'NONE',  #693 ) ;
#3479 = CARTESIAN_POINT ( 'NONE',  ( 0.000000000000000000, -13.00000000000000178, 0.000000000000000000 ) ) ;
#3480 = CARTESIAN_POINT ( 'NONE',  ( 27.67051078594780122, 17.59203596629860300, -4.166427825003252039 ) ) ;
#3481 = DIRECTION ( 'NONE',  ( -1.000000000000000000, -5.129558665522904258E-16, -3.331174347142703358E-16 ) ) ;
#3482 = ORIENTED_EDGE ( 'NONE', *, *, #5259, .T. ) ;
#3483 = VERTEX_POINT ( 'NONE', #229 ) ;
#3484 = DIRECTION ( 'NONE',  ( -0.000000000000000000, 0.8386705679454229401, 0.5446390350150286386 ) ) ;
#3485 = LINE ( 'NONE', #2847, #934 ) ;
#3486 = CARTESIAN_POINT ( 'NONE',  ( -29.35402884301885251, 25.87419941480817798, -8.847690838919268330 ) ) ;
#3487 = VECTOR ( 'NONE', #5872, 1000.000000000000000 ) ;
#3488 = CARTESIAN_POINT ( 'NONE',  ( 28.60882191021423893, 13.09190973736971308, -12.44098618921934118 ) ) ;
#3489 = ORIENTED_EDGE ( 'NONE', *, *, #5130, .F. ) ;
#3490 = EDGE_LOOP ( 'NONE', ( #1931, #4568, #4341, #3019 ) ) ;
#3491 = CARTESIAN_POINT ( 'NONE',  ( 27.69662672700114214, 12.41591909674770022, -6.708035230125140025 ) ) ;
#3492 = EDGE_CURVE ( 'NONE', #6523, #4398, #5777, .T. ) ;
#3493 = ORIENTED_EDGE ( 'NONE', *, *, #4774, .F. ) ;
#3494 = DIRECTION ( 'NONE',  ( 0.000000000000000000, 1.000000000000000000, 0.000000000000000000 ) ) ;
#3495 = CARTESIAN_POINT ( 'NONE',  ( 12.05077364674784057, 37.00000000000001421, -1.999999999999998224 ) ) ;
#3496 = AXIS2_PLACEMENT_3D ( 'NONE', #6609, #1635, #4942 ) ;
#3497 = CARTESIAN_POINT ( 'NONE',  ( -19.74999999999992184, -1.000000000000004441, -19.44999999988165129 ) ) ;
#3498 = CARTESIAN_POINT ( 'NONE',  ( 28.41631933544269373, 8.180900073069434342, -7.918925225305685878 ) ) ;
#3499 = DATE_AND_TIME ( #4683, #2330 ) ;
#3500 = CARTESIAN_POINT ( 'NONE',  ( -10.00000000000000178, -13.00000000000000178, -6.299999999999999822 ) ) ;
#3501 = CARTESIAN_POINT ( 'NONE',  ( 15.00000000000000000, -1.000000000000000000, -26.30000000000000426 ) ) ;
#3502 = AXIS2_PLACEMENT_3D ( 'NONE', #813, #5669, #6832 ) ;
#3503 = CARTESIAN_POINT ( 'NONE',  ( 27.81862416991737419, 12.99381784617438385, -12.48101499327878372 ) ) ;
#3504 = ORIENTED_EDGE ( 'NONE', *, *, #2541, .T. ) ;
#3505 = ORIENTED_EDGE ( 'NONE', *, *, #987, .T. ) ;
#3506 = VECTOR ( 'NONE', #5936, 1000.000000000000000 ) ;
#3507 = CARTESIAN_POINT ( 'NONE',  ( 30.75000000000000711, 10.00000000001022293, -7.497835144917974759 ) ) ;
#3508 = CARTESIAN_POINT ( 'NONE',  ( -30.75000000000001421, 7.043627877288445305, -21.07640697963364573 ) ) ;
#3509 = EDGE_CURVE ( 'NONE', #1913, #1865, #6288, .T. ) ;
#3510 = CARTESIAN_POINT ( 'NONE',  ( 1.667424305044146848, 1.000000000000000000, -7.299999999999999822 ) ) ;
#3511 = CARTESIAN_POINT ( 'NONE',  ( 27.67054978685249012, 12.59551600588105735, -12.63900869930550641 ) ) ;
#3512 = ORIENTED_EDGE ( 'NONE', *, *, #6286, .T. ) ;
#3513 =( BOUNDED_SURFACE ( )  B_SPLINE_SURFACE ( 3, 2, ( 
 ( #3904, #4984, #4339 ),
 ( #2210, #1679, #4914 ),
 ( #1164, #6026, #59 ),
 ( #1097, #7085, #4308 ),
 ( #3302, #5954, #2143 ),
 ( #4948, #3874, #5453 ) ),
 .UNSPECIFIED., .F., .F., .F. ) 
 B_SPLINE_SURFACE_WITH_KNOTS ( ( 4, 2, 4 ),
 ( 3, 3 ),
 ( 1.076772330619425677, 1.323784328707161118, 1.570796326794896558 ),
 ( 0.000000000000000000, 1.000000000000000000 ),
 .UNSPECIFIED. ) 
 GEOMETRIC_REPRESENTATION_ITEM ( )  RATIONAL_B_SPLINE_SURFACE ( (
 ( 1.000000000000000000, 0.7931749152056543073, 1.000000000000000000),
 ( 1.000000000000000000, 0.7807327350646535713, 1.000000000000000000),
 ( 1.000000000000000000, 0.7671598896438066584, 1.000000000000000000),
 ( 1.000000000000000000, 0.7382759033145952499, 1.000000000000000000),
 ( 1.000000000000000000, 0.7229642346438918121, 1.000000000000000000),
 ( 1.000000000000000000, 0.7071067811865533459, 1.000000000000000000) ) ) 
 REPRESENTATION_ITEM ( '' )  SURFACE ( )  );
#3514 = CARTESIAN_POINT ( 'NONE',  ( -24.47050000000000125, 25.67423583211418858, -1.999999999999997780 ) ) ;
#3515 = LINE ( 'NONE', #2431, #1725 ) ;
#3516 = EDGE_CURVE ( 'NONE', #900, #6661, #811, .T. ) ;
#3517 = CARTESIAN_POINT ( 'NONE',  ( -30.75000000000000355, 21.74668258749526117, -11.52813160762681122 ) ) ;
#3518 = CARTESIAN_POINT ( 'NONE',  ( 28.65437655712352694, 17.12715802751041139, -4.440590615300817667 ) ) ;
#3519 = PLANE ( 'NONE',  #3502 ) ;
#3520 = ORIENTED_EDGE ( 'NONE', *, *, #6415, .T. ) ;
#3521 = EDGE_CURVE ( 'NONE', #1562, #6244, #5126, .T. ) ;
#3522 = CARTESIAN_POINT ( 'NONE',  ( 25.07050000000000267, 25.67423583211418858, -1.999999999999997780 ) ) ;
#3523 = CARTESIAN_POINT ( 'NONE',  ( 28.86807924484016397, 12.64674669880358593, -6.619065985904300398 ) ) ;
#3524 = LINE ( 'NONE', #4096, #3405 ) ;
#3525 = CARTESIAN_POINT ( 'NONE',  ( 27.90179187591759913, 8.075328371957052553, -7.938755005933852971 ) ) ;
#3526 = ORIENTED_EDGE ( 'NONE', *, *, #6393, .F. ) ;
#3527 = VECTOR ( 'NONE', #4773, 1000.000000000000000 ) ;
#3528 = EDGE_LOOP ( 'NONE', ( #3520, #6637 ) ) ;
#3529 = CARTESIAN_POINT ( 'NONE',  ( -25.54999999999999361, 8.744652529986556289, -7.830985084909348970 ) ) ;
#3530 = EDGE_LOOP ( 'NONE', ( #5116, #6866 ) ) ;
#3531 = CARTESIAN_POINT ( 'NONE',  ( 19.74999999999992895, 1.000000000000000000, -19.00118481360496503 ) ) ;
#3532 = ORIENTED_EDGE ( 'NONE', *, *, #6239, .F. ) ;
#3533 = CARTESIAN_POINT ( 'NONE',  ( 22.66742430504413974, 1.000000000000000000, -7.299999999999999822 ) ) ;
#3534 = FACE_OUTER_BOUND ( 'NONE', #3738, .T. ) ;
#3535 = CARTESIAN_POINT ( 'NONE',  ( 28.81722240160394932, 17.84659104542368624, -10.01263083280418442 ) ) ;
#3536 = CARTESIAN_POINT ( 'NONE',  ( 27.88757810911931756, 18.05401640158199328, -3.885240949664233057 ) ) ;
#3537 = VERTEX_POINT ( 'NONE', #6358 ) ;
#3538 = VERTEX_POINT ( 'NONE', #194 ) ;
#3539 = LINE ( 'NONE', #2350, #4484 ) ;
#3540 = DIRECTION ( 'NONE',  ( 0.000000000000000000, 0.000000000000000000, 1.000000000000000000 ) ) ;
#3541 = EDGE_CURVE ( 'NONE', #4805, #2694, #272, .T. ) ;
#3542 = CARTESIAN_POINT ( 'NONE',  ( 1.667424305044150401, 0.000000000000000000, -6.299999999999999822 ) ) ;
#3543 = DIRECTION ( 'NONE',  ( 0.000000000000000000, -0.5446390350150303039, 0.8386705679454220519 ) ) ;
#3544 = VERTEX_POINT ( 'NONE', #2432 ) ;
#3545 = FACE_OUTER_BOUND ( 'NONE', #1715, .T. ) ;
#3546 = LINE ( 'NONE', #1853, #3906 ) ;
#3547 = ADVANCED_FACE ( 'NONE', ( #4587 ), #1319, .T. ) ;
#3548 = DIRECTION ( 'NONE',  ( 0.000000000000000000, 0.000000000000000000, 1.000000000000000000 ) ) ;
#3549 = DIRECTION ( 'NONE',  ( 0.000000000000000000, 0.5446390350150317472, -0.8386705679454210527 ) ) ;
#3550 =( BOUNDED_SURFACE ( )  B_SPLINE_SURFACE ( 3, 2, ( 
 ( #4670, #1933, #3052 ),
 ( #4127, #7110, #4771 ),
 ( #6567, #3117, #1632 ),
 ( #6937, #5342, #3627 ),
 ( #342, #2516, #5238 ),
 ( #6877, #6327, #6973 ) ),
 .UNSPECIFIED., .F., .F., .F. ) 
 B_SPLINE_SURFACE_WITH_KNOTS ( ( 4, 2, 4 ),
 ( 3, 3 ),
 ( 0.3624349895795663801, 0.7222223881753618846, 1.082009786771157334 ),
 ( 0.000000000000000000, 1.000000000000000000 ),
 .UNSPECIFIED. ) 
 GEOMETRIC_REPRESENTATION_ITEM ( )  RATIONAL_B_SPLINE_SURFACE ( (
 ( 1.000000000000000000, 0.8686936311380256681, 1.000000000000000000),
 ( 1.000000000000000000, 0.8620357483320751912, 1.000000000000000000),
 ( 1.000000000000000000, 0.8521071741337578054, 1.000000000000000000),
 ( 1.000000000000000000, 0.8263823954174771558, 1.000000000000000000),
 ( 1.000000000000000000, 0.8105849210201113708, 1.000000000000000000),
 ( 1.000000000000000000, 0.7923818237706823364, 1.000000000000000000) ) ) 
 REPRESENTATION_ITEM ( '' )  SURFACE ( )  );
#3551 = CARTESIAN_POINT ( 'NONE',  ( -19.33257569495584605, 1.000000000000000000, -6.299999999999999822 ) ) ;
#3552 = VERTEX_POINT ( 'NONE', #4625 ) ;
#3553 = ADVANCED_FACE ( 'NONE', ( #6830 ), #1891, .F. ) ;
#3554 = EDGE_CURVE ( 'NONE', #6589, #5493, #4784, .T. ) ;
#3555 = CARTESIAN_POINT ( 'NONE',  ( -28.74999999999999645, 18.90303388366647397, -3.345860888075808059 ) ) ;
#3556 = EDGE_CURVE ( 'NONE', #5913, #1662, #1861, .T. ) ;
#3557 = CARTESIAN_POINT ( 'NONE',  ( -13.00000000000000178, 26.00000000000000355, -4.765994983667008356 ) ) ;
#3558 = DIRECTION ( 'NONE',  ( -0.000000000000000000, 0.8386705679454229401, 0.5446390350150286386 ) ) ;
#3559 = ORIENTED_EDGE ( 'NONE', *, *, #3425, .T. ) ;
#3560 = ORIENTED_EDGE ( 'NONE', *, *, #1700, .F. ) ;
#3561 = DIRECTION ( 'NONE',  ( 1.000000000000000000, -0.000000000000000000, 0.000000000000000000 ) ) ;
#3562 = ORIENTED_EDGE ( 'NONE', *, *, #6232, .T. ) ;
#3563 = PLANE ( 'NONE',  #3734 ) ;
#3564 = ORIENTED_EDGE ( 'NONE', *, *, #3239, .T. ) ;
#3565 = LINE ( 'NONE', #1334, #6490 ) ;
#3566 = ADVANCED_FACE ( 'NONE', ( #3212 ), #4298, .F. ) ;
#3567 = FACE_OUTER_BOUND ( 'NONE', #2843, .T. ) ;
#3568 = SHAPE_DEFINITION_REPRESENTATION ( #3075, #4639 ) ;
#3569 = CARTESIAN_POINT ( 'NONE',  ( 0.000000000000000000, -8.000000000000000000, -11.30000000000000071 ) ) ;
#3570 = CARTESIAN_POINT ( 'NONE',  ( 30.75000000000000000, 19.55514891348196471, -12.95133021627909997 ) ) ;
#3571 = AXIS2_PLACEMENT_3D ( 'NONE', #332, #775, #5197 ) ;
#3572 = ORIENTED_EDGE ( 'NONE', *, *, #6518, .F. ) ;
#3573 = AXIS2_PLACEMENT_3D ( 'NONE', #2806, #1067, #1139 ) ;
#3574 = ORIENTED_EDGE ( 'NONE', *, *, #460, .T. ) ;
#3575 = CARTESIAN_POINT ( 'NONE',  ( -30.75000000000000355, -8.000000000000000000, -21.30000000000000782 ) ) ;
#3576 = CARTESIAN_POINT ( 'NONE',  ( -1.332575694955852263, 1.000000000000000000, -7.299999999999999822 ) ) ;
#3577 = CIRCLE ( 'NONE', #3225, 0.5999999999999998668 ) ;
#3578 = CARTESIAN_POINT ( 'NONE',  ( -27.52817459302551839, 2.221825406974473616, -18.20772211675409480 ) ) ;
#3579 = DIRECTION ( 'NONE',  ( 1.000000000000000000, -0.000000000000000000, -0.000000000000000000 ) ) ;
#3580 = CARTESIAN_POINT ( 'NONE',  ( 6.713729199648194701, 32.64565663597156231, -1.999999999999997780 ) ) ;
#3581 = CARTESIAN_POINT ( 'NONE',  ( -6.113729199648194168, 32.64565663597156231, -1.999999999999997780 ) ) ;
#3582 = DIRECTION ( 'NONE',  ( 0.000000000000000000, -0.000000000000000000, -1.000000000000000000 ) ) ;
#3583 = LINE ( 'NONE', #5267, #4504 ) ;
#3584 = CARTESIAN_POINT ( 'NONE',  ( -19.74999999999992184, -1.000000000000004441, -20.29999999988163495 ) ) ;
#3585 = CARTESIAN_POINT ( 'NONE',  ( 19.74999999999993250, -0.5366082894954911087, -27.69906990457358376 ) ) ;
#3586 = ORIENTED_EDGE ( 'NONE', *, *, #3624, .T. ) ;
#3587 = CIRCLE ( 'NONE', #6816, 0.2999999999999992673 ) ;
#3588 = CARTESIAN_POINT ( 'NONE',  ( -10.00000000000000178, -8.000000000000001776, -16.30000000000000071 ) ) ;
#3589 = CARTESIAN_POINT ( 'NONE',  ( 24.41688107640534255, 1.765051716246931246, -17.65435441976706699 ) ) ;
#3590 = VECTOR ( 'NONE', #1527, 1000.000000000000000 ) ;
#3591 = DIRECTION ( 'NONE',  ( 0.000000000000000000, 0.5446390350150316362, -0.8386705679454210527 ) ) ;
#3592 = EDGE_CURVE ( 'NONE', #61, #5324, #257, .T. ) ;
#3593 = VERTEX_POINT ( 'NONE', #6500 ) ;
#3594 = ORIENTED_EDGE ( 'NONE', *, *, #1084, .T. ) ;
#3595 = B_SPLINE_CURVE_WITH_KNOTS ( 'NONE', 3,
 ( #2889, #2859, #5010, #2928, #6231, #5543, #4498, #3503, #1771, #2383, #4577, #615, #3465, #3965, #6273, #5616, #2828, #80, #2270, #5692, #5651, #1229, #685, #1733, #1806, #3395, #3926, #6196, #6780, #1840, #6120 ),
 .UNSPECIFIED., .F., .F.,
 ( 4, 3, 3, 3, 3, 3, 3, 3, 3, 3, 4 ),
 ( 0.5000000000000000000, 0.5391559660757250239, 0.5987901231008719849, 0.6570417290571363145, 0.7114195493660449010, 0.7616267089814412472, 0.8096187868509827634, 0.8580741253097821097, 0.9091846368863276684, 0.9640697263379994775, 1.000000000000000000 ),
 .UNSPECIFIED. ) ;
#3596 = CARTESIAN_POINT ( 'NONE',  ( -27.55000000000000071, 9.925656799449310341, -9.607396327977387074 ) ) ;
#3597 = ORIENTED_EDGE ( 'NONE', *, *, #6755, .F. ) ;
#3598 = EDGE_CURVE ( 'NONE', #3764, #900, #4972, .T. ) ;
#3599 = DIRECTION ( 'NONE',  ( 0.000000000000000000, 1.000000000000000000, 0.000000000000000000 ) ) ;
#3600 = CARTESIAN_POINT ( 'NONE',  ( 28.08513119666440971, 8.165811419581281427, -13.92176995024794373 ) ) ;
#3601 = AXIS2_PLACEMENT_3D ( 'NONE', #6602, #5367, #435 ) ;
#3602 = DIRECTION ( 'NONE',  ( -1.000000000000000000, -0.000000000000000000, -0.000000000000000000 ) ) ;
#3603 = COORDINATED_UNIVERSAL_TIME_OFFSET ( 8, 0, .AHEAD. ) ;
#3604 = CARTESIAN_POINT ( 'NONE',  ( 13.00000000000000533, 2.000000000000006217, -20.35177722040744541 ) ) ;
#3605 = CARTESIAN_POINT ( 'NONE',  ( 27.68383609892517683, 17.73619397585595436, -4.079718246307624696 ) ) ;
#3606 = DIRECTION ( 'NONE',  ( 1.000000000000000000, 0.000000000000000000, 0.000000000000000000 ) ) ;
#3607 = ORIENTED_EDGE ( 'NONE', *, *, #3674, .F. ) ;
#3608 = VECTOR ( 'NONE', #365, 1000.000000000000000 ) ;
#3609 = CARTESIAN_POINT ( 'NONE',  ( 28.83614185493813409, 7.395040870055824556, -8.053619136978849014 ) ) ;
#3610 = ORIENTED_EDGE ( 'NONE', *, *, #3402, .T. ) ;
#3611 = DIRECTION ( 'NONE',  ( 1.000000000000000000, -0.000000000000000000, -0.000000000000000000 ) ) ;
#3612 = CARTESIAN_POINT ( 'NONE',  ( 16.11372919964819417, 32.64565663597156231, -3.999999999999998224 ) ) ;
#3613 = AXIS2_PLACEMENT_3D ( 'NONE', #2029, #3143, #1955 ) ;
#3614 = VECTOR ( 'NONE', #6119, 999.9999999999998863 ) ;
#3615 = CARTESIAN_POINT ( 'NONE',  ( 27.47050000000000125, 22.67423583211419214, -8.000000000000000000 ) ) ;
#3616 = LINE ( 'NONE', #330, #2681 ) ;
#3617 =( LENGTH_UNIT ( ) NAMED_UNIT ( * ) SI_UNIT ( .MILLI., .METRE. ) );
#3618 = CARTESIAN_POINT ( 'NONE',  ( -10.00000000000000178, -8.000000000000000000, -11.30000000000000071 ) ) ;
#3619 = CARTESIAN_POINT ( 'NONE',  ( -26.81779721959786755, 6.796131641524780775, -8.571886269170251538 ) ) ;
#3620 = PRODUCT_RELATED_PRODUCT_CATEGORY ( 'detail', '', ( #6226 ) ) ;
#3621 = CIRCLE ( 'NONE', #2702, 5.000000000000000000 ) ;
#3622 = DIRECTION ( 'NONE',  ( 0.000000000000000000, 0.000000000000000000, 1.000000000000000000 ) ) ;
#3623 = CARTESIAN_POINT ( 'NONE',  ( -4.332575694955851375, 0.000000000000000000, -7.299999999999999822 ) ) ;
#3624 = EDGE_CURVE ( 'NONE', #5350, #7043, #405, .T. ) ;
#3625 = LINE ( 'NONE', #1998, #4187 ) ;
#3626 = ORIENTED_EDGE ( 'NONE', *, *, #4302, .F. ) ;
#3627 = CARTESIAN_POINT ( 'NONE',  ( 26.79030693092049731, 29.58310572688015938, -8.139098917401531352 ) ) ;
#3628 = CARTESIAN_POINT ( 'NONE',  ( -13.33257569495584960, 0.000000000000000000, -7.299999999999999822 ) ) ;
#3629 = CARTESIAN_POINT ( 'NONE',  ( -27.54999999999999716, 8.645569117533657533, -7.852373388734203985 ) ) ;
#3630 = ORIENTED_EDGE ( 'NONE', *, *, #1350, .T. ) ;
#3631 = ORIENTED_EDGE ( 'NONE', *, *, #1747, .T. ) ;
#3632 = CARTESIAN_POINT ( 'NONE',  ( 10.00000000000000178, -13.00000000000000178, -6.299999999999999822 ) ) ;
#3633 = ORIENTED_EDGE ( 'NONE', *, *, #1492, .T. ) ;
#3634 = LINE ( 'NONE', #1471, #2776 ) ;
#3635 = CARTESIAN_POINT ( 'NONE',  ( 27.67075707267593643, 17.65954704256778385, -4.125968776173935204 ) ) ;
#3636 = DIRECTION ( 'NONE',  ( 0.000000000000000000, 0.5446390350150314141, -0.8386705679454211637 ) ) ;
#3637 = EDGE_CURVE ( 'NONE', #520, #5639, #5421, .T. ) ;
#3638 = AXIS2_PLACEMENT_3D ( 'NONE', #2887, #5799, #4176 ) ;
#3639 = LINE ( 'NONE', #5830, #183 ) ;
#3640 = CARTESIAN_POINT ( 'NONE',  ( 28.55265343344828111, 18.12128235145490507, -3.843567208387705048 ) ) ;
#3641 = DIRECTION ( 'NONE',  ( 0.000000000000000000, 0.000000000000000000, -1.000000000000000000 ) ) ;
#3642 = VERTEX_POINT ( 'NONE', #5915 ) ;
#3643 = ADVANCED_FACE ( 'NONE', ( #5298 ), #1597, .F. ) ;
#3644 = ADVANCED_FACE ( 'NONE', ( #3113 ), #4331, .T. ) ;
#3645 = DIRECTION ( 'NONE',  ( 0.000000000000000000, 0.000000000000000000, -1.000000000000000000 ) ) ;
#3646 = VECTOR ( 'NONE', #5488, 1000.000000000000000 ) ;
#3647 = VERTEX_POINT ( 'NONE', #1493 ) ;
#3648 = DIRECTION ( 'NONE',  ( -1.000000000000000000, -0.000000000000000000, -0.000000000000000000 ) ) ;
#3649 = DIRECTION ( 'NONE',  ( -1.000000000000000000, 0.000000000000000000, -0.000000000000000000 ) ) ;
#3650 = EDGE_CURVE ( 'NONE', #1827, #3908, #5946, .T. ) ;
#3651 = LINE ( 'NONE', #262, #5671 ) ;
#3652 = LINE ( 'NONE', #3041, #5090 ) ;
#3653 = ORIENTED_EDGE ( 'NONE', *, *, #5479, .T. ) ;
#3654 = CARTESIAN_POINT ( 'NONE',  ( 28.10379942982924462, 17.01378399448882917, -10.50609274712464547 ) ) ;
#3655 = EDGE_CURVE ( 'NONE', #6283, #1457, #2323, .T. ) ;
#3656 = DIRECTION ( 'NONE',  ( 0.000000000000000000, 1.000000000000000000, 5.480694194524166577E-17 ) ) ;
#3657 = DIRECTION ( 'NONE',  ( -0.7071067811865479058, -0.7071067811865472397, 0.000000000000000000 ) ) ;
#3658 = LINE ( 'NONE', #3115, #3381 ) ;
#3659 = VERTEX_POINT ( 'NONE', #5878 ) ;
#3660 = DIRECTION ( 'NONE',  ( 1.000000000000000000, -0.000000000000000000, 0.000000000000000000 ) ) ;
#3661 = DIRECTION ( 'NONE',  ( -0.000000000000000000, -1.000000000000000000, -0.000000000000000000 ) ) ;
#3662 = CARTESIAN_POINT ( 'NONE',  ( -30.76000000000000156, -1.000000000000000000, -26.30000000000000426 ) ) ;
#3663 = ORIENTED_EDGE ( 'NONE', *, *, #4387, .T. ) ;
#3664 = ORIENTED_EDGE ( 'NONE', *, *, #2941, .T. ) ;
#3665 = CARTESIAN_POINT ( 'NONE',  ( -30.75000000000000355, -8.000000000000000000, -18.75000000000000711 ) ) ;
#3666 = ORIENTED_EDGE ( 'NONE', *, *, #7038, .T. ) ;
#3667 = EDGE_CURVE ( 'NONE', #2694, #4988, #6691, .T. ) ;
#3668 = CARTESIAN_POINT ( 'NONE',  ( 19.74999999999992895, -1.000000000000004441, -19.44999999988165129 ) ) ;
#3669 = LINE ( 'NONE', #5280, #6108 ) ;
#3670 = CARTESIAN_POINT ( 'NONE',  ( 6.713729199648194701, 32.64565663597156231, -1.999999999999997780 ) ) ;
#3671 = VERTEX_POINT ( 'NONE', #6192 ) ;
#3672 = CARTESIAN_POINT ( 'NONE',  ( -19.00000000000000355, -8.000000000000001776, -6.299999999999999822 ) ) ;
#3673 = EDGE_LOOP ( 'NONE', ( #3493, #5564, #1815, #6708 ) ) ;
#3674 = EDGE_CURVE ( 'NONE', #7043, #128, #6743, .T. ) ;
#3675 = DIRECTION ( 'NONE',  ( 0.000000000000000000, -1.173508046126371512E-16, 1.000000000000000000 ) ) ;
#3676 = ORIENTED_EDGE ( 'NONE', *, *, #1524, .F. ) ;
#3677 = PLANE ( 'NONE',  #4873 ) ;
#3678 = DIRECTION ( 'NONE',  ( -0.000000000000000000, -0.000000000000000000, -1.000000000000000000 ) ) ;
#3679 = ADVANCED_FACE ( 'NONE', ( #4575 ), #6778, .T. ) ;
#3680 = VECTOR ( 'NONE', #4911, 1000.000000000000000 ) ;
#3681 = CARTESIAN_POINT ( 'NONE',  ( 0.000000000000000000, 1.000000000000000000, 0.000000000000000000 ) ) ;
#3682 = ADVANCED_FACE ( 'NONE', ( #798 ), #2993, .F. ) ;
#3683 = CARTESIAN_POINT ( 'NONE',  ( 30.75000000000000000, 9.999999999999998224, -19.15651647482730269 ) ) ;
#3684 = CIRCLE ( 'NONE', #694, 0.6000000000000033085 ) ;
#3685 = ADVANCED_FACE ( 'NONE', ( #3999 ), #253, .T. ) ;
#3686 = ORIENTED_EDGE ( 'NONE', *, *, #5451, .T. ) ;
#3687 = CIRCLE ( 'NONE', #6337, 2.550000000000000266 ) ;
#3688 = CARTESIAN_POINT ( 'NONE',  ( -30.76000000000000512, 0.9999999999999852340, -25.00118481360497924 ) ) ;
#3689 = VECTOR ( 'NONE', #5996, 1000.000000000000114 ) ;
#3690 = DIRECTION ( 'NONE',  ( 0.000000000000000000, 0.8386705679454211637, 0.5446390350150315252 ) ) ;
#3691 = CARTESIAN_POINT ( 'NONE',  ( 19.75000000000000000, 0.8499999999999896527, -25.09859595258460274 ) ) ;
#3692 = LINE ( 'NONE', #4799, #6485 ) ;
#3693 = ORIENTED_EDGE ( 'NONE', *, *, #2541, .F. ) ;
#3694 = LINE ( 'NONE', #6363, #235 ) ;
#3695 = CARTESIAN_POINT ( 'NONE',  ( 27.47050000000000125, 25.67423583211418858, -8.000000000000000000 ) ) ;
#3696 = CARTESIAN_POINT ( 'NONE',  ( -5.000000000000000000, 2.000000000000002665, -20.35177722040744897 ) ) ;
#3697 = VECTOR ( 'NONE', #2908, 1000.000000000000000 ) ;
#3698 = ORIENTED_EDGE ( 'NONE', *, *, #5341, .T. ) ;
#3699 = ORIENTED_EDGE ( 'NONE', *, *, #6904, .T. ) ;
#3700 = DIRECTION ( 'NONE',  ( 1.000000000000000000, -0.000000000000000000, -0.000000000000000000 ) ) ;
#3701 = EDGE_LOOP ( 'NONE', ( #6395, #6959, #2871, #3929, #218, #1532, #3911, #6141 ) ) ;
#3702 = DIRECTION ( 'NONE',  ( 1.000000000000000000, -0.000000000000000000, 0.000000000000000000 ) ) ;
#3703 = DIRECTION ( 'NONE',  ( -0.000000000000000000, -0.000000000000000000, -1.000000000000000000 ) ) ;
#3704 = B_SPLINE_SURFACE_WITH_KNOTS ( 'NONE', 3, 1, ( 
 ( #6916, #6374 ),
 ( #3635, #3166 ),
 ( #5279, #1472 ),
 ( #5828, #927 ),
 ( #895, #3093 ),
 ( #353, #967 ),
 ( #3127, #5315 ),
 ( #5353, #389 ),
 ( #2598, #2116 ),
 ( #2773, #66 ),
 ( #4419, #1613 ),
 ( #2152, #4886 ),
 ( #7094, #4958 ),
 ( #6106, #600 ),
 ( #5529, #1173 ),
 ( #3379, #4922 ),
 ( #5567, #1719 ),
 ( #2807, #7125 ),
 ( #3845, #1650 ),
 ( #3778, #2186 ),
 ( #5420, #5495 ),
 ( #1687, #4379 ),
 ( #4346, #3268 ),
 ( #6621, #6584 ),
 ( #3809, #4993 ),
 ( #6034, #563 ),
 ( #7055, #636 ),
 ( #5997, #1140 ),
 ( #5460, #2738 ),
 ( #2256, #1106 ),
 ( #4450, #6656 ) ),
 .UNSPECIFIED., .F., .F., .F.,
 ( 4, 3, 3, 3, 3, 3, 3, 3, 3, 3, 4 ),
 ( 2, 2 ),
 ( 0.4999999999175534504, 0.5579258389852679301, 0.6249883765359370846, 0.6758043588898078324, 0.7270398925195833417, 0.7719247929344325021, 0.8139173813206854735, 0.8577617231082601545, 0.9069116879425214162, 0.9634906096124141728, 1.000000000000000000 ),
 ( 0.000000000000000000, 1.000000000000000000 ),
 .UNSPECIFIED. ) ;
#3705 = DIRECTION ( 'NONE',  ( 0.6425946703262723769, 0.6425946703262604975, 0.4173058582581295473 ) ) ;
#3706 = DIRECTION ( 'NONE',  ( -0.000000000000000000, -0.000000000000000000, -1.000000000000000000 ) ) ;
#3707 = ORIENTED_EDGE ( 'NONE', *, *, #5881, .F. ) ;
#3708 = CARTESIAN_POINT ( 'NONE',  ( 19.74999999999992895, -1.000000000000000888, -20.29999999988165627 ) ) ;
#3709 = ORIENTED_EDGE ( 'NONE', *, *, #2680, .T. ) ;
#3710 = FACE_BOUND ( 'NONE', #7120, .T. ) ;
#3711 = EDGE_LOOP ( 'NONE', ( #102, #2049, #457, #3782, #3123, #5533 ) ) ;
#3712 = VECTOR ( 'NONE', #4116, 1000.000000000000000 ) ;
#3713 = LINE ( 'NONE', #4857, #5447 ) ;
#3714 = CARTESIAN_POINT ( 'NONE',  ( 15.00000000000000000, -1.000000000000001998, -26.30000000000000426 ) ) ;
#3715 = CARTESIAN_POINT ( 'NONE',  ( 23.29437224289625519, -0.4381871501099598998, -27.09257353616915864 ) ) ;
#3716 = EDGE_CURVE ( 'NONE', #4930, #5011, #5113, .T. ) ;
#3717 = CIRCLE ( 'NONE', #732, 0.2999999999999999889 ) ;
#3718 = CARTESIAN_POINT ( 'NONE',  ( 0.000000000000000000, -13.00000000000000178, -11.30000000000000071 ) ) ;
#3719 = PERSON_AND_ORGANIZATION ( #4292, #6492 ) ;
#3720 = EDGE_LOOP ( 'NONE', ( #5747, #1002, #836, #416 ) ) ;
#3721 = FACE_OUTER_BOUND ( 'NONE', #3673, .T. ) ;
#3722 = EDGE_CURVE ( 'NONE', #5378, #3107, #481, .T. ) ;
#3723 = AXIS2_PLACEMENT_3D ( 'NONE', #3632, #6846, #6882 ) ;
#3724 = AXIS2_PLACEMENT_3D ( 'NONE', #4934, #2163, #6562 ) ;
#3725 = DIRECTION ( 'NONE',  ( 1.000000000000000000, 0.000000000000000000, 0.000000000000000000 ) ) ;
#3726 = CARTESIAN_POINT ( 'NONE',  ( -13.33257569495584960, 1.000000000000000000, -6.299999999999999822 ) ) ;
#3727 = CARTESIAN_POINT ( 'NONE',  ( -19.33257569495584605, 0.000000000000000000, -6.299999999999999822 ) ) ;
#3728 = CIRCLE ( 'NONE', #4301, 3.249999999999999556 ) ;
#3729 = PRODUCT_DEFINITION_FORMATION_WITH_SPECIFIED_SOURCE ( '�', '', #6226, .NOT_KNOWN. ) ;
#3730 = EDGE_LOOP ( 'NONE', ( #2929, #7053, #2179, #1760 ) ) ;
#3731 = VECTOR ( 'NONE', #274, 1000.000000000000000 ) ;
#3732 = ADVANCED_FACE ( 'NONE', ( #6568 ), #2416, .T. ) ;
#3733 = DIRECTION ( 'NONE',  ( 0.000000000000000000, 0.000000000000000000, -1.000000000000000000 ) ) ;
#3734 = AXIS2_PLACEMENT_3D ( 'NONE', #103, #2298, #6699 ) ;
#3735 = FACE_OUTER_BOUND ( 'NONE', #3490, .T. ) ;
#3736 = LINE ( 'NONE', #1935, #6049 ) ;
#3737 = ADVANCED_FACE ( 'NONE', ( #4035 ), #6020, .F. ) ;
#3738 = EDGE_LOOP ( 'NONE', ( #4855, #2055 ) ) ;
#3739 = ORIENTED_EDGE ( 'NONE', *, *, #2590, .T. ) ;
#3740 = CARTESIAN_POINT ( 'NONE',  ( 28.94351088831905017, 26.69188490636636857, -9.831404309972695543 ) ) ;
#3741 = EDGE_LOOP ( 'NONE', ( #1505, #245, #6309, #1230, #6994, #2898, #382, #6652 ) ) ;
#3742 =( BOUNDED_CURVE ( )  B_SPLINE_CURVE ( 3, ( #5269, #6323, #1387, #3585 ),
 .UNSPECIFIED., .F., .T. ) 
 B_SPLINE_CURVE_WITH_KNOTS ( ( 4, 4 ),
 ( 1.570796326794896780, 3.141592653589799333 ),
 .UNSPECIFIED. ) 
 CURVE ( )  GEOMETRIC_REPRESENTATION_ITEM ( )  RATIONAL_B_SPLINE_CURVE ( ( 1.000000000000000000, 0.8047378541243636052, 0.8047378541243636052, 1.000000000000000000 ) ) 
 REPRESENTATION_ITEM ( '' )  );
#3743 = CARTESIAN_POINT ( 'NONE',  ( 30.27725630711531934, 23.88662026069324185, -10.13843983368260915 ) ) ;
#3744 = CARTESIAN_POINT ( 'NONE',  ( 28.59883212072934455, 8.101634149705564170, -13.93384300421378974 ) ) ;
#3745 = CARTESIAN_POINT ( 'NONE',  ( 4.000000000000000000, 26.83867056794542449, -8.221355948651982715 ) ) ;
#3746 = EDGE_CURVE ( 'NONE', #5106, #6436, #2028, .T. ) ;
#3747 = CARTESIAN_POINT ( 'NONE',  ( -0.4591842770874188795, 41.39043757717337968, -0.4713279584164161151 ) ) ;
#3748 = ORIENTED_EDGE ( 'NONE', *, *, #4860, .F. ) ;
#3749 = DIRECTION ( 'NONE',  ( -0.000000000000000000, -0.000000000000000000, 1.000000000000000000 ) ) ;
#3750 = VERTEX_POINT ( 'NONE', #6271 ) ;
#3751 = CARTESIAN_POINT ( 'NONE',  ( -40.00000000000000000, 41.50000000000000000, 2.385244779468109755E-15 ) ) ;
#3752 = EDGE_LOOP ( 'NONE', ( #996, #310 ) ) ;
#3753 = CARTESIAN_POINT ( 'NONE',  ( -16.33257569495584960, 0.000000000000000000, -7.299999999999999822 ) ) ;
#3754 = CARTESIAN_POINT ( 'NONE',  ( -19.75000000000000000, -1.000000000000000888, -6.299999999999999822 ) ) ;
#3755 = PLANE ( 'NONE',  #5355 ) ;
#3756 = CARTESIAN_POINT ( 'NONE',  ( -7.332575694955850487, 1.000000000000000000, -7.299999999999999822 ) ) ;
#3757 = CARTESIAN_POINT ( 'NONE',  ( 28.39182696631443648, 17.71491161962929439, -10.08912237843232163 ) ) ;
#3758 = AXIS2_PLACEMENT_3D ( 'NONE', #1872, #4071, #1090 ) ;
#3759 = ORIENTED_EDGE ( 'NONE', *, *, #7116, .F. ) ;
#3760 = CARTESIAN_POINT ( 'NONE',  ( 27.67377153112673582, 17.49707249073346560, -10.22324772324698117 ) ) ;
#3761 = CARTESIAN_POINT ( 'NONE',  ( 26.13039685096370235, 2.944055508025526180, -8.300000000000000711 ) ) ;
#3762 = CARTESIAN_POINT ( 'NONE',  ( 27.45714249609124025, 2.151436147671464738, -17.40343343622502204 ) ) ;
#3763 = CARTESIAN_POINT ( 'NONE',  ( 27.81423826494930651, 17.20051383507592391, -10.39790889088141768 ) ) ;
#3764 = VERTEX_POINT ( 'NONE', #6608 ) ;
#3765 = EDGE_LOOP ( 'NONE', ( #6659, #6706, #6064, #6121 ) ) ;
#3766 = CARTESIAN_POINT ( 'NONE',  ( -28.74999999999999645, 23.48398829616374428, -10.39991208871210127 ) ) ;
#3767 = ADVANCED_FACE ( 'NONE', ( #3865 ), #3428, .F. ) ;
#3768 = CARTESIAN_POINT ( 'NONE',  ( -13.00000000000000178, 10.75418123488904421, -14.66674816303236639 ) ) ;
#3769 = DIRECTION ( 'NONE',  ( 0.000000000000000000, 0.000000000000000000, -1.000000000000000000 ) ) ;
#3770 = EDGE_CURVE ( 'NONE', #3972, #2603, #6871, .T. ) ;
#3771 = EDGE_CURVE ( 'NONE', #6591, #5913, #6376, .T. ) ;
#3772 = ORIENTED_EDGE ( 'NONE', *, *, #6505, .T. ) ;
#3773 = VERTEX_POINT ( 'NONE', #3604 ) ;
#3774 = CARTESIAN_POINT ( 'NONE',  ( -24.33257569495584960, 0.000000000000000000, -6.299999999999999822 ) ) ;
#3775 = ORIENTED_EDGE ( 'NONE', *, *, #6195, .F. ) ;
#3776 = EDGE_CURVE ( 'NONE', #6803, #4917, #3639, .T. ) ;
#3777 = CARTESIAN_POINT ( 'NONE',  ( -4.332575694955851375, 1.000000000000000000, -7.299999999999999822 ) ) ;
#3778 = CARTESIAN_POINT ( 'NONE',  ( 28.57335460912654668, 18.11133924767465686, -3.849744399996951394 ) ) ;
#3779 = CARTESIAN_POINT ( 'NONE',  ( 16.66742430504414330, 0.000000000000000000, -6.299999999999999822 ) ) ;
#3780 = CARTESIAN_POINT ( 'NONE',  ( 28.05391849839842067, 13.15657204632745447, -12.41437194494029939 ) ) ;
#3781 =( BOUNDED_CURVE ( )  B_SPLINE_CURVE ( 3, ( #1601, #5374, #5986, #861 ),
 .UNSPECIFIED., .F., .T. ) 
 B_SPLINE_CURVE_WITH_KNOTS ( ( 4, 4 ),
 ( 0.000000000000000000, 1.000000000000000000 ),
 .UNSPECIFIED. ) 
 CURVE ( )  GEOMETRIC_REPRESENTATION_ITEM ( )  RATIONAL_B_SPLINE_CURVE ( ( 1.000000000000000000, 0.9492530216746368765, 0.9492530216746368765, 1.000000000000000000 ) ) 
 REPRESENTATION_ITEM ( '' )  );
#3782 = ORIENTED_EDGE ( 'NONE', *, *, #2465, .T. ) ;
#3783 = CARTESIAN_POINT ( 'NONE',  ( 15.00000000000000000, 1.000000000000000000, -19.00118481360496503 ) ) ;
#3784 = ORIENTED_EDGE ( 'NONE', *, *, #5738, .F. ) ;
#3785 = EDGE_CURVE ( 'NONE', #5672, #1457, #797, .T. ) ;
#3786 = CARTESIAN_POINT ( 'NONE',  ( -30.75000000000000355, 26.77651363899621373, -9.961721130281441461 ) ) ;
#3787 = ORIENTED_EDGE ( 'NONE', *, *, #6755, .T. ) ;
#3788 = DIRECTION ( 'NONE',  ( -0.000000000000000000, -0.000000000000000000, 1.000000000000000000 ) ) ;
#3789 = CARTESIAN_POINT ( 'NONE',  ( -15.09999999999999964, -1.000000000000000000, -26.30000000000000426 ) ) ;
#3790 = CARTESIAN_POINT ( 'NONE',  ( 27.67605791691338268, 7.688575064661931080, -14.00671753232423633 ) ) ;
#3791 = CARTESIAN_POINT ( 'NONE',  ( 30.75000000000000355, 10.16339171050450574, -20.75040865736013984 ) ) ;
#3792 = LINE ( 'NONE', #7071, #3028 ) ;
#3793 = ORIENTED_EDGE ( 'NONE', *, *, #795, .T. ) ;
#3794 = CARTESIAN_POINT ( 'NONE',  ( 28.16015348146505204, 16.99748520768721605, -10.51547297488688315 ) ) ;
#3795 = CARTESIAN_POINT ( 'NONE',  ( 27.92482922591158001, 18.08502411836981949, -9.866065338109672567 ) ) ;
#3796 = CARTESIAN_POINT ( 'NONE',  ( 0.7091041713783096112, 41.30059529707407506, -0.3541291247497115324 ) ) ;
#3797 = CARTESIAN_POINT ( 'NONE',  ( 27.67098911520609050, 17.56593953492324545, -10.18205252507485170 ) ) ;
#3798 = EDGE_LOOP ( 'NONE', ( #4102, #2217, #5965, #1694, #542, #4183, #7050, #1024, #4570 ) ) ;
#3799 = CIRCLE ( 'NONE', #1616, 0.6000000000000033085 ) ;
#3800 = CARTESIAN_POINT ( 'NONE',  ( -23.20530645866631403, 1.527494037966161899, -17.80862617986496588 ) ) ;
#3801 = CARTESIAN_POINT ( 'NONE',  ( -30.75000000000000355, 21.17423583211418503, -1.999999999999998224 ) ) ;
#3802 = CARTESIAN_POINT ( 'NONE',  ( -27.47050000000000125, 25.67423583211418858, -8.000000000000000000 ) ) ;
#3803 = CARTESIAN_POINT ( 'NONE',  ( -28.75000000000000000, 12.58127091287327026, -17.48021954390751276 ) ) ;
#3804 = ORIENTED_EDGE ( 'NONE', *, *, #1241, .T. ) ;
#3805 = ORIENTED_EDGE ( 'NONE', *, *, #4397, .F. ) ;
#3806 = DIRECTION ( 'NONE',  ( 1.000000000000000000, 0.000000000000000000, 0.000000000000000000 ) ) ;
#3807 = EDGE_LOOP ( 'NONE', ( #6544, #3091 ) ) ;
#3808 = FACE_OUTER_BOUND ( 'NONE', #6627, .T. ) ;
#3809 = CARTESIAN_POINT ( 'NONE',  ( 28.78142677396602522, 17.90473068504949694, -3.977048552033617845 ) ) ;
#3810 = EDGE_CURVE ( 'NONE', #2603, #4955, #897, .T. ) ;
#3811 = CARTESIAN_POINT ( 'NONE',  ( -30.76000000000000156, -1.000000000000000000, -26.30000000000000426 ) ) ;
#3812 = CARTESIAN_POINT ( 'NONE',  ( 27.81862416991737419, 12.99381784617438385, -6.481014993037792493 ) ) ;
#3813 = ORIENTED_EDGE ( 'NONE', *, *, #1835, .F. ) ;
#3814 = CARTESIAN_POINT ( 'NONE',  ( 27.74568567310852174, 7.293836329085296555, -8.068999572084941008 ) ) ;
#3815 = ORIENTED_EDGE ( 'NONE', *, *, #5044, .T. ) ;
#3816 = CIRCLE ( 'NONE', #6693, 10.99999999999999645 ) ;
#3817 = CARTESIAN_POINT ( 'NONE',  ( -28.96626351259754983, 26.59714551045176734, -9.960930202327356042 ) ) ;
#3818 = ORIENTED_EDGE ( 'NONE', *, *, #1125, .T. ) ;
#3819 = CARTESIAN_POINT ( 'NONE',  ( -30.75000000000000355, 10.16339171050451817, -20.75040865736013629 ) ) ;
#3820 = DIRECTION ( 'NONE',  ( -0.000000000000000000, -1.000000000000000000, -0.000000000000000000 ) ) ;
#3821 = CARTESIAN_POINT ( 'NONE',  ( 28.81352337477052572, 7.331110453218802725, -14.06340522871057530 ) ) ;
#3822 =( BOUNDED_CURVE ( )  B_SPLINE_CURVE ( 3, ( #3078, #225, #4585, #1887 ),
 .UNSPECIFIED., .F., .T. ) 
 B_SPLINE_CURVE_WITH_KNOTS ( ( 4, 4 ),
 ( 0.3624349895795667686, 1.077718088179557387 ),
 .UNSPECIFIED. ) 
 CURVE ( )  GEOMETRIC_REPRESENTATION_ITEM ( )  RATIONAL_B_SPLINE_CURVE ( ( 1.000000000000000000, 0.9578166943042385473, 0.9578166943042385473, 1.000000000000000000 ) ) 
 REPRESENTATION_ITEM ( '' )  );
#3823 = CARTESIAN_POINT ( 'NONE',  ( 28.30643521246996741, 3.587741805581773136, -25.02068563582550453 ) ) ;
#3824 = CARTESIAN_POINT ( 'NONE',  ( 27.66161932000217050, 17.22167739361838912, -10.38672184569878887 ) ) ;
#3825 = VERTEX_POINT ( 'NONE', #929 ) ;
#3826 = CARTESIAN_POINT ( 'NONE',  ( -17.00000000000000000, -8.000000000000000000, -11.30000000000000071 ) ) ;
#3827 = CARTESIAN_POINT ( 'NONE',  ( 13.00000000000000533, -1.000000000000000000, -22.30000000000000426 ) ) ;
#3828 = DIRECTION ( 'NONE',  ( -0.7071067811865410224, 0.7071067811865540120, 0.000000000000000000 ) ) ;
#3829 = DIRECTION ( 'NONE',  ( -0.000000000000000000, -0.000000000000000000, -1.000000000000000000 ) ) ;
#3830 = CARTESIAN_POINT ( 'NONE',  ( 28.85089728326968839, 17.41343832718844453, -4.272935660520073675 ) ) ;
#3831 = ORIENTED_EDGE ( 'NONE', *, *, #5943, .T. ) ;
#3832 = CIRCLE ( 'NONE', #2221, 0.5999999999999998668 ) ;
#3833 = DIRECTION ( 'NONE',  ( 1.000000000000000000, -0.000000000000000000, -0.000000000000000000 ) ) ;
#3834 = EDGE_CURVE ( 'NONE', #5861, #199, #3063, .T. ) ;
#3835 = CARTESIAN_POINT ( 'NONE',  ( 28.87050000000001049, 12.52208716437029068, -12.66750488866990487 ) ) ;
#3836 = DIRECTION ( 'NONE',  ( -1.000000000000000000, 0.000000000000000000, 0.000000000000000000 ) ) ;
#3837 = AXIS2_PLACEMENT_3D ( 'NONE', #7122, #447, #3806 ) ;
#3838 = DIRECTION ( 'NONE',  ( 1.000000000000000000, 0.000000000000000000, 0.000000000000000000 ) ) ;
#3839 = ORIENTED_EDGE ( 'NONE', *, *, #4249, .T. ) ;
#3840 = ORIENTED_EDGE ( 'NONE', *, *, #2774, .T. ) ;
#3841 = CYLINDRICAL_SURFACE ( 'NONE', #4759, 0.6000000000000007550 ) ;
#3842 = ORIENTED_EDGE ( 'NONE', *, *, #5519, .F. ) ;
#3843 = VECTOR ( 'NONE', #5938, 1000.000000000000000 ) ;
#3844 = CYLINDRICAL_SURFACE ( 'NONE', #6211, 1.000000000000001776 ) ;
#3845 = CARTESIAN_POINT ( 'NONE',  ( 28.52077259316987679, 18.13547198589815679, -3.834748338199738704 ) ) ;
#3846 = EDGE_CURVE ( 'NONE', #1138, #4557, #2844, .T. ) ;
#3847 = FACE_OUTER_BOUND ( 'NONE', #6695, .T. ) ;
#3848 = CARTESIAN_POINT ( 'NONE',  ( -7.332575694955850487, 1.000000000000000000, -6.299999999999999822 ) ) ;
#3849 = ORIENTED_EDGE ( 'NONE', *, *, #5174, .F. ) ;
#3850 = FACE_OUTER_BOUND ( 'NONE', #2044, .T. ) ;
#3851 = EDGE_LOOP ( 'NONE', ( #2364, #3350, #2435, #1937 ) ) ;
#3852 = CARTESIAN_POINT ( 'NONE',  ( 7.667424305044145072, 0.000000000000000000, -7.299999999999999822 ) ) ;
#3853 = ORIENTED_EDGE ( 'NONE', *, *, #987, .F. ) ;
#3854 = DIRECTION ( 'NONE',  ( -1.865294060190139876E-16, 1.000000000000000000, 0.000000000000000000 ) ) ;
#3855 = CARTESIAN_POINT ( 'NONE',  ( 30.75000000000000000, 19.55514891348196471, -30.00000000000000000 ) ) ;
#3856 = ADVANCED_FACE ( 'NONE', ( #292 ), #1910, .F. ) ;
#3857 = CARTESIAN_POINT ( 'NONE',  ( 28.13025110005765939, 7.008000788126322433, -14.10935185131121195 ) ) ;
#3858 = DIRECTION ( 'NONE',  ( 1.865294060190139876E-16, 1.000000000000000000, -0.000000000000000000 ) ) ;
#3859 = CARTESIAN_POINT ( 'NONE',  ( 28.88141736260546111, 17.71978774719069349, -10.09028691897412600 ) ) ;
#3860 = EDGE_CURVE ( 'NONE', #4756, #3390, #391, .T. ) ;
#3861 = EDGE_CURVE ( 'NONE', #2554, #6625, #4684, .T. ) ;
#3862 = ORIENTED_EDGE ( 'NONE', *, *, #4382, .F. ) ;
#3863 = DIRECTION ( 'NONE',  ( -0.9350362658921144154, -0.3545520856891566375, 0.000000000000000000 ) ) ;
#3864 = CARTESIAN_POINT ( 'NONE',  ( -28.78361188249405700, 26.76550250616917026, -9.944765472629155667 ) ) ;
#3865 = FACE_OUTER_BOUND ( 'NONE', #643, .T. ) ;
#3866 = FACE_OUTER_BOUND ( 'NONE', #3278, .T. ) ;
#3867 = CIRCLE ( 'NONE', #766, 0.2999999999999999334 ) ;
#3868 = CARTESIAN_POINT ( 'NONE',  ( 27.94742611682491784, 17.08456940989355743, -10.46525136091612218 ) ) ;
#3869 = VERTEX_POINT ( 'NONE', #5281 ) ;
#3870 = DIRECTION ( 'NONE',  ( 0.000000000000000000, 0.5446390350150316362, -0.8386705679454210527 ) ) ;
#3871 = EDGE_CURVE ( 'NONE', #2348, #2130, #5016, .T. ) ;
#3872 = AXIS2_PLACEMENT_3D ( 'NONE', #6098, #2248, #4443 ) ;
#3873 = CARTESIAN_POINT ( 'NONE',  ( -29.35402884301885251, 25.87419941480817798, -8.847690838919268330 ) ) ;
#3874 = CARTESIAN_POINT ( 'NONE',  ( 30.75000000000000000, 19.71854062398646334, -14.54522239881194601 ) ) ;
#3875 = LINE ( 'NONE', #89, #1316 ) ;
#3876 = ORIENTED_EDGE ( 'NONE', *, *, #3860, .F. ) ;
#3877 = EDGE_LOOP ( 'NONE', ( #6104, #6316, #2767, #2413 ) ) ;
#3878 = CARTESIAN_POINT ( 'NONE',  ( -30.75000000000000000, 10.00000000000006395, -19.15651647482726005 ) ) ;
#3879 = VERTEX_POINT ( 'NONE', #3168 ) ;
#3880 = DIRECTION ( 'NONE',  ( 0.000000000000000000, 1.000000000000000000, 0.000000000000000000 ) ) ;
#3881 = DIRECTION ( 'NONE',  ( 0.9111948913690737228, 0.3455117849316503564, 0.2243779766738414061 ) ) ;
#3882 = CARTESIAN_POINT ( 'NONE',  ( 4.000000000000000000, 26.42784580695890995, -7.772349138819023118 ) ) ;
#3883 = CARTESIAN_POINT ( 'NONE',  ( -0.4830524785376597019, 41.38631079506468069, -0.3068144737932949062 ) ) ;
#3884 = ORIENTED_EDGE ( 'NONE', *, *, #32, .F. ) ;
#3885 = CARTESIAN_POINT ( 'NONE',  ( 27.67220865816724995, 12.54617702053381834, -6.658110654422538133 ) ) ;
#3886 = ORIENTED_EDGE ( 'NONE', *, *, #1921, .F. ) ;
#3887 = CARTESIAN_POINT ( 'NONE',  ( 28.19630191788151663, 6.999769533437172342, -8.110459021961661463 ) ) ;
#3888 = ORIENTED_EDGE ( 'NONE', *, *, #5875, .T. ) ;
#3889 = CARTESIAN_POINT ( 'NONE',  ( -19.75000000000000000, -1.000000000000004441, -27.44746873418996103 ) ) ;
#3890 = CARTESIAN_POINT ( 'NONE',  ( 27.68115237006035656, 7.464219353758794639, -14.04302114028424242 ) ) ;
#3891 = DIRECTION ( 'NONE',  ( 1.000000000000000000, 7.760605024106869835E-16, 5.039795830461810939E-16 ) ) ;
#3892 = B_SPLINE_CURVE_WITH_KNOTS ( 'NONE', 3,
 ( #5518, #5486, #1238, #123, #1094, #2867, #1677, #3298, #5624, #4946, #3902, #698, #6095, #1162, #2319, #1781, #6613, #5054, #6717, #3974, #2900, #6646, #2280, #5089, #6680, #3366, #551, #6024, #3936, #662, #4406 ),
 .UNSPECIFIED., .F., .F.,
 ( 4, 3, 3, 3, 3, 3, 3, 3, 3, 3, 4 ),
 ( 0.000000000000000000, 0.05845471272778635097, 0.1170499642149831349, 0.1732924014500435705, 0.2258442165097027388, 0.2755851002433353791, 0.3243036798077154614, 0.3738671136872290801, 0.4257936288649720180, 0.4809510156914885703, 0.5000000000000000000 ),
 .UNSPECIFIED. ) ;
#3893 = CARTESIAN_POINT ( 'NONE',  ( -0.7091041713783129419, 41.30059529707407506, 3.688901468242485134E-15 ) ) ;
#3894 = ORIENTED_EDGE ( 'NONE', *, *, #428, .T. ) ;
#3895 = CARTESIAN_POINT ( 'NONE',  ( -19.74999999999992184, -0.7000000000000043965, -27.44746873418996103 ) ) ;
#3896 = DIRECTION ( 'NONE',  ( 0.000000000000000000, 0.000000000000000000, 1.000000000000000000 ) ) ;
#3897 = EDGE_CURVE ( 'NONE', #3420, #1877, #4324, .T. ) ;
#3898 = CARTESIAN_POINT ( 'NONE',  ( 0.2054923161751247285, 41.29391447578375107, -0.5340107933796125472 ) ) ;
#3899 = CARTESIAN_POINT ( 'NONE',  ( 28.10379942982924462, 17.01378399448882917, -10.50609274712464547 ) ) ;
#3900 = EDGE_CURVE ( 'NONE', #6474, #199, #6951, .T. ) ;
#3901 = EDGE_LOOP ( 'NONE', ( #173, #569, #1207, #1569, #6336, #2861 ) ) ;
#3902 = CARTESIAN_POINT ( 'NONE',  ( 28.49685214617849383, 12.03296651370676962, -12.85048235424157959 ) ) ;
#3903 = CARTESIAN_POINT ( 'NONE',  ( 27.84061133674667587, 12.17409883513065338, -6.798714917341996511 ) ) ;
#3904 = CARTESIAN_POINT ( 'NONE',  ( 28.95647885023830881, 26.66773749839310526, -9.767031574783660020 ) ) ;
#3905 = DIRECTION ( 'NONE',  ( 0.000000000000000000, 0.000000000000000000, 1.000000000000000000 ) ) ;
#3906 = VECTOR ( 'NONE', #306, 1000.000000000000000 ) ;
#3907 = EDGE_LOOP ( 'NONE', ( #1772, #7082 ) ) ;
#3908 = VERTEX_POINT ( 'NONE', #2600 ) ;
#3909 = CARTESIAN_POINT ( 'NONE',  ( -30.75000000000001776, 7.007539939424078490, -21.09984276050561647 ) ) ;
#3910 = AXIS2_PLACEMENT_3D ( 'NONE', #2255, #3267, #3230 ) ;
#3911 = ORIENTED_EDGE ( 'NONE', *, *, #2465, .F. ) ;
#3912 = DIRECTION ( 'NONE',  ( 0.000000000000000000, 1.000000000000000000, 0.000000000000000000 ) ) ;
#3913 = AXIS2_PLACEMENT_3D ( 'NONE', #1563, #2679, #5440 ) ;
#3914 = FACE_OUTER_BOUND ( 'NONE', #4541, .T. ) ;
#3915 = CARTESIAN_POINT ( 'NONE',  ( 27.78434662814697731, 12.95298901064080077, -6.497532089744113115 ) ) ;
#3916 = VECTOR ( 'NONE', #6605, 1000.000000000000000 ) ;
#3917 = CARTESIAN_POINT ( 'NONE',  ( 28.19010842679148965, 8.195076267613227827, -7.916219494369368448 ) ) ;
#3918 = ORIENTED_EDGE ( 'NONE', *, *, #6676, .F. ) ;
#3919 = DIRECTION ( 'NONE',  ( 1.000000000000000000, -0.000000000000000000, -0.000000000000000000 ) ) ;
#3920 = EDGE_LOOP ( 'NONE', ( #3006, #5502 ) ) ;
#3921 = CARTESIAN_POINT ( 'NONE',  ( 28.52642116429957753, 7.048346487541063965, -8.103898342369856067 ) ) ;
#3922 = EDGE_LOOP ( 'NONE', ( #3966, #7001, #3831, #1232 ) ) ;
#3923 = CARTESIAN_POINT ( 'NONE',  ( -26.51001392094835651, 1.203664734844310580, -26.05542148465585228 ) ) ;
#3924 = CARTESIAN_POINT ( 'NONE',  ( 28.74611880206444070, 7.966869358274841773, -7.958522738254378837 ) ) ;
#3925 = LINE ( 'NONE', #1228, #3614 ) ;
#3926 = CARTESIAN_POINT ( 'NONE',  ( 28.84164486505683911, 12.78815238871200499, -12.56351435388655702 ) ) ;
#3927 = VECTOR ( 'NONE', #6148, 1000.000000000000000 ) ;
#3928 = VERTEX_POINT ( 'NONE', #2016 ) ;
#3929 = ORIENTED_EDGE ( 'NONE', *, *, #2316, .F. ) ;
#3930 = LINE ( 'NONE', #690, #4830 ) ;
#3931 = CARTESIAN_POINT ( 'NONE',  ( -25.07050000000000267, 25.67423583211418858, -0.9999999999999978906 ) ) ;
#3932 = AXIS2_PLACEMENT_3D ( 'NONE', #2720, #6429, #3656 ) ;
#3933 = DIRECTION ( 'NONE',  ( 1.000000000000000000, 0.000000000000000000, 0.000000000000000000 ) ) ;
#3934 = LINE ( 'NONE', #4583, #3937 ) ;
#3935 = ORIENTED_EDGE ( 'NONE', *, *, #4994, .T. ) ;
#3936 = CARTESIAN_POINT ( 'NONE',  ( 27.67162983674039012, 12.54923385591566110, -12.65694066434950216 ) ) ;
#3937 = VECTOR ( 'NONE', #153, 1000.000000000000000 ) ;
#3938 = CARTESIAN_POINT ( 'NONE',  ( 28.30011399631088764, 11.98994466097131095, -12.86606174899319122 ) ) ;
#3939 = PLANE ( 'NONE',  #2379 ) ;
#3940 = CARTESIAN_POINT ( 'NONE',  ( 7.667424305044145072, 1.000000000000000000, -6.299999999999999822 ) ) ;
#3941 = EDGE_LOOP ( 'NONE', ( #2085, #5368, #561, #5485, #5246, #4384, #3203, #6051 ) ) ;
#3942 = ORIENTED_EDGE ( 'NONE', *, *, #1231, .F. ) ;
#3943 = AXIS2_PLACEMENT_3D ( 'NONE', #4699, #5879, #3148 ) ;
#3944 = DIRECTION ( 'NONE',  ( 1.000000000000000000, 0.000000000000000000, -0.000000000000000000 ) ) ;
#3945 = EDGE_CURVE ( 'NONE', #5992, #3022, #3030, .T. ) ;
#3946 = ORIENTED_EDGE ( 'NONE', *, *, #1786, .T. ) ;
#3947 = DIRECTION ( 'NONE',  ( 0.000000000000000000, 1.000000000000000000, 0.000000000000000000 ) ) ;
#3948 = DIRECTION ( 'NONE',  ( -0.000000000000000000, -1.000000000000000000, -0.000000000000000000 ) ) ;
#3949 = CIRCLE ( 'NONE', #1188, 0.5999999999999998668 ) ;
#3950 = EDGE_CURVE ( 'NONE', #2552, #5545, #4647, .T. ) ;
#3951 = VECTOR ( 'NONE', #1277, 999.9999999999998863 ) ;
#3952 = CARTESIAN_POINT ( 'NONE',  ( 10.00000000000000178, -13.00000000000000178, -26.30000000000000426 ) ) ;
#3953 = LINE ( 'NONE', #3986, #5470 ) ;
#3954 = CARTESIAN_POINT ( 'NONE',  ( 27.79235014298748396, 7.959746857458942948, -7.959752493771227400 ) ) ;
#3955 = ORIENTED_EDGE ( 'NONE', *, *, #3897, .F. ) ;
#3956 = CARTESIAN_POINT ( 'NONE',  ( 28.87050000000000338, 12.59266273373101797, -6.640117382443491145 ) ) ;
#3957 = AXIS2_PLACEMENT_3D ( 'NONE', #976, #4285, #4322 ) ;
#3958 = ORIENTED_EDGE ( 'NONE', *, *, #1256, .T. ) ;
#3959 = LINE ( 'NONE', #1223, #506 ) ;
#3960 = ORIENTED_EDGE ( 'NONE', *, *, #2774, .F. ) ;
#3961 = CARTESIAN_POINT ( 'NONE',  ( 16.66742430504414330, 1.000000000000000000, -6.299999999999999822 ) ) ;
#3962 = EDGE_CURVE ( 'NONE', #69, #1787, #5247, .T. ) ;
#3963 = CARTESIAN_POINT ( 'NONE',  ( 27.72960011003262792, 7.863630315342545529, -13.97683504804424537 ) ) ;
#3964 = DIRECTION ( 'NONE',  ( 0.000000000000000000, 0.8386705679454210527, 0.5446390350150316362 ) ) ;
#3965 = CARTESIAN_POINT ( 'NONE',  ( 28.18446633726353312, 13.18998197718609866, -12.40056263342875198 ) ) ;
#3966 = ORIENTED_EDGE ( 'NONE', *, *, #1570, .F. ) ;
#3967 = ORIENTED_EDGE ( 'NONE', *, *, #3834, .F. ) ;
#3968 = DIRECTION ( 'NONE',  ( -1.000000000000000000, 0.000000000000000000, 0.000000000000000000 ) ) ;
#3969 = CARTESIAN_POINT ( 'NONE',  ( 21.06828128533735267, 33.58069290186368505, -5.367492358943043662 ) ) ;
#3970 = PLANE ( 'NONE',  #2104 ) ;
#3971 = DIRECTION ( 'NONE',  ( 0.000000000000000000, -0.8386705679454210527, -0.5446390350150316362 ) ) ;
#3972 = VERTEX_POINT ( 'NONE', #5217 ) ;
#3973 = ADVANCED_FACE ( 'NONE', ( #2496 ), #2778, .T. ) ;
#3974 = CARTESIAN_POINT ( 'NONE',  ( 27.93555669709647304, 12.09082816649853065, -12.82937039831824322 ) ) ;
#3975 = VECTOR ( 'NONE', #321, 1000.000000000000000 ) ;
#3976 = CARTESIAN_POINT ( 'NONE',  ( 28.10802714172008976, 12.01164163321686118, -12.85820494036821948 ) ) ;
#3977 = DIRECTION ( 'NONE',  ( -1.000000000000000000, 0.000000000000000000, 0.000000000000000000 ) ) ;
#3978 = FACE_OUTER_BOUND ( 'NONE', #5585, .T. ) ;
#3979 = EDGE_LOOP ( 'NONE', ( #4918, #2273, #1379, #90 ) ) ;
#3980 = CARTESIAN_POINT ( 'NONE',  ( 28.14543646522785636, 7.961900894744848856, -13.95669649905259746 ) ) ;
#3981 = ORIENTED_EDGE ( 'NONE', *, *, #3846, .T. ) ;
#3982 = VECTOR ( 'NONE', #6683, 1000.000000000000000 ) ;
#3983 = LINE ( 'NONE', #6689, #1959 ) ;
#3984 = EDGE_CURVE ( 'NONE', #5610, #1348, #6000, .T. ) ;
#3985 = CARTESIAN_POINT ( 'NONE',  ( 28.23057917614589485, 13.19256841036546213, -6.399486062137355269 ) ) ;
#3986 = CARTESIAN_POINT ( 'NONE',  ( -13.33257569495584960, 1.000000000000000000, -7.299999999999999822 ) ) ;
#3987 = EDGE_CURVE ( 'NONE', #3352, #5321, #5386, .T. ) ;
#3988 = CARTESIAN_POINT ( 'NONE',  ( 28.12174166089620186, 13.17392941654027538, -12.40719763101237660 ) ) ;
#3989 = VERTEX_POINT ( 'NONE', #3311 ) ;
#3990 = ORIENTED_EDGE ( 'NONE', *, *, #2631, .F. ) ;
#3991 = CARTESIAN_POINT ( 'NONE',  ( 28.86136925370848516, 12.48855896719341452, -6.680281040324506314 ) ) ;
#3992 = VERTEX_POINT ( 'NONE', #6036 ) ;
#3993 = ADVANCED_FACE ( 'NONE', ( #6072 ), #2154, .T. ) ;
#3994 = CYLINDRICAL_SURFACE ( 'NONE', #5224, 0.5999999999999998668 ) ;
#3995 = EDGE_LOOP ( 'NONE', ( #5033, #3162, #697, #3409 ) ) ;
#3996 = DIRECTION ( 'NONE',  ( 0.000000000000000000, 0.000000000000000000, 1.000000000000000000 ) ) ;
#3997 = CARTESIAN_POINT ( 'NONE',  ( 28.34959035300558128, 8.193589613356357049, -7.916502461465052320 ) ) ;
#3998 = CALENDAR_DATE ( 2026, 11, 8 ) ;
#3999 = FACE_OUTER_BOUND ( 'NONE', #5221, .T. ) ;
#4000 = CARTESIAN_POINT ( 'NONE',  ( 20.46995648263537859, -1.000000000000001332, -27.44746873418995392 ) ) ;
#4001 = LINE ( 'NONE', #3357, #5316 ) ;
#4002 = ORIENTED_EDGE ( 'NONE', *, *, #4387, .F. ) ;
#4003 = VERTEX_POINT ( 'NONE', #3196 ) ;
#4004 = PLANE ( 'NONE',  #5175 ) ;
#4005 = CARTESIAN_POINT ( 'NONE',  ( 26.11396103065103702, 3.636038969348904359, -17.28932109094523284 ) ) ;
#4006 = CIRCLE ( 'NONE', #5843, 0.5999999999999998668 ) ;
#4007 = CARTESIAN_POINT ( 'NONE',  ( -4.332575694955851375, 0.000000000000000000, -7.299999999999999822 ) ) ;
#4008 = FACE_OUTER_BOUND ( 'NONE', #1942, .T. ) ;
#4009 = EDGE_LOOP ( 'NONE', ( #6734, #5596 ) ) ;
#4010 =( BOUNDED_SURFACE ( )  B_SPLINE_SURFACE ( 3, 2, ( 
 ( #163, #666, #2360 ),
 ( #6794, #1929, #4553 ),
 ( #6874, #2397, #6759 ),
 ( #779, #6290, #2870 ),
 ( #1356, #2945, #2975 ),
 ( #5058, #5162, #5128 ) ),
 .UNSPECIFIED., .F., .F., .T. ) 
 B_SPLINE_SURFACE_WITH_KNOTS ( ( 4, 2, 4 ),
 ( 3, 3 ),
 ( 4.712388980384689674, 4.959400978472425336, 5.206412976560160999 ),
 ( 0.000000000000000000, 1.000000000000000000 ),
 .UNSPECIFIED. ) 
 GEOMETRIC_REPRESENTATION_ITEM ( )  RATIONAL_B_SPLINE_SURFACE ( (
 ( 1.000000000000000000, 0.7071067811865516806, 1.000000000000000000),
 ( 1.000000000000000000, 0.7229642346422017196, 1.000000000000000000),
 ( 1.000000000000000000, 0.7382759033168457830, 1.000000000000000000),
 ( 1.000000000000000000, 0.7671598896415467994, 1.000000000000000000),
 ( 1.000000000000000000, 0.7807327350663603172, 1.000000000000000000),
 ( 1.000000000000000000, 0.7931749152056543073, 1.000000000000000000) ) ) 
 REPRESENTATION_ITEM ( '' )  SURFACE ( )  );
#4011 = CARTESIAN_POINT ( 'NONE',  ( -27.30469502644009339, 7.158725541592126262, -9.130231911976842696 ) ) ;
#4012 = CARTESIAN_POINT ( 'NONE',  ( 27.70043201998400306, 12.39363158258312048, -6.716569712946068194 ) ) ;
#4013 = CARTESIAN_POINT ( 'NONE',  ( 27.98881785991732229, 17.05883707256677084, -4.480127786867341477 ) ) ;
#4014 = EDGE_CURVE ( 'NONE', #1762, #520, #1109, .T. ) ;
#4015 = PLANE ( 'NONE',  #2229 ) ;
#4016 = ORIENTED_EDGE ( 'NONE', *, *, #556, .F. ) ;
#4017 = ORIENTED_EDGE ( 'NONE', *, *, #1875, .F. ) ;
#4018 = DIRECTION ( 'NONE',  ( -1.000000000000000000, -7.760605024106868849E-16, 0.000000000000000000 ) ) ;
#4019 = CARTESIAN_POINT ( 'NONE',  ( -40.00000000000000000, 41.30059529707407506, 2.361844477136208233E-15 ) ) ;
#4020 = CARTESIAN_POINT ( 'NONE',  ( -19.74999999999992184, -1.000000000000004441, -30.00000000000000000 ) ) ;
#4021 = CARTESIAN_POINT ( 'NONE',  ( 28.31612927207187624, 13.19092519246223283, -12.40016652038132605 ) ) ;
#4022 = ORIENTED_EDGE ( 'NONE', *, *, #5738, .T. ) ;
#4023 = EDGE_LOOP ( 'NONE', ( #2745, #3348, #4542, #1073 ) ) ;
#4024 = CARTESIAN_POINT ( 'NONE',  ( 27.68233509159879091, 12.47413151527302233, -6.685809249929733689 ) ) ;
#4025 = ORIENTED_EDGE ( 'NONE', *, *, #2401, .F. ) ;
#4026 = EDGE_CURVE ( 'NONE', #7123, #5672, #3867, .T. ) ;
#4027 = AXIS2_PLACEMENT_3D ( 'NONE', #3800, #288, #5340 ) ;
#4028 = ADVANCED_FACE ( 'NONE', ( #566 ), #2777, .F. ) ;
#4029 = FACE_OUTER_BOUND ( 'NONE', #1363, .T. ) ;
#4030 = EDGE_LOOP ( 'NONE', ( #4481, #4787, #2088, #6553, #6504, #5465, #6726, #1807 ) ) ;
#4031 = LINE ( 'NONE', #3961, #5332 ) ;
#4032 = CARTESIAN_POINT ( 'NONE',  ( 28.81625033197781605, 7.853384350276193082, -7.978625032677464368 ) ) ;
#4033 = DATE_AND_TIME ( #6191, #6242 ) ;
#4034 = EDGE_CURVE ( 'NONE', #3314, #3537, #4675, .T. ) ;
#4035 = FACE_OUTER_BOUND ( 'NONE', #37, .T. ) ;
#4036 = CARTESIAN_POINT ( 'NONE',  ( 6.713729199648194701, 32.64565663597156231, -3.999999999999998224 ) ) ;
#4037 = CARTESIAN_POINT ( 'NONE',  ( -10.33257569495584960, 1.000000000000000000, -6.299999999999999822 ) ) ;
#4038 = EDGE_LOOP ( 'NONE', ( #5508, #2231, #2324, #2946, #1367, #6162, #6956, #219, #5275, #5718, #1136, #5053, #593, #4534 ) ) ;
#4039 = ADVANCED_FACE ( 'NONE', ( #33 ), #5646, .F. ) ;
#4040 = ORIENTED_EDGE ( 'NONE', *, *, #4512, .T. ) ;
#4041 = CARTESIAN_POINT ( 'NONE',  ( 30.40395791243041046, 7.250670896867847048, -8.076659178334491429 ) ) ;
#4042 = EDGE_CURVE ( 'NONE', #5985, #61, #1327, .T. ) ;
#4043 = AXIS2_PLACEMENT_3D ( 'NONE', #1908, #4106, #320 ) ;
#4044 = CARTESIAN_POINT ( 'NONE',  ( -30.76000000000000156, 25.87419941480817798, -8.847690838919268330 ) ) ;
#4045 = B_SPLINE_SURFACE_WITH_KNOTS ( 'NONE', 3, 1, ( 
 ( #2174, #4370 ),
 ( #1640, #3835 ),
 ( #6025, #1096 ),
 ( #3301, #2588 ),
 ( #6975, #5056 ),
 ( #5487, #1745 ),
 ( #2797, #160 ),
 ( #5556, #1782 ),
 ( #6097, #2901 ),
 ( #5091, #1711 ),
 ( #588, #3332 ),
 ( #3406, #4983 ),
 ( #6171, #20 ),
 ( #5593, #3938 ),
 ( #3368, #2209 ),
 ( #2358, #4550 ),
 ( #627, #3976 ),
 ( #1239, #6757 ),
 ( #2837, #5021 ),
 ( #6135, #5520 ),
 ( #1203, #124 ),
 ( #3903, #3442 ),
 ( #5625, #1817 ),
 ( #554, #58 ),
 ( #1132, #664 ),
 ( #4012, #2247 ),
 ( #6720, #4442 ),
 ( #1163, #700 ),
 ( #87, #2868 ),
 ( #6206, #6648 ),
 ( #2320, #4514 ) ),
 .UNSPECIFIED., .F., .F., .F.,
 ( 4, 3, 3, 3, 3, 3, 3, 3, 3, 3, 4 ),
 ( 2, 2 ),
 ( 0.000000000000000000, 0.05845471272786217920, 0.1170499642151349717, 0.1732924014502683630, 0.2258442165099956989, 0.2755851002436928709, 0.3243036798081361249, 0.3738671136877140810, 0.4257936288655243540, 0.4809510156921124602, 0.5000000000000000000 ),
 ( 0.000000000000000000, 1.000000000000000000 ),
 .UNSPECIFIED. ) ;
#4046 = DIRECTION ( 'NONE',  ( 1.000000000000000000, 0.000000000000000000, -0.000000000000000000 ) ) ;
#4047 = ORIENTED_EDGE ( 'NONE', *, *, #5833, .T. ) ;
#4048 = DIRECTION ( 'NONE',  ( 0.000000000000000000, 5.480694194524166577E-17, -1.000000000000000000 ) ) ;
#4049 = VECTOR ( 'NONE', #3080, 1000.000000000000000 ) ;
#4050 = LINE ( 'NONE', #3009, #1269 ) ;
#4051 = DIRECTION ( 'NONE',  ( 0.000000000000000000, 0.5446390350150199788, -0.8386705679454286022 ) ) ;
#4052 = CARTESIAN_POINT ( 'NONE',  ( 27.72481554341546328, 17.34006837027335379, -4.316126679799752175 ) ) ;
#4053 =( BOUNDED_CURVE ( )  B_SPLINE_CURVE ( 3, ( #882, #1353, #5160, #6249 ),
 .UNSPECIFIED., .F., .T. ) 
 B_SPLINE_CURVE_WITH_KNOTS ( ( 4, 4 ),
 ( 0.000000000000000000, 1.000000000000000000 ),
 .UNSPECIFIED. ) 
 CURVE ( )  GEOMETRIC_REPRESENTATION_ITEM ( )  RATIONAL_B_SPLINE_CURVE ( ( 1.000000000000000000, 0.9504063174485368748, 0.9504063174485368748, 1.000000000000000000 ) ) 
 REPRESENTATION_ITEM ( '' )  );
#4054 = CARTESIAN_POINT ( 'NONE',  ( -30.75000000000000000, 19.55514891348196826, -30.00000000000000000 ) ) ;
#4055 = ORIENTED_EDGE ( 'NONE', *, *, #3746, .F. ) ;
#4056 = DIRECTION ( 'NONE',  ( -0.000000000000000000, -1.000000000000000000, -0.000000000000000000 ) ) ;
#4057 = CARTESIAN_POINT ( 'NONE',  ( 26.14892996102331679, 3.459648682739367764, -16.55387028243574932 ) ) ;
#4058 = CARTESIAN_POINT ( 'NONE',  ( -26.13039685096370235, 2.944055508025524404, -14.30000000000000071 ) ) ;
#4059 = VECTOR ( 'NONE', #6346, 1000.000000000000000 ) ;
#4060 = CARTESIAN_POINT ( 'NONE',  ( 28.78036484541487638, 12.90895032344696602, -6.515199153245531782 ) ) ;
#4061 = ORIENTED_EDGE ( 'NONE', *, *, #5881, .T. ) ;
#4062 = ORIENTED_EDGE ( 'NONE', *, *, #4915, .F. ) ;
#4063 = CARTESIAN_POINT ( 'NONE',  ( -27.54999999999999005, 18.12608064189043588, -6.240523028964055641 ) ) ;
#4064 = VERTEX_POINT ( 'NONE', #6733 ) ;
#4065 = EDGE_CURVE ( 'NONE', #4234, #4144, #2285, .T. ) ;
#4066 = FACE_BOUND ( 'NONE', #752, .T. ) ;
#4067 = DIRECTION ( 'NONE',  ( 0.000000000000000000, 0.000000000000000000, -1.000000000000000000 ) ) ;
#4068 = VECTOR ( 'NONE', #6359, 1000.000000000000000 ) ;
#4069 = CARTESIAN_POINT ( 'NONE',  ( -17.00000000000000000, -8.000000000000000000, -11.30000000000000071 ) ) ;
#4070 = CARTESIAN_POINT ( 'NONE',  ( 27.76660545896988097, 7.920879108477496544, -13.96666680801598304 ) ) ;
#4071 = DIRECTION ( 'NONE',  ( 1.000000000000000000, -0.000000000000000000, 0.000000000000000000 ) ) ;
#4072 = VECTOR ( 'NONE', #6078, 1000.000000000000000 ) ;
#4073 = DIRECTION ( 'NONE',  ( -0.000000000000000000, -0.000000000000000000, 1.000000000000000000 ) ) ;
#4074 = CIRCLE ( 'NONE', #4410, 0.5999999999999998668 ) ;
#4075 = VECTOR ( 'NONE', #3481, 1000.000000000000000 ) ;
#4076 = CARTESIAN_POINT ( 'NONE',  ( -11.11372919964819239, 32.64565663597156231, -3.999999999999998224 ) ) ;
#4077 = ORIENTED_EDGE ( 'NONE', *, *, #32, .T. ) ;
#4078 = EDGE_CURVE ( 'NONE', #4952, #1922, #5169, .T. ) ;
#4079 = VERTEX_POINT ( 'NONE', #2982 ) ;
#4080 = CYLINDRICAL_SURFACE ( 'NONE', #1151, 2.550000000000000266 ) ;
#4081 = CARTESIAN_POINT ( 'NONE',  ( -30.75000000000000355, -0.7000000000000000666, -27.44746873418995392 ) ) ;
#4082 = EDGE_CURVE ( 'NONE', #3908, #3544, #2441, .T. ) ;
#4083 = EDGE_CURVE ( 'NONE', #5377, #6223, #6843, .T. ) ;
#4084 = FACE_OUTER_BOUND ( 'NONE', #1219, .T. ) ;
#4085 = ORIENTED_EDGE ( 'NONE', *, *, #3286, .F. ) ;
#4086 = EDGE_CURVE ( 'NONE', #3750, #4158, #5894, .T. ) ;
#4087 = FACE_OUTER_BOUND ( 'NONE', #2486, .T. ) ;
#4088 = CARTESIAN_POINT ( 'NONE',  ( -27.54999999999999716, 7.739266117682882751, -10.02418600517171221 ) ) ;
#4089 = CARTESIAN_POINT ( 'NONE',  ( -4.332575694955851375, 1.000000000000000000, -6.299999999999999822 ) ) ;
#4090 = CARTESIAN_POINT ( 'NONE',  ( 28.87004389153181805, 17.55239476972629120, -4.190180210851203846 ) ) ;
#4091 = LINE ( 'NONE', #1321, #4075 ) ;
#4092 = VERTEX_POINT ( 'NONE', #5471 ) ;
#4093 = EDGE_CURVE ( 'NONE', #6578, #1113, #3281, .T. ) ;
#4094 = CARTESIAN_POINT ( 'NONE',  ( -22.33257569495584605, 1.000000000000000000, -7.299999999999999822 ) ) ;
#4095 = LINE ( 'NONE', #3118, #3358 ) ;
#4096 = CARTESIAN_POINT ( 'NONE',  ( -16.33257569495584960, 1.000000000000000000, -7.299999999999999822 ) ) ;
#4097 = CARTESIAN_POINT ( 'NONE',  ( 4.667424305044145960, 1.000000000000000000, -6.299999999999999822 ) ) ;
#4098 = ORIENTED_EDGE ( 'NONE', *, *, #1216, .T. ) ;
#4099 = VECTOR ( 'NONE', #1393, 1000.000000000000114 ) ;
#4100 = ORIENTED_EDGE ( 'NONE', *, *, #2461, .T. ) ;
#4101 = CARTESIAN_POINT ( 'NONE',  ( -13.00000000000000178, -1.000000000000000000, -22.30000000000000426 ) ) ;
#4102 = ORIENTED_EDGE ( 'NONE', *, *, #2267, .T. ) ;
#4103 = FACE_OUTER_BOUND ( 'NONE', #2462, .T. ) ;
#4104 = EDGE_LOOP ( 'NONE', ( #6218, #3384, #3454, #3432 ) ) ;
#4105 = CARTESIAN_POINT ( 'NONE',  ( -30.44999999999999929, -1.000000000000003553, -28.00000000000000000 ) ) ;
#4106 = DIRECTION ( 'NONE',  ( 1.000000000000000000, -0.000000000000000000, -0.000000000000000000 ) ) ;
#4107 = PERSON_AND_ORGANIZATION_ROLE ( 'design_supplier' ) ;
#4108 = CARTESIAN_POINT ( 'NONE',  ( -24.40357585055668821, 1.925653789210788780, -18.40005821410106890 ) ) ;
#4109 = CARTESIAN_POINT ( 'NONE',  ( 27.66991442341122465, 17.66348329590681487, -4.123613168770839721 ) ) ;
#4110 = PLANE ( 'NONE',  #147 ) ;
#4111 = VERTEX_POINT ( 'NONE', #1559 ) ;
#4112 = VERTEX_POINT ( 'NONE', #502 ) ;
#4113 = DIRECTION ( 'NONE',  ( 0.000000000000000000, 0.000000000000000000, 1.000000000000000000 ) ) ;
#4114 = CARTESIAN_POINT ( 'NONE',  ( -29.03042489260326775, 26.52869282400001438, -9.855522308781315743 ) ) ;
#4115 = CARTESIAN_POINT ( 'NONE',  ( -19.74999999999992184, -1.000000000000004441, -30.00000000000000000 ) ) ;
#4116 = DIRECTION ( 'NONE',  ( 0.000000000000000000, 0.000000000000000000, 1.000000000000000000 ) ) ;
#4117 = ORIENTED_EDGE ( 'NONE', *, *, #5297, .T. ) ;
#4118 = DIRECTION ( 'NONE',  ( 1.000000000000000000, -0.000000000000000000, -0.000000000000000000 ) ) ;
#4119 = CARTESIAN_POINT ( 'NONE',  ( 0.6027385456715642631, 41.18347612781095535, -0.6057302951333399799 ) ) ;
#4120 = ADVANCED_FACE ( 'NONE', ( #2748 ), #2711, .T. ) ;
#4121 = CARTESIAN_POINT ( 'NONE',  ( -27.45558724948309504, 7.367943359268871006, -9.452399099222999368 ) ) ;
#4122 = EDGE_CURVE ( 'NONE', #1971, #1662, #4933, .T. ) ;
#4123 = DIRECTION ( 'NONE',  ( 0.000000000000000000, 1.000000000000000000, 5.480694194524166577E-17 ) ) ;
#4124 = CARTESIAN_POINT ( 'NONE',  ( 16.71372919964819559, 32.64565663597156231, -3.999999999999998224 ) ) ;
#4125 = CARTESIAN_POINT ( 'NONE',  ( -26.13039685096370235, 2.944055508025524404, -14.30000000000000071 ) ) ;
#4126 = EDGE_LOOP ( 'NONE', ( #3512, #6067, #1938, #2930 ) ) ;
#4127 = CARTESIAN_POINT ( 'NONE',  ( 22.75041275344263525, 32.94285323491656925, -5.773425923444200691 ) ) ;
#4128 = CARTESIAN_POINT ( 'NONE',  ( 28.85798895814043163, 12.71464031034779119, -6.592459815603830542 ) ) ;
#4129 = CARTESIAN_POINT ( 'NONE',  ( -27.52817459302551839, 2.221825406974473616, -18.20772211675409480 ) ) ;
#4130 = EDGE_LOOP ( 'NONE', ( #40, #7108, #3918, #5102 ) ) ;
#4131 = ORIENTED_EDGE ( 'NONE', *, *, #5144, .T. ) ;
#4132 = CARTESIAN_POINT ( 'NONE',  ( -25.54999999999999716, 18.90303388365666137, -3.345860888081864104 ) ) ;
#4133 = ORIENTED_EDGE ( 'NONE', *, *, #3554, .F. ) ;
#4134 = DIRECTION ( 'NONE',  ( -0.000000000000000000, -0.000000000000000000, 1.000000000000000000 ) ) ;
#4135 = ORIENTED_EDGE ( 'NONE', *, *, #1757, .F. ) ;
#4136 = CYLINDRICAL_SURFACE ( 'NONE', #5683, 0.5999999999999998668 ) ;
#4137 = FACE_OUTER_BOUND ( 'NONE', #34, .T. ) ;
#4138 = CARTESIAN_POINT ( 'NONE',  ( -0.6732140234191703598, 41.31420431661565118, -0.5208344166786098572 ) ) ;
#4139 = LINE ( 'NONE', #6378, #1770 ) ;
#4140 = LINE ( 'NONE', #5803, #41 ) ;
#4141 = ORIENTED_EDGE ( 'NONE', *, *, #1622, .F. ) ;
#4142 = CARTESIAN_POINT ( 'NONE',  ( 28.87050000000010286, 7.527553265444487884, -14.03303071732257656 ) ) ;
#4143 = DESIGN_CONTEXT ( 'detailed design', #3094, 'design' ) ;
#4144 = VERTEX_POINT ( 'NONE', #4430 ) ;
#4145 = CARTESIAN_POINT ( 'NONE',  ( 29.64417667756070074, 5.082323663857883034, -8.299999999933644901 ) ) ;
#4146 = CARTESIAN_POINT ( 'NONE',  ( -30.75000000000000000, 10.00000000000006395, -19.15651647482726005 ) ) ;
#4147 = ADVANCED_FACE ( 'NONE', ( #7069 ), #3755, .F. ) ;
#4148 = CIRCLE ( 'NONE', #5515, 4.099999999999999645 ) ;
#4149 = AXIS2_PLACEMENT_3D ( 'NONE', #376, #2037, #4703 ) ;
#4150 = CARTESIAN_POINT ( 'NONE',  ( 26.13039685096370235, 2.944055508025526180, -8.300000000000000711 ) ) ;
#4151 = PLANE ( 'NONE',  #5431 ) ;
#4152 = DIRECTION ( 'NONE',  ( 1.000000000000000000, 0.000000000000000000, 0.000000000000000000 ) ) ;
#4153 = CARTESIAN_POINT ( 'NONE',  ( -6.547313233045869652, 43.73127954780871818, 1.406541579638601824 ) ) ;
#4154 = DIRECTION ( 'NONE',  ( -0.000000000000000000, -0.000000000000000000, -1.000000000000000000 ) ) ;
#4155 = CARTESIAN_POINT ( 'NONE',  ( 13.66742430504414330, 0.000000000000000000, -7.299999999999999822 ) ) ;
#4156 = DIRECTION ( 'NONE',  ( 0.000000000000000000, 0.000000000000000000, 1.000000000000000000 ) ) ;
#4157 = CARTESIAN_POINT ( 'NONE',  ( -16.33257569495584960, 0.000000000000000000, -6.299999999999999822 ) ) ;
#4158 = VERTEX_POINT ( 'NONE', #6560 ) ;
#4159 = VECTOR ( 'NONE', #517, 1000.000000000000000 ) ;
#4160 = B_SPLINE_SURFACE_WITH_KNOTS ( 'NONE', 2, 1, ( 
 ( #3460, #6268 ),
 ( #794, #1368 ),
 ( #1834, #5215 ) ),
 .UNSPECIFIED., .F., .F., .F.,
 ( 3, 3 ),
 ( 2, 2 ),
 ( 0.5007546545121352999, 0.5008463955964099767 ),
 ( 0.000000000000000000, 1.000000000000000000 ),
 .UNSPECIFIED. ) ;
#4161 = EDGE_CURVE ( 'NONE', #1365, #5956, #640, .T. ) ;
#4162 = CARTESIAN_POINT ( 'NONE',  ( -30.75000000000000355, 10.00000000001022293, -7.497835144917974759 ) ) ;
#4163 = DIRECTION ( 'NONE',  ( 0.9350362658921146375, -0.3545520856891563044, -1.943191557692994037E-17 ) ) ;
#4164 = CARTESIAN_POINT ( 'NONE',  ( -25.54999999999999716, 8.645569117300185624, -7.852373387837451091 ) ) ;
#4165 = AXIS2_PLACEMENT_3D ( 'NONE', #4081, #6278, #3540 ) ;
#4166 = EDGE_CURVE ( 'NONE', #247, #4701, #1566, .T. ) ;
#4167 = ORIENTED_EDGE ( 'NONE', *, *, #5264, .T. ) ;
#4168 = ORIENTED_EDGE ( 'NONE', *, *, #5464, .F. ) ;
#4169 = CARTESIAN_POINT ( 'NONE',  ( -27.54999999999999361, 8.842716907936292614, -9.853304829657027142 ) ) ;
#4170 = ORIENTED_EDGE ( 'NONE', *, *, #4065, .T. ) ;
#4171 = CARTESIAN_POINT ( 'NONE',  ( -30.75000000000000355, 19.55514891347531758, -2.911877845549248889 ) ) ;
#4172 = ADVANCED_FACE ( 'NONE', ( #3206 ), #1919, .F. ) ;
#4173 = CARTESIAN_POINT ( 'NONE',  ( 28.86578844582266612, 7.681734729695060437, -14.00785272542764659 ) ) ;
#4174 = AXIS2_PLACEMENT_3D ( 'NONE', #6667, #6745, #181 ) ;
#4175 = PLANE ( 'NONE',  #3047 ) ;
#4176 = DIRECTION ( 'NONE',  ( 0.000000000000000000, 0.000000000000000000, -1.000000000000000000 ) ) ;
#4177 = CARTESIAN_POINT ( 'NONE',  ( 28.41564606520357117, 18.17282444189656232, -3.811509613671378638 ) ) ;
#4178 = CARTESIAN_POINT ( 'NONE',  ( -40.00000000000000000, -1.000000000000000000, -26.30000000000000426 ) ) ;
#4179 = ORIENTED_EDGE ( 'NONE', *, *, #2272, .F. ) ;
#4180 = VECTOR ( 'NONE', #1989, 1000.000000000000000 ) ;
#4181 = EDGE_CURVE ( 'NONE', #4079, #2023, #720, .T. ) ;
#4182 = CARTESIAN_POINT ( 'NONE',  ( 28.77939009397773873, 7.270099831554070136, -14.07244420435670307 ) ) ;
#4183 = ORIENTED_EDGE ( 'NONE', *, *, #4249, .F. ) ;
#4184 = CARTESIAN_POINT ( 'NONE',  ( -30.76000000000000156, 0.8499999999999909850, -18.24859595258460132 ) ) ;
#4185 = CARTESIAN_POINT ( 'NONE',  ( 15.09999999999999609, -1.000000000000000000, -19.45000000000000639 ) ) ;
#4186 = CIRCLE ( 'NONE', #6018, 4.100000000000000533 ) ;
#4187 = VECTOR ( 'NONE', #6431, 999.9999999999998863 ) ;
#4188 = LINE ( 'NONE', #5730, #3608 ) ;
#4189 = DIRECTION ( 'NONE',  ( 1.000000000000000000, -0.000000000000000000, -0.000000000000000000 ) ) ;
#4190 = CARTESIAN_POINT ( 'NONE',  ( -11.71372919964819381, 32.64565663597156231, -3.999999999999998224 ) ) ;
#4191 = LINE ( 'NONE', #3476, #6 ) ;
#4192 = CARTESIAN_POINT ( 'NONE',  ( 28.04801020777101783, 17.02991942059858843, -10.49680653620646176 ) ) ;
#4193 = CARTESIAN_POINT ( 'NONE',  ( -30.75000000000000000, 19.55514891348196826, -12.95133021627909642 ) ) ;
#4194 = LINE ( 'NONE', #1928, #4633 ) ;
#4195 = DIRECTION ( 'NONE',  ( 1.000000000000000000, 0.000000000000000000, 0.000000000000000000 ) ) ;
#4196 = ADVANCED_FACE ( 'NONE', ( #5688 ), #3427, .F. ) ;
#4197 = VERTEX_POINT ( 'NONE', #4573 ) ;
#4198 = CARTESIAN_POINT ( 'NONE',  ( -15.00000000000000000, -1.000000000000001998, -20.30000000000000426 ) ) ;
#4199 = CARTESIAN_POINT ( 'NONE',  ( 28.86908957965897571, 12.63332727971011415, -6.624301543779991697 ) ) ;
#4200 = CARTESIAN_POINT ( 'NONE',  ( -13.33257569495584960, 1.000000000000000000, -7.299999999999999822 ) ) ;
#4201 = ORIENTED_EDGE ( 'NONE', *, *, #781, .T. ) ;
#4202 = ORIENTED_EDGE ( 'NONE', *, *, #3066, .F. ) ;
#4203 = CARTESIAN_POINT ( 'NONE',  ( -25.54999999999999716, 6.533848576155909527, -8.168005766204966989 ) ) ;
#4204 = VERTEX_POINT ( 'NONE', #4673 ) ;
#4205 = LINE ( 'NONE', #6405, #1729 ) ;
#4206 = EDGE_CURVE ( 'NONE', #234, #2348, #203, .T. ) ;
#4207 = DIRECTION ( 'NONE',  ( 1.000000000000000000, 0.000000000000000000, 0.000000000000000000 ) ) ;
#4208 = ADVANCED_FACE ( 'NONE', ( #3018 ), #5678, .F. ) ;
#4209 = FACE_OUTER_BOUND ( 'NONE', #3387, .T. ) ;
#4210 = AXIS2_PLACEMENT_3D ( 'NONE', #4961, #7127, #6552 ) ;
#4211 = CARTESIAN_POINT ( 'NONE',  ( -40.00000000000000000, -1.000000000000000000, -26.30000000000000782 ) ) ;
#4212 = CARTESIAN_POINT ( 'NONE',  ( 28.85794097894156707, 17.73491995734759286, -4.080491321247092351 ) ) ;
#4213 = EDGE_CURVE ( 'NONE', #521, #2279, #4525, .T. ) ;
#4214 = ORIENTED_EDGE ( 'NONE', *, *, #5200, .F. ) ;
#4215 = FACE_OUTER_BOUND ( 'NONE', #5430, .T. ) ;
#4216 = EDGE_LOOP ( 'NONE', ( #985, #4920, #3241, #581 ) ) ;
#4217 = FACE_OUTER_BOUND ( 'NONE', #4009, .T. ) ;
#4218 = EDGE_LOOP ( 'NONE', ( #224, #5523, #4167, #2041 ) ) ;
#4219 = CARTESIAN_POINT ( 'NONE',  ( -10.33257569495584960, 1.000000000000000000, -7.299999999999999822 ) ) ;
#4220 = CARTESIAN_POINT ( 'NONE',  ( -30.16547534632252336, 24.36710145907032299, -11.23120107764133557 ) ) ;
#4221 = DIRECTION ( 'NONE',  ( -0.000000000000000000, -0.000000000000000000, -1.000000000000000000 ) ) ;
#4222 = CARTESIAN_POINT ( 'NONE',  ( 29.61864536873224907, 4.312296182628183594, -22.85015452168707029 ) ) ;
#4223 = CARTESIAN_POINT ( 'NONE',  ( 5.999999999999998224, -1.000000000000000000, -17.30000000000000071 ) ) ;
#4224 = ORIENTED_EDGE ( 'NONE', *, *, #5756, .F. ) ;
#4225 = CARTESIAN_POINT ( 'NONE',  ( 28.27994393036481924, 16.99023573327429659, -10.51963374647733573 ) ) ;
#4226 = CARTESIAN_POINT ( 'NONE',  ( 29.29488443924890717, 26.00000000000000355, -8.765994983667010132 ) ) ;
#4227 = CARTESIAN_POINT ( 'NONE',  ( 30.75000000000000711, 19.55514891501364261, -2.911877844520294190 ) ) ;
#4228 = FACE_OUTER_BOUND ( 'NONE', #5727, .T. ) ;
#4229 = ORIENTED_EDGE ( 'NONE', *, *, #5084, .F. ) ;
#4230 = CARTESIAN_POINT ( 'NONE',  ( -27.54999999999999716, 19.99231428492968732, -5.023205613750910459 ) ) ;
#4231 = DIRECTION ( 'NONE',  ( 1.000000000000000000, 0.000000000000000000, 0.000000000000000000 ) ) ;
#4232 = CARTESIAN_POINT ( 'NONE',  ( -30.75000000000000000, 10.00000000000006395, -30.00000000000000000 ) ) ;
#4233 = VERTEX_POINT ( 'NONE', #1360 ) ;
#4234 = VERTEX_POINT ( 'NONE', #5167 ) ;
#4235 = CARTESIAN_POINT ( 'NONE',  ( -30.75000000000000000, 10.00000000000006395, -20.49880748697647803 ) ) ;
#4236 = ORIENTED_EDGE ( 'NONE', *, *, #742, .F. ) ;
#4237 = DIRECTION ( 'NONE',  ( -0.9225792374703880583, -0.3498285625815279465, -0.1626884365611128702 ) ) ;
#4238 = LINE ( 'NONE', #4746, #5105 ) ;
#4239 = DIRECTION ( 'NONE',  ( 0.000000000000000000, -0.000000000000000000, -1.000000000000000000 ) ) ;
#4240 = CARTESIAN_POINT ( 'NONE',  ( 1.667424305044146848, 1.000000000000000000, -7.299999999999999822 ) ) ;
#4241 = VERTEX_POINT ( 'NONE', #1215 ) ;
#4242 = DIRECTION ( 'NONE',  ( 1.000000000000000000, 0.000000000000000000, -0.000000000000000000 ) ) ;
#4243 = ADVANCED_FACE ( 'NONE', ( #820 ), #6216, .F. ) ;
#4244 = ORIENTED_EDGE ( 'NONE', *, *, #2220, .F. ) ;
#4245 = DIRECTION ( 'NONE',  ( -1.000000000000000000, 0.000000000000000000, -0.000000000000000000 ) ) ;
#4246 = ORIENTED_EDGE ( 'NONE', *, *, #428, .F. ) ;
#4247 = CARTESIAN_POINT ( 'NONE',  ( -17.00000000000000000, -8.000000000000000000, -7.200000000000001066 ) ) ;
#4248 = LINE ( 'NONE', #4355, #1904 ) ;
#4249 = EDGE_CURVE ( 'NONE', #5937, #5538, #1326, .T. ) ;
#4250 = AXIS2_PLACEMENT_3D ( 'NONE', #739, #3008, #2938 ) ;
#4251 = CARTESIAN_POINT ( 'NONE',  ( 25.13872308819342649, 0.8138773543784222353, -26.82205427293762412 ) ) ;
#4252 = DIRECTION ( 'NONE',  ( 0.000000000000000000, 0.000000000000000000, -1.000000000000000000 ) ) ;
#4253 = ADVANCED_FACE ( 'NONE', ( #168 ), #6258, .F. ) ;
#4254 = ORIENTED_EDGE ( 'NONE', *, *, #6133, .T. ) ;
#4255 = VECTOR ( 'NONE', #5807, 1000.000000000000000 ) ;
#4256 = DIRECTION ( 'NONE',  ( -0.000000000000000000, 1.000000000000000000, 0.000000000000000000 ) ) ;
#4257 = EDGE_CURVE ( 'NONE', #4092, #2444, #2368, .T. ) ;
#4258 = AXIS2_PLACEMENT_3D ( 'NONE', #2202, #13, #3399 ) ;
#4259 = DIRECTION ( 'NONE',  ( 0.000000000000000000, 0.000000000000000000, -1.000000000000000000 ) ) ;
#4260 = FACE_OUTER_BOUND ( 'NONE', #1036, .T. ) ;
#4261 = DIRECTION ( 'NONE',  ( 0.000000000000000000, 0.000000000000000000, -1.000000000000000000 ) ) ;
#4262 = ORIENTED_EDGE ( 'NONE', *, *, #1112, .F. ) ;
#4263 = CARTESIAN_POINT ( 'NONE',  ( 30.71424903366289882, 20.59016140544467532, -2.188299892660783286 ) ) ;
#4264 = LINE ( 'NONE', #1602, #2093 ) ;
#4265 = CARTESIAN_POINT ( 'NONE',  ( -27.54999999999999716, 12.41096627079353354, -6.716014902603990144 ) ) ;
#4266 = APPROVAL ( #761, '未' ) ;
#4267 = ORIENTED_EDGE ( 'NONE', *, *, #5864, .F. ) ;
#4268 = ORIENTED_EDGE ( 'NONE', *, *, #6822, .F. ) ;
#4269 = LINE ( 'NONE', #6438, #387 ) ;
#4270 = EDGE_LOOP ( 'NONE', ( #415, #6487, #6768, #2067 ) ) ;
#4271 = CARTESIAN_POINT ( 'NONE',  ( -30.75000000000000355, 10.00000000001022293, -7.497835144917974759 ) ) ;
#4272 = CARTESIAN_POINT ( 'NONE',  ( -1.332575694955852263, 0.000000000000000000, -7.299999999999999822 ) ) ;
#4273 = AXIS2_PLACEMENT_3D ( 'NONE', #3761, #4905, #3725 ) ;
#4274 = VECTOR ( 'NONE', #6385, 999.9999999999998863 ) ;
#4275 = CARTESIAN_POINT ( 'NONE',  ( -28.64476703625910048, 26.77651363899621373, -9.961721130281441461 ) ) ;
#4276 = DIRECTION ( 'NONE',  ( 0.000000000000000000, 5.480694194524166577E-17, -1.000000000000000000 ) ) ;
#4277 =( BOUNDED_CURVE ( )  B_SPLINE_CURVE ( 3, ( #5183, #322, #832, #6855 ),
 .UNSPECIFIED., .F., .T. ) 
 B_SPLINE_CURVE_WITH_KNOTS ( ( 4, 4 ),
 ( 0.000000000000000000, 1.000000000000000000 ),
 .UNSPECIFIED. ) 
 CURVE ( )  GEOMETRIC_REPRESENTATION_ITEM ( )  RATIONAL_B_SPLINE_CURVE ( ( 1.000000000000000000, 0.9492530216746840610, 0.9492530216746840610, 1.000000000000000000 ) ) 
 REPRESENTATION_ITEM ( '' )  );
#4278 = VERTEX_POINT ( 'NONE', #3486 ) ;
#4279 = LINE ( 'NONE', #4852, #1314 ) ;
#4280 = EDGE_CURVE ( 'NONE', #4351, #1600, #3524, .T. ) ;
#4281 = ORIENTED_EDGE ( 'NONE', *, *, #1085, .F. ) ;
#4282 = DIRECTION ( 'NONE',  ( 1.000000000000000000, 0.000000000000000000, 0.000000000000000000 ) ) ;
#4283 = EDGE_LOOP ( 'NONE', ( #4635, #1062, #4655, #2051 ) ) ;
#4284 = AXIS2_PLACEMENT_3D ( 'NONE', #6495, #4462, #3431 ) ;
#4285 = DIRECTION ( 'NONE',  ( -1.000000000000000000, 0.000000000000000000, 0.000000000000000000 ) ) ;
#4286 = DIRECTION ( 'NONE',  ( -1.000000000000000000, 0.000000000000000000, -0.000000000000000000 ) ) ;
#4287 = CARTESIAN_POINT ( 'NONE',  ( 27.67054646866098366, 7.596505632299829003, -14.02182783828904000 ) ) ;
#4288 = DIRECTION ( 'NONE',  ( 0.000000000000000000, 5.480694194524166577E-17, -1.000000000000000000 ) ) ;
#4289 = VECTOR ( 'NONE', #5847, 1000.000000000000000 ) ;
#4290 = FACE_OUTER_BOUND ( 'NONE', #4464, .T. ) ;
#4291 = VERTEX_POINT ( 'NONE', #750 ) ;
#4292 = PERSON ( '未', '未', '未', ('未'), ('未'), ('未') ) ;
#4293 = CARTESIAN_POINT ( 'NONE',  ( -24.47050000000000125, 25.67423583211418858, -0.9999999999999978906 ) ) ;
#4294 = AXIS2_PLACEMENT_3D ( 'NONE', #6175, #2288, #3944 ) ;
#4295 = VECTOR ( 'NONE', #3097, 1000.000000000000000 ) ;
#4296 = EDGE_CURVE ( 'NONE', #788, #3144, #4632, .T. ) ;
#4297 = ADVANCED_FACE ( 'NONE', ( #3451 ), #786, .F. ) ;
#4298 = PLANE ( 'NONE',  #1410 ) ;
#4299 = DIRECTION ( 'NONE',  ( 1.000000000000000000, 0.000000000000000000, 0.000000000000000000 ) ) ;
#4300 = CARTESIAN_POINT ( 'NONE',  ( 28.27994393036481924, 16.99023573327429659, -4.519633746304590360 ) ) ;
#4301 = AXIS2_PLACEMENT_3D ( 'NONE', #3309, #29, #2699 ) ;
#4302 = EDGE_CURVE ( 'NONE', #4351, #3197, #3953, .T. ) ;
#4303 = VERTEX_POINT ( 'NONE', #6842 ) ;
#4304 = AXIS2_PLACEMENT_3D ( 'NONE', #1347, #2428, #3543 ) ;
#4305 = LINE ( 'NONE', #2173, #114 ) ;
#4306 = CIRCLE ( 'NONE', #6496, 5.000000000000000000 ) ;
#4307 = CARTESIAN_POINT ( 'NONE',  ( 17.00000000000000000, -8.000000000000000000, -8.050000000000000711 ) ) ;
#4308 = CARTESIAN_POINT ( 'NONE',  ( 30.29975798135916776, 22.13918332465641825, -12.97323864857873588 ) ) ;
#4309 = EDGE_CURVE ( 'NONE', #5018, #3024, #1897, .T. ) ;
#4310 = ORIENTED_EDGE ( 'NONE', *, *, #3592, .F. ) ;
#4311 = EDGE_LOOP ( 'NONE', ( #3862, #6555, #5156, #3161 ) ) ;
#4312 = DIRECTION ( 'NONE',  ( 0.000000000000000000, 0.8386705679454211637, 0.5446390350150315252 ) ) ;
#4313 = ORIENTED_EDGE ( 'NONE', *, *, #3810, .T. ) ;
#4314 = DIRECTION ( 'NONE',  ( 0.000000000000000000, 0.000000000000000000, -1.000000000000000000 ) ) ;
#4315 = DIRECTION ( 'NONE',  ( 1.000000000000000000, 0.000000000000000000, 0.000000000000000000 ) ) ;
#4316 = CARTESIAN_POINT ( 'NONE',  ( 27.98871838160093617, 13.12679839648481384, -6.426662581586563228 ) ) ;
#4317 = VERTEX_POINT ( 'NONE', #5100 ) ;
#4318 = CARTESIAN_POINT ( 'NONE',  ( -30.75000000000021672, 20.59016140545586637, -2.188299892635032329 ) ) ;
#4319 = VERTEX_POINT ( 'NONE', #282 ) ;
#4320 = CARTESIAN_POINT ( 'NONE',  ( 28.69392920293716998, 7.164727808289702793, -8.087695164672526360 ) ) ;
#4321 = ORIENTED_EDGE ( 'NONE', *, *, #5030, .F. ) ;
#4322 = DIRECTION ( 'NONE',  ( 0.000000000000000000, 0.000000000000000000, 1.000000000000000000 ) ) ;
#4323 = DIRECTION ( 'NONE',  ( -1.000000000000000000, 0.000000000000000000, 0.000000000000000000 ) ) ;
#4324 = CIRCLE ( 'NONE', #1795, 0.6000000000000033085 ) ;
#4325 = CARTESIAN_POINT ( 'NONE',  ( 27.67068202791162079, 7.642481342715705672, -14.01435503943930350 ) ) ;
#4326 = DIRECTION ( 'NONE',  ( -1.000000000000000000, 1.865294060190139876E-16, 0.000000000000000000 ) ) ;
#4327 = CARTESIAN_POINT ( 'NONE',  ( -5.000000000000000888, 2.000000000000003997, -20.35177722040744541 ) ) ;
#4328 = VECTOR ( 'NONE', #921, 1000.000000000000000 ) ;
#4329 = ORIENTED_EDGE ( 'NONE', *, *, #4724, .F. ) ;
#4330 = DIRECTION ( 'NONE',  ( 1.000000000000000000, 7.760605024106869835E-16, 5.039795830461810939E-16 ) ) ;
#4331 = PLANE ( 'NONE',  #2674 ) ;
#4332 = CARTESIAN_POINT ( 'NONE',  ( 19.74999999999992895, -1.000000000000004441, -19.44999999988165129 ) ) ;
#4333 = CARTESIAN_POINT ( 'NONE',  ( 27.67377153112673582, 17.49707249073346560, -4.223247723074236681 ) ) ;
#4334 = ORIENTED_EDGE ( 'NONE', *, *, #5654, .T. ) ;
#4335 = ADVANCED_FACE ( 'NONE', ( #2484 ), #5283, .T. ) ;
#4336 = CARTESIAN_POINT ( 'NONE',  ( 15.00000000000000000, 1.000000000000000000, -19.00118481360496503 ) ) ;
#4337 = EDGE_CURVE ( 'NONE', #4456, #3647, #6399, .T. ) ;
#4338 = DIRECTION ( 'NONE',  ( -0.000000000000000000, -0.000000000000000000, 1.000000000000000000 ) ) ;
#4339 = CARTESIAN_POINT ( 'NONE',  ( 28.69234927323354256, 26.68887743719939110, -10.01863274516728630 ) ) ;
#4340 = CARTESIAN_POINT ( 'NONE',  ( -4.000000000000000000, 26.00000000000000355, -5.904323080860730322 ) ) ;
#4341 = ORIENTED_EDGE ( 'NONE', *, *, #2006, .T. ) ;
#4342 = ORIENTED_EDGE ( 'NONE', *, *, #5384, .T. ) ;
#4343 = DIRECTION ( 'NONE',  ( -1.000000000000000000, 0.000000000000000000, 0.000000000000000000 ) ) ;
#4344 = ORIENTED_EDGE ( 'NONE', *, *, #3276, .F. ) ;
#4345 = LINE ( 'NONE', #4921, #1847 ) ;
#4346 = CARTESIAN_POINT ( 'NONE',  ( 28.71055688888727886, 18.00271893867481410, -3.916916533909826192 ) ) ;
#4347 = CYLINDRICAL_SURFACE ( 'NONE', #2788, 3.249999999999999556 ) ;
#4348 = CARTESIAN_POINT ( 'NONE',  ( -6.713729199648194701, 32.64565663597156231, -3.999999999999998224 ) ) ;
#4349 = ORIENTED_EDGE ( 'NONE', *, *, #4833, .T. ) ;
#4350 = CARTESIAN_POINT ( 'NONE',  ( 27.90090001163757449, 7.115850202485868081, -8.094604625010665799 ) ) ;
#4351 = VERTEX_POINT ( 'NONE', #4200 ) ;
#4352 = CARTESIAN_POINT ( 'NONE',  ( 27.89005715435934718, 7.126480844311330998, -8.093089812419760776 ) ) ;
#4353 = ORIENTED_EDGE ( 'NONE', *, *, #2899, .T. ) ;
#4354 = CARTESIAN_POINT ( 'NONE',  ( -30.75000000000000355, 8.559843758730989904, -21.40854911093965640 ) ) ;
#4355 = CARTESIAN_POINT ( 'NONE',  ( 19.74999999999992895, -1.000000000000000000, -30.00000000000000000 ) ) ;
#4356 = DIRECTION ( 'NONE',  ( 0.000000000000000000, 0.000000000000000000, -1.000000000000000000 ) ) ;
#4357 = CARTESIAN_POINT ( 'NONE',  ( 19.66742430504414330, 1.000000000000000000, -6.299999999999999822 ) ) ;
#4358 = DIRECTION ( 'NONE',  ( -0.000000000000000000, -0.000000000000000000, -1.000000000000000000 ) ) ;
#4359 = EDGE_CURVE ( 'NONE', #6302, #1516, #1466, .T. ) ;
#4360 = ORIENTED_EDGE ( 'NONE', *, *, #5451, .F. ) ;
#4361 = DIRECTION ( 'NONE',  ( 0.000000000000000000, 0.000000000000000000, 1.000000000000000000 ) ) ;
#4362 = CARTESIAN_POINT ( 'NONE',  ( 28.17595537673198436, 18.18266567906800901, -9.805377000643193952 ) ) ;
#4363 = DIRECTION ( 'NONE',  ( 0.000000000000000000, 0.8386705679454230511, 0.5446390350150288606 ) ) ;
#4364 = CARTESIAN_POINT ( 'NONE',  ( 28.34601473424375939, 16.99127580890346323, -4.519036174336999778 ) ) ;
#4365 = ORIENTED_EDGE ( 'NONE', *, *, #3296, .F. ) ;
#4366 = ORIENTED_EDGE ( 'NONE', *, *, #2178, .F. ) ;
#4367 = AXIS2_PLACEMENT_3D ( 'NONE', #5159, #5775, #5665 ) ;
#4368 = EDGE_CURVE ( 'NONE', #1411, #486, #5241, .T. ) ;
#4369 = VECTOR ( 'NONE', #4067, 1000.000000000000000 ) ;
#4370 = CARTESIAN_POINT ( 'NONE',  ( 28.87050000000000338, 12.59266273372887213, -12.64011738244223260 ) ) ;
#4371 = LINE ( 'NONE', #2730, #3646 ) ;
#4372 = CYLINDRICAL_SURFACE ( 'NONE', #2345, 0.5999999999999998668 ) ;
#4373 = ORIENTED_EDGE ( 'NONE', *, *, #4512, .F. ) ;
#4374 = EDGE_LOOP ( 'NONE', ( #6483, #5208, #5416, #6182, #1764, #3586, #6031, #4342 ) ) ;
#4375 = CARTESIAN_POINT ( 'NONE',  ( 19.74999999999992895, 1.000000000000000000, -25.00118481360496858 ) ) ;
#4376 = ORIENTED_EDGE ( 'NONE', *, *, #2990, .F. ) ;
#4377 = ADVANCED_FACE ( 'NONE', ( #5886 ), #1500, .F. ) ;
#4378 = CARTESIAN_POINT ( 'NONE',  ( -17.31372919964819346, 32.64565663597156231, -1.999999999999997780 ) ) ;
#4379 = CARTESIAN_POINT ( 'NONE',  ( 28.66366293530355236, 18.04339744366134823, -9.891791153237443623 ) ) ;
#4380 = ADVANCED_FACE ( 'NONE', ( #956 ), #2039, .F. ) ;
#4381 = DIRECTION ( 'NONE',  ( 0.000000000000000000, 0.000000000000000000, -1.000000000000000000 ) ) ;
#4382 = EDGE_CURVE ( 'NONE', #688, #2374, #7009, .T. ) ;
#4383 = CARTESIAN_POINT ( 'NONE',  ( -0.2054923161751032457, 41.29391447578375107, -0.5340107933796125472 ) ) ;
#4384 = ORIENTED_EDGE ( 'NONE', *, *, #991, .T. ) ;
#4385 = CARTESIAN_POINT ( 'NONE',  ( 28.18933784461522407, 6.995186743320596534, -8.111074950097894032 ) ) ;
#4386 = ORIENTED_EDGE ( 'NONE', *, *, #3110, .T. ) ;
#4387 = EDGE_CURVE ( 'NONE', #1145, #1171, #1802, .T. ) ;
#4388 = VECTOR ( 'NONE', #2980, 1000.000000000000000 ) ;
#4389 = CARTESIAN_POINT ( 'NONE',  ( 27.69987753311569634, 7.397941989897942605, -14.05326095290614319 ) ) ;
#4390 = VERTEX_POINT ( 'NONE', #6910 ) ;
#4391 = CARTESIAN_POINT ( 'NONE',  ( -29.43697913750330386, 4.573988804513300366, -24.38020934595460076 ) ) ;
#4392 = PLANE ( 'NONE',  #1029 ) ;
#4393 = CARTESIAN_POINT ( 'NONE',  ( 28.52642116429957753, 7.048346487541063965, -14.10389834250504570 ) ) ;
#4394 = CARTESIAN_POINT ( 'NONE',  ( 25.28980878225549134, 0.3883497273474725842, -26.57045310255576354 ) ) ;
#4395 = VECTOR ( 'NONE', #6351, 1000.000000000000000 ) ;
#4396 = CARTESIAN_POINT ( 'NONE',  ( 28.14494279457356285, 17.95759424694340822, -9.942473195453782608 ) ) ;
#4397 = EDGE_CURVE ( 'NONE', #2953, #4064, #3736, .T. ) ;
#4398 = VERTEX_POINT ( 'NONE', #3188 ) ;
#4399 = DIRECTION ( 'NONE',  ( 0.000000000000000000, 0.000000000000000000, 1.000000000000000000 ) ) ;
#4400 = DIRECTION ( 'NONE',  ( 0.000000000000000000, 1.000000000000000000, 0.000000000000000000 ) ) ;
#4401 = AXIS2_PLACEMENT_3D ( 'NONE', #5330, #876, #3177 ) ;
#4402 = DIRECTION ( 'NONE',  ( 0.000000000000000000, -0.8386705679454212747, -0.5446390350150313031 ) ) ;
#4403 = DIRECTION ( 'NONE',  ( -0.000000000000000000, 0.8386705679454210527, 0.5446390350150316362 ) ) ;
#4404 = CARTESIAN_POINT ( 'NONE',  ( 28.87050000000004246, 17.50277688067660975, -10.21991002067572651 ) ) ;
#4405 = AXIS2_PLACEMENT_3D ( 'NONE', #6494, #6046, #5506 ) ;
#4406 = CARTESIAN_POINT ( 'NONE',  ( 27.67054978685249012, 12.59551600588105735, -12.63900869930550641 ) ) ;
#4407 = PLANE ( 'NONE',  #3017 ) ;
#4408 = CARTESIAN_POINT ( 'NONE',  ( 27.52817459302550063, 2.221825406974443862, -24.20772211675411612 ) ) ;
#4409 = EDGE_CURVE ( 'NONE', #5018, #616, #2654, .T. ) ;
#4410 = AXIS2_PLACEMENT_3D ( 'NONE', #962, #4807, #3163 ) ;
#4411 = VECTOR ( 'NONE', #4461, 999.9999999999998863 ) ;
#4412 = CARTESIAN_POINT ( 'NONE',  ( 1.667424305044146848, 1.000000000000000000, -7.299999999999999822 ) ) ;
#4413 = ORIENTED_EDGE ( 'NONE', *, *, #5633, .F. ) ;
#4414 = ORIENTED_EDGE ( 'NONE', *, *, #6509, .F. ) ;
#4415 = CARTESIAN_POINT ( 'NONE',  ( 28.38843516251355581, 8.207958862371409481, -13.91381615834318985 ) ) ;
#4416 = ORIENTED_EDGE ( 'NONE', *, *, #1609, .F. ) ;
#4417 = B_SPLINE_CURVE_WITH_KNOTS ( 'NONE', 2,
 ( #4271, #1976, #4171 ),
 .UNSPECIFIED., .F., .F.,
 ( 3, 3 ),
 ( 0.5006037682352063589, 0.5013182603786237035 ),
 .UNSPECIFIED. ) ;
#4418 = LINE ( 'NONE', #2184, #9 ) ;
#4419 = CARTESIAN_POINT ( 'NONE',  ( 28.04124182936009291, 18.14860625047712617, -3.826603840205911933 ) ) ;
#4420 = CARTESIAN_POINT ( 'NONE',  ( 28.43472300786174856, 13.17510724190946014, -6.406731896386351544 ) ) ;
#4421 = CARTESIAN_POINT ( 'NONE',  ( 27.67080399324540352, 12.64310125376198357, -12.62053383205349455 ) ) ;
#4422 = VERTEX_POINT ( 'NONE', #4129 ) ;
#4423 = CARTESIAN_POINT ( 'NONE',  ( 28.86970237185266797, 12.56127833671533445, -6.652275095295380858 ) ) ;
#4424 = EDGE_LOOP ( 'NONE', ( #1963, #4679, #1821, #3842, #7027, #791, #170, #4100, #1701, #4281, #3784, #4117, #2018, #4179, #3456, #3894, #5970, #7121, #62, #5380, #5462, #5836, #2622, #5904, #2989, #5185, #3422, #2606, #3748, #567, #3560, #5979, #4722, #164, #5418, #2999, #2244, #5458, #3190, #1541 ) ) ;
#4425 = EDGE_CURVE ( 'NONE', #2964, #1206, #3054, .T. ) ;
#4426 = ADVANCED_FACE ( 'NONE', ( #589 ), #7048, .F. ) ;
#4427 = LINE ( 'NONE', #3786, #6727 ) ;
#4428 = ORIENTED_EDGE ( 'NONE', *, *, #5575, .F. ) ;
#4429 = PLANE ( 'NONE',  #2349 ) ;
#4430 = CARTESIAN_POINT ( 'NONE',  ( 28.87050000000000338, 7.595164061972251801, -8.022048358308493832 ) ) ;
#4431 = EDGE_CURVE ( 'NONE', #3248, #2985, #4371, .T. ) ;
#4432 = CARTESIAN_POINT ( 'NONE',  ( -13.00000000000000178, 23.48398829616374428, -10.39991208871210127 ) ) ;
#4433 = CARTESIAN_POINT ( 'NONE',  ( 28.63244421670594164, 18.20498359939823629, -9.793218887587428867 ) ) ;
#4434 = ORIENTED_EDGE ( 'NONE', *, *, #197, .F. ) ;
#4435 = DIRECTION ( 'NONE',  ( 0.000000000000000000, 0.000000000000000000, 1.000000000000000000 ) ) ;
#4436 = CARTESIAN_POINT ( 'NONE',  ( -0.7091041713783117206, 41.30059529707407506, -30.00000000000000000 ) ) ;
#4437 = PERSON_AND_ORGANIZATION_ROLE ( 'classification_officer' ) ;
#4438 = CYLINDRICAL_SURFACE ( 'NONE', #5322, 2.000000000000000888 ) ;
#4439 = VECTOR ( 'NONE', #6296, 1000.000000000000000 ) ;
#4440 = CARTESIAN_POINT ( 'NONE',  ( 28.47392177800892910, 17.02569742946269571, -4.499233439938737256 ) ) ;
#4441 = LINE ( 'NONE', #1710, #343 ) ;
#4442 = CARTESIAN_POINT ( 'NONE',  ( 27.68156795770906342, 12.45990506206298498, -12.69134678187006848 ) ) ;
#4443 = DIRECTION ( 'NONE',  ( 1.000000000000000000, 0.000000000000000000, 0.000000000000000000 ) ) ;
#4444 = CARTESIAN_POINT ( 'NONE',  ( -5.999999999999998224, -13.00000000000000178, -21.30000000000000426 ) ) ;
#4445 = ORIENTED_EDGE ( 'NONE', *, *, #2769, .F. ) ;
#4446 = ORIENTED_EDGE ( 'NONE', *, *, #1291, .F. ) ;
#4447 = CARTESIAN_POINT ( 'NONE',  ( -40.00000000000000000, -1.000000000000000000, -6.299999999999999822 ) ) ;
#4448 = ORIENTED_EDGE ( 'NONE', *, *, #3716, .T. ) ;
#4449 = CARTESIAN_POINT ( 'NONE',  ( 21.06828128533735267, 33.58069290186368505, -5.367492358943043662 ) ) ;
#4450 = CARTESIAN_POINT ( 'NONE',  ( 28.87050000000000338, 17.59016140548693130, -4.167551378201779677 ) ) ;
#4451 = B_SPLINE_CURVE_WITH_KNOTS ( 'NONE', 3,
 ( #6070, #5601, #2292, #3344, #6215, #2328, #3915, #67, #601, #749, #1688, #2948, #3985, #202, #4420, #4995, #6623, #1141, #5531, #2258, #4452, #5569, #1720, #3085, #5784, #281, #4128, #2517, #1359, #5820, #887, #6364, #6938, #3523, #2483, #4199, #4672, #5712, #1392, #3053 ),
 .UNSPECIFIED., .F., .F.,
 ( 4, 2, 2, 2, 2, 2, 2, 2, 2, 1, 2, 2, 1, 2, 2, 1, 1, 2, 2, 2, 2, 4 ),
 ( 0.5000000000000000000, 0.5312500000000014433, 0.5625000000000028866, 0.6250000000000055511, 0.6875000000000082157, 0.7187500000000095479, 0.7500000000000108802, 0.8125000000000106581, 0.8750000000000104361, 0.9062500000000104361, 0.9218750000000103251, 0.9375000000000102141, 0.9531250000000099920, 0.9609375000000091038, 0.9687500000000084377, 0.9765625000000075495, 0.9804687500000067724, 0.9824218750000063283, 0.9843750000000059952, 0.9882812500000046629, 0.9921875000000035527, 1.000000000000000000 ),
 .UNSPECIFIED. ) ;
#4452 = CARTESIAN_POINT ( 'NONE',  ( 28.81181151205232283, 12.85200654874073045, -6.538017046111693986 ) ) ;
#4453 = CARTESIAN_POINT ( 'NONE',  ( 28.18446633726353312, 13.18998197718609866, -12.40056263342874843 ) ) ;
#4454 = ORIENTED_EDGE ( 'NONE', *, *, #2357, .F. ) ;
#4455 = CARTESIAN_POINT ( 'NONE',  ( 28.86704952209010955, 12.52767086920257000, -6.665247377191901634 ) ) ;
#4456 = VERTEX_POINT ( 'NONE', #4879 ) ;
#4457 = CARTESIAN_POINT ( 'NONE',  ( 28.06473052662173373, 7.027648110970707407, -8.106711151756165634 ) ) ;
#4458 = VERTEX_POINT ( 'NONE', #3222 ) ;
#4459 = CARTESIAN_POINT ( 'NONE',  ( -25.28980878225760875, 0.3883497273483436096, -26.57045310255326953 ) ) ;
#4460 = CARTESIAN_POINT ( 'NONE',  ( 27.95891620966908775, 8.112347964077805784, -13.93184670495921118 ) ) ;
#4461 = DIRECTION ( 'NONE',  ( 0.6425946703262723769, 0.6425946703262604975, 0.4173058582581295473 ) ) ;
#4462 = DIRECTION ( 'NONE',  ( -1.000000000000000000, 0.000000000000000000, 0.000000000000000000 ) ) ;
#4463 =( BOUNDED_SURFACE ( )  B_SPLINE_SURFACE ( 3, 2, ( 
 ( #1593, #3791, #1627 ),
 ( #5472, #539, #1082 ),
 ( #2094, #5975, #1119 ),
 ( #1560, #3246, #2712 ),
 ( #4899, #4861, #3823 ),
 ( #3283, #7, #2198 ),
 ( #4394, #4970, #4251 ),
 ( #3715, #5941, #1011 ),
 ( #978, #3207, #5397 ),
 ( #1187, #79, #6193 ),
 ( #4000, #3464, #6704 ),
 ( #107, #5650, #4576 ) ),
 .UNSPECIFIED., .F., .F., .F. ) 
 B_SPLINE_SURFACE_WITH_KNOTS ( ( 4, 2, 2, 2, 2, 4 ),
 ( 3, 3 ),
 ( 1.570796326794896558, 1.963495408493620697, 2.356194490192344837, 2.748893571891068976, 2.945243112740430824, 3.141592653589793116 ),
 ( 0.000000000000000000, 1.000000000000000000 ),
 .UNSPECIFIED. ) 
 GEOMETRIC_REPRESENTATION_ITEM ( )  RATIONAL_B_SPLINE_SURFACE ( (
 ( 1.000000000000000000, 0.7071067811865516806, 1.000000000000000000),
 ( 1.000000000000000000, 0.6819225649285017843, 1.000000000000000000),
 ( 1.000000000000000000, 0.6552907943643941913, 1.000000000000000000),
 ( 1.000000000000000000, 0.6029426217237541241, 1.000000000000000000),
 ( 1.000000000000000000, 0.5772032291131458104, 1.000000000000000000),
 ( 1.000000000000000000, 0.5317440600236843506, 1.000000000000000000),
 ( 1.000000000000000000, 0.5120919740184710633, 1.000000000000000000),
 ( 1.000000000000000000, 0.4915645638866038558, 1.000000000000000000),
 ( 1.000000000000000000, 0.4862130714236601592, 1.000000000000000000),
 ( 1.000000000000000000, 0.4790081999169997773, 1.000000000000000000),
 ( 1.000000000000000000, 0.4771528750229531157, 1.000000000000000000),
 ( 1.000000000000000000, 0.4771587602596153999, 1.000000000000000000) ) ) 
 REPRESENTATION_ITEM ( '' )  SURFACE ( )  );
#4464 = EDGE_LOOP ( 'NONE', ( #2420, #5408, #6581, #1273, #3594 ) ) ;
#4465 = DIRECTION ( 'NONE',  ( 0.000000000000000000, 0.000000000000000000, -1.000000000000000000 ) ) ;
#4466 = LINE ( 'NONE', #6669, #2565 ) ;
#4467 = EDGE_CURVE ( 'NONE', #1100, #2964, #628, .T. ) ;
#4468 = DIRECTION ( 'NONE',  ( 0.000000000000000000, 0.8386705679454212747, 0.5446390350150313031 ) ) ;
#4469 = DIRECTION ( 'NONE',  ( 0.000000000000000000, 0.000000000000000000, 1.000000000000000000 ) ) ;
#4470 = ORIENTED_EDGE ( 'NONE', *, *, #187, .T. ) ;
#4471 = ADVANCED_FACE ( 'NONE', ( #1133 ), #5521, .F. ) ;
#4472 = EDGE_CURVE ( 'NONE', #5254, #2985, #555, .T. ) ;
#4473 = PLANE ( 'NONE',  #2881 ) ;
#4474 = FACE_OUTER_BOUND ( 'NONE', #4689, .T. ) ;
#4475 = DIRECTION ( 'NONE',  ( -0.000000000000000000, -0.5446390350150317472, 0.8386705679454210527 ) ) ;
#4476 = CARTESIAN_POINT ( 'NONE',  ( 5.999999999999998224, -1.000000000000000000, -26.30000000000000426 ) ) ;
#4477 = VECTOR ( 'NONE', #6319, 1000.000000000000000 ) ;
#4478 = VERTEX_POINT ( 'NONE', #3333 ) ;
#4479 = VERTEX_POINT ( 'NONE', #1712 ) ;
#4480 = CARTESIAN_POINT ( 'NONE',  ( 28.39200916171091649, 7.719107999207952098, -13.99767401592270133 ) ) ;
#4481 = ORIENTED_EDGE ( 'NONE', *, *, #5040, .F. ) ;
#4482 = ADVANCED_FACE ( 'NONE', ( #2690 ), #518, .F. ) ;
#4483 = CARTESIAN_POINT ( 'NONE',  ( 1.667424305044146848, 1.000000000000000000, -7.299999999999999822 ) ) ;
#4484 = VECTOR ( 'NONE', #5728, 1000.000000000000000 ) ;
#4485 = CARTESIAN_POINT ( 'NONE',  ( -22.33257569495584605, 1.000000000000000000, -7.299999999999999822 ) ) ;
#4486 = CARTESIAN_POINT ( 'NONE',  ( -0.6027385456715647072, 41.02008441730644250, -0.3541291247497121986 ) ) ;
#4487 = CIRCLE ( 'NONE', #1501, 1.999999999999999778 ) ;
#4488 = CARTESIAN_POINT ( 'NONE',  ( 28.78036484541487638, 12.90895032344696602, -12.51519915348652034 ) ) ;
#4489 = VERTEX_POINT ( 'NONE', #5412 ) ;
#4490 = CARTESIAN_POINT ( 'NONE',  ( 27.78574393708226964, 12.23725141323505561, -6.775299742586236462 ) ) ;
#4491 = ORIENTED_EDGE ( 'NONE', *, *, #6818, .T. ) ;
#4492 = FACE_BOUND ( 'NONE', #2286, .T. ) ;
#4493 = ORIENTED_EDGE ( 'NONE', *, *, #4915, .T. ) ;
#4494 = CARTESIAN_POINT ( 'NONE',  ( -20.46995648263535372, -1.000000000000004441, -27.44746873418996103 ) ) ;
#4495 = CARTESIAN_POINT ( 'NONE',  ( 28.85652868519915160, 7.723890050506332372, -8.000751979110120260 ) ) ;
#4496 = LINE ( 'NONE', #1298, #621 ) ;
#4497 = ADVANCED_FACE ( 'NONE', ( #21 ), #3513, .T. ) ;
#4498 = CARTESIAN_POINT ( 'NONE',  ( 27.77780020116593818, 12.93507609244470835, -12.50468610441312123 ) ) ;
#4499 = AXIS2_PLACEMENT_3D ( 'NONE', #3745, #1615, #3269 ) ;
#4500 = ORIENTED_EDGE ( 'NONE', *, *, #4804, .F. ) ;
#4501 = ORIENTED_EDGE ( 'NONE', *, *, #818, .F. ) ;
#4502 = CARTESIAN_POINT ( 'NONE',  ( 28.71283091779230645, 26.65071305380440236, -10.04341698553369788 ) ) ;
#4503 = DIRECTION ( 'NONE',  ( 0.000000000000000000, 0.000000000000000000, -1.000000000000000000 ) ) ;
#4504 = VECTOR ( 'NONE', #1996, 1000.000000000000000 ) ;
#4505 = VECTOR ( 'NONE', #5767, 1000.000000000000000 ) ;
#4506 = PLANE ( 'NONE',  #6829 ) ;
#4507 = CARTESIAN_POINT ( 'NONE',  ( 1.667424305044146848, 0.000000000000000000, -7.299999999999999822 ) ) ;
#4508 = VERTEX_POINT ( 'NONE', #4408 ) ;
#4509 =( BOUNDED_CURVE ( )  B_SPLINE_CURVE ( 3, ( #186, #2388, #3508, #4146 ),
 .UNSPECIFIED., .F., .T. ) 
 B_SPLINE_CURVE_WITH_KNOTS ( ( 4, 4 ),
 ( 3.926990816987241395, 4.712388980384696779 ),
 .UNSPECIFIED. ) 
 CURVE ( )  GEOMETRIC_REPRESENTATION_ITEM ( )  RATIONAL_B_SPLINE_CURVE ( ( 1.000000000000000000, 0.9492530216741902338, 0.9492530216741902338, 1.000000000000000000 ) ) 
 REPRESENTATION_ITEM ( '' )  );
#4510 = ADVANCED_FACE ( 'NONE', ( #6614 ), #6062, .F. ) ;
#4511 = DIRECTION ( 'NONE',  ( 0.000000000000000000, 1.000000000000000000, 5.480694194524166577E-17 ) ) ;
#4512 = EDGE_CURVE ( 'NONE', #2937, #448, #6166, .T. ) ;
#4513 = AXIS2_PLACEMENT_3D ( 'NONE', #2278, #4469, #2315 ) ;
#4514 = CARTESIAN_POINT ( 'NONE',  ( 27.67054835758950304, 12.59551558515117264, -12.63900759594870848 ) ) ;
#4515 = CARTESIAN_POINT ( 'NONE',  ( 28.80074243534051348, 17.30649427863160739, -4.335891393616986278 ) ) ;
#4516 = EDGE_CURVE ( 'NONE', #448, #2937, #3299, .T. ) ;
#4517 = DIRECTION ( 'NONE',  ( 1.000000000000000000, 0.000000000000000000, 0.000000000000000000 ) ) ;
#4518 = EDGE_LOOP ( 'NONE', ( #4344, #3055, #1692, #6954 ) ) ;
#4519 = AXIS2_PLACEMENT_3D ( 'NONE', #4618, #117, #3933 ) ;
#4520 = ORIENTED_EDGE ( 'NONE', *, *, #5009, .F. ) ;
#4521 = LINE ( 'NONE', #6254, #122 ) ;
#4522 = AXIS2_PLACEMENT_3D ( 'NONE', #4190, #5230, #304 ) ;
#4523 = VECTOR ( 'NONE', #6251, 1000.000000000000000 ) ;
#4524 = CARTESIAN_POINT ( 'NONE',  ( 5.000000000000000000, 2.000000000000002665, -24.35177722040744897 ) ) ;
#4525 = LINE ( 'NONE', #4020, #5239 ) ;
#4526 = EDGE_CURVE ( 'NONE', #4881, #3552, #2728, .T. ) ;
#4527 = CARTESIAN_POINT ( 'NONE',  ( 28.87050000000000338, 12.59266273372887213, -12.64011738244223082 ) ) ;
#4528 = VERTEX_POINT ( 'NONE', #4551 ) ;
#4529 = VERTEX_POINT ( 'NONE', #5022 ) ;
#4530 = CARTESIAN_POINT ( 'NONE',  ( 28.86330331158620055, 12.49998627546811036, -6.675895785093550749 ) ) ;
#4531 = AXIS2_PLACEMENT_3D ( 'NONE', #6069, #2846, #4314 ) ;
#4532 = VERTEX_POINT ( 'NONE', #1892 ) ;
#4533 = CYLINDRICAL_SURFACE ( 'NONE', #1890, 8.999999999999994671 ) ;
#4534 = ORIENTED_EDGE ( 'NONE', *, *, #2362, .T. ) ;
#4535 = DIRECTION ( 'NONE',  ( 0.000000000000000000, 0.000000000000000000, -1.000000000000000000 ) ) ;
#4536 = AXIS2_PLACEMENT_3D ( 'NONE', #5643, #2375, #2956 ) ;
#4537 = CARTESIAN_POINT ( 'NONE',  ( 28.84213357248973608, 7.789424206199165646, -7.989713244333747078 ) ) ;
#4538 = DIRECTION ( 'NONE',  ( -0.000000000000000000, -0.000000000000000000, 1.000000000000000000 ) ) ;
#4539 = DIRECTION ( 'NONE',  ( 0.000000000000000000, 0.000000000000000000, -1.000000000000000000 ) ) ;
#4540 = FACE_BOUND ( 'NONE', #3528, .T. ) ;
#4541 = EDGE_LOOP ( 'NONE', ( #3185, #4584, #3562, #5746 ) ) ;
#4542 = ORIENTED_EDGE ( 'NONE', *, *, #5227, .F. ) ;
#4543 = CARTESIAN_POINT ( 'NONE',  ( -5.000000000000000000, -1.000000000000000888, -26.30000000000000426 ) ) ;
#4544 = CARTESIAN_POINT ( 'NONE',  ( -28.94348949486580125, 26.69192471934910671, -9.831465616589929013 ) ) ;
#4545 = CARTESIAN_POINT ( 'NONE',  ( -30.75000000000000000, 19.55514891348196826, -14.29362122842831440 ) ) ;
#4546 = DIRECTION ( 'NONE',  ( 0.000000000000000000, 5.204170427930416550E-15, 1.000000000000000000 ) ) ;
#4547 = VERTEX_POINT ( 'NONE', #1320 ) ;
#4548 = DIRECTION ( 'NONE',  ( -0.000000000000000000, -0.000000000000000000, -1.000000000000000000 ) ) ;
#4549 = VECTOR ( 'NONE', #5318, 1000.000000000000000 ) ;
#4550 = CARTESIAN_POINT ( 'NONE',  ( 28.17025060112904100, 12.00109696559503725, -12.86202358693687842 ) ) ;
#4551 = CARTESIAN_POINT ( 'NONE',  ( -16.33257569495585315, 0.000000000000000000, -7.299999999999999822 ) ) ;
#4552 =( BOUNDED_CURVE ( )  B_SPLINE_CURVE ( 3, ( #6476, #3060, #6406, #5929 ),
 .UNSPECIFIED., .F., .T. ) 
 B_SPLINE_CURVE_WITH_KNOTS ( ( 4, 4 ),
 ( 3.141592653589786011, 4.712388980384696779 ),
 .UNSPECIFIED. ) 
 CURVE ( )  GEOMETRIC_REPRESENTATION_ITEM ( )  RATIONAL_B_SPLINE_CURVE ( ( 1.000000000000000000, 0.8047378541243617178, 0.8047378541243617178, 1.000000000000000000 ) ) 
 REPRESENTATION_ITEM ( '' )  );
#4553 = CARTESIAN_POINT ( 'NONE',  ( -30.44999999999999929, 20.92893375920061416, -13.75918390604972785 ) ) ;
#4554 = ADVANCED_FACE ( 'NONE', ( #6758 ), #3939, .T. ) ;
#4555 = EDGE_CURVE ( 'NONE', #5333, #4805, #5812, .T. ) ;
#4556 = ORIENTED_EDGE ( 'NONE', *, *, #1121, .T. ) ;
#4557 = VERTEX_POINT ( 'NONE', #1783 ) ;
#4558 = VECTOR ( 'NONE', #3836, 1000.000000000000000 ) ;
#4559 = EDGE_CURVE ( 'NONE', #3352, #4532, #5474, .T. ) ;
#4560 = CARTESIAN_POINT ( 'NONE',  ( 27.47050000000000125, 25.67423583211418858, -1.999999999999999556 ) ) ;
#4561 = DIRECTION ( 'NONE',  ( 0.000000000000000000, 1.000000000000000000, 0.000000000000000000 ) ) ;
#4562 = CARTESIAN_POINT ( 'NONE',  ( -25.54999999999999716, 17.03533735853352127, -4.514591719791559932 ) ) ;
#4563 = CARTESIAN_POINT ( 'NONE',  ( 28.87049999999999983, 12.63646016559187579, -6.623121381335708158 ) ) ;
#4564 = ADVANCED_FACE ( 'NONE', ( #5668 ), #744, .F. ) ;
#4565 = EDGE_LOOP ( 'NONE', ( #5993, #2007, #6912, #6911, #4884, #5123 ) ) ;
#4566 = EDGE_LOOP ( 'NONE', ( #3759, #4414 ) ) ;
#4567 = CARTESIAN_POINT ( 'NONE',  ( 28.87044158500210500, 12.58766713780933877, -6.642055969915140246 ) ) ;
#4568 = ORIENTED_EDGE ( 'NONE', *, *, #5261, .F. ) ;
#4569 = DIRECTION ( 'NONE',  ( 1.000000000000000000, -0.000000000000000000, 0.000000000000000000 ) ) ;
#4570 = ORIENTED_EDGE ( 'NONE', *, *, #5479, .F. ) ;
#4571 = EDGE_CURVE ( 'NONE', #2374, #2985, #2943, .T. ) ;
#4572 = LINE ( 'NONE', #2450, #1774 ) ;
#4573 = CARTESIAN_POINT ( 'NONE',  ( -16.11372919964819417, 32.64565663597156231, -3.999999999999998224 ) ) ;
#4574 = COORDINATED_UNIVERSAL_TIME_OFFSET ( 8, 0, .AHEAD. ) ;
#4575 = FACE_OUTER_BOUND ( 'NONE', #4038, .T. ) ;
#4576 = CARTESIAN_POINT ( 'NONE',  ( 19.74999999999999289, -0.5366082894954916638, -27.69906990457358376 ) ) ;
#4577 = CARTESIAN_POINT ( 'NONE',  ( 27.98871838160093617, 13.12679839648481384, -12.42666258182755534 ) ) ;
#4578 = ORIENTED_EDGE ( 'NONE', *, *, #3282, .F. ) ;
#4579 = ORIENTED_EDGE ( 'NONE', *, *, #6725, .T. ) ;
#4580 = CARTESIAN_POINT ( 'NONE',  ( 30.05510329987121665, 6.018176114719932635, -8.242695317034812064 ) ) ;
#4581 = CARTESIAN_POINT ( 'NONE',  ( -15.00000000000000000, 0.9999999999999965583, -19.00118481360497213 ) ) ;
#4582 = CARTESIAN_POINT ( 'NONE',  ( -24.47050000000000125, 25.67423583211418858, -1.999999999999997780 ) ) ;
#4583 = CARTESIAN_POINT ( 'NONE',  ( 4.667424305044145960, 1.000000000000000000, -7.299999999999999822 ) ) ;
#4584 = ORIENTED_EDGE ( 'NONE', *, *, #6622, .F. ) ;
#4585 = CARTESIAN_POINT ( 'NONE',  ( -27.23322231028417306, 29.87471326094804525, -7.726049851608153496 ) ) ;
#4586 = CARTESIAN_POINT ( 'NONE',  ( -40.00000000000000000, 0.000000000000000000, -6.299999999999999822 ) ) ;
#4587 = FACE_OUTER_BOUND ( 'NONE', #6511, .T. ) ;
#4588 = FACE_OUTER_BOUND ( 'NONE', #1007, .T. ) ;
#4589 = CARTESIAN_POINT ( 'NONE',  ( 13.00000000000000533, -1.000000000000000000, -26.30000000000000426 ) ) ;
#4590 = EDGE_CURVE ( 'NONE', #5670, #5639, #195, .T. ) ;
#4591 = VERTEX_POINT ( 'NONE', #5594 ) ;
#4592 = CARTESIAN_POINT ( 'NONE',  ( -10.33257569495584960, 0.000000000000000000, -7.299999999999999822 ) ) ;
#4593 = AXIS2_PLACEMENT_3D ( 'NONE', #3186, #4838, #7045 ) ;
#4594 = DIRECTION ( 'NONE',  ( 1.000000000000000000, 0.000000000000000000, -0.000000000000000000 ) ) ;
#4595 = CARTESIAN_POINT ( 'NONE',  ( -16.71372919964819559, 32.64565663597156231, -3.999999999999998224 ) ) ;
#4596 = CARTESIAN_POINT ( 'NONE',  ( 28.37822909041465280, 13.18618886066435358, -12.40212767198917376 ) ) ;
#4597 = VECTOR ( 'NONE', #6267, 1000.000000000000000 ) ;
#4598 = EDGE_LOOP ( 'NONE', ( #801, #2470, #951, #5428 ) ) ;
#4599 = ORIENTED_EDGE ( 'NONE', *, *, #5575, .T. ) ;
#4600 = CARTESIAN_POINT ( 'NONE',  ( -27.54999999999998650, 13.61937238683293039, -8.390459991537507989 ) ) ;
#4601 = ORIENTED_EDGE ( 'NONE', *, *, #1786, .F. ) ;
#4602 = VECTOR ( 'NONE', #6237, 1000.000000000000227 ) ;
#4603 = CARTESIAN_POINT ( 'NONE',  ( -30.76000000000000156, 0.8500000000000021982, -18.24859595258459422 ) ) ;
#4604 = LINE ( 'NONE', #6808, #4597 ) ;
#4605 = ADVANCED_FACE ( 'NONE', ( #4588 ), #308, .T. ) ;
#4606 = DIRECTION ( 'NONE',  ( -0.000000000000000000, -1.000000000000000000, -0.000000000000000000 ) ) ;
#4607 = VECTOR ( 'NONE', #657, 1000.000000000000000 ) ;
#4608 = CARTESIAN_POINT ( 'NONE',  ( 27.85107593452420716, 8.029625136606062696, -13.94711725419108994 ) ) ;
#4609 = DIRECTION ( 'NONE',  ( -0.7071067811865540120, -0.7071067811865410224, 0.000000000000000000 ) ) ;
#4610 = CARTESIAN_POINT ( 'NONE',  ( 28.65168037601927509, 18.05404738290576461, -3.885214436893308587 ) ) ;
#4611 = EDGE_CURVE ( 'NONE', #436, #2124, #2065, .T. ) ;
#4612 = CARTESIAN_POINT ( 'NONE',  ( -10.00000000000000178, -13.00000000000000178, -6.299999999999999822 ) ) ;
#4613 = EDGE_LOOP ( 'NONE', ( #6668, #936 ) ) ;
#4614 = VERTEX_POINT ( 'NONE', #3726 ) ;
#4615 = CARTESIAN_POINT ( 'NONE',  ( -26.11396103065106189, 3.636038969348929673, -17.28932109094521152 ) ) ;
#4616 = CARTESIAN_POINT ( 'NONE',  ( -21.06828128533734912, 33.58069290186367795, -5.367492358943050768 ) ) ;
#4617 = VECTOR ( 'NONE', #7017, 1000.000000000000000 ) ;
#4618 = CARTESIAN_POINT ( 'NONE',  ( -27.47050000000000125, 25.67423583211418858, -8.000000000000000000 ) ) ;
#4619 = ADVANCED_FACE ( 'NONE', ( #336 ), #5916, .F. ) ;
#4620 = DIRECTION ( 'NONE',  ( 1.000000000000000000, -0.000000000000000000, 0.000000000000000000 ) ) ;
#4621 = ORIENTED_EDGE ( 'NONE', *, *, #1350, .F. ) ;
#4622 = FACE_OUTER_BOUND ( 'NONE', #3901, .T. ) ;
#4623 = VECTOR ( 'NONE', #4730, 1000.000000000000000 ) ;
#4624 = CARTESIAN_POINT ( 'NONE',  ( -5.999999999999998224, -8.000000000000000000, -21.30000000000000782 ) ) ;
#4625 = CARTESIAN_POINT ( 'NONE',  ( -28.07050000000000267, 25.67423583211418858, -8.000000000000000000 ) ) ;
#4626 = CARTESIAN_POINT ( 'NONE',  ( 28.22958639864353003, 16.99001350795929710, -4.519761424738629074 ) ) ;
#4627 = CARTESIAN_POINT ( 'NONE',  ( 19.00000000000000355, -1.000000000000000000, -16.30000000000000071 ) ) ;
#4628 = VERTEX_POINT ( 'NONE', #273 ) ;
#4629 = AXIS2_PLACEMENT_3D ( 'NONE', #5320, #2529, #2602 ) ;
#4630 = CARTESIAN_POINT ( 'NONE',  ( -4.332575694955851375, 1.000000000000000000, -6.299999999999999822 ) ) ;
#4631 = LINE ( 'NONE', #819, #6576 ) ;
#4632 = LINE ( 'NONE', #5713, #76 ) ;
#4633 = VECTOR ( 'NONE', #1961, 1000.000000000000000 ) ;
#4634 = CARTESIAN_POINT ( 'NONE',  ( -30.76000000000000156, 2.000000000000000444, -24.35177722040744897 ) ) ;
#4635 = ORIENTED_EDGE ( 'NONE', *, *, #129, .T. ) ;
#4636 = ORIENTED_EDGE ( 'NONE', *, *, #1213, .T. ) ;
#4637 = CARTESIAN_POINT ( 'NONE',  ( -30.76000000000000156, -1.000000000000009770, -20.30000000000001137 ) ) ;
#4638 = ORIENTED_EDGE ( 'NONE', *, *, #3073, .T. ) ;
#4639 = ADVANCED_BREP_SHAPE_REPRESENTATION ( 'onebody-32-jiegoujian', ( #3355, #5752, #1546 ), #4985 ) ;
#4640 = CARTESIAN_POINT ( 'NONE',  ( 30.70245510257410260, 20.76067849896960738, -2.065601037916884319 ) ) ;
#4641 = ORIENTED_EDGE ( 'NONE', *, *, #3073, .F. ) ;
#4642 = CIRCLE ( 'NONE', #155, 0.6000000000000033085 ) ;
#4643 = AXIS2_PLACEMENT_3D ( 'NONE', #407, #1962, #2066 ) ;
#4644 = CARTESIAN_POINT ( 'NONE',  ( 27.52817459302550063, 2.221825406974443862, -18.20772211675411612 ) ) ;
#4645 = CARTESIAN_POINT ( 'NONE',  ( -10.33257569495584960, 0.000000000000000000, -7.299999999999999822 ) ) ;
#4646 = COORDINATED_UNIVERSAL_TIME_OFFSET ( 8, 0, .AHEAD. ) ;
#4647 = LINE ( 'NONE', #4211, #1914 ) ;
#4648 = AXIS2_PLACEMENT_3D ( 'NONE', #3137, #6384, #6452 ) ;
#4649 = CARTESIAN_POINT ( 'NONE',  ( 28.87137817491308667, 17.66287593370005027, -4.123982634586075946 ) ) ;
#4650 = APPROVAL_PERSON_ORGANIZATION ( #1704, #663, #5146 ) ;
#4651 = AXIS2_PLACEMENT_3D ( 'NONE', #4125, #1495, #4195 ) ;
#4652 = CARTESIAN_POINT ( 'NONE',  ( 16.66742430504414330, 1.000000000000000000, -7.299999999999999822 ) ) ;
#4653 = EDGE_CURVE ( 'NONE', #5129, #1682, #5235, .T. ) ;
#4654 = EDGE_LOOP ( 'NONE', ( #2020, #5491, #827, #1435 ) ) ;
#4655 = ORIENTED_EDGE ( 'NONE', *, *, #30, .F. ) ;
#4656 = DIRECTION ( 'NONE',  ( -0.000000000000000000, -1.000000000000000000, -0.000000000000000000 ) ) ;
#4657 = LINE ( 'NONE', #4185, #4274 ) ;
#4658 = ADVANCED_FACE ( 'NONE', ( #6903 ), #3011, .T. ) ;
#4659 = CARTESIAN_POINT ( 'NONE',  ( 0.000000000000000000, 41.13052276528984663, -0.2824096229890988297 ) ) ;
#4660 = CARTESIAN_POINT ( 'NONE',  ( 7.667424305044145072, 0.000000000000000000, -7.299999999999999822 ) ) ;
#4661 = VERTEX_POINT ( 'NONE', #3049 ) ;
#4662 = CARTESIAN_POINT ( 'NONE',  ( 28.87979355191749420, 7.967800032638442609, -13.96000904536126797 ) ) ;
#4663 = CARTESIAN_POINT ( 'NONE',  ( 0.000000000000000000, 41.43052276528985089, -0.2824096229890989962 ) ) ;
#4664 = DIRECTION ( 'NONE',  ( 0.000000000000000000, 0.8386705679454210527, 0.5446390350150316362 ) ) ;
#4665 = CARTESIAN_POINT ( 'NONE',  ( -40.00000000000000000, -1.000000000000000000, -6.299999999999999822 ) ) ;
#4666 = CARTESIAN_POINT ( 'NONE',  ( -25.53039685096370093, 2.944055508025524404, -14.30000000000000071 ) ) ;
#4667 = CYLINDRICAL_SURFACE ( 'NONE', #4651, 0.5999999999999998668 ) ;
#4668 = CIRCLE ( 'NONE', #733, 5.000000000000000888 ) ;
#4669 = VERTEX_POINT ( 'NONE', #947 ) ;
#4670 = CARTESIAN_POINT ( 'NONE',  ( 21.06828128533734912, 33.58069290186367795, -5.367492358943050768 ) ) ;
#4671 = AXIS2_PLACEMENT_3D ( 'NONE', #1150, #433, #4823 ) ;
#4672 = CARTESIAN_POINT ( 'NONE',  ( 28.86953316511715428, 12.62617635785764492, -6.627088134358668725 ) ) ;
#4673 = CARTESIAN_POINT ( 'NONE',  ( 26.87050000000000338, 25.67423583211418858, -8.000000000000000000 ) ) ;
#4674 = EDGE_LOOP ( 'NONE', ( #773, #3813, #5244, #1984 ) ) ;
#4675 = CIRCLE ( 'NONE', #4210, 3.249999999999999556 ) ;
#4676 = ORIENTED_EDGE ( 'NONE', *, *, #1095, .F. ) ;
#4677 = DIRECTION ( 'NONE',  ( -1.000000000000000000, -5.021567956775051462E-16, -3.261044360887065941E-16 ) ) ;
#4678 = ADVANCED_FACE ( 'NONE', ( #4260 ), #4731, .F. ) ;
#4679 = ORIENTED_EDGE ( 'NONE', *, *, #2941, .F. ) ;
#4680 = VERTEX_POINT ( 'NONE', #4666 ) ;
#4681 = LINE ( 'NONE', #6776, #5555 ) ;
#4682 = LINE ( 'NONE', #1335, #6383 ) ;
#4683 = CALENDAR_DATE ( 2026, 11, 8 ) ;
#4684 = LINE ( 'NONE', #969, #4897 ) ;
#4685 = CARTESIAN_POINT ( 'NONE',  ( -19.00000000000000355, -13.00000000000000178, -6.299999999999999822 ) ) ;
#4686 = CARTESIAN_POINT ( 'NONE',  ( -0.6027385456715649292, 41.18347612781095535, -0.6057302951333399799 ) ) ;
#4687 = VERTEX_POINT ( 'NONE', #2033 ) ;
#4688 = FACE_OUTER_BOUND ( 'NONE', #2817, .T. ) ;
#4689 = EDGE_LOOP ( 'NONE', ( #7011, #6921, #3653, #6198, #3372, #3739 ) ) ;
#4690 = LINE ( 'NONE', #768, #2072 ) ;
#4691 = CARTESIAN_POINT ( 'NONE',  ( -26.97552454635545516, 29.66880160574877223, -8.083447362957532079 ) ) ;
#4692 = DIRECTION ( 'NONE',  ( 0.000000000000000000, 0.000000000000000000, 1.000000000000000000 ) ) ;
#4693 = CARTESIAN_POINT ( 'NONE',  ( 27.52817459302550063, 2.221825406974443862, -24.20772211675411612 ) ) ;
#4694 = EDGE_CURVE ( 'NONE', #109, #4845, #6932, .T. ) ;
#4695 = DIRECTION ( 'NONE',  ( 1.000000000000000000, 0.000000000000000000, 0.000000000000000000 ) ) ;
#4696 = DIRECTION ( 'NONE',  ( 0.000000000000000000, 1.000000000000000000, 0.000000000000000000 ) ) ;
#4697 = CARTESIAN_POINT ( 'NONE',  ( -5.000000000000000000, -1.000000000000000000, -22.30000000000000426 ) ) ;
#4698 = EDGE_CURVE ( 'NONE', #6235, #4687, #6873, .T. ) ;
#4699 = CARTESIAN_POINT ( 'NONE',  ( -17.00000000000000000, -8.000000000000000000, -11.30000000000000071 ) ) ;
#4700 = LINE ( 'NONE', #884, #5219 ) ;
#4701 = VERTEX_POINT ( 'NONE', #6464 ) ;
#4702 = EDGE_CURVE ( 'NONE', #1348, #1482, #4194, .T. ) ;
#4703 = DIRECTION ( 'NONE',  ( 1.000000000000000000, 0.000000000000000000, -0.000000000000000000 ) ) ;
#4704 = DIRECTION ( 'NONE',  ( -0.000000000000000000, 0.8386705679454210527, 0.5446390350150316362 ) ) ;
#4705 = DIRECTION ( 'NONE',  ( 0.000000000000000000, 0.8386705679454210527, 0.5446390350150316362 ) ) ;
#4706 = ADVANCED_FACE ( 'NONE', ( #371 ), #2512, .F. ) ;
#4707 = ORIENTED_EDGE ( 'NONE', *, *, #4653, .F. ) ;
#4708 = ORIENTED_EDGE ( 'NONE', *, *, #4781, .F. ) ;
#4709 = PLANE ( 'NONE',  #4979 ) ;
#4710 = VERTEX_POINT ( 'NONE', #4227 ) ;
#4711 = CARTESIAN_POINT ( 'NONE',  ( 28.07050000000000267, 22.67423583211419214, -1.999999999999999556 ) ) ;
#4712 = DIRECTION ( 'NONE',  ( -1.000000000000000000, 0.000000000000000000, 0.000000000000000000 ) ) ;
#4713 = CARTESIAN_POINT ( 'NONE',  ( 0.000000000000000000, -8.000000000000000000, -21.30000000000000426 ) ) ;
#4714 = CARTESIAN_POINT ( 'NONE',  ( -19.74999999999993605, 0.9999999999999937828, -19.00118481360497213 ) ) ;
#4715 = CARTESIAN_POINT ( 'NONE',  ( 27.98510392490583243, 18.11963485573292942, -3.844590661078777671 ) ) ;
#4716 = CARTESIAN_POINT ( 'NONE',  ( -19.33257569495584605, 1.000000000000000000, -7.299999999999999822 ) ) ;
#4717 = AXIS2_PLACEMENT_3D ( 'NONE', #19, #2208, #3870 ) ;
#4718 = ORIENTED_EDGE ( 'NONE', *, *, #958, .T. ) ;
#4719 = CIRCLE ( 'NONE', #2421, 0.6000000000000033085 ) ;
#4720 = CARTESIAN_POINT ( 'NONE',  ( 26.13039685096370235, 2.944055508025526180, -14.30000000000000071 ) ) ;
#4721 = UNCERTAINTY_MEASURE_WITH_UNIT (LENGTH_MEASURE( 1.000000000000000082E-05 ), #3617, 'distance_accuracy_value', 'NONE');
#4722 = ORIENTED_EDGE ( 'NONE', *, *, #781, .F. ) ;
#4723 = CARTESIAN_POINT ( 'NONE',  ( 22.66742430504413974, 1.000000000000000000, -7.299999999999999822 ) ) ;
#4724 = EDGE_CURVE ( 'NONE', #3304, #6001, #2579, .T. ) ;
#4725 = CARTESIAN_POINT ( 'NONE',  ( 15.00000000000000000, -1.000000000000000000, -20.30000000000000426 ) ) ;
#4726 = LINE ( 'NONE', #5771, #3487 ) ;
#4727 = PERSON_AND_ORGANIZATION ( #4292, #6492 ) ;
#4728 = DIRECTION ( 'NONE',  ( -1.000000000000000000, 0.000000000000000000, -0.000000000000000000 ) ) ;
#4729 = DIRECTION ( 'NONE',  ( -1.000000000000000000, 0.000000000000000000, -0.000000000000000000 ) ) ;
#4730 = DIRECTION ( 'NONE',  ( -0.000000000000000000, -0.000000000000000000, -1.000000000000000000 ) ) ;
#4731 = PLANE ( 'NONE',  #1226 ) ;
#4732 = CARTESIAN_POINT ( 'NONE',  ( 4.667424305044145960, 1.000000000000000000, -7.299999999999999822 ) ) ;
#4733 = ORIENTED_EDGE ( 'NONE', *, *, #2677, .T. ) ;
#4734 = EDGE_CURVE ( 'NONE', #1206, #3248, #846, .T. ) ;
#4735 = AXIS2_PLACEMENT_3D ( 'NONE', #6731, #1792, #3416 ) ;
#4736 = DIRECTION ( 'NONE',  ( 0.000000000000000000, 0.000000000000000000, -1.000000000000000000 ) ) ;
#4737 = EDGE_CURVE ( 'NONE', #715, #5937, #1386, .T. ) ;
#4738 = CARTESIAN_POINT ( 'NONE',  ( 19.74999999999993960, 0.8499999999999927613, -18.24859595258460132 ) ) ;
#4739 = CARTESIAN_POINT ( 'NONE',  ( -40.00000000000000000, -1.000000000000000000, -26.30000000000000782 ) ) ;
#4740 = ORIENTED_EDGE ( 'NONE', *, *, #4309, .T. ) ;
#4741 = ORIENTED_EDGE ( 'NONE', *, *, #742, .T. ) ;
#4742 = CARTESIAN_POINT ( 'NONE',  ( -27.54999999999999361, 11.52325262172491271, -9.140449923738845683 ) ) ;
#4743 = ORIENTED_EDGE ( 'NONE', *, *, #2021, .T. ) ;
#4744 =( BOUNDED_CURVE ( )  B_SPLINE_CURVE ( 3, ( #1032, #3232, #490, #4887 ),
 .UNSPECIFIED., .F., .T. ) 
 B_SPLINE_CURVE_WITH_KNOTS ( ( 4, 4 ),
 ( 3.917899782672510156, 4.712388980384689674 ),
 .UNSPECIFIED. ) 
 CURVE ( )  GEOMETRIC_REPRESENTATION_ITEM ( )  RATIONAL_B_SPLINE_CURVE ( ( 1.000000000000000000, 0.9480869999581555962, 0.9480869999581555962, 1.000000000000000000 ) ) 
 REPRESENTATION_ITEM ( '' )  );
#4745 = CARTESIAN_POINT ( 'NONE',  ( 30.75000000000000000, 19.55514891348196471, -12.95133021627909997 ) ) ;
#4746 = CARTESIAN_POINT ( 'NONE',  ( -40.00000000000000000, -1.000000000000000000, -6.299999999999999822 ) ) ;
#4747 = CIRCLE ( 'NONE', #1301, 0.5999999999999998668 ) ;
#4748 = CARTESIAN_POINT ( 'NONE',  ( -26.73039685096370377, 2.944055508025524404, -14.30000000000000071 ) ) ;
#4749 = CARTESIAN_POINT ( 'NONE',  ( -30.75000000000000355, -8.000000000000000000, -23.85000000000000497 ) ) ;
#4750 = DIRECTION ( 'NONE',  ( 0.000000000000000000, 0.000000000000000000, -1.000000000000000000 ) ) ;
#4751 = ORIENTED_EDGE ( 'NONE', *, *, #5608, .T. ) ;
#4752 = PLANE ( 'NONE',  #1758 ) ;
#4753 = ORIENTED_EDGE ( 'NONE', *, *, #4122, .T. ) ;
#4754 = CIRCLE ( 'NONE', #6477, 0.5999999999999998668 ) ;
#4755 = DIRECTION ( 'NONE',  ( 1.000000000000000000, -0.000000000000000000, -0.000000000000000000 ) ) ;
#4756 = VERTEX_POINT ( 'NONE', #5815 ) ;
#4757 = CARTESIAN_POINT ( 'NONE',  ( -10.00000000000000178, -8.000000000000000000, -18.75000000000000711 ) ) ;
#4758 = DIRECTION ( 'NONE',  ( 0.000000000000000000, -1.000000000000000000, 0.000000000000000000 ) ) ;
#4759 = AXIS2_PLACEMENT_3D ( 'NONE', #3306, #6981, #5891 ) ;
#4760 = CIRCLE ( 'NONE', #5909, 0.2999999999999974909 ) ;
#4761 = DIRECTION ( 'NONE',  ( 0.000000000000000000, 1.000000000000000000, 0.000000000000000000 ) ) ;
#4762 = DIRECTION ( 'NONE',  ( 0.000000000000000000, 1.000000000000000000, 0.000000000000000000 ) ) ;
#4763 = CARTESIAN_POINT ( 'NONE',  ( 19.74999999999992895, 1.000000000000000000, -19.00118481360496503 ) ) ;
#4764 = VECTOR ( 'NONE', #4821, 1000.000000000000000 ) ;
#4765 = VERTEX_POINT ( 'NONE', #3584 ) ;
#4766 = CARTESIAN_POINT ( 'NONE',  ( 28.54580489580780878, 17.05160269933389472, -10.48431180517453143 ) ) ;
#4767 = DIRECTION ( 'NONE',  ( 0.000000000000000000, 0.000000000000000000, -1.000000000000000000 ) ) ;
#4768 = CARTESIAN_POINT ( 'NONE',  ( 27.47050000000000125, 25.67423583211418858, -8.000000000000000000 ) ) ;
#4769 = CARTESIAN_POINT ( 'NONE',  ( 30.75000000000000000, 19.55514891348196471, -12.95133021627909997 ) ) ;
#4770 = VERTEX_POINT ( 'NONE', #3691 ) ;
#4771 = CARTESIAN_POINT ( 'NONE',  ( 22.61039859451837586, 32.83849309765079028, -6.025025640023776496 ) ) ;
#4772 = FACE_OUTER_BOUND ( 'NONE', #7059, .T. ) ;
#4773 = DIRECTION ( 'NONE',  ( 1.000000000000000000, 0.000000000000000000, 0.000000000000000000 ) ) ;
#4774 = EDGE_CURVE ( 'NONE', #2841, #119, #5095, .T. ) ;
#4775 = VERTEX_POINT ( 'NONE', #5337 ) ;
#4776 = ORIENTED_EDGE ( 'NONE', *, *, #1216, .F. ) ;
#4777 = FACE_OUTER_BOUND ( 'NONE', #4104, .T. ) ;
#4778 = ORIENTED_EDGE ( 'NONE', *, *, #2366, .T. ) ;
#4779 = DIRECTION ( 'NONE',  ( 1.000000000000000000, -0.000000000000000000, -0.000000000000000000 ) ) ;
#4780 = CARTESIAN_POINT ( 'NONE',  ( 28.78090267797338697, 7.910582999762105771, -13.96849308575773918 ) ) ;
#4781 = EDGE_CURVE ( 'NONE', #5171, #2554, #406, .T. ) ;
#4782 = CYLINDRICAL_SURFACE ( 'NONE', #2354, 5.000000000000000888 ) ;
#4783 = DIRECTION ( 'NONE',  ( 0.000000000000000000, 5.480694194524166577E-17, -1.000000000000000000 ) ) ;
#4784 =( BOUNDED_CURVE ( )  B_SPLINE_CURVE ( 3, ( #1460, #3147, #2064, #4226 ),
 .UNSPECIFIED., .F., .T. ) 
 B_SPLINE_CURVE_WITH_KNOTS ( ( 4, 4 ),
 ( 4.219310741769350059, 4.268276374971743614 ),
 .UNSPECIFIED. ) 
 CURVE ( )  GEOMETRIC_REPRESENTATION_ITEM ( )  RATIONAL_B_SPLINE_CURVE ( ( 1.000000000000000000, 0.9998002072105114379, 0.9998002072105114379, 1.000000000000000000 ) ) 
 REPRESENTATION_ITEM ( '' )  );
#4785 = ORIENTED_EDGE ( 'NONE', *, *, #1964, .F. ) ;
#4786 = CARTESIAN_POINT ( 'NONE',  ( 5.999999999999998224, -12.00000000000000000, -16.30000000000000071 ) ) ;
#4787 = ORIENTED_EDGE ( 'NONE', *, *, #1302, .T. ) ;
#4788 = ADVANCED_FACE ( 'NONE', ( #1051 ), #1565, .T. ) ;
#4789 = CARTESIAN_POINT ( 'NONE',  ( -19.74999999999993605, 0.9999999999999937828, -19.00118481360497213 ) ) ;
#4790 = ORIENTED_EDGE ( 'NONE', *, *, #1614, .F. ) ;
#4791 = DIRECTION ( 'NONE',  ( -1.000000000000000000, 0.000000000000000000, 0.000000000000000000 ) ) ;
#4792 = CARTESIAN_POINT ( 'NONE',  ( -30.75000000000000000, 19.55514891348196826, -14.29362122842831440 ) ) ;
#4793 = PLANE ( 'NONE',  #5548 ) ;
#4794 = DIRECTION ( 'NONE',  ( 0.000000000000000000, 5.480694194524166577E-17, -1.000000000000000000 ) ) ;
#4795 = DIRECTION ( 'NONE',  ( 0.000000000000000000, 0.000000000000000000, 1.000000000000000000 ) ) ;
#4796 = ORIENTED_EDGE ( 'NONE', *, *, #1936, .T. ) ;
#4797 = CARTESIAN_POINT ( 'NONE',  ( 30.75000000000000000, 9.999999999999998224, -19.15651647482730269 ) ) ;
#4798 = DIRECTION ( 'NONE',  ( 0.000000000000000000, 1.000000000000000000, 5.480694194524166577E-17 ) ) ;
#4799 = CARTESIAN_POINT ( 'NONE',  ( -15.09999999999999964, -1.000000000000001998, -19.45000000000000639 ) ) ;
#4800 = ORIENTED_EDGE ( 'NONE', *, *, #4213, .T. ) ;
#4801 = CARTESIAN_POINT ( 'NONE',  ( -7.332575694955850487, 0.000000000000000000, -6.299999999999999822 ) ) ;
#4802 = CARTESIAN_POINT ( 'NONE',  ( -26.11396103065106189, 3.636038969348929673, -23.28932109094521508 ) ) ;
#4803 = DIRECTION ( 'NONE',  ( 0.3545520856891620776, 0.9350362658921123060, 0.000000000000000000 ) ) ;
#4804 = EDGE_CURVE ( 'NONE', #2779, #2567, #6423, .T. ) ;
#4805 = VERTEX_POINT ( 'NONE', #5445 ) ;
#4806 = ORIENTED_EDGE ( 'NONE', *, *, #736, .F. ) ;
#4807 = DIRECTION ( 'NONE',  ( 0.000000000000000000, 0.000000000000000000, 1.000000000000000000 ) ) ;
#4808 = ORIENTED_EDGE ( 'NONE', *, *, #552, .F. ) ;
#4809 = DIRECTION ( 'NONE',  ( 1.000000000000000000, 0.000000000000000000, 0.000000000000000000 ) ) ;
#4810 = CARTESIAN_POINT ( 'NONE',  ( 28.28351183893352072, 8.195022955416408905, -13.91622964163883402 ) ) ;
#4811 = CARTESIAN_POINT ( 'NONE',  ( 10.00000000000000178, -13.00000000000000178, -21.30000000000000426 ) ) ;
#4812 = ADVANCED_FACE ( 'NONE', ( #4906 ), #4438, .T. ) ;
#4813 = CARTESIAN_POINT ( 'NONE',  ( 7.105427357600997126E-15, 41.43052276528985089, -0.2824096229890988297 ) ) ;
#4814 = ORIENTED_EDGE ( 'NONE', *, *, #5009, .T. ) ;
#4815 = DIRECTION ( 'NONE',  ( 0.000000000000000000, 0.000000000000000000, 1.000000000000000000 ) ) ;
#4816 = ORIENTED_EDGE ( 'NONE', *, *, #341, .F. ) ;
#4817 = ADVANCED_FACE ( 'NONE', ( #3866 ), #15, .F. ) ;
#4818 = ADVANCED_FACE ( 'NONE', ( #2683 ), #584, .F. ) ;
#4819 = CARTESIAN_POINT ( 'NONE',  ( 28.87050000000000338, 7.595164061971811265, -8.022048358173565319 ) ) ;
#4820 = ORIENTED_EDGE ( 'NONE', *, *, #795, .F. ) ;
#4821 = DIRECTION ( 'NONE',  ( -0.000000000000000000, -0.000000000000000000, 1.000000000000000000 ) ) ;
#4822 = CARTESIAN_POINT ( 'NONE',  ( -29.03042489260326775, 26.52869282400001438, -9.855522308781315743 ) ) ;
#4823 = DIRECTION ( 'NONE',  ( 0.000000000000000000, 1.000000000000000000, 0.000000000000000000 ) ) ;
#4824 = EDGE_CURVE ( 'NONE', #1972, #4930, #489, .T. ) ;
#4825 = AXIS2_PLACEMENT_3D ( 'NONE', #4153, #6318, #269 ) ;
#4826 = LINE ( 'NONE', #4357, #3374 ) ;
#4827 = FACE_OUTER_BOUND ( 'NONE', #4837, .T. ) ;
#4828 = AXIS2_PLACEMENT_3D ( 'NONE', #449, #2626, #3126 ) ;
#4829 = ORIENTED_EDGE ( 'NONE', *, *, #818, .T. ) ;
#4830 = VECTOR ( 'NONE', #5509, 1000.000000000000000 ) ;
#4831 = CARTESIAN_POINT ( 'NONE',  ( -30.75000000000000000, 19.55514891348196826, -12.95133021627909642 ) ) ;
#4832 = AXIS2_PLACEMENT_3D ( 'NONE', #5741, #2437, #4018 ) ;
#4833 = EDGE_CURVE ( 'NONE', #1522, #788, #439, .T. ) ;
#4834 = CARTESIAN_POINT ( 'NONE',  ( 15.09999999999999609, -1.000000000000000000, -19.45000000000000639 ) ) ;
#4835 = CARTESIAN_POINT ( 'NONE',  ( 0.4830524785376669739, 41.38631079506467358, -0.3068144737932779753 ) ) ;
#4836 = CARTESIAN_POINT ( 'NONE',  ( -19.00000000000000355, -8.000000000000000000, -15.40000000000000036 ) ) ;
#4837 = EDGE_LOOP ( 'NONE', ( #5641, #6858, #6151, #3559, #2715 ) ) ;
#4838 = DIRECTION ( 'NONE',  ( -1.000000000000000000, 0.000000000000000000, 0.000000000000000000 ) ) ;
#4839 = CARTESIAN_POINT ( 'NONE',  ( -13.00000000000000178, 26.00000000000000355, -4.765994983667008356 ) ) ;
#4840 = CARTESIAN_POINT ( 'NONE',  ( 4.000000000000000000, 26.00000000000000355, -8.050195454575856502 ) ) ;
#4841 = VECTOR ( 'NONE', #3661, 1000.000000000000000 ) ;
#4842 = ORIENTED_EDGE ( 'NONE', *, *, #3637, .F. ) ;
#4843 = ORIENTED_EDGE ( 'NONE', *, *, #3139, .F. ) ;
#4844 = CARTESIAN_POINT ( 'NONE',  ( 10.00000000000000178, -1.000000000000000000, -16.30000000000000071 ) ) ;
#4845 = VERTEX_POINT ( 'NONE', #5371 ) ;
#4846 = CARTESIAN_POINT ( 'NONE',  ( -7.313729199648195234, 32.64565663597156231, -3.999999999999998224 ) ) ;
#4847 = CARTESIAN_POINT ( 'NONE',  ( 28.87050000013210393, 7.595130649044306459, -14.02184264405239666 ) ) ;
#4848 = AXIS2_PLACEMENT_3D ( 'NONE', #6968, #2578, #5404 ) ;
#4849 = DIRECTION ( 'NONE',  ( 1.000000000000000000, -0.000000000000000000, 0.000000000000000000 ) ) ;
#4850 = CARTESIAN_POINT ( 'NONE',  ( 27.93209569121168556, 13.08812466344133618, -6.442503786016994916 ) ) ;
#4851 = ORIENTED_EDGE ( 'NONE', *, *, #6202, .F. ) ;
#4852 = CARTESIAN_POINT ( 'NONE',  ( 10.00000000000000178, -13.00000000000000178, -6.299999999999999822 ) ) ;
#4853 = EDGE_LOOP ( 'NONE', ( #6845, #5448 ) ) ;
#4854 = CARTESIAN_POINT ( 'NONE',  ( 27.67396830627870585, 7.530744046555959414, -8.032415470902186883 ) ) ;
#4855 = ORIENTED_EDGE ( 'NONE', *, *, #7076, .T. ) ;
#4856 = VECTOR ( 'NONE', #6308, 1000.000000000000000 ) ;
#4857 = CARTESIAN_POINT ( 'NONE',  ( 15.09999999999999609, 0.8499999999999935385, -18.24859595258460132 ) ) ;
#4858 = DIRECTION ( 'NONE',  ( 1.000000000000000000, -0.000000000000000000, 0.000000000000000000 ) ) ;
#4859 = DIRECTION ( 'NONE',  ( -1.000000000000000000, 0.000000000000000000, 0.000000000000000000 ) ) ;
#4860 = EDGE_CURVE ( 'NONE', #1348, #2124, #3183, .T. ) ;
#4861 = CARTESIAN_POINT ( 'NONE',  ( 28.62864148941648068, 3.355706343517596224, -25.17137122677804939 ) ) ;
#4862 = EDGE_CURVE ( 'NONE', #7088, #3390, #6535, .T. ) ;
#4863 = VECTOR ( 'NONE', #622, 1000.000000000000000 ) ;
#4864 = CARTESIAN_POINT ( 'NONE',  ( 28.88768428323646376, 16.98370766848608682, -10.52728928550561172 ) ) ;
#4865 = EDGE_CURVE ( 'NONE', #6291, #109, #5711, .T. ) ;
#4866 = EDGE_LOOP ( 'NONE', ( #446, #1395, #5294, #3666 ) ) ;
#4867 = CARTESIAN_POINT ( 'NONE',  ( 28.85089728326968839, 17.41343832718844453, -10.27293566069281816 ) ) ;
#4868 = VECTOR ( 'NONE', #3264, 1000.000000000000000 ) ;
#4869 = CIRCLE ( 'NONE', #2109, 5.000000000000000888 ) ;
#4870 = CARTESIAN_POINT ( 'NONE',  ( 27.83019819459357436, 17.99775718583562778, -9.919938840198021524 ) ) ;
#4871 = DIRECTION ( 'NONE',  ( 1.000000000000000000, 0.000000000000000000, 0.000000000000000000 ) ) ;
#4872 = CARTESIAN_POINT ( 'NONE',  ( 27.71541522726494833, 17.36238762499731081, -10.30296589997168866 ) ) ;
#4873 = AXIS2_PLACEMENT_3D ( 'NONE', #6526, #4791, #2056 ) ;
#4874 = ORIENTED_EDGE ( 'NONE', *, *, #3624, .F. ) ;
#4875 = ORIENTED_EDGE ( 'NONE', *, *, #3592, .T. ) ;
#4876 = CYLINDRICAL_SURFACE ( 'NONE', #1382, 2.550000000000000266 ) ;
#4877 = AXIS2_PLACEMENT_3D ( 'NONE', #6807, #2448, #5719 ) ;
#4878 = DIRECTION ( 'NONE',  ( 1.000000000000000000, -0.000000000000000000, -0.000000000000000000 ) ) ;
#4879 = CARTESIAN_POINT ( 'NONE',  ( -15.00000000000000000, -1.000000000000001998, -26.30000000000000782 ) ) ;
#4880 = DIRECTION ( 'NONE',  ( 0.000000000000000000, 0.000000000000000000, -1.000000000000000000 ) ) ;
#4881 = VERTEX_POINT ( 'NONE', #1016 ) ;
#4882 = ORIENTED_EDGE ( 'NONE', *, *, #4409, .F. ) ;
#4883 = PLANE ( 'NONE',  #1537 ) ;
#4884 = ORIENTED_EDGE ( 'NONE', *, *, #3785, .T. ) ;
#4885 = CARTESIAN_POINT ( 'NONE',  ( 16.71372919964819559, 32.64565663597156231, -3.999999999999998224 ) ) ;
#4886 = CARTESIAN_POINT ( 'NONE',  ( 28.10778753033735100, 18.17178828350524356, -9.812157047031066170 ) ) ;
#4887 = CARTESIAN_POINT ( 'NONE',  ( 30.75000000000000000, 9.999999999999998224, -19.15651647482730269 ) ) ;
#4888 = CARTESIAN_POINT ( 'NONE',  ( -0.4105870041691582206, 41.25633718388316140, -0.5584137720716548792 ) ) ;
#4889 = ADVANCED_FACE ( 'NONE', ( #3292 ), #1611, .T. ) ;
#4890 = ORIENTED_EDGE ( 'NONE', *, *, #2168, .T. ) ;
#4891 = CARTESIAN_POINT ( 'NONE',  ( 28.11343696326736108, 7.010669382283602147, -8.109012733907221104 ) ) ;
#4892 = ORIENTED_EDGE ( 'NONE', *, *, #880, .F. ) ;
#4893 = CARTESIAN_POINT ( 'NONE',  ( -29.01111256860465204, 26.56547123561630741, -9.912156096253992743 ) ) ;
#4894 = ORIENTED_EDGE ( 'NONE', *, *, #5157, .T. ) ;
#4895 = CARTESIAN_POINT ( 'NONE',  ( -28.30643521246997452, 3.587741805581308618, -25.02068563582581007 ) ) ;
#4896 = LINE ( 'NONE', #7104, #5006 ) ;
#4897 = VECTOR ( 'NONE', #6306, 1000.000000000000000 ) ;
#4898 = CARTESIAN_POINT ( 'NONE',  ( 28.73650127187508474, 7.217218543922321317, -14.08009794774404355 ) ) ;
#4899 = CARTESIAN_POINT ( 'NONE',  ( 28.54633526515601716, 3.239986079051969003, -24.76908446544277709 ) ) ;
#4900 = CARTESIAN_POINT ( 'NONE',  ( 28.15120971558527785, 17.22327656848644750, -10.38241705842818874 ) ) ;
#4901 = AXIS2_PLACEMENT_3D ( 'NONE', #4232, #855, #5850 ) ;
#4902 = EDGE_LOOP ( 'NONE', ( #4800, #2083, #4047, #3338, #6972, #5644 ) ) ;
#4903 = CARTESIAN_POINT ( 'NONE',  ( 30.44999999999999574, 22.14931953111156560, -12.96665611914054317 ) ) ;
#4904 = PLANE ( 'NONE',  #6679 ) ;
#4905 = DIRECTION ( 'NONE',  ( 0.000000000000000000, 0.000000000000000000, 1.000000000000000000 ) ) ;
#4906 = FACE_OUTER_BOUND ( 'NONE', #483, .T. ) ;
#4907 = CARTESIAN_POINT ( 'NONE',  ( 11.11372919964819239, 32.64565663597156231, -3.999999999999998224 ) ) ;
#4908 = ORIENTED_EDGE ( 'NONE', *, *, #341, .T. ) ;
#4909 = ORIENTED_EDGE ( 'NONE', *, *, #5227, .T. ) ;
#4910 = ADVANCED_FACE ( 'NONE', ( #5405 ), #472, .F. ) ;
#4911 = DIRECTION ( 'NONE',  ( -0.000000000000000000, -0.000000000000000000, -1.000000000000000000 ) ) ;
#4912 = EDGE_CURVE ( 'NONE', #1093, #4710, #5038, .T. ) ;
#4913 = DIRECTION ( 'NONE',  ( 0.000000000000000000, 0.000000000000000000, -1.000000000000000000 ) ) ;
#4914 = CARTESIAN_POINT ( 'NONE',  ( 29.26626669143365689, 25.62324174707275048, -10.71066465391780476 ) ) ;
#4915 = EDGE_CURVE ( 'NONE', #1630, #6545, #6127, .T. ) ;
#4916 = DIRECTION ( 'NONE',  ( -0.000000000000000000, -0.000000000000000000, 1.000000000000000000 ) ) ;
#4917 = VERTEX_POINT ( 'NONE', #1198 ) ;
#4918 = ORIENTED_EDGE ( 'NONE', *, *, #504, .T. ) ;
#4919 = CARTESIAN_POINT ( 'NONE',  ( 15.00000000000000000, -1.000000000000000000, -20.30000000000000426 ) ) ;
#4920 = ORIENTED_EDGE ( 'NONE', *, *, #3121, .F. ) ;
#4921 = CARTESIAN_POINT ( 'NONE',  ( 0.000000000000000000, -13.00000000000000178, -11.30000000000000071 ) ) ;
#4922 = CARTESIAN_POINT ( 'NONE',  ( 28.35883117983272328, 18.18362379070315171, -9.804779776451981732 ) ) ;
#4923 = FACE_OUTER_BOUND ( 'NONE', #4218, .T. ) ;
#4924 = EDGE_CURVE ( 'NONE', #6291, #5726, #222, .T. ) ;
#4925 = CARTESIAN_POINT ( 'NONE',  ( -30.75000000000000355, -1.000000000000004441, -28.00000000000000000 ) ) ;
#4926 = EDGE_LOOP ( 'NONE', ( #3412, #2873, #4621, #1115, #403, #1328, #4016, #5202 ) ) ;
#4927 = FACE_BOUND ( 'NONE', #135, .T. ) ;
#4928 = ORIENTED_EDGE ( 'NONE', *, *, #1512, .F. ) ;
#4929 = CARTESIAN_POINT ( 'NONE',  ( 27.67396830627870585, 7.530744046555959414, -14.03241547103737652 ) ) ;
#4930 = VERTEX_POINT ( 'NONE', #4545 ) ;
#4931 = DIRECTION ( 'NONE',  ( 0.000000000000000000, 0.9067434340072664245, 0.4216827538383685625 ) ) ;
#4932 = LINE ( 'NONE', #2196, #1146 ) ;
#4933 = LINE ( 'NONE', #2785, #1341 ) ;
#4934 = CARTESIAN_POINT ( 'NONE',  ( -5.999999999999998224, -12.00000000000000000, -15.30000000000000071 ) ) ;
#4935 = CARTESIAN_POINT ( 'NONE',  ( 28.38973799251692043, 17.95909652094102071, -9.941493605799880839 ) ) ;
#4936 = EDGE_LOOP ( 'NONE', ( #596, #3626, #1415, #6370 ) ) ;
#4937 = DIRECTION ( 'NONE',  ( -0.3545520856891566930, 0.9350362658921145265, 0.000000000000000000 ) ) ;
#4938 = DIRECTION ( 'NONE',  ( -0.000000000000000000, 0.000000000000000000, -1.000000000000000000 ) ) ;
#4939 = ADVANCED_FACE ( 'NONE', ( #2352 ), #4506, .T. ) ;
#4940 = AXIS2_PLACEMENT_3D ( 'NONE', #3044, #6827, #4696 ) ;
#4941 = CARTESIAN_POINT ( 'NONE',  ( 28.85668778004632173, 17.71816096222078585, -10.09052238004602309 ) ) ;
#4942 = DIRECTION ( 'NONE',  ( 0.000000000000000000, -0.8386705679454207196, -0.5446390350150320803 ) ) ;
#4943 = FACE_OUTER_BOUND ( 'NONE', #6761, .T. ) ;
#4944 = EDGE_LOOP ( 'NONE', ( #1568, #6943, #1303, #6571 ) ) ;
#4945 = VECTOR ( 'NONE', #441, 1000.000000000000000 ) ;
#4946 = CARTESIAN_POINT ( 'NONE',  ( 28.55583157193914801, 12.06485036739768368, -12.83884655756660820 ) ) ;
#4947 = CARTESIAN_POINT ( 'NONE',  ( 23.19415089127122087, 1.685084207392377520, -18.55628592722630188 ) ) ;
#4948 = CARTESIAN_POINT ( 'NONE',  ( 30.75000000000000000, 19.55514891348195761, -14.29362122842832150 ) ) ;
#4949 = CARTESIAN_POINT ( 'NONE',  ( -27.34762467004181374, 19.50954307673929478, -4.279803144720109920 ) ) ;
#4950 = EDGE_CURVE ( 'NONE', #3992, #2567, #3400, .T. ) ;
#4951 = ADVANCED_FACE ( 'NONE', ( #6674 ), #3970, .F. ) ;
#4952 = VERTEX_POINT ( 'NONE', #2277 ) ;
#4953 = ORIENTED_EDGE ( 'NONE', *, *, #1968, .T. ) ;
#4954 = CARTESIAN_POINT ( 'NONE',  ( 26.14892996102331679, 3.459648682739353998, -23.40387028243575429 ) ) ;
#4955 = VERTEX_POINT ( 'NONE', #2427 ) ;
#4956 = EDGE_CURVE ( 'NONE', #6805, #1266, #695, .T. ) ;
#4957 = DIRECTION ( 'NONE',  ( 0.000000000000000000, 0.000000000000000000, -1.000000000000000000 ) ) ;
#4958 = CARTESIAN_POINT ( 'NONE',  ( 28.17595537673198436, 18.18266567906800901, -9.805377000643193952 ) ) ;
#4959 = DIRECTION ( 'NONE',  ( 1.000000000000000000, -0.000000000000000000, -0.000000000000000000 ) ) ;
#4960 = VECTOR ( 'NONE', #4594, 1000.000000000000000 ) ;
#4961 = CARTESIAN_POINT ( 'NONE',  ( 17.00000000000000000, -8.000000000000000000, -11.30000000000000071 ) ) ;
#4962 = ORIENTED_EDGE ( 'NONE', *, *, #2590, .F. ) ;
#4963 = CARTESIAN_POINT ( 'NONE',  ( 28.96319972734610815, 26.65524419208637497, -9.774982557803797434 ) ) ;
#4964 = ORIENTED_EDGE ( 'NONE', *, *, #1609, .T. ) ;
#4965 = AXIS2_PLACEMENT_3D ( 'NONE', #14, #2923, #5689 ) ;
#4966 = CARTESIAN_POINT ( 'NONE',  ( 27.67161783871917891, 7.552509461936391055, -14.02894552947373263 ) ) ;
#4967 = ORIENTED_EDGE ( 'NONE', *, *, #5519, .T. ) ;
#4968 = CARTESIAN_POINT ( 'NONE',  ( -4.332575694955847823, 0.000000000000000000, -6.299999999999999822 ) ) ;
#4969 = CARTESIAN_POINT ( 'NONE',  ( 7.667424305044145072, 1.000000000000000000, -7.299999999999999822 ) ) ;
#4970 = CARTESIAN_POINT ( 'NONE',  ( 25.39394639947909127, 0.4488401889951933454, -27.05911217994176710 ) ) ;
#4971 = CARTESIAN_POINT ( 'NONE',  ( 27.65744137279733650, 17.71185350023387528, -10.09447907348250162 ) ) ;
#4972 =( BOUNDED_CURVE ( )  B_SPLINE_CURVE ( 3, ( #1564, #946, #511, #2132 ),
 .UNSPECIFIED., .F., .T. ) 
 B_SPLINE_CURVE_WITH_KNOTS ( ( 4, 4 ),
 ( 0.000000000000000000, 1.000000000000000000 ),
 .UNSPECIFIED. ) 
 CURVE ( )  GEOMETRIC_REPRESENTATION_ITEM ( )  RATIONAL_B_SPLINE_CURVE ( ( 1.000000000000000000, 0.9506379571609331336, 0.9506379571609331336, 1.000000000000000000 ) ) 
 REPRESENTATION_ITEM ( '' )  );
#4973 = ORIENTED_EDGE ( 'NONE', *, *, #6509, .T. ) ;
#4974 = LINE ( 'NONE', #3434, #3342 ) ;
#4975 = LINE ( 'NONE', #4005, #5179 ) ;
#4976 = APPROVAL_DATE_TIME ( #5181, #663 ) ;
#4977 = VECTOR ( 'NONE', #2027, 1000.000000000000000 ) ;
#4978 = CARTESIAN_POINT ( 'NONE',  ( 28.81222497575000219, 17.33221945339402481, -4.320741829270773771 ) ) ;
#4979 = AXIS2_PLACEMENT_3D ( 'NONE', #3021, #924, #5748 ) ;
#4980 = AXIS2_PLACEMENT_3D ( 'NONE', #5435, #4288, #578 ) ;
#4981 = DIRECTION ( 'NONE',  ( 0.000000000000000000, 0.000000000000000000, -1.000000000000000000 ) ) ;
#4982 = VECTOR ( 'NONE', #6340, 1000.000000000000000 ) ;
#4983 = CARTESIAN_POINT ( 'NONE',  ( 28.43083763164981548, 12.01050486919153037, -12.85861711223950543 ) ) ;
#4984 = CARTESIAN_POINT ( 'NONE',  ( 28.90226699218916551, 26.76839673774191297, -9.966992307589221056 ) ) ;
#4985 =( GEOMETRIC_REPRESENTATION_CONTEXT ( 3 ) GLOBAL_UNCERTAINTY_ASSIGNED_CONTEXT ( ( #4721 ) ) GLOBAL_UNIT_ASSIGNED_CONTEXT ( ( #3617, #1489, #5331 ) ) REPRESENTATION_CONTEXT ( 'NONE', 'WORKASPACE' ) );
#4986 = AXIS2_PLACEMENT_3D ( 'NONE', #799, #6919, #5761 ) ;
#4987 = DIRECTION ( 'NONE',  ( 0.000000000000000000, 0.000000000000000000, 1.000000000000000000 ) ) ;
#4988 = VERTEX_POINT ( 'NONE', #2389 ) ;
#4989 = ORIENTED_EDGE ( 'NONE', *, *, #905, .T. ) ;
#4990 = PLANE ( 'NONE',  #1881 ) ;
#4991 = EDGE_LOOP ( 'NONE', ( #2693, #2308, #793, #2481 ) ) ;
#4992 = CARTESIAN_POINT ( 'NONE',  ( -19.33257569495584605, 0.000000000000000000, -7.299999999999999822 ) ) ;
#4993 = CARTESIAN_POINT ( 'NONE',  ( 28.78142677396602522, 17.90473068504949694, -9.977048552206362331 ) ) ;
#4994 = EDGE_CURVE ( 'NONE', #3671, #6817, #6165, .T. ) ;
#4995 = CARTESIAN_POINT ( 'NONE',  ( 28.58024108492375603, 13.11264596558775075, -6.432467677430278918 ) ) ;
#4996 = CARTESIAN_POINT ( 'NONE',  ( 27.96586292838206234, 8.118064103421190225, -7.930762928170982384 ) ) ;
#4997 = EDGE_CURVE ( 'NONE', #6982, #4003, #1158, .T. ) ;
#4998 = ORIENTED_EDGE ( 'NONE', *, *, #6328, .T. ) ;
#4999 = CARTESIAN_POINT ( 'NONE',  ( 27.67917774164384426, 12.49051337193082567, -6.679531062869390468 ) ) ;
#5000 = EDGE_LOOP ( 'NONE', ( #6065, #6890, #4753, #5223 ) ) ;
#5001 = CARTESIAN_POINT ( 'NONE',  ( -28.71283091779231000, 26.65071305380440236, -10.04341698553369788 ) ) ;
#5002 = ORIENTED_EDGE ( 'NONE', *, *, #3962, .T. ) ;
#5003 = EDGE_CURVE ( 'NONE', #2326, #436, #1738, .T. ) ;
#5004 = DIRECTION ( 'NONE',  ( 0.000000000000000000, 0.000000000000000000, 1.000000000000000000 ) ) ;
#5005 = CARTESIAN_POINT ( 'NONE',  ( 27.90531518397427746, 8.071231336779671750, -7.939436792114250352 ) ) ;
#5006 = VECTOR ( 'NONE', #2161, 1000.000000000000000 ) ;
#5007 = PLANE ( 'NONE',  #614 ) ;
#5008 = EDGE_CURVE ( 'NONE', #4144, #3750, #3437, .T. ) ;
#5009 = EDGE_CURVE ( 'NONE', #4669, #2042, #2686, .T. ) ;
#5010 = CARTESIAN_POINT ( 'NONE',  ( 27.67668008627858356, 12.69076370041645063, -12.60188458053227833 ) ) ;
#5011 = VERTEX_POINT ( 'NONE', #5588 ) ;
#5012 = DIRECTION ( 'NONE',  ( 0.000000000000000000, 1.000000000000000000, 0.000000000000000000 ) ) ;
#5013 = CARTESIAN_POINT ( 'NONE',  ( -30.75000000000000355, 4.200000000000000178, -8.300000000000000711 ) ) ;
#5014 = CARTESIAN_POINT ( 'NONE',  ( 28.87050000000000338, 7.595164061971811265, -8.022048358308770943 ) ) ;
#5015 = ADVANCED_FACE ( 'NONE', ( #658 ), #2934, .F. ) ;
#5016 = CIRCLE ( 'NONE', #2722, 15.00000000000000000 ) ;
#5017 = CARTESIAN_POINT ( 'NONE',  ( 28.81222497575000219, 17.33221945339402481, -10.32074182944351826 ) ) ;
#5018 = VERTEX_POINT ( 'NONE', #6785 ) ;
#5019 =( BOUNDED_CURVE ( )  B_SPLINE_CURVE ( 3, ( #7005, #7042, #6394, #4769 ),
 .UNSPECIFIED., .F., .T. ) 
 B_SPLINE_CURVE_WITH_KNOTS ( ( 4, 4 ),
 ( 1.126683721381950498, 1.570796326794896558 ),
 .UNSPECIFIED. ) 
 CURVE ( )  GEOMETRIC_REPRESENTATION_ITEM ( )  RATIONAL_B_SPLINE_CURVE ( ( 1.000000000000000000, 0.9836310934999830113, 0.9836310934999830113, 1.000000000000000000 ) ) 
 REPRESENTATION_ITEM ( '' )  );
#5020 = DIRECTION ( 'NONE',  ( -1.000000000000000000, 0.000000000000000000, -0.000000000000000000 ) ) ;
#5021 = CARTESIAN_POINT ( 'NONE',  ( 27.99173611357750246, 12.06135237656869030, -12.84012285677093068 ) ) ;
#5022 = CARTESIAN_POINT ( 'NONE',  ( 15.00000000000000000, 1.000000000000000000, -25.00118481360496858 ) ) ;
#5023 = LINE ( 'NONE', #3803, #6607 ) ;
#5024 = EDGE_LOOP ( 'NONE', ( #1624, #3990, #4962, #3804 ) ) ;
#5025 = ORIENTED_EDGE ( 'NONE', *, *, #5654, .F. ) ;
#5026 = DIRECTION ( 'NONE',  ( -1.000000000000000000, 0.000000000000000000, 0.000000000000000000 ) ) ;
#5027 = EDGE_LOOP ( 'NONE', ( #5804, #3787, #6978, #5790 ) ) ;
#5028 = CARTESIAN_POINT ( 'NONE',  ( -19.74999999999993605, 0.8499999999999929834, -25.09859595258459919 ) ) ;
#5029 = PLANE ( 'NONE',  #279 ) ;
#5030 = EDGE_CURVE ( 'NONE', #1063, #2552, #5085, .T. ) ;
#5031 = DIRECTION ( 'NONE',  ( 0.000000000000000000, -0.5446390350150287496, 0.8386705679454230511 ) ) ;
#5032 = DIRECTION ( 'NONE',  ( -0.000000000000000000, -0.000000000000000000, 1.000000000000000000 ) ) ;
#5033 = ORIENTED_EDGE ( 'NONE', *, *, #339, .F. ) ;
#5034 = CARTESIAN_POINT ( 'NONE',  ( 27.95993017105949008, 12.07306685060325080, -6.835868044170943847 ) ) ;
#5035 = ORIENTED_EDGE ( 'NONE', *, *, #6054, .T. ) ;
#5036 = FACE_BOUND ( 'NONE', #3907, .T. ) ;
#5037 = ORIENTED_EDGE ( 'NONE', *, *, #6647, .F. ) ;
#5038 = B_SPLINE_CURVE_WITH_KNOTS ( 'NONE', 2,
 ( #5549, #2968, #6823 ),
 .UNSPECIFIED., .F., .F.,
 ( 3, 3 ),
 ( 0.5006037682352063589, 0.5013182603787366132 ),
 .UNSPECIFIED. ) ;
#5039 = CARTESIAN_POINT ( 'NONE',  ( -29.09951435596646974, 4.774668621920949541, -24.24988634872508797 ) ) ;
#5040 = EDGE_CURVE ( 'NONE', #5254, #931, #734, .T. ) ;
#5041 = CARTESIAN_POINT ( 'NONE',  ( 28.59883212072934455, 8.101634149705564170, -7.933843004078600103 ) ) ;
#5042 = LINE ( 'NONE', #2962, #6019 ) ;
#5043 = CARTESIAN_POINT ( 'NONE',  ( -10.00000000000000178, -8.000000000000000000, -21.30000000000000782 ) ) ;
#5044 = EDGE_CURVE ( 'NONE', #64, #4278, #1848, .T. ) ;
#5045 = ADVANCED_FACE ( 'NONE', ( #2535 ), #2570, .F. ) ;
#5046 = ORIENTED_EDGE ( 'NONE', *, *, #4862, .F. ) ;
#5047 = ORIENTED_EDGE ( 'NONE', *, *, #3284, .F. ) ;
#5048 = CARTESIAN_POINT ( 'NONE',  ( -10.33257569495584960, 1.000000000000000000, -6.299999999999999822 ) ) ;
#5049 = CARTESIAN_POINT ( 'NONE',  ( 4.000000000000000000, 27.82709091528521839, -7.579468269818595338 ) ) ;
#5050 = ADVANCED_FACE ( 'NONE', ( #840 ), #4793, .T. ) ;
#5051 = DIRECTION ( 'NONE',  ( 2.668805347656626678E-16, 0.8386705679454211637, 0.5446390350150316362 ) ) ;
#5052 = DIRECTION ( 'NONE',  ( 1.000000000000000000, 0.000000000000000000, 0.000000000000000000 ) ) ;
#5053 = ORIENTED_EDGE ( 'NONE', *, *, #4359, .F. ) ;
#5054 = CARTESIAN_POINT ( 'NONE',  ( 28.04693665933139002, 12.03239017310394487, -12.85068796427760951 ) ) ;
#5055 = EDGE_CURVE ( 'NONE', #4204, #6197, #329, .T. ) ;
#5056 = CARTESIAN_POINT ( 'NONE',  ( 28.80797976375517777, 12.31658603452584444, -12.74568442910562638 ) ) ;
#5057 = CARTESIAN_POINT ( 'NONE',  ( 27.76966248593421938, 17.25574547560074024, -4.365673025621002346 ) ) ;
#5058 = CARTESIAN_POINT ( 'NONE',  ( -28.95647885023830526, 26.66773749839310526, -9.767031574783660020 ) ) ;
#5059 = AXIS2_PLACEMENT_3D ( 'NONE', #3514, #4048, #305 ) ;
#5060 = ORIENTED_EDGE ( 'NONE', *, *, #3334, .T. ) ;
#5061 = FACE_OUTER_BOUND ( 'NONE', #3798, .T. ) ;
#5062 = VECTOR ( 'NONE', #1282, 1000.000000000000000 ) ;
#5063 = ORIENTED_EDGE ( 'NONE', *, *, #1826, .T. ) ;
#5064 = LINE ( 'NONE', #4630, #3461 ) ;
#5065 = DIRECTION ( 'NONE',  ( -0.3545520856891627437, 0.9350362658921120840, 0.000000000000000000 ) ) ;
#5066 = VECTOR ( 'NONE', #583, 1000.000000000000000 ) ;
#5067 = CARTESIAN_POINT ( 'NONE',  ( -27.54999999999999716, 17.03533735784322545, -4.514591718500827078 ) ) ;
#5068 = CARTESIAN_POINT ( 'NONE',  ( 28.44024466081142677, 13.17143507755224263, -12.40824020583409748 ) ) ;
#5069 = ORIENTED_EDGE ( 'NONE', *, *, #4824, .F. ) ;
#5070 = CARTESIAN_POINT ( 'NONE',  ( 27.67089248362555765, 12.57384081062469505, -6.647414271220386084 ) ) ;
#5071 = VERTEX_POINT ( 'NONE', #6927 ) ;
#5072 = FACE_BOUND ( 'NONE', #3199, .T. ) ;
#5073 = ORIENTED_EDGE ( 'NONE', *, *, #1402, .F. ) ;
#5074 = CARTESIAN_POINT ( 'NONE',  ( 27.67605791697707573, 7.688575064931689518, -14.00671753227868521 ) ) ;
#5075 = DIRECTION ( 'NONE',  ( -1.000000000000000000, -0.000000000000000000, -0.000000000000000000 ) ) ;
#5076 = CARTESIAN_POINT ( 'NONE',  ( 28.78142677396602522, 17.90473068504949694, -9.977048552206362331 ) ) ;
#5077 = CARTESIAN_POINT ( 'NONE',  ( -19.74999999999992539, -0.5366082894954957716, -27.69906990457358731 ) ) ;
#5078 = LINE ( 'NONE', #6159, #2215 ) ;
#5079 = AXIS2_PLACEMENT_3D ( 'NONE', #2142, #1021, #6573 ) ;
#5080 = VERTEX_POINT ( 'NONE', #3542 ) ;
#5081 = ORIENTED_EDGE ( 'NONE', *, *, #3449, .T. ) ;
#5082 = FACE_OUTER_BOUND ( 'NONE', #5024, .T. ) ;
#5083 = CARTESIAN_POINT ( 'NONE',  ( -10.00000000000000178, -1.000000000000000000, -6.299999999999999822 ) ) ;
#5084 = EDGE_CURVE ( 'NONE', #4591, #1645, #6895, .T. ) ;
#5085 = LINE ( 'NONE', #152, #3256 ) ;
#5086 = CARTESIAN_POINT ( 'NONE',  ( -28.75000000000000000, 10.75418123488904421, -14.66674816303236639 ) ) ;
#5087 = EDGE_CURVE ( 'NONE', #931, #6625, #4188, .T. ) ;
#5088 = ORIENTED_EDGE ( 'NONE', *, *, #5360, .F. ) ;
#5089 = CARTESIAN_POINT ( 'NONE',  ( 27.75747138784765866, 12.27505357709158496, -12.76123670774429542 ) ) ;
#5090 = VECTOR ( 'NONE', #4189, 1000.000000000000000 ) ;
#5091 = CARTESIAN_POINT ( 'NONE',  ( 28.55583157193914801, 12.06485036739768368, -6.838846557325616971 ) ) ;
#5092 = CARTESIAN_POINT ( 'NONE',  ( 28.68415117538384607, 17.15362618158826180, -4.425226648338997926 ) ) ;
#5093 = CARTESIAN_POINT ( 'NONE',  ( 22.66742430504413974, 1.000000000000000000, -6.299999999999999822 ) ) ;
#5094 = VERTEX_POINT ( 'NONE', #3039 ) ;
#5095 = CIRCLE ( 'NONE', #3943, 3.249999999999999556 ) ;
#5096 = ORIENTED_EDGE ( 'NONE', *, *, #2183, .T. ) ;
#5097 = DIRECTION ( 'NONE',  ( -0.000000000000000000, -0.000000000000000000, 1.000000000000000000 ) ) ;
#5098 = VECTOR ( 'NONE', #3749, 1000.000000000000000 ) ;
#5099 = CARTESIAN_POINT ( 'NONE',  ( -28.96319972734610815, 26.65524419208637497, -9.774982557803797434 ) ) ;
#5100 = CARTESIAN_POINT ( 'NONE',  ( 4.000000000000000000, 26.75480351115087529, -8.275819852153491141 ) ) ;
#5101 = CARTESIAN_POINT ( 'NONE',  ( 27.70062309696411162, 7.786782582714194767, -7.990099223249615079 ) ) ;
#5102 = ORIENTED_EDGE ( 'NONE', *, *, #7034, .T. ) ;
#5103 = EDGE_LOOP ( 'NONE', ( #2664, #3564, #165, #1864 ) ) ;
#5104 = CARTESIAN_POINT ( 'NONE',  ( 28.75628440523721352, 12.23196241074162316, -6.777316501308500385 ) ) ;
#5105 = VECTOR ( 'NONE', #4207, 1000.000000000000000 ) ;
#5106 = VERTEX_POINT ( 'NONE', #3103 ) ;
#5107 = DIRECTION ( 'NONE',  ( 0.000000000000000000, 0.000000000000000000, -1.000000000000000000 ) ) ;
#5108 = EDGE_LOOP ( 'NONE', ( #1796, #4025, #2706, #4908 ) ) ;
#5109 = FACE_OUTER_BOUND ( 'NONE', #4283, .T. ) ;
#5110 = CARTESIAN_POINT ( 'NONE',  ( 28.34959035300558128, 8.193589613356357049, -13.91650246160024196 ) ) ;
#5111 = DATE_TIME_ROLE ( 'classification_date' ) ;
#5112 = EDGE_CURVE ( 'NONE', #3189, #4092, #301, .T. ) ;
#5113 = LINE ( 'NONE', #2961, #2439 ) ;
#5114 = LINE ( 'NONE', #4432, #1888 ) ;
#5115 = FACE_OUTER_BOUND ( 'NONE', #6525, .T. ) ;
#5116 = ORIENTED_EDGE ( 'NONE', *, *, #4086, .F. ) ;
#5117 = ORIENTED_EDGE ( 'NONE', *, *, #6941, .T. ) ;
#5118 = LINE ( 'NONE', #3000, #1388 ) ;
#5119 = DIRECTION ( 'NONE',  ( 0.000000000000000000, -0.8386705679454210527, -0.5446390350150316362 ) ) ;
#5120 = EDGE_CURVE ( 'NONE', #2951, #5378, #3154, .T. ) ;
#5121 = CARTESIAN_POINT ( 'NONE',  ( -30.76000000000000156, 26.00000000000000711, -4.765994983667004803 ) ) ;
#5122 = PLANE ( 'NONE',  #2796 ) ;
#5123 = ORIENTED_EDGE ( 'NONE', *, *, #747, .T. ) ;
#5124 = CARTESIAN_POINT ( 'NONE',  ( 5.000000000000000000, 2.000000000000002665, -20.35177722040744897 ) ) ;
#5125 = DIRECTION ( 'NONE',  ( 0.000000000000000000, 0.000000000000000000, 1.000000000000000000 ) ) ;
#5126 = LINE ( 'NONE', #3010, #476 ) ;
#5127 = CARTESIAN_POINT ( 'NONE',  ( 27.67506917989760851, 17.51638929124183619, -4.211649609975260944 ) ) ;
#5128 = CARTESIAN_POINT ( 'NONE',  ( -28.69234927323353901, 26.68887743719939110, -10.01863274516728630 ) ) ;
#5129 = VERTEX_POINT ( 'NONE', #6386 ) ;
#5130 = EDGE_CURVE ( 'NONE', #5985, #4112, #3832, .T. ) ;
#5131 = EDGE_CURVE ( 'NONE', #606, #5339, #3651, .T. ) ;
#5132 = AXIS2_PLACEMENT_3D ( 'NONE', #883, #1461, #6392 ) ;
#5133 = LINE ( 'NONE', #2482, #6341 ) ;
#5134 = DIRECTION ( 'NONE',  ( 1.000000000000000000, 0.000000000000000000, 0.000000000000000000 ) ) ;
#5135 = CARTESIAN_POINT ( 'NONE',  ( 0.000000000000000000, 1.000000000000000000, 0.000000000000000000 ) ) ;
#5136 = CARTESIAN_POINT ( 'NONE',  ( 27.81721800625618002, 7.990115201879514295, -7.954276764183684456 ) ) ;
#5137 = VERTEX_POINT ( 'NONE', #5840 ) ;
#5138 = ORIENTED_EDGE ( 'NONE', *, *, #4590, .T. ) ;
#5139 = CARTESIAN_POINT ( 'NONE',  ( 28.64743501726703201, 12.11932151106734423, -6.818972114917697169 ) ) ;
#5140 = ORIENTED_EDGE ( 'NONE', *, *, #3785, .F. ) ;
#5141 = DIRECTION ( 'NONE',  ( -1.000000000000000000, 0.000000000000000000, 0.000000000000000000 ) ) ;
#5142 = DIRECTION ( 'NONE',  ( 0.000000000000000000, 1.000000000000000000, 0.000000000000000000 ) ) ;
#5143 = DIRECTION ( 'NONE',  ( -0.000000000000000000, 0.8386705679454212747, 0.5446390350150313031 ) ) ;
#5144 = EDGE_CURVE ( 'NONE', #2076, #1122, #6353, .T. ) ;
#5145 = CARTESIAN_POINT ( 'NONE',  ( 28.74611880206444070, 7.966869358274841773, -13.95852273838956670 ) ) ;
#5146 = APPROVAL_ROLE ( '' ) ;
#5147 = CARTESIAN_POINT ( 'NONE',  ( 28.29878793658433977, 18.19256065114996446, -9.799208947623693433 ) ) ;
#5148 = CARTESIAN_POINT ( 'NONE',  ( 28.69733655020240448, 18.01220906428562429, -3.911039064222110007 ) ) ;
#5149 = LINE ( 'NONE', #6705, #6362 ) ;
#5150 = ORIENTED_EDGE ( 'NONE', *, *, #3834, .T. ) ;
#5151 = EDGE_LOOP ( 'NONE', ( #184, #5826, #1714, #3255 ) ) ;
#5152 = CARTESIAN_POINT ( 'NONE',  ( 30.75000000000000000, 19.55514891348196471, -14.29362122842831084 ) ) ;
#5153 = CARTESIAN_POINT ( 'NONE',  ( -28.10759473998312785, 28.23564247043561082, -9.014151787696704332 ) ) ;
#5154 = CARTESIAN_POINT ( 'NONE',  ( -12.31372919964819701, 32.64565663597156231, -3.999999999999998224 ) ) ;
#5155 = LINE ( 'NONE', #806, #1419 ) ;
#5156 = ORIENTED_EDGE ( 'NONE', *, *, #4472, .T. ) ;
#5157 = EDGE_CURVE ( 'NONE', #4765, #973, #6422, .T. ) ;
#5158 = CARTESIAN_POINT ( 'NONE',  ( 0.2429552824828808688, 41.43052276528985089, -0.2824096229890988852 ) ) ;
#5159 = CARTESIAN_POINT ( 'NONE',  ( -11.71372919964819381, 32.64565663597156231, -3.999999999999998224 ) ) ;
#5160 = CARTESIAN_POINT ( 'NONE',  ( -25.37345522831403244, 0.1052943321057770443, -18.73221346789397757 ) ) ;
#5161 = CARTESIAN_POINT ( 'NONE',  ( 28.81737580457286541, 17.34016771793499956, -4.316087682047281326 ) ) ;
#5162 = CARTESIAN_POINT ( 'NONE',  ( -28.90226699218915840, 26.76839673774191297, -9.966992307589221056 ) ) ;
#5163 = EDGE_LOOP ( 'NONE', ( #3275, #4638 ) ) ;
#5164 = CARTESIAN_POINT ( 'NONE',  ( -4.000000000000000000, 26.42784580695890995, -7.772349138819023118 ) ) ;
#5165 = VECTOR ( 'NONE', #3257, 1000.000000000000000 ) ;
#5166 = CARTESIAN_POINT ( 'NONE',  ( 15.09999999999999609, -1.000000000000000000, -26.30000000000000426 ) ) ;
#5167 = CARTESIAN_POINT ( 'NONE',  ( 27.67054646866404255, 7.596505835454902211, -8.021829085288475270 ) ) ;
#5168 = EDGE_CURVE ( 'NONE', #3101, #3447, #2826, .T. ) ;
#5169 = LINE ( 'NONE', #240, #5819 ) ;
#5170 = ORIENTED_EDGE ( 'NONE', *, *, #5875, .F. ) ;
#5171 = VERTEX_POINT ( 'NONE', #6280 ) ;
#5172 = DIRECTION ( 'NONE',  ( -1.000000000000000000, 0.000000000000000000, 0.000000000000000000 ) ) ;
#5173 = ORIENTED_EDGE ( 'NONE', *, *, #4083, .T. ) ;
#5174 = EDGE_CURVE ( 'NONE', #4765, #4422, #2071, .T. ) ;
#5175 = AXIS2_PLACEMENT_3D ( 'NONE', #6859, #149, #5187 ) ;
#5176 = FACE_BOUND ( 'NONE', #5407, .T. ) ;
#5177 = ORIENTED_EDGE ( 'NONE', *, *, #200, .F. ) ;
#5178 = DIRECTION ( 'NONE',  ( 0.000000000000000000, -0.8386705679454212747, -0.5446390350150313031 ) ) ;
#5179 = VECTOR ( 'NONE', #6710, 1000.000000000000000 ) ;
#5180 = CYLINDRICAL_SURFACE ( 'NONE', #5565, 9.150000000000002132 ) ;
#5181 = DATE_AND_TIME ( #721, #5558 ) ;
#5182 = DIRECTION ( 'NONE',  ( 1.000000000000000000, 0.000000000000000000, 0.000000000000000000 ) ) ;
#5183 = CARTESIAN_POINT ( 'NONE',  ( 27.52817459302486824, 2.221825406920820978, -18.20772211667057761 ) ) ;
#5184 = LINE ( 'NONE', #6889, #4059 ) ;
#5185 = ORIENTED_EDGE ( 'NONE', *, *, #1826, .F. ) ;
#5186 = ORIENTED_EDGE ( 'NONE', *, *, #460, .F. ) ;
#5187 = DIRECTION ( 'NONE',  ( 0.000000000000000000, -0.000000000000000000, 1.000000000000000000 ) ) ;
#5188 = LINE ( 'NONE', #2464, #2207 ) ;
#5189 = VECTOR ( 'NONE', #6853, 1000.000000000000000 ) ;
#5190 = CARTESIAN_POINT ( 'NONE',  ( -0.7091041713783117206, 41.30059529707407506, -0.3541291247497121986 ) ) ;
#5191 = B_SPLINE_SURFACE_WITH_KNOTS ( 'NONE', 2, 1, ( 
 ( #2780, #6446 ),
 ( #5966, #2191 ),
 ( #4318, #1037 ) ),
 .UNSPECIFIED., .F., .F., .F.,
 ( 3, 3 ),
 ( 2, 2 ),
 ( 0.5001548857048482288, 0.5013939159464327888 ),
 ( 0.000000000000000000, 1.000000000000000000 ),
 .UNSPECIFIED. ) ;
#5192 = DIRECTION ( 'NONE',  ( 0.000000000000000000, -0.5446390350150320803, 0.8386705679454208306 ) ) ;
#5193 = ORIENTED_EDGE ( 'NONE', *, *, #5442, .T. ) ;
#5194 = CARTESIAN_POINT ( 'NONE',  ( 27.90065076775535857, 7.960416966397411365, -13.95856294247790252 ) ) ;
#5195 = DIRECTION ( 'NONE',  ( 0.000000000000000000, 5.480694194524166577E-17, -1.000000000000000000 ) ) ;
#5196 = VECTOR ( 'NONE', #845, 1000.000000000000000 ) ;
#5197 = DIRECTION ( 'NONE',  ( -1.000000000000000000, 0.000000000000000000, 0.000000000000000000 ) ) ;
#5198 = PLANE ( 'NONE',  #5774 ) ;
#5199 = DIRECTION ( 'NONE',  ( 0.000000000000000000, 0.000000000000000000, 1.000000000000000000 ) ) ;
#5200 = EDGE_CURVE ( 'NONE', #3101, #5892, #3717, .T. ) ;
#5201 = CARTESIAN_POINT ( 'NONE',  ( -21.06828128533735267, 33.58069290186367795, -30.00000000000000000 ) ) ;
#5202 = ORIENTED_EDGE ( 'NONE', *, *, #659, .T. ) ;
#5203 = VECTOR ( 'NONE', #3606, 1000.000000000000000 ) ;
#5204 = DIRECTION ( 'NONE',  ( 1.000000000000000000, 0.000000000000000000, 0.000000000000000000 ) ) ;
#5205 = DIRECTION ( 'NONE',  ( -0.000000000000000000, -0.000000000000000000, -1.000000000000000000 ) ) ;
#5206 = DIRECTION ( 'NONE',  ( -1.000000000000000000, -0.000000000000000000, -0.000000000000000000 ) ) ;
#5207 = AXIS2_PLACEMENT_3D ( 'NONE', #6569, #4363, #983 ) ;
#5208 = ORIENTED_EDGE ( 'NONE', *, *, #1488, .T. ) ;
#5209 = VERTEX_POINT ( 'NONE', #1953 ) ;
#5210 = PLANE ( 'NONE',  #5675 ) ;
#5211 = EDGE_LOOP ( 'NONE', ( #5476, #3216, #4077, #5390 ) ) ;
#5212 = CARTESIAN_POINT ( 'NONE',  ( 19.75000000000000000, 9.999999999999998224, -8.300000000000002487 ) ) ;
#5213 = ORIENTED_EDGE ( 'NONE', *, *, #2925, .F. ) ;
#5214 = CIRCLE ( 'NONE', #2108, 0.6000000000000033085 ) ;
#5215 = CARTESIAN_POINT ( 'NONE',  ( 28.87770002840491301, 13.20022163404753002, -12.39631531369022710 ) ) ;
#5216 = CARTESIAN_POINT ( 'NONE',  ( 10.00000000000000178, -8.000000000000000000, -11.30000000000000071 ) ) ;
#5217 = CARTESIAN_POINT ( 'NONE',  ( 6.000000000000001776, -8.000000000000000000, -18.75000000000000711 ) ) ;
#5218 = CARTESIAN_POINT ( 'NONE',  ( 28.87050000000000338, 17.59016140548750329, -4.167551378375762283 ) ) ;
#5219 = VECTOR ( 'NONE', #5372, 1000.000000000000000 ) ;
#5220 = CARTESIAN_POINT ( 'NONE',  ( -0.4096423455767416177, 41.25669538462443597, -0.5581811537903865750 ) ) ;
#5221 = EDGE_LOOP ( 'NONE', ( #1974, #3960, #3849, #4894, #3664, #911, #2225, #5392, #2172 ) ) ;
#5222 = EDGE_CURVE ( 'NONE', #5639, #520, #4754, .T. ) ;
#5223 = ORIENTED_EDGE ( 'NONE', *, *, #3556, .F. ) ;
#5224 = AXIS2_PLACEMENT_3D ( 'NONE', #2412, #2854, #5141 ) ;
#5225 = CARTESIAN_POINT ( 'NONE',  ( 29.09665715643834005, 4.200000000000000178, -8.300000000000002487 ) ) ;
#5226 = LINE ( 'NONE', #769, #6586 ) ;
#5227 = EDGE_CURVE ( 'NONE', #2429, #2008, #875, .T. ) ;
#5228 = DIRECTION ( 'NONE',  ( 0.000000000000000000, 0.000000000000000000, 1.000000000000000000 ) ) ;
#5229 = FACE_OUTER_BOUND ( 'NONE', #5357, .T. ) ;
#5230 = DIRECTION ( 'NONE',  ( 0.000000000000000000, 5.480694194524166577E-17, -1.000000000000000000 ) ) ;
#5231 = DIRECTION ( 'NONE',  ( 1.000000000000000000, 0.000000000000000000, -0.000000000000000000 ) ) ;
#5232 = CARTESIAN_POINT ( 'NONE',  ( 10.00000000000000533, -8.000000000000000000, -21.30000000000000782 ) ) ;
#5233 = ADVANCED_FACE ( 'NONE', ( #6455 ), #3176, .T. ) ;
#5234 = LINE ( 'NONE', #6902, #4623 ) ;
#5235 = LINE ( 'NONE', #3081, #3413 ) ;
#5236 = DIRECTION ( 'NONE',  ( 0.000000000000000000, 5.480694194524166577E-17, -1.000000000000000000 ) ) ;
#5237 = ORIENTED_EDGE ( 'NONE', *, *, #5410, .T. ) ;
#5238 = CARTESIAN_POINT ( 'NONE',  ( 27.90068951654756191, 28.17786344171667778, -9.051673927668923980 ) ) ;
#5239 = VECTOR ( 'NONE', #1862, 1000.000000000000000 ) ;
#5240 = LINE ( 'NONE', #344, #3120 ) ;
#5241 = LINE ( 'NONE', #6976, #4099 ) ;
#5242 = ORIENTED_EDGE ( 'NONE', *, *, #466, .T. ) ;
#5243 = AXIS2_PLACEMENT_3D ( 'NONE', #3662, #3591, #4705 ) ;
#5244 = ORIENTED_EDGE ( 'NONE', *, *, #2014, .T. ) ;
#5245 = DIRECTION ( 'NONE',  ( 0.000000000000000000, 0.000000000000000000, 1.000000000000000000 ) ) ;
#5246 = ORIENTED_EDGE ( 'NONE', *, *, #157, .T. ) ;
#5247 =( BOUNDED_CURVE ( )  B_SPLINE_CURVE ( 3, ( #4714, #6918, #4108, #1370 ),
 .UNSPECIFIED., .F., .T. ) 
 B_SPLINE_CURVE_WITH_KNOTS ( ( 4, 4 ),
 ( 0.000000000000000000, 1.000000000000000000 ),
 .UNSPECIFIED. ) 
 CURVE ( )  GEOMETRIC_REPRESENTATION_ITEM ( )  RATIONAL_B_SPLINE_CURVE ( ( 1.000000000000000000, 0.9492530216746362104, 0.9492530216746362104, 1.000000000000000000 ) ) 
 REPRESENTATION_ITEM ( '' )  );
#5248 = EDGE_CURVE ( 'NONE', #5610, #6992, #2749, .T. ) ;
#5249 = DIRECTION ( 'NONE',  ( 0.000000000000000000, 0.8386705679454210527, 0.5446390350150316362 ) ) ;
#5250 = CARTESIAN_POINT ( 'NONE',  ( 29.03042489260326775, 26.52869282400001794, -9.855522308781319296 ) ) ;
#5251 = DIRECTION ( 'NONE',  ( -0.000000000000000000, -1.000000000000000000, -0.000000000000000000 ) ) ;
#5252 = CARTESIAN_POINT ( 'NONE',  ( -40.00000000000000000, -1.000000000000000000, -26.30000000000000782 ) ) ;
#5253 = CARTESIAN_POINT ( 'NONE',  ( -30.44999999999999574, 22.14931953111155849, -12.96665611914054672 ) ) ;
#5254 = VERTEX_POINT ( 'NONE', #5366 ) ;
#5255 = LINE ( 'NONE', #4789, #1779 ) ;
#5256 = ORIENTED_EDGE ( 'NONE', *, *, #5673, .T. ) ;
#5257 = DIRECTION ( 'NONE',  ( 1.000000000000000000, 0.000000000000000000, 0.000000000000000000 ) ) ;
#5258 = CARTESIAN_POINT ( 'NONE',  ( -20.96191565963060199, 33.46357373260055112, -5.619093529326676162 ) ) ;
#5259 = EDGE_CURVE ( 'NONE', #4197, #1708, #380, .T. ) ;
#5260 = CARTESIAN_POINT ( 'NONE',  ( -30.71424903366290238, 20.59016140544467532, -2.188299892660783286 ) ) ;
#5261 = EDGE_CURVE ( 'NONE', #2666, #4204, #6253, .T. ) ;
#5262 = CARTESIAN_POINT ( 'NONE',  ( -27.54999999999999716, 20.56761931084846751, -5.909097666669669735 ) ) ;
#5263 = APPLICATION_PROTOCOL_DEFINITION ( 'international standard', 'config_control_design', 1994, #6274 ) ;
#5264 = EDGE_CURVE ( 'NONE', #3215, #4614, #1519, .T. ) ;
#5265 = DIRECTION ( 'NONE',  ( 0.000000000000000000, 1.000000000000000000, 0.000000000000000000 ) ) ;
#5266 = CARTESIAN_POINT ( 'NONE',  ( -27.55000000000006821, 7.663635606155446034, -9.907725230275241657 ) ) ;
#5267 = CARTESIAN_POINT ( 'NONE',  ( -30.75000000000000355, -8.000000000000000000, -14.55000000000000071 ) ) ;
#5268 = DIRECTION ( 'NONE',  ( 0.000000000000000000, 0.000000000000000000, 1.000000000000000000 ) ) ;
#5269 = CARTESIAN_POINT ( 'NONE',  ( 30.44999999999999929, 10.16339171050450751, -20.75040865736014339 ) ) ;
#5270 = EDGE_LOOP ( 'NONE', ( #2239, #6212, #6101, #5852 ) ) ;
#5271 = DIRECTION ( 'NONE',  ( -1.000000000000000000, 0.000000000000000000, -0.000000000000000000 ) ) ;
#5272 = LINE ( 'NONE', #6398, #132 ) ;
#5273 = CARTESIAN_POINT ( 'NONE',  ( -27.54999999999999716, 9.060949954578882526, -9.810913478588833669 ) ) ;
#5274 = ORIENTED_EDGE ( 'NONE', *, *, #1667, .F. ) ;
#5275 = ORIENTED_EDGE ( 'NONE', *, *, #6096, .T. ) ;
#5276 = CARTESIAN_POINT ( 'NONE',  ( -16.71372919964819559, 32.64565663597156231, -1.999999999999997780 ) ) ;
#5277 = ORIENTED_EDGE ( 'NONE', *, *, #2097, .F. ) ;
#5278 = LINE ( 'NONE', #7054, #346 ) ;
#5279 = CARTESIAN_POINT ( 'NONE',  ( 27.68247840171617113, 17.72753616507667473, -4.084938163014696144 ) ) ;
#5280 = CARTESIAN_POINT ( 'NONE',  ( 1.667424305044146848, 0.000000000000000000, -7.299999999999999822 ) ) ;
#5281 = CARTESIAN_POINT ( 'NONE',  ( -27.52817459302551839, 2.221825406974473616, -24.20772211675409835 ) ) ;
#5282 = CARTESIAN_POINT ( 'NONE',  ( -22.17314923547797179, 0.8499999999999766631, -25.09859595246625474 ) ) ;
#5283 =( BOUNDED_SURFACE ( )  B_SPLINE_SURFACE ( 3, 2, ( 
 ( #6879, #6765, #6149 ),
 ( #3417, #5602, #674 ),
 ( #2876, #5067, #4562 ),
 ( #2589, #5821, #6365 ),
 ( #5923, #5344, #2518 ),
 ( #379, #4265, #6435 ),
 ( #5307, #2073, #1434 ),
 ( #5376, #2005, #413 ),
 ( #2550, #6470, #6331 ),
 ( #5273, #3629, #4164 ),
 ( #888, #3086, #3160 ),
 ( #1536, #6939, #345 ) ),
 .UNSPECIFIED., .F., .F., .F. ) 
 B_SPLINE_SURFACE_WITH_KNOTS ( ( 4, 2, 2, 2, 2, 4 ),
 ( 3, 3 ),
 ( 0.03773969174175572511, 0.04133969533883348479, 0.04493969893591125142, 0.04673970073445013473, 0.04853970253298901111, 0.05213970613006677080 ),
 ( 0.000000000000000000, 1.000000000000000000 ),
 .UNSPECIFIED. ) 
 GEOMETRIC_REPRESENTATION_ITEM ( )  RATIONAL_B_SPLINE_SURFACE ( (
 ( 1.000000000000000000, 0.7071067811865469066, 1.000000000000000000),
 ( 1.000000000000000000, 0.7071067811865469066, 1.000000000000000000),
 ( 1.000000000000000000, 0.7071067811865469066, 1.000000000000000000),
 ( 1.000000000000000000, 0.7071067811865469066, 1.000000000000000000),
 ( 1.000000000000000000, 0.7071067811865469066, 1.000000000000000000),
 ( 1.000000000000000000, 0.7071067811865469066, 1.000000000000000000),
 ( 1.000000000000000000, 0.7071067811865467956, 1.000000000000000000),
 ( 1.000000000000000000, 0.7071067811865467956, 1.000000000000000000),
 ( 1.000000000000000000, 0.7071067811865469066, 1.000000000000000000),
 ( 1.000000000000000000, 0.7071067811865469066, 1.000000000000000000),
 ( 1.000000000000000000, 0.7071067811865469066, 1.000000000000000000),
 ( 1.000000000000000000, 0.7071067811865469066, 1.000000000000000000) ) ) 
 REPRESENTATION_ITEM ( '' )  SURFACE ( )  );
#5284 = CARTESIAN_POINT ( 'NONE',  ( 10.66742430504414507, 0.000000000000000000, -6.299999999999999822 ) ) ;
#5285 = EDGE_LOOP ( 'NONE', ( #6006, #111, #4890, #2830 ) ) ;
#5286 = PLANE ( 'NONE',  #1432 ) ;
#5287 = ORIENTED_EDGE ( 'NONE', *, *, #4611, .F. ) ;
#5288 = CARTESIAN_POINT ( 'NONE',  ( 4.000000000000000000, 26.42784580695890995, -7.772349138819023118 ) ) ;
#5289 = LINE ( 'NONE', #5433, #6407 ) ;
#5290 = CARTESIAN_POINT ( 'NONE',  ( 4.667424305044145960, 0.000000000000000000, -7.299999999999999822 ) ) ;
#5291 = ADVANCED_FACE ( 'NONE', ( #2640 ), #1045, .F. ) ;
#5292 = FACE_OUTER_BOUND ( 'NONE', #2251, .T. ) ;
#5293 = CARTESIAN_POINT ( 'NONE',  ( 19.74999999999993250, -0.5366082894954911087, -27.69906990457358376 ) ) ;
#5294 = ORIENTED_EDGE ( 'NONE', *, *, #3346, .T. ) ;
#5295 = EDGE_CURVE ( 'NONE', #1618, #871, #2809, .T. ) ;
#5296 = CARTESIAN_POINT ( 'NONE',  ( -5.999999999999998224, -13.00000000000000178, -15.30000000000000071 ) ) ;
#5297 = EDGE_CURVE ( 'NONE', #4687, #1922, #4826, .T. ) ;
#5298 = FACE_OUTER_BOUND ( 'NONE', #1287, .T. ) ;
#5299 = DIRECTION ( 'NONE',  ( 0.000000000000000000, 0.000000000000000000, 1.000000000000000000 ) ) ;
#5300 = ADVANCED_FACE ( 'NONE', ( #6599 ), #2786, .F. ) ;
#5301 = LINE ( 'NONE', #1462, #5676 ) ;
#5302 = ORIENTED_EDGE ( 'NONE', *, *, #129, .F. ) ;
#5303 = AXIS2_PLACEMENT_3D ( 'NONE', #920, #6294, #2549 ) ;
#5304 = ADVANCED_FACE ( 'NONE', ( #2059 ), #4463, .T. ) ;
#5305 = CARTESIAN_POINT ( 'NONE',  ( -19.74999999999992184, -1.000000000000004441, -27.44746873418996103 ) ) ;
#5306 = LINE ( 'NONE', #4738, #2203 ) ;
#5307 = CARTESIAN_POINT ( 'NONE',  ( -27.54999999999999716, 12.54775238714853813, -8.797637465002418722 ) ) ;
#5308 = ADVANCED_FACE ( 'NONE', ( #723 ), #5007, .F. ) ;
#5309 = VECTOR ( 'NONE', #5547, 1000.000000000000000 ) ;
#5310 = ORIENTED_EDGE ( 'NONE', *, *, #1531, .F. ) ;
#5311 = VERTEX_POINT ( 'NONE', #1805 ) ;
#5312 = PLANE ( 'NONE',  #5553 ) ;
#5313 = VERTEX_POINT ( 'NONE', #650 ) ;
#5314 = DIRECTION ( 'NONE',  ( 0.000000000000000000, 0.000000000000000000, -1.000000000000000000 ) ) ;
#5315 = CARTESIAN_POINT ( 'NONE',  ( 27.83019819459357436, 17.99775718583562778, -9.919938840198021524 ) ) ;
#5316 = VECTOR ( 'NONE', #653, 1000.000000000000000 ) ;
#5317 = DIRECTION ( 'NONE',  ( 0.000000000000000000, 1.040834085586084257E-15, 1.000000000000000000 ) ) ;
#5318 = DIRECTION ( 'NONE',  ( -0.000000000000000000, 0.000000000000000000, 1.000000000000000000 ) ) ;
#5319 = ORIENTED_EDGE ( 'NONE', *, *, #945, .T. ) ;
#5320 = CARTESIAN_POINT ( 'NONE',  ( 27.47050000000000125, 22.67423583211419214, -8.000000000000000000 ) ) ;
#5321 = VERTEX_POINT ( 'NONE', #2924 ) ;
#5322 = AXIS2_PLACEMENT_3D ( 'NONE', #2721, #4403, #5512 ) ;
#5323 = CARTESIAN_POINT ( 'NONE',  ( 19.75000000000000000, 9.999999999999998224, -6.299999999999999822 ) ) ;
#5324 = VERTEX_POINT ( 'NONE', #2888 ) ;
#5325 = DIRECTION ( 'NONE',  ( 1.000000000000000000, 1.865294060190139630E-16, 1.211336126233705471E-16 ) ) ;
#5326 = LINE ( 'NONE', #3138, #2442 ) ;
#5327 = VECTOR ( 'NONE', #2181, 999.9999999999998863 ) ;
#5328 = CIRCLE ( 'NONE', #4986, 0.6000000000000033085 ) ;
#5329 = DIRECTION ( 'NONE',  ( -0.000000000000000000, 0.8386705679454210527, 0.5446390350150316362 ) ) ;
#5330 = CARTESIAN_POINT ( 'NONE',  ( -20.96191565963060555, 33.30018202209604539, -5.367492358943050768 ) ) ;
#5331 =( NAMED_UNIT ( * ) SI_UNIT ( $, .STERADIAN. ) SOLID_ANGLE_UNIT ( ) );
#5332 = VECTOR ( 'NONE', #6224, 1000.000000000000000 ) ;
#5333 = VERTEX_POINT ( 'NONE', #44 ) ;
#5334 = LINE ( 'NONE', #3688, #3217 ) ;
#5335 = EDGE_CURVE ( 'NONE', #1266, #1463, #5114, .T. ) ;
#5336 = DIRECTION ( 'NONE',  ( 0.000000000000000000, 0.000000000000000000, 1.000000000000000000 ) ) ;
#5337 = CARTESIAN_POINT ( 'NONE',  ( -26.87050000000000338, 25.67423583211418858, -1.999999999999999556 ) ) ;
#5338 = DIRECTION ( 'NONE',  ( -0.000000000000000000, -0.000000000000000000, -1.000000000000000000 ) ) ;
#5339 = VERTEX_POINT ( 'NONE', #1152 ) ;
#5340 = DIRECTION ( 'NONE',  ( 0.000000000000000000, -0.8386705679454224960, -0.5446390350150294157 ) ) ;
#5341 = EDGE_CURVE ( 'NONE', #6333, #425, #3152, .T. ) ;
#5342 = CARTESIAN_POINT ( 'NONE',  ( 26.97552454635115993, 29.66880160574618586, -8.083447362956167837 ) ) ;
#5343 = CARTESIAN_POINT ( 'NONE',  ( -22.16884991857082809, 0.9999999999999774625, -25.00118481348662414 ) ) ;
#5344 = CARTESIAN_POINT ( 'NONE',  ( -27.54999999999999716, 14.00016744747741981, -6.075227668627094069 ) ) ;
#5345 = ADVANCED_FACE ( 'NONE', ( #1838 ), #1263, .F. ) ;
#5346 = EDGE_CURVE ( 'NONE', #7123, #5425, #3394, .T. ) ;
#5347 = ORIENTED_EDGE ( 'NONE', *, *, #6093, .F. ) ;
#5348 = ORIENTED_EDGE ( 'NONE', *, *, #869, .F. ) ;
#5349 = DIRECTION ( 'NONE',  ( 1.000000000000000000, 0.000000000000000000, 0.000000000000000000 ) ) ;
#5350 = VERTEX_POINT ( 'NONE', #684 ) ;
#5351 = EDGE_CURVE ( 'NONE', #2157, #900, #3429, .T. ) ;
#5352 = DIRECTION ( 'NONE',  ( 0.000000000000000000, 0.000000000000000000, 1.000000000000000000 ) ) ;
#5353 = CARTESIAN_POINT ( 'NONE',  ( 27.87292986775695880, 18.04391770502885350, -3.891513141106581308 ) ) ;
#5354 = DIRECTION ( 'NONE',  ( -0.000000000000000000, -0.000000000000000000, -1.000000000000000000 ) ) ;
#5355 = AXIS2_PLACEMENT_3D ( 'NONE', #4969, #6079, #4356 ) ;
#5356 = DIRECTION ( 'NONE',  ( 0.000000000000000000, 5.480694194524166577E-17, -1.000000000000000000 ) ) ;
#5357 = EDGE_LOOP ( 'NONE', ( #3505, #6746, #192, #1342 ) ) ;
#5358 = PLANE ( 'NONE',  #957 ) ;
#5359 = ORIENTED_EDGE ( 'NONE', *, *, #2040, .T. ) ;
#5360 = EDGE_CURVE ( 'NONE', #6982, #324, #4496, .T. ) ;
#5361 = DIRECTION ( 'NONE',  ( -1.000000000000000000, 0.000000000000000000, 0.000000000000000000 ) ) ;
#5362 = ORIENTED_EDGE ( 'NONE', *, *, #5989, .F. ) ;
#5363 = CARTESIAN_POINT ( 'NONE',  ( 30.75000000000000000, 21.99662731015618533, -12.73981691118893522 ) ) ;
#5364 = LINE ( 'NONE', #432, #635 ) ;
#5365 = CARTESIAN_POINT ( 'NONE',  ( 27.84345830108942366, 7.173695928668344379, -14.08635268647796046 ) ) ;
#5366 = CARTESIAN_POINT ( 'NONE',  ( 3.999999999999996447, 26.00000000000000711, -4.765994983667004803 ) ) ;
#5367 = DIRECTION ( 'NONE',  ( -0.3545520856891563044, -0.9350362658921146375, 0.000000000000000000 ) ) ;
#5368 = ORIENTED_EDGE ( 'NONE', *, *, #5810, .F. ) ;
#5369 = CARTESIAN_POINT ( 'NONE',  ( 28.87050000000004246, 17.50277688067660975, -10.21991002067572651 ) ) ;
#5370 = DIRECTION ( 'NONE',  ( 1.000000000000000000, 0.000000000000000000, 0.000000000000000000 ) ) ;
#5371 = CARTESIAN_POINT ( 'NONE',  ( 15.09999999999999609, -1.000000000000001998, -19.45000000000000639 ) ) ;
#5372 = DIRECTION ( 'NONE',  ( -0.000000000000000000, -0.000000000000000000, -1.000000000000000000 ) ) ;
#5373 = ORIENTED_EDGE ( 'NONE', *, *, #5887, .F. ) ;
#5374 = CARTESIAN_POINT ( 'NONE',  ( 24.40357585055665979, 1.925653789210783229, -18.40005821410107245 ) ) ;
#5375 = CARTESIAN_POINT ( 'NONE',  ( -24.40357585055668821, 1.925653789210788780, -24.40005821410107245 ) ) ;
#5376 = CARTESIAN_POINT ( 'NONE',  ( -27.54999999999999716, 11.39474724786661497, -9.181483776718836864 ) ) ;
#5377 = VERTEX_POINT ( 'NONE', #2858 ) ;
#5378 = VERTEX_POINT ( 'NONE', #1731 ) ;
#5379 = DIRECTION ( 'NONE',  ( -1.000000000000000000, -0.000000000000000000, -0.000000000000000000 ) ) ;
#5380 = ORIENTED_EDGE ( 'NONE', *, *, #5583, .T. ) ;
#5381 = CARTESIAN_POINT ( 'NONE',  ( 30.75000000000000000, 21.74668258749526473, -11.52813160762680766 ) ) ;
#5382 = EDGE_CURVE ( 'NONE', #963, #4529, #2343, .T. ) ;
#5383 = CARTESIAN_POINT ( 'NONE',  ( 28.34959035300558128, 8.193589613356357049, -13.91650246160024196 ) ) ;
#5384 = EDGE_CURVE ( 'NONE', #128, #5617, #6158, .T. ) ;
#5385 = DIRECTION ( 'NONE',  ( 1.000000000000000000, 0.000000000000000000, 0.000000000000000000 ) ) ;
#5386 = LINE ( 'NONE', #1070, #6044 ) ;
#5387 = EDGE_CURVE ( 'NONE', #69, #815, #5042, .T. ) ;
#5388 = ORIENTED_EDGE ( 'NONE', *, *, #5222, .T. ) ;
#5389 = DIRECTION ( 'NONE',  ( -0.000000000000000000, -0.000000000000000000, 1.000000000000000000 ) ) ;
#5390 = ORIENTED_EDGE ( 'NONE', *, *, #565, .T. ) ;
#5391 = FACE_OUTER_BOUND ( 'NONE', #430, .T. ) ;
#5392 = ORIENTED_EDGE ( 'NONE', *, *, #556, .T. ) ;
#5393 = CARTESIAN_POINT ( 'NONE',  ( 11.71372919964819381, 32.64565663597156231, -3.999999999999998224 ) ) ;
#5394 = DIRECTION ( 'NONE',  ( 0.000000000000000000, 0.000000000000000000, 1.000000000000000000 ) ) ;
#5395 = CARTESIAN_POINT ( 'NONE',  ( 27.89005715435934718, 7.126480844311330998, -14.09308981255495041 ) ) ;
#5396 = VECTOR ( 'NONE', #2099, 1000.000000000000000 ) ;
#5397 = CARTESIAN_POINT ( 'NONE',  ( 22.52432348206351520, -0.1943864306304175782, -27.47682843086843363 ) ) ;
#5398 = ADVANCED_FACE ( 'NONE', ( #6080 ), #3356, .T. ) ;
#5399 = LINE ( 'NONE', #2676, #1526 ) ;
#5400 = ORIENTED_EDGE ( 'NONE', *, *, #3346, .F. ) ;
#5401 = VECTOR ( 'NONE', #1375, 1000.000000000000000 ) ;
#5402 = LINE ( 'NONE', #1014, #2297 ) ;
#5403 = CIRCLE ( 'NONE', #4258, 0.5999999999999998668 ) ;
#5404 = DIRECTION ( 'NONE',  ( 0.000000000000000000, 0.000000000000000000, -1.000000000000000000 ) ) ;
#5405 = FACE_OUTER_BOUND ( 'NONE', #4866, .T. ) ;
#5406 = CARTESIAN_POINT ( 'NONE',  ( 28.04801020777101783, 17.02991942059858843, -10.49680653620646176 ) ) ;
#5407 = EDGE_LOOP ( 'NONE', ( #1949, #7006 ) ) ;
#5408 = ORIENTED_EDGE ( 'NONE', *, *, #2224, .T. ) ;
#5409 = CARTESIAN_POINT ( 'NONE',  ( 30.75000000000025580, 19.90379514260860461, -2.675306037193232012 ) ) ;
#5410 = EDGE_CURVE ( 'NONE', #4917, #5726, #3925, .T. ) ;
#5411 = DIRECTION ( 'NONE',  ( 1.000000000000000000, -0.000000000000000000, -0.000000000000000000 ) ) ;
#5412 = CARTESIAN_POINT ( 'NONE',  ( -25.53039685096370093, 2.944055508025524404, -8.300000000000000711 ) ) ;
#5413 = PLANE ( 'NONE',  #7064 ) ;
#5414 = CIRCLE ( 'NONE', #6462, 0.6000000000000033085 ) ;
#5415 = ORIENTED_EDGE ( 'NONE', *, *, #2810, .F. ) ;
#5416 = ORIENTED_EDGE ( 'NONE', *, *, #731, .T. ) ;
#5417 = LINE ( 'NONE', #2043, #1657 ) ;
#5418 = ORIENTED_EDGE ( 'NONE', *, *, #5264, .F. ) ;
#5419 = LINE ( 'NONE', #598, #6673 ) ;
#5420 = CARTESIAN_POINT ( 'NONE',  ( 28.62181283453891822, 18.07970062141755463, -3.869368225591947930 ) ) ;
#5421 = CIRCLE ( 'NONE', #4273, 0.5999999999999998668 ) ;
#5422 = AXIS2_PLACEMENT_3D ( 'NONE', #2126, #3678, #4323 ) ;
#5423 = CARTESIAN_POINT ( 'NONE',  ( -10.33257569495584960, 1.000000000000000000, -7.299999999999999822 ) ) ;
#5424 = DIRECTION ( 'NONE',  ( 0.000000000000000000, 0.8386705679454212747, 0.5446390350150313031 ) ) ;
#5425 = VERTEX_POINT ( 'NONE', #5077 ) ;
#5426 = CARTESIAN_POINT ( 'NONE',  ( -17.00000000000000000, -8.000000000000000000, -15.40000000000000036 ) ) ;
#5427 = B_SPLINE_CURVE_WITH_KNOTS ( 'NONE', 3,
 ( #2540, #227, #1958, #1423, #6870, #1889, #3619, #2394, #741, #4011, #843, #4121, #3079, #5813, #5266, #4088 ),
 .UNSPECIFIED., .F., .F.,
 ( 4, 2, 2, 2, 2, 2, 2, 4 ),
 ( 0.000000000000000000, 0.0004113775491872620612, 0.0008227550983745241225, 0.001645510196749038270, 0.002056887745936297404, 0.002468265295123556538, 0.002879642844310815238, 0.003291020393498074372 ),
 .UNSPECIFIED. ) ;
#5428 = ORIENTED_EDGE ( 'NONE', *, *, #2011, .T. ) ;
#5429 = CARTESIAN_POINT ( 'NONE',  ( 28.19630191788151663, 6.999769533437172342, -14.11045902209685288 ) ) ;
#5430 = EDGE_LOOP ( 'NONE', ( #755, #1209, #1130, #4967, #4741 ) ) ;
#5431 = AXIS2_PLACEMENT_3D ( 'NONE', #6354, #1420, #6315 ) ;
#5432 = CARTESIAN_POINT ( 'NONE',  ( -30.17150763977505079, 7.362689346475105090, -22.56920603884708143 ) ) ;
#5433 = CARTESIAN_POINT ( 'NONE',  ( -1.332575694955852263, 0.000000000000000000, -7.299999999999999822 ) ) ;
#5434 = CARTESIAN_POINT ( 'NONE',  ( 27.67396830627870585, 7.530744046555959414, -14.03241547103737474 ) ) ;
#5435 = CARTESIAN_POINT ( 'NONE',  ( -16.71372919964819559, 32.64565663597156231, -3.999999999999998224 ) ) ;
#5436 = VECTOR ( 'NONE', #6201, 1000.000000000000000 ) ;
#5437 = DIRECTION ( 'NONE',  ( 0.000000000000000000, -0.8386705679454210527, -0.5446390350150316362 ) ) ;
#5438 = EDGE_CURVE ( 'NONE', #2841, #3314, #6666, .T. ) ;
#5439 = ORIENTED_EDGE ( 'NONE', *, *, #5346, .F. ) ;
#5440 = DIRECTION ( 'NONE',  ( 0.000000000000000000, 0.000000000000000000, -1.000000000000000000 ) ) ;
#5441 = AXIS2_PLACEMENT_3D ( 'NONE', #6413, #4242, #5832 ) ;
#5442 = EDGE_CURVE ( 'NONE', #243, #4458, #2561, .T. ) ;
#5443 = VECTOR ( 'NONE', #5724, 1000.000000000000000 ) ;
#5444 = CARTESIAN_POINT ( 'NONE',  ( 28.10778753033735100, 18.17178828350524356, -9.812157047031064394 ) ) ;
#5445 = CARTESIAN_POINT ( 'NONE',  ( 27.67051078594780122, 17.59203596629860300, -4.166427825003252039 ) ) ;
#5446 = CARTESIAN_POINT ( 'NONE',  ( 28.27994393036481924, 16.99023573327429659, -10.51963374647733573 ) ) ;
#5447 = VECTOR ( 'NONE', #2533, 1000.000000000000000 ) ;
#5448 = ORIENTED_EDGE ( 'NONE', *, *, #5633, .T. ) ;
#5449 = ORIENTED_EDGE ( 'NONE', *, *, #3771, .T. ) ;
#5450 = LINE ( 'NONE', #4336, #3457 ) ;
#5451 = EDGE_CURVE ( 'NONE', #4547, #6298, #5328, .T. ) ;
#5452 = DIRECTION ( 'NONE',  ( 1.000000000000000000, 0.000000000000000000, 0.000000000000000000 ) ) ;
#5453 = CARTESIAN_POINT ( 'NONE',  ( 30.44999999999999929, 19.71854062398646690, -14.54522239881194778 ) ) ;
#5454 = CARTESIAN_POINT ( 'NONE',  ( -25.54999999999999716, 18.90303388365666137, -3.345860888081864104 ) ) ;
#5455 = ORIENTED_EDGE ( 'NONE', *, *, #444, .T. ) ;
#5456 = ORIENTED_EDGE ( 'NONE', *, *, #6416, .T. ) ;
#5457 = LINE ( 'NONE', #1026, #52 ) ;
#5458 = ORIENTED_EDGE ( 'NONE', *, *, #5753, .F. ) ;
#5459 = CARTESIAN_POINT ( 'NONE',  ( 23.87050000000000338, 25.67423583211418858, -0.9999999999999978906 ) ) ;
#5460 = CARTESIAN_POINT ( 'NONE',  ( 28.86587430139116606, 17.67609029658036590, -4.115950126728017189 ) ) ;
#5461 = CARTESIAN_POINT ( 'NONE',  ( 27.68806214774484786, 12.73676737716522567, -6.583743382505257813 ) ) ;
#5462 = ORIENTED_EDGE ( 'NONE', *, *, #1539, .F. ) ;
#5463 = CARTESIAN_POINT ( 'NONE',  ( 27.69998320385056445, 7.404961749050596787, -8.052130344047595756 ) ) ;
#5464 = EDGE_CURVE ( 'NONE', #3908, #6302, #4139, .T. ) ;
#5465 = ORIENTED_EDGE ( 'NONE', *, *, #3179, .T. ) ;
#5466 = CARTESIAN_POINT ( 'NONE',  ( 27.69987753311569634, 7.397941989897942605, -8.053260952770951775 ) ) ;
#5467 = ORIENTED_EDGE ( 'NONE', *, *, #5877, .T. ) ;
#5468 = PLANE ( 'NONE',  #1544 ) ;
#5469 = DIRECTION ( 'NONE',  ( 0.000000000000000000, 0.000000000000000000, 1.000000000000000000 ) ) ;
#5470 = VECTOR ( 'NONE', #5636, 1000.000000000000000 ) ;
#5471 = CARTESIAN_POINT ( 'NONE',  ( 7.667424305044145072, 1.000000000000000000, -6.299999999999999822 ) ) ;
#5472 = CARTESIAN_POINT ( 'NONE',  ( 30.75000000000000000, 8.559843758734034580, -21.40854911094550417 ) ) ;
#5473 = LINE ( 'NONE', #6048, #2331 ) ;
#5474 = CIRCLE ( 'NONE', #6401, 4.100000000000000533 ) ;
#5475 =( BOUNDED_CURVE ( )  B_SPLINE_CURVE ( 3, ( #866, #5282, #1873, #356 ),
 .UNSPECIFIED., .F., .T. ) 
 B_SPLINE_CURVE_WITH_KNOTS ( ( 4, 4 ),
 ( 0.000000000000000000, 1.000000000000000000 ),
 .UNSPECIFIED. ) 
 CURVE ( )  GEOMETRIC_REPRESENTATION_ITEM ( )  RATIONAL_B_SPLINE_CURVE ( ( 1.000000000000000000, 0.9506379571609331336, 0.9506379571609331336, 1.000000000000000000 ) ) 
 REPRESENTATION_ITEM ( '' )  );
#5476 = ORIENTED_EDGE ( 'NONE', *, *, #1849, .F. ) ;
#5477 = CARTESIAN_POINT ( 'NONE',  ( 28.64476703625909693, 26.77651363899621373, -9.961721130281441461 ) ) ;
#5478 = CARTESIAN_POINT ( 'NONE',  ( -30.61274809383447604, 8.249487006144461176, -7.907235434579570565 ) ) ;
#5479 = EDGE_CURVE ( 'NONE', #980, #6617, #4277, .T. ) ;
#5480 = EDGE_CURVE ( 'NONE', #973, #933, #3064, .T. ) ;
#5481 = DIRECTION ( 'NONE',  ( -1.000000000000000000, 0.000000000000000000, -0.000000000000000000 ) ) ;
#5482 = CARTESIAN_POINT ( 'NONE',  ( 0.2417489485104726277, 41.43052276528985089, -0.2824096229958493742 ) ) ;
#5483 = CARTESIAN_POINT ( 'NONE',  ( 27.89674325798693388, 17.11695581663639487, -4.446518032768424611 ) ) ;
#5484 = ADVANCED_FACE ( 'NONE', ( #2994 ), #6345, .T. ) ;
#5485 = ORIENTED_EDGE ( 'NONE', *, *, #4213, .F. ) ;
#5486 = CARTESIAN_POINT ( 'NONE',  ( 28.87050000000001049, 12.52208716437029068, -12.66750488866990665 ) ) ;
#5487 = CARTESIAN_POINT ( 'NONE',  ( 28.77014463147206413, 12.25253538911379714, -6.769644962454473891 ) ) ;
#5488 = DIRECTION ( 'NONE',  ( 1.000000000000000000, 0.000000000000000000, 0.000000000000000000 ) ) ;
#5489 = LINE ( 'NONE', #4412, #2820 ) ;
#5490 = ORIENTED_EDGE ( 'NONE', *, *, #5658, .F. ) ;
#5491 = ORIENTED_EDGE ( 'NONE', *, *, #5583, .F. ) ;
#5492 = CARTESIAN_POINT ( 'NONE',  ( 28.64036886009800753, 7.231307146569214694, -14.07699364062316150 ) ) ;
#5493 = VERTEX_POINT ( 'NONE', #6307 ) ;
#5494 = FACE_OUTER_BOUND ( 'NONE', #2520, .T. ) ;
#5495 = CARTESIAN_POINT ( 'NONE',  ( 28.62181283453891822, 18.07970062141755463, -9.869368225764693747 ) ) ;
#5496 = DIRECTION ( 'NONE',  ( -0.000000000000000000, -0.000000000000000000, -1.000000000000000000 ) ) ;
#5497 = DIRECTION ( 'NONE',  ( -1.156482317317871607E-14, -1.000000000000000000, 0.000000000000000000 ) ) ;
#5498 = ORIENTED_EDGE ( 'NONE', *, *, #4865, .F. ) ;
#5499 = DIRECTION ( 'NONE',  ( 0.000000000000000000, -1.000000000000000000, 0.000000000000000000 ) ) ;
#5500 = EDGE_LOOP ( 'NONE', ( #5749, #6769, #7062, #2155 ) ) ;
#5501 = CARTESIAN_POINT ( 'NONE',  ( 28.46222304529923974, 7.022654437266073302, -8.107373178896747135 ) ) ;
#5502 = ORIENTED_EDGE ( 'NONE', *, *, #1512, .T. ) ;
#5503 = CARTESIAN_POINT ( 'NONE',  ( -20.45032130583625829, -0.5366082894959490757, -27.69906990457388574 ) ) ;
#5504 = LINE ( 'NONE', #537, #6789 ) ;
#5505 = CARTESIAN_POINT ( 'NONE',  ( 28.69392920293716998, 7.164727808289702793, -14.08769516480771600 ) ) ;
#5506 = DIRECTION ( 'NONE',  ( 1.000000000000000000, 0.000000000000000000, 0.000000000000000000 ) ) ;
#5507 = CARTESIAN_POINT ( 'NONE',  ( 28.14912074203903103, 17.46862466649975332, -10.23672969437458846 ) ) ;
#5508 = ORIENTED_EDGE ( 'NONE', *, *, #639, .T. ) ;
#5509 = DIRECTION ( 'NONE',  ( 1.000000000000000000, -0.000000000000000000, -0.000000000000000000 ) ) ;
#5510 = DIRECTION ( 'NONE',  ( 0.000000000000000000, 0.000000000000000000, -1.000000000000000000 ) ) ;
#5511 = AXIS2_PLACEMENT_3D ( 'NONE', #4624, #6790, #5125 ) ;
#5512 = DIRECTION ( 'NONE',  ( 0.000000000000000000, -0.5446390350150318582, 0.8386705679454209417 ) ) ;
#5513 = CARTESIAN_POINT ( 'NONE',  ( 28.87050000000000338, 17.59016140548693130, -10.16755137837452416 ) ) ;
#5514 =( BOUNDED_CURVE ( )  B_SPLINE_CURVE ( 3, ( #7083, #3023, #1056, #2490 ),
 .UNSPECIFIED., .F., .T. ) 
 B_SPLINE_CURVE_WITH_KNOTS ( ( 4, 4 ),
 ( 0.000000000000000000, 0.3624349895795652143 ),
 .UNSPECIFIED. ) 
 CURVE ( )  GEOMETRIC_REPRESENTATION_ITEM ( )  RATIONAL_B_SPLINE_CURVE ( ( 1.000000000000000000, 0.9890833307310737954, 0.9890833307310737954, 1.000000000000000000 ) ) 
 REPRESENTATION_ITEM ( '' )  );
#5515 = AXIS2_PLACEMENT_3D ( 'NONE', #3826, #2831, #6016 ) ;
#5516 = EDGE_CURVE ( 'NONE', #4805, #5333, #5542, .T. ) ;
#5517 = AXIS2_PLACEMENT_3D ( 'NONE', #3156, #1967, #6017 ) ;
#5518 = CARTESIAN_POINT ( 'NONE',  ( 28.87050000000000338, 12.59266273372890765, -12.64011738242972349 ) ) ;
#5519 = EDGE_CURVE ( 'NONE', #6436, #933, #2497, .T. ) ;
#5520 = CARTESIAN_POINT ( 'NONE',  ( 27.93555669709647304, 12.09082816649853065, -12.82937039831824144 ) ) ;
#5521 = PLANE ( 'NONE',  #5823 ) ;
#5522 = DIRECTION ( 'NONE',  ( -1.000000000000000000, 0.000000000000000000, 0.000000000000000000 ) ) ;
#5523 = ORIENTED_EDGE ( 'NONE', *, *, #2119, .T. ) ;
#5524 = ORIENTED_EDGE ( 'NONE', *, *, #3286, .T. ) ;
#5525 = CARTESIAN_POINT ( 'NONE',  ( 28.39737016747341158, 6.984071383409990119, -14.11262186695031673 ) ) ;
#5526 = EDGE_CURVE ( 'NONE', #1773, #1192, #6411, .T. ) ;
#5527 = ORIENTED_EDGE ( 'NONE', *, *, #6533, .F. ) ;
#5528 = FACE_OUTER_BOUND ( 'NONE', #2696, .T. ) ;
#5529 = CARTESIAN_POINT ( 'NONE',  ( 28.29878793658433977, 18.19256065114996446, -3.799208947450948060 ) ) ;
#5530 = EDGE_CURVE ( 'NONE', #287, #6661, #5475, .T. ) ;
#5531 = CARTESIAN_POINT ( 'NONE',  ( 28.76497714629430291, 12.93638658074893399, -6.504198115584946649 ) ) ;
#5532 = CARTESIAN_POINT ( 'NONE',  ( 27.77780020116593818, 12.93507609244470835, -12.50468610441311768 ) ) ;
#5533 = ORIENTED_EDGE ( 'NONE', *, *, #2705, .F. ) ;
#5534 = CARTESIAN_POINT ( 'NONE',  ( 30.44999999999999929, 19.71854062398647756, -14.54522239881194245 ) ) ;
#5535 = ORIENTED_EDGE ( 'NONE', *, *, #334, .F. ) ;
#5536 = AXIS2_PLACEMENT_3D ( 'NONE', #722, #4538, #5182 ) ;
#5537 = CARTESIAN_POINT ( 'NONE',  ( 28.52642116429957753, 7.048346487541063965, -14.10389834250504748 ) ) ;
#5538 = VERTEX_POINT ( 'NONE', #5801 ) ;
#5539 = CARTESIAN_POINT ( 'NONE',  ( -22.52432348206349744, -0.1943864306304245171, -27.47682843086844073 ) ) ;
#5540 = CARTESIAN_POINT ( 'NONE',  ( 28.02058694035992659, 8.144844895520868988, -7.925732306470778532 ) ) ;
#5541 = DIRECTION ( 'NONE',  ( 0.000000000000000000, 1.000000000000000000, 0.000000000000000000 ) ) ;
#5542 = B_SPLINE_CURVE_WITH_KNOTS ( 'NONE', 3,
 ( #1911, #4109, #3605, #5860, #254, #1371, #1023, #1408, #3536, #6814, #4715, #898, #216, #2457, #293, #4177, #1982, #1446, #2417, #3640, #3031, #4610, #2017, #5148, #6953, #5831, #4212, #4649, #5218 ),
 .UNSPECIFIED., .F., .F.,
 ( 4, 2, 2, 2, 2, 2, 2, 2, 2, 2, 1, 2, 2, 2, 4 ),
 ( 0.4999999999955133667, 0.5624999999960759167, 0.5937499999963566921, 0.6249999999966375785, 0.6562499999969185760, 0.6874999999971995734, 0.7499999999977593479, 0.7812499999980404564, 0.7968749999981810106, 0.8124999999983215648, 0.8437499999986005639, 0.8593749999987394528, 0.8749999999988782307, 0.9374999999994391153, 1.000000000000000000 ),
 .UNSPECIFIED. ) ;
#5543 = CARTESIAN_POINT ( 'NONE',  ( 27.73597711353362882, 12.87489670300635325, -12.52893653830291143 ) ) ;
#5544 = CIRCLE ( 'NONE', #952, 0.5999999999999998668 ) ;
#5545 = VERTEX_POINT ( 'NONE', #4476 ) ;
#5546 = DIRECTION ( 'NONE',  ( 0.000000000000000000, 0.000000000000000000, 1.000000000000000000 ) ) ;
#5547 = DIRECTION ( 'NONE',  ( 0.000000000000000000, 0.000000000000000000, -1.000000000000000000 ) ) ;
#5548 = AXIS2_PLACEMENT_3D ( 'NONE', #3681, #4761, #940 ) ;
#5549 = CARTESIAN_POINT ( 'NONE',  ( 30.75000000000000711, 10.00000000001022293, -7.497835144917974759 ) ) ;
#5550 = CARTESIAN_POINT ( 'NONE',  ( 28.04801020777101783, 17.02991942059858843, -4.496806536033718160 ) ) ;
#5551 = EDGE_LOOP ( 'NONE', ( #1727, #2632, #3036, #5140 ) ) ;
#5552 = EDGE_CURVE ( 'NONE', #4614, #408, #1643, .T. ) ;
#5553 = AXIS2_PLACEMENT_3D ( 'NONE', #6913, #285, #2409 ) ;
#5554 = DIRECTION ( 'NONE',  ( -1.000000000000000000, -0.000000000000000000, -0.000000000000000000 ) ) ;
#5555 = VECTOR ( 'NONE', #4606, 1000.000000000000000 ) ;
#5556 = CARTESIAN_POINT ( 'NONE',  ( 28.67592386126483106, 12.14484358610644499, -6.809574034395937225 ) ) ;
#5557 = DIRECTION ( 'NONE',  ( 0.000000000000000000, 5.480694194524166577E-17, -1.000000000000000000 ) ) ;
#5558 = LOCAL_TIME ( 15, 37, 27.00000000000000000, #4646 ) ;
#5559 = CIRCLE ( 'NONE', #3388, 0.6000000000000033085 ) ;
#5560 = DIRECTION ( 'NONE',  ( -0.000000000000000000, 0.5446390350150316362, -0.8386705679454210527 ) ) ;
#5561 = ORIENTED_EDGE ( 'NONE', *, *, #4181, .F. ) ;
#5562 = ORIENTED_EDGE ( 'NONE', *, *, #5003, .F. ) ;
#5563 = CARTESIAN_POINT ( 'NONE',  ( 27.89886376836217252, 8.204790471970918375, -13.91631428641750112 ) ) ;
#5564 = ORIENTED_EDGE ( 'NONE', *, *, #5438, .T. ) ;
#5565 = AXIS2_PLACEMENT_3D ( 'NONE', #6987, #3129, #390 ) ;
#5566 = LINE ( 'NONE', #1028, #3689 ) ;
#5567 = CARTESIAN_POINT ( 'NONE',  ( 28.41516656922182449, 18.17523880871434372, -3.810006589393969634 ) ) ;
#5568 = EDGE_CURVE ( 'NONE', #6803, #6291, #3875, .T. ) ;
#5569 = CARTESIAN_POINT ( 'NONE',  ( 28.82042426038064775, 12.83311149092490488, -6.545555130710889458 ) ) ;
#5570 = ADVANCED_FACE ( 'NONE', ( #480 ), #4372, .F. ) ;
#5571 = CARTESIAN_POINT ( 'NONE',  ( 28.75229983705943937, 7.961552189942564972, -7.959478595301074932 ) ) ;
#5572 = ORIENTED_EDGE ( 'NONE', *, *, #3987, .T. ) ;
#5573 = DIRECTION ( 'NONE',  ( -1.000000000000000000, 0.000000000000000000, 0.000000000000000000 ) ) ;
#5574 = ORIENTED_EDGE ( 'NONE', *, *, #4467, .F. ) ;
#5575 = EDGE_CURVE ( 'NONE', #3989, #3647, #2249, .T. ) ;
#5576 = CARTESIAN_POINT ( 'NONE',  ( 27.84345830108942366, 7.173695928668344379, -14.08635268647796224 ) ) ;
#5577 = ORIENTED_EDGE ( 'NONE', *, *, #3112, .T. ) ;
#5578 = CARTESIAN_POINT ( 'NONE',  ( -29.36165027248744508, 4.460191217345967019, -23.99828517834206920 ) ) ;
#5579 = CARTESIAN_POINT ( 'NONE',  ( 28.64972979097959538, 8.060120797197756204, -7.941484922107687083 ) ) ;
#5580 = DIRECTION ( 'NONE',  ( 0.000000000000000000, 0.000000000000000000, 1.000000000000000000 ) ) ;
#5581 = DIRECTION ( 'NONE',  ( -0.000000000000000000, -1.000000000000000000, -0.000000000000000000 ) ) ;
#5582 = ORIENTED_EDGE ( 'NONE', *, *, #3716, .F. ) ;
#5583 = EDGE_CURVE ( 'NONE', #4092, #2657, #2284, .T. ) ;
#5584 = AXIS2_PLACEMENT_3D ( 'NONE', #5744, #1824, #2329 ) ;
#5585 = EDGE_LOOP ( 'NONE', ( #641, #4636, #297, #2147, #4434 ) ) ;
#5586 = DIRECTION ( 'NONE',  ( 1.000000000000000000, 0.000000000000000000, -0.000000000000000000 ) ) ;
#5587 = LINE ( 'NONE', #5083, #1154 ) ;
#5588 = CARTESIAN_POINT ( 'NONE',  ( -30.75000000000000000, 10.00000000000006395, -20.49880748697647803 ) ) ;
#5589 = VECTOR ( 'NONE', #5268, 1000.000000000000000 ) ;
#5590 = CARTESIAN_POINT ( 'NONE',  ( 13.00000000000000533, 2.000000000000006217, -24.35177722040744541 ) ) ;
#5591 = ORIENTED_EDGE ( 'NONE', *, *, #730, .F. ) ;
#5592 = FACE_OUTER_BOUND ( 'NONE', #689, .T. ) ;
#5593 = CARTESIAN_POINT ( 'NONE',  ( 28.30011399631088764, 11.98994466097131095, -6.866061748752200877 ) ) ;
#5594 = CARTESIAN_POINT ( 'NONE',  ( -30.75000000000000000, 10.00000000000006395, -19.15651647482726005 ) ) ;
#5595 = LINE ( 'NONE', #5093, #851 ) ;
#5596 = ORIENTED_EDGE ( 'NONE', *, *, #4559, .F. ) ;
#5597 = CARTESIAN_POINT ( 'NONE',  ( -30.75000000000000355, 0.000000000000000000, -8.300000000000000711 ) ) ;
#5598 = ORIENTED_EDGE ( 'NONE', *, *, #5295, .T. ) ;
#5599 = DIRECTION ( 'NONE',  ( -0.000000000000000000, -0.000000000000000000, 1.000000000000000000 ) ) ;
#5600 = CARTESIAN_POINT ( 'NONE',  ( 10.66742430504414507, 1.000000000000000000, -6.299999999999999822 ) ) ;
#5601 = CARTESIAN_POINT ( 'NONE',  ( 27.67035548909245435, 12.62731772359100191, -6.626665053014478168 ) ) ;
#5602 = CARTESIAN_POINT ( 'NONE',  ( -27.54999999999999716, 18.01373076096718151, -3.928591856311574482 ) ) ;
#5603 = CARTESIAN_POINT ( 'NONE',  ( 28.18446633726353312, 13.18998197718609866, -6.400562633187760753 ) ) ;
#5604 = VERTEX_POINT ( 'NONE', #2176 ) ;
#5605 = CARTESIAN_POINT ( 'NONE',  ( 27.68925406347496576, 12.44392527104347934, -6.697355241691500538 ) ) ;
#5606 = ORIENTED_EDGE ( 'NONE', *, *, #4950, .F. ) ;
#5607 = EDGE_CURVE ( 'NONE', #3376, #6805, #5023, .T. ) ;
#5608 = EDGE_CURVE ( 'NONE', #2985, #616, #1680, .T. ) ;
#5609 = DIRECTION ( 'NONE',  ( -1.000000000000000000, 0.000000000000000000, 0.000000000000000000 ) ) ;
#5610 = VERTEX_POINT ( 'NONE', #6575 ) ;
#5611 = DIRECTION ( 'NONE',  ( 1.000000000000000000, 0.000000000000000000, 0.000000000000000000 ) ) ;
#5612 = CARTESIAN_POINT ( 'NONE',  ( 27.72960011003262792, 7.863630315342545529, -7.976835047909056620 ) ) ;
#5613 = EDGE_CURVE ( 'NONE', #296, #5377, #5489, .T. ) ;
#5614 = DIRECTION ( 'NONE',  ( 0.000000000000000000, 5.480694194524166577E-17, -1.000000000000000000 ) ) ;
#5615 = CARTESIAN_POINT ( 'NONE',  ( -30.75000000000000355, -8.000000000000000000, -8.050000000000000711 ) ) ;
#5616 = CARTESIAN_POINT ( 'NONE',  ( 28.31612927207187624, 13.19092519246223283, -12.40016652038132960 ) ) ;
#5617 = VERTEX_POINT ( 'NONE', #4444 ) ;
#5618 = EDGE_LOOP ( 'NONE', ( #885, #3020, #3151, #655, #5933, #3226, #3173, #5456, #2459, #454, #737, #211, #3433, #7010 ) ) ;
#5619 = CARTESIAN_POINT ( 'NONE',  ( 5.000000000000000000, -1.000000000000000000, -22.30000000000000426 ) ) ;
#5620 = LINE ( 'NONE', #5013, #4607 ) ;
#5621 = DIRECTION ( 'NONE',  ( 1.000000000000000000, 0.000000000000000000, 0.000000000000000000 ) ) ;
#5622 = CARTESIAN_POINT ( 'NONE',  ( -22.33257569495584605, 1.000000000000000000, -7.299999999999999822 ) ) ;
#5623 = EDGE_LOOP ( 'NONE', ( #703, #2370, #3316, #5037 ) ) ;
#5624 = CARTESIAN_POINT ( 'NONE',  ( 28.61888805804857583, 12.09893825061199024, -12.82640641522977099 ) ) ;
#5625 = CARTESIAN_POINT ( 'NONE',  ( 27.79515737052203050, 12.22078261470485749, -6.781453999001048061 ) ) ;
#5626 = CARTESIAN_POINT ( 'NONE',  ( 28.87050000000000338, 17.59016140548750329, -4.167551378375762283 ) ) ;
#5627 = CARTESIAN_POINT ( 'NONE',  ( -19.74999999999993605, 0.9999999999999937828, -25.00118481360497213 ) ) ;
#5628 = CIRCLE ( 'NONE', #6329, 0.5999999999999998668 ) ;
#5629 = ORIENTED_EDGE ( 'NONE', *, *, #6718, .T. ) ;
#5630 = CARTESIAN_POINT ( 'NONE',  ( 28.87800655271828631, 8.212124523301046253, -13.91745858671252023 ) ) ;
#5631 = VECTOR ( 'NONE', #3448, 1000.000000000000000 ) ;
#5632 = ORIENTED_EDGE ( 'NONE', *, *, #3284, .T. ) ;
#5633 = EDGE_CURVE ( 'NONE', #3552, #4881, #5794, .T. ) ;
#5634 = LINE ( 'NONE', #4094, #5631 ) ;
#5635 = LINE ( 'NONE', #4019, #829 ) ;
#5636 = DIRECTION ( 'NONE',  ( -0.000000000000000000, -1.000000000000000000, -0.000000000000000000 ) ) ;
#5637 = CARTESIAN_POINT ( 'NONE',  ( 28.74724122624194678, 12.96234656635436799, -12.49374273424428239 ) ) ;
#5638 = ORIENTED_EDGE ( 'NONE', *, *, #5168, .F. ) ;
#5639 = VERTEX_POINT ( 'NONE', #6138 ) ;
#5640 = CARTESIAN_POINT ( 'NONE',  ( 28.86795961719085213, 12.53801314823272151, -6.661259569566361449 ) ) ;
#5641 = ORIENTED_EDGE ( 'NONE', *, *, #4166, .T. ) ;
#5642 = ADVANCED_FACE ( 'NONE', ( #2211 ), #5413, .T. ) ;
#5643 = CARTESIAN_POINT ( 'NONE',  ( 0.000000000000000000, -8.000000000000000000, -21.30000000000000426 ) ) ;
#5644 = ORIENTED_EDGE ( 'NONE', *, *, #6936, .T. ) ;
#5645 = CYLINDRICAL_SURFACE ( 'NONE', #1886, 0.3000000000000012657 ) ;
#5646 = B_SPLINE_SURFACE_WITH_KNOTS ( 'NONE', 3, 1, ( 
 ( #2223, #2189 ),
 ( #1142, #4421 ),
 ( #6624, #2663 ),
 ( #5461, #1689 ),
 ( #2630, #529 ),
 ( #7058, #3347 ),
 ( #1617, #5532 ),
 ( #3812, #7019 ),
 ( #1550, #5964 ),
 ( #4850, #2118 ),
 ( #4316, #6520 ),
 ( #1584, #3780 ),
 ( #1034, #3988 ),
 ( #5603, #4453 ),
 ( #2406, #6801 ),
 ( #675, #4021 ),
 ( #1286, #4596 ),
 ( #2877, #5068 ),
 ( #6180, #638 ),
 ( #3452, #2369 ),
 ( #3383, #3488 ),
 ( #751, #1863 ),
 ( #603, #2293 ),
 ( #1250, #5637 ),
 ( #4060, #4488 ),
 ( #1825, #6694 ),
 ( #3418, #6217 ),
 ( #134, #710 ),
 ( #2950, #2332 ),
 ( #4563, #6259 ),
 ( #204, #4527 ) ),
 .UNSPECIFIED., .F., .F., .F.,
 ( 4, 3, 3, 3, 3, 3, 3, 3, 3, 3, 4 ),
 ( 2, 2 ),
 ( 0.4999999998297324777, 0.5391559660763227679, 0.5987901231013924574, 0.6570417290575811808, 0.7114195493664192682, 0.7616267089817504443, 0.8096187868512297880, 0.8580741253099661847, 0.9091846368864454631, 0.9640697263380461068, 1.000000000000000000 ),
 ( 0.000000000000000000, 1.000000000000000000 ),
 .UNSPECIFIED. ) ;
#5647 = CARTESIAN_POINT ( 'NONE',  ( 28.86578844582266612, 7.681734729695060437, -14.00785272542764659 ) ) ;
#5648 = COORDINATED_UNIVERSAL_TIME_OFFSET ( 8, 0, .AHEAD. ) ;
#5649 = CARTESIAN_POINT ( 'NONE',  ( 28.75029000923934674, 17.95530334991890342, -9.946097367033141623 ) ) ;
#5650 = CARTESIAN_POINT ( 'NONE',  ( 19.74999999999999289, -0.9999999999999946709, -27.99999999999998579 ) ) ;
#5651 = CARTESIAN_POINT ( 'NONE',  ( 28.60882191021423893, 13.09190973736971308, -12.44098618921934474 ) ) ;
#5652 = CIRCLE ( 'NONE', #586, 5.000000000000000888 ) ;
#5653 = ORIENTED_EDGE ( 'NONE', *, *, #3013, .F. ) ;
#5654 = EDGE_CURVE ( 'NONE', #4233, #234, #4760, .T. ) ;
#5655 = ORIENTED_EDGE ( 'NONE', *, *, #3722, .F. ) ;
#5656 = DIRECTION ( 'NONE',  ( 1.000000000000000000, 0.000000000000000000, 0.000000000000000000 ) ) ;
#5657 = LINE ( 'NONE', #2311, #3003 ) ;
#5658 = EDGE_CURVE ( 'NONE', #531, #727, #2302, .T. ) ;
#5659 = DIRECTION ( 'NONE',  ( 0.000000000000000000, -2.168404344971008868E-16, -1.000000000000000000 ) ) ;
#5660 = ADVANCED_FACE ( 'NONE', ( #2731 ), #3303, .F. ) ;
#5661 = FACE_OUTER_BOUND ( 'NONE', #81, .T. ) ;
#5662 = ORIENTED_EDGE ( 'NONE', *, *, #4860, .T. ) ;
#5663 = EDGE_CURVE ( 'NONE', #3340, #4303, #6100, .T. ) ;
#5664 = CARTESIAN_POINT ( 'NONE',  ( -13.00000000000000178, 21.65689444701010302, -7.586440707836955788 ) ) ;
#5665 = DIRECTION ( 'NONE',  ( 1.000000000000000000, 0.000000000000000000, 0.000000000000000000 ) ) ;
#5666 = AXIS2_PLACEMENT_3D ( 'NONE', #2572, #4794, #4762 ) ;
#5667 = DIRECTION ( 'NONE',  ( 0.000000000000000000, 0.000000000000000000, 1.000000000000000000 ) ) ;
#5668 = FACE_OUTER_BOUND ( 'NONE', #4598, .T. ) ;
#5669 = DIRECTION ( 'NONE',  ( 1.334402673828313586E-16, -1.000000000000000000, 0.000000000000000000 ) ) ;
#5670 = VERTEX_POINT ( 'NONE', #196 ) ;
#5671 = VECTOR ( 'NONE', #2609, 1000.000000000000000 ) ;
#5672 = VERTEX_POINT ( 'NONE', #1205 ) ;
#5673 = EDGE_CURVE ( 'NONE', #6625, #5992, #5737, .T. ) ;
#5674 = CARTESIAN_POINT ( 'NONE',  ( 7.313729199648195234, 32.64565663597156231, -3.999999999999998224 ) ) ;
#5675 = AXIS2_PLACEMENT_3D ( 'NONE', #4101, #2986, #244 ) ;
#5676 = VECTOR ( 'NONE', #6970, 1000.000000000000000 ) ;
#5677 = DIRECTION ( 'NONE',  ( -1.000000000000000000, 0.000000000000000000, 0.000000000000000000 ) ) ;
#5678 = CYLINDRICAL_SURFACE ( 'NONE', #2495, 0.5999999999999998668 ) ;
#5679 = CARTESIAN_POINT ( 'NONE',  ( 27.67485491392332619, 7.672853548711551674, -8.009296434439759693 ) ) ;
#5680 = ORIENTED_EDGE ( 'NONE', *, *, #4034, .F. ) ;
#5681 = ORIENTED_EDGE ( 'NONE', *, *, #5335, .T. ) ;
#5682 = CARTESIAN_POINT ( 'NONE',  ( 27.68471968908072611, 12.46289763960690955, -6.690108244169116425 ) ) ;
#5683 = AXIS2_PLACEMENT_3D ( 'NONE', #2046, #3703, #4712 ) ;
#5684 = VERTEX_POINT ( 'NONE', #4627 ) ;
#5685 = FACE_OUTER_BOUND ( 'NONE', #3468, .T. ) ;
#5686 = LINE ( 'NONE', #757, #4369 ) ;
#5687 = FACE_OUTER_BOUND ( 'NONE', #2317, .T. ) ;
#5688 = FACE_OUTER_BOUND ( 'NONE', #3730, .T. ) ;
#5689 = DIRECTION ( 'NONE',  ( 0.000000000000000000, 0.8386705679454210527, 0.5446390350150316362 ) ) ;
#5690 = CARTESIAN_POINT ( 'NONE',  ( -0.000000000000000000, -13.00000000000000178, -21.30000000000000426 ) ) ;
#5691 = ADVANCED_FACE ( 'NONE', ( #1784, #1242 ), #4015, .F. ) ;
#5692 = CARTESIAN_POINT ( 'NONE',  ( 28.55484140798209935, 13.12465870519847222, -12.42752206644930801 ) ) ;
#5693 = ORIENTED_EDGE ( 'NONE', *, *, #4734, .F. ) ;
#5694 = ORIENTED_EDGE ( 'NONE', *, *, #3667, .F. ) ;
#5695 = CARTESIAN_POINT ( 'NONE',  ( -22.33257569495584605, 1.000000000000000000, -7.299999999999999822 ) ) ;
#5696 = LINE ( 'NONE', #5729, #6240 ) ;
#5697 = DIRECTION ( 'NONE',  ( -0.000000000000000000, -0.000000000000000000, -1.000000000000000000 ) ) ;
#5698 = DIRECTION ( 'NONE',  ( 0.000000000000000000, 0.000000000000000000, 1.000000000000000000 ) ) ;
#5699 = VERTEX_POINT ( 'NONE', #1893 ) ;
#5700 = DIRECTION ( 'NONE',  ( 0.000000000000000000, 0.000000000000000000, 1.000000000000000000 ) ) ;
#5701 = ADVANCED_FACE ( 'NONE', ( #3978 ), #6208, .T. ) ;
#5702 = FACE_OUTER_BOUND ( 'NONE', #5868, .T. ) ;
#5703 = EDGE_CURVE ( 'NONE', #6448, #2279, #4091, .T. ) ;
#5704 = VECTOR ( 'NONE', #1285, 1000.000000000000000 ) ;
#5705 = DIRECTION ( 'NONE',  ( 0.000000000000000000, -1.000000000000000000, 0.000000000000000000 ) ) ;
#5706 = CARTESIAN_POINT ( 'NONE',  ( 27.69716798881605158, 17.40938346488782429, -4.275223078561159795 ) ) ;
#5707 = ADVANCED_FACE ( 'NONE', ( #3408 ), #3519, .F. ) ;
#5708 = FACE_OUTER_BOUND ( 'NONE', #1842, .T. ) ;
#5709 = ORIENTED_EDGE ( 'NONE', *, *, #121, .F. ) ;
#5710 = CARTESIAN_POINT ( 'NONE',  ( -26.13039685096370235, 2.944055508025524404, -14.30000000000000071 ) ) ;
#5711 =( BOUNDED_CURVE ( )  B_SPLINE_CURVE ( 3, ( #3762, #2645, #2133, #4332 ),
 .UNSPECIFIED., .F., .T. ) 
 B_SPLINE_CURVE_WITH_KNOTS ( ( 4, 4 ),
 ( 0.000000000000000000, 1.000000000000000000 ),
 .UNSPECIFIED. ) 
 CURVE ( )  GEOMETRIC_REPRESENTATION_ITEM ( )  RATIONAL_B_SPLINE_CURVE ( ( 1.000000000000000000, 0.9504063174485369858, 0.9504063174485369858, 1.000000000000000000 ) ) 
 REPRESENTATION_ITEM ( '' )  );
#5712 = CARTESIAN_POINT ( 'NONE',  ( 28.87037918618818111, 12.61137991123579738, -6.632848486130157539 ) ) ;
#5713 = CARTESIAN_POINT ( 'NONE',  ( -4.332575694955851375, 1.000000000000000000, -7.299999999999999822 ) ) ;
#5714 = CARTESIAN_POINT ( 'NONE',  ( 28.87050000013210393, 7.595130649044306459, -14.02184264405239666 ) ) ;
#5715 = ORIENTED_EDGE ( 'NONE', *, *, #3945, .T. ) ;
#5716 = ORIENTED_EDGE ( 'NONE', *, *, #3521, .T. ) ;
#5717 = LINE ( 'NONE', #5789, #6606 ) ;
#5718 = ORIENTED_EDGE ( 'NONE', *, *, #2097, .T. ) ;
#5719 = DIRECTION ( 'NONE',  ( 0.000000000000000000, 0.000000000000000000, -1.000000000000000000 ) ) ;
#5720 = VERTEX_POINT ( 'NONE', #1819 ) ;
#5721 = DIRECTION ( 'NONE',  ( 1.000000000000000000, -0.000000000000000000, 0.000000000000000000 ) ) ;
#5722 = DIRECTION ( 'NONE',  ( 0.000000000000000000, 0.000000000000000000, -1.000000000000000000 ) ) ;
#5723 = CARTESIAN_POINT ( 'NONE',  ( 28.71055688888727886, 18.00271893867481410, -9.916916534082570678 ) ) ;
#5724 = DIRECTION ( 'NONE',  ( 1.000000000000000000, 0.000000000000000000, 0.000000000000000000 ) ) ;
#5725 = CYLINDRICAL_SURFACE ( 'NONE', #4629, 0.5999999999999998668 ) ;
#5726 = VERTEX_POINT ( 'NONE', #6722 ) ;
#5727 = EDGE_LOOP ( 'NONE', ( #5865, #4493, #6748, #802 ) ) ;
#5728 = DIRECTION ( 'NONE',  ( -0.000000000000000000, -1.000000000000000000, -0.000000000000000000 ) ) ;
#5729 = CARTESIAN_POINT ( 'NONE',  ( -15.09999999999999964, -1.000000000000000000, -19.45000000000000639 ) ) ;
#5730 = CARTESIAN_POINT ( 'NONE',  ( 13.00000000000000533, 26.00000000000000355, -4.765994983667008356 ) ) ;
#5731 = CARTESIAN_POINT ( 'NONE',  ( -10.00000000000000178, -1.000000000000000000, -16.30000000000000071 ) ) ;
#5732 = VERTEX_POINT ( 'NONE', #5627 ) ;
#5733 = DIRECTION ( 'NONE',  ( -1.000000000000000000, 0.000000000000000000, -0.000000000000000000 ) ) ;
#5734 = CARTESIAN_POINT ( 'NONE',  ( 15.09999999999999609, 0.8499999999999935385, -18.24859595258460132 ) ) ;
#5735 = LINE ( 'NONE', #6391, #1166 ) ;
#5736 = CARTESIAN_POINT ( 'NONE',  ( 27.67065987658199333, 17.57417429436829792, -4.177131756830104514 ) ) ;
#5737 = LINE ( 'NONE', #4589, #3951 ) ;
#5738 = EDGE_CURVE ( 'NONE', #4687, #2408, #5595, .T. ) ;
#5739 = ORIENTED_EDGE ( 'NONE', *, *, #2392, .F. ) ;
#5740 = ADVANCED_FACE ( 'NONE', ( #5708 ), #4010, .T. ) ;
#5741 = CARTESIAN_POINT ( 'NONE',  ( -30.76000000000000512, 0.9999999999999852340, -19.00118481360497924 ) ) ;
#5742 = CIRCLE ( 'NONE', #2648, 2.550000000000000266 ) ;
#5743 = LINE ( 'NONE', #5166, #1633 ) ;
#5744 = CARTESIAN_POINT ( 'NONE',  ( 0.000000000000000000, 1.000000000000000000, 0.000000000000000000 ) ) ;
#5745 = EDGE_CURVE ( 'NONE', #4930, #1645, #1856, .T. ) ;
#5746 = ORIENTED_EDGE ( 'NONE', *, *, #2805, .F. ) ;
#5747 = ORIENTED_EDGE ( 'NONE', *, *, #5410, .F. ) ;
#5748 = DIRECTION ( 'NONE',  ( 1.000000000000000000, 0.000000000000000000, -0.000000000000000000 ) ) ;
#5749 = ORIENTED_EDGE ( 'NONE', *, *, #5112, .T. ) ;
#5750 =( BOUNDED_CURVE ( )  B_SPLINE_CURVE ( 3, ( #372, #5779, #6905, #2580 ),
 .UNSPECIFIED., .F., .T. ) 
 B_SPLINE_CURVE_WITH_KNOTS ( ( 4, 4 ),
 ( 4.219310741769350059, 4.268276374971743614 ),
 .UNSPECIFIED. ) 
 CURVE ( )  GEOMETRIC_REPRESENTATION_ITEM ( )  RATIONAL_B_SPLINE_CURVE ( ( 1.000000000000000000, 0.9998002072105114379, 0.9998002072105114379, 1.000000000000000000 ) ) 
 REPRESENTATION_ITEM ( '' )  );
#5751 = AXIS2_PLACEMENT_3D ( 'NONE', #112, #618, #2310 ) ;
#5752 = MANIFOLD_SOLID_BREP ( '\X2\52079664\X0\-\X2\62c94f38\X0\35', #3111 ) ;
#5753 = EDGE_CURVE ( 'NONE', #3424, #5861, #231, .T. ) ;
#5754 = LINE ( 'NONE', #6506, #4945 ) ;
#5755 = ORIENTED_EDGE ( 'NONE', *, *, #2852, .T. ) ;
#5756 = EDGE_CURVE ( 'NONE', #6204, #486, #3012, .T. ) ;
#5757 = CARTESIAN_POINT ( 'NONE',  ( -28.07050000000000267, 25.67423583211418858, -1.999999999999999556 ) ) ;
#5758 = VECTOR ( 'NONE', #6798, 1000.000000000000000 ) ;
#5759 = CYLINDRICAL_SURFACE ( 'NONE', #6352, 0.5999999999999998668 ) ;
#5760 = DIRECTION ( 'NONE',  ( 0.000000000000000000, 1.000000000000000000, 0.000000000000000000 ) ) ;
#5761 = DIRECTION ( 'NONE',  ( 0.000000000000000000, 1.000000000000000000, 0.000000000000000000 ) ) ;
#5762 = DIRECTION ( 'NONE',  ( 0.000000000000000000, 5.480694194524166577E-17, -1.000000000000000000 ) ) ;
#5763 = EDGE_LOOP ( 'NONE', ( #3888, #6412 ) ) ;
#5764 = ADVANCED_FACE ( 'NONE', ( #2480 ), #4667, .F. ) ;
#5765 = ORIENTED_EDGE ( 'NONE', *, *, #4296, .F. ) ;
#5766 = CARTESIAN_POINT ( 'NONE',  ( -19.74999999999993605, 0.8499999999999929834, -18.24859595258460132 ) ) ;
#5767 = DIRECTION ( 'NONE',  ( 0.000000000000000000, 0.000000000000000000, -1.000000000000000000 ) ) ;
#5768 = VECTOR ( 'NONE', #5411, 1000.000000000000000 ) ;
#5769 = DIRECTION ( 'NONE',  ( -1.000000000000000000, 0.000000000000000000, -0.000000000000000000 ) ) ;
#5770 = CC_DESIGN_DATE_AND_TIME_ASSIGNMENT ( #4033, #5111, ( #2451 ) ) ;
#5771 = CARTESIAN_POINT ( 'NONE',  ( 19.00000000000000355, -13.00000000000000178, -6.299999999999999822 ) ) ;
#5772 = PERSON_AND_ORGANIZATION ( #4292, #6492 ) ;
#5773 = LINE ( 'NONE', #6869, #226 ) ;
#5774 = AXIS2_PLACEMENT_3D ( 'NONE', #2942, #1854, #4123 ) ;
#5775 = DIRECTION ( 'NONE',  ( -0.000000000000000000, -0.000000000000000000, 1.000000000000000000 ) ) ;
#5776 = VECTOR ( 'NONE', #3072, 1000.000000000000000 ) ;
#5777 = LINE ( 'NONE', #1960, #4049 ) ;
#5778 = CARTESIAN_POINT ( 'NONE',  ( 19.66742430504414330, 1.000000000000000000, -7.299999999999999822 ) ) ;
#5779 = CARTESIAN_POINT ( 'NONE',  ( -29.07909819314842181, 26.43955841370622650, -9.442855584483133669 ) ) ;
#5780 = EDGE_CURVE ( 'NONE', #5493, #2227, #5019, .T. ) ;
#5781 = ORIENTED_EDGE ( 'NONE', *, *, #597, .T. ) ;
#5782 = AXIS2_PLACEMENT_3D ( 'NONE', #6998, #6865, #4252 ) ;
#5783 = CARTESIAN_POINT ( 'NONE',  ( -30.46537808568692540, 7.500874627358883551, -8.038608668646935129 ) ) ;
#5784 = CARTESIAN_POINT ( 'NONE',  ( 28.85097534736840075, 12.74450492758516518, -6.580692762068912849 ) ) ;
#5785 = DIRECTION ( 'NONE',  ( -1.000000000000000000, 0.000000000000000000, 0.000000000000000000 ) ) ;
#5786 = VECTOR ( 'NONE', #3473, 1000.000000000000000 ) ;
#5787 = ORIENTED_EDGE ( 'NONE', *, *, #3105, .F. ) ;
#5788 = VERTEX_POINT ( 'NONE', #848 ) ;
#5789 = CARTESIAN_POINT ( 'NONE',  ( -40.00000000000000000, -1.000000000000000000, -26.30000000000000782 ) ) ;
#5790 = ORIENTED_EDGE ( 'NONE', *, *, #3810, .F. ) ;
#5791 = DIRECTION ( 'NONE',  ( 0.000000000000000000, 0.8386705679454240503, 0.5446390350150270843 ) ) ;
#5792 = LINE ( 'NONE', #2045, #2301 ) ;
#5793 = VECTOR ( 'NONE', #1437, 999.9999999999998863 ) ;
#5794 = CIRCLE ( 'NONE', #1658, 0.5999999999999998668 ) ;
#5795 = EDGE_CURVE ( 'NONE', #7102, #1266, #3625, .T. ) ;
#5796 = CARTESIAN_POINT ( 'NONE',  ( 28.47819592955373480, 8.158069383354282778, -13.92323168924684218 ) ) ;
#5797 = EDGE_CURVE ( 'NONE', #6591, #1971, #277, .T. ) ;
#5798 = CARTESIAN_POINT ( 'NONE',  ( 5.999999999999998224, -8.000000000000000000, -21.30000000000000426 ) ) ;
#5799 = DIRECTION ( 'NONE',  ( 1.000000000000000000, -0.000000000000000000, 0.000000000000000000 ) ) ;
#5800 = VECTOR ( 'NONE', #5004, 1000.000000000000000 ) ;
#5801 = CARTESIAN_POINT ( 'NONE',  ( 24.33257569495584249, 0.000000000000000000, -8.300000000000000711 ) ) ;
#5802 = ADVANCED_FACE ( 'NONE', ( #4228 ), #950, .F. ) ;
#5803 = CARTESIAN_POINT ( 'NONE',  ( 4.000000000000000000, 26.75480351115087529, -8.275819852153491141 ) ) ;
#5804 = ORIENTED_EDGE ( 'NONE', *, *, #3770, .F. ) ;
#5805 = CARTESIAN_POINT ( 'NONE',  ( 28.83614185493813409, 7.395040870055824556, -14.05361913711404043 ) ) ;
#5806 = EDGE_LOOP ( 'NONE', ( #746, #3125, #2180, #171 ) ) ;
#5807 = DIRECTION ( 'NONE',  ( 0.000000000000000000, 0.000000000000000000, -1.000000000000000000 ) ) ;
#5808 = CARTESIAN_POINT ( 'NONE',  ( -29.25148213141694598, 26.09496809233280601, -9.187644790547100371 ) ) ;
#5809 = DIRECTION ( 'NONE',  ( 1.000000000000000000, 0.000000000000000000, 0.000000000000000000 ) ) ;
#5810 = EDGE_CURVE ( 'NONE', #6448, #243, #3692, .T. ) ;
#5811 = LINE ( 'NONE', #3718, #6707 ) ;
#5812 = B_SPLINE_CURVE_WITH_KNOTS ( 'NONE', 3,
 ( #5626, #4090, #6250, #2321, #2359, #5161, #4515, #6831, #1354, #5092, #3518, #665, #701, #2433, #2283, #4626, #1240, #6721, #125, #2869, #161, #4013, #1204, #1855, #6289, #6136, #1818, #5057, #6207, #4052, #6793, #5706, #88, #5127, #1276, #5736, #3480 ),
 .UNSPECIFIED., .F., .F.,
 ( 4, 2, 2, 2, 2, 2, 2, 2, 2, 2, 2, 1, 2, 2, 1, 2, 2, 1, 2, 4 ),
 ( 0.000000000000000000, 0.03124999999972048748, 0.06249999999944097495, 0.09374999999916146243, 0.1249999999988819499, 0.1562499999986024235, 0.1874999999983229249, 0.2499999999977629006, 0.2812499999974815701, 0.2968749999973421816, 0.3124999999972027376, 0.3437499999969215736, 0.3593749999967810194, 0.3749999999966404096, 0.4062499999963591901, 0.4218749999962181918, 0.4374999999960771380, 0.4687499999957950858, 0.4843749999956542540, 0.4999999999955133667 ),
 .UNSPECIFIED. ) ;
#5813 = CARTESIAN_POINT ( 'NONE',  ( -27.53807531958395316, 7.588950445639875753, -9.792720168280451887 ) ) ;
#5814 = FACE_OUTER_BOUND ( 'NONE', #6029, .T. ) ;
#5815 = CARTESIAN_POINT ( 'NONE',  ( -5.999999999999998224, -1.000000000000000000, -26.30000000000000426 ) ) ;
#5816 = CARTESIAN_POINT ( 'NONE',  ( -19.00000000000000355, -8.000000000000000000, -11.30000000000000071 ) ) ;
#5817 = EDGE_LOOP ( 'NONE', ( #1947, #3083, #6942, #6782 ) ) ;
#5818 = DIRECTION ( 'NONE',  ( -1.000000000000000000, 0.000000000000000000, 0.000000000000000000 ) ) ;
#5819 = VECTOR ( 'NONE', #1361, 1000.000000000000000 ) ;
#5820 = CARTESIAN_POINT ( 'NONE',  ( 28.86572693071340723, 12.66798090570158308, -6.610766695200097409 ) ) ;
#5821 = CARTESIAN_POINT ( 'NONE',  ( -27.54999999999999716, 15.02850936780987290, -5.587864746442846808 ) ) ;
#5822 = EDGE_LOOP ( 'NONE', ( #2386, #5449, #5170, #3131 ) ) ;
#5823 = AXIS2_PLACEMENT_3D ( 'NONE', #7118, #1576, #3769 ) ;
#5824 = ORIENTED_EDGE ( 'NONE', *, *, #1790, .F. ) ;
#5825 = CARTESIAN_POINT ( 'NONE',  ( -25.54999999999999716, 12.47552940154874790, -6.691130996851682333 ) ) ;
#5826 = ORIENTED_EDGE ( 'NONE', *, *, #3250, .F. ) ;
#5827 = CARTESIAN_POINT ( 'NONE',  ( 19.74999999999992895, 1.000000000000000000, -25.00118481360496858 ) ) ;
#5828 = CARTESIAN_POINT ( 'NONE',  ( 27.70536242987050102, 17.79170427146503641, -4.045962009463493381 ) ) ;
#5829 = DIRECTION ( 'NONE',  ( -1.000000000000000000, 0.000000000000000000, -0.000000000000000000 ) ) ;
#5830 = CARTESIAN_POINT ( 'NONE',  ( 26.14892996102331679, 3.459648682739367764, -16.55387028243574932 ) ) ;
#5831 = CARTESIAN_POINT ( 'NONE',  ( 28.80243584522941447, 17.87766312314605344, -3.993703201850673512 ) ) ;
#5832 = DIRECTION ( 'NONE',  ( 0.000000000000000000, 0.000000000000000000, -1.000000000000000000 ) ) ;
#5833 = EDGE_CURVE ( 'NONE', #2157, #3928, #3658, .T. ) ;
#5834 = EDGE_LOOP ( 'NONE', ( #6934, #2878 ) ) ;
#5835 = CARTESIAN_POINT ( 'NONE',  ( 28.81352337477052572, 7.331110453218802725, -8.063405228575385664 ) ) ;
#5836 = ORIENTED_EDGE ( 'NONE', *, *, #2489, .F. ) ;
#5837 = FACE_OUTER_BOUND ( 'NONE', #669, .T. ) ;
#5838 = FACE_OUTER_BOUND ( 'NONE', #3941, .T. ) ;
#5839 = EDGE_CURVE ( 'NONE', #3144, #3410, #5301, .T. ) ;
#5840 = CARTESIAN_POINT ( 'NONE',  ( -10.33257569495584960, 0.000000000000000000, -7.299999999999999822 ) ) ;
#5841 = CYLINDRICAL_SURFACE ( 'NONE', #2452, 4.099999999999999645 ) ;
#5842 = ORIENTED_EDGE ( 'NONE', *, *, #38, .T. ) ;
#5843 = AXIS2_PLACEMENT_3D ( 'NONE', #362, #398, #6420 ) ;
#5844 = CARTESIAN_POINT ( 'NONE',  ( 27.85163628149374659, 17.15672225208713897, -10.42344816879991676 ) ) ;
#5845 = EDGE_CURVE ( 'NONE', #3989, #128, #4869, .T. ) ;
#5846 = CARTESIAN_POINT ( 'NONE',  ( 27.68247840174875307, 17.72753616516803277, -10.08493816313194813 ) ) ;
#5847 = DIRECTION ( 'NONE',  ( 1.000000000000000000, 0.000000000000000000, 0.000000000000000000 ) ) ;
#5848 = VERTEX_POINT ( 'NONE', #1530 ) ;
#5849 = DIRECTION ( 'NONE',  ( 0.000000000000000000, 0.000000000000000000, 1.000000000000000000 ) ) ;
#5850 = DIRECTION ( 'NONE',  ( 0.000000000000000000, 0.000000000000000000, -1.000000000000000000 ) ) ;
#5851 = ORIENTED_EDGE ( 'NONE', *, *, #652, .T. ) ;
#5852 = ORIENTED_EDGE ( 'NONE', *, *, #2053, .F. ) ;
#5853 = FACE_BOUND ( 'NONE', #3920, .T. ) ;
#5854 = VERTEX_POINT ( 'NONE', #4157 ) ;
#5855 = CARTESIAN_POINT ( 'NONE',  ( 29.35402884301885251, 25.87419941480817798, -8.847690838919268330 ) ) ;
#5856 = VECTOR ( 'NONE', #5791, 999.9999999999998863 ) ;
#5857 = CARTESIAN_POINT ( 'NONE',  ( 21.06828128533735622, 33.58069290186368505, -1.999999999999998668 ) ) ;
#5858 = DIRECTION ( 'NONE',  ( 0.000000000000000000, 0.000000000000000000, 1.000000000000000000 ) ) ;
#5859 = CARTESIAN_POINT ( 'NONE',  ( 19.74999999999992895, -1.000000000000000000, -27.44746873418995747 ) ) ;
#5860 = CARTESIAN_POINT ( 'NONE',  ( 27.72456754256350209, 17.84214044514167696, -4.015300284358076510 ) ) ;
#5861 = VERTEX_POINT ( 'NONE', #3727 ) ;
#5862 = LINE ( 'NONE', #4178, #5203 ) ;
#5863 = CIRCLE ( 'NONE', #120, 4.100000000000000533 ) ;
#5864 = EDGE_CURVE ( 'NONE', #486, #2951, #2691, .T. ) ;
#5865 = ORIENTED_EDGE ( 'NONE', *, *, #7116, .T. ) ;
#5866 = CIRCLE ( 'NONE', #4828, 0.6000000000000033085 ) ;
#5867 = DIRECTION ( 'NONE',  ( 0.000000000000000000, 1.040834085586084257E-15, 1.000000000000000000 ) ) ;
#5868 = EDGE_LOOP ( 'NONE', ( #4062, #4973, #5851, #137 ) ) ;
#5869 = CYLINDRICAL_SURFACE ( 'NONE', #4648, 0.5999999999999998668 ) ;
#5870 = DIRECTION ( 'NONE',  ( 0.000000000000000000, 0.000000000000000000, 1.000000000000000000 ) ) ;
#5871 = DIRECTION ( 'NONE',  ( 0.000000000000000000, 0.000000000000000000, 1.000000000000000000 ) ) ;
#5872 = DIRECTION ( 'NONE',  ( 0.000000000000000000, 1.000000000000000000, 0.000000000000000000 ) ) ;
#5873 = ORIENTED_EDGE ( 'NONE', *, *, #17, .T. ) ;
#5874 = DIRECTION ( 'NONE',  ( 0.000000000000000000, -0.000000000000000000, 1.000000000000000000 ) ) ;
#5875 = EDGE_CURVE ( 'NONE', #1662, #5913, #6493, .T. ) ;
#5876 = VECTOR ( 'NONE', #412, 1000.000000000000000 ) ;
#5877 = EDGE_CURVE ( 'NONE', #3424, #6474, #4700, .T. ) ;
#5878 = CARTESIAN_POINT ( 'NONE',  ( 5.999999999999998224, -8.000000000000001776, -26.30000000000000426 ) ) ;
#5879 = DIRECTION ( 'NONE',  ( 1.000000000000000000, -0.000000000000000000, 0.000000000000000000 ) ) ;
#5880 = CARTESIAN_POINT ( 'NONE',  ( -10.00000000000000178, -8.000000000000000000, -21.30000000000000426 ) ) ;
#5881 = EDGE_CURVE ( 'NONE', #3034, #5171, #5750, .T. ) ;
#5882 = EDGE_LOOP ( 'NONE', ( #4310, #4376 ) ) ;
#5883 = AXIS2_PLACEMENT_3D ( 'NONE', #3479, #6872, #3622 ) ;
#5884 = CARTESIAN_POINT ( 'NONE',  ( -30.75000000000007816, 9.499181625424307995, -7.634519387811428359 ) ) ;
#5885 = CYLINDRICAL_SURFACE ( 'NONE', #1742, 0.5999999999999998668 ) ;
#5886 = FACE_OUTER_BOUND ( 'NONE', #1843, .T. ) ;
#5887 = EDGE_CURVE ( 'NONE', #315, #2551, #2035, .T. ) ;
#5888 = ORIENTED_EDGE ( 'NONE', *, *, #5144, .F. ) ;
#5889 = ORIENTED_EDGE ( 'NONE', *, *, #3466, .T. ) ;
#5890 = AXIS2_PLACEMENT_3D ( 'NONE', #6167, #1778, #4046 ) ;
#5891 = DIRECTION ( 'NONE',  ( 1.000000000000000000, 0.000000000000000000, 0.000000000000000000 ) ) ;
#5892 = VERTEX_POINT ( 'NONE', #6933 ) ;
#5893 = CARTESIAN_POINT ( 'NONE',  ( -26.73039685096370377, 2.944055508025524404, -14.30000000000000071 ) ) ;
#5894 = B_SPLINE_CURVE_WITH_KNOTS ( 'NONE', 3,
 ( #5714, #787, #5, #1044, #3821, #6632, #4898, #5505, #2235, #7105, #4393, #1696, #2197, #6598, #2639, #5940, #3857, #6010, #1666, #6528, #5395, #5365, #1626, #576, #2673, #43, #3890, #5434, #6045, #1010, #5973 ),
 .UNSPECIFIED., .F., .F.,
 ( 4, 3, 3, 3, 3, 3, 3, 3, 3, 3, 4 ),
 ( 0.000000000000000000, 0.05442374373391641040, 0.1088738475262230471, 0.1629213148189152249, 0.2163918209072063226, 0.2694462183952768264, 0.3223259407165049439, 0.3752876194248941366, 0.4285773983294083878, 0.4823904985162122405, 0.5000000000000000000 ),
 .UNSPECIFIED. ) ;
#5895 = LINE ( 'NONE', #863, #501 ) ;
#5896 = VECTOR ( 'NONE', #6128, 1000.000000000000000 ) ;
#5897 = LINE ( 'NONE', #2700, #3238 ) ;
#5898 = DIRECTION ( 'NONE',  ( 0.000000000000000000, 1.000000000000000000, 0.000000000000000000 ) ) ;
#5899 = ORIENTED_EDGE ( 'NONE', *, *, #6366, .F. ) ;
#5900 = DIRECTION ( 'NONE',  ( -0.000000000000000000, 0.000000000000000000, 1.000000000000000000 ) ) ;
#5901 = EDGE_LOOP ( 'NONE', ( #3263, #3169, #3180, #2407 ) ) ;
#5902 = AXIS2_PLACEMENT_3D ( 'NONE', #434, #6012, #3321 ) ;
#5903 = FACE_OUTER_BOUND ( 'NONE', #7013, .T. ) ;
#5904 = ORIENTED_EDGE ( 'NONE', *, *, #2411, .T. ) ;
#5905 = CARTESIAN_POINT ( 'NONE',  ( -30.44999999999999929, 19.71854062398647756, -14.54522239881194068 ) ) ;
#5906 = CYLINDRICAL_SURFACE ( 'NONE', #5422, 0.5999999999999998668 ) ;
#5907 = CIRCLE ( 'NONE', #4531, 2.550000000000000266 ) ;
#5908 = LOCAL_TIME ( 15, 37, 27.00000000000000000, #6355 ) ;
#5909 = AXIS2_PLACEMENT_3D ( 'NONE', #590, #2764, #2692 ) ;
#5910 = DIRECTION ( 'NONE',  ( 1.000000000000000000, -0.000000000000000000, -0.000000000000000000 ) ) ;
#5911 = CARTESIAN_POINT ( 'NONE',  ( 4.667424305044145960, 1.000000000000000000, -6.299999999999999822 ) ) ;
#5912 = AXIS2_PLACEMENT_3D ( 'NONE', #792, #2916, #1763 ) ;
#5913 = VERTEX_POINT ( 'NONE', #4836 ) ;
#5914 = DIRECTION ( 'NONE',  ( 0.000000000000000000, 1.000000000000000000, 5.480694194524166577E-17 ) ) ;
#5915 = CARTESIAN_POINT ( 'NONE',  ( 10.00000000000000178, -8.000000000000001776, -26.30000000000000426 ) ) ;
#5916 = PLANE ( 'NONE',  #5132 ) ;
#5917 = DIRECTION ( 'NONE',  ( 0.000000000000000000, 1.000000000000000000, 5.782411586589357392E-17 ) ) ;
#5918 = ORIENTED_EDGE ( 'NONE', *, *, #3110, .F. ) ;
#5919 = EDGE_CURVE ( 'NONE', #6283, #7123, #3742, .T. ) ;
#5920 = CARTESIAN_POINT ( 'NONE',  ( 29.25148213141695308, 26.09496809233279890, -9.187644790547087936 ) ) ;
#5921 = EDGE_CURVE ( 'NONE', #4478, #289, #5559, .T. ) ;
#5922 = CARTESIAN_POINT ( 'NONE',  ( -30.75412927910331362, -1.004129279103319616, -20.30268158520413024 ) ) ;
#5923 = CARTESIAN_POINT ( 'NONE',  ( -27.54999999999999716, 14.82151619491970607, -7.900509879229874244 ) ) ;
#5924 = VERTEX_POINT ( 'NONE', #4732 ) ;
#5925 = ORIENTED_EDGE ( 'NONE', *, *, #6202, .T. ) ;
#5926 = DIRECTION ( 'NONE',  ( -0.000000000000000000, -0.000000000000000000, -1.000000000000000000 ) ) ;
#5927 = ORIENTED_EDGE ( 'NONE', *, *, #2925, .T. ) ;
#5928 = CARTESIAN_POINT ( 'NONE',  ( 24.40357585055665979, 1.925653789210783229, -24.40005821410107600 ) ) ;
#5929 = CARTESIAN_POINT ( 'NONE',  ( -30.44999999999999929, 10.16339171050457324, -20.75040865736010076 ) ) ;
#5930 = CARTESIAN_POINT ( 'NONE',  ( -30.75000000000000355, -8.000000000000000000, -11.30000000000000071 ) ) ;
#5931 = VECTOR ( 'NONE', #2701, 1000.000000000000000 ) ;
#5932 = CARTESIAN_POINT ( 'NONE',  ( -0.6027385456715644851, 41.18347612781095535, -0.6057302951333382035 ) ) ;
#5933 = ORIENTED_EDGE ( 'NONE', *, *, #6977, .T. ) ;
#5934 = CARTESIAN_POINT ( 'NONE',  ( 12.31372919964819701, 32.64565663597156231, -3.999999999999998224 ) ) ;
#5935 = ORIENTED_EDGE ( 'NONE', *, *, #1291, .T. ) ;
#5936 = DIRECTION ( 'NONE',  ( -0.000000000000000000, 0.000000000000000000, 1.000000000000000000 ) ) ;
#5937 = VERTEX_POINT ( 'NONE', #338 ) ;
#5938 = DIRECTION ( 'NONE',  ( -1.000000000000000000, -0.000000000000000000, -0.000000000000000000 ) ) ;
#5939 = CARTESIAN_POINT ( 'NONE',  ( -40.00000000000000000, 0.000000000000000000, -6.299999999999999822 ) ) ;
#5940 = CARTESIAN_POINT ( 'NONE',  ( 28.19630191788151663, 6.999769533437172342, -14.11045902209685110 ) ) ;
#5941 = CARTESIAN_POINT ( 'NONE',  ( 23.38919346847271541, -0.4079509084229680504, -27.61551882438158501 ) ) ;
#5942 = CARTESIAN_POINT ( 'NONE',  ( 28.63871113808269442, 17.47235575537339258, -10.23598313258222525 ) ) ;
#5943 = EDGE_CURVE ( 'NONE', #242, #2937, #2546, .T. ) ;
#5944 = ORIENTED_EDGE ( 'NONE', *, *, #347, .T. ) ;
#5945 = DIRECTION ( 'NONE',  ( 1.000000000000000000, -0.000000000000000000, 0.000000000000000000 ) ) ;
#5946 = LINE ( 'NONE', #1050, #6698 ) ;
#5947 = DIRECTION ( 'NONE',  ( -2.238248496654959782E-16, -1.000000000000000000, 0.000000000000000000 ) ) ;
#5948 = CARTESIAN_POINT ( 'NONE',  ( 27.77226855764046931, 17.24965868526994939, -4.369247584089785974 ) ) ;
#5949 = ORIENTED_EDGE ( 'NONE', *, *, #1112, .T. ) ;
#5950 = EDGE_LOOP ( 'NONE', ( #6404, #916, #680, #1605, #4708, #3707, #2840, #3693 ) ) ;
#5951 = CARTESIAN_POINT ( 'NONE',  ( 30.75000000000000711, 19.55514891501364261, -2.911877844520294190 ) ) ;
#5952 = B_SPLINE_CURVE_WITH_KNOTS ( 'NONE', 3,
 ( #6433, #2585, #6907, #2548, #5783, #3289, #5478, #544, #5884, #4162 ),
 .UNSPECIFIED., .F., .F.,
 ( 4, 2, 2, 2, 4 ),
 ( 7.019884347899449578E-15, 0.003070568052601386003, 0.003838210065749976529, 0.004605852078898569658, 0.006141136105195756784 ),
 .UNSPECIFIED. ) ;
#5953 = CARTESIAN_POINT ( 'NONE',  ( -30.75000000000000355, 20.59016140544467532, -2.188299892660783286 ) ) ;
#5954 = CARTESIAN_POINT ( 'NONE',  ( 30.73684150302963758, 20.91937563339121908, -13.76539102554141003 ) ) ;
#5955 = VERTEX_POINT ( 'NONE', #2206 ) ;
#5956 = VERTEX_POINT ( 'NONE', #4907 ) ;
#5957 = LINE ( 'NONE', #1504, #2344 ) ;
#5958 = ORIENTED_EDGE ( 'NONE', *, *, #1313, .T. ) ;
#5959 = ADVANCED_FACE ( 'NONE', ( #4943 ), #2558, .F. ) ;
#5960 = LINE ( 'NONE', #1718, #6791 ) ;
#5961 = CYLINDRICAL_SURFACE ( 'NONE', #3386, 0.3000000000000007105 ) ;
#5962 = EDGE_CURVE ( 'NONE', #4614, #4351, #6203, .T. ) ;
#5963 = CARTESIAN_POINT ( 'NONE',  ( -25.54999999999999716, 21.65689861817951822, -7.586440707836955788 ) ) ;
#5964 = CARTESIAN_POINT ( 'NONE',  ( 27.87147133105847630, 13.04671775917064203, -12.45946452895758050 ) ) ;
#5965 = ORIENTED_EDGE ( 'NONE', *, *, #982, .T. ) ;
#5966 = CARTESIAN_POINT ( 'NONE',  ( -30.75000000000021316, 12.09660668193849453, -8.299999999905418591 ) ) ;
#5967 = EDGE_LOOP ( 'NONE', ( #2743, #1148 ) ) ;
#5968 = ADVANCED_FACE ( 'NONE', ( #3439 ), #2390, .F. ) ;
#5969 = CARTESIAN_POINT ( 'NONE',  ( 28.26256253051908729, 6.991512134112708665, -8.111569709413659623 ) ) ;
#5970 = ORIENTED_EDGE ( 'NONE', *, *, #905, .F. ) ;
#5971 = CARTESIAN_POINT ( 'NONE',  ( -21.18987883176622589, -0.9290930331250293328, -27.40267705301862478 ) ) ;
#5972 = CARTESIAN_POINT ( 'NONE',  ( -0.000000000000000000, -13.00000000000000178, -21.30000000000000426 ) ) ;
#5973 = CARTESIAN_POINT ( 'NONE',  ( 27.67054635446469035, 7.596441016828121562, -14.02143009566658449 ) ) ;
#5974 = CIRCLE ( 'NONE', #809, 0.5999999999999998668 ) ;
#5975 = CARTESIAN_POINT ( 'NONE',  ( 30.49049575830553849, 7.248090488371838447, -22.64362740747061764 ) ) ;
#5976 = CARTESIAN_POINT ( 'NONE',  ( 16.11372919964819417, 32.64565663597156231, -3.999999999999998224 ) ) ;
#5977 = AXIS2_PLACEMENT_3D ( 'NONE', #3165, #5352, #4809 ) ;
#5978 = EDGE_CURVE ( 'NONE', #2443, #5011, #280, .T. ) ;
#5979 = ORIENTED_EDGE ( 'NONE', *, *, #6409, .T. ) ;
#5980 = CARTESIAN_POINT ( 'NONE',  ( 28.77853441366672982, 17.26146315035958168, -10.36238963376548483 ) ) ;
#5981 = AXIS2_PLACEMENT_3D ( 'NONE', #2790, #6164, #4400 ) ;
#5982 = CARTESIAN_POINT ( 'NONE',  ( 27.98289471419508345, 18.11673827506377066, -9.846382322127960052 ) ) ;
#5983 = CARTESIAN_POINT ( 'NONE',  ( 0.6732140234191686945, 41.31420431661565118, -0.5208344166786096352 ) ) ;
#5984 = CARTESIAN_POINT ( 'NONE',  ( 28.72903120381863218, 17.19441524080377448, -10.40152642315405451 ) ) ;
#5985 = VERTEX_POINT ( 'NONE', #2865 ) ;
#5986 = CARTESIAN_POINT ( 'NONE',  ( 22.16884991857081388, 0.9999999999999817923, -19.00118481348663479 ) ) ;
#5987 = LINE ( 'NONE', #1575, #2086 ) ;
#5988 = DIRECTION ( 'NONE',  ( 0.000000000000000000, 0.000000000000000000, 1.000000000000000000 ) ) ;
#5989 = EDGE_CURVE ( 'NONE', #6223, #5924, #3934, .T. ) ;
#5990 = CARTESIAN_POINT ( 'NONE',  ( -26.78036937793866201, 19.12187599064467491, -3.682848181218902450 ) ) ;
#5991 = AXIS2_PLACEMENT_3D ( 'NONE', #989, #6434, #4913 ) ;
#5992 = VERTEX_POINT ( 'NONE', #5590 ) ;
#5993 = ORIENTED_EDGE ( 'NONE', *, *, #2976, .F. ) ;
#5994 = DIRECTION ( 'NONE',  ( -1.000000000000000000, -0.000000000000000000, -0.000000000000000000 ) ) ;
#5995 = VERTEX_POINT ( 'NONE', #3511 ) ;
#5996 = DIRECTION ( 'NONE',  ( 0.9111948913690738339, -0.3455117849316499679, -0.2243779766738412118 ) ) ;
#5997 = CARTESIAN_POINT ( 'NONE',  ( 28.85668778004632173, 17.71816096222078585, -4.090522379873278602 ) ) ;
#5998 = VECTOR ( 'NONE', #938, 999.9999999999998863 ) ;
#5999 = DIRECTION ( 'NONE',  ( 0.000000000000000000, 0.5446390350150316362, -0.8386705679454210527 ) ) ;
#6000 = LINE ( 'NONE', #3848, #2611 ) ;
#6001 = VERTEX_POINT ( 'NONE', #5731 ) ;
#6002 = DIRECTION ( 'NONE',  ( 0.9111948913690736118, 0.3455117849316504119, 0.2243779766738414061 ) ) ;
#6003 = ORIENTED_EDGE ( 'NONE', *, *, #255, .F. ) ;
#6004 = EDGE_CURVE ( 'NONE', #3390, #3593, #1990, .T. ) ;
#6005 = CARTESIAN_POINT ( 'NONE',  ( -28.85177649173846959, 26.63959256326812053, -10.02629293177644421 ) ) ;
#6006 = ORIENTED_EDGE ( 'NONE', *, *, #5464, .T. ) ;
#6007 = CIRCLE ( 'NONE', #2910, 2.000000000000000000 ) ;
#6008 = CARTESIAN_POINT ( 'NONE',  ( -30.44999999999999929, 10.16339171050451817, -20.75040865736013984 ) ) ;
#6009 = LINE ( 'NONE', #1117, #949 ) ;
#6010 = CARTESIAN_POINT ( 'NONE',  ( 28.06473052662173373, 7.027648110970707407, -14.10671115189135527 ) ) ;
#6011 = ADVANCED_FACE ( 'NONE', ( #4008 ), #2936, .F. ) ;
#6012 = DIRECTION ( 'NONE',  ( -0.000000000000000000, 0.000000000000000000, -1.000000000000000000 ) ) ;
#6013 = AXIS2_PLACEMENT_3D ( 'NONE', #7112, #6056, #5947 ) ;
#6014 = CARTESIAN_POINT ( 'NONE',  ( 27.89805862287910188, 18.20049169624176599, -9.796182556513899797 ) ) ;
#6015 = EDGE_LOOP ( 'NONE', ( #4428, #209, #3607, #604, #2036, #2299 ) ) ;
#6016 = DIRECTION ( 'NONE',  ( 0.000000000000000000, 0.000000000000000000, -1.000000000000000000 ) ) ;
#6017 = DIRECTION ( 'NONE',  ( 0.000000000000000000, -0.000000000000000000, -1.000000000000000000 ) ) ;
#6018 = AXIS2_PLACEMENT_3D ( 'NONE', #2121, #1003, #4815 ) ;
#6019 = VECTOR ( 'NONE', #3891, 1000.000000000000000 ) ;
#6020 = PLANE ( 'NONE',  #3758 ) ;
#6021 = CARTESIAN_POINT ( 'NONE',  ( 29.03042489260326775, 26.52869282400001794, -9.855522308781319296 ) ) ;
#6022 = CARTESIAN_POINT ( 'NONE',  ( 23.87050000000000338, 25.67423583211418858, -0.9999999999999978906 ) ) ;
#6023 = VECTOR ( 'NONE', #3026, 1000.000000000000114 ) ;
#6024 = CARTESIAN_POINT ( 'NONE',  ( 27.67417906975601127, 12.52632007661547142, -12.66576619696268047 ) ) ;
#6025 = CARTESIAN_POINT ( 'NONE',  ( 28.85774092584315298, 12.45040538015348552, -6.694977596942164766 ) ) ;
#6026 = CARTESIAN_POINT ( 'NONE',  ( 29.95525891842304489, 24.52273519558699988, -11.42534196481163811 ) ) ;
#6027 = CARTESIAN_POINT ( 'NONE',  ( -27.53704968137039089, 19.84967151422218379, -4.803555008797000703 ) ) ;
#6028 = ORIENTED_EDGE ( 'NONE', *, *, #2267, .F. ) ;
#6029 = EDGE_LOOP ( 'NONE', ( #6923, #1221 ) ) ;
#6030 = CARTESIAN_POINT ( 'NONE',  ( -30.75000000000003908, 3.556349186104042381, -24.56923900525780624 ) ) ;
#6031 = ORIENTED_EDGE ( 'NONE', *, *, #3674, .T. ) ;
#6032 = EDGE_CURVE ( 'NONE', #3879, #6235, #5155, .T. ) ;
#6033 = PLANE ( 'NONE',  #116 ) ;
#6034 = CARTESIAN_POINT ( 'NONE',  ( 28.81722240160394932, 17.84659104542368624, -4.012630832631440825 ) ) ;
#6035 = PLANE ( 'NONE',  #6810 ) ;
#6036 = CARTESIAN_POINT ( 'NONE',  ( -28.71283091779231000, 26.65071305380440236, -10.04341698553369788 ) ) ;
#6037 = ORIENTED_EDGE ( 'NONE', *, *, #4833, .F. ) ;
#6038 = DIRECTION ( 'NONE',  ( 0.000000000000000000, -0.000000000000000000, -1.000000000000000000 ) ) ;
#6039 = ORIENTED_EDGE ( 'NONE', *, *, #4082, .F. ) ;
#6040 = CARTESIAN_POINT ( 'NONE',  ( 27.94544080369187711, 7.086473278599186187, -8.098640082842678112 ) ) ;
#6041 = ORIENTED_EDGE ( 'NONE', *, *, #6054, .F. ) ;
#6042 = CARTESIAN_POINT ( 'NONE',  ( -25.13872308819589918, 0.8138773543795502219, -26.82205427293689226 ) ) ;
#6043 = CARTESIAN_POINT ( 'NONE',  ( 27.47050000000000125, 22.67423583211419214, -8.000000000000000000 ) ) ;
#6044 = VECTOR ( 'NONE', #453, 1000.000000000000000 ) ;
#6045 = CARTESIAN_POINT ( 'NONE',  ( 27.67161783871900127, 7.552509461938040403, -14.02894552947346973 ) ) ;
#6046 = DIRECTION ( 'NONE',  ( 0.000000000000000000, 0.000000000000000000, 1.000000000000000000 ) ) ;
#6047 = ADVANCED_FACE ( 'NONE', ( #6281 ), #2353, .T. ) ;
#6048 = CARTESIAN_POINT ( 'NONE',  ( 16.66742430504414330, 1.000000000000000000, -6.299999999999999822 ) ) ;
#6049 = VECTOR ( 'NONE', #990, 1000.000000000000000 ) ;
#6050 = EDGE_CURVE ( 'NONE', #4112, #5985, #4747, .T. ) ;
#6051 = ORIENTED_EDGE ( 'NONE', *, *, #6292, .T. ) ;
#6052 = CARTESIAN_POINT ( 'NONE',  ( 30.44999999999999929, 19.71854062398647756, -14.54522239881194245 ) ) ;
#6053 = CARTESIAN_POINT ( 'NONE',  ( -25.54999999999999716, 18.90303388365666137, -3.345860888081864104 ) ) ;
#6054 = EDGE_CURVE ( 'NONE', #2964, #6260, #6007, .T. ) ;
#6055 = CARTESIAN_POINT ( 'NONE',  ( 6.713729199648194701, 32.64565663597156231, -3.999999999999998224 ) ) ;
#6056 = DIRECTION ( 'NONE',  ( -1.000000000000000000, 2.238248496654959782E-16, 1.453535569190661259E-16 ) ) ;
#6057 = CARTESIAN_POINT ( 'NONE',  ( 28.87050000000000338, 17.59016140548693130, -4.167551378201779677 ) ) ;
#6058 = ORIENTED_EDGE ( 'NONE', *, *, #187, .F. ) ;
#6059 = ADVANCED_FACE ( 'NONE', ( #5661 ), #5122, .F. ) ;
#6060 = CARTESIAN_POINT ( 'NONE',  ( -12.05077364674796137, 36.99999999999999289, -1.999999999999998224 ) ) ;
#6061 = CARTESIAN_POINT ( 'NONE',  ( -30.27725630711531934, 23.88662026069323829, -10.13843983368261270 ) ) ;
#6062 = CYLINDRICAL_SURFACE ( 'NONE', #3872, 0.6000000000000007550 ) ;
#6063 = CARTESIAN_POINT ( 'NONE',  ( -27.48630788562855898, 19.71053403777563062, -4.589302083663363341 ) ) ;
#6064 = ORIENTED_EDGE ( 'NONE', *, *, #6187, .T. ) ;
#6065 = ORIENTED_EDGE ( 'NONE', *, *, #3771, .F. ) ;
#6066 = CARTESIAN_POINT ( 'NONE',  ( 27.65943907061500084, 7.469795430306464645, -14.04252165307642386 ) ) ;
#6067 = ORIENTED_EDGE ( 'NONE', *, *, #6849, .T. ) ;
#6068 = FACE_OUTER_BOUND ( 'NONE', #654, .T. ) ;
#6069 = CARTESIAN_POINT ( 'NONE',  ( 6.000000000000001776, -8.000000000000000000, -21.30000000000000782 ) ) ;
#6070 = CARTESIAN_POINT ( 'NONE',  ( 27.67054835758931475, 12.59551601243145846, -6.639008696769308493 ) ) ;
#6071 = PRODUCT_DEFINITION ( '�', '', #3729, #4143 ) ;
#6072 = FACE_OUTER_BOUND ( 'NONE', #358, .T. ) ;
#6073 = ORIENTED_EDGE ( 'NONE', *, *, #6636, .F. ) ;
#6074 = CARTESIAN_POINT ( 'NONE',  ( 28.10964294650899475, 12.01319167252982290, -6.857641861417310025 ) ) ;
#6075 = ORIENTED_EDGE ( 'NONE', *, *, #3509, .T. ) ;
#6076 = CARTESIAN_POINT ( 'NONE',  ( 28.71283091779230645, 26.65071305380440236, -10.04341698553369788 ) ) ;
#6077 = ORIENTED_EDGE ( 'NONE', *, *, #2990, .T. ) ;
#6078 = DIRECTION ( 'NONE',  ( 0.000000000000000000, -0.8386705679454211637, -0.5446390350150316362 ) ) ;
#6079 = DIRECTION ( 'NONE',  ( 1.000000000000000000, 0.000000000000000000, 0.000000000000000000 ) ) ;
#6080 = FACE_OUTER_BOUND ( 'NONE', #594, .T. ) ;
#6081 = ADVANCED_FACE ( 'NONE', ( #4084 ), #191, .T. ) ;
#6082 = CARTESIAN_POINT ( 'NONE',  ( 27.65326342512739899, 18.19987658208025394, -9.798642841319576746 ) ) ;
#6083 = VERTEX_POINT ( 'NONE', #6786 ) ;
#6084 = FACE_OUTER_BOUND ( 'NONE', #3995, .T. ) ;
#6085 = LINE ( 'NONE', #1157, #5309 ) ;
#6086 = CIRCLE ( 'NONE', #5059, 0.5999999999999998668 ) ;
#6087 = VECTOR ( 'NONE', #1440, 999.9999999999998863 ) ;
#6088 = DIRECTION ( 'NONE',  ( 0.000000000000000000, -0.8386705679454227180, -0.5446390350150289716 ) ) ;
#6089 = EDGE_CURVE ( 'NONE', #4204, #2666, #5544, .T. ) ;
#6090 = CARTESIAN_POINT ( 'NONE',  ( 28.85089728326968839, 17.41343832718844453, -10.27293566069281816 ) ) ;
#6091 = ORIENTED_EDGE ( 'NONE', *, *, #3334, .F. ) ;
#6092 = VECTOR ( 'NONE', #1950, 1000.000000000000000 ) ;
#6093 = EDGE_CURVE ( 'NONE', #5604, #5080, #660, .T. ) ;
#6094 = VECTOR ( 'NONE', #150, 1000.000000000000000 ) ;
#6095 = CARTESIAN_POINT ( 'NONE',  ( 28.36372200435201663, 11.99994892597211482, -12.86243930907814459 ) ) ;
#6096 = EDGE_CURVE ( 'NONE', #3773, #1110, #1272, .T. ) ;
#6097 = CARTESIAN_POINT ( 'NONE',  ( 28.61888805804857583, 12.09893825061199024, -6.826406414988779758 ) ) ;
#6098 = CARTESIAN_POINT ( 'NONE',  ( 6.713729199648194701, 32.64565663597156231, -3.999999999999998224 ) ) ;
#6099 = ADVANCED_FACE ( 'NONE', ( #735 ), #5841, .F. ) ;
#6100 = LINE ( 'NONE', #1165, #6373 ) ;
#6101 = ORIENTED_EDGE ( 'NONE', *, *, #255, .T. ) ;
#6102 = EDGE_LOOP ( 'NONE', ( #6140, #549, #2514, #7089 ) ) ;
#6103 = CARTESIAN_POINT ( 'NONE',  ( 28.63679485706166616, 7.721128066573969662, -13.99910877493847572 ) ) ;
#6104 = ORIENTED_EDGE ( 'NONE', *, *, #4065, .F. ) ;
#6105 = DIRECTION ( 'NONE',  ( 1.000000000000000000, -0.000000000000000000, -0.000000000000000000 ) ) ;
#6106 = CARTESIAN_POINT ( 'NONE',  ( 28.23586529840167358, 18.19222537547330631, -3.799418296044572152 ) ) ;
#6107 = CARTESIAN_POINT ( 'NONE',  ( 4.000000000000000000, 26.42784580695890995, -7.772349138819023118 ) ) ;
#6108 = VECTOR ( 'NONE', #354, 1000.000000000000000 ) ;
#6109 = EDGE_CURVE ( 'NONE', #247, #3483, #4726, .T. ) ;
#6110 = CARTESIAN_POINT ( 'NONE',  ( 28.57559683707121678, 8.118019031105113470, -7.930771191439237811 ) ) ;
#6111 = ORIENTED_EDGE ( 'NONE', *, *, #507, .F. ) ;
#6112 = CARTESIAN_POINT ( 'NONE',  ( 28.22881410781855038, 11.99274657339707417, -6.865046064821920702 ) ) ;
#6113 = ORIENTED_EDGE ( 'NONE', *, *, #1968, .F. ) ;
#6114 = VECTOR ( 'NONE', #5667, 1000.000000000000000 ) ;
#6115 = CARTESIAN_POINT ( 'NONE',  ( 28.64153272103635928, 7.118785988301126189, -14.09414642348088798 ) ) ;
#6116 = ORIENTED_EDGE ( 'NONE', *, *, #5887, .T. ) ;
#6117 = CARTESIAN_POINT ( 'NONE',  ( -26.61071522006430712, 1.268095404252024272, -26.52708162237929557 ) ) ;
#6118 = CARTESIAN_POINT ( 'NONE',  ( 28.78090267797338697, 7.910582999762105771, -13.96849308575773918 ) ) ;
#6119 = DIRECTION ( 'NONE',  ( 0.6425946703262723769, -0.6425946703262604975, -0.4173058582581295473 ) ) ;
#6120 = CARTESIAN_POINT ( 'NONE',  ( 28.87050000000000338, 12.59266273372890765, -12.64011738242972349 ) ) ;
#6121 = ORIENTED_EDGE ( 'NONE', *, *, #1479, .F. ) ;
#6122 = AXIS2_PLACEMENT_3D ( 'NONE', #1372, #1448, #1409 ) ;
#6123 = ORIENTED_EDGE ( 'NONE', *, *, #5839, .T. ) ;
#6124 = CARTESIAN_POINT ( 'NONE',  ( 11.71372919964819381, 32.64565663597156231, -3.999999999999998224 ) ) ;
#6125 = CARTESIAN_POINT ( 'NONE',  ( 28.96319972734610815, 26.65524419208637497, -9.774982557803797434 ) ) ;
#6126 = AXIS2_PLACEMENT_3D ( 'NONE', #4725, #906, #5228 ) ;
#6127 = LINE ( 'NONE', #5154, #4863 ) ;
#6128 = DIRECTION ( 'NONE',  ( 0.000000000000000000, 0.000000000000000000, 1.000000000000000000 ) ) ;
#6129 = ORIENTED_EDGE ( 'NONE', *, *, #1210, .T. ) ;
#6130 = CIRCLE ( 'NONE', #2466, 0.6000000000000033085 ) ;
#6131 = AXIS2_PLACEMENT_3D ( 'NONE', #612, #2827, #4539 ) ;
#6132 = FACE_OUTER_BOUND ( 'NONE', #3701, .T. ) ;
#6133 = EDGE_CURVE ( 'NONE', #6578, #1913, #2536, .T. ) ;
#6134 = AXIS2_PLACEMENT_3D ( 'NONE', #4720, #870, #395 ) ;
#6135 = CARTESIAN_POINT ( 'NONE',  ( 27.93555669709647304, 12.09082816649853065, -6.829370398077250215 ) ) ;
#6136 = CARTESIAN_POINT ( 'NONE',  ( 27.84319005007566972, 17.16859314749810395, -4.416508139314431425 ) ) ;
#6137 = AXIS2_PLACEMENT_3D ( 'NONE', #1427, #2513, #5917 ) ;
#6138 = CARTESIAN_POINT ( 'NONE',  ( 25.53039685096370093, 2.944055508025526180, -8.300000000000000711 ) ) ;
#6139 = EDGE_CURVE ( 'NONE', #1580, #6545, #375, .T. ) ;
#6140 = ORIENTED_EDGE ( 'NONE', *, *, #4590, .F. ) ;
#6141 = ORIENTED_EDGE ( 'NONE', *, *, #6730, .T. ) ;
#6142 = CARTESIAN_POINT ( 'NONE',  ( 27.65586506968133662, 7.959085034571868889, -13.96136528363070006 ) ) ;
#6143 = ORIENTED_EDGE ( 'NONE', *, *, #5839, .F. ) ;
#6144 = AXIS2_PLACEMENT_3D ( 'NONE', #252, #5858, #6343 ) ;
#6145 = ADVANCED_FACE ( 'NONE', ( #1991 ), #2060, .F. ) ;
#6146 = CARTESIAN_POINT ( 'NONE',  ( 5.999999999999998224, -1.000000000000000000, -6.299999999999999822 ) ) ;
#6147 = CARTESIAN_POINT ( 'NONE',  ( -30.44999999999999929, 10.16339171050457324, -20.75040865736010076 ) ) ;
#6148 = DIRECTION ( 'NONE',  ( 1.000000000000000000, 0.000000000000000000, 0.000000000000000000 ) ) ;
#6149 = CARTESIAN_POINT ( 'NONE',  ( -25.54999999999999716, 18.97118893417349028, -3.301301652461896996 ) ) ;
#6150 = CARTESIAN_POINT ( 'NONE',  ( 28.87140185847056628, 7.672667912114524924, -8.009459021235898035 ) ) ;
#6151 = ORIENTED_EDGE ( 'NONE', *, *, #3296, .T. ) ;
#6152 = CARTESIAN_POINT ( 'NONE',  ( 28.87012814304729957, 12.57336009554821743, -6.647600306684420701 ) ) ;
#6153 = ORIENTED_EDGE ( 'NONE', *, *, #6366, .T. ) ;
#6154 = CARTESIAN_POINT ( 'NONE',  ( -7.313729199648195234, 32.64565663597156231, -1.999999999999997780 ) ) ;
#6155 = ORIENTED_EDGE ( 'NONE', *, *, #2829, .T. ) ;
#6156 = CARTESIAN_POINT ( 'NONE',  ( 27.70218314818288263, 7.799225905398425418, -13.98803204615294682 ) ) ;
#6157 = CARTESIAN_POINT ( 'NONE',  ( 28.59883212072934455, 8.101634149705564170, -13.93384300421378796 ) ) ;
#6158 = LINE ( 'NONE', #5690, #1074 ) ;
#6159 = CARTESIAN_POINT ( 'NONE',  ( -30.75000000000000355, 37.00000000000000000, -1.999999999999997335 ) ) ;
#6160 = ORIENTED_EDGE ( 'NONE', *, *, #5756, .T. ) ;
#6161 = AXIS2_PLACEMENT_3D ( 'NONE', #3291, #5481, #1126 ) ;
#6162 = ORIENTED_EDGE ( 'NONE', *, *, #4472, .F. ) ;
#6163 = CYLINDRICAL_SURFACE ( 'NONE', #2772, 0.6000000000000015321 ) ;
#6164 = DIRECTION ( 'NONE',  ( 0.000000000000000000, 5.480694194524166577E-17, -1.000000000000000000 ) ) ;
#6165 = LINE ( 'NONE', #2864, #1765 ) ;
#6166 = CIRCLE ( 'NONE', #7096, 0.5999999999999998668 ) ;
#6167 = CARTESIAN_POINT ( 'NONE',  ( 13.66742430504414330, 1.000000000000000000, -7.299999999999999822 ) ) ;
#6168 = EDGE_CURVE ( 'NONE', #4508, #4390, #6729, .T. ) ;
#6169 = ORIENTED_EDGE ( 'NONE', *, *, #6977, .F. ) ;
#6170 = DIRECTION ( 'NONE',  ( 0.000000000000000000, 5.480694194524166577E-17, -1.000000000000000000 ) ) ;
#6171 = CARTESIAN_POINT ( 'NONE',  ( 28.36372200435201663, 11.99994892597211482, -6.862439308837153362 ) ) ;
#6172 = CARTESIAN_POINT ( 'NONE',  ( 0.000000000000000000, 1.000000000000000000, 0.000000000000000000 ) ) ;
#6173 = DIRECTION ( 'NONE',  ( 0.000000000000000000, 0.000000000000000000, -1.000000000000000000 ) ) ;
#6174 = VERTEX_POINT ( 'NONE', #3142 ) ;
#6175 = CARTESIAN_POINT ( 'NONE',  ( -40.00000000000000000, -13.00000000000000178, -26.30000000000000426 ) ) ;
#6176 = EDGE_LOOP ( 'NONE', ( #1510, #6414, #6547, #4491, #6775, #2499 ) ) ;
#6177 = DIRECTION ( 'NONE',  ( 0.000000000000000000, 5.480694194524166577E-17, -1.000000000000000000 ) ) ;
#6178 = DIRECTION ( 'NONE',  ( 0.000000000000000000, 1.000000000000000000, 0.000000000000000000 ) ) ;
#6179 = DIRECTION ( 'NONE',  ( 1.000000000000000000, -0.000000000000000000, -0.000000000000000000 ) ) ;
#6180 = CARTESIAN_POINT ( 'NONE',  ( 28.49724729768527354, 13.14816760588843891, -6.417831375726967380 ) ) ;
#6181 = EDGE_LOOP ( 'NONE', ( #2656, #2376, #5302, #1038, #3839, #925, #5088, #2355, #284, #4785, #3967, #1180, #6334, #1279, #6380, #4201, #139, #373, #6771, #5662, #5287, #5562, #2564, #6565, #5347, #5415, #5888, #3265, #3532, #5373, #5073, #4989, #2997, #6906, #3805, #4733 ) ) ;
#6182 = ORIENTED_EDGE ( 'NONE', *, *, #907, .T. ) ;
#6183 = PLANE ( 'NONE',  #3259 ) ;
#6184 = VERTEX_POINT ( 'NONE', #2469 ) ;
#6185 = FACE_OUTER_BOUND ( 'NONE', #6432, .T. ) ;
#6186 = ORIENTED_EDGE ( 'NONE', *, *, #5261, .T. ) ;
#6187 = EDGE_CURVE ( 'NONE', #2814, #2422, #3652, .T. ) ;
#6188 = DIRECTION ( 'NONE',  ( 0.000000000000000000, -1.000000000000000000, -0.000000000000000000 ) ) ;
#6189 = ADVANCED_FACE ( 'NONE', ( #5292 ), #1520, .T. ) ;
#6190 = CARTESIAN_POINT ( 'NONE',  ( 28.14861739163654875, 8.186434243525646082, -7.917872547885236756 ) ) ;
#6191 = CALENDAR_DATE ( 2026, 11, 8 ) ;
#6192 = CARTESIAN_POINT ( 'NONE',  ( -30.75000000000000000, 10.00000000000006395, -19.15651647482726005 ) ) ;
#6193 = CARTESIAN_POINT ( 'NONE',  ( 21.15060940908164611, -0.4676351489896949931, -27.65427822340243935 ) ) ;
#6194 = EDGE_CURVE ( 'NONE', #2751, #6805, #2610, .T. ) ;
#6195 = EDGE_CURVE ( 'NONE', #4701, #5350, #5811, .T. ) ;
#6196 = CARTESIAN_POINT ( 'NONE',  ( 28.85611822375813418, 12.72324334485497310, -12.58907249769357684 ) ) ;
#6197 = VERTEX_POINT ( 'NONE', #366 ) ;
#6198 = ORIENTED_EDGE ( 'NONE', *, *, #784, .T. ) ;
#6199 = CARTESIAN_POINT ( 'NONE',  ( 30.61274809383447604, 8.249487006144461176, -7.907235434579570565 ) ) ;
#6200 = CARTESIAN_POINT ( 'NONE',  ( -28.75000000000000000, 10.75418123488904421, -14.66674816303236639 ) ) ;
#6201 = DIRECTION ( 'NONE',  ( 1.000000000000000000, -0.000000000000000000, -0.000000000000000000 ) ) ;
#6202 = EDGE_CURVE ( 'NONE', #6298, #4547, #2571, .T. ) ;
#6203 = LINE ( 'NONE', #6713, #2115 ) ;
#6204 = VERTEX_POINT ( 'NONE', #1954 ) ;
#6205 = LINE ( 'NONE', #2940, #4477 ) ;
#6206 = CARTESIAN_POINT ( 'NONE',  ( 27.67042399338503245, 12.57236563500623383, -6.647994896415639232 ) ) ;
#6207 = CARTESIAN_POINT ( 'NONE',  ( 27.74185835527917376, 17.30570070658509962, -4.336342635452348659 ) ) ;
#6208 = CYLINDRICAL_SURFACE ( 'NONE', #53, 1.999999999999998668 ) ;
#6209 = AXIS2_PLACEMENT_3D ( 'NONE', #6356, #5733, #1422 ) ;
#6210 = ORIENTED_EDGE ( 'NONE', *, *, #414, .F. ) ;
#6211 = AXIS2_PLACEMENT_3D ( 'NONE', #487, #634, #3378 ) ;
#6212 = ORIENTED_EDGE ( 'NONE', *, *, #4559, .T. ) ;
#6213 = CARTESIAN_POINT ( 'NONE',  ( -28.75000000000000000, 6.533848576154955623, -8.168005766205373774 ) ) ;
#6214 = EDGE_CURVE ( 'NONE', #2444, #6174, #1920, .T. ) ;
#6215 = CARTESIAN_POINT ( 'NONE',  ( 27.70017550636945813, 12.78244958997483849, -6.565710611436506916 ) ) ;
#6216 = PLANE ( 'NONE',  #5584 ) ;
#6217 = CARTESIAN_POINT ( 'NONE',  ( 28.84164486505683911, 12.78815238871200499, -12.56351435388655347 ) ) ;
#6218 = ORIENTED_EDGE ( 'NONE', *, *, #374, .T. ) ;
#6219 = ORIENTED_EDGE ( 'NONE', *, *, #5607, .T. ) ;
#6220 = CARTESIAN_POINT ( 'NONE',  ( 28.84148387507867284, 12.40475710815048060, -6.712291660733486154 ) ) ;
#6221 = ORIENTED_EDGE ( 'NONE', *, *, #2504, .F. ) ;
#6222 = CYLINDRICAL_SURFACE ( 'NONE', #4536, 5.000000000000000888 ) ;
#6223 = VERTEX_POINT ( 'NONE', #5911 ) ;
#6224 = DIRECTION ( 'NONE',  ( -0.000000000000000000, -1.000000000000000000, -0.000000000000000000 ) ) ;
#6225 = VECTOR ( 'NONE', #955, 1000.000000000000000 ) ;
#6226 = PRODUCT ( 'onebody-32-jiegoujian', 'onebody-32-jiegoujian', '', ( #1992 ) ) ;
#6227 = CARTESIAN_POINT ( 'NONE',  ( 28.87050000000000338, 7.595164061971811265, -14.02204835830875496 ) ) ;
#6228 = PERSON_AND_ORGANIZATION ( #4292, #6492 ) ;
#6229 = CARTESIAN_POINT ( 'NONE',  ( 28.86587430139116606, 17.67609029658036590, -10.11595012690076345 ) ) ;
#6230 = DIRECTION ( 'NONE',  ( -1.000000000000000000, 0.000000000000000000, 0.000000000000000000 ) ) ;
#6231 = CARTESIAN_POINT ( 'NONE',  ( 27.70537676165325536, 12.80674906753240805, -12.55614663883195625 ) ) ;
#6232 = EDGE_CURVE ( 'NONE', #5955, #6204, #265, .T. ) ;
#6233 = VECTOR ( 'NONE', #7057, 1000.000000000000000 ) ;
#6234 = ADVANCED_FACE ( 'NONE', ( #5229 ), #4151, .F. ) ;
#6235 = VERTEX_POINT ( 'NONE', #400 ) ;
#6236 = ORIENTED_EDGE ( 'NONE', *, *, #6670, .F. ) ;
#6237 = DIRECTION ( 'NONE',  ( 0.000000000000000000, 0.5446390350150199788, -0.8386705679454286022 ) ) ;
#6238 = CARTESIAN_POINT ( 'NONE',  ( -28.72867842971060526, 26.62099715902996167, -10.06271471323887212 ) ) ;
#6239 = EDGE_CURVE ( 'NONE', #2551, #2657, #3076, .T. ) ;
#6240 = VECTOR ( 'NONE', #5119, 999.9999999999998863 ) ;
#6241 = DIRECTION ( 'NONE',  ( 0.000000000000000000, 1.000000000000000000, 0.000000000000000000 ) ) ;
#6242 = LOCAL_TIME ( 15, 37, 27.00000000000000000, #4574 ) ;
#6243 = DIRECTION ( 'NONE',  ( -1.000000000000000000, -0.000000000000000000, -0.000000000000000000 ) ) ;
#6244 = VERTEX_POINT ( 'NONE', #1378 ) ;
#6245 = CARTESIAN_POINT ( 'NONE',  ( 0.4819321712667559710, 41.38673559920758294, -0.3065799834067605145 ) ) ;
#6246 = FACE_OUTER_BOUND ( 'NONE', #5618, .T. ) ;
#6247 = CC_DESIGN_SECURITY_CLASSIFICATION ( #2451, ( #3729 ) ) ;
#6248 = VECTOR ( 'NONE', #764, 1000.000000000000000 ) ;
#6249 = CARTESIAN_POINT ( 'NONE',  ( -27.45714249609124735, 2.151436147671463406, -17.40343343622502204 ) ) ;
#6250 = CARTESIAN_POINT ( 'NONE',  ( 28.86650291594963136, 17.51562214176200172, -4.212126022108165557 ) ) ;
#6251 = DIRECTION ( 'NONE',  ( 0.000000000000000000, 0.000000000000000000, 1.000000000000000000 ) ) ;
#6252 = ORIENTED_EDGE ( 'NONE', *, *, #6631, .T. ) ;
#6253 = CIRCLE ( 'NONE', #4405, 0.5999999999999998668 ) ;
#6254 = CARTESIAN_POINT ( 'NONE',  ( -15.00000000000000000, -1.000000000000000000, -26.30000000000000426 ) ) ;
#6255 = AXIS2_PLACEMENT_3D ( 'NONE', #1072, #1111, #1619 ) ;
#6256 = VECTOR ( 'NONE', #6744, 1000.000000000000000 ) ;
#6257 = CARTESIAN_POINT ( 'NONE',  ( 19.74999999999993960, 0.8499999999999927613, -18.24859595258460132 ) ) ;
#6258 = CYLINDRICAL_SURFACE ( 'NONE', #2135, 0.5999999999999998668 ) ;
#6259 = CARTESIAN_POINT ( 'NONE',  ( 28.87049999999999983, 12.63646016559187579, -12.62312138157669494 ) ) ;
#6260 = VERTEX_POINT ( 'NONE', #5262 ) ;
#6261 = ORIENTED_EDGE ( 'NONE', *, *, #2063, .F. ) ;
#6262 = CARTESIAN_POINT ( 'NONE',  ( -27.54999999999999716, 19.99231428492968732, -5.023205613750910459 ) ) ;
#6263 = AXIS2_PLACEMENT_3D ( 'NONE', #5393, #3788, #5257 ) ;
#6264 = ORIENTED_EDGE ( 'NONE', *, *, #7075, .F. ) ;
#6265 =( BOUNDED_SURFACE ( )  B_SPLINE_SURFACE ( 3, 2, ( 
 ( #2503, #6925, #6238 ),
 ( #1417, #5153, #1376 ),
 ( #221, #4691, #2534 ),
 ( #328, #3001, #873 ),
 ( #729, #1879, #261 ),
 ( #4616, #6784, #5258 ) ),
 .UNSPECIFIED., .F., .F., .F. ) 
 B_SPLINE_SURFACE_WITH_KNOTS ( ( 4, 2, 4 ),
 ( 3, 3 ),
 ( 5.201175520408429342, 5.560962919004223792, 5.920750317600019130 ),
 ( 0.000000000000000000, 1.000000000000000000 ),
 .UNSPECIFIED. ) 
 GEOMETRIC_REPRESENTATION_ITEM ( )  RATIONAL_B_SPLINE_SURFACE ( (
 ( 1.000000000000000000, 0.7923818237706850010, 1.000000000000000000),
 ( 1.000000000000000000, 0.8105849210216051759, 1.000000000000000000),
 ( 1.000000000000000000, 0.8263823954154769780, 1.000000000000000000),
 ( 1.000000000000000000, 0.8521071741357589824, 1.000000000000000000),
 ( 1.000000000000000000, 0.8620357483305725044, 1.000000000000000000),
 ( 1.000000000000000000, 0.8686936311380256681, 1.000000000000000000) ) ) 
 REPRESENTATION_ITEM ( '' )  SURFACE ( )  );
#6266 = PLANE ( 'NONE',  #5912 ) ;
#6267 = DIRECTION ( 'NONE',  ( -0.000000000000000000, -0.000000000000000000, -1.000000000000000000 ) ) ;
#6268 = CARTESIAN_POINT ( 'NONE',  ( 28.87770002840491301, 11.98478678026648758, -12.86792430713889956 ) ) ;
#6269 = CARTESIAN_POINT ( 'NONE',  ( 28.28351183893352072, 8.195022955416408905, -7.916229641503645276 ) ) ;
#6270 = DATE_AND_TIME ( #3998, #6839 ) ;
#6271 = CARTESIAN_POINT ( 'NONE',  ( 28.87050000013210393, 7.595130649044306459, -14.02184264405239666 ) ) ;
#6272 = DIRECTION ( 'NONE',  ( 1.000000000000000000, -0.000000000000000000, 0.000000000000000000 ) ) ;
#6273 = CARTESIAN_POINT ( 'NONE',  ( 28.25126462932190563, 13.19587239646722665, -12.39811805386699284 ) ) ;
#6274 = APPLICATION_CONTEXT ( 'configuration controlled 3d designs of mechanical parts and assemblies' ) ;
#6275 = EDGE_LOOP ( 'NONE', ( #6123, #4998, #4349, #6787 ) ) ;
#6276 = ORIENTED_EDGE ( 'NONE', *, *, #4611, .T. ) ;
#6277 = DIRECTION ( 'NONE',  ( 0.000000000000000000, 0.000000000000000000, -1.000000000000000000 ) ) ;
#6278 = DIRECTION ( 'NONE',  ( -1.000000000000000000, 0.000000000000000000, 0.000000000000000000 ) ) ;
#6279 = EDGE_CURVE ( 'NONE', #815, #2446, #3616, .T. ) ;
#6280 = CARTESIAN_POINT ( 'NONE',  ( -29.29488443924890717, 26.00000000000000355, -8.765994983667010132 ) ) ;
#6281 = FACE_OUTER_BOUND ( 'NONE', #4902, .T. ) ;
#6282 = EDGE_CURVE ( 'NONE', #1113, #606, #5473, .T. ) ;
#6283 = VERTEX_POINT ( 'NONE', #6530 ) ;
#6284 = CARTESIAN_POINT ( 'NONE',  ( 0.7091041713783111655, 41.30059529707407506, -0.3541291247497121986 ) ) ;
#6285 = DIRECTION ( 'NONE',  ( 1.000000000000000000, 0.000000000000000000, 0.000000000000000000 ) ) ;
#6286 = EDGE_CURVE ( 'NONE', #531, #6260, #8, .T. ) ;
#6287 = AXIS2_PLACEMENT_3D ( 'NONE', #6491, #7031, #465 ) ;
#6288 = LINE ( 'NONE', #4155, #6114 ) ;
#6289 = CARTESIAN_POINT ( 'NONE',  ( 27.85882582441578847, 17.15323215768329490, -4.425441336016966432 ) ) ;
#6290 = CARTESIAN_POINT ( 'NONE',  ( -29.95525891842207145, 24.52273519559118142, -11.42534196481403086 ) ) ;
#6291 = VERTEX_POINT ( 'NONE', #1669 ) ;
#6292 = EDGE_CURVE ( 'NONE', #4845, #4458, #3792, .T. ) ;
#6293 = CARTESIAN_POINT ( 'NONE',  ( -13.33257569495584960, 0.000000000000000000, -6.299999999999999822 ) ) ;
#6294 = DIRECTION ( 'NONE',  ( 0.000000000000000000, 0.000000000000000000, 1.000000000000000000 ) ) ;
#6295 = CARTESIAN_POINT ( 'NONE',  ( 4.000000000000000000, 26.42784580695890995, -7.772349138819023118 ) ) ;
#6296 = DIRECTION ( 'NONE',  ( 1.000000000000000000, -0.000000000000000000, -0.000000000000000000 ) ) ;
#6297 = ORIENTED_EDGE ( 'NONE', *, *, #3112, .F. ) ;
#6298 = VERTEX_POINT ( 'NONE', #5976 ) ;
#6299 = DIRECTION ( 'NONE',  ( 1.000000000000000000, -0.000000000000000000, -0.000000000000000000 ) ) ;
#6300 = ORIENTED_EDGE ( 'NONE', *, *, #3516, .F. ) ;
#6301 = DIRECTION ( 'NONE',  ( 1.000000000000000000, -1.865294060190139630E-16, -1.211336126233705471E-16 ) ) ;
#6302 = VERTEX_POINT ( 'NONE', #4327 ) ;
#6303 = DIRECTION ( 'NONE',  ( -1.000000000000000000, 0.000000000000000000, 0.000000000000000000 ) ) ;
#6304 = CYLINDRICAL_SURFACE ( 'NONE', #4043, 2.550000000000000266 ) ;
#6305 = SECURITY_CLASSIFICATION_LEVEL ( 'unclassified' ) ;
#6306 = DIRECTION ( 'NONE',  ( 1.000000000000000000, 0.000000000000000000, 0.000000000000000000 ) ) ;
#6307 = CARTESIAN_POINT ( 'NONE',  ( 29.29488443924890717, 26.00000000000000355, -8.765994983667010132 ) ) ;
#6308 = DIRECTION ( 'NONE',  ( -0.000000000000000000, -1.000000000000000000, -0.000000000000000000 ) ) ;
#6309 = ORIENTED_EDGE ( 'NONE', *, *, #3139, .T. ) ;
#6310 = VERTEX_POINT ( 'NONE', #3893 ) ;
#6311 = CARTESIAN_POINT ( 'NONE',  ( -40.00000000000000000, -8.000000000000000000, -16.30000000000000071 ) ) ;
#6312 = FACE_OUTER_BOUND ( 'NONE', #3922, .T. ) ;
#6313 = ADVANCED_FACE ( 'NONE', ( #1594 ), #6986, .F. ) ;
#6314 = CARTESIAN_POINT ( 'NONE',  ( -22.70637212269619809, -1.000000000000025757, -20.29999999988166337 ) ) ;
#6315 = DIRECTION ( 'NONE',  ( 1.000000000000000000, 0.000000000000000000, -0.000000000000000000 ) ) ;
#6316 = ORIENTED_EDGE ( 'NONE', *, *, #3282, .T. ) ;
#6317 = DIRECTION ( 'NONE',  ( 0.000000000000000000, 0.000000000000000000, 1.000000000000000000 ) ) ;
#6318 = DIRECTION ( 'NONE',  ( -0.9111948913690739449, 0.3455117849316500234, 0.2243779766738412118 ) ) ;
#6319 = DIRECTION ( 'NONE',  ( -0.000000000000000000, -0.000000000000000000, -1.000000000000000000 ) ) ;
#6320 = EDGE_CURVE ( 'NONE', #5339, #4064, #5399, .T. ) ;
#6321 = CARTESIAN_POINT ( 'NONE',  ( 15.00000000000000000, -1.000000000000001998, -20.30000000000000426 ) ) ;
#6322 = DIRECTION ( 'NONE',  ( -0.7071067811865472397, 0.7071067811865479058, 0.000000000000000000 ) ) ;
#6323 = CARTESIAN_POINT ( 'NONE',  ( 30.45000000000000284, 3.895476827896594774, -24.82084017564145029 ) ) ;
#6324 = ORIENTED_EDGE ( 'NONE', *, *, #907, .F. ) ;
#6325 = ADVANCED_FACE ( 'NONE', ( #4290 ), #1153, .F. ) ;
#6326 = ADVANCED_FACE ( 'NONE', ( #4827, #467 ), #7033, .F. ) ;
#6327 = CARTESIAN_POINT ( 'NONE',  ( 28.93960698924768593, 26.69989977455783858, -10.01147475559192124 ) ) ;
#6328 = EDGE_CURVE ( 'NONE', #3410, #1522, #4001, .T. ) ;
#6329 = AXIS2_PLACEMENT_3D ( 'NONE', #1924, #5195, #5265 ) ;
#6330 = DIRECTION ( 'NONE',  ( 0.000000000000000000, 0.000000000000000000, -1.000000000000000000 ) ) ;
#6331 = CARTESIAN_POINT ( 'NONE',  ( -25.54999999999999716, 10.26579213773892718, -7.430299433575039636 ) ) ;
#6332 = CIRCLE ( 'NONE', #3910, 0.6000000000000033085 ) ;
#6333 = VERTEX_POINT ( 'NONE', #2963 ) ;
#6334 = ORIENTED_EDGE ( 'NONE', *, *, #1058, .F. ) ;
#6335 = CARTESIAN_POINT ( 'NONE',  ( 26.14892996102331679, 3.459648682739367764, -16.55387028243574932 ) ) ;
#6336 = ORIENTED_EDGE ( 'NONE', *, *, #770, .F. ) ;
#6337 = AXIS2_PLACEMENT_3D ( 'NONE', #7036, #5945, #4465 ) ;
#6338 = CARTESIAN_POINT ( 'NONE',  ( -4.000000000000000000, 26.75480351115087529, -8.275819852153491141 ) ) ;
#6339 = ORIENTED_EDGE ( 'NONE', *, *, #4093, .T. ) ;
#6340 = DIRECTION ( 'NONE',  ( -0.000000000000000000, -0.000000000000000000, -1.000000000000000000 ) ) ;
#6341 = VECTOR ( 'NONE', #5599, 1000.000000000000000 ) ;
#6342 = ADVANCED_FACE ( 'NONE', ( #5115 ), #1264, .F. ) ;
#6343 = DIRECTION ( 'NONE',  ( 1.000000000000000000, 0.000000000000000000, -0.000000000000000000 ) ) ;
#6344 = DIRECTION ( 'NONE',  ( 1.000000000000000000, 0.000000000000000000, -0.000000000000000000 ) ) ;
#6345 = CYLINDRICAL_SURFACE ( 'NONE', #388, 5.000000000000000888 ) ;
#6346 = DIRECTION ( 'NONE',  ( -0.000000000000000000, -1.000000000000000000, -0.000000000000000000 ) ) ;
#6347 = ORIENTED_EDGE ( 'NONE', *, *, #212, .F. ) ;
#6348 = CARTESIAN_POINT ( 'NONE',  ( 28.85875399980142575, 7.458953380356121876, -14.04383578654465836 ) ) ;
#6349 = ORIENTED_EDGE ( 'NONE', *, *, #1966, .F. ) ;
#6350 = CARTESIAN_POINT ( 'NONE',  ( 30.56962396665061377, 7.999826915570069197, -7.953948428868302223 ) ) ;
#6351 = DIRECTION ( 'NONE',  ( -0.000000000000000000, -0.000000000000000000, 1.000000000000000000 ) ) ;
#6352 = AXIS2_PLACEMENT_3D ( 'NONE', #830, #5496, #2187 ) ;
#6353 = LINE ( 'NONE', #5290, #2460 ) ;
#6354 = CARTESIAN_POINT ( 'NONE',  ( -40.00000000000000000, -13.00000000000000178, -16.30000000000000071 ) ) ;
#6355 = COORDINATED_UNIVERSAL_TIME_OFFSET ( 8, 0, .AHEAD. ) ;
#6356 = CARTESIAN_POINT ( 'NONE',  ( -5.999999999999998224, -13.00000000000000178, -6.299999999999999822 ) ) ;
#6357 = CARTESIAN_POINT ( 'NONE',  ( 30.75000000000000000, 9.999999999999998224, -20.49880748697652066 ) ) ;
#6358 = CARTESIAN_POINT ( 'NONE',  ( 17.00000000000000000, -8.000000000000000000, -14.55000000000000071 ) ) ;
#6359 = DIRECTION ( 'NONE',  ( 1.000000000000000000, 0.000000000000000000, 0.000000000000000000 ) ) ;
#6360 = DIRECTION ( 'NONE',  ( -1.000000000000000000, 0.000000000000000000, -0.000000000000000000 ) ) ;
#6361 = VERTEX_POINT ( 'NONE', #4076 ) ;
#6362 = VECTOR ( 'NONE', #1190, 1000.000000000000000 ) ;
#6363 = CARTESIAN_POINT ( 'NONE',  ( 30.75000000000000000, 19.55514891348196471, -30.00000000000000000 ) ) ;
#6364 = CARTESIAN_POINT ( 'NONE',  ( 28.86720780006857368, 12.65510861345599913, -6.615799757300439232 ) ) ;
#6365 = CARTESIAN_POINT ( 'NONE',  ( -25.54999999999999716, 15.02850936711957708, -5.587864745152117507 ) ) ;
#6366 = EDGE_CURVE ( 'NONE', #5995, #5699, #3595, .T. ) ;
#6367 = ORIENTED_EDGE ( 'NONE', *, *, #72, .F. ) ;
#6368 = ORIENTED_EDGE ( 'NONE', *, *, #6089, .T. ) ;
#6369 = CARTESIAN_POINT ( 'NONE',  ( -25.54999999999999716, 10.89187225810119131, -7.242739865612526806 ) ) ;
#6370 = ORIENTED_EDGE ( 'NONE', *, *, #5552, .T. ) ;
#6371 = EDGE_CURVE ( 'NONE', #2008, #3424, #5149, .T. ) ;
#6372 = DIRECTION ( 'NONE',  ( 0.000000000000000000, 0.000000000000000000, 1.000000000000000000 ) ) ;
#6373 = VECTOR ( 'NONE', #5560, 999.9999999999998863 ) ;
#6374 = CARTESIAN_POINT ( 'NONE',  ( 27.67051078594679581, 17.59203583765680534, -10.16642761094669467 ) ) ;
#6375 = CARTESIAN_POINT ( 'NONE',  ( -30.75000000000000355, 26.65071305380440236, -10.04341698553369788 ) ) ;
#6376 = LINE ( 'NONE', #1445, #3293 ) ;
#6377 = VECTOR ( 'NONE', #5325, 1000.000000000000000 ) ;
#6378 = CARTESIAN_POINT ( 'NONE',  ( -5.000000000000000000, 2.000000000000002665, -20.35177722040744897 ) ) ;
#6379 = FACE_OUTER_BOUND ( 'NONE', #3373, .T. ) ;
#6380 = ORIENTED_EDGE ( 'NONE', *, *, #3419, .F. ) ;
#6381 = CARTESIAN_POINT ( 'NONE',  ( -15.00000000000000000, -1.000000000000001998, -20.30000000000000426 ) ) ;
#6382 = ORIENTED_EDGE ( 'NONE', *, *, #3245, .F. ) ;
#6383 = VECTOR ( 'NONE', #2559, 1000.000000000000000 ) ;
#6384 = DIRECTION ( 'NONE',  ( -0.000000000000000000, -0.000000000000000000, 1.000000000000000000 ) ) ;
#6385 = DIRECTION ( 'NONE',  ( 0.000000000000000000, 0.8386705679454210527, 0.5446390350150316362 ) ) ;
#6386 = CARTESIAN_POINT ( 'NONE',  ( -10.33257569495584960, 1.000000000000000000, -7.299999999999999822 ) ) ;
#6387 = DIRECTION ( 'NONE',  ( 1.000000000000000000, 0.000000000000000000, 0.000000000000000000 ) ) ;
#6388 = CARTESIAN_POINT ( 'NONE',  ( 22.17314923547797534, 0.8499999999999772182, -25.09859595246625474 ) ) ;
#6389 = CARTESIAN_POINT ( 'NONE',  ( 4.667424305044142407, 0.000000000000000000, -7.299999999999999822 ) ) ;
#6390 = CARTESIAN_POINT ( 'NONE',  ( 28.41290647777266187, 17.00370870850438365, -10.51189911271407418 ) ) ;
#6391 = CARTESIAN_POINT ( 'NONE',  ( -13.00000000000000178, 21.65689861817951822, -7.586440707836955788 ) ) ;
#6392 = DIRECTION ( 'NONE',  ( 1.000000000000000000, 0.000000000000000000, -0.000000000000000000 ) ) ;
#6393 = EDGE_CURVE ( 'NONE', #1411, #2, #5078, .T. ) ;
#6394 = CARTESIAN_POINT ( 'NONE',  ( 30.75000000000000000, 21.79415805328553191, -11.49730067965201918 ) ) ;
#6395 = ORIENTED_EDGE ( 'NONE', *, *, #3467, .F. ) ;
#6396 = DIRECTION ( 'NONE',  ( 0.000000000000000000, 0.000000000000000000, -1.000000000000000000 ) ) ;
#6397 = AXIS2_PLACEMENT_3D ( 'NONE', #4925, #6588, #5424 ) ;
#6398 = CARTESIAN_POINT ( 'NONE',  ( 0.7091041713783117206, 41.30059529707407506, -1.999999999999998224 ) ) ;
#6399 = LINE ( 'NONE', #4739, #3527 ) ;
#6400 = EDGE_LOOP ( 'NONE', ( #6276, #631, #6143, #6557 ) ) ;
#6401 = AXIS2_PLACEMENT_3D ( 'NONE', #3407, #778, #812 ) ;
#6402 = ORIENTED_EDGE ( 'NONE', *, *, #1079, .F. ) ;
#6403 = PLANE ( 'NONE',  #3723 ) ;
#6404 = ORIENTED_EDGE ( 'NONE', *, *, #6876, .F. ) ;
#6405 = CARTESIAN_POINT ( 'NONE',  ( 22.66742430504413974, 0.000000000000000000, -7.299999999999999822 ) ) ;
#6406 = CARTESIAN_POINT ( 'NONE',  ( -30.45000000000004547, 3.895476827896625860, -24.82084017564143252 ) ) ;
#6407 = VECTOR ( 'NONE', #1484, 1000.000000000000000 ) ;
#6408 = CARTESIAN_POINT ( 'NONE',  ( 7.667424305044145072, 1.000000000000000000, -7.299999999999999822 ) ) ;
#6409 = EDGE_CURVE ( 'NONE', #1682, #5788, #145, .T. ) ;
#6410 = DIRECTION ( 'NONE',  ( 1.000000000000000000, 0.000000000000000000, 0.000000000000000000 ) ) ;
#6411 = LINE ( 'NONE', #6888, #2583 ) ;
#6412 = ORIENTED_EDGE ( 'NONE', *, *, #3556, .T. ) ;
#6413 = CARTESIAN_POINT ( 'NONE',  ( -40.00000000000000000, -2.000000000000000000, -17.30000000000000426 ) ) ;
#6414 = ORIENTED_EDGE ( 'NONE', *, *, #5387, .T. ) ;
#6415 = EDGE_CURVE ( 'NONE', #2814, #1986, #484, .T. ) ;
#6416 = EDGE_CURVE ( 'NONE', #6625, #5493, #2306, .T. ) ;
#6417 = DIRECTION ( 'NONE',  ( 0.000000000000000000, 0.000000000000000000, 1.000000000000000000 ) ) ;
#6418 = ORIENTED_EDGE ( 'NONE', *, *, #6195, .T. ) ;
#6419 = CARTESIAN_POINT ( 'NONE',  ( 27.47050000000000125, 25.67423583211418858, -8.000000000000000000 ) ) ;
#6420 = DIRECTION ( 'NONE',  ( -1.000000000000000000, 0.000000000000000000, 0.000000000000000000 ) ) ;
#6421 = ADVANCED_FACE ( 'NONE', ( #4540, #217 ), #2418, .F. ) ;
#6422 = LINE ( 'NONE', #4115, #7056 ) ;
#6423 = B_SPLINE_CURVE_WITH_KNOTS ( 'NONE', 3,
 ( #6021, #1674, #1127, #3253, #2102, #2756 ),
 .UNSPECIFIED., .F., .F.,
 ( 4, 2, 4 ),
 ( 1.734723475976806902E-18, 0.0002073355406009790274, 0.0004146710812019563201 ),
 .UNSPECIFIED. ) ;
#6424 = DIRECTION ( 'NONE',  ( -1.000000000000000000, 0.000000000000000000, 0.000000000000000000 ) ) ;
#6425 = CARTESIAN_POINT ( 'NONE',  ( -28.74999999999999645, 18.90303388366647397, -3.345860888075808059 ) ) ;
#6426 = EDGE_LOOP ( 'NONE', ( #4842, #3312 ) ) ;
#6427 = CARTESIAN_POINT ( 'NONE',  ( 27.67063823135961087, 17.57462419388529895, -10.17685749672408946 ) ) ;
#6428 = EDGE_CURVE ( 'NONE', #4317, #688, #4140, .T. ) ;
#6429 = DIRECTION ( 'NONE',  ( 0.000000000000000000, 5.480694194524166577E-17, -1.000000000000000000 ) ) ;
#6430 = DIRECTION ( 'NONE',  ( 1.000000000000000000, 0.000000000000000000, -0.000000000000000000 ) ) ;
#6431 = DIRECTION ( 'NONE',  ( -0.000000000000000000, 0.5446390350150316362, -0.8386705679454210527 ) ) ;
#6432 = EDGE_LOOP ( 'NONE', ( #4365, #7130, #3631, #4796 ) ) ;
#6433 = CARTESIAN_POINT ( 'NONE',  ( -29.09665715643834005, 4.200000000000000178, -8.300000000000002487 ) ) ;
#6434 = DIRECTION ( 'NONE',  ( 1.000000000000000000, 0.000000000000000000, 0.000000000000000000 ) ) ;
#6435 = CARTESIAN_POINT ( 'NONE',  ( -25.54999999999999716, 12.41096626977630635, -6.716014900079604999 ) ) ;
#6436 = VERTEX_POINT ( 'NONE', #3672 ) ;
#6437 = VERTEX_POINT ( 'NONE', #5284 ) ;
#6438 = CARTESIAN_POINT ( 'NONE',  ( 13.66742430504414330, 0.000000000000000000, -7.299999999999999822 ) ) ;
#6439 = ORIENTED_EDGE ( 'NONE', *, *, #4166, .F. ) ;
#6440 = LINE ( 'NONE', #5893, #2998 ) ;
#6441 = CIRCLE ( 'NONE', #917, 11.00000000000000000 ) ;
#6442 = LINE ( 'NONE', #1548, #4982 ) ;
#6443 = LINE ( 'NONE', #7126, #6233 ) ;
#6444 = CARTESIAN_POINT ( 'NONE',  ( -30.76000000000000156, 2.000000000000000444, -24.35177722040744897 ) ) ;
#6445 = ORIENTED_EDGE ( 'NONE', *, *, #982, .F. ) ;
#6446 = CARTESIAN_POINT ( 'NONE',  ( 30.75000000000014921, 4.199999999975778664, -8.299999999905979919 ) ) ;
#6447 = VECTOR ( 'NONE', #3968, 1000.000000000000000 ) ;
#6448 = VERTEX_POINT ( 'NONE', #1946 ) ;
#6449 = VECTOR ( 'NONE', #1672, 1000.000000000000000 ) ;
#6450 = LINE ( 'NONE', #974, #3506 ) ;
#6451 = ORIENTED_EDGE ( 'NONE', *, *, #1790, .T. ) ;
#6452 = DIRECTION ( 'NONE',  ( 1.000000000000000000, 0.000000000000000000, 0.000000000000000000 ) ) ;
#6453 = DIRECTION ( 'NONE',  ( -0.000000000000000000, -0.000000000000000000, 1.000000000000000000 ) ) ;
#6454 =( BOUNDED_CURVE ( )  B_SPLINE_CURVE ( 3, ( #1579, #268, #3909, #3878 ),
 .UNSPECIFIED., .F., .T. ) 
 B_SPLINE_CURVE_WITH_KNOTS ( ( 4, 4 ),
 ( 3.917899782673135878, 4.712388980384696779 ),
 .UNSPECIFIED. ) 
 CURVE ( )  GEOMETRIC_REPRESENTATION_ITEM ( )  RATIONAL_B_SPLINE_CURVE ( ( 1.000000000000000000, 0.9480869999582355323, 0.9480869999582355323, 1.000000000000000000 ) ) 
 REPRESENTATION_ITEM ( '' )  );
#6455 = FACE_OUTER_BOUND ( 'NONE', #1654, .T. ) ;
#6456 = EDGE_CURVE ( 'NONE', #3144, #436, #5184, .T. ) ;
#6457 = CARTESIAN_POINT ( 'NONE',  ( 30.75000000000000000, 7.043627877288385797, -21.07640697963368481 ) ) ;
#6458 = CYLINDRICAL_SURFACE ( 'NONE', #3613, 4.100000000000000533 ) ;
#6459 = ADVANCED_FACE ( 'NONE', ( #1983 ), #3098, .F. ) ;
#6460 = ORIENTED_EDGE ( 'NONE', *, *, #4206, .T. ) ;
#6461 = FACE_OUTER_BOUND ( 'NONE', #5967, .T. ) ;
#6462 = AXIS2_PLACEMENT_3D ( 'NONE', #1247, #1214, #4561 ) ;
#6463 = CARTESIAN_POINT ( 'NONE',  ( 27.47050000000000125, 22.67423583211419214, -1.999999999999999556 ) ) ;
#6464 = CARTESIAN_POINT ( 'NONE',  ( 19.00000000000000355, -13.00000000000000178, -11.29999999999999893 ) ) ;
#6465 = DIRECTION ( 'NONE',  ( -0.000000000000000000, -0.000000000000000000, -1.000000000000000000 ) ) ;
#6466 = ORIENTED_EDGE ( 'NONE', *, *, #6409, .F. ) ;
#6467 = AXIS2_PLACEMENT_3D ( 'NONE', #4665, #5705, #777 ) ;
#6468 = CARTESIAN_POINT ( 'NONE',  ( 30.73786570733057744, 20.24871066079115778, -2.433997320962684174 ) ) ;
#6469 = DIRECTION ( 'NONE',  ( -0.000000000000000000, -0.000000000000000000, 1.000000000000000000 ) ) ;
#6470 = CARTESIAN_POINT ( 'NONE',  ( -27.54999999999999716, 10.26579213762219212, -7.430299433126657860 ) ) ;
#6471 = ORIENTED_EDGE ( 'NONE', *, *, #5351, .T. ) ;
#6472 = ORIENTED_EDGE ( 'NONE', *, *, #347, .F. ) ;
#6473 = CARTESIAN_POINT ( 'NONE',  ( -26.73039685096370377, 2.944055508025524404, -8.300000000000000711 ) ) ;
#6474 = VERTEX_POINT ( 'NONE', #4716 ) ;
#6475 = FACE_OUTER_BOUND ( 'NONE', #1193, .T. ) ;
#6476 = CARTESIAN_POINT ( 'NONE',  ( -19.74999999999992539, -0.5366082894954957716, -27.69906990457358731 ) ) ;
#6477 = AXIS2_PLACEMENT_3D ( 'NONE', #4150, #1418, #5809 ) ;
#6478 = FACE_OUTER_BOUND ( 'NONE', #4944, .T. ) ;
#6479 = CARTESIAN_POINT ( 'NONE',  ( 26.73039685096370377, 2.944055508025526180, -14.30000000000000071 ) ) ;
#6480 = ADVANCED_FACE ( 'NONE', ( #357 ), #5725, .F. ) ;
#6481 = ORIENTED_EDGE ( 'NONE', *, *, #1031, .F. ) ;
#6482 = LINE ( 'NONE', #5934, #7063 ) ;
#6483 = ORIENTED_EDGE ( 'NONE', *, *, #6636, .T. ) ;
#6484 = AXIS2_PLACEMENT_3D ( 'NONE', #522, #5926, #4343 ) ;
#6485 = VECTOR ( 'NONE', #6465, 1000.000000000000000 ) ;
#6486 = PLANE ( 'NONE',  #3392 ) ;
#6487 = ORIENTED_EDGE ( 'NONE', *, *, #3223, .F. ) ;
#6488 = CARTESIAN_POINT ( 'NONE',  ( -22.33257569495584605, 0.000000000000000000, -7.299999999999999822 ) ) ;
#6489 = DIRECTION ( 'NONE',  ( 0.000000000000000000, 0.000000000000000000, 1.000000000000000000 ) ) ;
#6490 = VECTOR ( 'NONE', #1294, 1000.000000000000000 ) ;
#6491 = CARTESIAN_POINT ( 'NONE',  ( 19.00000000000000355, -8.000000000000000000, -11.30000000000000071 ) ) ;
#6492 = ORGANIZATION ( '未', '未', '' ) ;
#6493 = CIRCLE ( 'NONE', #1197, 4.099999999999999645 ) ;
#6494 = CARTESIAN_POINT ( 'NONE',  ( 27.47050000000000125, 25.67423583211418858, -8.000000000000000000 ) ) ;
#6495 = CARTESIAN_POINT ( 'NONE',  ( 19.00000000000000355, -13.00000000000000178, -6.299999999999999822 ) ) ;
#6496 = AXIS2_PLACEMENT_3D ( 'NONE', #5216, #1944, #5317 ) ;
#6497 =( BOUNDED_CURVE ( )  B_SPLINE_CURVE ( 3, ( #4502, #1233, #4903, #6052 ),
 .UNSPECIFIED., .F., .T. ) 
 B_SPLINE_CURVE_WITH_KNOTS ( ( 4, 4 ),
 ( 1.079718795805362896, 1.570796326794896336 ),
 .UNSPECIFIED. ) 
 CURVE ( )  GEOMETRIC_REPRESENTATION_ITEM ( )  RATIONAL_B_SPLINE_CURVE ( ( 1.000000000000000000, 0.9800043354670610052, 0.9800043354670610052, 1.000000000000000000 ) ) 
 REPRESENTATION_ITEM ( '' )  );
#6498 = ORIENTED_EDGE ( 'NONE', *, *, #6725, .F. ) ;
#6499 = CARTESIAN_POINT ( 'NONE',  ( 27.73897420345197418, 17.30497439282216021, -10.33683090464474219 ) ) ;
#6500 = CARTESIAN_POINT ( 'NONE',  ( -5.999999999999998224, -2.000000000000001776, -16.30000000000000071 ) ) ;
#6501 = CARTESIAN_POINT ( 'NONE',  ( 0.000000000000000000, 41.43052276528985089, -0.4452963328806277543 ) ) ;
#6502 = ADVANCED_FACE ( 'NONE', ( #6920 ), #4110, .F. ) ;
#6503 = CARTESIAN_POINT ( 'NONE',  ( 27.85163628149374659, 17.15672225208713897, -10.42344816879991676 ) ) ;
#6504 = ORIENTED_EDGE ( 'NONE', *, *, #4431, .F. ) ;
#6505 = EDGE_CURVE ( 'NONE', #5545, #6892, #5862, .T. ) ;
#6506 = CARTESIAN_POINT ( 'NONE',  ( -7.313729199648195234, 32.64565663597156231, -3.999999999999998224 ) ) ;
#6507 = PLANE ( 'NONE',  #5991 ) ;
#6508 = CARTESIAN_POINT ( 'NONE',  ( -25.54999999999999716, 21.65689738087853655, -7.586438802560516947 ) ) ;
#6509 = EDGE_CURVE ( 'NONE', #1630, #6361, #602, .T. ) ;
#6510 = VERTEX_POINT ( 'NONE', #3570 ) ;
#6511 = EDGE_LOOP ( 'NONE', ( #146, #2182, #1670, #154, #3876, #705, #2294, #427 ) ) ;
#6512 = FACE_OUTER_BOUND ( 'NONE', #3530, .T. ) ;
#6513 = ORIENTED_EDGE ( 'NONE', *, *, #5921, .F. ) ;
#6514 = VECTOR ( 'NONE', #6179, 1000.000000000000000 ) ;
#6515 = CARTESIAN_POINT ( 'NONE',  ( 16.71372919964819559, 32.64565663597156231, -1.999999999999997780 ) ) ;
#6516 = CARTESIAN_POINT ( 'NONE',  ( -24.47050000000000125, 25.67423583211418858, -0.9999999999999978906 ) ) ;
#6517 = CARTESIAN_POINT ( 'NONE',  ( -30.66236257438485069, 21.17423583211418503, -1.999999999999998224 ) ) ;
#6518 = EDGE_CURVE ( 'NONE', #4628, #5892, #96, .T. ) ;
#6519 = VECTOR ( 'NONE', #4475, 1000.000000000000000 ) ;
#6520 = CARTESIAN_POINT ( 'NONE',  ( 27.98871838160093617, 13.12679839648481384, -12.42666258182755179 ) ) ;
#6521 = EDGE_LOOP ( 'NONE', ( #2851, #5572, #1468, #6003 ) ) ;
#6522 = CARTESIAN_POINT ( 'NONE',  ( -28.64476703625910048, 26.77651363899621373, -9.961721130281441461 ) ) ;
#6523 = VERTEX_POINT ( 'NONE', #4786 ) ;
#6524 = CARTESIAN_POINT ( 'NONE',  ( 28.58367277741258050, 7.083380111963410997, -8.099048150860786777 ) ) ;
#6525 = EDGE_LOOP ( 'NONE', ( #5715, #1885, #2623, #1224 ) ) ;
#6526 = CARTESIAN_POINT ( 'NONE',  ( -7.332575694955850487, 1.000000000000000000, -7.299999999999999822 ) ) ;
#6527 = CARTESIAN_POINT ( 'NONE',  ( -26.14892996102332390, 3.459648682739361547, -16.55387028243575287 ) ) ;
#6528 = CARTESIAN_POINT ( 'NONE',  ( 27.94544080369187711, 7.086473278599186187, -14.09864008297786597 ) ) ;
#6529 = DIRECTION ( 'NONE',  ( -0.000000000000000000, -0.000000000000000000, -1.000000000000000000 ) ) ;
#6530 = CARTESIAN_POINT ( 'NONE',  ( 30.44999999999999929, 10.16339171050450751, -20.75040865736014339 ) ) ;
#6531 = ORIENTED_EDGE ( 'NONE', *, *, #5797, .F. ) ;
#6532 = CARTESIAN_POINT ( 'NONE',  ( 28.61224557323579276, 17.09167015176790372, -10.46119044699159417 ) ) ;
#6533 = EDGE_CURVE ( 'NONE', #6235, #4952, #3033, .T. ) ;
#6534 = DIRECTION ( 'NONE',  ( 0.000000000000000000, 0.5446390350150303039, -0.8386705679454220519 ) ) ;
#6535 = LINE ( 'NONE', #7078, #844 ) ;
#6536 = CARTESIAN_POINT ( 'NONE',  ( 27.67377153112673582, 17.49707249073346560, -10.22324772324698117 ) ) ;
#6537 = VERTEX_POINT ( 'NONE', #6991 ) ;
#6538 = LINE ( 'NONE', #1572, #5165 ) ;
#6539 = DIRECTION ( 'NONE',  ( 0.000000000000000000, 0.5446390350150287496, -0.8386705679454228290 ) ) ;
#6540 = DIRECTION ( 'NONE',  ( 0.000000000000000000, 1.000000000000000000, 0.000000000000000000 ) ) ;
#6541 = DIRECTION ( 'NONE',  ( -0.000000000000000000, -0.000000000000000000, -1.000000000000000000 ) ) ;
#6542 = ADVANCED_FACE ( 'NONE', ( #4215, #867 ), #4752, .F. ) ;
#6543 = EDGE_CURVE ( 'NONE', #1972, #3992, #839, .T. ) ;
#6544 = ORIENTED_EDGE ( 'NONE', *, *, #4555, .T. ) ;
#6545 = VERTEX_POINT ( 'NONE', #3132 ) ;
#6546 = CARTESIAN_POINT ( 'NONE',  ( 28.71470181891130125, 26.77651363899621728, -9.961721130281439684 ) ) ;
#6547 = ORIENTED_EDGE ( 'NONE', *, *, #6279, .T. ) ;
#6548 = ADVANCED_FACE ( 'NONE', ( #6379 ), #2458, .F. ) ;
#6549 = FACE_OUTER_BOUND ( 'NONE', #5000, .T. ) ;
#6550 = DIRECTION ( 'NONE',  ( 0.000000000000000000, 1.000000000000000000, 0.000000000000000000 ) ) ;
#6551 = LINE ( 'NONE', #1508, #6926 ) ;
#6552 = DIRECTION ( 'NONE',  ( 0.000000000000000000, 0.000000000000000000, 1.000000000000000000 ) ) ;
#6553 = ORIENTED_EDGE ( 'NONE', *, *, #5608, .F. ) ;
#6554 = CARTESIAN_POINT ( 'NONE',  ( 27.78753653257712131, 7.230004462985467839, -8.078320062293581572 ) ) ;
#6555 = ORIENTED_EDGE ( 'NONE', *, *, #3066, .T. ) ;
#6556 = CARTESIAN_POINT ( 'NONE',  ( 28.06473052662173373, 7.027648110970707407, -14.10671115189135705 ) ) ;
#6557 = ORIENTED_EDGE ( 'NONE', *, *, #6456, .T. ) ;
#6558 = CARTESIAN_POINT ( 'NONE',  ( -30.75000000000000000, 10.00000000000000888, -20.49880748697651356 ) ) ;
#6559 = DIRECTION ( 'NONE',  ( 1.000000000000000000, 0.000000000000000000, 0.000000000000000000 ) ) ;
#6560 = CARTESIAN_POINT ( 'NONE',  ( 27.67054635446469035, 7.596441016828121562, -14.02143009566658449 ) ) ;
#6561 = CIRCLE ( 'NONE', #4250, 2.550000000000000266 ) ;
#6562 = DIRECTION ( 'NONE',  ( 0.000000000000000000, 0.000000000000000000, 1.000000000000000000 ) ) ;
#6563 = CARTESIAN_POINT ( 'NONE',  ( 27.90014759674626532, 17.95662918875902747, -9.944349413671949023 ) ) ;
#6564 = VECTOR ( 'NONE', #3484, 1000.000000000000227 ) ;
#6565 = ORIENTED_EDGE ( 'NONE', *, *, #992, .T. ) ;
#6566 = DIRECTION ( 'NONE',  ( -1.000000000000000000, 0.000000000000000000, 0.000000000000000000 ) ) ;
#6567 = CARTESIAN_POINT ( 'NONE',  ( 24.31599607491077819, 31.99942010729295205, -6.373845107460974546 ) ) ;
#6568 = FACE_OUTER_BOUND ( 'NONE', #2261, .T. ) ;
#6569 = CARTESIAN_POINT ( 'NONE',  ( -30.44999999999999929, 19.55514891348196826, -14.29362122842831440 ) ) ;
#6570 = CARTESIAN_POINT ( 'NONE',  ( 28.47392177800892910, 17.02569742946269571, -10.49923344011148174 ) ) ;
#6571 = ORIENTED_EDGE ( 'NONE', *, *, #1323, .F. ) ;
#6572 = CARTESIAN_POINT ( 'NONE',  ( -30.76000000000000156, 0.8499999999999909850, -25.09859595258459919 ) ) ;
#6573 = DIRECTION ( 'NONE',  ( 0.000000000000000000, 1.000000000000000000, 0.000000000000000000 ) ) ;
#6574 = DIRECTION ( 'NONE',  ( -0.000000000000000000, -0.000000000000000000, 1.000000000000000000 ) ) ;
#6575 = CARTESIAN_POINT ( 'NONE',  ( -7.332575694955850487, 1.000000000000000000, -6.299999999999999822 ) ) ;
#6576 = VECTOR ( 'NONE', #4704, 999.9999999999998863 ) ;
#6577 = EDGE_CURVE ( 'NONE', #425, #6333, #6130, .T. ) ;
#6578 = VERTEX_POINT ( 'NONE', #6856 ) ;
#6579 = ORIENTED_EDGE ( 'NONE', *, *, #1660, .F. ) ;
#6580 = CARTESIAN_POINT ( 'NONE',  ( -26.19365081389594607, -1.000000000000049516, -27.44746873418998945 ) ) ;
#6581 = ORIENTED_EDGE ( 'NONE', *, *, #3158, .T. ) ;
#6582 = DIRECTION ( 'NONE',  ( -1.000000000000000000, 0.000000000000000000, 0.000000000000000000 ) ) ;
#6583 = ADVANCED_FACE ( 'NONE', ( #2498 ), #426, .T. ) ;
#6584 = CARTESIAN_POINT ( 'NONE',  ( 28.75029000923934674, 17.95530334991890342, -9.946097367033141623 ) ) ;
#6585 = ADVANCED_FACE ( 'NONE', ( #7129, #972, #4927, #1553, #2633 ), #5191, .F. ) ;
#6586 = VECTOR ( 'NONE', #1305, 1000.000000000000000 ) ;
#6587 = PLANE ( 'NONE',  #364 ) ;
#6588 = DIRECTION ( 'NONE',  ( 0.000000000000000000, 0.5446390350150313031, -0.8386705679454212747 ) ) ;
#6589 = VERTEX_POINT ( 'NONE', #4963 ) ;
#6590 = LINE ( 'NONE', #3170, #2228 ) ;
#6591 = VERTEX_POINT ( 'NONE', #5426 ) ;
#6592 = CARTESIAN_POINT ( 'NONE',  ( 27.67048156746194110, 7.574494022413077232, -8.025405560642386860 ) ) ;
#6593 = ORIENTED_EDGE ( 'NONE', *, *, #592, .T. ) ;
#6594 = AXIS2_PLACEMENT_3D ( 'NONE', #772, #4620, #4546 ) ;
#6595 = EDGE_CURVE ( 'NONE', #4197, #4478, #7099, .T. ) ;
#6596 = CARTESIAN_POINT ( 'NONE',  ( 30.66236257438485069, 21.17423583211418503, -1.999999999999998224 ) ) ;
#6597 = DIRECTION ( 'NONE',  ( -0.000000000000000000, -1.000000000000000000, -0.000000000000000000 ) ) ;
#6598 = CARTESIAN_POINT ( 'NONE',  ( 28.33118566344025879, 6.994519772491075926, -14.11116913309379228 ) ) ;
#6599 = FACE_OUTER_BOUND ( 'NONE', #3979, .T. ) ;
#6600 = EDGE_CURVE ( 'NONE', #4111, #5321, #4186, .T. ) ;
#6601 = VECTOR ( 'NONE', #6529, 1000.000000000000000 ) ;
#6602 = CARTESIAN_POINT ( 'NONE',  ( 0.7091041713783111655, 41.30059529707407506, -30.00000000000000000 ) ) ;
#6603 = VERTEX_POINT ( 'NONE', #6522 ) ;
#6604 = DIRECTION ( 'NONE',  ( 1.000000000000000000, 0.000000000000000000, 0.000000000000000000 ) ) ;
#6605 = DIRECTION ( 'NONE',  ( -0.000000000000000000, -0.000000000000000000, 1.000000000000000000 ) ) ;
#6606 = VECTOR ( 'NONE', #3089, 1000.000000000000000 ) ;
#6607 = VECTOR ( 'NONE', #6684, 1000.000000000000000 ) ;
#6608 = CARTESIAN_POINT ( 'NONE',  ( -19.74999999999993605, 0.8499999999999929834, -18.24859595258460132 ) ) ;
#6609 = CARTESIAN_POINT ( 'NONE',  ( 23.20530645866632113, 1.527494037966162566, -17.80862617986496588 ) ) ;
#6610 = CARTESIAN_POINT ( 'NONE',  ( 28.54580489580780878, 17.05160269933389472, -10.48431180517453143 ) ) ;
#6611 = CIRCLE ( 'NONE', #6952, 11.00000000000000000 ) ;
#6612 = ORIENTED_EDGE ( 'NONE', *, *, #687, .T. ) ;
#6613 = CARTESIAN_POINT ( 'NONE',  ( 28.10802714172008976, 12.01164163321686118, -12.85820494036822126 ) ) ;
#6614 = FACE_OUTER_BOUND ( 'NONE', #6737, .T. ) ;
#6615 = CARTESIAN_POINT ( 'NONE',  ( -5.000000000000000000, 0.000000000000000000, 0.000000000000000000 ) ) ;
#6616 = VERTEX_POINT ( 'NONE', #3783 ) ;
#6617 = VERTEX_POINT ( 'NONE', #3708 ) ;
#6618 = CARTESIAN_POINT ( 'NONE',  ( 27.90779877342132664, 6.980877898085028121, -14.11496547647058541 ) ) ;
#6619 = ORIENTED_EDGE ( 'NONE', *, *, #1880, .F. ) ;
#6620 = DIRECTION ( 'NONE',  ( 0.000000000000000000, 5.480694194524166577E-17, -1.000000000000000000 ) ) ;
#6621 = CARTESIAN_POINT ( 'NONE',  ( 28.75029000923934674, 17.95530334991890342, -3.946097366860395361 ) ) ;
#6622 = EDGE_CURVE ( 'NONE', #5955, #4628, #6590, .T. ) ;
#6623 = CARTESIAN_POINT ( 'NONE',  ( 28.64821186909769324, 13.06515375201619733, -6.451969002060076619 ) ) ;
#6624 = CARTESIAN_POINT ( 'NONE',  ( 27.67668008622890241, 12.69076370021564415, -6.601884580370474431 ) ) ;
#6625 = VERTEX_POINT ( 'NONE', #3274 ) ;
#6626 = DIRECTION ( 'NONE',  ( 0.000000000000000000, 0.000000000000000000, -1.000000000000000000 ) ) ;
#6627 = EDGE_LOOP ( 'NONE', ( #5047, #2410, #2398, #1851 ) ) ;
#6628 = DIRECTION ( 'NONE',  ( -1.000000000000000000, 0.000000000000000000, 0.000000000000000000 ) ) ;
#6629 = ORIENTED_EDGE ( 'NONE', *, *, #4824, .T. ) ;
#6630 = FACE_OUTER_BOUND ( 'NONE', #71, .T. ) ;
#6631 = EDGE_CURVE ( 'NONE', #4144, #4234, #6681, .T. ) ;
#6632 = CARTESIAN_POINT ( 'NONE',  ( 28.77939009397773873, 7.270099831554070136, -14.07244420435670129 ) ) ;
#6633 = DIRECTION ( 'NONE',  ( -0.000000000000000000, -0.000000000000000000, -1.000000000000000000 ) ) ;
#6634 = CARTESIAN_POINT ( 'NONE',  ( 28.64288908507389664, 16.98119071975038707, -10.52657535398758171 ) ) ;
#6635 = ADVANCED_FACE ( 'NONE', ( #3850 ), #5358, .T. ) ;
#6636 = EDGE_CURVE ( 'NONE', #5617, #1618, #568, .T. ) ;
#6637 = ORIENTED_EDGE ( 'NONE', *, *, #1659, .T. ) ;
#6638 = CARTESIAN_POINT ( 'NONE',  ( 20.96191565963060555, 33.46357373260055823, -5.619093529326671721 ) ) ;
#6639 = FACE_OUTER_BOUND ( 'NONE', #1620, .T. ) ;
#6640 = B_SPLINE_CURVE_WITH_KNOTS ( 'NONE', 3,
 ( #1523, #5369, #4867, #7074, #5980, #2131, #7002, #6532, #4766, #1596, #6390, #437, #4225, #6930, #3794, #3654, #4192, #981, #1048, #509, #5844, #1458, #1994, #6499, #2643, #3249, #3760, #912, #6427, #3109, #369 ),
 .UNSPECIFIED., .F., .F.,
 ( 4, 3, 3, 3, 3, 3, 3, 3, 3, 3, 4 ),
 ( 0.000000000000000000, 0.07573067920592514712, 0.1415874300766825356, 0.1993127790845525826, 0.2481308669859073890, 0.2918711916265803730, 0.3351044208234808530, 0.3814019355360129815, 0.4333935850931007749, 0.4925268341076867729, 0.5000000000000000000 ),
 .UNSPECIFIED. ) ;
#6641 = EDGE_CURVE ( 'NONE', #2849, #5350, #4279, .T. ) ;
#6642 = APPROVAL_ROLE ( '' ) ;
#6643 = DIRECTION ( 'NONE',  ( 0.000000000000000000, 0.000000000000000000, 1.000000000000000000 ) ) ;
#6644 = CARTESIAN_POINT ( 'NONE',  ( 28.22054481149277549, 16.98930068220323264, -4.520170976764243953 ) ) ;
#6645 = EDGE_LOOP ( 'NONE', ( #5591, #1780, #4601, #4334 ) ) ;
#6646 = CARTESIAN_POINT ( 'NONE',  ( 27.84061133674667587, 12.17409883513065338, -12.79871491758298774 ) ) ;
#6647 = EDGE_CURVE ( 'NONE', #1365, #4557, #6482, .T. ) ;
#6648 = CARTESIAN_POINT ( 'NONE',  ( 27.67042399338503245, 12.57236563500623383, -12.64799489665663046 ) ) ;
#6649 = CARTESIAN_POINT ( 'NONE',  ( 24.47050000000000125, 25.67423583211418858, -1.999999999999997780 ) ) ;
#6650 = DIRECTION ( 'NONE',  ( 0.000000000000000000, 0.000000000000000000, 1.000000000000000000 ) ) ;
#6651 = ORIENTED_EDGE ( 'NONE', *, *, #5921, .T. ) ;
#6652 = ORIENTED_EDGE ( 'NONE', *, *, #6543, .T. ) ;
#6653 = FACE_OUTER_BOUND ( 'NONE', #2977, .T. ) ;
#6654 = ORIENTED_EDGE ( 'NONE', *, *, #6232, .F. ) ;
#6655 = CARTESIAN_POINT ( 'NONE',  ( -15.09999999999999964, -1.000000000000001998, -26.30000000000000426 ) ) ;
#6656 = CARTESIAN_POINT ( 'NONE',  ( 28.87050000000000338, 17.59016140548693130, -10.16755137837452594 ) ) ;
#6657 = CARTESIAN_POINT ( 'NONE',  ( -30.75000000000000355, 19.55514891347531758, -2.911877845549248889 ) ) ;
#6658 = CARTESIAN_POINT ( 'NONE',  ( 28.42730016587939801, 8.179827966309099807, -7.919138615060903774 ) ) ;
#6659 = ORIENTED_EDGE ( 'NONE', *, *, #3239, .F. ) ;
#6660 = CARTESIAN_POINT ( 'NONE',  ( 28.35157522944934172, 11.99268873696019355, -6.865066988418248251 ) ) ;
#6661 = VERTEX_POINT ( 'NONE', #2665 ) ;
#6662 = CARTESIAN_POINT ( 'NONE',  ( 27.79657024527320530, 7.221204040034849392, -14.07957374834167652 ) ) ;
#6663 = VERTEX_POINT ( 'NONE', #7060 ) ;
#6664 = PLANE ( 'NONE',  #964 ) ;
#6665 = CARTESIAN_POINT ( 'NONE',  ( 28.54009965123352899, 8.135228684343793759, -13.92754004106708443 ) ) ;
#6666 = LINE ( 'NONE', #5615, #6256 ) ;
#6667 = CARTESIAN_POINT ( 'NONE',  ( -30.76000000000000156, 2.000000000000000444, -20.35177722040744897 ) ) ;
#6668 = ORIENTED_EDGE ( 'NONE', *, *, #205, .T. ) ;
#6669 = CARTESIAN_POINT ( 'NONE',  ( 30.75000000000000000, 9.999999999999998224, -30.00000000000000000 ) ) ;
#6670 = EDGE_CURVE ( 'NONE', #6436, #247, #70, .T. ) ;
#6671 = AXIS2_PLACEMENT_3D ( 'NONE', #6828, #879, #810 ) ;
#6672 = ADVANCED_FACE ( 'NONE', ( #101 ), #6183, .F. ) ;
#6673 = VECTOR ( 'NONE', #3341, 1000.000000000000000 ) ;
#6674 = FACE_OUTER_BOUND ( 'NONE', #6176, .T. ) ;
#6675 = CARTESIAN_POINT ( 'NONE',  ( 27.47050000000000125, 25.67423583211418858, -8.000000000000000000 ) ) ;
#6676 = EDGE_CURVE ( 'NONE', #324, #4661, #2926, .T. ) ;
#6677 = ORIENTED_EDGE ( 'NONE', *, *, #1079, .T. ) ;
#6678 = VECTOR ( 'NONE', #2387, 1000.000000000000000 ) ;
#6679 = AXIS2_PLACEMENT_3D ( 'NONE', #3827, #510, #4736 ) ;
#6680 = CARTESIAN_POINT ( 'NONE',  ( 27.72980324354168147, 12.33257233107387663, -12.73957004316838137 ) ) ;
#6681 = B_SPLINE_CURVE_WITH_KNOTS ( 'NONE', 3,
 ( #7021, #493, #2156, #2084, #3235, #1586, #2704, #4385, #4891, #1655, #4350, #6554, #3814, #5463, #3313, #532, #2742, #3198 ),
 .UNSPECIFIED., .F., .F.,
 ( 4, 2, 2, 2, 2, 2, 2, 2, 4 ),
 ( 0.000000000000000000, 0.06249999999119541100, 0.1249999999823908220, 0.2499999999647810334, 0.3124999999559747721, 0.3749999999471684831, 0.4374999999383623051, 0.4687499999339598267, 0.4999999999295574038 ),
 .UNSPECIFIED. ) ;
#6682 = DIRECTION ( 'NONE',  ( -1.945689253739528468E-15, -0.5446390350150299708, 0.8386705679454221629 ) ) ;
#6683 = DIRECTION ( 'NONE',  ( -0.000000000000000000, -0.000000000000000000, 1.000000000000000000 ) ) ;
#6684 = DIRECTION ( 'NONE',  ( -1.000000000000000000, -0.000000000000000000, -0.000000000000000000 ) ) ;
#6685 = VERTEX_POINT ( 'NONE', #5534 ) ;
#6686 = ORIENTED_EDGE ( 'NONE', *, *, #4368, .F. ) ;
#6687 = CARTESIAN_POINT ( 'NONE',  ( 27.65765206960008982, 7.714578722900625074, -14.00279620436713834 ) ) ;
#6688 = ORIENTED_EDGE ( 'NONE', *, *, #4014, .F. ) ;
#6689 = CARTESIAN_POINT ( 'NONE',  ( 7.313729199648195234, 32.64565663597156231, -3.999999999999998224 ) ) ;
#6690 = CARTESIAN_POINT ( 'NONE',  ( 1.667424305044146848, 1.000000000000000000, -6.299999999999999822 ) ) ;
#6691 = B_SPLINE_CURVE_WITH_KNOTS ( 'NONE', 3,
 ( #1015, #471, #5846, #2169, #7003, #2682, #4870, #7077, #3795, #5982, #3252, #5444, #4362, #913, #5147, #6813, #1804, #545, #1297, #1337, #1837, #142, #5723, #5649, #5076, #3535, #2342, #4941, #6229, #215, #1673 ),
 .UNSPECIFIED., .F., .F.,
 ( 4, 3, 3, 3, 3, 3, 3, 3, 3, 3, 4 ),
 ( 0.5000000000000000000, 0.5579258389852446154, 0.6249883765359172116, 0.6758043588897907350, 0.7270398925195689088, 0.7719247929344204007, 0.8139173813206757035, 0.8577617231082526050, 0.9069116879425165312, 0.9634906096124122854, 1.000000000000000000 ),
 .UNSPECIFIED. ) ;
#6692 = CARTESIAN_POINT ( 'NONE',  ( -4.000000000000000000, 26.00000000000000355, -4.765994983667008356 ) ) ;
#6693 = AXIS2_PLACEMENT_3D ( 'NONE', #3167, #5354, #4315 ) ;
#6694 = CARTESIAN_POINT ( 'NONE',  ( 28.81590650338566917, 12.85165613127453632, -12.53822190078971310 ) ) ;
#6695 = EDGE_LOOP ( 'NONE', ( #4882, #4740, #5359, #1857 ) ) ;
#6696 = CARTESIAN_POINT ( 'NONE',  ( 27.67516367507074548, 12.51824816877926061, -6.668874317359856363 ) ) ;
#6697 = ORIENTED_EDGE ( 'NONE', *, *, #1966, .T. ) ;
#6698 = VECTOR ( 'NONE', #3690, 1000.000000000000000 ) ;
#6699 = DIRECTION ( 'NONE',  ( 0.000000000000000000, 1.000000000000000000, 5.480694194524166577E-17 ) ) ;
#6700 = ORIENTED_EDGE ( 'NONE', *, *, #2680, .F. ) ;
#6701 = CARTESIAN_POINT ( 'NONE',  ( -22.60210825258857525, -0.6481831357460541287, -27.22522726048500630 ) ) ;
#6702 = CARTESIAN_POINT ( 'NONE',  ( 27.80353964682823076, 7.978017812503656714, -7.956518121321197512 ) ) ;
#6703 = EDGE_CURVE ( 'NONE', #5209, #4241, #236, .T. ) ;
#6704 = CARTESIAN_POINT ( 'NONE',  ( 20.45032130583627605, -0.5366082894942099113, -27.69906990457274887 ) ) ;
#6705 = CARTESIAN_POINT ( 'NONE',  ( -22.33257569495584605, 1.000000000000000000, -6.299999999999999822 ) ) ;
#6706 = ORIENTED_EDGE ( 'NONE', *, *, #6415, .F. ) ;
#6707 = VECTOR ( 'NONE', #6424, 1000.000000000000000 ) ;
#6708 = ORIENTED_EDGE ( 'NONE', *, *, #3449, .F. ) ;
#6709 = PLANE ( 'NONE',  #232 ) ;
#6710 = DIRECTION ( 'NONE',  ( 0.000000000000000000, 0.000000000000000000, -1.000000000000000000 ) ) ;
#6711 = AXIS2_PLACEMENT_3D ( 'NONE', #2170, #3327, #6643 ) ;
#6712 = DIRECTION ( 'NONE',  ( 0.000000000000000000, 0.5446390350150313031, -0.8386705679454212747 ) ) ;
#6713 = CARTESIAN_POINT ( 'NONE',  ( -13.33257569495584960, 1.000000000000000000, -7.299999999999999822 ) ) ;
#6714 = ORIENTED_EDGE ( 'NONE', *, *, #6093, .T. ) ;
#6715 = VECTOR ( 'NONE', #5900, 1000.000000000000000 ) ;
#6716 = VECTOR ( 'NONE', #629, 1000.000000000000000 ) ;
#6717 = CARTESIAN_POINT ( 'NONE',  ( 27.99173611357750246, 12.06135237656869030, -12.84012285677093068 ) ) ;
#6718 = EDGE_CURVE ( 'NONE', #4317, #6244, #208, .T. ) ;
#6719 = AXIS2_PLACEMENT_3D ( 'NONE', #3533, #6303, #1259 ) ;
#6720 = CARTESIAN_POINT ( 'NONE',  ( 27.68156795770906342, 12.45990506206298498, -6.691346781629078144 ) ) ;
#6721 = CARTESIAN_POINT ( 'NONE',  ( 28.12612116340071822, 17.00730370430875027, -4.509821787102297641 ) ) ;
#6722 = CARTESIAN_POINT ( 'NONE',  ( 27.45714249609124025, 2.151436147671464738, -24.25343343622501990 ) ) ;
#6723 = ORIENTED_EDGE ( 'NONE', *, *, #5795, .F. ) ;
#6724 = CARTESIAN_POINT ( 'NONE',  ( 28.15258447099405714, 6.982336501685224128, -14.11294309938906189 ) ) ;
#6725 = EDGE_CURVE ( 'NONE', #727, #2736, #1975, .T. ) ;
#6726 = ORIENTED_EDGE ( 'NONE', *, *, #3861, .T. ) ;
#6727 = VECTOR ( 'NONE', #6628, 1000.000000000000000 ) ;
#6728 = DIRECTION ( 'NONE',  ( 0.000000000000000000, -0.8386705679454210527, -0.5446390350150316362 ) ) ;
#6729 =( BOUNDED_CURVE ( )  B_SPLINE_CURVE ( 3, ( #4693, #4222, #6457, #3683 ),
 .UNSPECIFIED., .F., .T. ) 
 B_SPLINE_CURVE_WITH_KNOTS ( ( 4, 4 ),
 ( 3.926990816987237398, 4.712388980384689674 ),
 .UNSPECIFIED. ) 
 CURVE ( )  GEOMETRIC_REPRESENTATION_ITEM ( )  RATIONAL_B_SPLINE_CURVE ( ( 1.000000000000000000, 0.9492530216741906779, 0.9492530216741906779, 1.000000000000000000 ) ) 
 REPRESENTATION_ITEM ( '' )  );
#6730 = EDGE_CURVE ( 'NONE', #6892, #963, #5717, .T. ) ;
#6731 = CARTESIAN_POINT ( 'NONE',  ( -13.00000000000000178, -1.000000000000000000, -22.30000000000000426 ) ) ;
#6732 = DIRECTION ( 'NONE',  ( 0.000000000000000000, -0.000000000000000000, -1.000000000000000000 ) ) ;
#6733 = CARTESIAN_POINT ( 'NONE',  ( 16.66742430504413974, 0.000000000000000000, -7.299999999999999822 ) ) ;
#6734 = ORIENTED_EDGE ( 'NONE', *, *, #1698, .F. ) ;
#6735 = ORIENTED_EDGE ( 'NONE', *, *, #6622, .T. ) ;
#6736 = CARTESIAN_POINT ( 'NONE',  ( 27.67054835758931475, 12.59551601243145846, -6.639008696769308493 ) ) ;
#6737 = EDGE_LOOP ( 'NONE', ( #4676, #3698, #5944, #1606 ) ) ;
#6738 = CARTESIAN_POINT ( 'NONE',  ( 5.999999999999998224, -13.00000000000000178, -26.30000000000000426 ) ) ;
#6739 = EDGE_LOOP ( 'NONE', ( #6714, #2488, #2347, #961 ) ) ;
#6740 = CARTESIAN_POINT ( 'NONE',  ( 30.75000000000000000, 19.55514891348196471, -12.95133021627909997 ) ) ;
#6741 = ADVANCED_FACE ( 'NONE', ( #790 ), #5210, .F. ) ;
#6742 = CARTESIAN_POINT ( 'NONE',  ( 27.95891620966908775, 8.112347964077805784, -7.931846704824023320 ) ) ;
#6743 = LINE ( 'NONE', #3500, #23 ) ;
#6744 = DIRECTION ( 'NONE',  ( 1.000000000000000000, -0.000000000000000000, -0.000000000000000000 ) ) ;
#6745 = DIRECTION ( 'NONE',  ( 1.334402673828313586E-16, -1.000000000000000000, 0.000000000000000000 ) ) ;
#6746 = ORIENTED_EDGE ( 'NONE', *, *, #3237, .T. ) ;
#6747 = VECTOR ( 'NONE', #2048, 1000.000000000000000 ) ;
#6748 = ORIENTED_EDGE ( 'NONE', *, *, #6139, .F. ) ;
#6749 = CARTESIAN_POINT ( 'NONE',  ( 19.66742430504413974, 0.000000000000000000, -6.299999999999999822 ) ) ;
#6750 = CARTESIAN_POINT ( 'NONE',  ( -28.96319972734610815, 26.65524419208637497, -9.774982557803797434 ) ) ;
#6751 = CARTESIAN_POINT ( 'NONE',  ( -23.19415089127124219, 1.685084207392379740, -18.55628592722629477 ) ) ;
#6752 = AXIS2_PLACEMENT_3D ( 'NONE', #3802, #5988, #3977 ) ;
#6753 = DIRECTION ( 'NONE',  ( -0.000000000000000000, -0.000000000000000000, -1.000000000000000000 ) ) ;
#6754 = ORIENTED_EDGE ( 'NONE', *, *, #5295, .F. ) ;
#6755 = EDGE_CURVE ( 'NONE', #3972, #6184, #1939, .T. ) ;
#6756 = FACE_OUTER_BOUND ( 'NONE', #5950, .T. ) ;
#6757 = CARTESIAN_POINT ( 'NONE',  ( 28.04693665933139002, 12.03239017310394487, -12.85068796427760951 ) ) ;
#6758 = FACE_OUTER_BOUND ( 'NONE', #4311, .T. ) ;
#6759 = CARTESIAN_POINT ( 'NONE',  ( -30.29975798135936671, 22.13918332465622640, -12.97323864857886022 ) ) ;
#6760 = ORIENTED_EDGE ( 'NONE', *, *, #2220, .T. ) ;
#6761 = EDGE_LOOP ( 'NONE', ( #1254, #276, #2485, #1832 ) ) ;
#6762 = DIRECTION ( 'NONE',  ( 0.000000000000000000, 0.000000000000000000, 1.000000000000000000 ) ) ;
#6763 = ADVANCED_FACE ( 'NONE', ( #5853, #2009 ), #6403, .F. ) ;
#6764 = PLANE ( 'NONE',  #4735 ) ;
#6765 = CARTESIAN_POINT ( 'NONE',  ( -27.54999999999999716, 18.97118893417348318, -3.301301652461893887 ) ) ;
#6766 = ADVANCED_FACE ( 'NONE', ( #1469 ), #4709, .F. ) ;
#6767 = CARTESIAN_POINT ( 'NONE',  ( 27.74926126968700757, 7.895087232233518826, -7.971256664586208629 ) ) ;
#6768 = ORIENTED_EDGE ( 'NONE', *, *, #3200, .F. ) ;
#6769 = ORIENTED_EDGE ( 'NONE', *, *, #4257, .T. ) ;
#6770 = CARTESIAN_POINT ( 'NONE',  ( 28.86600904955709268, 12.51882434024664903, -6.668653985691813446 ) ) ;
#6771 = ORIENTED_EDGE ( 'NONE', *, *, #4702, .F. ) ;
#6772 = EDGE_CURVE ( 'NONE', #289, #4478, #4642, .T. ) ;
#6773 =( BOUNDED_CURVE ( )  B_SPLINE_CURVE ( 3, ( #872, #5363, #397, #2670 ),
 .UNSPECIFIED., .F., .T. ) 
 B_SPLINE_CURVE_WITH_KNOTS ( ( 4, 4 ),
 ( 4.712388980384689674, 5.195913946661929295 ),
 .UNSPECIFIED. ) 
 CURVE ( )  GEOMETRIC_REPRESENTATION_ITEM ( )  RATIONAL_B_SPLINE_CURVE ( ( 1.000000000000000000, 0.9806116796946159342, 0.9806116796946159342, 1.000000000000000000 ) ) 
 REPRESENTATION_ITEM ( '' )  );
#6774 = CARTESIAN_POINT ( 'NONE',  ( 6.000000000000001776, -8.000000000000000000, -23.85000000000000497 ) ) ;
#6775 = ORIENTED_EDGE ( 'NONE', *, *, #5174, .T. ) ;
#6776 = CARTESIAN_POINT ( 'NONE',  ( 7.667424305044145072, 1.000000000000000000, -7.299999999999999822 ) ) ;
#6777 = CARTESIAN_POINT ( 'NONE',  ( 28.47819592955373480, 8.158069383354282778, -7.923231689111652543 ) ) ;
#6778 = PLANE ( 'NONE',  #4965 ) ;
#6779 = CARTESIAN_POINT ( 'NONE',  ( -30.67110474797340558, -1.062526104210636868, -19.49060492684744972 ) ) ;
#6780 = CARTESIAN_POINT ( 'NONE',  ( 28.86566205091875403, 12.68044189782959563, -12.60592570447678895 ) ) ;
#6781 = ORIENTED_EDGE ( 'NONE', *, *, #4026, .T. ) ;
#6782 = ORIENTED_EDGE ( 'NONE', *, *, #6862, .F. ) ;
#6783 = LINE ( 'NONE', #1916, #456 ) ;
#6784 = CARTESIAN_POINT ( 'NONE',  ( -21.03239113737820531, 33.59430192140524696, -5.534197650871949037 ) ) ;
#6785 = CARTESIAN_POINT ( 'NONE',  ( 4.000000000000000000, 26.00000000000000355, -8.050195454575856502 ) ) ;
#6786 = CARTESIAN_POINT ( 'NONE',  ( -1.332575694955852263, 0.000000000000000000, -6.299999999999999822 ) ) ;
#6787 = ORIENTED_EDGE ( 'NONE', *, *, #4296, .T. ) ;
#6788 = CARTESIAN_POINT ( 'NONE',  ( 0.7091041713783111655, 41.30059529707407506, -0.3541291247497121986 ) ) ;
#6789 = VECTOR ( 'NONE', #2747, 1000.000000000000114 ) ;
#6790 = DIRECTION ( 'NONE',  ( -1.000000000000000000, 0.000000000000000000, -0.000000000000000000 ) ) ;
#6791 = VECTOR ( 'NONE', #6105, 1000.000000000000000 ) ;
#6792 = CARTESIAN_POINT ( 'NONE',  ( -30.75000000000000000, 19.55514891348196826, -12.95133021627909642 ) ) ;
#6793 = CARTESIAN_POINT ( 'NONE',  ( 27.71643497219607255, 17.35935723836592004, -4.304758877043038723 ) ) ;
#6794 = CARTESIAN_POINT ( 'NONE',  ( -30.75000000000000000, 20.79024394941604115, -13.50758273566963830 ) ) ;
#6795 = AXIS2_PLACEMENT_3D ( 'NONE', #4293, #404, #5914 ) ;
#6796 = VERTEX_POINT ( 'NONE', #350 ) ;
#6797 = AXIS2_PLACEMENT_3D ( 'NONE', #4885, #7093, #2151 ) ;
#6798 = DIRECTION ( 'NONE',  ( -0.000000000000000000, -1.000000000000000000, -0.000000000000000000 ) ) ;
#6799 = LINE ( 'NONE', #1896, #4159 ) ;
#6800 = CARTESIAN_POINT ( 'NONE',  ( 10.66742430504414507, 1.000000000000000000, -6.299999999999999822 ) ) ;
#6801 = CARTESIAN_POINT ( 'NONE',  ( 28.25126462932190563, 13.19587239646722665, -12.39811805386698929 ) ) ;
#6802 = ORIENTED_EDGE ( 'NONE', *, *, #6901, .F. ) ;
#6803 = VERTEX_POINT ( 'NONE', #6335 ) ;
#6804 = DIRECTION ( 'NONE',  ( 0.000000000000000000, 5.480694194524166577E-17, -1.000000000000000000 ) ) ;
#6805 = VERTEX_POINT ( 'NONE', #1397 ) ;
#6806 = ADVANCED_FACE ( 'NONE', ( #2553 ), #5312, .T. ) ;
#6807 = CARTESIAN_POINT ( 'NONE',  ( 0.000000000000000000, -8.000000000000000000, -11.30000000000000071 ) ) ;
#6808 = CARTESIAN_POINT ( 'NONE',  ( 22.66742430504413974, 1.000000000000000000, -7.299999999999999822 ) ) ;
#6809 = CARTESIAN_POINT ( 'NONE',  ( -30.75000000000000355, 0.000000000000000000, -6.299999999999999822 ) ) ;
#6810 = AXIS2_PLACEMENT_3D ( 'NONE', #6107, #5031, #1283 ) ;
#6811 = CARTESIAN_POINT ( 'NONE',  ( 28.08513119666440971, 8.165811419581281427, -7.921769950112754088 ) ) ;
#6812 = EDGE_CURVE ( 'NONE', #3340, #531, #337, .T. ) ;
#6813 = CARTESIAN_POINT ( 'NONE',  ( 28.35883117983272328, 18.18362379070315171, -9.804779776451981732 ) ) ;
#6814 = CARTESIAN_POINT ( 'NONE',  ( 27.95218732854479882, 18.10047569602181028, -3.856481092033531954 ) ) ;
#6815 = DIRECTION ( 'NONE',  ( 1.000000000000000000, -0.000000000000000000, 0.000000000000000000 ) ) ;
#6816 = AXIS2_PLACEMENT_3D ( 'NONE', #2689, #7008, #6539 ) ;
#6817 = VERTEX_POINT ( 'NONE', #1901 ) ;
#6818 = EDGE_CURVE ( 'NONE', #2446, #4765, #1330, .T. ) ;
#6819 = ORIENTED_EDGE ( 'NONE', *, *, #1441, .T. ) ;
#6820 = CARTESIAN_POINT ( 'NONE',  ( 6.113729199648194168, 32.64565663597156231, -1.999999999999997780 ) ) ;
#6821 = CYLINDRICAL_SURFACE ( 'NONE', #4165, 0.3000000000000016542 ) ;
#6822 = EDGE_CURVE ( 'NONE', #2849, #3642, #6947, .T. ) ;
#6823 = CARTESIAN_POINT ( 'NONE',  ( 30.75000000000000711, 19.55514891501364261, -2.911877844520294190 ) ) ;
#6824 = VECTOR ( 'NONE', #541, 999.9999999999998863 ) ;
#6825 = CARTESIAN_POINT ( 'NONE',  ( 27.67051078594784386, 17.59203583794506898, -10.16642761077393686 ) ) ;
#6826 = EDGE_LOOP ( 'NONE', ( #5150, #1513, #975, #7098 ) ) ;
#6827 = DIRECTION ( 'NONE',  ( 0.000000000000000000, 5.480694194524166577E-17, -1.000000000000000000 ) ) ;
#6828 = CARTESIAN_POINT ( 'NONE',  ( -16.71372919964819559, 32.64565663597156231, -3.999999999999998224 ) ) ;
#6829 = AXIS2_PLACEMENT_3D ( 'NONE', #771, #6712, #4468 ) ;
#6830 = FACE_OUTER_BOUND ( 'NONE', #6880, .T. ) ;
#6831 = CARTESIAN_POINT ( 'NONE',  ( 28.76094723690675536, 17.24241826997042892, -4.373455196229468989 ) ) ;
#6832 = DIRECTION ( 'NONE',  ( 1.000000000000000000, 1.334402673828313586E-16, 0.000000000000000000 ) ) ;
#6833 = VECTOR ( 'NONE', #3919, 1000.000000000000000 ) ;
#6834 = EDGE_LOOP ( 'NONE', ( #3133, #4806, #892, #6160, #6686 ) ) ;
#6835 = VECTOR ( 'NONE', #188, 1000.000000000000000 ) ;
#6836 = APPROVAL ( #909, '未' ) ;
#6837 = PLANE ( 'NONE',  #4832 ) ;
#6838 = VECTOR ( 'NONE', #6924, 1000.000000000000000 ) ;
#6839 = LOCAL_TIME ( 15, 37, 27.00000000000000000, #5648 ) ;
#6840 = AXIS2_PLACEMENT_3D ( 'NONE', #557, #5522, #3905 ) ;
#6841 = CARTESIAN_POINT ( 'NONE',  ( -15.00000000000000000, 0.9999999999999965583, -19.00118481360497213 ) ) ;
#6842 = CARTESIAN_POINT ( 'NONE',  ( -27.54999999999999716, 9.664901927557993488, -12.98940512186508123 ) ) ;
#6843 = LINE ( 'NONE', #4097, #4439 ) ;
#6844 = ORIENTED_EDGE ( 'NONE', *, *, #4774, .T. ) ;
#6845 = ORIENTED_EDGE ( 'NONE', *, *, #4526, .T. ) ;
#6846 = DIRECTION ( 'NONE',  ( -1.000000000000000000, 0.000000000000000000, -0.000000000000000000 ) ) ;
#6847 = VECTOR ( 'NONE', #6301, 1000.000000000000000 ) ;
#6848 = EDGE_LOOP ( 'NONE', ( #2547, #1476, #1480, #2913, #6039, #48, #2150, #6619, #6851, #2296, #4790, #5524, #2592, #1717, #4964, #4446, #1589, #360 ) ) ;
#6849 = EDGE_CURVE ( 'NONE', #6260, #4303, #316, .T. ) ;
#6850 = FACE_BOUND ( 'NONE', #4613, .T. ) ;
#6851 = ORIENTED_EDGE ( 'NONE', *, *, #4337, .F. ) ;
#6852 = FACE_OUTER_BOUND ( 'NONE', #6990, .T. ) ;
#6853 = DIRECTION ( 'NONE',  ( 0.000000000000000000, 0.000000000000000000, -1.000000000000000000 ) ) ;
#6854 = DATE_TIME_ROLE ( 'creation_date' ) ;
#6855 = CARTESIAN_POINT ( 'NONE',  ( 19.74999999999992895, -1.000000000000000888, -20.29999999988165627 ) ) ;
#6856 = CARTESIAN_POINT ( 'NONE',  ( 13.66742430504414330, 1.000000000000000000, -7.299999999999999822 ) ) ;
#6857 = EDGE_LOOP ( 'NONE', ( #3440, #6466, #4707, #5755 ) ) ;
#6858 = ORIENTED_EDGE ( 'NONE', *, *, #2506, .T. ) ;
#6859 = CARTESIAN_POINT ( 'NONE',  ( -30.76000000000000156, 1.000000000000000000, -19.00118481360496503 ) ) ;
#6860 = DIRECTION ( 'NONE',  ( 0.000000000000000000, 0.000000000000000000, -1.000000000000000000 ) ) ;
#6861 = VECTOR ( 'NONE', #6559, 1000.000000000000000 ) ;
#6862 = EDGE_CURVE ( 'NONE', #5333, #4988, #1065, .T. ) ;
#6863 = CARTESIAN_POINT ( 'NONE',  ( -19.74999999999992184, -1.000000000000004441, -20.29999999988163495 ) ) ;
#6864 = ADVANCED_FACE ( 'NONE', ( #7090 ), #1542, .F. ) ;
#6865 = DIRECTION ( 'NONE',  ( 1.000000000000000000, 0.000000000000000000, 0.000000000000000000 ) ) ;
#6866 = ORIENTED_EDGE ( 'NONE', *, *, #2312, .F. ) ;
#6867 = CARTESIAN_POINT ( 'NONE',  ( 27.66301307534378395, 6.979546856033691071, -14.11777329628594124 ) ) ;
#6868 = ADVANCED_FACE ( 'NONE', ( #485 ), #2695, .F. ) ;
#6869 = CARTESIAN_POINT ( 'NONE',  ( -5.999999999999998224, -13.00000000000000178, -26.30000000000000426 ) ) ;
#6870 = CARTESIAN_POINT ( 'NONE',  ( -26.22530538503404784, 6.602407926541710381, -8.273577907807824872 ) ) ;
#6871 = CIRCLE ( 'NONE', #3638, 2.550000000000000266 ) ;
#6872 = DIRECTION ( 'NONE',  ( 0.000000000000000000, 1.000000000000000000, -0.000000000000000000 ) ) ;
#6873 = LINE ( 'NONE', #5778, #1183 ) ;
#6874 = CARTESIAN_POINT ( 'NONE',  ( -30.59669181771338842, 22.02519248559527654, -12.72163747819529434 ) ) ;
#6875 = ORIENTED_EDGE ( 'NONE', *, *, #6577, .T. ) ;
#6876 = EDGE_CURVE ( 'NONE', #6589, #1724, #2922, .T. ) ;
#6877 = CARTESIAN_POINT ( 'NONE',  ( 28.99354941807204966, 26.59847190842430820, -9.811113542855242287 ) ) ;
#6878 = CARTESIAN_POINT ( 'NONE',  ( -16.33257569495584960, 1.000000000000000000, -6.299999999999999822 ) ) ;
#6879 = CARTESIAN_POINT ( 'NONE',  ( -27.54999999999999716, 20.06722927007911395, -4.974231890716882987 ) ) ;
#6880 = EDGE_LOOP ( 'NONE', ( #6075, #4246, #2337, #4254 ) ) ;
#6881 = ORIENTED_EDGE ( 'NONE', *, *, #1399, .T. ) ;
#6882 = DIRECTION ( 'NONE',  ( -0.000000000000000000, 0.000000000000000000, 1.000000000000000000 ) ) ;
#6883 = EDGE_LOOP ( 'NONE', ( #630, #3051, #2190, #3227 ) ) ;
#6884 = DIRECTION ( 'NONE',  ( -0.000000000000000000, -0.000000000000000000, 1.000000000000000000 ) ) ;
#6885 = ORIENTED_EDGE ( 'NONE', *, *, #6194, .T. ) ;
#6886 = CARTESIAN_POINT ( 'NONE',  ( 27.68655545798667461, 7.733036364676593166, -13.99920940133262626 ) ) ;
#6887 = PLANE ( 'NONE',  #6144 ) ;
#6888 = CARTESIAN_POINT ( 'NONE',  ( -6.113729199648194168, 32.64565663597156231, -3.999999999999998224 ) ) ;
#6889 = CARTESIAN_POINT ( 'NONE',  ( -4.332575694955851375, 1.000000000000000000, -7.299999999999999822 ) ) ;
#6890 = ORIENTED_EDGE ( 'NONE', *, *, #5797, .T. ) ;
#6891 = CARTESIAN_POINT ( 'NONE',  ( -30.75000000000000355, 0.000000000000000000, -8.300000000000000711 ) ) ;
#6892 = VERTEX_POINT ( 'NONE', #384 ) ;
#6893 = CARTESIAN_POINT ( 'NONE',  ( 13.66742430504414330, 0.000000000000000000, -7.299999999999999822 ) ) ;
#6894 = FACE_OUTER_BOUND ( 'NONE', #326, .T. ) ;
#6895 = LINE ( 'NONE', #6963, #6940 ) ;
#6896 = DIRECTION ( 'NONE',  ( 0.000000000000000000, 0.000000000000000000, 1.000000000000000000 ) ) ;
#6897 = APPROVAL_ROLE ( '' ) ;
#6898 = CARTESIAN_POINT ( 'NONE',  ( 30.75000000000000711, 10.00000000001022293, -7.497835144917974759 ) ) ;
#6899 = EDGE_CURVE ( 'NONE', #508, #6616, #7052, .T. ) ;
#6900 = FACE_OUTER_BOUND ( 'NONE', #4853, .T. ) ;
#6901 = EDGE_CURVE ( 'NONE', #6523, #871, #1101, .T. ) ;
#6902 = CARTESIAN_POINT ( 'NONE',  ( -13.33257569495584960, 0.000000000000000000, -7.299999999999999822 ) ) ;
#6903 = FACE_OUTER_BOUND ( 'NONE', #2732, .T. ) ;
#6904 = EDGE_CURVE ( 'NONE', #7102, #727, #5957, .T. ) ;
#6905 = CARTESIAN_POINT ( 'NONE',  ( -29.18968185760148160, 26.22110003660221977, -9.106459183528880175 ) ) ;
#6906 = ORIENTED_EDGE ( 'NONE', *, *, #6941, .F. ) ;
#6907 = CARTESIAN_POINT ( 'NONE',  ( -30.05510329987121665, 6.018176114719932635, -8.242695317034812064 ) ) ;
#6908 = AXIS2_PLACEMENT_3D ( 'NONE', #57, #3330, #2245 ) ;
#6909 = DIRECTION ( 'NONE',  ( 0.6425946703262657156, -0.6425946703262649384, -0.4173058582581324893 ) ) ;
#6910 = CARTESIAN_POINT ( 'NONE',  ( 30.75000000000000000, 9.999999999999998224, -19.15651647482730269 ) ) ;
#6911 = ORIENTED_EDGE ( 'NONE', *, *, #991, .F. ) ;
#6912 = ORIENTED_EDGE ( 'NONE', *, *, #4865, .T. ) ;
#6913 = CARTESIAN_POINT ( 'NONE',  ( 5.267779704365336713, 24.34079893939696149, -2.993492751064002366 ) ) ;
#6914 = VERTEX_POINT ( 'NONE', #4375 ) ;
#6915 = PLANE ( 'NONE',  #228 ) ;
#6916 = CARTESIAN_POINT ( 'NONE',  ( 27.67051078594679581, 17.59203583765680534, -4.166427610773949297 ) ) ;
#6917 = CARTESIAN_POINT ( 'NONE',  ( -25.54999999999999716, 6.533848576155909527, -8.168005766204966989 ) ) ;
#6918 = CARTESIAN_POINT ( 'NONE',  ( -22.16884991857082809, 0.9999999999999774625, -19.00118481348662769 ) ) ;
#6919 = DIRECTION ( 'NONE',  ( 0.000000000000000000, 5.480694194524166577E-17, -1.000000000000000000 ) ) ;
#6920 = FACE_OUTER_BOUND ( 'NONE', #1540, .T. ) ;
#6921 = ORIENTED_EDGE ( 'NONE', *, *, #3013, .T. ) ;
#6922 = FACE_OUTER_BOUND ( 'NONE', #445, .T. ) ;
#6923 = ORIENTED_EDGE ( 'NONE', *, *, #4161, .F. ) ;
#6924 = DIRECTION ( 'NONE',  ( -0.000000000000000000, -0.000000000000000000, -1.000000000000000000 ) ) ;
#6925 = CARTESIAN_POINT ( 'NONE',  ( -28.93960698924768238, 26.69989977455783503, -10.01147475559192479 ) ) ;
#6926 = VECTOR ( 'NONE', #4849, 1000.000000000000000 ) ;
#6927 = CARTESIAN_POINT ( 'NONE',  ( 16.11372919964819417, 32.64565663597156231, -1.999999999999997780 ) ) ;
#6928 = CARTESIAN_POINT ( 'NONE',  ( -11.71372919964819381, 32.64565663597156231, -1.999999999999997780 ) ) ;
#6929 = PLANE ( 'NONE',  #6209 ) ;
#6930 = CARTESIAN_POINT ( 'NONE',  ( 28.22054481149277549, 16.98930068220323264, -10.52017097693698844 ) ) ;
#6931 = CARTESIAN_POINT ( 'NONE',  ( 19.00000000000000355, -1.000000000000000000, -6.299999999999999822 ) ) ;
#6932 = LINE ( 'NONE', #3114, #2141 ) ;
#6933 = CARTESIAN_POINT ( 'NONE',  ( 0.000000000000000000, 41.29391447579435948, -0.5340107933727252787 ) ) ;
#6934 = ORIENTED_EDGE ( 'NONE', *, *, #5130, .T. ) ;
#6935 = VECTOR ( 'NONE', #3474, 1000.000000000000000 ) ;
#6936 = EDGE_CURVE ( 'NONE', #5011, #521, #1574, .T. ) ;
#6937 = CARTESIAN_POINT ( 'NONE',  ( 27.01561931726687149, 29.62103167153773242, -7.887497747016022132 ) ) ;
#6938 = CARTESIAN_POINT ( 'NONE',  ( 28.86760955647800131, 12.65131735677073088, -6.617280907719088390 ) ) ;
#6939 = CARTESIAN_POINT ( 'NONE',  ( -27.54999999999999716, 6.455527702773799170, -8.176670741960791133 ) ) ;
#6940 = VECTOR ( 'NONE', #5329, 999.9999999999998863 ) ;
#6941 = EDGE_CURVE ( 'NONE', #4064, #1913, #4269, .T. ) ;
#6942 = ORIENTED_EDGE ( 'NONE', *, *, #3667, .T. ) ;
#6943 = ORIENTED_EDGE ( 'NONE', *, *, #6428, .T. ) ;
#6944 = CARTESIAN_POINT ( 'NONE',  ( -25.54999999999999361, 10.35856342670094854, -7.403614443371851372 ) ) ;
#6945 = VERTEX_POINT ( 'NONE', #6473 ) ;
#6946 = LINE ( 'NONE', #2523, #2885 ) ;
#6947 = CIRCLE ( 'NONE', #275, 5.000000000000000888 ) ;
#6948 = AXIS2_PLACEMENT_3D ( 'NONE', #3149, #2617, #915 ) ;
#6949 = CARTESIAN_POINT ( 'NONE',  ( 27.76660545896988097, 7.920879108477496544, -13.96666680801598304 ) ) ;
#6950 = DIRECTION ( 'NONE',  ( 0.000000000000000000, 0.000000000000000000, -1.000000000000000000 ) ) ;
#6951 = LINE ( 'NONE', #424, #1218 ) ;
#6952 = AXIS2_PLACEMENT_3D ( 'NONE', #5323, #6417, #4282 ) ;
#6953 = CARTESIAN_POINT ( 'NONE',  ( 28.76215142630774224, 17.94248758372646080, -3.953975069083442317 ) ) ;
#6954 = ORIENTED_EDGE ( 'NONE', *, *, #3846, .F. ) ;
#6955 = DIRECTION ( 'NONE',  ( -1.000000000000000000, 0.000000000000000000, 0.000000000000000000 ) ) ;
#6956 = ORIENTED_EDGE ( 'NONE', *, *, #5040, .T. ) ;
#6957 = EDGE_CURVE ( 'NONE', #1171, #6663, #5457, .T. ) ;
#6958 = CARTESIAN_POINT ( 'NONE',  ( 17.00000000000000000, -8.000000000000000000, -11.30000000000000071 ) ) ;
#6959 = ORIENTED_EDGE ( 'NONE', *, *, #784, .F. ) ;
#6960 = LINE ( 'NONE', #7028, #4764 ) ;
#6961 = CARTESIAN_POINT ( 'NONE',  ( 13.00000000000000533, 26.00000000000000355, -4.765994983667008356 ) ) ;
#6962 =( BOUNDED_CURVE ( )  B_SPLINE_CURVE ( 3, ( #3873, #6061, #3517, #6792 ),
 .UNSPECIFIED., .F., .T. ) 
 B_SPLINE_CURVE_WITH_KNOTS ( ( 4, 4 ),
 ( 1.135951104096227349, 1.570796326794896780 ),
 .UNSPECIFIED. ) 
 CURVE ( )  GEOMETRIC_REPRESENTATION_ITEM ( )  RATIONAL_B_SPLINE_CURVE ( ( 1.000000000000000000, 0.9843044465687410538, 0.9843044465687410538, 1.000000000000000000 ) ) 
 REPRESENTATION_ITEM ( '' )  );
#6963 = CARTESIAN_POINT ( 'NONE',  ( -30.75000000000000000, 5.046992440278073921, -22.37303719327543305 ) ) ;
#6964 = CARTESIAN_POINT ( 'NONE',  ( 10.66742430504414507, 1.000000000000000000, -7.299999999999999822 ) ) ;
#6965 = CARTESIAN_POINT ( 'NONE',  ( 24.41688107640534255, 1.765051716246931246, -24.50435441976706485 ) ) ;
#6966 = ORIENTED_EDGE ( 'NONE', *, *, #1488, .F. ) ;
#6967 = CARTESIAN_POINT ( 'NONE',  ( -30.76000000000000156, 26.00000000000000711, -4.765994983667004803 ) ) ;
#6968 = CARTESIAN_POINT ( 'NONE',  ( 13.66742430504414330, 1.000000000000000000, -7.299999999999999822 ) ) ;
#6969 = DIRECTION ( 'NONE',  ( 0.000000000000000000, 5.480694194524166577E-17, -1.000000000000000000 ) ) ;
#6970 = DIRECTION ( 'NONE',  ( 0.000000000000000000, 0.000000000000000000, 1.000000000000000000 ) ) ;
#6971 = ADVANCED_FACE ( 'NONE', ( #4777 ), #3841, .F. ) ;
#6972 = ORIENTED_EDGE ( 'NONE', *, *, #241, .F. ) ;
#6973 = CARTESIAN_POINT ( 'NONE',  ( 28.72867842971060881, 26.62099715902996522, -10.06271471323886857 ) ) ;
#6974 = AXIS2_PLACEMENT_3D ( 'NONE', #3096, #4783, #5898 ) ;
#6975 = CARTESIAN_POINT ( 'NONE',  ( 28.80797976375517777, 12.31658603452584444, -6.745684428864636040 ) ) ;
#6976 = CARTESIAN_POINT ( 'NONE',  ( -0.7091041713783122757, 41.30059529707407506, -1.999999999999998224 ) ) ;
#6977 = EDGE_CURVE ( 'NONE', #2552, #3022, #5417, .T. ) ;
#6978 = ORIENTED_EDGE ( 'NONE', *, *, #1443, .F. ) ;
#6979 = AXIS2_PLACEMENT_3D ( 'NONE', #2838, #2175, #2107 ) ;
#6980 = ORIENTED_EDGE ( 'NONE', *, *, #5663, .T. ) ;
#6981 = DIRECTION ( 'NONE',  ( -0.000000000000000000, -0.000000000000000000, 1.000000000000000000 ) ) ;
#6982 = VERTEX_POINT ( 'NONE', #3774 ) ;
#6983 = DIRECTION ( 'NONE',  ( 0.000000000000000000, 5.480694194524166577E-17, -1.000000000000000000 ) ) ;
#6984 = CARTESIAN_POINT ( 'NONE',  ( 27.85107593452420716, 8.029625136606062696, -13.94711725419108994 ) ) ;
#6985 = EDGE_CURVE ( 'NONE', #4680, #2793, #4074, .T. ) ;
#6986 = B_SPLINE_SURFACE_WITH_KNOTS ( 'NONE', 5, 5, ( 
 ( #4864, #1012, #1561, #3859, #2641, #2238 ),
 ( #6634, #1120, #5942, #2199, #3247, #4433 ),
 ( #505, #46, #2713, #3757, #4935, #3323 ),
 ( #2750, #4900, #5507, #579, #4396, #2787 ),
 ( #7107, #1699, #2164, #3208, #6563, #6014 ),
 ( #1628, #3824, #1083, #4971, #3285, #6082 ) ),
 .UNSPECIFIED., .F., .F., .F.,
 ( 6, 6 ),
 ( 6, 6 ),
 ( -0.6118098452213923677, 0.6121989446986870753 ),
 ( -0.7119651462643216133, 0.7147758266496523349 ),
 .UNSPECIFIED. ) ;
#6987 = CARTESIAN_POINT ( 'NONE',  ( -19.75000000000000000, 9.999999999999998224, -18.24859595258460132 ) ) ;
#6988 = CARTESIAN_POINT ( 'NONE',  ( 26.19365081389590344, -1.000000000000044631, -27.44746873418998234 ) ) ;
#6989 = ADVANCED_FACE ( 'NONE', ( #7012 ), #4883, .F. ) ;
#6990 = EDGE_LOOP ( 'NONE', ( #1258, #5899 ) ) ;
#6991 = CARTESIAN_POINT ( 'NONE',  ( -5.999999999999998224, -8.000000000000000000, -18.75000000000000711 ) ) ;
#6992 = VERTEX_POINT ( 'NONE', #2658 ) ;
#6993 = FACE_BOUND ( 'NONE', #6426, .T. ) ;
#6994 = ORIENTED_EDGE ( 'NONE', *, *, #5346, .T. ) ;
#6995 = LINE ( 'NONE', #4723, #3266 ) ;
#6996 = DIRECTION ( 'NONE',  ( 1.000000000000000000, 0.000000000000000000, 0.000000000000000000 ) ) ;
#6997 = DIRECTION ( 'NONE',  ( 0.000000000000000000, 0.000000000000000000, 1.000000000000000000 ) ) ;
#6998 = CARTESIAN_POINT ( 'NONE',  ( -10.33257569495584960, 1.000000000000000000, -7.299999999999999822 ) ) ;
#6999 = CARTESIAN_POINT ( 'NONE',  ( 19.75000000000000000, 0.8499999999999896527, -25.09859595258460274 ) ) ;
#7000 =( BOUNDED_CURVE ( )  B_SPLINE_CURVE ( 3, ( #6638, #82, #3325, #582 ),
 .UNSPECIFIED., .F., .T. ) 
 B_SPLINE_CURVE_WITH_KNOTS ( ( 4, 4 ),
 ( 0.3624349895795664911, 1.069988611827402236 ),
 .UNSPECIFIED. ) 
 CURVE ( )  GEOMETRIC_REPRESENTATION_ITEM ( )  RATIONAL_B_SPLINE_CURVE ( ( 1.000000000000000000, 0.9587139706216485369, 0.9587139706216485369, 1.000000000000000000 ) ) 
 REPRESENTATION_ITEM ( '' )  );
#7001 = ORIENTED_EDGE ( 'NONE', *, *, #198, .T. ) ;
#7002 = CARTESIAN_POINT ( 'NONE',  ( 28.66681963522794518, 17.13968305224589272, -10.43330937875262521 ) ) ;
#7003 = CARTESIAN_POINT ( 'NONE',  ( 27.73178649168534093, 17.86579883201670071, -10.00095645887411955 ) ) ;
#7004 = DIRECTION ( 'NONE',  ( 0.000000000000000000, 0.000000000000000000, 1.000000000000000000 ) ) ;
#7005 = CARTESIAN_POINT ( 'NONE',  ( 29.29488443924890717, 26.00000000000000355, -8.765994983667010132 ) ) ;
#7006 = ORIENTED_EDGE ( 'NONE', *, *, #958, .F. ) ;
#7007 = CARTESIAN_POINT ( 'NONE',  ( -30.75000000000000000, 19.55514891348196826, -12.95133021627909642 ) ) ;
#7008 = DIRECTION ( 'NONE',  ( 0.000000000000000000, -0.8386705679454227180, -0.5446390350150290827 ) ) ;
#7009 = LINE ( 'NONE', #2621, #4328 ) ;
#7010 = ORIENTED_EDGE ( 'NONE', *, *, #2906, .F. ) ;
#7011 = ORIENTED_EDGE ( 'NONE', *, *, #1249, .F. ) ;
#7012 = FACE_OUTER_BOUND ( 'NONE', #1470, .T. ) ;
#7013 = EDGE_LOOP ( 'NONE', ( #4578, #182, #2112, #1013 ) ) ;
#7014 = FACE_OUTER_BOUND ( 'NONE', #1722, .T. ) ;
#7015 = CIRCLE ( 'NONE', #5511, 2.550000000000000266 ) ;
#7016 = CARTESIAN_POINT ( 'NONE',  ( 28.70123584224075941, 8.018111234642594454, -13.94921818429209104 ) ) ;
#7017 = DIRECTION ( 'NONE',  ( 1.000000000000000000, -1.865294060190139630E-16, -1.211336126233705471E-16 ) ) ;
#7018 = CIRCLE ( 'NONE', #5977, 1.999999999999998668 ) ;
#7019 = CARTESIAN_POINT ( 'NONE',  ( 27.81862416991737419, 12.99381784617438385, -12.48101499327878017 ) ) ;
#7020 = VERTEX_POINT ( 'NONE', #4844 ) ;
#7021 = CARTESIAN_POINT ( 'NONE',  ( 28.87050000000000338, 7.595164061972251801, -8.022048358308493832 ) ) ;
#7022 = AXIS2_PLACEMENT_3D ( 'NONE', #6967, #4256, #5874 ) ;
#7023 = EDGE_CURVE ( 'NONE', #3928, #4591, #6454, .T. ) ;
#7024 = EDGE_LOOP ( 'NONE', ( #4168, #1288, #1398, #1490 ) ) ;
#7025 = VECTOR ( 'NONE', #5510, 1000.000000000000000 ) ;
#7026 = CARTESIAN_POINT ( 'NONE',  ( 28.87050000000010286, 7.527553265444487884, -8.033030717187385150 ) ) ;
#7027 = ORIENTED_EDGE ( 'NONE', *, *, #6670, .T. ) ;
#7028 = CARTESIAN_POINT ( 'NONE',  ( 28.07050000000000267, 25.67423583211418858, -8.000000000000000000 ) ) ;
#7029 = PLANE ( 'NONE',  #381 ) ;
#7030 = ADVANCED_FACE ( 'NONE', ( #6512 ), #251, .F. ) ;
#7031 = DIRECTION ( 'NONE',  ( 1.000000000000000000, -0.000000000000000000, -0.000000000000000000 ) ) ;
#7032 = DIRECTION ( 'NONE',  ( 1.000000000000000000, 0.000000000000000000, 0.000000000000000000 ) ) ;
#7033 = PLANE ( 'NONE',  #4284 ) ;
#7034 = EDGE_CURVE ( 'NONE', #324, #5538, #2803, .T. ) ;
#7035 = EDGE_LOOP ( 'NONE', ( #6219, #2214, #2647, #3067, #6980, #5455, #1751, #1830 ) ) ;
#7036 = CARTESIAN_POINT ( 'NONE',  ( -10.00000000000000178, -8.000000000000000000, -21.30000000000000782 ) ) ;
#7037 = ADVANCED_FACE ( 'NONE', ( #2252 ), #4990, .T. ) ;
#7038 = EDGE_CURVE ( 'NONE', #4775, #2289, #3949, .T. ) ;
#7039 = CIRCLE ( 'NONE', #2436, 0.2999999999999976574 ) ;
#7040 = DIRECTION ( 'NONE',  ( 1.000000000000000000, 0.000000000000000000, 0.000000000000000000 ) ) ;
#7041 = CARTESIAN_POINT ( 'NONE',  ( 0.4591842770873731938, 41.39043757717335126, -0.4713279584163969638 ) ) ;
#7042 = CARTESIAN_POINT ( 'NONE',  ( 30.25688980507469594, 23.97819199619590691, -10.07897245332490499 ) ) ;
#7043 = VERTEX_POINT ( 'NONE', #560 ) ;
#7044 = VECTOR ( 'NONE', #3048, 1000.000000000000000 ) ;
#7045 = DIRECTION ( 'NONE',  ( 0.000000000000000000, 0.000000000000000000, 1.000000000000000000 ) ) ;
#7046 = ADVANCED_FACE ( 'NONE', ( #6653 ), #92, .F. ) ;
#7047 = CARTESIAN_POINT ( 'NONE',  ( 11.11372919964819239, 32.64565663597156231, -3.999999999999998224 ) ) ;
#7048 = CYLINDRICAL_SURFACE ( 'NONE', #2959, 0.5999999999999998668 ) ;
#7049 = CC_DESIGN_DATE_AND_TIME_ASSIGNMENT ( #6270, #6854, ( #6071 ) ) ;
#7050 = ORIENTED_EDGE ( 'NONE', *, *, #2461, .F. ) ;
#7051 = EDGE_LOOP ( 'NONE', ( #4500, #6349, #6091, #533 ) ) ;
#7052 = LINE ( 'NONE', #4919, #5327 ) ;
#7053 = ORIENTED_EDGE ( 'NONE', *, *, #1035, .F. ) ;
#7054 = CARTESIAN_POINT ( 'NONE',  ( -13.00000000000000178, -1.000000000000000000, -26.30000000000000426 ) ) ;
#7055 = CARTESIAN_POINT ( 'NONE',  ( 28.84254471094606131, 17.78293067307334141, -4.051375202467293768 ) ) ;
#7056 = VECTOR ( 'NONE', #6997, 1000.000000000000000 ) ;
#7057 = DIRECTION ( 'NONE',  ( -0.000000000000000000, -0.000000000000000000, 1.000000000000000000 ) ) ;
#7058 = CARTESIAN_POINT ( 'NONE',  ( 27.73597711353362882, 12.87489670300635325, -6.528936538061920203 ) ) ;
#7059 = EDGE_LOOP ( 'NONE', ( #6347, #835, #3793, #6881 ) ) ;
#7060 = CARTESIAN_POINT ( 'NONE',  ( 0.7091041713783111655, 41.30059529707407506, 3.688901468242485134E-15 ) ) ;
#7061 = ADVANCED_FACE ( 'NONE', ( #5061 ), #2325, .T. ) ;
#7062 = ORIENTED_EDGE ( 'NONE', *, *, #6214, .T. ) ;
#7063 = VECTOR ( 'NONE', #5389, 1000.000000000000000 ) ;
#7064 = AXIS2_PLACEMENT_3D ( 'NONE', #6615, #1604, #4880 ) ;
#7065 = CARTESIAN_POINT ( 'NONE',  ( 30.66236257438485069, 21.17423583211418503, -1.999999999999998224 ) ) ;
#7066 = ORIENTED_EDGE ( 'NONE', *, *, #6292, .F. ) ;
#7067 = CYLINDRICAL_SURFACE ( 'NONE', #2113, 0.5999999999999998668 ) ;
#7068 = CARTESIAN_POINT ( 'NONE',  ( -19.00000000000000355, -1.000000000000000000, -6.299999999999999822 ) ) ;
#7069 = FACE_OUTER_BOUND ( 'NONE', #4654, .T. ) ;
#7070 = DIRECTION ( 'NONE',  ( 0.000000000000000000, 0.000000000000000000, 1.000000000000000000 ) ) ;
#7071 = CARTESIAN_POINT ( 'NONE',  ( 15.09999999999999609, -1.000000000000001998, -19.45000000000000639 ) ) ;
#7072 = VECTOR ( 'NONE', #1555, 1000.000000000000000 ) ;
#7073 = EDGE_LOOP ( 'NONE', ( #5873, #3981 ) ) ;
#7074 = CARTESIAN_POINT ( 'NONE',  ( 28.81222497575000219, 17.33221945339402481, -10.32074182944351826 ) ) ;
#7075 = EDGE_CURVE ( 'NONE', #4917, #4770, #2260, .T. ) ;
#7076 = EDGE_CURVE ( 'NONE', #1762, #5670, #1769, .T. ) ;
#7077 = CARTESIAN_POINT ( 'NONE',  ( 27.87292986775695880, 18.04391770502885350, -9.891513141279325794 ) ) ;
#7078 = CARTESIAN_POINT ( 'NONE',  ( -40.00000000000000000, -1.000000000000000000, -17.30000000000000426 ) ) ;
#7079 = CARTESIAN_POINT ( 'NONE',  ( 27.68865768246408621, 17.42759576986290071, -4.264503091715648786 ) ) ;
#7080 = EDGE_CURVE ( 'NONE', #1877, #3420, #5214, .T. ) ;
#7081 = ORIENTED_EDGE ( 'NONE', *, *, #4397, .T. ) ;
#7082 = ORIENTED_EDGE ( 'NONE', *, *, #7080, .T. ) ;
#7083 = CARTESIAN_POINT ( 'NONE',  ( 0.000000000000000000, 41.29391447579435948, -0.5340107933727252787 ) ) ;
#7084 = CARTESIAN_POINT ( 'NONE',  ( -27.54999999999999716, 7.739266117682882751, -10.02418600517171221 ) ) ;
#7085 = CARTESIAN_POINT ( 'NONE',  ( 30.57773332156196489, 22.14837927877279000, -12.96726672615367981 ) ) ;
#7086 = CARTESIAN_POINT ( 'NONE',  ( -27.44790225528411298, 19.64139798297348705, -4.482841895137193333 ) ) ;
#7087 = ADVANCED_FACE ( 'NONE', ( #841 ), #6458, .F. ) ;
#7088 = VERTEX_POINT ( 'NONE', #4223 ) ;
#7089 = ORIENTED_EDGE ( 'NONE', *, *, #3637, .T. ) ;
#7090 = FACE_OUTER_BOUND ( 'NONE', #4270, .T. ) ;
#7091 = ORIENTED_EDGE ( 'NONE', *, *, #374, .F. ) ;
#7092 = VECTOR ( 'NONE', #3558, 1000.000000000000227 ) ;
#7093 = DIRECTION ( 'NONE',  ( -0.000000000000000000, -0.000000000000000000, 1.000000000000000000 ) ) ;
#7094 = CARTESIAN_POINT ( 'NONE',  ( 28.17595537673198436, 18.18266567906800901, -3.805377000470449467 ) ) ;
#7095 = PLANE ( 'NONE',  #1858 ) ;
#7096 = AXIS2_PLACEMENT_3D ( 'NONE', #6649, #1022, #6540 ) ;
#7097 = CARTESIAN_POINT ( 'NONE',  ( -0.2417489485104740432, 41.43052276528985089, -0.2824096229958493742 ) ) ;
#7098 = ORIENTED_EDGE ( 'NONE', *, *, #5753, .T. ) ;
#7099 = LINE ( 'NONE', #1511, #5098 ) ;
#7100 = ORIENTED_EDGE ( 'NONE', *, *, #692, .T. ) ;
#7101 = CARTESIAN_POINT ( 'NONE',  ( -29.03042489260326775, 26.52869282400001438, -9.855522308781315743 ) ) ;
#7102 = VERTEX_POINT ( 'NONE', #6425 ) ;
#7103 = CARTESIAN_POINT ( 'NONE',  ( -30.44999999999420481, 8.762512457634686669, -21.66015028132667197 ) ) ;
#7104 = CARTESIAN_POINT ( 'NONE',  ( -5.999999999999998224, -13.00000000000000178, -16.30000000000000071 ) ) ;
#7105 = CARTESIAN_POINT ( 'NONE',  ( 28.58367277741258050, 7.083380111963410997, -14.09904815099597641 ) ) ;
#7106 = CARTESIAN_POINT ( 'NONE',  ( -15.00000000000000000, -1.000000000000000000, -20.30000000000000426 ) ) ;
#7107 = CARTESIAN_POINT ( 'NONE',  ( 27.90850349122666074, 16.97660439478869421, -10.52938143021934536 ) ) ;
#7108 = ORIENTED_EDGE ( 'NONE', *, *, #659, .F. ) ;
#7109 = PLANE ( 'NONE',  #5751 ) ;
#7110 = CARTESIAN_POINT ( 'NONE',  ( 22.71716093037303708, 32.96042317948443667, -5.945843319053178533 ) ) ;
#7111 = DIRECTION ( 'NONE',  ( 0.000000000000000000, -0.8386705679454211637, -0.5446390350150315252 ) ) ;
#7112 = CARTESIAN_POINT ( 'NONE',  ( -28.74999999999999645, 21.65689861817951822, -7.586440707836955788 ) ) ;
#7113 = CARTESIAN_POINT ( 'NONE',  ( 28.61224557323579276, 17.09167015176790372, -4.461190446818848798 ) ) ;
#7114 = ORIENTED_EDGE ( 'NONE', *, *, #4694, .F. ) ;
#7115 = VERTEX_POINT ( 'NONE', #4763 ) ;
#7116 = EDGE_CURVE ( 'NONE', #6361, #1630, #495, .T. ) ;
#7117 = CARTESIAN_POINT ( 'NONE',  ( -40.00000000000000000, 0.000000000000000000, -6.299999999999999822 ) ) ;
#7118 = CARTESIAN_POINT ( 'NONE',  ( 19.66742430504414330, 1.000000000000000000, -7.299999999999999822 ) ) ;
#7119 = CARTESIAN_POINT ( 'NONE',  ( -13.33257569495584960, 1.000000000000000000, -6.299999999999999822 ) ) ;
#7120 = EDGE_LOOP ( 'NONE', ( #4244, #2800 ) ) ;
#7121 = ORIENTED_EDGE ( 'NONE', *, *, #714, .F. ) ;
#7122 = CARTESIAN_POINT ( 'NONE',  ( 16.71372919964819559, 32.64565663597156231, -3.999999999999998224 ) ) ;
#7123 = VERTEX_POINT ( 'NONE', #5293 ) ;
#7124 = DIRECTION ( 'NONE',  ( 0.000000000000000000, 0.000000000000000000, -1.000000000000000000 ) ) ;
#7125 = CARTESIAN_POINT ( 'NONE',  ( 28.47045342381273869, 18.15856618112110965, -9.820397626260458424 ) ) ;
#7126 = CARTESIAN_POINT ( 'NONE',  ( 5.000000000000000000, 2.000000000000002665, -20.35177722040744897 ) ) ;
#7127 = DIRECTION ( 'NONE',  ( -1.000000000000000000, 0.000000000000000000, 0.000000000000000000 ) ) ;
#7128 = ORIENTED_EDGE ( 'NONE', *, *, #1570, .T. ) ;
#7129 = FACE_BOUND ( 'NONE', #2835, .T. ) ;
#7130 = ORIENTED_EDGE ( 'NONE', *, *, #4181, .T. ) ;
ENDSEC;
END-ISO-10303-21;
