ISO-10303-21;
HEADER;
FILE_DESCRIPTION (( 'STEP AP203' ),
    '1' );
FILE_NAME ('onebody-12-jiegoujian.STEP',
    '2026-08-11T07:39:06',
    ( '' ),
    ( '' ),
    'SwSTEP 2.0',
    'SolidWorks 2025',
    '' );
FILE_SCHEMA (( 'CONFIG_CONTROL_DESIGN' ));
ENDSEC;

DATA;
#1 = B_SPLINE_CURVE_WITH_KNOTS ( 'NONE', 3,
 ( #99, #2691, #241, #3600, #3624, #2524 ),
 .UNSPECIFIED., .F., .F.,
 ( 4, 2, 4 ),
 ( 0.000000000000000000, 0.004620943455896592798, 0.009241886911793185597 ),
 .UNSPECIFIED. ) ;
#2 = CARTESIAN_POINT ( 'NONE',  ( -7.500000000000000888, 38.49999999999999289, -1.240440286910156065 ) ) ;
#3 = LINE ( 'NONE', #3743, #3637 ) ;
#4 = DIRECTION ( 'NONE',  ( 1.000000000000000000, 1.662020612589302185E-16, 1.079328805866274731E-16 ) ) ;
#5 = ORIENTED_EDGE ( 'NONE', *, *, #2561, .T. ) ;
#6 = VECTOR ( 'NONE', #3897, 1000.000000000000000 ) ;
#7 = ORIENTED_EDGE ( 'NONE', *, *, #3275, .F. ) ;
#8 = CARTESIAN_POINT ( 'NONE',  ( 0.1628571429479103994, 40.81304826587067680, -1.170992758008028600 ) ) ;
#9 = PLANE ( 'NONE',  #2120 ) ;
#10 = DIRECTION ( 'NONE',  ( 0.000000000000000000, 0.000000000000000000, 1.000000000000000000 ) ) ;
#11 = DIRECTION ( 'NONE',  ( -1.000000000000000000, 0.000000000000000000, 0.000000000000000000 ) ) ;
#12 = ORIENTED_EDGE ( 'NONE', *, *, #1989, .F. ) ;
#13 = DIRECTION ( 'NONE',  ( 0.000000000000000000, 0.000000000000000000, 1.000000000000000000 ) ) ;
#14 = CARTESIAN_POINT ( 'NONE',  ( 10.00000000000000178, -12.50000000000000178, -26.79999999999999716 ) ) ;
#15 = EDGE_CURVE ( 'NONE', #1256, #568, #902, .T. ) ;
#16 = CARTESIAN_POINT ( 'NONE',  ( -9.620921713483022941, 8.267273453167204522, -7.902356734017073947 ) ) ;
#17 = ORIENTED_EDGE ( 'NONE', *, *, #3167, .F. ) ;
#18 = DIRECTION ( 'NONE',  ( -0.000000000000000000, 0.5446390350150284165, -0.8386705679454231621 ) ) ;
#19 = CARTESIAN_POINT ( 'NONE',  ( -11.54904755682983541, 26.17450718755667083, -11.44735753722967964 ) ) ;
#20 = CARTESIAN_POINT ( 'NONE',  ( -4.000000000000000000, 23.49999999604292000, -10.02949118015741092 ) ) ;
#21 = CIRCLE ( 'NONE', #1255, 0.6000000000000103029 ) ;
#22 = CARTESIAN_POINT ( 'NONE',  ( 10.77221093774252481, 7.895918079146882818, -22.54762704747723845 ) ) ;
#23 = DIRECTION ( 'NONE',  ( 0.000000000000000000, 1.000000000000000000, 0.000000000000000000 ) ) ;
#24 = DIRECTION ( 'NONE',  ( -1.000000000000000000, 0.000000000000000000, 0.000000000000000000 ) ) ;
#25 = ORIENTED_EDGE ( 'NONE', *, *, #1421, .T. ) ;
#26 = ORIENTED_EDGE ( 'NONE', *, *, #4321, .T. ) ;
#27 = LINE ( 'NONE', #1503, #2480 ) ;
#28 = CARTESIAN_POINT ( 'NONE',  ( 13.00000000000000178, -7.500000000000002665, -11.29999999999998828 ) ) ;
#29 = EDGE_CURVE ( 'NONE', #1282, #3528, #4267, .T. ) ;
#30 = DIRECTION ( 'NONE',  ( -0.000000000000000000, 0.8386705679454236062, 0.5446390350150277504 ) ) ;
#31 = AXIS2_PLACEMENT_3D ( 'NONE', #1189, #2229, #3950 ) ;
#32 = CARTESIAN_POINT ( 'NONE',  ( 6.000000000000000000, -7.500000000000003553, -26.80000000000000071 ) ) ;
#33 = LINE ( 'NONE', #3398, #4575 ) ;
#34 = ORIENTED_EDGE ( 'NONE', *, *, #4280, .T. ) ;
#35 = CARTESIAN_POINT ( 'NONE',  ( 6.000000000000000000, -0.5000000000000019984, -26.80000000000000071 ) ) ;
#36 = CARTESIAN_POINT ( 'NONE',  ( 4.000000000000000000, 23.49999999999999289, -7.029491177760974097 ) ) ;
#37 = CARTESIAN_POINT ( 'NONE',  ( -4.500000000000000888, -0.4999999999999997780, -22.61527341432796590 ) ) ;
#38 = ORIENTED_EDGE ( 'NONE', *, *, #1913, .F. ) ;
#39 = CARTESIAN_POINT ( 'NONE',  ( -11.52854085206722701, 25.48152178341411300, -10.76451599075296173 ) ) ;
#40 = CARTESIAN_POINT ( 'NONE',  ( 11.57258665348135196, 28.19782061321615529, -0.3723725375075759292 ) ) ;
#41 = VECTOR ( 'NONE', #1456, 1000.000000000000000 ) ;
#42 = CARTESIAN_POINT ( 'NONE',  ( -9.170799433627211172, 16.06342974276781632, -6.204015920959667696 ) ) ;
#43 = CARTESIAN_POINT ( 'NONE',  ( 11.50212441421962772, 24.61202246610906386, -11.69206192996210802 ) ) ;
#44 = CARTESIAN_POINT ( 'NONE',  ( 11.46237373517345226, 24.38400517270774159, -11.66615154835079515 ) ) ;
#45 = EDGE_CURVE ( 'NONE', #172, #3737, #112, .T. ) ;
#46 = DIRECTION ( 'NONE',  ( -1.000000000000000000, 0.000000000000000000, 0.000000000000000000 ) ) ;
#47 = ORIENTED_EDGE ( 'NONE', *, *, #778, .T. ) ;
#48 = EDGE_CURVE ( 'NONE', #3829, #1305, #914, .T. ) ;
#49 = AXIS2_PLACEMENT_3D ( 'NONE', #3038, #4560, #3464 ) ;
#50 = VERTEX_POINT ( 'NONE', #479 ) ;
#51 = DIRECTION ( 'NONE',  ( -0.000000000000000000, -1.000000000000000000, -0.000000000000000000 ) ) ;
#52 = CARTESIAN_POINT ( 'NONE',  ( -11.49976275841742712, 24.52985140741887449, -2.000000000000008882 ) ) ;
#53 = CARTESIAN_POINT ( 'NONE',  ( 6.000000000000000000, -0.5000000000000019984, -26.80000000000000071 ) ) ;
#54 = ADVANCED_FACE ( 'NONE', ( #1977 ), #4570, .F. ) ;
#55 = ADVANCED_FACE ( 'NONE', ( #2727 ), #1773, .T. ) ;
#56 = DIRECTION ( 'NONE',  ( -0.000000000000000000, -0.000000000000000000, 1.000000000000000000 ) ) ;
#57 = ORIENTED_EDGE ( 'NONE', *, *, #670, .F. ) ;
#58 = FACE_OUTER_BOUND ( 'NONE', #2523, .T. ) ;
#59 = VERTEX_POINT ( 'NONE', #3132 ) ;
#60 = EDGE_CURVE ( 'NONE', #4373, #4018, #2745, .T. ) ;
#61 = DIRECTION ( 'NONE',  ( 0.000000000000000000, 0.000000000000000000, -1.000000000000000000 ) ) ;
#62 = EDGE_CURVE ( 'NONE', #1766, #3060, #1354, .T. ) ;
#63 = AXIS2_PLACEMENT_3D ( 'NONE', #3231, #1129, #4695 ) ;
#64 = CARTESIAN_POINT ( 'NONE',  ( -11.46939956954568984, 23.49999999604291645, -10.02949118015741803 ) ) ;
#65 = ORIENTED_EDGE ( 'NONE', *, *, #2059, .T. ) ;
#66 = CARTESIAN_POINT ( 'NONE',  ( 10.34336880010336657, 20.36839515711264070, -12.06317914162612404 ) ) ;
#67 = VECTOR ( 'NONE', #4235, 1000.000000000000000 ) ;
#68 = CARTESIAN_POINT ( 'NONE',  ( 11.49976275841742890, 24.52985140741888515, -11.38169557082816397 ) ) ;
#69 = CARTESIAN_POINT ( 'NONE',  ( 10.43743636266770736, 23.49999999999999289, -7.029491177760974097 ) ) ;
#70 = EDGE_CURVE ( 'NONE', #2137, #1194, #2973, .T. ) ;
#71 = CARTESIAN_POINT ( 'NONE',  ( 10.66698293863744418, 35.04340308539255489, -1.999999999999994893 ) ) ;
#72 = CARTESIAN_POINT ( 'NONE',  ( -9.069628228996466035, 37.50771452935044437, -3.317501584554948035 ) ) ;
#73 = EDGE_LOOP ( 'NONE', ( #2446, #1744, #116, #2193, #1343, #3613, #3097, #2172 ) ) ;
#74 = EDGE_CURVE ( 'NONE', #50, #739, #3927, .T. ) ;
#75 = EDGE_LOOP ( 'NONE', ( #3161, #4427, #4443, #3080 ) ) ;
#76 = DIRECTION ( 'NONE',  ( -1.000000000000000000, -0.000000000000000000, -3.384826294588892433E-16 ) ) ;
#77 = CARTESIAN_POINT ( 'NONE',  ( -8.886940626053497994, 11.84244247931962235, -13.40763425756823501 ) ) ;
#78 = CARTESIAN_POINT ( 'NONE',  ( -8.150244471661764578, 12.38708151448160422, -14.24630482587228109 ) ) ;
#79 = FACE_OUTER_BOUND ( 'NONE', #1630, .T. ) ;
#80 = ORIENTED_EDGE ( 'NONE', *, *, #3999, .F. ) ;
#81 =( NAMED_UNIT ( * ) PLANE_ANGLE_UNIT ( ) SI_UNIT ( $, .RADIAN. ) );
#82 = VERTEX_POINT ( 'NONE', #958 ) ;
#83 = AXIS2_PLACEMENT_3D ( 'NONE', #3224, #1778, #955 ) ;
#84 = CARTESIAN_POINT ( 'NONE',  ( -9.999999999999998224, -12.50000000000000178, -26.80000000000000426 ) ) ;
#85 = DIRECTION ( 'NONE',  ( 0.000000000000000000, 0.000000000000000000, 1.000000000000000000 ) ) ;
#86 = VERTEX_POINT ( 'NONE', #4646 ) ;
#87 = CARTESIAN_POINT ( 'NONE',  ( 9.733052033968624173, 7.802262148883605697, -20.22372133426860330 ) ) ;
#88 = CARTESIAN_POINT ( 'NONE',  ( 10.16226774207625994, -0.5000000000000019984, -1.999999999999994893 ) ) ;
#89 = EDGE_CURVE ( 'NONE', #1741, #4600, #1584, .T. ) ;
#90 = DIRECTION ( 'NONE',  ( 1.000000000000000000, 0.000000000000000000, 3.469446951953613696E-16 ) ) ;
#91 = ORIENTED_EDGE ( 'NONE', *, *, #3209, .T. ) ;
#92 = CARTESIAN_POINT ( 'NONE',  ( -10.99891748959691107, 12.16379268742277020, -6.812950722935095627 ) ) ;
#93 = CARTESIAN_POINT ( 'NONE',  ( -8.329448142730122129, 37.97884758465443156, -3.011544201035422308 ) ) ;
#94 = EDGE_LOOP ( 'NONE', ( #361, #149, #2902, #2870 ) ) ;
#95 = ORIENTED_EDGE ( 'NONE', *, *, #525, .F. ) ;
#96 = AXIS2_PLACEMENT_3D ( 'NONE', #2407, #1321, #3881 ) ;
#97 = ORIENTED_EDGE ( 'NONE', *, *, #2999, .T. ) ;
#98 =( BOUNDED_CURVE ( )  B_SPLINE_CURVE ( 3, ( #567, #2356, #2038, #3514 ),
 .UNSPECIFIED., .F., .T. ) 
 B_SPLINE_CURVE_WITH_KNOTS ( ( 4, 4 ),
 ( 0.000000000000000000, 0.2220576855179805520 ),
 .UNSPECIFIED. ) 
 CURVE ( )  GEOMETRIC_REPRESENTATION_ITEM ( )  RATIONAL_B_SPLINE_CURVE ( ( 1.000000000000000000, 0.9958950848712231352, 0.9958950848712231352, 1.000000000000000000 ) ) 
 REPRESENTATION_ITEM ( '' )  );
#99 = CARTESIAN_POINT ( 'NONE',  ( -8.215808525592969147, 16.85280267577349278, -4.598206035081986442 ) ) ;
#100 = CARTESIAN_POINT ( 'NONE',  ( -5.999999999999998224, -7.500000000000002665, -19.25000000000000355 ) ) ;
#101 = CARTESIAN_POINT ( 'NONE',  ( -40.00000000000000000, -0.5000000000000019984, -25.61527341432796945 ) ) ;
#102 = AXIS2_PLACEMENT_3D ( 'NONE', #2819, #1027, #3608 ) ;
#103 = VERTEX_POINT ( 'NONE', #173 ) ;
#104 = DIRECTION ( 'NONE',  ( 1.000000000000000000, 0.000000000000000000, 0.000000000000000000 ) ) ;
#105 = ORIENTED_EDGE ( 'NONE', *, *, #2445, .T. ) ;
#106 = CARTESIAN_POINT ( 'NONE',  ( -10.12307437925331222, 15.08836773272376064, -12.49206904311839494 ) ) ;
#107 = CARTESIAN_POINT ( 'NONE',  ( 9.314156401845188782, 1.500000000000000444, -21.31645822793294087 ) ) ;
#108 = ORIENTED_EDGE ( 'NONE', *, *, #2444, .T. ) ;
#109 = CARTESIAN_POINT ( 'NONE',  ( -4.992664342963544222, 39.87854490516487971, -1.607323888419135649 ) ) ;
#110 = CARTESIAN_POINT ( 'NONE',  ( 11.49976275841742890, 24.52985140741888515, -1.999999999999994893 ) ) ;
#111 = CARTESIAN_POINT ( 'NONE',  ( -10.20175546506875719, 0.000000000000000000, -8.300000000000000711 ) ) ;
#112 = LINE ( 'NONE', #2685, #2817 ) ;
#113 = AXIS2_PLACEMENT_3D ( 'NONE', #2403, #1319, #3491 ) ;
#114 = DIRECTION ( 'NONE',  ( 1.000000000000000000, 0.000000000000000000, 0.000000000000000000 ) ) ;
#115 = CARTESIAN_POINT ( 'NONE',  ( -10.18536277419529590, 35.41343684317880758, -4.677541416220191373 ) ) ;
#116 = ORIENTED_EDGE ( 'NONE', *, *, #3912, .T. ) ;
#117 = ORIENTED_EDGE ( 'NONE', *, *, #4354, .F. ) ;
#118 = LINE ( 'NONE', #3843, #3708 ) ;
#119 = CARTESIAN_POINT ( 'NONE',  ( -9.314156398361021161, 1.499999999999997780, -21.31645822798600420 ) ) ;
#120 = CARTESIAN_POINT ( 'NONE',  ( 10.00000000000000178, -12.50000000000000178, -6.299999999999999822 ) ) ;
#121 = EDGE_LOOP ( 'NONE', ( #2415, #2107, #911, #1040, #4218 ) ) ;
#122 = VERTEX_POINT ( 'NONE', #1005 ) ;
#123 = VECTOR ( 'NONE', #772, 1000.000000000000000 ) ;
#124 = UNCERTAINTY_MEASURE_WITH_UNIT (LENGTH_MEASURE( 1.000000000000000082E-05 ), #1104, 'distance_accuracy_value', 'NONE');
#125 = CARTESIAN_POINT ( 'NONE',  ( -4.000000000000000000, 23.49999999999999289, -7.029491177587660289 ) ) ;
#126 = EDGE_CURVE ( 'NONE', #1141, #1261, #2381, .T. ) ;
#127 = LINE ( 'NONE', #3899, #4559 ) ;
#128 = ORIENTED_EDGE ( 'NONE', *, *, #1648, .T. ) ;
#129 = ADVANCED_FACE ( 'NONE', ( #2096 ), #516, .T. ) ;
#130 = DIRECTION ( 'NONE',  ( -0.000000000000000000, 0.8386705679454236062, 0.5446390350150277504 ) ) ;
#131 = CIRCLE ( 'NONE', #3610, 0.5999999999999998668 ) ;
#132 = DIRECTION ( 'NONE',  ( 1.000000000000000000, -0.000000000000000000, -0.000000000000000000 ) ) ;
#133 = DIRECTION ( 'NONE',  ( 1.000000000000000000, 0.000000000000000000, 0.000000000000000000 ) ) ;
#134 = CIRCLE ( 'NONE', #2694, 0.5999999999999998668 ) ;
#135 = CARTESIAN_POINT ( 'NONE',  ( 11.37259072896594780, 20.59016140544467532, -2.188299892660783286 ) ) ;
#136 = CARTESIAN_POINT ( 'NONE',  ( -11.26438863756751552, 27.67706812121771520, -9.701598008037487730 ) ) ;
#137 = ORIENTED_EDGE ( 'NONE', *, *, #3632, .F. ) ;
#138 = ORIENTED_EDGE ( 'NONE', *, *, #1515, .F. ) ;
#139 = DIRECTION ( 'NONE',  ( 0.000000000000000000, 0.000000000000000000, -1.000000000000000000 ) ) ;
#140 = CARTESIAN_POINT ( 'NONE',  ( -9.885093570927958595, -0.03660828949549250338, -27.69906990457358731 ) ) ;
#141 = LINE ( 'NONE', #4162, #1532 ) ;
#142 = EDGE_CURVE ( 'NONE', #2196, #3857, #3877, .T. ) ;
#143 = EDGE_CURVE ( 'NONE', #3672, #257, #3181, .T. ) ;
#144 = VERTEX_POINT ( 'NONE', #255 ) ;
#145 = ORIENTED_EDGE ( 'NONE', *, *, #1286, .T. ) ;
#146 = FACE_BOUND ( 'NONE', #3846, .T. ) ;
#147 = VECTOR ( 'NONE', #2713, 1000.000000000000000 ) ;
#148 = CARTESIAN_POINT ( 'NONE',  ( -10.16340860947742364, -0.4856604848372888528, -27.55365405499772891 ) ) ;
#149 = ORIENTED_EDGE ( 'NONE', *, *, #3321, .F. ) ;
#150 = CARTESIAN_POINT ( 'NONE',  ( 9.152523693460368648, 37.13199608276047314, -3.561495996675870135 ) ) ;
#151 = FACE_OUTER_BOUND ( 'NONE', #3410, .T. ) ;
#152 = EDGE_CURVE ( 'NONE', #82, #1045, #569, .T. ) ;
#153 = ORIENTED_EDGE ( 'NONE', *, *, #3284, .F. ) ;
#154 = CARTESIAN_POINT ( 'NONE',  ( -10.76232478870912246, 7.737443672544239703, -22.28080226904307182 ) ) ;
#155 = CARTESIAN_POINT ( 'NONE',  ( 11.19992924043947902, 24.70323619037217355, -11.63282704482180563 ) ) ;
#156 = CARTESIAN_POINT ( 'NONE',  ( -10.43743682286083008, 23.49999999999999289, -10.02949117758766207 ) ) ;
#157 = LINE ( 'NONE', #2686, #4581 ) ;
#158 = CARTESIAN_POINT ( 'NONE',  ( -7.069985867415899961, 39.02863559679806826, -2.144297644040332518 ) ) ;
#159 = VERTEX_POINT ( 'NONE', #4669 ) ;
#160 = DIRECTION ( 'NONE',  ( 0.000000000000000000, 0.000000000000000000, 1.000000000000000000 ) ) ;
#161 = ORIENTED_EDGE ( 'NONE', *, *, #3502, .F. ) ;
#162 = CARTESIAN_POINT ( 'NONE',  ( 11.35515441155108896, 24.57114798419395285, -11.67891443817167207 ) ) ;
#163 = LINE ( 'NONE', #4603, #4635 ) ;
#164 = DIRECTION ( 'NONE',  ( -0.000000000000000000, 1.000000000000000000, -0.000000000000000000 ) ) ;
#165 = VECTOR ( 'NONE', #3067, 1000.000000000000000 ) ;
#166 = ORIENTED_EDGE ( 'NONE', *, *, #1439, .F. ) ;
#167 = COORDINATED_UNIVERSAL_TIME_OFFSET ( 8, 0, .AHEAD. ) ;
#168 = EDGE_CURVE ( 'NONE', #1587, #2527, #2769, .T. ) ;
#169 = CIRCLE ( 'NONE', #3655, 0.5000000000000001110 ) ;
#170 = CARTESIAN_POINT ( 'NONE',  ( -12.65701411347340688, 24.58927806607297484, -11.70683231604826702 ) ) ;
#171 = CARTESIAN_POINT ( 'NONE',  ( -8.883998951565505564, 16.85280267578403013, -4.598206035082411880 ) ) ;
#172 = VERTEX_POINT ( 'NONE', #1483 ) ;
#173 = CARTESIAN_POINT ( 'NONE',  ( -10.16226774207625994, -0.5000000000000019984, -6.299999999999998934 ) ) ;
#174 = DIRECTION ( 'NONE',  ( 0.000000000000000000, -0.000000000000000000, -1.000000000000000000 ) ) ;
#175 = VECTOR ( 'NONE', #2575, 1000.000000000000000 ) ;
#176 = ORIENTED_EDGE ( 'NONE', *, *, #4772, .F. ) ;
#177 = CARTESIAN_POINT ( 'NONE',  ( -10.18613777375304252, 3.748099502280254125, -25.24125192656060435 ) ) ;
#178 = CARTESIAN_POINT ( 'NONE',  ( 11.32504964104605705, 32.10672883377220899, -6.493536570735444435 ) ) ;
#179 = DIRECTION ( 'NONE',  ( 0.000000000000000000, 0.000000000000000000, 1.000000000000000000 ) ) ;
#180 = CARTESIAN_POINT ( 'NONE',  ( 9.972549269988391529, 12.00507784182656401, -17.49438091028427422 ) ) ;
#181 = CARTESIAN_POINT ( 'NONE',  ( -4.998162852040513471, 39.87726113200023548, -1.608140597512111913 ) ) ;
#182 = EDGE_LOOP ( 'NONE', ( #1559, #1187, #1707, #2558 ) ) ;
#183 = AXIS2_PLACEMENT_3D ( 'NONE', #1125, #2625, #2311 ) ;
#184 = DIRECTION ( 'NONE',  ( -1.000000000000000000, 0.000000000000000000, 0.000000000000000000 ) ) ;
#185 = ORIENTED_EDGE ( 'NONE', *, *, #2896, .T. ) ;
#186 = ADVANCED_FACE ( 'NONE', ( #4043, #1553 ), #3031, .F. ) ;
#187 = DIRECTION ( 'NONE',  ( -1.000000000000000000, -0.000000000000000000, -3.384826294588891940E-16 ) ) ;
#188 = CARTESIAN_POINT ( 'NONE',  ( -7.201755465154040081, 1.000000000000000000, -6.299999999999998046 ) ) ;
#189 = ADVANCED_FACE ( 'NONE', ( #4107 ), #1143, .T. ) ;
#190 = LINE ( 'NONE', #1676, #1848 ) ;
#191 = VECTOR ( 'NONE', #4285, 1000.000000000000000 ) ;
#192 = VERTEX_POINT ( 'NONE', #2963 ) ;
#193 = ADVANCED_FACE ( 'NONE', ( #765, #811 ), #9, .T. ) ;
#194 = CARTESIAN_POINT ( 'NONE',  ( -9.337383675056745602, 37.20286694582391362, -3.282307374017364943 ) ) ;
#195 = EDGE_CURVE ( 'NONE', #378, #3509, #4694, .T. ) ;
#196 = ADVANCED_FACE ( 'NONE', ( #4439 ), #2283, .F. ) ;
#197 = DIRECTION ( 'NONE',  ( -1.000000000000000000, 0.000000000000000000, 0.000000000000000000 ) ) ;
#198 = EDGE_CURVE ( 'NONE', #1326, #4656, #4117, .T. ) ;
#199 = LINE ( 'NONE', #1681, #3039 ) ;
#200 = VECTOR ( 'NONE', #4713, 1000.000000000000000 ) ;
#201 = EDGE_LOOP ( 'NONE', ( #1578, #793, #3790, #4163, #2325, #4130, #2247, #1678, #3344, #3393, #2927, #4009, #1845, #4481, #543, #1225, #873, #2483, #787, #2867 ) ) ;
#202 = CARTESIAN_POINT ( 'NONE',  ( 8.300460991572647274, 38.00357523999624476, -2.995485873894464746 ) ) ;
#203 = DIRECTION ( 'NONE',  ( 1.000000000000000000, 0.000000000000000000, 0.000000000000000000 ) ) ;
#204 = ORIENTED_EDGE ( 'NONE', *, *, #3062, .F. ) ;
#205 = FACE_OUTER_BOUND ( 'NONE', #3279, .T. ) ;
#206 = CARTESIAN_POINT ( 'NONE',  ( 7.185833482847119313, 38.77553832398704259, -2.494167185482650151 ) ) ;
#207 = CARTESIAN_POINT ( 'NONE',  ( 6.190219008377707333, 39.49572846823079431, -0.7362301338135943674 ) ) ;
#208 = CARTESIAN_POINT ( 'NONE',  ( 23.00000000000000000, -7.500000000000002665, -8.049999999999991829 ) ) ;
#209 = CARTESIAN_POINT ( 'NONE',  ( -5.754537548227586008, 39.48444627818218322, -2.033796977150201357 ) ) ;
#210 = CIRCLE ( 'NONE', #3687, 5.000000000000000888 ) ;
#211 = ORIENTED_EDGE ( 'NONE', *, *, #3855, .T. ) ;
#212 = EDGE_CURVE ( 'NONE', #1587, #1092, #3302, .T. ) ;
#213 = DIRECTION ( 'NONE',  ( 1.000000000000000000, 0.000000000000000000, 0.000000000000000000 ) ) ;
#214 = ORIENTED_EDGE ( 'NONE', *, *, #2416, .T. ) ;
#215 = VECTOR ( 'NONE', #592, 1000.000000000000000 ) ;
#216 = CARTESIAN_POINT ( 'NONE',  ( -9.221549676120170957, 16.95064857222381249, -4.542360725879740713 ) ) ;
#217 = CARTESIAN_POINT ( 'NONE',  ( 4.500000000000001776, 1.500000000000007105, -21.31645822793293732 ) ) ;
#218 = VECTOR ( 'NONE', #2646, 1000.000000000000000 ) ;
#219 = CYLINDRICAL_SURFACE ( 'NONE', #4531, 0.4999999999999995559 ) ;
#220 = EDGE_CURVE ( 'NONE', #2189, #2196, #396, .T. ) ;
#221 = ADVANCED_FACE ( 'NONE', ( #4084 ), #4462, .F. ) ;
#222 = VERTEX_POINT ( 'NONE', #1873 ) ;
#223 = CARTESIAN_POINT ( 'NONE',  ( -11.18678968443898114, 30.64561319322107025, -7.773802297529411653 ) ) ;
#224 = CARTESIAN_POINT ( 'NONE',  ( 11.49671617256383627, 24.42333313528381211, -11.45129953120338229 ) ) ;
#225 = DIRECTION ( 'NONE',  ( 1.000000000000000000, 0.000000000000000000, 0.000000000000000000 ) ) ;
#226 = FACE_OUTER_BOUND ( 'NONE', #201, .T. ) ;
#227 = ORIENTED_EDGE ( 'NONE', *, *, #903, .F. ) ;
#228 = DIRECTION ( 'NONE',  ( 1.000000000000000000, 0.000000000000000000, 0.000000000000000000 ) ) ;
#229 = B_SPLINE_CURVE_WITH_KNOTS ( 'NONE', 3,
 ( #531, #1607, #2370, #3845, #1169, #3076, #78, #1653 ),
 .UNSPECIFIED., .F., .F.,
 ( 4, 2, 2, 4 ),
 ( 2.453269466693398313E-18, 0.0003907195605618046406, 0.0007814391211236068960, 0.001562878242247209021 ),
 .UNSPECIFIED. ) ;
#230 = PLANE ( 'NONE',  #1296 ) ;
#231 = ORIENTED_EDGE ( 'NONE', *, *, #4641, .T. ) ;
#232 = LINE ( 'NONE', #4620, #2577 ) ;
#233 = CARTESIAN_POINT ( 'NONE',  ( 8.230943626757371234, 38.06225204742752766, -2.957380709604037872 ) ) ;
#234 = CARTESIAN_POINT ( 'NONE',  ( 8.235310563208674495, 38.27031152757652421, -1.356748360386158314 ) ) ;
#235 = PLANE ( 'NONE',  #2045 ) ;
#236 = DIRECTION ( 'NONE',  ( -1.000000000000000000, -0.000000000000000000, -0.000000000000000000 ) ) ;
#237 = EDGE_CURVE ( 'NONE', #649, #704, #4757, .T. ) ;
#238 = ORIENTED_EDGE ( 'NONE', *, *, #3085, .F. ) ;
#239 = FACE_OUTER_BOUND ( 'NONE', #3489, .T. ) ;
#240 = EDGE_LOOP ( 'NONE', ( #4457, #4530, #2175, #3214 ) ) ;
#241 = CARTESIAN_POINT ( 'NONE',  ( -8.113276779863584309, 14.12839090424260746, -6.037740438143234023 ) ) ;
#242 = CARTESIAN_POINT ( 'NONE',  ( -7.000000000000000000, 37.50000000000000000, -0.4999999999999995559 ) ) ;
#243 = DIRECTION ( 'NONE',  ( -0.000000000000000000, -0.000000000000000000, 1.000000000000000000 ) ) ;
#244 = VERTEX_POINT ( 'NONE', #420 ) ;
#245 = DIRECTION ( 'NONE',  ( 0.000000000000000000, -0.000000000000000000, 1.000000000000000000 ) ) ;
#246 = LINE ( 'NONE', #4352, #4022 ) ;
#247 = B_SPLINE_CURVE_WITH_KNOTS ( 'NONE', 2,
 ( #1232, #4478, #4152 ),
 .UNSPECIFIED., .F., .F.,
 ( 3, 3 ),
 ( 0.9983823180095922067, 1.019200010841112558 ),
 .UNSPECIFIED. ) ;
#248 = ORIENTED_EDGE ( 'NONE', *, *, #3206, .T. ) ;
#249 = CARTESIAN_POINT ( 'NONE',  ( 20.00000000000000000, 21.17423583211418503, -1.999999999999998224 ) ) ;
#250 = CARTESIAN_POINT ( 'NONE',  ( -10.21099132498761541, 17.19085956422285477, -11.12669488328055145 ) ) ;
#251 = AXIS2_PLACEMENT_3D ( 'NONE', #4077, #458, #3764 ) ;
#252 = B_SPLINE_CURVE_WITH_KNOTS ( 'NONE', 3,
 ( #2070, #959, #598, #1685 ),
 .UNSPECIFIED., .F., .F.,
 ( 4, 4 ),
 ( 0.000000000000000000, 0.0001341927774338556737 ),
 .UNSPECIFIED. ) ;
#253 = ORIENTED_EDGE ( 'NONE', *, *, #3133, .F. ) ;
#254 =( BOUNDED_CURVE ( )  B_SPLINE_CURVE ( 3, ( #2111, #3869, #1699, #2476 ),
 .UNSPECIFIED., .F., .T. ) 
 B_SPLINE_CURVE_WITH_KNOTS ( ( 4, 4 ),
 ( 4.712388980384689674, 7.853981633974482790 ),
 .UNSPECIFIED. ) 
 CURVE ( )  GEOMETRIC_REPRESENTATION_ITEM ( )  RATIONAL_B_SPLINE_CURVE ( ( 1.000000000000000000, 0.3333333333333333703, 0.3333333333333333703, 1.000000000000000000 ) ) 
 REPRESENTATION_ITEM ( '' )  );
#255 = CARTESIAN_POINT ( 'NONE',  ( -11.19666586837696975, 24.58927806608659949, -11.70683231603941010 ) ) ;
#256 = CARTESIAN_POINT ( 'NONE',  ( 10.16226774207625994, -0.5000000000000019984, -25.61527341432796945 ) ) ;
#257 = VERTEX_POINT ( 'NONE', #2208 ) ;
#258 = DIRECTION ( 'NONE',  ( -8.673617379884027583E-16, 0.000000000000000000, 1.000000000000000000 ) ) ;
#259 = CARTESIAN_POINT ( 'NONE',  ( 11.21007023043292250, 32.86868935831979854, -6.006966058417861909 ) ) ;
#260 = CARTESIAN_POINT ( 'NONE',  ( -10.21099132498761541, 17.19085956419003480, -14.12669488323001232 ) ) ;
#261 = PLANE ( 'NONE',  #2742 ) ;
#262 = LINE ( 'NONE', #3189, #67 ) ;
#263 = ORIENTED_EDGE ( 'NONE', *, *, #3652, .T. ) ;
#264 = AXIS2_PLACEMENT_3D ( 'NONE', #3109, #3430, #3451 ) ;
#265 = CARTESIAN_POINT ( 'NONE',  ( -10.59999999999999964, 26.17423583211419214, -4.999999999999999112 ) ) ;
#266 = ORIENTED_EDGE ( 'NONE', *, *, #89, .T. ) ;
#267 = EDGE_CURVE ( 'NONE', #2935, #1571, #1756, .T. ) ;
#268 = DIRECTION ( 'NONE',  ( -3.384826294588891940E-16, 0.000000000000000000, 1.000000000000000000 ) ) ;
#269 = DIRECTION ( 'NONE',  ( -0.000000000000000000, -1.000000000000000000, -0.000000000000000000 ) ) ;
#270 = CARTESIAN_POINT ( 'NONE',  ( 0.000000000000000000, 10.46276442770519921, -16.11124436686874617 ) ) ;
#271 = ORIENTED_EDGE ( 'NONE', *, *, #2967, .F. ) ;
#272 = AXIS2_PLACEMENT_3D ( 'NONE', #1924, #839, #4401 ) ;
#273 = CARTESIAN_POINT ( 'NONE',  ( -10.33045811499945543, 35.05575054996533169, -4.909825611015611102 ) ) ;
#274 = CIRCLE ( 'NONE', #4663, 4.999999999999999112 ) ;
#275 = LINE ( 'NONE', #1001, #2011 ) ;
#276 = ADVANCED_FACE ( 'NONE', ( #3588 ), #1464, .F. ) ;
#277 = DIRECTION ( 'NONE',  ( 0.000000000000000000, 0.000000000000000000, -1.000000000000000000 ) ) ;
#278 = FACE_OUTER_BOUND ( 'NONE', #614, .T. ) ;
#279 = EDGE_LOOP ( 'NONE', ( #2856, #609, #3466, #905, #4341, #4514 ) ) ;
#280 = CARTESIAN_POINT ( 'NONE',  ( -11.46226537762182218, 24.38410860276171732, -11.66631081666711722 ) ) ;
#281 = EDGE_CURVE ( 'NONE', #2721, #1468, #1121, .T. ) ;
#282 = ORIENTED_EDGE ( 'NONE', *, *, #168, .T. ) ;
#283 = CARTESIAN_POINT ( 'NONE',  ( -8.882766634670554495, 11.76095811586741746, -13.46055082191987218 ) ) ;
#284 = ADVANCED_FACE ( 'NONE', ( #1652 ), #3844, .F. ) ;
#285 = CARTESIAN_POINT ( 'NONE',  ( 7.903624681204224345, 38.31757806570931990, -2.791570054590868377 ) ) ;
#286 = DIRECTION ( 'NONE',  ( 0.9694364236751655817, -0.2188803257612763620, -0.1108351182908306892 ) ) ;
#287 = DIRECTION ( 'NONE',  ( -0.000000000000000000, 0.8386705679454231621, 0.5446390350150284165 ) ) ;
#288 = CYLINDRICAL_SURFACE ( 'NONE', #1921, 5.000000000000000000 ) ;
#289 = ORIENTED_EDGE ( 'NONE', *, *, #1539, .T. ) ;
#290 = LINE ( 'NONE', #680, #3649 ) ;
#291 = ORIENTED_EDGE ( 'NONE', *, *, #3779, .F. ) ;
#292 = DIRECTION ( 'NONE',  ( -1.000000000000000000, 0.000000000000000000, -3.384826294588891940E-16 ) ) ;
#293 = CARTESIAN_POINT ( 'NONE',  ( -7.588524638026981073, 38.72157419003863765, -1.128241068100916067 ) ) ;
#294 = FACE_OUTER_BOUND ( 'NONE', #538, .T. ) ;
#295 = AXIS2_PLACEMENT_3D ( 'NONE', #971, #1798, #2811 ) ;
#296 = VECTOR ( 'NONE', #4010, 1000.000000000000000 ) ;
#297 = VERTEX_POINT ( 'NONE', #3506 ) ;
#298 = VECTOR ( 'NONE', #4064, 1000.000000000000000 ) ;
#299 = CARTESIAN_POINT ( 'NONE',  ( -4.041845982919947566, 39.95586224202692449, -1.727655870674944305 ) ) ;
#300 = EDGE_CURVE ( 'NONE', #3623, #739, #4179, .T. ) ;
#301 = DIRECTION ( 'NONE',  ( -1.000000000000000000, 0.000000000000000000, -3.384826294588891940E-16 ) ) ;
#302 = DIRECTION ( 'NONE',  ( -0.000000000000000000, -0.000000000000000000, -1.000000000000000000 ) ) ;
#303 = DIRECTION ( 'NONE',  ( -0.000000000000000000, 0.5446390350150284165, -0.8386705679454231621 ) ) ;
#304 = ORIENTED_EDGE ( 'NONE', *, *, #3270, .T. ) ;
#305 = DIRECTION ( 'NONE',  ( 0.000000000000000000, -0.000000000000000000, -1.000000000000000000 ) ) ;
#306 = ORIENTED_EDGE ( 'NONE', *, *, #4287, .F. ) ;
#307 = CARTESIAN_POINT ( 'NONE',  ( -8.220233641699618232, 20.00637020331453897, -9.298280896879532520 ) ) ;
#308 = CARTESIAN_POINT ( 'NONE',  ( 8.828287730679177159, 37.50266141800716468, -3.320783113431801770 ) ) ;
#309 = LINE ( 'NONE', #1034, #1683 ) ;
#310 = DIRECTION ( 'NONE',  ( 0.000000000000000000, 0.000000000000000000, 1.000000000000000000 ) ) ;
#311 = CARTESIAN_POINT ( 'NONE',  ( 9.314156401845188782, 1.500000000000000444, -21.31645822793294087 ) ) ;
#312 = ORIENTED_EDGE ( 'NONE', *, *, #2840, .T. ) ;
#313 = CARTESIAN_POINT ( 'NONE',  ( -9.218094177639109432, 19.39047768947931871, -8.505882878503470579 ) ) ;
#314 = ORIENTED_EDGE ( 'NONE', *, *, #2052, .F. ) ;
#315 = AXIS2_PLACEMENT_3D ( 'NONE', #788, #3725, #419 ) ;
#316 = DIRECTION ( 'NONE',  ( 1.000000000000000000, 0.000000000000000000, -0.000000000000000000 ) ) ;
#317 = CARTESIAN_POINT ( 'NONE',  ( -12.65701411347340688, -0.5000000000000019984, -28.00000000000000000 ) ) ;
#318 = DIRECTION ( 'NONE',  ( -1.000000000000000000, 0.000000000000000000, -3.469446951953613696E-16 ) ) ;
#319 = VERTEX_POINT ( 'NONE', #3459 ) ;
#320 = DIRECTION ( 'NONE',  ( 1.000000000000000000, -0.000000000000000000, -0.000000000000000000 ) ) ;
#321 = FACE_OUTER_BOUND ( 'NONE', #2157, .T. ) ;
#322 = VECTOR ( 'NONE', #586, 1000.000000000000000 ) ;
#323 = LINE ( 'NONE', #249, #1610 ) ;
#324 = PLANE ( 'NONE',  #3493 ) ;
#325 = ORIENTED_EDGE ( 'NONE', *, *, #1127, .F. ) ;
#326 = FACE_OUTER_BOUND ( 'NONE', #1638, .T. ) ;
#327 = ORIENTED_EDGE ( 'NONE', *, *, #3304, .T. ) ;
#328 = FACE_OUTER_BOUND ( 'NONE', #182, .T. ) ;
#329 = ORIENTED_EDGE ( 'NONE', *, *, #3478, .T. ) ;
#330 = LINE ( 'NONE', #1814, #4003 ) ;
#331 = DIRECTION ( 'NONE',  ( 1.000000000000000000, -0.000000000000000000, -0.000000000000000000 ) ) ;
#332 = VECTOR ( 'NONE', #2582, 1000.000000000000000 ) ;
#333 = VERTEX_POINT ( 'NONE', #140 ) ;
#334 = DIRECTION ( 'NONE',  ( 0.000000000000000000, 0.8386705679454231621, 0.5446390350150284165 ) ) ;
#335 = ORIENTED_EDGE ( 'NONE', *, *, #1063, .F. ) ;
#336 = CARTESIAN_POINT ( 'NONE',  ( -11.19880924490368379, 24.66406065632034128, -11.65826793410266227 ) ) ;
#337 = DIRECTION ( 'NONE',  ( -1.000000000000000000, 1.216140740499772514E-15, 7.897710312773982478E-16 ) ) ;
#338 = CARTESIAN_POINT ( 'NONE',  ( -0.1631777692921963785, 40.81304826587416557, -1.170992758005756862 ) ) ;
#339 = ORIENTED_EDGE ( 'NONE', *, *, #437, .F. ) ;
#340 = EDGE_CURVE ( 'NONE', #2371, #2073, #1965, .T. ) ;
#341 = VECTOR ( 'NONE', #3009, 1000.000000000000000 ) ;
#342 = ORIENTED_EDGE ( 'NONE', *, *, #3150, .F. ) ;
#343 = EDGE_CURVE ( 'NONE', #451, #1177, #1580, .T. ) ;
#344 = CARTESIAN_POINT ( 'NONE',  ( -10.30000000000000959, 31.97423583211418574, -1.999999999999999556 ) ) ;
#345 = CARTESIAN_POINT ( 'NONE',  ( 6.500000000000001776, 38.49999999999999289, -1.240440286910156065 ) ) ;
#346 = FACE_OUTER_BOUND ( 'NONE', #4358, .T. ) ;
#347 = ADVANCED_FACE ( 'NONE', ( #895 ), #1606, .F. ) ;
#348 = CARTESIAN_POINT ( 'NONE',  ( -11.13201040479124337, 11.69491191886412906, -10.00625500819774949 ) ) ;
#349 = CARTESIAN_POINT ( 'NONE',  ( -11.19666586837696975, 24.58927806608659949, -11.70683231603941010 ) ) ;
#350 = EDGE_CURVE ( 'NONE', #2089, #869, #1065, .T. ) ;
#351 = ORIENTED_EDGE ( 'NONE', *, *, #4354, .T. ) ;
#352 = PLANE ( 'NONE',  #3305 ) ;
#353 = FACE_OUTER_BOUND ( 'NONE', #2602, .T. ) ;
#354 = EDGE_CURVE ( 'NONE', #4256, #3857, #3095, .T. ) ;
#355 = CARTESIAN_POINT ( 'NONE',  ( -9.013991263778498464, 14.86338050600567406, -12.63817745727051012 ) ) ;
#356 = ORIENTED_EDGE ( 'NONE', *, *, #375, .T. ) ;
#357 = FACE_OUTER_BOUND ( 'NONE', #1892, .T. ) ;
#358 = EDGE_CURVE ( 'NONE', #1609, #3677, #1265, .T. ) ;
#359 = CARTESIAN_POINT ( 'NONE',  ( 6.833327379014862757, 39.19460748795864191, -11.44735753722967964 ) ) ;
#360 = FACE_OUTER_BOUND ( 'NONE', #3146, .T. ) ;
#361 = ORIENTED_EDGE ( 'NONE', *, *, #489, .T. ) ;
#362 = AXIS2_PLACEMENT_3D ( 'NONE', #2258, #3282, #61 ) ;
#363 = CARTESIAN_POINT ( 'NONE',  ( 10.46288500486815387, 7.919334518442622262, -22.53242023405337235 ) ) ;
#364 = FACE_OUTER_BOUND ( 'NONE', #4169, .T. ) ;
#365 = FACE_BOUND ( 'NONE', #4415, .T. ) ;
#366 = ORIENTED_EDGE ( 'NONE', *, *, #3990, .F. ) ;
#367 = EDGE_CURVE ( 'NONE', #1383, #1326, #557, .T. ) ;
#368 = EDGE_CURVE ( 'NONE', #4416, #3645, #2563, .T. ) ;
#369 = ORIENTED_EDGE ( 'NONE', *, *, #2772, .F. ) ;
#370 = DIRECTION ( 'NONE',  ( 0.000000000000000000, 0.000000000000000000, 1.000000000000000000 ) ) ;
#371 = DIRECTION ( 'NONE',  ( -1.662020612589301938E-16, 1.000000000000000000, 0.000000000000000000 ) ) ;
#372 = CARTESIAN_POINT ( 'NONE',  ( 10.16226774207625994, -0.5000000000000019984, -27.44746873418995747 ) ) ;
#373 = EDGE_CURVE ( 'NONE', #799, #637, #4161, .T. ) ;
#374 = AXIS2_PLACEMENT_3D ( 'NONE', #2382, #4253, #203 ) ;
#375 = EDGE_CURVE ( 'NONE', #4113, #2365, #2670, .T. ) ;
#376 = DIRECTION ( 'NONE',  ( -1.000000000000000000, 0.000000000000000000, 0.000000000000000000 ) ) ;
#377 = LINE ( 'NONE', #1149, #4725 ) ;
#378 = VERTEX_POINT ( 'NONE', #2369 ) ;
#379 = AXIS2_PLACEMENT_3D ( 'NONE', #3887, #2106, #837 ) ;
#380 = DIRECTION ( 'NONE',  ( 0.000000000000000000, 0.5446390349885167348, -0.8386705679626400567 ) ) ;
#381 = FACE_OUTER_BOUND ( 'NONE', #4606, .T. ) ;
#382 = VECTOR ( 'NONE', #4684, 1000.000000000000000 ) ;
#383 = DIRECTION ( 'NONE',  ( -0.000000000000000000, 1.000000000000000000, -0.000000000000000000 ) ) ;
#384 = VERTEX_POINT ( 'NONE', #2008 ) ;
#385 = CARTESIAN_POINT ( 'NONE',  ( -10.16557284061259736, -0.4584133110198386762, -27.59985823739724964 ) ) ;
#386 = CARTESIAN_POINT ( 'NONE',  ( -11.51777377560766169, 25.07025644042358437, -2.000000000000008882 ) ) ;
#387 = CARTESIAN_POINT ( 'NONE',  ( 10.50000000000000000, -7.500000000000002665, -11.29999999999999005 ) ) ;
#388 = CARTESIAN_POINT ( 'NONE',  ( -10.20175546517043053, 3.252606517456513302E-15, -14.08399999999999963 ) ) ;
#389 = DIRECTION ( 'NONE',  ( -3.469446951953619612E-16, 0.000000000000000000, 1.000000000000000000 ) ) ;
#390 = FACE_OUTER_BOUND ( 'NONE', #3657, .T. ) ;
#391 = ORIENTED_EDGE ( 'NONE', *, *, #4578, .T. ) ;
#392 = ORIENTED_EDGE ( 'NONE', *, *, #4537, .T. ) ;
#393 = AXIS2_PLACEMENT_3D ( 'NONE', #1579, #3094, #3823 ) ;
#394 = ORIENTED_EDGE ( 'NONE', *, *, #74, .T. ) ;
#395 = CARTESIAN_POINT ( 'NONE',  ( 0.5505931242819293026, 40.88827239463042673, -0.9544713268979153620 ) ) ;
#396 = LINE ( 'NONE', #446, #175 ) ;
#397 = LINE ( 'NONE', #53, #4604 ) ;
#398 = CARTESIAN_POINT ( 'NONE',  ( -10.16226774207625994, -0.5000000000000019984, -10.00625500819774949 ) ) ;
#399 = PLANE ( 'NONE',  #2654 ) ;
#400 = ORIENTED_EDGE ( 'NONE', *, *, #4610, .T. ) ;
#401 = LINE ( 'NONE', #1879, #4288 ) ;
#402 = DIRECTION ( 'NONE',  ( 0.000000000000000000, -0.8386705679454231621, -0.5446390350150285276 ) ) ;
#403 = DIRECTION ( 'NONE',  ( 0.000000000000000000, -0.8386705679454236062, -0.5446390350150277504 ) ) ;
#404 = ORIENTED_EDGE ( 'NONE', *, *, #2766, .F. ) ;
#405 = CARTESIAN_POINT ( 'NONE',  ( 4.000000000000000000, 0.000000000000000000, 0.000000000000000000 ) ) ;
#406 = EDGE_CURVE ( 'NONE', #3864, #3732, #163, .T. ) ;
#407 = CARTESIAN_POINT ( 'NONE',  ( -9.218094175749330432, 17.39931015261749181, -5.439753751192780484 ) ) ;
#408 = AXIS2_PLACEMENT_3D ( 'NONE', #3988, #4013, #703 ) ;
#409 = LINE ( 'NONE', #1886, #1180 ) ;
#410 = VECTOR ( 'NONE', #1659, 1000.000000000000000 ) ;
#411 = LINE ( 'NONE', #3266, #1971 ) ;
#412 = LINE ( 'NONE', #3697, #4522 ) ;
#413 =( BOUNDED_SURFACE ( )  B_SPLINE_SURFACE ( 3, 2, ( 
 ( #1522, #3650, #2639 ),
 ( #336, #1114, #4100 ),
 ( #1821, #2222, #3295 ),
 ( #2567, #4751, #4037 ) ),
 .UNSPECIFIED., .F., .F., .F. ) 
 B_SPLINE_SURFACE_WITH_KNOTS ( ( 4, 4 ),
 ( 3, 3 ),
 ( 0.000000000000000000, 0.0001349933986689267284 ),
 ( 0.000000000000000000, 1.000000000000000000 ),
 .UNSPECIFIED. ) 
 GEOMETRIC_REPRESENTATION_ITEM ( )  RATIONAL_B_SPLINE_SURFACE ( (
 ( 1.000000000000000000, 0.7015996291106650906, 1.000000000000000000),
 ( 1.000000000000000000, 0.7015856840721732546, 1.000000000000000000),
 ( 1.000000000000000000, 0.7015717347106031898, 1.000000000000000000),
 ( 1.000000000000000000, 0.7015577810225044342, 1.000000000000000000) ) ) 
 REPRESENTATION_ITEM ( '' )  SURFACE ( )  );
#414 = CARTESIAN_POINT ( 'NONE',  ( 10.18213846352313290, -0.2501175238279482738, -6.299999999999999822 ) ) ;
#415 = ORIENTED_EDGE ( 'NONE', *, *, #2425, .F. ) ;
#416 = ORIENTED_EDGE ( 'NONE', *, *, #1994, .T. ) ;
#417 = EDGE_CURVE ( 'NONE', #2648, #1687, #717, .T. ) ;
#418 = ORIENTED_EDGE ( 'NONE', *, *, #1881, .F. ) ;
#419 = DIRECTION ( 'NONE',  ( 1.000000000000000000, 0.000000000000000000, 0.000000000000000000 ) ) ;
#420 = CARTESIAN_POINT ( 'NONE',  ( 9.000000000000000000, 22.66033575979849957, -12.95950209658282937 ) ) ;
#421 = CARTESIAN_POINT ( 'NONE',  ( 11.16836447030668289, 15.57036251351151535, -5.327837676968965042 ) ) ;
#422 = CARTESIAN_POINT ( 'NONE',  ( -13.91063566050613431, -0.5000000000000023315, -25.61527341432796945 ) ) ;
#423 = ORIENTED_EDGE ( 'NONE', *, *, #3289, .F. ) ;
#424 = DIRECTION ( 'NONE',  ( 0.000000000000000000, 0.000000000000000000, -1.000000000000000000 ) ) ;
#425 = ORIENTED_EDGE ( 'NONE', *, *, #3721, .T. ) ;
#426 = APPLICATION_CONTEXT ( 'configuration controlled 3d designs of mechanical parts and assemblies' ) ;
#427 = CARTESIAN_POINT ( 'NONE',  ( 11.39333576090897360, 21.17423583211418503, -1.999999999999998224 ) ) ;
#428 = ADVANCED_FACE ( 'NONE', ( #466 ), #2327, .T. ) ;
#429 = APPROVAL_PERSON_ORGANIZATION ( #2372, #4121, #4244 ) ;
#430 = B_SPLINE_CURVE_WITH_KNOTS ( 'NONE', 3,
 ( #4093, #3860, #2101, #1302, #2802, #915, #260, #3906, #2440, #156 ),
 .UNSPECIFIED., .F., .F.,
 ( 4, 3, 3, 4 ),
 ( 0.000000000000000000, 0.4267678188181984189, 0.7133693556664728597, 1.000000000000000000 ),
 .UNSPECIFIED. ) ;
#431 = CARTESIAN_POINT ( 'NONE',  ( -11.47877683185631881, 23.80777528890734729, -10.50342357036710617 ) ) ;
#432 = VERTEX_POINT ( 'NONE', #100 ) ;
#433 = CARTESIAN_POINT ( 'NONE',  ( -11.50616343936601105, 24.72189831752598366, -11.25674490175309828 ) ) ;
#434 = CARTESIAN_POINT ( 'NONE',  ( -11.46939956954568984, 23.49999999604291645, -10.02949118015741803 ) ) ;
#435 = AXIS2_PLACEMENT_3D ( 'NONE', #2322, #4191, #439 ) ;
#436 = EDGE_CURVE ( 'NONE', #2336, #2570, #599, .T. ) ;
#437 = EDGE_CURVE ( 'NONE', #82, #1811, #4294, .T. ) ;
#438 = DIRECTION ( 'NONE',  ( 0.000000000000000000, 1.000000000000000000, 0.000000000000000000 ) ) ;
#439 = DIRECTION ( 'NONE',  ( 1.000000000000000000, 0.000000000000000000, -0.000000000000000000 ) ) ;
#440 = CARTESIAN_POINT ( 'NONE',  ( -10.16557284061259736, -0.4584133110198386762, -27.59985823739724964 ) ) ;
#441 = ORIENTED_EDGE ( 'NONE', *, *, #1102, .T. ) ;
#442 = VECTOR ( 'NONE', #2214, 1000.000000000000114 ) ;
#443 = EDGE_LOOP ( 'NONE', ( #4732, #12, #1598, #4082, #961 ) ) ;
#444 =( BOUNDED_SURFACE ( )  B_SPLINE_SURFACE ( 3, 2, ( 
 ( #1802, #3222, #2815 ),
 ( #4272, #2886, #638 ),
 ( #3604, #3273, #1023 ),
 ( #3582, #1384, #3176 ) ),
 .UNSPECIFIED., .F., .F., .F. ) 
 B_SPLINE_SURFACE_WITH_KNOTS ( ( 4, 4 ),
 ( 3, 3 ),
 ( 6.061127621661606568, 6.283185307179586232 ),
 ( 0.000000000000000000, 1.000000000000000000 ),
 .UNSPECIFIED. ) 
 GEOMETRIC_REPRESENTATION_ITEM ( )  RATIONAL_B_SPLINE_SURFACE ( (
 ( 1.000000000000000000, 0.8750046145555285815, 1.000000000000000000),
 ( 1.000000000000000000, 0.8775418728170566451, 1.000000000000000000),
 ( 1.000000000000000000, 0.8788176426847873479, 1.000000000000000000),
 ( 1.000000000000000000, 0.8788171126619658269, 1.000000000000000000) ) ) 
 REPRESENTATION_ITEM ( '' )  SURFACE ( )  );
#445 = CARTESIAN_POINT ( 'NONE',  ( -11.46555152796466182, 23.37419941085109798, -10.11118703540967623 ) ) ;
#446 = CARTESIAN_POINT ( 'NONE',  ( -6.814156401845188782, 0.4107219299699428339, -22.63911709204209544 ) ) ;
#447 = DIRECTION ( 'NONE',  ( -1.000000000000000000, -0.000000000000000000, -0.000000000000000000 ) ) ;
#448 = CARTESIAN_POINT ( 'NONE',  ( 9.400000000000000355, 26.17423583211419214, -4.999999999999999112 ) ) ;
#449 = ORIENTED_EDGE ( 'NONE', *, *, #212, .F. ) ;
#450 = CARTESIAN_POINT ( 'NONE',  ( 10.00000000000000000, 26.17423583211419214, -4.999999999999999112 ) ) ;
#451 = VERTEX_POINT ( 'NONE', #217 ) ;
#452 = CARTESIAN_POINT ( 'NONE',  ( -13.91063566050613076, 1.500000000000028644, -21.31645822793292311 ) ) ;
#453 = CARTESIAN_POINT ( 'NONE',  ( 10.30000000000000959, 31.97423583211418574, -4.999999999999999112 ) ) ;
#454 = ORIENTED_EDGE ( 'NONE', *, *, #3470, .F. ) ;
#455 = DIRECTION ( 'NONE',  ( 0.000000000000000000, 0.000000000000000000, 1.000000000000000000 ) ) ;
#456 = VECTOR ( 'NONE', #3481, 1000.000000000000000 ) ;
#457 = CARTESIAN_POINT ( 'NONE',  ( 5.198050457714664674, 39.79104266700517201, -1.663004135579940979 ) ) ;
#458 = DIRECTION ( 'NONE',  ( -0.000000000000000000, -0.000000000000000000, 1.000000000000000000 ) ) ;
#459 = ORIENTED_EDGE ( 'NONE', *, *, #4465, .T. ) ;
#460 = CARTESIAN_POINT ( 'NONE',  ( 11.51320704569614328, 30.51598161185266278, -1.999999999999994893 ) ) ;
#461 = CARTESIAN_POINT ( 'NONE',  ( -10.61156725355852259, 34.99778417414413667, -4.659566494208067233 ) ) ;
#462 = EDGE_LOOP ( 'NONE', ( #2437, #3254, #2471, #4742, #1967 ) ) ;
#463 = VERTEX_POINT ( 'NONE', #2834 ) ;
#464 = B_SPLINE_CURVE_WITH_KNOTS ( 'NONE', 3,
 ( #2938, #4106, #810, #3008 ),
 .UNSPECIFIED., .F., .F.,
 ( 4, 4 ),
 ( -5.999999999579687157E-08, 0.0001269587448986242689 ),
 .UNSPECIFIED. ) ;
#465 = DIRECTION ( 'NONE',  ( 1.000000000000000000, 0.000000000000000000, 0.000000000000000000 ) ) ;
#466 = FACE_OUTER_BOUND ( 'NONE', #1022, .T. ) ;
#467 = LINE ( 'NONE', #101, #456 ) ;
#468 = ORIENTED_EDGE ( 'NONE', *, *, #350, .T. ) ;
#469 = CARTESIAN_POINT ( 'NONE',  ( 6.500000000000000888, 37.50000000000000000, -1.746813428970050097 ) ) ;
#470 = ORIENTED_EDGE ( 'NONE', *, *, #1524, .T. ) ;
#471 = AXIS2_PLACEMENT_3D ( 'NONE', #1893, #1257, #139 ) ;
#472 = CARTESIAN_POINT ( 'NONE',  ( -9.908941039700835063, 10.88459242650209546, -18.22203264717042615 ) ) ;
#473 = CARTESIAN_POINT ( 'NONE',  ( -8.208850770808318487, 8.267273453081720902, -7.902356734035255847 ) ) ;
#474 = ORIENTED_EDGE ( 'NONE', *, *, #1572, .T. ) ;
#475 = DIRECTION ( 'NONE',  ( -1.000000000000000000, 0.000000000000000000, 0.000000000000000000 ) ) ;
#476 = CARTESIAN_POINT ( 'NONE',  ( 11.13505961942749600, 11.73325704416438064, -25.75696505481393928 ) ) ;
#477 = DIRECTION ( 'NONE',  ( 3.384826294588891940E-16, -0.000000000000000000, -1.000000000000000000 ) ) ;
#478 = AXIS2_PLACEMENT_3D ( 'NONE', #317, #635, #2423 ) ;
#479 = CARTESIAN_POINT ( 'NONE',  ( -7.201755465154040081, 0.000000000000000000, -7.299999999999999822 ) ) ;
#480 = CARTESIAN_POINT ( 'NONE',  ( 10.00000000000000178, -7.500000000000002665, -26.79999999999999716 ) ) ;
#481 = CARTESIAN_POINT ( 'NONE',  ( -11.56496913282853711, 27.67436132968892082, -9.703355819013577133 ) ) ;
#482 = VERTEX_POINT ( 'NONE', #995 ) ;
#483 = VECTOR ( 'NONE', #4411, 1000.000000000000000 ) ;
#484 = ORIENTED_EDGE ( 'NONE', *, *, #3128, .F. ) ;
#485 = CARTESIAN_POINT ( 'NONE',  ( -4.500000000000000888, -0.4999999999999997780, -22.61527341432796590 ) ) ;
#486 = CARTESIAN_POINT ( 'NONE',  ( -9.936000163682010111, 11.38539339104633541, -14.89680869811476072 ) ) ;
#487 = CARTESIAN_POINT ( 'NONE',  ( -0.5505931242819305238, 40.88827239463042673, -0.03108329034624357501 ) ) ;
#488 = ADVANCED_FACE ( 'NONE', ( #3194 ), #2859, .F. ) ;
#489 = EDGE_CURVE ( 'NONE', #1150, #3391, #3914, .T. ) ;
#490 = APPROVAL ( #3807, '未' ) ;
#491 = VERTEX_POINT ( 'NONE', #612 ) ;
#492 = ORIENTED_EDGE ( 'NONE', *, *, #854, .T. ) ;
#493 = CARTESIAN_POINT ( 'NONE',  ( -10.12307437925331222, 15.08836773272376064, -15.49206904321995637 ) ) ;
#494 = DIRECTION ( 'NONE',  ( -1.000000000000000000, 0.000000000000000000, -3.384826294588891940E-16 ) ) ;
#495 = EDGE_LOOP ( 'NONE', ( #1237, #1029, #4095, #4532 ) ) ;
#496 = CARTESIAN_POINT ( 'NONE',  ( 9.828377956753715949, 36.55168469261702313, -3.687322758486157426 ) ) ;
#497 = CARTESIAN_POINT ( 'NONE',  ( -11.37760921682978044, 20.26738530123083137, -14.14866181473283646 ) ) ;
#498 = CARTESIAN_POINT ( 'NONE',  ( 0.3697168093677536960, 40.92911082999768269, -0.9311330316787340688 ) ) ;
#499 = CIRCLE ( 'NONE', #1742, 3.249999999999999556 ) ;
#500 = CARTESIAN_POINT ( 'NONE',  ( -11.37259072896594780, 20.59016140544467532, -2.188299892660783286 ) ) ;
#501 = CARTESIAN_POINT ( 'NONE',  ( -9.295439954424196571, 36.93635741257490679, -3.688545234617616853 ) ) ;
#502 = EDGE_CURVE ( 'NONE', #1565, #3880, #4269, .T. ) ;
#503 = EDGE_LOOP ( 'NONE', ( #1004, #3325, #2918, #4634, #2878 ) ) ;
#504 = ORIENTED_EDGE ( 'NONE', *, *, #3621, .T. ) ;
#505 = CARTESIAN_POINT ( 'NONE',  ( 11.49796720562686048, 24.46691847735401737, -11.51841507239318751 ) ) ;
#506 = CARTESIAN_POINT ( 'NONE',  ( -9.987912263741424823, 12.38708151405081814, -14.24630482501941486 ) ) ;
#507 = CARTESIAN_POINT ( 'NONE',  ( -40.00000000000000000, -0.5000000000000019984, -27.44746873418995747 ) ) ;
#508 = ORIENTED_EDGE ( 'NONE', *, *, #1590, .F. ) ;
#509 = DATE_AND_TIME ( #2427, #2519 ) ;
#510 = ORIENTED_EDGE ( 'NONE', *, *, #4115, .F. ) ;
#511 = AXIS2_PLACEMENT_3D ( 'NONE', #3246, #24, #1458 ) ;
#512 = CARTESIAN_POINT ( 'NONE',  ( -9.542162300308314471, 4.626771722305877965, -22.28590892932530210 ) ) ;
#513 = ADVANCED_FACE ( 'NONE', ( #1746, #1721 ), #3553, .T. ) ;
#514 = CARTESIAN_POINT ( 'NONE',  ( -10.50000000000000355, -7.500000000000002665, -11.29999999999999005 ) ) ;
#515 = ORIENTED_EDGE ( 'NONE', *, *, #2408, .F. ) ;
#516 = PLANE ( 'NONE',  #4498 ) ;
#517 = CARTESIAN_POINT ( 'NONE',  ( -11.23164705182186296, 32.94138199919940035, -2.000000000000008882 ) ) ;
#518 = VECTOR ( 'NONE', #3965, 1000.000000000000000 ) ;
#519 = CARTESIAN_POINT ( 'NONE',  ( -10.95638512189573177, 16.29025587933267971, -17.09628034023210219 ) ) ;
#520 = CARTESIAN_POINT ( 'NONE',  ( 11.22207138761603673, 29.97359032946997459, -8.210219048051769164 ) ) ;
#521 = VECTOR ( 'NONE', #213, 1000.000000000000000 ) ;
#522 = CARTESIAN_POINT ( 'NONE',  ( 9.314156401845188782, 1.499999999999999556, -24.31645822793294087 ) ) ;
#523 = CARTESIAN_POINT ( 'NONE',  ( -11.56395014081816974, 28.25907179701943051, -8.967631408303907037 ) ) ;
#524 = ORIENTED_EDGE ( 'NONE', *, *, #555, .T. ) ;
#525 = EDGE_CURVE ( 'NONE', #4630, #319, #1309, .T. ) ;
#526 = B_SPLINE_CURVE_WITH_KNOTS ( 'NONE', 3,
 ( #349, #668, #1051, #1782, #1441, #2458 ),
 .UNSPECIFIED., .F., .F.,
 ( 4, 2, 4 ),
 ( 4.065845460298056617E-16, 0.0002366991977436482431, 0.0004733983954868899104 ),
 .UNSPECIFIED. ) ;
#527 = CARTESIAN_POINT ( 'NONE',  ( 9.699999999999999289, 31.97423583211418574, -4.999999999999999112 ) ) ;
#528 = ORIENTED_EDGE ( 'NONE', *, *, #1943, .F. ) ;
#529 = CARTESIAN_POINT ( 'NONE',  ( -10.00000000000000178, -7.500000000000002665, -21.80000000000000426 ) ) ;
#530 = CARTESIAN_POINT ( 'NONE',  ( -13.91063566050613787, 23.49999999999999289, -7.029491177587661177 ) ) ;
#531 = CARTESIAN_POINT ( 'NONE',  ( -8.886940626053535297, 11.84244247932038796, -13.40763425756773763 ) ) ;
#532 = ORIENTED_EDGE ( 'NONE', *, *, #4086, .T. ) ;
#533 = APPROVAL_STATUS ( 'not_yet_approved' ) ;
#534 = ORIENTED_EDGE ( 'NONE', *, *, #1404, .F. ) ;
#535 = DIRECTION ( 'NONE',  ( 1.000000000000000000, 0.000000000000000000, -0.000000000000000000 ) ) ;
#536 = VECTOR ( 'NONE', #3301, 1000.000000000000000 ) ;
#537 = FACE_OUTER_BOUND ( 'NONE', #1126, .T. ) ;
#538 = EDGE_LOOP ( 'NONE', ( #26, #34, #4243, #1671 ) ) ;
#539 = PRODUCT_DEFINITION ( '�', '', #1825, #1927 ) ;
#540 = DIRECTION ( 'NONE',  ( 0.000000000000000000, 0.000000000000000000, 1.000000000000000000 ) ) ;
#541 = CARTESIAN_POINT ( 'NONE',  ( 7.798244534931243699, 0.000000000000000000, -7.300000000000000711 ) ) ;
#542 = ADVANCED_FACE ( 'NONE', ( #3577 ), #3245, .T. ) ;
#543 = ORIENTED_EDGE ( 'NONE', *, *, #3851, .T. ) ;
#544 = CARTESIAN_POINT ( 'NONE',  ( -10.48533833270419890, 3.562745249603503250, -24.98846982966693986 ) ) ;
#545 = EDGE_CURVE ( 'NONE', #4630, #3234, #4709, .T. ) ;
#546 = ORIENTED_EDGE ( 'NONE', *, *, #4463, .T. ) ;
#547 = CARTESIAN_POINT ( 'NONE',  ( 9.314156401845188782, 1.499999999999999556, -24.31645822793294087 ) ) ;
#548 = CARTESIAN_POINT ( 'NONE',  ( -4.201755465111398635, 0.000000000000000000, -7.299999999999999822 ) ) ;
#549 = CARTESIAN_POINT ( 'NONE',  ( -9.404145124895837426, 37.12149994583403867, -3.332890113231763429 ) ) ;
#550 = ORIENTED_EDGE ( 'NONE', *, *, #3437, .F. ) ;
#551 = EDGE_CURVE ( 'NONE', #297, #1446, #4683, .T. ) ;
#552 = PLANE ( 'NONE',  #3692 ) ;
#553 = EDGE_LOOP ( 'NONE', ( #2579, #4313, #1355, #4587, #817 ) ) ;
#554 = EDGE_CURVE ( 'NONE', #3115, #3054, #1698, .T. ) ;
#555 = EDGE_CURVE ( 'NONE', #3900, #1987, #947, .T. ) ;
#556 = CARTESIAN_POINT ( 'NONE',  ( 10.36581615095748532, 2.091780039801561575, -8.300000000000002487 ) ) ;
#557 = LINE ( 'NONE', #1239, #4567 ) ;
#558 = DIRECTION ( 'NONE',  ( -0.000000000000000000, -0.000000000000000000, -1.000000000000000000 ) ) ;
#559 = EDGE_CURVE ( 'NONE', #1468, #1434, #3607, .T. ) ;
#560 = VECTOR ( 'NONE', #4145, 1000.000000000000000 ) ;
#561 = EDGE_CURVE ( 'NONE', #763, #659, #1762, .T. ) ;
#562 = ORIENTED_EDGE ( 'NONE', *, *, #561, .T. ) ;
#563 = PERSON_AND_ORGANIZATION ( #1576, #3741 ) ;
#564 = LINE ( 'NONE', #1226, #3457 ) ;
#565 = VECTOR ( 'NONE', #4089, 1000.000000000000000 ) ;
#566 = CARTESIAN_POINT ( 'NONE',  ( -10.29891725710755779, 19.29356630078341084, -12.76118116221871013 ) ) ;
#567 = CARTESIAN_POINT ( 'NONE',  ( 0.000000000000000000, 40.81304826587417267, -1.170992758005756862 ) ) ;
#568 = VERTEX_POINT ( 'NONE', #3267 ) ;
#569 = LINE ( 'NONE', #1366, #3580 ) ;
#570 = CARTESIAN_POINT ( 'NONE',  ( -10.50000000000000178, -7.500000000000002665, -11.29999999999999005 ) ) ;
#571 = EDGE_CURVE ( 'NONE', #3676, #3285, #819, .T. ) ;
#572 = AXIS2_PLACEMENT_3D ( 'NONE', #530, #1985, #2759 ) ;
#573 = EDGE_LOOP ( 'NONE', ( #2738, #176, #1148, #91 ) ) ;
#574 = CARTESIAN_POINT ( 'NONE',  ( 9.314156401845188782, -0.5000000000000056621, -25.61527341432796945 ) ) ;
#575 = CARTESIAN_POINT ( 'NONE',  ( 9.778340342876479241, 36.22141477794549047, -4.152834410246660113 ) ) ;
#576 = CARTESIAN_POINT ( 'NONE',  ( -9.314156401845188782, -2.105289773866326097, -24.27303419708717769 ) ) ;
#577 = CARTESIAN_POINT ( 'NONE',  ( -6.833327379014862757, 39.19460748795864191, -0.3723725375075759292 ) ) ;
#578 = DIRECTION ( 'NONE',  ( -1.000000000000000000, 1.216140740499772514E-15, 7.897710312773982478E-16 ) ) ;
#579 = EDGE_CURVE ( 'NONE', #704, #2527, #1867, .T. ) ;
#580 = EDGE_CURVE ( 'NONE', #3072, #1565, #782, .T. ) ;
#581 = ORIENTED_EDGE ( 'NONE', *, *, #3345, .F. ) ;
#582 = LOCAL_TIME ( 15, 39, 6.000000000000000000, #167 ) ;
#583 = LINE ( 'NONE', #2447, #771 ) ;
#584 = EDGE_LOOP ( 'NONE', ( #697, #4177, #2393, #2459 ) ) ;
#585 = CARTESIAN_POINT ( 'NONE',  ( -9.115335582835310646, 14.58367029875200238, -6.939118772592749451 ) ) ;
#586 = DIRECTION ( 'NONE',  ( 0.000000000000000000, -1.319024749480927545E-09, -1.000000000000000000 ) ) ;
#587 = DIRECTION ( 'NONE',  ( 0.000000000000000000, -0.5446390350150277504, 0.8386705679454236062 ) ) ;
#588 = VECTOR ( 'NONE', #2152, 1000.000000000000000 ) ;
#589 = ORIENTED_EDGE ( 'NONE', *, *, #237, .F. ) ;
#590 = FACE_OUTER_BOUND ( 'NONE', #2265, .T. ) ;
#591 = LINE ( 'NONE', #2063, #2786 ) ;
#592 = DIRECTION ( 'NONE',  ( -1.000000000000000000, -9.008449936147200173E-17, -5.850155791473641481E-17 ) ) ;
#593 = DIRECTION ( 'NONE',  ( 1.000000000000000000, -0.000000000000000000, 0.000000000000000000 ) ) ;
#594 = ORIENTED_EDGE ( 'NONE', *, *, #3816, .F. ) ;
#595 = ADVANCED_FACE ( 'NONE', ( #364 ), #4371, .F. ) ;
#596 =( BOUNDED_SURFACE ( )  B_SPLINE_SURFACE ( 3, 2, ( 
 ( #742, #764, #3749 ),
 ( #1552, #1076, #8 ),
 ( #2549, #3372, #4417 ),
 ( #395, #3348, #2574 ) ),
 .UNSPECIFIED., .F., .F., .F. ) 
 B_SPLINE_SURFACE_WITH_KNOTS ( ( 4, 4 ),
 ( 3, 3 ),
 ( 0.000000000000000000, 0.2220576855179801079 ),
 ( 0.000000000000000000, 1.000000000000000000 ),
 .UNSPECIFIED. ) 
 GEOMETRIC_REPRESENTATION_ITEM ( )  RATIONAL_B_SPLINE_SURFACE ( (
 ( 1.000000000000000000, 0.8788171126619658269, 1.000000000000000000),
 ( 1.000000000000000000, 0.8788176426847867928, 1.000000000000000000),
 ( 1.000000000000000000, 0.8775418728170572003, 1.000000000000000000),
 ( 1.000000000000000000, 0.8750046145555284705, 1.000000000000000000) ) ) 
 REPRESENTATION_ITEM ( '' )  SURFACE ( )  );
#597 = CARTESIAN_POINT ( 'NONE',  ( -13.91063566050613431, -0.5000000000000023315, -25.61527341432796945 ) ) ;
#598 = CARTESIAN_POINT ( 'NONE',  ( 11.19774277491134207, 24.62678183789487463, -11.68247708185357858 ) ) ;
#599 = B_SPLINE_CURVE_WITH_KNOTS ( 'NONE', 3,
 ( #2497, #2525, #1772, #2085 ),
 .UNSPECIFIED., .F., .F.,
 ( 4, 4 ),
 ( 0.0002231441110666696587, 0.001918640683448497551 ),
 .UNSPECIFIED. ) ;
#600 = VERTEX_POINT ( 'NONE', #2614 ) ;
#601 = FACE_OUTER_BOUND ( 'NONE', #4644, .T. ) ;
#602 = CARTESIAN_POINT ( 'NONE',  ( 6.101838757987097850, 39.47772036366266946, -2.038164837115342909 ) ) ;
#603 = LINE ( 'NONE', #3569, #3312 ) ;
#604 = CARTESIAN_POINT ( 'NONE',  ( -11.57258665348135196, 28.19782061321615529, -0.3723725375075759292 ) ) ;
#605 = PLANE ( 'NONE',  #996 ) ;
#606 = AXIS2_PLACEMENT_3D ( 'NONE', #3335, #4740, #3975 ) ;
#607 = ORIENTED_EDGE ( 'NONE', *, *, #1644, .F. ) ;
#608 = DIRECTION ( 'NONE',  ( 1.000000000000000000, 0.000000000000000000, 0.000000000000000000 ) ) ;
#609 = ORIENTED_EDGE ( 'NONE', *, *, #1562, .F. ) ;
#610 = VECTOR ( 'NONE', #3034, 1000.000000000000000 ) ;
#611 = CARTESIAN_POINT ( 'NONE',  ( -6.814156401845188782, 0.4107219299699428339, -22.63911709204209544 ) ) ;
#612 = CARTESIAN_POINT ( 'NONE',  ( 0.000000000000000000, 40.81304826587417267, -1.170992758005756862 ) ) ;
#613 = LINE ( 'NONE', #2812, #382 ) ;
#614 = EDGE_LOOP ( 'NONE', ( #534, #1378, #646, #3949, #865, #3841, #3083, #1526, #3371, #3384, #1990, #342, #3420, #1502, #4012, #3294 ) ) ;
#615 = PLANE ( 'NONE',  #4541 ) ;
#616 = DIRECTION ( 'NONE',  ( -1.000000000000000000, 0.000000000000000000, -3.469446951953613696E-16 ) ) ;
#617 = ORIENTED_EDGE ( 'NONE', *, *, #1084, .F. ) ;
#618 = DIRECTION ( 'NONE',  ( 1.000000000000000000, -0.000000000000000000, -0.000000000000000000 ) ) ;
#619 = CARTESIAN_POINT ( 'NONE',  ( -11.19666586837696975, 24.58927806608659949, -11.70683231603941010 ) ) ;
#620 = ORIENTED_EDGE ( 'NONE', *, *, #2428, .T. ) ;
#621 = CARTESIAN_POINT ( 'NONE',  ( -7.201755465154040081, 0.000000000000000000, -7.299999999999999822 ) ) ;
#622 = CARTESIAN_POINT ( 'NONE',  ( -8.832427517550545559, 19.82597628388935362, -9.176491905863610299 ) ) ;
#623 = EDGE_CURVE ( 'NONE', #838, #1150, #3002, .T. ) ;
#624 = CIRCLE ( 'NONE', #315, 0.4999999999999995559 ) ;
#625 = ORIENTED_EDGE ( 'NONE', *, *, #1555, .T. ) ;
#626 = DIRECTION ( 'NONE',  ( 8.673617379884027583E-16, -0.000000000000000000, -1.000000000000000000 ) ) ;
#627 = CARTESIAN_POINT ( 'NONE',  ( 10.56189228016004300, 35.12458052938406894, -4.579856702793609458 ) ) ;
#628 = LINE ( 'NONE', #4310, #3842 ) ;
#629 = DIRECTION ( 'NONE',  ( 0.000000000000000000, 0.000000000000000000, -1.000000000000000000 ) ) ;
#630 = CARTESIAN_POINT ( 'NONE',  ( 9.000000000000000000, 22.40972825771386923, -10.73752192567695474 ) ) ;
#631 = ORIENTED_EDGE ( 'NONE', *, *, #2019, .T. ) ;
#632 = FACE_BOUND ( 'NONE', #4550, .T. ) ;
#633 = ORIENTED_EDGE ( 'NONE', *, *, #2793, .F. ) ;
#634 = CARTESIAN_POINT ( 'NONE',  ( -8.115944896738605863, 14.19495696116214489, -6.009936664321440247 ) ) ;
#635 = DIRECTION ( 'NONE',  ( 0.000000000000000000, 0.5446390350150315252, -0.8386705679454211637 ) ) ;
#636 = CARTESIAN_POINT ( 'NONE',  ( 10.16226774207625994, -0.5000000000000019984, -10.00625500819774949 ) ) ;
#637 = VERTEX_POINT ( 'NONE', #2980 ) ;
#638 = CARTESIAN_POINT ( 'NONE',  ( -0.3256622836012781907, 40.79489769871315730, -1.182779874140962972 ) ) ;
#639 = CARTESIAN_POINT ( 'NONE',  ( 10.16226774207625994, -0.5000000000000019984, -27.44746873418995747 ) ) ;
#640 = ADVANCED_FACE ( 'NONE', ( #4433 ), #1888, .F. ) ;
#641 = EDGE_CURVE ( 'NONE', #1687, #1376, #4413, .T. ) ;
#642 = B_SPLINE_CURVE_WITH_KNOTS ( 'NONE', 3,
 ( #4079, #3718, #2223, #4729 ),
 .UNSPECIFIED., .F., .F.,
 ( 4, 4 ),
 ( 0.000000000000000000, 0.009006146962737741554 ),
 .UNSPECIFIED. ) ;
#643 = CARTESIAN_POINT ( 'NONE',  ( -12.65701411347340688, -0.2000000000000019817, -27.44746873418995747 ) ) ;
#644 = DIRECTION ( 'NONE',  ( 1.000000000000000000, 0.000000000000000000, 0.000000000000000000 ) ) ;
#645 = AXIS2_PLACEMENT_3D ( 'NONE', #3930, #1032, #2893 ) ;
#646 = ORIENTED_EDGE ( 'NONE', *, *, #790, .F. ) ;
#647 = DIRECTION ( 'NONE',  ( 1.000000000000000000, 0.000000000000000000, 3.384826294588891940E-16 ) ) ;
#648 = PLANE ( 'NONE',  #1667 ) ;
#649 = VERTEX_POINT ( 'NONE', #3651 ) ;
#650 = FACE_OUTER_BOUND ( 'NONE', #4558, .T. ) ;
#651 = CARTESIAN_POINT ( 'NONE',  ( 3.917411878848714224, 39.98491469267064247, -1.708788988625916883 ) ) ;
#652 = CARTESIAN_POINT ( 'NONE',  ( 10.20175546515404008, 0.000000000000000000, -6.299999999999999822 ) ) ;
#653 = CARTESIAN_POINT ( 'NONE',  ( -4.110054558260259228, 40.08461363044835224, -11.44735753722967964 ) ) ;
#654 = CARTESIAN_POINT ( 'NONE',  ( -6.814156401845188782, 1.499999999999999556, -24.31645822793294087 ) ) ;
#655 = ORIENTED_EDGE ( 'NONE', *, *, #4289, .F. ) ;
#656 = AXIS2_PLACEMENT_3D ( 'NONE', #3052, #1626, #4553 ) ;
#657 = EDGE_CURVE ( 'NONE', #763, #2806, #1457, .T. ) ;
#658 = CARTESIAN_POINT ( 'NONE',  ( -9.314156398361021161, 1.499999999999997780, -24.31645822798600420 ) ) ;
#659 = VERTEX_POINT ( 'NONE', #2568 ) ;
#660 = CARTESIAN_POINT ( 'NONE',  ( -10.50000000000000178, -7.500000000000002665, -11.29999999999999005 ) ) ;
#661 = EDGE_CURVE ( 'NONE', #1609, #4442, #3, .T. ) ;
#662 = FACE_OUTER_BOUND ( 'NONE', #1271, .T. ) ;
#663 = ORIENTED_EDGE ( 'NONE', *, *, #709, .T. ) ;
#664 = CARTESIAN_POINT ( 'NONE',  ( -4.913773605564053071, 39.75228755154449090, -1.859858820457071182 ) ) ;
#665 = VECTOR ( 'NONE', #3884, 1000.000000000000000 ) ;
#666 = DIRECTION ( 'NONE',  ( -0.000000000000000000, 0.8386705679454236062, 0.5446390350150277504 ) ) ;
#667 = CARTESIAN_POINT ( 'NONE',  ( -9.699999999999999289, 31.97423583211418574, -4.999999999999999112 ) ) ;
#668 = CARTESIAN_POINT ( 'NONE',  ( -11.27670145616900221, 24.58927806607226429, -11.70683231604872532 ) ) ;
#669 = ORIENTED_EDGE ( 'NONE', *, *, #417, .F. ) ;
#670 = EDGE_CURVE ( 'NONE', #2688, #1305, #642, .T. ) ;
#671 = LINE ( 'NONE', #2168, #3154 ) ;
#672 = VECTOR ( 'NONE', #2699, 1000.000000000000000 ) ;
#673 = ORIENTED_EDGE ( 'NONE', *, *, #4636, .T. ) ;
#674 = CARTESIAN_POINT ( 'NONE',  ( -4.500000000000000888, -0.4999999999999994449, -25.61527341432796590 ) ) ;
#675 = CARTESIAN_POINT ( 'NONE',  ( 4.179453479883419753, 40.06841060668527632, -1.654566108067829999 ) ) ;
#676 = CARTESIAN_POINT ( 'NONE',  ( -11.25406131962938083, 16.03894241871205040, -16.89307373997731787 ) ) ;
#677 = CARTESIAN_POINT ( 'NONE',  ( -8.215808525592969147, 16.85280267577349278, -4.598206035081986442 ) ) ;
#678 = CARTESIAN_POINT ( 'NONE',  ( -10.51213093192064996, 4.200000000000000178, -8.300000000000000711 ) ) ;
#679 = ORIENTED_EDGE ( 'NONE', *, *, #1068, .T. ) ;
#680 = CARTESIAN_POINT ( 'NONE',  ( -13.91063566050613431, -0.5000000000000023315, -25.61527341432796945 ) ) ;
#681 = ORIENTED_EDGE ( 'NONE', *, *, #1386, .F. ) ;
#682 = CARTESIAN_POINT ( 'NONE',  ( -8.883210163508305612, 8.172704441957266752, -7.920503651756484409 ) ) ;
#683 = CARTESIAN_POINT ( 'NONE',  ( -6.174062615008876875, 39.45183666842099512, -0.7584557623939999216 ) ) ;
#684 = CARTESIAN_POINT ( 'NONE',  ( 10.43743636266770736, 23.49999999999999289, -7.029491177760974097 ) ) ;
#685 = EDGE_CURVE ( 'NONE', #3234, #1501, #412, .T. ) ;
#686 = VECTOR ( 'NONE', #2873, 1000.000000000000000 ) ;
#687 = ORIENTED_EDGE ( 'NONE', *, *, #2623, .F. ) ;
#688 = VECTOR ( 'NONE', #1190, 1000.000000000000114 ) ;
#689 = CARTESIAN_POINT ( 'NONE',  ( 11.19994523713424783, 24.70392001101101798, -11.63238296650656700 ) ) ;
#690 = CARTESIAN_POINT ( 'NONE',  ( 10.16226774207625994, -0.4999999999999920064, -27.50115261578341830 ) ) ;
#691 = CYLINDRICAL_SURFACE ( 'NONE', #988, 0.4999999999999995559 ) ;
#692 = CARTESIAN_POINT ( 'NONE',  ( 20.00000000000000000, 0.000000000000000000, -8.300000000000000711 ) ) ;
#693 = ORIENTED_EDGE ( 'NONE', *, *, #1353, .F. ) ;
#694 = DIRECTION ( 'NONE',  ( -1.000000000000000000, 0.000000000000000000, -3.384826294588891940E-16 ) ) ;
#695 = ORIENTED_EDGE ( 'NONE', *, *, #2071, .T. ) ;
#696 = CARTESIAN_POINT ( 'NONE',  ( -7.883691021468044013, 12.34164943306375228, -14.27580876468204885 ) ) ;
#697 = ORIENTED_EDGE ( 'NONE', *, *, #3999, .T. ) ;
#698 = CARTESIAN_POINT ( 'NONE',  ( 4.110054558260259228, 40.08461363044835224, -1.476214065494405148 ) ) ;
#699 = CARTESIAN_POINT ( 'NONE',  ( 8.368897388954367855, 38.28097323478939273, -0.3723725375075759292 ) ) ;
#700 = EDGE_CURVE ( 'NONE', #3864, #2303, #2695, .T. ) ;
#701 = ORIENTED_EDGE ( 'NONE', *, *, #1416, .T. ) ;
#702 = EDGE_CURVE ( 'NONE', #2570, #1428, #1332, .T. ) ;
#703 = DIRECTION ( 'NONE',  ( 0.000000000000000000, 0.000000000000000000, -1.000000000000000000 ) ) ;
#704 = VERTEX_POINT ( 'NONE', #1479 ) ;
#705 = VECTOR ( 'NONE', #320, 1000.000000000000000 ) ;
#706 = CARTESIAN_POINT ( 'NONE',  ( 11.49737137036300183, 24.44617721938686117, -11.43647288484036295 ) ) ;
#707 = LINE ( 'NONE', #2640, #1299 ) ;
#708 = CARTESIAN_POINT ( 'NONE',  ( 1.798244534888600921, 1.000000000000000000, -6.299999999999998934 ) ) ;
#709 = EDGE_CURVE ( 'NONE', #4146, #840, #707, .T. ) ;
#710 = VERTEX_POINT ( 'NONE', #440 ) ;
#711 = EDGE_CURVE ( 'NONE', #4204, #4722, #4058, .T. ) ;
#712 = ADVANCED_FACE ( 'NONE', ( #4101 ), #4533, .T. ) ;
#713 = EDGE_LOOP ( 'NONE', ( #1673, #3799, #3662, #1549 ) ) ;
#714 = CARTESIAN_POINT ( 'NONE',  ( -10.79440997004624236, 7.449447917147246301, -20.45284157520439194 ) ) ;
#715 = CARTESIAN_POINT ( 'NONE',  ( -13.91063566050613431, 23.49999999604292000, -10.02949118015741625 ) ) ;
#716 = ADVANCED_FACE ( 'NONE', ( #1716 ), #1014, .T. ) ;
#717 = CIRCLE ( 'NONE', #3032, 0.5000000000000001110 ) ;
#718 = CARTESIAN_POINT ( 'NONE',  ( -0.5000000000000001110, 39.50000000000000000, 4.336808689942017736E-16 ) ) ;
#719 = EDGE_CURVE ( 'NONE', #3857, #3549, #1693, .T. ) ;
#720 = CARTESIAN_POINT ( 'NONE',  ( -11.19881565808661605, 24.66428568015822620, -11.65812180191367631 ) ) ;
#721 = ORIENTED_EDGE ( 'NONE', *, *, #4617, .T. ) ;
#722 = DIRECTION ( 'NONE',  ( -1.000000000000000000, 0.000000000000000000, 0.000000000000000000 ) ) ;
#723 = FACE_OUTER_BOUND ( 'NONE', #919, .T. ) ;
#724 = VECTOR ( 'NONE', #4124, 1000.000000000000000 ) ;
#725 = FACE_OUTER_BOUND ( 'NONE', #3783, .T. ) ;
#726 = VERTEX_POINT ( 'NONE', #630 ) ;
#727 = DIRECTION ( 'NONE',  ( 0.000000000000000000, 0.5446390350150277504, -0.8386705679454236062 ) ) ;
#728 = EDGE_CURVE ( 'NONE', #4332, #4442, #2541, .T. ) ;
#729 = CARTESIAN_POINT ( 'NONE',  ( -9.091562554953137365, 17.12418239175933721, -5.016094151642358057 ) ) ;
#730 = VECTOR ( 'NONE', #2743, 1000.000000000000000 ) ;
#731 = ORIENTED_EDGE ( 'NONE', *, *, #2065, .F. ) ;
#732 = CARTESIAN_POINT ( 'NONE',  ( -8.886940626053535297, 11.84244247932038796, -13.40763425756773763 ) ) ;
#733 = ORIENTED_EDGE ( 'NONE', *, *, #580, .F. ) ;
#734 = EDGE_CURVE ( 'NONE', #1177, #2058, #262, .T. ) ;
#735 = CARTESIAN_POINT ( 'NONE',  ( 10.00000000000000178, -7.500000000000002665, -11.29999999999998828 ) ) ;
#736 = CARTESIAN_POINT ( 'NONE',  ( -11.50527164883253128, 24.69514091190110250, -11.63808418012998125 ) ) ;
#737 = EDGE_CURVE ( 'NONE', #4332, #2303, #1740, .T. ) ;
#738 = DIRECTION ( 'NONE',  ( -1.000000000000000000, 0.000000000000000000, 0.000000000000000000 ) ) ;
#739 = VERTEX_POINT ( 'NONE', #2875 ) ;
#740 = CLOSED_SHELL ( 'NONE', ( #3753, #513, #3558, #1205, #2291, #3306, #4023, #2711, #2421, #4660, #2796, #4279, #1538 ) ) ;
#741 = EDGE_LOOP ( 'NONE', ( #2710, #2083, #356, #1517, #2624, #1647 ) ) ;
#742 = CARTESIAN_POINT ( 'NONE',  ( 0.000000000000000000, 40.94965655536967120, -0.9193915876221306904 ) ) ;
#743 = CARTESIAN_POINT ( 'NONE',  ( 0.000000000000000000, -12.50000000000000178, -16.30000000000000071 ) ) ;
#744 = CARTESIAN_POINT ( 'NONE',  ( 0.000000000000000000, -7.500000000000002665, -11.29999999999998828 ) ) ;
#745 = DIRECTION ( 'NONE',  ( 0.000000000000000000, 0.000000000000000000, -1.000000000000000000 ) ) ;
#746 = CIRCLE ( 'NONE', #1455, 3.249999999999999556 ) ;
#747 = DIRECTION ( 'NONE',  ( -1.000000000000000000, 0.000000000000000000, 0.000000000000000000 ) ) ;
#748 = ORIENTED_EDGE ( 'NONE', *, *, #579, .T. ) ;
#749 = DIRECTION ( 'NONE',  ( 0.000000000000000000, -0.8386705679454214968, -0.5446390350150310811 ) ) ;
#750 = DIRECTION ( 'NONE',  ( 0.000000000000000000, -1.000000000000000000, 0.000000000000000000 ) ) ;
#751 = ADVANCED_FACE ( 'NONE', ( #4625 ), #288, .T. ) ;
#752 = CARTESIAN_POINT ( 'NONE',  ( -6.814156401845188782, 0.4107219299699428339, -22.63911709204209544 ) ) ;
#753 = ORIENTED_EDGE ( 'NONE', *, *, #920, .T. ) ;
#754 = CARTESIAN_POINT ( 'NONE',  ( -13.91063566050613431, 23.49999999604292000, -10.02949118015741625 ) ) ;
#755 = CARTESIAN_POINT ( 'NONE',  ( 4.110054558260259228, 40.08461363044835224, -0.3723725375075759292 ) ) ;
#756 = CARTESIAN_POINT ( 'NONE',  ( -9.125738750067021954, 16.87393219017607748, -10.14014663432184626 ) ) ;
#757 = VECTOR ( 'NONE', #4710, 1000.000000000000000 ) ;
#758 = CARTESIAN_POINT ( 'NONE',  ( 10.18612453657651784, 3.747933039423934964, -25.24136002880348073 ) ) ;
#759 = CARTESIAN_POINT ( 'NONE',  ( -11.19989802492377251, 24.70229959575250689, -11.63343527647957742 ) ) ;
#760 = CARTESIAN_POINT ( 'NONE',  ( -13.91063566050613787, 23.49999999999999289, -7.029491177587661177 ) ) ;
#761 = ORIENTED_EDGE ( 'NONE', *, *, #2764, .T. ) ;
#762 = ORIENTED_EDGE ( 'NONE', *, *, #2851, .T. ) ;
#763 = VERTEX_POINT ( 'NONE', #1373 ) ;
#764 = CARTESIAN_POINT ( 'NONE',  ( 0.000000000000000000, 40.94965655536967120, -1.082278297513660004 ) ) ;
#765 = FACE_BOUND ( 'NONE', #1758, .T. ) ;
#766 = DIRECTION ( 'NONE',  ( 0.000000000000000000, 0.000000000000000000, 1.000000000000000000 ) ) ;
#767 = VECTOR ( 'NONE', #1153, 1000.000000000000000 ) ;
#768 = DIRECTION ( 'NONE',  ( 1.000000000000000000, 0.000000000000000000, 0.000000000000000000 ) ) ;
#769 = APPLICATION_PROTOCOL_DEFINITION ( 'international standard', 'config_control_design', 1994, #426 ) ;
#770 = EDGE_LOOP ( 'NONE', ( #4671, #3839, #2509, #821, #784, #4133, #4090, #4224, #625, #3888, #2666, #2006, #1481, #468 ) ) ;
#771 = VECTOR ( 'NONE', #2050, 1000.000000000000000 ) ;
#772 = DIRECTION ( 'NONE',  ( 1.000000000000000000, 0.000000000000000000, 3.469446951953613696E-16 ) ) ;
#773 = CARTESIAN_POINT ( 'NONE',  ( 1.798244534888601809, 1.000000000000000000, -7.299999999999999822 ) ) ;
#774 = CARTESIAN_POINT ( 'NONE',  ( -10.43743682286083008, 23.49999999999999289, -10.02949117758766207 ) ) ;
#775 = ORIENTED_EDGE ( 'NONE', *, *, #4120, .T. ) ;
#776 = CARTESIAN_POINT ( 'NONE',  ( -4.110054558260259228, 40.08461363044835224, -1.476214065494405148 ) ) ;
#777 = CARTESIAN_POINT ( 'NONE',  ( 11.49308960081462416, 24.29751121965135496, -11.53296254045744362 ) ) ;
#778 = EDGE_CURVE ( 'NONE', #2668, #1376, #3584, .T. ) ;
#779 = CARTESIAN_POINT ( 'NONE',  ( -10.00000000000000178, -7.500000000000001776, -16.29999999999998295 ) ) ;
#780 = B_SPLINE_SURFACE_WITH_KNOTS ( 'NONE', 3, 1, ( 
 ( #653, #2469 ),
 ( #986, #3595 ),
 ( #1715, #3570 ),
 ( #2874, #577 ),
 ( #4596, #940 ),
 ( #2412, #2047 ),
 ( #1348, #4337 ),
 ( #3523, #3165 ),
 ( #4624, #1324 ),
 ( #3907, #604 ),
 ( #19, #3644 ),
 ( #1133, #1035 ),
 ( #2610, #2923 ) ),
 .UNSPECIFIED., .F., .F., .F.,
 ( 4, 1, 1, 1, 1, 1, 1, 1, 1, 1, 4 ),
 ( 2, 2 ),
 ( -8.794725679173165389E-05, 0.06241471762487260655, 0.1249173825065368337, 0.2499227122698653991, 0.3749280420331938535, 0.4999333717965225299, 0.6249387015598509842, 0.7499440313231795496, 0.8749493610865081150, 0.9374520259681724532, 0.9999546908498367914 ),
 ( 0.000000000000000000, 1.000000000000000000 ),
 .UNSPECIFIED. ) ;
#781 = CARTESIAN_POINT ( 'NONE',  ( 9.854653556557069649, -0.4204505539816654203, -27.94833998572103440 ) ) ;
#782 = LINE ( 'NONE', #1523, #3507 ) ;
#783 = LINE ( 'NONE', #760, #2836 ) ;
#784 = ORIENTED_EDGE ( 'NONE', *, *, #1231, .T. ) ;
#785 = ORIENTED_EDGE ( 'NONE', *, *, #4194, .T. ) ;
#786 = VECTOR ( 'NONE', #3051, 1000.000000000000114 ) ;
#787 = ORIENTED_EDGE ( 'NONE', *, *, #1021, .T. ) ;
#788 = CARTESIAN_POINT ( 'NONE',  ( 7.000000000000000000, 37.50000000000000000, -0.4999999999999995559 ) ) ;
#789 = CARTESIAN_POINT ( 'NONE',  ( 7.500000000000000000, 37.50000000000000000, -1.746813428970050097 ) ) ;
#790 = EDGE_CURVE ( 'NONE', #2473, #50, #1349, .T. ) ;
#791 = CYLINDRICAL_SURFACE ( 'NONE', #4450, 1.000000000000001776 ) ;
#792 = LINE ( 'NONE', #2186, #1846 ) ;
#793 = ORIENTED_EDGE ( 'NONE', *, *, #1775, .T. ) ;
#794 = ORIENTED_EDGE ( 'NONE', *, *, #3240, .T. ) ;
#795 = ADVANCED_FACE ( 'NONE', ( #966 ), #605, .T. ) ;
#796 = CARTESIAN_POINT ( 'NONE',  ( -9.999999999999998224, -0.5000000000000019984, -26.80000000000000426 ) ) ;
#797 = LINE ( 'NONE', #2993, #767 ) ;
#798 = CARTESIAN_POINT ( 'NONE',  ( -9.314156401845188782, 0.4107219299699428339, -22.63911709204209544 ) ) ;
#799 = VERTEX_POINT ( 'NONE', #3213 ) ;
#800 = CARTESIAN_POINT ( 'NONE',  ( -11.56346192952221585, 28.33913593383212515, -8.915918926039058334 ) ) ;
#801 = DIRECTION ( 'NONE',  ( -4.231032868236114432E-16, 0.000000000000000000, 1.000000000000000000 ) ) ;
#802 = VECTOR ( 'NONE', #2148, 1000.000000000000000 ) ;
#803 = CARTESIAN_POINT ( 'NONE',  ( -9.314156401845188782, -2.105289773866326097, -24.27303419708717769 ) ) ;
#804 = VECTOR ( 'NONE', #4667, 1000.000000000000000 ) ;
#805 = CARTESIAN_POINT ( 'NONE',  ( -6.500000000000000888, 37.50000000000000000, -1.746813428970050097 ) ) ;
#806 = DIRECTION ( 'NONE',  ( 0.000000000000000000, -0.000000000000000000, 1.000000000000000000 ) ) ;
#807 = ORIENTED_EDGE ( 'NONE', *, *, #2564, .T. ) ;
#808 = EDGE_CURVE ( 'NONE', #2969, #838, #1304, .T. ) ;
#809 = VERTEX_POINT ( 'NONE', #2442 ) ;
#810 = CARTESIAN_POINT ( 'NONE',  ( -11.49773530355295925, 24.45883912955993722, -11.42825484263784119 ) ) ;
#811 = FACE_OUTER_BOUND ( 'NONE', #4574, .T. ) ;
#812 = LINE ( 'NONE', #4489, #2928 ) ;
#813 = VECTOR ( 'NONE', #23, 1000.000000000000000 ) ;
#814 = PLANE ( 'NONE',  #3921 ) ;
#815 = ORIENTED_EDGE ( 'NONE', *, *, #4488, .F. ) ;
#816 = PLANE ( 'NONE',  #272 ) ;
#817 = ORIENTED_EDGE ( 'NONE', *, *, #4772, .T. ) ;
#818 = CARTESIAN_POINT ( 'NONE',  ( 9.885093570927958595, -0.03660828949549192052, -27.69906990457358731 ) ) ;
#819 = B_SPLINE_CURVE_WITH_KNOTS ( 'NONE', 3,
 ( #2135, #4345, #3625, #4241, #3601, #293, #1042, #3993, #683, #3674, #2958, #4752 ),
 .UNSPECIFIED., .F., .F.,
 ( 4, 2, 2, 2, 2, 4 ),
 ( 3.878959614448864246E-18, 0.001627934894348783334, 0.002441902341523173158, 0.003255869788697562765, 0.004883804683046331571, 0.006511739577395101244 ),
 .UNSPECIFIED. ) ;
#820 = LINE ( 'NONE', #1929, #332 ) ;
#821 = ORIENTED_EDGE ( 'NONE', *, *, #3299, .T. ) ;
#822 = B_SPLINE_CURVE_WITH_KNOTS ( 'NONE', 3,
 ( #2014, #3444, #2677, #3486 ),
 .UNSPECIFIED., .F., .F.,
 ( 4, 4 ),
 ( 0.0002842361336050212460, 0.02952918717953158245 ),
 .UNSPECIFIED. ) ;
#823 = CARTESIAN_POINT ( 'NONE',  ( 4.798244534931242811, 0.000000000000000000, -7.300000000000000711 ) ) ;
#824 = CARTESIAN_POINT ( 'NONE',  ( 6.245332692311563072, 39.41878554214004282, -1.898632534691238938 ) ) ;
#825 = VECTOR ( 'NONE', #3933, 1000.000000000000114 ) ;
#826 = CARTESIAN_POINT ( 'NONE',  ( -9.119187582519630908, 14.68739456555313083, -6.884956706319371733 ) ) ;
#827 = CARTESIAN_POINT ( 'NONE',  ( 11.18178464415101558, 30.72592368643939764, -7.721648053420024027 ) ) ;
#828 = CARTESIAN_POINT ( 'NONE',  ( -10.31862528245889266, 16.85280267577195801, -4.598206035102461620 ) ) ;
#829 = CARTESIAN_POINT ( 'NONE',  ( -9.897685875222542506, 36.44465881027845455, -3.753965396571065316 ) ) ;
#830 = EDGE_LOOP ( 'NONE', ( #1755, #289, #4088, #872, #3903, #4509, #2027, #1614 ) ) ;
#831 = ORIENTED_EDGE ( 'NONE', *, *, #2460, .T. ) ;
#832 = B_SPLINE_CURVE_WITH_KNOTS ( 'NONE', 3,
 ( #2315, #3688, #431, #64 ),
 .UNSPECIFIED., .F., .F.,
 ( 4, 4 ),
 ( 0.0001955996100732366886, 0.001891131756955122169 ),
 .UNSPECIFIED. ) ;
#833 = ORIENTED_EDGE ( 'NONE', *, *, #4494, .F. ) ;
#834 = PLANE ( 'NONE',  #3939 ) ;
#835 = CARTESIAN_POINT ( 'NONE',  ( 0.000000000000000000, 39.50000000000000000, 4.336808689942017736E-16 ) ) ;
#836 = DIRECTION ( 'NONE',  ( 1.000000000000000000, 0.000000000000000000, 0.000000000000000000 ) ) ;
#837 = DIRECTION ( 'NONE',  ( 0.000000000000000000, 0.000000000000000000, 1.000000000000000000 ) ) ;
#838 = VERTEX_POINT ( 'NONE', #4338 ) ;
#839 = DIRECTION ( 'NONE',  ( 1.000000000000000000, 0.000000000000000000, 0.000000000000000000 ) ) ;
#840 = VERTEX_POINT ( 'NONE', #2470 ) ;
#841 = CIRCLE ( 'NONE', #374, 0.5999999999999998668 ) ;
#842 = DIRECTION ( 'NONE',  ( -3.469446951953613696E-16, 0.000000000000000000, 1.000000000000000000 ) ) ;
#843 = DIRECTION ( 'NONE',  ( -0.000000000000000000, 0.8386705679454236062, 0.5446390350150277504 ) ) ;
#844 = ORIENTED_EDGE ( 'NONE', *, *, #1796, .F. ) ;
#845 = CARTESIAN_POINT ( 'NONE',  ( -10.40381700806425158, 35.49742725835740487, -4.345886073742163624 ) ) ;
#846 = AXIS2_PLACEMENT_3D ( 'NONE', #1554, #1966, #2348 ) ;
#847 = DIRECTION ( 'NONE',  ( -0.000000000000000000, -0.5446390350150284165, 0.8386705679454231621 ) ) ;
#848 = CYLINDRICAL_SURFACE ( 'NONE', #251, 0.6000000000000103029 ) ;
#849 = ORIENTED_EDGE ( 'NONE', *, *, #4132, .T. ) ;
#850 = DIRECTION ( 'NONE',  ( 0.000000000000000000, 0.000000000000000000, 1.000000000000000000 ) ) ;
#851 = CARTESIAN_POINT ( 'NONE',  ( -11.52455934767880485, 25.27385167662441035, -10.89766169098195370 ) ) ;
#852 = EDGE_CURVE ( 'NONE', #3909, #4326, #3010, .T. ) ;
#853 = ORIENTED_EDGE ( 'NONE', *, *, #4213, .T. ) ;
#854 = EDGE_CURVE ( 'NONE', #2861, #942, #3618, .T. ) ;
#855 = VERTEX_POINT ( 'NONE', #678 ) ;
#856 = CARTESIAN_POINT ( 'NONE',  ( -10.50000000000000178, -7.500000000000001776, -15.39999999999998970 ) ) ;
#857 = DIRECTION ( 'NONE',  ( -0.000000000000000000, -0.000000000000000000, 1.000000000000000000 ) ) ;
#858 = DIRECTION ( 'NONE',  ( 0.000000000000000000, -0.8386705679454240503, -0.5446390350150269732 ) ) ;
#859 = ADVANCED_FACE ( 'NONE', ( #321 ), #2209, .T. ) ;
#860 = ORIENTED_EDGE ( 'NONE', *, *, #4200, .T. ) ;
#861 = CALENDAR_DATE ( 2026, 11, 8 ) ;
#862 = ORIENTED_EDGE ( 'NONE', *, *, #3974, .F. ) ;
#863 = CARTESIAN_POINT ( 'NONE',  ( -9.542162300308314471, 4.626771722305877965, -19.28590892922374067 ) ) ;
#864 = CARTESIAN_POINT ( 'NONE',  ( 10.16557284061259381, -0.4584133110198388428, -27.59985823739724964 ) ) ;
#865 = ORIENTED_EDGE ( 'NONE', *, *, #143, .F. ) ;
#866 = CARTESIAN_POINT ( 'NONE',  ( -10.55802842484953175, 35.13398313786542815, -4.573951868008769850 ) ) ;
#867 = CARTESIAN_POINT ( 'NONE',  ( 10.39819904400254025, 35.50953063825250666, -4.338302570739222652 ) ) ;
#868 = CARTESIAN_POINT ( 'NONE',  ( -9.218094175749330432, 17.39931015261749181, -5.439753751192780484 ) ) ;
#869 = VERTEX_POINT ( 'NONE', #2529 ) ;
#870 = CARTESIAN_POINT ( 'NONE',  ( -10.84081104630713632, 9.326679705573324597, -7.683249967193601648 ) ) ;
#871 = CARTESIAN_POINT ( 'NONE',  ( -9.841564513520845381, 36.10997928612619745, -4.225201464785807381 ) ) ;
#872 = ORIENTED_EDGE ( 'NONE', *, *, #1557, .T. ) ;
#873 = ORIENTED_EDGE ( 'NONE', *, *, #373, .F. ) ;
#874 = ADVANCED_FACE ( 'NONE', ( #2621 ), #4419, .T. ) ;
#875 = CARTESIAN_POINT ( 'NONE',  ( 11.19666586837657896, 24.58927806607298550, -11.70683231604828300 ) ) ;
#876 = DIRECTION ( 'NONE',  ( -1.000000000000000000, 0.000000000000000000, 0.000000000000000000 ) ) ;
#877 = LINE ( 'NONE', #507, #218 ) ;
#878 = ORIENTED_EDGE ( 'NONE', *, *, #2298, .F. ) ;
#879 = COORDINATED_UNIVERSAL_TIME_OFFSET ( 8, 0, .AHEAD. ) ;
#880 = ORIENTED_EDGE ( 'NONE', *, *, #1994, .F. ) ;
#881 = CARTESIAN_POINT ( 'NONE',  ( 6.000000000000000000, -0.5000000000000019984, -25.61527341432796945 ) ) ;
#882 = VECTOR ( 'NONE', #1661, 1000.000000000000114 ) ;
#883 = DIRECTION ( 'NONE',  ( 1.000000000000000000, -0.000000000000000000, -0.000000000000000000 ) ) ;
#884 = ORIENTED_EDGE ( 'NONE', *, *, #571, .F. ) ;
#885 = CARTESIAN_POINT ( 'NONE',  ( 9.346670349382430132, 37.20509108012539912, -3.280856060506227578 ) ) ;
#886 = ADVANCED_FACE ( 'NONE', ( #346 ), #791, .T. ) ;
#887 = CARTESIAN_POINT ( 'NONE',  ( -9.885093570927958595, -0.03660828949549250338, -27.69906990457358731 ) ) ;
#888 = CARTESIAN_POINT ( 'NONE',  ( 11.50530286434823246, 24.69607750652077272, -11.63747594847221123 ) ) ;
#889 = VECTOR ( 'NONE', #2828, 1000.000000000000000 ) ;
#890 = CARTESIAN_POINT ( 'NONE',  ( -10.96115257169109469, 11.45822113552983623, -7.063316637594168057 ) ) ;
#891 = CARTESIAN_POINT ( 'NONE',  ( -8.190431857373493330, 38.31481609671299537, -2.590891105206058587 ) ) ;
#892 = ORIENTED_EDGE ( 'NONE', *, *, #3275, .T. ) ;
#893 = ORIENTED_EDGE ( 'NONE', *, *, #2133, .T. ) ;
#894 = DIRECTION ( 'NONE',  ( 0.000000000000000000, 0.5446390350150277504, -0.8386705679454236062 ) ) ;
#895 = FACE_OUTER_BOUND ( 'NONE', #553, .T. ) ;
#896 = CARTESIAN_POINT ( 'NONE',  ( -1.201755465111398635, 1.000000000000000000, -6.299999999999998934 ) ) ;
#897 = ORIENTED_EDGE ( 'NONE', *, *, #2722, .T. ) ;
#898 = APPROVAL_ROLE ( '' ) ;
#899 = ORIENTED_EDGE ( 'NONE', *, *, #2010, .F. ) ;
#900 = DIRECTION ( 'NONE',  ( -1.000000000000000000, 1.216140740499772514E-15, 7.897710312773982478E-16 ) ) ;
#901 = EDGE_CURVE ( 'NONE', #3216, #1473, #1803, .T. ) ;
#902 =( BOUNDED_CURVE ( )  B_SPLINE_CURVE ( 3, ( #3795, #498, #4504, #4212 ),
 .UNSPECIFIED., .F., .F. ) 
 B_SPLINE_CURVE_WITH_KNOTS ( ( 4, 4 ),
 ( 6.061127621661605680, 6.283185307179586232 ),
 .UNSPECIFIED. ) 
 CURVE ( )  GEOMETRIC_REPRESENTATION_ITEM ( )  RATIONAL_B_SPLINE_CURVE ( ( 1.000000000000000000, 0.9958950848712231352, 0.9958950848712231352, 1.000000000000000000 ) ) 
 REPRESENTATION_ITEM ( '' )  );
#903 = EDGE_CURVE ( 'NONE', #1461, #1587, #397, .T. ) ;
#904 = CARTESIAN_POINT ( 'NONE',  ( -4.500000000000000888, 1.499999999999997780, -21.31645822793294442 ) ) ;
#905 = ORIENTED_EDGE ( 'NONE', *, *, #4618, .F. ) ;
#906 = DIRECTION ( 'NONE',  ( 0.000000000000000000, 0.000000000000000000, 1.000000000000000000 ) ) ;
#907 = DIRECTION ( 'NONE',  ( -1.000000000000000000, 0.000000000000000000, -1.734723475976805517E-15 ) ) ;
#908 = VECTOR ( 'NONE', #3315, 1000.000000000000000 ) ;
#909 = EDGE_CURVE ( 'NONE', #2371, #1059, #4487, .T. ) ;
#910 = ADVANCED_FACE ( 'NONE', ( #3998 ), #3631, .T. ) ;
#911 = ORIENTED_EDGE ( 'NONE', *, *, #1510, .F. ) ;
#912 = CARTESIAN_POINT ( 'NONE',  ( 10.50000000000000000, -7.500000000000002665, -11.29999999999999005 ) ) ;
#913 = AXIS2_PLACEMENT_3D ( 'NONE', #2598, #3350, #1582 ) ;
#914 = LINE ( 'NONE', #2321, #1817 ) ;
#915 = CARTESIAN_POINT ( 'NONE',  ( -10.12307437925331222, 15.08836773272376064, -15.49206904321995637 ) ) ;
#916 = EDGE_CURVE ( 'NONE', #3411, #4113, #3064, .T. ) ;
#917 = CARTESIAN_POINT ( 'NONE',  ( 9.553004542238099361, 36.92584609746586466, -1.999999999999994893 ) ) ;
#918 = CARTESIAN_POINT ( 'NONE',  ( -11.47651455575447343, 30.65145449451795301, -7.770008912119446443 ) ) ;
#919 = EDGE_LOOP ( 'NONE', ( #3926, #4406, #3087, #2049 ) ) ;
#920 = EDGE_CURVE ( 'NONE', #1694, #2540, #2599, .T. ) ;
#921 = CARTESIAN_POINT ( 'NONE',  ( -40.00000000000000000, -0.5000000000000019984, -8.299999999999998934 ) ) ;
#922 = ORIENTED_EDGE ( 'NONE', *, *, #580, .T. ) ;
#923 = LINE ( 'NONE', #4196, #3090 ) ;
#924 = CARTESIAN_POINT ( 'NONE',  ( -13.91063566050613431, -0.5000000000000023315, -25.61527341432797655 ) ) ;
#925 = CARTESIAN_POINT ( 'NONE',  ( -7.000000000000000000, 37.50000000000000000, -0.4999999999999995559 ) ) ;
#926 = ORIENTED_EDGE ( 'NONE', *, *, #2564, .F. ) ;
#927 = EDGE_CURVE ( 'NONE', #1092, #838, #3011, .T. ) ;
#928 = CARTESIAN_POINT ( 'NONE',  ( -9.314156398361021161, 1.499999999999997780, -24.31645822798600420 ) ) ;
#929 = ADVANCED_FACE ( 'NONE', ( #3329 ), #2164, .T. ) ;
#930 = VECTOR ( 'NONE', #2053, 1000.000000000000000 ) ;
#931 = DIRECTION ( 'NONE',  ( -1.000000000000000000, 0.000000000000000000, 0.000000000000000000 ) ) ;
#932 = VERTEX_POINT ( 'NONE', #2964 ) ;
#933 = DIRECTION ( 'NONE',  ( -1.000000000000000000, 0.000000000000000000, 0.000000000000000000 ) ) ;
#934 = EDGE_CURVE ( 'NONE', #799, #3864, #1616, .T. ) ;
#935 = FACE_OUTER_BOUND ( 'NONE', #1870, .T. ) ;
#936 = EDGE_LOOP ( 'NONE', ( #2795, #669, #4307, #3849 ) ) ;
#937 = CARTESIAN_POINT ( 'NONE',  ( -8.886940623224679925, 8.861818132579841745, -8.817875255411616209 ) ) ;
#938 = CARTESIAN_POINT ( 'NONE',  ( 7.528228692238288389, 38.75740587702188833, -2.314288229193703028 ) ) ;
#939 = LINE ( 'NONE', #4260, #4219 ) ;
#940 = CARTESIAN_POINT ( 'NONE',  ( -8.368897388954367855, 38.28097323478939273, -0.3723725375075759292 ) ) ;
#941 = CARTESIAN_POINT ( 'NONE',  ( -0.5000000000000003331, 40.50000000000000000, -0.2276940027903667785 ) ) ;
#942 = VERTEX_POINT ( 'NONE', #487 ) ;
#943 = VECTOR ( 'NONE', #3148, 1000.000000000000000 ) ;
#944 = DIRECTION ( 'NONE',  ( -0.000000000000000000, 0.000000000000000000, -1.000000000000000000 ) ) ;
#945 = ORIENTED_EDGE ( 'NONE', *, *, #168, .F. ) ;
#946 = CARTESIAN_POINT ( 'NONE',  ( -6.814156401845188782, 1.499999999999999556, -24.31645822793294087 ) ) ;
#947 = LINE ( 'NONE', #1019, #518 ) ;
#948 = CARTESIAN_POINT ( 'NONE',  ( -40.00000000000000000, -0.5000000000000019984, -8.299999999999998934 ) ) ;
#949 = AXIS2_PLACEMENT_3D ( 'NONE', #1344, #3136, #2043 ) ;
#950 = EDGE_CURVE ( 'NONE', #600, #1473, #3825, .T. ) ;
#951 = ORIENTED_EDGE ( 'NONE', *, *, #2950, .F. ) ;
#952 = SECURITY_CLASSIFICATION_LEVEL ( 'unclassified' ) ;
#953 = CARTESIAN_POINT ( 'NONE',  ( -9.641947024954523826, 36.45023672813896098, -4.004235698300707469 ) ) ;
#954 = AXIS2_PLACEMENT_3D ( 'NONE', #2700, #593, #2066 ) ;
#955 = DIRECTION ( 'NONE',  ( -4.231032868236114432E-16, 0.000000000000000000, 1.000000000000000000 ) ) ;
#956 = CARTESIAN_POINT ( 'NONE',  ( -10.31862528245889266, 16.85280267577195801, -4.598206035102461620 ) ) ;
#957 = ORIENTED_EDGE ( 'NONE', *, *, #3364, .T. ) ;
#958 = CARTESIAN_POINT ( 'NONE',  ( -1.201755465111398635, 1.000000000000000000, -7.299999999999999822 ) ) ;
#959 = CARTESIAN_POINT ( 'NONE',  ( 11.19881565865216366, 24.66428570000196885, -11.65812178902699969 ) ) ;
#960 = AXIS2_PLACEMENT_3D ( 'NONE', #2395, #2692, #4535 ) ;
#961 = ORIENTED_EDGE ( 'NONE', *, *, #3058, .F. ) ;
#962 = DIRECTION ( 'NONE',  ( 0.000000000000000000, 0.000000000000000000, 1.000000000000000000 ) ) ;
#963 = CARTESIAN_POINT ( 'NONE',  ( 6.745705909375245390, 39.18491658689774937, -2.045929424114055983 ) ) ;
#964 = DIRECTION ( 'NONE',  ( -0.000000000000000000, -0.000000000000000000, 1.000000000000000000 ) ) ;
#965 = CARTESIAN_POINT ( 'NONE',  ( 10.00000000000000000, 26.17423583211419214, -1.999999999999999556 ) ) ;
#966 = FACE_OUTER_BOUND ( 'NONE', #979, .T. ) ;
#967 = ORIENTED_EDGE ( 'NONE', *, *, #2364, .T. ) ;
#968 = DIRECTION ( 'NONE',  ( -1.000000000000000000, 0.000000000000000000, 0.000000000000000000 ) ) ;
#969 = ORIENTED_EDGE ( 'NONE', *, *, #551, .T. ) ;
#970 = DIRECTION ( 'NONE',  ( 0.000000000000000000, 0.000000000000000000, -1.000000000000000000 ) ) ;
#971 = CARTESIAN_POINT ( 'NONE',  ( -7.000000000000000000, 37.50000000000000000, -0.4999999999999995559 ) ) ;
#972 = DIRECTION ( 'NONE',  ( 0.000000000000000000, -1.000000000000000000, 0.000000000000000000 ) ) ;
#973 = ORIENTED_EDGE ( 'NONE', *, *, #551, .F. ) ;
#974 = CARTESIAN_POINT ( 'NONE',  ( -11.19992924043947902, 24.70323619037218066, -11.63282704482181984 ) ) ;
#975 = CARTESIAN_POINT ( 'NONE',  ( -11.48418170823371831, 23.98973825055212217, -11.05903372853234856 ) ) ;
#976 = LINE ( 'NONE', #422, #2308 ) ;
#977 = DIRECTION ( 'NONE',  ( -1.000000000000000000, 0.000000000000000000, 0.000000000000000000 ) ) ;
#978 = VECTOR ( 'NONE', #1632, 1000.000000000000000 ) ;
#979 = EDGE_LOOP ( 'NONE', ( #3603, #1731, #1031, #849 ) ) ;
#980 = CARTESIAN_POINT ( 'NONE',  ( 4.041845982919947566, 39.95586224202692449, -1.727655870674944305 ) ) ;
#981 = CARTESIAN_POINT ( 'NONE',  ( -0.5000000000000001110, 39.50000000000000000, -0.7340671448502610330 ) ) ;
#982 = VERTEX_POINT ( 'NONE', #1240 ) ;
#983 = CARTESIAN_POINT ( 'NONE',  ( -10.77221241057341672, 7.895944021959466319, -22.54761020004322347 ) ) ;
#984 = CARTESIAN_POINT ( 'NONE',  ( 8.368362377156957521, 38.17463927397649570, -2.884395591307327145 ) ) ;
#985 = CARTESIAN_POINT ( 'NONE',  ( -4.000000000000000000, 24.87031818638472913, -9.139596142252763400 ) ) ;
#986 = CARTESIAN_POINT ( 'NONE',  ( -4.526151537074577291, 39.98746472557030529, -11.44735753722967964 ) ) ;
#987 = CARTESIAN_POINT ( 'NONE',  ( -4.915006178707898243, 39.75199977178935029, -1.860045706815207645 ) ) ;
#988 = AXIS2_PLACEMENT_3D ( 'NONE', #3606, #302, #2431 ) ;
#989 = EDGE_LOOP ( 'NONE', ( #1890, #524, #673, #1914 ) ) ;
#990 = LINE ( 'NONE', #1649, #521 ) ;
#991 = ORIENTED_EDGE ( 'NONE', *, *, #3915, .F. ) ;
#992 = CIRCLE ( 'NONE', #379, 2.550000000000000266 ) ;
#993 = EDGE_CURVE ( 'NONE', #4204, #4373, #467, .T. ) ;
#994 = CARTESIAN_POINT ( 'NONE',  ( -9.005382972361568150, 11.20205161468002331, -7.185481255469266415 ) ) ;
#995 = CARTESIAN_POINT ( 'NONE',  ( 10.50000000000000000, -7.500000000000002665, -8.049999999999991829 ) ) ;
#996 = AXIS2_PLACEMENT_3D ( 'NONE', #1397, #2829, #4702 ) ;
#997 = ADVANCED_FACE ( 'NONE', ( #3460 ), #1918, .T. ) ;
#998 = DIRECTION ( 'NONE',  ( 0.000000000000000000, -1.000000000000000000, 0.000000000000000000 ) ) ;
#999 = EDGE_LOOP ( 'NONE', ( #1719, #3746, #1236, #1904 ) ) ;
#1000 = CARTESIAN_POINT ( 'NONE',  ( 11.50454969229363478, 24.69781390762434370, -11.63634831641072331 ) ) ;
#1001 = CARTESIAN_POINT ( 'NONE',  ( -7.201755465154040081, 1.000000000000000000, -7.299999999999999822 ) ) ;
#1002 = LINE ( 'NONE', #3251, #2461 ) ;
#1003 = CARTESIAN_POINT ( 'NONE',  ( -9.699999999999999289, 31.97423583211418574, -1.999999999999999556 ) ) ;
#1004 = ORIENTED_EDGE ( 'NONE', *, *, #3956, .T. ) ;
#1005 = CARTESIAN_POINT ( 'NONE',  ( -13.00000000000000355, -7.500000000000001776, -15.39999999999998970 ) ) ;
#1006 = CARTESIAN_POINT ( 'NONE',  ( -9.000000000000000000, 21.57105768976844118, -11.28216096069198393 ) ) ;
#1007 = AXIS2_PLACEMENT_3D ( 'NONE', #3803, #894, #3435 ) ;
#1008 = VERTEX_POINT ( 'NONE', #3096 ) ;
#1009 = EDGE_CURVE ( 'NONE', #1925, #2676, #141, .T. ) ;
#1010 = DIRECTION ( 'NONE',  ( 0.9656200712115593499, 0.2180186658833780933, 0.1415829770834584334 ) ) ;
#1011 = CARTESIAN_POINT ( 'NONE',  ( 4.351774164149616375, 39.88177612965549201, -1.775767954599452025 ) ) ;
#1012 = DIRECTION ( 'NONE',  ( 1.000000000000000000, 0.000000000000000000, -0.000000000000000000 ) ) ;
#1013 = FACE_OUTER_BOUND ( 'NONE', #2433, .T. ) ;
#1014 = PLANE ( 'NONE',  #2378 ) ;
#1015 = ORIENTED_EDGE ( 'NONE', *, *, #1454, .F. ) ;
#1016 = CARTESIAN_POINT ( 'NONE',  ( -10.79773824943836225, 7.491302396267126795, -20.42566095865461406 ) ) ;
#1017 = ORIENTED_EDGE ( 'NONE', *, *, #3424, .F. ) ;
#1018 = CARTESIAN_POINT ( 'NONE',  ( -8.945018561582552152, 9.699267380801535055, -7.631515234788495583 ) ) ;
#1019 = CARTESIAN_POINT ( 'NONE',  ( -10.30000000000000959, 31.97423583211418574, -4.999999999999999112 ) ) ;
#1020 = CARTESIAN_POINT ( 'NONE',  ( -13.91063566050613431, -0.5000000000000023315, -25.61527341432796945 ) ) ;
#1021 = EDGE_CURVE ( 'NONE', #2183, #4722, #3438, .T. ) ;
#1022 = EDGE_LOOP ( 'NONE', ( #3447, #4520, #2512, #492, #312 ) ) ;
#1023 = CARTESIAN_POINT ( 'NONE',  ( -0.1628571429479548915, 40.81304826587067680, -1.170992758008028600 ) ) ;
#1024 = DIRECTION ( 'NONE',  ( -1.000000000000000000, 0.000000000000000000, 0.000000000000000000 ) ) ;
#1025 = AXIS2_PLACEMENT_3D ( 'NONE', #912, #132, #2800 ) ;
#1026 = DIRECTION ( 'NONE',  ( 0.000000000000000000, 0.000000000000000000, -1.000000000000000000 ) ) ;
#1027 = DIRECTION ( 'NONE',  ( 0.000000000000000000, 1.000000000000000000, -0.000000000000000000 ) ) ;
#1028 = VECTOR ( 'NONE', #85, 1000.000000000000000 ) ;
#1029 = ORIENTED_EDGE ( 'NONE', *, *, #3976, .T. ) ;
#1030 = CARTESIAN_POINT ( 'NONE',  ( 23.00000000000000000, -7.500000000000002665, -21.80000000000000426 ) ) ;
#1031 = ORIENTED_EDGE ( 'NONE', *, *, #1920, .T. ) ;
#1032 = DIRECTION ( 'NONE',  ( -3.469446951953613696E-16, 0.000000000000000000, 1.000000000000000000 ) ) ;
#1033 = CARTESIAN_POINT ( 'NONE',  ( 6.025534829822515093, 39.34828632730067710, -2.122220283142045361 ) ) ;
#1034 = CARTESIAN_POINT ( 'NONE',  ( -13.91063566050613431, 23.49999999604292000, -10.02949118015741625 ) ) ;
#1035 = CARTESIAN_POINT ( 'NONE',  ( -11.51777377560766169, 25.07025644042358437, -0.3723725375075759292 ) ) ;
#1036 = CARTESIAN_POINT ( 'NONE',  ( 6.000000000000000000, -23.50000000000000000, -16.30000000000000071 ) ) ;
#1037 = ADVANCED_FACE ( 'NONE', ( #1627 ), #1260, .F. ) ;
#1038 = ORIENTED_EDGE ( 'NONE', *, *, #2298, .T. ) ;
#1039 = DIRECTION ( 'NONE',  ( -3.637153807064321540E-16, 0.8386705679454231621, 0.5446390350150284165 ) ) ;
#1040 = ORIENTED_EDGE ( 'NONE', *, *, #3417, .F. ) ;
#1041 = CARTESIAN_POINT ( 'NONE',  ( 9.400000000000000355, 26.17423583211419214, -4.999999999999999112 ) ) ;
#1042 = CARTESIAN_POINT ( 'NONE',  ( -7.359997775281294174, 38.85934918652143466, -1.058475510234534900 ) ) ;
#1043 = LINE ( 'NONE', #708, #757 ) ;
#1044 = LOCAL_TIME ( 15, 39, 6.000000000000000000, #3847 ) ;
#1045 = VERTEX_POINT ( 'NONE', #896 ) ;
#1046 = CARTESIAN_POINT ( 'NONE',  ( -7.306871713887089115, 38.71421336615336628, -2.533992078752392185 ) ) ;
#1047 = VECTOR ( 'NONE', #4544, 1000.000000000000000 ) ;
#1048 = LINE ( 'NONE', #3512, #4469 ) ;
#1049 = CC_DESIGN_DATE_AND_TIME_ASSIGNMENT ( #509, #1243, ( #3439 ) ) ;
#1050 = DIRECTION ( 'NONE',  ( -1.000000000000000000, 0.000000000000000000, 0.000000000000000000 ) ) ;
#1051 = CARTESIAN_POINT ( 'NONE',  ( -11.35496404722660735, 24.57120974518081624, -11.67900954175146033 ) ) ;
#1052 = ORIENTED_EDGE ( 'NONE', *, *, #2766, .T. ) ;
#1053 = EDGE_CURVE ( 'NONE', #2861, #3079, #3033, .T. ) ;
#1054 = CARTESIAN_POINT ( 'NONE',  ( -6.500000000000000888, 37.50000000000000000, -1.746813428970050097 ) ) ;
#1055 = EDGE_CURVE ( 'NONE', #3549, #1983, #3752, .T. ) ;
#1056 = AXIS2_PLACEMENT_3D ( 'NONE', #1152, #4092, #4114 ) ;
#1057 = ORIENTED_EDGE ( 'NONE', *, *, #3128, .T. ) ;
#1058 = CARTESIAN_POINT ( 'NONE',  ( 7.000000000000000000, 37.50000000000000000, -0.4999999999999995559 ) ) ;
#1059 = VERTEX_POINT ( 'NONE', #3053 ) ;
#1060 = CARTESIAN_POINT ( 'NONE',  ( -11.50906181771354042, 12.09660668193849453, -8.299999999905418591 ) ) ;
#1061 = EDGE_CURVE ( 'NONE', #2254, #1256, #4513, .T. ) ;
#1062 = CARTESIAN_POINT ( 'NONE',  ( 8.368897388954367855, 38.28097323478939273, -11.44735753722967964 ) ) ;
#1063 = EDGE_CURVE ( 'NONE', #2365, #2688, #229, .T. ) ;
#1064 = EDGE_LOOP ( 'NONE', ( #3243, #880, #3591, #1577, #4716, #404 ) ) ;
#1065 = B_SPLINE_CURVE_WITH_KNOTS ( 'NONE', 3,
 ( #119, #3075, #4221, #1284, #486, #1675, #506 ),
 .UNSPECIFIED., .F., .F.,
 ( 4, 3, 4 ),
 ( 0.000000000000000000, 0.4267678188181984189, 0.4950626593103937267 ),
 .UNSPECIFIED. ) ;
#1066 = DIRECTION ( 'NONE',  ( -1.000000000000000000, 0.000000000000000000, 0.000000000000000000 ) ) ;
#1067 = ORIENTED_EDGE ( 'NONE', *, *, #1078, .F. ) ;
#1068 = EDGE_CURVE ( 'NONE', #4648, #2473, #3121, .T. ) ;
#1069 = CARTESIAN_POINT ( 'NONE',  ( -7.500000000000000000, 37.50000000000000000, -1.746813428970050097 ) ) ;
#1070 = CARTESIAN_POINT ( 'NONE',  ( -13.91063566050613076, 1.500000000000028644, -21.31645822793292311 ) ) ;
#1071 = CARTESIAN_POINT ( 'NONE',  ( -10.21099132105412188, 13.04633265499333383, -4.744683103729616214 ) ) ;
#1072 = ORIENTED_EDGE ( 'NONE', *, *, #1748, .F. ) ;
#1073 = AXIS2_PLACEMENT_3D ( 'NONE', #14, #1107, #1489 ) ;
#1074 = ORIENTED_EDGE ( 'NONE', *, *, #4410, .T. ) ;
#1075 = AXIS2_PLACEMENT_3D ( 'NONE', #4454, #1430, #389 ) ;
#1076 = CARTESIAN_POINT ( 'NONE',  ( 0.1772319417036574141, 40.94965655536627480, -1.082278297516343635 ) ) ;
#1077 = CARTESIAN_POINT ( 'NONE',  ( 6.814156401845188782, 1.499999999999999556, -24.31645822793294087 ) ) ;
#1078 = EDGE_CURVE ( 'NONE', #3551, #1694, #877, .T. ) ;
#1079 = DIRECTION ( 'NONE',  ( 0.000000000000000000, -0.000000000000000000, 1.000000000000000000 ) ) ;
#1080 = CARTESIAN_POINT ( 'NONE',  ( -10.14402428004677326, 15.58937461964464077, -12.16671136665043917 ) ) ;
#1081 = ORIENTED_EDGE ( 'NONE', *, *, #561, .F. ) ;
#1082 = FACE_OUTER_BOUND ( 'NONE', #4726, .T. ) ;
#1083 = CARTESIAN_POINT ( 'NONE',  ( -7.000000000000000000, 37.00000000000000000, -1.999999999999997335 ) ) ;
#1084 = EDGE_CURVE ( 'NONE', #659, #3801, #2693, .T. ) ;
#1085 = EDGE_CURVE ( 'NONE', #4207, #333, #812, .T. ) ;
#1086 = PLANE ( 'NONE',  #3488 ) ;
#1087 = ORIENTED_EDGE ( 'NONE', *, *, #2635, .T. ) ;
#1088 = PLANE ( 'NONE',  #2154 ) ;
#1089 = CARTESIAN_POINT ( 'NONE',  ( 4.526151537074577291, 39.98746472557030529, -11.44735753722967964 ) ) ;
#1090 = ORIENTED_EDGE ( 'NONE', *, *, #2364, .F. ) ;
#1091 = DIRECTION ( 'NONE',  ( 0.000000000000000000, -0.8386705679454236062, -0.5446390350150277504 ) ) ;
#1092 = VERTEX_POINT ( 'NONE', #2671 ) ;
#1093 = FACE_OUTER_BOUND ( 'NONE', #1432, .T. ) ;
#1094 = DIRECTION ( 'NONE',  ( 1.000000000000000000, -1.216140740499772514E-15, 0.000000000000000000 ) ) ;
#1095 =( BOUNDED_SURFACE ( )  B_SPLINE_SURFACE ( 3, 2, ( 
 ( #1407, #3896, #1335 ),
 ( #4712, #3997, #3556 ),
 ( #1360, #3945, #3919 ),
 ( #689, #1000, #2162 ) ),
 .UNSPECIFIED., .F., .F., .F. ) 
 B_SPLINE_SURFACE_WITH_KNOTS ( ( 4, 4 ),
 ( 3, 3 ),
 ( 0.04253410532530343263, 0.04267165697639153932 ),
 ( 0.000000000000000000, 1.000000000000000000 ),
 .UNSPECIFIED. ) 
 GEOMETRIC_REPRESENTATION_ITEM ( )  RATIONAL_B_SPLINE_SURFACE ( (
 ( 1.000000000000000000, 0.7015577778122442654, 1.000000000000000000),
 ( 1.000000000000000000, 0.7015577778122442654, 1.000000000000000000),
 ( 1.000000000000000000, 0.7015996291106694205, 1.000000000000000000),
 ( 1.000000000000000000, 0.7015996291106694205, 1.000000000000000000) ) ) 
 REPRESENTATION_ITEM ( '' )  SURFACE ( )  );
#1096 = CARTESIAN_POINT ( 'NONE',  ( 0.5505931242819314120, 40.88827239463042673, -0.9544713268979030385 ) ) ;
#1097 = ORIENTED_EDGE ( 'NONE', *, *, #1790, .F. ) ;
#1098 = ORIENTED_EDGE ( 'NONE', *, *, #2269, .T. ) ;
#1099 = CARTESIAN_POINT ( 'NONE',  ( -9.000000000000000000, 22.40972825771386567, -10.73752192567695651 ) ) ;
#1100 = CARTESIAN_POINT ( 'NONE',  ( -13.91063566050613787, 23.49999999999999289, -7.029491177587661177 ) ) ;
#1101 = CARTESIAN_POINT ( 'NONE',  ( -7.869805849729389458, 8.267273453059997834, -7.902356734039884145 ) ) ;
#1102 = EDGE_CURVE ( 'NONE', #4543, #1512, #4137, .T. ) ;
#1103 = DIRECTION ( 'NONE',  ( 0.000000000000000000, 1.000000000000000000, 0.000000000000000000 ) ) ;
#1104 =( LENGTH_UNIT ( ) NAMED_UNIT ( * ) SI_UNIT ( .MILLI., .METRE. ) );
#1105 = EDGE_LOOP ( 'NONE', ( #4619, #3103 ) ) ;
#1106 = CARTESIAN_POINT ( 'NONE',  ( 10.15806366056967747, -0.3993120981802208425, -27.67612930258444237 ) ) ;
#1107 = DIRECTION ( 'NONE',  ( -1.000000000000000000, 0.000000000000000000, 0.000000000000000000 ) ) ;
#1108 = AXIS2_PLACEMENT_3D ( 'NONE', #2522, #4314, #3622 ) ;
#1109 = FACE_OUTER_BOUND ( 'NONE', #3871, .T. ) ;
#1110 = VERTEX_POINT ( 'NONE', #2307 ) ;
#1111 = DIRECTION ( 'NONE',  ( 0.000000000000000000, 0.8386705679454236062, 0.5446390350150277504 ) ) ;
#1112 = CARTESIAN_POINT ( 'NONE',  ( -9.218094175678134050, 17.32718803091248816, -5.328695422855710184 ) ) ;
#1113 = CARTESIAN_POINT ( 'NONE',  ( -11.22546078936876945, 15.49357690336393034, -15.22892313089506366 ) ) ;
#1114 = CARTESIAN_POINT ( 'NONE',  ( -11.50342516354448996, 24.65793815873312056, -11.66224393052229225 ) ) ;
#1115 = DIRECTION ( 'NONE',  ( -1.000000000000000000, 0.000000000000000000, -0.000000000000000000 ) ) ;
#1116 = CARTESIAN_POINT ( 'NONE',  ( -9.987912263740261309, 12.38708151402811986, -14.24630482503415685 ) ) ;
#1117 = VERTEX_POINT ( 'NONE', #3780 ) ;
#1118 = ORIENTED_EDGE ( 'NONE', *, *, #4410, .F. ) ;
#1119 = ORIENTED_EDGE ( 'NONE', *, *, #1658, .F. ) ;
#1120 = DIRECTION ( 'NONE',  ( 1.000000000000000000, -0.000000000000000000, -0.000000000000000000 ) ) ;
#1121 = LINE ( 'NONE', #2597, #341 ) ;
#1122 = CARTESIAN_POINT ( 'NONE',  ( -8.691883300316007421, 8.505168867943762478, -8.268683548410397322 ) ) ;
#1123 = DIRECTION ( 'NONE',  ( 0.000000000000000000, 0.000000000000000000, 1.000000000000000000 ) ) ;
#1124 = VECTOR ( 'NONE', #3088, 1000.000000000000000 ) ;
#1125 = CARTESIAN_POINT ( 'NONE',  ( -12.65701411347340688, -0.5000000000000019984, -28.00000000000000000 ) ) ;
#1126 = EDGE_LOOP ( 'NONE', ( #1682, #3477, #2004, #1015 ) ) ;
#1127 = EDGE_CURVE ( 'NONE', #4722, #4018, #1946, .T. ) ;
#1128 = DIRECTION ( 'NONE',  ( -5.616882036044345004E-11, -0.8386705679626400567, -0.5446390349885167348 ) ) ;
#1129 = DIRECTION ( 'NONE',  ( -1.000000000000000000, -0.000000000000000000, -3.384826294588892433E-16 ) ) ;
#1130 = CARTESIAN_POINT ( 'NONE',  ( -8.886940612966226283, 8.267273453124612814, -7.902356734052984777 ) ) ;
#1131 = ORIENTED_EDGE ( 'NONE', *, *, #281, .F. ) ;
#1132 = CARTESIAN_POINT ( 'NONE',  ( 23.00000000000000000, -7.500000000000002665, -21.80000000000000426 ) ) ;
#1133 = CARTESIAN_POINT ( 'NONE',  ( -11.51777377560766169, 25.07025644042358437, -11.44735753722967964 ) ) ;
#1134 = CARTESIAN_POINT ( 'NONE',  ( -13.91063566050613787, 23.49999999999999289, -10.02949117758766207 ) ) ;
#1135 = ADVANCED_FACE ( 'NONE', ( #294 ), #2033, .F. ) ;
#1136 = CARTESIAN_POINT ( 'NONE',  ( 10.90824395492800747, 16.26629213457893641, -17.11184257803659392 ) ) ;
#1137 = DIRECTION ( 'NONE',  ( 1.000000000000000000, 0.000000000000000000, -0.000000000000000000 ) ) ;
#1138 = CARTESIAN_POINT ( 'NONE',  ( -10.24923930371006620, 18.10554173570979941, -10.53269333577208222 ) ) ;
#1139 = EDGE_LOOP ( 'NONE', ( #1398, #4014, #4320, #1171, #2039 ) ) ;
#1140 = ADVANCED_FACE ( 'NONE', ( #2760 ), #219, .T. ) ;
#1141 = VERTEX_POINT ( 'NONE', #3916 ) ;
#1142 = CARTESIAN_POINT ( 'NONE',  ( -10.16226774207625994, -0.5000000000000019984, -25.61527341432796945 ) ) ;
#1143 = CYLINDRICAL_SURFACE ( 'NONE', #4189, 0.5000000000000001110 ) ;
#1144 = CARTESIAN_POINT ( 'NONE',  ( 10.51213093192063930, 4.200000000000000178, -8.300000000000000711 ) ) ;
#1145 = VECTOR ( 'NONE', #2218, 1000.000000000000000 ) ;
#1146 = VECTOR ( 'NONE', #836, 1000.000000000000000 ) ;
#1147 = CARTESIAN_POINT ( 'NONE',  ( -10.00000000000000000, 26.17423583211419214, -4.999999999999999112 ) ) ;
#1148 = ORIENTED_EDGE ( 'NONE', *, *, #3920, .F. ) ;
#1149 = CARTESIAN_POINT ( 'NONE',  ( 4.000000000000000000, 23.49999999999999289, -7.029491177760974097 ) ) ;
#1150 = VERTEX_POINT ( 'NONE', #1358 ) ;
#1151 = AXIS2_PLACEMENT_3D ( 'NONE', #4400, #1875, #745 ) ;
#1152 = CARTESIAN_POINT ( 'NONE',  ( 5.999999999999998224, -7.500000000000002665, -21.80000000000000426 ) ) ;
#1153 = DIRECTION ( 'NONE',  ( 0.000000000000000000, 0.000000000000000000, 1.000000000000000000 ) ) ;
#1154 = DIRECTION ( 'NONE',  ( -0.000000000000000000, 0.8386705679454236062, 0.5446390350150277504 ) ) ;
#1155 = ORIENTED_EDGE ( 'NONE', *, *, #2163, .F. ) ;
#1156 = CARTESIAN_POINT ( 'NONE',  ( 9.859349937316929768, 9.903379311217221925, -18.85923989485154095 ) ) ;
#1157 = CARTESIAN_POINT ( 'NONE',  ( 7.423642916968276495, 38.83035865428291089, -2.268735840574820362 ) ) ;
#1158 = ADVANCED_FACE ( 'NONE', ( #2835 ), #2511, .T. ) ;
#1159 = B_SPLINE_CURVE_WITH_KNOTS ( 'NONE', 3,
 ( #974, #4733, #3969, #1435, #223, #2478, #4662, #2838, #2908, #273, #3248, #2528, #953, #4322, #4638, #4351, #2090, #2503, #1701, #1046, #2455, #4298, #664, #299 ),
 .UNSPECIFIED., .F., .F.,
 ( 4, 2, 2, 2, 2, 2, 2, 2, 2, 2, 2, 4 ),
 ( 0.000000000000000000, 0.005303316192949385395, 0.007954974289424076792, 0.01060663238589877079, 0.01193246143413610912, 0.01325829048237344744, 0.01458411953061078750, 0.01524703405472946187, 0.01590994857884813971, 0.01723577762708547803, 0.01856160667532281983, 0.02121326477179749301 ),
 .UNSPECIFIED. ) ;
#1160 = CARTESIAN_POINT ( 'NONE',  ( 11.49976275841742890, 24.52985140741888515, -40.00000000000000000 ) ) ;
#1161 = PRODUCT_DEFINITION_SHAPE ( 'NONE', 'NONE',  #539 ) ;
#1162 = DIRECTION ( 'NONE',  ( 0.000000000000000000, 0.8386705679454231621, 0.5446390350150284165 ) ) ;
#1163 = DIRECTION ( 'NONE',  ( -0.000000000000000000, -0.000000000000000000, -1.000000000000000000 ) ) ;
#1164 = ORIENTED_EDGE ( 'NONE', *, *, #4301, .F. ) ;
#1165 = VECTOR ( 'NONE', #51, 1000.000000000000000 ) ;
#1166 = VERTEX_POINT ( 'NONE', #1774 ) ;
#1167 = CARTESIAN_POINT ( 'NONE',  ( 0.000000000000000000, -7.500000000000002665, -6.299999999999989164 ) ) ;
#1168 = CARTESIAN_POINT ( 'NONE',  ( 23.00000000000000000, -7.500000000000002665, -21.80000000000000426 ) ) ;
#1169 = CARTESIAN_POINT ( 'NONE',  ( -8.686145717815209721, 12.17728686627897972, -13.92324939743163625 ) ) ;
#1170 = DIRECTION ( 'NONE',  ( 1.000000000000000000, 9.008449936147198940E-17, 0.000000000000000000 ) ) ;
#1171 = ORIENTED_EDGE ( 'NONE', *, *, #1102, .F. ) ;
#1172 = DIRECTION ( 'NONE',  ( -0.000000000000000000, -0.000000000000000000, 1.000000000000000000 ) ) ;
#1173 = ORIENTED_EDGE ( 'NONE', *, *, #3445, .T. ) ;
#1174 = B_SPLINE_CURVE_WITH_KNOTS ( 'NONE', 3,
 ( #3511, #109, #1595, #4170, #3791, #4475, #2996, #4246, #1566, #194, #3361, #3042, #4147, #845, #866, #2633, #2318, #1313, #4096, #3153, #1542, #800, #1884, #1954, #3427, #39, #2266, #3738, #433, #1905 ),
 .UNSPECIFIED., .F., .F.,
 ( 4, 2, 2, 2, 2, 2, 2, 2, 2, 2, 2, 2, 2, 2, 4 ),
 ( -5.999999999767569653E-08, 0.002747350337405864065, 0.004121055506108799171, 0.005494760674811733844, 0.006181613259163201181, 0.006868465843514669385, 0.008242171012217606660, 0.009615876180920541333, 0.01098958134962347774, 0.01373699168702935056, 0.01648440202443522684, 0.01923181236184109966, 0.02060551753054403606, 0.02129237011489550080, 0.02197922269924696553 ),
 .UNSPECIFIED. ) ;
#1175 = CARTESIAN_POINT ( 'NONE',  ( 11.19303845179054768, 24.46347748088117413, -11.78852817130053943 ) ) ;
#1176 = DIRECTION ( 'NONE',  ( 0.000000000000000000, 0.5446390350150284165, -0.8386705679454231621 ) ) ;
#1177 = VERTEX_POINT ( 'NONE', #2785 ) ;
#1178 = CARTESIAN_POINT ( 'NONE',  ( -11.49308960081462416, 24.29751121965135496, -11.53296254045744007 ) ) ;
#1179 = CARTESIAN_POINT ( 'NONE',  ( 11.56475532347449153, 27.57670900499908839, -9.408539108619979885 ) ) ;
#1180 = VECTOR ( 'NONE', #3429, 1000.000000000000114 ) ;
#1181 = DIRECTION ( 'NONE',  ( 0.000000000000000000, 0.000000000000000000, -1.000000000000000000 ) ) ;
#1182 = AXIS2_PLACEMENT_3D ( 'NONE', #3253, #3562, #1730 ) ;
#1183 = CARTESIAN_POINT ( 'NONE',  ( 10.16226774207625994, -0.5000000000000019984, -25.61527341432796945 ) ) ;
#1184 = CARTESIAN_POINT ( 'NONE',  ( -11.48638669647155730, 30.50048596201536100, -7.523240658588303376 ) ) ;
#1185 = VERTEX_POINT ( 'NONE', #1331 ) ;
#1186 = ORIENTED_EDGE ( 'NONE', *, *, #436, .T. ) ;
#1187 = ORIENTED_EDGE ( 'NONE', *, *, #220, .F. ) ;
#1188 = DIRECTION ( 'NONE',  ( 1.000000000000000000, 0.000000000000000000, 0.000000000000000000 ) ) ;
#1189 = CARTESIAN_POINT ( 'NONE',  ( 10.00000000000000000, 26.17423583211419214, -1.999999999999999556 ) ) ;
#1190 = DIRECTION ( 'NONE',  ( -0.9656200712115592388, 0.2180186658833781765, 0.1415829770834584889 ) ) ;
#1191 = CARTESIAN_POINT ( 'NONE',  ( -10.16557284061259736, -0.4584133110198386762, -27.59985823739724964 ) ) ;
#1192 = ORIENTED_EDGE ( 'NONE', *, *, #3751, .T. ) ;
#1193 = CARTESIAN_POINT ( 'NONE',  ( 6.500000000000000888, 37.20710678118654613, -1.895126688468653953 ) ) ;
#1194 = VERTEX_POINT ( 'NONE', #2396 ) ;
#1195 = DIRECTION ( 'NONE',  ( 0.000000000000000000, 0.000000000000000000, 1.000000000000000000 ) ) ;
#1196 = EDGE_CURVE ( 'NONE', #1376, #2668, #254, .T. ) ;
#1197 = CARTESIAN_POINT ( 'NONE',  ( -9.314156401845188782, 0.4107219299699428339, -22.63911709204209544 ) ) ;
#1198 = EDGE_LOOP ( 'NONE', ( #1487, #4627, #1962, #4202 ) ) ;
#1199 = CARTESIAN_POINT ( 'NONE',  ( 10.22238026054328586, 17.23726800920508140, -14.09655688653529992 ) ) ;
#1200 = EDGE_CURVE ( 'NONE', #3551, #1141, #190, .T. ) ;
#1201 = CARTESIAN_POINT ( 'NONE',  ( 4.328598989106700046, 40.03358862136411034, -1.508558475572949087 ) ) ;
#1202 = EDGE_CURVE ( 'NONE', #3722, #840, #613, .T. ) ;
#1203 = CARTESIAN_POINT ( 'NONE',  ( -8.886940623224679925, 8.861818132579841745, -8.817875255411616209 ) ) ;
#1204 = ORIENTED_EDGE ( 'NONE', *, *, #1555, .F. ) ;
#1205 = ADVANCED_FACE ( 'NONE', ( #3219 ), #4775, .T. ) ;
#1206 = CARTESIAN_POINT ( 'NONE',  ( 10.50000000000000000, -7.500000000000002665, -11.29999999999999005 ) ) ;
#1207 = CARTESIAN_POINT ( 'NONE',  ( -9.476028289846640362, 37.03147056030422846, -3.626778034268513640 ) ) ;
#1208 = ORIENTED_EDGE ( 'NONE', *, *, #4166, .F. ) ;
#1209 = ADVANCED_FACE ( 'NONE', ( #4295 ), #2086, .T. ) ;
#1210 = VECTOR ( 'NONE', #1833, 1000.000000000000000 ) ;
#1211 = VERTEX_POINT ( 'NONE', #3942 ) ;
#1212 = CARTESIAN_POINT ( 'NONE',  ( 10.50000000000000000, -7.500000000000002665, -11.29999999999999005 ) ) ;
#1213 = DIRECTION ( 'NONE',  ( 0.000000000000000000, 0.000000000000000000, 1.000000000000000000 ) ) ;
#1214 = ADVANCED_FACE ( 'NONE', ( #3173 ), #1382, .F. ) ;
#1215 = CARTESIAN_POINT ( 'NONE',  ( -40.00000000000000000, -0.5000000000000019984, -25.61527341432796945 ) ) ;
#1216 = ORIENTED_EDGE ( 'NONE', *, *, #1896, .F. ) ;
#1217 = APPLICATION_PROTOCOL_DEFINITION ( 'international standard', 'config_control_design', 1994, #2737 ) ;
#1218 = EDGE_LOOP ( 'NONE', ( #4749, #3247, #1536, #2493 ) ) ;
#1219 = AXIS2_PLACEMENT_3D ( 'NONE', #36, #402, #1514 ) ;
#1220 = CARTESIAN_POINT ( 'NONE',  ( 10.00000000000000178, -7.500000000000002665, -21.79999999999999716 ) ) ;
#1221 = ADVANCED_FACE ( 'NONE', ( #3531 ), #3892, .T. ) ;
#1222 = ADVANCED_FACE ( 'NONE', ( #662 ), #3602, .T. ) ;
#1223 = VECTOR ( 'NONE', #2989, 1000.000000000000000 ) ;
#1224 = CARTESIAN_POINT ( 'NONE',  ( -11.37873221375778066, 20.76035508092071424, -2.065833759595462560 ) ) ;
#1225 = ORIENTED_EDGE ( 'NONE', *, *, #1415, .T. ) ;
#1226 = CARTESIAN_POINT ( 'NONE',  ( 10.50000000000000000, -7.500000000000001776, -7.199999999999990408 ) ) ;
#1227 = VECTOR ( 'NONE', #3261, 1000.000000000000000 ) ;
#1228 = CARTESIAN_POINT ( 'NONE',  ( 11.52007725959130546, 29.86295045944810056, -7.933468677083740594 ) ) ;
#1229 = B_SPLINE_CURVE_WITH_KNOTS ( 'NONE', 3,
 ( #1812, #3286, #4384, #4743 ),
 .UNSPECIFIED., .F., .F.,
 ( 4, 4 ),
 ( 0.000000000000000000, 1.000000000000000000 ),
 .UNSPECIFIED. ) ;
#1230 = ADVANCED_FACE ( 'NONE', ( #365, #390 ), #4080, .T. ) ;
#1231 = EDGE_CURVE ( 'NONE', #1841, #1565, #783, .T. ) ;
#1232 = CARTESIAN_POINT ( 'NONE',  ( -10.20175546515404008, -2.089567126099811656E-10, -6.299999999999998046 ) ) ;
#1233 = CARTESIAN_POINT ( 'NONE',  ( 11.55006068968379651, 26.03899744392453997, -10.40302754053710999 ) ) ;
#1234 = DIRECTION ( 'NONE',  ( 0.000000000000000000, 0.000000000000000000, 1.000000000000000000 ) ) ;
#1235 = CARTESIAN_POINT ( 'NONE',  ( -11.24477555399356810, 26.19037996138488467, -10.66706458774977406 ) ) ;
#1236 = ORIENTED_EDGE ( 'NONE', *, *, #1085, .T. ) ;
#1237 = ORIENTED_EDGE ( 'NONE', *, *, #375, .F. ) ;
#1238 = DIRECTION ( 'NONE',  ( 0.000000000000000000, -1.000000000000000000, 0.000000000000000000 ) ) ;
#1239 = CARTESIAN_POINT ( 'NONE',  ( 10.59999999999999964, 26.17423583211419214, -4.999999999999999112 ) ) ;
#1240 = CARTESIAN_POINT ( 'NONE',  ( 9.495842282480209562, 37.00000000000000000, -1.999999999999997335 ) ) ;
#1241 = CIRCLE ( 'NONE', #2636, 0.6000000000000103029 ) ;
#1242 = ORIENTED_EDGE ( 'NONE', *, *, #1557, .F. ) ;
#1243 = DATE_TIME_ROLE ( 'classification_date' ) ;
#1244 = ORIENTED_EDGE ( 'NONE', *, *, #1911, .F. ) ;
#1245 = DIRECTION ( 'NONE',  ( 1.000000000000000000, -0.000000000000000000, -0.000000000000000000 ) ) ;
#1246 = DIRECTION ( 'NONE',  ( -1.000000000000000000, 0.000000000000000000, 0.000000000000000000 ) ) ;
#1247 = ORIENTED_EDGE ( 'NONE', *, *, #4549, .T. ) ;
#1248 = FACE_OUTER_BOUND ( 'NONE', #1854, .T. ) ;
#1249 = CARTESIAN_POINT ( 'NONE',  ( -13.00000000000000711, -7.500000000000002665, -6.299999999999998046 ) ) ;
#1250 = DIRECTION ( 'NONE',  ( -0.000000000000000000, -0.000000000000000000, 1.000000000000000000 ) ) ;
#1251 = CARTESIAN_POINT ( 'NONE',  ( -10.51213093192064996, 4.200000000000000178, -8.300000000000000711 ) ) ;
#1252 = CARTESIAN_POINT ( 'NONE',  ( -9.345185450535321792, 37.19459028877815143, -3.520846843999297704 ) ) ;
#1253 = VECTOR ( 'NONE', #2000, 1000.000000000000000 ) ;
#1254 = ORIENTED_EDGE ( 'NONE', *, *, #1978, .T. ) ;
#1255 = AXIS2_PLACEMENT_3D ( 'NONE', #4679, #4773, #1066 ) ;
#1256 = VERTEX_POINT ( 'NONE', #1096 ) ;
#1257 = DIRECTION ( 'NONE',  ( 1.000000000000000000, 0.000000000000000000, 0.000000000000000000 ) ) ;
#1258 = CARTESIAN_POINT ( 'NONE',  ( -11.35795987004709851, 24.68062004450924718, -11.60816370627069460 ) ) ;
#1259 = CC_DESIGN_PERSON_AND_ORGANIZATION_ASSIGNMENT ( #4164, #4515, ( #2978 ) ) ;
#1260 = CYLINDRICAL_SURFACE ( 'NONE', #2765, 2.550000000000000266 ) ;
#1261 = VERTEX_POINT ( 'NONE', #2981 ) ;
#1262 = DATE_AND_TIME ( #3828, #582 ) ;
#1263 = ORIENTED_EDGE ( 'NONE', *, *, #4591, .T. ) ;
#1264 = DIRECTION ( 'NONE',  ( 0.000000000000000000, -5.480694194524167193E-17, 1.000000000000000000 ) ) ;
#1265 = CIRCLE ( 'NONE', #960, 4.999999999999999112 ) ;
#1266 = EDGE_CURVE ( 'NONE', #3911, #491, #1615, .T. ) ;
#1267 = CARTESIAN_POINT ( 'NONE',  ( -11.39333576090896827, 21.17423583211418503, -1.999999999999998224 ) ) ;
#1268 = ORIENTED_EDGE ( 'NONE', *, *, #2140, .F. ) ;
#1269 = DIRECTION ( 'NONE',  ( -0.000000000000000000, 1.000000000000000000, 0.000000000000000000 ) ) ;
#1270 = CARTESIAN_POINT ( 'NONE',  ( 7.798244534931243699, 1.000000000000000000, -7.300000000000000711 ) ) ;
#1271 = EDGE_LOOP ( 'NONE', ( #2553, #1869, #1368, #325 ) ) ;
#1272 = CARTESIAN_POINT ( 'NONE',  ( -10.16720357227791816, -0.4379299097895107407, -27.95969121210685060 ) ) ;
#1273 = CARTESIAN_POINT ( 'NONE',  ( 11.51462176975559260, 29.97938452809531995, -8.206456251476515362 ) ) ;
#1274 = AXIS2_PLACEMENT_3D ( 'NONE', #2255, #3731, #104 ) ;
#1275 = AXIS2_PLACEMENT_3D ( 'NONE', #965, #2024, #1669 ) ;
#1276 = FACE_OUTER_BOUND ( 'NONE', #2353, .T. ) ;
#1277 = DIRECTION ( 'NONE',  ( -1.000000000000000000, 0.000000000000000000, 0.000000000000000000 ) ) ;
#1278 = CARTESIAN_POINT ( 'NONE',  ( -11.53042066566705159, 25.43932561866090580, -11.15480498082443894 ) ) ;
#1279 = ORIENTED_EDGE ( 'NONE', *, *, #2572, .F. ) ;
#1280 = ADVANCED_FACE ( 'NONE', ( #4393 ), #1936, .F. ) ;
#1281 = CARTESIAN_POINT ( 'NONE',  ( -9.950188468623561988, -0.09493432116703828805, -27.73694727242217795 ) ) ;
#1282 = VERTEX_POINT ( 'NONE', #3719 ) ;
#1283 = LINE ( 'NONE', #4552, #147 ) ;
#1284 = CARTESIAN_POINT ( 'NONE',  ( -9.908941039700835063, 10.88459242650209546, -15.22203264717042792 ) ) ;
#1285 = CARTESIAN_POINT ( 'NONE',  ( 11.49747046104544701, 24.44963513174066705, -10.00625500819774949 ) ) ;
#1286 = EDGE_CURVE ( 'NONE', #3774, #2390, #2224, .T. ) ;
#1287 = VECTOR ( 'NONE', #666, 1000.000000000000114 ) ;
#1288 = EDGE_CURVE ( 'NONE', #4018, #3029, #3748, .T. ) ;
#1289 = ORIENTED_EDGE ( 'NONE', *, *, #3144, .T. ) ;
#1290 = COORDINATED_UNIVERSAL_TIME_OFFSET ( 8, 0, .AHEAD. ) ;
#1291 = FACE_BOUND ( 'NONE', #2030, .T. ) ;
#1292 = CARTESIAN_POINT ( 'NONE',  ( -9.218094164551802194, 16.85280267578042057, -4.598206035084464460 ) ) ;
#1293 = ORIENTED_EDGE ( 'NONE', *, *, #2499, .F. ) ;
#1294 = DIRECTION ( 'NONE',  ( 0.000000000000000000, 0.000000000000000000, 1.000000000000000000 ) ) ;
#1295 = CARTESIAN_POINT ( 'NONE',  ( -9.218094177775341791, 19.53435716508655062, -8.727437842018385794 ) ) ;
#1296 = AXIS2_PLACEMENT_3D ( 'NONE', #1709, #3182, #4647 ) ;
#1297 = EDGE_LOOP ( 'NONE', ( #2562, #4693 ) ) ;
#1298 = PLANE ( 'NONE',  #1804 ) ;
#1299 = VECTOR ( 'NONE', #1822, 1000.000000000000000 ) ;
#1300 = CARTESIAN_POINT ( 'NONE',  ( 10.54052704915389782, 34.45135239532407923, -5.302326361954286860 ) ) ;
#1301 = EDGE_CURVE ( 'NONE', #2688, #869, #4059, .T. ) ;
#1302 = CARTESIAN_POINT ( 'NONE',  ( -9.908941039700835063, 10.88459242650209546, -18.22203264717042615 ) ) ;
#1303 = LINE ( 'NONE', #208, #665 ) ;
#1304 = LINE ( 'NONE', #3885, #2156 ) ;
#1305 = VERTEX_POINT ( 'NONE', #2201 ) ;
#1306 = CARTESIAN_POINT ( 'NONE',  ( -4.201755465111398635, 1.000000000000000000, -6.299999999999998046 ) ) ;
#1307 = ORIENTED_EDGE ( 'NONE', *, *, #3377, .T. ) ;
#1308 = DIRECTION ( 'NONE',  ( -1.000000000000000000, -4.336808689942021680E-16, 0.000000000000000000 ) ) ;
#1309 = LINE ( 'NONE', #2110, #3642 ) ;
#1310 = CARTESIAN_POINT ( 'NONE',  ( 10.16226774207625994, -0.5000000000000019984, -27.70479026460918703 ) ) ;
#1311 = ORIENTED_EDGE ( 'NONE', *, *, #3068, .T. ) ;
#1312 = APPROVAL_DATE_TIME ( #1262, #2259 ) ;
#1313 = CARTESIAN_POINT ( 'NONE',  ( -11.20529655692984683, 32.89333922410376942, -5.991274027349257736 ) ) ;
#1314 = CYLINDRICAL_SURFACE ( 'NONE', #1315, 0.6000000000000103029 ) ;
#1315 = AXIS2_PLACEMENT_3D ( 'NONE', #4300, #2456, #2504 ) ;
#1316 = CARTESIAN_POINT ( 'NONE',  ( -9.951781578440106912, 16.85280267577079272, -4.598206035111818579 ) ) ;
#1317 = ORIENTED_EDGE ( 'NONE', *, *, #2279, .T. ) ;
#1318 = CARTESIAN_POINT ( 'NONE',  ( 9.813945217600510418, 36.15888921479528051, -4.193438985725342683 ) ) ;
#1319 = DIRECTION ( 'NONE',  ( 0.000000000000000000, 0.5446390350150284165, -0.8386705679454231621 ) ) ;
#1320 = ORIENTED_EDGE ( 'NONE', *, *, #1406, .F. ) ;
#1321 = DIRECTION ( 'NONE',  ( 0.000000000000000000, 0.000000000000000000, 1.000000000000000000 ) ) ;
#1322 = CARTESIAN_POINT ( 'NONE',  ( 8.422819787978394146, 38.13018672445654289, -2.705779539221296659 ) ) ;
#1323 = CARTESIAN_POINT ( 'NONE',  ( 7.591338467143743607, 38.71976660321580255, -1.129156381519949681 ) ) ;
#1324 = CARTESIAN_POINT ( 'NONE',  ( -11.51320704569614328, 30.51598161185266278, -0.3723725375075759292 ) ) ;
#1325 = CARTESIAN_POINT ( 'NONE',  ( 0.000000000000000000, -7.500000000000002665, -11.29999999999998828 ) ) ;
#1326 = VERTEX_POINT ( 'NONE', #4435 ) ;
#1327 = FACE_OUTER_BOUND ( 'NONE', #3207, .T. ) ;
#1328 = ORIENTED_EDGE ( 'NONE', *, *, #1055, .F. ) ;
#1329 = CARTESIAN_POINT ( 'NONE',  ( -13.00000000000000533, -7.500000000000002665, -11.29999999999999005 ) ) ;
#1330 = DIRECTION ( 'NONE',  ( -0.000000000000000000, -1.000000000000000000, -0.000000000000000000 ) ) ;
#1331 = CARTESIAN_POINT ( 'NONE',  ( 11.49671617256383627, 24.42333313528381211, -11.45129953120338229 ) ) ;
#1332 = B_SPLINE_CURVE_WITH_KNOTS ( 'NONE', 3,
 ( #4038, #2933, #44, #2904, #2273, #2545 ),
 .UNSPECIFIED., .F., .F.,
 ( 4, 2, 4 ),
 ( 6.490740907898788023E-18, 0.0002367194614941341483, 0.0004734389229882618455 ),
 .UNSPECIFIED. ) ;
#1333 = AXIS2_PLACEMENT_3D ( 'NONE', #3598, #3671, #2542 ) ;
#1334 = ORIENTED_EDGE ( 'NONE', *, *, #3802, .F. ) ;
#1335 = CARTESIAN_POINT ( 'NONE',  ( 11.49652262017906956, 24.41659138046194499, -11.45567517655358358 ) ) ;
#1336 = LINE ( 'NONE', #4247, #1287 ) ;
#1337 = LINE ( 'NONE', #2818, #2221 ) ;
#1338 = DIRECTION ( 'NONE',  ( 0.000000000000000000, 0.000000000000000000, 1.000000000000000000 ) ) ;
#1339 = ORIENTED_EDGE ( 'NONE', *, *, #685, .T. ) ;
#1340 = CARTESIAN_POINT ( 'NONE',  ( 9.615141882954596042, 36.49201582009532530, -3.977104038747149239 ) ) ;
#1341 = DIRECTION ( 'NONE',  ( 0.000000000000000000, -1.000000000000000000, 0.000000000000000000 ) ) ;
#1342 = ADVANCED_FACE ( 'NONE', ( #3343 ), #1500, .T. ) ;
#1343 = ORIENTED_EDGE ( 'NONE', *, *, #737, .T. ) ;
#1344 = CARTESIAN_POINT ( 'NONE',  ( 9.314156401845188782, 0.4107219299699428339, -22.63911709204209544 ) ) ;
#1345 = EDGE_CURVE ( 'NONE', #4747, #4146, #1043, .T. ) ;
#1346 = CARTESIAN_POINT ( 'NONE',  ( 6.944931165504035775, 39.08554027381517670, -2.108440305179505092 ) ) ;
#1347 = CARTESIAN_POINT ( 'NONE',  ( 8.828487497224530856, 37.77436017889024100, -1.607884803129278506 ) ) ;
#1348 = CARTESIAN_POINT ( 'NONE',  ( -10.66698293863744418, 35.04340308539255489, -11.44735753722967964 ) ) ;
#1349 = LINE ( 'NONE', #2804, #3923 ) ;
#1350 = EDGE_LOOP ( 'NONE', ( #2892, #860, #3755, #4182 ) ) ;
#1351 = CIRCLE ( 'NONE', #3590, 2.550000000000000266 ) ;
#1352 = CARTESIAN_POINT ( 'NONE',  ( 1.798244534888601809, 1.000000000000000000, -7.299999999999999822 ) ) ;
#1353 = EDGE_CURVE ( 'NONE', #3909, #3720, #2882, .T. ) ;
#1354 = B_SPLINE_CURVE_WITH_KNOTS ( 'NONE', 3,
 ( #980, #4252, #2434, #3490, #4228, #2040, #3104, #2017, #202, #2821, #150, #1340, #1318, #3467, #2844, #1635, #3517, #2484, #1684, #4305, #3203, #4614, #4277, #3159 ),
 .UNSPECIFIED., .F., .F.,
 ( 4, 2, 2, 2, 2, 2, 2, 2, 2, 2, 2, 4 ),
 ( 0.000000000000000000, 0.001345614863423420836, 0.002691229726846841672, 0.004036844590270262725, 0.005382459453693681610, 0.006728074317117101362, 0.008073689180540520247, 0.009419304043963938264, 0.01076491890738735628, 0.01345614863423421140, 0.01614737836108107519, 0.02152983781477479236 ),
 .UNSPECIFIED. ) ;
#1355 = ORIENTED_EDGE ( 'NONE', *, *, #3124, .F. ) ;
#1356 = CARTESIAN_POINT ( 'NONE',  ( -9.219864707187966246, 17.44935834941041364, -5.411070829914067737 ) ) ;
#1357 = DIRECTION ( 'NONE',  ( -0.000000000000000000, -1.000000000000000000, -0.000000000000000000 ) ) ;
#1358 = CARTESIAN_POINT ( 'NONE',  ( 4.500000000000001776, 1.500000000000007105, -24.31645822793293377 ) ) ;
#1359 = ORIENTED_EDGE ( 'NONE', *, *, #4353, .T. ) ;
#1360 = CARTESIAN_POINT ( 'NONE',  ( 11.19884964003373362, 24.66547802852442928, -11.65734748183092506 ) ) ;
#1361 = CARTESIAN_POINT ( 'NONE',  ( 11.19988452187897643, 24.70178965234308066, -11.63376643760176243 ) ) ;
#1362 = DIRECTION ( 'NONE',  ( 0.000000000000000000, 0.000000000000000000, 1.000000000000000000 ) ) ;
#1363 = DIRECTION ( 'NONE',  ( -0.2202372497127693396, 0.9754463357043048344, 0.000000000000000000 ) ) ;
#1364 = VECTOR ( 'NONE', #2190, 1000.000000000000000 ) ;
#1365 = ORIENTED_EDGE ( 'NONE', *, *, #1658, .T. ) ;
#1366 = CARTESIAN_POINT ( 'NONE',  ( -1.201755465111398635, 1.000000000000000000, -7.299999999999999822 ) ) ;
#1367 = CARTESIAN_POINT ( 'NONE',  ( -9.218094177639109432, 19.39047768947931871, -8.505882878503470579 ) ) ;
#1368 = ORIENTED_EDGE ( 'NONE', *, *, #60, .T. ) ;
#1369 = CARTESIAN_POINT ( 'NONE',  ( 1.798244534888603141, 0.000000000000000000, -6.299999999999999822 ) ) ;
#1370 = CARTESIAN_POINT ( 'NONE',  ( 4.425901956336281806, 40.00911397888039289, -1.524166784216125059 ) ) ;
#1371 = PLANE ( 'NONE',  #1686 ) ;
#1372 = LINE ( 'NONE', #1396, #889 ) ;
#1373 = CARTESIAN_POINT ( 'NONE',  ( -6.500000000000000888, 37.50000000000000000, -0.4999999999999995559 ) ) ;
#1374 = VECTOR ( 'NONE', #1789, 1000.000000000000000 ) ;
#1375 = ADVANCED_FACE ( 'NONE', ( #1431 ), #4346, .T. ) ;
#1376 = VERTEX_POINT ( 'NONE', #2905 ) ;
#1377 = LINE ( 'NONE', #1794, #4036 ) ;
#1378 = ORIENTED_EDGE ( 'NONE', *, *, #74, .F. ) ;
#1379 = AXIS2_PLACEMENT_3D ( 'NONE', #2472, #2831, #3910 ) ;
#1380 = DIRECTION ( 'NONE',  ( 0.000000000000000000, 0.000000000000000000, 1.000000000000000000 ) ) ;
#1381 = DIRECTION ( 'NONE',  ( -1.000000000000000000, 0.000000000000000000, 0.000000000000000000 ) ) ;
#1382 = CYLINDRICAL_SURFACE ( 'NONE', #3991, 0.5999999999999998668 ) ;
#1383 = VERTEX_POINT ( 'NONE', #4372 ) ;
#1384 = CARTESIAN_POINT ( 'NONE',  ( 4.252989309644088675E-15, 40.94965655536967120, -1.082278297513660004 ) ) ;
#1385 = CARTESIAN_POINT ( 'NONE',  ( -10.51213093192064996, 4.200000000000000178, -8.300000000000000711 ) ) ;
#1386 = EDGE_CURVE ( 'NONE', #1008, #3774, #2683, .T. ) ;
#1387 = CARTESIAN_POINT ( 'NONE',  ( 6.814156401845188782, -2.105289773866326097, -24.27303419708717769 ) ) ;
#1388 = DIRECTION ( 'NONE',  ( 1.000000000000000000, 0.000000000000000000, 0.000000000000000000 ) ) ;
#1389 = ORIENTED_EDGE ( 'NONE', *, *, #152, .F. ) ;
#1390 = CYLINDRICAL_SURFACE ( 'NONE', #4150, 2.550000000000000266 ) ;
#1391 = AXIS2_PLACEMENT_3D ( 'NONE', #2207, #370, #2596 ) ;
#1392 = ORIENTED_EDGE ( 'NONE', *, *, #368, .T. ) ;
#1393 = FACE_OUTER_BOUND ( 'NONE', #1939, .T. ) ;
#1394 = CARTESIAN_POINT ( 'NONE',  ( 6.138453318656432067, 39.46314793550517663, -1.870619112761114256 ) ) ;
#1395 = CARTESIAN_POINT ( 'NONE',  ( 11.50906181771354397, 12.09660668193849453, -8.299999999905418591 ) ) ;
#1396 = CARTESIAN_POINT ( 'NONE',  ( 20.00000000000000000, 37.00000000000000000, -1.999999999999997335 ) ) ;
#1397 = CARTESIAN_POINT ( 'NONE',  ( 0.000000000000000000, 1.000000000000000000, 0.000000000000000000 ) ) ;
#1398 = ORIENTED_EDGE ( 'NONE', *, *, #142, .F. ) ;
#1399 = CARTESIAN_POINT ( 'NONE',  ( -4.500000000000000888, -0.4999999999999994449, -22.61527341432796590 ) ) ;
#1400 = ORIENTED_EDGE ( 'NONE', *, *, #854, .F. ) ;
#1401 = PLANE ( 'NONE',  #3441 ) ;
#1402 = DIRECTION ( 'NONE',  ( -1.000000000000000000, 0.000000000000000000, 0.000000000000000000 ) ) ;
#1403 = CARTESIAN_POINT ( 'NONE',  ( -10.14402427611296353, 11.44484771040755078, -5.784699587104420893 ) ) ;
#1404 = EDGE_CURVE ( 'NONE', #739, #1419, #1889, .T. ) ;
#1405 = ORIENTED_EDGE ( 'NONE', *, *, #1562, .T. ) ;
#1406 = EDGE_CURVE ( 'NONE', #3732, #4030, #4750, .T. ) ;
#1407 = CARTESIAN_POINT ( 'NONE',  ( 11.19664623437821760, 24.58859431846423149, -11.70727634693720809 ) ) ;
#1408 = CARTESIAN_POINT ( 'NONE',  ( 11.27921391209418189, 24.70147712495669268, -11.63396939525956419 ) ) ;
#1409 = AXIS2_PLACEMENT_3D ( 'NONE', #387, #3319, #2955 ) ;
#1410 = ADVANCED_FACE ( 'NONE', ( #3733 ), #352, .F. ) ;
#1411 = DIRECTION ( 'NONE',  ( 1.000000000000000000, 1.662020612589302185E-16, 1.079328805866274731E-16 ) ) ;
#1412 = CARTESIAN_POINT ( 'NONE',  ( -11.19992924043947902, 24.70323619037218066, -11.63282704482181984 ) ) ;
#1413 = CIRCLE ( 'NONE', #2029, 0.6000000000000103029 ) ;
#1414 = ORIENTED_EDGE ( 'NONE', *, *, #2851, .F. ) ;
#1415 = EDGE_CURVE ( 'NONE', #103, #637, #3709, .T. ) ;
#1416 = EDGE_CURVE ( 'NONE', #1117, #2371, #2660, .T. ) ;
#1417 = CARTESIAN_POINT ( 'NONE',  ( -4.110054558260259228, 40.08461363044835224, -40.00000000000000000 ) ) ;
#1418 = EDGE_CURVE ( 'NONE', #1166, #1660, #1835, .T. ) ;
#1419 = VERTEX_POINT ( 'NONE', #2603 ) ;
#1420 = PLANE ( 'NONE',  #645 ) ;
#1421 = EDGE_CURVE ( 'NONE', #4007, #1446, #4517, .T. ) ;
#1422 = ORIENTED_EDGE ( 'NONE', *, *, #3985, .F. ) ;
#1423 = CARTESIAN_POINT ( 'NONE',  ( 6.814156401845188782, 0.4107219299699428339, -22.63911709204209544 ) ) ;
#1424 = PLANE ( 'NONE',  #3205 ) ;
#1425 = ORIENTED_EDGE ( 'NONE', *, *, #934, .F. ) ;
#1426 = AXIS2_PLACEMENT_3D ( 'NONE', #2069, #906, #933 ) ;
#1427 = CARTESIAN_POINT ( 'NONE',  ( 9.314156401845188782, 1.499999999999999556, -24.31645822793294087 ) ) ;
#1428 = VERTEX_POINT ( 'NONE', #1175 ) ;
#1429 = LINE ( 'NONE', #3366, #41 ) ;
#1430 = DIRECTION ( 'NONE',  ( -1.000000000000000000, 0.000000000000000000, -3.384826294588891940E-16 ) ) ;
#1431 = FACE_OUTER_BOUND ( 'NONE', #1724, .T. ) ;
#1432 = EDGE_LOOP ( 'NONE', ( #3202, #400, #1981, #3050 ) ) ;
#1433 = EDGE_CURVE ( 'NONE', #1953, #2616, #1902, .T. ) ;
#1434 = VERTEX_POINT ( 'NONE', #3016 ) ;
#1435 = CARTESIAN_POINT ( 'NONE',  ( -11.22495483333373301, 29.90482866381695004, -8.254873395847749151 ) ) ;
#1436 = AXIS2_PLACEMENT_3D ( 'NONE', #1797, #2544, #1162 ) ;
#1437 = CARTESIAN_POINT ( 'NONE',  ( -8.009045579339632681, 8.267273453068305855, -7.902356734038319175 ) ) ;
#1438 = EDGE_CURVE ( 'NONE', #3677, #2183, #2235, .T. ) ;
#1439 = EDGE_CURVE ( 'NONE', #3654, #1428, #401, .T. ) ;
#1440 = DIRECTION ( 'NONE',  ( -1.000000000000000000, 0.000000000000000000, 0.000000000000000000 ) ) ;
#1441 = CARTESIAN_POINT ( 'NONE',  ( -11.49796721123284193, 24.46691867256862452, -11.51841537299730511 ) ) ;
#1442 = ORIENTED_EDGE ( 'NONE', *, *, #728, .T. ) ;
#1443 = CARTESIAN_POINT ( 'NONE',  ( 10.16557284061259381, -0.4584133110198388428, -27.59985823739724964 ) ) ;
#1444 = DIRECTION ( 'NONE',  ( -3.384826294588891940E-16, 0.000000000000000000, 1.000000000000000000 ) ) ;
#1445 = VECTOR ( 'NONE', #2546, 1000.000000000000000 ) ;
#1446 = VERTEX_POINT ( 'NONE', #4470 ) ;
#1447 = LINE ( 'NONE', #1472, #2112 ) ;
#1448 = ORIENTED_EDGE ( 'NONE', *, *, #1926, .T. ) ;
#1449 = DIRECTION ( 'NONE',  ( -0.000000000000000000, 0.5446390350150284165, -0.8386705679454231621 ) ) ;
#1450 = CARTESIAN_POINT ( 'NONE',  ( 11.57258665348135196, 28.19782061321615529, -11.44735753722967964 ) ) ;
#1451 = ORIENTED_EDGE ( 'NONE', *, *, #2943, .F. ) ;
#1452 = PLANE ( 'NONE',  #1108 ) ;
#1453 = ORIENTED_EDGE ( 'NONE', *, *, #3643, .F. ) ;
#1454 = EDGE_CURVE ( 'NONE', #4468, #378, #3310, .T. ) ;
#1455 = AXIS2_PLACEMENT_3D ( 'NONE', #570, #3204, #2041 ) ;
#1456 = DIRECTION ( 'NONE',  ( -1.000000000000000000, 0.000000000000000000, 0.000000000000000000 ) ) ;
#1457 = LINE ( 'NONE', #3323, #3026 ) ;
#1458 = DIRECTION ( 'NONE',  ( 0.000000000000000000, 0.000000000000000000, 1.000000000000000000 ) ) ;
#1459 = EDGE_LOOP ( 'NONE', ( #1891, #2113, #470, #1949, #1067, #1118 ) ) ;
#1460 = CIRCLE ( 'NONE', #4154, 0.2999999999999999334 ) ;
#1461 = VERTEX_POINT ( 'NONE', #35 ) ;
#1462 = VECTOR ( 'NONE', #4286, 1000.000000000000000 ) ;
#1463 = DIRECTION ( 'NONE',  ( 1.000000000000000000, 0.000000000000000000, 0.000000000000000000 ) ) ;
#1464 = PLANE ( 'NONE',  #4731 ) ;
#1465 = DIRECTION ( 'NONE',  ( -1.000000000000000000, 0.000000000000000000, 0.000000000000000000 ) ) ;
#1466 = CARTESIAN_POINT ( 'NONE',  ( -11.13201040479124337, 11.69491191886412906, -27.70479026460925454 ) ) ;
#1467 = DIRECTION ( 'NONE',  ( -0.000000000000000000, 0.5446390350150284165, -0.8386705679454231621 ) ) ;
#1468 = VERTEX_POINT ( 'NONE', #2652 ) ;
#1469 = B_SPLINE_CURVE_WITH_KNOTS ( 'NONE', 3,
 ( #2532, #2889, #1080, #250, #3201, #4001, #2187 ),
 .UNSPECIFIED., .F., .F.,
 ( 4, 3, 4 ),
 ( 0.4950626590685728856, 0.7133693556664728597, 0.8380543322296571951 ),
 .UNSPECIFIED. ) ;
#1470 = CARTESIAN_POINT ( 'NONE',  ( 10.12336525866955306, -0.3237338446493323030, -27.72441801421753027 ) ) ;
#1471 = CARTESIAN_POINT ( 'NONE',  ( -10.50000000000000355, -7.500000000000002665, -11.29999999999999005 ) ) ;
#1472 = CARTESIAN_POINT ( 'NONE',  ( -24.18354753891994946, 35.40824049342754876, -4.680915965205555196 ) ) ;
#1473 = VERTEX_POINT ( 'NONE', #796 ) ;
#1474 = CARTESIAN_POINT ( 'NONE',  ( 10.43743636266770736, 23.49999999999999289, -7.029491177670584179 ) ) ;
#1475 = CARTESIAN_POINT ( 'NONE',  ( -9.017224086742741562, 17.06360264597376641, -4.922809523582190927 ) ) ;
#1476 = FACE_OUTER_BOUND ( 'NONE', #94, .T. ) ;
#1477 = ORIENTED_EDGE ( 'NONE', *, *, #909, .T. ) ;
#1478 = DIRECTION ( 'NONE',  ( -0.000000000000000000, -0.000000000000000000, -1.000000000000000000 ) ) ;
#1479 = CARTESIAN_POINT ( 'NONE',  ( 6.000000000000000000, -12.50000000000000178, -16.30000000000000071 ) ) ;
#1480 = ORIENTED_EDGE ( 'NONE', *, *, #3058, .T. ) ;
#1481 = ORIENTED_EDGE ( 'NONE', *, *, #3417, .T. ) ;
#1482 = CARTESIAN_POINT ( 'NONE',  ( 1.798244534888600921, 1.000000000000000000, -6.299999999999998934 ) ) ;
#1483 = CARTESIAN_POINT ( 'NONE',  ( -9.314156401845188782, 0.4107219299699428339, -22.63911709204209544 ) ) ;
#1484 = DIRECTION ( 'NONE',  ( 1.000000000000000000, 0.000000000000000000, -0.000000000000000000 ) ) ;
#1485 = CARTESIAN_POINT ( 'NONE',  ( -10.59999999999999964, 26.17423583211419214, -4.999999999999999112 ) ) ;
#1486 = DIRECTION ( 'NONE',  ( 1.000000000000000000, 0.000000000000000000, 0.000000000000000000 ) ) ;
#1487 = ORIENTED_EDGE ( 'NONE', *, *, #4549, .F. ) ;
#1488 = CARTESIAN_POINT ( 'NONE',  ( -9.000000000000000000, 23.49900632774392406, -12.41486306156780195 ) ) ;
#1489 = DIRECTION ( 'NONE',  ( 0.000000000000000000, 0.000000000000000000, 1.000000000000000000 ) ) ;
#1490 = AXIS2_PLACEMENT_3D ( 'NONE', #4362, #3235, #258 ) ;
#1491 = FACE_OUTER_BOUND ( 'NONE', #75, .T. ) ;
#1492 = VERTEX_POINT ( 'NONE', #1513 ) ;
#1493 = CARTESIAN_POINT ( 'NONE',  ( 7.798244534931243699, 1.000000000000000000, -7.300000000000000711 ) ) ;
#1494 = CARTESIAN_POINT ( 'NONE',  ( 5.999999999999998224, -7.500000000000002665, -21.80000000000000426 ) ) ;
#1495 = EDGE_CURVE ( 'NONE', #3724, #4402, #4403, .T. ) ;
#1496 = CARTESIAN_POINT ( 'NONE',  ( 10.50000000000000000, -7.500000000000002665, -15.39999999999998970 ) ) ;
#1497 = FACE_OUTER_BOUND ( 'NONE', #4394, .T. ) ;
#1498 = DIRECTION ( 'NONE',  ( -1.216140740499772514E-15, -1.000000000000000000, 0.000000000000000000 ) ) ;
#1499 = AXIS2_PLACEMENT_3D ( 'NONE', #3750, #647, #3373 ) ;
#1500 = CYLINDRICAL_SURFACE ( 'NONE', #4677, 0.2999999999999993228 ) ;
#1501 = VERTEX_POINT ( 'NONE', #4382 ) ;
#1502 = ORIENTED_EDGE ( 'NONE', *, *, #3707, .F. ) ;
#1503 = CARTESIAN_POINT ( 'NONE',  ( -5.999999999999996447, -0.5000000000000019984, -26.80000000000000071 ) ) ;
#1504 = DIRECTION ( 'NONE',  ( -1.000000000000000000, 0.000000000000000000, 0.000000000000000000 ) ) ;
#1505 = CARTESIAN_POINT ( 'NONE',  ( -8.886940623224679925, 8.861818132579841745, -8.817875255411616209 ) ) ;
#1506 = B_SPLINE_SURFACE_WITH_KNOTS ( 'NONE', 2, 1, ( 
 ( #3448, #88 ),
 ( #476, #3428 ),
 ( #3386, #110 ) ),
 .UNSPECIFIED., .F., .F., .F.,
 ( 3, 3 ),
 ( 2, 2 ),
 ( 4.816201427991831634E-05, 1.019200010841112558 ),
 ( 0.000000000000000000, 1.000000000000000000 ),
 .UNSPECIFIED. ) ;
#1507 = CARTESIAN_POINT ( 'NONE',  ( -4.201755465111398635, 1.000000000000000000, -7.299999999999999822 ) ) ;
#1508 = APPROVAL_PERSON_ORGANIZATION ( #1968, #2259, #898 ) ;
#1509 = AXIS2_PLACEMENT_3D ( 'NONE', #2158, #3171, #970 ) ;
#1510 = EDGE_CURVE ( 'NONE', #2089, #3737, #2970, .T. ) ;
#1511 = FACE_OUTER_BOUND ( 'NONE', #3298, .T. ) ;
#1512 = VERTEX_POINT ( 'NONE', #3664 ) ;
#1513 = CARTESIAN_POINT ( 'NONE',  ( 9.000000000000000000, 21.57105768976844118, -11.28216096069198393 ) ) ;
#1514 = DIRECTION ( 'NONE',  ( 0.000000000000000000, 0.5446390350150284165, -0.8386705679454230511 ) ) ;
#1515 = EDGE_CURVE ( 'NONE', #2390, #1110, #3449, .T. ) ;
#1516 = LINE ( 'NONE', #798, #4719 ) ;
#1517 = ORIENTED_EDGE ( 'NONE', *, *, #1063, .T. ) ;
#1518 = CARTESIAN_POINT ( 'NONE',  ( 9.314156401845187006, 1.500000000024244828, -24.31645822802332901 ) ) ;
#1519 = CARTESIAN_POINT ( 'NONE',  ( 11.49976275841742712, 24.52985140741887449, -0.3723725375075759292 ) ) ;
#1520 = DIRECTION ( 'NONE',  ( 0.9656200712115577955, -0.2180186658833817848, -0.1415829770834634016 ) ) ;
#1521 = B_SPLINE_CURVE_WITH_KNOTS ( 'NONE', 3,
 ( #68, #3063, #3084, #1179, #4523, #1228, #2703, #4171, #4122, #1567, #2634, #1543, #867, #2295, #496, #885, #2358, #3833, #4451, #1157, #3019, #824, #3763, #457, #1932, #3404, #1201, #3856 ),
 .UNSPECIFIED., .F., .F.,
 ( 4, 2, 2, 2, 2, 2, 2, 2, 2, 2, 2, 2, 2, 4 ),
 ( -6.000000000928143757E-08, 0.002721102801218008155, 0.005442265602436025494, 0.008163428403654041099, 0.01088459120487205931, 0.01224517260548106667, 0.01360575400609007578, 0.01496633540669908488, 0.01632691680730809225, 0.01768749820791709962, 0.01904807960852611046, 0.02040866100913511783, 0.02108895170943962671, 0.02176924240974413213 ),
 .UNSPECIFIED. ) ;
#1522 = CARTESIAN_POINT ( 'NONE',  ( -11.19988452187897643, 24.70178965234308421, -11.63376643760177309 ) ) ;
#1523 = CARTESIAN_POINT ( 'NONE',  ( -4.000000000000000000, 23.49999999999999289, -7.029491177760974097 ) ) ;
#1524 = EDGE_CURVE ( 'NONE', #4207, #2540, #1622, .T. ) ;
#1525 = CARTESIAN_POINT ( 'NONE',  ( -40.00000000000000000, 0.000000000000000000, -6.299999999999999822 ) ) ;
#1526 = ORIENTED_EDGE ( 'NONE', *, *, #709, .F. ) ;
#1527 = ORIENTED_EDGE ( 'NONE', *, *, #4645, .F. ) ;
#1528 = CARTESIAN_POINT ( 'NONE',  ( 23.00000000000000000, -7.500000000000002665, -19.25000000000000355 ) ) ;
#1529 = CARTESIAN_POINT ( 'NONE',  ( -8.886940623207669532, 8.843934386498631284, -8.790336701399176889 ) ) ;
#1530 = CARTESIAN_POINT ( 'NONE',  ( -8.861602664017869557, 8.711072867008024190, -8.585747902483198857 ) ) ;
#1531 = VECTOR ( 'NONE', #2555, 1000.000000000000000 ) ;
#1532 = VECTOR ( 'NONE', #858, 1000.000000000000114 ) ;
#1533 = LINE ( 'NONE', #3012, #610 ) ;
#1534 = VERTEX_POINT ( 'NONE', #2916 ) ;
#1535 = CARTESIAN_POINT ( 'NONE',  ( 6.707106781186548794, 37.00000000000000000, -1.999999999999997335 ) ) ;
#1536 = ORIENTED_EDGE ( 'NONE', *, *, #3982, .F. ) ;
#1537 = CARTESIAN_POINT ( 'NONE',  ( 6.500000000000000888, 37.50000000000000000, -0.4999999999999995559 ) ) ;
#1538 = ADVANCED_FACE ( 'NONE', ( #1082 ), #2580, .F. ) ;
#1539 = EDGE_CURVE ( 'NONE', #982, #2914, #3334, .T. ) ;
#1540 = DIRECTION ( 'NONE',  ( -0.000000000000000000, 0.000000000000000000, 1.000000000000000000 ) ) ;
#1541 = ORIENTED_EDGE ( 'NONE', *, *, #3278, .T. ) ;
#1542 = CARTESIAN_POINT ( 'NONE',  ( -11.52007273234214146, 29.86295242491257085, -7.933467640978171254 ) ) ;
#1543 = CARTESIAN_POINT ( 'NONE',  ( 10.55272244590043940, 35.14694110505369906, -4.565813510243637907 ) ) ;
#1544 = CARTESIAN_POINT ( 'NONE',  ( -9.999999999999998224, -12.50000000000000178, -26.80000000000000426 ) ) ;
#1545 = CARTESIAN_POINT ( 'NONE',  ( 11.23164705182186296, 32.94138199919940035, -1.999999999999994893 ) ) ;
#1546 = CARTESIAN_POINT ( 'NONE',  ( -8.983427429716414281, 37.59780755839079802, -3.036827529987212060 ) ) ;
#1547 = ORIENTED_EDGE ( 'NONE', *, *, #4463, .F. ) ;
#1548 = MANIFOLD_SOLID_BREP ( '\X2\570689d2\X0\4', #2197 ) ;
#1549 = ORIENTED_EDGE ( 'NONE', *, *, #2061, .T. ) ;
#1550 = VECTOR ( 'NONE', #1380, 1000.000000000000000 ) ;
#1551 = ORIENTED_EDGE ( 'NONE', *, *, #1917, .T. ) ;
#1552 = CARTESIAN_POINT ( 'NONE',  ( 0.1850640561624625480, 40.94965655536967120, -0.9193915876245674079 ) ) ;
#1553 = FACE_OUTER_BOUND ( 'NONE', #3180, .T. ) ;
#1554 = CARTESIAN_POINT ( 'NONE',  ( 4.000000000000000000, 23.49999999604292000, -10.02949118015741092 ) ) ;
#1555 = EDGE_CURVE ( 'NONE', #4326, #451, #3057, .T. ) ;
#1556 = CYLINDRICAL_SURFACE ( 'NONE', #3535, 0.5999999999999998668 ) ;
#1557 = EDGE_CURVE ( 'NONE', #2907, #3676, #1560, .T. ) ;
#1558 = ORIENTED_EDGE ( 'NONE', *, *, #1637, .T. ) ;
#1559 = ORIENTED_EDGE ( 'NONE', *, *, #3711, .T. ) ;
#1560 = LINE ( 'NONE', #1928, #2606 ) ;
#1561 = EDGE_CURVE ( 'NONE', #3822, #2406, #2139, .T. ) ;
#1562 = EDGE_CURVE ( 'NONE', #1841, #4210, #3400, .T. ) ;
#1563 = ADVANCED_FACE ( 'NONE', ( #3423 ), #4518, .T. ) ;
#1564 = DIRECTION ( 'NONE',  ( 1.000000000000000000, -0.000000000000000000, -0.000000000000000000 ) ) ;
#1565 = VERTEX_POINT ( 'NONE', #125 ) ;
#1566 = CARTESIAN_POINT ( 'NONE',  ( -9.063903880869233376, 37.51298429110124033, -3.089542040470872664 ) ) ;
#1567 = CARTESIAN_POINT ( 'NONE',  ( 10.92623000823789070, 34.03601036432120708, -5.266404093007658105 ) ) ;
#1568 = EDGE_CURVE ( 'NONE', #1428, #4207, #822, .T. ) ;
#1569 = AXIS2_PLACEMENT_3D ( 'NONE', #2299, #1520, #1570 ) ;
#1570 = DIRECTION ( 'NONE',  ( 0.2202372497127735029, 0.9754463357043038352, 0.000000000000000000 ) ) ;
#1571 = VERTEX_POINT ( 'NONE', #1611 ) ;
#1572 = EDGE_CURVE ( 'NONE', #2067, #2780, #1602, .T. ) ;
#1573 = CIRCLE ( 'NONE', #4254, 0.6000000000000103029 ) ;
#1574 = CARTESIAN_POINT ( 'NONE',  ( -10.04975617693813739, 9.795925575521810202, -7.606281929389269614 ) ) ;
#1575 = CARTESIAN_POINT ( 'NONE',  ( -10.10412696271543531, 36.09244209234884693, -3.973600294399076915 ) ) ;
#1576 = PERSON ( '未', '未', '未', ('未'), ('未'), ('未') ) ;
#1577 = ORIENTED_EDGE ( 'NONE', *, *, #3478, .F. ) ;
#1578 = ORIENTED_EDGE ( 'NONE', *, *, #1288, .T. ) ;
#1579 = CARTESIAN_POINT ( 'NONE',  ( 4.798244534931242811, 1.000000000000000000, -7.300000000000000711 ) ) ;
#1580 = LINE ( 'NONE', #4580, #2733 ) ;
#1581 = ADVANCED_FACE ( 'NONE', ( #4143, #146, #1291, #4167, #2763 ), #2719, .T. ) ;
#1582 = DIRECTION ( 'NONE',  ( -3.469446951953619612E-16, 0.000000000000000000, 1.000000000000000000 ) ) ;
#1583 = B_SPLINE_CURVE_WITH_KNOTS ( 'NONE', 3,
 ( #4426, #16, #4497, #1130, #2994, #473, #2237 ),
 .UNSPECIFIED., .F., .F.,
 ( 4, 3, 4 ),
 ( 0.000000000000000000, 0.001100971650775196820, 0.002118106414012032798 ),
 .UNSPECIFIED. ) ;
#1584 = CIRCLE ( 'NONE', #1426, 0.6000000000000103029 ) ;
#1585 = EDGE_LOOP ( 'NONE', ( #785, #1749 ) ) ;
#1586 = DATE_TIME_ROLE ( 'creation_date' ) ;
#1587 = VERTEX_POINT ( 'NONE', #881 ) ;
#1588 = EDGE_CURVE ( 'NONE', #1492, #726, #2741, .T. ) ;
#1589 = CARTESIAN_POINT ( 'NONE',  ( 20.00000000000000000, 37.00000000000000000, -1.999999999999997335 ) ) ;
#1590 = EDGE_CURVE ( 'NONE', #3821, #144, #3850, .T. ) ;
#1591 =( BOUNDED_CURVE ( )  B_SPLINE_CURVE ( 3, ( #1668, #4595, #2076, #4233 ),
 .UNSPECIFIED., .F., .F. ) 
 B_SPLINE_CURVE_WITH_KNOTS ( ( 4, 4 ),
 ( 4.712388980384689674, 6.283185307179586232 ),
 .UNSPECIFIED. ) 
 CURVE ( )  GEOMETRIC_REPRESENTATION_ITEM ( )  RATIONAL_B_SPLINE_CURVE ( ( 1.000000000000000000, 0.8047378541243649375, 0.8047378541243649375, 1.000000000000000000 ) ) 
 REPRESENTATION_ITEM ( '' )  );
#1592 = CC_DESIGN_SECURITY_CLASSIFICATION ( #3439, ( #1825 ) ) ;
#1593 = CARTESIAN_POINT ( 'NONE',  ( 10.00000000000000178, -12.50000000000000178, -11.29999999999998650 ) ) ;
#1594 = ORIENTED_EDGE ( 'NONE', *, *, #3751, .F. ) ;
#1595 = CARTESIAN_POINT ( 'NONE',  ( -5.843717700328747711, 39.60776314126596276, -1.779625757844021328 ) ) ;
#1596 = CARTESIAN_POINT ( 'NONE',  ( 6.814156401845188782, 0.4107219299699428339, -22.63911709204209544 ) ) ;
#1597 = DIRECTION ( 'NONE',  ( -1.000000000000000000, 0.000000000000000000, -3.469446951953613696E-16 ) ) ;
#1598 = ORIENTED_EDGE ( 'NONE', *, *, #1084, .T. ) ;
#1599 = CARTESIAN_POINT ( 'NONE',  ( -11.10562276415844529, 14.23806039107343757, -5.984285450852321553 ) ) ;
#1600 = CARTESIAN_POINT ( 'NONE',  ( -11.20834066892313885, 32.88144013924160447, -6.321839301701239755 ) ) ;
#1601 = ORIENTED_EDGE ( 'NONE', *, *, #661, .T. ) ;
#1602 = CIRCLE ( 'NONE', #49, 4.100000000000000533 ) ;
#1603 = ORIENTED_EDGE ( 'NONE', *, *, #1767, .T. ) ;
#1604 = ADVANCED_FACE ( 'NONE', ( #2354 ), #1656, .F. ) ;
#1605 = CARTESIAN_POINT ( 'NONE',  ( 13.00000000000000178, -7.500000000000002665, -15.39999999999998970 ) ) ;
#1606 = PLANE ( 'NONE',  #656 ) ;
#1607 = CARTESIAN_POINT ( 'NONE',  ( -8.886940626121830888, 11.91439786551565483, -13.51843583573525009 ) ) ;
#1608 = EDGE_LOOP ( 'NONE', ( #2854, #4374, #3454, #775 ) ) ;
#1609 = VERTEX_POINT ( 'NONE', #4225 ) ;
#1610 = VECTOR ( 'NONE', #4274, 1000.000000000000000 ) ;
#1611 = CARTESIAN_POINT ( 'NONE',  ( -11.49976275841742712, 24.52985140741887449, -2.000000000000008882 ) ) ;
#1612 = VECTOR ( 'NONE', #3276, 1000.000000000000000 ) ;
#1613 = DIRECTION ( 'NONE',  ( 1.000000000000000000, 0.000000000000000000, 0.000000000000000000 ) ) ;
#1614 = ORIENTED_EDGE ( 'NONE', *, *, #2926, .F. ) ;
#1615 =( BOUNDED_CURVE ( )  B_SPLINE_CURVE ( 3, ( #2934, #3297, #338, #4039 ),
 .UNSPECIFIED., .F., .F. ) 
 B_SPLINE_CURVE_WITH_KNOTS ( ( 4, 4 ),
 ( 6.061127621661606568, 6.283185307179586232 ),
 .UNSPECIFIED. ) 
 CURVE ( )  GEOMETRIC_REPRESENTATION_ITEM ( )  RATIONAL_B_SPLINE_CURVE ( ( 1.000000000000000000, 0.9958950848712231352, 0.9958950848712231352, 1.000000000000000000 ) ) 
 REPRESENTATION_ITEM ( '' )  );
#1616 = CIRCLE ( 'NONE', #913, 4.999999999999992006 ) ;
#1617 = CARTESIAN_POINT ( 'NONE',  ( -11.57258665348135196, 28.19782061321615529, -2.000000000000008882 ) ) ;
#1618 = FACE_OUTER_BOUND ( 'NONE', #1877, .T. ) ;
#1619 = ORIENTED_EDGE ( 'NONE', *, *, #2104, .F. ) ;
#1620 = CARTESIAN_POINT ( 'NONE',  ( -10.16226774207625994, -0.5000000000000019984, -25.61527341432796945 ) ) ;
#1621 = CARTESIAN_POINT ( 'NONE',  ( -11.32015348393104937, 32.14119275173995049, -6.802561575990052845 ) ) ;
#1622 = B_SPLINE_CURVE_WITH_KNOTS ( 'NONE', 3,
 ( #818, #2290, #3759, #1809, #1470, #1106, #4739, #1443 ),
 .UNSPECIFIED., .F., .F.,
 ( 4, 2, 2, 4 ),
 ( -3.467905562048044057E-06, 0.0002823028503345132063, 0.0004251882282827938275, 0.0005680736062310744487 ),
 .UNSPECIFIED. ) ;
#1623 = ORIENTED_EDGE ( 'NONE', *, *, #1998, .T. ) ;
#1624 = ORIENTED_EDGE ( 'NONE', *, *, #3252, .T. ) ;
#1625 = LINE ( 'NONE', #2346, #3021 ) ;
#1626 = DIRECTION ( 'NONE',  ( -1.000000000000000000, -0.000000000000000000, 0.000000000000000000 ) ) ;
#1627 = FACE_OUTER_BOUND ( 'NONE', #2426, .T. ) ;
#1628 = ADVANCED_FACE ( 'NONE', ( #2314 ), #4049, .F. ) ;
#1629 = CIRCLE ( 'NONE', #4091, 2.550000000000000266 ) ;
#1630 = EDGE_LOOP ( 'NONE', ( #633, #3397, #2718, #204 ) ) ;
#1631 = ORIENTED_EDGE ( 'NONE', *, *, #2924, .F. ) ;
#1632 = DIRECTION ( 'NONE',  ( -1.000000000000000000, 0.000000000000000000, 0.000000000000000000 ) ) ;
#1633 = DIRECTION ( 'NONE',  ( 0.000000000000000000, -1.000000000000000000, 1.734723475976800389E-15 ) ) ;
#1634 = ORIENTED_EDGE ( 'NONE', *, *, #1078, .T. ) ;
#1635 = CARTESIAN_POINT ( 'NONE',  ( 10.55785962934116284, 34.39471126133788914, -5.339109544452204759 ) ) ;
#1636 = CARTESIAN_POINT ( 'NONE',  ( -11.51320704569614328, 30.51598161185266278, -2.000000000000008882 ) ) ;
#1637 = EDGE_CURVE ( 'NONE', #3060, #809, #3813, .T. ) ;
#1638 = EDGE_LOOP ( 'NONE', ( #2280, #3192, #1837, #3256 ) ) ;
#1639 = CYLINDRICAL_SURFACE ( 'NONE', #2966, 5.000000000000000000 ) ;
#1640 = CARTESIAN_POINT ( 'NONE',  ( 11.49976275841742712, 24.52985140741887449, -11.38122587443818290 ) ) ;
#1641 = CARTESIAN_POINT ( 'NONE',  ( 7.798244534931242811, 0.000000000000000000, -7.300000000000000711 ) ) ;
#1642 = CARTESIAN_POINT ( 'NONE',  ( 5.999999999999998224, -7.500000000000002665, -24.35000000000000497 ) ) ;
#1643 = CARTESIAN_POINT ( 'NONE',  ( -11.54844114248272824, 26.18358007097154427, -10.67148048821299966 ) ) ;
#1644 = EDGE_CURVE ( 'NONE', #2344, #1092, #1336, .T. ) ;
#1645 = VECTOR ( 'NONE', #403, 1000.000000000000114 ) ;
#1646 = B_SPLINE_CURVE_WITH_KNOTS ( 'NONE', 3,
 ( #4408, #386, #3043, #1617, #1636, #517, #4148, #2268, #2723, #4502 ),
 .UNSPECIFIED., .F., .F.,
 ( 4, 1, 1, 1, 1, 1, 1, 4 ),
 ( -8.794725679173165389E-05, 0.06241471762487260655, 0.1249173825065369448, 0.2499227122698655101, 0.3749280420331940755, 0.4999333717965225299, 0.6249387015598512063, 0.6426397026652332922 ),
 .UNSPECIFIED. ) ;
#1647 = ORIENTED_EDGE ( 'NONE', *, *, #2313, .F. ) ;
#1648 = EDGE_CURVE ( 'NONE', #3013, #4060, #3177, .T. ) ;
#1649 = CARTESIAN_POINT ( 'NONE',  ( -9.314156401845188782, 1.499999999999999556, -24.31645822793294087 ) ) ;
#1650 = ORIENTED_EDGE ( 'NONE', *, *, #1421, .F. ) ;
#1651 = DIRECTION ( 'NONE',  ( 0.000000000000000000, -0.8921413276559040373, -0.4517564072466056513 ) ) ;
#1652 = FACE_OUTER_BOUND ( 'NONE', #4263, .T. ) ;
#1653 = CARTESIAN_POINT ( 'NONE',  ( -7.886019851780678103, 12.38708151454353867, -14.24630482599490833 ) ) ;
#1654 = ORIENTED_EDGE ( 'NONE', *, *, #367, .F. ) ;
#1655 = PERSON_AND_ORGANIZATION_ROLE ( 'design_supplier' ) ;
#1656 = PLANE ( 'NONE',  #3380 ) ;
#1657 = VECTOR ( 'NONE', #337, 1000.000000000000000 ) ;
#1658 = EDGE_CURVE ( 'NONE', #1008, #1110, #4664, .T. ) ;
#1659 = DIRECTION ( 'NONE',  ( -0.000000000000000000, -0.000000000000000000, -1.000000000000000000 ) ) ;
#1660 = VERTEX_POINT ( 'NONE', #3557 ) ;
#1661 = DIRECTION ( 'NONE',  ( 0.000000000000000000, -0.8386705679454236062, -0.5446390350150277504 ) ) ;
#1662 = DIRECTION ( 'NONE',  ( 1.000000000000000000, 0.000000000000000000, 0.000000000000000000 ) ) ;
#1663 = CC_DESIGN_APPROVAL ( #2259, ( #539 ) ) ;
#1664 = ORIENTED_EDGE ( 'NONE', *, *, #4623, .F. ) ;
#1665 = CARTESIAN_POINT ( 'NONE',  ( -0.4845219493680987810, 40.59563849391913948, -0.9544713268979030385 ) ) ;
#1666 = VERTEX_POINT ( 'NONE', #1751 ) ;
#1667 = AXIS2_PLACEMENT_3D ( 'NONE', #3160, #1341, #174 ) ;
#1668 = CARTESIAN_POINT ( 'NONE',  ( -6.500000000000000888, 37.50000000000000000, -1.746813428970050097 ) ) ;
#1669 = DIRECTION ( 'NONE',  ( -1.000000000000000000, 0.000000000000000000, 0.000000000000000000 ) ) ;
#1670 = CARTESIAN_POINT ( 'NONE',  ( -4.041845982919947566, 39.95586224202692449, -1.727655870674922101 ) ) ;
#1671 = ORIENTED_EDGE ( 'NONE', *, *, #3006, .T. ) ;
#1672 = DIRECTION ( 'NONE',  ( -0.000000000000000000, -0.000000000000000000, -1.000000000000000000 ) ) ;
#1673 = ORIENTED_EDGE ( 'NONE', *, *, #2950, .T. ) ;
#1674 = CARTESIAN_POINT ( 'NONE',  ( -7.867477520628988863, 8.212932118442902052, -7.912813412879597941 ) ) ;
#1675 = CARTESIAN_POINT ( 'NONE',  ( -9.962322489922389224, 11.88622388153193832, -14.57156557468892366 ) ) ;
#1676 = CARTESIAN_POINT ( 'NONE',  ( -10.16226774207625994, -0.5000000000000019984, -40.00000000000000000 ) ) ;
#1677 = AXIS2_PLACEMENT_3D ( 'NONE', #1220, #1245, #4540 ) ;
#1678 = ORIENTED_EDGE ( 'NONE', *, *, #1920, .F. ) ;
#1679 = CARTESIAN_POINT ( 'NONE',  ( 10.07292212359395656, 14.10717837203025482, -16.12926086430547912 ) ) ;
#1680 = CARTESIAN_POINT ( 'NONE',  ( -10.37425661114332165, 21.39666795864241777, -11.39541097638013412 ) ) ;
#1681 = CARTESIAN_POINT ( 'NONE',  ( -40.00000000000000000, -7.499999999999993783, -6.299999999999987388 ) ) ;
#1682 = ORIENTED_EDGE ( 'NONE', *, *, #1998, .F. ) ;
#1683 = VECTOR ( 'NONE', #3616, 1000.000000000000000 ) ;
#1684 = CARTESIAN_POINT ( 'NONE',  ( 11.03352772296254791, 32.18478771748009137, -6.774250674219430834 ) ) ;
#1685 = CARTESIAN_POINT ( 'NONE',  ( 11.19666586837657896, 24.58927806607298550, -11.70683231604828300 ) ) ;
#1686 = AXIS2_PLACEMENT_3D ( 'NONE', #2850, #3522, #1012 ) ;
#1687 = VERTEX_POINT ( 'NONE', #2036 ) ;
#1688 = DIRECTION ( 'NONE',  ( 0.000000000000000000, -0.8386705679454236062, -0.5446390350150277504 ) ) ;
#1689 = VECTOR ( 'NONE', #164, 1000.000000000000000 ) ;
#1690 = CARTESIAN_POINT ( 'NONE',  ( 10.28314777893384857, 35.17642628375713088, -4.831457873176606910 ) ) ;
#1691 = CARTESIAN_POINT ( 'NONE',  ( 11.19988452187897643, 24.70178965234308066, -11.63376643760176243 ) ) ;
#1692 = CARTESIAN_POINT ( 'NONE',  ( 9.733052033968624173, 7.802262148883605697, -20.22372133426860330 ) ) ;
#1693 = LINE ( 'NONE', #654, #4158 ) ;
#1694 = VERTEX_POINT ( 'NONE', #639 ) ;
#1695 = CARTESIAN_POINT ( 'NONE',  ( -10.59999999999999964, 26.17423583211419214, -1.999999999999999556 ) ) ;
#1696 = ORIENTED_EDGE ( 'NONE', *, *, #2444, .F. ) ;
#1697 = FACE_OUTER_BOUND ( 'NONE', #1064, .T. ) ;
#1698 = LINE ( 'NONE', #3172, #3227 ) ;
#1699 = CARTESIAN_POINT ( 'NONE',  ( -0.5000000000000001110, 38.49999999999999289, -1.240440286910155399 ) ) ;
#1700 = ORIENTED_EDGE ( 'NONE', *, *, #2499, .T. ) ;
#1701 = CARTESIAN_POINT ( 'NONE',  ( -8.006150312709912953, 38.24088472085774271, -2.841375295085261321 ) ) ;
#1702 = CARTESIAN_POINT ( 'NONE',  ( 11.49773530406575439, 24.45883914742545429, -11.42825483104248718 ) ) ;
#1703 = ADVANCED_FACE ( 'NONE', ( #2115 ), #1314, .F. ) ;
#1704 = EDGE_CURVE ( 'NONE', #3900, #2761, #1241, .T. ) ;
#1705 = CARTESIAN_POINT ( 'NONE',  ( -7.869805849729389458, 8.267273453059997834, -7.902356734039884145 ) ) ;
#1706 = CARTESIAN_POINT ( 'NONE',  ( -11.37259072896594780, 20.59016140544467532, -2.188299892660783286 ) ) ;
#1707 = ORIENTED_EDGE ( 'NONE', *, *, #4280, .F. ) ;
#1708 = CARTESIAN_POINT ( 'NONE',  ( -6.814156401845188782, 1.499999999999999556, -24.31645822793294087 ) ) ;
#1709 = CARTESIAN_POINT ( 'NONE',  ( 9.000000000000000000, 22.66033575979849957, -12.95950209658282937 ) ) ;
#1710 = EDGE_CURVE ( 'NONE', #932, #50, #275, .T. ) ;
#1711 = ORIENTED_EDGE ( 'NONE', *, *, #901, .T. ) ;
#1712 = FACE_OUTER_BOUND ( 'NONE', #3113, .T. ) ;
#1713 = CARTESIAN_POINT ( 'NONE',  ( 8.028932618580347125, 38.43465630961551227, -2.715538554001423410 ) ) ;
#1714 = CYLINDRICAL_SURFACE ( 'NONE', #2068, 3.249999999999999556 ) ;
#1715 = CARTESIAN_POINT ( 'NONE',  ( -5.375357163944682881, 39.75340698474035861, -11.44735753722967964 ) ) ;
#1716 = FACE_OUTER_BOUND ( 'NONE', #2748, .T. ) ;
#1717 = ORIENTED_EDGE ( 'NONE', *, *, #3364, .F. ) ;
#1718 = CARTESIAN_POINT ( 'NONE',  ( 9.699999999999999289, 31.97423583211418574, -1.999999999999999556 ) ) ;
#1719 = ORIENTED_EDGE ( 'NONE', *, *, #1439, .T. ) ;
#1720 = DIRECTION ( 'NONE',  ( -0.000000000000000000, 1.000000000000000000, 0.000000000000000000 ) ) ;
#1721 = FACE_BOUND ( 'NONE', #713, .T. ) ;
#1722 = DIRECTION ( 'NONE',  ( 1.000000000000000000, 0.000000000000000000, 0.000000000000000000 ) ) ;
#1723 = CIRCLE ( 'NONE', #408, 2.550000000000000266 ) ;
#1724 = EDGE_LOOP ( 'NONE', ( #3151, #957, #2495, #2843 ) ) ;
#1725 = DIRECTION ( 'NONE',  ( 1.000000000000000000, 0.000000000000000000, -0.000000000000000000 ) ) ;
#1726 = EDGE_CURVE ( 'NONE', #122, #1996, #2169, .T. ) ;
#1727 = DIRECTION ( 'NONE',  ( 0.000000000000000000, 0.000000000000000000, 1.000000000000000000 ) ) ;
#1728 = ORIENTED_EDGE ( 'NONE', *, *, #4465, .F. ) ;
#1729 = DIRECTION ( 'NONE',  ( -0.000000000000000000, -0.000000000000000000, 1.000000000000000000 ) ) ;
#1730 = DIRECTION ( 'NONE',  ( 1.000000000000000000, 0.000000000000000000, 0.000000000000000000 ) ) ;
#1731 = ORIENTED_EDGE ( 'NONE', *, *, #152, .T. ) ;
#1732 = EDGE_CURVE ( 'NONE', #3963, #855, #2659, .T. ) ;
#1733 = DIRECTION ( 'NONE',  ( 0.000000000000000000, 0.000000000000000000, 1.000000000000000000 ) ) ;
#1734 = CARTESIAN_POINT ( 'NONE',  ( 10.79441103161969195, 7.449461266868993015, -20.45283290579372348 ) ) ;
#1735 = ORIENTED_EDGE ( 'NONE', *, *, #3502, .T. ) ;
#1736 = CARTESIAN_POINT ( 'NONE',  ( -9.219762513075512089, 19.98062922834323629, -9.314997280864995233 ) ) ;
#1737 = CARTESIAN_POINT ( 'NONE',  ( 10.82721584720395569, 34.37712642259152318, -5.050725191570029082 ) ) ;
#1738 = DIRECTION ( 'NONE',  ( 0.000000000000000000, 0.000000000000000000, 1.000000000000000000 ) ) ;
#1739 = LINE ( 'NONE', #4234, #2674 ) ;
#1740 = LINE ( 'NONE', #4653, #1462 ) ;
#1741 = VERTEX_POINT ( 'NONE', #2138 ) ;
#1742 = AXIS2_PLACEMENT_3D ( 'NONE', #1206, #114, #2102 ) ;
#1743 = LINE ( 'NONE', #1306, #4763 ) ;
#1744 = ORIENTED_EDGE ( 'NONE', *, *, #2242, .T. ) ;
#1745 = CARTESIAN_POINT ( 'NONE',  ( 4.000000000000000000, 23.49999999999999289, -7.029491177760974097 ) ) ;
#1746 = FACE_OUTER_BOUND ( 'NONE', #999, .T. ) ;
#1747 = CARTESIAN_POINT ( 'NONE',  ( -11.49976275841742890, 24.52985140741888515, -25.75696505481393928 ) ) ;
#1748 = EDGE_CURVE ( 'NONE', #1996, #122, #1941, .T. ) ;
#1749 = ORIENTED_EDGE ( 'NONE', *, *, #1406, .T. ) ;
#1750 = LINE ( 'NONE', #2114, #705 ) ;
#1751 = CARTESIAN_POINT ( 'NONE',  ( 0.5505931242819314120, 40.88827239463042673, -0.03108329034624129905 ) ) ;
#1752 = CARTESIAN_POINT ( 'NONE',  ( 9.000000000000000000, 22.66033575979849957, -12.95950209658282937 ) ) ;
#1753 = CARTESIAN_POINT ( 'NONE',  ( -10.31862527178004640, 5.601033471782281836, 12.72799914424816770 ) ) ;
#1754 = B_SPLINE_CURVE_WITH_KNOTS ( 'NONE', 3,
 ( #1183, #2752, #2362, #4214 ),
 .UNSPECIFIED., .F., .F.,
 ( 4, 4 ),
 ( 0.000000000000000000, 0.02864784132975720793 ),
 .UNSPECIFIED. ) ;
#1755 = ORIENTED_EDGE ( 'NONE', *, *, #2416, .F. ) ;
#1756 = B_SPLINE_CURVE_WITH_KNOTS ( 'NONE', 2,
 ( #1894, #3328, #52 ),
 .UNSPECIFIED., .F., .F.,
 ( 3, 3 ),
 ( 0.8851874454406846171, 1.019200010841112558 ),
 .UNSPECIFIED. ) ;
#1757 = PLANE ( 'NONE',  #606 ) ;
#1758 = EDGE_LOOP ( 'NONE', ( #4111, #3049 ) ) ;
#1759 = CARTESIAN_POINT ( 'NONE',  ( -9.987912263741423047, 8.267273453189037724, -7.902356734012844441 ) ) ;
#1760 = CARTESIAN_POINT ( 'NONE',  ( 9.100546440174376528, 37.19534845255337530, -3.520354486685363327 ) ) ;
#1761 = CARTESIAN_POINT ( 'NONE',  ( -10.82030781276977294, 7.784549883015953853, -22.25028467978398439 ) ) ;
#1762 = CIRCLE ( 'NONE', #295, 0.4999999999999995559 ) ;
#1763 = DIRECTION ( 'NONE',  ( -0.000000000000000000, -0.000000000000000000, 1.000000000000000000 ) ) ;
#1764 = DIRECTION ( 'NONE',  ( -1.000000000000000000, 0.000000000000000000, -0.000000000000000000 ) ) ;
#1765 = VECTOR ( 'NONE', #3187, 1000.000000000000000 ) ;
#1766 = VERTEX_POINT ( 'NONE', #3249 ) ;
#1767 = EDGE_CURVE ( 'NONE', #2406, #3581, #246, .T. ) ;
#1768 = CC_DESIGN_PERSON_AND_ORGANIZATION_ASSIGNMENT ( #2788, #2739, ( #1825 ) ) ;
#1769 = CARTESIAN_POINT ( 'NONE',  ( 11.19666586837657896, 24.58927806607298550, -11.70683231604828300 ) ) ;
#1770 = EDGE_LOOP ( 'NONE', ( #1339, #38, #95, #4737 ) ) ;
#1771 = CARTESIAN_POINT ( 'NONE',  ( -8.995491067426884868, 11.52179366460630661, -8.144933832984905919 ) ) ;
#1772 = CARTESIAN_POINT ( 'NONE',  ( 11.48418170823371831, 23.98973825055212217, -11.05903372853235034 ) ) ;
#1773 =( BOUNDED_SURFACE ( )  B_SPLINE_SURFACE ( 3, 2, ( 
 ( #155, #888, #1640 ),
 ( #1959, #2386, #1233 ),
 ( #3818, #2360, #3835 ),
 ( #520, #1273, #2001 ),
 ( #827, #3471, #3859 ),
 ( #2022, #3496, #178 ),
 ( #3137, #3882, #259 ),
 ( #2125, #2100, #4232 ),
 ( #1300, #2150, #1737 ),
 ( #1690, #3545, #627 ),
 ( #4283, #3521, #4621 ),
 ( #575, #3236, #1788 ),
 ( #2410, #2826, #4335 ),
 ( #1760, #3615, #3258 ),
 ( #308, #2044, #2439 ),
 ( #233, #984, #1322 ),
 ( #285, #1713, #2849 ),
 ( #2775, #2467, #938 ),
 ( #206, #4259, #2872 ),
 ( #3163, #2489, #1346 ),
 ( #4698, #2801, #963 ),
 ( #1033, #602, #1394 ),
 ( #3905, #2075, #3186 ),
 ( #4650, #4309, #3931 ),
 ( #3568, #3210, #2514 ),
 ( #1011, #4673, #1370 ),
 ( #3980, #675, #3955 ),
 ( #651, #3593, #3854 ) ),
 .UNSPECIFIED., .F., .F., .T. ) 
 B_SPLINE_SURFACE_WITH_KNOTS ( ( 4, 2, 2, 2, 2, 2, 2, 2, 2, 2, 2, 2, 2, 4 ),
 ( 3, 3 ),
 ( 0.000000000000000000, 0.005385469159588410562, 0.008078203739382616710, 0.01077093831917682112, 0.01211730560907392507, 0.01346367289897102727, 0.01481004018886812948, 0.01615640747876523342, 0.01750277476866233389, 0.01817595841361088760, 0.01884914205855943783, 0.02019550934845654178, 0.02086869299340509201, 0.02154187663835364225 ),
 ( 0.000000000000000000, 1.000000000000000000 ),
 .UNSPECIFIED. ) 
 GEOMETRIC_REPRESENTATION_ITEM ( )  RATIONAL_B_SPLINE_SURFACE ( (
 ( 1.000000000000000000, 0.7006632365892812020, 1.000000000000000000),
 ( 1.000000000000000000, 0.7024686983446428723, 1.000000000000000000),
 ( 1.000000000000000000, 0.7055149070112384235, 1.000000000000000000),
 ( 1.000000000000000000, 0.7158514092276994090, 1.000000000000000000),
 ( 1.000000000000000000, 0.7202892288706530532, 1.000000000000000000),
 ( 1.000000000000000000, 0.7326691129882934028, 1.000000000000000000),
 ( 1.000000000000000000, 0.7405478603374137103, 1.000000000000000000),
 ( 1.000000000000000000, 0.7563007878259535577, 1.000000000000000000),
 ( 1.000000000000000000, 0.7622218886063691912, 1.000000000000000000),
 ( 1.000000000000000000, 0.7754337114157079380, 1.000000000000000000),
 ( 1.000000000000000000, 0.7826701026407836270, 1.000000000000000000),
 ( 1.000000000000000000, 0.7978358565804504199, 1.000000000000000000),
 ( 1.000000000000000000, 0.8058119926630977758, 1.000000000000000000),
 ( 1.000000000000000000, 0.8215177321750675166, 1.000000000000000000),
 ( 1.000000000000000000, 0.8291782821038771178, 1.000000000000000000),
 ( 1.000000000000000000, 0.8426313232196827041, 1.000000000000000000),
 ( 1.000000000000000000, 0.8485059841827262694, 1.000000000000000000),
 ( 1.000000000000000000, 0.8556367659477995824, 1.000000000000000000),
 ( 1.000000000000000000, 0.8577674621055074722, 1.000000000000000000),
 ( 1.000000000000000000, 0.8615330408892803993, 1.000000000000000000),
 ( 1.000000000000000000, 0.8631732371645147728, 1.000000000000000000),
 ( 1.000000000000000000, 0.8675181591148164451, 1.000000000000000000),
 ( 1.000000000000000000, 0.8697608528906763947, 1.000000000000000000),
 ( 1.000000000000000000, 0.8722015416613382310, 1.000000000000000000),
 ( 1.000000000000000000, 0.8728465456798655264, 1.000000000000000000),
 ( 1.000000000000000000, 0.8740164684440148157, 1.000000000000000000),
 ( 1.000000000000000000, 0.8747499980807079689, 1.000000000000000000),
 ( 1.000000000000000000, 0.8747499980807079689, 1.000000000000000000) ) ) 
 REPRESENTATION_ITEM ( '' )  SURFACE ( )  );
#1774 = CARTESIAN_POINT ( 'NONE',  ( 10.30000000000000959, 31.97423583211418574, -4.999999999999999112 ) ) ;
#1775 = EDGE_CURVE ( 'NONE', #3029, #4060, #1048, .T. ) ;
#1776 = ORIENTED_EDGE ( 'NONE', *, *, #2777, .F. ) ;
#1777 = FACE_OUTER_BOUND ( 'NONE', #4380, .T. ) ;
#1778 = DIRECTION ( 'NONE',  ( -1.000000000000000000, 0.000000000000000000, -3.384826294588891940E-16 ) ) ;
#1779 = EDGE_CURVE ( 'NONE', #86, #1766, #3155, .T. ) ;
#1780 = EDGE_CURVE ( 'NONE', #319, #3013, #591, .T. ) ;
#1781 = DIRECTION ( 'NONE',  ( 0.000000000000000000, 8.673617379884033500E-16, 1.000000000000000000 ) ) ;
#1782 = CARTESIAN_POINT ( 'NONE',  ( -11.46587717865348921, 24.50992102291770180, -11.58463318566154676 ) ) ;
#1783 = ORIENTED_EDGE ( 'NONE', *, *, #4488, .T. ) ;
#1784 = CARTESIAN_POINT ( 'NONE',  ( -9.218094175749330432, 17.39931015261749181, -5.439753751192780484 ) ) ;
#1785 = VECTOR ( 'NONE', #1024, 1000.000000000000000 ) ;
#1786 = ORIENTED_EDGE ( 'NONE', *, *, #3773, .T. ) ;
#1787 = CARTESIAN_POINT ( 'NONE',  ( -9.219762512558608236, 19.43599019335472633, -8.476326712902357841 ) ) ;
#1788 = CARTESIAN_POINT ( 'NONE',  ( 10.03836517307644094, 36.20838087781437054, -3.901233239865790292 ) ) ;
#1789 = DIRECTION ( 'NONE',  ( 1.734723475976805517E-15, -0.000000000000000000, -1.000000000000000000 ) ) ;
#1790 = EDGE_CURVE ( 'NONE', #1185, #809, #3409, .T. ) ;
#1791 = CARTESIAN_POINT ( 'NONE',  ( 10.66698293863744418, 35.04340308539255489, -11.44735753722967964 ) ) ;
#1792 = CARTESIAN_POINT ( 'NONE',  ( -0.5505931242819296356, 40.88827239463042673, -40.00000000000000000 ) ) ;
#1793 = ORIENTED_EDGE ( 'NONE', *, *, #2163, .T. ) ;
#1794 = CARTESIAN_POINT ( 'NONE',  ( -9.218094164551802194, 5.601033472103559063, 12.72799914377850605 ) ) ;
#1795 = ORIENTED_EDGE ( 'NONE', *, *, #1345, .T. ) ;
#1796 = EDGE_CURVE ( 'NONE', #2401, #3376, #1750, .T. ) ;
#1797 = CARTESIAN_POINT ( 'NONE',  ( -13.91063566050613431, -0.5000000000000023315, -25.61527341432796945 ) ) ;
#1798 = DIRECTION ( 'NONE',  ( 0.000000000000000000, 0.000000000000000000, 1.000000000000000000 ) ) ;
#1799 = ADVANCED_FACE ( 'NONE', ( #3534 ), #444, .T. ) ;
#1800 = DIRECTION ( 'NONE',  ( -3.469446951953613696E-16, 0.000000000000000000, 1.000000000000000000 ) ) ;
#1801 = EDGE_LOOP ( 'NONE', ( #1242, #3229, #2199, #1480, #4304, #231, #2583, #185, #3808, #2641, #2573, #2750, #3744, #884 ) ) ;
#1802 = CARTESIAN_POINT ( 'NONE',  ( -0.5505931242819287474, 40.88827239463042673, -0.9544713268979151399 ) ) ;
#1803 = LINE ( 'NONE', #4044, #298 ) ;
#1804 = AXIS2_PLACEMENT_3D ( 'NONE', #2749, #4211, #2774 ) ;
#1805 = LINE ( 'NONE', #3947, #1612 ) ;
#1806 = CARTESIAN_POINT ( 'NONE',  ( -0.5505931242819294136, 40.88827239463042673, -40.00000000000000000 ) ) ;
#1807 = CIRCLE ( 'NONE', #4490, 5.000000000000000888 ) ;
#1808 = ORIENTED_EDGE ( 'NONE', *, *, #62, .F. ) ;
#1809 = CARTESIAN_POINT ( 'NONE',  ( 10.09883418815568490, -0.2834673678891082571, -27.73828506418982087 ) ) ;
#1810 = DIRECTION ( 'NONE',  ( 0.000000000000000000, -0.000000000000000000, 1.000000000000000000 ) ) ;
#1811 = VERTEX_POINT ( 'NONE', #4687 ) ;
#1812 = CARTESIAN_POINT ( 'NONE',  ( -4.041845982919947566, 39.95586224202692449, -1.727655870674944305 ) ) ;
#1813 = ORIENTED_EDGE ( 'NONE', *, *, #2081, .F. ) ;
#1814 = CARTESIAN_POINT ( 'NONE',  ( 9.314156401845188782, -2.105289773866326097, -24.27303419708717769 ) ) ;
#1815 = CARTESIAN_POINT ( 'NONE',  ( 10.66698293863744418, 35.04340308539255489, -0.3723725375075759292 ) ) ;
#1816 = ORIENTED_EDGE ( 'NONE', *, *, #2793, .T. ) ;
#1817 = VECTOR ( 'NONE', #2662, 1000.000000000000000 ) ;
#1818 = DIRECTION ( 'NONE',  ( 0.000000000000000000, 0.5446390350150284165, -0.8386705679454231621 ) ) ;
#1819 = EDGE_LOOP ( 'NONE', ( #695, #926, #423, #105 ) ) ;
#1820 = B_SPLINE_CURVE_WITH_KNOTS ( 'NONE', 3,
 ( #256, #1734, #3878, #2845 ),
 .UNSPECIFIED., .F., .F.,
 ( 4, 4 ),
 ( 0.000000000000000000, 0.02849779842182368489 ),
 .UNSPECIFIED. ) ;
#1821 = CARTESIAN_POINT ( 'NONE',  ( -11.19772989959160014, 24.62633177170112120, -11.68276935825724117 ) ) ;
#1822 = DIRECTION ( 'NONE',  ( 8.673617379884027583E-16, -0.000000000000000000, -1.000000000000000000 ) ) ;
#1823 = CARTESIAN_POINT ( 'NONE',  ( -9.987912263741424823, 12.38708151405081459, -14.24630482501941131 ) ) ;
#1824 = ORIENTED_EDGE ( 'NONE', *, *, #3470, .T. ) ;
#1825 = PRODUCT_DEFINITION_FORMATION_WITH_SPECIFIED_SOURCE ( '�', '', #2978, .NOT_KNOWN. ) ;
#1826 = ORIENTED_EDGE ( 'NONE', *, *, #2941, .T. ) ;
#1827 = LINE ( 'NONE', #1167, #2397 ) ;
#1828 = CARTESIAN_POINT ( 'NONE',  ( -9.218094174792957674, 16.39196959665830633, -3.888585322334430661 ) ) ;
#1829 = CARTESIAN_POINT ( 'NONE',  ( -9.699999999999999289, 31.97423583211418574, -4.999999999999999112 ) ) ;
#1830 = DIRECTION ( 'NONE',  ( 9.008449936147198940E-17, -1.000000000000000000, 0.000000000000000000 ) ) ;
#1831 = CARTESIAN_POINT ( 'NONE',  ( -9.314156401845188782, -2.105289773866326097, -24.27303419708717769 ) ) ;
#1832 = ORIENTED_EDGE ( 'NONE', *, *, #2104, .T. ) ;
#1833 = DIRECTION ( 'NONE',  ( 1.000000000000000000, 0.000000000000000000, 0.000000000000000000 ) ) ;
#1834 = CARTESIAN_POINT ( 'NONE',  ( -0.1865852762510350760, 40.97045845078728377, 0.01053352114341823097 ) ) ;
#1835 = CIRCLE ( 'NONE', #3141, 0.6000000000000103029 ) ;
#1836 = CARTESIAN_POINT ( 'NONE',  ( -9.314156401845188782, 0.4107219299699428339, -22.63911709204209544 ) ) ;
#1837 = ORIENTED_EDGE ( 'NONE', *, *, #3782, .T. ) ;
#1838 = CARTESIAN_POINT ( 'NONE',  ( -4.500000000000000888, 1.499999999999997780, -21.31645822793294442 ) ) ;
#1839 = CARTESIAN_POINT ( 'NONE',  ( 4.526151537074577291, 39.98746472557030529, -0.3723725375075759292 ) ) ;
#1840 = CARTESIAN_POINT ( 'NONE',  ( -7.292893218813452094, 37.00000000000000000, -1.999999999999997335 ) ) ;
#1841 = VERTEX_POINT ( 'NONE', #2862 ) ;
#1842 = CARTESIAN_POINT ( 'NONE',  ( 10.48532508959325682, 3.562578712049095042, -24.98857798040013733 ) ) ;
#1843 = CARTESIAN_POINT ( 'NONE',  ( -13.91063566050613076, 1.500000000000028644, -24.31645822793292311 ) ) ;
#1844 = CARTESIAN_POINT ( 'NONE',  ( -10.24923929977657266, 13.96101482648027137, -4.150681556221143431 ) ) ;
#1845 = ORIENTED_EDGE ( 'NONE', *, *, #300, .T. ) ;
#1846 = VECTOR ( 'NONE', #1922, 1000.000000000000000 ) ;
#1847 = ORIENTED_EDGE ( 'NONE', *, *, #3445, .F. ) ;
#1848 = VECTOR ( 'NONE', #4605, 1000.000000000000000 ) ;
#1849 = LINE ( 'NONE', #4459, #2709 ) ;
#1850 = DIRECTION ( 'NONE',  ( -1.000000000000000000, -1.662020612589301938E-16, 0.000000000000000000 ) ) ;
#1851 = CARTESIAN_POINT ( 'NONE',  ( 10.96178672735576676, 11.46984906944454252, -7.059447557836933562 ) ) ;
#1852 = LINE ( 'NONE', #718, #4299 ) ;
#1853 = CARTESIAN_POINT ( 'NONE',  ( -10.00000000000000000, -7.500000000000002665, -21.80000000000000426 ) ) ;
#1854 = EDGE_LOOP ( 'NONE', ( #4482, #17, #1389, #2341 ) ) ;
#1855 = EDGE_CURVE ( 'NONE', #4416, #3936, #1159, .T. ) ;
#1856 = DIRECTION ( 'NONE',  ( 1.000000000000000000, -0.000000000000000000, -0.000000000000000000 ) ) ;
#1857 = DIRECTION ( 'NONE',  ( 0.000000000000000000, 0.000000000000000000, 1.000000000000000000 ) ) ;
#1858 = ADVANCED_FACE ( 'NONE', ( #1777 ), #1095, .T. ) ;
#1859 = B_SPLINE_SURFACE_WITH_KNOTS ( 'NONE', 2, 1, ( 
 ( #4024, #3660 ),
 ( #1466, #348 ),
 ( #3307, #398 ) ),
 .UNSPECIFIED., .F., .F., .F.,
 ( 3, 3 ),
 ( 2, 2 ),
 ( 0.003242691909479681472, 1.019200010841112558 ),
 ( 0.000000000000000000, 1.000000000000000000 ),
 .UNSPECIFIED. ) ;
#1860 = PLANE ( 'NONE',  #2257 ) ;
#1861 = ORIENTED_EDGE ( 'NONE', *, *, #1202, .T. ) ;
#1862 = LINE ( 'NONE', #2559, #686 ) ;
#1863 = DIRECTION ( 'NONE',  ( -0.000000000000000000, 0.000000000000000000, -1.000000000000000000 ) ) ;
#1864 = AXIS2_PLACEMENT_3D ( 'NONE', #3605, #301, #4273 ) ;
#1865 = LINE ( 'NONE', #3793, #3265 ) ;
#1866 = PLANE ( 'NONE',  #4199 ) ;
#1867 = LINE ( 'NONE', #3296, #813 ) ;
#1868 = CARTESIAN_POINT ( 'NONE',  ( -9.987912259806767779, 8.242554604798593587, -7.864293045483217170 ) ) ;
#1869 = ORIENTED_EDGE ( 'NONE', *, *, #993, .T. ) ;
#1870 = EDGE_LOOP ( 'NONE', ( #2673, #3961, #4071, #1634 ) ) ;
#1871 = ADVANCED_FACE ( 'NONE', ( #590 ), #615, .T. ) ;
#1872 = DIRECTION ( 'NONE',  ( -1.000000000000000000, 0.000000000000000000, -0.000000000000000000 ) ) ;
#1873 = CARTESIAN_POINT ( 'NONE',  ( 9.000000000000000000, 23.49900632774392406, -12.41486306156780195 ) ) ;
#1874 = CARTESIAN_POINT ( 'NONE',  ( 10.99957077577199627, 12.17620559732641716, -6.808308021648397990 ) ) ;
#1875 = DIRECTION ( 'NONE',  ( -1.000000000000000000, -0.000000000000000000, -0.000000000000000000 ) ) ;
#1876 = CARTESIAN_POINT ( 'NONE',  ( -10.50000000000000533, -7.500000000000002665, -7.199999999999990408 ) ) ;
#1877 = EDGE_LOOP ( 'NONE', ( #4165, #2420, #4046, #528 ) ) ;
#1878 = VECTOR ( 'NONE', #3614, 1000.000000000000000 ) ;
#1879 = CARTESIAN_POINT ( 'NONE',  ( -13.90063566050613453, 24.46347748088117413, -11.78852817130053943 ) ) ;
#1880 = CARTESIAN_POINT ( 'NONE',  ( -11.39333576090896827, 21.17423583211418503, -1.999999999999998224 ) ) ;
#1881 = EDGE_CURVE ( 'NONE', #3722, #82, #3197, .T. ) ;
#1882 = LINE ( 'NONE', #3358, #4104 ) ;
#1883 = VERTEX_POINT ( 'NONE', #2250 ) ;
#1884 = CARTESIAN_POINT ( 'NONE',  ( -11.56475449029358060, 27.57625587880440321, -9.408831946284831105 ) ) ;
#1885 = CARTESIAN_POINT ( 'NONE',  ( -8.480659105311151080, 16.85280267578787061, -4.598206035085096843 ) ) ;
#1886 = CARTESIAN_POINT ( 'NONE',  ( -9.314156401845188782, 1.499999999999999556, -24.31645822793294087 ) ) ;
#1887 = CARTESIAN_POINT ( 'NONE',  ( -6.500000000000001776, 38.49999999999999289, -1.240440286910156065 ) ) ;
#1888 = PLANE ( 'NONE',  #4350 ) ;
#1889 = LINE ( 'NONE', #1525, #2057 ) ;
#1890 = ORIENTED_EDGE ( 'NONE', *, *, #1704, .F. ) ;
#1891 = ORIENTED_EDGE ( 'NONE', *, *, #3628, .F. ) ;
#1892 = EDGE_LOOP ( 'NONE', ( #973, #291, #2487, #25 ) ) ;
#1893 = CARTESIAN_POINT ( 'NONE',  ( 13.00000000000000178, -7.500000000000002665, -11.29999999999998828 ) ) ;
#1894 = CARTESIAN_POINT ( 'NONE',  ( -11.39333576090896827, 21.17423583211418503, -1.999999999999998224 ) ) ;
#1895 = CARTESIAN_POINT ( 'NONE',  ( 10.88259482778498821, 10.04845793115842056, -7.495888947090906029 ) ) ;
#1896 = EDGE_CURVE ( 'NONE', #432, #4007, #3327, .T. ) ;
#1897 = DIRECTION ( 'NONE',  ( 1.000000000000000000, 0.000000000000000000, 0.000000000000000000 ) ) ;
#1898 = ORIENTED_EDGE ( 'NONE', *, *, #1572, .F. ) ;
#1899 = VECTOR ( 'NONE', #3983, 1000.000000000000000 ) ;
#1900 = CARTESIAN_POINT ( 'NONE',  ( -10.31862528245889266, 16.85280267577195801, -4.598206035102461620 ) ) ;
#1901 = ORIENTED_EDGE ( 'NONE', *, *, #1021, .F. ) ;
#1902 = LINE ( 'NONE', #3382, #123 ) ;
#1903 = CARTESIAN_POINT ( 'NONE',  ( 9.314156401845188782, -2.105289773866326097, -24.27303419708717769 ) ) ;
#1904 = ORIENTED_EDGE ( 'NONE', *, *, #4074, .T. ) ;
#1905 = CARTESIAN_POINT ( 'NONE',  ( -11.49976275841742712, 24.52985140741887449, -11.38169557082816397 ) ) ;
#1906 = CYLINDRICAL_SURFACE ( 'NONE', #3513, 4.100000000000000533 ) ;
#1907 = VECTOR ( 'NONE', #738, 1000.000000000000000 ) ;
#1908 = CARTESIAN_POINT ( 'NONE',  ( -10.30000000000000959, 31.97423583211418574, -4.999999999999999112 ) ) ;
#1909 = CARTESIAN_POINT ( 'NONE',  ( -10.71073439848640341, 7.164276768158261532, -8.135877049356698976 ) ) ;
#1910 = CARTESIAN_POINT ( 'NONE',  ( 10.00000000000000178, -0.5000000000000019984, -26.79999999999999716 ) ) ;
#1911 = EDGE_CURVE ( 'NONE', #2278, #1141, #3516, .T. ) ;
#1912 = EDGE_LOOP ( 'NONE', ( #515, #1824, #1700, #1654 ) ) ;
#1913 = EDGE_CURVE ( 'NONE', #319, #1501, #4756, .T. ) ;
#1914 = ORIENTED_EDGE ( 'NONE', *, *, #4496, .F. ) ;
#1915 = FACE_OUTER_BOUND ( 'NONE', #3399, .T. ) ;
#1916 = CARTESIAN_POINT ( 'NONE',  ( -9.015586897261204768, 11.35926580847760015, -7.156861376591495905 ) ) ;
#1917 = EDGE_CURVE ( 'NONE', #2067, #122, #1849, .T. ) ;
#1918 = PLANE ( 'NONE',  #846 ) ;
#1919 = VECTOR ( 'NONE', #618, 1000.000000000000000 ) ;
#1920 = EDGE_CURVE ( 'NONE', #1045, #4747, #2282, .T. ) ;
#1921 = AXIS2_PLACEMENT_3D ( 'NONE', #1325, #1764, #3239 ) ;
#1922 = DIRECTION ( 'NONE',  ( 0.000000000000000000, -1.319024749480927545E-09, -1.000000000000000000 ) ) ;
#1923 = EDGE_LOOP ( 'NONE', ( #1898, #1551, #4551, #4033 ) ) ;
#1924 = CARTESIAN_POINT ( 'NONE',  ( -7.201755465154040081, 1.000000000000000000, -7.299999999999999822 ) ) ;
#1925 = VERTEX_POINT ( 'NONE', #1099 ) ;
#1926 = EDGE_CURVE ( 'NONE', #4210, #3880, #2643, .T. ) ;
#1927 = DESIGN_CONTEXT ( 'detailed design', #2737, 'design' ) ;
#1928 = CARTESIAN_POINT ( 'NONE',  ( 20.00000000000000000, 37.00000000000000000, -1.999999999999997335 ) ) ;
#1929 = CARTESIAN_POINT ( 'NONE',  ( -6.814156401845188782, -2.105289773866326097, -24.27303419708717769 ) ) ;
#1930 = ORIENTED_EDGE ( 'NONE', *, *, #1061, .F. ) ;
#1931 = DIRECTION ( 'NONE',  ( 1.000000000000000000, -0.000000000000000000, -0.000000000000000000 ) ) ;
#1932 = CARTESIAN_POINT ( 'NONE',  ( 4.982829460823276158, 39.85613555000821151, -1.621599420404159275 ) ) ;
#1933 = LINE ( 'NONE', #4452, #165 ) ;
#1934 = EDGE_CURVE ( 'NONE', #2721, #482, #2556, .T. ) ;
#1935 = ORIENTED_EDGE ( 'NONE', *, *, #2391, .T. ) ;
#1936 = B_SPLINE_SURFACE_WITH_KNOTS ( 'NONE', 3, 1, ( 
 ( #1868, #1116 ),
 ( #2246, #3626 ),
 ( #1403, #3995 ),
 ( #1071, #2959 ),
 ( #1844, #1138 ),
 ( #3268, #4414 ),
 ( #2592, #3324 ) ),
 .UNSPECIFIED., .F., .F., .F.,
 ( 4, 3, 4 ),
 ( 2, 2 ),
 ( 0.4950626590675412109, 0.7133693556664728597, 0.8380543322296571951 ),
 ( 0.000000000000000000, 1.000000000000000000 ),
 .UNSPECIFIED. ) ;
#1937 = CARTESIAN_POINT ( 'NONE',  ( 11.57258665348135196, 28.19782061321615529, -1.999999999999994893 ) ) ;
#1938 = CARTESIAN_POINT ( 'NONE',  ( -10.33124810884405242, 35.05368396867916658, -4.911167664594777271 ) ) ;
#1939 = EDGE_LOOP ( 'NONE', ( #351, #391, #3107, #761, #1334, #3443 ) ) ;
#1940 = EDGE_CURVE ( 'NONE', #3645, #4705, #464, .T. ) ;
#1941 = CIRCLE ( 'NONE', #1864, 4.100000000000000533 ) ;
#1942 = ORIENTED_EDGE ( 'NONE', *, *, #340, .F. ) ;
#1943 = EDGE_CURVE ( 'NONE', #799, #4030, #1827, .T. ) ;
#1944 = CARTESIAN_POINT ( 'NONE',  ( 11.46598558735001028, 24.50981756978733372, -11.58447388181069115 ) ) ;
#1945 = CARTESIAN_POINT ( 'NONE',  ( 0.000000000000000000, 38.44965655536967120, -40.00000000000000000 ) ) ;
#1946 = LINE ( 'NONE', #4223, #2074 ) ;
#1947 = ORIENTED_EDGE ( 'NONE', *, *, #2967, .T. ) ;
#1948 = MECHANICAL_CONTEXT ( 'NONE', #426, 'mechanical' ) ;
#1949 = ORIENTED_EDGE ( 'NONE', *, *, #920, .F. ) ;
#1950 = CARTESIAN_POINT ( 'NONE',  ( -10.02249554049301139, 12.98622009059891447, -13.85721968393044001 ) ) ;
#1951 = VECTOR ( 'NONE', #3804, 1000.000000000000000 ) ;
#1952 = CARTESIAN_POINT ( 'NONE',  ( 4.110054558260259228, 40.08461363044835224, -40.00000000000000000 ) ) ;
#1953 = VERTEX_POINT ( 'NONE', #3701 ) ;
#1954 = CARTESIAN_POINT ( 'NONE',  ( -11.55038477739757674, 26.43346390512861532, -10.14808338026706380 ) ) ;
#1955 = FACE_OUTER_BOUND ( 'NONE', #1923, .T. ) ;
#1956 = VECTOR ( 'NONE', #2340, 1000.000000000000000 ) ;
#1957 = ADVANCED_FACE ( 'NONE', ( #1915 ), #596, .T. ) ;
#1958 = PLANE ( 'NONE',  #2651 ) ;
#1959 = CARTESIAN_POINT ( 'NONE',  ( 11.25013329847942245, 26.20956562689995195, -10.65460527088372622 ) ) ;
#1960 = CARTESIAN_POINT ( 'NONE',  ( -9.987912250137210179, -1.947001738313457464, 7.826247765225204489 ) ) ;
#1961 = CARTESIAN_POINT ( 'NONE',  ( -11.04159192167566239, 32.12161295573258002, -6.815276844196746175 ) ) ;
#1962 = ORIENTED_EDGE ( 'NONE', *, *, #778, .F. ) ;
#1963 = ORIENTED_EDGE ( 'NONE', *, *, #300, .F. ) ;
#1964 = LINE ( 'NONE', #3118, #786 ) ;
#1965 = LINE ( 'NONE', #4197, #3889 ) ;
#1966 = DIRECTION ( 'NONE',  ( 0.000000000000000000, -0.5446390350150290827, 0.8386705679454227180 ) ) ;
#1967 = ORIENTED_EDGE ( 'NONE', *, *, #220, .T. ) ;
#1968 = PERSON_AND_ORGANIZATION ( #1576, #3741 ) ;
#1969 = EDGE_LOOP ( 'NONE', ( #3640, #1527, #2289 ) ) ;
#1970 = CARTESIAN_POINT ( 'NONE',  ( -10.21099132498761541, 17.19085956419003480, -11.12669488312845090 ) ) ;
#1971 = VECTOR ( 'NONE', #4391, 1000.000000000000000 ) ;
#1972 = CARTESIAN_POINT ( 'NONE',  ( -11.38600878330571931, 20.96459942489315509, -1.999999999999987121 ) ) ;
#1973 = ORIENTED_EDGE ( 'NONE', *, *, #2425, .T. ) ;
#1974 = LINE ( 'NONE', #2682, #3826 ) ;
#1975 = B_SPLINE_CURVE_WITH_KNOTS ( 'NONE', 3,
 ( #313, #756, #4748, #732 ),
 .UNSPECIFIED., .F., .F.,
 ( 4, 4 ),
 ( 0.000000000000000000, 0.009006132165132529205 ),
 .UNSPECIFIED. ) ;
#1976 = CARTESIAN_POINT ( 'NONE',  ( -10.90824369857254439, 16.26628915409176912, -17.11184451358760938 ) ) ;
#1977 = FACE_OUTER_BOUND ( 'NONE', #4728, .T. ) ;
#1978 = EDGE_CURVE ( 'NONE', #3391, #1587, #3678, .T. ) ;
#1979 = CARTESIAN_POINT ( 'NONE',  ( 6.814156401845188782, 0.4107219299699428339, -22.63911709204209544 ) ) ;
#1980 = CARTESIAN_POINT ( 'NONE',  ( -8.008401279806596662, 38.23916472171142544, -2.842492275591181894 ) ) ;
#1981 = ORIENTED_EDGE ( 'NONE', *, *, #1940, .F. ) ;
#1982 = AXIS2_PLACEMENT_3D ( 'NONE', #4047, #749, #3685 ) ;
#1983 = VERTEX_POINT ( 'NONE', #3658 ) ;
#1984 = PLANE ( 'NONE',  #3174 ) ;
#1985 = DIRECTION ( 'NONE',  ( -1.662020612589301938E-16, 1.000000000000000000, 0.000000000000000000 ) ) ;
#1986 = DIRECTION ( 'NONE',  ( -0.000000000000000000, -0.000000000000000000, -1.000000000000000000 ) ) ;
#1987 = VERTEX_POINT ( 'NONE', #344 ) ;
#1988 = APPROVAL_STATUS ( 'not_yet_approved' ) ;
#1989 = EDGE_CURVE ( 'NONE', #659, #763, #2864, .T. ) ;
#1990 = ORIENTED_EDGE ( 'NONE', *, *, #2708, .F. ) ;
#1991 = AXIS2_PLACEMENT_3D ( 'NONE', #3138, #2023, #2387 ) ;
#1992 = DIRECTION ( 'NONE',  ( 0.000000000000000000, 0.000000000000000000, -1.000000000000000000 ) ) ;
#1993 = CIRCLE ( 'NONE', #4688, 4.099999999999999645 ) ;
#1994 = EDGE_CURVE ( 'NONE', #4543, #2945, #27, .T. ) ;
#1995 = CARTESIAN_POINT ( 'NONE',  ( 9.314156401845188782, -1.016011703836269486, -25.95037533297802312 ) ) ;
#1996 = VERTEX_POINT ( 'NONE', #4083 ) ;
#1997 = DIRECTION ( 'NONE',  ( -1.000000000000000000, 0.000000000000000000, 0.000000000000000000 ) ) ;
#1998 = EDGE_CURVE ( 'NONE', #3158, #4468, #624, .T. ) ;
#1999 = CARTESIAN_POINT ( 'NONE',  ( -10.50000000000000355, -7.500000000000002665, -11.29999999999999005 ) ) ;
#2000 = DIRECTION ( 'NONE',  ( -1.000000000000000000, -9.008449936147200173E-17, -5.850155791473641481E-17 ) ) ;
#2001 = CARTESIAN_POINT ( 'NONE',  ( 11.52180746944138434, 29.82389359987354993, -7.958617877671981589 ) ) ;
#2002 = DIRECTION ( 'NONE',  ( 0.000000000000000000, -0.8386705679454236062, -0.5446390350150277504 ) ) ;
#2003 = CARTESIAN_POINT ( 'NONE',  ( -11.22501983234441347, 29.90330975128398094, -8.255859789180000519 ) ) ;
#2004 = ORIENTED_EDGE ( 'NONE', *, *, #195, .F. ) ;
#2005 = DIRECTION ( 'NONE',  ( -0.000000000000000000, -0.000000000000000000, 1.000000000000000000 ) ) ;
#2006 = ORIENTED_EDGE ( 'NONE', *, *, #3794, .T. ) ;
#2007 = CARTESIAN_POINT ( 'NONE',  ( -5.999999999999996447, -0.5000000000000019984, -16.30000000000000071 ) ) ;
#2008 = CARTESIAN_POINT ( 'NONE',  ( -9.400000000000000355, 26.17423583211419214, -1.999999999999999556 ) ) ;
#2009 = DIRECTION ( 'NONE',  ( -0.000000000000000000, 1.000000000000000000, -0.000000000000000000 ) ) ;
#2010 = EDGE_CURVE ( 'NONE', #3677, #1609, #4236, .T. ) ;
#2011 = VECTOR ( 'NONE', #2479, 1000.000000000000000 ) ;
#2012 = ORIENTED_EDGE ( 'NONE', *, *, #1855, .T. ) ;
#2013 = PERSON_AND_ORGANIZATION ( #1576, #3741 ) ;
#2014 = CARTESIAN_POINT ( 'NONE',  ( 11.19303845179054768, 24.46347748088117413, -11.78852817130053943 ) ) ;
#2015 = LINE ( 'NONE', #4206, #410 ) ;
#2016 = ORIENTED_EDGE ( 'NONE', *, *, #4074, .F. ) ;
#2017 = CARTESIAN_POINT ( 'NONE',  ( 7.979351023367988738, 38.26101406233823354, -2.828303147881792157 ) ) ;
#2018 = DIRECTION ( 'NONE',  ( -1.000000000000000000, 0.000000000000000000, 0.000000000000000000 ) ) ;
#2019 = EDGE_CURVE ( 'NONE', #1461, #1211, #1283, .T. ) ;
#2020 = EDGE_LOOP ( 'NONE', ( #1631, #892, #1947, #3135, #4492 ) ) ;
#2021 = FACE_OUTER_BOUND ( 'NONE', #2535, .T. ) ;
#2022 = CARTESIAN_POINT ( 'NONE',  ( 11.02762953583249228, 32.22961770314682894, -6.745137741124541897 ) ) ;
#2023 = DIRECTION ( 'NONE',  ( 1.000000000000000000, 0.000000000000000000, 0.000000000000000000 ) ) ;
#2024 = DIRECTION ( 'NONE',  ( 0.000000000000000000, 0.000000000000000000, 1.000000000000000000 ) ) ;
#2025 = CARTESIAN_POINT ( 'NONE',  ( 10.22238026054328586, 17.23726800920508140, -11.09655688653529992 ) ) ;
#2026 = VECTOR ( 'NONE', #4094, 1000.000000000000000 ) ;
#2027 = ORIENTED_EDGE ( 'NONE', *, *, #3377, .F. ) ;
#2028 = LINE ( 'NONE', #265, #2072 ) ;
#2029 = AXIS2_PLACEMENT_3D ( 'NONE', #1003, #3948, #644 ) ;
#2030 = EDGE_LOOP ( 'NONE', ( #2143, #137 ) ) ;
#2031 = DIRECTION ( 'NONE',  ( 1.000000000000000000, -0.000000000000000000, -0.000000000000000000 ) ) ;
#2032 = CARTESIAN_POINT ( 'NONE',  ( -8.886940612966228059, -1.947001738055370579, 7.826247764714239885 ) ) ;
#2033 = PLANE ( 'NONE',  #3537 ) ;
#2034 = ORIENTED_EDGE ( 'NONE', *, *, #3794, .F. ) ;
#2035 = PLANE ( 'NONE',  #4524 ) ;
#2036 = CARTESIAN_POINT ( 'NONE',  ( 0.5000000000000001110, 39.50000000000000000, 4.336808689942017736E-16 ) ) ;
#2037 = VECTOR ( 'NONE', #3726, 1000.000000000000000 ) ;
#2038 = CARTESIAN_POINT ( 'NONE',  ( 0.3253507922436227329, 40.79496802754682960, -1.182734202062360351 ) ) ;
#2039 = ORIENTED_EDGE ( 'NONE', *, *, #3796, .F. ) ;
#2040 = CARTESIAN_POINT ( 'NONE',  ( 6.904570743340890715, 38.93959334267167804, -2.387628610646695737 ) ) ;
#2041 = DIRECTION ( 'NONE',  ( -5.337610695313253357E-16, 0.000000000000000000, 1.000000000000000000 ) ) ;
#2042 = ORIENTED_EDGE ( 'NONE', *, *, #406, .F. ) ;
#2043 = DIRECTION ( 'NONE',  ( 0.000000000000000000, -0.5446390350150284165, 0.8386705679454231621 ) ) ;
#2044 = CARTESIAN_POINT ( 'NONE',  ( 8.989396832995089071, 37.60608812146788438, -3.253617026862380079 ) ) ;
#2045 = AXIS2_PLACEMENT_3D ( 'NONE', #2491, #3188, #629 ) ;
#2046 = CARTESIAN_POINT ( 'NONE',  ( 7.798244534931241922, 1.000000000000000000, -6.299999999999999822 ) ) ;
#2047 = CARTESIAN_POINT ( 'NONE',  ( -9.735423848917200473, 36.83013567637613761, -0.3723725375075759292 ) ) ;
#2048 = CARTESIAN_POINT ( 'NONE',  ( -7.025541718435962757, 39.05210396001008633, -2.314563361441763334 ) ) ;
#2049 = ORIENTED_EDGE ( 'NONE', *, *, #1748, .T. ) ;
#2050 = DIRECTION ( 'NONE',  ( 0.000000000000000000, 0.000000000000000000, 1.000000000000000000 ) ) ;
#2051 = ORIENTED_EDGE ( 'NONE', *, *, #3619, .F. ) ;
#2052 = EDGE_CURVE ( 'NONE', #1185, #3821, #2317, .T. ) ;
#2053 = DIRECTION ( 'NONE',  ( 0.000000000000000000, 0.8386705679454227180, 0.5446390350150290827 ) ) ;
#2054 = CARTESIAN_POINT ( 'NONE',  ( 4.798244534931242811, 1.000000000000000000, -7.300000000000000711 ) ) ;
#2055 = ADVANCED_FACE ( 'NONE', ( #4511, #2394 ), #1984, .T. ) ;
#2056 = CARTESIAN_POINT ( 'NONE',  ( -10.00000000000000000, 26.17423583211419214, -4.999999999999999112 ) ) ;
#2057 = VECTOR ( 'NONE', #46, 1000.000000000000000 ) ;
#2058 = VERTEX_POINT ( 'NONE', #485 ) ;
#2059 = EDGE_CURVE ( 'NONE', #3216, #4256, #4485, .T. ) ;
#2060 = CARTESIAN_POINT ( 'NONE',  ( 20.00000000000000000, 0.000000000000000000, -8.300000000000000711 ) ) ;
#2061 = EDGE_CURVE ( 'NONE', #244, #222, #1964, .T. ) ;
#2062 = ADVANCED_FACE ( 'NONE', ( #4579 ), #834, .F. ) ;
#2063 = CARTESIAN_POINT ( 'NONE',  ( 7.798244534931241922, 1.000000000000000000, -6.299999999999999822 ) ) ;
#2064 = CARTESIAN_POINT ( 'NONE',  ( -13.91063566050613787, 23.49999999999999289, -7.029491177587661177 ) ) ;
#2065 = EDGE_CURVE ( 'NONE', #1059, #192, #3917, .T. ) ;
#2066 = DIRECTION ( 'NONE',  ( 0.000000000000000000, 0.000000000000000000, -1.000000000000000000 ) ) ;
#2067 = VERTEX_POINT ( 'NONE', #856 ) ;
#2068 = AXIS2_PLACEMENT_3D ( 'NONE', #3883, #3164, #179 ) ;
#2069 = CARTESIAN_POINT ( 'NONE',  ( 9.699999999999999289, 31.97423583211418574, -1.999999999999999556 ) ) ;
#2070 = CARTESIAN_POINT ( 'NONE',  ( 11.19988452187897643, 24.70178965234308066, -11.63376643760176243 ) ) ;
#2071 = EDGE_CURVE ( 'NONE', #2676, #1492, #1625, .T. ) ;
#2072 = VECTOR ( 'NONE', #2005, 1000.000000000000000 ) ;
#2073 = VERTEX_POINT ( 'NONE', #3505 ) ;
#2074 = VECTOR ( 'NONE', #2860, 1000.000000000000000 ) ;
#2075 = CARTESIAN_POINT ( 'NONE',  ( 5.686516977087450186, 39.63397473833688167, -1.936692059721466519 ) ) ;
#2076 = CARTESIAN_POINT ( 'NONE',  ( -6.707106781186548794, 37.00000000000000000, -1.999999999999997335 ) ) ;
#2077 = CARTESIAN_POINT ( 'NONE',  ( 0.000000000000000000, 23.49900632774392406, -12.41486306156780195 ) ) ;
#2078 = CARTESIAN_POINT ( 'NONE',  ( 10.43743636266770736, 23.49999999999999289, -7.029491177760974097 ) ) ;
#2079 = ORIENTED_EDGE ( 'NONE', *, *, #1288, .F. ) ;
#2080 = ADVANCED_FACE ( 'NONE', ( #4220 ), #3479, .F. ) ;
#2081 = EDGE_CURVE ( 'NONE', #4230, #3072, #923, .T. ) ;
#2082 = CARTESIAN_POINT ( 'NONE',  ( -10.16752960478651602, -0.4337780986805833683, -27.64163320650128242 ) ) ;
#2083 = ORIENTED_EDGE ( 'NONE', *, *, #916, .T. ) ;
#2084 = CARTESIAN_POINT ( 'NONE',  ( 4.110054558260259228, 40.08461363044835224, -1.476214065494405148 ) ) ;
#2085 = CARTESIAN_POINT ( 'NONE',  ( 11.49308960081462416, 24.29751121965135496, -11.53296254045744362 ) ) ;
#2086 = PLANE ( 'NONE',  #2910 ) ;
#2087 = ADVANCED_FACE ( 'NONE', ( #2669 ), #2734, .F. ) ;
#2088 = EDGE_CURVE ( 'NONE', #3765, #4648, #118, .T. ) ;
#2089 = VERTEX_POINT ( 'NONE', #3777 ) ;
#2090 = CARTESIAN_POINT ( 'NONE',  ( -8.765897892541502756, 37.55439044377864377, -3.287189891307080281 ) ) ;
#2091 = CARTESIAN_POINT ( 'NONE',  ( -10.43743682286083008, 23.50000000002721734, -7.029491177587661177 ) ) ;
#2092 = ORIENTED_EDGE ( 'NONE', *, *, #2281, .T. ) ;
#2093 = CYLINDRICAL_SURFACE ( 'NONE', #4601, 0.3000000000000016542 ) ;
#2094 = CARTESIAN_POINT ( 'NONE',  ( -11.19774277434156318, 24.62678181805203792, -11.68247709473966012 ) ) ;
#2095 = VERTEX_POINT ( 'NONE', #2007 ) ;
#2096 = FACE_OUTER_BOUND ( 'NONE', #2995, .T. ) ;
#2097 = CARTESIAN_POINT ( 'NONE',  ( -9.109320454306557124, 19.67538454324389008, -8.944600960594060624 ) ) ;
#2098 = ORIENTED_EDGE ( 'NONE', *, *, #2242, .F. ) ;
#2099 = DIRECTION ( 'NONE',  ( 1.000000000000000000, 0.000000000000000000, -0.000000000000000000 ) ) ;
#2100 = CARTESIAN_POINT ( 'NONE',  ( 10.90008334678964275, 34.13142739427245687, -5.510088086889049386 ) ) ;
#2101 = CARTESIAN_POINT ( 'NONE',  ( -9.739854145008290942, 7.755190306436008818, -20.25429014610973866 ) ) ;
#2102 = DIRECTION ( 'NONE',  ( 0.000000000000000000, 0.000000000000000000, -1.000000000000000000 ) ) ;
#2103 = CARTESIAN_POINT ( 'NONE',  ( 9.859349937316929768, 9.903379311217221925, -15.85923989485154095 ) ) ;
#2104 = EDGE_CURVE ( 'NONE', #1446, #4007, #1629, .T. ) ;
#2105 = ORIENTED_EDGE ( 'NONE', *, *, #1934, .F. ) ;
#2106 = DIRECTION ( 'NONE',  ( 1.000000000000000000, -0.000000000000000000, -0.000000000000000000 ) ) ;
#2107 = ORIENTED_EDGE ( 'NONE', *, *, #3711, .F. ) ;
#2108 = B_SPLINE_CURVE_WITH_KNOTS ( 'NONE', 3,
 ( #3452, #917, #3389, #71, #1545, #460, #1937, #2342, #3407, #4506 ),
 .UNSPECIFIED., .F., .F.,
 ( 4, 1, 1, 1, 1, 1, 1, 4 ),
 ( 0.3572270409278121006, 0.3749280420331938535, 0.4999333717965223078, 0.6249387015598508732, 0.7499440313231795496, 0.8749493610865080040, 0.9374520259681723422, 0.9999546908498365694 ),
 .UNSPECIFIED. ) ;
#2109 = DIRECTION ( 'NONE',  ( 4.336808689942021680E-16, -1.000000000000000000, 0.000000000000000000 ) ) ;
#2110 = CARTESIAN_POINT ( 'NONE',  ( 4.798244534931242811, 1.000000000000000000, -7.300000000000000711 ) ) ;
#2111 = CARTESIAN_POINT ( 'NONE',  ( 0.5000000000000001110, 39.50000000000000000, -0.7340671448502610330 ) ) ;
#2112 = VECTOR ( 'NONE', #1010, 1000.000000000000114 ) ;
#2113 = ORIENTED_EDGE ( 'NONE', *, *, #1085, .F. ) ;
#2114 = CARTESIAN_POINT ( 'NONE',  ( 9.314156401845188782, 0.4107219299699428339, -22.63911709204209544 ) ) ;
#2115 = FACE_OUTER_BOUND ( 'NONE', #2960, .T. ) ;
#2116 = CARTESIAN_POINT ( 'NONE',  ( 4.500000000000003553, -0.4999999999999916733, -25.61527341432796234 ) ) ;
#2117 = CARTESIAN_POINT ( 'NONE',  ( 4.000000000000000000, 23.49999999604292000, -10.02949118015741092 ) ) ;
#2118 = ORIENTED_EDGE ( 'NONE', *, *, #4565, .F. ) ;
#2119 = DIRECTION ( 'NONE',  ( -1.000000000000000000, 0.000000000000000000, 0.000000000000000000 ) ) ;
#2120 = AXIS2_PLACEMENT_3D ( 'NONE', #28, #3349, #3702 ) ;
#2121 = DIRECTION ( 'NONE',  ( 0.000000000000000000, 0.000000000000000000, -1.000000000000000000 ) ) ;
#2122 = CC_DESIGN_DATE_AND_TIME_ASSIGNMENT ( #2697, #1586, ( #539 ) ) ;
#2123 = ORIENTED_EDGE ( 'NONE', *, *, #4477, .T. ) ;
#2124 = PLANE ( 'NONE',  #3037 ) ;
#2125 = CARTESIAN_POINT ( 'NONE',  ( 10.64644850048281555, 34.08520902179567003, -5.540102648922572648 ) ) ;
#2126 = DIRECTION ( 'NONE',  ( -0.2202372497127699225, 0.9754463357043047234, 0.000000000000000000 ) ) ;
#2127 = CARTESIAN_POINT ( 'NONE',  ( -1.201755465111398635, 0.000000000000000000, -7.299999999999999822 ) ) ;
#2128 = DIRECTION ( 'NONE',  ( 0.000000000000000000, -0.8386705679454236062, -0.5446390350150277504 ) ) ;
#2129 = ORIENTED_EDGE ( 'NONE', *, *, #4200, .F. ) ;
#2130 = VECTOR ( 'NONE', #1478, 1000.000000000000000 ) ;
#2131 = CARTESIAN_POINT ( 'NONE',  ( -13.91063566050613431, -0.5000000000000023315, -25.61527341432796945 ) ) ;
#2132 = EDGE_LOOP ( 'NONE', ( #47, #4508 ) ) ;
#2133 = EDGE_CURVE ( 'NONE', #3986, #2256, #4707, .T. ) ;
#2134 = CARTESIAN_POINT ( 'NONE',  ( -9.173227798499842933, 15.57958993913916146, -5.327863580978497104 ) ) ;
#2135 = CARTESIAN_POINT ( 'NONE',  ( -9.495842282480213115, 37.00000000000000000, -1.999999999999997335 ) ) ;
#2136 = CARTESIAN_POINT ( 'NONE',  ( 11.13201040479124515, 11.69491191886413439, -10.00625500819774949 ) ) ;
#2137 = VERTEX_POINT ( 'NONE', #1605 ) ;
#2138 = CARTESIAN_POINT ( 'NONE',  ( 10.30000000000000959, 31.97423583211418574, -1.999999999999999556 ) ) ;
#2139 = CIRCLE ( 'NONE', #1677, 5.000000000000000888 ) ;
#2140 = EDGE_CURVE ( 'NONE', #2537, #3411, #1, .T. ) ;
#2141 = CARTESIAN_POINT ( 'NONE',  ( -11.47500277675702307, 23.68196757269208064, -10.58510844480623803 ) ) ;
#2142 = PLANE ( 'NONE',  #102 ) ;
#2143 = ORIENTED_EDGE ( 'NONE', *, *, #89, .F. ) ;
#2144 = CARTESIAN_POINT ( 'NONE',  ( 0.1865852762510367135, 40.97045845078728377, 0.01053352114341791178 ) ) ;
#2145 = ADVANCED_FACE ( 'NONE', ( #2833 ), #3193, .T. ) ;
#2146 = ORIENTED_EDGE ( 'NONE', *, *, #1433, .F. ) ;
#2147 = ADVANCED_BREP_SHAPE_REPRESENTATION ( 'onebody-12-jiegoujian', ( #1548, #4637, #1274 ), #3291 ) ;
#2148 = DIRECTION ( 'NONE',  ( -3.637153807064321540E-16, 0.8386705679454231621, 0.5446390350150284165 ) ) ;
#2149 = ADVANCED_FACE ( 'NONE', ( #4293 ), #3220, .T. ) ;
#2150 = CARTESIAN_POINT ( 'NONE',  ( 10.78832271559678269, 34.50223855018101915, -5.269280506599240965 ) ) ;
#2151 = CARTESIAN_POINT ( 'NONE',  ( 7.798244534931243699, 0.000000000000000000, -7.300000000000000711 ) ) ;
#2152 = DIRECTION ( 'NONE',  ( -1.000000000000000000, 0.000000000000000000, -3.469446951953613696E-16 ) ) ;
#2153 = CARTESIAN_POINT ( 'NONE',  ( 9.467296205100112161, 3.600091888353897929, -19.95264260932954770 ) ) ;
#2154 = AXIS2_PLACEMENT_3D ( 'NONE', #4031, #727, #1111 ) ;
#2155 = ORIENTED_EDGE ( 'NONE', *, *, #3721, .F. ) ;
#2156 = VECTOR ( 'NONE', #578, 1000.000000000000000 ) ;
#2157 = EDGE_LOOP ( 'NONE', ( #314, #2885, #238, #3501, #4035, #2312, #484, #655, #3706, #508 ) ) ;
#2158 = CARTESIAN_POINT ( 'NONE',  ( -5.999999999999996447, -23.50000000000000000, -26.80000000000000071 ) ) ;
#2159 = DIRECTION ( 'NONE',  ( -0.000000000000000000, -0.000000000000000000, -1.000000000000000000 ) ) ;
#2160 = CARTESIAN_POINT ( 'NONE',  ( 7.563394355258877354E-15, -7.500000000000002665, -21.80000000000000071 ) ) ;
#2161 = ORIENTED_EDGE ( 'NONE', *, *, #554, .T. ) ;
#2162 = CARTESIAN_POINT ( 'NONE',  ( 11.49982347367270030, 24.53198176608682246, -11.38078179612294072 ) ) ;
#2163 = EDGE_CURVE ( 'NONE', #3880, #3072, #3552, .T. ) ;
#2164 = PLANE ( 'NONE',  #3005 ) ;
#2165 = DIRECTION ( 'NONE',  ( 1.000000000000000000, -0.000000000000000000, -0.000000000000000000 ) ) ;
#2166 = CYLINDRICAL_SURFACE ( 'NONE', #1182, 0.5999999999999998668 ) ;
#2167 = ORIENTED_EDGE ( 'NONE', *, *, #950, .F. ) ;
#2168 = CARTESIAN_POINT ( 'NONE',  ( 9.314156401845188782, 1.500000000000000444, -21.31645822793294087 ) ) ;
#2169 = CIRCLE ( 'NONE', #83, 4.100000000000000533 ) ;
#2170 = ORIENTED_EDGE ( 'NONE', *, *, #737, .F. ) ;
#2171 = DIRECTION ( 'NONE',  ( -3.469446951953619612E-16, 0.000000000000000000, 1.000000000000000000 ) ) ;
#2172 = ORIENTED_EDGE ( 'NONE', *, *, #2204, .T. ) ;
#2173 = CARTESIAN_POINT ( 'NONE',  ( 4.041845982919947566, 39.95586224202692449, -1.727655870674944305 ) ) ;
#2174 = CARTESIAN_POINT ( 'NONE',  ( 11.51777377560766169, 25.07025644042358437, -11.44735753722967964 ) ) ;
#2175 = ORIENTED_EDGE ( 'NONE', *, *, #1588, .F. ) ;
#2176 = LINE ( 'NONE', #3646, #3422 ) ;
#2177 = ORIENTED_EDGE ( 'NONE', *, *, #4334, .T. ) ;
#2178 = CARTESIAN_POINT ( 'NONE',  ( 10.76232331062903924, 7.737417795216559924, -22.28081906363977893 ) ) ;
#2179 = DIRECTION ( 'NONE',  ( -0.000000000000000000, -0.5446390350150284165, 0.8386705679454230511 ) ) ;
#2180 = DIRECTION ( 'NONE',  ( 1.000000000000000000, -0.000000000000000000, -0.000000000000000000 ) ) ;
#2181 = ORIENTED_EDGE ( 'NONE', *, *, #3252, .F. ) ;
#2182 = AXIS2_PLACEMENT_3D ( 'NONE', #242, #2159, #1381 ) ;
#2183 = VERTEX_POINT ( 'NONE', #2810 ) ;
#2184 = DIRECTION ( 'NONE',  ( 0.000000000000000000, 0.000000000000000000, -1.000000000000000000 ) ) ;
#2185 = CARTESIAN_POINT ( 'NONE',  ( 10.16340864070841654, -0.4856600916460486195, -27.55365472174779740 ) ) ;
#2186 = CARTESIAN_POINT ( 'NONE',  ( 4.000000000000000000, 23.49999999999999289, -7.029491177760974097 ) ) ;
#2187 = CARTESIAN_POINT ( 'NONE',  ( -10.31862528538426460, 19.93511672409532665, -9.344553445917537005 ) ) ;
#2188 = VECTOR ( 'NONE', #3228, 1000.000000000000000 ) ;
#2189 = VERTEX_POINT ( 'NONE', #611 ) ;
#2190 = DIRECTION ( 'NONE',  ( -1.000000000000000000, 0.000000000000000000, -0.000000000000000000 ) ) ;
#2191 = CARTESIAN_POINT ( 'NONE',  ( 0.5505931242819314120, 40.88827239463042673, -40.00000000000000000 ) ) ;
#2192 = LINE ( 'NONE', #3954, #1878 ) ;
#2193 = ORIENTED_EDGE ( 'NONE', *, *, #3424, .T. ) ;
#2194 = CYLINDRICAL_SURFACE ( 'NONE', #4446, 2.550000000000000266 ) ;
#2195 = CARTESIAN_POINT ( 'NONE',  ( 11.51777377560766169, 25.07025644042358437, -0.3723725375075759292 ) ) ;
#2196 = VERTEX_POINT ( 'NONE', #946 ) ;
#2197 = CLOSED_SHELL ( 'NONE', ( #4767, #3357, #3836, #3482, #874, #1140, #4472, #1037, #196, #751, #4076, #1799, #4061, #2631, #3280, #2055, #284, #2274, #3769, #2813, #2732, #2949, #2869, #3666, #2922, #3734, #640, #2857, #2267, #2931, #428, #4628, #4718, #3500, #3587, #2637, #795, #4126, #2080, #2062, #2789, #2231, #193, #2591, #55, #1342, #1957, #2991, #712, #2296, #1858, #4764, #2506, #1581, #886, #3129, #1871, #4590, #1158, #2645, #1209, #4409, #1222, #910, #1375, #1604, #3848, #2884, #716, #3648, #4123, #3098, #2206, #2915, #1230, #2917, #186, #859, #1221, #2145, #129, #3788, #595, #3225, #276, #1628, #3483, #2212, #221, #4127, #1280, #1410, #488, #4609, #3943, #4201, #1135, #4099, #2486, #3994, #347, #4347, #3223, #2087, #997, #2936, #3272, #4510, #3363, #4151, #542, #1563, #189, #2349, #1214, #3020, #1703, #3693, #54, #929, #4616, #2587, #2149, #4185 ) ) ;
#2198 = PLANE ( 'NONE',  #2339 ) ;
#2199 = ORIENTED_EDGE ( 'NONE', *, *, #2271, .T. ) ;
#2200 = CARTESIAN_POINT ( 'NONE',  ( 7.798244534931243699, 1.000000000000000000, -7.300000000000000711 ) ) ;
#2201 = CARTESIAN_POINT ( 'NONE',  ( -8.217620003918179705, 19.93511672475990437, -9.344553446893073101 ) ) ;
#2202 = VERTEX_POINT ( 'NONE', #1041 ) ;
#2203 = VECTOR ( 'NONE', #2976, 1000.000000000000000 ) ;
#2204 = EDGE_CURVE ( 'NONE', #2616, #649, #2474, .T. ) ;
#2205 = ORIENTED_EDGE ( 'NONE', *, *, #3120, .T. ) ;
#2206 = ADVANCED_FACE ( 'NONE', ( #4602, #1697 ), #2880, .T. ) ;
#2207 = CARTESIAN_POINT ( 'NONE',  ( -7.000000000000000000, 37.50000000000000000, -0.4999999999999995559 ) ) ;
#2208 = CARTESIAN_POINT ( 'NONE',  ( -4.201755465111398635, 0.000000000000000000, -6.299999999999998046 ) ) ;
#2209 = PLANE ( 'NONE',  #3772 ) ;
#2210 = FACE_OUTER_BOUND ( 'NONE', #4436, .T. ) ;
#2211 = CARTESIAN_POINT ( 'NONE',  ( -4.201755465111398635, 1.000000000000000000, -7.299999999999999822 ) ) ;
#2212 = ADVANCED_FACE ( 'NONE', ( #4708 ), #4344, .F. ) ;
#2213 = VERTEX_POINT ( 'NONE', #1745 ) ;
#2214 = DIRECTION ( 'NONE',  ( 0.000000000000000000, -0.8386705679454240503, -0.5446390350150269732 ) ) ;
#2215 = FACE_OUTER_BOUND ( 'NONE', #3442, .T. ) ;
#2216 = CARTESIAN_POINT ( 'NONE',  ( -8.549903738579207157, 16.85280267577730484, -4.598206035107921252 ) ) ;
#2217 = EDGE_LOOP ( 'NONE', ( #1813, #3369, #1098, #733 ) ) ;
#2218 = DIRECTION ( 'NONE',  ( 0.000000000000000000, 0.000000000000000000, 1.000000000000000000 ) ) ;
#2219 = LINE ( 'NONE', #3316, #2203 ) ;
#2220 = LINE ( 'NONE', #1399, #2805 ) ;
#2221 = VECTOR ( 'NONE', #277, 1000.000000000000000 ) ;
#2222 = CARTESIAN_POINT ( 'NONE',  ( -11.50235730490958375, 24.62019362342095974, -11.68675551835913851 ) ) ;
#2223 = CARTESIAN_POINT ( 'NONE',  ( -8.125142622138790571, 17.41856970546785277, -10.97881818980379265 ) ) ;
#2224 = LINE ( 'NONE', #2569, #1907 ) ;
#2225 = ORIENTED_EDGE ( 'NONE', *, *, #4265, .F. ) ;
#2226 = CIRCLE ( 'NONE', #2464, 0.6000000000000103029 ) ;
#2227 = ORIENTED_EDGE ( 'NONE', *, *, #2391, .F. ) ;
#2228 = CARTESIAN_POINT ( 'NONE',  ( 4.798244534931242811, 1.000000000000000000, -6.299999999999999822 ) ) ;
#2229 = DIRECTION ( 'NONE',  ( 0.000000000000000000, 0.000000000000000000, 1.000000000000000000 ) ) ;
#2230 = DIRECTION ( 'NONE',  ( -1.000000000000000000, 0.000000000000000000, 0.000000000000000000 ) ) ;
#2231 = ADVANCED_FACE ( 'NONE', ( #3576, #2783 ), #1401, .T. ) ;
#2232 = DIRECTION ( 'NONE',  ( 0.000000000000000000, 1.000000000000000000, 0.000000000000000000 ) ) ;
#2233 = CARTESIAN_POINT ( 'NONE',  ( 9.400000000000000355, 26.17423583211419214, -1.999999999999999556 ) ) ;
#2234 = ORIENTED_EDGE ( 'NONE', *, *, #702, .F. ) ;
#2235 = LINE ( 'NONE', #4765, #1364 ) ;
#2236 = FACE_OUTER_BOUND ( 'NONE', #4385, .T. ) ;
#2237 = CARTESIAN_POINT ( 'NONE',  ( -7.869805849729389458, 8.267273453059997834, -7.902356734039884145 ) ) ;
#2238 = ORIENTED_EDGE ( 'NONE', *, *, #4289, .T. ) ;
#2239 = CARTESIAN_POINT ( 'NONE',  ( 9.467296205100112161, 3.600091888353897929, -19.95264260923915955 ) ) ;
#2240 = CARTESIAN_POINT ( 'NONE',  ( 10.00000000000000000, 26.17423583211419214, -4.999999999999999112 ) ) ;
#2241 = VECTOR ( 'NONE', #4063, 1000.000000000000000 ) ;
#2242 = EDGE_CURVE ( 'NONE', #704, #3609, #4268, .T. ) ;
#2243 = LINE ( 'NONE', #3716, #724 ) ;
#2244 = CARTESIAN_POINT ( 'NONE',  ( 11.20795341461530903, 16.08945740341192021, -16.86024140768293833 ) ) ;
#2245 = DIRECTION ( 'NONE',  ( -0.000000000000000000, -0.000000000000000000, -1.000000000000000000 ) ) ;
#2246 = CARTESIAN_POINT ( 'NONE',  ( -10.06971081163536219, 9.843562464187844085, -6.824586384848482012 ) ) ;
#2247 = ORIENTED_EDGE ( 'NONE', *, *, #1345, .F. ) ;
#2248 = ORIENTED_EDGE ( 'NONE', *, *, #198, .T. ) ;
#2249 = ORIENTED_EDGE ( 'NONE', *, *, #4700, .T. ) ;
#2250 = CARTESIAN_POINT ( 'NONE',  ( -9.099999999999988987, 31.97423583211418574, -1.999999999999999556 ) ) ;
#2251 = CARTESIAN_POINT ( 'NONE',  ( -9.125736268105583804, 13.87535654521017747, -5.522892947028626764 ) ) ;
#2252 = DIRECTION ( 'NONE',  ( -0.000000000000000000, -0.000000000000000000, -1.000000000000000000 ) ) ;
#2253 = CARTESIAN_POINT ( 'NONE',  ( -9.218094177639109432, 19.39047768947931871, -8.505882878503470579 ) ) ;
#2254 = VERTEX_POINT ( 'NONE', #2084 ) ;
#2255 = CARTESIAN_POINT ( 'NONE',  ( 0.000000000000000000, 0.000000000000000000, 0.000000000000000000 ) ) ;
#2256 = VERTEX_POINT ( 'NONE', #2858 ) ;
#2257 = AXIS2_PLACEMENT_3D ( 'NONE', #4050, #2630, #1540 ) ;
#2258 = CARTESIAN_POINT ( 'NONE',  ( -10.00000000000000178, -7.500000000000002665, -21.80000000000000426 ) ) ;
#2260 = FACE_OUTER_BOUND ( 'NONE', #2217, .T. ) ;
#2259 = APPROVAL ( #1988, '未' ) ;
#2261 =( BOUNDED_CURVE ( )  B_SPLINE_CURVE ( 3, ( #3683, #1535, #1193, #469 ),
 .UNSPECIFIED., .F., .F. ) 
 B_SPLINE_CURVE_WITH_KNOTS ( ( 4, 4 ),
 ( 0.000000000000000000, 1.570796326794896558 ),
 .UNSPECIFIED. ) 
 CURVE ( )  GEOMETRIC_REPRESENTATION_ITEM ( )  RATIONAL_B_SPLINE_CURVE ( ( 1.000000000000000000, 0.8047378541243649375, 0.8047378541243649375, 1.000000000000000000 ) ) 
 REPRESENTATION_ITEM ( '' )  );
#2262 = CIRCLE ( 'NONE', #3269, 4.100000000000000533 ) ;
#2263 = EDGE_CURVE ( 'NONE', #568, #2861, #2948, .T. ) ;
#2264 = LINE ( 'NONE', #453, #2419 ) ;
#2265 = EDGE_LOOP ( 'NONE', ( #794, #4040, #1664, #731 ) ) ;
#2266 = CARTESIAN_POINT ( 'NONE',  ( -11.52332503644459116, 25.29116964280794733, -10.88784103551839522 ) ) ;
#2267 = ADVANCED_FACE ( 'NONE', ( #3964 ), #1866, .F. ) ;
#2268 = CARTESIAN_POINT ( 'NONE',  ( -10.00197334435842755, 36.31889309834698309, -2.000000000000008882 ) ) ;
#2269 = EDGE_CURVE ( 'NONE', #2213, #1565, #1429, .T. ) ;
#2270 = LINE ( 'NONE', #1134, #3809 ) ;
#2271 = EDGE_CURVE ( 'NONE', #3801, #2806, #2725, .T. ) ;
#2272 = LINE ( 'NONE', #388, #2130 ) ;
#2273 = CARTESIAN_POINT ( 'NONE',  ( 11.27308048940933993, 24.46347748088115281, -11.78852817130051100 ) ) ;
#2274 = ADVANCED_FACE ( 'NONE', ( #2613 ), #4057, .T. ) ;
#2275 = VECTOR ( 'NONE', #228, 1000.000000000000000 ) ;
#2276 = EDGE_LOOP ( 'NONE', ( #1624, #2642 ) ) ;
#2277 = VECTOR ( 'NONE', #1163, 1000.000000000000000 ) ;
#2278 = VERTEX_POINT ( 'NONE', #4432 ) ;
#2279 = EDGE_CURVE ( 'NONE', #1419, #3963, #2272, .T. ) ;
#2280 = ORIENTED_EDGE ( 'NONE', *, *, #4327, .F. ) ;
#2281 = EDGE_CURVE ( 'NONE', #3433, #4230, #411, .T. ) ;
#2282 = LINE ( 'NONE', #1482, #4626 ) ;
#2283 = CYLINDRICAL_SURFACE ( 'NONE', #3736, 2.550000000000000266 ) ;
#2284 = DIRECTION ( 'NONE',  ( -1.000000000000000000, 0.000000000000000000, 0.000000000000000000 ) ) ;
#2285 = CARTESIAN_POINT ( 'NONE',  ( -6.814156401845188782, -1.016011703836269486, -25.95037533297802312 ) ) ;
#2286 = ORIENTED_EDGE ( 'NONE', *, *, #711, .T. ) ;
#2287 = CIRCLE ( 'NONE', #2823, 5.000000000000000888 ) ;
#2288 = LINE ( 'NONE', #1876, #565 ) ;
#2289 = ORIENTED_EDGE ( 'NONE', *, *, #2281, .F. ) ;
#2290 = CARTESIAN_POINT ( 'NONE',  ( 9.950188468619723281, -0.09493432117006793403, -27.73694727242413194 ) ) ;
#2291 = ADVANCED_FACE ( 'NONE', ( #1497 ), #2911, .T. ) ;
#2292 = DIRECTION ( 'NONE',  ( -1.000000000000000000, 0.000000000000000000, 0.000000000000000000 ) ) ;
#2293 = EDGE_LOOP ( 'NONE', ( #2876, #449, #3785, #4051, #3647 ) ) ;
#2294 = CARTESIAN_POINT ( 'NONE',  ( 10.22238026054328586, 17.23726800920508140, -11.09655688644491178 ) ) ;
#2295 = CARTESIAN_POINT ( 'NONE',  ( 10.03617979045834652, 36.21145337331308411, -3.899325326770594735 ) ) ;
#2296 = ADVANCED_FACE ( 'NONE', ( #1093 ), #413, .T. ) ;
#2297 = AXIS2_PLACEMENT_3D ( 'NONE', #4184, #1264, #4584 ) ;
#2298 = EDGE_CURVE ( 'NONE', #4442, #2183, #274, .T. ) ;
#2299 = CARTESIAN_POINT ( 'NONE',  ( 0.4845219493680995027, 40.59563849391913948, -0.9544713268979030385 ) ) ;
#2300 = ORIENTED_EDGE ( 'NONE', *, *, #1418, .T. ) ;
#2301 = CARTESIAN_POINT ( 'NONE',  ( -10.88217158279177887, 10.04111021642870050, -7.497842356966034849 ) ) ;
#2302 = CARTESIAN_POINT ( 'NONE',  ( -10.41322129476089842, 35.47929915268498746, -4.634769932327567510 ) ) ;
#2303 = VERTEX_POINT ( 'NONE', #4155 ) ;
#2304 = ORIENTED_EDGE ( 'NONE', *, *, #4334, .F. ) ;
#2305 = DIRECTION ( 'NONE',  ( -1.000000000000000000, 0.000000000000000000, 0.000000000000000000 ) ) ;
#2306 = DIRECTION ( 'NONE',  ( 0.000000000000000000, 0.000000000000000000, 1.000000000000000000 ) ) ;
#2307 = CARTESIAN_POINT ( 'NONE',  ( 5.999999999999998224, -7.500000000000002665, -19.25000000000000355 ) ) ;
#2308 = VECTOR ( 'NONE', #1897, 1000.000000000000000 ) ;
#2309 = VECTOR ( 'NONE', #2736, 1000.000000000000114 ) ;
#2310 = EDGE_LOOP ( 'NONE', ( #253, #2608, #3347, #2367, #1728, #3028 ) ) ;
#2311 = DIRECTION ( 'NONE',  ( 0.000000000000000000, 0.8386705679454211637, 0.5446390350150315252 ) ) ;
#2312 = ORIENTED_EDGE ( 'NONE', *, *, #1926, .F. ) ;
#2313 = EDGE_CURVE ( 'NONE', #4193, #869, #3837, .T. ) ;
#2314 = FACE_OUTER_BOUND ( 'NONE', #279, .T. ) ;
#2315 = CARTESIAN_POINT ( 'NONE',  ( -11.49671617256383271, 24.42333313528380501, -11.45129953120338762 ) ) ;
#2316 = ORIENTED_EDGE ( 'NONE', *, *, #2133, .F. ) ;
#2317 = B_SPLINE_CURVE_WITH_KNOTS ( 'NONE', 3,
 ( #3030, #505, #1944, #162, #4160, #875 ),
 .UNSPECIFIED., .F., .F.,
 ( 4, 2, 4 ),
 ( 1.734723475976806902E-18, 0.0002366993091269344366, 0.0004733986182538671384 ),
 .UNSPECIFIED. ) ;
#2318 = CARTESIAN_POINT ( 'NONE',  ( -10.93129518124185751, 34.01764521581768008, -5.278028746136284255 ) ) ;
#2319 = PLANE ( 'NONE',  #3745 ) ;
#2320 = DIRECTION ( 'NONE',  ( 1.000000000000000000, 1.662020612589302185E-16, 1.079328805866274731E-16 ) ) ;
#2321 = CARTESIAN_POINT ( 'NONE',  ( -10.31862528538426105, 19.93511672414655678, -9.344553445996451657 ) ) ;
#2322 = CARTESIAN_POINT ( 'NONE',  ( 0.000000000000000000, 39.50000000000000000, 4.336808689942017736E-16 ) ) ;
#2323 = CARTESIAN_POINT ( 'NONE',  ( -11.56260885084281220, 28.41819693999387653, -9.220303325571700626 ) ) ;
#2324 = ORIENTED_EDGE ( 'NONE', *, *, #1779, .F. ) ;
#2325 = ORIENTED_EDGE ( 'NONE', *, *, #1913, .T. ) ;
#2326 = DIRECTION ( 'NONE',  ( 0.000000000000000000, -0.4517564072466056513, 0.8921413276559040373 ) ) ;
#2327 = CYLINDRICAL_SURFACE ( 'NONE', #3183, 2.499999999999996003 ) ;
#2328 = DIRECTION ( 'NONE',  ( -0.000000000000000000, -1.000000000000000000, -0.000000000000000000 ) ) ;
#2329 = ORIENTED_EDGE ( 'NONE', *, *, #2585, .T. ) ;
#2330 = PERSON_AND_ORGANIZATION_ROLE ( 'classification_officer' ) ;
#2331 = ORIENTED_EDGE ( 'NONE', *, *, #1934, .T. ) ;
#2332 = CARTESIAN_POINT ( 'NONE',  ( -9.908941039700835063, 10.88459242650209546, -15.22203264706886650 ) ) ;
#2333 = VECTOR ( 'NONE', #3941, 1000.000000000000000 ) ;
#2334 = CARTESIAN_POINT ( 'NONE',  ( 10.82030832369882845, 7.784556315495642309, -22.25028050519016531 ) ) ;
#2335 = B_SPLINE_CURVE_WITH_KNOTS ( 'NONE', 3,
 ( #828, #4174, #3472, #3797, #1574, #4528 ),
 .UNSPECIFIED., .F., .F.,
 ( 4, 2, 4 ),
 ( 4.594341030532483711E-15, 0.004602664852389443118, 0.009205329704774290953 ),
 .UNSPECIFIED. ) ;
#2336 = VERTEX_POINT ( 'NONE', #2728 ) ;
#2337 = CARTESIAN_POINT ( 'NONE',  ( 9.606740315360248417, 5.700915153122328327, -18.58835202916836948 ) ) ;
#2338 = DIRECTION ( 'NONE',  ( 0.000000000000000000, 0.000000000000000000, -1.000000000000000000 ) ) ;
#2339 = AXIS2_PLACEMENT_3D ( 'NONE', #2131, #1818, #334 ) ;
#2340 = DIRECTION ( 'NONE',  ( -1.000000000000000000, 0.000000000000000000, 0.000000000000000000 ) ) ;
#2341 = ORIENTED_EDGE ( 'NONE', *, *, #437, .T. ) ;
#2342 = CARTESIAN_POINT ( 'NONE',  ( 11.54904755682983541, 26.17450718755667083, -1.999999999999994893 ) ) ;
#2343 = CARTESIAN_POINT ( 'NONE',  ( -8.906686091466710309, 37.40442701883596754, -3.384577278166766234 ) ) ;
#2344 = VERTEX_POINT ( 'NONE', #3742 ) ;
#2345 = EDGE_LOOP ( 'NONE', ( #681, #4539 ) ) ;
#2346 = CARTESIAN_POINT ( 'NONE',  ( 9.000000000000000000, 21.57105768976844118, -11.28216096069198393 ) ) ;
#2347 = CARTESIAN_POINT ( 'NONE',  ( -11.27918269905924653, 24.70044097447037856, -11.63464227925307348 ) ) ;
#2348 = DIRECTION ( 'NONE',  ( 0.000000000000000000, -0.8386705679454227180, -0.5446390350150290827 ) ) ;
#2349 = ADVANCED_FACE ( 'NONE', ( #3023 ), #3069, .T. ) ;
#2350 = EDGE_CURVE ( 'NONE', #1694, #1261, #2706, .T. ) ;
#2351 = VERTEX_POINT ( 'NONE', #1620 ) ;
#2352 = CALENDAR_DATE ( 2026, 11, 8 ) ;
#2353 = EDGE_LOOP ( 'NONE', ( #1131, #2331, #1973, #4181 ) ) ;
#2354 = FACE_OUTER_BOUND ( 'NONE', #3866, .T. ) ;
#2355 = CIRCLE ( 'NONE', #4360, 0.4999999999999995559 ) ;
#2356 = CARTESIAN_POINT ( 'NONE',  ( 0.1631777692921969891, 40.81304826587416557, -1.170992758005756862 ) ) ;
#2357 = ORIENTED_EDGE ( 'NONE', *, *, #4136, .F. ) ;
#2358 = CARTESIAN_POINT ( 'NONE',  ( 9.070738701830846296, 37.51921051007987273, -3.085714775419543088 ) ) ;
#2359 = LINE ( 'NONE', #3858, #1253 ) ;
#2360 = CARTESIAN_POINT ( 'NONE',  ( 11.58637653976516013, 27.69940178966406563, -9.687094354147168573 ) ) ;
#2361 = EDGE_CURVE ( 'NONE', #2969, #4118, #2663, .T. ) ;
#2362 = CARTESIAN_POINT ( 'NONE',  ( 11.22546041965133057, 15.49356476870359778, -15.22893101123561088 ) ) ;
#2363 = CARTESIAN_POINT ( 'NONE',  ( -10.93510561959576144, 32.85854867924420120, -6.336705189649779690 ) ) ;
#2364 = EDGE_CURVE ( 'NONE', #4711, #4193, #2335, .T. ) ;
#2365 = VERTEX_POINT ( 'NONE', #4547 ) ;
#2366 = CARTESIAN_POINT ( 'NONE',  ( -9.495842282480213115, 37.00000000000000000, -1.999999999999997335 ) ) ;
#2367 = ORIENTED_EDGE ( 'NONE', *, *, #212, .T. ) ;
#2368 = CARTESIAN_POINT ( 'NONE',  ( 20.00000000000000000, 37.00000000000000000, -1.999999999999997335 ) ) ;
#2369 = CARTESIAN_POINT ( 'NONE',  ( 6.500000000000000888, 37.50000000000000000, -1.746813428970050097 ) ) ;
#2370 = CARTESIAN_POINT ( 'NONE',  ( -8.860908365521886765, 11.98500517562610312, -13.62716155877372515 ) ) ;
#2371 = VERTEX_POINT ( 'NONE', #135 ) ;
#2372 = PERSON_AND_ORGANIZATION ( #1576, #3741 ) ;
#2373 = ORIENTED_EDGE ( 'NONE', *, *, #2405, .F. ) ;
#2374 = AXIS2_PLACEMENT_3D ( 'NONE', #660, #3891, #2881 ) ;
#2375 = VECTOR ( 'NONE', #1449, 1000.000000000000000 ) ;
#2376 = DIRECTION ( 'NONE',  ( -0.000000000000000000, 0.8386705679454240503, 0.5446390350150269732 ) ) ;
#2377 = EDGE_CURVE ( 'NONE', #726, #1925, #157, .T. ) ;
#2378 = AXIS2_PLACEMENT_3D ( 'NONE', #1036, #4597, #3524 ) ;
#2379 = LINE ( 'NONE', #3852, #730 ) ;
#2380 = ORIENTED_EDGE ( 'NONE', *, *, #2140, .T. ) ;
#2381 = LINE ( 'NONE', #3541, #2275 ) ;
#2382 = CARTESIAN_POINT ( 'NONE',  ( -10.00000000000000000, 26.17423583211419214, -4.999999999999999112 ) ) ;
#2383 = B_SPLINE_CURVE_WITH_KNOTS ( 'NONE', 3,
 ( #1178, #975, #2141, #2457 ),
 .UNSPECIFIED., .F., .F.,
 ( 4, 4 ),
 ( 0.0003047644774225949046, 0.002000261049804429817 ),
 .UNSPECIFIED. ) ;
#2384 = ORIENTED_EDGE ( 'NONE', *, *, #702, .T. ) ;
#2385 = CARTESIAN_POINT ( 'NONE',  ( -11.19749444230338753, 24.61816125329892202, -11.68807535494797989 ) ) ;
#2386 = CARTESIAN_POINT ( 'NONE',  ( 11.55386528223862364, 26.20053229989876442, -10.66047158218296076 ) ) ;
#2387 = DIRECTION ( 'NONE',  ( 0.000000000000000000, 0.000000000000000000, -1.000000000000000000 ) ) ;
#2388 = CARTESIAN_POINT ( 'NONE',  ( 10.43743636266770736, 23.49999999999999289, -10.02949117776097410 ) ) ;
#2389 = CARTESIAN_POINT ( 'NONE',  ( -10.56677390723861620, 35.11393839933462147, -4.872037979797144480 ) ) ;
#2390 = VERTEX_POINT ( 'NONE', #1642 ) ;
#2391 = EDGE_CURVE ( 'NONE', #855, #2073, #3142, .T. ) ;
#2392 = CARTESIAN_POINT ( 'NONE',  ( -11.49976275841742712, 24.52985140741887449, -11.38169557082816397 ) ) ;
#2393 = ORIENTED_EDGE ( 'NONE', *, *, #2650, .T. ) ;
#2394 = FACE_OUTER_BOUND ( 'NONE', #1801, .T. ) ;
#2395 = CARTESIAN_POINT ( 'NONE',  ( 13.00000000000000178, -7.500000000000002665, -11.29999999999998828 ) ) ;
#2396 = CARTESIAN_POINT ( 'NONE',  ( 13.00000000000000178, -7.500000000000001776, -7.199999999999990408 ) ) ;
#2397 = VECTOR ( 'NONE', #1872, 1000.000000000000000 ) ;
#2398 = ORIENTED_EDGE ( 'NONE', *, *, #62, .T. ) ;
#2399 = DIRECTION ( 'NONE',  ( -1.000000000000000000, 0.000000000000000000, 0.000000000000000000 ) ) ;
#2400 = CARTESIAN_POINT ( 'NONE',  ( 10.00000000000000178, -7.500000000000001776, -16.29999999999998650 ) ) ;
#2401 = VERTEX_POINT ( 'NONE', #1979 ) ;
#2402 = DIRECTION ( 'NONE',  ( 0.000000000000000000, 0.000000000000000000, 1.000000000000000000 ) ) ;
#2403 = CARTESIAN_POINT ( 'NONE',  ( -13.91063566050613431, -0.5000000000000023315, -25.61527341432796945 ) ) ;
#2404 = VECTOR ( 'NONE', #1357, 1000.000000000000000 ) ;
#2405 = EDGE_CURVE ( 'NONE', #4373, #3515, #1754, .T. ) ;
#2406 = VERTEX_POINT ( 'NONE', #480 ) ;
#2407 = CARTESIAN_POINT ( 'NONE',  ( -10.00000000000000000, 26.17423583211419214, -1.999999999999999556 ) ) ;
#2408 = EDGE_CURVE ( 'NONE', #2202, #1383, #2594, .T. ) ;
#2409 = CC_DESIGN_PERSON_AND_ORGANIZATION_ASSIGNMENT ( #2013, #1655, ( #1825 ) ) ;
#2410 = CARTESIAN_POINT ( 'NONE',  ( 9.574653913742322331, 36.55504910220631842, -3.936169746720175056 ) ) ;
#2411 = CARTESIAN_POINT ( 'NONE',  ( 5.172249655383839517, 39.83661593830832715, -0.5636138745016355811 ) ) ;
#2412 = CARTESIAN_POINT ( 'NONE',  ( -9.735423848917200473, 36.83013567637613761, -11.44735753722967964 ) ) ;
#2413 = CARTESIAN_POINT ( 'NONE',  ( 0.5000000000000000000, 40.50000000000000000, -0.2276940027903667785 ) ) ;
#2414 = VECTOR ( 'NONE', #1091, 1000.000000000000114 ) ;
#2415 = ORIENTED_EDGE ( 'NONE', *, *, #4006, .T. ) ;
#2416 = EDGE_CURVE ( 'NONE', #982, #3056, #2108, .T. ) ;
#2417 = CARTESIAN_POINT ( 'NONE',  ( 13.00000000000000178, -7.500000000000002665, -6.299999999999990941 ) ) ;
#2418 = EDGE_CURVE ( 'NONE', #482, #2721, #499, .T. ) ;
#2419 = VECTOR ( 'NONE', #3425, 1000.000000000000000 ) ;
#2420 = ORIENTED_EDGE ( 'NONE', *, *, #406, .T. ) ;
#2421 = ADVANCED_FACE ( 'NONE', ( #4261 ), #261, .F. ) ;
#2422 = CARTESIAN_POINT ( 'NONE',  ( -7.996261579431058308, 11.24044286705943030, -7.172572479438071191 ) ) ;
#2423 = DIRECTION ( 'NONE',  ( 0.000000000000000000, 0.8386705679454211637, 0.5446390350150315252 ) ) ;
#2424 = DIRECTION ( 'NONE',  ( 0.000000000000000000, -0.000000000000000000, -1.000000000000000000 ) ) ;
#2425 = EDGE_CURVE ( 'NONE', #482, #1434, #1303, .T. ) ;
#2426 = EDGE_LOOP ( 'NONE', ( #3566, #145, #3484, #1119 ) ) ;
#2427 = CALENDAR_DATE ( 2026, 11, 8 ) ;
#2428 = EDGE_CURVE ( 'NONE', #3285, #942, #4701, .T. ) ;
#2429 = CARTESIAN_POINT ( 'NONE',  ( 11.50101011871453238, 24.57361841142940762, -11.44830431973192830 ) ) ;
#2430 = AXIS2_PLACEMENT_3D ( 'NONE', #3901, #2797, #4564 ) ;
#2431 = DIRECTION ( 'NONE',  ( -1.000000000000000000, 0.000000000000000000, 0.000000000000000000 ) ) ;
#2432 = PLANE ( 'NONE',  #954 ) ;
#2433 = EDGE_LOOP ( 'NONE', ( #3573, #1192, #3559, #80, #1263 ) ) ;
#2434 = CARTESIAN_POINT ( 'NONE',  ( 4.899073999115388212, 39.73732448396479100, -1.869575950160848654 ) ) ;
#2435 = FACE_OUTER_BOUND ( 'NONE', #1819, .T. ) ;
#2436 = EDGE_CURVE ( 'NONE', #2914, #2907, #1372, .T. ) ;
#2437 = ORIENTED_EDGE ( 'NONE', *, *, #142, .T. ) ;
#2438 = DIRECTION ( 'NONE',  ( 0.9656200712115587947, 0.2180186658833785651, 0.1415829770834613199 ) ) ;
#2439 = CARTESIAN_POINT ( 'NONE',  ( 9.046612566670875211, 37.54581903508208995, -3.069181943047285088 ) ) ;
#2440 = CARTESIAN_POINT ( 'NONE',  ( -10.37425661114332165, 21.39666795864241777, -11.39541097638013589 ) ) ;
#2441 = FACE_OUTER_BOUND ( 'NONE', #2020, .T. ) ;
#2442 = CARTESIAN_POINT ( 'NONE',  ( 11.49976275841742890, 24.52985140741888515, -11.38169557082816397 ) ) ;
#2443 = B_SPLINE_CURVE_WITH_KNOTS ( 'NONE', 3,
 ( #3476, #1281, #4491, #4576, #4291, #3574, #2082, #1191 ),
 .UNSPECIFIED., .F., .F.,
 ( 4, 2, 2, 4 ),
 ( -3.467905562059521353E-06, 0.0002823028503345069180, 0.0004251882282827923096, 0.0005680736062310777013 ),
 .UNSPECIFIED. ) ;
#2444 = EDGE_CURVE ( 'NONE', #3720, #2969, #4399, .T. ) ;
#2445 = EDGE_CURVE ( 'NONE', #4402, #2676, #2852, .T. ) ;
#2446 = ORIENTED_EDGE ( 'NONE', *, *, #237, .T. ) ;
#2447 = CARTESIAN_POINT ( 'NONE',  ( 10.20175546517042697, -1.084202172485504434E-16, -14.08399999999998897 ) ) ;
#2448 = ORIENTED_EDGE ( 'NONE', *, *, #2722, .F. ) ;
#2449 = B_SPLINE_CURVE_WITH_KNOTS ( 'NONE', 3,
 ( #3401, #2216, #171, #1292, #3179, #1316, #956 ),
 .UNSPECIFIED., .F., .F.,
 ( 4, 3, 4 ),
 ( -0.001002285638958832353, 0.000000000000000000, 0.001100531117907090420 ),
 .UNSPECIFIED. ) ;
#2450 = CARTESIAN_POINT ( 'NONE',  ( 6.000000000000000000, -12.50000000000000178, 0.000000000000000000 ) ) ;
#2451 = CARTESIAN_POINT ( 'NONE',  ( -9.314156401845188782, 0.4107219299699428339, -22.63911709204209544 ) ) ;
#2452 = CARTESIAN_POINT ( 'NONE',  ( -11.13505961942749600, 11.73325704416438064, -1.999999999999980904 ) ) ;
#2453 = VECTOR ( 'NONE', #3355, 1000.000000000000000 ) ;
#2454 = ORIENTED_EDGE ( 'NONE', *, *, #4258, .T. ) ;
#2455 = CARTESIAN_POINT ( 'NONE',  ( -6.926248049674494034, 38.92832382424806070, -2.394947121482595254 ) ) ;
#2456 = DIRECTION ( 'NONE',  ( -0.000000000000000000, -0.000000000000000000, 1.000000000000000000 ) ) ;
#2457 = CARTESIAN_POINT ( 'NONE',  ( -11.46555152796466182, 23.37419941085109798, -10.11118703540967623 ) ) ;
#2458 = CARTESIAN_POINT ( 'NONE',  ( -11.49671617256383271, 24.42333313528380501, -11.45129953120338762 ) ) ;
#2459 = ORIENTED_EDGE ( 'NONE', *, *, #1796, .T. ) ;
#2460 = EDGE_CURVE ( 'NONE', #1660, #4600, #1739, .T. ) ;
#2461 = VECTOR ( 'NONE', #3898, 1000.000000000000000 ) ;
#2462 = CARTESIAN_POINT ( 'NONE',  ( 10.16226774207625994, -0.5000000000000019984, -40.00000000000000000 ) ) ;
#2463 = PLANE ( 'NONE',  #4759 ) ;
#2464 = AXIS2_PLACEMENT_3D ( 'NONE', #1718, #160, #184 ) ;
#2465 = ORIENTED_EDGE ( 'NONE', *, *, #657, .T. ) ;
#2466 = CARTESIAN_POINT ( 'NONE',  ( 7.798244534931241922, 0.000000000000000000, -6.299999999999999822 ) ) ;
#2467 = CARTESIAN_POINT ( 'NONE',  ( 7.478896817446601730, 38.78760996387859450, -2.486327770873963061 ) ) ;
#2468 = FACE_OUTER_BOUND ( 'NONE', #1350, .T. ) ;
#2469 = CARTESIAN_POINT ( 'NONE',  ( -4.110054558260259228, 40.08461363044835224, -0.3723725375075759292 ) ) ;
#2470 = CARTESIAN_POINT ( 'NONE',  ( 1.798244534888601809, 0.000000000000000000, -7.299999999999999822 ) ) ;
#2471 = ORIENTED_EDGE ( 'NONE', *, *, #4353, .F. ) ;
#2472 = CARTESIAN_POINT ( 'NONE',  ( -9.699999999999999289, 31.97423583211418574, -1.999999999999999556 ) ) ;
#2473 = VERTEX_POINT ( 'NONE', #548 ) ;
#2474 = LINE ( 'NONE', #3529, #1550 ) ;
#2475 = DIRECTION ( 'NONE',  ( 0.000000000000000000, 0.000000000000000000, 1.000000000000000000 ) ) ;
#2476 = CARTESIAN_POINT ( 'NONE',  ( -0.5000000000000001110, 39.50000000000000000, -0.7340671448502610330 ) ) ;
#2477 = ORIENTED_EDGE ( 'NONE', *, *, #1940, .T. ) ;
#2478 = CARTESIAN_POINT ( 'NONE',  ( -11.04136461392945812, 32.12337476125934899, -6.814132714309891981 ) ) ;
#2479 = DIRECTION ( 'NONE',  ( -0.000000000000000000, -1.000000000000000000, -0.000000000000000000 ) ) ;
#2480 = VECTOR ( 'NONE', #2986, 1000.000000000000000 ) ;
#2481 = LINE ( 'NONE', #4378, #215 ) ;
#2482 = CARTESIAN_POINT ( 'NONE',  ( 9.099999999999988987, 31.97423583211418574, -1.999999999999999556 ) ) ;
#2483 = ORIENTED_EDGE ( 'NONE', *, *, #4494, .T. ) ;
#2484 = CARTESIAN_POINT ( 'NONE',  ( 10.92272210053092785, 32.92995667912875035, -6.290332292309678053 ) ) ;
#2485 = CARTESIAN_POINT ( 'NONE',  ( -8.479310070995159876, 19.92097534358250499, -9.322777629482510875 ) ) ;
#2486 = ADVANCED_FACE ( 'NONE', ( #1013 ), #235, .F. ) ;
#2487 = ORIENTED_EDGE ( 'NONE', *, *, #1896, .T. ) ;
#2488 = PLANE ( 'NONE',  #3351 ) ;
#2489 = CARTESIAN_POINT ( 'NONE',  ( 6.900535658352047186, 39.10829267253108554, -2.278073984870046420 ) ) ;
#2490 = CARTESIAN_POINT ( 'NONE',  ( -5.999999999999996447, -0.5000000000000019984, -26.80000000000000071 ) ) ;
#2491 = CARTESIAN_POINT ( 'NONE',  ( 9.314156401845188782, 0.4107219299699428339, -22.63911709204209544 ) ) ;
#2492 = CARTESIAN_POINT ( 'NONE',  ( -4.086415823689950599, 40.09013272165336872, -1.640459601663242450 ) ) ;
#2493 = ORIENTED_EDGE ( 'NONE', *, *, #1415, .F. ) ;
#2494 = CARTESIAN_POINT ( 'NONE',  ( -10.16226774207625994, -0.5000000000000019984, -25.61527341432796945 ) ) ;
#2495 = ORIENTED_EDGE ( 'NONE', *, *, #1767, .F. ) ;
#2496 = AXIS2_PLACEMENT_3D ( 'NONE', #4697, #4768, #2171 ) ;
#2497 = CARTESIAN_POINT ( 'NONE',  ( 11.46555152796547361, 23.37419941085109798, -10.11118703540967623 ) ) ;
#2498 = DIRECTION ( 'NONE',  ( 0.000000000000000000, 0.5446390350150284165, -0.8386705679454231621 ) ) ;
#2499 = EDGE_CURVE ( 'NONE', #4656, #1326, #4741, .T. ) ;
#2500 = B_SPLINE_CURVE_WITH_KNOTS ( 'NONE', 3,
 ( #619, #2094, #720, #1412 ),
 .UNSPECIFIED., .F., .F.,
 ( 4, 4 ),
 ( 0.02939506883306940502, 0.02952926205635650336 ),
 .UNSPECIFIED. ) ;
#2501 = VECTOR ( 'NONE', #977, 1000.000000000000000 ) ;
#2502 = ORIENTED_EDGE ( 'NONE', *, *, #1515, .T. ) ;
#2503 = CARTESIAN_POINT ( 'NONE',  ( -8.327364784854740520, 37.98064707723489875, -3.010375596889782290 ) ) ;
#2504 = DIRECTION ( 'NONE',  ( 1.000000000000000000, 0.000000000000000000, 0.000000000000000000 ) ) ;
#2505 = EDGE_CURVE ( 'NONE', #1811, #3672, #3958, .T. ) ;
#2506 = ADVANCED_FACE ( 'NONE', ( #2441 ), #780, .T. ) ;
#2507 = FACE_OUTER_BOUND ( 'NONE', #989, .T. ) ;
#2508 = CARTESIAN_POINT ( 'NONE',  ( 9.314156401845188782, 0.4107219299699428339, -22.63911709204209544 ) ) ;
#2509 = ORIENTED_EDGE ( 'NONE', *, *, #48, .F. ) ;
#2510 = FACE_BOUND ( 'NONE', #2345, .T. ) ;
#2511 = B_SPLINE_SURFACE_WITH_KNOTS ( 'NONE', 2, 1, ( 
 ( #1747, #3579 ),
 ( #4319, #2452 ),
 ( #3149, #3508 ) ),
 .UNSPECIFIED., .F., .F., .F.,
 ( 3, 3 ),
 ( 2, 2 ),
 ( 4.816201427981781080E-05, 1.019200010841112558 ),
 ( 0.000000000000000000, 1.000000000000000000 ),
 .UNSPECIFIED. ) ;
#2512 = ORIENTED_EDGE ( 'NONE', *, *, #2263, .T. ) ;
#2513 = CARTESIAN_POINT ( 'NONE',  ( -10.31862527178004640, 5.601033471782281836, 12.72799914424816770 ) ) ;
#2514 = CARTESIAN_POINT ( 'NONE',  ( 4.862373146008047264, 39.89111784126419025, -1.599332276182979129 ) ) ;
#2515 = CARTESIAN_POINT ( 'NONE',  ( 11.50906181771354397, 20.59016140545586637, -2.188299892635032329 ) ) ;
#2516 = LINE ( 'NONE', #2560, #588 ) ;
#2517 = CARTESIAN_POINT ( 'NONE',  ( 10.34336880010336657, 20.36839515711264070, -9.063179141626125812 ) ) ;
#2518 = ORIENTED_EDGE ( 'NONE', *, *, #29, .F. ) ;
#2519 = LOCAL_TIME ( 15, 39, 6.000000000000000000, #3123 ) ;
#2520 = AXIS2_PLACEMENT_3D ( 'NONE', #3046, #850, #1277 ) ;
#2521 = EDGE_CURVE ( 'NONE', #2890, #2537, #4340, .T. ) ;
#2522 = CARTESIAN_POINT ( 'NONE',  ( 4.500000000000003553, -0.4999999999999854561, -22.61527341432795879 ) ) ;
#2523 = EDGE_LOOP ( 'NONE', ( #897, #4769, #721, #2012, #2920, #2716, #2123, #4437, #2398 ) ) ;
#2524 = CARTESIAN_POINT ( 'NONE',  ( -7.869805849729389458, 8.267273453059997834, -7.902356734039884145 ) ) ;
#2525 = CARTESIAN_POINT ( 'NONE',  ( 11.47500277675702129, 23.68196757269209130, -10.58510844480622914 ) ) ;
#2526 = CARTESIAN_POINT ( 'NONE',  ( 0.5801876250399323753, 40.57403900194230317, -0.9684982009968735595 ) ) ;
#2527 = VERTEX_POINT ( 'NONE', #4032 ) ;
#2528 = CARTESIAN_POINT ( 'NONE',  ( -9.840424564519871353, 36.11203608102321994, -4.223865766562030721 ) ) ;
#2529 = CARTESIAN_POINT ( 'NONE',  ( -9.987912263741424823, 12.38708151405081814, -14.24630482501941486 ) ) ;
#2530 = AXIS2_PLACEMENT_3D ( 'NONE', #4455, #3003, #3368 ) ;
#2531 = CARTESIAN_POINT ( 'NONE',  ( 11.47877683185632414, 23.80777528890735084, -10.50342357036711682 ) ) ;
#2532 = CARTESIAN_POINT ( 'NONE',  ( -9.987912263741424823, 12.38708151405081814, -14.24630482501941486 ) ) ;
#2533 = ORIENTED_EDGE ( 'NONE', *, *, #1055, .T. ) ;
#2534 = CARTESIAN_POINT ( 'NONE',  ( 11.45180640792668392, 22.84717336392373710, -1.999999999999994893 ) ) ;
#2535 = EDGE_LOOP ( 'NONE', ( #4526, #2016, #3337, #4668 ) ) ;
#2536 = CARTESIAN_POINT ( 'NONE',  ( -8.014735799555547047, 14.89592720628371225, -12.61704138365140082 ) ) ;
#2537 = VERTEX_POINT ( 'NONE', #2954 ) ;
#2538 = DIRECTION ( 'NONE',  ( -1.000000000000000000, 0.000000000000000000, 0.000000000000000000 ) ) ;
#2539 = CARTESIAN_POINT ( 'NONE',  ( 11.49976275841742712, 24.52985140741887449, -11.44735753722967964 ) ) ;
#2540 = VERTEX_POINT ( 'NONE', #2586 ) ;
#2541 = CIRCLE ( 'NONE', #3078, 4.999999999999999112 ) ;
#2542 = DIRECTION ( 'NONE',  ( 0.000000000000000000, 0.8386705679454231621, 0.5446390350150284165 ) ) ;
#2543 = ORIENTED_EDGE ( 'NONE', *, *, #1524, .F. ) ;
#2544 = DIRECTION ( 'NONE',  ( 0.000000000000000000, 0.5446390350150284165, -0.8386705679454231621 ) ) ;
#2545 = CARTESIAN_POINT ( 'NONE',  ( 11.19303845179054768, 24.46347748088117413, -11.78852817130053943 ) ) ;
#2546 = DIRECTION ( 'NONE',  ( 0.000000000000000000, 0.000000000000000000, -1.000000000000000000 ) ) ;
#2547 = ORIENTED_EDGE ( 'NONE', *, *, #1911, .T. ) ;
#2548 = ORIENTED_EDGE ( 'NONE', *, *, #436, .F. ) ;
#2549 = CARTESIAN_POINT ( 'NONE',  ( 0.3700719471850731357, 40.92903064662593238, -0.9311788547687456230 ) ) ;
#2550 = DIRECTION ( 'NONE',  ( 0.000000000000000000, 0.000000000000000000, 1.000000000000000000 ) ) ;
#2551 = CARTESIAN_POINT ( 'NONE',  ( 7.500000000000000000, 37.50000000000000000, -1.746813428970050097 ) ) ;
#2552 = DIRECTION ( 'NONE',  ( 0.000000000000000000, 0.000000000000000000, 1.000000000000000000 ) ) ;
#2553 = ORIENTED_EDGE ( 'NONE', *, *, #711, .F. ) ;
#2554 = CARTESIAN_POINT ( 'NONE',  ( 11.37259072896594780, 20.59016140544467532, -2.188299892660783286 ) ) ;
#2555 = DIRECTION ( 'NONE',  ( 0.000000000000000000, 0.000000000000000000, 1.000000000000000000 ) ) ;
#2556 = CIRCLE ( 'NONE', #3474, 3.249999999999999556 ) ;
#2557 = CARTESIAN_POINT ( 'NONE',  ( 7.798244534931243699, 1.000000000000000000, -7.300000000000000711 ) ) ;
#2558 = ORIENTED_EDGE ( 'NONE', *, *, #45, .T. ) ;
#2559 = CARTESIAN_POINT ( 'NONE',  ( -5.999999999999996447, -0.5000000000000019984, -26.80000000000000071 ) ) ;
#2560 = CARTESIAN_POINT ( 'NONE',  ( 9.298117831235684448E-15, -7.500000000000002665, -26.80000000000000071 ) ) ;
#2561 = EDGE_CURVE ( 'NONE', #1110, #2390, #1351, .T. ) ;
#2562 = ORIENTED_EDGE ( 'NONE', *, *, #4561, .T. ) ;
#2563 = B_SPLINE_CURVE_WITH_KNOTS ( 'NONE', 3,
 ( #2714, #2347, #1258, #2735, #3824, #3868 ),
 .UNSPECIFIED., .F., .F.,
 ( 4, 2, 4 ),
 ( 0.000000000000000000, 0.5000000000000000000, 1.000000000000000000 ),
 .UNSPECIFIED. ) ;
#2564 = EDGE_CURVE ( 'NONE', #244, #1492, #4011, .T. ) ;
#2565 = CARTESIAN_POINT ( 'NONE',  ( 0.5505931242819314120, 40.88827239463042673, -40.00000000000000000 ) ) ;
#2566 = ORIENTED_EDGE ( 'NONE', *, *, #1068, .F. ) ;
#2567 = CARTESIAN_POINT ( 'NONE',  ( -11.19664648363479387, 24.58860299854870490, -11.70727071002444575 ) ) ;
#2568 = CARTESIAN_POINT ( 'NONE',  ( -7.500000000000000000, 37.50000000000000000, -0.4999999999999995559 ) ) ;
#2569 = CARTESIAN_POINT ( 'NONE',  ( 23.00000000000000000, -7.500000000000002665, -24.35000000000000497 ) ) ;
#2570 = VERTEX_POINT ( 'NONE', #777 ) ;
#2571 = AXIS2_PLACEMENT_3D ( 'NONE', #2451, #3218, #2475 ) ;
#2572 = EDGE_CURVE ( 'NONE', #159, #600, #2516, .T. ) ;
#2573 = ORIENTED_EDGE ( 'NONE', *, *, #3116, .F. ) ;
#2574 = CARTESIAN_POINT ( 'NONE',  ( 0.4845219493680976708, 40.75903020442364522, -1.206072497281541755 ) ) ;
#2575 = DIRECTION ( 'NONE',  ( -0.000000000000000000, 0.5446390350150284165, -0.8386705679454231621 ) ) ;
#2576 = CARTESIAN_POINT ( 'NONE',  ( -8.764466565792707442, 8.570873387962866019, -8.369859636751588283 ) ) ;
#2577 = VECTOR ( 'NONE', #1688, 1000.000000000000114 ) ;
#2578 = CARTESIAN_POINT ( 'NONE',  ( 0.000000000000000000, 40.64965655536966693, -0.9193915876221306904 ) ) ;
#2579 = ORIENTED_EDGE ( 'NONE', *, *, #1644, .T. ) ;
#2580 = PLANE ( 'NONE',  #1982 ) ;
#2581 = PLANE ( 'NONE',  #2612 ) ;
#2582 = DIRECTION ( 'NONE',  ( -0.000000000000000000, 0.5446390350150284165, -0.8386705679454231621 ) ) ;
#2583 = ORIENTED_EDGE ( 'NONE', *, *, #195, .T. ) ;
#2584 = CARTESIAN_POINT ( 'NONE',  ( 10.34336880010336657, 20.36839515711264070, -9.063179141535735894 ) ) ;
#2585 = EDGE_CURVE ( 'NONE', #4648, #932, #2219, .T. ) ;
#2586 = CARTESIAN_POINT ( 'NONE',  ( 10.16557284061259381, -0.4584133110198388428, -27.59985823739724964 ) ) ;
#2587 = ADVANCED_FACE ( 'NONE', ( #4724 ), #1424, .F. ) ;
#2588 = FACE_BOUND ( 'NONE', #240, .T. ) ;
#2589 = B_SPLINE_SURFACE_WITH_KNOTS ( 'NONE', 3, 1, ( 
 ( #2539, #1519 ),
 ( #2174, #2195 ),
 ( #3617, #3362 ),
 ( #1450, #40 ),
 ( #2997, #4053 ),
 ( #3670, #3691 ),
 ( #1791, #1815 ),
 ( #2897, #4365 ),
 ( #1062, #699 ),
 ( #359, #3290 ),
 ( #4746, #4387 ),
 ( #1089, #1839 ),
 ( #4771, #755 ) ),
 .UNSPECIFIED., .F., .F., .F.,
 ( 4, 1, 1, 1, 1, 1, 1, 1, 1, 1, 4 ),
 ( 2, 2 ),
 ( -8.794725679170435910E-05, 0.06241471762487252328, 0.1249173825065368615, 0.2499227122698654269, 0.3749280420331939645, 0.4999333717965225299, 0.6249387015598509842, 0.7499440313231795496, 0.8749493610865081150, 0.9374520259681723422, 0.9999546908498365694 ),
 ( 0.000000000000000000, 1.000000000000000000 ),
 .UNSPECIFIED. ) ;
#2590 = DIRECTION ( 'NONE',  ( 0.000000000000000000, 0.000000000000000000, 1.000000000000000000 ) ) ;
#2591 = ADVANCED_FACE ( 'NONE', ( #3715 ), #2589, .T. ) ;
#2592 = CARTESIAN_POINT ( 'NONE',  ( -10.31862528145076752, 15.79058981491706426, -2.962541666445501765 ) ) ;
#2593 = ORIENTED_EDGE ( 'NONE', *, *, #2941, .F. ) ;
#2594 = CIRCLE ( 'NONE', #2520, 0.5999999999999998668 ) ;
#2595 = ORIENTED_EDGE ( 'NONE', *, *, #2999, .F. ) ;
#2596 = DIRECTION ( 'NONE',  ( 1.000000000000000000, 0.000000000000000000, 0.000000000000000000 ) ) ;
#2597 = CARTESIAN_POINT ( 'NONE',  ( 23.00000000000000000, -7.500000000000002665, -14.54999999999999005 ) ) ;
#2598 = CARTESIAN_POINT ( 'NONE',  ( -10.00000000000000355, -7.500000000000002665, -11.29999999999998828 ) ) ;
#2599 = B_SPLINE_CURVE_WITH_KNOTS ( 'NONE', 3,
 ( #372, #690, #2185, #3703 ),
 .UNSPECIFIED., .F., .F.,
 ( 4, 4 ),
 ( 0.000000000000000000, 0.0001602711246958647424 ),
 .UNSPECIFIED. ) ;
#2600 = LINE ( 'NONE', #3396, #2925 ) ;
#2601 = CARTESIAN_POINT ( 'NONE',  ( 10.00000000000000178, -0.5000000000000019984, -6.299999999999998934 ) ) ;
#2602 = EDGE_LOOP ( 'NONE', ( #2667, #1017, #3684, #2454, #4654, #2286, #1901, #878 ) ) ;
#2603 = CARTESIAN_POINT ( 'NONE',  ( -10.20175546515404008, -2.089567126099811656E-10, -6.299999999999998046 ) ) ;
#2604 = FACE_OUTER_BOUND ( 'NONE', #770, .T. ) ;
#2605 = EDGE_CURVE ( 'NONE', #1571, #3676, #1646, .T. ) ;
#2606 = VECTOR ( 'NONE', #2399, 1000.000000000000000 ) ;
#2607 = LINE ( 'NONE', #1197, #560 ) ;
#2608 = ORIENTED_EDGE ( 'NONE', *, *, #2019, .F. ) ;
#2609 = CARTESIAN_POINT ( 'NONE',  ( 11.50906181771354397, 4.199999999975778664, -8.299999999905979919 ) ) ;
#2610 = CARTESIAN_POINT ( 'NONE',  ( -11.49976275841742712, 24.52985140741887449, -11.44735753722967964 ) ) ;
#2611 = LINE ( 'NONE', #1544, #4412 ) ;
#2612 = AXIS2_PLACEMENT_3D ( 'NONE', #4048, #750, #305 ) ;
#2613 = FACE_OUTER_BOUND ( 'NONE', #3668, .T. ) ;
#2614 = CARTESIAN_POINT ( 'NONE',  ( -9.999999999999998224, -7.500000000000002665, -26.80000000000000426 ) ) ;
#2615 = DIRECTION ( 'NONE',  ( 0.2202372497127699225, 0.9754463357043047234, 0.000000000000000000 ) ) ;
#2616 = VERTEX_POINT ( 'NONE', #3739 ) ;
#2617 = VECTOR ( 'NONE', #1672, 1000.000000000000000 ) ;
#2618 = ORIENTED_EDGE ( 'NONE', *, *, #2010, .T. ) ;
#2619 = CARTESIAN_POINT ( 'NONE',  ( -13.91063566050613787, 23.49999999999999289, -10.02949117758766207 ) ) ;
#2620 = CARTESIAN_POINT ( 'NONE',  ( 6.500000000000000888, 37.50000000000000000, -1.746813428970050097 ) ) ;
#2621 = FACE_OUTER_BOUND ( 'NONE', #1198, .T. ) ;
#2622 = PLANE ( 'NONE',  #3317 ) ;
#2623 = EDGE_CURVE ( 'NONE', #3724, #1925, #1974, .T. ) ;
#2624 = ORIENTED_EDGE ( 'NONE', *, *, #1301, .T. ) ;
#2625 = DIRECTION ( 'NONE',  ( 0.000000000000000000, 0.5446390350150315252, -0.8386705679454211637 ) ) ;
#2626 = ORIENTED_EDGE ( 'NONE', *, *, #3440, .T. ) ;
#2627 = CARTESIAN_POINT ( 'NONE',  ( 9.699999999999999289, 31.97423583211418574, -4.999999999999999112 ) ) ;
#2628 = DIRECTION ( 'NONE',  ( 0.2202372497127694229, 0.9754463357043048344, -0.000000000000000000 ) ) ;
#2629 = B_SPLINE_SURFACE_WITH_KNOTS ( 'NONE', 2, 1, ( 
 ( #2609, #4699 ),
 ( #1395, #1060 ),
 ( #2515, #4770 ) ),
 .UNSPECIFIED., .F., .F., .F.,
 ( 3, 3 ),
 ( 2, 2 ),
 ( 0.5001548857048482288, 0.5013939159464327888 ),
 ( 0.000000000000000000, 1.000000000000000000 ),
 .UNSPECIFIED. ) ;
#2630 = DIRECTION ( 'NONE',  ( -1.000000000000000000, 0.000000000000000000, -0.000000000000000000 ) ) ;
#2631 = ADVANCED_FACE ( 'NONE', ( #1955 ), #1906, .F. ) ;
#2632 = EDGE_LOOP ( 'NONE', ( #2129, #4102, #1392, #7 ) ) ;
#2633 = CARTESIAN_POINT ( 'NONE',  ( -10.82277622244310678, 34.39107005883700907, -5.041923325333470096 ) ) ;
#2634 = CARTESIAN_POINT ( 'NONE',  ( 10.81720710908617988, 34.40855092429190876, -5.030888803133586329 ) ) ;
#2635 = EDGE_CURVE ( 'NONE', #2351, #103, #2658, .T. ) ;
#2636 = AXIS2_PLACEMENT_3D ( 'NONE', #2887, #1727, #3583 ) ;
#2637 = ADVANCED_FACE ( 'NONE', ( #1248 ), #2319, .F. ) ;
#2638 = LINE ( 'NONE', #803, #2879 ) ;
#2639 = CARTESIAN_POINT ( 'NONE',  ( -11.49976275841742890, 24.52985140741888515, -11.38216526721814326 ) ) ;
#2640 = CARTESIAN_POINT ( 'NONE',  ( 1.798244534888601809, 0.000000000000000000, -7.299999999999999822 ) ) ;
#2641 = ORIENTED_EDGE ( 'NONE', *, *, #3068, .F. ) ;
#2642 = ORIENTED_EDGE ( 'NONE', *, *, #2408, .T. ) ;
#2643 = LINE ( 'NONE', #2619, #2241 ) ;
#2644 = CARTESIAN_POINT ( 'NONE',  ( -9.125736270951412266, 16.87386463803116854, -10.14019050319768489 ) ) ;
#2645 = ADVANCED_FACE ( 'NONE', ( #151 ), #1506, .T. ) ;
#2646 = DIRECTION ( 'NONE',  ( 1.000000000000000000, -0.000000000000000000, -0.000000000000000000 ) ) ;
#2647 = DIRECTION ( 'NONE',  ( -1.000000000000000000, 0.000000000000000000, -0.000000000000000000 ) ) ;
#2648 = VERTEX_POINT ( 'NONE', #3468 ) ;
#2649 = VERTEX_POINT ( 'NONE', #434 ) ;
#2650 = EDGE_CURVE ( 'NONE', #3309, #2401, #4476, .T. ) ;
#2651 = AXIS2_PLACEMENT_3D ( 'NONE', #2704, #4098, #1181 ) ;
#2652 = CARTESIAN_POINT ( 'NONE',  ( -10.50000000000000000, -7.500000000000002665, -14.54999999999999005 ) ) ;
#2653 = EDGE_CURVE ( 'NONE', #809, #2254, #1521, .T. ) ;
#2654 = AXIS2_PLACEMENT_3D ( 'NONE', #2675, #1486, #424 ) ;
#2655 = FACE_OUTER_BOUND ( 'NONE', #573, .T. ) ;
#2656 = ORIENTED_EDGE ( 'NONE', *, *, #126, .T. ) ;
#2657 = CARTESIAN_POINT ( 'NONE',  ( 9.467296205100112161, 3.600091888353897929, -22.95264260932954770 ) ) ;
#2658 = LINE ( 'NONE', #3815, #1047 ) ;
#2659 = B_SPLINE_CURVE_WITH_KNOTS ( 'NONE', 2,
 ( #3922, #4689, #1385 ),
 .UNSPECIFIED., .F., .F.,
 ( 3, 3 ),
 ( 0.02086585485416624780, 0.1949681476152062831 ),
 .UNSPECIFIED. ) ;
#2660 = B_SPLINE_CURVE_WITH_KNOTS ( 'NONE', 3,
 ( #427, #2946, #4422, #2554 ),
 .UNSPECIFIED., .F., .F.,
 ( 4, 4 ),
 ( 1.000473066602744818E-14, 0.0006203629396878990610 ),
 .UNSPECIFIED. ) ;
#2661 = CARTESIAN_POINT ( 'NONE',  ( 7.798244534931243699, 1.000000000000000000, -7.300000000000000711 ) ) ;
#2662 = DIRECTION ( 'NONE',  ( 1.000000000000000000, 2.919297096962271169E-10, -4.267582856356570168E-10 ) ) ;
#2663 = LINE ( 'NONE', #522, #2984 ) ;
#2664 = CARTESIAN_POINT ( 'NONE',  ( -9.128611989929241943, 37.44310211315951875, -3.132976107782666109 ) ) ;
#2665 = AXIS2_PLACEMENT_3D ( 'NONE', #4125, #1250, #133 ) ;
#2666 = ORIENTED_EDGE ( 'NONE', *, *, #734, .T. ) ;
#2667 = ORIENTED_EDGE ( 'NONE', *, *, #728, .F. ) ;
#2668 = VERTEX_POINT ( 'NONE', #981 ) ;
#2669 = FACE_OUTER_BOUND ( 'NONE', #2974, .T. ) ;
#2670 = LINE ( 'NONE', #2032, #943 ) ;
#2671 = CARTESIAN_POINT ( 'NONE',  ( 6.814156401845188782, -0.5000000000000056621, -25.61527341432796945 ) ) ;
#2672 = CARTESIAN_POINT ( 'NONE',  ( -10.00000000000000000, 26.17423583211419214, -1.999999999999999556 ) ) ;
#2673 = ORIENTED_EDGE ( 'NONE', *, *, #2350, .T. ) ;
#2674 = VECTOR ( 'NONE', #1763, 1000.000000000000000 ) ;
#2675 = CARTESIAN_POINT ( 'NONE',  ( 9.000000000000000000, 23.49900632774392406, -12.41486306156780195 ) ) ;
#2676 = VERTEX_POINT ( 'NONE', #1006 ) ;
#2677 = CARTESIAN_POINT ( 'NONE',  ( 10.52889226086836416, 8.121228365309070441, -22.40130883687846364 ) ) ;
#2678 = B_SPLINE_CURVE_WITH_KNOTS ( 'NONE', 3,
 ( #887, #3834, #519, #3185 ),
 .UNSPECIFIED., .F., .F.,
 ( 4, 4 ),
 ( 0.000000000000000000, 0.02924502481008459109 ),
 .UNSPECIFIED. ) ;
#2679 = LINE ( 'NONE', #752, #1645 ) ;
#2680 = ORIENTED_EDGE ( 'NONE', *, *, #2418, .T. ) ;
#2681 = CARTESIAN_POINT ( 'NONE',  ( 9.606740315360248417, 5.700915153122328327, -21.58835202925875763 ) ) ;
#2682 = CARTESIAN_POINT ( 'NONE',  ( -9.000000000000000000, 23.49900632774392406, -12.41486306156780195 ) ) ;
#2683 = CIRCLE ( 'NONE', #4586, 2.550000000000000266 ) ;
#2684 = CARTESIAN_POINT ( 'NONE',  ( -9.007838271998959812, 11.83265419074694691, -8.034022635940686996 ) ) ;
#2685 = CARTESIAN_POINT ( 'NONE',  ( -9.314156401845188782, 0.4107219299699428339, -22.63911709204209544 ) ) ;
#2686 = CARTESIAN_POINT ( 'NONE',  ( 0.000000000000000000, 22.40972825771386923, -10.73752192567695474 ) ) ;
#2687 = CARTESIAN_POINT ( 'NONE',  ( -11.51788872012625831, 29.90886647142269439, -8.252251212943516379 ) ) ;
#2688 = VERTEX_POINT ( 'NONE', #4306 ) ;
#2689 = EDGE_LOOP ( 'NONE', ( #3886, #3320, #3996, #2755 ) ) ;
#2690 = VECTOR ( 'NONE', #1026, 1000.000000000000000 ) ;
#2691 = CARTESIAN_POINT ( 'NONE',  ( -8.166923538981848196, 15.51154193322085106, -5.361219795387283327 ) ) ;
#2692 = DIRECTION ( 'NONE',  ( 1.000000000000000000, 0.000000000000000000, 0.000000000000000000 ) ) ;
#2693 = LINE ( 'NONE', #4108, #3156 ) ;
#2694 = AXIS2_PLACEMENT_3D ( 'NONE', #2672, #2756, #3550 ) ;
#2695 = CIRCLE ( 'NONE', #1075, 4.999999999999992006 ) ;
#2696 = ORIENTED_EDGE ( 'NONE', *, *, #3870, .F. ) ;
#2697 = DATE_AND_TIME ( #3485, #1044 ) ;
#2698 = ORIENTED_EDGE ( 'NONE', *, *, #4700, .F. ) ;
#2699 = DIRECTION ( 'NONE',  ( -1.000000000000000000, 0.000000000000000000, 0.000000000000000000 ) ) ;
#2700 = CARTESIAN_POINT ( 'NONE',  ( -4.000000000000000000, 0.000000000000000000, 0.000000000000000000 ) ) ;
#2701 = ORIENTED_EDGE ( 'NONE', *, *, #1266, .F. ) ;
#2702 = DIRECTION ( 'NONE',  ( 0.000000000000000000, 0.000000000000000000, -1.000000000000000000 ) ) ;
#2703 = CARTESIAN_POINT ( 'NONE',  ( 11.47833490821344071, 30.62530958654080848, -7.442998614881764397 ) ) ;
#2704 = CARTESIAN_POINT ( 'NONE',  ( -6.814156401845188782, 0.4107219299699428339, -22.63911709204209544 ) ) ;
#2705 = EDGE_LOOP ( 'NONE', ( #1650, #1619 ) ) ;
#2706 = LINE ( 'NONE', #4128, #3977 ) ;
#2707 = CARTESIAN_POINT ( 'NONE',  ( -11.18689315843698573, 30.64401245517933603, -7.774841828968471980 ) ) ;
#2708 = EDGE_CURVE ( 'NONE', #3054, #3234, #2746, .T. ) ;
#2709 = VECTOR ( 'NONE', #76, 1000.000000000000000 ) ;
#2710 = ORIENTED_EDGE ( 'NONE', *, *, #4265, .T. ) ;
#2711 = ADVANCED_FACE ( 'NONE', ( #935 ), #648, .T. ) ;
#2712 = EDGE_LOOP ( 'NONE', ( #2300, #1786 ) ) ;
#2713 = DIRECTION ( 'NONE',  ( 1.000000000000000000, 0.000000000000000000, 3.469446951953614189E-16 ) ) ;
#2714 = CARTESIAN_POINT ( 'NONE',  ( -11.19992924043947902, 24.70323619037218066, -11.63282704482181984 ) ) ;
#2715 = CARTESIAN_POINT ( 'NONE',  ( -9.314156401845188782, -1.016011703836269486, -25.95037533297802312 ) ) ;
#2716 = ORIENTED_EDGE ( 'NONE', *, *, #1266, .T. ) ;
#2717 = SHAPE_DEFINITION_REPRESENTATION ( #1161, #2147 ) ;
#2718 = ORIENTED_EDGE ( 'NONE', *, *, #4115, .T. ) ;
#2719 = PLANE ( 'NONE',  #2297 ) ;
#2720 = CARTESIAN_POINT ( 'NONE',  ( 11.25406052375600297, 16.03891492081508119, -16.89309158711149905 ) ) ;
#2721 = VERTEX_POINT ( 'NONE', #3134 ) ;
#2722 = EDGE_CURVE ( 'NONE', #3060, #3821, #252, .T. ) ;
#2723 = CARTESIAN_POINT ( 'NONE',  ( -9.553004542238099361, 36.92584609746586466, -2.000000000000008882 ) ) ;
#2724 = CIRCLE ( 'NONE', #1569, 0.2999999999999996003 ) ;
#2725 =( BOUNDED_CURVE ( )  B_SPLINE_CURVE ( 3, ( #1069, #2, #1887, #805 ),
 .UNSPECIFIED., .F., .F. ) 
 B_SPLINE_CURVE_WITH_KNOTS ( ( 4, 4 ),
 ( 1.570796326794896558, 4.712388980384689674 ),
 .UNSPECIFIED. ) 
 CURVE ( )  GEOMETRIC_REPRESENTATION_ITEM ( )  RATIONAL_B_SPLINE_CURVE ( ( 1.000000000000000000, 0.3333333333333333703, 0.3333333333333333703, 1.000000000000000000 ) ) 
 REPRESENTATION_ITEM ( '' )  );
#2726 = CYLINDRICAL_SURFACE ( 'NONE', #1025, 4.099999999999999645 ) ;
#2727 = FACE_OUTER_BOUND ( 'NONE', #4159, .T. ) ;
#2728 = CARTESIAN_POINT ( 'NONE',  ( 11.46555152796547361, 23.37419941085109798, -10.11118703540967623 ) ) ;
#2729 = CARTESIAN_POINT ( 'NONE',  ( -8.767743262091590495, 37.55248284510341961, -3.288428700371528457 ) ) ;
#2730 = ORIENTED_EDGE ( 'NONE', *, *, #993, .F. ) ;
#2731 = ORIENTED_EDGE ( 'NONE', *, *, #1790, .T. ) ;
#2732 = ADVANCED_FACE ( 'NONE', ( #3902 ), #4278, .T. ) ;
#2733 = VECTOR ( 'NONE', #3436, 1000.000000000000000 ) ;
#2734 = PLANE ( 'NONE',  #1007 ) ;
#2735 = CARTESIAN_POINT ( 'NONE',  ( -11.46921206900639234, 24.61644815215548476, -11.51505731559532819 ) ) ;
#2736 = DIRECTION ( 'NONE',  ( -0.9656200712115593499, -0.2180186658833781488, -0.1415829770834584334 ) ) ;
#2737 = APPLICATION_CONTEXT ( 'configuration controlled 3d designs of mechanical parts and assemblies' ) ;
#2738 = ORIENTED_EDGE ( 'NONE', *, *, #4166, .T. ) ;
#2739 = PERSON_AND_ORGANIZATION_ROLE ( 'creator' ) ;
#2740 = EDGE_LOOP ( 'NONE', ( #153, #2626, #211, #693 ) ) ;
#2741 = LINE ( 'NONE', #4205, #2754 ) ;
#2742 = AXIS2_PLACEMENT_3D ( 'NONE', #2077, #287, #3238 ) ;
#2743 = DIRECTION ( 'NONE',  ( -1.000000000000000000, 0.000000000000000000, 0.000000000000000000 ) ) ;
#2744 = ORIENTED_EDGE ( 'NONE', *, *, #2653, .F. ) ;
#2745 = LINE ( 'NONE', #2462, #4348 ) ;
#2746 = LINE ( 'NONE', #541, #4430 ) ;
#2747 = EDGE_CURVE ( 'NONE', #4468, #3158, #2355, .T. ) ;
#2748 = EDGE_LOOP ( 'NONE', ( #329, #1847, #3761, #589 ) ) ;
#2749 = CARTESIAN_POINT ( 'NONE',  ( 0.000000000000000000, 11.55204249773525582, -17.78858550275959516 ) ) ;
#2750 = ORIENTED_EDGE ( 'NONE', *, *, #2840, .F. ) ;
#2751 = DIRECTION ( 'NONE',  ( 0.9656200712115593499, 0.2180186658833780933, 0.1415829770834584056 ) ) ;
#2752 = CARTESIAN_POINT ( 'NONE',  ( 10.79773931038669765, 7.491315738127815926, -20.42565229434897844 ) ) ;
#2753 = CARTESIAN_POINT ( 'NONE',  ( -10.46083154435029172, 35.36975116837388100, -4.425940245839662168 ) ) ;
#2754 = VECTOR ( 'NONE', #2376, 1000.000000000000114 ) ;
#2755 = ORIENTED_EDGE ( 'NONE', *, *, #3974, .T. ) ;
#2756 = DIRECTION ( 'NONE',  ( 0.000000000000000000, 0.000000000000000000, 1.000000000000000000 ) ) ;
#2757 = EDGE_LOOP ( 'NONE', ( #2118, #2092, #3944, #1155 ) ) ;
#2758 = DIRECTION ( 'NONE',  ( 0.000000000000000000, -0.000000000000000000, -1.000000000000000000 ) ) ;
#2759 = DIRECTION ( 'NONE',  ( -1.000000000000000000, -1.662020612589301938E-16, 0.000000000000000000 ) ) ;
#2760 = FACE_OUTER_BOUND ( 'NONE', #4019, .T. ) ;
#2761 = VERTEX_POINT ( 'NONE', #2822 ) ;
#2762 = AXIS2_PLACEMENT_3D ( 'NONE', #3971, #1440, #4714 ) ;
#2763 = FACE_OUTER_BOUND ( 'NONE', #830, .T. ) ;
#2764 = EDGE_CURVE ( 'NONE', #1305, #3586, #3775, .T. ) ;
#2765 = AXIS2_PLACEMENT_3D ( 'NONE', #3395, #4536, #3415 ) ;
#2766 = EDGE_CURVE ( 'NONE', #159, #2616, #2287, .T. ) ;
#2767 = CARTESIAN_POINT ( 'NONE',  ( -10.16557284061259736, -0.4584133110198386762, -27.59985823739724964 ) ) ;
#2768 = ORIENTED_EDGE ( 'NONE', *, *, #3062, .T. ) ;
#2769 = LINE ( 'NONE', #4588, #3967 ) ;
#2770 = DIRECTION ( 'NONE',  ( -1.000000000000000000, -0.000000000000000000, -0.000000000000000000 ) ) ;
#2771 = EDGE_CURVE ( 'NONE', #3654, #3007, #3539, .T. ) ;
#2772 = EDGE_CURVE ( 'NONE', #1261, #2336, #1820, .T. ) ;
#2773 = ORIENTED_EDGE ( 'NONE', *, *, #2896, .F. ) ;
#2774 = DIRECTION ( 'NONE',  ( 0.000000000000000000, -0.8386705679454236062, -0.5446390350150277504 ) ) ;
#2775 = CARTESIAN_POINT ( 'NONE',  ( 7.371119021540801342, 38.66509579937449814, -2.565889399577904850 ) ) ;
#2776 = CARTESIAN_POINT ( 'NONE',  ( 11.49976275841742712, 24.52985140741887449, -1.999999999999994893 ) ) ;
#2777 = EDGE_CURVE ( 'NONE', #1434, #1468, #746, .T. ) ;
#2778 = CARTESIAN_POINT ( 'NONE',  ( 10.07292212359395656, 14.10717837203025482, -16.12926086430547912 ) ) ;
#2779 = CARTESIAN_POINT ( 'NONE',  ( -4.971435919537308123, 39.88495196764350936, -1.773705541327736945 ) ) ;
#2780 = VERTEX_POINT ( 'NONE', #3951 ) ;
#2781 = FACE_OUTER_BOUND ( 'NONE', #2712, .T. ) ;
#2782 = ORIENTED_EDGE ( 'NONE', *, *, #901, .F. ) ;
#2783 = FACE_OUTER_BOUND ( 'NONE', #1585, .T. ) ;
#2784 = CARTESIAN_POINT ( 'NONE',  ( -4.000000000000000000, 23.49999999999999289, -7.029491177760974097 ) ) ;
#2785 = CARTESIAN_POINT ( 'NONE',  ( 4.500000000000003553, -0.5000000000000019984, -22.61527342274960972 ) ) ;
#2786 = VECTOR ( 'NONE', #3536, 1000.000000000000000 ) ;
#2787 = ORIENTED_EDGE ( 'NONE', *, *, #1943, .T. ) ;
#2788 = PERSON_AND_ORGANIZATION ( #1576, #3741 ) ;
#2789 = ADVANCED_FACE ( 'NONE', ( #4566 ), #2463, .F. ) ;
#2790 = CARTESIAN_POINT ( 'NONE',  ( 20.00000000000000000, 4.200000000000000178, -8.300000000000000711 ) ) ;
#2791 = CARTESIAN_POINT ( 'NONE',  ( -10.37425661114332165, 21.39666795864241777, -8.395410976278574466 ) ) ;
#2792 = B_SPLINE_CURVE_WITH_KNOTS ( 'NONE', 3,
 ( #3690, #676, #1761, #385 ),
 .UNSPECIFIED., .F., .F.,
 ( 4, 4 ),
 ( 0.0002769971986378646925, 0.02982129934118670639 ),
 .UNSPECIFIED. ) ;
#2793 = EDGE_CURVE ( 'NONE', #3528, #1282, #841, .T. ) ;
#2794 = CARTESIAN_POINT ( 'NONE',  ( -9.099999999999988987, 31.97423583211418574, -4.999999999999999112 ) ) ;
#2795 = ORIENTED_EDGE ( 'NONE', *, *, #641, .F. ) ;
#2796 = ADVANCED_FACE ( 'NONE', ( #2435 ), #230, .F. ) ;
#2797 = DIRECTION ( 'NONE',  ( 1.000000000000000000, 0.000000000000000000, 0.000000000000000000 ) ) ;
#2798 = CARTESIAN_POINT ( 'NONE',  ( -8.217620003918179705, 19.93511672475990437, -9.344553446893073101 ) ) ;
#2799 = EDGE_LOOP ( 'NONE', ( #4592, #4176, #2034, #4516 ) ) ;
#2800 = DIRECTION ( 'NONE',  ( 0.000000000000000000, 0.000000000000000000, -1.000000000000000000 ) ) ;
#2801 = CARTESIAN_POINT ( 'NONE',  ( 6.702945219848364111, 39.20561607733165488, -2.214871426792802911 ) ) ;
#2802 = CARTESIAN_POINT ( 'NONE',  ( -10.02249554049301139, 12.98622009059891447, -16.85721968403199966 ) ) ;
#2803 = CARTESIAN_POINT ( 'NONE',  ( 9.467296205100112161, 3.600091888353897929, -22.95264260932954770 ) ) ;
#2804 = CARTESIAN_POINT ( 'NONE',  ( -7.201755465154040081, 0.000000000000000000, -7.299999999999999822 ) ) ;
#2805 = VECTOR ( 'NONE', #1039, 1000.000000000000000 ) ;
#2806 = VERTEX_POINT ( 'NONE', #1054 ) ;
#2807 = CYLINDRICAL_SURFACE ( 'NONE', #1409, 4.099999999999999645 ) ;
#2808 = VECTOR ( 'NONE', #1564, 1000.000000000000000 ) ;
#2809 = EDGE_LOOP ( 'NONE', ( #1826, #3036, #4187, #2329 ) ) ;
#2810 = CARTESIAN_POINT ( 'NONE',  ( 10.00000000000000178, -7.500000000000002665, -6.299999999999990941 ) ) ;
#2811 = DIRECTION ( 'NONE',  ( 1.000000000000000000, 0.000000000000000000, 0.000000000000000000 ) ) ;
#2812 = CARTESIAN_POINT ( 'NONE',  ( 1.798244534888601809, 1.000000000000000000, -7.299999999999999822 ) ) ;
#2813 = ADVANCED_FACE ( 'NONE', ( #2604 ), #1757, .F. ) ;
#2814 = ORIENTED_EDGE ( 'NONE', *, *, #4561, .F. ) ;
#2815 = CARTESIAN_POINT ( 'NONE',  ( -0.4845219493680972267, 40.75903020442364522, -1.206072497281541311 ) ) ;
#2816 = CARTESIAN_POINT ( 'NONE',  ( 7.798244534931241922, 1.000000000000000000, -6.299999999999999822 ) ) ;
#2817 = VECTOR ( 'NONE', #4153, 1000.000000000000000 ) ;
#2818 = CARTESIAN_POINT ( 'NONE',  ( 4.500000000000003553, -0.4999999999999916733, -22.61527341432796234 ) ) ;
#2819 = CARTESIAN_POINT ( 'NONE',  ( 20.00000000000000000, 0.000000000000000000, -8.300000000000000711 ) ) ;
#2820 = ORIENTED_EDGE ( 'NONE', *, *, #70, .T. ) ;
#2821 = CARTESIAN_POINT ( 'NONE',  ( 8.886170709352583685, 37.44042830264704946, -3.361197771094957432 ) ) ;
#2822 = CARTESIAN_POINT ( 'NONE',  ( -9.099999999999988987, 31.97423583211418574, -4.999999999999999112 ) ) ;
#2823 = AXIS2_PLACEMENT_3D ( 'NONE', #3542, #2770, #2121 ) ;
#2824 = ORIENTED_EDGE ( 'NONE', *, *, #3321, .T. ) ;
#2825 = CARTESIAN_POINT ( 'NONE',  ( -10.00000000000000178, -7.500000000000002665, -19.25000000000000355 ) ) ;
#2826 = CARTESIAN_POINT ( 'NONE',  ( 9.770548997336057084, 36.64105813656802013, -3.880314826720898669 ) ) ;
#2827 = CARTESIAN_POINT ( 'NONE',  ( 9.182811828114774144, 37.40607963893580035, -1.794372177305537441 ) ) ;
#2828 = DIRECTION ( 'NONE',  ( -1.000000000000000000, 0.000000000000000000, 0.000000000000000000 ) ) ;
#2829 = DIRECTION ( 'NONE',  ( 0.000000000000000000, 1.000000000000000000, -0.000000000000000000 ) ) ;
#2830 = ORIENTED_EDGE ( 'NONE', *, *, #2771, .T. ) ;
#2831 = DIRECTION ( 'NONE',  ( 0.000000000000000000, 0.000000000000000000, 1.000000000000000000 ) ) ;
#2832 = ORIENTED_EDGE ( 'NONE', *, *, #3985, .T. ) ;
#2833 = FACE_OUTER_BOUND ( 'NONE', #2310, .T. ) ;
#2834 = CARTESIAN_POINT ( 'NONE',  ( 9.314156401845188782, -2.105289773866326097, -24.27303419708717769 ) ) ;
#2835 = FACE_OUTER_BOUND ( 'NONE', #3597, .T. ) ;
#2836 = VECTOR ( 'NONE', #4, 1000.000000000000000 ) ;
#2837 = EDGE_LOOP ( 'NONE', ( #3241, #3475, #2357, #128 ) ) ;
#2838 = CARTESIAN_POINT ( 'NONE',  ( -10.67973607702067795, 33.96066618072097043, -5.620981715594891348 ) ) ;
#2839 = CARTESIAN_POINT ( 'NONE',  ( 11.49976275841742890, 24.52985140741888515, -11.38169557082816397 ) ) ;
#2840 = EDGE_CURVE ( 'NONE', #942, #1666, #3091, .T. ) ;
#2841 = CARTESIAN_POINT ( 'NONE',  ( 9.314156401845188782, 0.4107219299699428339, -22.63911709204209544 ) ) ;
#2842 = DIRECTION ( 'NONE',  ( -0.9754463357043047234, -0.2202372497127693118, 0.000000000000000000 ) ) ;
#2843 = ORIENTED_EDGE ( 'NONE', *, *, #1561, .F. ) ;
#2844 = CARTESIAN_POINT ( 'NONE',  ( 10.30687240124103710, 35.11622943677853215, -4.870550162691037244 ) ) ;
#2845 = CARTESIAN_POINT ( 'NONE',  ( 11.46555152796547361, 23.37419941085109798, -10.11118703540967623 ) ) ;
#2846 = AXIS2_PLACEMENT_3D ( 'NONE', #527, #944, #968 ) ;
#2847 = ORIENTED_EDGE ( 'NONE', *, *, #3851, .F. ) ;
#2848 = DIRECTION ( 'NONE',  ( 1.000000000000000000, 0.000000000000000000, 3.469446951953614189E-16 ) ) ;
#2849 = CARTESIAN_POINT ( 'NONE',  ( 8.081276137419793670, 38.39648239974339816, -2.539968884208445576 ) ) ;
#2850 = CARTESIAN_POINT ( 'NONE',  ( -10.00000000000000000, 26.17423583211419214, -4.999999999999999112 ) ) ;
#2851 = EDGE_CURVE ( 'NONE', #4326, #2969, #671, .T. ) ;
#2852 = LINE ( 'NONE', #4311, #3370 ) ;
#2853 = CARTESIAN_POINT ( 'NONE',  ( 9.606740315360248417, 5.700915153122328327, -18.58835202925875763 ) ) ;
#2854 = ORIENTED_EDGE ( 'NONE', *, *, #3492, .F. ) ;
#2855 = CARTESIAN_POINT ( 'NONE',  ( -7.500000000000000000, 37.50000000000000000, -1.746813428970050097 ) ) ;
#2856 = ORIENTED_EDGE ( 'NONE', *, *, #2943, .T. ) ;
#2857 = ADVANCED_FACE ( 'NONE', ( #2236 ), #3283, .F. ) ;
#2858 = CARTESIAN_POINT ( 'NONE',  ( 10.50000000000000000, -7.500000000000001776, -7.199999999999990408 ) ) ;
#2859 = PLANE ( 'NONE',  #2571 ) ;
#2860 = DIRECTION ( 'NONE',  ( 1.000000000000000000, 0.000000000000000000, 0.000000000000000000 ) ) ;
#2861 = VERTEX_POINT ( 'NONE', #2971 ) ;
#2862 = CARTESIAN_POINT ( 'NONE',  ( -10.43743682286083008, 23.49999999999999289, -7.029491177587661177 ) ) ;
#2863 = CARTESIAN_POINT ( 'NONE',  ( -10.29891725710755779, 19.29356630078341084, -9.761181162117150478 ) ) ;
#2864 = CIRCLE ( 'NONE', #1391, 0.4999999999999995559 ) ;
#2865 = CARTESIAN_POINT ( 'NONE',  ( 4.500000000000001776, 1.500000000000007105, -21.31645822793293732 ) ) ;
#2866 = CARTESIAN_POINT ( 'NONE',  ( -6.814156401845188782, -2.105289773866326097, -24.27303419708717769 ) ) ;
#2867 = ORIENTED_EDGE ( 'NONE', *, *, #1127, .T. ) ;
#2868 = LINE ( 'NONE', #1417, #1531 ) ;
#2869 = ADVANCED_FACE ( 'NONE', ( #3311, #381 ), #2891, .T. ) ;
#2870 = ORIENTED_EDGE ( 'NONE', *, *, #3345, .T. ) ;
#2871 = LINE ( 'NONE', #2557, #4183 ) ;
#2872 = CARTESIAN_POINT ( 'NONE',  ( 7.336159095823838072, 38.87187255259807017, -2.242566015098623300 ) ) ;
#2873 = DIRECTION ( 'NONE',  ( -0.000000000000000000, -0.000000000000000000, -1.000000000000000000 ) ) ;
#2874 = CARTESIAN_POINT ( 'NONE',  ( -6.833327379014862757, 39.19460748795864191, -11.44735753722967964 ) ) ;
#2875 = CARTESIAN_POINT ( 'NONE',  ( -7.201755465154040081, 0.000000000000000000, -6.299999999999998046 ) ) ;
#2876 = ORIENTED_EDGE ( 'NONE', *, *, #927, .F. ) ;
#2877 = CARTESIAN_POINT ( 'NONE',  ( -10.31862528538426460, 19.93511672409532665, -9.344553445917537005 ) ) ;
#2878 = ORIENTED_EDGE ( 'NONE', *, *, #3990, .T. ) ;
#2879 = VECTOR ( 'NONE', #3904, 1000.000000000000000 ) ;
#2880 = PLANE ( 'NONE',  #1509 ) ;
#2881 = DIRECTION ( 'NONE',  ( -5.337610695313253357E-16, 0.000000000000000000, 1.000000000000000000 ) ) ;
#2882 = LINE ( 'NONE', #684, #1445 ) ;
#2883 = AXIS2_PLACEMENT_3D ( 'NONE', #1831, #4736, #4379 ) ;
#2884 = ADVANCED_FACE ( 'NONE', ( #3255 ), #2581, .T. ) ;
#2885 = ORIENTED_EDGE ( 'NONE', *, *, #3304, .F. ) ;
#2886 = CARTESIAN_POINT ( 'NONE',  ( -0.3549168838347833699, 40.93067413351617745, -1.094605626404681509 ) ) ;
#2887 = CARTESIAN_POINT ( 'NONE',  ( -9.699999999999999289, 31.97423583211418574, -4.999999999999999112 ) ) ;
#2888 = CARTESIAN_POINT ( 'NONE',  ( -10.36216199730334253, 21.12331782179784412, -8.572926630835384643 ) ) ;
#2889 = CARTESIAN_POINT ( 'NONE',  ( -10.06971081556955916, 13.98808937343249958, -13.20659816438958778 ) ) ;
#2890 = VERTEX_POINT ( 'NONE', #1784 ) ;
#2891 = PLANE ( 'NONE',  #4685 ) ;
#2892 = ORIENTED_EDGE ( 'NONE', *, *, #4149, .F. ) ;
#2893 = DIRECTION ( 'NONE',  ( 1.000000000000000000, 0.000000000000000000, 3.469446951953613696E-16 ) ) ;
#2894 = ORIENTED_EDGE ( 'NONE', *, *, #15, .F. ) ;
#2895 = CARTESIAN_POINT ( 'NONE',  ( 4.096715443863593542, 40.08761976016431561, -1.576518474938850556 ) ) ;
#2896 = EDGE_CURVE ( 'NONE', #3509, #2914, #3066, .T. ) ;
#2897 = CARTESIAN_POINT ( 'NONE',  ( 9.735423848917200473, 36.83013567637613761, -11.44735753722967964 ) ) ;
#2898 = AXIS2_PLACEMENT_3D ( 'NONE', #450, #1172, #4761 ) ;
#2899 = ORIENTED_EDGE ( 'NONE', *, *, #417, .T. ) ;
#2900 = VECTOR ( 'NONE', #3913, 1000.000000000000000 ) ;
#2901 = CARTESIAN_POINT ( 'NONE',  ( -4.201755465111398635, 1.000000000000000000, -6.299999999999998046 ) ) ;
#2902 = ORIENTED_EDGE ( 'NONE', *, *, #343, .F. ) ;
#2903 = CARTESIAN_POINT ( 'NONE',  ( 11.38343590091432667, 20.42448418968672641, -14.41148108357110758 ) ) ;
#2904 = CARTESIAN_POINT ( 'NONE',  ( 11.35154043526124390, 24.44534431151495113, -11.76060553911057838 ) ) ;
#2905 = CARTESIAN_POINT ( 'NONE',  ( 0.5000000000000001110, 39.50000000000000000, -0.7340671448502610330 ) ) ;
#2906 = ORIENTED_EDGE ( 'NONE', *, *, #3270, .F. ) ;
#2907 = VERTEX_POINT ( 'NONE', #1083 ) ;
#2908 = CARTESIAN_POINT ( 'NONE',  ( -10.57853356912279708, 34.32653319877491782, -5.383384895970051431 ) ) ;
#2909 = CARTESIAN_POINT ( 'NONE',  ( -8.145679106923012114, 8.284412196705606135, -7.928748084875221203 ) ) ;
#2910 = AXIS2_PLACEMENT_3D ( 'NONE', #948, #998, #2424 ) ;
#2911 =( BOUNDED_SURFACE ( )  B_SPLINE_SURFACE ( 3, 2, ( 
 ( #781, #3341, #2957 ),
 ( #758, #2979, #1842 ),
 ( #363, #22, #2178 ),
 ( #1136, #3001, #2244 ),
 ( #4015, #2903, #4453 ),
 ( #3717, #43, #706 ) ),
 .UNSPECIFIED., .F., .F., .F. ) 
 B_SPLINE_SURFACE_WITH_KNOTS ( ( 4, 2, 4 ),
 ( 3, 3 ),
 ( 0.01268097032610882718, 0.02762517163667715936, 0.04256937294724549153 ),
 ( 0.000000000000000000, 1.000000000000000000 ),
 .UNSPECIFIED. ) 
 GEOMETRIC_REPRESENTATION_ITEM ( )  RATIONAL_B_SPLINE_SURFACE ( (
 ( 1.000000000000000000, 0.6916742175031431739, 1.000000000000000000),
 ( 1.000000000000000000, 0.6916742175031431739, 1.000000000000000000),
 ( 1.000000000000000000, 0.6951165354452758516, 1.000000000000000000),
 ( 1.000000000000000000, 0.6984268631689466433, 1.000000000000000000),
 ( 1.000000000000000000, 0.7000242753867828016, 1.000000000000000000),
 ( 1.000000000000000000, 0.7015687127555776392, 1.000000000000000000) ) ) 
 REPRESENTATION_ITEM ( '' )  SURFACE ( )  );
#2912 = CARTESIAN_POINT ( 'NONE',  ( 6.000000000000000000, -7.500000000000002665, -21.79999999999999716 ) ) ;
#2913 = FACE_OUTER_BOUND ( 'NONE', #4474, .T. ) ;
#2914 = VERTEX_POINT ( 'NONE', #4404 ) ;
#2915 = ADVANCED_FACE ( 'NONE', ( #2215 ), #1390, .F. ) ;
#2916 = CARTESIAN_POINT ( 'NONE',  ( 4.110054558260259228, 40.08461363044835224, -0.4380345039090931536 ) ) ;
#2917 = ADVANCED_FACE ( 'NONE', ( #2510, #353 ), #2947, .F. ) ;
#2918 = ORIENTED_EDGE ( 'NONE', *, *, #45, .F. ) ;
#2919 = LINE ( 'NONE', #3208, #3952 ) ;
#2920 = ORIENTED_EDGE ( 'NONE', *, *, #4149, .T. ) ;
#2921 = CARTESIAN_POINT ( 'NONE',  ( 10.00000000000000178, -0.5000000000000019984, -26.79999999999999716 ) ) ;
#2922 = ADVANCED_FACE ( 'NONE', ( #723 ), #3638, .F. ) ;
#2923 = CARTESIAN_POINT ( 'NONE',  ( -11.49976275841742712, 24.52985140741887449, -0.3723725375075759292 ) ) ;
#2924 = EDGE_CURVE ( 'NONE', #3079, #3285, #2868, .T. ) ;
#2925 = VECTOR ( 'NONE', #1103, 1000.000000000000000 ) ;
#2926 = EDGE_CURVE ( 'NONE', #3056, #1117, #3381, .T. ) ;
#2927 = ORIENTED_EDGE ( 'NONE', *, *, #3621, .F. ) ;
#2928 = VECTOR ( 'NONE', #2284, 1000.000000000000000 ) ;
#2929 = CARTESIAN_POINT ( 'NONE',  ( -7.000000000000000000, 37.00000000000000000, -1.999999999999997335 ) ) ;
#2930 = EDGE_LOOP ( 'NONE', ( #3968, #687, #951, #4538 ) ) ;
#2931 = ADVANCED_FACE ( 'NONE', ( #326 ), #4028, .T. ) ;
#2932 = CARTESIAN_POINT ( 'NONE',  ( -0.1854292832865868934, 40.94965655536967120, -0.9193915876221309125 ) ) ;
#2933 = CARTESIAN_POINT ( 'NONE',  ( 11.49435119898425306, 24.34110018423456978, -11.60008365982807099 ) ) ;
#2934 = CARTESIAN_POINT ( 'NONE',  ( -0.4845219493680979483, 40.75903020442365232, -1.206072497281533540 ) ) ;
#2935 = VERTEX_POINT ( 'NONE', #1880 ) ;
#2936 = ADVANCED_FACE ( 'NONE', ( #2260 ), #4445, .T. ) ;
#2937 = ORIENTED_EDGE ( 'NONE', *, *, #2708, .T. ) ;
#2938 = CARTESIAN_POINT ( 'NONE',  ( -11.49976275841742712, 24.52985140741887449, -11.38169557082816397 ) ) ;
#2939 = CARTESIAN_POINT ( 'NONE',  ( 7.500000000000000888, 38.49999999999999289, -1.240440286910156065 ) ) ;
#2940 = CARTESIAN_POINT ( 'NONE',  ( 10.84113716528757898, 9.332202423021604076, -7.681958635756813258 ) ) ;
#2941 = EDGE_CURVE ( 'NONE', #932, #3623, #797, .T. ) ;
#2942 = DIRECTION ( 'NONE',  ( 0.000000000000000000, 0.000000000000000000, -1.000000000000000000 ) ) ;
#2943 = EDGE_CURVE ( 'NONE', #3737, #4210, #430, .T. ) ;
#2944 = LINE ( 'NONE', #3308, #4054 ) ;
#2945 = VERTEX_POINT ( 'NONE', #2490 ) ;
#2946 = CARTESIAN_POINT ( 'NONE',  ( 11.38600878557027229, 20.96459948968558606, -2.000000000000001332 ) ) ;
#2947 = PLANE ( 'NONE',  #1073 ) ;
#2948 =( BOUNDED_CURVE ( )  B_SPLINE_CURVE ( 3, ( #4078, #2932, #4370, #3322 ),
 .UNSPECIFIED., .F., .T. ) 
 B_SPLINE_CURVE_WITH_KNOTS ( ( 4, 4 ),
 ( 0.000000000000000000, 0.2220576855179797471 ),
 .UNSPECIFIED. ) 
 CURVE ( )  GEOMETRIC_REPRESENTATION_ITEM ( )  RATIONAL_B_SPLINE_CURVE ( ( 1.000000000000000000, 0.9958950848712231352, 0.9958950848712231352, 1.000000000000000000 ) ) 
 REPRESENTATION_ITEM ( '' )  );
#2949 = ADVANCED_FACE ( 'NONE', ( #1276 ), #1714, .F. ) ;
#2950 = EDGE_CURVE ( 'NONE', #222, #3724, #628, .T. ) ;
#2951 = CARTESIAN_POINT ( 'NONE',  ( -8.882766635187463677, 12.30559715085593808, -14.29922138988251135 ) ) ;
#2952 = VERTEX_POINT ( 'NONE', #4571 ) ;
#2953 = LINE ( 'NONE', #3338, #296 ) ;
#2954 = CARTESIAN_POINT ( 'NONE',  ( -8.215808525592969147, 16.85280267577349278, -4.598206035081986442 ) ) ;
#2955 = DIRECTION ( 'NONE',  ( 0.000000000000000000, 0.000000000000000000, -1.000000000000000000 ) ) ;
#2956 = ORIENTED_EDGE ( 'NONE', *, *, #2061, .F. ) ;
#2957 = CARTESIAN_POINT ( 'NONE',  ( 10.15370951049169257, -0.6076232740579388114, -27.69673881533740811 ) ) ;
#2958 = CARTESIAN_POINT ( 'NONE',  ( -4.640598084635519704, 39.96074413559076532, -0.5007586892255015965 ) ) ;
#2959 = CARTESIAN_POINT ( 'NONE',  ( -10.21099132498761541, 17.19085956422285832, -11.12669488328055500 ) ) ;
#2960 = EDGE_LOOP ( 'NONE', ( #2985, #4755, #3771, #266 ) ) ;
#2961 = ORIENTED_EDGE ( 'NONE', *, *, #2772, .T. ) ;
#2962 = CARTESIAN_POINT ( 'NONE',  ( 10.50000000000000000, -7.500000000000002665, -11.29999999999999005 ) ) ;
#2963 = CARTESIAN_POINT ( 'NONE',  ( 10.20175546506875541, 0.000000000000000000, -8.300000000000000711 ) ) ;
#2964 = CARTESIAN_POINT ( 'NONE',  ( -7.201755465154040081, 1.000000000000000000, -7.299999999999999822 ) ) ;
#2965 = B_SPLINE_CURVE_WITH_KNOTS ( 'NONE', 3,
 ( #1706, #1224, #1972, #1267 ),
 .UNSPECIFIED., .F., .F.,
 ( 4, 4 ),
 ( 1.210691459070760676E-14, 0.0006203614721327513435 ),
 .UNSPECIFIED. ) ;
#2966 = AXIS2_PLACEMENT_3D ( 'NONE', #4649, #3108, #962 ) ;
#2967 = EDGE_CURVE ( 'NONE', #3645, #1571, #603, .T. ) ;
#2968 = CARTESIAN_POINT ( 'NONE',  ( -10.16226774207625994, -0.5000000000000019984, -27.44746873418995747 ) ) ;
#2969 = VERTEX_POINT ( 'NONE', #547 ) ;
#2970 = LINE ( 'NONE', #2992, #3065 ) ;
#2971 = CARTESIAN_POINT ( 'NONE',  ( -0.5505931242819296356, 40.88827239463042673, -0.9544713268979030385 ) ) ;
#2972 = CARTESIAN_POINT ( 'NONE',  ( 10.00000000000000178, -0.5000000000000019984, -25.61527341432796945 ) ) ;
#2973 = CIRCLE ( 'NONE', #2430, 4.099999999999999645 ) ;
#2974 = EDGE_LOOP ( 'NONE', ( #459, #607, #1208, #1594 ) ) ;
#2975 = LINE ( 'NONE', #1423, #2375 ) ;
#2976 = DIRECTION ( 'NONE',  ( -1.000000000000000000, -0.000000000000000000, -0.000000000000000000 ) ) ;
#2977 = FACE_OUTER_BOUND ( 'NONE', #4466, .T. ) ;
#2978 = PRODUCT ( 'onebody-12-jiegoujian', 'onebody-12-jiegoujian', '', ( #1948 ) ) ;
#2979 = CARTESIAN_POINT ( 'NONE',  ( 10.49882553905493943, 3.732352404471988461, -25.25147821144625127 ) ) ;
#2980 = CARTESIAN_POINT ( 'NONE',  ( -10.00000000000000178, -0.5000000000000019984, -6.299999999999998934 ) ) ;
#2981 = CARTESIAN_POINT ( 'NONE',  ( 10.16226774207625994, -0.5000000000000019984, -25.61527341432796945 ) ) ;
#2982 = EDGE_LOOP ( 'NONE', ( #3456, #562 ) ) ;
#2983 = LOCAL_TIME ( 15, 39, 6.000000000000000000, #1290 ) ;
#2984 = VECTOR ( 'NONE', #2002, 1000.000000000000114 ) ;
#2985 = ORIENTED_EDGE ( 'NONE', *, *, #2460, .F. ) ;
#2986 = DIRECTION ( 'NONE',  ( -0.000000000000000000, -0.000000000000000000, -1.000000000000000000 ) ) ;
#2987 = DIRECTION ( 'NONE',  ( 1.000000000000000000, 0.000000000000000000, 0.000000000000000000 ) ) ;
#2988 = CARTESIAN_POINT ( 'NONE',  ( -8.886940623150824337, 8.786124339809331829, -8.701317035937995215 ) ) ;
#2989 = DIRECTION ( 'NONE',  ( -0.000000000000000000, -0.000000000000000000, 1.000000000000000000 ) ) ;
#2990 = ORIENTED_EDGE ( 'NONE', *, *, #559, .T. ) ;
#2991 = ADVANCED_FACE ( 'NONE', ( #2468 ), #4651, .T. ) ;
#2992 = CARTESIAN_POINT ( 'NONE',  ( -9.314156398361021161, 1.499999999999997780, -21.31645822798600420 ) ) ;
#2993 = CARTESIAN_POINT ( 'NONE',  ( -7.201755465154040081, 1.000000000000000000, -7.299999999999999822 ) ) ;
#2994 = CARTESIAN_POINT ( 'NONE',  ( -8.547895691887271497, 8.267273453104444059, -7.902356734056890986 ) ) ;
#2995 = EDGE_LOOP ( 'NONE', ( #4062, #2782, #65, #3629, #3099, #416 ) ) ;
#2996 = CARTESIAN_POINT ( 'NONE',  ( -8.467936284831957039, 38.09154687665021299, -2.729821512127554417 ) ) ;
#2997 = CARTESIAN_POINT ( 'NONE',  ( 11.51320704569614328, 30.51598161185266278, -11.44735753722967964 ) ) ;
#2998 = CARTESIAN_POINT ( 'NONE',  ( -8.948630225787303161, 10.36774551940810518, -8.496156370223602039 ) ) ;
#2999 = EDGE_CURVE ( 'NONE', #2256, #3986, #3766, .T. ) ;
#3000 = AXIS2_PLACEMENT_3D ( 'NONE', #773, #1810, #4766 ) ;
#3001 = CARTESIAN_POINT ( 'NONE',  ( 11.21492005217135279, 16.24671417577809507, -17.12455665320131715 ) ) ;
#3002 = LINE ( 'NONE', #1843, #1657 ) ;
#3003 = DIRECTION ( 'NONE',  ( -1.000000000000000000, 0.000000000000000000, -3.384826294588891940E-16 ) ) ;
#3004 = ORIENTED_EDGE ( 'NONE', *, *, #3643, .T. ) ;
#3005 = AXIS2_PLACEMENT_3D ( 'NONE', #1829, #10, #1484 ) ;
#3006 = EDGE_CURVE ( 'NONE', #4582, #2952, #3957, .T. ) ;
#3007 = VERTEX_POINT ( 'NONE', #4674 ) ;
#3008 = CARTESIAN_POINT ( 'NONE',  ( -11.49671617256383271, 24.42333313528380501, -11.45129953120338762 ) ) ;
#3009 = DIRECTION ( 'NONE',  ( -1.000000000000000000, 0.000000000000000000, 0.000000000000000000 ) ) ;
#3010 = B_SPLINE_CURVE_WITH_KNOTS ( 'NONE', 3,
 ( #2078, #2517, #2025, #3548, #3499, #2103, #4676, #2853, #2153, #311 ),
 .UNSPECIFIED., .F., .F.,
 ( 4, 3, 3, 4 ),
 ( 0.000000000000000000, 0.4267648399688319105, 0.7133666503527037461, 1.000000000000000000 ),
 .UNSPECIFIED. ) ;
#3011 = LINE ( 'NONE', #1077, #3694 ) ;
#3012 = CARTESIAN_POINT ( 'NONE',  ( -5.999999999999996447, -23.50000000000000000, -26.80000000000000071 ) ) ;
#3013 = VERTEX_POINT ( 'NONE', #2046 ) ;
#3014 = DIRECTION ( 'NONE',  ( -1.000000000000000000, -0.000000000000000000, -3.384826294588891940E-16 ) ) ;
#3015 = ORIENTED_EDGE ( 'NONE', *, *, #2747, .T. ) ;
#3016 = CARTESIAN_POINT ( 'NONE',  ( -10.50000000000000355, -7.500000000000002665, -8.049999999999991829 ) ) ;
#3017 = DIRECTION ( 'NONE',  ( 0.000000000000000000, -0.8386705679454231621, -0.5446390350150284165 ) ) ;
#3018 = ORIENTED_EDGE ( 'NONE', *, *, #1438, .F. ) ;
#3019 = CARTESIAN_POINT ( 'NONE',  ( 7.038707163147407186, 39.04476019161482725, -2.134161979468244041 ) ) ;
#3020 = ADVANCED_FACE ( 'NONE', ( #3497 ), #1371, .T. ) ;
#3021 = VECTOR ( 'NONE', #2031, 1000.000000000000000 ) ;
#3022 = CARTESIAN_POINT ( 'NONE',  ( -4.041845982919947566, 39.95586224202692449, -1.727655870674944305 ) ) ;
#3023 = FACE_OUTER_BOUND ( 'NONE', #4361, .T. ) ;
#3024 = CARTESIAN_POINT ( 'NONE',  ( -9.643229333773383871, 36.44818737012862897, -4.005566566953784324 ) ) ;
#3025 = B_SPLINE_CURVE_WITH_KNOTS ( 'NONE', 3,
 ( #2173, #4723, #2895, #698 ),
 .UNSPECIFIED., .F., .F.,
 ( 4, 4 ),
 ( 0.000000000000000000, 1.000000000000000000 ),
 .UNSPECIFIED. ) ;
#3026 = VECTOR ( 'NONE', #2245, 1000.000000000000000 ) ;
#3027 = ORIENTED_EDGE ( 'NONE', *, *, #3956, .F. ) ;
#3028 = ORIENTED_EDGE ( 'NONE', *, *, #3437, .T. ) ;
#3029 = VERTEX_POINT ( 'NONE', #652 ) ;
#3030 = CARTESIAN_POINT ( 'NONE',  ( 11.49671617256383627, 24.42333313528381211, -11.45129953120338229 ) ) ;
#3031 = PLANE ( 'NONE',  #1499 ) ;
#3032 = AXIS2_PLACEMENT_3D ( 'NONE', #835, #2306, #3778 ) ;
#3033 = LINE ( 'NONE', #3805, #2309 ) ;
#3034 = DIRECTION ( 'NONE',  ( 0.000000000000000000, 1.000000000000000000, 0.000000000000000000 ) ) ;
#3035 = ORIENTED_EDGE ( 'NONE', *, *, #358, .F. ) ;
#3036 = ORIENTED_EDGE ( 'NONE', *, *, #4434, .T. ) ;
#3037 = AXIS2_PLACEMENT_3D ( 'NONE', #2513, #4308, #3979 ) ;
#3038 = CARTESIAN_POINT ( 'NONE',  ( -10.50000000000000355, -7.500000000000002665, -11.29999999999999005 ) ) ;
#3039 = VECTOR ( 'NONE', #883, 1000.000000000000000 ) ;
#3040 = CARTESIAN_POINT ( 'NONE',  ( 4.000000000000000000, 24.87031818638472913, -9.139596142252763400 ) ) ;
#3041 = ORIENTED_EDGE ( 'NONE', *, *, #1637, .F. ) ;
#3042 = CARTESIAN_POINT ( 'NONE',  ( -9.832007257007294498, 36.54649941794674817, -3.690549583035242165 ) ) ;
#3043 = CARTESIAN_POINT ( 'NONE',  ( -11.54904755682983541, 26.17450718755667083, -2.000000000000008882 ) ) ;
#3044 = DIRECTION ( 'NONE',  ( 0.000000000000000000, 0.000000000000000000, 1.000000000000000000 ) ) ;
#3045 = ORIENTED_EDGE ( 'NONE', *, *, #559, .F. ) ;
#3046 = CARTESIAN_POINT ( 'NONE',  ( 10.00000000000000000, 26.17423583211419214, -4.999999999999999112 ) ) ;
#3047 = CARTESIAN_POINT ( 'NONE',  ( -7.463947317636134393, 38.80696672679199111, -2.283402682851187748 ) ) ;
#3048 = VECTOR ( 'NONE', #3119, 1000.000000000000000 ) ;
#3049 = ORIENTED_EDGE ( 'NONE', *, *, #3560, .F. ) ;
#3050 = ORIENTED_EDGE ( 'NONE', *, *, #368, .F. ) ;
#3051 = DIRECTION ( 'NONE',  ( -0.000000000000000000, 0.8386705679454240503, 0.5446390350150269732 ) ) ;
#3052 = CARTESIAN_POINT ( 'NONE',  ( 6.814156401845188782, 0.4107219299699428339, -22.63911709204209544 ) ) ;
#3053 = CARTESIAN_POINT ( 'NONE',  ( 10.51213093192063930, 4.200000000000000178, -8.300000000000000711 ) ) ;
#3054 = VERTEX_POINT ( 'NONE', #1641 ) ;
#3055 = PERSON_AND_ORGANIZATION ( #1576, #3741 ) ;
#3056 = VERTEX_POINT ( 'NONE', #2776 ) ;
#3057 = LINE ( 'NONE', #452, #3758 ) ;
#3058 = EDGE_CURVE ( 'NONE', #2806, #2907, #1591, .T. ) ;
#3059 = LINE ( 'NONE', #3735, #2808 ) ;
#3060 = VERTEX_POINT ( 'NONE', #1691 ) ;
#3061 = DIRECTION ( 'NONE',  ( -1.000000000000000000, 0.000000000000000000, 0.000000000000000000 ) ) ;
#3062 = EDGE_CURVE ( 'NONE', #1282, #384, #939, .T. ) ;
#3063 = CARTESIAN_POINT ( 'NONE',  ( 11.52512088518036215, 25.29070012493012243, -10.88805892716441726 ) ) ;
#3064 = B_SPLINE_CURVE_WITH_KNOTS ( 'NONE', 3,
 ( #1101, #1437, #2909, #4440, #4376, #1122, #2576, #1530, #2988, #1505 ),
 .UNSPECIFIED., .F., .F.,
 ( 4, 2, 2, 2, 4 ),
 ( 0.000000000000000000, 0.0004115119923172527662, 0.0008230239846345055324, 0.001234535976951758353, 0.001646047969269011065 ),
 .UNSPECIFIED. ) ;
#3065 = VECTOR ( 'NONE', #4444, 1000.000000000000000 ) ;
#3066 =( BOUNDED_CURVE ( )  B_SPLINE_CURVE ( 3, ( #4423, #4328, #3710, #4383 ),
 .UNSPECIFIED., .F., .T. ) 
 B_SPLINE_CURVE_WITH_KNOTS ( ( 4, 4 ),
 ( 4.712388980384689674, 6.283185307179586232 ),
 .UNSPECIFIED. ) 
 CURVE ( )  GEOMETRIC_REPRESENTATION_ITEM ( )  RATIONAL_B_SPLINE_CURVE ( ( 1.000000000000000000, 0.8047378541243649375, 0.8047378541243649375, 1.000000000000000000 ) ) 
 REPRESENTATION_ITEM ( '' )  );
#3067 = DIRECTION ( 'NONE',  ( 3.384826294588891940E-16, -0.000000000000000000, -1.000000000000000000 ) ) ;
#3068 = EDGE_CURVE ( 'NONE', #1534, #982, #4738, .T. ) ;
#3069 = PLANE ( 'NONE',  #435 ) ;
#3070 = CARTESIAN_POINT ( 'NONE',  ( -11.56440027661709813, 27.51257985108463799, -9.449996837655110227 ) ) ;
#3071 = ORIENTED_EDGE ( 'NONE', *, *, #2313, .T. ) ;
#3072 = VERTEX_POINT ( 'NONE', #985 ) ;
#3073 = AXIS2_PLACEMENT_3D ( 'NONE', #3932, #2751, #2126 ) ;
#3074 = CARTESIAN_POINT ( 'NONE',  ( 10.20175546506875541, 0.000000000000000000, -8.300000000000000711 ) ) ;
#3075 = CARTESIAN_POINT ( 'NONE',  ( -9.542162300308314471, 4.626771722305877965, -19.28590892932530210 ) ) ;
#3076 = CARTESIAN_POINT ( 'NONE',  ( -8.409311799663674591, 12.32796101902550845, -14.15526724624307420 ) ) ;
#3077 = AXIS2_PLACEMENT_3D ( 'NONE', #921, #4264, #4138 ) ;
#3078 = AXIS2_PLACEMENT_3D ( 'NONE', #3984, #3166, #3596 ) ;
#3079 = VERTEX_POINT ( 'NONE', #776 ) ;
#3080 = ORIENTED_EDGE ( 'NONE', *, *, #2623, .T. ) ;
#3081 = CARTESIAN_POINT ( 'NONE',  ( -7.000000000000000000, 37.50000000000000000, -0.4999999999999995559 ) ) ;
#3082 = CYLINDRICAL_SURFACE ( 'NONE', #4339, 0.4999999999999995559 ) ;
#3083 = ORIENTED_EDGE ( 'NONE', *, *, #4213, .F. ) ;
#3084 = CARTESIAN_POINT ( 'NONE',  ( 11.54560641560127188, 26.05306458205782860, -10.39415653277004203 ) ) ;
#3085 = EDGE_CURVE ( 'NONE', #3720, #3515, #4052, .T. ) ;
#3086 = PLANE ( 'NONE',  #949 ) ;
#3087 = ORIENTED_EDGE ( 'NONE', *, *, #4690, .T. ) ;
#3088 = DIRECTION ( 'NONE',  ( -5.169068702225411996E-10, 0.5446390349885167348, -0.8386705679626400567 ) ) ;
#3089 = CARTESIAN_POINT ( 'NONE',  ( -10.97056978665956173, 33.87138777249944610, -5.370650805456511634 ) ) ;
#3090 = VECTOR ( 'NONE', #2305, 1000.000000000000000 ) ;
#3091 =( BOUNDED_CURVE ( )  B_SPLINE_CURVE ( 3, ( #3686, #1834, #2144, #3665 ),
 .UNSPECIFIED., .F., .T. ) 
 B_SPLINE_CURVE_WITH_KNOTS ( ( 4, 4 ),
 ( 6.061127621661605680, 6.505242992697567672 ),
 .UNSPECIFIED. ) 
 CURVE ( )  GEOMETRIC_REPRESENTATION_ITEM ( )  RATIONAL_B_SPLINE_CURVE ( ( 1.000000000000000000, 0.9836308904695358901, 0.9836308904695358901, 1.000000000000000000 ) ) 
 REPRESENTATION_ITEM ( '' )  );
#3092 = ORIENTED_EDGE ( 'NONE', *, *, #3124, .T. ) ;
#3093 = ORIENTED_EDGE ( 'NONE', *, *, #1588, .T. ) ;
#3094 = DIRECTION ( 'NONE',  ( 1.000000000000000000, 0.000000000000000000, 0.000000000000000000 ) ) ;
#3095 = LINE ( 'NONE', #924, #3359 ) ;
#3096 = CARTESIAN_POINT ( 'NONE',  ( 10.00000000000000178, -7.500000000000002665, -19.25000000000000355 ) ) ;
#3097 = ORIENTED_EDGE ( 'NONE', *, *, #1433, .T. ) ;
#3098 = ADVANCED_FACE ( 'NONE', ( #357 ), #2194, .F. ) ;
#3099 = ORIENTED_EDGE ( 'NONE', *, *, #3796, .T. ) ;
#3100 = CARTESIAN_POINT ( 'NONE',  ( -10.43743682286083008, 23.49999999999999289, -7.029491177587661177 ) ) ;
#3101 = CARTESIAN_POINT ( 'NONE',  ( -7.201755465154040081, 1.000000000000000000, -6.299999999999998046 ) ) ;
#3102 = AXIS2_PLACEMENT_3D ( 'NONE', #1665, #2438, #4569 ) ;
#3103 = ORIENTED_EDGE ( 'NONE', *, *, #3578, .T. ) ;
#3104 = CARTESIAN_POINT ( 'NONE',  ( 7.282068910573545217, 38.72885928755565743, -2.524480906184391582 ) ) ;
#3105 = DIRECTION ( 'NONE',  ( 0.000000000000000000, 0.000000000000000000, 1.000000000000000000 ) ) ;
#3106 = VECTOR ( 'NONE', #1613, 1000.000000000000000 ) ;
#3107 = ORIENTED_EDGE ( 'NONE', *, *, #48, .T. ) ;
#3108 = DIRECTION ( 'NONE',  ( -1.000000000000000000, 0.000000000000000000, -0.000000000000000000 ) ) ;
#3109 = CARTESIAN_POINT ( 'NONE',  ( -10.00000000000000000, 26.17423583211419214, -4.999999999999999112 ) ) ;
#3110 = CARTESIAN_POINT ( 'NONE',  ( 4.110054558260259228, 40.08461363044835224, -0.4380345039090931536 ) ) ;
#3111 = CARTESIAN_POINT ( 'NONE',  ( -10.61604560608332548, 5.697285433382644371, -8.299999999933596939 ) ) ;
#3112 = CARTESIAN_POINT ( 'NONE',  ( -11.52477923308323504, 29.75302663789081592, -8.004258618803552494 ) ) ;
#3113 = EDGE_LOOP ( 'NONE', ( #2595, #304, #3332, #2304 ) ) ;
#3114 = DIRECTION ( 'NONE',  ( -0.000000000000000000, -1.000000000000000000, -0.000000000000000000 ) ) ;
#3115 = VERTEX_POINT ( 'NONE', #1493 ) ;
#3116 = EDGE_CURVE ( 'NONE', #1666, #1534, #4364, .T. ) ;
#3117 = VECTOR ( 'NONE', #2402, 1000.000000000000000 ) ;
#3118 = CARTESIAN_POINT ( 'NONE',  ( 9.000000000000000000, 23.49900632774392406, -12.41486306156780195 ) ) ;
#3119 = DIRECTION ( 'NONE',  ( -0.000000000000000000, -1.000000000000000000, -0.000000000000000000 ) ) ;
#3120 = EDGE_CURVE ( 'NONE', #3007, #710, #2792, .T. ) ;
#3121 = LINE ( 'NONE', #4180, #3392 ) ;
#3122 = ORIENTED_EDGE ( 'NONE', *, *, #2764, .F. ) ;
#3123 = COORDINATED_UNIVERSAL_TIME_OFFSET ( 8, 0, .AHEAD. ) ;
#3124 = EDGE_CURVE ( 'NONE', #2401, #838, #2975, .T. ) ;
#3125 = CC_DESIGN_APPROVAL ( #4121, ( #1825 ) ) ;
#3126 = EDGE_CURVE ( 'NONE', #4448, #59, #3641, .T. ) ;
#3127 = DIRECTION ( 'NONE',  ( 1.000000000000000000, 0.000000000000000000, 3.469446951953613696E-16 ) ) ;
#3128 = EDGE_CURVE ( 'NONE', #2649, #4210, #309, .T. ) ;
#3129 = ADVANCED_FACE ( 'NONE', ( #4072, #3237 ), #2629, .T. ) ;
#3130 = CARTESIAN_POINT ( 'NONE',  ( -10.16226774207625994, -0.5000000000000019984, -27.50115302841290088 ) ) ;
#3131 = ORIENTED_EDGE ( 'NONE', *, *, #2653, .T. ) ;
#3132 = CARTESIAN_POINT ( 'NONE',  ( -4.500000000000000888, 1.499999999999997780, -24.31645822793294087 ) ) ;
#3133 = EDGE_CURVE ( 'NONE', #1211, #4204, #3981, .T. ) ;
#3134 = CARTESIAN_POINT ( 'NONE',  ( 10.50000000000000000, -7.500000000000002665, -14.54999999999999005 ) ) ;
#3135 = ORIENTED_EDGE ( 'NONE', *, *, #2605, .T. ) ;
#3136 = DIRECTION ( 'NONE',  ( 0.000000000000000000, 0.8386705679454231621, 0.5446390350150284165 ) ) ;
#3137 = CARTESIAN_POINT ( 'NONE',  ( 10.91428592562841082, 32.97887058750063005, -6.258567228800026250 ) ) ;
#3138 = CARTESIAN_POINT ( 'NONE',  ( 10.50000000000000000, -7.500000000000002665, -11.29999999999999005 ) ) ;
#3139 = CARTESIAN_POINT ( 'NONE',  ( 9.314156401845188782, 1.499999999999999556, -24.31645822793294087 ) ) ;
#3140 = CARTESIAN_POINT ( 'NONE',  ( -0.5000000000000001110, 39.50000000000000000, -0.7340671448502610330 ) ) ;
#3141 = AXIS2_PLACEMENT_3D ( 'NONE', #2627, #13, #722 ) ;
#3142 = B_SPLINE_CURVE_WITH_KNOTS ( 'NONE', 3,
 ( #1251, #3111, #1909, #870, #2301, #890, #92, #1599, #4479, #4572, #3767, #500 ),
 .UNSPECIFIED., .F., .F.,
 ( 4, 2, 2, 2, 2, 4 ),
 ( 2.426986793171793755E-15, 0.004425255732827170808, 0.006637883599239544075, 0.008850511465651918208, 0.01327576719847666127, 0.01770102293130140780 ),
 .UNSPECIFIED. ) ;
#3143 = ORIENTED_EDGE ( 'NONE', *, *, #2350, .F. ) ;
#3144 = EDGE_CURVE ( 'NONE', #2095, #4543, #1862, .T. ) ;
#3145 = CARTESIAN_POINT ( 'NONE',  ( -7.201755465154040081, 1.000000000000000000, -6.299999999999998046 ) ) ;
#3146 = EDGE_LOOP ( 'NONE', ( #4665, #2547, #2656, #2961 ) ) ;
#3147 = CARTESIAN_POINT ( 'NONE',  ( -8.170693273526721256, 15.60964829074645088, -5.312111276898217938 ) ) ;
#3148 = DIRECTION ( 'NONE',  ( -5.169068702225411996E-10, 0.5446390349885167348, -0.8386705679626400567 ) ) ;
#3149 = CARTESIAN_POINT ( 'NONE',  ( -10.16226774207625994, -0.5000000000000019984, -25.75696505481393928 ) ) ;
#3150 = EDGE_CURVE ( 'NONE', #4060, #3054, #4386, .T. ) ;
#3151 = ORIENTED_EDGE ( 'NONE', *, *, #3912, .F. ) ;
#3152 = APPROVAL_DATE_TIME ( #4203, #4121 ) ;
#3153 = CARTESIAN_POINT ( 'NONE',  ( -11.47829892486803161, 30.62335526805128794, -7.444262921018262702 ) ) ;
#3154 = VECTOR ( 'NONE', #3611, 1000.000000000000000 ) ;
#3155 = LINE ( 'NONE', #4608, #6 ) ;
#3156 = VECTOR ( 'NONE', #1986, 1000.000000000000000 ) ;
#3157 = CARTESIAN_POINT ( 'NONE',  ( -40.00000000000000000, 0.000000000000000000, -6.299999999999999822 ) ) ;
#3158 = VERTEX_POINT ( 'NONE', #3259 ) ;
#3159 = CARTESIAN_POINT ( 'NONE',  ( 11.19988452187897643, 24.70178965234308066, -11.63376643760176243 ) ) ;
#3160 = CARTESIAN_POINT ( 'NONE',  ( -40.00000000000000000, -0.5000000000000019984, -8.299999999999998934 ) ) ;
#3161 = ORIENTED_EDGE ( 'NONE', *, *, #1009, .T. ) ;
#3162 = CARTESIAN_POINT ( 'NONE',  ( -11.38344107609024469, 20.42466734489072877, -14.41136214118684755 ) ) ;
#3163 = CARTESIAN_POINT ( 'NONE',  ( 6.807664764205886065, 38.98207380543951217, -2.360041475562713043 ) ) ;
#3164 = DIRECTION ( 'NONE',  ( -1.000000000000000000, 0.000000000000000000, 0.000000000000000000 ) ) ;
#3165 = CARTESIAN_POINT ( 'NONE',  ( -11.23164705182186296, 32.94138199919940035, -0.3723725375075759292 ) ) ;
#3166 = DIRECTION ( 'NONE',  ( 1.000000000000000000, 0.000000000000000000, 0.000000000000000000 ) ) ;
#3167 = EDGE_CURVE ( 'NONE', #1045, #3672, #2953, .T. ) ;
#3168 = EDGE_LOOP ( 'NONE', ( #3575, #2227, #3326, #3689 ) ) ;
#3169 = CARTESIAN_POINT ( 'NONE',  ( 10.43743636266770736, 23.49999999999999289, -10.02949117776097410 ) ) ;
#3170 = ORIENTED_EDGE ( 'NONE', *, *, #4578, .F. ) ;
#3171 = DIRECTION ( 'NONE',  ( 1.000000000000000000, 0.000000000000000000, 0.000000000000000000 ) ) ;
#3172 = CARTESIAN_POINT ( 'NONE',  ( 7.798244534931243699, 1.000000000000000000, -7.300000000000000711 ) ) ;
#3173 = FACE_OUTER_BOUND ( 'NONE', #4026, .T. ) ;
#3174 = AXIS2_PLACEMENT_3D ( 'NONE', #2368, #2326, #1651 ) ;
#3175 = EDGE_LOOP ( 'NONE', ( #1776, #3045 ) ) ;
#3176 = CARTESIAN_POINT ( 'NONE',  ( 3.907985046680544238E-15, 40.81304826587417267, -1.170992758005757084 ) ) ;
#3177 = LINE ( 'NONE', #2816, #200 ) ;
#3178 = CARTESIAN_POINT ( 'NONE',  ( 4.000000000000000000, 23.49999999604292000, -10.02949118015741092 ) ) ;
#3179 = CARTESIAN_POINT ( 'NONE',  ( -9.584937871495954553, 16.85280267577645930, -4.598206035086717769 ) ) ;
#3180 = EDGE_LOOP ( 'NONE', ( #1425, #3543, #4366, #1711, #2167, #2249, #991, #3563 ) ) ;
#3181 = LINE ( 'NONE', #3564, #3663 ) ;
#3182 = DIRECTION ( 'NONE',  ( 0.000000000000000000, -0.8386705679454231621, -0.5446390350150284165 ) ) ;
#3183 = AXIS2_PLACEMENT_3D ( 'NONE', #1945, #1213, #3413 ) ;
#3184 = ORIENTED_EDGE ( 'NONE', *, *, #1416, .F. ) ;
#3185 = CARTESIAN_POINT ( 'NONE',  ( -11.19303845179054235, 24.46347748088117413, -11.78852817130053943 ) ) ;
#3186 = CARTESIAN_POINT ( 'NONE',  ( 5.720105062654631922, 39.62202699845359177, -1.770233354226930844 ) ) ;
#3187 = DIRECTION ( 'NONE',  ( -1.000000000000000000, -0.000000000000000000, -0.000000000000000000 ) ) ;
#3188 = DIRECTION ( 'NONE',  ( 1.000000000000000000, 0.000000000000000000, 0.000000000000000000 ) ) ;
#3189 = CARTESIAN_POINT ( 'NONE',  ( -13.91063566050613431, -0.5000000000000079936, -22.61527341432797300 ) ) ;
#3190 = EDGE_LOOP ( 'NONE', ( #4744, #831, #3271, #4563 ) ) ;
#3191 = DIRECTION ( 'NONE',  ( 0.000000000000000000, 0.000000000000000000, -1.000000000000000000 ) ) ;
#3192 = ORIENTED_EDGE ( 'NONE', *, *, #1061, .T. ) ;
#3193 = PLANE ( 'NONE',  #3863 ) ;
#3194 = FACE_OUTER_BOUND ( 'NONE', #503, .T. ) ;
#3195 = DIRECTION ( 'NONE',  ( 0.000000000000000000, -0.000000000000000000, -1.000000000000000000 ) ) ;
#3196 = ORIENTED_EDGE ( 'NONE', *, *, #1438, .T. ) ;
#3197 = LINE ( 'NONE', #4375, #536 ) ;
#3198 = CARTESIAN_POINT ( 'NONE',  ( -10.21099132498761541, 17.19085956419003480, -14.12669488323001232 ) ) ;
#3199 = ORIENTED_EDGE ( 'NONE', *, *, #1732, .T. ) ;
#3200 = LINE ( 'NONE', #2064, #3388 ) ;
#3201 = CARTESIAN_POINT ( 'NONE',  ( -10.24923930371006620, 18.10554173570979586, -10.53269333577207867 ) ) ;
#3202 = ORIENTED_EDGE ( 'NONE', *, *, #4617, .F. ) ;
#3203 = CARTESIAN_POINT ( 'NONE',  ( 11.22341234875722726, 29.94217248714434731, -8.230622033419862760 ) ) ;
#3204 = DIRECTION ( 'NONE',  ( -1.000000000000000000, 0.000000000000000000, -3.384826294588891940E-16 ) ) ;
#3205 = AXIS2_PLACEMENT_3D ( 'NONE', #2240, #1863, #4429 ) ;
#3206 = EDGE_CURVE ( 'NONE', #1766, #2254, #3025, .T. ) ;
#3207 = EDGE_LOOP ( 'NONE', ( #2906, #2316, #2177, #2820 ) ) ;
#3208 = CARTESIAN_POINT ( 'NONE',  ( 1.798244534888601809, 1.000000000000000000, -7.299999999999999822 ) ) ;
#3209 = EDGE_CURVE ( 'NONE', #463, #4368, #330, .T. ) ;
#3210 = CARTESIAN_POINT ( 'NONE',  ( 4.834173644621952093, 39.89915786836873934, -1.764480121495192844 ) ) ;
#3211 = DIRECTION ( 'NONE',  ( -1.000000000000000000, 0.000000000000000000, 0.000000000000000000 ) ) ;
#3212 = CARTESIAN_POINT ( 'NONE',  ( 10.22238026054328586, 17.23726800920508140, -14.09655688653529992 ) ) ;
#3213 = CARTESIAN_POINT ( 'NONE',  ( -10.00000000000000533, -7.499999999999993783, -6.300000000000004263 ) ) ;
#3214 = ORIENTED_EDGE ( 'NONE', *, *, #2071, .F. ) ;
#3215 = PLANE ( 'NONE',  #1333 ) ;
#3216 = VERTEX_POINT ( 'NONE', #3288 ) ;
#3217 = CARTESIAN_POINT ( 'NONE',  ( -7.932950934337736904, 9.740775245924965020, -7.620738909870635958 ) ) ;
#3218 = DIRECTION ( 'NONE',  ( -1.000000000000000000, -0.000000000000000000, 0.000000000000000000 ) ) ;
#3219 = FACE_OUTER_BOUND ( 'NONE', #3494, .T. ) ;
#3220 =( BOUNDED_SURFACE ( )  B_SPLINE_SURFACE ( 3, 2, ( 
 ( #1356, #216, #3890 ),
 ( #4657, #2134, #3147 ),
 ( #585, #4240, #634 ),
 ( #1771, #994, #2422 ),
 ( #4317, #1018, #3217 ),
 ( #3940, #682, #1674 ) ),
 .UNSPECIFIED., .F., .F., .F. ) 
 B_SPLINE_SURFACE_WITH_KNOTS ( ( 4, 2, 4 ),
 ( 3, 3 ),
 ( 0.007809445076583566674, 0.01266802964831333263, 0.01752661422004309771 ),
 ( 0.000000000000000000, 1.000000000000000000 ),
 .UNSPECIFIED. ) 
 GEOMETRIC_REPRESENTATION_ITEM ( )  RATIONAL_B_SPLINE_SURFACE ( (
 ( 1.000000000000000000, 0.7065115264797557915, 1.000000000000000000),
 ( 1.000000000000000000, 0.7060103528614669610, 1.000000000000000000),
 ( 1.000000000000000000, 0.7053530446990259328, 1.000000000000000000),
 ( 1.000000000000000000, 0.7036061382912450757, 1.000000000000000000),
 ( 1.000000000000000000, 0.7025376889911171263, 1.000000000000000000),
 ( 1.000000000000000000, 0.7012770657040434674, 1.000000000000000000) ) ) 
 REPRESENTATION_ITEM ( '' )  SURFACE ( )  );
#3221 = ORIENTED_EDGE ( 'NONE', *, *, #2521, .F. ) ;
#3222 = CARTESIAN_POINT ( 'NONE',  ( -0.5276700166529694203, 40.89344799680790032, -1.118780562246364241 ) ) ;
#3223 = ADVANCED_FACE ( 'NONE', ( #4745 ), #1088, .T. ) ;
#3224 = CARTESIAN_POINT ( 'NONE',  ( -13.00000000000000533, -7.500000000000002665, -11.29999999999999005 ) ) ;
#3225 = ADVANCED_FACE ( 'NONE', ( #3669 ), #4425, .F. ) ;
#3226 = CARTESIAN_POINT ( 'NONE',  ( -10.43743682286083008, 23.49999999999999289, -7.029491177587661177 ) ) ;
#3227 = VECTOR ( 'NONE', #1330, 1000.000000000000000 ) ;
#3228 = DIRECTION ( 'NONE',  ( -5.169068702225411996E-10, 0.5446390349885167348, -0.8386705679626400567 ) ) ;
#3229 = ORIENTED_EDGE ( 'NONE', *, *, #3800, .T. ) ;
#3230 = AXIS2_PLACEMENT_3D ( 'NONE', #2191, #2628, #3356 ) ;
#3231 = CARTESIAN_POINT ( 'NONE',  ( -10.50000000000000355, -7.500000000000002665, -11.29999999999999005 ) ) ;
#3232 = AXIS2_PLACEMENT_3D ( 'NONE', #744, #4461, #2550 ) ;
#3233 = AXIS2_PLACEMENT_3D ( 'NONE', #1507, #376, #1123 ) ;
#3234 = VERTEX_POINT ( 'NONE', #823 ) ;
#3235 = DIRECTION ( 'NONE',  ( -1.000000000000000000, 0.000000000000000000, -8.673617379884027583E-16 ) ) ;
#3236 = CARTESIAN_POINT ( 'NONE',  ( 9.984200495480514803, 36.30127591901241146, -4.100971978841612575 ) ) ;
#3237 = FACE_OUTER_BOUND ( 'NONE', #3168, .T. ) ;
#3238 = DIRECTION ( 'NONE',  ( 0.000000000000000000, -0.5446390350150284165, 0.8386705679454231621 ) ) ;
#3239 = DIRECTION ( 'NONE',  ( 0.000000000000000000, 0.000000000000000000, 1.000000000000000000 ) ) ;
#3240 = EDGE_CURVE ( 'NONE', #1059, #855, #3762, .T. ) ;
#3241 = ORIENTED_EDGE ( 'NONE', *, *, #3150, .T. ) ;
#3242 = CARTESIAN_POINT ( 'NONE',  ( 10.00000000000000178, -12.50000000000000178, -21.80000000000000071 ) ) ;
#3243 = ORIENTED_EDGE ( 'NONE', *, *, #3492, .T. ) ;
#3244 = CARTESIAN_POINT ( 'NONE',  ( -4.000000000000000000, 23.49999999604292000, -10.02949118015741092 ) ) ;
#3245 = CYLINDRICAL_SURFACE ( 'NONE', #2182, 0.4999999999999995559 ) ;
#3246 = CARTESIAN_POINT ( 'NONE',  ( 6.000000000000000000, -23.50000000000000000, -26.80000000000000071 ) ) ;
#3247 = ORIENTED_EDGE ( 'NONE', *, *, #3781, .T. ) ;
#3248 = CARTESIAN_POINT ( 'NONE',  ( -10.18447111327032850, 35.41549464382391932, -4.676205064855972537 ) ) ;
#3249 = CARTESIAN_POINT ( 'NONE',  ( 4.041845982919947566, 39.95586224202692449, -1.727655870674944305 ) ) ;
#3250 = AXIS2_PLACEMENT_3D ( 'NONE', #1212, #465, #3412 ) ;
#3251 = CARTESIAN_POINT ( 'NONE',  ( 9.000000000000000000, 23.49900632774392406, -12.41486306156780195 ) ) ;
#3252 = EDGE_CURVE ( 'NONE', #1383, #2202, #131, .T. ) ;
#3253 = CARTESIAN_POINT ( 'NONE',  ( 10.00000000000000000, 26.17423583211419214, -4.999999999999999112 ) ) ;
#3254 = ORIENTED_EDGE ( 'NONE', *, *, #719, .T. ) ;
#3255 = FACE_OUTER_BOUND ( 'NONE', #73, .T. ) ;
#3256 = ORIENTED_EDGE ( 'NONE', *, *, #3116, .T. ) ;
#3257 = CARTESIAN_POINT ( 'NONE',  ( -8.126668939634392075, 17.45093308217730055, -10.95780116722766451 ) ) ;
#3258 = CARTESIAN_POINT ( 'NONE',  ( 9.331223377314614709, 37.22455738894502275, -3.268753316302024814 ) ) ;
#3259 = CARTESIAN_POINT ( 'NONE',  ( 7.500000000000000000, 37.50000000000000000, -0.4999999999999995559 ) ) ;
#3260 = CARTESIAN_POINT ( 'NONE',  ( -8.740158264566407098, 16.91233692655001875, -4.689880741992935143 ) ) ;
#3261 = DIRECTION ( 'NONE',  ( 0.000000000000000000, 0.000000000000000000, 1.000000000000000000 ) ) ;
#3262 = ORIENTED_EDGE ( 'NONE', *, *, #2418, .F. ) ;
#3263 = CARTESIAN_POINT ( 'NONE',  ( -11.46939956954568984, 23.49999999604291645, -10.02949118015741803 ) ) ;
#3264 = ORIENTED_EDGE ( 'NONE', *, *, #502, .T. ) ;
#3265 = VECTOR ( 'NONE', #438, 1000.000000000000000 ) ;
#3266 = CARTESIAN_POINT ( 'NONE',  ( 4.000000000000000000, 23.49999999604292000, -10.02949118015741092 ) ) ;
#3267 = CARTESIAN_POINT ( 'NONE',  ( 0.000000000000000000, 40.94965655536967120, -0.9193915876221321337 ) ) ;
#3268 = CARTESIAN_POINT ( 'NONE',  ( -10.28510555857083020, 14.87577172771548817, -3.556631478648173861 ) ) ;
#3269 = AXIS2_PLACEMENT_3D ( 'NONE', #514, #494, #4642 ) ;
#3270 = EDGE_CURVE ( 'NONE', #2256, #1194, #564, .T. ) ;
#3271 = ORIENTED_EDGE ( 'NONE', *, *, #3632, .T. ) ;
#3272 = ADVANCED_FACE ( 'NONE', ( #3403 ), #2035, .F. ) ;
#3273 = CARTESIAN_POINT ( 'NONE',  ( -0.1772319417037209466, 40.94965655536627480, -1.082278297516343857 ) ) ;
#3274 = CARTESIAN_POINT ( 'NONE',  ( 11.37259072896594780, 20.59016140544467532, -2.188299892660783286 ) ) ;
#3275 = EDGE_CURVE ( 'NONE', #3079, #3645, #1174, .T. ) ;
#3276 = DIRECTION ( 'NONE',  ( 0.000000000000000000, 0.000000000000000000, 1.000000000000000000 ) ) ;
#3277 = CARTESIAN_POINT ( 'NONE',  ( -9.699999999999999289, 31.97423583211418574, -4.999999999999999112 ) ) ;
#3278 = EDGE_CURVE ( 'NONE', #3007, #2278, #2383, .T. ) ;
#3279 = EDGE_LOOP ( 'NONE', ( #3462, #4281, #844, #3092 ) ) ;
#3280 = ADVANCED_FACE ( 'NONE', ( #4735 ), #3561, .F. ) ;
#3281 = VECTOR ( 'NONE', #2987, 1000.000000000000000 ) ;
#3282 = DIRECTION ( 'NONE',  ( -1.000000000000000000, -0.000000000000000000, -3.384826294588891940E-16 ) ) ;
#3283 = PLANE ( 'NONE',  #3000 ) ;
#3284 = EDGE_CURVE ( 'NONE', #2213, #3909, #3200, .T. ) ;
#3285 = VERTEX_POINT ( 'NONE', #4324 ) ;
#3286 = CARTESIAN_POINT ( 'NONE',  ( -4.068845215932705983, 40.03763575371741013, -1.674547726590009944 ) ) ;
#3287 = ORIENTED_EDGE ( 'NONE', *, *, #502, .F. ) ;
#3288 = CARTESIAN_POINT ( 'NONE',  ( -9.999999999999998224, -0.5000000000000019984, -25.61527341432796945 ) ) ;
#3289 = EDGE_CURVE ( 'NONE', #4402, #244, #3585, .T. ) ;
#3290 = CARTESIAN_POINT ( 'NONE',  ( 6.833327379014862757, 39.19460748795864191, -0.3723725375075759292 ) ) ;
#3291 =( GEOMETRIC_REPRESENTATION_CONTEXT ( 3 ) GLOBAL_UNCERTAINTY_ASSIGNED_CONTEXT ( ( #124 ) ) GLOBAL_UNIT_ASSIGNED_CONTEXT ( ( #1104, #81, #3331 ) ) REPRESENTATION_CONTEXT ( 'NONE', 'WORKASPACE' ) );
#3292 = EDGE_LOOP ( 'NONE', ( #967, #3071, #3953, #3170 ) ) ;
#3293 = LINE ( 'NONE', #2565, #483 ) ;
#3294 = ORIENTED_EDGE ( 'NONE', *, *, #2279, .F. ) ;
#3295 = CARTESIAN_POINT ( 'NONE',  ( -11.49760690490115067, 24.45435040740924393, -11.43116818787376943 ) ) ;
#3296 = CARTESIAN_POINT ( 'NONE',  ( 6.000000000000000000, -23.50000000000000000, -16.30000000000000071 ) ) ;
#3297 = CARTESIAN_POINT ( 'NONE',  ( -0.3253507922436218447, 40.79496802754682960, -1.182734202062359907 ) ) ;
#3298 = EDGE_LOOP ( 'NONE', ( #394, #1963, #2593, #4493 ) ) ;
#3299 = EDGE_CURVE ( 'NONE', #3829, #1841, #3656, .T. ) ;
#3300 = ORIENTED_EDGE ( 'NONE', *, *, #808, .T. ) ;
#3301 = DIRECTION ( 'NONE',  ( -1.000000000000000000, 0.000000000000000000, 0.000000000000000000 ) ) ;
#3302 = LINE ( 'NONE', #4418, #3281 ) ;
#3303 = CARTESIAN_POINT ( 'NONE',  ( 20.00000000000000000, 21.17423583211418503, -3.000000000000000000 ) ) ;
#3304 = EDGE_CURVE ( 'NONE', #3515, #1185, #4681, .T. ) ;
#3305 = AXIS2_PLACEMENT_3D ( 'NONE', #4027, #1128, #380 ) ;
#3306 = ADVANCED_FACE ( 'NONE', ( #3924 ), #2093, .T. ) ;
#3307 = CARTESIAN_POINT ( 'NONE',  ( -10.16226774207625994, -0.5000000000000019984, -27.70479026460925454 ) ) ;
#3308 = CARTESIAN_POINT ( 'NONE',  ( -40.00000000000000000, 0.000000000000000000, -6.299999999999999822 ) ) ;
#3309 = VERTEX_POINT ( 'NONE', #1387 ) ;
#3310 = LINE ( 'NONE', #1537, #2453 ) ;
#3311 = FACE_BOUND ( 'NONE', #3175, .T. ) ;
#3312 = VECTOR ( 'NONE', #1738, 1000.000000000000000 ) ;
#3313 = DIRECTION ( 'NONE',  ( -0.000000000000000000, 0.8386705679454231621, 0.5446390350150284165 ) ) ;
#3314 = ORIENTED_EDGE ( 'NONE', *, *, #3278, .F. ) ;
#3315 = DIRECTION ( 'NONE',  ( 0.000000000000000000, 0.000000000000000000, -1.000000000000000000 ) ) ;
#3316 = CARTESIAN_POINT ( 'NONE',  ( -7.201755465154040081, 1.000000000000000000, -7.299999999999999822 ) ) ;
#3317 = AXIS2_PLACEMENT_3D ( 'NONE', #4464, #2232, #1079 ) ;
#3318 = VECTOR ( 'NONE', #4392, 1000.000000000000000 ) ;
#3319 = DIRECTION ( 'NONE',  ( 1.000000000000000000, -0.000000000000000000, -0.000000000000000000 ) ) ;
#3320 = ORIENTED_EDGE ( 'NONE', *, *, #1780, .T. ) ;
#3321 = EDGE_CURVE ( 'NONE', #1177, #3391, #1337, .T. ) ;
#3322 = CARTESIAN_POINT ( 'NONE',  ( -0.5505931242819296356, 40.88827239463042673, -0.9544713268979030385 ) ) ;
#3323 = CARTESIAN_POINT ( 'NONE',  ( -6.500000000000000888, 37.50000000000000000, -0.4999999999999995559 ) ) ;
#3324 = CARTESIAN_POINT ( 'NONE',  ( -10.31862528538426105, 19.93511672414658875, -9.344553445996440999 ) ) ;
#3325 = ORIENTED_EDGE ( 'NONE', *, *, #4287, .T. ) ;
#3326 = ORIENTED_EDGE ( 'NONE', *, *, #3240, .F. ) ;
#3327 = LINE ( 'NONE', #1528, #4316 ) ;
#3328 = CARTESIAN_POINT ( 'NONE',  ( -11.45180640792668392, 22.84717336392374420, -1.999999999999994893 ) ) ;
#3329 = FACE_OUTER_BOUND ( 'NONE', #1297, .T. ) ;
#3330 = FACE_OUTER_BOUND ( 'NONE', #121, .T. ) ;
#3331 =( NAMED_UNIT ( * ) SI_UNIT ( $, .STERADIAN. ) SOLID_ANGLE_UNIT ( ) );
#3332 = ORIENTED_EDGE ( 'NONE', *, *, #3560, .T. ) ;
#3333 = VECTOR ( 'NONE', #1188, 1000.000000000000000 ) ;
#3334 = LINE ( 'NONE', #1589, #978 ) ;
#3335 = CARTESIAN_POINT ( 'NONE',  ( -9.993450778611874696, 12.49570968718520980, -14.17576086455222395 ) ) ;
#3336 = PLANE ( 'NONE',  #3879 ) ;
#3337 = ORIENTED_EDGE ( 'NONE', *, *, #3628, .T. ) ;
#3338 = CARTESIAN_POINT ( 'NONE',  ( -1.201755465111398635, 1.000000000000000000, -6.299999999999998934 ) ) ;
#3339 = CARTESIAN_POINT ( 'NONE',  ( -9.192047561996716354, 17.25642608930900224, -5.219731588200742678 ) ) ;
#3340 = CARTESIAN_POINT ( 'NONE',  ( 7.563394355258877354E-15, -12.50000000000000178, -21.80000000000000071 ) ) ;
#3341 = CARTESIAN_POINT ( 'NONE',  ( 10.16720339784301252, -0.4379321033800436802, -27.95969263664119708 ) ) ;
#3342 = CARTESIAN_POINT ( 'NONE',  ( 0.5000000000000001110, 39.50000000000000000, 4.336808689942017736E-16 ) ) ;
#3343 = FACE_OUTER_BOUND ( 'NONE', #4237, .T. ) ;
#3344 = ORIENTED_EDGE ( 'NONE', *, *, #3167, .T. ) ;
#3345 = EDGE_CURVE ( 'NONE', #451, #1150, #4302, .T. ) ;
#3346 = AXIS2_PLACEMENT_3D ( 'NONE', #3387, #1597, #4431 ) ;
#3347 = ORIENTED_EDGE ( 'NONE', *, *, #903, .T. ) ;
#3348 = CARTESIAN_POINT ( 'NONE',  ( 0.5276700166529698643, 40.89344799680788611, -1.118780562246364241 ) ) ;
#3349 = DIRECTION ( 'NONE',  ( 1.000000000000000000, 0.000000000000000000, 0.000000000000000000 ) ) ;
#3350 = DIRECTION ( 'NONE',  ( -1.000000000000000000, 0.000000000000000000, -3.384826294588891940E-16 ) ) ;
#3351 = AXIS2_PLACEMENT_3D ( 'NONE', #1058, #4008, #2099 ) ;
#3352 = CARTESIAN_POINT ( 'NONE',  ( 6.000000000000000000, -0.5000000000000019984, -16.30000000000000071 ) ) ;
#3353 = PLANE ( 'NONE',  #183 ) ;
#3354 = EDGE_LOOP ( 'NONE', ( #1072, #4395 ) ) ;
#3355 = DIRECTION ( 'NONE',  ( -0.000000000000000000, -0.000000000000000000, -1.000000000000000000 ) ) ;
#3356 = DIRECTION ( 'NONE',  ( -0.9754463357043047234, 0.2202372497127693951, 0.000000000000000000 ) ) ;
#3357 = ADVANCED_FACE ( 'NONE', ( #2507 ), #3538, .F. ) ;
#3358 = CARTESIAN_POINT ( 'NONE',  ( -9.314156401845188782, 1.499999999999999556, -24.31645822793294087 ) ) ;
#3359 = VECTOR ( 'NONE', #4512, 1000.000000000000000 ) ;
#3360 = ORIENTED_EDGE ( 'NONE', *, *, #354, .F. ) ;
#3361 = CARTESIAN_POINT ( 'NONE',  ( -9.467685982353071239, 37.04107079002962166, -3.382888115466840873 ) ) ;
#3362 = CARTESIAN_POINT ( 'NONE',  ( 11.54904755682983541, 26.17450718755667083, -0.3723725375075759292 ) ) ;
#3363 = ADVANCED_FACE ( 'NONE', ( #4640 ), #691, .T. ) ;
#3364 = EDGE_CURVE ( 'NONE', #3609, #3581, #210, .T. ) ;
#3365 = LINE ( 'NONE', #2661, #1956 ) ;
#3366 = CARTESIAN_POINT ( 'NONE',  ( 4.000000000000000000, 23.49999999999999289, -7.029491177760974097 ) ) ;
#3367 = DIRECTION ( 'NONE',  ( 0.000000000000000000, 0.000000000000000000, 1.000000000000000000 ) ) ;
#3368 = DIRECTION ( 'NONE',  ( -3.469446951953619612E-16, 0.000000000000000000, 1.000000000000000000 ) ) ;
#3369 = ORIENTED_EDGE ( 'NONE', *, *, #4645, .T. ) ;
#3370 = VECTOR ( 'NONE', #3547, 1000.000000000000000 ) ;
#3371 = ORIENTED_EDGE ( 'NONE', *, *, #4706, .F. ) ;
#3372 = CARTESIAN_POINT ( 'NONE',  ( 0.3549168838348723543, 40.93067413351619166, -1.094605626404496546 ) ) ;
#3373 = DIRECTION ( 'NONE',  ( 3.384826294588891940E-16, 0.000000000000000000, -1.000000000000000000 ) ) ;
#3374 = CARTESIAN_POINT ( 'NONE',  ( 10.61601894781417421, 5.696901319797188279, -8.299999999929811523 ) ) ;
#3375 = DIRECTION ( 'NONE',  ( -0.000000000000000000, -0.000000000000000000, -1.000000000000000000 ) ) ;
#3376 = VERTEX_POINT ( 'NONE', #2841 ) ;
#3377 = EDGE_CURVE ( 'NONE', #1117, #2935, #323, .T. ) ;
#3378 = CARTESIAN_POINT ( 'NONE',  ( 1.798244534888600921, 1.000000000000000000, -6.299999999999998934 ) ) ;
#3379 = ORIENTED_EDGE ( 'NONE', *, *, #4132, .F. ) ;
#3380 = AXIS2_PLACEMENT_3D ( 'NONE', #84, #842, #3127 ) ;
#3381 = B_SPLINE_CURVE_WITH_KNOTS ( 'NONE', 2,
 ( #4359, #2534, #4004 ),
 .UNSPECIFIED., .F., .F.,
 ( 3, 3 ),
 ( 4.816201427991831634E-05, 0.1340607274147083139 ),
 .UNSPECIFIED. ) ;
#3382 = CARTESIAN_POINT ( 'NONE',  ( 7.563394355258877354E-15, -12.50000000000000178, -21.80000000000000071 ) ) ;
#3383 = LINE ( 'NONE', #4473, #4331 ) ;
#3384 = ORIENTED_EDGE ( 'NONE', *, *, #685, .F. ) ;
#3385 = CARTESIAN_POINT ( 'NONE',  ( 9.733052033968624173, 7.802262148883605697, -17.22372133417821516 ) ) ;
#3386 = CARTESIAN_POINT ( 'NONE',  ( 11.49976275841742890, 24.52985140741888515, -25.75696505481393928 ) ) ;
#3387 = CARTESIAN_POINT ( 'NONE',  ( 7.563394355258877354E-15, -7.500000000000002665, -21.80000000000000071 ) ) ;
#3388 = VECTOR ( 'NONE', #1411, 1000.000000000000000 ) ;
#3389 = CARTESIAN_POINT ( 'NONE',  ( 10.00197334435842755, 36.31889309834698309, -1.999999999999994893 ) ) ;
#3390 = CARTESIAN_POINT ( 'NONE',  ( -9.170428960078632841, 37.09658644607051770, -3.584491283614919421 ) ) ;
#3391 = VERTEX_POINT ( 'NONE', #2116 ) ;
#3392 = VECTOR ( 'NONE', #2328, 1000.000000000000000 ) ;
#3393 = ORIENTED_EDGE ( 'NONE', *, *, #143, .T. ) ;
#3394 = CARTESIAN_POINT ( 'NONE',  ( -9.015586900107035007, 14.35777390129859121, -11.77415893276055670 ) ) ;
#3395 = CARTESIAN_POINT ( 'NONE',  ( 23.00000000000000000, -7.500000000000002665, -21.80000000000000426 ) ) ;
#3396 = CARTESIAN_POINT ( 'NONE',  ( -5.999999999999996447, -23.50000000000000000, -16.30000000000000071 ) ) ;
#3397 = ORIENTED_EDGE ( 'NONE', *, *, #3619, .T. ) ;
#3398 = CARTESIAN_POINT ( 'NONE',  ( 6.814156401845188782, -2.105289773866326097, -24.27303419708717769 ) ) ;
#3399 = EDGE_LOOP ( 'NONE', ( #161, #2894, #1422, #3555 ) ) ;
#3400 = LINE ( 'NONE', #3100, #3681 ) ;
#3401 = CARTESIAN_POINT ( 'NONE',  ( -8.215808525592969147, 16.85280267577349278, -4.598206035081986442 ) ) ;
#3402 = ORIENTED_EDGE ( 'NONE', *, *, #1568, .F. ) ;
#3403 = FACE_OUTER_BOUND ( 'NONE', #1969, .T. ) ;
#3404 = CARTESIAN_POINT ( 'NONE',  ( 4.549008191330573325, 39.97719470174642709, -1.544509973683176440 ) ) ;
#3405 = LINE ( 'NONE', #3340, #4250 ) ;
#3406 = EDGE_LOOP ( 'NONE', ( #3314, #2205, #1074, #4297, #1244 ) ) ;
#3407 = CARTESIAN_POINT ( 'NONE',  ( 11.51777377560766169, 25.07025644042358437, -1.999999999999994893 ) ) ;
#3408 = CARTESIAN_POINT ( 'NONE',  ( -11.23124199400451140, 32.74612952429080792, -6.085104019262423058 ) ) ;
#3409 = B_SPLINE_CURVE_WITH_KNOTS ( 'NONE', 3,
 ( #224, #1702, #4639, #3630 ),
 .UNSPECIFIED., .F., .F.,
 ( 4, 4 ),
 ( 0.02974386422902987326, 0.02987088233480714866 ),
 .UNSPECIFIED. ) ;
#3410 = EDGE_LOOP ( 'NONE', ( #3973, #4720, #327, #2731, #3620, #3853, #701, #1477, #4276, #4678, #2079 ) ) ;
#3411 = VERTEX_POINT ( 'NONE', #1705 ) ;
#3412 = DIRECTION ( 'NONE',  ( 0.000000000000000000, 0.000000000000000000, -1.000000000000000000 ) ) ;
#3413 = DIRECTION ( 'NONE',  ( 1.000000000000000000, 0.000000000000000000, 0.000000000000000000 ) ) ;
#3414 = VECTOR ( 'NONE', #1402, 1000.000000000000000 ) ;
#3415 = DIRECTION ( 'NONE',  ( 0.000000000000000000, 0.000000000000000000, 1.000000000000000000 ) ) ;
#3416 = EDGE_CURVE ( 'NONE', #222, #726, #1002, .T. ) ;
#3417 = EDGE_CURVE ( 'NONE', #4448, #2089, #2481, .T. ) ;
#3418 = PRODUCT_RELATED_PRODUCT_CATEGORY ( 'detail', '', ( #2978 ) ) ;
#3419 = ORIENTED_EDGE ( 'NONE', *, *, #1454, .T. ) ;
#3420 = ORIENTED_EDGE ( 'NONE', *, *, #1775, .F. ) ;
#3421 = B_SPLINE_CURVE_WITH_KNOTS ( 'NONE', 3,
 ( #1203, #2998, #2684, #826, #42, #868 ),
 .UNSPECIFIED., .F., .F.,
 ( 4, 2, 4 ),
 ( 4.008675338996786473E-17, 0.004606666799690338834, 0.009213333599380637770 ),
 .UNSPECIFIED. ) ;
#3422 = VECTOR ( 'NONE', #4342, 1000.000000000000000 ) ;
#3423 = FACE_OUTER_BOUND ( 'NONE', #2982, .T. ) ;
#3424 = EDGE_CURVE ( 'NONE', #3822, #4332, #1805, .T. ) ;
#3425 = DIRECTION ( 'NONE',  ( -0.000000000000000000, -0.000000000000000000, 1.000000000000000000 ) ) ;
#3426 = EDGE_LOOP ( 'NONE', ( #2533, #366, #4577, #1359 ) ) ;
#3427 = CARTESIAN_POINT ( 'NONE',  ( -11.54277536587377817, 26.05263547886766773, -10.39460009099639848 ) ) ;
#3428 = CARTESIAN_POINT ( 'NONE',  ( 11.13505961942749600, 11.73325704416438064, -1.999999999999994893 ) ) ;
#3429 = DIRECTION ( 'NONE',  ( -0.000000000000000000, 0.8386705679454236062, 0.5446390350150277504 ) ) ;
#3430 = DIRECTION ( 'NONE',  ( 0.000000000000000000, 0.000000000000000000, 1.000000000000000000 ) ) ;
#3431 = DIRECTION ( 'NONE',  ( 0.000000000000000000, 0.000000000000000000, -1.000000000000000000 ) ) ;
#3432 = CARTESIAN_POINT ( 'NONE',  ( -10.93587691663877770, 34.00329009277221104, -5.593301423460392385 ) ) ;
#3433 = VERTEX_POINT ( 'NONE', #3178 ) ;
#3434 = ORIENTED_EDGE ( 'NONE', *, *, #367, .T. ) ;
#3435 = DIRECTION ( 'NONE',  ( 0.000000000000000000, 0.8386705679454236062, 0.5446390350150277504 ) ) ;
#3436 = DIRECTION ( 'NONE',  ( 1.091146142119296413E-15, -0.8386705679454231621, -0.5446390350150284165 ) ) ;
#3437 = EDGE_CURVE ( 'NONE', #4118, #4204, #976, .T. ) ;
#3438 = LINE ( 'NONE', #120, #1689 ) ;
#3439 = SECURITY_CLASSIFICATION ( '', '', #952 ) ;
#3440 = EDGE_CURVE ( 'NONE', #2213, #3433, #792, .T. ) ;
#3441 = AXIS2_PLACEMENT_3D ( 'NONE', #1329, #292, #268 ) ;
#3442 = EDGE_LOOP ( 'NONE', ( #4195, #4703, #1365, #138 ) ) ;
#3443 = ORIENTED_EDGE ( 'NONE', *, *, #2521, .T. ) ;
#3444 = CARTESIAN_POINT ( 'NONE',  ( 10.95638452695945020, 16.29023533220545517, -17.09629368369252234 ) ) ;
#3445 = EDGE_CURVE ( 'NONE', #2527, #2095, #4441, .T. ) ;
#3446 = DIRECTION ( 'NONE',  ( -0.000000000000000000, 1.734723475976800389E-15, 1.000000000000000000 ) ) ;
#3447 = ORIENTED_EDGE ( 'NONE', *, *, #3782, .F. ) ;
#3448 = CARTESIAN_POINT ( 'NONE',  ( 10.16226774207625994, -0.5000000000000019984, -25.75696505481393928 ) ) ;
#3449 = CIRCLE ( 'NONE', #1056, 2.550000000000000266 ) ;
#3450 = CARTESIAN_POINT ( 'NONE',  ( -11.50212435746988859, 24.61202046387925790, -11.69206323022533311 ) ) ;
#3451 = DIRECTION ( 'NONE',  ( 1.000000000000000000, 0.000000000000000000, 0.000000000000000000 ) ) ;
#3452 = CARTESIAN_POINT ( 'NONE',  ( 9.495842282480209562, 37.00000000000000000, -1.999999999999997335 ) ) ;
#3453 = CARTESIAN_POINT ( 'NONE',  ( -7.416673639464763212, 38.83478617262943544, -2.455691182696313035 ) ) ;
#3454 = ORIENTED_EDGE ( 'NONE', *, *, #950, .T. ) ;
#3455 = EDGE_CURVE ( 'NONE', #2648, #2668, #1852, .T. ) ;
#3456 = ORIENTED_EDGE ( 'NONE', *, *, #1989, .T. ) ;
#3457 = VECTOR ( 'NONE', #1931, 1000.000000000000000 ) ;
#3458 = CARTESIAN_POINT ( 'NONE',  ( 0.000000000000000000, 1.000000000000000000, 0.000000000000000000 ) ) ;
#3459 = CARTESIAN_POINT ( 'NONE',  ( 4.798244534931242811, 1.000000000000000000, -6.299999999999999822 ) ) ;
#3460 = FACE_OUTER_BOUND ( 'NONE', #2757, .T. ) ;
#3461 = CIRCLE ( 'NONE', #1379, 0.6000000000000103029 ) ;
#3462 = ORIENTED_EDGE ( 'NONE', *, *, #808, .F. ) ;
#3463 = ORIENTED_EDGE ( 'NONE', *, *, #3870, .T. ) ;
#3464 = DIRECTION ( 'NONE',  ( -4.231032868236114432E-16, 0.000000000000000000, 1.000000000000000000 ) ) ;
#3465 = CARTESIAN_POINT ( 'NONE',  ( -9.000000000000000000, 22.66033575979852444, -12.95950209658282937 ) ) ;
#3466 = ORIENTED_EDGE ( 'NONE', *, *, #3299, .F. ) ;
#3467 = CARTESIAN_POINT ( 'NONE',  ( 10.15960970592026236, 35.47164473661531758, -4.639740768238472590 ) ) ;
#3468 = CARTESIAN_POINT ( 'NONE',  ( -0.5000000000000001110, 39.50000000000000000, 4.336808689942017736E-16 ) ) ;
#3469 = CARTESIAN_POINT ( 'NONE',  ( -11.07780076253202317, 20.44175855087258853, -14.40026298215427580 ) ) ;
#3470 = EDGE_CURVE ( 'NONE', #2202, #4656, #3754, .T. ) ;
#3471 = CARTESIAN_POINT ( 'NONE',  ( 11.47100879234118942, 30.73354113083519223, -7.716701227201249402 ) ) ;
#3472 = CARTESIAN_POINT ( 'NONE',  ( -10.21936794927291992, 14.12163233926158945, -6.040229618135791512 ) ) ;
#3473 = CARTESIAN_POINT ( 'NONE',  ( -10.82915568039331333, 34.37360758316263798, -5.352814433309833753 ) ) ;
#3474 = AXIS2_PLACEMENT_3D ( 'NONE', #2962, #1463, #2184 ) ;
#3475 = ORIENTED_EDGE ( 'NONE', *, *, #554, .F. ) ;
#3476 = CARTESIAN_POINT ( 'NONE',  ( -9.885093570927958595, -0.03660828949549250338, -27.69906990457358731 ) ) ;
#3477 = ORIENTED_EDGE ( 'NONE', *, *, #4471, .T. ) ;
#3478 = EDGE_CURVE ( 'NONE', #649, #2095, #2600, .T. ) ;
#3479 = PLANE ( 'NONE',  #393 ) ;
#3480 = CARTESIAN_POINT ( 'NONE',  ( -10.00000000000000533, -12.50000000000000178, -6.300000000000004263 ) ) ;
#3481 = DIRECTION ( 'NONE',  ( 1.000000000000000000, 0.000000000000000000, 0.000000000000000000 ) ) ;
#3482 = ADVANCED_FACE ( 'NONE', ( #79 ), #1556, .F. ) ;
#3483 = ADVANCED_FACE ( 'NONE', ( #3330 ), #814, .F. ) ;
#3484 = ORIENTED_EDGE ( 'NONE', *, *, #2561, .F. ) ;
#3485 = CALENDAR_DATE ( 2026, 11, 8 ) ;
#3486 = CARTESIAN_POINT ( 'NONE',  ( 9.885093570927958595, -0.03660828949549192052, -27.69906990457358731 ) ) ;
#3487 = CARTESIAN_POINT ( 'NONE',  ( 10.16226774207625994, -0.5000000000000019984, -25.61527341432796945 ) ) ;
#3488 = AXIS2_PLACEMENT_3D ( 'NONE', #1836, #3313, #4116 ) ;
#3489 = EDGE_LOOP ( 'NONE', ( #2824, #1254, #282, #1173, #1289, #441, #1164, #4081 ) ) ;
#3490 = CARTESIAN_POINT ( 'NONE',  ( 5.726220601279210065, 39.46355605739324801, -2.047363245154153244 ) ) ;
#3491 = DIRECTION ( 'NONE',  ( 0.000000000000000000, 0.8386705679454231621, 0.5446390350150284165 ) ) ;
#3492 = EDGE_CURVE ( 'NONE', #159, #2945, #1533, .T. ) ;
#3493 = AXIS2_PLACEMENT_3D ( 'NONE', #1806, #1363, #2842 ) ;
#3494 = EDGE_LOOP ( 'NONE', ( #2548, #369, #3143, #753, #1783 ) ) ;
#3495 = CARTESIAN_POINT ( 'NONE',  ( -11.20795315811032999, 16.08945442096009515, -16.86024334322028650 ) ) ;
#3496 = CARTESIAN_POINT ( 'NONE',  ( 11.30528105158154872, 32.24985479912937336, -6.731995617316811398 ) ) ;
#3497 = FACE_OUTER_BOUND ( 'NONE', #3776, .T. ) ;
#3498 = CARTESIAN_POINT ( 'NONE',  ( 9.606740315360248417, 5.700915153122328327, -21.58835202925875763 ) ) ;
#3499 = CARTESIAN_POINT ( 'NONE',  ( 9.972549269988391529, 12.00507784182656401, -14.49438091028427600 ) ) ;
#3500 = ADVANCED_FACE ( 'NONE', ( #3729 ), #2622, .T. ) ;
#3501 = ORIENTED_EDGE ( 'NONE', *, *, #3855, .F. ) ;
#3502 = EDGE_CURVE ( 'NONE', #568, #491, #1460, .T. ) ;
#3503 = CARTESIAN_POINT ( 'NONE',  ( 10.50000000000000000, -7.500000000000002665, -11.29999999999999005 ) ) ;
#3504 = EDGE_LOOP ( 'NONE', ( #1400, #4774, #4556, #620 ) ) ;
#3505 = CARTESIAN_POINT ( 'NONE',  ( -11.37259072896594780, 20.59016140544467532, -2.188299892660783286 ) ) ;
#3506 = CARTESIAN_POINT ( 'NONE',  ( -5.999999999999998224, -7.500000000000002665, -24.35000000000000497 ) ) ;
#3507 = VECTOR ( 'NONE', #2179, 1000.000000000000227 ) ;
#3508 = CARTESIAN_POINT ( 'NONE',  ( -10.16226774207625994, -0.5000000000000019984, -1.999999999999980904 ) ) ;
#3509 = VERTEX_POINT ( 'NONE', #2551 ) ;
#3510 = PERSON_AND_ORGANIZATION_ROLE ( 'creator' ) ;
#3511 = CARTESIAN_POINT ( 'NONE',  ( -4.110054558260259228, 40.08461363044835224, -1.476214065494405148 ) ) ;
#3512 = CARTESIAN_POINT ( 'NONE',  ( -40.00000000000000000, 0.000000000000000000, -6.299999999999999822 ) ) ;
#3513 = AXIS2_PLACEMENT_3D ( 'NONE', #1999, #4097, #801 ) ;
#3514 = CARTESIAN_POINT ( 'NONE',  ( 0.4845219493681005574, 40.75903020442365232, -1.206072497281533540 ) ) ;
#3515 = VERTEX_POINT ( 'NONE', #4110 ) ;
#3516 = B_SPLINE_CURVE_WITH_KNOTS ( 'NONE', 3,
 ( #445, #4020, #714, #1142 ),
 .UNSPECIFIED., .F., .F.,
 ( 4, 4 ),
 ( 0.0001500437031525472960, 0.02864793995198083171 ),
 .UNSPECIFIED. ) ;
#3517 = CARTESIAN_POINT ( 'NONE',  ( 10.66123062489468865, 34.03044800039702977, -5.575664872030076324 ) ) ;
#3518 = DIRECTION ( 'NONE',  ( -1.734723475976805517E-15, 0.000000000000000000, 1.000000000000000000 ) ) ;
#3519 = ORIENTED_EDGE ( 'NONE', *, *, #2263, .F. ) ;
#3520 = LINE ( 'NONE', #4029, #4483 ) ;
#3521 = CARTESIAN_POINT ( 'NONE',  ( 10.35738284871021442, 35.60050013139674263, -4.556061096437644231 ) ) ;
#3522 = DIRECTION ( 'NONE',  ( 0.000000000000000000, 0.000000000000000000, 1.000000000000000000 ) ) ;
#3523 = CARTESIAN_POINT ( 'NONE',  ( -11.23164705182186296, 32.94138199919940035, -11.44735753722967964 ) ) ;
#3524 = DIRECTION ( 'NONE',  ( -1.000000000000000000, 0.000000000000000000, -0.000000000000000000 ) ) ;
#3525 = AXIS2_PLACEMENT_3D ( 'NONE', #4633, #972, #3195 ) ;
#3526 = EDGE_LOOP ( 'NONE', ( #306, #3938, #3989, #594, #1057, #1451 ) ) ;
#3527 = LINE ( 'NONE', #4655, #2617 ) ;
#3528 = VERTEX_POINT ( 'NONE', #1485 ) ;
#3529 = CARTESIAN_POINT ( 'NONE',  ( -5.999999999999996447, -12.50000000000000178, 0.000000000000000000 ) ) ;
#3530 = CARTESIAN_POINT ( 'NONE',  ( -1.201755465111398635, 1.000000000000000000, -7.299999999999999822 ) ) ;
#3531 = FACE_OUTER_BOUND ( 'NONE', #1139, .T. ) ;
#3532 = VECTOR ( 'NONE', #3061, 1000.000000000000000 ) ;
#3533 = ORIENTED_EDGE ( 'NONE', *, *, #358, .T. ) ;
#3534 = FACE_OUTER_BOUND ( 'NONE', #3730, .T. ) ;
#3535 = AXIS2_PLACEMENT_3D ( 'NONE', #1147, #56, #768 ) ;
#3536 = DIRECTION ( 'NONE',  ( 1.000000000000000000, -0.000000000000000000, -0.000000000000000000 ) ) ;
#3537 = AXIS2_PLACEMENT_3D ( 'NONE', #270, #587, #4659 ) ;
#3538 = CYLINDRICAL_SURFACE ( 'NONE', #4377, 0.6000000000000103029 ) ;
#3539 = B_SPLINE_CURVE_WITH_KNOTS ( 'NONE', 3,
 ( #3589, #4209, #4615, #280, #4229, #3565 ),
 .UNSPECIFIED., .F., .F.,
 ( 4, 2, 4 ),
 ( 2.818592028051833686E-17, 0.0002367193468139971524, 0.0004734386936279661156 ),
 .UNSPECIFIED. ) ;
#3540 = EDGE_LOOP ( 'NONE', ( #893, #97 ) ) ;
#3541 = CARTESIAN_POINT ( 'NONE',  ( -40.00000000000000000, -0.5000000000000019984, -25.61527341432796945 ) ) ;
#3542 = CARTESIAN_POINT ( 'NONE',  ( -5.999999999999996447, -7.500000000000002665, -21.80000000000000426 ) ) ;
#3543 = ORIENTED_EDGE ( 'NONE', *, *, #373, .T. ) ;
#3544 = CARTESIAN_POINT ( 'NONE',  ( -11.21491980070300620, 16.24671126274377997, -17.12455854492261054 ) ) ;
#3545 = CARTESIAN_POINT ( 'NONE',  ( 10.51598421833519659, 35.23863023668473460, -4.791062153820806024 ) ) ;
#3546 = CARTESIAN_POINT ( 'NONE',  ( 8.027264362872310599, 38.42618153595462616, -1.277819974490852273 ) ) ;
#3547 = DIRECTION ( 'NONE',  ( -0.000000000000000000, -0.5446390350150284165, 0.8386705679454231621 ) ) ;
#3548 = CARTESIAN_POINT ( 'NONE',  ( 10.07292212359395656, 14.10717837203025482, -13.12926086430548089 ) ) ;
#3549 = VERTEX_POINT ( 'NONE', #2285 ) ;
#3550 = DIRECTION ( 'NONE',  ( 1.000000000000000000, 0.000000000000000000, 0.000000000000000000 ) ) ;
#3551 = VERTEX_POINT ( 'NONE', #2968 ) ;
#3552 = LINE ( 'NONE', #3244, #930 ) ;
#3553 = PLANE ( 'NONE',  #478 ) ;
#3554 = DIRECTION ( 'NONE',  ( -1.000000000000000000, 0.000000000000000000, 0.000000000000000000 ) ) ;
#3555 = ORIENTED_EDGE ( 'NONE', *, *, #4477, .F. ) ;
#3556 = CARTESIAN_POINT ( 'NONE',  ( 11.49762712857791946, 24.45505465260505673, -11.43071110699934501 ) ) ;
#3557 = CARTESIAN_POINT ( 'NONE',  ( 9.099999999999988987, 31.97423583211418574, -4.999999999999999112 ) ) ;
#3558 = ADVANCED_FACE ( 'NONE', ( #4045 ), #1859, .T. ) ;
#3559 = ORIENTED_EDGE ( 'NONE', *, *, #3209, .F. ) ;
#3560 = EDGE_CURVE ( 'NONE', #1194, #2137, #1993, .T. ) ;
#3561 = CYLINDRICAL_SURFACE ( 'NONE', #2762, 3.249999999999999556 ) ;
#3562 = DIRECTION ( 'NONE',  ( -0.000000000000000000, -0.000000000000000000, 1.000000000000000000 ) ) ;
#3563 = ORIENTED_EDGE ( 'NONE', *, *, #700, .F. ) ;
#3564 = CARTESIAN_POINT ( 'NONE',  ( -40.00000000000000000, 0.000000000000000000, -6.299999999999999822 ) ) ;
#3565 = CARTESIAN_POINT ( 'NONE',  ( -11.49308960081462416, 24.29751121965135496, -11.53296254045744007 ) ) ;
#3566 = ORIENTED_EDGE ( 'NONE', *, *, #1386, .T. ) ;
#3567 = PLANE ( 'NONE',  #1490 ) ;
#3568 = CARTESIAN_POINT ( 'NONE',  ( 4.779917246429111088, 39.76603142208691111, -1.850933446566913387 ) ) ;
#3569 = CARTESIAN_POINT ( 'NONE',  ( -11.49976275841742712, 24.52985140741887449, -40.00000000000000000 ) ) ;
#3570 = CARTESIAN_POINT ( 'NONE',  ( -5.375357163944682881, 39.75340698474035861, -0.3723725375075759292 ) ) ;
#3571 = CARTESIAN_POINT ( 'NONE',  ( -4.110054558260258339, 40.08461363044835224, -1.476054700291301591 ) ) ;
#3572 = CIRCLE ( 'NONE', #96, 0.5999999999999998668 ) ;
#3573 = ORIENTED_EDGE ( 'NONE', *, *, #2361, .T. ) ;
#3574 = CARTESIAN_POINT ( 'NONE',  ( -10.15806366056968457, -0.3993120981802172342, -27.67612930258444948 ) ) ;
#3575 = ORIENTED_EDGE ( 'NONE', *, *, #340, .T. ) ;
#3576 = FACE_BOUND ( 'NONE', #3354, .T. ) ;
#3577 = FACE_OUTER_BOUND ( 'NONE', #443, .T. ) ;
#3578 = EDGE_CURVE ( 'NONE', #297, #432, #4527, .T. ) ;
#3579 = CARTESIAN_POINT ( 'NONE',  ( -11.49976275841742890, 24.52985140741888515, -1.999999999999980904 ) ) ;
#3580 = VECTOR ( 'NONE', #1733, 1000.000000000000000 ) ;
#3581 = VERTEX_POINT ( 'NONE', #32 ) ;
#3582 = CARTESIAN_POINT ( 'NONE',  ( 4.440892098500619851E-15, 40.94965655536967120, -0.9193915876221306904 ) ) ;
#3583 = DIRECTION ( 'NONE',  ( 1.000000000000000000, 0.000000000000000000, 0.000000000000000000 ) ) ;
#3584 =( BOUNDED_CURVE ( )  B_SPLINE_CURVE ( 3, ( #3140, #941, #2413, #3934 ),
 .UNSPECIFIED., .F., .F. ) 
 B_SPLINE_CURVE_WITH_KNOTS ( ( 4, 4 ),
 ( 1.570796326794896558, 4.712388980384689674 ),
 .UNSPECIFIED. ) 
 CURVE ( )  GEOMETRIC_REPRESENTATION_ITEM ( )  RATIONAL_B_SPLINE_CURVE ( ( 1.000000000000000000, 0.3333333333333333703, 0.3333333333333333703, 1.000000000000000000 ) ) 
 REPRESENTATION_ITEM ( '' )  );
#3585 = LINE ( 'NONE', #1752, #1919 ) ;
#3586 = VERTEX_POINT ( 'NONE', #2253 ) ;
#3587 = ADVANCED_FACE ( 'NONE', ( #2210 ), #3682, .F. ) ;
#3588 = FACE_OUTER_BOUND ( 'NONE', #2740, .T. ) ;
#3589 = CARTESIAN_POINT ( 'NONE',  ( -11.19303845179054235, 24.46347748088117413, -11.78852817130053943 ) ) ;
#3590 = AXIS2_PLACEMENT_3D ( 'NONE', #1494, #331, #310 ) ;
#3591 = ORIENTED_EDGE ( 'NONE', *, *, #3144, .F. ) ;
#3592 = CARTESIAN_POINT ( 'NONE',  ( -9.126074471720432513, 16.87718444608449175, -10.13803459468208956 ) ) ;
#3593 = CARTESIAN_POINT ( 'NONE',  ( 3.961981719618718589, 40.11918517229708669, -1.621592719614235234 ) ) ;
#3594 = DIRECTION ( 'NONE',  ( 1.000000000000000000, 0.000000000000000000, 0.000000000000000000 ) ) ;
#3595 = CARTESIAN_POINT ( 'NONE',  ( -4.526151537074577291, 39.98746472557030529, -0.3723725375075759292 ) ) ;
#3596 = DIRECTION ( 'NONE',  ( 0.000000000000000000, 0.000000000000000000, -1.000000000000000000 ) ) ;
#3597 = EDGE_LOOP ( 'NONE', ( #2238, #4456, #1087, #2847, #1317, #3199, #1935, #546, #4546, #271, #2477 ) ) ;
#3598 = CARTESIAN_POINT ( 'NONE',  ( -13.91063566050613431, -0.5000000000000023315, -25.61527341432796945 ) ) ;
#3599 = ORIENTED_EDGE ( 'NONE', *, *, #3987, .F. ) ;
#3600 = CARTESIAN_POINT ( 'NONE',  ( -7.996827656702079956, 11.25513054230038179, -7.165154135959718396 ) ) ;
#3601 = CARTESIAN_POINT ( 'NONE',  ( -8.026473474542701325, 38.42680091818171917, -1.277506335966377193 ) ) ;
#3602 = PLANE ( 'NONE',  #3525 ) ;
#3603 = ORIENTED_EDGE ( 'NONE', *, *, #1881, .T. ) ;
#3604 = CARTESIAN_POINT ( 'NONE',  ( -0.1850640561624804226, 40.94965655536967120, -0.9193915876245674079 ) ) ;
#3605 = CARTESIAN_POINT ( 'NONE',  ( -13.00000000000000533, -7.500000000000002665, -11.29999999999999005 ) ) ;
#3606 = CARTESIAN_POINT ( 'NONE',  ( 7.000000000000000000, 37.50000000000000000, -0.4999999999999995559 ) ) ;
#3607 = CIRCLE ( 'NONE', #2374, 3.249999999999999556 ) ;
#3608 = DIRECTION ( 'NONE',  ( 0.000000000000000000, 0.000000000000000000, 1.000000000000000000 ) ) ;
#3609 = VERTEX_POINT ( 'NONE', #4066 ) ;
#3610 = AXIS2_PLACEMENT_3D ( 'NONE', #4607, #455, #475 ) ;
#3611 = DIRECTION ( 'NONE',  ( 0.000000000000000000, 0.000000000000000000, -1.000000000000000000 ) ) ;
#3612 = AXIS2_PLACEMENT_3D ( 'NONE', #3680, #2252, #2230 ) ;
#3613 = ORIENTED_EDGE ( 'NONE', *, *, #3915, .T. ) ;
#3614 = DIRECTION ( 'NONE',  ( -1.000000000000000000, 0.000000000000000000, 0.000000000000000000 ) ) ;
#3615 = CARTESIAN_POINT ( 'NONE',  ( 9.273620563054393529, 37.29271398642479340, -3.457124569674709491 ) ) ;
#3616 = DIRECTION ( 'NONE',  ( 1.000000000000000000, 0.000000000000000000, 0.000000000000000000 ) ) ;
#3617 = CARTESIAN_POINT ( 'NONE',  ( 11.54904755682983541, 26.17450718755667083, -11.44735753722967964 ) ) ;
#3618 = LINE ( 'NONE', #1792, #1227 ) ;
#3619 = EDGE_CURVE ( 'NONE', #3528, #3713, #2028, .T. ) ;
#3620 = ORIENTED_EDGE ( 'NONE', *, *, #3987, .T. ) ;
#3621 = EDGE_CURVE ( 'NONE', #3765, #257, #1743, .T. ) ;
#3622 = DIRECTION ( 'NONE',  ( -1.301042606982606307E-15, 1.000000000000000000, 0.000000000000000000 ) ) ;
#3623 = VERTEX_POINT ( 'NONE', #3145 ) ;
#3624 = CARTESIAN_POINT ( 'NONE',  ( -7.934748965607758997, 9.783247708039576551, -7.608737424069622612 ) ) ;
#3625 = CARTESIAN_POINT ( 'NONE',  ( -8.829580120151083733, 37.77341155140669571, -1.608365162608761834 ) ) ;
#3626 = CARTESIAN_POINT ( 'NONE',  ( -10.06971081556885572, 13.98808937341736858, -13.20659816439942169 ) ) ;
#3627 = EDGE_CURVE ( 'NONE', #3774, #1008, #992, .T. ) ;
#3628 = EDGE_CURVE ( 'NONE', #333, #710, #2443, .T. ) ;
#3629 = ORIENTED_EDGE ( 'NONE', *, *, #354, .T. ) ;
#3630 = CARTESIAN_POINT ( 'NONE',  ( 11.49976275841742890, 24.52985140741888515, -11.38169557082816397 ) ) ;
#3631 = CYLINDRICAL_SURFACE ( 'NONE', #3232, 5.000000000000000000 ) ;
#3632 = EDGE_CURVE ( 'NONE', #4600, #1741, #2226, .T. ) ;
#3633 = VECTOR ( 'NONE', #4438, 1000.000000000000000 ) ;
#3634 = CARTESIAN_POINT ( 'NONE',  ( -10.31862528538426460, 19.93511672409532665, -9.344553445917537005 ) ) ;
#3635 = FACE_OUTER_BOUND ( 'NONE', #3504, .T. ) ;
#3636 = EDGE_LOOP ( 'NONE', ( #3264, #1793, #922 ) ) ;
#3637 = VECTOR ( 'NONE', #1115, 1000.000000000000000 ) ;
#3638 = CYLINDRICAL_SURFACE ( 'NONE', #63, 4.100000000000000533 ) ;
#3639 = ORIENTED_EDGE ( 'NONE', *, *, #4424, .F. ) ;
#3640 = ORIENTED_EDGE ( 'NONE', *, *, #3440, .F. ) ;
#3641 = LINE ( 'NONE', #1838, #908 ) ;
#3642 = VECTOR ( 'NONE', #4632, 1000.000000000000000 ) ;
#3643 = EDGE_CURVE ( 'NONE', #384, #3713, #134, .T. ) ;
#3644 = CARTESIAN_POINT ( 'NONE',  ( -11.54904755682983541, 26.17450718755667083, -0.3723725375075759292 ) ) ;
#3645 = VERTEX_POINT ( 'NONE', #2392 ) ;
#3646 = CARTESIAN_POINT ( 'NONE',  ( -40.00000000000000000, -0.5000000000000019984, -25.61527341432796945 ) ) ;
#3647 = ORIENTED_EDGE ( 'NONE', *, *, #623, .F. ) ;
#3648 = ADVANCED_FACE ( 'NONE', ( #239 ), #4217, .T. ) ;
#3649 = VECTOR ( 'NONE', #4704, 1000.000000000000000 ) ;
#3650 = CARTESIAN_POINT ( 'NONE',  ( -11.50448897703836693, 24.69568354895640994, -11.63773178750593296 ) ) ;
#3651 = CARTESIAN_POINT ( 'NONE',  ( -5.999999999999996447, -12.50000000000000178, -16.30000000000000071 ) ) ;
#3652 = EDGE_CURVE ( 'NONE', #257, #2473, #3527, .T. ) ;
#3653 = DIRECTION ( 'NONE',  ( 0.000000000000000000, 0.000000000000000000, 1.000000000000000000 ) ) ;
#3654 = VERTEX_POINT ( 'NONE', #4599 ) ;
#3655 = AXIS2_PLACEMENT_3D ( 'NONE', #3925, #1338, #1388 ) ;
#3656 = B_SPLINE_CURVE_WITH_KNOTS ( 'NONE', 3,
 ( #3634, #2888, #4666, #3226 ),
 .UNSPECIFIED., .F., .F.,
 ( 4, 4 ),
 ( 0.8380543322296566400, 1.000000000000000000 ),
 .UNSPECIFIED. ) ;
#3657 = EDGE_LOOP ( 'NONE', ( #2098, #748, #945, #227, #2696, #1717 ) ) ;
#3658 = CARTESIAN_POINT ( 'NONE',  ( -9.314156401845188782, -1.016011703836269486, -25.95037533297802312 ) ) ;
#3659 = DIRECTION ( 'NONE',  ( 0.000000000000000000, 0.5446390350150281945, -0.8386705679454232731 ) ) ;
#3660 = CARTESIAN_POINT ( 'NONE',  ( -11.49747046104544701, 24.44963513174065994, -10.00625500819774949 ) ) ;
#3661 = LINE ( 'NONE', #692, #804 ) ;
#3662 = ORIENTED_EDGE ( 'NONE', *, *, #3289, .T. ) ;
#3663 = VECTOR ( 'NONE', #1997, 1000.000000000000000 ) ;
#3664 = CARTESIAN_POINT ( 'NONE',  ( -4.500000000000000888, -0.4999999999999997780, -25.61527341432796590 ) ) ;
#3665 = CARTESIAN_POINT ( 'NONE',  ( 0.5505931242819314120, 40.88827239463042673, -0.03108329034624129905 ) ) ;
#3666 = ADVANCED_FACE ( 'NONE', ( #632, #3865 ), #552, .T. ) ;
#3667 = CARTESIAN_POINT ( 'NONE',  ( -9.126074472244937397, 17.42182348108057965, -10.97670516265804075 ) ) ;
#3668 = EDGE_LOOP ( 'NONE', ( #4227, #1696, #4067, #2373, #2730, #550 ) ) ;
#3669 = FACE_OUTER_BOUND ( 'NONE', #4388, .T. ) ;
#3670 = CARTESIAN_POINT ( 'NONE',  ( 11.23164705182186296, 32.94138199919940035, -11.44735753722967964 ) ) ;
#3671 = DIRECTION ( 'NONE',  ( 0.000000000000000000, 0.5446390350150284165, -0.8386705679454231621 ) ) ;
#3672 = VERTEX_POINT ( 'NONE', #3840 ) ;
#3673 = DIRECTION ( 'NONE',  ( 1.000000000000000000, 0.000000000000000000, 0.000000000000000000 ) ) ;
#3674 = CARTESIAN_POINT ( 'NONE',  ( -5.164088142019185312, 39.81177278234186900, -0.5761937814470672325 ) ) ;
#3675 = DIRECTION ( 'NONE',  ( 0.9656200712115592388, -0.2180186658833781488, -0.1415829770834584611 ) ) ;
#3676 = VERTEX_POINT ( 'NONE', #2366 ) ;
#3677 = VERTEX_POINT ( 'NONE', #2417 ) ;
#3678 = LINE ( 'NONE', #4042, #3633 ) ;
#3679 = CARTESIAN_POINT ( 'NONE',  ( 0.000000000000000000, 39.50000000000000000, 4.336808689942017736E-16 ) ) ;
#3680 = CARTESIAN_POINT ( 'NONE',  ( 0.000000000000000000, 39.50000000000000000, 4.336808689942017736E-16 ) ) ;
#3681 = VECTOR ( 'NONE', #1992, 1000.000000000000000 ) ;
#3682 = PLANE ( 'NONE',  #3233 ) ;
#3683 = CARTESIAN_POINT ( 'NONE',  ( 7.000000000000000000, 37.00000000000000000, -1.999999999999997335 ) ) ;
#3684 = ORIENTED_EDGE ( 'NONE', *, *, #1561, .T. ) ;
#3685 = DIRECTION ( 'NONE',  ( 0.000000000000000000, 0.5446390350150310811, -0.8386705679454214968 ) ) ;
#3686 = CARTESIAN_POINT ( 'NONE',  ( -0.5505931242819305238, 40.88827239463042673, -0.03108329034624357501 ) ) ;
#3687 = AXIS2_PLACEMENT_3D ( 'NONE', #2912, #2165, #1781 ) ;
#3688 = CARTESIAN_POINT ( 'NONE',  ( -11.48788194037669896, 24.11555307679370586, -10.97735980257367672 ) ) ;
#3689 = ORIENTED_EDGE ( 'NONE', *, *, #909, .F. ) ;
#3690 = CARTESIAN_POINT ( 'NONE',  ( -11.49308960081462416, 24.29751121965135496, -11.53296254045744007 ) ) ;
#3691 = CARTESIAN_POINT ( 'NONE',  ( 11.23164705182186296, 32.94138199919940035, -0.3723725375075759292 ) ) ;
#3692 = AXIS2_PLACEMENT_3D ( 'NONE', #3503, #608, #3191 ) ;
#3693 = ADVANCED_FACE ( 'NONE', ( #2781 ), #4238, .F. ) ;
#3694 = VECTOR ( 'NONE', #30, 1000.000000000000114 ) ;
#3695 = CARTESIAN_POINT ( 'NONE',  ( -7.500000000000000000, 37.50000000000000000, -1.746813428970050097 ) ) ;
#3696 = CARTESIAN_POINT ( 'NONE',  ( -7.201755465154040081, 1.000000000000000000, -7.299999999999999822 ) ) ;
#3697 = CARTESIAN_POINT ( 'NONE',  ( 4.798244534931242811, 0.000000000000000000, -7.300000000000000711 ) ) ;
#3698 = DIRECTION ( 'NONE',  ( -1.000000000000000000, -2.344205929732517996E-10, 4.641064190648561764E-10 ) ) ;
#3699 = ORIENTED_EDGE ( 'NONE', *, *, #4471, .F. ) ;
#3700 = ORIENTED_EDGE ( 'NONE', *, *, #3578, .F. ) ;
#3701 = CARTESIAN_POINT ( 'NONE',  ( -10.00000000000000000, -12.50000000000000178, -21.80000000000000782 ) ) ;
#3702 = DIRECTION ( 'NONE',  ( 0.000000000000000000, 0.000000000000000000, -1.000000000000000000 ) ) ;
#3703 = CARTESIAN_POINT ( 'NONE',  ( 10.16557284061259381, -0.4584133110198388428, -27.59985823739724964 ) ) ;
#3704 = CARTESIAN_POINT ( 'NONE',  ( -13.91063566050613431, 1.499999999999996891, -21.31645822793294442 ) ) ;
#3705 = FACE_OUTER_BOUND ( 'NONE', #3876, .T. ) ;
#3706 = ORIENTED_EDGE ( 'NONE', *, *, #4610, .F. ) ;
#3707 = EDGE_CURVE ( 'NONE', #192, #3029, #583, .T. ) ;
#3708 = VECTOR ( 'NONE', #3867, 1000.000000000000000 ) ;
#3709 = LINE ( 'NONE', #4068, #1210 ) ;
#3710 = CARTESIAN_POINT ( 'NONE',  ( 7.292893218813452094, 37.00000000000000000, -1.999999999999997335 ) ) ;
#3711 = EDGE_CURVE ( 'NONE', #3737, #2196, #990, .T. ) ;
#3712 = CARTESIAN_POINT ( 'NONE',  ( -9.314156401845188782, -0.5000000000000022204, -25.61527341432796945 ) ) ;
#3713 = VERTEX_POINT ( 'NONE', #1695 ) ;
#3714 = CARTESIAN_POINT ( 'NONE',  ( 9.314156401845187006, 1.500000000024244828, -21.31645822793294087 ) ) ;
#3715 = FACE_OUTER_BOUND ( 'NONE', #4141, .T. ) ;
#3716 = CARTESIAN_POINT ( 'NONE',  ( 9.314156401845188782, -2.105289773866326097, -24.27303419708717769 ) ) ;
#3717 = CARTESIAN_POINT ( 'NONE',  ( 11.19749449966252186, 24.61816325469836997, -11.68807405522398923 ) ) ;
#3718 = CARTESIAN_POINT ( 'NONE',  ( -8.014847635051760122, 14.90250437582590237, -12.61277011980917706 ) ) ;
#3719 = CARTESIAN_POINT ( 'NONE',  ( -9.400000000000000355, 26.17423583211419214, -4.999999999999999112 ) ) ;
#3720 = VERTEX_POINT ( 'NONE', #3169 ) ;
#3721 = EDGE_CURVE ( 'NONE', #1883, #1987, #3461, .T. ) ;
#3722 = VERTEX_POINT ( 'NONE', #1352 ) ;
#3723 = VECTOR ( 'NONE', #2292, 1000.000000000000000 ) ;
#3724 = VERTEX_POINT ( 'NONE', #4629 ) ;
#3725 = DIRECTION ( 'NONE',  ( 0.000000000000000000, 0.000000000000000000, 1.000000000000000000 ) ) ;
#3726 = DIRECTION ( 'NONE',  ( 1.000000000000000000, 0.000000000000000000, 0.000000000000000000 ) ) ;
#3727 = DIRECTION ( 'NONE',  ( 0.000000000000000000, 0.000000000000000000, 1.000000000000000000 ) ) ;
#3728 = AXIS2_PLACEMENT_3D ( 'NONE', #3157, #3446, #1633 ) ;
#3729 = FACE_OUTER_BOUND ( 'NONE', #2809, .T. ) ;
#3730 = EDGE_LOOP ( 'NONE', ( #3519, #1735, #2701, #532 ) ) ;
#3731 = DIRECTION ( 'NONE',  ( 0.000000000000000000, 0.000000000000000000, 1.000000000000000000 ) ) ;
#3732 = VERTEX_POINT ( 'NONE', #3937 ) ;
#3733 = FACE_OUTER_BOUND ( 'NONE', #741, .T. ) ;
#3734 = ADVANCED_FACE ( 'NONE', ( #1327 ), #2807, .F. ) ;
#3735 = CARTESIAN_POINT ( 'NONE',  ( 10.50000000000000000, -7.500000000000002665, -15.39999999999998970 ) ) ;
#3736 = AXIS2_PLACEMENT_3D ( 'NONE', #1168, #2119, #4486 ) ;
#3737 = VERTEX_POINT ( 'NONE', #658 ) ;
#3738 = CARTESIAN_POINT ( 'NONE',  ( -11.51210782836828450, 24.91049230114454716, -11.13451647929938204 ) ) ;
#3739 = CARTESIAN_POINT ( 'NONE',  ( -5.999999999999996447, -12.50000000000000178, -21.80000000000000782 ) ) ;
#3740 = CARTESIAN_POINT ( 'NONE',  ( -6.814156401845188782, -0.5000000000000022204, -25.61527341432796945 ) ) ;
#3741 = ORGANIZATION ( '未', '未', '' ) ;
#3742 = CARTESIAN_POINT ( 'NONE',  ( 6.814156401845188782, -1.016011703836269486, -25.95037533297802312 ) ) ;
#3743 = CARTESIAN_POINT ( 'NONE',  ( 0.000000000000000000, -7.500000000000001776, -16.29999999999998650 ) ) ;
#3744 = ORIENTED_EDGE ( 'NONE', *, *, #2428, .F. ) ;
#3745 = AXIS2_PLACEMENT_3D ( 'NONE', #4188, #3792, #2338 ) ;
#3746 = ORIENTED_EDGE ( 'NONE', *, *, #1568, .T. ) ;
#3747 = EDGE_LOOP ( 'NONE', ( #3700, #969, #1832, #1216 ) ) ;
#3748 = B_SPLINE_CURVE_WITH_KNOTS ( 'NONE', 2,
 ( #4753, #414, #4730 ),
 .UNSPECIFIED., .F., .F.,
 ( 3, 3 ),
 ( 4.816201427991831634E-05, 0.02086585485444300905 ),
 .UNSPECIFIED. ) ;
#3749 = CARTESIAN_POINT ( 'NONE',  ( 0.000000000000000000, 40.81304826587417267, -1.170992758005757084 ) ) ;
#3750 = CARTESIAN_POINT ( 'NONE',  ( -9.999999999999998224, -12.50000000000000178, -26.80000000000000426 ) ) ;
#3751 = EDGE_CURVE ( 'NONE', #4118, #4368, #3962, .T. ) ;
#3752 = LINE ( 'NONE', #2715, #4222 ) ;
#3753 = ADVANCED_FACE ( 'NONE', ( #360, #2588 ), #2198, .F. ) ;
#3754 = LINE ( 'NONE', #448, #1223 ) ;
#3755 = ORIENTED_EDGE ( 'NONE', *, *, #1053, .F. ) ;
#3756 = DIRECTION ( 'NONE',  ( -0.000000000000000000, -0.5446390350150284165, 0.8386705679454230511 ) ) ;
#3757 = EDGE_LOOP ( 'NONE', ( #4696, #4139, #4157, #679 ) ) ;
#3758 = VECTOR ( 'NONE', #900, 1000.000000000000000 ) ;
#3759 = CARTESIAN_POINT ( 'NONE',  ( 10.01637758496397623, -0.1670145805334956601, -27.75581224278109005 ) ) ;
#3760 = CARTESIAN_POINT ( 'NONE',  ( 9.885093570927958595, -0.03660828949549192052, -27.69906990457358731 ) ) ;
#3761 = ORIENTED_EDGE ( 'NONE', *, *, #579, .F. ) ;
#3762 = LINE ( 'NONE', #2790, #3532 ) ;
#3763 = CARTESIAN_POINT ( 'NONE',  ( 5.833846433324629821, 39.58042673844124693, -1.796530704013066471 ) ) ;
#3764 = DIRECTION ( 'NONE',  ( 1.000000000000000000, 0.000000000000000000, 0.000000000000000000 ) ) ;
#3765 = VERTEX_POINT ( 'NONE', #2901 ) ;
#3766 = CIRCLE ( 'NONE', #1991, 4.099999999999999645 ) ;
#3767 = CARTESIAN_POINT ( 'NONE',  ( -11.32893251866611628, 19.38029904691699556, -3.058879543593217232 ) ) ;
#3768 = CARTESIAN_POINT ( 'NONE',  ( -8.137330054906454890, 38.35504453330089802, -2.767239046044038808 ) ) ;
#3769 = ADVANCED_FACE ( 'NONE', ( #4367 ), #3215, .T. ) ;
#3770 =( BOUNDED_SURFACE ( )  B_SPLINE_SURFACE ( 3, 2, ( 
 ( #2385, #3450, #4190 ),
 ( #3469, #3162, #497 ),
 ( #1976, #3544, #3495 ),
 ( #4593, #983, #154 ),
 ( #177, #4282, #544 ),
 ( #4231, #1272, #4545 ) ),
 .UNSPECIFIED., .F., .F., .F. ) 
 B_SPLINE_SURFACE_WITH_KNOTS ( ( 4, 2, 4 ),
 ( 3, 3 ),
 ( 9.974032030949666304E-05, 0.01504330759037174683, 0.02998687486043399852 ),
 ( 0.000000000000000000, 1.000000000000000000 ),
 .UNSPECIFIED. ) 
 GEOMETRIC_REPRESENTATION_ITEM ( )  RATIONAL_B_SPLINE_SURFACE ( (
 ( 1.000000000000000000, 0.7015687120155015277, 1.000000000000000000),
 ( 1.000000000000000000, 0.7000243451518121107, 1.000000000000000000),
 ( 1.000000000000000000, 0.6984268618850868471, 1.000000000000000000),
 ( 1.000000000000000000, 0.6951165458034960221, 1.000000000000000000),
 ( 1.000000000000000000, 0.6916742175031431739, 1.000000000000000000),
 ( 1.000000000000000000, 0.6916742175031431739, 1.000000000000000000) ) ) 
 REPRESENTATION_ITEM ( '' )  SURFACE ( )  );
#3771 = ORIENTED_EDGE ( 'NONE', *, *, #4329, .T. ) ;
#3772 = AXIS2_PLACEMENT_3D ( 'NONE', #715, #4085, #3659 ) ;
#3773 = EDGE_CURVE ( 'NONE', #1660, #1166, #21, .T. ) ;
#3774 = VERTEX_POINT ( 'NONE', #4056 ) ;
#3775 = B_SPLINE_CURVE_WITH_KNOTS ( 'NONE', 3,
 ( #2798, #4589, #2485, #3928, #622, #2097, #1295, #1367 ),
 .UNSPECIFIED., .F., .F.,
 ( 4, 2, 2, 4 ),
 ( 0.000000000000000000, 0.0003906325125442669803, 0.0007812650250885339607, 0.001562530050177068572 ),
 .UNSPECIFIED. ) ;
#3776 = EDGE_LOOP ( 'NONE', ( #3812, #1816 ) ) ;
#3777 = CARTESIAN_POINT ( 'NONE',  ( -9.314156398361021161, 1.499999999999997780, -21.31645822798600420 ) ) ;
#3778 = DIRECTION ( 'NONE',  ( 1.000000000000000000, 0.000000000000000000, 0.000000000000000000 ) ) ;
#3779 = EDGE_CURVE ( 'NONE', #432, #297, #1723, .T. ) ;
#3780 = CARTESIAN_POINT ( 'NONE',  ( 11.39333576090897360, 21.17423583211418503, -1.999999999999998224 ) ) ;
#3781 = EDGE_CURVE ( 'NONE', #2351, #3216, #2176, .T. ) ;
#3782 = EDGE_CURVE ( 'NONE', #1256, #1666, #3293, .T. ) ;
#3783 = EDGE_LOOP ( 'NONE', ( #3015, #1623 ) ) ;
#3784 = CYLINDRICAL_SURFACE ( 'NONE', #2898, 0.5999999999999998668 ) ;
#3785 = ORIENTED_EDGE ( 'NONE', *, *, #1978, .F. ) ;
#3786 = EDGE_CURVE ( 'NONE', #3586, #2365, #1975, .T. ) ;
#3787 = CARTESIAN_POINT ( 'NONE',  ( -9.739854145008290942, 7.755190306436008818, -20.25429014610973866 ) ) ;
#3788 = ADVANCED_FACE ( 'NONE', ( #1476 ), #1452, .F. ) ;
#3789 = LINE ( 'NONE', #1952, #1028 ) ;
#3790 = ORIENTED_EDGE ( 'NONE', *, *, #1648, .F. ) ;
#3791 = CARTESIAN_POINT ( 'NONE',  ( -7.423288821713891039, 38.83061206918701203, -2.268577689287591070 ) ) ;
#3792 = DIRECTION ( 'NONE',  ( 1.000000000000000000, 0.000000000000000000, 0.000000000000000000 ) ) ;
#3793 = CARTESIAN_POINT ( 'NONE',  ( 6.000000000000000000, -23.50000000000000000, -26.80000000000000071 ) ) ;
#3794 = EDGE_CURVE ( 'NONE', #2058, #4448, #2220, .T. ) ;
#3795 = CARTESIAN_POINT ( 'NONE',  ( 0.5505931242819314120, 40.88827239463042673, -0.9544713268979030385 ) ) ;
#3796 = EDGE_CURVE ( 'NONE', #3857, #4543, #290, .T. ) ;
#3797 = CARTESIAN_POINT ( 'NONE',  ( -10.10872464947177285, 11.26711710223288776, -7.160613290584454838 ) ) ;
#3798 = CARTESIAN_POINT ( 'NONE',  ( -11.54471170940396085, 26.02017001912747318, -10.41546341736489723 ) ) ;
#3799 = ORIENTED_EDGE ( 'NONE', *, *, #1495, .T. ) ;
#3800 = EDGE_CURVE ( 'NONE', #2907, #3801, #4075, .T. ) ;
#3801 = VERTEX_POINT ( 'NONE', #3695 ) ;
#3802 = EDGE_CURVE ( 'NONE', #2890, #3586, #1377, .T. ) ;
#3803 = CARTESIAN_POINT ( 'NONE',  ( 0.000000000000000000, 11.55204249773525582, -17.78858550275959516 ) ) ;
#3804 = DIRECTION ( 'NONE',  ( -0.000000000000000000, 1.000000000000000000, -0.000000000000000000 ) ) ;
#3805 = CARTESIAN_POINT ( 'NONE',  ( -5.888716805549625732, 39.68302548851525557, -1.737167819406921998 ) ) ;
#3806 = ORIENTED_EDGE ( 'NONE', *, *, #1202, .F. ) ;
#3807 = APPROVAL_STATUS ( 'not_yet_approved' ) ;
#3808 = ORIENTED_EDGE ( 'NONE', *, *, #1539, .F. ) ;
#3809 = VECTOR ( 'NONE', #2320, 1000.000000000000000 ) ;
#3810 = CARTESIAN_POINT ( 'NONE',  ( -10.02249554049301139, 12.98622009059891447, -16.85721968403199966 ) ) ;
#3811 = FACE_OUTER_BOUND ( 'NONE', #3636, .T. ) ;
#3812 = ORIENTED_EDGE ( 'NONE', *, *, #29, .T. ) ;
#3813 = B_SPLINE_CURVE_WITH_KNOTS ( 'NONE', 3,
 ( #1361, #1408, #3873, #4323, #2429, #2839 ),
 .UNSPECIFIED., .F., .F.,
 ( 4, 2, 4 ),
 ( 0.000000000000000000, 0.5000000000000000000, 1.000000000000000000 ),
 .UNSPECIFIED. ) ;
#3814 = CARTESIAN_POINT ( 'NONE',  ( 9.972549269988391529, 12.00507784182656401, -17.49438091028427422 ) ) ;
#3815 = CARTESIAN_POINT ( 'NONE',  ( -10.16226774207625994, -0.5000000000000019984, -40.00000000000000000 ) ) ;
#3816 = EDGE_CURVE ( 'NONE', #2649, #2351, #3935, .T. ) ;
#3817 = CYLINDRICAL_SURFACE ( 'NONE', #3346, 5.000000000000000888 ) ;
#3818 = CARTESIAN_POINT ( 'NONE',  ( 11.28446080089316439, 27.71581731551021477, -9.676433987033682627 ) ) ;
#3819 = DIRECTION ( 'NONE',  ( -1.000000000000000000, -0.000000000000000000, -0.000000000000000000 ) ) ;
#3820 = CARTESIAN_POINT ( 'NONE',  ( -8.525635328563176074, 38.04313857277368527, -2.759943030653181584 ) ) ;
#3821 = VERTEX_POINT ( 'NONE', #1769 ) ;
#3822 = VERTEX_POINT ( 'NONE', #3242 ) ;
#3823 = DIRECTION ( 'NONE',  ( 0.000000000000000000, 0.000000000000000000, -1.000000000000000000 ) ) ;
#3824 = CARTESIAN_POINT ( 'NONE',  ( -11.50097496891819127, 24.57250795562288204, -11.44902547419721905 ) ) ;
#3825 = LINE ( 'NONE', #4554, #4005 ) ;
#3826 = VECTOR ( 'NONE', #847, 1000.000000000000000 ) ;
#3827 = ORIENTED_EDGE ( 'NONE', *, *, #852, .F. ) ;
#3828 = CALENDAR_DATE ( 2026, 11, 8 ) ;
#3829 = VERTEX_POINT ( 'NONE', #2877 ) ;
#3830 = CARTESIAN_POINT ( 'NONE',  ( -9.314156398361021161, 1.499999999999997780, -21.31645822788444278 ) ) ;
#3831 = LINE ( 'NONE', #2794, #4109 ) ;
#3832 = ORIENTED_EDGE ( 'NONE', *, *, #2747, .F. ) ;
#3833 = CARTESIAN_POINT ( 'NONE',  ( 8.467112211170269020, 38.09227244724967676, -2.729370141382249315 ) ) ;
#3834 = CARTESIAN_POINT ( 'NONE',  ( -10.52889208449959213, 8.121226130468174986, -22.40131028820110970 ) ) ;
#3835 = CARTESIAN_POINT ( 'NONE',  ( 11.58464521762004651, 27.54989600085633583, -9.424832816642359390 ) ) ;
#3836 = ADVANCED_FACE ( 'NONE', ( #4727 ), #848, .F. ) ;
#3837 = LINE ( 'NONE', #1960, #1124 ) ;
#3838 = CARTESIAN_POINT ( 'NONE',  ( -11.22470055444289372, 25.44645503483098992, -11.15017508382277889 ) ) ;
#3839 = ORIENTED_EDGE ( 'NONE', *, *, #670, .T. ) ;
#3840 = CARTESIAN_POINT ( 'NONE',  ( -1.201755465111398635, 0.000000000000000000, -6.299999999999998934 ) ) ;
#3841 = ORIENTED_EDGE ( 'NONE', *, *, #2505, .F. ) ;
#3842 = VECTOR ( 'NONE', #3211, 1000.000000000000000 ) ;
#3843 = CARTESIAN_POINT ( 'NONE',  ( -4.201755465111398635, 1.000000000000000000, -7.299999999999999822 ) ) ;
#3844 = PLANE ( 'NONE',  #572 ) ;
#3845 = CARTESIAN_POINT ( 'NONE',  ( -8.760470564802156801, 12.11688787776634335, -13.83024311115708471 ) ) ;
#3846 = EDGE_LOOP ( 'NONE', ( #2155, #4762 ) ) ;
#3847 = COORDINATED_UNIVERSAL_TIME_OFFSET ( 8, 0, .AHEAD. ) ;
#3848 = ADVANCED_FACE ( 'NONE', ( #2977 ), #3817, .T. ) ;
#3849 = ORIENTED_EDGE ( 'NONE', *, *, #1196, .F. ) ;
#3850 = LINE ( 'NONE', #170, #672 ) ;
#3851 = EDGE_CURVE ( 'NONE', #1419, #103, #247, .T. ) ;
#3852 = CARTESIAN_POINT ( 'NONE',  ( -13.91063566050613431, -0.5000000000000023315, -25.61527341432797655 ) ) ;
#3853 = ORIENTED_EDGE ( 'NONE', *, *, #2926, .T. ) ;
#3854 = CARTESIAN_POINT ( 'NONE',  ( 3.985620454189025441, 40.11366608109206311, -1.457187818242291932 ) ) ;
#3855 = EDGE_CURVE ( 'NONE', #3433, #3720, #2270, .T. ) ;
#3856 = CARTESIAN_POINT ( 'NONE',  ( 4.110054558260259228, 40.08461363044835224, -1.476214065494405148 ) ) ;
#3857 = VERTEX_POINT ( 'NONE', #3740 ) ;
#3858 = CARTESIAN_POINT ( 'NONE',  ( -13.91063566050613431, 1.499999999999996891, -24.31645822793294087 ) ) ;
#3859 = CARTESIAN_POINT ( 'NONE',  ( 11.48123621843471653, 30.58321898865441568, -7.470046883041864483 ) ) ;
#3860 = CARTESIAN_POINT ( 'NONE',  ( -9.542162300308314471, 4.626771722305877965, -22.28590892932530210 ) ) ;
#3861 = CARTESIAN_POINT ( 'NONE',  ( 10.34336880010336657, 20.36839515711264070, -12.06317914162612581 ) ) ;
#3862 = CARTESIAN_POINT ( 'NONE',  ( -9.842628408265435169, 36.53217412019851906, -3.951024933731954736 ) ) ;
#3863 = AXIS2_PLACEMENT_3D ( 'NONE', #3992, #1720, #4682 ) ;
#3864 = VERTEX_POINT ( 'NONE', #779 ) ;
#3865 = FACE_OUTER_BOUND ( 'NONE', #3540, .T. ) ;
#3866 = EDGE_LOOP ( 'NONE', ( #3463, #631, #4266, #1603 ) ) ;
#3867 = DIRECTION ( 'NONE',  ( -0.000000000000000000, -0.000000000000000000, -1.000000000000000000 ) ) ;
#3868 = CARTESIAN_POINT ( 'NONE',  ( -11.49976275841742712, 24.52985140741887449, -11.38169557082816397 ) ) ;
#3869 = CARTESIAN_POINT ( 'NONE',  ( 0.5000000000000004441, 38.49999999999999289, -1.240440286910155399 ) ) ;
#3870 = EDGE_CURVE ( 'NONE', #3581, #1461, #1865, .T. ) ;
#3871 = EDGE_LOOP ( 'NONE', ( #663, #3806, #3379, #1795 ) ) ;
#3872 = APPROVAL_DATE_TIME ( #3894, #490 ) ;
#3873 = CARTESIAN_POINT ( 'NONE',  ( 11.35799451747385902, 24.68175395703215713, -11.60742733209622379 ) ) ;
#3874 = CARTESIAN_POINT ( 'NONE',  ( 11.49308960081462416, 24.29751121965135496, -11.53296254045744362 ) ) ;
#3875 = CIRCLE ( 'NONE', #3102, 0.2999999999999993783 ) ;
#3876 = EDGE_LOOP ( 'NONE', ( #3093, #4251, #2956, #807 ) ) ;
#3877 = LINE ( 'NONE', #1708, #882 ) ;
#3878 = CARTESIAN_POINT ( 'NONE',  ( 11.22097127443598552, 15.40974764866860980, -15.28336248542629860 ) ) ;
#3879 = AXIS2_PLACEMENT_3D ( 'NONE', #1903, #3017, #1176 ) ;
#3880 = VERTEX_POINT ( 'NONE', #20 ) ;
#3881 = DIRECTION ( 'NONE',  ( 1.000000000000000000, 0.000000000000000000, 0.000000000000000000 ) ) ;
#3882 = CARTESIAN_POINT ( 'NONE',  ( 11.18638637589564944, 33.00268073197779017, -6.243104740185238200 ) ) ;
#3883 = CARTESIAN_POINT ( 'NONE',  ( 23.00000000000000000, -7.500000000000002665, -11.29999999999999005 ) ) ;
#3884 = DIRECTION ( 'NONE',  ( -1.000000000000000000, 0.000000000000000000, 0.000000000000000000 ) ) ;
#3885 = CARTESIAN_POINT ( 'NONE',  ( -13.91063566050613076, 1.500000000000028644, -24.31645822793292311 ) ) ;
#3886 = ORIENTED_EDGE ( 'NONE', *, *, #525, .T. ) ;
#3887 = CARTESIAN_POINT ( 'NONE',  ( 10.00000000000000178, -7.500000000000002665, -21.80000000000000426 ) ) ;
#3888 = ORIENTED_EDGE ( 'NONE', *, *, #343, .T. ) ;
#3889 = VECTOR ( 'NONE', #876, 1000.000000000000000 ) ;
#3890 = CARTESIAN_POINT ( 'NONE',  ( -8.220335701273166151, 16.97726847797412120, -4.527080574635638399 ) ) ;
#3891 = DIRECTION ( 'NONE',  ( -1.000000000000000000, 0.000000000000000000, -3.384826294588891940E-16 ) ) ;
#3892 = PLANE ( 'NONE',  #4065 ) ;
#3893 = ORIENTED_EDGE ( 'NONE', *, *, #1353, .T. ) ;
#3894 = DATE_AND_TIME ( #2352, #2983 ) ;
#3895 = CC_DESIGN_APPROVAL ( #490, ( #3439 ) ) ;
#3896 = CARTESIAN_POINT ( 'NONE',  ( 11.50128515273518026, 24.58244126081334358, -11.71127218929708214 ) ) ;
#3897 = DIRECTION ( 'NONE',  ( 0.9656200712115593499, -0.2180186658833781488, -0.1415829770834584334 ) ) ;
#3898 = DIRECTION ( 'NONE',  ( -0.000000000000000000, -0.5446390350150284165, 0.8386705679454231621 ) ) ;
#3899 = CARTESIAN_POINT ( 'NONE',  ( -13.91063566050613431, 23.37419941085109798, -10.11118703540967623 ) ) ;
#3900 = VERTEX_POINT ( 'NONE', #1908 ) ;
#3901 = CARTESIAN_POINT ( 'NONE',  ( 13.00000000000000178, -7.500000000000002665, -11.29999999999999005 ) ) ;
#3902 = FACE_OUTER_BOUND ( 'NONE', #2293, .T. ) ;
#3903 = ORIENTED_EDGE ( 'NONE', *, *, #2605, .F. ) ;
#3904 = DIRECTION ( 'NONE',  ( -0.000000000000000000, 0.5446390350150284165, -0.8386705679454231621 ) ) ;
#3905 = CARTESIAN_POINT ( 'NONE',  ( 5.618768309839780706, 39.50286683972491630, -2.021834524613414619 ) ) ;
#3906 = CARTESIAN_POINT ( 'NONE',  ( -10.29891725710755779, 19.29356630078341084, -12.76118116221871190 ) ) ;
#3907 = CARTESIAN_POINT ( 'NONE',  ( -11.57258665348135196, 28.19782061321615529, -11.44735753722967964 ) ) ;
#3908 = AXIS2_PLACEMENT_3D ( 'NONE', #2160, #318, #1800 ) ;
#3909 = VERTEX_POINT ( 'NONE', #69 ) ;
#3910 = DIRECTION ( 'NONE',  ( 1.000000000000000000, 0.000000000000000000, 0.000000000000000000 ) ) ;
#3911 = VERTEX_POINT ( 'NONE', #4503 ) ;
#3912 = EDGE_CURVE ( 'NONE', #3609, #3822, #3405, .T. ) ;
#3913 = DIRECTION ( 'NONE',  ( 0.000000000000000000, 0.000000000000000000, -1.000000000000000000 ) ) ;
#3914 = LINE ( 'NONE', #4658, #2333 ) ;
#3915 = EDGE_CURVE ( 'NONE', #2303, #1953, #2611, .T. ) ;
#3916 = CARTESIAN_POINT ( 'NONE',  ( -10.16226774207625994, -0.5000000000000019984, -25.61527341432796945 ) ) ;
#3917 = B_SPLINE_CURVE_WITH_KNOTS ( 'NONE', 2,
 ( #4178, #556, #3074 ),
 .UNSPECIFIED., .F., .F.,
 ( 3, 3 ),
 ( 0.8242800252401816241, 0.9983823180012261211 ),
 .UNSPECIFIED. ) ;
#3918 = ORIENTED_EDGE ( 'NONE', *, *, #2271, .F. ) ;
#3919 = CARTESIAN_POINT ( 'NONE',  ( 11.49872749083956514, 24.49352624913246856, -11.40575510083353805 ) ) ;
#3920 = EDGE_CURVE ( 'NONE', #463, #3309, #2243, .T. ) ;
#3921 = AXIS2_PLACEMENT_3D ( 'NONE', #3704, #1830, #1170 ) ;
#3922 = CARTESIAN_POINT ( 'NONE',  ( -10.20175546506875719, 0.000000000000000000, -8.300000000000000711 ) ) ;
#3923 = VECTOR ( 'NONE', #236, 1000.000000000000000 ) ;
#3924 = FACE_OUTER_BOUND ( 'NONE', #1459, .T. ) ;
#3925 = CARTESIAN_POINT ( 'NONE',  ( 0.000000000000000000, 39.50000000000000000, 4.336808689942017736E-16 ) ) ;
#3926 = ORIENTED_EDGE ( 'NONE', *, *, #1917, .F. ) ;
#3927 = LINE ( 'NONE', #621, #3117 ) ;
#3928 = CARTESIAN_POINT ( 'NONE',  ( -8.721493992932664696, 19.86637918117527590, -9.238706911832592183 ) ) ;
#3929 = ORIENTED_EDGE ( 'NONE', *, *, #4496, .T. ) ;
#3930 = CARTESIAN_POINT ( 'NONE',  ( -9.999999999999998224, -12.50000000000000178, -26.80000000000000426 ) ) ;
#3931 = CARTESIAN_POINT ( 'NONE',  ( 5.078382318673765106, 39.82777583996603710, -1.639661575223285483 ) ) ;
#3932 = CARTESIAN_POINT ( 'NONE',  ( -24.18354753891994946, 35.24484878292303591, -4.429314794821930690 ) ) ;
#3933 = DIRECTION ( 'NONE',  ( 0.9694364236751655817, 0.2188803257612762787, 0.1108351182908306615 ) ) ;
#3934 = CARTESIAN_POINT ( 'NONE',  ( 0.5000000000000001110, 39.50000000000000000, -0.7340671448502610330 ) ) ;
#3935 = B_SPLINE_CURVE_WITH_KNOTS ( 'NONE', 3,
 ( #3263, #1113, #1016, #2494 ),
 .UNSPECIFIED., .F., .F.,
 ( 4, 4 ),
 ( 0.000000000000000000, 0.02864793995198083171 ),
 .UNSPECIFIED. ) ;
#3936 = VERTEX_POINT ( 'NONE', #3022 ) ;
#3937 = CARTESIAN_POINT ( 'NONE',  ( -13.00000000000000355, -7.500000000000001776, -16.29999999999998295 ) ) ;
#3938 = ORIENTED_EDGE ( 'NONE', *, *, #2059, .F. ) ;
#3939 = AXIS2_PLACEMENT_3D ( 'NONE', #3458, #1238, #2758 ) ;
#3940 = CARTESIAN_POINT ( 'NONE',  ( -8.866530864264536405, 8.364215992019254031, -8.918719727919162565 ) ) ;
#3941 = DIRECTION ( 'NONE',  ( 1.091146142119296413E-15, -0.8386705679454231621, -0.5446390350150284165 ) ) ;
#3942 = CARTESIAN_POINT ( 'NONE',  ( 10.00000000000000178, -0.5000000000000019984, -26.79999999999999716 ) ) ;
#3943 = ADVANCED_FACE ( 'NONE', ( #4172 ), #1958, .F. ) ;
#3944 = ORIENTED_EDGE ( 'NONE', *, *, #2081, .T. ) ;
#3945 = CARTESIAN_POINT ( 'NONE',  ( 11.50345370332205519, 24.65935817529172880, -11.66132176098975393 ) ) ;
#3946 = CARTESIAN_POINT ( 'NONE',  ( 23.00000000000000000, -7.500000000000002665, -19.25000000000000355 ) ) ;
#3947 = CARTESIAN_POINT ( 'NONE',  ( 10.00000000000000178, -12.50000000000000178, -26.79999999999999716 ) ) ;
#3948 = DIRECTION ( 'NONE',  ( 0.000000000000000000, 0.000000000000000000, 1.000000000000000000 ) ) ;
#3949 = ORIENTED_EDGE ( 'NONE', *, *, #3652, .F. ) ;
#3950 = DIRECTION ( 'NONE',  ( -1.000000000000000000, 0.000000000000000000, 0.000000000000000000 ) ) ;
#3951 = CARTESIAN_POINT ( 'NONE',  ( -10.50000000000000533, -7.500000000000002665, -7.199999999999990408 ) ) ;
#3952 = VECTOR ( 'NONE', #626, 1000.000000000000000 ) ;
#3953 = ORIENTED_EDGE ( 'NONE', *, *, #4618, .T. ) ;
#3954 = CARTESIAN_POINT ( 'NONE',  ( 9.314156401845188782, -1.016011703836269486, -25.95037533297802312 ) ) ;
#3955 = CARTESIAN_POINT ( 'NONE',  ( 4.203192301962988431, 40.06286814738977142, -1.490176382110527831 ) ) ;
#3956 = EDGE_CURVE ( 'NONE', #1983, #4256, #409, .T. ) ;
#3957 = LINE ( 'NONE', #576, #1765 ) ;
#3958 = LINE ( 'NONE', #2127, #191 ) ;
#3959 = CARTESIAN_POINT ( 'NONE',  ( -6.929021784045862553, 38.92685834563913261, -2.395898814418966793 ) ) ;
#3960 = VECTOR ( 'NONE', #303, 1000.000000000000000 ) ;
#3961 = ORIENTED_EDGE ( 'NONE', *, *, #126, .F. ) ;
#3962 = LINE ( 'NONE', #1427, #2414 ) ;
#3963 = VERTEX_POINT ( 'NONE', #111 ) ;
#3964 = FACE_OUTER_BOUND ( 'NONE', #3757, .T. ) ;
#3965 = DIRECTION ( 'NONE',  ( -0.000000000000000000, -0.000000000000000000, 1.000000000000000000 ) ) ;
#3966 = DIRECTION ( 'NONE',  ( 0.000000000000000000, 0.8386705679454231621, 0.5446390350150284165 ) ) ;
#3967 = VECTOR ( 'NONE', #1294, 1000.000000000000000 ) ;
#3968 = ORIENTED_EDGE ( 'NONE', *, *, #2377, .T. ) ;
#3969 = CARTESIAN_POINT ( 'NONE',  ( -11.28338053103551886, 27.67938533316347716, -9.700093193004889258 ) ) ;
#3970 = CARTESIAN_POINT ( 'NONE',  ( -10.43743682286083008, 23.50000000002721734, -10.02949117768922171 ) ) ;
#3971 = CARTESIAN_POINT ( 'NONE',  ( 23.00000000000000000, -7.500000000000002665, -11.29999999999999005 ) ) ;
#3972 = FACE_OUTER_BOUND ( 'NONE', #3426, .T. ) ;
#3973 = ORIENTED_EDGE ( 'NONE', *, *, #60, .F. ) ;
#3974 = EDGE_CURVE ( 'NONE', #3115, #4630, #3365, .T. ) ;
#3975 = DIRECTION ( 'NONE',  ( 0.000000000000000000, -0.8386705679626400567, -0.5446390349885168458 ) ) ;
#3976 = EDGE_CURVE ( 'NONE', #4113, #2890, #3421, .T. ) ;
#3977 = VECTOR ( 'NONE', #1234, 1000.000000000000000 ) ;
#3978 = EDGE_LOOP ( 'NONE', ( #117, #2380, #2225, #1090 ) ) ;
#3979 = DIRECTION ( 'NONE',  ( 0.000000000000000000, -0.5446390349885167348, 0.8386705679626400567 ) ) ;
#3980 = CARTESIAN_POINT ( 'NONE',  ( 4.134699535014435767, 39.93418311105468632, -1.741734462942235773 ) ) ;
#3981 = LINE ( 'NONE', #2921, #1145 ) ;
#3982 = EDGE_CURVE ( 'NONE', #637, #3216, #1933, .T. ) ;
#3983 = DIRECTION ( 'NONE',  ( -0.000000000000000000, -0.5446390350150284165, 0.8386705679454231621 ) ) ;
#3984 = CARTESIAN_POINT ( 'NONE',  ( 10.00000000000000178, -7.500000000000002665, -11.29999999999998828 ) ) ;
#3985 = EDGE_CURVE ( 'NONE', #86, #1256, #2724, .T. ) ;
#3986 = VERTEX_POINT ( 'NONE', #1496 ) ;
#3987 = EDGE_CURVE ( 'NONE', #809, #3056, #4525, .T. ) ;
#3988 = CARTESIAN_POINT ( 'NONE',  ( -5.999999999999998224, -7.500000000000002665, -21.80000000000000426 ) ) ;
#3989 = ORIENTED_EDGE ( 'NONE', *, *, #3781, .F. ) ;
#3990 = EDGE_CURVE ( 'NONE', #2952, #1983, #2638, .T. ) ;
#3991 = AXIS2_PLACEMENT_3D ( 'NONE', #2056, #243, #1722 ) ;
#3992 = CARTESIAN_POINT ( 'NONE',  ( -13.91063566050613431, -0.5000000000000023315, -25.61527341432796945 ) ) ;
#3993 = CARTESIAN_POINT ( 'NONE',  ( -6.661550955621126313, 39.23927125763280088, -0.8660931773479666473 ) ) ;
#3994 = ADVANCED_FACE ( 'NONE', ( #205 ), #3086, .F. ) ;
#3995 = CARTESIAN_POINT ( 'NONE',  ( -10.14402428004645884, 15.58937461963707705, -12.16671136665536146 ) ) ;
#3996 = ORIENTED_EDGE ( 'NONE', *, *, #4136, .T. ) ;
#3997 = CARTESIAN_POINT ( 'NONE',  ( 11.50237732386858092, 24.62089850377830302, -11.68629776370091911 ) ) ;
#3998 = FACE_OUTER_BOUND ( 'NONE', #4363, .T. ) ;
#3999 = EDGE_CURVE ( 'NONE', #3376, #463, #232, .T. ) ;
#4000 = CARTESIAN_POINT ( 'NONE',  ( 11.48788194037669896, 24.11555307679370941, -10.97735980257368915 ) ) ;
#4001 = CARTESIAN_POINT ( 'NONE',  ( -10.28510556250432373, 19.02029863694500733, -9.938643258199109098 ) ) ;
#4002 = EDGE_LOOP ( 'NONE', ( #1453, #510 ) ) ;
#4003 = VECTOR ( 'NONE', #18, 1000.000000000000000 ) ;
#4004 = CARTESIAN_POINT ( 'NONE',  ( 11.39333576090897360, 21.17423583211418503, -1.999999999999998224 ) ) ;
#4005 = VECTOR ( 'NONE', #2009, 1000.000000000000000 ) ;
#4006 = EDGE_CURVE ( 'NONE', #59, #2196, #2359, .T. ) ;
#4007 = VERTEX_POINT ( 'NONE', #2825 ) ;
#4008 = DIRECTION ( 'NONE',  ( 0.000000000000000000, 0.000000000000000000, 1.000000000000000000 ) ) ;
#4009 = ORIENTED_EDGE ( 'NONE', *, *, #4434, .F. ) ;
#4010 = DIRECTION ( 'NONE',  ( -0.000000000000000000, -1.000000000000000000, -0.000000000000000000 ) ) ;
#4011 = LINE ( 'NONE', #4073, #1899 ) ;
#4012 = ORIENTED_EDGE ( 'NONE', *, *, #4623, .T. ) ;
#4013 = DIRECTION ( 'NONE',  ( -1.000000000000000000, -0.000000000000000000, -0.000000000000000000 ) ) ;
#4014 = ORIENTED_EDGE ( 'NONE', *, *, #4006, .F. ) ;
#4015 = CARTESIAN_POINT ( 'NONE',  ( 11.07779555536707683, 20.44157630263228143, -14.40038133554538646 ) ) ;
#4016 = CARTESIAN_POINT ( 'NONE',  ( -11.49973154290172239, 24.52891481279920427, -11.38183410609595114 ) ) ;
#4017 = CARTESIAN_POINT ( 'NONE',  ( 10.00000000000000178, -7.500000000000002665, -21.80000000000000426 ) ) ;
#4018 = VERTEX_POINT ( 'NONE', #4257 ) ;
#4019 = EDGE_LOOP ( 'NONE', ( #1081, #2465, #3918, #617 ) ) ;
#4020 = CARTESIAN_POINT ( 'NONE',  ( -11.22097181470500260, 15.40976524185725793, -15.28335106027597412 ) ) ;
#4021 = CARTESIAN_POINT ( 'NONE',  ( 11.32894778828281979, 19.38072220064551132, -3.058575055217270577 ) ) ;
#4022 = VECTOR ( 'NONE', #616, 1000.000000000000000 ) ;
#4023 = ADVANCED_FACE ( 'NONE', ( #2021 ), #3770, .T. ) ;
#4024 = CARTESIAN_POINT ( 'NONE',  ( -11.49747046104544701, 24.44963513174065994, -27.70479026460925454 ) ) ;
#4025 = LINE ( 'NONE', #2508, #3960 ) ;
#4026 = EDGE_LOOP ( 'NONE', ( #2051, #2518, #2768, #3004 ) ) ;
#4027 = CARTESIAN_POINT ( 'NONE',  ( -9.987912250137210179, -1.947001738313461017, 7.826247765225207154 ) ) ;
#4028 = PLANE ( 'NONE',  #3230 ) ;
#4029 = CARTESIAN_POINT ( 'NONE',  ( -9.999999999999998224, -0.5000000000000019984, -26.80000000000000426 ) ) ;
#4030 = VERTEX_POINT ( 'NONE', #1249 ) ;
#4031 = CARTESIAN_POINT ( 'NONE',  ( 0.000000000000000000, 10.46276442770519921, -16.11124436686874617 ) ) ;
#4032 = CARTESIAN_POINT ( 'NONE',  ( 6.000000000000000000, -0.5000000000000019984, -16.30000000000000071 ) ) ;
#4033 = ORIENTED_EDGE ( 'NONE', *, *, #4690, .F. ) ;
#4034 = DIRECTION ( 'NONE',  ( -5.169068702225411996E-10, 0.5446390349885167348, -0.8386705679626400567 ) ) ;
#4035 = ORIENTED_EDGE ( 'NONE', *, *, #4565, .T. ) ;
#4036 = VECTOR ( 'NONE', #4034, 1000.000000000000000 ) ;
#4037 = CARTESIAN_POINT ( 'NONE',  ( -11.49652286957813985, 24.41660006550863926, -11.45566953964081947 ) ) ;
#4038 = CARTESIAN_POINT ( 'NONE',  ( 11.49308960081462416, 24.29751121965135496, -11.53296254045744362 ) ) ;
#4039 = CARTESIAN_POINT ( 'NONE',  ( 0.000000000000000000, 40.81304826587417267, -1.170992758005756862 ) ) ;
#4040 = ORIENTED_EDGE ( 'NONE', *, *, #1732, .F. ) ;
#4041 = ORIENTED_EDGE ( 'NONE', *, *, #2088, .F. ) ;
#4042 = CARTESIAN_POINT ( 'NONE',  ( -40.00000000000000000, -0.5000000000000019984, -25.61527341432796945 ) ) ;
#4043 = FACE_BOUND ( 'NONE', #2705, .T. ) ;
#4044 = CARTESIAN_POINT ( 'NONE',  ( -9.999999999999998224, -0.5000000000000019984, -26.80000000000000426 ) ) ;
#4045 = FACE_OUTER_BOUND ( 'NONE', #3406, .T. ) ;
#4046 = ORIENTED_EDGE ( 'NONE', *, *, #4194, .F. ) ;
#4047 = CARTESIAN_POINT ( 'NONE',  ( -13.90063566050613453, 24.46347748088117413, -11.78852817130053943 ) ) ;
#4048 = CARTESIAN_POINT ( 'NONE',  ( 0.000000000000000000, -12.50000000000000178, 0.000000000000000000 ) ) ;
#4049 = B_SPLINE_SURFACE_WITH_KNOTS ( 'NONE', 3, 1, ( 
 ( #3830, #928 ),
 ( #863, #512 ),
 ( #4495, #3787 ),
 ( #2332, #472 ),
 ( #1950, #3810 ),
 ( #106, #493 ),
 ( #1970, #3198 ),
 ( #2863, #566 ),
 ( #2791, #1680 ),
 ( #2091, #3970 ) ),
 .UNSPECIFIED., .F., .F., .F.,
 ( 4, 3, 3, 4 ),
 ( 2, 2 ),
 ( 0.000000000000000000, 0.4267678188181984189, 0.7133693556664728597, 1.000000000000000000 ),
 ( 0.000000000000000000, 1.000000000000000000 ),
 .UNSPECIFIED. ) ;
#4050 = CARTESIAN_POINT ( 'NONE',  ( -9.000000000000000000, 23.49900632774392406, -12.41486306156780195 ) ) ;
#4051 = ORIENTED_EDGE ( 'NONE', *, *, #489, .F. ) ;
#4052 = LINE ( 'NONE', #754, #4069 ) ;
#4053 = CARTESIAN_POINT ( 'NONE',  ( 11.51320704569614328, 30.51598161185266278, -0.3723725375075759292 ) ) ;
#4054 = VECTOR ( 'NONE', #747, 1000.000000000000000 ) ;
#4055 = VECTOR ( 'NONE', #130, 1000.000000000000114 ) ;
#4056 = CARTESIAN_POINT ( 'NONE',  ( 10.00000000000000178, -7.500000000000002665, -24.35000000000000497 ) ) ;
#4057 = PLANE ( 'NONE',  #1436 ) ;
#4058 = LINE ( 'NONE', #1910, #3318 ) ;
#4059 = LINE ( 'NONE', #1823, #4142 ) ;
#4060 = VERTEX_POINT ( 'NONE', #2466 ) ;
#4061 = ADVANCED_FACE ( 'NONE', ( #1712 ), #2726, .F. ) ;
#4062 = ORIENTED_EDGE ( 'NONE', *, *, #4120, .F. ) ;
#4063 = DIRECTION ( 'NONE',  ( 1.000000000000000000, 1.662020612589302185E-16, 1.079328805866274731E-16 ) ) ;
#4064 = DIRECTION ( 'NONE',  ( 3.384826294588891940E-16, -0.000000000000000000, -1.000000000000000000 ) ) ;
#4065 = AXIS2_PLACEMENT_3D ( 'NONE', #1020, #2498, #3966 ) ;
#4066 = CARTESIAN_POINT ( 'NONE',  ( 6.000000000000000000, -12.50000000000000178, -21.80000000000000782 ) ) ;
#4067 = ORIENTED_EDGE ( 'NONE', *, *, #3085, .T. ) ;
#4068 = CARTESIAN_POINT ( 'NONE',  ( -40.00000000000000000, -0.5000000000000019984, -6.299999999999998934 ) ) ;
#4069 = VECTOR ( 'NONE', #3594, 1000.000000000000000 ) ;
#4070 = CARTESIAN_POINT ( 'NONE',  ( 1.798244534888601809, 0.000000000000000000, -7.299999999999999822 ) ) ;
#4071 = ORIENTED_EDGE ( 'NONE', *, *, #1200, .F. ) ;
#4072 = FACE_BOUND ( 'NONE', #3978, .T. ) ;
#4073 = CARTESIAN_POINT ( 'NONE',  ( 9.000000000000000000, 22.66033575979849957, -12.95950209658282937 ) ) ;
#4074 = EDGE_CURVE ( 'NONE', #333, #3654, #2678, .T. ) ;
#4075 =( BOUNDED_CURVE ( )  B_SPLINE_CURVE ( 3, ( #2929, #1840, #4389, #2855 ),
 .UNSPECIFIED., .F., .T. ) 
 B_SPLINE_CURVE_WITH_KNOTS ( ( 4, 4 ),
 ( 0.000000000000000000, 1.570796326794896558 ),
 .UNSPECIFIED. ) 
 CURVE ( )  GEOMETRIC_REPRESENTATION_ITEM ( )  RATIONAL_B_SPLINE_CURVE ( ( 1.000000000000000000, 0.8047378541243649375, 0.8047378541243649375, 1.000000000000000000 ) ) 
 REPRESENTATION_ITEM ( '' )  );
#4076 = ADVANCED_FACE ( 'NONE', ( #1618 ), #1639, .T. ) ;
#4077 = CARTESIAN_POINT ( 'NONE',  ( 9.699999999999999289, 31.97423583211418574, -4.999999999999999112 ) ) ;
#4078 = CARTESIAN_POINT ( 'NONE',  ( 0.000000000000000000, 40.94965655536967120, -0.9193915876221321337 ) ) ;
#4079 = CARTESIAN_POINT ( 'NONE',  ( -7.886019851780678103, 12.38708151454353867, -14.24630482599490833 ) ) ;
#4080 = PLANE ( 'NONE',  #511 ) ;
#4081 = ORIENTED_EDGE ( 'NONE', *, *, #734, .F. ) ;
#4082 = ORIENTED_EDGE ( 'NONE', *, *, #3800, .F. ) ;
#4083 = CARTESIAN_POINT ( 'NONE',  ( -13.00000000000000711, -7.500000000000002665, -7.199999999999990408 ) ) ;
#4084 = FACE_OUTER_BOUND ( 'NONE', #495, .T. ) ;
#4085 = DIRECTION ( 'NONE',  ( 0.000000000000000000, -0.8386705679454232731, -0.5446390350150281945 ) ) ;
#4086 = EDGE_CURVE ( 'NONE', #3911, #2861, #3875, .T. ) ;
#4087 = DIRECTION ( 'NONE',  ( 0.000000000000000000, 0.000000000000000000, 1.000000000000000000 ) ) ;
#4088 = ORIENTED_EDGE ( 'NONE', *, *, #2436, .T. ) ;
#4089 = DIRECTION ( 'NONE',  ( -1.000000000000000000, -0.000000000000000000, -3.384826294588892433E-16 ) ) ;
#4090 = ORIENTED_EDGE ( 'NONE', *, *, #3284, .T. ) ;
#4091 = AXIS2_PLACEMENT_3D ( 'NONE', #529, #187, #4134 ) ;
#4092 = DIRECTION ( 'NONE',  ( 1.000000000000000000, -0.000000000000000000, -0.000000000000000000 ) ) ;
#4093 = CARTESIAN_POINT ( 'NONE',  ( -9.314156398361021161, 1.499999999999997780, -24.31645822798600420 ) ) ;
#4094 = DIRECTION ( 'NONE',  ( 0.000000000000000000, 0.000000000000000000, -1.000000000000000000 ) ) ;
#4095 = ORIENTED_EDGE ( 'NONE', *, *, #3802, .T. ) ;
#4096 = CARTESIAN_POINT ( 'NONE',  ( -11.32055492628118287, 32.13852990549473532, -6.473214325435340477 ) ) ;
#4097 = DIRECTION ( 'NONE',  ( -1.000000000000000000, -0.000000000000000000, -3.384826294588892433E-16 ) ) ;
#4098 = DIRECTION ( 'NONE',  ( 1.000000000000000000, 0.000000000000000000, 0.000000000000000000 ) ) ;
#4099 = ADVANCED_FACE ( 'NONE', ( #601 ), #1298, .T. ) ;
#4100 = CARTESIAN_POINT ( 'NONE',  ( -11.49868686707689847, 24.49210085473146492, -11.40666676371776767 ) ) ;
#4101 = FACE_OUTER_BOUND ( 'NONE', #2632, .T. ) ;
#4102 = ORIENTED_EDGE ( 'NONE', *, *, #1855, .F. ) ;
#4103 = B_SPLINE_CURVE_WITH_KNOTS ( 'NONE', 3,
 ( #864, #2334, #2720, #3874 ),
 .UNSPECIFIED., .F., .F.,
 ( 4, 4 ),
 ( 4.962469278577544745E-05, 0.02959382669456573495 ),
 .UNSPECIFIED. ) ;
#4104 = VECTOR ( 'NONE', #1154, 1000.000000000000114 ) ;
#4105 = ORIENTED_EDGE ( 'NONE', *, *, #1231, .F. ) ;
#4106 = CARTESIAN_POINT ( 'NONE',  ( -11.49875087017008468, 24.49434657607007537, -11.40520920798168447 ) ) ;
#4107 = FACE_OUTER_BOUND ( 'NONE', #936, .T. ) ;
#4108 = CARTESIAN_POINT ( 'NONE',  ( -7.500000000000000000, 37.50000000000000000, -0.4999999999999995559 ) ) ;
#4109 = VECTOR ( 'NONE', #4249, 1000.000000000000000 ) ;
#4110 = CARTESIAN_POINT ( 'NONE',  ( 11.46939956954569340, 23.49999999604292000, -10.02949118015741092 ) ) ;
#4111 = ORIENTED_EDGE ( 'NONE', *, *, #70, .F. ) ;
#4112 = CARTESIAN_POINT ( 'NONE',  ( -11.49671617256383271, 24.42333313528380501, -11.45129953120338762 ) ) ;
#4113 = VERTEX_POINT ( 'NONE', #937 ) ;
#4114 = DIRECTION ( 'NONE',  ( 0.000000000000000000, 0.000000000000000000, 1.000000000000000000 ) ) ;
#4115 = EDGE_CURVE ( 'NONE', #3713, #384, #3572, .T. ) ;
#4116 = DIRECTION ( 'NONE',  ( 0.000000000000000000, -0.5446390350150284165, 0.8386705679454231621 ) ) ;
#4117 = CIRCLE ( 'NONE', #31, 0.5999999999999998668 ) ;
#4118 = VERTEX_POINT ( 'NONE', #574 ) ;
#4119 = CARTESIAN_POINT ( 'NONE',  ( 10.07292212359395656, 14.10717837203025482, -13.12926086421509275 ) ) ;
#4120 = EDGE_CURVE ( 'NONE', #1473, #2945, #3520, .T. ) ;
#4121 = APPROVAL ( #533, '未' ) ;
#4122 = CARTESIAN_POINT ( 'NONE',  ( 11.20207283846519530, 32.91123261148664625, -5.979872615207582065 ) ) ;
#4123 = ADVANCED_FACE ( 'NONE', ( #4333 ), #1420, .F. ) ;
#4124 = DIRECTION ( 'NONE',  ( -1.000000000000000000, 0.000000000000000000, 0.000000000000000000 ) ) ;
#4125 = CARTESIAN_POINT ( 'NONE',  ( -9.699999999999999289, 31.97423583211418574, -4.999999999999999112 ) ) ;
#4126 = ADVANCED_FACE ( 'NONE', ( #1109 ), #3567, .F. ) ;
#4127 = ADVANCED_FACE ( 'NONE', ( #1393 ), #2124, .F. ) ;
#4128 = CARTESIAN_POINT ( 'NONE',  ( 10.16226774207625994, -0.5000000000000019984, -40.00000000000000000 ) ) ;
#4129 = CARTESIAN_POINT ( 'NONE',  ( -8.470555228293214611, 38.08986615089668959, -2.939447901134107699 ) ) ;
#4130 = ORIENTED_EDGE ( 'NONE', *, *, #4706, .T. ) ;
#4131 = AXIS2_PLACEMENT_3D ( 'NONE', #4631, #1308, #2109 ) ;
#4132 = EDGE_CURVE ( 'NONE', #4747, #3722, #2919, .T. ) ;
#4133 = ORIENTED_EDGE ( 'NONE', *, *, #2269, .F. ) ;
#4134 = DIRECTION ( 'NONE',  ( 0.000000000000000000, 0.000000000000000000, -1.000000000000000000 ) ) ;
#4135 = DIRECTION ( 'NONE',  ( -1.000000000000000000, 0.000000000000000000, -0.000000000000000000 ) ) ;
#4136 = EDGE_CURVE ( 'NONE', #3013, #3115, #2871, .T. ) ;
#4137 = LINE ( 'NONE', #1215, #1146 ) ;
#4138 = DIRECTION ( 'NONE',  ( 0.000000000000000000, -0.000000000000000000, -1.000000000000000000 ) ) ;
#4139 = ORIENTED_EDGE ( 'NONE', *, *, #1710, .F. ) ;
#4140 = DIRECTION ( 'NONE',  ( 3.469446951953613696E-16, 0.000000000000000000, -1.000000000000000000 ) ) ;
#4141 = EDGE_LOOP ( 'NONE', ( #3599, #3131, #4661, #1311, #214 ) ) ;
#4142 = VECTOR ( 'NONE', #3698, 1000.000000000000000 ) ;
#4143 = FACE_BOUND ( 'NONE', #4315, .T. ) ;
#4144 = EDGE_CURVE ( 'NONE', #1512, #59, #4672, .T. ) ;
#4145 = DIRECTION ( 'NONE',  ( 1.000000000000000000, 0.000000000000000000, 0.000000000000000000 ) ) ;
#4146 = VERTEX_POINT ( 'NONE', #1369 ) ;
#4147 = CARTESIAN_POINT ( 'NONE',  ( -10.04080716652493699, 36.20365830340193725, -3.904186558632960935 ) ) ;
#4148 = CARTESIAN_POINT ( 'NONE',  ( -10.66698293863744418, 35.04340308539255489, -2.000000000000008882 ) ) ;
#4149 = EDGE_CURVE ( 'NONE', #3936, #3911, #1447, .T. ) ;
#4150 = AXIS2_PLACEMENT_3D ( 'NONE', #1030, #4717, #1857 ) ;
#4151 = ADVANCED_FACE ( 'NONE', ( #725 ), #2488, .T. ) ;
#4152 = CARTESIAN_POINT ( 'NONE',  ( -10.16226774207625994, -0.5000000000000019984, -6.299999999999998934 ) ) ;
#4153 = DIRECTION ( 'NONE',  ( -0.000000000000000000, 0.5446390350150284165, -0.8386705679454231621 ) ) ;
#4154 = AXIS2_PLACEMENT_3D ( 'NONE', #2578, #2647, #4087 ) ;
#4155 = CARTESIAN_POINT ( 'NONE',  ( -10.00000000000000355, -12.50000000000000178, -11.29999999999998828 ) ) ;
#4156 = CARTESIAN_POINT ( 'NONE',  ( -10.57912434408470581, 34.32453958515796444, -5.384679563790768952 ) ) ;
#4157 = ORIENTED_EDGE ( 'NONE', *, *, #2585, .F. ) ;
#4158 = VECTOR ( 'NONE', #2128, 1000.000000000000114 ) ;
#4159 = EDGE_LOOP ( 'NONE', ( #3041, #1808, #248, #2744 ) ) ;
#4160 = CARTESIAN_POINT ( 'NONE',  ( 11.27670110078029708, 24.58927806607297484, -11.70683231604826346 ) ) ;
#4161 = LINE ( 'NONE', #3480, #1951 ) ;
#4162 = CARTESIAN_POINT ( 'NONE',  ( -9.000000000000000000, 22.40972825771386923, -10.73752192567695474 ) ) ;
#4163 = ORIENTED_EDGE ( 'NONE', *, *, #1780, .F. ) ;
#4164 = PERSON_AND_ORGANIZATION ( #1576, #3741 ) ;
#4165 = ORIENTED_EDGE ( 'NONE', *, *, #934, .T. ) ;
#4166 = EDGE_CURVE ( 'NONE', #4368, #2344, #2192, .T. ) ;
#4167 = FACE_BOUND ( 'NONE', #4002, .T. ) ;
#4168 = CARTESIAN_POINT ( 'NONE',  ( 6.500000000000000888, 37.50000000000000000, -0.4999999999999995559 ) ) ;
#4169 = EDGE_LOOP ( 'NONE', ( #3300, #4349, #581, #1204, #762 ) ) ;
#4170 = CARTESIAN_POINT ( 'NONE',  ( -7.036230272979884681, 39.04610587522616072, -2.133316923465963910 ) ) ;
#4171 = CARTESIAN_POINT ( 'NONE',  ( 11.31904142986130068, 32.15074604977699124, -6.465397143167665561 ) ) ;
#4172 = FACE_OUTER_BOUND ( 'NONE', #462, .T. ) ;
#4173 = ORIENTED_EDGE ( 'NONE', *, *, #281, .T. ) ;
#4174 = CARTESIAN_POINT ( 'NONE',  ( -10.27104951439536151, 15.50478274706410531, -5.365064947870372691 ) ) ;
#4175 = CARTESIAN_POINT ( 'NONE',  ( -10.05069903635086881, 36.18784751528566090, -4.174633245494713485 ) ) ;
#4176 = ORIENTED_EDGE ( 'NONE', *, *, #3126, .F. ) ;
#4177 = ORIENTED_EDGE ( 'NONE', *, *, #3920, .T. ) ;
#4178 = CARTESIAN_POINT ( 'NONE',  ( 10.51213093192063930, 4.200000000000000178, -8.300000000000000711 ) ) ;
#4179 = LINE ( 'NONE', #188, #3048 ) ;
#4180 = CARTESIAN_POINT ( 'NONE',  ( -4.201755465111398635, 1.000000000000000000, -7.299999999999999822 ) ) ;
#4181 = ORIENTED_EDGE ( 'NONE', *, *, #2777, .T. ) ;
#4182 = ORIENTED_EDGE ( 'NONE', *, *, #4086, .F. ) ;
#4183 = VECTOR ( 'NONE', #4405, 1000.000000000000000 ) ;
#4184 = CARTESIAN_POINT ( 'NONE',  ( 20.00000000000000000, 21.17423583211418503, -1.999999999999998224 ) ) ;
#4185 = ADVANCED_FACE ( 'NONE', ( #650 ), #4248, .T. ) ;
#4186 = LINE ( 'NONE', #3101, #3106 ) ;
#4187 = ORIENTED_EDGE ( 'NONE', *, *, #2088, .T. ) ;
#4188 = CARTESIAN_POINT ( 'NONE',  ( -1.201755465111398635, 1.000000000000000000, -7.299999999999999822 ) ) ;
#4189 = AXIS2_PLACEMENT_3D ( 'NONE', #3679, #4460, #1504 ) ;
#4190 = CARTESIAN_POINT ( 'NONE',  ( -11.49737131297108128, 24.44617521684343231, -11.43647418456435538 ) ) ;
#4191 = DIRECTION ( 'NONE',  ( 0.000000000000000000, 0.000000000000000000, 1.000000000000000000 ) ) ;
#4192 = CARTESIAN_POINT ( 'NONE',  ( -7.309461536381888003, 38.71265537007892021, -2.535003853233316562 ) ) ;
#4193 = VERTEX_POINT ( 'NONE', #1759 ) ;
#4194 = EDGE_CURVE ( 'NONE', #4030, #3732, #4555, .T. ) ;
#4195 = ORIENTED_EDGE ( 'NONE', *, *, #1286, .F. ) ;
#4196 = CARTESIAN_POINT ( 'NONE',  ( 4.000000000000000000, 24.87031818638472913, -9.139596142252763400 ) ) ;
#4197 = CARTESIAN_POINT ( 'NONE',  ( 20.00000000000000000, 20.59016140544467532, -2.188299892660783286 ) ) ;
#4198 = CARTESIAN_POINT ( 'NONE',  ( 5.888716805549630173, 39.68302548851525557, -1.737167819406921998 ) ) ;
#4199 = AXIS2_PLACEMENT_3D ( 'NONE', #3696, #2590, #316 ) ;
#4200 = EDGE_CURVE ( 'NONE', #3936, #3079, #1229, .T. ) ;
#4201 = ADVANCED_FACE ( 'NONE', ( #328 ), #1086, .F. ) ;
#4202 = ORIENTED_EDGE ( 'NONE', *, *, #3455, .F. ) ;
#4203 = DATE_AND_TIME ( #861, #4505 ) ;
#4204 = VERTEX_POINT ( 'NONE', #2972 ) ;
#4205 = CARTESIAN_POINT ( 'NONE',  ( 9.000000000000000000, 22.40972825771386923, -10.73752192567695474 ) ) ;
#4206 = CARTESIAN_POINT ( 'NONE',  ( 7.500000000000000000, 37.50000000000000000, -0.4999999999999995559 ) ) ;
#4207 = VERTEX_POINT ( 'NONE', #3760 ) ;
#4208 = DIRECTION ( 'NONE',  ( 0.000000000000000000, -0.000000000000000000, 1.000000000000000000 ) ) ;
#4209 = CARTESIAN_POINT ( 'NONE',  ( -11.27308085037906871, 24.46347748087999463, -11.78852817130127661 ) ) ;
#4210 = VERTEX_POINT ( 'NONE', #774 ) ;
#4211 = DIRECTION ( 'NONE',  ( 0.000000000000000000, -0.5446390350150277504, 0.8386705679454236062 ) ) ;
#4212 = CARTESIAN_POINT ( 'NONE',  ( 0.000000000000000000, 40.94965655536967120, -0.9193915876221321337 ) ) ;
#4213 = EDGE_CURVE ( 'NONE', #840, #1811, #4519, .T. ) ;
#4214 = CARTESIAN_POINT ( 'NONE',  ( 11.46939956954569340, 23.49999999604292000, -10.02949118015741092 ) ) ;
#4215 = CARTESIAN_POINT ( 'NONE',  ( -11.26391567560631479, 28.41984574561799803, -9.219232578694693814 ) ) ;
#4216 = ORIENTED_EDGE ( 'NONE', *, *, #3206, .F. ) ;
#4217 = PLANE ( 'NONE',  #3077 ) ;
#4218 = ORIENTED_EDGE ( 'NONE', *, *, #3126, .T. ) ;
#4219 = VECTOR ( 'NONE', #964, 1000.000000000000000 ) ;
#4220 = FACE_OUTER_BOUND ( 'NONE', #1770, .T. ) ;
#4221 = CARTESIAN_POINT ( 'NONE',  ( -9.739854145008290942, 7.755190306436008818, -17.25429014610974221 ) ) ;
#4222 = VECTOR ( 'NONE', #447, 1000.000000000000000 ) ;
#4223 = CARTESIAN_POINT ( 'NONE',  ( -40.00000000000000000, -0.5000000000000019984, -6.299999999999998934 ) ) ;
#4224 = ORIENTED_EDGE ( 'NONE', *, *, #852, .T. ) ;
#4225 = CARTESIAN_POINT ( 'NONE',  ( 13.00000000000000178, -7.500000000000001776, -16.29999999999998650 ) ) ;
#4226 = CARTESIAN_POINT ( 'NONE',  ( -10.16226774207625994, -0.5000000000000019984, -27.44746873418995747 ) ) ;
#4227 = ORIENTED_EDGE ( 'NONE', *, *, #2361, .F. ) ;
#4228 = CARTESIAN_POINT ( 'NONE',  ( 6.128309550359170466, 39.30580768236627875, -2.149806237711206158 ) ) ;
#4229 = CARTESIAN_POINT ( 'NONE',  ( -11.49435120472631411, 24.34110038253204422, -11.60008396517943297 ) ) ;
#4230 = VERTEX_POINT ( 'NONE', #3040 ) ;
#4231 = CARTESIAN_POINT ( 'NONE',  ( -9.854653730991977056, -0.4204483603911323142, -27.94833856118668791 ) ) ;
#4232 = CARTESIAN_POINT ( 'NONE',  ( 10.93592198864651088, 34.00109548034178175, -5.288501478538221612 ) ) ;
#4233 = CARTESIAN_POINT ( 'NONE',  ( -7.000000000000000000, 37.00000000000000000, -1.999999999999997335 ) ) ;
#4234 = CARTESIAN_POINT ( 'NONE',  ( 9.099999999999988987, 31.97423583211418574, -4.999999999999999112 ) ) ;
#4235 = DIRECTION ( 'NONE',  ( -1.000000000000000000, -8.673617379884032514E-16, -5.632712986986606788E-16 ) ) ;
#4236 = CIRCLE ( 'NONE', #471, 4.999999999999999112 ) ;
#4237 = EDGE_LOOP ( 'NONE', ( #4216, #2324, #2832, #1930 ) ) ;
#4238 = PLANE ( 'NONE',  #2846 ) ;
#4239 = ORIENTED_EDGE ( 'NONE', *, *, #700, .T. ) ;
#4240 = CARTESIAN_POINT ( 'NONE',  ( -9.120235833141681070, 14.16144519973476967, -6.025317119084173889 ) ) ;
#4241 = CARTESIAN_POINT ( 'NONE',  ( -8.235197275509392512, 38.27042377381896188, -1.356691521903686137 ) ) ;
#4242 = CARTESIAN_POINT ( 'NONE',  ( 11.13201040479124515, 11.69491191886413439, -27.70479026460918703 ) ) ;
#4243 = ORIENTED_EDGE ( 'NONE', *, *, #4255, .T. ) ;
#4244 = APPROVAL_ROLE ( '' ) ;
#4245 = VECTOR ( 'NONE', #269, 1000.000000000000000 ) ;
#4246 = CARTESIAN_POINT ( 'NONE',  ( -8.920181620201688588, 37.66211569244253354, -2.996852565509297683 ) ) ;
#4247 = CARTESIAN_POINT ( 'NONE',  ( 6.814156401845188782, 1.499999999999999556, -24.31645822793294087 ) ) ;
#4248 =( BOUNDED_SURFACE ( )  B_SPLINE_SURFACE ( 3, 2, ( 
 ( #307, #1736, #1787 ),
 ( #3257, #3667, #3592 ),
 ( #2536, #355, #4721 ),
 ( #696, #2951, #283 ) ),
 .UNSPECIFIED., .F., .F., .F. ) 
 B_SPLINE_SURFACE_WITH_KNOTS ( ( 4, 4 ),
 ( 3, 3 ),
 ( 0.008578066352056582314, 0.01772348889700775879 ),
 ( 0.000000000000000000, 1.000000000000000000 ),
 .UNSPECIFIED. ) 
 GEOMETRIC_REPRESENTATION_ITEM ( )  RATIONAL_B_SPLINE_SURFACE ( (
 ( 1.000000000000000000, 0.7071067811865490160, 1.000000000000000000),
 ( 1.000000000000000000, 0.7071067811865490160, 1.000000000000000000),
 ( 1.000000000000000000, 0.7071067811865466846, 1.000000000000000000),
 ( 1.000000000000000000, 0.7071067811865466846, 1.000000000000000000) ) ) 
 REPRESENTATION_ITEM ( '' )  SURFACE ( )  );
#4249 = DIRECTION ( 'NONE',  ( -0.000000000000000000, -0.000000000000000000, 1.000000000000000000 ) ) ;
#4250 = VECTOR ( 'NONE', #90, 1000.000000000000000 ) ;
#4251 = ORIENTED_EDGE ( 'NONE', *, *, #3416, .F. ) ;
#4252 = CARTESIAN_POINT ( 'NONE',  ( 4.473967898737030602, 39.85497188945802094, -1.793174831713565620 ) ) ;
#4253 = DIRECTION ( 'NONE',  ( 0.000000000000000000, 0.000000000000000000, 1.000000000000000000 ) ) ;
#4254 = AXIS2_PLACEMENT_3D ( 'NONE', #3277, #2552, #4275 ) ;
#4255 = EDGE_CURVE ( 'NONE', #2189, #4582, #2679, .T. ) ;
#4256 = VERTEX_POINT ( 'NONE', #3712 ) ;
#4257 = CARTESIAN_POINT ( 'NONE',  ( 10.16226774207625638, -0.5000000000000019984, -6.299999999999998934 ) ) ;
#4258 = EDGE_CURVE ( 'NONE', #2406, #1211, #3383, .T. ) ;
#4259 = CARTESIAN_POINT ( 'NONE',  ( 7.288394326820511360, 38.89945971469744990, -2.413691693394335314 ) ) ;
#4260 = CARTESIAN_POINT ( 'NONE',  ( -9.400000000000000355, 26.17423583211419214, -4.999999999999999112 ) ) ;
#4261 = FACE_OUTER_BOUND ( 'NONE', #2930, .T. ) ;
#4262 = CARTESIAN_POINT ( 'NONE',  ( -5.858595535625978457, 39.60374474276644463, -1.782195806756625256 ) ) ;
#4263 = EDGE_LOOP ( 'NONE', ( #3287, #4105, #1405, #1448 ) ) ;
#4264 = DIRECTION ( 'NONE',  ( 0.000000000000000000, -1.000000000000000000, 0.000000000000000000 ) ) ;
#4265 = EDGE_CURVE ( 'NONE', #4193, #3411, #1583, .T. ) ;
#4266 = ORIENTED_EDGE ( 'NONE', *, *, #4258, .F. ) ;
#4267 = CIRCLE ( 'NONE', #264, 0.5999999999999998668 ) ;
#4268 = LINE ( 'NONE', #2450, #2900 ) ;
#4269 = LINE ( 'NONE', #2784, #322 ) ;
#4270 = CARTESIAN_POINT ( 'NONE',  ( 11.49747046104544701, 24.44963513174066705, -27.70479026460918703 ) ) ;
#4271 = ORIENTED_EDGE ( 'NONE', *, *, #3976, .F. ) ;
#4272 = CARTESIAN_POINT ( 'NONE',  ( -0.3700719471850446030, 40.92903064662593948, -0.9311788547688630846 ) ) ;
#4273 = DIRECTION ( 'NONE',  ( -4.231032868236114432E-16, 0.000000000000000000, 1.000000000000000000 ) ) ;
#4274 = DIRECTION ( 'NONE',  ( -1.000000000000000000, 0.000000000000000000, 0.000000000000000000 ) ) ;
#4275 = DIRECTION ( 'NONE',  ( 1.000000000000000000, 0.000000000000000000, 0.000000000000000000 ) ) ;
#4276 = ORIENTED_EDGE ( 'NONE', *, *, #2065, .T. ) ;
#4277 = CARTESIAN_POINT ( 'NONE',  ( 11.24983602377057146, 26.20064617051595945, -10.66039763358670456 ) ) ;
#4278 = PLANE ( 'NONE',  #113 ) ;
#4279 = ADVANCED_FACE ( 'NONE', ( #1491 ), #1860, .F. ) ;
#4280 = EDGE_CURVE ( 'NONE', #172, #2189, #2607, .T. ) ;
#4281 = ORIENTED_EDGE ( 'NONE', *, *, #4591, .F. ) ;
#4282 = CARTESIAN_POINT ( 'NONE',  ( -10.49883878239732482, 3.732518944349630718, -25.25137005921800792 ) ) ;
#4283 = CARTESIAN_POINT ( 'NONE',  ( 10.13242123436075737, 35.53260937617653781, -4.600149868390880137 ) ) ;
#4284 = CARTESIAN_POINT ( 'NONE',  ( 9.495842282480209562, 37.00000000000000000, -1.999999999999997335 ) ) ;
#4285 = DIRECTION ( 'NONE',  ( 0.000000000000000000, 0.000000000000000000, 1.000000000000000000 ) ) ;
#4286 = DIRECTION ( 'NONE',  ( -1.000000000000000000, 0.000000000000000000, 0.000000000000000000 ) ) ;
#4287 = EDGE_CURVE ( 'NONE', #4256, #3737, #1882, .T. ) ;
#4288 = VECTOR ( 'NONE', #1856, 1000.000000000000000 ) ;
#4289 = EDGE_CURVE ( 'NONE', #4705, #2649, #832, .T. ) ;
#4290 = ORIENTED_EDGE ( 'NONE', *, *, #916, .F. ) ;
#4291 = CARTESIAN_POINT ( 'NONE',  ( -10.12336525866955483, -0.3237338446493255306, -27.72441801421753027 ) ) ;
#4292 = EDGE_LOOP ( 'NONE', ( #2937, #4499, #862, #2161 ) ) ;
#4293 = FACE_OUTER_BOUND ( 'NONE', #4613, .T. ) ;
#4294 = LINE ( 'NONE', #3530, #2404 ) ;
#4295 = FACE_OUTER_BOUND ( 'NONE', #1218, .T. ) ;
#4296 = VECTOR ( 'NONE', #286, 1000.000000000000114 ) ;
#4297 = ORIENTED_EDGE ( 'NONE', *, *, #1200, .T. ) ;
#4298 = CARTESIAN_POINT ( 'NONE',  ( -5.752034792551543596, 39.48533564142024233, -2.033219417910239191 ) ) ;
#4299 = VECTOR ( 'NONE', #3375, 1000.000000000000000 ) ;
#4300 = CARTESIAN_POINT ( 'NONE',  ( 9.699999999999999289, 31.97423583211418574, -4.999999999999999112 ) ) ;
#4301 = EDGE_CURVE ( 'NONE', #2058, #1512, #4447, .T. ) ;
#4302 = LINE ( 'NONE', #2865, #2690 ) ;
#4303 = CARTESIAN_POINT ( 'NONE',  ( 4.798244534931242811, 1.000000000000000000, -7.300000000000000711 ) ) ;
#4304 = ORIENTED_EDGE ( 'NONE', *, *, #2436, .F. ) ;
#4305 = CARTESIAN_POINT ( 'NONE',  ( 11.18408985625913665, 30.69002779527932390, -7.744959117703951179 ) ) ;
#4306 = CARTESIAN_POINT ( 'NONE',  ( -7.886019851780678103, 12.38708151454353867, -14.24630482599490833 ) ) ;
#4307 = ORIENTED_EDGE ( 'NONE', *, *, #3455, .T. ) ;
#4308 = DIRECTION ( 'NONE',  ( -1.240363457414543755E-11, 0.8386705679626400567, 0.5446390349885167348 ) ) ;
#4309 = CARTESIAN_POINT ( 'NONE',  ( 5.048851216160201716, 39.83665636536064625, -1.805069072138351549 ) ) ;
#4310 = CARTESIAN_POINT ( 'NONE',  ( 0.000000000000000000, 23.49900632774392406, -12.41486306156780195 ) ) ;
#4311 = CARTESIAN_POINT ( 'NONE',  ( -9.000000000000000000, 22.66033575979849957, -12.95950209658282937 ) ) ;
#4312 = CARTESIAN_POINT ( 'NONE',  ( -5.828705607365820995, 39.61324827293759654, -1.950151983717296700 ) ) ;
#4313 = ORIENTED_EDGE ( 'NONE', *, *, #927, .T. ) ;
#4314 = DIRECTION ( 'NONE',  ( 1.000000000000000000, 1.301042606982606307E-15, 0.000000000000000000 ) ) ;
#4315 = EDGE_LOOP ( 'NONE', ( #4594, #1293 ) ) ;
#4316 = VECTOR ( 'NONE', #4396, 1000.000000000000000 ) ;
#4317 = CARTESIAN_POINT ( 'NONE',  ( -8.932097949138677606, 9.960930650282413978, -8.612684830311801321 ) ) ;
#4318 = CARTESIAN_POINT ( 'NONE',  ( 23.00000000000000000, -7.500000000000002665, -24.35000000000000497 ) ) ;
#4319 = CARTESIAN_POINT ( 'NONE',  ( -11.13505961942749600, 11.73325704416438064, -25.75696505481393928 ) ) ;
#4320 = ORIENTED_EDGE ( 'NONE', *, *, #4144, .F. ) ;
#4321 = EDGE_CURVE ( 'NONE', #2952, #172, #1516, .T. ) ;
#4322 = CARTESIAN_POINT ( 'NONE',  ( -9.293907969846566530, 36.93838185972855115, -3.687230543264026661 ) ) ;
#4323 = CARTESIAN_POINT ( 'NONE',  ( 11.46924872222574798, 24.61762042587554689, -11.51429602126854945 ) ) ;
#4324 = CARTESIAN_POINT ( 'NONE',  ( -4.110054558260259228, 40.08461363044835224, -0.4380345039090918768 ) ) ;
#4325 = LINE ( 'NONE', #1753, #2188 ) ;
#4326 = VERTEX_POINT ( 'NONE', #107 ) ;
#4327 = EDGE_CURVE ( 'NONE', #2254, #1534, #3789, .T. ) ;
#4328 = CARTESIAN_POINT ( 'NONE',  ( 7.500000000000000888, 37.20710678118654613, -1.895126688468653953 ) ) ;
#4329 = EDGE_CURVE ( 'NONE', #1166, #1741, #2264, .T. ) ;
#4330 = B_SPLINE_CURVE_WITH_KNOTS ( 'NONE', 3,
 ( #2767, #148, #3130, #4226 ),
 .UNSPECIFIED., .F., .F.,
 ( 4, 4 ),
 ( 0.000000000000000000, 0.0001602729124257399836 ),
 .UNSPECIFIED. ) ;
#4331 = VECTOR ( 'NONE', #383, 1000.000000000000000 ) ;
#4332 = VERTEX_POINT ( 'NONE', #1593 ) ;
#4333 = FACE_OUTER_BOUND ( 'NONE', #1608, .T. ) ;
#4334 = EDGE_CURVE ( 'NONE', #3986, #2137, #3059, .T. ) ;
#4335 = CARTESIAN_POINT ( 'NONE',  ( 9.826179126003008690, 36.55610168191179810, -3.684568576336339163 ) ) ;
#4336 = DIRECTION ( 'NONE',  ( 0.000000000000000000, 0.000000000000000000, 1.000000000000000000 ) ) ;
#4337 = CARTESIAN_POINT ( 'NONE',  ( -10.66698293863744418, 35.04340308539255489, -0.3723725375075759292 ) ) ;
#4338 = CARTESIAN_POINT ( 'NONE',  ( 6.814156401845194111, 1.500000000000003553, -24.31645822793293732 ) ) ;
#4339 = AXIS2_PLACEMENT_3D ( 'NONE', #4542, #4612, #1246 ) ;
#4340 = B_SPLINE_CURVE_WITH_KNOTS ( 'NONE', 3,
 ( #407, #1112, #3339, #729, #1475, #3260, #1885, #677 ),
 .UNSPECIFIED., .F., .F.,
 ( 4, 2, 2, 4 ),
 ( 5.695602031460107606E-17, 0.0003916215469554168676, 0.0007832430939107767063, 0.001566486187821496600 ),
 .UNSPECIFIED. ) ;
#4341 = ORIENTED_EDGE ( 'NONE', *, *, #350, .F. ) ;
#4342 = DIRECTION ( 'NONE',  ( 1.000000000000000000, 0.000000000000000000, 0.000000000000000000 ) ) ;
#4343 = EDGE_LOOP ( 'NONE', ( #3699, #3832, #3419, #4390, #2773 ) ) ;
#4344 = PLANE ( 'NONE',  #4131 ) ;
#4345 = CARTESIAN_POINT ( 'NONE',  ( -9.183614012333535470, 37.40503900319773578, -1.794899127293962282 ) ) ;
#4346 = CYLINDRICAL_SURFACE ( 'NONE', #3908, 5.000000000000000888 ) ;
#4347 = ADVANCED_FACE ( 'NONE', ( #2655 ), #3336, .F. ) ;
#4348 = VECTOR ( 'NONE', #540, 1000.000000000000000 ) ;
#4349 = ORIENTED_EDGE ( 'NONE', *, *, #623, .T. ) ;
#4350 = AXIS2_PLACEMENT_3D ( 'NONE', #2200, #806, #1137 ) ;
#4351 = CARTESIAN_POINT ( 'NONE',  ( -8.904918127400264893, 37.40636905729284223, -3.383316103646585749 ) ) ;
#4352 = CARTESIAN_POINT ( 'NONE',  ( 9.298117831235684448E-15, -7.500000000000002665, -26.80000000000000071 ) ) ;
#4353 = EDGE_CURVE ( 'NONE', #4582, #3549, #820, .T. ) ;
#4354 = EDGE_CURVE ( 'NONE', #2537, #4711, #2449, .T. ) ;
#4355 = CARTESIAN_POINT ( 'NONE',  ( 11.49671617256383627, 24.42333313528381211, -11.45129953120338229 ) ) ;
#4356 = APPROVAL_PERSON_ORGANIZATION ( #563, #490, #4583 ) ;
#4357 = LINE ( 'NONE', #2117, #2501 ) ;
#4358 = EDGE_LOOP ( 'NONE', ( #1307, #1547, #1942, #3184 ) ) ;
#4359 = CARTESIAN_POINT ( 'NONE',  ( 11.49976275841742712, 24.52985140741887449, -1.999999999999994893 ) ) ;
#4360 = AXIS2_PLACEMENT_3D ( 'NONE', #4670, #3105, #1662 ) ;
#4361 = EDGE_LOOP ( 'NONE', ( #2899, #1247 ) ) ;
#4362 = CARTESIAN_POINT ( 'NONE',  ( 1.798244534888601809, 1.000000000000000000, -7.299999999999999822 ) ) ;
#4363 = EDGE_LOOP ( 'NONE', ( #4598, #899, #3196, #833, #2787, #1320, #2042, #4239, #2170, #1442 ) ) ;
#4364 = LINE ( 'NONE', #4428, #4296 ) ;
#4365 = CARTESIAN_POINT ( 'NONE',  ( 9.735423848917200473, 36.83013567637613761, -0.3723725375075759292 ) ) ;
#4366 = ORIENTED_EDGE ( 'NONE', *, *, #3982, .T. ) ;
#4367 = FACE_OUTER_BOUND ( 'NONE', #3526, .T. ) ;
#4368 = VERTEX_POINT ( 'NONE', #1995 ) ;
#4369 = AXIS2_PLACEMENT_3D ( 'NONE', #3081, #1195, #535 ) ;
#4370 = CARTESIAN_POINT ( 'NONE',  ( -0.3697168093677518086, 40.92911082999768269, -0.9311330316787340688 ) ) ;
#4371 = PLANE ( 'NONE',  #4501 ) ;
#4372 = CARTESIAN_POINT ( 'NONE',  ( 10.59999999999999964, 26.17423583211419214, -4.999999999999999112 ) ) ;
#4373 = VERTEX_POINT ( 'NONE', #3487 ) ;
#4374 = ORIENTED_EDGE ( 'NONE', *, *, #2572, .T. ) ;
#4375 = CARTESIAN_POINT ( 'NONE',  ( 1.798244534888601809, 1.000000000000000000, -7.299999999999999822 ) ) ;
#4376 = CARTESIAN_POINT ( 'NONE',  ( -8.508081750353412076, 8.393960852174348730, -8.097438221238837386 ) ) ;
#4377 = AXIS2_PLACEMENT_3D ( 'NONE', #667, #1729, #225 ) ;
#4378 = CARTESIAN_POINT ( 'NONE',  ( -13.91063566050613431, 1.499999999999996891, -21.31645822793294442 ) ) ;
#4379 = DIRECTION ( 'NONE',  ( 0.000000000000000000, 0.5446390350150284165, -0.8386705679454231621 ) ) ;
#4380 = EDGE_LOOP ( 'NONE', ( #1097, #4754, #2448, #1558 ) ) ;
#4381 = VECTOR ( 'NONE', #11, 1000.000000000000000 ) ;
#4382 = CARTESIAN_POINT ( 'NONE',  ( 4.798244534931242811, 0.000000000000000000, -6.299999999999999822 ) ) ;
#4383 = CARTESIAN_POINT ( 'NONE',  ( 7.000000000000000000, 37.00000000000000000, -1.999999999999997335 ) ) ;
#4384 = CARTESIAN_POINT ( 'NONE',  ( -4.095406652196388997, 40.08802976367241655, -1.576105235759075684 ) ) ;
#4385 = EDGE_LOOP ( 'NONE', ( #853, #339, #418, #1861 ) ) ;
#4386 = LINE ( 'NONE', #2151, #1374 ) ;
#4387 = CARTESIAN_POINT ( 'NONE',  ( 5.375357163944682881, 39.75340698474035861, -0.3723725375075759292 ) ) ;
#4388 = EDGE_LOOP ( 'NONE', ( #108, #1414, #3827, #3893 ) ) ;
#4389 = CARTESIAN_POINT ( 'NONE',  ( -7.500000000000000888, 37.20710678118654613, -1.895126688468653953 ) ) ;
#4390 = ORIENTED_EDGE ( 'NONE', *, *, #4641, .F. ) ;
#4391 = DIRECTION ( 'NONE',  ( 0.000000000000000000, 0.8386705679454227180, 0.5446390350150290827 ) ) ;
#4392 = DIRECTION ( 'NONE',  ( 0.000000000000000000, 0.000000000000000000, 1.000000000000000000 ) ) ;
#4393 = FACE_OUTER_BOUND ( 'NONE', #3292, .T. ) ;
#4394 = EDGE_LOOP ( 'NONE', ( #2234, #815, #2543, #3402 ) ) ;
#4395 = ORIENTED_EDGE ( 'NONE', *, *, #1726, .F. ) ;
#4396 = DIRECTION ( 'NONE',  ( -1.000000000000000000, 0.000000000000000000, 0.000000000000000000 ) ) ;
#4397 = CARTESIAN_POINT ( 'NONE',  ( -9.218094177638786135, 19.39047768947929740, -8.505882878503490119 ) ) ;
#4398 = CARTESIAN_POINT ( 'NONE',  ( 10.71081417563550353, 7.165401252652958242, -8.135911207704372927 ) ) ;
#4399 = B_SPLINE_CURVE_WITH_KNOTS ( 'NONE', 3,
 ( #2388, #3861, #3212, #2778, #180, #4652, #1692, #3498, #2803, #3139 ),
 .UNSPECIFIED., .F., .F.,
 ( 4, 3, 3, 4 ),
 ( 0.000000000000000000, 0.4267648399688319105, 0.7133666503527037461, 1.000000000000000000 ),
 .UNSPECIFIED. ) ;
#4400 = CARTESIAN_POINT ( 'NONE',  ( -5.999999999999998224, -7.500000000000002665, -21.80000000000000426 ) ) ;
#4401 = DIRECTION ( 'NONE',  ( 0.000000000000000000, 0.000000000000000000, -1.000000000000000000 ) ) ;
#4402 = VERTEX_POINT ( 'NONE', #3465 ) ;
#4403 = LINE ( 'NONE', #1488, #442 ) ;
#4404 = CARTESIAN_POINT ( 'NONE',  ( 7.000000000000000000, 37.00000000000000000, -1.999999999999997335 ) ) ;
#4405 = DIRECTION ( 'NONE',  ( 1.734723475976805517E-15, -0.000000000000000000, -1.000000000000000000 ) ) ;
#4406 = ORIENTED_EDGE ( 'NONE', *, *, #4537, .F. ) ;
#4407 = CARTESIAN_POINT ( 'NONE',  ( 10.43743636266770736, 23.49999999999999289, -10.02949117776097410 ) ) ;
#4408 = CARTESIAN_POINT ( 'NONE',  ( -11.49976275841742712, 24.52985140741887449, -2.000000000000008882 ) ) ;
#4409 = ADVANCED_FACE ( 'NONE', ( #226 ), #4562, .T. ) ;
#4410 = EDGE_CURVE ( 'NONE', #710, #3551, #4330, .T. ) ;
#4411 = DIRECTION ( 'NONE',  ( 0.000000000000000000, 0.000000000000000000, 1.000000000000000000 ) ) ;
#4412 = VECTOR ( 'NONE', #477, 1000.000000000000000 ) ;
#4413 = LINE ( 'NONE', #3342, #2277 ) ;
#4414 = CARTESIAN_POINT ( 'NONE',  ( -10.28510556250432373, 19.02029863694501088, -9.938643258199114427 ) ) ;
#4415 = EDGE_LOOP ( 'NONE', ( #5, #2502 ) ) ;
#4416 = VERTEX_POINT ( 'NONE', #4585 ) ;
#4417 = CARTESIAN_POINT ( 'NONE',  ( 0.3256622836013414179, 40.79489769871325677, -1.182779874140901466 ) ) ;
#4418 = CARTESIAN_POINT ( 'NONE',  ( -13.91063566050613431, -0.5000000000000023315, -25.61527341432796945 ) ) ;
#4419 = CYLINDRICAL_SURFACE ( 'NONE', #3612, 0.5000000000000001110 ) ;
#4420 = CARTESIAN_POINT ( 'NONE',  ( 13.00000000000000178, -7.500000000000002665, -11.29999999999999005 ) ) ;
#4421 = EDGE_LOOP ( 'NONE', ( #3035, #1601, #1038, #3018 ) ) ;
#4422 = CARTESIAN_POINT ( 'NONE',  ( 11.37873220641188254, 20.76035487735020624, -2.065833906078531790 ) ) ;
#4423 = CARTESIAN_POINT ( 'NONE',  ( 7.500000000000000000, 37.50000000000000000, -1.746813428970050097 ) ) ;
#4424 = EDGE_CURVE ( 'NONE', #2336, #2278, #127, .T. ) ;
#4425 = B_SPLINE_SURFACE_WITH_KNOTS ( 'NONE', 3, 1, ( 
 ( #1474, #4407 ),
 ( #2584, #66 ),
 ( #2294, #1199 ),
 ( #4119, #1679 ),
 ( #4521, #3814 ),
 ( #4500, #1156 ),
 ( #3385, #87 ),
 ( #2337, #2681 ),
 ( #2239, #2657 ),
 ( #3714, #1518 ) ),
 .UNSPECIFIED., .F., .F., .F.,
 ( 4, 3, 3, 4 ),
 ( 2, 2 ),
 ( 0.000000000000000000, 0.4267648399688319105, 0.7133666503527037461, 1.000000000000000000 ),
 ( 0.000000000000000000, 1.000000000000000000 ),
 .UNSPECIFIED. ) ;
#4426 = CARTESIAN_POINT ( 'NONE',  ( -9.987912263741423047, 8.267273453189037724, -7.902356734012844441 ) ) ;
#4427 = ORIENTED_EDGE ( 'NONE', *, *, #2445, .F. ) ;
#4428 = CARTESIAN_POINT ( 'NONE',  ( 4.845157327051643037, 39.91864139176239945, -0.5220783879072155020 ) ) ;
#4429 = DIRECTION ( 'NONE',  ( -1.000000000000000000, 0.000000000000000000, 0.000000000000000000 ) ) ;
#4430 = VECTOR ( 'NONE', #2018, 1000.000000000000000 ) ;
#4431 = DIRECTION ( 'NONE',  ( -3.469446951953613696E-16, 0.000000000000000000, 1.000000000000000000 ) ) ;
#4432 = CARTESIAN_POINT ( 'NONE',  ( -11.46555152796466182, 23.37419941085109798, -10.11118703540967623 ) ) ;
#4433 = FACE_OUTER_BOUND ( 'NONE', #4292, .T. ) ;
#4434 = EDGE_CURVE ( 'NONE', #3623, #3765, #4186, .T. ) ;
#4435 = CARTESIAN_POINT ( 'NONE',  ( 10.59999999999999964, 26.17423583211419214, -1.999999999999999556 ) ) ;
#4436 = EDGE_LOOP ( 'NONE', ( #263, #2566, #4041, #504 ) ) ;
#4437 = ORIENTED_EDGE ( 'NONE', *, *, #1779, .T. ) ;
#4438 = DIRECTION ( 'NONE',  ( 1.000000000000000000, 0.000000000000000000, 0.000000000000000000 ) ) ;
#4439 = FACE_OUTER_BOUND ( 'NONE', #3747, .T. ) ;
#4440 = CARTESIAN_POINT ( 'NONE',  ( -8.395324714913879660, 8.347675838945377791, -8.026165551024549316 ) ) ;
#4441 = LINE ( 'NONE', #3352, #4381 ) ;
#4442 = VERTEX_POINT ( 'NONE', #2400 ) ;
#4443 = ORIENTED_EDGE ( 'NONE', *, *, #1495, .F. ) ;
#4444 = DIRECTION ( 'NONE',  ( 0.000000000000000000, 0.000000000000000000, -1.000000000000000000 ) ) ;
#4445 = PLANE ( 'NONE',  #1219 ) ;
#4446 = AXIS2_PLACEMENT_3D ( 'NONE', #1132, #2538, #4336 ) ;
#4447 = LINE ( 'NONE', #37, #2026 ) ;
#4448 = VERTEX_POINT ( 'NONE', #904 ) ;
#4449 = DIRECTION ( 'NONE',  ( 1.000000000000000000, -0.000000000000000000, 0.000000000000000000 ) ) ;
#4450 = AXIS2_PLACEMENT_3D ( 'NONE', #3303, #1465, #3727 ) ;
#4451 = CARTESIAN_POINT ( 'NONE',  ( 8.137303726946290894, 38.35423683741693424, -2.566307112754734110 ) ) ;
#4452 = CARTESIAN_POINT ( 'NONE',  ( -9.999999999999998224, -0.5000000000000019984, -26.80000000000000426 ) ) ;
#4453 = CARTESIAN_POINT ( 'NONE',  ( 11.37760400658596183, 20.26720294647360987, -14.14878016967648833 ) ) ;
#4454 = CARTESIAN_POINT ( 'NONE',  ( -10.00000000000000355, -7.500000000000002665, -11.29999999999998828 ) ) ;
#4455 = CARTESIAN_POINT ( 'NONE',  ( -13.00000000000000533, -7.500000000000002665, -11.29999999999999005 ) ) ;
#4456 = ORIENTED_EDGE ( 'NONE', *, *, #3816, .T. ) ;
#4457 = ORIENTED_EDGE ( 'NONE', *, *, #1009, .F. ) ;
#4458 = CC_DESIGN_PERSON_AND_ORGANIZATION_ASSIGNMENT ( #3055, #2330, ( #3439 ) ) ;
#4459 = CARTESIAN_POINT ( 'NONE',  ( -10.50000000000000178, -7.500000000000001776, -15.39999999999998970 ) ) ;
#4460 = DIRECTION ( 'NONE',  ( -0.000000000000000000, -0.000000000000000000, -1.000000000000000000 ) ) ;
#4461 = DIRECTION ( 'NONE',  ( -1.000000000000000000, 0.000000000000000000, -0.000000000000000000 ) ) ;
#4462 = B_SPLINE_SURFACE_WITH_KNOTS ( 'NONE', 3, 1, ( 
 ( #1828, #4397 ),
 ( #2251, #2644 ),
 ( #1916, #3394 ),
 ( #1529, #77 ) ),
 .UNSPECIFIED., .F., .F., .F.,
 ( 4, 4 ),
 ( 2, 2 ),
 ( 0.1632347528947660220, 0.5067322160009318788 ),
 ( 0.000000000000000000, 1.000000000000000000 ),
 .UNSPECIFIED. ) ;
#4463 = EDGE_CURVE ( 'NONE', #2073, #2935, #2965, .T. ) ;
#4464 = CARTESIAN_POINT ( 'NONE',  ( 0.000000000000000000, 1.000000000000000000, 0.000000000000000000 ) ) ;
#4465 = EDGE_CURVE ( 'NONE', #4118, #1092, #2379, .T. ) ;
#4466 = EDGE_LOOP ( 'NONE', ( #1279, #1052, #2146, #2698 ) ) ;
#4467 = FACE_OUTER_BOUND ( 'NONE', #1912, .T. ) ;
#4468 = VERTEX_POINT ( 'NONE', #4168 ) ;
#4469 = VECTOR ( 'NONE', #197, 1000.000000000000000 ) ;
#4470 = CARTESIAN_POINT ( 'NONE',  ( -10.00000000000000178, -7.500000000000002665, -24.35000000000000497 ) ) ;
#4471 = EDGE_CURVE ( 'NONE', #3158, #3509, #2015, .T. ) ;
#4472 = ADVANCED_FACE ( 'NONE', ( #537 ), #3082, .T. ) ;
#4473 = CARTESIAN_POINT ( 'NONE',  ( 10.00000000000000178, -12.50000000000000178, -26.79999999999999716 ) ) ;
#4474 = EDGE_LOOP ( 'NONE', ( #454, #2181, #3434, #2248 ) ) ;
#4475 = CARTESIAN_POINT ( 'NONE',  ( -8.138099453108981862, 38.35368877597461079, -2.566649414976285293 ) ) ;
#4476 = LINE ( 'NONE', #1596, #4055 ) ;
#4477 = EDGE_CURVE ( 'NONE', #491, #86, #98, .T. ) ;
#4478 = CARTESIAN_POINT ( 'NONE',  ( -10.18213846351488527, -0.2501175239316897891, -6.299999999999999822 ) ) ;
#4479 = CARTESIAN_POINT ( 'NONE',  ( -11.16815444033531080, 15.56570220537248694, -5.330329684672629575 ) ) ;
#4480 = CARTESIAN_POINT ( 'NONE',  ( -8.924739671973794586, 37.65836706428124359, -3.219666684436490733 ) ) ;
#4481 = ORIENTED_EDGE ( 'NONE', *, *, #1404, .T. ) ;
#4482 = ORIENTED_EDGE ( 'NONE', *, *, #2505, .T. ) ;
#4483 = VECTOR ( 'NONE', #2848, 1000.000000000000000 ) ;
#4484 = ORIENTED_EDGE ( 'NONE', *, *, #555, .F. ) ;
#4485 = LINE ( 'NONE', #4534, #3333 ) ;
#4486 = DIRECTION ( 'NONE',  ( 0.000000000000000000, 0.000000000000000000, 1.000000000000000000 ) ) ;
#4487 = B_SPLINE_CURVE_WITH_KNOTS ( 'NONE', 3,
 ( #3274, #4021, #4734, #421, #4758, #1874, #1851, #1895, #2940, #4398, #3374, #1144 ),
 .UNSPECIFIED., .F., .F.,
 ( 4, 2, 2, 2, 2, 4 ),
 ( 1.341078817835400057E-14, 0.004433413080091980554, 0.008866826160170543022, 0.01108353270020982599, 0.01330023924024910896, 0.01773365232032766969 ),
 .UNSPECIFIED. ) ;
#4488 = EDGE_CURVE ( 'NONE', #2540, #2570, #4103, .T. ) ;
#4489 = CARTESIAN_POINT ( 'NONE',  ( -12.65701411347340688, -0.03660828949549201766, -27.69906990457358731 ) ) ;
#4490 = AXIS2_PLACEMENT_3D ( 'NONE', #1853, #3014, #4140 ) ;
#4491 = CARTESIAN_POINT ( 'NONE',  ( -10.01637758496397090, -0.1670145805334906086, -27.75581224278109360 ) ) ;
#4492 = ORIENTED_EDGE ( 'NONE', *, *, #571, .T. ) ;
#4493 = ORIENTED_EDGE ( 'NONE', *, *, #1710, .T. ) ;
#4494 = EDGE_CURVE ( 'NONE', #799, #2183, #199, .T. ) ;
#4495 = CARTESIAN_POINT ( 'NONE',  ( -9.739854145008290942, 7.755190306436008818, -17.25429014600818078 ) ) ;
#4496 = EDGE_CURVE ( 'NONE', #2761, #1883, #3831, .T. ) ;
#4497 = CARTESIAN_POINT ( 'NONE',  ( -9.253931163224624612, 8.267273453146446016, -7.902356734048755271 ) ) ;
#4498 = AXIS2_PLACEMENT_3D ( 'NONE', #597, #1269, #4208 ) ;
#4499 = ORIENTED_EDGE ( 'NONE', *, *, #545, .F. ) ;
#4500 = CARTESIAN_POINT ( 'NONE',  ( 9.859349937316929768, 9.903379311217221925, -15.85923989476115104 ) ) ;
#4501 = AXIS2_PLACEMENT_3D ( 'NONE', #1070, #1498, #1094 ) ;
#4502 = CARTESIAN_POINT ( 'NONE',  ( -9.495842282480213115, 37.00000000000000000, -1.999999999999997335 ) ) ;
#4503 = CARTESIAN_POINT ( 'NONE',  ( -0.4845219493680979483, 40.75903020442365232, -1.206072497281533540 ) ) ;
#4504 = CARTESIAN_POINT ( 'NONE',  ( 0.1854292832865875595, 40.94965655536967120, -0.9193915876221309125 ) ) ;
#4505 = LOCAL_TIME ( 15, 39, 6.000000000000000000, #879 ) ;
#4506 = CARTESIAN_POINT ( 'NONE',  ( 11.49976275841742712, 24.52985140741887449, -1.999999999999994893 ) ) ;
#4507 = CARTESIAN_POINT ( 'NONE',  ( -11.33921826768684760, 31.99707437320806136, -6.563675673809655109 ) ) ;
#4508 = ORIENTED_EDGE ( 'NONE', *, *, #1196, .T. ) ;
#4509 = ORIENTED_EDGE ( 'NONE', *, *, #267, .F. ) ;
#4510 = ADVANCED_FACE ( 'NONE', ( #3811 ), #2432, .T. ) ;
#4511 = FACE_BOUND ( 'NONE', #2132, .T. ) ;
#4512 = DIRECTION ( 'NONE',  ( 1.000000000000000000, 0.000000000000000000, 0.000000000000000000 ) ) ;
#4513 = LINE ( 'NONE', #4198, #688 ) ;
#4514 = ORIENTED_EDGE ( 'NONE', *, *, #1510, .T. ) ;
#4515 = PERSON_AND_ORGANIZATION_ROLE ( 'design_owner' ) ;
#4516 = ORIENTED_EDGE ( 'NONE', *, *, #4301, .T. ) ;
#4517 = CIRCLE ( 'NONE', #362, 2.550000000000000266 ) ;
#4518 = PLANE ( 'NONE',  #4369 ) ;
#4519 = LINE ( 'NONE', #4070, #3723 ) ;
#4520 = ORIENTED_EDGE ( 'NONE', *, *, #15, .T. ) ;
#4521 = CARTESIAN_POINT ( 'NONE',  ( 9.972549269988391529, 12.00507784182656401, -14.49438091019388608 ) ) ;
#4522 = VECTOR ( 'NONE', #3367, 1000.000000000000000 ) ;
#4523 = CARTESIAN_POINT ( 'NONE',  ( 11.56347130383185018, 28.33864963012368321, -8.916232692137349147 ) ) ;
#4524 = AXIS2_PLACEMENT_3D ( 'NONE', #405, #4449, #2702 ) ;
#4525 = LINE ( 'NONE', #1160, #4643 ) ;
#4526 = ORIENTED_EDGE ( 'NONE', *, *, #2771, .F. ) ;
#4527 = CIRCLE ( 'NONE', #1151, 2.550000000000000266 ) ;
#4528 = CARTESIAN_POINT ( 'NONE',  ( -9.987912263741423047, 8.267273453189037724, -7.902356734012844441 ) ) ;
#4529 = CARTESIAN_POINT ( 'NONE',  ( -10.68024721413097389, 33.95871015147725558, -5.622251975838275406 ) ) ;
#4530 = ORIENTED_EDGE ( 'NONE', *, *, #2377, .F. ) ;
#4531 = AXIS2_PLACEMENT_3D ( 'NONE', #925, #558, #3554 ) ;
#4532 = ORIENTED_EDGE ( 'NONE', *, *, #3786, .T. ) ;
#4533 =( BOUNDED_SURFACE ( )  B_SPLINE_SURFACE ( 3, 2, ( 
 ( #4016, #736, #759 ),
 ( #851, #1278, #3838 ),
 ( #3798, #1643, #1235 ),
 ( #3070, #481, #136 ),
 ( #523, #2323, #4215 ),
 ( #3112, #2687, #2003 ),
 ( #1184, #918, #2707 ),
 ( #4507, #1621, #1961 ),
 ( #3408, #1600, #2363 ),
 ( #3089, #3432, #4529 ),
 ( #4573, #3473, #4156 ),
 ( #461, #2389, #1938 ),
 ( #2753, #2302, #115 ),
 ( #1575, #4175, #871 ),
 ( #829, #3862, #3024 ),
 ( #4548, #1207, #501 ),
 ( #549, #1252, #3390 ),
 ( #2664, #72, #2343 ),
 ( #1546, #4480, #2729 ),
 ( #3820, #4129, #93 ),
 ( #891, #3768, #1980 ),
 ( #3047, #3453, #4192 ),
 ( #158, #2048, #3959 ),
 ( #4262, #4312, #209 ),
 ( #181, #2779, #987 ),
 ( #3571, #2492, #1670 ) ),
 .UNSPECIFIED., .F., .F., .T. ) 
 B_SPLINE_SURFACE_WITH_KNOTS ( ( 4, 2, 2, 2, 2, 2, 2, 2, 2, 2, 2, 2, 4 ),
 ( 3, 3 ),
 ( 0.06022885244412731764, 0.06289185663570578955, 0.06555486082728424757, 0.06821786501886270560, 0.07088086921044117750, 0.07221237130623039957, 0.07354387340201963552, 0.07487537549780887147, 0.07554112654570348251, 0.07620687759359809355, 0.07753837968938732950, 0.07886988178517656545, 0.08153288597675502347 ),
 ( 0.000000000000000000, 1.000000000000000000 ),
 .UNSPECIFIED. ) 
 GEOMETRIC_REPRESENTATION_ITEM ( )  RATIONAL_B_SPLINE_SURFACE ( (
 ( 1.000000000000000000, 0.7006632365892737635, 1.000000000000000000),
 ( 1.000000000000000000, 0.7015526464996326705, 1.000000000000000000),
 ( 1.000000000000000000, 0.7027191978339655254, 1.000000000000000000),
 ( 1.000000000000000000, 0.7064049931201723531, 1.000000000000000000),
 ( 1.000000000000000000, 0.7087929187241631679, 1.000000000000000000),
 ( 1.000000000000000000, 0.7154790461752033037, 1.000000000000000000),
 ( 1.000000000000000000, 0.7197690904871364426, 1.000000000000000000),
 ( 1.000000000000000000, 0.7316443619022349187, 1.000000000000000000),
 ( 1.000000000000000000, 0.7391698798911671142, 1.000000000000000000),
 ( 1.000000000000000000, 0.7543714082400808651, 1.000000000000000000),
 ( 1.000000000000000000, 0.7601105440403528313, 1.000000000000000000),
 ( 1.000000000000000000, 0.7730560902312866300, 1.000000000000000000),
 ( 1.000000000000000000, 0.7802036347064187360, 1.000000000000000000),
 ( 1.000000000000000000, 0.7952694614478266200, 1.000000000000000000),
 ( 1.000000000000000000, 0.8032285207719297437, 1.000000000000000000),
 ( 1.000000000000000000, 0.8151535037412723783, 1.000000000000000000),
 ( 1.000000000000000000, 0.8191123339691949168, 1.000000000000000000),
 ( 1.000000000000000000, 0.8267023959835263502, 1.000000000000000000),
 ( 1.000000000000000000, 0.8303435208541227741, 1.000000000000000000),
 ( 1.000000000000000000, 0.8406676997865106804, 1.000000000000000000),
 ( 1.000000000000000000, 0.8467654395343383600, 1.000000000000000000),
 ( 1.000000000000000000, 0.8567087998431784923, 1.000000000000000000),
 ( 1.000000000000000000, 0.8606460926557094604, 1.000000000000000000),
 ( 1.000000000000000000, 0.8698531588956962546, 1.000000000000000000),
 ( 1.000000000000000000, 0.8729269269551284127, 1.000000000000000000),
 ( 1.000000000000000000, 0.8747499980807115216, 1.000000000000000000) ) ) 
 REPRESENTATION_ITEM ( '' )  SURFACE ( )  );
#4534 = CARTESIAN_POINT ( 'NONE',  ( -13.91063566050613431, -0.5000000000000023315, -25.61527341432796945 ) ) ;
#4535 = DIRECTION ( 'NONE',  ( 0.000000000000000000, 0.000000000000000000, -1.000000000000000000 ) ) ;
#4536 = DIRECTION ( 'NONE',  ( -1.000000000000000000, 0.000000000000000000, 0.000000000000000000 ) ) ;
#4537 = EDGE_CURVE ( 'NONE', #2780, #2067, #2262, .T. ) ;
#4538 = ORIENTED_EDGE ( 'NONE', *, *, #3416, .T. ) ;
#4539 = ORIENTED_EDGE ( 'NONE', *, *, #3627, .F. ) ;
#4540 = DIRECTION ( 'NONE',  ( 0.000000000000000000, 1.734723475976806700E-15, 1.000000000000000000 ) ) ;
#4541 = AXIS2_PLACEMENT_3D ( 'NONE', #2060, #245, #1725 ) ;
#4542 = CARTESIAN_POINT ( 'NONE',  ( 7.000000000000000000, 37.50000000000000000, -0.4999999999999995559 ) ) ;
#4543 = VERTEX_POINT ( 'NONE', #4692 ) ;
#4544 = DIRECTION ( 'NONE',  ( 0.000000000000000000, 0.000000000000000000, 1.000000000000000000 ) ) ;
#4545 = CARTESIAN_POINT ( 'NONE',  ( -10.15370968492659998, -0.6076210804674059274, -27.69673739080305808 ) ) ;
#4546 = ORIENTED_EDGE ( 'NONE', *, *, #267, .T. ) ;
#4547 = CARTESIAN_POINT ( 'NONE',  ( -8.886940626053535297, 11.84244247932038796, -13.40763425756773763 ) ) ;
#4548 = CARTESIAN_POINT ( 'NONE',  ( -9.534712298921133922, 36.95414195703992988, -3.436944064233554474 ) ) ;
#4549 = EDGE_CURVE ( 'NONE', #1687, #2648, #169, .T. ) ;
#4550 = EDGE_LOOP ( 'NONE', ( #3262, #2105 ) ) ;
#4551 = ORIENTED_EDGE ( 'NONE', *, *, #1726, .T. ) ;
#4552 = CARTESIAN_POINT ( 'NONE',  ( -9.999999999999998224, -0.5000000000000019984, -26.80000000000000426 ) ) ;
#4553 = DIRECTION ( 'NONE',  ( 0.000000000000000000, 0.000000000000000000, 1.000000000000000000 ) ) ;
#4554 = CARTESIAN_POINT ( 'NONE',  ( -9.999999999999998224, -12.50000000000000178, -26.80000000000000426 ) ) ;
#4555 = CIRCLE ( 'NONE', #2496, 4.999999999999992006 ) ;
#4556 = ORIENTED_EDGE ( 'NONE', *, *, #2924, .T. ) ;
#4557 = PERSON_AND_ORGANIZATION ( #1576, #3741 ) ;
#4558 = EDGE_LOOP ( 'NONE', ( #3122, #57, #335, #4680 ) ) ;
#4559 = VECTOR ( 'NONE', #931, 1000.000000000000000 ) ;
#4560 = DIRECTION ( 'NONE',  ( -1.000000000000000000, 0.000000000000000000, -3.384826294588891940E-16 ) ) ;
#4561 = EDGE_CURVE ( 'NONE', #2761, #3900, #1573, .T. ) ;
#4562 = PLANE ( 'NONE',  #3728 ) ;
#4563 = ORIENTED_EDGE ( 'NONE', *, *, #4329, .F. ) ;
#4564 = DIRECTION ( 'NONE',  ( 0.000000000000000000, 0.000000000000000000, -1.000000000000000000 ) ) ;
#4565 = EDGE_CURVE ( 'NONE', #3433, #3880, #4357, .T. ) ;
#4566 = FACE_OUTER_BOUND ( 'NONE', #2837, .T. ) ;
#4567 = VECTOR ( 'NONE', #857, 1000.000000000000000 ) ;
#4568 = EDGE_LOOP ( 'NONE', ( #2680, #4173, #2990, #415 ) ) ;
#4569 = DIRECTION ( 'NONE',  ( -0.2202372497127702555, 0.9754463357043045013, 0.000000000000000000 ) ) ;
#4570 = CYLINDRICAL_SURFACE ( 'NONE', #2665, 0.6000000000000103029 ) ;
#4571 = CARTESIAN_POINT ( 'NONE',  ( -9.314156401845188782, -2.105289773866326097, -24.27303419708717769 ) ) ;
#4572 = CARTESIAN_POINT ( 'NONE',  ( -11.27982152707024355, 18.13690822369327194, -3.867786038514644087 ) ) ;
#4573 = CARTESIAN_POINT ( 'NONE',  ( -10.86687664774677486, 34.24677465156322143, -5.133078393410274387 ) ) ;
#4574 = EDGE_LOOP ( 'NONE', ( #2618, #3533 ) ) ;
#4575 = VECTOR ( 'NONE', #1467, 1000.000000000000000 ) ;
#4576 = CARTESIAN_POINT ( 'NONE',  ( -10.09883418815567602, -0.2834673678891047599, -27.73828506418980311 ) ) ;
#4577 = ORIENTED_EDGE ( 'NONE', *, *, #3006, .F. ) ;
#4578 = EDGE_CURVE ( 'NONE', #4711, #3829, #4325, .T. ) ;
#4579 = FACE_OUTER_BOUND ( 'NONE', #2689, .T. ) ;
#4580 = CARTESIAN_POINT ( 'NONE',  ( 4.500000000000003553, -0.4999999999999854561, -22.61527341432795879 ) ) ;
#4581 = VECTOR ( 'NONE', #3819, 1000.000000000000000 ) ;
#4582 = VERTEX_POINT ( 'NONE', #2866 ) ;
#4583 = APPROVAL_ROLE ( '' ) ;
#4584 = DIRECTION ( 'NONE',  ( 0.000000000000000000, -1.000000000000000000, -5.480694194524167193E-17 ) ) ;
#4585 = CARTESIAN_POINT ( 'NONE',  ( -11.19992924043947902, 24.70323619037218066, -11.63282704482181984 ) ) ;
#4586 = AXIS2_PLACEMENT_3D ( 'NONE', #4017, #2180, #3653 ) ;
#4587 = ORIENTED_EDGE ( 'NONE', *, *, #2650, .F. ) ;
#4588 = CARTESIAN_POINT ( 'NONE',  ( 6.000000000000000000, -0.5000000000000019984, -26.80000000000000071 ) ) ;
#4589 = CARTESIAN_POINT ( 'NONE',  ( -8.349705238880867242, 19.93511672472134677, -9.344553446836702193 ) ) ;
#4590 = ADVANCED_FACE ( 'NONE', ( #278 ), #2142, .T. ) ;
#4591 = EDGE_CURVE ( 'NONE', #3376, #2969, #4025, .T. ) ;
#4592 = ORIENTED_EDGE ( 'NONE', *, *, #4144, .T. ) ;
#4593 = CARTESIAN_POINT ( 'NONE',  ( -10.46288648205542415, 7.919360379874739841, -22.53240343944300150 ) ) ;
#4594 = ORIENTED_EDGE ( 'NONE', *, *, #198, .F. ) ;
#4595 = CARTESIAN_POINT ( 'NONE',  ( -6.500000000000000888, 37.20710678118654613, -1.895126688468653953 ) ) ;
#4596 = CARTESIAN_POINT ( 'NONE',  ( -8.368897388954367855, 38.28097323478939273, -11.44735753722967964 ) ) ;
#4597 = DIRECTION ( 'NONE',  ( 0.000000000000000000, 0.000000000000000000, -1.000000000000000000 ) ) ;
#4598 = ORIENTED_EDGE ( 'NONE', *, *, #661, .F. ) ;
#4599 = CARTESIAN_POINT ( 'NONE',  ( -11.19303845179054235, 24.46347748088117413, -11.78852817130053943 ) ) ;
#4600 = VERTEX_POINT ( 'NONE', #2482 ) ;
#4601 = AXIS2_PLACEMENT_3D ( 'NONE', #643, #1050, #1362 ) ;
#4602 = FACE_BOUND ( 'NONE', #1105, .T. ) ;
#4603 = CARTESIAN_POINT ( 'NONE',  ( 0.000000000000000000, -7.500000000000001776, -16.29999999999998650 ) ) ;
#4604 = VECTOR ( 'NONE', #766, 1000.000000000000000 ) ;
#4605 = DIRECTION ( 'NONE',  ( 0.000000000000000000, 0.000000000000000000, 1.000000000000000000 ) ) ;
#4606 = EDGE_LOOP ( 'NONE', ( #392, #474 ) ) ;
#4607 = CARTESIAN_POINT ( 'NONE',  ( 10.00000000000000000, 26.17423583211419214, -4.999999999999999112 ) ) ;
#4608 = CARTESIAN_POINT ( 'NONE',  ( 0.5801876250399305990, 40.73743071244680891, -1.220099371380505060 ) ) ;
#4609 = ADVANCED_FACE ( 'NONE', ( #3972 ), #4715, .F. ) ;
#4610 = EDGE_CURVE ( 'NONE', #144, #4705, #526, .T. ) ;
#4611 = CC_DESIGN_PERSON_AND_ORGANIZATION_ASSIGNMENT ( #4557, #3510, ( #539 ) ) ;
#4612 = DIRECTION ( 'NONE',  ( -0.000000000000000000, -0.000000000000000000, -1.000000000000000000 ) ) ;
#4613 = EDGE_LOOP ( 'NONE', ( #4290, #1268, #3221, #4271 ) ) ;
#4614 = CARTESIAN_POINT ( 'NONE',  ( 11.28398574665788168, 27.69784785341397892, -9.688103492164600539 ) ) ;
#4615 = CARTESIAN_POINT ( 'NONE',  ( -11.35135009588331556, 24.44540607385424025, -11.76070064477293009 ) ) ;
#4616 = ADVANCED_FACE ( 'NONE', ( #2913 ), #2166, .F. ) ;
#4617 = EDGE_CURVE ( 'NONE', #144, #4416, #2500, .T. ) ;
#4618 = EDGE_CURVE ( 'NONE', #869, #3829, #1469, .T. ) ;
#4619 = ORIENTED_EDGE ( 'NONE', *, *, #3779, .T. ) ;
#4620 = CARTESIAN_POINT ( 'NONE',  ( 9.314156401845188782, 0.4107219299699428339, -22.63911709204209544 ) ) ;
#4621 = CARTESIAN_POINT ( 'NONE',  ( 10.40602008520555799, 35.49316947421172586, -4.348548698004488955 ) ) ;
#4622 = CARTESIAN_POINT ( 'NONE',  ( 7.362033065809804100, 38.85822333529880979, -1.059045611055672964 ) ) ;
#4623 = EDGE_CURVE ( 'NONE', #192, #3963, #3661, .T. ) ;
#4624 = CARTESIAN_POINT ( 'NONE',  ( -11.51320704569614328, 30.51598161185266278, -11.44735753722967964 ) ) ;
#4625 = FACE_OUTER_BOUND ( 'NONE', #4421, .T. ) ;
#4626 = VECTOR ( 'NONE', #1120, 1000.000000000000000 ) ;
#4627 = ORIENTED_EDGE ( 'NONE', *, *, #641, .T. ) ;
#4628 = ADVANCED_FACE ( 'NONE', ( #3635 ), #324, .T. ) ;
#4629 = CARTESIAN_POINT ( 'NONE',  ( -9.000000000000000000, 23.49900632774392406, -12.41486306156780195 ) ) ;
#4630 = VERTEX_POINT ( 'NONE', #4303 ) ;
#4631 = CARTESIAN_POINT ( 'NONE',  ( -4.500000000000000888, -0.4999999999999994449, -22.61527341432796590 ) ) ;
#4632 = DIRECTION ( 'NONE',  ( 0.000000000000000000, 0.000000000000000000, 1.000000000000000000 ) ) ;
#4633 = CARTESIAN_POINT ( 'NONE',  ( -40.00000000000000000, -0.5000000000000019984, -8.299999999999998934 ) ) ;
#4634 = ORIENTED_EDGE ( 'NONE', *, *, #4321, .F. ) ;
#4635 = VECTOR ( 'NONE', #4135, 1000.000000000000000 ) ;
#4636 = EDGE_CURVE ( 'NONE', #1987, #1883, #1413, .T. ) ;
#4637 = MANIFOLD_SOLID_BREP ( '\X2\52079664\X0\-\X2\62c94f38\X0\18', #740 ) ;
#4638 = CARTESIAN_POINT ( 'NONE',  ( -9.168811766356144588, 37.09859401312053961, -3.583187554328779001 ) ) ;
#4639 = CARTESIAN_POINT ( 'NONE',  ( 11.49875087526169892, 24.49434675472306466, -11.40520909203594258 ) ) ;
#4640 = FACE_OUTER_BOUND ( 'NONE', #4343, .T. ) ;
#4641 = EDGE_CURVE ( 'NONE', #2914, #378, #2261, .T. ) ;
#4642 = DIRECTION ( 'NONE',  ( -4.231032868236114432E-16, 0.000000000000000000, 1.000000000000000000 ) ) ;
#4643 = VECTOR ( 'NONE', #3044, 1000.000000000000000 ) ;
#4644 = EDGE_LOOP ( 'NONE', ( #3027, #1328, #4686, #3360 ) ) ;
#4645 = EDGE_CURVE ( 'NONE', #4230, #2213, #377, .T. ) ;
#4646 = CARTESIAN_POINT ( 'NONE',  ( 0.4845219493681005574, 40.75903020442365232, -1.206072497281533540 ) ) ;
#4647 = DIRECTION ( 'NONE',  ( 0.000000000000000000, 0.5446390350150284165, -0.8386705679454231621 ) ) ;
#4648 = VERTEX_POINT ( 'NONE', #2211 ) ;
#4649 = CARTESIAN_POINT ( 'NONE',  ( 0.000000000000000000, -7.500000000000002665, -11.29999999999998828 ) ) ;
#4650 = CARTESIAN_POINT ( 'NONE',  ( 4.991660823970414107, 39.70392974748218506, -1.891262745605476026 ) ) ;
#4651 = CYLINDRICAL_SURFACE ( 'NONE', #3073, 0.2999999999999993228 ) ;
#4652 = CARTESIAN_POINT ( 'NONE',  ( 9.859349937316929768, 9.903379311217221925, -18.85923989485154095 ) ) ;
#4653 = CARTESIAN_POINT ( 'NONE',  ( 0.000000000000000000, -12.50000000000000178, -11.29999999999998828 ) ) ;
#4654 = ORIENTED_EDGE ( 'NONE', *, *, #3133, .T. ) ;
#4655 = CARTESIAN_POINT ( 'NONE',  ( -4.201755465111398635, 0.000000000000000000, -7.299999999999999822 ) ) ;
#4656 = VERTEX_POINT ( 'NONE', #2233 ) ;
#4657 = CARTESIAN_POINT ( 'NONE',  ( -9.170157508264139778, 16.04319781296917569, -6.218358927904411360 ) ) ;
#4658 = CARTESIAN_POINT ( 'NONE',  ( 4.500000000000003553, -0.4999999999999854561, -25.61527341432795879 ) ) ;
#4659 = DIRECTION ( 'NONE',  ( 0.000000000000000000, -0.8386705679454236062, -0.5446390350150277504 ) ) ;
#4660 = ADVANCED_FACE ( 'NONE', ( #3705 ), #399, .F. ) ;
#4661 = ORIENTED_EDGE ( 'NONE', *, *, #4327, .T. ) ;
#4662 = CARTESIAN_POINT ( 'NONE',  ( -10.93479467963038232, 32.86038982187737645, -6.335509537643636335 ) ) ;
#4663 = AXIS2_PLACEMENT_3D ( 'NONE', #735, #3673, #3431 ) ;
#4664 = LINE ( 'NONE', #3946, #1785 ) ;
#4665 = ORIENTED_EDGE ( 'NONE', *, *, #4424, .T. ) ;
#4666 = CARTESIAN_POINT ( 'NONE',  ( -10.40174014569550387, 22.31162213911551362, -7.801232784153102173 ) ) ;
#4667 = DIRECTION ( 'NONE',  ( -1.000000000000000000, 0.000000000000000000, 0.000000000000000000 ) ) ;
#4668 = ORIENTED_EDGE ( 'NONE', *, *, #3120, .F. ) ;
#4669 = CARTESIAN_POINT ( 'NONE',  ( -5.999999999999996447, -7.500000000000003553, -26.80000000000000071 ) ) ;
#4670 = CARTESIAN_POINT ( 'NONE',  ( 7.000000000000000000, 37.50000000000000000, -0.4999999999999995559 ) ) ;
#4671 = ORIENTED_EDGE ( 'NONE', *, *, #1301, .F. ) ;
#4672 = LINE ( 'NONE', #674, #802 ) ;
#4673 = CARTESIAN_POINT ( 'NONE',  ( 4.400434589201727142, 40.01558287404596825, -1.688872838772141893 ) ) ;
#4674 = CARTESIAN_POINT ( 'NONE',  ( -11.49308960081462416, 24.29751121965135496, -11.53296254045744007 ) ) ;
#4675 = CARTESIAN_POINT ( 'NONE',  ( -4.845157327051639484, 39.91864139176239945, -0.5220783879072155020 ) ) ;
#4676 = CARTESIAN_POINT ( 'NONE',  ( 9.733052033968624173, 7.802262148883605697, -17.22372133426860330 ) ) ;
#4677 = AXIS2_PLACEMENT_3D ( 'NONE', #2526, #3675, #2615 ) ;
#4678 = ORIENTED_EDGE ( 'NONE', *, *, #3707, .T. ) ;
#4679 = CARTESIAN_POINT ( 'NONE',  ( 9.699999999999999289, 31.97423583211418574, -4.999999999999999112 ) ) ;
#4680 = ORIENTED_EDGE ( 'NONE', *, *, #3786, .F. ) ;
#4681 = B_SPLINE_CURVE_WITH_KNOTS ( 'NONE', 3,
 ( #4691, #2531, #4000, #4355 ),
 .UNSPECIFIED., .F., .F.,
 ( 4, 4 ),
 ( 0.000000000000000000, 0.001695532146881885589 ),
 .UNSPECIFIED. ) ;
#4682 = DIRECTION ( 'NONE',  ( 0.000000000000000000, -0.000000000000000000, 1.000000000000000000 ) ) ;
#4683 = LINE ( 'NONE', #4318, #3414 ) ;
#4684 = DIRECTION ( 'NONE',  ( -0.000000000000000000, -1.000000000000000000, -0.000000000000000000 ) ) ;
#4685 = AXIS2_PLACEMENT_3D ( 'NONE', #1471, #694, #1444 ) ;
#4686 = ORIENTED_EDGE ( 'NONE', *, *, #719, .F. ) ;
#4687 = CARTESIAN_POINT ( 'NONE',  ( -1.201755465111398635, 0.000000000000000000, -7.299999999999999822 ) ) ;
#4688 = AXIS2_PLACEMENT_3D ( 'NONE', #4420, #4760, #2942 ) ;
#4689 = CARTESIAN_POINT ( 'NONE',  ( -10.36581615095747999, 2.091780039801506064, -8.300000000000002487 ) ) ;
#4690 = EDGE_CURVE ( 'NONE', #2780, #1996, #2288, .T. ) ;
#4691 = CARTESIAN_POINT ( 'NONE',  ( 11.46939956954569340, 23.49999999604292000, -10.02949118015741092 ) ) ;
#4692 = CARTESIAN_POINT ( 'NONE',  ( -5.999999999999996447, -0.5000000000000019984, -25.61527341432796945 ) ) ;
#4693 = ORIENTED_EDGE ( 'NONE', *, *, #1704, .T. ) ;
#4694 =( BOUNDED_CURVE ( )  B_SPLINE_CURVE ( 3, ( #2620, #345, #2939, #789 ),
 .UNSPECIFIED., .F., .F. ) 
 B_SPLINE_CURVE_WITH_KNOTS ( ( 4, 4 ),
 ( 1.570796326794896558, 4.712388980384689674 ),
 .UNSPECIFIED. ) 
 CURVE ( )  GEOMETRIC_REPRESENTATION_ITEM ( )  RATIONAL_B_SPLINE_CURVE ( ( 1.000000000000000000, 0.3333333333333333703, 0.3333333333333333703, 1.000000000000000000 ) ) 
 REPRESENTATION_ITEM ( '' )  );
#4695 = DIRECTION ( 'NONE',  ( -4.231032868236114432E-16, 0.000000000000000000, 1.000000000000000000 ) ) ;
#4696 = ORIENTED_EDGE ( 'NONE', *, *, #790, .T. ) ;
#4697 = CARTESIAN_POINT ( 'NONE',  ( -13.00000000000000533, -7.500000000000002665, -11.29999999999999005 ) ) ;
#4698 = CARTESIAN_POINT ( 'NONE',  ( 6.614722176292501921, 39.07833212104665677, -2.297530594499010093 ) ) ;
#4699 = CARTESIAN_POINT ( 'NONE',  ( -11.50906181771354042, 4.199999999975778664, -8.299999999905979919 ) ) ;
#4700 = EDGE_CURVE ( 'NONE', #600, #1953, #1807, .T. ) ;
#4701 = LINE ( 'NONE', #4675, #825 ) ;
#4702 = DIRECTION ( 'NONE',  ( 0.000000000000000000, 0.000000000000000000, 1.000000000000000000 ) ) ;
#4703 = ORIENTED_EDGE ( 'NONE', *, *, #3627, .T. ) ;
#4704 = DIRECTION ( 'NONE',  ( 1.000000000000000000, 0.000000000000000000, 0.000000000000000000 ) ) ;
#4705 = VERTEX_POINT ( 'NONE', #4112 ) ;
#4706 = EDGE_CURVE ( 'NONE', #1501, #4146, #2944, .T. ) ;
#4707 = CIRCLE ( 'NONE', #3250, 4.099999999999999645 ) ;
#4708 = FACE_OUTER_BOUND ( 'NONE', #2799, .T. ) ;
#4709 = LINE ( 'NONE', #2054, #4245 ) ;
#4710 = DIRECTION ( 'NONE',  ( -0.000000000000000000, -1.000000000000000000, -0.000000000000000000 ) ) ;
#4711 = VERTEX_POINT ( 'NONE', #1900 ) ;
#4712 = CARTESIAN_POINT ( 'NONE',  ( 11.19775012645807344, 24.62703612798215858, -11.68231194394001804 ) ) ;
#4713 = DIRECTION ( 'NONE',  ( -0.000000000000000000, -1.000000000000000000, -0.000000000000000000 ) ) ;
#4714 = DIRECTION ( 'NONE',  ( 0.000000000000000000, 0.000000000000000000, 1.000000000000000000 ) ) ;
#4715 = PLANE ( 'NONE',  #2883 ) ;
#4716 = ORIENTED_EDGE ( 'NONE', *, *, #2204, .F. ) ;
#4717 = DIRECTION ( 'NONE',  ( -1.000000000000000000, 0.000000000000000000, 0.000000000000000000 ) ) ;
#4718 = ADVANCED_FACE ( 'NONE', ( #1511 ), #816, .F. ) ;
#4719 = VECTOR ( 'NONE', #843, 1000.000000000000114 ) ;
#4720 = ORIENTED_EDGE ( 'NONE', *, *, #2405, .T. ) ;
#4721 = CARTESIAN_POINT ( 'NONE',  ( -9.013991263298910539, 14.31874147102690920, -11.79950688932663816 ) ) ;
#4722 = VERTEX_POINT ( 'NONE', #2601 ) ;
#4723 = CARTESIAN_POINT ( 'NONE',  ( 4.070049990627393477, 40.03726609481159926, -1.674791590561047094 ) ) ;
#4724 = FACE_OUTER_BOUND ( 'NONE', #2276, .T. ) ;
#4725 = VECTOR ( 'NONE', #3756, 1000.000000000000227 ) ;
#4726 = EDGE_LOOP ( 'NONE', ( #1541, #3639, #1186, #2384, #166, #2830 ) ) ;
#4727 = FACE_OUTER_BOUND ( 'NONE', #3190, .T. ) ;
#4728 = EDGE_LOOP ( 'NONE', ( #4484, #2814, #3929, #425 ) ) ;
#4729 = CARTESIAN_POINT ( 'NONE',  ( -8.217620003918179705, 19.93511672475990437, -9.344553446893073101 ) ) ;
#4730 = CARTESIAN_POINT ( 'NONE',  ( 10.20175546515404008, 0.000000000000000000, -6.299999999999999822 ) ) ;
#4731 = AXIS2_PLACEMENT_3D ( 'NONE', #1100, #371, #1850 ) ;
#4732 = ORIENTED_EDGE ( 'NONE', *, *, #657, .F. ) ;
#4733 = CARTESIAN_POINT ( 'NONE',  ( -11.24953936695770373, 26.19174523876646177, -10.66617796625136450 ) ) ;
#4734 = CARTESIAN_POINT ( 'NONE',  ( 11.27987209569643845, 18.13824877599405028, -3.866864287922727961 ) ) ;
#4735 = FACE_OUTER_BOUND ( 'NONE', #4568, .T. ) ;
#4736 = DIRECTION ( 'NONE',  ( 0.000000000000000000, -0.8386705679454231621, -0.5446390350150284165 ) ) ;
#4737 = ORIENTED_EDGE ( 'NONE', *, *, #545, .T. ) ;
#4738 = B_SPLINE_CURVE_WITH_KNOTS ( 'NONE', 3,
 ( #3110, #2411, #207, #4622, #1323, #3546, #234, #1347, #2827, #4284 ),
 .UNSPECIFIED., .F., .F.,
 ( 4, 2, 2, 2, 4 ),
 ( 5.421010862427522170E-20, 0.003258999491775889379, 0.004073749364719859989, 0.004888499237663833201, 0.006517998983551796105 ),
 .UNSPECIFIED. ) ;
#4739 = CARTESIAN_POINT ( 'NONE',  ( 10.16752960478651779, -0.4337780986805838124, -27.64163320650128597 ) ) ;
#4740 = DIRECTION ( 'NONE',  ( 5.169068702225411996E-10, -0.5446390349885168458, 0.8386705679626400567 ) ) ;
#4741 = CIRCLE ( 'NONE', #1275, 0.5999999999999998668 ) ;
#4742 = ORIENTED_EDGE ( 'NONE', *, *, #4255, .F. ) ;
#4743 = CARTESIAN_POINT ( 'NONE',  ( -4.110054558260259228, 40.08461363044835224, -1.476214065494405148 ) ) ;
#4744 = ORIENTED_EDGE ( 'NONE', *, *, #3773, .F. ) ;
#4745 = FACE_OUTER_BOUND ( 'NONE', #584, .T. ) ;
#4746 = CARTESIAN_POINT ( 'NONE',  ( 5.375357163944682881, 39.75340698474035861, -11.44735753722967964 ) ) ;
#4747 = VERTEX_POINT ( 'NONE', #3378 ) ;
#4748 = CARTESIAN_POINT ( 'NONE',  ( -9.015591663120243737, 14.35786702919433466, -11.77409845479791528 ) ) ;
#4749 = ORIENTED_EDGE ( 'NONE', *, *, #2635, .F. ) ;
#4750 = CIRCLE ( 'NONE', #2530, 4.999999999999992006 ) ;
#4751 = CARTESIAN_POINT ( 'NONE',  ( -11.50128539934851979, 24.58244994449983523, -11.71126655004514205 ) ) ;
#4752 = CARTESIAN_POINT ( 'NONE',  ( -4.110054558260259228, 40.08461363044835224, -0.4380345039090918768 ) ) ;
#4753 = CARTESIAN_POINT ( 'NONE',  ( 10.16226774207625638, -0.5000000000000019984, -6.299999999999998934 ) ) ;
#4754 = ORIENTED_EDGE ( 'NONE', *, *, #2052, .T. ) ;
#4755 = ORIENTED_EDGE ( 'NONE', *, *, #1418, .F. ) ;
#4756 = LINE ( 'NONE', #2228, #1165 ) ;
#4757 = LINE ( 'NONE', #743, #2037 ) ;
#4758 = CARTESIAN_POINT ( 'NONE',  ( 11.10595575397280044, 14.24511305940671946, -5.980828103533460727 ) ) ;
#4759 = AXIS2_PLACEMENT_3D ( 'NONE', #1270, #907, #3518 ) ;
#4760 = DIRECTION ( 'NONE',  ( 1.000000000000000000, 0.000000000000000000, 0.000000000000000000 ) ) ;
#4761 = DIRECTION ( 'NONE',  ( 1.000000000000000000, 0.000000000000000000, 0.000000000000000000 ) ) ;
#4762 = ORIENTED_EDGE ( 'NONE', *, *, #4636, .F. ) ;
#4763 = VECTOR ( 'NONE', #3114, 1000.000000000000000 ) ;
#4764 = ADVANCED_FACE ( 'NONE', ( #58 ), #3353, .T. ) ;
#4765 = CARTESIAN_POINT ( 'NONE',  ( 0.000000000000000000, -7.500000000000002665, -6.299999999999989164 ) ) ;
#4766 = DIRECTION ( 'NONE',  ( 1.000000000000000000, 0.000000000000000000, -0.000000000000000000 ) ) ;
#4767 = ADVANCED_FACE ( 'NONE', ( #4467 ), #3784, .F. ) ;
#4768 = DIRECTION ( 'NONE',  ( -1.000000000000000000, 0.000000000000000000, -3.384826294588891940E-16 ) ) ;
#4769 = ORIENTED_EDGE ( 'NONE', *, *, #1590, .T. ) ;
#4770 = CARTESIAN_POINT ( 'NONE',  ( -11.50906181771354042, 20.59016140545586637, -2.188299892635032329 ) ) ;
#4771 = CARTESIAN_POINT ( 'NONE',  ( 4.110054558260259228, 40.08461363044835224, -11.44735753722967964 ) ) ;
#4772 = EDGE_CURVE ( 'NONE', #3309, #2344, #33, .T. ) ;
#4773 = DIRECTION ( 'NONE',  ( 0.000000000000000000, 0.000000000000000000, 1.000000000000000000 ) ) ;
#4774 = ORIENTED_EDGE ( 'NONE', *, *, #1053, .T. ) ;
#4775 = B_SPLINE_SURFACE_WITH_KNOTS ( 'NONE', 2, 1, ( 
 ( #1310, #636 ),
 ( #4242, #2136 ),
 ( #4270, #1285 ) ),
 .UNSPECIFIED., .F., .F., .F.,
 ( 3, 3 ),
 ( 2, 2 ),
 ( 4.816201427991831634E-05, 1.016005480945913142 ),
 ( 0.000000000000000000, 1.000000000000000000 ),
 .UNSPECIFIED. ) ;
ENDSEC;
END-ISO-10303-21;
